episode_id,incident_id,failure_mode,old_severity,new_severity,final_severity,decision,operator,reason,confidence,ttf_seconds,impact_band,urgency_band,is_large_jump,escalation_summary,response_ms,timeout_seconds,created_at,decided_at
ep_00001_CACHE_STAMPEDE,INC-0825,CACHE_STAMPEDE,P4,P2,P2,AUTO_APPROVED,system,No human response within timeout window.,1.0,0.0,nan,Imminent,1,P4 (Low) → P2 (High) — 2-level jump ⚠ LARGE JUMP,10,2,2026-08-04T04:29:04.835756+00:00,2026-08-04T04:29:04.955697+00:00
ep_00007_CASCADING_FAILURE,INC-5387,CASCADING_FAILURE,P4,P2,P2,AUTO_APPROVED,system,No human response within timeout window.,1.0,0.0,nan,Imminent,1,P4 (Low) → P2 (High) — 2-level jump ⚠ LARGE JUMP,10,2,2026-08-04T04:29:04.976602+00:00,2026-08-04T04:29:05.111860+00:00
ep_00010_DEPENDENCY_TIMEOUT,INC-7076,DEPENDENCY_TIMEOUT,P4,P3,P3,AUTO_APPROVED,system,No human response within timeout window.,1.0,51.51,nan,Near,0,P4 (Low) → P3 (Moderate) — 1-level jump,10,2,2026-08-04T04:29:05.135625+00:00,2026-08-04T04:29:05.275278+00:00
ep_00012_RETRY_STORM,INC-6625,RETRY_STORM,P4,P2,P2,AUTO_APPROVED,system,No human response within timeout window.,0.9443,0.0,nan,Imminent,1,P4 (Low) → P2 (High) — 2-level jump ⚠ LARGE JUMP,10,2,2026-08-04T04:29:05.320295+00:00,2026-08-04T04:29:05.456202+00:00
ep_00013_BAD_DEPLOY,INC-0653,BAD_DEPLOY,P4,P2,P2,AUTO_APPROVED,system,No human response within timeout window.,1.0,3.99,nan,Imminent,1,P4 (Low) → P2 (High) — 2-level jump ⚠ LARGE JUMP,10,2,2026-08-04T04:29:05.479372+00:00,2026-08-04T04:29:05.617168+00:00
ep_00015_CASCADING_FAILURE,INC-5785,CASCADING_FAILURE,P4,P2,P2,AUTO_APPROVED,system,No human response within timeout window.,1.0,0.0,nan,Imminent,1,P4 (Low) → P2 (High) — 2-level jump ⚠ LARGE JUMP,10,2,2026-08-04T04:29:05.640854+00:00,2026-08-04T04:29:05.777790+00:00
ep_00016_DEPENDENCY_TIMEOUT,INC-9181,DEPENDENCY_TIMEOUT,P4,P3,P3,AUTO_APPROVED,system,No human response within timeout window.,0.9285,86.54,nan,Near,0,P4 (Low) → P3 (Moderate) — 1-level jump,10,2,2026-08-04T04:29:05.804002+00:00,2026-08-04T04:29:05.938306+00:00
ep_00017_BAD_DEPLOY,INC-6189,BAD_DEPLOY,P4,P3,P3,AUTO_APPROVED,system,No human response within timeout window.,0.9566,35.01,nan,Near,0,P4 (Low) → P3 (Moderate) — 1-level jump,10,2,2026-08-04T04:29:05.964677+00:00,2026-08-04T04:29:06.104717+00:00
ep_00018_RETRY_STORM,INC-8406,RETRY_STORM,P4,P2,P2,AUTO_APPROVED,system,No human response within timeout window.,1.0,0.0,nan,Imminent,1,P4 (Low) → P2 (High) — 2-level jump ⚠ LARGE JUMP,10,2,2026-08-04T04:29:06.152327+00:00,2026-08-04T04:29:06.292526+00:00
ep_00019_RETRY_STORM,INC-3169,RETRY_STORM,P4,P2,P2,AUTO_APPROVED,system,No human response within timeout window.,1.0,0.0,nan,Imminent,1,P4 (Low) → P2 (High) — 2-level jump ⚠ LARGE JUMP,10,2,2026-08-04T04:29:06.319543+00:00,2026-08-04T04:29:06.455152+00:00
ep_00021_RETRY_STORM,INC-3682,RETRY_STORM,P4,P2,P2,AUTO_APPROVED,system,No human response within timeout window.,1.0,0.0,nan,Imminent,1,P4 (Low) → P2 (High) — 2-level jump ⚠ LARGE JUMP,10,2,2026-08-04T04:29:06.479795+00:00,2026-08-04T04:29:06.612768+00:00
ep_00022_RETRY_STORM,INC-7202,RETRY_STORM,P4,P2,P2,AUTO_APPROVED,system,No human response within timeout window.,1.0,0.0,nan,Imminent,1,P4 (Low) → P2 (High) — 2-level jump ⚠ LARGE JUMP,10,2,2026-08-04T04:29:06.632055+00:00,2026-08-04T04:29:06.762413+00:00
ep_00023_DEPENDENCY_TIMEOUT,INC-1250,DEPENDENCY_TIMEOUT,P4,P2,P2,AUTO_APPROVED,system,No human response within timeout window.,1.0,0.0,nan,Imminent,1,P4 (Low) → P2 (High) — 2-level jump ⚠ LARGE JUMP,10,2,2026-08-04T04:29:06.781863+00:00,2026-08-04T04:29:06.910870+00:00
ep_00024_RETRY_STORM,INC-7807,RETRY_STORM,P4,P2,P2,AUTO_APPROVED,system,No human response within timeout window.,1.0,0.0,nan,Imminent,1,P4 (Low) → P2 (High) — 2-level jump ⚠ LARGE JUMP,10,2,2026-08-04T04:29:06.931833+00:00,2026-08-04T04:29:07.066373+00:00
ep_00026_CASCADING_FAILURE,INC-7511,CASCADING_FAILURE,P4,P2,P2,AUTO_APPROVED,system,No human response within timeout window.,1.0,0.0,nan,Imminent,1,P4 (Low) → P2 (High) — 2-level jump ⚠ LARGE JUMP,10,2,2026-08-04T04:29:07.086644+00:00,2026-08-04T04:29:07.216052+00:00
ep_00029_RETRY_STORM,INC-6776,RETRY_STORM,P4,P2,P2,AUTO_APPROVED,system,No human response within timeout window.,1.0,0.0,nan,Imminent,1,P4 (Low) → P2 (High) — 2-level jump ⚠ LARGE JUMP,10,2,2026-08-04T04:29:07.237750+00:00,2026-08-04T04:29:07.369825+00:00
ep_00030_RETRY_STORM,INC-1657,RETRY_STORM,P4,P2,P2,AUTO_APPROVED,system,No human response within timeout window.,1.0,0.0,nan,Imminent,1,P4 (Low) → P2 (High) — 2-level jump ⚠ LARGE JUMP,10,2,2026-08-04T04:29:07.387102+00:00,2026-08-04T04:29:07.514922+00:00
ep_00031_DB_SLOWDOWN,INC-7491,DB_SLOWDOWN,P4,P2,P2,AUTO_APPROVED,system,No human response within timeout window.,0.9546,0.0,nan,Imminent,1,P4 (Low) → P2 (High) — 2-level jump ⚠ LARGE JUMP,10,2,2026-08-04T04:29:07.535483+00:00,2026-08-04T04:29:07.665370+00:00
ep_00032_QUEUE_BACKUP,INC-9817,QUEUE_BACKUP,P4,P2,P2,AUTO_APPROVED,system,No human response within timeout window.,1.0,0.0,nan,Imminent,1,P4 (Low) → P2 (High) — 2-level jump ⚠ LARGE JUMP,10,2,2026-08-04T04:29:07.683347+00:00,2026-08-04T04:29:07.816492+00:00
ep_00034_RETRY_STORM,INC-0728,RETRY_STORM,P4,P2,P2,AUTO_APPROVED,system,No human response within timeout window.,0.9877,0.0,nan,Imminent,1,P4 (Low) → P2 (High) — 2-level jump ⚠ LARGE JUMP,10,2,2026-08-04T04:29:07.840821+00:00,2026-08-04T04:29:07.973536+00:00
ep_00036_CASCADING_FAILURE,INC-8493,CASCADING_FAILURE,P4,P2,P2,AUTO_APPROVED,system,No human response within timeout window.,1.0,0.0,nan,Imminent,1,P4 (Low) → P2 (High) — 2-level jump ⚠ LARGE JUMP,10,2,2026-08-04T04:29:08.025645+00:00,2026-08-04T04:29:08.146856+00:00
ep_00038_RETRY_STORM,INC-4718,RETRY_STORM,P4,P2,P2,AUTO_APPROVED,system,No human response within timeout window.,0.9899,0.0,nan,Imminent,1,P4 (Low) → P2 (High) — 2-level jump ⚠ LARGE JUMP,10,2,2026-08-04T04:29:08.166180+00:00,2026-08-04T04:29:08.329181+00:00
ep_00039_DB_SLOWDOWN,INC-5579,DB_SLOWDOWN,P4,P2,P2,AUTO_APPROVED,system,No human response within timeout window.,0.7898,0.0,nan,Imminent,1,P4 (Low) → P2 (High) — 2-level jump ⚠ LARGE JUMP,10,2,2026-08-04T04:29:08.353267+00:00,2026-08-04T04:29:08.493614+00:00
ep_00040_CASCADING_FAILURE,INC-9445,CASCADING_FAILURE,P4,P2,P2,AUTO_APPROVED,system,No human response within timeout window.,1.0,0.0,nan,Imminent,1,P4 (Low) → P2 (High) — 2-level jump ⚠ LARGE JUMP,10,2,2026-08-04T04:29:08.512736+00:00,2026-08-04T04:29:08.642881+00:00
ep_00042_BAD_DEPLOY,INC-1254,BAD_DEPLOY,P4,P2,P2,AUTO_APPROVED,system,No human response within timeout window.,1.0,0.0,nan,Imminent,1,P4 (Low) → P2 (High) — 2-level jump ⚠ LARGE JUMP,10,2,2026-08-04T04:29:08.661847+00:00,2026-08-04T04:29:08.788008+00:00
ep_00047_CACHE_STAMPEDE,INC-7153,CACHE_STAMPEDE,P3,P1,P1,AUTO_APPROVED,system,No human response within timeout window.,1.0,0.0,Moderate,Imminent,1,P3 (Moderate) → P1 (Critical) — 2-level jump ⚠ LARGE JUMP,10,2,2026-08-04T04:29:08.809012+00:00,2026-08-04T04:29:08.943981+00:00
ep_00048_CACHE_STAMPEDE,INC-3023,CACHE_STAMPEDE,P3,P1,P1,AUTO_APPROVED,system,No human response within timeout window.,1.0,0.0,Moderate,Imminent,1,P3 (Moderate) → P1 (Critical) — 2-level jump ⚠ LARGE JUMP,10,2,2026-08-04T04:29:08.958726+00:00,2026-08-04T04:29:09.083959+00:00
ep_00049_CPU_SATURATION,INC-7033,CPU_SATURATION,P3,P1,P1,AUTO_APPROVED,system,No human response within timeout window.,1.0,16.59,Moderate,Imminent,1,P3 (Moderate) → P1 (Critical) — 2-level jump ⚠ LARGE JUMP,10,2,2026-08-04T04:29:09.099112+00:00,2026-08-04T04:29:09.227814+00:00
ep_00050_DB_SLOWDOWN,INC-5657,DB_SLOWDOWN,P3,P1,P1,AUTO_APPROVED,system,No human response within timeout window.,0.8469,0.0,Moderate,Imminent,1,P3 (Moderate) → P1 (Critical) — 2-level jump ⚠ LARGE JUMP,10,2,2026-08-04T04:29:09.249396+00:00,2026-08-04T04:29:09.378686+00:00
ep_00051_QUEUE_BACKUP,INC-4911,QUEUE_BACKUP,P3,P1,P1,AUTO_APPROVED,system,No human response within timeout window.,1.0,0.0,Moderate,Imminent,1,P3 (Moderate) → P1 (Critical) — 2-level jump ⚠ LARGE JUMP,10,2,2026-08-04T04:29:09.398368+00:00,2026-08-04T04:29:09.526633+00:00
ep_00052_DEPENDENCY_TIMEOUT,INC-4742,DEPENDENCY_TIMEOUT,P3,P1,P1,AUTO_APPROVED,system,No human response within timeout window.,0.9295,0.0,Moderate,Imminent,1,P3 (Moderate) → P1 (Critical) — 2-level jump ⚠ LARGE JUMP,10,2,2026-08-04T04:29:09.543326+00:00,2026-08-04T04:29:09.668427+00:00
ep_00053_QUEUE_BACKUP,INC-5376,QUEUE_BACKUP,P3,P1,P1,AUTO_APPROVED,system,No human response within timeout window.,1.0,0.0,Moderate,Imminent,1,P3 (Moderate) → P1 (Critical) — 2-level jump ⚠ LARGE JUMP,10,2,2026-08-04T04:29:09.687110+00:00,2026-08-04T04:29:09.817088+00:00
ep_00054_DB_SLOWDOWN,INC-4129,DB_SLOWDOWN,P3,P1,P1,AUTO_APPROVED,system,No human response within timeout window.,0.8651,0.0,Moderate,Imminent,1,P3 (Moderate) → P1 (Critical) — 2-level jump ⚠ LARGE JUMP,10,2,2026-08-04T04:29:09.832125+00:00,2026-08-04T04:29:09.957982+00:00
ep_00056_QUEUE_BACKUP,INC-9929,QUEUE_BACKUP,P3,P1,P1,AUTO_APPROVED,system,No human response within timeout window.,1.0,0.0,Moderate,Imminent,1,P3 (Moderate) → P1 (Critical) — 2-level jump ⚠ LARGE JUMP,10,2,2026-08-04T04:29:09.977504+00:00,2026-08-04T04:29:10.109443+00:00
ep_00057_CACHE_STAMPEDE,INC-5753,CACHE_STAMPEDE,P3,P1,P1,AUTO_APPROVED,system,No human response within timeout window.,1.0,0.0,Moderate,Imminent,1,P3 (Moderate) → P1 (Critical) — 2-level jump ⚠ LARGE JUMP,10,2,2026-08-04T04:29:10.132845+00:00,2026-08-04T04:29:10.269142+00:00
ep_00058_DB_SLOWDOWN,INC-3052,DB_SLOWDOWN,P3,P1,P1,AUTO_APPROVED,system,No human response within timeout window.,0.7876,0.0,Moderate,Imminent,1,P3 (Moderate) → P1 (Critical) — 2-level jump ⚠ LARGE JUMP,10,2,2026-08-04T04:29:10.287555+00:00,2026-08-04T04:29:10.418810+00:00
ep_00059_RETRY_STORM,INC-5578,RETRY_STORM,P3,P1,P1,AUTO_APPROVED,system,No human response within timeout window.,1.0,0.0,Moderate,Imminent,1,P3 (Moderate) → P1 (Critical) — 2-level jump ⚠ LARGE JUMP,10,2,2026-08-04T04:29:10.444602+00:00,2026-08-04T04:29:10.572327+00:00
ep_00060_BAD_DEPLOY,INC-0954,BAD_DEPLOY,P3,P1,P1,AUTO_APPROVED,system,No human response within timeout window.,0.8975,0.0,Moderate,Imminent,1,P3 (Moderate) → P1 (Critical) — 2-level jump ⚠ LARGE JUMP,10,2,2026-08-04T04:29:10.592447+00:00,2026-08-04T04:29:10.720139+00:00
ep_00062_CASCADING_FAILURE,INC-3729,CASCADING_FAILURE,P3,P1,P1,AUTO_APPROVED,system,No human response within timeout window.,1.0,0.0,Moderate,Imminent,1,P3 (Moderate) → P1 (Critical) — 2-level jump ⚠ LARGE JUMP,10,2,2026-08-04T04:29:10.738473+00:00,2026-08-04T04:29:10.871065+00:00
ep_00063_CACHE_STAMPEDE,INC-0054,CACHE_STAMPEDE,P3,P1,P1,AUTO_APPROVED,system,No human response within timeout window.,1.0,0.0,Moderate,Imminent,1,P3 (Moderate) → P1 (Critical) — 2-level jump ⚠ LARGE JUMP,10,2,2026-08-04T04:29:10.891055+00:00,2026-08-04T04:29:11.022746+00:00
ep_00071_BAD_DEPLOY,INC-5759,BAD_DEPLOY,P3,P1,P1,AUTO_APPROVED,system,No human response within timeout window.,0.9522,0.0,Moderate,Imminent,1,P3 (Moderate) → P1 (Critical) — 2-level jump ⚠ LARGE JUMP,10,2,2026-08-04T04:29:11.038294+00:00,2026-08-04T04:29:11.162640+00:00
ep_00074_CACHE_STAMPEDE,INC-8271,CACHE_STAMPEDE,P3,P1,P1,AUTO_APPROVED,system,No human response within timeout window.,1.0,0.0,Moderate,Imminent,1,P3 (Moderate) → P1 (Critical) — 2-level jump ⚠ LARGE JUMP,10,2,2026-08-04T04:29:11.178749+00:00,2026-08-04T04:29:11.304993+00:00
ep_00075_CASCADING_FAILURE,INC-7746,CASCADING_FAILURE,P3,P1,P1,AUTO_APPROVED,system,No human response within timeout window.,1.0,0.0,Moderate,Imminent,1,P3 (Moderate) → P1 (Critical) — 2-level jump ⚠ LARGE JUMP,10,2,2026-08-04T04:29:11.325158+00:00,2026-08-04T04:29:11.454955+00:00
ep_00077_RETRY_STORM,INC-4402,RETRY_STORM,P3,P1,P1,AUTO_APPROVED,system,No human response within timeout window.,0.9029,14.53,Moderate,Imminent,1,P3 (Moderate) → P1 (Critical) — 2-level jump ⚠ LARGE JUMP,10,2,2026-08-04T04:29:11.476743+00:00,2026-08-04T04:29:11.606085+00:00
ep_00080_QUEUE_BACKUP,INC-4396,QUEUE_BACKUP,P3,P1,P1,AUTO_APPROVED,system,No human response within timeout window.,1.0,0.0,Moderate,Imminent,1,P3 (Moderate) → P1 (Critical) — 2-level jump ⚠ LARGE JUMP,10,2,2026-08-04T04:29:11.629910+00:00,2026-08-04T04:29:11.761843+00:00
ep_00081_BAD_DEPLOY,INC-1063,BAD_DEPLOY,P3,P1,P1,AUTO_APPROVED,system,No human response within timeout window.,0.8406,0.0,Moderate,Imminent,1,P3 (Moderate) → P1 (Critical) — 2-level jump ⚠ LARGE JUMP,10,2,2026-08-04T04:29:11.781413+00:00,2026-08-04T04:29:11.911937+00:00
ep_00082_CASCADING_FAILURE,INC-0332,CASCADING_FAILURE,P3,P1,P1,AUTO_APPROVED,system,No human response within timeout window.,1.0,0.0,Moderate,Imminent,1,P3 (Moderate) → P1 (Critical) — 2-level jump ⚠ LARGE JUMP,10,2,2026-08-04T04:29:11.930105+00:00,2026-08-04T04:29:12.056843+00:00
ep_00085_CPU_SATURATION,INC-0721,CPU_SATURATION,P3,P1,P1,AUTO_APPROVED,system,No human response within timeout window.,1.0,0.0,Moderate,Imminent,1,P3 (Moderate) → P1 (Critical) — 2-level jump ⚠ LARGE JUMP,10,2,2026-08-04T04:29:12.076561+00:00,2026-08-04T04:29:12.206760+00:00
ep_00086_BAD_DEPLOY,INC-7840,BAD_DEPLOY,P3,P1,P1,AUTO_APPROVED,system,No human response within timeout window.,0.8676,0.0,Moderate,Imminent,1,P3 (Moderate) → P1 (Critical) — 2-level jump ⚠ LARGE JUMP,10,2,2026-08-04T04:29:12.268153+00:00,2026-08-04T04:29:12.397458+00:00
ep_00089_CACHE_STAMPEDE,INC-2778,CACHE_STAMPEDE,P3,P1,P1,AUTO_APPROVED,system,No human response within timeout window.,1.0,0.0,Moderate,Imminent,1,P3 (Moderate) → P1 (Critical) — 2-level jump ⚠ LARGE JUMP,10,2,2026-08-04T04:29:12.411885+00:00,2026-08-04T04:29:12.537066+00:00
ep_00094_QUEUE_BACKUP,INC-1632,QUEUE_BACKUP,P3,P1,P1,AUTO_APPROVED,system,No human response within timeout window.,1.0,0.0,Moderate,Imminent,1,P3 (Moderate) → P1 (Critical) — 2-level jump ⚠ LARGE JUMP,10,2,2026-08-04T04:29:12.555249+00:00,2026-08-04T04:29:12.681597+00:00
ep_00096_QUEUE_BACKUP,INC-6480,QUEUE_BACKUP,P3,P1,P1,AUTO_APPROVED,system,No human response within timeout window.,1.0,0.0,Moderate,Imminent,1,P3 (Moderate) → P1 (Critical) — 2-level jump ⚠ LARGE JUMP,10,2,2026-08-04T04:29:12.696903+00:00,2026-08-04T04:29:12.824229+00:00
ep_00100_CACHE_STAMPEDE,INC-2568,CACHE_STAMPEDE,P3,P1,P1,AUTO_APPROVED,system,No human response within timeout window.,1.0,0.0,Moderate,Imminent,1,P3 (Moderate) → P1 (Critical) — 2-level jump ⚠ LARGE JUMP,10,2,2026-08-04T04:29:12.845056+00:00,2026-08-04T04:29:12.973854+00:00
ep_00102_RETRY_STORM,INC-0327,RETRY_STORM,P3,P1,P1,AUTO_APPROVED,system,No human response within timeout window.,0.9155,0.0,Moderate,Imminent,1,P3 (Moderate) → P1 (Critical) — 2-level jump ⚠ LARGE JUMP,10,2,2026-08-04T04:29:13.000781+00:00,2026-08-04T04:29:13.134142+00:00
ep_00105_CACHE_STAMPEDE,INC-6511,CACHE_STAMPEDE,P3,P2,P2,AUTO_APPROVED,system,No human response within timeout window.,1.0,51.86,Moderate,Near,0,P3 (Moderate) → P2 (High) — 1-level jump,10,2,2026-08-04T04:29:13.149225+00:00,2026-08-04T04:29:13.278928+00:00
ep_00108_CACHE_STAMPEDE,INC-3088,CACHE_STAMPEDE,P3,P1,P1,AUTO_APPROVED,system,No human response within timeout window.,1.0,0.0,Moderate,Imminent,1,P3 (Moderate) → P1 (Critical) — 2-level jump ⚠ LARGE JUMP,10,2,2026-08-04T04:29:13.299145+00:00,2026-08-04T04:29:13.429384+00:00
ep_00110_CACHE_STAMPEDE,INC-6555,CACHE_STAMPEDE,P3,P1,P1,AUTO_APPROVED,system,No human response within timeout window.,1.0,0.0,Moderate,Imminent,1,P3 (Moderate) → P1 (Critical) — 2-level jump ⚠ LARGE JUMP,10,2,2026-08-04T04:29:13.445596+00:00,2026-08-04T04:29:13.574573+00:00
ep_00111_CACHE_STAMPEDE,INC-7516,CACHE_STAMPEDE,P3,P1,P1,AUTO_APPROVED,system,No human response within timeout window.,1.0,0.0,Moderate,Imminent,1,P3 (Moderate) → P1 (Critical) — 2-level jump ⚠ LARGE JUMP,10,2,2026-08-04T04:29:13.593474+00:00,2026-08-04T04:29:13.726255+00:00
ep_00112_CASCADING_FAILURE,INC-2016,CASCADING_FAILURE,P3,P1,P1,AUTO_APPROVED,system,No human response within timeout window.,1.0,0.0,Moderate,Imminent,1,P3 (Moderate) → P1 (Critical) — 2-level jump ⚠ LARGE JUMP,10,2,2026-08-04T04:29:13.742814+00:00,2026-08-04T04:29:13.872235+00:00
ep_00114_RETRY_STORM,INC-4781,RETRY_STORM,P3,P1,P1,AUTO_APPROVED,system,No human response within timeout window.,0.8808,0.0,Moderate,Imminent,1,P3 (Moderate) → P1 (Critical) — 2-level jump ⚠ LARGE JUMP,10,2,2026-08-04T04:29:13.893767+00:00,2026-08-04T04:29:14.023350+00:00
ep_00118_CASCADING_FAILURE,INC-4737,CASCADING_FAILURE,P3,P1,P1,AUTO_APPROVED,system,No human response within timeout window.,1.0,0.0,Moderate,Imminent,1,P3 (Moderate) → P1 (Critical) — 2-level jump ⚠ LARGE JUMP,10,2,2026-08-04T04:29:14.041284+00:00,2026-08-04T04:29:14.169767+00:00
ep_00122_BAD_DEPLOY,INC-8858,BAD_DEPLOY,P3,P1,P1,AUTO_APPROVED,system,No human response within timeout window.,0.8339,0.0,Moderate,Imminent,1,P3 (Moderate) → P1 (Critical) — 2-level jump ⚠ LARGE JUMP,10,2,2026-08-04T04:29:14.188154+00:00,2026-08-04T04:29:14.318224+00:00
ep_00127_BAD_DEPLOY,INC-7075,BAD_DEPLOY,P3,P1,P1,AUTO_APPROVED,system,No human response within timeout window.,0.8553,0.0,Moderate,Imminent,1,P3 (Moderate) → P1 (Critical) — 2-level jump ⚠ LARGE JUMP,10,2,2026-08-04T04:29:14.343360+00:00,2026-08-04T04:29:14.467900+00:00
ep_00130_BAD_DEPLOY,INC-3151,BAD_DEPLOY,P3,P1,P1,AUTO_APPROVED,system,No human response within timeout window.,0.9417,0.0,Moderate,Imminent,1,P3 (Moderate) → P1 (Critical) — 2-level jump ⚠ LARGE JUMP,10,2,2026-08-04T04:29:14.486626+00:00,2026-08-04T04:29:14.615560+00:00
ep_00132_DEPENDENCY_TIMEOUT,INC-7939,DEPENDENCY_TIMEOUT,P3,P1,P1,AUTO_APPROVED,system,No human response within timeout window.,0.9594,0.0,Moderate,Imminent,1,P3 (Moderate) → P1 (Critical) — 2-level jump ⚠ LARGE JUMP,10,2,2026-08-04T04:29:14.632634+00:00,2026-08-04T04:29:14.761005+00:00
ep_00136_RETRY_STORM,INC-2319,RETRY_STORM,P3,P1,P1,AUTO_APPROVED,system,No human response within timeout window.,0.8372,0.0,Moderate,Imminent,1,P3 (Moderate) → P1 (Critical) — 2-level jump ⚠ LARGE JUMP,10,2,2026-08-04T04:29:14.786182+00:00,2026-08-04T04:29:14.924172+00:00
ep_00138_CPU_SATURATION,INC-2799,CPU_SATURATION,P3,P2,P2,AUTO_APPROVED,system,No human response within timeout window.,1.0,62.34,Moderate,Near,0,P3 (Moderate) → P2 (High) — 1-level jump,10,2,2026-08-04T04:29:14.942219+00:00,2026-08-04T04:29:15.072681+00:00
ep_00140_BAD_DEPLOY,INC-0381,BAD_DEPLOY,P3,P2,P2,AUTO_APPROVED,system,No human response within timeout window.,0.8128,50.51,Moderate,Near,0,P3 (Moderate) → P2 (High) — 1-level jump,10,2,2026-08-04T04:29:15.087815+00:00,2026-08-04T04:29:15.209397+00:00
ep_00141_CASCADING_FAILURE,INC-3000,CASCADING_FAILURE,P3,P1,P1,AUTO_APPROVED,system,No human response within timeout window.,1.0,0.0,Moderate,Imminent,1,P3 (Moderate) → P1 (Critical) — 2-level jump ⚠ LARGE JUMP,10,2,2026-08-04T04:29:15.228794+00:00,2026-08-04T04:29:15.357874+00:00
ep_00143_CPU_SATURATION,INC-5127,CPU_SATURATION,P3,P1,P1,AUTO_APPROVED,system,No human response within timeout window.,1.0,0.0,Moderate,Imminent,1,P3 (Moderate) → P1 (Critical) — 2-level jump ⚠ LARGE JUMP,10,2,2026-08-04T04:29:15.385642+00:00,2026-08-04T04:29:15.524960+00:00
ep_00147_CPU_SATURATION,INC-0418,CPU_SATURATION,P3,P1,P1,AUTO_APPROVED,system,No human response within timeout window.,1.0,0.0,Moderate,Imminent,1,P3 (Moderate) → P1 (Critical) — 2-level jump ⚠ LARGE JUMP,10,2,2026-08-04T04:29:15.546151+00:00,2026-08-04T04:29:15.696185+00:00
ep_00148_BAD_DEPLOY,INC-0272,BAD_DEPLOY,P3,P1,P1,AUTO_APPROVED,system,No human response within timeout window.,0.9262,0.0,Moderate,Imminent,1,P3 (Moderate) → P1 (Critical) — 2-level jump ⚠ LARGE JUMP,10,2,2026-08-04T04:29:15.713971+00:00,2026-08-04T04:29:15.837690+00:00
ep_00149_BAD_DEPLOY,INC-7349,BAD_DEPLOY,P3,P1,P1,AUTO_APPROVED,system,No human response within timeout window.,0.9459,0.0,Moderate,Imminent,1,P3 (Moderate) → P1 (Critical) — 2-level jump ⚠ LARGE JUMP,10,2,2026-08-04T04:29:15.858346+00:00,2026-08-04T04:29:15.991070+00:00
ep_00153_DEPENDENCY_TIMEOUT,INC-6227,DEPENDENCY_TIMEOUT,P3,P1,P1,AUTO_APPROVED,system,No human response within timeout window.,0.9597,0.0,Moderate,Imminent,1,P3 (Moderate) → P1 (Critical) — 2-level jump ⚠ LARGE JUMP,10,2,2026-08-04T04:29:16.005881+00:00,2026-08-04T04:29:16.132218+00:00
ep_00155_RETRY_STORM,INC-5265,RETRY_STORM,P3,P1,P1,AUTO_APPROVED,system,No human response within timeout window.,0.8429,0.0,Moderate,Imminent,1,P3 (Moderate) → P1 (Critical) — 2-level jump ⚠ LARGE JUMP,10,2,2026-08-04T04:29:16.148816+00:00,2026-08-04T04:29:16.274313+00:00
ep_00160_CACHE_STAMPEDE,INC-1927,CACHE_STAMPEDE,P3,P2,P2,AUTO_APPROVED,system,No human response within timeout window.,1.0,82.64,Moderate,Near,0,P3 (Moderate) → P2 (High) — 1-level jump,10,2,2026-08-04T04:29:16.292236+00:00,2026-08-04T04:29:16.420236+00:00
ep_00161_QUEUE_BACKUP,INC-9230,QUEUE_BACKUP,P3,P1,P1,AUTO_APPROVED,system,No human response within timeout window.,1.0,0.0,Moderate,Imminent,1,P3 (Moderate) → P1 (Critical) — 2-level jump ⚠ LARGE JUMP,10,2,2026-08-04T04:29:16.465860+00:00,2026-08-04T04:29:16.593064+00:00
ep_00162_CASCADING_FAILURE,INC-5081,CASCADING_FAILURE,P3,P1,P1,AUTO_APPROVED,system,No human response within timeout window.,1.0,0.0,Moderate,Imminent,1,P3 (Moderate) → P1 (Critical) — 2-level jump ⚠ LARGE JUMP,10,2,2026-08-04T04:29:16.612331+00:00,2026-08-04T04:29:16.739712+00:00
ep_00164_CASCADING_FAILURE,INC-6585,CASCADING_FAILURE,P3,P1,P1,AUTO_APPROVED,system,No human response within timeout window.,1.0,0.0,Moderate,Imminent,1,P3 (Moderate) → P1 (Critical) — 2-level jump ⚠ LARGE JUMP,10,2,2026-08-04T04:29:16.757449+00:00,2026-08-04T04:29:16.883829+00:00
ep_00166_BAD_DEPLOY,INC-7894,BAD_DEPLOY,P3,P1,P1,AUTO_APPROVED,system,No human response within timeout window.,0.9284,0.0,Moderate,Imminent,1,P3 (Moderate) → P1 (Critical) — 2-level jump ⚠ LARGE JUMP,10,2,2026-08-04T04:29:16.901658+00:00,2026-08-04T04:29:17.026583+00:00
ep_00168_RETRY_STORM,INC-6016,RETRY_STORM,P3,P1,P1,AUTO_APPROVED,system,No human response within timeout window.,0.8737,0.0,Moderate,Imminent,1,P3 (Moderate) → P1 (Critical) — 2-level jump ⚠ LARGE JUMP,10,2,2026-08-04T04:29:17.045559+00:00,2026-08-04T04:29:17.174239+00:00
ep_00171_CPU_SATURATION,INC-0912,CPU_SATURATION,P3,P1,P1,AUTO_APPROVED,system,No human response within timeout window.,1.0,0.0,Moderate,Imminent,1,P3 (Moderate) → P1 (Critical) — 2-level jump ⚠ LARGE JUMP,10,2,2026-08-04T04:29:17.191555+00:00,2026-08-04T04:29:17.319740+00:00
ep_00172_DEPENDENCY_TIMEOUT,INC-8079,DEPENDENCY_TIMEOUT,P3,P1,P1,AUTO_APPROVED,system,No human response within timeout window.,0.9609,0.0,Moderate,Imminent,1,P3 (Moderate) → P1 (Critical) — 2-level jump ⚠ LARGE JUMP,10,2,2026-08-04T04:29:17.333645+00:00,2026-08-04T04:29:17.462355+00:00
ep_00173_RETRY_STORM,INC-1795,RETRY_STORM,P3,P1,P1,AUTO_APPROVED,system,No human response within timeout window.,0.8639,0.0,Moderate,Imminent,1,P3 (Moderate) → P1 (Critical) — 2-level jump ⚠ LARGE JUMP,10,2,2026-08-04T04:29:17.482612+00:00,2026-08-04T04:29:17.617702+00:00
ep_00175_CASCADING_FAILURE,INC-0620,CASCADING_FAILURE,P3,P1,P1,AUTO_APPROVED,system,No human response within timeout window.,1.0,0.0,Moderate,Imminent,1,P3 (Moderate) → P1 (Critical) — 2-level jump ⚠ LARGE JUMP,10,2,2026-08-04T04:29:17.634397+00:00,2026-08-04T04:29:17.764473+00:00
ep_00177_QUEUE_BACKUP,INC-4418,QUEUE_BACKUP,P3,P1,P1,AUTO_APPROVED,system,No human response within timeout window.,1.0,0.0,Moderate,Imminent,1,P3 (Moderate) → P1 (Critical) — 2-level jump ⚠ LARGE JUMP,10,2,2026-08-04T04:29:17.787181+00:00,2026-08-04T04:29:17.924275+00:00
ep_00178_CASCADING_FAILURE,INC-2002,CASCADING_FAILURE,P3,P1,P1,AUTO_APPROVED,system,No human response within timeout window.,1.0,0.0,Moderate,Imminent,1,P3 (Moderate) → P1 (Critical) — 2-level jump ⚠ LARGE JUMP,10,2,2026-08-04T04:29:17.947391+00:00,2026-08-04T04:29:18.081393+00:00
ep_00180_ERROR_STORM,INC-9454,ERROR_STORM,P3,P1,P1,AUTO_APPROVED,system,No human response within timeout window.,0.7716,0.0,Moderate,Imminent,1,P3 (Moderate) → P1 (Critical) — 2-level jump ⚠ LARGE JUMP,10,2,2026-08-04T04:29:18.102493+00:00,2026-08-04T04:29:18.230799+00:00
ep_00182_ERROR_STORM,INC-5961,ERROR_STORM,P3,P1,P1,AUTO_APPROVED,system,No human response within timeout window.,0.8019,0.0,Moderate,Imminent,1,P3 (Moderate) → P1 (Critical) — 2-level jump ⚠ LARGE JUMP,10,2,2026-08-04T04:29:18.246749+00:00,2026-08-04T04:29:18.378920+00:00
ep_00186_BAD_DEPLOY,INC-5338,BAD_DEPLOY,P3,P1,P1,AUTO_APPROVED,system,No human response within timeout window.,0.9036,0.0,Moderate,Imminent,1,P3 (Moderate) → P1 (Critical) — 2-level jump ⚠ LARGE JUMP,10,2,2026-08-04T04:29:18.396940+00:00,2026-08-04T04:29:18.524520+00:00
ep_00191_CACHE_STAMPEDE,INC-3501,CACHE_STAMPEDE,P3,P1,P1,AUTO_APPROVED,system,No human response within timeout window.,1.0,0.0,Moderate,Imminent,1,P3 (Moderate) → P1 (Critical) — 2-level jump ⚠ LARGE JUMP,10,2,2026-08-04T04:29:18.544484+00:00,2026-08-04T04:29:18.674721+00:00
ep_00192_RETRY_STORM,INC-4160,RETRY_STORM,P3,P1,P1,AUTO_APPROVED,system,No human response within timeout window.,0.8904,0.0,Moderate,Imminent,1,P3 (Moderate) → P1 (Critical) — 2-level jump ⚠ LARGE JUMP,10,2,2026-08-04T04:29:18.692157+00:00,2026-08-04T04:29:18.824078+00:00
ep_00195_CACHE_STAMPEDE,INC-3086,CACHE_STAMPEDE,P3,P1,P1,AUTO_APPROVED,system,No human response within timeout window.,1.0,0.0,Moderate,Imminent,1,P3 (Moderate) → P1 (Critical) — 2-level jump ⚠ LARGE JUMP,10,2,2026-08-04T04:29:18.842418+00:00,2026-08-04T04:29:18.969896+00:00
ep_00196_QUEUE_BACKUP,INC-7254,QUEUE_BACKUP,P3,P1,P1,AUTO_APPROVED,system,No human response within timeout window.,1.0,0.0,Moderate,Imminent,1,P3 (Moderate) → P1 (Critical) — 2-level jump ⚠ LARGE JUMP,10,2,2026-08-04T04:29:18.987353+00:00,2026-08-04T04:29:19.124546+00:00
ep_00197_BAD_DEPLOY,INC-4808,BAD_DEPLOY,P3,P1,P1,AUTO_APPROVED,system,No human response within timeout window.,0.9179,0.0,Moderate,Imminent,1,P3 (Moderate) → P1 (Critical) — 2-level jump ⚠ LARGE JUMP,10,2,2026-08-04T04:29:19.146699+00:00,2026-08-04T04:29:19.278670+00:00
ep_00198_CACHE_STAMPEDE,INC-2144,CACHE_STAMPEDE,P3,P1,P1,AUTO_APPROVED,system,No human response within timeout window.,1.0,0.0,Moderate,Imminent,1,P3 (Moderate) → P1 (Critical) — 2-level jump ⚠ LARGE JUMP,10,2,2026-08-04T04:29:19.296535+00:00,2026-08-04T04:29:19.424678+00:00
ep_00200_BAD_DEPLOY,INC-7691,BAD_DEPLOY,P3,P1,P1,AUTO_APPROVED,system,No human response within timeout window.,0.8825,15.47,Moderate,Imminent,1,P3 (Moderate) → P1 (Critical) — 2-level jump ⚠ LARGE JUMP,10,2,2026-08-04T04:29:19.440635+00:00,2026-08-04T04:29:19.563544+00:00
ep_00204_RETRY_STORM,INC-3518,RETRY_STORM,P3,P1,P1,AUTO_APPROVED,system,No human response within timeout window.,0.8508,0.0,Moderate,Imminent,1,P3 (Moderate) → P1 (Critical) — 2-level jump ⚠ LARGE JUMP,10,2,2026-08-04T04:29:19.582488+00:00,2026-08-04T04:29:19.711631+00:00
ep_00207_RETRY_STORM,INC-0438,RETRY_STORM,P3,P1,P1,AUTO_APPROVED,system,No human response within timeout window.,0.8882,0.0,Moderate,Imminent,1,P3 (Moderate) → P1 (Critical) — 2-level jump ⚠ LARGE JUMP,10,2,2026-08-04T04:29:19.732410+00:00,2026-08-04T04:29:19.862307+00:00
ep_00209_BAD_DEPLOY,INC-8896,BAD_DEPLOY,P3,P1,P1,AUTO_APPROVED,system,No human response within timeout window.,0.9322,0.0,Moderate,Imminent,1,P3 (Moderate) → P1 (Critical) — 2-level jump ⚠ LARGE JUMP,10,2,2026-08-04T04:29:19.881384+00:00,2026-08-04T04:29:20.010861+00:00
ep_00212_CACHE_STAMPEDE,INC-8138,CACHE_STAMPEDE,P3,P1,P1,AUTO_APPROVED,system,No human response within timeout window.,1.0,0.0,Moderate,Imminent,1,P3 (Moderate) → P1 (Critical) — 2-level jump ⚠ LARGE JUMP,10,2,2026-08-04T04:29:20.032815+00:00,2026-08-04T04:29:20.162805+00:00
ep_00217_CACHE_STAMPEDE,INC-1840,CACHE_STAMPEDE,P3,P1,P1,AUTO_APPROVED,system,No human response within timeout window.,1.0,0.0,Moderate,Imminent,1,P3 (Moderate) → P1 (Critical) — 2-level jump ⚠ LARGE JUMP,10,2,2026-08-04T04:29:20.182823+00:00,2026-08-04T04:29:20.315883+00:00
ep_00218_CACHE_STAMPEDE,INC-7613,CACHE_STAMPEDE,P3,P1,P1,AUTO_APPROVED,system,No human response within timeout window.,1.0,0.0,Moderate,Imminent,1,P3 (Moderate) → P1 (Critical) — 2-level jump ⚠ LARGE JUMP,10,2,2026-08-04T04:29:20.339682+00:00,2026-08-04T04:29:20.475995+00:00
ep_00223_BAD_DEPLOY,INC-7133,BAD_DEPLOY,P3,P1,P1,AUTO_APPROVED,system,No human response within timeout window.,0.9656,0.0,Moderate,Imminent,1,P3 (Moderate) → P1 (Critical) — 2-level jump ⚠ LARGE JUMP,10,2,2026-08-04T04:29:20.498320+00:00,2026-08-04T04:29:20.627581+00:00
ep_00224_RETRY_STORM,INC-1518,RETRY_STORM,P3,P1,P1,AUTO_APPROVED,system,No human response within timeout window.,0.8083,0.0,Moderate,Imminent,1,P3 (Moderate) → P1 (Critical) — 2-level jump ⚠ LARGE JUMP,10,2,2026-08-04T04:29:20.667395+00:00,2026-08-04T04:29:20.794939+00:00
ep_00229_CACHE_STAMPEDE,INC-5659,CACHE_STAMPEDE,P3,P1,P1,AUTO_APPROVED,system,No human response within timeout window.,1.0,0.0,Moderate,Imminent,1,P3 (Moderate) → P1 (Critical) — 2-level jump ⚠ LARGE JUMP,10,2,2026-08-04T04:29:20.811857+00:00,2026-08-04T04:29:20.938464+00:00
ep_00230_CPU_SATURATION,INC-8506,CPU_SATURATION,P3,P1,P1,AUTO_APPROVED,system,No human response within timeout window.,1.0,0.0,Moderate,Imminent,1,P3 (Moderate) → P1 (Critical) — 2-level jump ⚠ LARGE JUMP,10,2,2026-08-04T04:29:20.956902+00:00,2026-08-04T04:29:21.089217+00:00
ep_00231_BAD_DEPLOY,INC-2438,BAD_DEPLOY,P3,P2,P2,AUTO_APPROVED,system,No human response within timeout window.,0.8736,41.02,Moderate,Near,0,P3 (Moderate) → P2 (High) — 1-level jump,10,2,2026-08-04T04:29:21.108169+00:00,2026-08-04T04:29:21.234273+00:00
ep_00232_RETRY_STORM,INC-1235,RETRY_STORM,P3,P1,P1,AUTO_APPROVED,system,No human response within timeout window.,0.8602,0.0,Moderate,Imminent,1,P3 (Moderate) → P1 (Critical) — 2-level jump ⚠ LARGE JUMP,10,2,2026-08-04T04:29:21.251583+00:00,2026-08-04T04:29:21.376737+00:00
ep_00235_RETRY_STORM,INC-5048,RETRY_STORM,P3,P1,P1,AUTO_APPROVED,system,No human response within timeout window.,0.9257,0.0,Moderate,Imminent,1,P3 (Moderate) → P1 (Critical) — 2-level jump ⚠ LARGE JUMP,10,2,2026-08-04T04:29:21.395349+00:00,2026-08-04T04:29:21.524222+00:00
ep_00240_RETRY_STORM,INC-3020,RETRY_STORM,P3,P1,P1,AUTO_APPROVED,system,No human response within timeout window.,0.9065,0.0,Moderate,Imminent,1,P3 (Moderate) → P1 (Critical) — 2-level jump ⚠ LARGE JUMP,10,2,2026-08-04T04:29:21.540464+00:00,2026-08-04T04:29:21.671553+00:00
ep_00241_CPU_SATURATION,INC-5012,CPU_SATURATION,P3,P1,P1,AUTO_APPROVED,system,No human response within timeout window.,1.0,0.0,Moderate,Imminent,1,P3 (Moderate) → P1 (Critical) — 2-level jump ⚠ LARGE JUMP,10,2,2026-08-04T04:29:21.691619+00:00,2026-08-04T04:29:21.826683+00:00
ep_00242_CASCADING_FAILURE,INC-5485,CASCADING_FAILURE,P3,P1,P1,AUTO_APPROVED,system,No human response within timeout window.,1.0,0.0,Moderate,Imminent,1,P3 (Moderate) → P1 (Critical) — 2-level jump ⚠ LARGE JUMP,10,2,2026-08-04T04:29:21.843500+00:00,2026-08-04T04:29:21.968217+00:00
ep_00247_CPU_SATURATION,INC-7562,CPU_SATURATION,P3,P1,P1,AUTO_APPROVED,system,No human response within timeout window.,1.0,0.0,Moderate,Imminent,1,P3 (Moderate) → P1 (Critical) — 2-level jump ⚠ LARGE JUMP,10,2,2026-08-04T04:29:21.990444+00:00,2026-08-04T04:29:22.139984+00:00
ep_00248_DB_SLOWDOWN,INC-2871,DB_SLOWDOWN,P3,P1,P1,AUTO_APPROVED,system,No human response within timeout window.,0.7863,0.0,Moderate,Imminent,1,P3 (Moderate) → P1 (Critical) — 2-level jump ⚠ LARGE JUMP,10,2,2026-08-04T04:29:22.159168+00:00,2026-08-04T04:29:22.312269+00:00
ep_00251_QUEUE_BACKUP,INC-7997,QUEUE_BACKUP,P3,P1,P1,AUTO_APPROVED,system,No human response within timeout window.,1.0,0.0,Moderate,Imminent,1,P3 (Moderate) → P1 (Critical) — 2-level jump ⚠ LARGE JUMP,10,2,2026-08-04T04:29:22.346398+00:00,2026-08-04T04:29:22.477810+00:00
ep_00257_RETRY_STORM,INC-9014,RETRY_STORM,P3,P1,P1,AUTO_APPROVED,system,No human response within timeout window.,0.8486,0.0,Moderate,Imminent,1,P3 (Moderate) → P1 (Critical) — 2-level jump ⚠ LARGE JUMP,10,2,2026-08-04T04:29:22.497236+00:00,2026-08-04T04:29:22.630455+00:00
ep_00259_QUEUE_BACKUP,INC-6194,QUEUE_BACKUP,P3,P1,P1,AUTO_APPROVED,system,No human response within timeout window.,1.0,0.0,Moderate,Imminent,1,P3 (Moderate) → P1 (Critical) — 2-level jump ⚠ LARGE JUMP,10,2,2026-08-04T04:29:22.646054+00:00,2026-08-04T04:29:22.769988+00:00
ep_00260_RETRY_STORM,INC-4477,RETRY_STORM,P3,P1,P1,AUTO_APPROVED,system,No human response within timeout window.,0.9015,0.0,Moderate,Imminent,1,P3 (Moderate) → P1 (Critical) — 2-level jump ⚠ LARGE JUMP,10,2,2026-08-04T04:29:22.790108+00:00,2026-08-04T04:29:22.925431+00:00
ep_00262_CPU_SATURATION,INC-9482,CPU_SATURATION,P3,P2,P2,AUTO_APPROVED,system,No human response within timeout window.,1.0,55.13,Moderate,Near,0,P3 (Moderate) → P2 (High) — 1-level jump,10,2,2026-08-04T04:29:22.946323+00:00,2026-08-04T04:29:23.080260+00:00
ep_00263_CACHE_STAMPEDE,INC-1502,CACHE_STAMPEDE,P3,P2,P2,AUTO_APPROVED,system,No human response within timeout window.,1.0,59.73,Moderate,Near,0,P3 (Moderate) → P2 (High) — 1-level jump,10,2,2026-08-04T04:29:23.105421+00:00,2026-08-04T04:29:23.242438+00:00
ep_00264_CACHE_STAMPEDE,INC-5910,CACHE_STAMPEDE,P3,P1,P1,AUTO_APPROVED,system,No human response within timeout window.,1.0,0.0,Moderate,Imminent,1,P3 (Moderate) → P1 (Critical) — 2-level jump ⚠ LARGE JUMP,10,2,2026-08-04T04:29:23.260621+00:00,2026-08-04T04:29:23.390292+00:00
ep_00265_BAD_DEPLOY,INC-3039,BAD_DEPLOY,P3,P1,P1,AUTO_APPROVED,system,No human response within timeout window.,0.9492,0.0,Moderate,Imminent,1,P3 (Moderate) → P1 (Critical) — 2-level jump ⚠ LARGE JUMP,10,2,2026-08-04T04:29:23.409210+00:00,2026-08-04T04:29:23.539748+00:00
ep_00268_CACHE_STAMPEDE,INC-6639,CACHE_STAMPEDE,P3,P1,P1,AUTO_APPROVED,system,No human response within timeout window.,1.0,0.0,Moderate,Imminent,1,P3 (Moderate) → P1 (Critical) — 2-level jump ⚠ LARGE JUMP,10,2,2026-08-04T04:29:23.556556+00:00,2026-08-04T04:29:23.685083+00:00
ep_00269_CASCADING_FAILURE,INC-3072,CASCADING_FAILURE,P3,P1,P1,AUTO_APPROVED,system,No human response within timeout window.,1.0,0.0,Moderate,Imminent,1,P3 (Moderate) → P1 (Critical) — 2-level jump ⚠ LARGE JUMP,10,2,2026-08-04T04:29:23.706114+00:00,2026-08-04T04:29:23.831955+00:00
ep_00270_CACHE_STAMPEDE,INC-5292,CACHE_STAMPEDE,P3,P2,P2,AUTO_APPROVED,system,No human response within timeout window.,1.0,30.2,Moderate,Near,0,P3 (Moderate) → P2 (High) — 1-level jump,10,2,2026-08-04T04:29:23.850446+00:00,2026-08-04T04:29:23.983482+00:00
ep_00272_RETRY_STORM,INC-8645,RETRY_STORM,P3,P1,P1,AUTO_APPROVED,system,No human response within timeout window.,0.9749,0.0,Moderate,Imminent,1,P3 (Moderate) → P1 (Critical) — 2-level jump ⚠ LARGE JUMP,10,2,2026-08-04T04:29:23.998440+00:00,2026-08-04T04:29:24.125498+00:00
ep_00274_QUEUE_BACKUP,INC-9664,QUEUE_BACKUP,P3,P1,P1,AUTO_APPROVED,system,No human response within timeout window.,1.0,0.0,Moderate,Imminent,1,P3 (Moderate) → P1 (Critical) — 2-level jump ⚠ LARGE JUMP,10,2,2026-08-04T04:29:24.145061+00:00,2026-08-04T04:29:24.272861+00:00
ep_00275_DEPENDENCY_TIMEOUT,INC-8605,DEPENDENCY_TIMEOUT,P3,P1,P1,AUTO_APPROVED,system,No human response within timeout window.,0.8656,0.0,Moderate,Imminent,1,P3 (Moderate) → P1 (Critical) — 2-level jump ⚠ LARGE JUMP,10,2,2026-08-04T04:29:24.287356+00:00,2026-08-04T04:29:24.415161+00:00
ep_00276_QUEUE_BACKUP,INC-6601,QUEUE_BACKUP,P3,P1,P1,AUTO_APPROVED,system,No human response within timeout window.,1.0,0.0,Moderate,Imminent,1,P3 (Moderate) → P1 (Critical) — 2-level jump ⚠ LARGE JUMP,10,2,2026-08-04T04:29:24.440152+00:00,2026-08-04T04:29:24.570436+00:00
ep_00277_BAD_DEPLOY,INC-8820,BAD_DEPLOY,P3,P1,P1,AUTO_APPROVED,system,No human response within timeout window.,0.9658,0.0,Moderate,Imminent,1,P3 (Moderate) → P1 (Critical) — 2-level jump ⚠ LARGE JUMP,10,2,2026-08-04T04:29:24.591295+00:00,2026-08-04T04:29:24.720657+00:00
ep_00279_CASCADING_FAILURE,INC-4214,CASCADING_FAILURE,P3,P1,P1,AUTO_APPROVED,system,No human response within timeout window.,1.0,0.0,Moderate,Imminent,1,P3 (Moderate) → P1 (Critical) — 2-level jump ⚠ LARGE JUMP,10,2,2026-08-04T04:29:24.739931+00:00,2026-08-04T04:29:24.865286+00:00
ep_00282_DEPENDENCY_TIMEOUT,INC-0600,DEPENDENCY_TIMEOUT,P3,P1,P1,AUTO_APPROVED,system,No human response within timeout window.,0.9418,0.0,Moderate,Imminent,1,P3 (Moderate) → P1 (Critical) — 2-level jump ⚠ LARGE JUMP,10,2,2026-08-04T04:29:24.913437+00:00,2026-08-04T04:29:25.050762+00:00
ep_00283_RETRY_STORM,INC-8281,RETRY_STORM,P3,P1,P1,AUTO_APPROVED,system,No human response within timeout window.,0.9181,0.0,Moderate,Imminent,1,P3 (Moderate) → P1 (Critical) — 2-level jump ⚠ LARGE JUMP,10,2,2026-08-04T04:29:25.074617+00:00,2026-08-04T04:29:25.214967+00:00
ep_00288_BAD_DEPLOY,INC-8744,BAD_DEPLOY,P3,P1,P1,AUTO_APPROVED,system,No human response within timeout window.,0.9811,0.0,Moderate,Imminent,1,P3 (Moderate) → P1 (Critical) — 2-level jump ⚠ LARGE JUMP,10,2,2026-08-04T04:29:25.232128+00:00,2026-08-04T04:29:25.361113+00:00
ep_00291_CPU_SATURATION,INC-4629,CPU_SATURATION,P3,P2,P2,AUTO_APPROVED,system,No human response within timeout window.,1.0,51.43,Moderate,Near,0,P3 (Moderate) → P2 (High) — 1-level jump,10,2,2026-08-04T04:29:25.397917+00:00,2026-08-04T04:29:25.536793+00:00
ep_00292_CASCADING_FAILURE,INC-6703,CASCADING_FAILURE,P3,P1,P1,AUTO_APPROVED,system,No human response within timeout window.,1.0,0.0,Moderate,Imminent,1,P3 (Moderate) → P1 (Critical) — 2-level jump ⚠ LARGE JUMP,10,2,2026-08-04T04:29:25.560904+00:00,2026-08-04T04:29:25.699328+00:00
ep_00295_QUEUE_BACKUP,INC-7244,QUEUE_BACKUP,P3,P1,P1,AUTO_APPROVED,system,No human response within timeout window.,1.0,0.0,Moderate,Imminent,1,P3 (Moderate) → P1 (Critical) — 2-level jump ⚠ LARGE JUMP,10,2,2026-08-04T04:29:25.724165+00:00,2026-08-04T04:29:25.861906+00:00
ep_00296_CASCADING_FAILURE,INC-8459,CASCADING_FAILURE,P3,P1,P1,AUTO_APPROVED,system,No human response within timeout window.,1.0,0.0,Moderate,Imminent,1,P3 (Moderate) → P1 (Critical) — 2-level jump ⚠ LARGE JUMP,10,2,2026-08-04T04:29:25.881473+00:00,2026-08-04T04:29:26.015698+00:00
ep_00297_BAD_DEPLOY,INC-4441,BAD_DEPLOY,P3,P1,P1,AUTO_APPROVED,system,No human response within timeout window.,0.8916,0.0,Moderate,Imminent,1,P3 (Moderate) → P1 (Critical) — 2-level jump ⚠ LARGE JUMP,10,2,2026-08-04T04:29:26.034437+00:00,2026-08-04T04:29:26.166541+00:00
ep_00298_CASCADING_FAILURE,INC-3175,CASCADING_FAILURE,P3,P1,P1,AUTO_APPROVED,system,No human response within timeout window.,1.0,0.0,Moderate,Imminent,1,P3 (Moderate) → P1 (Critical) — 2-level jump ⚠ LARGE JUMP,10,2,2026-08-04T04:29:26.182833+00:00,2026-08-04T04:29:26.311347+00:00
ep_00299_RETRY_STORM,INC-3021,RETRY_STORM,P3,P1,P1,AUTO_APPROVED,system,No human response within timeout window.,0.8593,0.0,Moderate,Imminent,1,P3 (Moderate) → P1 (Critical) — 2-level jump ⚠ LARGE JUMP,10,2,2026-08-04T04:29:26.335450+00:00,2026-08-04T04:29:26.466739+00:00
ep_00300_CASCADING_FAILURE,INC-0356,CASCADING_FAILURE,P3,P1,P1,AUTO_APPROVED,system,No human response within timeout window.,1.0,0.0,Moderate,Imminent,1,P3 (Moderate) → P1 (Critical) — 2-level jump ⚠ LARGE JUMP,10,2,2026-08-04T04:29:26.497189+00:00,2026-08-04T04:29:26.631790+00:00
ep_00301_QUEUE_BACKUP,INC-7364,QUEUE_BACKUP,P3,P1,P1,AUTO_APPROVED,system,No human response within timeout window.,1.0,0.0,Moderate,Imminent,1,P3 (Moderate) → P1 (Critical) — 2-level jump ⚠ LARGE JUMP,10,2,2026-08-04T04:29:26.652873+00:00,2026-08-04T04:29:26.783322+00:00
ep_00302_RETRY_STORM,INC-8221,RETRY_STORM,P3,P1,P1,AUTO_APPROVED,system,No human response within timeout window.,0.9528,0.0,Moderate,Imminent,1,P3 (Moderate) → P1 (Critical) — 2-level jump ⚠ LARGE JUMP,10,2,2026-08-04T04:29:26.801163+00:00,2026-08-04T04:29:26.930957+00:00
ep_00305_CPU_SATURATION,INC-9973,CPU_SATURATION,P3,P1,P1,AUTO_APPROVED,system,No human response within timeout window.,1.0,0.0,Moderate,Imminent,1,P3 (Moderate) → P1 (Critical) — 2-level jump ⚠ LARGE JUMP,10,2,2026-08-04T04:29:26.949971+00:00,2026-08-04T04:29:27.079101+00:00
ep_00306_RETRY_STORM,INC-1587,RETRY_STORM,P3,P1,P1,AUTO_APPROVED,system,No human response within timeout window.,0.9221,0.0,Moderate,Imminent,1,P3 (Moderate) → P1 (Critical) — 2-level jump ⚠ LARGE JUMP,10,2,2026-08-04T04:29:27.110726+00:00,2026-08-04T04:29:27.244172+00:00
ep_00311_BAD_DEPLOY,INC-5375,BAD_DEPLOY,P3,P1,P1,AUTO_APPROVED,system,No human response within timeout window.,0.8483,0.0,Moderate,Imminent,1,P3 (Moderate) → P1 (Critical) — 2-level jump ⚠ LARGE JUMP,10,2,2026-08-04T04:29:27.260340+00:00,2026-08-04T04:29:27.383535+00:00
ep_00313_RETRY_STORM,INC-0855,RETRY_STORM,P3,P1,P1,AUTO_APPROVED,system,No human response within timeout window.,0.8348,0.0,Moderate,Imminent,1,P3 (Moderate) → P1 (Critical) — 2-level jump ⚠ LARGE JUMP,10,2,2026-08-04T04:29:27.405917+00:00,2026-08-04T04:29:27.533544+00:00
ep_00315_QUEUE_BACKUP,INC-7562,QUEUE_BACKUP,P3,P1,P1,AUTO_APPROVED,system,No human response within timeout window.,1.0,0.0,Moderate,Imminent,1,P3 (Moderate) → P1 (Critical) — 2-level jump ⚠ LARGE JUMP,10,2,2026-08-04T04:29:27.555319+00:00,2026-08-04T04:29:27.689270+00:00
ep_00316_RETRY_STORM,INC-7689,RETRY_STORM,P3,P1,P1,AUTO_APPROVED,system,No human response within timeout window.,0.9157,0.0,Moderate,Imminent,1,P3 (Moderate) → P1 (Critical) — 2-level jump ⚠ LARGE JUMP,10,2,2026-08-04T04:29:27.719246+00:00,2026-08-04T04:29:27.871743+00:00
ep_00318_QUEUE_BACKUP,INC-0074,QUEUE_BACKUP,P3,P1,P1,AUTO_APPROVED,system,No human response within timeout window.,1.0,0.0,Moderate,Imminent,1,P3 (Moderate) → P1 (Critical) — 2-level jump ⚠ LARGE JUMP,10,2,2026-08-04T04:29:27.890112+00:00,2026-08-04T04:29:28.022314+00:00
ep_00321_CACHE_STAMPEDE,INC-6177,CACHE_STAMPEDE,P3,P1,P1,AUTO_APPROVED,system,No human response within timeout window.,1.0,0.0,Moderate,Imminent,1,P3 (Moderate) → P1 (Critical) — 2-level jump ⚠ LARGE JUMP,10,2,2026-08-04T04:29:28.042455+00:00,2026-08-04T04:29:28.171760+00:00
ep_00322_BAD_DEPLOY,INC-0808,BAD_DEPLOY,P3,P1,P1,AUTO_APPROVED,system,No human response within timeout window.,0.8416,0.0,Moderate,Imminent,1,P3 (Moderate) → P1 (Critical) — 2-level jump ⚠ LARGE JUMP,10,2,2026-08-04T04:29:28.190475+00:00,2026-08-04T04:29:28.323820+00:00
ep_00323_QUEUE_BACKUP,INC-4668,QUEUE_BACKUP,P3,P1,P1,AUTO_APPROVED,system,No human response within timeout window.,1.0,0.0,Moderate,Imminent,1,P3 (Moderate) → P1 (Critical) — 2-level jump ⚠ LARGE JUMP,10,2,2026-08-04T04:29:28.341335+00:00,2026-08-04T04:29:28.470893+00:00
ep_00328_BAD_DEPLOY,INC-6900,BAD_DEPLOY,P3,P1,P1,AUTO_APPROVED,system,No human response within timeout window.,0.9608,0.0,Moderate,Imminent,1,P3 (Moderate) → P1 (Critical) — 2-level jump ⚠ LARGE JUMP,10,2,2026-08-04T04:29:28.490713+00:00,2026-08-04T04:29:28.621410+00:00
ep_00330_RETRY_STORM,INC-9243,RETRY_STORM,P3,P1,P1,AUTO_APPROVED,system,No human response within timeout window.,0.9075,0.0,Moderate,Imminent,1,P3 (Moderate) → P1 (Critical) — 2-level jump ⚠ LARGE JUMP,10,2,2026-08-04T04:29:28.639587+00:00,2026-08-04T04:29:28.777721+00:00
ep_00331_QUEUE_BACKUP,INC-1199,QUEUE_BACKUP,P3,P1,P1,AUTO_APPROVED,system,No human response within timeout window.,1.0,0.0,Moderate,Imminent,1,P3 (Moderate) → P1 (Critical) — 2-level jump ⚠ LARGE JUMP,10,2,2026-08-04T04:29:28.802219+00:00,2026-08-04T04:29:28.930751+00:00
ep_00334_BAD_DEPLOY,INC-1134,BAD_DEPLOY,P3,P1,P1,AUTO_APPROVED,system,No human response within timeout window.,0.8663,0.0,Moderate,Imminent,1,P3 (Moderate) → P1 (Critical) — 2-level jump ⚠ LARGE JUMP,10,2,2026-08-04T04:29:28.962013+00:00,2026-08-04T04:29:29.099796+00:00
ep_00336_QUEUE_BACKUP,INC-6988,QUEUE_BACKUP,P3,P1,P1,AUTO_APPROVED,system,No human response within timeout window.,1.0,0.0,Moderate,Imminent,1,P3 (Moderate) → P1 (Critical) — 2-level jump ⚠ LARGE JUMP,10,2,2026-08-04T04:29:29.125700+00:00,2026-08-04T04:29:29.260142+00:00
ep_00337_DB_SLOWDOWN,INC-1734,DB_SLOWDOWN,P3,P1,P1,AUTO_APPROVED,system,No human response within timeout window.,0.7727,0.0,Moderate,Imminent,1,P3 (Moderate) → P1 (Critical) — 2-level jump ⚠ LARGE JUMP,10,2,2026-08-04T04:29:29.303951+00:00,2026-08-04T04:29:29.433001+00:00
ep_00339_CPU_SATURATION,INC-4967,CPU_SATURATION,P3,P1,P1,AUTO_APPROVED,system,No human response within timeout window.,1.0,0.0,Moderate,Imminent,1,P3 (Moderate) → P1 (Critical) — 2-level jump ⚠ LARGE JUMP,10,2,2026-08-04T04:29:29.452387+00:00,2026-08-04T04:29:29.581966+00:00
ep_00343_QUEUE_BACKUP,INC-4193,QUEUE_BACKUP,P3,P1,P1,AUTO_APPROVED,system,No human response within timeout window.,1.0,0.0,Moderate,Imminent,1,P3 (Moderate) → P1 (Critical) — 2-level jump ⚠ LARGE JUMP,10,2,2026-08-04T04:29:29.603641+00:00,2026-08-04T04:29:29.732378+00:00
ep_00345_CASCADING_FAILURE,INC-0908,CASCADING_FAILURE,P3,P1,P1,AUTO_APPROVED,system,No human response within timeout window.,1.0,0.0,Moderate,Imminent,1,P3 (Moderate) → P1 (Critical) — 2-level jump ⚠ LARGE JUMP,10,2,2026-08-04T04:29:29.757731+00:00,2026-08-04T04:29:29.904060+00:00
ep_00346_CASCADING_FAILURE,INC-2624,CASCADING_FAILURE,P3,P1,P1,AUTO_APPROVED,system,No human response within timeout window.,1.0,0.0,Moderate,Imminent,1,P3 (Moderate) → P1 (Critical) — 2-level jump ⚠ LARGE JUMP,10,2,2026-08-04T04:29:29.927779+00:00,2026-08-04T04:29:30.073863+00:00
ep_00348_QUEUE_BACKUP,INC-7058,QUEUE_BACKUP,P3,P1,P1,AUTO_APPROVED,system,No human response within timeout window.,1.0,0.0,Moderate,Imminent,1,P3 (Moderate) → P1 (Critical) — 2-level jump ⚠ LARGE JUMP,10,2,2026-08-04T04:29:30.095352+00:00,2026-08-04T04:29:30.226763+00:00
ep_00349_CASCADING_FAILURE,INC-9992,CASCADING_FAILURE,P3,P1,P1,AUTO_APPROVED,system,No human response within timeout window.,1.0,0.0,Moderate,Imminent,1,P3 (Moderate) → P1 (Critical) — 2-level jump ⚠ LARGE JUMP,10,2,2026-08-04T04:29:30.247724+00:00,2026-08-04T04:29:30.379979+00:00
ep_00351_RETRY_STORM,INC-6626,RETRY_STORM,P3,P1,P1,AUTO_APPROVED,system,No human response within timeout window.,0.8722,0.0,Moderate,Imminent,1,P3 (Moderate) → P1 (Critical) — 2-level jump ⚠ LARGE JUMP,10,2,2026-08-04T04:29:30.393820+00:00,2026-08-04T04:29:30.520001+00:00
ep_00353_QUEUE_BACKUP,INC-3676,QUEUE_BACKUP,P3,P1,P1,AUTO_APPROVED,system,No human response within timeout window.,1.0,0.0,Moderate,Imminent,1,P3 (Moderate) → P1 (Critical) — 2-level jump ⚠ LARGE JUMP,10,2,2026-08-04T04:29:30.539433+00:00,2026-08-04T04:29:30.668210+00:00
ep_00354_RETRY_STORM,INC-8813,RETRY_STORM,P3,P1,P1,AUTO_APPROVED,system,No human response within timeout window.,0.9551,0.0,Moderate,Imminent,1,P3 (Moderate) → P1 (Critical) — 2-level jump ⚠ LARGE JUMP,10,2,2026-08-04T04:29:30.687957+00:00,2026-08-04T04:29:30.818790+00:00
ep_00355_DEPENDENCY_TIMEOUT,INC-9224,DEPENDENCY_TIMEOUT,P3,P1,P1,AUTO_APPROVED,system,No human response within timeout window.,0.9153,0.0,Moderate,Imminent,1,P3 (Moderate) → P1 (Critical) — 2-level jump ⚠ LARGE JUMP,10,2,2026-08-04T04:29:30.839601+00:00,2026-08-04T04:29:30.965693+00:00
ep_00356_ERROR_STORM,INC-2178,ERROR_STORM,P3,P1,P1,AUTO_APPROVED,system,No human response within timeout window.,0.7795,0.0,Moderate,Imminent,1,P3 (Moderate) → P1 (Critical) — 2-level jump ⚠ LARGE JUMP,10,2,2026-08-04T04:29:30.986790+00:00,2026-08-04T04:29:31.115694+00:00
ep_00357_CASCADING_FAILURE,INC-6435,CASCADING_FAILURE,P3,P1,P1,AUTO_APPROVED,system,No human response within timeout window.,1.0,0.0,Moderate,Imminent,1,P3 (Moderate) → P1 (Critical) — 2-level jump ⚠ LARGE JUMP,10,2,2026-08-04T04:29:31.136484+00:00,2026-08-04T04:29:31.266892+00:00
ep_00358_BAD_DEPLOY,INC-7106,BAD_DEPLOY,P3,P1,P1,AUTO_APPROVED,system,No human response within timeout window.,0.8347,0.0,Moderate,Imminent,1,P3 (Moderate) → P1 (Critical) — 2-level jump ⚠ LARGE JUMP,10,2,2026-08-04T04:29:31.285505+00:00,2026-08-04T04:29:31.412166+00:00
ep_00361_CACHE_STAMPEDE,INC-0512,CACHE_STAMPEDE,P3,P1,P1,AUTO_APPROVED,system,No human response within timeout window.,1.0,0.0,Moderate,Imminent,1,P3 (Moderate) → P1 (Critical) — 2-level jump ⚠ LARGE JUMP,10,2,2026-08-04T04:29:31.436692+00:00,2026-08-04T04:29:31.572805+00:00
ep_00362_CPU_SATURATION,INC-8683,CPU_SATURATION,P3,P2,P2,AUTO_APPROVED,system,No human response within timeout window.,1.0,85.97,Moderate,Near,0,P3 (Moderate) → P2 (High) — 1-level jump,10,2,2026-08-04T04:29:31.591698+00:00,2026-08-04T04:29:31.719305+00:00
ep_00365_RETRY_STORM,INC-3247,RETRY_STORM,P3,P1,P1,AUTO_APPROVED,system,No human response within timeout window.,0.912,0.0,Moderate,Imminent,1,P3 (Moderate) → P1 (Critical) — 2-level jump ⚠ LARGE JUMP,10,2,2026-08-04T04:29:31.735012+00:00,2026-08-04T04:29:31.873659+00:00
ep_00366_DB_SLOWDOWN,INC-7120,DB_SLOWDOWN,P3,P1,P1,AUTO_APPROVED,system,No human response within timeout window.,0.7665,0.0,Moderate,Imminent,1,P3 (Moderate) → P1 (Critical) — 2-level jump ⚠ LARGE JUMP,10,2,2026-08-04T04:29:31.890653+00:00,2026-08-04T04:29:32.022095+00:00
ep_00368_DEPENDENCY_TIMEOUT,INC-2951,DEPENDENCY_TIMEOUT,P3,P1,P1,AUTO_APPROVED,system,No human response within timeout window.,0.9374,0.0,Moderate,Imminent,1,P3 (Moderate) → P1 (Critical) — 2-level jump ⚠ LARGE JUMP,10,2,2026-08-04T04:29:32.046752+00:00,2026-08-04T04:29:32.186505+00:00
ep_00370_CASCADING_FAILURE,INC-4685,CASCADING_FAILURE,P3,P1,P1,AUTO_APPROVED,system,No human response within timeout window.,1.0,0.0,Moderate,Imminent,1,P3 (Moderate) → P1 (Critical) — 2-level jump ⚠ LARGE JUMP,10,2,2026-08-04T04:29:32.207536+00:00,2026-08-04T04:29:32.342889+00:00
ep_00372_QUEUE_BACKUP,INC-6573,QUEUE_BACKUP,P3,P1,P1,AUTO_APPROVED,system,No human response within timeout window.,1.0,0.0,Moderate,Imminent,1,P3 (Moderate) → P1 (Critical) — 2-level jump ⚠ LARGE JUMP,10,2,2026-08-04T04:29:32.363608+00:00,2026-08-04T04:29:32.494721+00:00
ep_00376_RETRY_STORM,INC-4339,RETRY_STORM,P3,P1,P1,AUTO_APPROVED,system,No human response within timeout window.,0.8568,0.0,Moderate,Imminent,1,P3 (Moderate) → P1 (Critical) — 2-level jump ⚠ LARGE JUMP,10,2,2026-08-04T04:29:32.512687+00:00,2026-08-04T04:29:32.645049+00:00
ep_00381_CACHE_STAMPEDE,INC-8835,CACHE_STAMPEDE,P3,P1,P1,AUTO_APPROVED,system,No human response within timeout window.,1.0,0.0,Moderate,Imminent,1,P3 (Moderate) → P1 (Critical) — 2-level jump ⚠ LARGE JUMP,10,2,2026-08-04T04:29:32.667860+00:00,2026-08-04T04:29:32.797317+00:00
ep_00382_DB_SLOWDOWN,INC-7291,DB_SLOWDOWN,P3,P1,P1,AUTO_APPROVED,system,No human response within timeout window.,0.7569,0.0,Moderate,Imminent,1,P3 (Moderate) → P1 (Critical) — 2-level jump ⚠ LARGE JUMP,10,2,2026-08-04T04:29:32.813505+00:00,2026-08-04T04:29:32.940303+00:00
ep_00384_CASCADING_FAILURE,INC-2775,CASCADING_FAILURE,P3,P1,P1,AUTO_APPROVED,system,No human response within timeout window.,1.0,0.0,Moderate,Imminent,1,P3 (Moderate) → P1 (Critical) — 2-level jump ⚠ LARGE JUMP,10,2,2026-08-04T04:29:32.959663+00:00,2026-08-04T04:29:33.088519+00:00
ep_00385_DB_SLOWDOWN,INC-7952,DB_SLOWDOWN,P3,P1,P1,AUTO_APPROVED,system,No human response within timeout window.,0.7578,0.0,Moderate,Imminent,1,P3 (Moderate) → P1 (Critical) — 2-level jump ⚠ LARGE JUMP,10,2,2026-08-04T04:29:33.107715+00:00,2026-08-04T04:29:33.233641+00:00
ep_00387_CACHE_STAMPEDE,INC-5923,CACHE_STAMPEDE,P3,P1,P1,AUTO_APPROVED,system,No human response within timeout window.,1.0,0.0,Moderate,Imminent,1,P3 (Moderate) → P1 (Critical) — 2-level jump ⚠ LARGE JUMP,10,2,2026-08-04T04:29:33.258593+00:00,2026-08-04T04:29:33.391523+00:00
ep_00388_RETRY_STORM,INC-7422,RETRY_STORM,P3,P1,P1,AUTO_APPROVED,system,No human response within timeout window.,0.8183,0.0,Moderate,Imminent,1,P3 (Moderate) → P1 (Critical) — 2-level jump ⚠ LARGE JUMP,10,2,2026-08-04T04:29:33.411715+00:00,2026-08-04T04:29:33.541314+00:00
ep_00389_DB_SLOWDOWN,INC-5912,DB_SLOWDOWN,P3,P1,P1,AUTO_APPROVED,system,No human response within timeout window.,0.7599,0.0,Moderate,Imminent,1,P3 (Moderate) → P1 (Critical) — 2-level jump ⚠ LARGE JUMP,10,2,2026-08-04T04:29:33.579680+00:00,2026-08-04T04:29:33.707357+00:00
ep_00392_RETRY_STORM,INC-3850,RETRY_STORM,P3,P1,P1,AUTO_APPROVED,system,No human response within timeout window.,0.9368,0.0,Moderate,Imminent,1,P3 (Moderate) → P1 (Critical) — 2-level jump ⚠ LARGE JUMP,10,2,2026-08-04T04:29:33.727376+00:00,2026-08-04T04:29:33.856585+00:00
ep_00396_BAD_DEPLOY,INC-1969,BAD_DEPLOY,P3,P1,P1,AUTO_APPROVED,system,No human response within timeout window.,0.8816,0.0,Moderate,Imminent,1,P3 (Moderate) → P1 (Critical) — 2-level jump ⚠ LARGE JUMP,10,2,2026-08-04T04:29:33.881129+00:00,2026-08-04T04:29:34.013330+00:00
ep_00397_BAD_DEPLOY,INC-4441,BAD_DEPLOY,P3,P1,P1,AUTO_APPROVED,system,No human response within timeout window.,0.8689,0.0,Moderate,Imminent,1,P3 (Moderate) → P1 (Critical) — 2-level jump ⚠ LARGE JUMP,10,2,2026-08-04T04:29:34.033233+00:00,2026-08-04T04:29:34.162923+00:00
ep_00398_DEPENDENCY_TIMEOUT,INC-6899,DEPENDENCY_TIMEOUT,P3,P1,P1,AUTO_APPROVED,system,No human response within timeout window.,0.9192,0.0,Moderate,Imminent,1,P3 (Moderate) → P1 (Critical) — 2-level jump ⚠ LARGE JUMP,10,2,2026-08-04T04:29:34.188733+00:00,2026-08-04T04:29:34.317800+00:00
ep_00402_DB_SLOWDOWN,INC-5356,DB_SLOWDOWN,P3,P1,P1,AUTO_APPROVED,system,No human response within timeout window.,0.7732,0.0,Moderate,Imminent,1,P3 (Moderate) → P1 (Critical) — 2-level jump ⚠ LARGE JUMP,10,2,2026-08-04T04:29:34.336109+00:00,2026-08-04T04:29:34.460413+00:00
ep_00403_CACHE_STAMPEDE,INC-3080,CACHE_STAMPEDE,P3,P1,P1,AUTO_APPROVED,system,No human response within timeout window.,1.0,0.0,Moderate,Imminent,1,P3 (Moderate) → P1 (Critical) — 2-level jump ⚠ LARGE JUMP,10,2,2026-08-04T04:29:34.486034+00:00,2026-08-04T04:29:34.618868+00:00
ep_00404_QUEUE_BACKUP,INC-6591,QUEUE_BACKUP,P3,P1,P1,AUTO_APPROVED,system,No human response within timeout window.,1.0,0.0,Moderate,Imminent,1,P3 (Moderate) → P1 (Critical) — 2-level jump ⚠ LARGE JUMP,10,2,2026-08-04T04:29:34.634925+00:00,2026-08-04T04:29:34.763485+00:00
ep_00407_CASCADING_FAILURE,INC-6851,CASCADING_FAILURE,P3,P1,P1,AUTO_APPROVED,system,No human response within timeout window.,1.0,0.0,Moderate,Imminent,1,P3 (Moderate) → P1 (Critical) — 2-level jump ⚠ LARGE JUMP,10,2,2026-08-04T04:29:34.801400+00:00,2026-08-04T04:29:34.951807+00:00
ep_00410_QUEUE_BACKUP,INC-0297,QUEUE_BACKUP,P3,P1,P1,AUTO_APPROVED,system,No human response within timeout window.,1.0,0.0,Moderate,Imminent,1,P3 (Moderate) → P1 (Critical) — 2-level jump ⚠ LARGE JUMP,10,2,2026-08-04T04:29:34.973553+00:00,2026-08-04T04:29:35.110227+00:00
ep_00415_CASCADING_FAILURE,INC-0269,CASCADING_FAILURE,P3,P1,P1,AUTO_APPROVED,system,No human response within timeout window.,1.0,0.0,Moderate,Imminent,1,P3 (Moderate) → P1 (Critical) — 2-level jump ⚠ LARGE JUMP,10,2,2026-08-04T04:29:35.135038+00:00,2026-08-04T04:29:35.263707+00:00
ep_00416_RETRY_STORM,INC-5848,RETRY_STORM,P3,P1,P1,AUTO_APPROVED,system,No human response within timeout window.,0.919,0.0,Moderate,Imminent,1,P3 (Moderate) → P1 (Critical) — 2-level jump ⚠ LARGE JUMP,10,2,2026-08-04T04:29:35.286109+00:00,2026-08-04T04:29:35.419421+00:00
ep_00417_CASCADING_FAILURE,INC-6606,CASCADING_FAILURE,P3,P1,P1,AUTO_APPROVED,system,No human response within timeout window.,1.0,5.53,Moderate,Imminent,1,P3 (Moderate) → P1 (Critical) — 2-level jump ⚠ LARGE JUMP,10,2,2026-08-04T04:29:35.440237+00:00,2026-08-04T04:29:35.573881+00:00
ep_00421_CASCADING_FAILURE,INC-8356,CASCADING_FAILURE,P3,P1,P1,AUTO_APPROVED,system,No human response within timeout window.,1.0,0.0,Moderate,Imminent,1,P3 (Moderate) → P1 (Critical) — 2-level jump ⚠ LARGE JUMP,10,2,2026-08-04T04:29:35.596126+00:00,2026-08-04T04:29:35.729728+00:00
ep_00422_QUEUE_BACKUP,INC-1874,QUEUE_BACKUP,P3,P1,P1,AUTO_APPROVED,system,No human response within timeout window.,1.0,0.0,Moderate,Imminent,1,P3 (Moderate) → P1 (Critical) — 2-level jump ⚠ LARGE JUMP,10,2,2026-08-04T04:29:35.775864+00:00,2026-08-04T04:29:35.915947+00:00
ep_00425_CACHE_STAMPEDE,INC-8585,CACHE_STAMPEDE,P3,P1,P1,AUTO_APPROVED,system,No human response within timeout window.,1.0,0.0,Moderate,Imminent,1,P3 (Moderate) → P1 (Critical) — 2-level jump ⚠ LARGE JUMP,10,2,2026-08-04T04:29:35.940036+00:00,2026-08-04T04:29:36.070418+00:00
ep_00428_CASCADING_FAILURE,INC-1796,CASCADING_FAILURE,P3,P1,P1,AUTO_APPROVED,system,No human response within timeout window.,1.0,0.0,Moderate,Imminent,1,P3 (Moderate) → P1 (Critical) — 2-level jump ⚠ LARGE JUMP,10,2,2026-08-04T04:29:36.091536+00:00,2026-08-04T04:29:36.221587+00:00
ep_00430_RETRY_STORM,INC-3441,RETRY_STORM,P3,P1,P1,AUTO_APPROVED,system,No human response within timeout window.,0.8549,0.0,Moderate,Imminent,1,P3 (Moderate) → P1 (Critical) — 2-level jump ⚠ LARGE JUMP,10,2,2026-08-04T04:29:36.238617+00:00,2026-08-04T04:29:36.367441+00:00
ep_00431_BAD_DEPLOY,INC-3809,BAD_DEPLOY,P3,P2,P2,AUTO_APPROVED,system,No human response within timeout window.,0.853,80.63,Moderate,Near,0,P3 (Moderate) → P2 (High) — 1-level jump,10,2,2026-08-04T04:29:36.387376+00:00,2026-08-04T04:29:36.512912+00:00
ep_00440_CASCADING_FAILURE,INC-5462,CASCADING_FAILURE,P3,P1,P1,AUTO_APPROVED,system,No human response within timeout window.,1.0,0.0,Moderate,Imminent,1,P3 (Moderate) → P1 (Critical) — 2-level jump ⚠ LARGE JUMP,10,2,2026-08-04T04:29:36.534648+00:00,2026-08-04T04:29:36.664955+00:00
ep_00441_RETRY_STORM,INC-7937,RETRY_STORM,P3,P1,P1,AUTO_APPROVED,system,No human response within timeout window.,0.8712,0.0,Moderate,Imminent,1,P3 (Moderate) → P1 (Critical) — 2-level jump ⚠ LARGE JUMP,10,2,2026-08-04T04:29:36.691569+00:00,2026-08-04T04:29:36.821534+00:00
ep_00446_BAD_DEPLOY,INC-3264,BAD_DEPLOY,P3,P1,P1,AUTO_APPROVED,system,No human response within timeout window.,0.8789,0.0,Moderate,Imminent,1,P3 (Moderate) → P1 (Critical) — 2-level jump ⚠ LARGE JUMP,10,2,2026-08-04T04:29:36.843484+00:00,2026-08-04T04:29:36.974556+00:00
ep_00448_CPU_SATURATION,INC-3839,CPU_SATURATION,P3,P1,P1,AUTO_APPROVED,system,No human response within timeout window.,1.0,0.0,Moderate,Imminent,1,P3 (Moderate) → P1 (Critical) — 2-level jump ⚠ LARGE JUMP,10,2,2026-08-04T04:29:36.995151+00:00,2026-08-04T04:29:37.126073+00:00
ep_00452_BAD_DEPLOY,INC-9031,BAD_DEPLOY,P3,P1,P1,AUTO_APPROVED,system,No human response within timeout window.,0.928,0.0,Moderate,Imminent,1,P3 (Moderate) → P1 (Critical) — 2-level jump ⚠ LARGE JUMP,10,2,2026-08-04T04:29:37.153864+00:00,2026-08-04T04:29:37.285151+00:00
ep_00454_DEPENDENCY_TIMEOUT,INC-7189,DEPENDENCY_TIMEOUT,P3,P1,P1,AUTO_APPROVED,system,No human response within timeout window.,0.9814,0.0,Moderate,Imminent,1,P3 (Moderate) → P1 (Critical) — 2-level jump ⚠ LARGE JUMP,10,2,2026-08-04T04:29:37.306526+00:00,2026-08-04T04:29:37.431862+00:00
ep_00457_QUEUE_BACKUP,INC-7869,QUEUE_BACKUP,P3,P1,P1,AUTO_APPROVED,system,No human response within timeout window.,1.0,0.0,Moderate,Imminent,1,P3 (Moderate) → P1 (Critical) — 2-level jump ⚠ LARGE JUMP,10,2,2026-08-04T04:29:37.456945+00:00,2026-08-04T04:29:37.589361+00:00
ep_00461_DEPENDENCY_TIMEOUT,INC-5516,DEPENDENCY_TIMEOUT,P3,P2,P2,AUTO_APPROVED,system,No human response within timeout window.,0.9256,82.1,Moderate,Near,0,P3 (Moderate) → P2 (High) — 1-level jump,10,2,2026-08-04T04:29:37.617055+00:00,2026-08-04T04:29:37.747128+00:00
ep_00463_CASCADING_FAILURE,INC-0166,CASCADING_FAILURE,P3,P1,P1,AUTO_APPROVED,system,No human response within timeout window.,1.0,0.0,Moderate,Imminent,1,P3 (Moderate) → P1 (Critical) — 2-level jump ⚠ LARGE JUMP,10,2,2026-08-04T04:29:37.762386+00:00,2026-08-04T04:29:37.889000+00:00
ep_00464_CASCADING_FAILURE,INC-5296,CASCADING_FAILURE,P3,P1,P1,AUTO_APPROVED,system,No human response within timeout window.,1.0,0.0,Moderate,Imminent,1,P3 (Moderate) → P1 (Critical) — 2-level jump ⚠ LARGE JUMP,10,2,2026-08-04T04:29:37.907672+00:00,2026-08-04T04:29:38.035563+00:00
ep_00466_QUEUE_BACKUP,INC-0348,QUEUE_BACKUP,P3,P1,P1,AUTO_APPROVED,system,No human response within timeout window.,1.0,0.0,Moderate,Imminent,1,P3 (Moderate) → P1 (Critical) — 2-level jump ⚠ LARGE JUMP,10,2,2026-08-04T04:29:38.053914+00:00,2026-08-04T04:29:38.179063+00:00
ep_00468_DB_SLOWDOWN,INC-6280,DB_SLOWDOWN,P3,P1,P1,AUTO_APPROVED,system,No human response within timeout window.,0.7643,0.0,Moderate,Imminent,1,P3 (Moderate) → P1 (Critical) — 2-level jump ⚠ LARGE JUMP,10,2,2026-08-04T04:29:38.229973+00:00,2026-08-04T04:29:38.367256+00:00
ep_00469_CASCADING_FAILURE,INC-4587,CASCADING_FAILURE,P3,P1,P1,AUTO_APPROVED,system,No human response within timeout window.,1.0,0.0,Moderate,Imminent,1,P3 (Moderate) → P1 (Critical) — 2-level jump ⚠ LARGE JUMP,10,2,2026-08-04T04:29:38.386452+00:00,2026-08-04T04:29:38.516712+00:00
ep_00471_BAD_DEPLOY,INC-6158,BAD_DEPLOY,P3,P1,P1,AUTO_APPROVED,system,No human response within timeout window.,0.8296,0.0,Moderate,Imminent,1,P3 (Moderate) → P1 (Critical) — 2-level jump ⚠ LARGE JUMP,10,2,2026-08-04T04:29:38.538593+00:00,2026-08-04T04:29:38.673743+00:00
ep_00473_RETRY_STORM,INC-9480,RETRY_STORM,P3,P1,P1,AUTO_APPROVED,system,No human response within timeout window.,0.9773,0.0,Moderate,Imminent,1,P3 (Moderate) → P1 (Critical) — 2-level jump ⚠ LARGE JUMP,10,2,2026-08-04T04:29:38.691535+00:00,2026-08-04T04:29:38.820032+00:00
ep_00474_QUEUE_BACKUP,INC-8095,QUEUE_BACKUP,P3,P1,P1,AUTO_APPROVED,system,No human response within timeout window.,1.0,0.0,Moderate,Imminent,1,P3 (Moderate) → P1 (Critical) — 2-level jump ⚠ LARGE JUMP,10,2,2026-08-04T04:29:38.837694+00:00,2026-08-04T04:29:38.964902+00:00
ep_00475_CACHE_STAMPEDE,INC-6379,CACHE_STAMPEDE,P3,P1,P1,AUTO_APPROVED,system,No human response within timeout window.,1.0,23.28,Moderate,Imminent,1,P3 (Moderate) → P1 (Critical) — 2-level jump ⚠ LARGE JUMP,10,2,2026-08-04T04:29:38.987113+00:00,2026-08-04T04:29:39.117161+00:00
ep_00477_CACHE_STAMPEDE,INC-2118,CACHE_STAMPEDE,P3,P1,P1,AUTO_APPROVED,system,No human response within timeout window.,1.0,0.0,Moderate,Imminent,1,P3 (Moderate) → P1 (Critical) — 2-level jump ⚠ LARGE JUMP,10,2,2026-08-04T04:29:39.138330+00:00,2026-08-04T04:29:39.268559+00:00
ep_00478_CASCADING_FAILURE,INC-5899,CASCADING_FAILURE,P3,P1,P1,AUTO_APPROVED,system,No human response within timeout window.,1.0,0.0,Moderate,Imminent,1,P3 (Moderate) → P1 (Critical) — 2-level jump ⚠ LARGE JUMP,10,2,2026-08-04T04:29:39.288398+00:00,2026-08-04T04:29:39.422921+00:00
ep_00485_DEPENDENCY_TIMEOUT,INC-3131,DEPENDENCY_TIMEOUT,P3,P1,P1,AUTO_APPROVED,system,No human response within timeout window.,0.8682,0.0,Moderate,Imminent,1,P3 (Moderate) → P1 (Critical) — 2-level jump ⚠ LARGE JUMP,10,2,2026-08-04T04:29:39.441740+00:00,2026-08-04T04:29:39.569893+00:00
ep_00486_BAD_DEPLOY,INC-4238,BAD_DEPLOY,P3,P1,P1,AUTO_APPROVED,system,No human response within timeout window.,0.9155,0.0,Moderate,Imminent,1,P3 (Moderate) → P1 (Critical) — 2-level jump ⚠ LARGE JUMP,10,2,2026-08-04T04:29:39.587569+00:00,2026-08-04T04:29:39.720889+00:00
ep_00487_CASCADING_FAILURE,INC-3337,CASCADING_FAILURE,P3,P1,P1,AUTO_APPROVED,system,No human response within timeout window.,1.0,0.0,Moderate,Imminent,1,P3 (Moderate) → P1 (Critical) — 2-level jump ⚠ LARGE JUMP,10,2,2026-08-04T04:29:39.742781+00:00,2026-08-04T04:29:39.879325+00:00
ep_00490_CACHE_STAMPEDE,INC-6906,CACHE_STAMPEDE,P3,P1,P1,AUTO_APPROVED,system,No human response within timeout window.,1.0,0.0,Moderate,Imminent,1,P3 (Moderate) → P1 (Critical) — 2-level jump ⚠ LARGE JUMP,10,2,2026-08-04T04:29:39.911876+00:00,2026-08-04T04:29:40.051392+00:00
ep_00494_QUEUE_BACKUP,INC-8606,QUEUE_BACKUP,P3,P1,P1,AUTO_APPROVED,system,No human response within timeout window.,1.0,0.0,Moderate,Imminent,1,P3 (Moderate) → P1 (Critical) — 2-level jump ⚠ LARGE JUMP,10,2,2026-08-04T04:29:40.090217+00:00,2026-08-04T04:29:40.221859+00:00
ep_00495_CACHE_STAMPEDE,INC-2074,CACHE_STAMPEDE,P3,P1,P1,AUTO_APPROVED,system,No human response within timeout window.,1.0,0.0,Moderate,Imminent,1,P3 (Moderate) → P1 (Critical) — 2-level jump ⚠ LARGE JUMP,10,2,2026-08-04T04:29:40.242707+00:00,2026-08-04T04:29:40.382762+00:00
ep_00497_RETRY_STORM,INC-7142,RETRY_STORM,P3,P1,P1,AUTO_APPROVED,system,No human response within timeout window.,0.9251,0.0,Moderate,Imminent,1,P3 (Moderate) → P1 (Critical) — 2-level jump ⚠ LARGE JUMP,10,2,2026-08-04T04:29:40.404011+00:00,2026-08-04T04:29:40.538848+00:00
ep_00499_QUEUE_BACKUP,INC-0526,QUEUE_BACKUP,P3,P1,P1,AUTO_APPROVED,system,No human response within timeout window.,1.0,0.0,Moderate,Imminent,1,P3 (Moderate) → P1 (Critical) — 2-level jump ⚠ LARGE JUMP,10,2,2026-08-04T04:29:40.569388+00:00,2026-08-04T04:29:40.703014+00:00
ep_00500_RETRY_STORM,INC-9198,RETRY_STORM,P3,P1,P1,AUTO_APPROVED,system,No human response within timeout window.,0.936,0.0,Moderate,Imminent,1,P3 (Moderate) → P1 (Critical) — 2-level jump ⚠ LARGE JUMP,10,2,2026-08-04T04:29:40.722580+00:00,2026-08-04T04:29:40.853909+00:00
ep_00501_BAD_DEPLOY,INC-1745,BAD_DEPLOY,P3,P1,P1,AUTO_APPROVED,system,No human response within timeout window.,0.9657,0.0,Moderate,Imminent,1,P3 (Moderate) → P1 (Critical) — 2-level jump ⚠ LARGE JUMP,10,2,2026-08-04T04:29:40.870397+00:00,2026-08-04T04:29:41.000488+00:00
ep_00502_BAD_DEPLOY,INC-4548,BAD_DEPLOY,P3,P1,P1,AUTO_APPROVED,system,No human response within timeout window.,0.8962,0.0,Moderate,Imminent,1,P3 (Moderate) → P1 (Critical) — 2-level jump ⚠ LARGE JUMP,10,2,2026-08-04T04:29:41.020581+00:00,2026-08-04T04:29:41.151375+00:00
ep_00513_DEPENDENCY_TIMEOUT,INC-3897,DEPENDENCY_TIMEOUT,P3,P1,P1,AUTO_APPROVED,system,No human response within timeout window.,0.8729,0.0,Moderate,Imminent,1,P3 (Moderate) → P1 (Critical) — 2-level jump ⚠ LARGE JUMP,10,2,2026-08-04T04:29:41.174115+00:00,2026-08-04T04:29:41.302409+00:00
ep_00514_DEPENDENCY_TIMEOUT,INC-6204,DEPENDENCY_TIMEOUT,P3,P1,P1,AUTO_APPROVED,system,No human response within timeout window.,0.9819,0.0,Moderate,Imminent,1,P3 (Moderate) → P1 (Critical) — 2-level jump ⚠ LARGE JUMP,10,2,2026-08-04T04:29:41.322075+00:00,2026-08-04T04:29:41.450916+00:00
ep_00515_CASCADING_FAILURE,INC-2570,CASCADING_FAILURE,P3,P1,P1,AUTO_APPROVED,system,No human response within timeout window.,1.0,0.0,Moderate,Imminent,1,P3 (Moderate) → P1 (Critical) — 2-level jump ⚠ LARGE JUMP,10,2,2026-08-04T04:29:41.466704+00:00,2026-08-04T04:29:41.596449+00:00
ep_00516_DEPENDENCY_TIMEOUT,INC-3658,DEPENDENCY_TIMEOUT,P3,P1,P1,AUTO_APPROVED,system,No human response within timeout window.,0.9781,0.0,Moderate,Imminent,1,P3 (Moderate) → P1 (Critical) — 2-level jump ⚠ LARGE JUMP,10,2,2026-08-04T04:29:41.618906+00:00,2026-08-04T04:29:41.747276+00:00
ep_00517_BAD_DEPLOY,INC-4587,BAD_DEPLOY,P3,P1,P1,AUTO_APPROVED,system,No human response within timeout window.,0.8561,0.0,Moderate,Imminent,1,P3 (Moderate) → P1 (Critical) — 2-level jump ⚠ LARGE JUMP,10,2,2026-08-04T04:29:41.768833+00:00,2026-08-04T04:29:41.899373+00:00
ep_00518_QUEUE_BACKUP,INC-8379,QUEUE_BACKUP,P3,P1,P1,AUTO_APPROVED,system,No human response within timeout window.,1.0,0.0,Moderate,Imminent,1,P3 (Moderate) → P1 (Critical) — 2-level jump ⚠ LARGE JUMP,10,2,2026-08-04T04:29:41.919283+00:00,2026-08-04T04:29:42.043856+00:00
ep_00519_DEPENDENCY_TIMEOUT,INC-2452,DEPENDENCY_TIMEOUT,P3,P1,P1,AUTO_APPROVED,system,No human response within timeout window.,0.8901,0.0,Moderate,Imminent,1,P3 (Moderate) → P1 (Critical) — 2-level jump ⚠ LARGE JUMP,10,2,2026-08-04T04:29:42.066152+00:00,2026-08-04T04:29:42.195834+00:00
ep_00522_DEPENDENCY_TIMEOUT,INC-3459,DEPENDENCY_TIMEOUT,P3,P1,P1,AUTO_APPROVED,system,No human response within timeout window.,0.8608,0.0,Moderate,Imminent,1,P3 (Moderate) → P1 (Critical) — 2-level jump ⚠ LARGE JUMP,10,2,2026-08-04T04:29:42.216301+00:00,2026-08-04T04:29:42.348961+00:00
ep_00524_CASCADING_FAILURE,INC-0741,CASCADING_FAILURE,P3,P1,P1,AUTO_APPROVED,system,No human response within timeout window.,1.0,0.0,Moderate,Imminent,1,P3 (Moderate) → P1 (Critical) — 2-level jump ⚠ LARGE JUMP,10,2,2026-08-04T04:29:42.372360+00:00,2026-08-04T04:29:42.502328+00:00
ep_00525_CACHE_STAMPEDE,INC-8037,CACHE_STAMPEDE,P3,P1,P1,AUTO_APPROVED,system,No human response within timeout window.,1.0,0.0,Moderate,Imminent,1,P3 (Moderate) → P1 (Critical) — 2-level jump ⚠ LARGE JUMP,10,2,2026-08-04T04:29:42.551648+00:00,2026-08-04T04:29:42.682245+00:00
ep_00526_DEPENDENCY_TIMEOUT,INC-1636,DEPENDENCY_TIMEOUT,P3,P1,P1,AUTO_APPROVED,system,No human response within timeout window.,0.9554,0.0,Moderate,Imminent,1,P3 (Moderate) → P1 (Critical) — 2-level jump ⚠ LARGE JUMP,10,2,2026-08-04T04:29:42.702208+00:00,2026-08-04T04:29:42.829526+00:00
ep_00527_CASCADING_FAILURE,INC-4999,CASCADING_FAILURE,P3,P1,P1,AUTO_APPROVED,system,No human response within timeout window.,1.0,0.0,Moderate,Imminent,1,P3 (Moderate) → P1 (Critical) — 2-level jump ⚠ LARGE JUMP,10,2,2026-08-04T04:29:42.855082+00:00,2026-08-04T04:29:43.008364+00:00
ep_00530_RETRY_STORM,INC-5296,RETRY_STORM,P3,P1,P1,AUTO_APPROVED,system,No human response within timeout window.,0.8978,0.0,Moderate,Imminent,1,P3 (Moderate) → P1 (Critical) — 2-level jump ⚠ LARGE JUMP,10,2,2026-08-04T04:29:43.038536+00:00,2026-08-04T04:29:43.176547+00:00
ep_00532_QUEUE_BACKUP,INC-8536,QUEUE_BACKUP,P3,P1,P1,AUTO_APPROVED,system,No human response within timeout window.,1.0,0.0,Moderate,Imminent,1,P3 (Moderate) → P1 (Critical) — 2-level jump ⚠ LARGE JUMP,10,2,2026-08-04T04:29:43.200063+00:00,2026-08-04T04:29:43.335422+00:00
ep_00538_DB_SLOWDOWN,INC-7467,DB_SLOWDOWN,P3,P1,P1,AUTO_APPROVED,system,No human response within timeout window.,0.7853,0.0,Moderate,Imminent,1,P3 (Moderate) → P1 (Critical) — 2-level jump ⚠ LARGE JUMP,10,2,2026-08-04T04:29:43.354130+00:00,2026-08-04T04:29:43.481363+00:00
ep_00540_ERROR_STORM,INC-7810,ERROR_STORM,P3,P1,P1,AUTO_APPROVED,system,No human response within timeout window.,0.7819,0.0,Moderate,Imminent,1,P3 (Moderate) → P1 (Critical) — 2-level jump ⚠ LARGE JUMP,10,2,2026-08-04T04:29:43.502942+00:00,2026-08-04T04:29:43.635412+00:00
ep_00541_DEPENDENCY_TIMEOUT,INC-0668,DEPENDENCY_TIMEOUT,P3,P1,P1,AUTO_APPROVED,system,No human response within timeout window.,1.0,0.0,Moderate,Imminent,1,P3 (Moderate) → P1 (Critical) — 2-level jump ⚠ LARGE JUMP,10,2,2026-08-04T04:29:43.652937+00:00,2026-08-04T04:29:43.779522+00:00
ep_00542_QUEUE_BACKUP,INC-9940,QUEUE_BACKUP,P3,P1,P1,AUTO_APPROVED,system,No human response within timeout window.,1.0,0.0,Moderate,Imminent,1,P3 (Moderate) → P1 (Critical) — 2-level jump ⚠ LARGE JUMP,10,2,2026-08-04T04:29:43.800532+00:00,2026-08-04T04:29:43.928925+00:00
ep_00544_CASCADING_FAILURE,INC-1403,CASCADING_FAILURE,P3,P1,P1,AUTO_APPROVED,system,No human response within timeout window.,1.0,0.0,Moderate,Imminent,1,P3 (Moderate) → P1 (Critical) — 2-level jump ⚠ LARGE JUMP,10,2,2026-08-04T04:29:43.946719+00:00,2026-08-04T04:29:44.074929+00:00
ep_00546_CASCADING_FAILURE,INC-3762,CASCADING_FAILURE,P3,P1,P1,AUTO_APPROVED,system,No human response within timeout window.,1.0,0.0,Moderate,Imminent,1,P3 (Moderate) → P1 (Critical) — 2-level jump ⚠ LARGE JUMP,10,2,2026-08-04T04:29:44.095003+00:00,2026-08-04T04:29:44.226794+00:00
ep_00548_BAD_DEPLOY,INC-6642,BAD_DEPLOY,P3,P1,P1,AUTO_APPROVED,system,No human response within timeout window.,0.8634,0.0,Moderate,Imminent,1,P3 (Moderate) → P1 (Critical) — 2-level jump ⚠ LARGE JUMP,10,2,2026-08-04T04:29:44.249234+00:00,2026-08-04T04:29:44.379386+00:00
ep_00550_CACHE_STAMPEDE,INC-9973,CACHE_STAMPEDE,P3,P1,P1,AUTO_APPROVED,system,No human response within timeout window.,1.0,0.0,Moderate,Imminent,1,P3 (Moderate) → P1 (Critical) — 2-level jump ⚠ LARGE JUMP,10,2,2026-08-04T04:29:44.399074+00:00,2026-08-04T04:29:44.526911+00:00
ep_00551_CPU_SATURATION,INC-3689,CPU_SATURATION,P3,P2,P2,AUTO_APPROVED,system,No human response within timeout window.,1.0,75.4,Moderate,Near,0,P3 (Moderate) → P2 (High) — 1-level jump,10,2,2026-08-04T04:29:44.547099+00:00,2026-08-04T04:29:44.677194+00:00
ep_00552_QUEUE_BACKUP,INC-8699,QUEUE_BACKUP,P3,P1,P1,AUTO_APPROVED,system,No human response within timeout window.,1.0,0.0,Moderate,Imminent,1,P3 (Moderate) → P1 (Critical) — 2-level jump ⚠ LARGE JUMP,10,2,2026-08-04T04:29:44.697018+00:00,2026-08-04T04:29:44.826231+00:00
ep_00554_CASCADING_FAILURE,INC-7971,CASCADING_FAILURE,P3,P1,P1,AUTO_APPROVED,system,No human response within timeout window.,1.0,0.0,Moderate,Imminent,1,P3 (Moderate) → P1 (Critical) — 2-level jump ⚠ LARGE JUMP,10,2,2026-08-04T04:29:44.844711+00:00,2026-08-04T04:29:44.975406+00:00
ep_00555_QUEUE_BACKUP,INC-4481,QUEUE_BACKUP,P3,P1,P1,AUTO_APPROVED,system,No human response within timeout window.,1.0,0.0,Moderate,Imminent,1,P3 (Moderate) → P1 (Critical) — 2-level jump ⚠ LARGE JUMP,10,2,2026-08-04T04:29:44.995511+00:00,2026-08-04T04:29:45.123005+00:00
ep_00556_BAD_DEPLOY,INC-6816,BAD_DEPLOY,P3,P1,P1,AUTO_APPROVED,system,No human response within timeout window.,0.9206,0.0,Moderate,Imminent,1,P3 (Moderate) → P1 (Critical) — 2-level jump ⚠ LARGE JUMP,10,2,2026-08-04T04:29:45.150407+00:00,2026-08-04T04:29:45.289106+00:00
ep_00557_RETRY_STORM,INC-8552,RETRY_STORM,P3,P1,P1,AUTO_APPROVED,system,No human response within timeout window.,0.8122,0.0,Moderate,Imminent,1,P3 (Moderate) → P1 (Critical) — 2-level jump ⚠ LARGE JUMP,10,2,2026-08-04T04:29:45.321019+00:00,2026-08-04T04:29:45.452775+00:00
ep_00559_ERROR_STORM,INC-6955,ERROR_STORM,P3,P1,P1,AUTO_APPROVED,system,No human response within timeout window.,0.7663,0.0,Moderate,Imminent,1,P3 (Moderate) → P1 (Critical) — 2-level jump ⚠ LARGE JUMP,10,2,2026-08-04T04:29:45.475365+00:00,2026-08-04T04:29:45.605194+00:00
ep_00562_QUEUE_BACKUP,INC-6365,QUEUE_BACKUP,P3,P1,P1,AUTO_APPROVED,system,No human response within timeout window.,1.0,0.0,Moderate,Imminent,1,P3 (Moderate) → P1 (Critical) — 2-level jump ⚠ LARGE JUMP,10,2,2026-08-04T04:29:45.625901+00:00,2026-08-04T04:29:45.760749+00:00
ep_00566_QUEUE_BACKUP,INC-1843,QUEUE_BACKUP,P3,P1,P1,AUTO_APPROVED,system,No human response within timeout window.,1.0,0.0,Moderate,Imminent,1,P3 (Moderate) → P1 (Critical) — 2-level jump ⚠ LARGE JUMP,10,2,2026-08-04T04:29:45.784386+00:00,2026-08-04T04:29:45.920022+00:00
ep_00570_CASCADING_FAILURE,INC-9017,CASCADING_FAILURE,P3,P2,P2,AUTO_APPROVED,system,No human response within timeout window.,1.0,66.19,Moderate,Near,0,P3 (Moderate) → P2 (High) — 1-level jump,10,2,2026-08-04T04:29:45.941580+00:00,2026-08-04T04:29:46.069074+00:00
ep_00574_DB_SLOWDOWN,INC-5266,DB_SLOWDOWN,P3,P1,P1,AUTO_APPROVED,system,No human response within timeout window.,0.8175,0.0,Moderate,Imminent,1,P3 (Moderate) → P1 (Critical) — 2-level jump ⚠ LARGE JUMP,10,2,2026-08-04T04:29:46.083711+00:00,2026-08-04T04:29:46.210187+00:00
ep_00575_RETRY_STORM,INC-7748,RETRY_STORM,P3,P1,P1,AUTO_APPROVED,system,No human response within timeout window.,0.8857,0.0,Moderate,Imminent,1,P3 (Moderate) → P1 (Critical) — 2-level jump ⚠ LARGE JUMP,10,2,2026-08-04T04:29:46.230269+00:00,2026-08-04T04:29:46.365248+00:00
ep_00577_QUEUE_BACKUP,INC-6546,QUEUE_BACKUP,P3,P1,P1,AUTO_APPROVED,system,No human response within timeout window.,1.0,0.0,Moderate,Imminent,1,P3 (Moderate) → P1 (Critical) — 2-level jump ⚠ LARGE JUMP,10,2,2026-08-04T04:29:46.385247+00:00,2026-08-04T04:29:46.514815+00:00
ep_00580_DEPENDENCY_TIMEOUT,INC-9242,DEPENDENCY_TIMEOUT,P3,P2,P2,AUTO_APPROVED,system,No human response within timeout window.,0.8592,88.77,Moderate,Near,0,P3 (Moderate) → P2 (High) — 1-level jump,10,2,2026-08-04T04:29:46.532371+00:00,2026-08-04T04:29:46.658217+00:00
ep_00583_CACHE_STAMPEDE,INC-9840,CACHE_STAMPEDE,P3,P1,P1,AUTO_APPROVED,system,No human response within timeout window.,1.0,0.0,Moderate,Imminent,1,P3 (Moderate) → P1 (Critical) — 2-level jump ⚠ LARGE JUMP,10,2,2026-08-04T04:29:46.681090+00:00,2026-08-04T04:29:46.812563+00:00
ep_00593_CASCADING_FAILURE,INC-0236,CASCADING_FAILURE,P3,P1,P1,AUTO_APPROVED,system,No human response within timeout window.,1.0,0.0,Moderate,Imminent,1,P3 (Moderate) → P1 (Critical) — 2-level jump ⚠ LARGE JUMP,10,2,2026-08-04T04:29:46.856659+00:00,2026-08-04T04:29:46.985525+00:00
ep_00594_QUEUE_BACKUP,INC-0439,QUEUE_BACKUP,P3,P1,P1,AUTO_APPROVED,system,No human response within timeout window.,1.0,0.0,Moderate,Imminent,1,P3 (Moderate) → P1 (Critical) — 2-level jump ⚠ LARGE JUMP,10,2,2026-08-04T04:29:47.003667+00:00,2026-08-04T04:29:47.132695+00:00
ep_00595_CASCADING_FAILURE,INC-1187,CASCADING_FAILURE,P3,P1,P1,AUTO_APPROVED,system,No human response within timeout window.,1.0,0.0,Moderate,Imminent,1,P3 (Moderate) → P1 (Critical) — 2-level jump ⚠ LARGE JUMP,10,2,2026-08-04T04:29:47.151633+00:00,2026-08-04T04:29:47.286730+00:00
ep_00596_RETRY_STORM,INC-2708,RETRY_STORM,P3,P2,P2,AUTO_APPROVED,system,No human response within timeout window.,0.9221,46.05,Moderate,Near,0,P3 (Moderate) → P2 (High) — 1-level jump,10,2,2026-08-04T04:29:47.305853+00:00,2026-08-04T04:29:47.434286+00:00
ep_00597_RETRY_STORM,INC-1070,RETRY_STORM,P3,P1,P1,AUTO_APPROVED,system,No human response within timeout window.,0.9208,0.0,Moderate,Imminent,1,P3 (Moderate) → P1 (Critical) — 2-level jump ⚠ LARGE JUMP,10,2,2026-08-04T04:29:47.464586+00:00,2026-08-04T04:29:47.608291+00:00
ep_00599_CASCADING_FAILURE,INC-4343,CASCADING_FAILURE,P3,P1,P1,AUTO_APPROVED,system,No human response within timeout window.,1.0,0.0,Moderate,Imminent,1,P3 (Moderate) → P1 (Critical) — 2-level jump ⚠ LARGE JUMP,10,2,2026-08-04T04:29:47.626883+00:00,2026-08-04T04:29:47.757874+00:00
ep_00602_ERROR_STORM,INC-0360,ERROR_STORM,P3,P1,P1,AUTO_APPROVED,system,No human response within timeout window.,0.7808,0.0,Moderate,Imminent,1,P3 (Moderate) → P1 (Critical) — 2-level jump ⚠ LARGE JUMP,10,2,2026-08-04T04:29:47.780156+00:00,2026-08-04T04:29:47.910867+00:00
ep_00604_BAD_DEPLOY,INC-0720,BAD_DEPLOY,P3,P1,P1,AUTO_APPROVED,system,No human response within timeout window.,0.9744,0.0,Moderate,Imminent,1,P3 (Moderate) → P1 (Critical) — 2-level jump ⚠ LARGE JUMP,10,2,2026-08-04T04:29:47.930117+00:00,2026-08-04T04:29:48.061462+00:00
ep_00606_BAD_DEPLOY,INC-0887,BAD_DEPLOY,P3,P1,P1,AUTO_APPROVED,system,No human response within timeout window.,0.8338,0.0,Moderate,Imminent,1,P3 (Moderate) → P1 (Critical) — 2-level jump ⚠ LARGE JUMP,10,2,2026-08-04T04:29:48.079021+00:00,2026-08-04T04:29:48.206616+00:00
ep_00612_RETRY_STORM,INC-1460,RETRY_STORM,P3,P1,P1,AUTO_APPROVED,system,No human response within timeout window.,0.8955,0.0,Moderate,Imminent,1,P3 (Moderate) → P1 (Critical) — 2-level jump ⚠ LARGE JUMP,10,2,2026-08-04T04:29:48.240107+00:00,2026-08-04T04:29:48.373303+00:00
ep_00614_CACHE_STAMPEDE,INC-2676,CACHE_STAMPEDE,P3,P2,P2,AUTO_APPROVED,system,No human response within timeout window.,1.0,63.88,Moderate,Near,0,P3 (Moderate) → P2 (High) — 1-level jump,10,2,2026-08-04T04:29:48.403647+00:00,2026-08-04T04:29:48.534910+00:00
ep_00615_CACHE_STAMPEDE,INC-3420,CACHE_STAMPEDE,P3,P1,P1,AUTO_APPROVED,system,No human response within timeout window.,1.0,0.0,Moderate,Imminent,1,P3 (Moderate) → P1 (Critical) — 2-level jump ⚠ LARGE JUMP,10,2,2026-08-04T04:29:48.556504+00:00,2026-08-04T04:29:48.692704+00:00
ep_00618_QUEUE_BACKUP,INC-8805,QUEUE_BACKUP,P3,P1,P1,AUTO_APPROVED,system,No human response within timeout window.,1.0,0.0,Moderate,Imminent,1,P3 (Moderate) → P1 (Critical) — 2-level jump ⚠ LARGE JUMP,10,2,2026-08-04T04:29:48.709277+00:00,2026-08-04T04:29:48.850565+00:00
ep_00621_BAD_DEPLOY,INC-6936,BAD_DEPLOY,P3,P1,P1,AUTO_APPROVED,system,No human response within timeout window.,0.8613,0.0,Moderate,Imminent,1,P3 (Moderate) → P1 (Critical) — 2-level jump ⚠ LARGE JUMP,10,2,2026-08-04T04:29:48.874448+00:00,2026-08-04T04:29:49.002882+00:00
ep_00623_ERROR_STORM,INC-8906,ERROR_STORM,P3,P1,P1,AUTO_APPROVED,system,No human response within timeout window.,0.8092,0.0,Moderate,Imminent,1,P3 (Moderate) → P1 (Critical) — 2-level jump ⚠ LARGE JUMP,10,2,2026-08-04T04:29:49.018685+00:00,2026-08-04T04:29:49.146269+00:00
ep_00625_DEPENDENCY_TIMEOUT,INC-0494,DEPENDENCY_TIMEOUT,P3,P1,P1,AUTO_APPROVED,system,No human response within timeout window.,0.8833,0.0,Moderate,Imminent,1,P3 (Moderate) → P1 (Critical) — 2-level jump ⚠ LARGE JUMP,10,2,2026-08-04T04:29:49.172556+00:00,2026-08-04T04:29:49.307423+00:00
ep_00626_RETRY_STORM,INC-3240,RETRY_STORM,P3,P1,P1,AUTO_APPROVED,system,No human response within timeout window.,0.9038,0.0,Moderate,Imminent,1,P3 (Moderate) → P1 (Critical) — 2-level jump ⚠ LARGE JUMP,10,2,2026-08-04T04:29:49.343164+00:00,2026-08-04T04:29:49.489385+00:00
ep_00628_QUEUE_BACKUP,INC-4079,QUEUE_BACKUP,P3,P1,P1,AUTO_APPROVED,system,No human response within timeout window.,1.0,0.0,Moderate,Imminent,1,P3 (Moderate) → P1 (Critical) — 2-level jump ⚠ LARGE JUMP,10,2,2026-08-04T04:29:49.510671+00:00,2026-08-04T04:29:49.649551+00:00
ep_00633_DEPENDENCY_TIMEOUT,INC-5848,DEPENDENCY_TIMEOUT,P3,P2,P2,AUTO_APPROVED,system,No human response within timeout window.,0.8683,118.01,Moderate,Near,0,P3 (Moderate) → P2 (High) — 1-level jump,10,2,2026-08-04T04:29:49.672799+00:00,2026-08-04T04:29:49.805397+00:00
ep_00636_DEPENDENCY_TIMEOUT,INC-2638,DEPENDENCY_TIMEOUT,P3,P1,P1,AUTO_APPROVED,system,No human response within timeout window.,0.9289,0.0,Moderate,Imminent,1,P3 (Moderate) → P1 (Critical) — 2-level jump ⚠ LARGE JUMP,10,2,2026-08-04T04:29:49.836309+00:00,2026-08-04T04:29:49.974682+00:00
ep_00638_CPU_SATURATION,INC-0215,CPU_SATURATION,P3,P1,P1,AUTO_APPROVED,system,No human response within timeout window.,1.0,0.0,Moderate,Imminent,1,P3 (Moderate) → P1 (Critical) — 2-level jump ⚠ LARGE JUMP,10,2,2026-08-04T04:29:50.000167+00:00,2026-08-04T04:29:50.139044+00:00
ep_00640_QUEUE_BACKUP,INC-6979,QUEUE_BACKUP,P3,P1,P1,AUTO_APPROVED,system,No human response within timeout window.,1.0,0.0,Moderate,Imminent,1,P3 (Moderate) → P1 (Critical) — 2-level jump ⚠ LARGE JUMP,10,2,2026-08-04T04:29:50.175005+00:00,2026-08-04T04:29:50.313569+00:00
ep_00642_QUEUE_BACKUP,INC-0994,QUEUE_BACKUP,P3,P1,P1,AUTO_APPROVED,system,No human response within timeout window.,1.0,0.0,Moderate,Imminent,1,P3 (Moderate) → P1 (Critical) — 2-level jump ⚠ LARGE JUMP,10,2,2026-08-04T04:29:50.333267+00:00,2026-08-04T04:29:50.466617+00:00
ep_00645_CPU_SATURATION,INC-2170,CPU_SATURATION,P3,P1,P1,AUTO_APPROVED,system,No human response within timeout window.,1.0,0.0,Moderate,Imminent,1,P3 (Moderate) → P1 (Critical) — 2-level jump ⚠ LARGE JUMP,10,2,2026-08-04T04:29:50.498541+00:00,2026-08-04T04:29:50.642263+00:00
ep_00646_CACHE_STAMPEDE,INC-4085,CACHE_STAMPEDE,P3,P1,P1,AUTO_APPROVED,system,No human response within timeout window.,1.0,0.0,Moderate,Imminent,1,P3 (Moderate) → P1 (Critical) — 2-level jump ⚠ LARGE JUMP,10,2,2026-08-04T04:29:50.662132+00:00,2026-08-04T04:29:50.798727+00:00
ep_00649_CASCADING_FAILURE,INC-4162,CASCADING_FAILURE,P3,P1,P1,AUTO_APPROVED,system,No human response within timeout window.,1.0,0.0,Moderate,Imminent,1,P3 (Moderate) → P1 (Critical) — 2-level jump ⚠ LARGE JUMP,10,2,2026-08-04T04:29:50.822017+00:00,2026-08-04T04:29:50.954506+00:00
ep_00653_DEPENDENCY_TIMEOUT,INC-0304,DEPENDENCY_TIMEOUT,P3,P2,P2,AUTO_APPROVED,system,No human response within timeout window.,0.8939,91.84,Moderate,Near,0,P3 (Moderate) → P2 (High) — 1-level jump,10,2,2026-08-04T04:29:50.975742+00:00,2026-08-04T04:29:51.105638+00:00
ep_00655_DEPENDENCY_TIMEOUT,INC-6316,DEPENDENCY_TIMEOUT,P3,P1,P1,AUTO_APPROVED,system,No human response within timeout window.,0.8754,0.0,Moderate,Imminent,1,P3 (Moderate) → P1 (Critical) — 2-level jump ⚠ LARGE JUMP,10,2,2026-08-04T04:29:51.133648+00:00,2026-08-04T04:29:51.260141+00:00
ep_00657_RETRY_STORM,INC-0675,RETRY_STORM,P3,P2,P2,AUTO_APPROVED,system,No human response within timeout window.,0.8532,72.91,Moderate,Near,0,P3 (Moderate) → P2 (High) — 1-level jump,10,2,2026-08-04T04:29:51.304691+00:00,2026-08-04T04:29:51.433842+00:00
ep_00658_QUEUE_BACKUP,INC-3553,QUEUE_BACKUP,P3,P1,P1,AUTO_APPROVED,system,No human response within timeout window.,1.0,0.0,Moderate,Imminent,1,P3 (Moderate) → P1 (Critical) — 2-level jump ⚠ LARGE JUMP,10,2,2026-08-04T04:29:51.451475+00:00,2026-08-04T04:29:51.579819+00:00
ep_00659_DEPENDENCY_TIMEOUT,INC-5409,DEPENDENCY_TIMEOUT,P3,P1,P1,AUTO_APPROVED,system,No human response within timeout window.,0.9111,0.0,Moderate,Imminent,1,P3 (Moderate) → P1 (Critical) — 2-level jump ⚠ LARGE JUMP,10,2,2026-08-04T04:29:51.600188+00:00,2026-08-04T04:29:51.735230+00:00
ep_00663_QUEUE_BACKUP,INC-7555,QUEUE_BACKUP,P3,P1,P1,AUTO_APPROVED,system,No human response within timeout window.,1.0,0.0,Moderate,Imminent,1,P3 (Moderate) → P1 (Critical) — 2-level jump ⚠ LARGE JUMP,10,2,2026-08-04T04:29:51.750639+00:00,2026-08-04T04:29:51.875406+00:00
ep_00667_BAD_DEPLOY,INC-7047,BAD_DEPLOY,P3,P1,P1,AUTO_APPROVED,system,No human response within timeout window.,0.9093,0.0,Moderate,Imminent,1,P3 (Moderate) → P1 (Critical) — 2-level jump ⚠ LARGE JUMP,10,2,2026-08-04T04:29:51.896788+00:00,2026-08-04T04:29:52.026015+00:00
ep_00669_RETRY_STORM,INC-9022,RETRY_STORM,P3,P1,P1,AUTO_APPROVED,system,No human response within timeout window.,0.8785,0.0,Moderate,Imminent,1,P3 (Moderate) → P1 (Critical) — 2-level jump ⚠ LARGE JUMP,10,2,2026-08-04T04:29:52.055174+00:00,2026-08-04T04:29:52.194394+00:00
ep_00671_BAD_DEPLOY,INC-2669,BAD_DEPLOY,P3,P1,P1,AUTO_APPROVED,system,No human response within timeout window.,0.8841,0.0,Moderate,Imminent,1,P3 (Moderate) → P1 (Critical) — 2-level jump ⚠ LARGE JUMP,10,2,2026-08-04T04:29:52.215492+00:00,2026-08-04T04:29:52.349774+00:00
ep_00673_BAD_DEPLOY,INC-5465,BAD_DEPLOY,P3,P1,P1,AUTO_APPROVED,system,No human response within timeout window.,0.8868,0.0,Moderate,Imminent,1,P3 (Moderate) → P1 (Critical) — 2-level jump ⚠ LARGE JUMP,10,2,2026-08-04T04:29:52.371799+00:00,2026-08-04T04:29:52.500477+00:00
ep_00676_CACHE_STAMPEDE,INC-7990,CACHE_STAMPEDE,P3,P1,P1,AUTO_APPROVED,system,No human response within timeout window.,1.0,0.0,Moderate,Imminent,1,P3 (Moderate) → P1 (Critical) — 2-level jump ⚠ LARGE JUMP,10,2,2026-08-04T04:29:52.521063+00:00,2026-08-04T04:29:52.648807+00:00
ep_00677_QUEUE_BACKUP,INC-2640,QUEUE_BACKUP,P3,P1,P1,AUTO_APPROVED,system,No human response within timeout window.,1.0,0.0,Moderate,Imminent,1,P3 (Moderate) → P1 (Critical) — 2-level jump ⚠ LARGE JUMP,10,2,2026-08-04T04:29:52.666074+00:00,2026-08-04T04:29:52.797060+00:00
ep_00678_CASCADING_FAILURE,INC-9460,CASCADING_FAILURE,P3,P1,P1,AUTO_APPROVED,system,No human response within timeout window.,1.0,0.0,Moderate,Imminent,1,P3 (Moderate) → P1 (Critical) — 2-level jump ⚠ LARGE JUMP,10,2,2026-08-04T04:29:52.811694+00:00,2026-08-04T04:29:52.937953+00:00
ep_00680_RETRY_STORM,INC-5066,RETRY_STORM,P3,P1,P1,AUTO_APPROVED,system,No human response within timeout window.,0.8591,0.0,Moderate,Imminent,1,P3 (Moderate) → P1 (Critical) — 2-level jump ⚠ LARGE JUMP,10,2,2026-08-04T04:29:52.974448+00:00,2026-08-04T04:29:53.122893+00:00
ep_00681_BAD_DEPLOY,INC-1533,BAD_DEPLOY,P3,P1,P1,AUTO_APPROVED,system,No human response within timeout window.,0.9443,0.0,Moderate,Imminent,1,P3 (Moderate) → P1 (Critical) — 2-level jump ⚠ LARGE JUMP,10,2,2026-08-04T04:29:53.140029+00:00,2026-08-04T04:29:53.275780+00:00
ep_00682_CASCADING_FAILURE,INC-7410,CASCADING_FAILURE,P3,P1,P1,AUTO_APPROVED,system,No human response within timeout window.,1.0,0.0,Moderate,Imminent,1,P3 (Moderate) → P1 (Critical) — 2-level jump ⚠ LARGE JUMP,10,2,2026-08-04T04:29:53.295835+00:00,2026-08-04T04:29:53.424406+00:00
ep_00684_CPU_SATURATION,INC-0945,CPU_SATURATION,P3,P1,P1,AUTO_APPROVED,system,No human response within timeout window.,1.0,0.0,Moderate,Imminent,1,P3 (Moderate) → P1 (Critical) — 2-level jump ⚠ LARGE JUMP,10,2,2026-08-04T04:29:53.450043+00:00,2026-08-04T04:29:53.586229+00:00
ep_00685_DEPENDENCY_TIMEOUT,INC-4750,DEPENDENCY_TIMEOUT,P3,P1,P1,AUTO_APPROVED,system,No human response within timeout window.,0.8945,0.0,Moderate,Imminent,1,P3 (Moderate) → P1 (Critical) — 2-level jump ⚠ LARGE JUMP,10,2,2026-08-04T04:29:53.607287+00:00,2026-08-04T04:29:53.737610+00:00
ep_00686_CASCADING_FAILURE,INC-6563,CASCADING_FAILURE,P3,P1,P1,AUTO_APPROVED,system,No human response within timeout window.,1.0,0.0,Moderate,Imminent,1,P3 (Moderate) → P1 (Critical) — 2-level jump ⚠ LARGE JUMP,10,2,2026-08-04T04:29:53.762319+00:00,2026-08-04T04:29:53.897448+00:00
ep_00691_QUEUE_BACKUP,INC-5794,QUEUE_BACKUP,P3,P1,P1,AUTO_APPROVED,system,No human response within timeout window.,1.0,0.0,Moderate,Imminent,1,P3 (Moderate) → P1 (Critical) — 2-level jump ⚠ LARGE JUMP,10,2,2026-08-04T04:29:53.917453+00:00,2026-08-04T04:29:54.051331+00:00
ep_00692_QUEUE_BACKUP,INC-2429,QUEUE_BACKUP,P3,P1,P1,AUTO_APPROVED,system,No human response within timeout window.,1.0,0.0,Moderate,Imminent,1,P3 (Moderate) → P1 (Critical) — 2-level jump ⚠ LARGE JUMP,10,2,2026-08-04T04:29:54.075240+00:00,2026-08-04T04:29:54.211337+00:00
ep_00694_QUEUE_BACKUP,INC-4610,QUEUE_BACKUP,P3,P1,P1,AUTO_APPROVED,system,No human response within timeout window.,1.0,0.0,Moderate,Imminent,1,P3 (Moderate) → P1 (Critical) — 2-level jump ⚠ LARGE JUMP,10,2,2026-08-04T04:29:54.230479+00:00,2026-08-04T04:29:54.354701+00:00
ep_00696_QUEUE_BACKUP,INC-0629,QUEUE_BACKUP,P3,P1,P1,AUTO_APPROVED,system,No human response within timeout window.,1.0,0.0,Moderate,Imminent,1,P3 (Moderate) → P1 (Critical) — 2-level jump ⚠ LARGE JUMP,10,2,2026-08-04T04:29:54.373807+00:00,2026-08-04T04:29:54.504105+00:00
ep_00697_QUEUE_BACKUP,INC-6929,QUEUE_BACKUP,P3,P1,P1,AUTO_APPROVED,system,No human response within timeout window.,1.0,0.0,Moderate,Imminent,1,P3 (Moderate) → P1 (Critical) — 2-level jump ⚠ LARGE JUMP,10,2,2026-08-04T04:29:54.528623+00:00,2026-08-04T04:29:54.666161+00:00
ep_00698_CASCADING_FAILURE,INC-9916,CASCADING_FAILURE,P3,P1,P1,AUTO_APPROVED,system,No human response within timeout window.,1.0,0.0,Moderate,Imminent,1,P3 (Moderate) → P1 (Critical) — 2-level jump ⚠ LARGE JUMP,10,2,2026-08-04T04:29:54.686787+00:00,2026-08-04T04:29:54.821806+00:00
ep_00699_CACHE_STAMPEDE,INC-3019,CACHE_STAMPEDE,P3,P2,P2,AUTO_APPROVED,system,No human response within timeout window.,1.0,45.28,Moderate,Near,0,P3 (Moderate) → P2 (High) — 1-level jump,10,2,2026-08-04T04:29:54.839362+00:00,2026-08-04T04:29:54.965226+00:00
ep_00704_DEPENDENCY_TIMEOUT,INC-7279,DEPENDENCY_TIMEOUT,P3,P1,P1,AUTO_APPROVED,system,No human response within timeout window.,0.93,0.0,Moderate,Imminent,1,P3 (Moderate) → P1 (Critical) — 2-level jump ⚠ LARGE JUMP,10,2,2026-08-04T04:29:54.982210+00:00,2026-08-04T04:29:55.110029+00:00
ep_00705_DEPENDENCY_TIMEOUT,INC-9309,DEPENDENCY_TIMEOUT,P3,P1,P1,AUTO_APPROVED,system,No human response within timeout window.,0.9227,0.0,Moderate,Imminent,1,P3 (Moderate) → P1 (Critical) — 2-level jump ⚠ LARGE JUMP,10,2,2026-08-04T04:29:55.129943+00:00,2026-08-04T04:29:55.260259+00:00
ep_00706_ERROR_STORM,INC-8587,ERROR_STORM,P3,P1,P1,AUTO_APPROVED,system,No human response within timeout window.,0.8178,0.0,Moderate,Imminent,1,P3 (Moderate) → P1 (Critical) — 2-level jump ⚠ LARGE JUMP,10,2,2026-08-04T04:29:55.286981+00:00,2026-08-04T04:29:55.416853+00:00
ep_00711_CACHE_STAMPEDE,INC-8703,CACHE_STAMPEDE,P3,P1,P1,AUTO_APPROVED,system,No human response within timeout window.,1.0,0.0,Moderate,Imminent,1,P3 (Moderate) → P1 (Critical) — 2-level jump ⚠ LARGE JUMP,10,2,2026-08-04T04:29:55.441849+00:00,2026-08-04T04:29:55.572332+00:00
ep_00713_DB_SLOWDOWN,INC-3677,DB_SLOWDOWN,P3,P1,P1,AUTO_APPROVED,system,No human response within timeout window.,0.7799,0.0,Moderate,Imminent,1,P3 (Moderate) → P1 (Critical) — 2-level jump ⚠ LARGE JUMP,10,2,2026-08-04T04:29:55.615176+00:00,2026-08-04T04:29:55.743243+00:00
ep_00715_BAD_DEPLOY,INC-8717,BAD_DEPLOY,P3,P1,P1,AUTO_APPROVED,system,No human response within timeout window.,0.8835,0.0,Moderate,Imminent,1,P3 (Moderate) → P1 (Critical) — 2-level jump ⚠ LARGE JUMP,10,2,2026-08-04T04:29:55.762664+00:00,2026-08-04T04:29:55.891893+00:00
ep_00716_RETRY_STORM,INC-8273,RETRY_STORM,P3,P1,P1,AUTO_APPROVED,system,No human response within timeout window.,0.827,0.0,Moderate,Imminent,1,P3 (Moderate) → P1 (Critical) — 2-level jump ⚠ LARGE JUMP,10,2,2026-08-04T04:29:55.910188+00:00,2026-08-04T04:29:56.037675+00:00
ep_00718_BAD_DEPLOY,INC-4266,BAD_DEPLOY,P3,P1,P1,AUTO_APPROVED,system,No human response within timeout window.,0.9511,0.0,Moderate,Imminent,1,P3 (Moderate) → P1 (Critical) — 2-level jump ⚠ LARGE JUMP,10,2,2026-08-04T04:29:56.057860+00:00,2026-08-04T04:29:56.185540+00:00
ep_00727_BAD_DEPLOY,INC-2250,BAD_DEPLOY,P3,P1,P1,AUTO_APPROVED,system,No human response within timeout window.,0.8637,0.0,Moderate,Imminent,1,P3 (Moderate) → P1 (Critical) — 2-level jump ⚠ LARGE JUMP,10,2,2026-08-04T04:29:56.204544+00:00,2026-08-04T04:29:56.335326+00:00
ep_00729_CASCADING_FAILURE,INC-8828,CASCADING_FAILURE,P3,P1,P1,AUTO_APPROVED,system,No human response within timeout window.,1.0,0.0,Moderate,Imminent,1,P3 (Moderate) → P1 (Critical) — 2-level jump ⚠ LARGE JUMP,10,2,2026-08-04T04:29:56.352109+00:00,2026-08-04T04:29:56.480704+00:00
ep_00730_RETRY_STORM,INC-6622,RETRY_STORM,P3,P1,P1,AUTO_APPROVED,system,No human response within timeout window.,0.8289,0.0,Moderate,Imminent,1,P3 (Moderate) → P1 (Critical) — 2-level jump ⚠ LARGE JUMP,10,2,2026-08-04T04:29:56.501479+00:00,2026-08-04T04:29:56.634928+00:00
ep_00734_CASCADING_FAILURE,INC-1443,CASCADING_FAILURE,P3,P1,P1,AUTO_APPROVED,system,No human response within timeout window.,1.0,0.0,Moderate,Imminent,1,P3 (Moderate) → P1 (Critical) — 2-level jump ⚠ LARGE JUMP,10,2,2026-08-04T04:29:56.661068+00:00,2026-08-04T04:29:56.793906+00:00
ep_00735_CACHE_STAMPEDE,INC-7003,CACHE_STAMPEDE,P3,P1,P1,AUTO_APPROVED,system,No human response within timeout window.,1.0,0.0,Moderate,Imminent,1,P3 (Moderate) → P1 (Critical) — 2-level jump ⚠ LARGE JUMP,10,2,2026-08-04T04:29:56.817568+00:00,2026-08-04T04:29:56.948632+00:00
ep_00737_CPU_SATURATION,INC-7638,CPU_SATURATION,P3,P1,P1,AUTO_APPROVED,system,No human response within timeout window.,1.0,0.0,Moderate,Imminent,1,P3 (Moderate) → P1 (Critical) — 2-level jump ⚠ LARGE JUMP,10,2,2026-08-04T04:29:56.971333+00:00,2026-08-04T04:29:57.103137+00:00
ep_00739_BAD_DEPLOY,INC-0972,BAD_DEPLOY,P3,P1,P1,AUTO_APPROVED,system,No human response within timeout window.,0.8584,0.0,Moderate,Imminent,1,P3 (Moderate) → P1 (Critical) — 2-level jump ⚠ LARGE JUMP,10,2,2026-08-04T04:29:57.120904+00:00,2026-08-04T04:29:57.250376+00:00
ep_00740_CPU_SATURATION,INC-6369,CPU_SATURATION,P3,P1,P1,AUTO_APPROVED,system,No human response within timeout window.,1.0,0.0,Moderate,Imminent,1,P3 (Moderate) → P1 (Critical) — 2-level jump ⚠ LARGE JUMP,10,2,2026-08-04T04:29:57.273633+00:00,2026-08-04T04:29:57.407900+00:00
ep_00743_DB_SLOWDOWN,INC-0849,DB_SLOWDOWN,P3,P1,P1,AUTO_APPROVED,system,No human response within timeout window.,0.7844,0.0,Moderate,Imminent,1,P3 (Moderate) → P1 (Critical) — 2-level jump ⚠ LARGE JUMP,10,2,2026-08-04T04:29:57.427624+00:00,2026-08-04T04:29:57.556050+00:00
ep_00746_CACHE_STAMPEDE,INC-4223,CACHE_STAMPEDE,P3,P1,P1,AUTO_APPROVED,system,No human response within timeout window.,1.0,0.0,Moderate,Imminent,1,P3 (Moderate) → P1 (Critical) — 2-level jump ⚠ LARGE JUMP,10,2,2026-08-04T04:29:57.573128+00:00,2026-08-04T04:29:57.702018+00:00
ep_00747_CASCADING_FAILURE,INC-4153,CASCADING_FAILURE,P3,P1,P1,AUTO_APPROVED,system,No human response within timeout window.,1.0,0.0,Moderate,Imminent,1,P3 (Moderate) → P1 (Critical) — 2-level jump ⚠ LARGE JUMP,10,2,2026-08-04T04:29:57.720620+00:00,2026-08-04T04:29:57.850372+00:00
ep_00749_CACHE_STAMPEDE,INC-6970,CACHE_STAMPEDE,P3,P1,P1,AUTO_APPROVED,system,No human response within timeout window.,1.0,0.0,Moderate,Imminent,1,P3 (Moderate) → P1 (Critical) — 2-level jump ⚠ LARGE JUMP,10,2,2026-08-04T04:29:57.870908+00:00,2026-08-04T04:29:58.003248+00:00
ep_00751_RETRY_STORM,INC-6842,RETRY_STORM,P3,P1,P1,AUTO_APPROVED,system,No human response within timeout window.,0.8417,0.0,Moderate,Imminent,1,P3 (Moderate) → P1 (Critical) — 2-level jump ⚠ LARGE JUMP,10,2,2026-08-04T04:29:58.026381+00:00,2026-08-04T04:29:58.156931+00:00
ep_00752_CASCADING_FAILURE,INC-8424,CASCADING_FAILURE,P3,P1,P1,AUTO_APPROVED,system,No human response within timeout window.,1.0,0.0,Moderate,Imminent,1,P3 (Moderate) → P1 (Critical) — 2-level jump ⚠ LARGE JUMP,10,2,2026-08-04T04:29:58.172473+00:00,2026-08-04T04:29:58.298810+00:00
ep_00753_ERROR_STORM,INC-5327,ERROR_STORM,P3,P1,P1,AUTO_APPROVED,system,No human response within timeout window.,0.8606,0.0,Moderate,Imminent,1,P3 (Moderate) → P1 (Critical) — 2-level jump ⚠ LARGE JUMP,10,2,2026-08-04T04:29:58.318491+00:00,2026-08-04T04:29:58.446982+00:00
ep_00755_CACHE_STAMPEDE,INC-0004,CACHE_STAMPEDE,P3,P1,P1,AUTO_APPROVED,system,No human response within timeout window.,1.0,0.0,Moderate,Imminent,1,P3 (Moderate) → P1 (Critical) — 2-level jump ⚠ LARGE JUMP,10,2,2026-08-04T04:29:58.464269+00:00,2026-08-04T04:29:58.594808+00:00
ep_00757_RETRY_STORM,INC-5930,RETRY_STORM,P3,P1,P1,AUTO_APPROVED,system,No human response within timeout window.,0.8633,15.09,Moderate,Imminent,1,P3 (Moderate) → P1 (Critical) — 2-level jump ⚠ LARGE JUMP,10,2,2026-08-04T04:29:58.614859+00:00,2026-08-04T04:29:58.740409+00:00
ep_00758_CACHE_STAMPEDE,INC-7685,CACHE_STAMPEDE,P3,P1,P1,AUTO_APPROVED,system,No human response within timeout window.,1.0,0.0,Moderate,Imminent,1,P3 (Moderate) → P1 (Critical) — 2-level jump ⚠ LARGE JUMP,10,2,2026-08-04T04:29:58.765104+00:00,2026-08-04T04:29:58.898968+00:00
ep_00760_DB_SLOWDOWN,INC-9896,DB_SLOWDOWN,P3,P1,P1,AUTO_APPROVED,system,No human response within timeout window.,0.7709,0.0,Moderate,Imminent,1,P3 (Moderate) → P1 (Critical) — 2-level jump ⚠ LARGE JUMP,10,2,2026-08-04T04:29:58.925942+00:00,2026-08-04T04:29:59.061895+00:00
ep_00761_QUEUE_BACKUP,INC-5211,QUEUE_BACKUP,P3,P1,P1,AUTO_APPROVED,system,No human response within timeout window.,1.0,0.0,Moderate,Imminent,1,P3 (Moderate) → P1 (Critical) — 2-level jump ⚠ LARGE JUMP,10,2,2026-08-04T04:29:59.088405+00:00,2026-08-04T04:29:59.229267+00:00
ep_00763_CASCADING_FAILURE,INC-4849,CASCADING_FAILURE,P3,P1,P1,AUTO_APPROVED,system,No human response within timeout window.,1.0,0.0,Moderate,Imminent,1,P3 (Moderate) → P1 (Critical) — 2-level jump ⚠ LARGE JUMP,10,2,2026-08-04T04:29:59.251005+00:00,2026-08-04T04:29:59.384737+00:00
ep_00766_RETRY_STORM,INC-1157,RETRY_STORM,P3,P1,P1,AUTO_APPROVED,system,No human response within timeout window.,0.9775,0.0,Moderate,Imminent,1,P3 (Moderate) → P1 (Critical) — 2-level jump ⚠ LARGE JUMP,10,2,2026-08-04T04:29:59.405192+00:00,2026-08-04T04:29:59.538221+00:00
ep_00770_CACHE_STAMPEDE,INC-8444,CACHE_STAMPEDE,P3,P1,P1,AUTO_APPROVED,system,No human response within timeout window.,1.0,0.0,Moderate,Imminent,1,P3 (Moderate) → P1 (Critical) — 2-level jump ⚠ LARGE JUMP,10,2,2026-08-04T04:29:59.555641+00:00,2026-08-04T04:29:59.686796+00:00
ep_00775_BAD_DEPLOY,INC-9566,BAD_DEPLOY,P3,P2,P2,AUTO_APPROVED,system,No human response within timeout window.,0.8937,43.91,Moderate,Near,0,P3 (Moderate) → P2 (High) — 1-level jump,10,2,2026-08-04T04:29:59.705080+00:00,2026-08-04T04:29:59.832674+00:00
ep_00780_CACHE_STAMPEDE,INC-1944,CACHE_STAMPEDE,P3,P1,P1,AUTO_APPROVED,system,No human response within timeout window.,1.0,0.0,Moderate,Imminent,1,P3 (Moderate) → P1 (Critical) — 2-level jump ⚠ LARGE JUMP,10,2,2026-08-04T04:29:59.883110+00:00,2026-08-04T04:30:00.016483+00:00
ep_00781_DEPENDENCY_TIMEOUT,INC-4130,DEPENDENCY_TIMEOUT,P3,P1,P1,AUTO_APPROVED,system,No human response within timeout window.,0.9412,0.0,Moderate,Imminent,1,P3 (Moderate) → P1 (Critical) — 2-level jump ⚠ LARGE JUMP,10,2,2026-08-04T04:30:00.046679+00:00,2026-08-04T04:30:00.179193+00:00
ep_00783_BAD_DEPLOY,INC-1360,BAD_DEPLOY,P3,P1,P1,AUTO_APPROVED,system,No human response within timeout window.,0.8405,0.0,Moderate,Imminent,1,P3 (Moderate) → P1 (Critical) — 2-level jump ⚠ LARGE JUMP,10,2,2026-08-04T04:30:00.198234+00:00,2026-08-04T04:30:00.324180+00:00
ep_00785_CPU_SATURATION,INC-3242,CPU_SATURATION,P3,P1,P1,AUTO_APPROVED,system,No human response within timeout window.,1.0,0.0,Moderate,Imminent,1,P3 (Moderate) → P1 (Critical) — 2-level jump ⚠ LARGE JUMP,10,2,2026-08-04T04:30:00.344209+00:00,2026-08-04T04:30:00.469717+00:00
ep_00787_QUEUE_BACKUP,INC-0099,QUEUE_BACKUP,P3,P1,P1,AUTO_APPROVED,system,No human response within timeout window.,1.0,0.0,Moderate,Imminent,1,P3 (Moderate) → P1 (Critical) — 2-level jump ⚠ LARGE JUMP,10,2,2026-08-04T04:30:00.489113+00:00,2026-08-04T04:30:00.616944+00:00
ep_00788_DEPENDENCY_TIMEOUT,INC-4697,DEPENDENCY_TIMEOUT,P3,P1,P1,AUTO_APPROVED,system,No human response within timeout window.,0.8997,0.0,Moderate,Imminent,1,P3 (Moderate) → P1 (Critical) — 2-level jump ⚠ LARGE JUMP,10,2,2026-08-04T04:30:00.637729+00:00,2026-08-04T04:30:00.772084+00:00
ep_00791_QUEUE_BACKUP,INC-5802,QUEUE_BACKUP,P3,P1,P1,AUTO_APPROVED,system,No human response within timeout window.,1.0,0.0,Moderate,Imminent,1,P3 (Moderate) → P1 (Critical) — 2-level jump ⚠ LARGE JUMP,10,2,2026-08-04T04:30:00.791945+00:00,2026-08-04T04:30:00.921982+00:00
ep_00795_CASCADING_FAILURE,INC-4004,CASCADING_FAILURE,P3,P1,P1,AUTO_APPROVED,system,No human response within timeout window.,1.0,0.0,Moderate,Imminent,1,P3 (Moderate) → P1 (Critical) — 2-level jump ⚠ LARGE JUMP,10,2,2026-08-04T04:30:00.946835+00:00,2026-08-04T04:30:01.074550+00:00
ep_00796_CPU_SATURATION,INC-1846,CPU_SATURATION,P3,P2,P2,AUTO_APPROVED,system,No human response within timeout window.,1.0,42.4,Moderate,Near,0,P3 (Moderate) → P2 (High) — 1-level jump,10,2,2026-08-04T04:30:01.100622+00:00,2026-08-04T04:30:01.236778+00:00
ep_00797_DEPENDENCY_TIMEOUT,INC-7161,DEPENDENCY_TIMEOUT,P3,P1,P1,AUTO_APPROVED,system,No human response within timeout window.,0.8546,0.0,Moderate,Imminent,1,P3 (Moderate) → P1 (Critical) — 2-level jump ⚠ LARGE JUMP,10,2,2026-08-04T04:30:01.259840+00:00,2026-08-04T04:30:01.388263+00:00
ep_00799_QUEUE_BACKUP,INC-2960,QUEUE_BACKUP,P3,P1,P1,AUTO_APPROVED,system,No human response within timeout window.,1.0,0.0,Moderate,Imminent,1,P3 (Moderate) → P1 (Critical) — 2-level jump ⚠ LARGE JUMP,10,2,2026-08-04T04:30:01.405254+00:00,2026-08-04T04:30:01.537907+00:00
ep_00800_DEPENDENCY_TIMEOUT,INC-9222,DEPENDENCY_TIMEOUT,P3,P1,P1,AUTO_APPROVED,system,No human response within timeout window.,0.9508,0.0,Moderate,Imminent,1,P3 (Moderate) → P1 (Critical) — 2-level jump ⚠ LARGE JUMP,10,2,2026-08-04T04:30:01.557451+00:00,2026-08-04T04:30:01.690496+00:00
ep_00801_RETRY_STORM,INC-8686,RETRY_STORM,P3,P1,P1,AUTO_APPROVED,system,No human response within timeout window.,0.8823,0.0,Moderate,Imminent,1,P3 (Moderate) → P1 (Critical) — 2-level jump ⚠ LARGE JUMP,10,2,2026-08-04T04:30:01.709944+00:00,2026-08-04T04:30:01.833900+00:00
ep_00806_BAD_DEPLOY,INC-7695,BAD_DEPLOY,P3,P1,P1,AUTO_APPROVED,system,No human response within timeout window.,0.8902,0.0,Moderate,Imminent,1,P3 (Moderate) → P1 (Critical) — 2-level jump ⚠ LARGE JUMP,10,2,2026-08-04T04:30:01.852606+00:00,2026-08-04T04:30:01.980351+00:00
ep_00808_QUEUE_BACKUP,INC-5908,QUEUE_BACKUP,P3,P1,P1,AUTO_APPROVED,system,No human response within timeout window.,1.0,0.0,Moderate,Imminent,1,P3 (Moderate) → P1 (Critical) — 2-level jump ⚠ LARGE JUMP,10,2,2026-08-04T04:30:01.995323+00:00,2026-08-04T04:30:02.119081+00:00
ep_00809_BAD_DEPLOY,INC-6692,BAD_DEPLOY,P3,P1,P1,AUTO_APPROVED,system,No human response within timeout window.,0.9377,0.0,Moderate,Imminent,1,P3 (Moderate) → P1 (Critical) — 2-level jump ⚠ LARGE JUMP,10,2,2026-08-04T04:30:02.138694+00:00,2026-08-04T04:30:02.268131+00:00
ep_00811_QUEUE_BACKUP,INC-5931,QUEUE_BACKUP,P3,P1,P1,AUTO_APPROVED,system,No human response within timeout window.,1.0,0.0,Moderate,Imminent,1,P3 (Moderate) → P1 (Critical) — 2-level jump ⚠ LARGE JUMP,10,2,2026-08-04T04:30:02.284827+00:00,2026-08-04T04:30:02.413769+00:00
ep_00813_CACHE_STAMPEDE,INC-1893,CACHE_STAMPEDE,P3,P1,P1,AUTO_APPROVED,system,No human response within timeout window.,1.0,0.0,Moderate,Imminent,1,P3 (Moderate) → P1 (Critical) — 2-level jump ⚠ LARGE JUMP,10,2,2026-08-04T04:30:02.431568+00:00,2026-08-04T04:30:02.560486+00:00
ep_00817_RETRY_STORM,INC-3290,RETRY_STORM,P3,P1,P1,AUTO_APPROVED,system,No human response within timeout window.,0.8654,0.0,Moderate,Imminent,1,P3 (Moderate) → P1 (Critical) — 2-level jump ⚠ LARGE JUMP,10,2,2026-08-04T04:30:02.583066+00:00,2026-08-04T04:30:02.714931+00:00
ep_00819_QUEUE_BACKUP,INC-6878,QUEUE_BACKUP,P3,P1,P1,AUTO_APPROVED,system,No human response within timeout window.,1.0,0.0,Moderate,Imminent,1,P3 (Moderate) → P1 (Critical) — 2-level jump ⚠ LARGE JUMP,10,2,2026-08-04T04:30:02.750602+00:00,2026-08-04T04:30:02.898350+00:00
ep_00820_CACHE_STAMPEDE,INC-1227,CACHE_STAMPEDE,P3,P1,P1,AUTO_APPROVED,system,No human response within timeout window.,1.0,0.0,Moderate,Imminent,1,P3 (Moderate) → P1 (Critical) — 2-level jump ⚠ LARGE JUMP,10,2,2026-08-04T04:30:02.925071+00:00,2026-08-04T04:30:03.061402+00:00
ep_00821_DB_SLOWDOWN,INC-5423,DB_SLOWDOWN,P3,P1,P1,AUTO_APPROVED,system,No human response within timeout window.,0.763,0.0,Moderate,Imminent,1,P3 (Moderate) → P1 (Critical) — 2-level jump ⚠ LARGE JUMP,10,2,2026-08-04T04:30:03.081460+00:00,2026-08-04T04:30:03.205944+00:00
ep_00825_QUEUE_BACKUP,INC-0285,QUEUE_BACKUP,P3,P1,P1,AUTO_APPROVED,system,No human response within timeout window.,1.0,0.0,Moderate,Imminent,1,P3 (Moderate) → P1 (Critical) — 2-level jump ⚠ LARGE JUMP,10,2,2026-08-04T04:30:03.225695+00:00,2026-08-04T04:30:03.365636+00:00
ep_00826_DEPENDENCY_TIMEOUT,INC-7017,DEPENDENCY_TIMEOUT,P3,P1,P1,AUTO_APPROVED,system,No human response within timeout window.,0.9379,0.0,Moderate,Imminent,1,P3 (Moderate) → P1 (Critical) — 2-level jump ⚠ LARGE JUMP,10,2,2026-08-04T04:30:03.388777+00:00,2026-08-04T04:30:03.521362+00:00
ep_00832_QUEUE_BACKUP,INC-1704,QUEUE_BACKUP,P3,P1,P1,AUTO_APPROVED,system,No human response within timeout window.,1.0,0.0,Moderate,Imminent,1,P3 (Moderate) → P1 (Critical) — 2-level jump ⚠ LARGE JUMP,10,2,2026-08-04T04:30:03.551442+00:00,2026-08-04T04:30:03.693473+00:00
ep_00833_DEPENDENCY_TIMEOUT,INC-9668,DEPENDENCY_TIMEOUT,P3,P1,P1,AUTO_APPROVED,system,No human response within timeout window.,0.9858,0.0,Moderate,Imminent,1,P3 (Moderate) → P1 (Critical) — 2-level jump ⚠ LARGE JUMP,10,2,2026-08-04T04:30:03.721084+00:00,2026-08-04T04:30:03.851706+00:00
ep_00835_DEPENDENCY_TIMEOUT,INC-1076,DEPENDENCY_TIMEOUT,P3,P1,P1,AUTO_APPROVED,system,No human response within timeout window.,0.9382,0.0,Moderate,Imminent,1,P3 (Moderate) → P1 (Critical) — 2-level jump ⚠ LARGE JUMP,10,2,2026-08-04T04:30:03.876017+00:00,2026-08-04T04:30:04.006411+00:00
ep_00836_CPU_SATURATION,INC-5851,CPU_SATURATION,P3,P1,P1,AUTO_APPROVED,system,No human response within timeout window.,1.0,0.0,Moderate,Imminent,1,P3 (Moderate) → P1 (Critical) — 2-level jump ⚠ LARGE JUMP,10,2,2026-08-04T04:30:04.040727+00:00,2026-08-04T04:30:04.205044+00:00
ep_00841_RETRY_STORM,INC-7182,RETRY_STORM,P3,P1,P1,AUTO_APPROVED,system,No human response within timeout window.,0.9506,0.0,Moderate,Imminent,1,P3 (Moderate) → P1 (Critical) — 2-level jump ⚠ LARGE JUMP,10,2,2026-08-04T04:30:04.346593+00:00,2026-08-04T04:30:04.486508+00:00
ep_00843_CASCADING_FAILURE,INC-2447,CASCADING_FAILURE,P3,P1,P1,AUTO_APPROVED,system,No human response within timeout window.,1.0,0.0,Moderate,Imminent,1,P3 (Moderate) → P1 (Critical) — 2-level jump ⚠ LARGE JUMP,10,2,2026-08-04T04:30:04.532686+00:00,2026-08-04T04:30:04.688254+00:00
ep_00844_CACHE_STAMPEDE,INC-3052,CACHE_STAMPEDE,P3,P1,P1,AUTO_APPROVED,system,No human response within timeout window.,1.0,0.0,Moderate,Imminent,1,P3 (Moderate) → P1 (Critical) — 2-level jump ⚠ LARGE JUMP,10,2,2026-08-04T04:30:04.718595+00:00,2026-08-04T04:30:04.854332+00:00
ep_00849_CACHE_STAMPEDE,INC-2961,CACHE_STAMPEDE,P3,P1,P1,AUTO_APPROVED,system,No human response within timeout window.,1.0,0.0,Moderate,Imminent,1,P3 (Moderate) → P1 (Critical) — 2-level jump ⚠ LARGE JUMP,10,2,2026-08-04T04:30:04.878227+00:00,2026-08-04T04:30:05.017598+00:00
ep_00852_CASCADING_FAILURE,INC-7333,CASCADING_FAILURE,P3,P1,P1,AUTO_APPROVED,system,No human response within timeout window.,1.0,0.0,Moderate,Imminent,1,P3 (Moderate) → P1 (Critical) — 2-level jump ⚠ LARGE JUMP,10,2,2026-08-04T04:30:05.043960+00:00,2026-08-04T04:30:05.174539+00:00
ep_00853_QUEUE_BACKUP,INC-2839,QUEUE_BACKUP,P3,P1,P1,AUTO_APPROVED,system,No human response within timeout window.,1.0,0.0,Moderate,Imminent,1,P3 (Moderate) → P1 (Critical) — 2-level jump ⚠ LARGE JUMP,10,2,2026-08-04T04:30:05.197156+00:00,2026-08-04T04:30:05.369963+00:00
ep_00854_DEPENDENCY_TIMEOUT,INC-4989,DEPENDENCY_TIMEOUT,P3,P2,P2,AUTO_APPROVED,system,No human response within timeout window.,0.8789,87.34,Moderate,Near,0,P3 (Moderate) → P2 (High) — 1-level jump,10,2,2026-08-04T04:30:05.402718+00:00,2026-08-04T04:30:05.579289+00:00
ep_00857_RETRY_STORM,INC-4549,RETRY_STORM,P3,P1,P1,AUTO_APPROVED,system,No human response within timeout window.,0.8686,0.0,Moderate,Imminent,1,P3 (Moderate) → P1 (Critical) — 2-level jump ⚠ LARGE JUMP,10,2,2026-08-04T04:30:05.609918+00:00,2026-08-04T04:30:05.750272+00:00
ep_00858_CASCADING_FAILURE,INC-8058,CASCADING_FAILURE,P3,P1,P1,AUTO_APPROVED,system,No human response within timeout window.,1.0,0.0,Moderate,Imminent,1,P3 (Moderate) → P1 (Critical) — 2-level jump ⚠ LARGE JUMP,10,2,2026-08-04T04:30:05.783227+00:00,2026-08-04T04:30:05.929492+00:00
ep_00859_RETRY_STORM,INC-1108,RETRY_STORM,P3,P1,P1,AUTO_APPROVED,system,No human response within timeout window.,0.8625,0.0,Moderate,Imminent,1,P3 (Moderate) → P1 (Critical) — 2-level jump ⚠ LARGE JUMP,10,2,2026-08-04T04:30:05.951015+00:00,2026-08-04T04:30:06.084661+00:00
ep_00862_CPU_SATURATION,INC-8220,CPU_SATURATION,P3,P1,P1,AUTO_APPROVED,system,No human response within timeout window.,1.0,0.0,Moderate,Imminent,1,P3 (Moderate) → P1 (Critical) — 2-level jump ⚠ LARGE JUMP,10,2,2026-08-04T04:30:06.109657+00:00,2026-08-04T04:30:06.243345+00:00
ep_00864_CACHE_STAMPEDE,INC-0631,CACHE_STAMPEDE,P3,P1,P1,AUTO_APPROVED,system,No human response within timeout window.,1.0,0.0,Moderate,Imminent,1,P3 (Moderate) → P1 (Critical) — 2-level jump ⚠ LARGE JUMP,10,2,2026-08-04T04:30:06.264965+00:00,2026-08-04T04:30:06.399733+00:00
ep_00870_QUEUE_BACKUP,INC-3955,QUEUE_BACKUP,P3,P1,P1,AUTO_APPROVED,system,No human response within timeout window.,1.0,0.0,Moderate,Imminent,1,P3 (Moderate) → P1 (Critical) — 2-level jump ⚠ LARGE JUMP,10,2,2026-08-04T04:30:06.420268+00:00,2026-08-04T04:30:06.554333+00:00
ep_00871_CASCADING_FAILURE,INC-2541,CASCADING_FAILURE,P3,P1,P1,AUTO_APPROVED,system,No human response within timeout window.,1.0,0.0,Moderate,Imminent,1,P3 (Moderate) → P1 (Critical) — 2-level jump ⚠ LARGE JUMP,10,2,2026-08-04T04:30:06.581489+00:00,2026-08-04T04:30:06.719483+00:00
ep_00872_CACHE_STAMPEDE,INC-2391,CACHE_STAMPEDE,P3,P1,P1,AUTO_APPROVED,system,No human response within timeout window.,1.0,0.0,Moderate,Imminent,1,P3 (Moderate) → P1 (Critical) — 2-level jump ⚠ LARGE JUMP,10,2,2026-08-04T04:30:06.754309+00:00,2026-08-04T04:30:06.893667+00:00
ep_00873_CACHE_STAMPEDE,INC-7109,CACHE_STAMPEDE,P3,P1,P1,AUTO_APPROVED,system,No human response within timeout window.,1.0,0.0,Moderate,Imminent,1,P3 (Moderate) → P1 (Critical) — 2-level jump ⚠ LARGE JUMP,10,2,2026-08-04T04:30:06.914122+00:00,2026-08-04T04:30:07.049686+00:00
ep_00875_DEPENDENCY_TIMEOUT,INC-5089,DEPENDENCY_TIMEOUT,P3,P1,P1,AUTO_APPROVED,system,No human response within timeout window.,0.9113,0.0,Moderate,Imminent,1,P3 (Moderate) → P1 (Critical) — 2-level jump ⚠ LARGE JUMP,10,2,2026-08-04T04:30:07.080311+00:00,2026-08-04T04:30:07.205340+00:00
ep_00877_BAD_DEPLOY,INC-3079,BAD_DEPLOY,P3,P1,P1,AUTO_APPROVED,system,No human response within timeout window.,0.8018,0.0,Moderate,Imminent,1,P3 (Moderate) → P1 (Critical) — 2-level jump ⚠ LARGE JUMP,10,2,2026-08-04T04:30:07.222181+00:00,2026-08-04T04:30:07.348022+00:00
ep_00879_CACHE_STAMPEDE,INC-8684,CACHE_STAMPEDE,P3,P1,P1,AUTO_APPROVED,system,No human response within timeout window.,1.0,0.0,Moderate,Imminent,1,P3 (Moderate) → P1 (Critical) — 2-level jump ⚠ LARGE JUMP,10,2,2026-08-04T04:30:07.366611+00:00,2026-08-04T04:30:07.492120+00:00
ep_00889_DB_SLOWDOWN,INC-5600,DB_SLOWDOWN,P3,P1,P1,AUTO_APPROVED,system,No human response within timeout window.,0.8381,0.0,Moderate,Imminent,1,P3 (Moderate) → P1 (Critical) — 2-level jump ⚠ LARGE JUMP,10,2,2026-08-04T04:30:07.513491+00:00,2026-08-04T04:30:07.645938+00:00
ep_00890_QUEUE_BACKUP,INC-1569,QUEUE_BACKUP,P3,P1,P1,AUTO_APPROVED,system,No human response within timeout window.,1.0,0.0,Moderate,Imminent,1,P3 (Moderate) → P1 (Critical) — 2-level jump ⚠ LARGE JUMP,10,2,2026-08-04T04:30:07.667276+00:00,2026-08-04T04:30:07.800240+00:00
ep_00892_CACHE_STAMPEDE,INC-4468,CACHE_STAMPEDE,P3,P1,P1,AUTO_APPROVED,system,No human response within timeout window.,1.0,0.0,Moderate,Imminent,1,P3 (Moderate) → P1 (Critical) — 2-level jump ⚠ LARGE JUMP,10,2,2026-08-04T04:30:07.821616+00:00,2026-08-04T04:30:07.951594+00:00
ep_00893_CASCADING_FAILURE,INC-5664,CASCADING_FAILURE,P3,P1,P1,AUTO_APPROVED,system,No human response within timeout window.,1.0,0.0,Moderate,Imminent,1,P3 (Moderate) → P1 (Critical) — 2-level jump ⚠ LARGE JUMP,10,2,2026-08-04T04:30:07.974506+00:00,2026-08-04T04:30:08.108215+00:00
ep_00899_CASCADING_FAILURE,INC-1682,CASCADING_FAILURE,P3,P1,P1,AUTO_APPROVED,system,No human response within timeout window.,1.0,0.0,Moderate,Imminent,1,P3 (Moderate) → P1 (Critical) — 2-level jump ⚠ LARGE JUMP,10,2,2026-08-04T04:30:08.131369+00:00,2026-08-04T04:30:08.267839+00:00
ep_00901_CACHE_STAMPEDE,INC-0616,CACHE_STAMPEDE,P3,P1,P1,AUTO_APPROVED,system,No human response within timeout window.,1.0,0.0,Moderate,Imminent,1,P3 (Moderate) → P1 (Critical) — 2-level jump ⚠ LARGE JUMP,10,2,2026-08-04T04:30:08.284429+00:00,2026-08-04T04:30:08.412509+00:00
ep_00902_RETRY_STORM,INC-6533,RETRY_STORM,P3,P1,P1,AUTO_APPROVED,system,No human response within timeout window.,0.8873,0.0,Moderate,Imminent,1,P3 (Moderate) → P1 (Critical) — 2-level jump ⚠ LARGE JUMP,10,2,2026-08-04T04:30:08.432431+00:00,2026-08-04T04:30:08.562838+00:00
ep_00903_BAD_DEPLOY,INC-7971,BAD_DEPLOY,P3,P2,P2,AUTO_APPROVED,system,No human response within timeout window.,0.8565,100.42,Moderate,Near,0,P3 (Moderate) → P2 (High) — 1-level jump,10,2,2026-08-04T04:30:08.581156+00:00,2026-08-04T04:30:08.706275+00:00
ep_00905_DEPENDENCY_TIMEOUT,INC-0750,DEPENDENCY_TIMEOUT,P3,P1,P1,AUTO_APPROVED,system,No human response within timeout window.,0.9236,0.0,Moderate,Imminent,1,P3 (Moderate) → P1 (Critical) — 2-level jump ⚠ LARGE JUMP,10,2,2026-08-04T04:30:08.731270+00:00,2026-08-04T04:30:08.865269+00:00
ep_00907_BAD_DEPLOY,INC-9317,BAD_DEPLOY,P3,P1,P1,AUTO_APPROVED,system,No human response within timeout window.,0.8499,0.0,Moderate,Imminent,1,P3 (Moderate) → P1 (Critical) — 2-level jump ⚠ LARGE JUMP,10,2,2026-08-04T04:30:08.883723+00:00,2026-08-04T04:30:09.014639+00:00
ep_00908_BAD_DEPLOY,INC-3509,BAD_DEPLOY,P3,P1,P1,AUTO_APPROVED,system,No human response within timeout window.,0.967,0.0,Moderate,Imminent,1,P3 (Moderate) → P1 (Critical) — 2-level jump ⚠ LARGE JUMP,10,2,2026-08-04T04:30:09.046888+00:00,2026-08-04T04:30:09.179283+00:00
ep_00911_QUEUE_BACKUP,INC-5938,QUEUE_BACKUP,P3,P1,P1,AUTO_APPROVED,system,No human response within timeout window.,1.0,0.0,Moderate,Imminent,1,P3 (Moderate) → P1 (Critical) — 2-level jump ⚠ LARGE JUMP,10,2,2026-08-04T04:30:09.199267+00:00,2026-08-04T04:30:09.328859+00:00
ep_00912_DB_SLOWDOWN,INC-8788,DB_SLOWDOWN,P3,P1,P1,AUTO_APPROVED,system,No human response within timeout window.,0.7642,0.0,Moderate,Imminent,1,P3 (Moderate) → P1 (Critical) — 2-level jump ⚠ LARGE JUMP,10,2,2026-08-04T04:30:09.378860+00:00,2026-08-04T04:30:09.507957+00:00
ep_00915_QUEUE_BACKUP,INC-4066,QUEUE_BACKUP,P3,P1,P1,AUTO_APPROVED,system,No human response within timeout window.,1.0,0.0,Moderate,Imminent,1,P3 (Moderate) → P1 (Critical) — 2-level jump ⚠ LARGE JUMP,10,2,2026-08-04T04:30:09.526230+00:00,2026-08-04T04:30:09.657030+00:00
ep_00917_CASCADING_FAILURE,INC-8608,CASCADING_FAILURE,P3,P1,P1,AUTO_APPROVED,system,No human response within timeout window.,1.0,0.0,Moderate,Imminent,1,P3 (Moderate) → P1 (Critical) — 2-level jump ⚠ LARGE JUMP,10,2,2026-08-04T04:30:09.675401+00:00,2026-08-04T04:30:09.807475+00:00
ep_00918_BAD_DEPLOY,INC-4175,BAD_DEPLOY,P3,P1,P1,AUTO_APPROVED,system,No human response within timeout window.,0.8242,0.0,Moderate,Imminent,1,P3 (Moderate) → P1 (Critical) — 2-level jump ⚠ LARGE JUMP,10,2,2026-08-04T04:30:09.829272+00:00,2026-08-04T04:30:09.953366+00:00
ep_00920_BAD_DEPLOY,INC-1576,BAD_DEPLOY,P3,P1,P1,AUTO_APPROVED,system,No human response within timeout window.,0.932,0.0,Moderate,Imminent,1,P3 (Moderate) → P1 (Critical) — 2-level jump ⚠ LARGE JUMP,10,2,2026-08-04T04:30:09.974193+00:00,2026-08-04T04:30:10.108153+00:00
ep_00930_BAD_DEPLOY,INC-2863,BAD_DEPLOY,P3,P1,P1,AUTO_APPROVED,system,No human response within timeout window.,0.8529,0.0,Moderate,Imminent,1,P3 (Moderate) → P1 (Critical) — 2-level jump ⚠ LARGE JUMP,10,2,2026-08-04T04:30:10.129487+00:00,2026-08-04T04:30:10.261792+00:00
ep_00931_CASCADING_FAILURE,INC-2355,CASCADING_FAILURE,P3,P1,P1,AUTO_APPROVED,system,No human response within timeout window.,1.0,0.0,Moderate,Imminent,1,P3 (Moderate) → P1 (Critical) — 2-level jump ⚠ LARGE JUMP,10,2,2026-08-04T04:30:10.279234+00:00,2026-08-04T04:30:10.407149+00:00
ep_00934_BAD_DEPLOY,INC-6806,BAD_DEPLOY,P3,P1,P1,AUTO_APPROVED,system,No human response within timeout window.,0.9238,0.0,Moderate,Imminent,1,P3 (Moderate) → P1 (Critical) — 2-level jump ⚠ LARGE JUMP,10,2,2026-08-04T04:30:10.421568+00:00,2026-08-04T04:30:10.546055+00:00
ep_00935_CACHE_STAMPEDE,INC-2421,CACHE_STAMPEDE,P3,P1,P1,AUTO_APPROVED,system,No human response within timeout window.,1.0,0.0,Moderate,Imminent,1,P3 (Moderate) → P1 (Critical) — 2-level jump ⚠ LARGE JUMP,10,2,2026-08-04T04:30:10.565030+00:00,2026-08-04T04:30:10.698456+00:00
ep_00936_RETRY_STORM,INC-3375,RETRY_STORM,P3,P1,P1,AUTO_APPROVED,system,No human response within timeout window.,0.8814,0.0,Moderate,Imminent,1,P3 (Moderate) → P1 (Critical) — 2-level jump ⚠ LARGE JUMP,10,2,2026-08-04T04:30:10.715829+00:00,2026-08-04T04:30:10.841903+00:00
ep_00937_QUEUE_BACKUP,INC-6515,QUEUE_BACKUP,P3,P1,P1,AUTO_APPROVED,system,No human response within timeout window.,1.0,0.0,Moderate,Imminent,1,P3 (Moderate) → P1 (Critical) — 2-level jump ⚠ LARGE JUMP,10,2,2026-08-04T04:30:10.860709+00:00,2026-08-04T04:30:10.986418+00:00
ep_00938_CPU_SATURATION,INC-7700,CPU_SATURATION,P3,P1,P1,AUTO_APPROVED,system,No human response within timeout window.,1.0,0.0,Moderate,Imminent,1,P3 (Moderate) → P1 (Critical) — 2-level jump ⚠ LARGE JUMP,10,2,2026-08-04T04:30:11.006787+00:00,2026-08-04T04:30:11.136700+00:00
ep_00940_CASCADING_FAILURE,INC-4014,CASCADING_FAILURE,P3,P1,P1,AUTO_APPROVED,system,No human response within timeout window.,1.0,0.0,Moderate,Imminent,1,P3 (Moderate) → P1 (Critical) — 2-level jump ⚠ LARGE JUMP,10,2,2026-08-04T04:30:11.160906+00:00,2026-08-04T04:30:11.292942+00:00
ep_00941_CASCADING_FAILURE,INC-0161,CASCADING_FAILURE,P3,P1,P1,AUTO_APPROVED,system,No human response within timeout window.,1.0,0.0,Moderate,Imminent,1,P3 (Moderate) → P1 (Critical) — 2-level jump ⚠ LARGE JUMP,10,2,2026-08-04T04:30:11.314000+00:00,2026-08-04T04:30:11.446051+00:00
ep_00944_QUEUE_BACKUP,INC-0043,QUEUE_BACKUP,P3,P1,P1,AUTO_APPROVED,system,No human response within timeout window.,1.0,0.0,Moderate,Imminent,1,P3 (Moderate) → P1 (Critical) — 2-level jump ⚠ LARGE JUMP,10,2,2026-08-04T04:30:11.468287+00:00,2026-08-04T04:30:11.598786+00:00
ep_00946_QUEUE_BACKUP,INC-7384,QUEUE_BACKUP,P3,P1,P1,AUTO_APPROVED,system,No human response within timeout window.,1.0,0.0,Moderate,Imminent,1,P3 (Moderate) → P1 (Critical) — 2-level jump ⚠ LARGE JUMP,10,2,2026-08-04T04:30:11.617328+00:00,2026-08-04T04:30:11.774469+00:00
ep_00949_DB_SLOWDOWN,INC-6120,DB_SLOWDOWN,P3,P1,P1,AUTO_APPROVED,system,No human response within timeout window.,0.7909,0.0,Moderate,Imminent,1,P3 (Moderate) → P1 (Critical) — 2-level jump ⚠ LARGE JUMP,10,2,2026-08-04T04:30:11.796973+00:00,2026-08-04T04:30:11.928058+00:00
ep_00953_BAD_DEPLOY,INC-6071,BAD_DEPLOY,P3,P1,P1,AUTO_APPROVED,system,No human response within timeout window.,0.923,0.0,Moderate,Imminent,1,P3 (Moderate) → P1 (Critical) — 2-level jump ⚠ LARGE JUMP,10,2,2026-08-04T04:30:11.948608+00:00,2026-08-04T04:30:12.075244+00:00
ep_00955_CACHE_STAMPEDE,INC-0445,CACHE_STAMPEDE,P3,P1,P1,AUTO_APPROVED,system,No human response within timeout window.,1.0,0.0,Moderate,Imminent,1,P3 (Moderate) → P1 (Critical) — 2-level jump ⚠ LARGE JUMP,10,2,2026-08-04T04:30:12.091818+00:00,2026-08-04T04:30:12.227058+00:00
ep_00958_QUEUE_BACKUP,INC-0603,QUEUE_BACKUP,P3,P1,P1,AUTO_APPROVED,system,No human response within timeout window.,1.0,0.0,Moderate,Imminent,1,P3 (Moderate) → P1 (Critical) — 2-level jump ⚠ LARGE JUMP,10,2,2026-08-04T04:30:12.245776+00:00,2026-08-04T04:30:12.374258+00:00
ep_00968_CACHE_STAMPEDE,INC-6478,CACHE_STAMPEDE,P3,P1,P1,AUTO_APPROVED,system,No human response within timeout window.,1.0,0.0,Moderate,Imminent,1,P3 (Moderate) → P1 (Critical) — 2-level jump ⚠ LARGE JUMP,10,2,2026-08-04T04:30:12.393171+00:00,2026-08-04T04:30:12.523337+00:00
ep_00971_QUEUE_BACKUP,INC-8343,QUEUE_BACKUP,P3,P1,P1,AUTO_APPROVED,system,No human response within timeout window.,1.0,0.0,Moderate,Imminent,1,P3 (Moderate) → P1 (Critical) — 2-level jump ⚠ LARGE JUMP,10,2,2026-08-04T04:30:12.540604+00:00,2026-08-04T04:30:12.667615+00:00
ep_00972_QUEUE_BACKUP,INC-3324,QUEUE_BACKUP,P3,P1,P1,AUTO_APPROVED,system,No human response within timeout window.,1.0,0.0,Moderate,Imminent,1,P3 (Moderate) → P1 (Critical) — 2-level jump ⚠ LARGE JUMP,10,2,2026-08-04T04:30:12.689870+00:00,2026-08-04T04:30:12.820043+00:00
ep_00975_CACHE_STAMPEDE,INC-2853,CACHE_STAMPEDE,P3,P1,P1,AUTO_APPROVED,system,No human response within timeout window.,1.0,0.0,Moderate,Imminent,1,P3 (Moderate) → P1 (Critical) — 2-level jump ⚠ LARGE JUMP,10,2,2026-08-04T04:30:12.838756+00:00,2026-08-04T04:30:12.968814+00:00
ep_00976_CASCADING_FAILURE,INC-0961,CASCADING_FAILURE,P3,P1,P1,AUTO_APPROVED,system,No human response within timeout window.,1.0,0.0,Moderate,Imminent,1,P3 (Moderate) → P1 (Critical) — 2-level jump ⚠ LARGE JUMP,10,2,2026-08-04T04:30:12.990262+00:00,2026-08-04T04:30:13.120103+00:00
ep_00978_QUEUE_BACKUP,INC-1883,QUEUE_BACKUP,P3,P1,P1,AUTO_APPROVED,system,No human response within timeout window.,1.0,0.0,Moderate,Imminent,1,P3 (Moderate) → P1 (Critical) — 2-level jump ⚠ LARGE JUMP,10,2,2026-08-04T04:30:13.138014+00:00,2026-08-04T04:30:13.268057+00:00
ep_00979_RETRY_STORM,INC-6111,RETRY_STORM,P3,P1,P1,AUTO_APPROVED,system,No human response within timeout window.,0.8765,4.32,Moderate,Imminent,1,P3 (Moderate) → P1 (Critical) — 2-level jump ⚠ LARGE JUMP,10,2,2026-08-04T04:30:13.284341+00:00,2026-08-04T04:30:13.418585+00:00
ep_00980_DB_SLOWDOWN,INC-4544,DB_SLOWDOWN,P3,P1,P1,AUTO_APPROVED,system,No human response within timeout window.,0.7831,0.0,Moderate,Imminent,1,P3 (Moderate) → P1 (Critical) — 2-level jump ⚠ LARGE JUMP,10,2,2026-08-04T04:30:13.440710+00:00,2026-08-04T04:30:13.580075+00:00
ep_00983_CASCADING_FAILURE,INC-5321,CASCADING_FAILURE,P3,P1,P1,AUTO_APPROVED,system,No human response within timeout window.,1.0,0.0,Moderate,Imminent,1,P3 (Moderate) → P1 (Critical) — 2-level jump ⚠ LARGE JUMP,10,2,2026-08-04T04:30:13.620937+00:00,2026-08-04T04:30:13.748605+00:00
ep_00984_BAD_DEPLOY,INC-8693,BAD_DEPLOY,P3,P1,P1,AUTO_APPROVED,system,No human response within timeout window.,0.8611,0.0,Moderate,Imminent,1,P3 (Moderate) → P1 (Critical) — 2-level jump ⚠ LARGE JUMP,10,2,2026-08-04T04:30:13.768338+00:00,2026-08-04T04:30:13.906933+00:00
ep_00987_CPU_SATURATION,INC-0046,CPU_SATURATION,P3,P2,P2,AUTO_APPROVED,system,No human response within timeout window.,1.0,67.91,Moderate,Near,0,P3 (Moderate) → P2 (High) — 1-level jump,10,2,2026-08-04T04:30:13.928714+00:00,2026-08-04T04:30:14.068935+00:00
ep_00988_CASCADING_FAILURE,INC-4864,CASCADING_FAILURE,P3,P1,P1,AUTO_APPROVED,system,No human response within timeout window.,1.0,0.0,Moderate,Imminent,1,P3 (Moderate) → P1 (Critical) — 2-level jump ⚠ LARGE JUMP,10,2,2026-08-04T04:30:14.094307+00:00,2026-08-04T04:30:14.229522+00:00
ep_00991_QUEUE_BACKUP,INC-6053,QUEUE_BACKUP,P3,P1,P1,AUTO_APPROVED,system,No human response within timeout window.,1.0,0.0,Moderate,Imminent,1,P3 (Moderate) → P1 (Critical) — 2-level jump ⚠ LARGE JUMP,10,2,2026-08-04T04:30:14.249781+00:00,2026-08-04T04:30:14.387815+00:00
ep_00993_QUEUE_BACKUP,INC-6969,QUEUE_BACKUP,P3,P1,P1,AUTO_APPROVED,system,No human response within timeout window.,1.0,0.0,Moderate,Imminent,1,P3 (Moderate) → P1 (Critical) — 2-level jump ⚠ LARGE JUMP,10,2,2026-08-04T04:30:14.409643+00:00,2026-08-04T04:30:14.542665+00:00
ep_00996_DEPENDENCY_TIMEOUT,INC-1100,DEPENDENCY_TIMEOUT,P3,P1,P1,AUTO_APPROVED,system,No human response within timeout window.,0.9206,0.0,Moderate,Imminent,1,P3 (Moderate) → P1 (Critical) — 2-level jump ⚠ LARGE JUMP,10,2,2026-08-04T04:30:14.559351+00:00,2026-08-04T04:30:14.689155+00:00
ep_00997_RETRY_STORM,INC-7886,RETRY_STORM,P3,P1,P1,AUTO_APPROVED,system,No human response within timeout window.,0.8823,0.0,Moderate,Imminent,1,P3 (Moderate) → P1 (Critical) — 2-level jump ⚠ LARGE JUMP,10,2,2026-08-04T04:30:14.707306+00:00,2026-08-04T04:30:14.833895+00:00
ep_00999_CASCADING_FAILURE,INC-2830,CASCADING_FAILURE,P3,P1,P1,AUTO_APPROVED,system,No human response within timeout window.,1.0,0.0,Moderate,Imminent,1,P3 (Moderate) → P1 (Critical) — 2-level jump ⚠ LARGE JUMP,10,2,2026-08-04T04:30:14.851196+00:00,2026-08-04T04:30:14.982953+00:00
ep_01000_RETRY_STORM,INC-3706,RETRY_STORM,P3,P1,P1,AUTO_APPROVED,system,No human response within timeout window.,0.8647,0.0,Moderate,Imminent,1,P3 (Moderate) → P1 (Critical) — 2-level jump ⚠ LARGE JUMP,10,2,2026-08-04T04:30:15.001270+00:00,2026-08-04T04:30:15.129932+00:00
CASCADING_FAILURE,INC-7070,1785697935.6301222,P3,P1,P1,AUTO_APPROVED,system,No human response within timeout window.,1.0,0.0,Moderate,Imminent,1,P3 (Moderate) → P1 (Critical) — 2-level jump ⚠ LARGE JUMP,10,2,2026-08-04T04:30:15.148115+00:00,2026-08-04T04:30:15.280357+00:00
CPU_SATURATION,INC-5422,1785698032.72846,P3,P2,P2,AUTO_APPROVED,system,No human response within timeout window.,1.0,85.84,Moderate,Near,0,P3 (Moderate) → P2 (High) — 1-level jump,10,2,2026-08-04T04:30:15.296236+00:00,2026-08-04T04:30:15.423889+00:00
