episode_id,incident_id,failure_mode,old_severity,new_severity,final_severity,decision,operator,reason,confidence,ttf_seconds,impact_band,urgency_band,is_large_jump,escalation_summary,response_ms,timeout_seconds,created_at,decided_at
ep_00001_CACHE_STAMPEDE,INC-5842,CACHE_STAMPEDE,P4,P2,P2,AUTO_APPROVED,system,No human response within timeout window.,1.0,0.0,nan,Imminent,1,P4 (Low) → P2 (High) — 2-level jump ⚠ LARGE JUMP,10,2,2026-08-04T04:27:35.846589+00:00,2026-08-04T04:27:35.972373+00:00
ep_00007_CASCADING_FAILURE,INC-0075,CASCADING_FAILURE,P4,P2,P2,AUTO_APPROVED,system,No human response within timeout window.,1.0,0.0,nan,Imminent,1,P4 (Low) → P2 (High) — 2-level jump ⚠ LARGE JUMP,10,2,2026-08-04T04:27:35.997966+00:00,2026-08-04T04:27:36.138105+00:00
ep_00010_DEPENDENCY_TIMEOUT,INC-9263,DEPENDENCY_TIMEOUT,P4,P3,P3,AUTO_APPROVED,system,No human response within timeout window.,1.0,51.51,nan,Near,0,P4 (Low) → P3 (Moderate) — 1-level jump,10,2,2026-08-04T04:27:36.183782+00:00,2026-08-04T04:27:36.318610+00:00
ep_00012_RETRY_STORM,INC-8213,RETRY_STORM,P4,P2,P2,AUTO_APPROVED,system,No human response within timeout window.,0.9443,0.0,nan,Imminent,1,P4 (Low) → P2 (High) — 2-level jump ⚠ LARGE JUMP,10,2,2026-08-04T04:27:36.339850+00:00,2026-08-04T04:27:36.468766+00:00
ep_00013_BAD_DEPLOY,INC-0365,BAD_DEPLOY,P4,P2,P2,AUTO_APPROVED,system,No human response within timeout window.,1.0,3.99,nan,Imminent,1,P4 (Low) → P2 (High) — 2-level jump ⚠ LARGE JUMP,10,2,2026-08-04T04:27:36.489536+00:00,2026-08-04T04:27:36.621647+00:00
ep_00015_CASCADING_FAILURE,INC-8511,CASCADING_FAILURE,P4,P2,P2,AUTO_APPROVED,system,No human response within timeout window.,1.0,0.0,nan,Imminent,1,P4 (Low) → P2 (High) — 2-level jump ⚠ LARGE JUMP,10,2,2026-08-04T04:27:36.653898+00:00,2026-08-04T04:27:36.785420+00:00
ep_00016_DEPENDENCY_TIMEOUT,INC-6297,DEPENDENCY_TIMEOUT,P4,P3,P3,AUTO_APPROVED,system,No human response within timeout window.,0.9285,86.54,nan,Near,0,P4 (Low) → P3 (Moderate) — 1-level jump,10,2,2026-08-04T04:27:36.804257+00:00,2026-08-04T04:27:36.932248+00:00
ep_00017_BAD_DEPLOY,INC-7208,BAD_DEPLOY,P4,P3,P3,AUTO_APPROVED,system,No human response within timeout window.,0.9566,35.01,nan,Near,0,P4 (Low) → P3 (Moderate) — 1-level jump,10,2,2026-08-04T04:27:36.953267+00:00,2026-08-04T04:27:37.083851+00:00
ep_00018_RETRY_STORM,INC-7266,RETRY_STORM,P4,P2,P2,AUTO_APPROVED,system,No human response within timeout window.,1.0,0.0,nan,Imminent,1,P4 (Low) → P2 (High) — 2-level jump ⚠ LARGE JUMP,10,2,2026-08-04T04:27:37.103345+00:00,2026-08-04T04:27:37.233379+00:00
ep_00019_RETRY_STORM,INC-9870,RETRY_STORM,P4,P2,P2,AUTO_APPROVED,system,No human response within timeout window.,1.0,0.0,nan,Imminent,1,P4 (Low) → P2 (High) — 2-level jump ⚠ LARGE JUMP,10,2,2026-08-04T04:27:37.247860+00:00,2026-08-04T04:27:37.377271+00:00
ep_00021_RETRY_STORM,INC-2508,RETRY_STORM,P4,P2,P2,AUTO_APPROVED,system,No human response within timeout window.,1.0,0.0,nan,Imminent,1,P4 (Low) → P2 (High) — 2-level jump ⚠ LARGE JUMP,10,2,2026-08-04T04:27:37.404257+00:00,2026-08-04T04:27:37.536893+00:00
ep_00022_RETRY_STORM,INC-1157,RETRY_STORM,P4,P2,P2,AUTO_APPROVED,system,No human response within timeout window.,1.0,0.0,nan,Imminent,1,P4 (Low) → P2 (High) — 2-level jump ⚠ LARGE JUMP,10,2,2026-08-04T04:27:37.555097+00:00,2026-08-04T04:27:37.681967+00:00
ep_00023_DEPENDENCY_TIMEOUT,INC-1140,DEPENDENCY_TIMEOUT,P4,P2,P2,AUTO_APPROVED,system,No human response within timeout window.,1.0,0.0,nan,Imminent,1,P4 (Low) → P2 (High) — 2-level jump ⚠ LARGE JUMP,10,2,2026-08-04T04:27:37.698790+00:00,2026-08-04T04:27:37.823828+00:00
ep_00024_RETRY_STORM,INC-5267,RETRY_STORM,P4,P2,P2,AUTO_APPROVED,system,No human response within timeout window.,1.0,0.0,nan,Imminent,1,P4 (Low) → P2 (High) — 2-level jump ⚠ LARGE JUMP,10,2,2026-08-04T04:27:37.842104+00:00,2026-08-04T04:27:37.969823+00:00
ep_00026_CASCADING_FAILURE,INC-5088,CASCADING_FAILURE,P4,P2,P2,AUTO_APPROVED,system,No human response within timeout window.,1.0,0.0,nan,Imminent,1,P4 (Low) → P2 (High) — 2-level jump ⚠ LARGE JUMP,10,2,2026-08-04T04:27:37.984438+00:00,2026-08-04T04:27:38.112496+00:00
ep_00029_RETRY_STORM,INC-5386,RETRY_STORM,P4,P2,P2,AUTO_APPROVED,system,No human response within timeout window.,1.0,0.0,nan,Imminent,1,P4 (Low) → P2 (High) — 2-level jump ⚠ LARGE JUMP,10,2,2026-08-04T04:27:38.130963+00:00,2026-08-04T04:27:38.259973+00:00
ep_00030_RETRY_STORM,INC-2246,RETRY_STORM,P4,P2,P2,AUTO_APPROVED,system,No human response within timeout window.,1.0,0.0,nan,Imminent,1,P4 (Low) → P2 (High) — 2-level jump ⚠ LARGE JUMP,10,2,2026-08-04T04:27:38.279228+00:00,2026-08-04T04:27:38.405110+00:00
ep_00031_DB_SLOWDOWN,INC-3589,DB_SLOWDOWN,P4,P2,P2,AUTO_APPROVED,system,No human response within timeout window.,0.9546,0.0,nan,Imminent,1,P4 (Low) → P2 (High) — 2-level jump ⚠ LARGE JUMP,10,2,2026-08-04T04:27:38.423558+00:00,2026-08-04T04:27:38.551568+00:00
ep_00032_QUEUE_BACKUP,INC-7599,QUEUE_BACKUP,P4,P2,P2,AUTO_APPROVED,system,No human response within timeout window.,1.0,0.0,nan,Imminent,1,P4 (Low) → P2 (High) — 2-level jump ⚠ LARGE JUMP,10,2,2026-08-04T04:27:38.568293+00:00,2026-08-04T04:27:38.689655+00:00
ep_00034_RETRY_STORM,INC-0894,RETRY_STORM,P4,P2,P2,AUTO_APPROVED,system,No human response within timeout window.,0.9877,0.0,nan,Imminent,1,P4 (Low) → P2 (High) — 2-level jump ⚠ LARGE JUMP,10,2,2026-08-04T04:27:38.708683+00:00,2026-08-04T04:27:38.829379+00:00
ep_00036_CASCADING_FAILURE,INC-4596,CASCADING_FAILURE,P4,P2,P2,AUTO_APPROVED,system,No human response within timeout window.,1.0,0.0,nan,Imminent,1,P4 (Low) → P2 (High) — 2-level jump ⚠ LARGE JUMP,10,2,2026-08-04T04:27:38.875207+00:00,2026-08-04T04:27:38.994958+00:00
ep_00038_RETRY_STORM,INC-8602,RETRY_STORM,P4,P2,P2,AUTO_APPROVED,system,No human response within timeout window.,0.9899,0.0,nan,Imminent,1,P4 (Low) → P2 (High) — 2-level jump ⚠ LARGE JUMP,10,2,2026-08-04T04:27:39.010790+00:00,2026-08-04T04:27:39.137170+00:00
ep_00039_DB_SLOWDOWN,INC-8398,DB_SLOWDOWN,P4,P2,P2,AUTO_APPROVED,system,No human response within timeout window.,0.7898,0.0,nan,Imminent,1,P4 (Low) → P2 (High) — 2-level jump ⚠ LARGE JUMP,10,2,2026-08-04T04:27:39.155205+00:00,2026-08-04T04:27:39.280520+00:00
ep_00040_CASCADING_FAILURE,INC-3221,CASCADING_FAILURE,P4,P2,P2,AUTO_APPROVED,system,No human response within timeout window.,1.0,0.0,nan,Imminent,1,P4 (Low) → P2 (High) — 2-level jump ⚠ LARGE JUMP,10,2,2026-08-04T04:27:39.298632+00:00,2026-08-04T04:27:39.425753+00:00
ep_00042_BAD_DEPLOY,INC-4999,BAD_DEPLOY,P4,P2,P2,AUTO_APPROVED,system,No human response within timeout window.,1.0,0.0,nan,Imminent,1,P4 (Low) → P2 (High) — 2-level jump ⚠ LARGE JUMP,10,2,2026-08-04T04:27:39.445882+00:00,2026-08-04T04:27:39.577852+00:00
ep_00047_CACHE_STAMPEDE,INC-8153,CACHE_STAMPEDE,P3,P1,P1,AUTO_APPROVED,system,No human response within timeout window.,1.0,0.0,Moderate,Imminent,1,P3 (Moderate) → P1 (Critical) — 2-level jump ⚠ LARGE JUMP,10,2,2026-08-04T04:27:39.597440+00:00,2026-08-04T04:27:39.724187+00:00
ep_00048_CACHE_STAMPEDE,INC-6749,CACHE_STAMPEDE,P3,P1,P1,AUTO_APPROVED,system,No human response within timeout window.,1.0,0.0,Moderate,Imminent,1,P3 (Moderate) → P1 (Critical) — 2-level jump ⚠ LARGE JUMP,10,2,2026-08-04T04:27:39.741207+00:00,2026-08-04T04:27:39.869084+00:00
ep_00049_CPU_SATURATION,INC-5066,CPU_SATURATION,P3,P1,P1,AUTO_APPROVED,system,No human response within timeout window.,1.0,16.59,Moderate,Imminent,1,P3 (Moderate) → P1 (Critical) — 2-level jump ⚠ LARGE JUMP,10,2,2026-08-04T04:27:39.885455+00:00,2026-08-04T04:27:40.014582+00:00
ep_00050_DB_SLOWDOWN,INC-1869,DB_SLOWDOWN,P3,P1,P1,AUTO_APPROVED,system,No human response within timeout window.,0.8469,0.0,Moderate,Imminent,1,P3 (Moderate) → P1 (Critical) — 2-level jump ⚠ LARGE JUMP,10,2,2026-08-04T04:27:40.035532+00:00,2026-08-04T04:27:40.163229+00:00
ep_00051_QUEUE_BACKUP,INC-0589,QUEUE_BACKUP,P3,P1,P1,AUTO_APPROVED,system,No human response within timeout window.,1.0,0.0,Moderate,Imminent,1,P3 (Moderate) → P1 (Critical) — 2-level jump ⚠ LARGE JUMP,10,2,2026-08-04T04:27:40.178451+00:00,2026-08-04T04:27:40.306477+00:00
ep_00052_DEPENDENCY_TIMEOUT,INC-4638,DEPENDENCY_TIMEOUT,P3,P1,P1,AUTO_APPROVED,system,No human response within timeout window.,0.9295,0.0,Moderate,Imminent,1,P3 (Moderate) → P1 (Critical) — 2-level jump ⚠ LARGE JUMP,10,2,2026-08-04T04:27:40.320196+00:00,2026-08-04T04:27:40.443577+00:00
ep_00053_QUEUE_BACKUP,INC-3519,QUEUE_BACKUP,P3,P1,P1,AUTO_APPROVED,system,No human response within timeout window.,1.0,0.0,Moderate,Imminent,1,P3 (Moderate) → P1 (Critical) — 2-level jump ⚠ LARGE JUMP,10,2,2026-08-04T04:27:40.463760+00:00,2026-08-04T04:27:40.592849+00:00
ep_00054_DB_SLOWDOWN,INC-4148,DB_SLOWDOWN,P3,P1,P1,AUTO_APPROVED,system,No human response within timeout window.,0.8651,0.0,Moderate,Imminent,1,P3 (Moderate) → P1 (Critical) — 2-level jump ⚠ LARGE JUMP,10,2,2026-08-04T04:27:40.607814+00:00,2026-08-04T04:27:40.735723+00:00
ep_00056_QUEUE_BACKUP,INC-8575,QUEUE_BACKUP,P3,P1,P1,AUTO_APPROVED,system,No human response within timeout window.,1.0,0.0,Moderate,Imminent,1,P3 (Moderate) → P1 (Critical) — 2-level jump ⚠ LARGE JUMP,10,2,2026-08-04T04:27:40.752302+00:00,2026-08-04T04:27:40.872419+00:00
ep_00057_CACHE_STAMPEDE,INC-5034,CACHE_STAMPEDE,P3,P1,P1,AUTO_APPROVED,system,No human response within timeout window.,1.0,0.0,Moderate,Imminent,1,P3 (Moderate) → P1 (Critical) — 2-level jump ⚠ LARGE JUMP,10,2,2026-08-04T04:27:40.889370+00:00,2026-08-04T04:27:41.015832+00:00
ep_00058_DB_SLOWDOWN,INC-5170,DB_SLOWDOWN,P3,P1,P1,AUTO_APPROVED,system,No human response within timeout window.,0.7876,0.0,Moderate,Imminent,1,P3 (Moderate) → P1 (Critical) — 2-level jump ⚠ LARGE JUMP,10,2,2026-08-04T04:27:41.033724+00:00,2026-08-04T04:27:41.161798+00:00
ep_00059_RETRY_STORM,INC-0898,RETRY_STORM,P3,P1,P1,AUTO_APPROVED,system,No human response within timeout window.,1.0,0.0,Moderate,Imminent,1,P3 (Moderate) → P1 (Critical) — 2-level jump ⚠ LARGE JUMP,10,2,2026-08-04T04:27:41.180756+00:00,2026-08-04T04:27:41.302714+00:00
ep_00060_BAD_DEPLOY,INC-6260,BAD_DEPLOY,P3,P1,P1,AUTO_APPROVED,system,No human response within timeout window.,0.8975,0.0,Moderate,Imminent,1,P3 (Moderate) → P1 (Critical) — 2-level jump ⚠ LARGE JUMP,10,2,2026-08-04T04:27:41.320979+00:00,2026-08-04T04:27:41.450266+00:00
ep_00062_CASCADING_FAILURE,INC-8079,CASCADING_FAILURE,P3,P1,P1,AUTO_APPROVED,system,No human response within timeout window.,1.0,0.0,Moderate,Imminent,1,P3 (Moderate) → P1 (Critical) — 2-level jump ⚠ LARGE JUMP,10,2,2026-08-04T04:27:41.464583+00:00,2026-08-04T04:27:41.590815+00:00
ep_00063_CACHE_STAMPEDE,INC-3124,CACHE_STAMPEDE,P3,P1,P1,AUTO_APPROVED,system,No human response within timeout window.,1.0,0.0,Moderate,Imminent,1,P3 (Moderate) → P1 (Critical) — 2-level jump ⚠ LARGE JUMP,10,2,2026-08-04T04:27:41.606965+00:00,2026-08-04T04:27:41.734130+00:00
ep_00071_BAD_DEPLOY,INC-0829,BAD_DEPLOY,P3,P1,P1,AUTO_APPROVED,system,No human response within timeout window.,0.9522,0.0,Moderate,Imminent,1,P3 (Moderate) → P1 (Critical) — 2-level jump ⚠ LARGE JUMP,10,2,2026-08-04T04:27:41.753293+00:00,2026-08-04T04:27:41.880463+00:00
ep_00074_CACHE_STAMPEDE,INC-2339,CACHE_STAMPEDE,P3,P1,P1,AUTO_APPROVED,system,No human response within timeout window.,1.0,0.0,Moderate,Imminent,1,P3 (Moderate) → P1 (Critical) — 2-level jump ⚠ LARGE JUMP,10,2,2026-08-04T04:27:41.895447+00:00,2026-08-04T04:27:42.019253+00:00
ep_00075_CASCADING_FAILURE,INC-5310,CASCADING_FAILURE,P3,P1,P1,AUTO_APPROVED,system,No human response within timeout window.,1.0,0.0,Moderate,Imminent,1,P3 (Moderate) → P1 (Critical) — 2-level jump ⚠ LARGE JUMP,10,2,2026-08-04T04:27:42.033682+00:00,2026-08-04T04:27:42.154078+00:00
ep_00077_RETRY_STORM,INC-5774,RETRY_STORM,P3,P1,P1,AUTO_APPROVED,system,No human response within timeout window.,0.9029,14.53,Moderate,Imminent,1,P3 (Moderate) → P1 (Critical) — 2-level jump ⚠ LARGE JUMP,10,2,2026-08-04T04:27:42.171748+00:00,2026-08-04T04:27:42.298366+00:00
ep_00080_QUEUE_BACKUP,INC-2618,QUEUE_BACKUP,P3,P1,P1,AUTO_APPROVED,system,No human response within timeout window.,1.0,0.0,Moderate,Imminent,1,P3 (Moderate) → P1 (Critical) — 2-level jump ⚠ LARGE JUMP,10,2,2026-08-04T04:27:42.315204+00:00,2026-08-04T04:27:42.444407+00:00
ep_00081_BAD_DEPLOY,INC-9777,BAD_DEPLOY,P3,P1,P1,AUTO_APPROVED,system,No human response within timeout window.,0.8406,0.0,Moderate,Imminent,1,P3 (Moderate) → P1 (Critical) — 2-level jump ⚠ LARGE JUMP,10,2,2026-08-04T04:27:42.461697+00:00,2026-08-04T04:27:42.587207+00:00
ep_00082_CASCADING_FAILURE,INC-9036,CASCADING_FAILURE,P3,P1,P1,AUTO_APPROVED,system,No human response within timeout window.,1.0,0.0,Moderate,Imminent,1,P3 (Moderate) → P1 (Critical) — 2-level jump ⚠ LARGE JUMP,10,2,2026-08-04T04:27:42.605224+00:00,2026-08-04T04:27:42.732942+00:00
ep_00085_CPU_SATURATION,INC-9230,CPU_SATURATION,P3,P1,P1,AUTO_APPROVED,system,No human response within timeout window.,1.0,0.0,Moderate,Imminent,1,P3 (Moderate) → P1 (Critical) — 2-level jump ⚠ LARGE JUMP,10,2,2026-08-04T04:27:42.748182+00:00,2026-08-04T04:27:42.874992+00:00
ep_00086_BAD_DEPLOY,INC-5453,BAD_DEPLOY,P3,P1,P1,AUTO_APPROVED,system,No human response within timeout window.,0.8676,0.0,Moderate,Imminent,1,P3 (Moderate) → P1 (Critical) — 2-level jump ⚠ LARGE JUMP,10,2,2026-08-04T04:27:42.926342+00:00,2026-08-04T04:27:43.050086+00:00
ep_00089_CACHE_STAMPEDE,INC-1064,CACHE_STAMPEDE,P3,P1,P1,AUTO_APPROVED,system,No human response within timeout window.,1.0,0.0,Moderate,Imminent,1,P3 (Moderate) → P1 (Critical) — 2-level jump ⚠ LARGE JUMP,10,2,2026-08-04T04:27:43.068351+00:00,2026-08-04T04:27:43.191546+00:00
ep_00094_QUEUE_BACKUP,INC-4103,QUEUE_BACKUP,P3,P1,P1,AUTO_APPROVED,system,No human response within timeout window.,1.0,0.0,Moderate,Imminent,1,P3 (Moderate) → P1 (Critical) — 2-level jump ⚠ LARGE JUMP,10,2,2026-08-04T04:27:43.209669+00:00,2026-08-04T04:27:43.338036+00:00
ep_00096_QUEUE_BACKUP,INC-3007,QUEUE_BACKUP,P3,P1,P1,AUTO_APPROVED,system,No human response within timeout window.,1.0,0.0,Moderate,Imminent,1,P3 (Moderate) → P1 (Critical) — 2-level jump ⚠ LARGE JUMP,10,2,2026-08-04T04:27:43.351524+00:00,2026-08-04T04:27:43.471755+00:00
ep_00100_CACHE_STAMPEDE,INC-3163,CACHE_STAMPEDE,P3,P1,P1,AUTO_APPROVED,system,No human response within timeout window.,1.0,0.0,Moderate,Imminent,1,P3 (Moderate) → P1 (Critical) — 2-level jump ⚠ LARGE JUMP,10,2,2026-08-04T04:27:43.489899+00:00,2026-08-04T04:27:43.616056+00:00
ep_00102_RETRY_STORM,INC-4220,RETRY_STORM,P3,P1,P1,AUTO_APPROVED,system,No human response within timeout window.,0.9155,0.0,Moderate,Imminent,1,P3 (Moderate) → P1 (Critical) — 2-level jump ⚠ LARGE JUMP,10,2,2026-08-04T04:27:43.633475+00:00,2026-08-04T04:27:43.760760+00:00
ep_00105_CACHE_STAMPEDE,INC-9090,CACHE_STAMPEDE,P3,P2,P2,AUTO_APPROVED,system,No human response within timeout window.,1.0,51.86,Moderate,Near,0,P3 (Moderate) → P2 (High) — 1-level jump,10,2,2026-08-04T04:27:43.777580+00:00,2026-08-04T04:27:43.904494+00:00
ep_00108_CACHE_STAMPEDE,INC-5469,CACHE_STAMPEDE,P3,P1,P1,AUTO_APPROVED,system,No human response within timeout window.,1.0,0.0,Moderate,Imminent,1,P3 (Moderate) → P1 (Critical) — 2-level jump ⚠ LARGE JUMP,10,2,2026-08-04T04:27:43.922458+00:00,2026-08-04T04:27:44.049467+00:00
ep_00110_CACHE_STAMPEDE,INC-7675,CACHE_STAMPEDE,P3,P1,P1,AUTO_APPROVED,system,No human response within timeout window.,1.0,0.0,Moderate,Imminent,1,P3 (Moderate) → P1 (Critical) — 2-level jump ⚠ LARGE JUMP,10,2,2026-08-04T04:27:44.068390+00:00,2026-08-04T04:27:44.195822+00:00
ep_00111_CACHE_STAMPEDE,INC-9914,CACHE_STAMPEDE,P3,P1,P1,AUTO_APPROVED,system,No human response within timeout window.,1.0,0.0,Moderate,Imminent,1,P3 (Moderate) → P1 (Critical) — 2-level jump ⚠ LARGE JUMP,10,2,2026-08-04T04:27:44.218736+00:00,2026-08-04T04:27:44.348614+00:00
ep_00112_CASCADING_FAILURE,INC-3124,CASCADING_FAILURE,P3,P1,P1,AUTO_APPROVED,system,No human response within timeout window.,1.0,0.0,Moderate,Imminent,1,P3 (Moderate) → P1 (Critical) — 2-level jump ⚠ LARGE JUMP,10,2,2026-08-04T04:27:44.368989+00:00,2026-08-04T04:27:44.498381+00:00
ep_00114_RETRY_STORM,INC-2093,RETRY_STORM,P3,P1,P1,AUTO_APPROVED,system,No human response within timeout window.,0.8808,0.0,Moderate,Imminent,1,P3 (Moderate) → P1 (Critical) — 2-level jump ⚠ LARGE JUMP,10,2,2026-08-04T04:27:44.511955+00:00,2026-08-04T04:27:44.633572+00:00
ep_00118_CASCADING_FAILURE,INC-8142,CASCADING_FAILURE,P3,P1,P1,AUTO_APPROVED,system,No human response within timeout window.,1.0,0.0,Moderate,Imminent,1,P3 (Moderate) → P1 (Critical) — 2-level jump ⚠ LARGE JUMP,10,2,2026-08-04T04:27:44.649241+00:00,2026-08-04T04:27:44.778406+00:00
ep_00122_BAD_DEPLOY,INC-8677,BAD_DEPLOY,P3,P1,P1,AUTO_APPROVED,system,No human response within timeout window.,0.8339,0.0,Moderate,Imminent,1,P3 (Moderate) → P1 (Critical) — 2-level jump ⚠ LARGE JUMP,10,2,2026-08-04T04:27:44.799508+00:00,2026-08-04T04:27:44.928583+00:00
ep_00127_BAD_DEPLOY,INC-4847,BAD_DEPLOY,P3,P1,P1,AUTO_APPROVED,system,No human response within timeout window.,0.8553,0.0,Moderate,Imminent,1,P3 (Moderate) → P1 (Critical) — 2-level jump ⚠ LARGE JUMP,10,2,2026-08-04T04:27:44.942708+00:00,2026-08-04T04:27:45.069435+00:00
ep_00130_BAD_DEPLOY,INC-8317,BAD_DEPLOY,P3,P1,P1,AUTO_APPROVED,system,No human response within timeout window.,0.9417,0.0,Moderate,Imminent,1,P3 (Moderate) → P1 (Critical) — 2-level jump ⚠ LARGE JUMP,10,2,2026-08-04T04:27:45.083842+00:00,2026-08-04T04:27:45.208066+00:00
ep_00132_DEPENDENCY_TIMEOUT,INC-1675,DEPENDENCY_TIMEOUT,P3,P1,P1,AUTO_APPROVED,system,No human response within timeout window.,0.9594,0.0,Moderate,Imminent,1,P3 (Moderate) → P1 (Critical) — 2-level jump ⚠ LARGE JUMP,10,2,2026-08-04T04:27:45.225943+00:00,2026-08-04T04:27:45.353723+00:00
ep_00136_RETRY_STORM,INC-4867,RETRY_STORM,P3,P1,P1,AUTO_APPROVED,system,No human response within timeout window.,0.8372,0.0,Moderate,Imminent,1,P3 (Moderate) → P1 (Critical) — 2-level jump ⚠ LARGE JUMP,10,2,2026-08-04T04:27:45.371837+00:00,2026-08-04T04:27:45.500388+00:00
ep_00138_CPU_SATURATION,INC-1912,CPU_SATURATION,P3,P2,P2,AUTO_APPROVED,system,No human response within timeout window.,1.0,62.34,Moderate,Near,0,P3 (Moderate) → P2 (High) — 1-level jump,10,2,2026-08-04T04:27:45.514169+00:00,2026-08-04T04:27:45.637822+00:00
ep_00140_BAD_DEPLOY,INC-3938,BAD_DEPLOY,P3,P2,P2,AUTO_APPROVED,system,No human response within timeout window.,0.8128,50.51,Moderate,Near,0,P3 (Moderate) → P2 (High) — 1-level jump,10,2,2026-08-04T04:27:45.656189+00:00,2026-08-04T04:27:45.786699+00:00
ep_00141_CASCADING_FAILURE,INC-2456,CASCADING_FAILURE,P3,P1,P1,AUTO_APPROVED,system,No human response within timeout window.,1.0,0.0,Moderate,Imminent,1,P3 (Moderate) → P1 (Critical) — 2-level jump ⚠ LARGE JUMP,10,2,2026-08-04T04:27:45.804036+00:00,2026-08-04T04:27:45.933335+00:00
ep_00143_CPU_SATURATION,INC-1651,CPU_SATURATION,P3,P1,P1,AUTO_APPROVED,system,No human response within timeout window.,1.0,0.0,Moderate,Imminent,1,P3 (Moderate) → P1 (Critical) — 2-level jump ⚠ LARGE JUMP,10,2,2026-08-04T04:27:45.949464+00:00,2026-08-04T04:27:46.073957+00:00
ep_00147_CPU_SATURATION,INC-4958,CPU_SATURATION,P3,P1,P1,AUTO_APPROVED,system,No human response within timeout window.,1.0,0.0,Moderate,Imminent,1,P3 (Moderate) → P1 (Critical) — 2-level jump ⚠ LARGE JUMP,10,2,2026-08-04T04:27:46.093697+00:00,2026-08-04T04:27:46.221849+00:00
ep_00148_BAD_DEPLOY,INC-7675,BAD_DEPLOY,P3,P1,P1,AUTO_APPROVED,system,No human response within timeout window.,0.9262,0.0,Moderate,Imminent,1,P3 (Moderate) → P1 (Critical) — 2-level jump ⚠ LARGE JUMP,10,2,2026-08-04T04:27:46.238102+00:00,2026-08-04T04:27:46.370601+00:00
ep_00149_BAD_DEPLOY,INC-2424,BAD_DEPLOY,P3,P1,P1,AUTO_APPROVED,system,No human response within timeout window.,0.9459,0.0,Moderate,Imminent,1,P3 (Moderate) → P1 (Critical) — 2-level jump ⚠ LARGE JUMP,10,2,2026-08-04T04:27:46.384748+00:00,2026-08-04T04:27:46.506550+00:00
ep_00153_DEPENDENCY_TIMEOUT,INC-7192,DEPENDENCY_TIMEOUT,P3,P1,P1,AUTO_APPROVED,system,No human response within timeout window.,0.9597,0.0,Moderate,Imminent,1,P3 (Moderate) → P1 (Critical) — 2-level jump ⚠ LARGE JUMP,10,2,2026-08-04T04:27:46.533015+00:00,2026-08-04T04:27:46.661615+00:00
ep_00155_RETRY_STORM,INC-1132,RETRY_STORM,P3,P1,P1,AUTO_APPROVED,system,No human response within timeout window.,0.8429,0.0,Moderate,Imminent,1,P3 (Moderate) → P1 (Critical) — 2-level jump ⚠ LARGE JUMP,10,2,2026-08-04T04:27:46.684755+00:00,2026-08-04T04:27:46.816137+00:00
ep_00160_CACHE_STAMPEDE,INC-1194,CACHE_STAMPEDE,P3,P2,P2,AUTO_APPROVED,system,No human response within timeout window.,1.0,82.64,Moderate,Near,0,P3 (Moderate) → P2 (High) — 1-level jump,10,2,2026-08-04T04:27:46.834360+00:00,2026-08-04T04:27:46.957743+00:00
ep_00161_QUEUE_BACKUP,INC-3029,QUEUE_BACKUP,P3,P1,P1,AUTO_APPROVED,system,No human response within timeout window.,1.0,0.0,Moderate,Imminent,1,P3 (Moderate) → P1 (Critical) — 2-level jump ⚠ LARGE JUMP,10,2,2026-08-04T04:27:47.002257+00:00,2026-08-04T04:27:47.128884+00:00
ep_00162_CASCADING_FAILURE,INC-5634,CASCADING_FAILURE,P3,P1,P1,AUTO_APPROVED,system,No human response within timeout window.,1.0,0.0,Moderate,Imminent,1,P3 (Moderate) → P1 (Critical) — 2-level jump ⚠ LARGE JUMP,10,2,2026-08-04T04:27:47.142760+00:00,2026-08-04T04:27:47.269977+00:00
ep_00164_CASCADING_FAILURE,INC-1906,CASCADING_FAILURE,P3,P1,P1,AUTO_APPROVED,system,No human response within timeout window.,1.0,0.0,Moderate,Imminent,1,P3 (Moderate) → P1 (Critical) — 2-level jump ⚠ LARGE JUMP,10,2,2026-08-04T04:27:47.285486+00:00,2026-08-04T04:27:47.408277+00:00
ep_00166_BAD_DEPLOY,INC-3830,BAD_DEPLOY,P3,P1,P1,AUTO_APPROVED,system,No human response within timeout window.,0.9284,0.0,Moderate,Imminent,1,P3 (Moderate) → P1 (Critical) — 2-level jump ⚠ LARGE JUMP,10,2,2026-08-04T04:27:47.424803+00:00,2026-08-04T04:27:47.550891+00:00
ep_00168_RETRY_STORM,INC-2952,RETRY_STORM,P3,P1,P1,AUTO_APPROVED,system,No human response within timeout window.,0.8737,0.0,Moderate,Imminent,1,P3 (Moderate) → P1 (Critical) — 2-level jump ⚠ LARGE JUMP,10,2,2026-08-04T04:27:47.568613+00:00,2026-08-04T04:27:47.696783+00:00
ep_00171_CPU_SATURATION,INC-6623,CPU_SATURATION,P3,P1,P1,AUTO_APPROVED,system,No human response within timeout window.,1.0,0.0,Moderate,Imminent,1,P3 (Moderate) → P1 (Critical) — 2-level jump ⚠ LARGE JUMP,10,2,2026-08-04T04:27:47.710099+00:00,2026-08-04T04:27:47.832267+00:00
ep_00172_DEPENDENCY_TIMEOUT,INC-0318,DEPENDENCY_TIMEOUT,P3,P1,P1,AUTO_APPROVED,system,No human response within timeout window.,0.9609,0.0,Moderate,Imminent,1,P3 (Moderate) → P1 (Critical) — 2-level jump ⚠ LARGE JUMP,10,2,2026-08-04T04:27:47.851077+00:00,2026-08-04T04:27:47.977814+00:00
ep_00173_RETRY_STORM,INC-8040,RETRY_STORM,P3,P1,P1,AUTO_APPROVED,system,No human response within timeout window.,0.8639,0.0,Moderate,Imminent,1,P3 (Moderate) → P1 (Critical) — 2-level jump ⚠ LARGE JUMP,10,2,2026-08-04T04:27:47.993316+00:00,2026-08-04T04:27:48.120373+00:00
ep_00175_CASCADING_FAILURE,INC-4735,CASCADING_FAILURE,P3,P1,P1,AUTO_APPROVED,system,No human response within timeout window.,1.0,0.0,Moderate,Imminent,1,P3 (Moderate) → P1 (Critical) — 2-level jump ⚠ LARGE JUMP,10,2,2026-08-04T04:27:48.135562+00:00,2026-08-04T04:27:48.257784+00:00
ep_00177_QUEUE_BACKUP,INC-0441,QUEUE_BACKUP,P3,P1,P1,AUTO_APPROVED,system,No human response within timeout window.,1.0,0.0,Moderate,Imminent,1,P3 (Moderate) → P1 (Critical) — 2-level jump ⚠ LARGE JUMP,10,2,2026-08-04T04:27:48.275935+00:00,2026-08-04T04:27:48.404144+00:00
ep_00178_CASCADING_FAILURE,INC-6469,CASCADING_FAILURE,P3,P1,P1,AUTO_APPROVED,system,No human response within timeout window.,1.0,0.0,Moderate,Imminent,1,P3 (Moderate) → P1 (Critical) — 2-level jump ⚠ LARGE JUMP,10,2,2026-08-04T04:27:48.422123+00:00,2026-08-04T04:27:48.550671+00:00
ep_00180_ERROR_STORM,INC-1422,ERROR_STORM,P3,P1,P1,AUTO_APPROVED,system,No human response within timeout window.,0.7716,0.0,Moderate,Imminent,1,P3 (Moderate) → P1 (Critical) — 2-level jump ⚠ LARGE JUMP,10,2,2026-08-04T04:27:48.564364+00:00,2026-08-04T04:27:48.685861+00:00
ep_00182_ERROR_STORM,INC-6259,ERROR_STORM,P3,P1,P1,AUTO_APPROVED,system,No human response within timeout window.,0.8019,0.0,Moderate,Imminent,1,P3 (Moderate) → P1 (Critical) — 2-level jump ⚠ LARGE JUMP,10,2,2026-08-04T04:27:48.705239+00:00,2026-08-04T04:27:48.833914+00:00
ep_00186_BAD_DEPLOY,INC-0197,BAD_DEPLOY,P3,P1,P1,AUTO_APPROVED,system,No human response within timeout window.,0.9036,0.0,Moderate,Imminent,1,P3 (Moderate) → P1 (Critical) — 2-level jump ⚠ LARGE JUMP,10,2,2026-08-04T04:27:48.849568+00:00,2026-08-04T04:27:48.975152+00:00
ep_00191_CACHE_STAMPEDE,INC-7618,CACHE_STAMPEDE,P3,P1,P1,AUTO_APPROVED,system,No human response within timeout window.,1.0,0.0,Moderate,Imminent,1,P3 (Moderate) → P1 (Critical) — 2-level jump ⚠ LARGE JUMP,10,2,2026-08-04T04:27:48.990705+00:00,2026-08-04T04:27:49.118465+00:00
ep_00192_RETRY_STORM,INC-9931,RETRY_STORM,P3,P1,P1,AUTO_APPROVED,system,No human response within timeout window.,0.8904,0.0,Moderate,Imminent,1,P3 (Moderate) → P1 (Critical) — 2-level jump ⚠ LARGE JUMP,10,2,2026-08-04T04:27:49.137413+00:00,2026-08-04T04:27:49.264822+00:00
ep_00195_CACHE_STAMPEDE,INC-9109,CACHE_STAMPEDE,P3,P1,P1,AUTO_APPROVED,system,No human response within timeout window.,1.0,0.0,Moderate,Imminent,1,P3 (Moderate) → P1 (Critical) — 2-level jump ⚠ LARGE JUMP,10,2,2026-08-04T04:27:49.281935+00:00,2026-08-04T04:27:49.408353+00:00
ep_00196_QUEUE_BACKUP,INC-6284,QUEUE_BACKUP,P3,P1,P1,AUTO_APPROVED,system,No human response within timeout window.,1.0,0.0,Moderate,Imminent,1,P3 (Moderate) → P1 (Critical) — 2-level jump ⚠ LARGE JUMP,10,2,2026-08-04T04:27:49.425102+00:00,2026-08-04T04:27:49.551690+00:00
ep_00197_BAD_DEPLOY,INC-4092,BAD_DEPLOY,P3,P1,P1,AUTO_APPROVED,system,No human response within timeout window.,0.9179,0.0,Moderate,Imminent,1,P3 (Moderate) → P1 (Critical) — 2-level jump ⚠ LARGE JUMP,10,2,2026-08-04T04:27:49.568888+00:00,2026-08-04T04:27:49.695639+00:00
ep_00198_CACHE_STAMPEDE,INC-0917,CACHE_STAMPEDE,P3,P1,P1,AUTO_APPROVED,system,No human response within timeout window.,1.0,0.0,Moderate,Imminent,1,P3 (Moderate) → P1 (Critical) — 2-level jump ⚠ LARGE JUMP,10,2,2026-08-04T04:27:49.719928+00:00,2026-08-04T04:27:49.858779+00:00
ep_00200_BAD_DEPLOY,INC-6915,BAD_DEPLOY,P3,P1,P1,AUTO_APPROVED,system,No human response within timeout window.,0.8825,15.47,Moderate,Imminent,1,P3 (Moderate) → P1 (Critical) — 2-level jump ⚠ LARGE JUMP,10,2,2026-08-04T04:27:49.881501+00:00,2026-08-04T04:27:50.008059+00:00
ep_00204_RETRY_STORM,INC-6105,RETRY_STORM,P3,P1,P1,AUTO_APPROVED,system,No human response within timeout window.,0.8508,0.0,Moderate,Imminent,1,P3 (Moderate) → P1 (Critical) — 2-level jump ⚠ LARGE JUMP,10,2,2026-08-04T04:27:50.022543+00:00,2026-08-04T04:27:50.146502+00:00
ep_00207_RETRY_STORM,INC-1410,RETRY_STORM,P3,P1,P1,AUTO_APPROVED,system,No human response within timeout window.,0.8882,0.0,Moderate,Imminent,1,P3 (Moderate) → P1 (Critical) — 2-level jump ⚠ LARGE JUMP,10,2,2026-08-04T04:27:50.160467+00:00,2026-08-04T04:27:50.284970+00:00
ep_00209_BAD_DEPLOY,INC-1400,BAD_DEPLOY,P3,P1,P1,AUTO_APPROVED,system,No human response within timeout window.,0.9322,0.0,Moderate,Imminent,1,P3 (Moderate) → P1 (Critical) — 2-level jump ⚠ LARGE JUMP,10,2,2026-08-04T04:27:50.305501+00:00,2026-08-04T04:27:50.433634+00:00
ep_00212_CACHE_STAMPEDE,INC-4662,CACHE_STAMPEDE,P3,P1,P1,AUTO_APPROVED,system,No human response within timeout window.,1.0,0.0,Moderate,Imminent,1,P3 (Moderate) → P1 (Critical) — 2-level jump ⚠ LARGE JUMP,10,2,2026-08-04T04:27:50.447960+00:00,2026-08-04T04:27:50.574060+00:00
ep_00217_CACHE_STAMPEDE,INC-7056,CACHE_STAMPEDE,P3,P1,P1,AUTO_APPROVED,system,No human response within timeout window.,1.0,0.0,Moderate,Imminent,1,P3 (Moderate) → P1 (Critical) — 2-level jump ⚠ LARGE JUMP,10,2,2026-08-04T04:27:50.591061+00:00,2026-08-04T04:27:50.713711+00:00
ep_00218_CACHE_STAMPEDE,INC-1164,CACHE_STAMPEDE,P3,P1,P1,AUTO_APPROVED,system,No human response within timeout window.,1.0,0.0,Moderate,Imminent,1,P3 (Moderate) → P1 (Critical) — 2-level jump ⚠ LARGE JUMP,10,2,2026-08-04T04:27:50.733077+00:00,2026-08-04T04:27:50.860976+00:00
ep_00223_BAD_DEPLOY,INC-0108,BAD_DEPLOY,P3,P1,P1,AUTO_APPROVED,system,No human response within timeout window.,0.9656,0.0,Moderate,Imminent,1,P3 (Moderate) → P1 (Critical) — 2-level jump ⚠ LARGE JUMP,10,2,2026-08-04T04:27:50.878940+00:00,2026-08-04T04:27:51.007137+00:00
ep_00224_RETRY_STORM,INC-3404,RETRY_STORM,P3,P1,P1,AUTO_APPROVED,system,No human response within timeout window.,0.8083,0.0,Moderate,Imminent,1,P3 (Moderate) → P1 (Critical) — 2-level jump ⚠ LARGE JUMP,10,2,2026-08-04T04:27:51.043373+00:00,2026-08-04T04:27:51.167397+00:00
ep_00229_CACHE_STAMPEDE,INC-5808,CACHE_STAMPEDE,P3,P1,P1,AUTO_APPROVED,system,No human response within timeout window.,1.0,0.0,Moderate,Imminent,1,P3 (Moderate) → P1 (Critical) — 2-level jump ⚠ LARGE JUMP,10,2,2026-08-04T04:27:51.185576+00:00,2026-08-04T04:27:51.315760+00:00
ep_00230_CPU_SATURATION,INC-7647,CPU_SATURATION,P3,P1,P1,AUTO_APPROVED,system,No human response within timeout window.,1.0,0.0,Moderate,Imminent,1,P3 (Moderate) → P1 (Critical) — 2-level jump ⚠ LARGE JUMP,10,2,2026-08-04T04:27:51.331341+00:00,2026-08-04T04:27:51.463928+00:00
ep_00231_BAD_DEPLOY,INC-7496,BAD_DEPLOY,P3,P2,P2,AUTO_APPROVED,system,No human response within timeout window.,0.8736,41.02,Moderate,Near,0,P3 (Moderate) → P2 (High) — 1-level jump,10,2,2026-08-04T04:27:51.479684+00:00,2026-08-04T04:27:51.608511+00:00
ep_00232_RETRY_STORM,INC-5043,RETRY_STORM,P3,P1,P1,AUTO_APPROVED,system,No human response within timeout window.,0.8602,0.0,Moderate,Imminent,1,P3 (Moderate) → P1 (Critical) — 2-level jump ⚠ LARGE JUMP,10,2,2026-08-04T04:27:51.626155+00:00,2026-08-04T04:27:51.752616+00:00
ep_00235_RETRY_STORM,INC-4523,RETRY_STORM,P3,P1,P1,AUTO_APPROVED,system,No human response within timeout window.,0.9257,0.0,Moderate,Imminent,1,P3 (Moderate) → P1 (Critical) — 2-level jump ⚠ LARGE JUMP,10,2,2026-08-04T04:27:51.768494+00:00,2026-08-04T04:27:51.893757+00:00
ep_00240_RETRY_STORM,INC-7669,RETRY_STORM,P3,P1,P1,AUTO_APPROVED,system,No human response within timeout window.,0.9065,0.0,Moderate,Imminent,1,P3 (Moderate) → P1 (Critical) — 2-level jump ⚠ LARGE JUMP,10,2,2026-08-04T04:27:51.923713+00:00,2026-08-04T04:27:52.056018+00:00
ep_00241_CPU_SATURATION,INC-4674,CPU_SATURATION,P3,P1,P1,AUTO_APPROVED,system,No human response within timeout window.,1.0,0.0,Moderate,Imminent,1,P3 (Moderate) → P1 (Critical) — 2-level jump ⚠ LARGE JUMP,10,2,2026-08-04T04:27:52.077579+00:00,2026-08-04T04:27:52.214836+00:00
ep_00242_CASCADING_FAILURE,INC-4044,CASCADING_FAILURE,P3,P1,P1,AUTO_APPROVED,system,No human response within timeout window.,1.0,0.0,Moderate,Imminent,1,P3 (Moderate) → P1 (Critical) — 2-level jump ⚠ LARGE JUMP,10,2,2026-08-04T04:27:52.234192+00:00,2026-08-04T04:27:52.357119+00:00
ep_00247_CPU_SATURATION,INC-5335,CPU_SATURATION,P3,P1,P1,AUTO_APPROVED,system,No human response within timeout window.,1.0,0.0,Moderate,Imminent,1,P3 (Moderate) → P1 (Critical) — 2-level jump ⚠ LARGE JUMP,10,2,2026-08-04T04:27:52.376162+00:00,2026-08-04T04:27:52.502571+00:00
ep_00248_DB_SLOWDOWN,INC-7897,DB_SLOWDOWN,P3,P1,P1,AUTO_APPROVED,system,No human response within timeout window.,0.7863,0.0,Moderate,Imminent,1,P3 (Moderate) → P1 (Critical) — 2-level jump ⚠ LARGE JUMP,10,2,2026-08-04T04:27:52.518235+00:00,2026-08-04T04:27:52.645380+00:00
ep_00251_QUEUE_BACKUP,INC-0247,QUEUE_BACKUP,P3,P1,P1,AUTO_APPROVED,system,No human response within timeout window.,1.0,0.0,Moderate,Imminent,1,P3 (Moderate) → P1 (Critical) — 2-level jump ⚠ LARGE JUMP,10,2,2026-08-04T04:27:52.662916+00:00,2026-08-04T04:27:52.787162+00:00
ep_00257_RETRY_STORM,INC-5823,RETRY_STORM,P3,P1,P1,AUTO_APPROVED,system,No human response within timeout window.,0.8486,0.0,Moderate,Imminent,1,P3 (Moderate) → P1 (Critical) — 2-level jump ⚠ LARGE JUMP,10,2,2026-08-04T04:27:52.808166+00:00,2026-08-04T04:27:52.951881+00:00
ep_00259_QUEUE_BACKUP,INC-8121,QUEUE_BACKUP,P3,P1,P1,AUTO_APPROVED,system,No human response within timeout window.,1.0,0.0,Moderate,Imminent,1,P3 (Moderate) → P1 (Critical) — 2-level jump ⚠ LARGE JUMP,10,2,2026-08-04T04:27:52.968832+00:00,2026-08-04T04:27:53.094447+00:00
ep_00260_RETRY_STORM,INC-0896,RETRY_STORM,P3,P1,P1,AUTO_APPROVED,system,No human response within timeout window.,0.9015,0.0,Moderate,Imminent,1,P3 (Moderate) → P1 (Critical) — 2-level jump ⚠ LARGE JUMP,10,2,2026-08-04T04:27:53.109137+00:00,2026-08-04T04:27:53.232601+00:00
ep_00262_CPU_SATURATION,INC-3121,CPU_SATURATION,P3,P2,P2,AUTO_APPROVED,system,No human response within timeout window.,1.0,55.13,Moderate,Near,0,P3 (Moderate) → P2 (High) — 1-level jump,10,2,2026-08-04T04:27:53.249131+00:00,2026-08-04T04:27:53.375605+00:00
ep_00263_CACHE_STAMPEDE,INC-2976,CACHE_STAMPEDE,P3,P2,P2,AUTO_APPROVED,system,No human response within timeout window.,1.0,59.73,Moderate,Near,0,P3 (Moderate) → P2 (High) — 1-level jump,10,2,2026-08-04T04:27:53.388980+00:00,2026-08-04T04:27:53.510065+00:00
ep_00264_CACHE_STAMPEDE,INC-7294,CACHE_STAMPEDE,P3,P1,P1,AUTO_APPROVED,system,No human response within timeout window.,1.0,0.0,Moderate,Imminent,1,P3 (Moderate) → P1 (Critical) — 2-level jump ⚠ LARGE JUMP,10,2,2026-08-04T04:27:53.524694+00:00,2026-08-04T04:27:53.648663+00:00
ep_00265_BAD_DEPLOY,INC-9835,BAD_DEPLOY,P3,P1,P1,AUTO_APPROVED,system,No human response within timeout window.,0.9492,0.0,Moderate,Imminent,1,P3 (Moderate) → P1 (Critical) — 2-level jump ⚠ LARGE JUMP,10,2,2026-08-04T04:27:53.667204+00:00,2026-08-04T04:27:53.792792+00:00
ep_00268_CACHE_STAMPEDE,INC-8469,CACHE_STAMPEDE,P3,P1,P1,AUTO_APPROVED,system,No human response within timeout window.,1.0,0.0,Moderate,Imminent,1,P3 (Moderate) → P1 (Critical) — 2-level jump ⚠ LARGE JUMP,10,2,2026-08-04T04:27:53.810948+00:00,2026-08-04T04:27:53.935631+00:00
ep_00269_CASCADING_FAILURE,INC-2414,CASCADING_FAILURE,P3,P1,P1,AUTO_APPROVED,system,No human response within timeout window.,1.0,0.0,Moderate,Imminent,1,P3 (Moderate) → P1 (Critical) — 2-level jump ⚠ LARGE JUMP,10,2,2026-08-04T04:27:53.953400+00:00,2026-08-04T04:27:54.078183+00:00
ep_00270_CACHE_STAMPEDE,INC-0280,CACHE_STAMPEDE,P3,P2,P2,AUTO_APPROVED,system,No human response within timeout window.,1.0,30.2,Moderate,Near,0,P3 (Moderate) → P2 (High) — 1-level jump,10,2,2026-08-04T04:27:54.096111+00:00,2026-08-04T04:27:54.223603+00:00
ep_00272_RETRY_STORM,INC-1899,RETRY_STORM,P3,P1,P1,AUTO_APPROVED,system,No human response within timeout window.,0.9749,0.0,Moderate,Imminent,1,P3 (Moderate) → P1 (Critical) — 2-level jump ⚠ LARGE JUMP,10,2,2026-08-04T04:27:54.242604+00:00,2026-08-04T04:27:54.376370+00:00
ep_00274_QUEUE_BACKUP,INC-2744,QUEUE_BACKUP,P3,P1,P1,AUTO_APPROVED,system,No human response within timeout window.,1.0,0.0,Moderate,Imminent,1,P3 (Moderate) → P1 (Critical) — 2-level jump ⚠ LARGE JUMP,10,2,2026-08-04T04:27:54.394886+00:00,2026-08-04T04:27:54.522222+00:00
ep_00275_DEPENDENCY_TIMEOUT,INC-9891,DEPENDENCY_TIMEOUT,P3,P1,P1,AUTO_APPROVED,system,No human response within timeout window.,0.8656,0.0,Moderate,Imminent,1,P3 (Moderate) → P1 (Critical) — 2-level jump ⚠ LARGE JUMP,10,2,2026-08-04T04:27:54.536639+00:00,2026-08-04T04:27:54.661980+00:00
ep_00276_QUEUE_BACKUP,INC-1393,QUEUE_BACKUP,P3,P1,P1,AUTO_APPROVED,system,No human response within timeout window.,1.0,0.0,Moderate,Imminent,1,P3 (Moderate) → P1 (Critical) — 2-level jump ⚠ LARGE JUMP,10,2,2026-08-04T04:27:54.682014+00:00,2026-08-04T04:27:54.812362+00:00
ep_00277_BAD_DEPLOY,INC-3461,BAD_DEPLOY,P3,P1,P1,AUTO_APPROVED,system,No human response within timeout window.,0.9658,0.0,Moderate,Imminent,1,P3 (Moderate) → P1 (Critical) — 2-level jump ⚠ LARGE JUMP,10,2,2026-08-04T04:27:54.831997+00:00,2026-08-04T04:27:54.959890+00:00
ep_00279_CASCADING_FAILURE,INC-3091,CASCADING_FAILURE,P3,P1,P1,AUTO_APPROVED,system,No human response within timeout window.,1.0,0.0,Moderate,Imminent,1,P3 (Moderate) → P1 (Critical) — 2-level jump ⚠ LARGE JUMP,10,2,2026-08-04T04:27:54.980287+00:00,2026-08-04T04:27:55.108835+00:00
ep_00282_DEPENDENCY_TIMEOUT,INC-5224,DEPENDENCY_TIMEOUT,P3,P1,P1,AUTO_APPROVED,system,No human response within timeout window.,0.9418,0.0,Moderate,Imminent,1,P3 (Moderate) → P1 (Critical) — 2-level jump ⚠ LARGE JUMP,10,2,2026-08-04T04:27:55.149403+00:00,2026-08-04T04:27:55.274280+00:00
ep_00283_RETRY_STORM,INC-9529,RETRY_STORM,P3,P1,P1,AUTO_APPROVED,system,No human response within timeout window.,0.9181,0.0,Moderate,Imminent,1,P3 (Moderate) → P1 (Critical) — 2-level jump ⚠ LARGE JUMP,10,2,2026-08-04T04:27:55.292849+00:00,2026-08-04T04:27:55.421624+00:00
ep_00288_BAD_DEPLOY,INC-8540,BAD_DEPLOY,P3,P1,P1,AUTO_APPROVED,system,No human response within timeout window.,0.9811,0.0,Moderate,Imminent,1,P3 (Moderate) → P1 (Critical) — 2-level jump ⚠ LARGE JUMP,10,2,2026-08-04T04:27:55.436922+00:00,2026-08-04T04:27:55.563213+00:00
ep_00291_CPU_SATURATION,INC-8154,CPU_SATURATION,P3,P2,P2,AUTO_APPROVED,system,No human response within timeout window.,1.0,51.43,Moderate,Near,0,P3 (Moderate) → P2 (High) — 1-level jump,10,2,2026-08-04T04:27:55.582102+00:00,2026-08-04T04:27:55.710579+00:00
ep_00292_CASCADING_FAILURE,INC-5835,CASCADING_FAILURE,P3,P1,P1,AUTO_APPROVED,system,No human response within timeout window.,1.0,0.0,Moderate,Imminent,1,P3 (Moderate) → P1 (Critical) — 2-level jump ⚠ LARGE JUMP,10,2,2026-08-04T04:27:55.736196+00:00,2026-08-04T04:27:55.908210+00:00
ep_00295_QUEUE_BACKUP,INC-0826,QUEUE_BACKUP,P3,P1,P1,AUTO_APPROVED,system,No human response within timeout window.,1.0,0.0,Moderate,Imminent,1,P3 (Moderate) → P1 (Critical) — 2-level jump ⚠ LARGE JUMP,10,2,2026-08-04T04:27:55.935581+00:00,2026-08-04T04:27:56.075867+00:00
ep_00296_CASCADING_FAILURE,INC-1729,CASCADING_FAILURE,P3,P1,P1,AUTO_APPROVED,system,No human response within timeout window.,1.0,0.0,Moderate,Imminent,1,P3 (Moderate) → P1 (Critical) — 2-level jump ⚠ LARGE JUMP,10,2,2026-08-04T04:27:56.104620+00:00,2026-08-04T04:27:56.268538+00:00
ep_00297_BAD_DEPLOY,INC-4519,BAD_DEPLOY,P3,P1,P1,AUTO_APPROVED,system,No human response within timeout window.,0.8916,0.0,Moderate,Imminent,1,P3 (Moderate) → P1 (Critical) — 2-level jump ⚠ LARGE JUMP,10,2,2026-08-04T04:27:56.322090+00:00,2026-08-04T04:27:56.482393+00:00
ep_00298_CASCADING_FAILURE,INC-8867,CASCADING_FAILURE,P3,P1,P1,AUTO_APPROVED,system,No human response within timeout window.,1.0,0.0,Moderate,Imminent,1,P3 (Moderate) → P1 (Critical) — 2-level jump ⚠ LARGE JUMP,10,2,2026-08-04T04:27:56.668757+00:00,2026-08-04T04:27:56.954089+00:00
ep_00299_RETRY_STORM,INC-7150,RETRY_STORM,P3,P1,P1,AUTO_APPROVED,system,No human response within timeout window.,0.8593,0.0,Moderate,Imminent,1,P3 (Moderate) → P1 (Critical) — 2-level jump ⚠ LARGE JUMP,10,2,2026-08-04T04:27:57.055133+00:00,2026-08-04T04:27:57.304567+00:00
ep_00300_CASCADING_FAILURE,INC-9961,CASCADING_FAILURE,P3,P1,P1,AUTO_APPROVED,system,No human response within timeout window.,1.0,0.0,Moderate,Imminent,1,P3 (Moderate) → P1 (Critical) — 2-level jump ⚠ LARGE JUMP,10,2,2026-08-04T04:27:57.398156+00:00,2026-08-04T04:27:57.680642+00:00
ep_00301_QUEUE_BACKUP,INC-7227,QUEUE_BACKUP,P3,P1,P1,AUTO_APPROVED,system,No human response within timeout window.,1.0,0.0,Moderate,Imminent,1,P3 (Moderate) → P1 (Critical) — 2-level jump ⚠ LARGE JUMP,10,2,2026-08-04T04:27:57.831494+00:00,2026-08-04T04:27:58.174286+00:00
ep_00302_RETRY_STORM,INC-9091,RETRY_STORM,P3,P1,P1,AUTO_APPROVED,system,No human response within timeout window.,0.9528,0.0,Moderate,Imminent,1,P3 (Moderate) → P1 (Critical) — 2-level jump ⚠ LARGE JUMP,10,2,2026-08-04T04:27:58.288161+00:00,2026-08-04T04:27:58.522538+00:00
ep_00305_CPU_SATURATION,INC-7209,CPU_SATURATION,P3,P1,P1,AUTO_APPROVED,system,No human response within timeout window.,1.0,0.0,Moderate,Imminent,1,P3 (Moderate) → P1 (Critical) — 2-level jump ⚠ LARGE JUMP,10,2,2026-08-04T04:27:58.637723+00:00,2026-08-04T04:27:58.988280+00:00
ep_00306_RETRY_STORM,INC-5898,RETRY_STORM,P3,P1,P1,AUTO_APPROVED,system,No human response within timeout window.,0.9221,0.0,Moderate,Imminent,1,P3 (Moderate) → P1 (Critical) — 2-level jump ⚠ LARGE JUMP,10,2,2026-08-04T04:27:59.039258+00:00,2026-08-04T04:27:59.199992+00:00
ep_00311_BAD_DEPLOY,INC-3480,BAD_DEPLOY,P3,P1,P1,AUTO_APPROVED,system,No human response within timeout window.,0.8483,0.0,Moderate,Imminent,1,P3 (Moderate) → P1 (Critical) — 2-level jump ⚠ LARGE JUMP,10,2,2026-08-04T04:27:59.239569+00:00,2026-08-04T04:27:59.412897+00:00
ep_00313_RETRY_STORM,INC-8311,RETRY_STORM,P3,P1,P1,AUTO_APPROVED,system,No human response within timeout window.,0.8348,0.0,Moderate,Imminent,1,P3 (Moderate) → P1 (Critical) — 2-level jump ⚠ LARGE JUMP,10,2,2026-08-04T04:27:59.496747+00:00,2026-08-04T04:27:59.678211+00:00
ep_00315_QUEUE_BACKUP,INC-8170,QUEUE_BACKUP,P3,P1,P1,AUTO_APPROVED,system,No human response within timeout window.,1.0,0.0,Moderate,Imminent,1,P3 (Moderate) → P1 (Critical) — 2-level jump ⚠ LARGE JUMP,10,2,2026-08-04T04:27:59.718285+00:00,2026-08-04T04:27:59.873279+00:00
ep_00316_RETRY_STORM,INC-8481,RETRY_STORM,P3,P1,P1,AUTO_APPROVED,system,No human response within timeout window.,0.9157,0.0,Moderate,Imminent,1,P3 (Moderate) → P1 (Critical) — 2-level jump ⚠ LARGE JUMP,10,2,2026-08-04T04:27:59.901789+00:00,2026-08-04T04:28:00.054983+00:00
ep_00318_QUEUE_BACKUP,INC-6984,QUEUE_BACKUP,P3,P1,P1,AUTO_APPROVED,system,No human response within timeout window.,1.0,0.0,Moderate,Imminent,1,P3 (Moderate) → P1 (Critical) — 2-level jump ⚠ LARGE JUMP,10,2,2026-08-04T04:28:00.109831+00:00,2026-08-04T04:28:00.289326+00:00
ep_00321_CACHE_STAMPEDE,INC-6065,CACHE_STAMPEDE,P3,P1,P1,AUTO_APPROVED,system,No human response within timeout window.,1.0,0.0,Moderate,Imminent,1,P3 (Moderate) → P1 (Critical) — 2-level jump ⚠ LARGE JUMP,10,2,2026-08-04T04:28:00.418274+00:00,2026-08-04T04:28:00.651213+00:00
ep_00322_BAD_DEPLOY,INC-3139,BAD_DEPLOY,P3,P1,P1,AUTO_APPROVED,system,No human response within timeout window.,0.8416,0.0,Moderate,Imminent,1,P3 (Moderate) → P1 (Critical) — 2-level jump ⚠ LARGE JUMP,10,2,2026-08-04T04:28:00.703211+00:00,2026-08-04T04:28:00.865598+00:00
ep_00323_QUEUE_BACKUP,INC-5290,QUEUE_BACKUP,P3,P1,P1,AUTO_APPROVED,system,No human response within timeout window.,1.0,0.0,Moderate,Imminent,1,P3 (Moderate) → P1 (Critical) — 2-level jump ⚠ LARGE JUMP,10,2,2026-08-04T04:28:00.889358+00:00,2026-08-04T04:28:01.035955+00:00
ep_00328_BAD_DEPLOY,INC-6630,BAD_DEPLOY,P3,P1,P1,AUTO_APPROVED,system,No human response within timeout window.,0.9608,0.0,Moderate,Imminent,1,P3 (Moderate) → P1 (Critical) — 2-level jump ⚠ LARGE JUMP,10,2,2026-08-04T04:28:01.102364+00:00,2026-08-04T04:28:01.263233+00:00
ep_00330_RETRY_STORM,INC-7734,RETRY_STORM,P3,P1,P1,AUTO_APPROVED,system,No human response within timeout window.,0.9075,0.0,Moderate,Imminent,1,P3 (Moderate) → P1 (Critical) — 2-level jump ⚠ LARGE JUMP,10,2,2026-08-04T04:28:01.304994+00:00,2026-08-04T04:28:01.465355+00:00
ep_00331_QUEUE_BACKUP,INC-8067,QUEUE_BACKUP,P3,P1,P1,AUTO_APPROVED,system,No human response within timeout window.,1.0,0.0,Moderate,Imminent,1,P3 (Moderate) → P1 (Critical) — 2-level jump ⚠ LARGE JUMP,10,2,2026-08-04T04:28:01.495044+00:00,2026-08-04T04:28:01.651158+00:00
ep_00334_BAD_DEPLOY,INC-3344,BAD_DEPLOY,P3,P1,P1,AUTO_APPROVED,system,No human response within timeout window.,0.8663,0.0,Moderate,Imminent,1,P3 (Moderate) → P1 (Critical) — 2-level jump ⚠ LARGE JUMP,10,2,2026-08-04T04:28:01.691143+00:00,2026-08-04T04:28:01.831821+00:00
ep_00336_QUEUE_BACKUP,INC-6332,QUEUE_BACKUP,P3,P1,P1,AUTO_APPROVED,system,No human response within timeout window.,1.0,0.0,Moderate,Imminent,1,P3 (Moderate) → P1 (Critical) — 2-level jump ⚠ LARGE JUMP,10,2,2026-08-04T04:28:01.859222+00:00,2026-08-04T04:28:02.006591+00:00
ep_00337_DB_SLOWDOWN,INC-7821,DB_SLOWDOWN,P3,P1,P1,AUTO_APPROVED,system,No human response within timeout window.,0.7727,0.0,Moderate,Imminent,1,P3 (Moderate) → P1 (Critical) — 2-level jump ⚠ LARGE JUMP,10,2,2026-08-04T04:28:02.104058+00:00,2026-08-04T04:28:02.363805+00:00
ep_00339_CPU_SATURATION,INC-6847,CPU_SATURATION,P3,P1,P1,AUTO_APPROVED,system,No human response within timeout window.,1.0,0.0,Moderate,Imminent,1,P3 (Moderate) → P1 (Critical) — 2-level jump ⚠ LARGE JUMP,10,2,2026-08-04T04:28:02.413269+00:00,2026-08-04T04:28:02.589392+00:00
ep_00343_QUEUE_BACKUP,INC-9320,QUEUE_BACKUP,P3,P1,P1,AUTO_APPROVED,system,No human response within timeout window.,1.0,0.0,Moderate,Imminent,1,P3 (Moderate) → P1 (Critical) — 2-level jump ⚠ LARGE JUMP,10,2,2026-08-04T04:28:02.632712+00:00,2026-08-04T04:28:02.765872+00:00
ep_00345_CASCADING_FAILURE,INC-0971,CASCADING_FAILURE,P3,P1,P1,AUTO_APPROVED,system,No human response within timeout window.,1.0,0.0,Moderate,Imminent,1,P3 (Moderate) → P1 (Critical) — 2-level jump ⚠ LARGE JUMP,10,2,2026-08-04T04:28:02.840369+00:00,2026-08-04T04:28:03.003085+00:00
ep_00346_CASCADING_FAILURE,INC-0130,CASCADING_FAILURE,P3,P1,P1,AUTO_APPROVED,system,No human response within timeout window.,1.0,0.0,Moderate,Imminent,1,P3 (Moderate) → P1 (Critical) — 2-level jump ⚠ LARGE JUMP,10,2,2026-08-04T04:28:03.102404+00:00,2026-08-04T04:28:03.331093+00:00
ep_00348_QUEUE_BACKUP,INC-2943,QUEUE_BACKUP,P3,P1,P1,AUTO_APPROVED,system,No human response within timeout window.,1.0,0.0,Moderate,Imminent,1,P3 (Moderate) → P1 (Critical) — 2-level jump ⚠ LARGE JUMP,10,2,2026-08-04T04:28:03.389540+00:00,2026-08-04T04:28:03.569461+00:00
ep_00349_CASCADING_FAILURE,INC-7380,CASCADING_FAILURE,P3,P1,P1,AUTO_APPROVED,system,No human response within timeout window.,1.0,0.0,Moderate,Imminent,1,P3 (Moderate) → P1 (Critical) — 2-level jump ⚠ LARGE JUMP,10,2,2026-08-04T04:28:03.638517+00:00,2026-08-04T04:28:03.837734+00:00
ep_00351_RETRY_STORM,INC-7346,RETRY_STORM,P3,P1,P1,AUTO_APPROVED,system,No human response within timeout window.,0.8722,0.0,Moderate,Imminent,1,P3 (Moderate) → P1 (Critical) — 2-level jump ⚠ LARGE JUMP,10,2,2026-08-04T04:28:03.874178+00:00,2026-08-04T04:28:04.012339+00:00
ep_00353_QUEUE_BACKUP,INC-5554,QUEUE_BACKUP,P3,P1,P1,AUTO_APPROVED,system,No human response within timeout window.,1.0,0.0,Moderate,Imminent,1,P3 (Moderate) → P1 (Critical) — 2-level jump ⚠ LARGE JUMP,10,2,2026-08-04T04:28:04.050843+00:00,2026-08-04T04:28:04.195240+00:00
ep_00354_RETRY_STORM,INC-1926,RETRY_STORM,P3,P1,P1,AUTO_APPROVED,system,No human response within timeout window.,0.9551,0.0,Moderate,Imminent,1,P3 (Moderate) → P1 (Critical) — 2-level jump ⚠ LARGE JUMP,10,2,2026-08-04T04:28:04.225491+00:00,2026-08-04T04:28:04.394513+00:00
ep_00355_DEPENDENCY_TIMEOUT,INC-8964,DEPENDENCY_TIMEOUT,P3,P1,P1,AUTO_APPROVED,system,No human response within timeout window.,0.9153,0.0,Moderate,Imminent,1,P3 (Moderate) → P1 (Critical) — 2-level jump ⚠ LARGE JUMP,10,2,2026-08-04T04:28:04.447619+00:00,2026-08-04T04:28:04.592203+00:00
ep_00356_ERROR_STORM,INC-1104,ERROR_STORM,P3,P1,P1,AUTO_APPROVED,system,No human response within timeout window.,0.7795,0.0,Moderate,Imminent,1,P3 (Moderate) → P1 (Critical) — 2-level jump ⚠ LARGE JUMP,10,2,2026-08-04T04:28:04.627781+00:00,2026-08-04T04:28:04.814872+00:00
ep_00357_CASCADING_FAILURE,INC-1449,CASCADING_FAILURE,P3,P1,P1,AUTO_APPROVED,system,No human response within timeout window.,1.0,0.0,Moderate,Imminent,1,P3 (Moderate) → P1 (Critical) — 2-level jump ⚠ LARGE JUMP,10,2,2026-08-04T04:28:04.949670+00:00,2026-08-04T04:28:05.111774+00:00
ep_00358_BAD_DEPLOY,INC-3648,BAD_DEPLOY,P3,P1,P1,AUTO_APPROVED,system,No human response within timeout window.,0.8347,0.0,Moderate,Imminent,1,P3 (Moderate) → P1 (Critical) — 2-level jump ⚠ LARGE JUMP,10,2,2026-08-04T04:28:05.158491+00:00,2026-08-04T04:28:05.315224+00:00
ep_00361_CACHE_STAMPEDE,INC-4115,CACHE_STAMPEDE,P3,P1,P1,AUTO_APPROVED,system,No human response within timeout window.,1.0,0.0,Moderate,Imminent,1,P3 (Moderate) → P1 (Critical) — 2-level jump ⚠ LARGE JUMP,10,2,2026-08-04T04:28:05.348251+00:00,2026-08-04T04:28:05.490210+00:00
ep_00362_CPU_SATURATION,INC-7536,CPU_SATURATION,P3,P2,P2,AUTO_APPROVED,system,No human response within timeout window.,1.0,85.97,Moderate,Near,0,P3 (Moderate) → P2 (High) — 1-level jump,10,2,2026-08-04T04:28:05.535411+00:00,2026-08-04T04:28:05.689931+00:00
ep_00365_RETRY_STORM,INC-2768,RETRY_STORM,P3,P1,P1,AUTO_APPROVED,system,No human response within timeout window.,0.912,0.0,Moderate,Imminent,1,P3 (Moderate) → P1 (Critical) — 2-level jump ⚠ LARGE JUMP,10,2,2026-08-04T04:28:05.729188+00:00,2026-08-04T04:28:05.884701+00:00
ep_00366_DB_SLOWDOWN,INC-0821,DB_SLOWDOWN,P3,P1,P1,AUTO_APPROVED,system,No human response within timeout window.,0.7665,0.0,Moderate,Imminent,1,P3 (Moderate) → P1 (Critical) — 2-level jump ⚠ LARGE JUMP,10,2,2026-08-04T04:28:05.921383+00:00,2026-08-04T04:28:06.082748+00:00
ep_00368_DEPENDENCY_TIMEOUT,INC-6040,DEPENDENCY_TIMEOUT,P3,P1,P1,AUTO_APPROVED,system,No human response within timeout window.,0.9374,0.0,Moderate,Imminent,1,P3 (Moderate) → P1 (Critical) — 2-level jump ⚠ LARGE JUMP,10,2,2026-08-04T04:28:06.104731+00:00,2026-08-04T04:28:06.255280+00:00
ep_00370_CASCADING_FAILURE,INC-9000,CASCADING_FAILURE,P3,P1,P1,AUTO_APPROVED,system,No human response within timeout window.,1.0,0.0,Moderate,Imminent,1,P3 (Moderate) → P1 (Critical) — 2-level jump ⚠ LARGE JUMP,10,2,2026-08-04T04:28:06.281231+00:00,2026-08-04T04:28:06.424002+00:00
ep_00372_QUEUE_BACKUP,INC-7343,QUEUE_BACKUP,P3,P1,P1,AUTO_APPROVED,system,No human response within timeout window.,1.0,0.0,Moderate,Imminent,1,P3 (Moderate) → P1 (Critical) — 2-level jump ⚠ LARGE JUMP,10,2,2026-08-04T04:28:06.449053+00:00,2026-08-04T04:28:06.600944+00:00
ep_00376_RETRY_STORM,INC-5341,RETRY_STORM,P3,P1,P1,AUTO_APPROVED,system,No human response within timeout window.,0.8568,0.0,Moderate,Imminent,1,P3 (Moderate) → P1 (Critical) — 2-level jump ⚠ LARGE JUMP,10,2,2026-08-04T04:28:06.623006+00:00,2026-08-04T04:28:06.759748+00:00
ep_00381_CACHE_STAMPEDE,INC-9460,CACHE_STAMPEDE,P3,P1,P1,AUTO_APPROVED,system,No human response within timeout window.,1.0,0.0,Moderate,Imminent,1,P3 (Moderate) → P1 (Critical) — 2-level jump ⚠ LARGE JUMP,10,2,2026-08-04T04:28:06.780234+00:00,2026-08-04T04:28:06.922316+00:00
ep_00382_DB_SLOWDOWN,INC-7215,DB_SLOWDOWN,P3,P1,P1,AUTO_APPROVED,system,No human response within timeout window.,0.7569,0.0,Moderate,Imminent,1,P3 (Moderate) → P1 (Critical) — 2-level jump ⚠ LARGE JUMP,10,2,2026-08-04T04:28:06.952214+00:00,2026-08-04T04:28:07.084502+00:00
ep_00384_CASCADING_FAILURE,INC-1533,CASCADING_FAILURE,P3,P1,P1,AUTO_APPROVED,system,No human response within timeout window.,1.0,0.0,Moderate,Imminent,1,P3 (Moderate) → P1 (Critical) — 2-level jump ⚠ LARGE JUMP,10,2,2026-08-04T04:28:07.106764+00:00,2026-08-04T04:28:07.260879+00:00
ep_00385_DB_SLOWDOWN,INC-2910,DB_SLOWDOWN,P3,P1,P1,AUTO_APPROVED,system,No human response within timeout window.,0.7578,0.0,Moderate,Imminent,1,P3 (Moderate) → P1 (Critical) — 2-level jump ⚠ LARGE JUMP,10,2,2026-08-04T04:28:07.287797+00:00,2026-08-04T04:28:07.419648+00:00
ep_00387_CACHE_STAMPEDE,INC-8822,CACHE_STAMPEDE,P3,P1,P1,AUTO_APPROVED,system,No human response within timeout window.,1.0,0.0,Moderate,Imminent,1,P3 (Moderate) → P1 (Critical) — 2-level jump ⚠ LARGE JUMP,10,2,2026-08-04T04:28:07.458140+00:00,2026-08-04T04:28:07.602343+00:00
ep_00388_RETRY_STORM,INC-8324,RETRY_STORM,P3,P1,P1,AUTO_APPROVED,system,No human response within timeout window.,0.8183,0.0,Moderate,Imminent,1,P3 (Moderate) → P1 (Critical) — 2-level jump ⚠ LARGE JUMP,10,2,2026-08-04T04:28:07.635425+00:00,2026-08-04T04:28:07.791036+00:00
ep_00389_DB_SLOWDOWN,INC-4863,DB_SLOWDOWN,P3,P1,P1,AUTO_APPROVED,system,No human response within timeout window.,0.7599,0.0,Moderate,Imminent,1,P3 (Moderate) → P1 (Critical) — 2-level jump ⚠ LARGE JUMP,10,2,2026-08-04T04:28:07.849119+00:00,2026-08-04T04:28:07.986730+00:00
ep_00392_RETRY_STORM,INC-6677,RETRY_STORM,P3,P1,P1,AUTO_APPROVED,system,No human response within timeout window.,0.9368,0.0,Moderate,Imminent,1,P3 (Moderate) → P1 (Critical) — 2-level jump ⚠ LARGE JUMP,10,2,2026-08-04T04:28:08.004754+00:00,2026-08-04T04:28:08.149990+00:00
ep_00396_BAD_DEPLOY,INC-0217,BAD_DEPLOY,P3,P1,P1,AUTO_APPROVED,system,No human response within timeout window.,0.8816,0.0,Moderate,Imminent,1,P3 (Moderate) → P1 (Critical) — 2-level jump ⚠ LARGE JUMP,10,2,2026-08-04T04:28:08.168445+00:00,2026-08-04T04:28:08.300356+00:00
ep_00397_BAD_DEPLOY,INC-3485,BAD_DEPLOY,P3,P1,P1,AUTO_APPROVED,system,No human response within timeout window.,0.8689,0.0,Moderate,Imminent,1,P3 (Moderate) → P1 (Critical) — 2-level jump ⚠ LARGE JUMP,10,2,2026-08-04T04:28:08.327517+00:00,2026-08-04T04:28:08.462185+00:00
ep_00398_DEPENDENCY_TIMEOUT,INC-2754,DEPENDENCY_TIMEOUT,P3,P1,P1,AUTO_APPROVED,system,No human response within timeout window.,0.9192,0.0,Moderate,Imminent,1,P3 (Moderate) → P1 (Critical) — 2-level jump ⚠ LARGE JUMP,10,2,2026-08-04T04:28:08.488783+00:00,2026-08-04T04:28:08.617902+00:00
ep_00402_DB_SLOWDOWN,INC-9237,DB_SLOWDOWN,P3,P1,P1,AUTO_APPROVED,system,No human response within timeout window.,0.7732,0.0,Moderate,Imminent,1,P3 (Moderate) → P1 (Critical) — 2-level jump ⚠ LARGE JUMP,10,2,2026-08-04T04:28:08.637793+00:00,2026-08-04T04:28:08.769604+00:00
ep_00403_CACHE_STAMPEDE,INC-5535,CACHE_STAMPEDE,P3,P1,P1,AUTO_APPROVED,system,No human response within timeout window.,1.0,0.0,Moderate,Imminent,1,P3 (Moderate) → P1 (Critical) — 2-level jump ⚠ LARGE JUMP,10,2,2026-08-04T04:28:08.793167+00:00,2026-08-04T04:28:08.924476+00:00
ep_00404_QUEUE_BACKUP,INC-2526,QUEUE_BACKUP,P3,P1,P1,AUTO_APPROVED,system,No human response within timeout window.,1.0,0.0,Moderate,Imminent,1,P3 (Moderate) → P1 (Critical) — 2-level jump ⚠ LARGE JUMP,10,2,2026-08-04T04:28:08.953226+00:00,2026-08-04T04:28:09.089135+00:00
ep_00407_CASCADING_FAILURE,INC-3273,CASCADING_FAILURE,P3,P1,P1,AUTO_APPROVED,system,No human response within timeout window.,1.0,0.0,Moderate,Imminent,1,P3 (Moderate) → P1 (Critical) — 2-level jump ⚠ LARGE JUMP,10,2,2026-08-04T04:28:09.120824+00:00,2026-08-04T04:28:09.259546+00:00
ep_00410_QUEUE_BACKUP,INC-1462,QUEUE_BACKUP,P3,P1,P1,AUTO_APPROVED,system,No human response within timeout window.,1.0,0.0,Moderate,Imminent,1,P3 (Moderate) → P1 (Critical) — 2-level jump ⚠ LARGE JUMP,10,2,2026-08-04T04:28:09.282848+00:00,2026-08-04T04:28:09.420226+00:00
ep_00415_CASCADING_FAILURE,INC-1827,CASCADING_FAILURE,P3,P1,P1,AUTO_APPROVED,system,No human response within timeout window.,1.0,0.0,Moderate,Imminent,1,P3 (Moderate) → P1 (Critical) — 2-level jump ⚠ LARGE JUMP,10,2,2026-08-04T04:28:09.450946+00:00,2026-08-04T04:28:09.593657+00:00
ep_00416_RETRY_STORM,INC-3352,RETRY_STORM,P3,P1,P1,AUTO_APPROVED,system,No human response within timeout window.,0.919,0.0,Moderate,Imminent,1,P3 (Moderate) → P1 (Critical) — 2-level jump ⚠ LARGE JUMP,10,2,2026-08-04T04:28:09.620169+00:00,2026-08-04T04:28:09.780656+00:00
ep_00417_CASCADING_FAILURE,INC-9966,CASCADING_FAILURE,P3,P1,P1,AUTO_APPROVED,system,No human response within timeout window.,1.0,5.53,Moderate,Imminent,1,P3 (Moderate) → P1 (Critical) — 2-level jump ⚠ LARGE JUMP,10,2,2026-08-04T04:28:09.812863+00:00,2026-08-04T04:28:09.970495+00:00
ep_00421_CASCADING_FAILURE,INC-3464,CASCADING_FAILURE,P3,P1,P1,AUTO_APPROVED,system,No human response within timeout window.,1.0,0.0,Moderate,Imminent,1,P3 (Moderate) → P1 (Critical) — 2-level jump ⚠ LARGE JUMP,10,2,2026-08-04T04:28:10.006445+00:00,2026-08-04T04:28:10.154909+00:00
ep_00422_QUEUE_BACKUP,INC-4373,QUEUE_BACKUP,P3,P1,P1,AUTO_APPROVED,system,No human response within timeout window.,1.0,0.0,Moderate,Imminent,1,P3 (Moderate) → P1 (Critical) — 2-level jump ⚠ LARGE JUMP,10,2,2026-08-04T04:28:10.179045+00:00,2026-08-04T04:28:10.308971+00:00
ep_00425_CACHE_STAMPEDE,INC-7410,CACHE_STAMPEDE,P3,P1,P1,AUTO_APPROVED,system,No human response within timeout window.,1.0,0.0,Moderate,Imminent,1,P3 (Moderate) → P1 (Critical) — 2-level jump ⚠ LARGE JUMP,10,2,2026-08-04T04:28:10.329393+00:00,2026-08-04T04:28:10.461309+00:00
ep_00428_CASCADING_FAILURE,INC-9703,CASCADING_FAILURE,P3,P1,P1,AUTO_APPROVED,system,No human response within timeout window.,1.0,0.0,Moderate,Imminent,1,P3 (Moderate) → P1 (Critical) — 2-level jump ⚠ LARGE JUMP,10,2,2026-08-04T04:28:10.484191+00:00,2026-08-04T04:28:10.616133+00:00
ep_00430_RETRY_STORM,INC-7868,RETRY_STORM,P3,P1,P1,AUTO_APPROVED,system,No human response within timeout window.,0.8549,0.0,Moderate,Imminent,1,P3 (Moderate) → P1 (Critical) — 2-level jump ⚠ LARGE JUMP,10,2,2026-08-04T04:28:10.637377+00:00,2026-08-04T04:28:10.781174+00:00
ep_00431_BAD_DEPLOY,INC-0020,BAD_DEPLOY,P3,P2,P2,AUTO_APPROVED,system,No human response within timeout window.,0.853,80.63,Moderate,Near,0,P3 (Moderate) → P2 (High) — 1-level jump,10,2,2026-08-04T04:28:10.803588+00:00,2026-08-04T04:28:10.931978+00:00
ep_00440_CASCADING_FAILURE,INC-4586,CASCADING_FAILURE,P3,P1,P1,AUTO_APPROVED,system,No human response within timeout window.,1.0,0.0,Moderate,Imminent,1,P3 (Moderate) → P1 (Critical) — 2-level jump ⚠ LARGE JUMP,10,2,2026-08-04T04:28:10.960362+00:00,2026-08-04T04:28:11.093317+00:00
ep_00441_RETRY_STORM,INC-2000,RETRY_STORM,P3,P1,P1,AUTO_APPROVED,system,No human response within timeout window.,0.8712,0.0,Moderate,Imminent,1,P3 (Moderate) → P1 (Critical) — 2-level jump ⚠ LARGE JUMP,10,2,2026-08-04T04:28:11.123224+00:00,2026-08-04T04:28:11.257129+00:00
ep_00446_BAD_DEPLOY,INC-8872,BAD_DEPLOY,P3,P1,P1,AUTO_APPROVED,system,No human response within timeout window.,0.8789,0.0,Moderate,Imminent,1,P3 (Moderate) → P1 (Critical) — 2-level jump ⚠ LARGE JUMP,10,2,2026-08-04T04:28:11.277065+00:00,2026-08-04T04:28:11.408235+00:00
ep_00448_CPU_SATURATION,INC-6246,CPU_SATURATION,P3,P1,P1,AUTO_APPROVED,system,No human response within timeout window.,1.0,0.0,Moderate,Imminent,1,P3 (Moderate) → P1 (Critical) — 2-level jump ⚠ LARGE JUMP,10,2,2026-08-04T04:28:11.448288+00:00,2026-08-04T04:28:11.597741+00:00
ep_00452_BAD_DEPLOY,INC-1601,BAD_DEPLOY,P3,P1,P1,AUTO_APPROVED,system,No human response within timeout window.,0.928,0.0,Moderate,Imminent,1,P3 (Moderate) → P1 (Critical) — 2-level jump ⚠ LARGE JUMP,10,2,2026-08-04T04:28:11.629037+00:00,2026-08-04T04:28:11.787321+00:00
ep_00454_DEPENDENCY_TIMEOUT,INC-1797,DEPENDENCY_TIMEOUT,P3,P1,P1,AUTO_APPROVED,system,No human response within timeout window.,0.9814,0.0,Moderate,Imminent,1,P3 (Moderate) → P1 (Critical) — 2-level jump ⚠ LARGE JUMP,10,2,2026-08-04T04:28:11.839890+00:00,2026-08-04T04:28:11.995677+00:00
ep_00457_QUEUE_BACKUP,INC-0292,QUEUE_BACKUP,P3,P1,P1,AUTO_APPROVED,system,No human response within timeout window.,1.0,0.0,Moderate,Imminent,1,P3 (Moderate) → P1 (Critical) — 2-level jump ⚠ LARGE JUMP,10,2,2026-08-04T04:28:12.020332+00:00,2026-08-04T04:28:12.172137+00:00
ep_00461_DEPENDENCY_TIMEOUT,INC-2541,DEPENDENCY_TIMEOUT,P3,P2,P2,AUTO_APPROVED,system,No human response within timeout window.,0.9256,82.1,Moderate,Near,0,P3 (Moderate) → P2 (High) — 1-level jump,10,2,2026-08-04T04:28:12.196891+00:00,2026-08-04T04:28:12.326133+00:00
ep_00463_CASCADING_FAILURE,INC-3145,CASCADING_FAILURE,P3,P1,P1,AUTO_APPROVED,system,No human response within timeout window.,1.0,0.0,Moderate,Imminent,1,P3 (Moderate) → P1 (Critical) — 2-level jump ⚠ LARGE JUMP,10,2,2026-08-04T04:28:12.348110+00:00,2026-08-04T04:28:12.480471+00:00
ep_00464_CASCADING_FAILURE,INC-4358,CASCADING_FAILURE,P3,P1,P1,AUTO_APPROVED,system,No human response within timeout window.,1.0,0.0,Moderate,Imminent,1,P3 (Moderate) → P1 (Critical) — 2-level jump ⚠ LARGE JUMP,10,2,2026-08-04T04:28:12.505512+00:00,2026-08-04T04:28:12.649004+00:00
ep_00466_QUEUE_BACKUP,INC-7797,QUEUE_BACKUP,P3,P1,P1,AUTO_APPROVED,system,No human response within timeout window.,1.0,0.0,Moderate,Imminent,1,P3 (Moderate) → P1 (Critical) — 2-level jump ⚠ LARGE JUMP,10,2,2026-08-04T04:28:12.675551+00:00,2026-08-04T04:28:12.814097+00:00
ep_00468_DB_SLOWDOWN,INC-8066,DB_SLOWDOWN,P3,P1,P1,AUTO_APPROVED,system,No human response within timeout window.,0.7643,0.0,Moderate,Imminent,1,P3 (Moderate) → P1 (Critical) — 2-level jump ⚠ LARGE JUMP,10,2,2026-08-04T04:28:12.865799+00:00,2026-08-04T04:28:13.001193+00:00
ep_00469_CASCADING_FAILURE,INC-5543,CASCADING_FAILURE,P3,P1,P1,AUTO_APPROVED,system,No human response within timeout window.,1.0,0.0,Moderate,Imminent,1,P3 (Moderate) → P1 (Critical) — 2-level jump ⚠ LARGE JUMP,10,2,2026-08-04T04:28:13.021462+00:00,2026-08-04T04:28:13.156444+00:00
ep_00471_BAD_DEPLOY,INC-3340,BAD_DEPLOY,P3,P1,P1,AUTO_APPROVED,system,No human response within timeout window.,0.8296,0.0,Moderate,Imminent,1,P3 (Moderate) → P1 (Critical) — 2-level jump ⚠ LARGE JUMP,10,2,2026-08-04T04:28:13.182729+00:00,2026-08-04T04:28:13.323045+00:00
ep_00473_RETRY_STORM,INC-2297,RETRY_STORM,P3,P1,P1,AUTO_APPROVED,system,No human response within timeout window.,0.9773,0.0,Moderate,Imminent,1,P3 (Moderate) → P1 (Critical) — 2-level jump ⚠ LARGE JUMP,10,2,2026-08-04T04:28:13.346509+00:00,2026-08-04T04:28:13.484954+00:00
ep_00474_QUEUE_BACKUP,INC-7969,QUEUE_BACKUP,P3,P1,P1,AUTO_APPROVED,system,No human response within timeout window.,1.0,0.0,Moderate,Imminent,1,P3 (Moderate) → P1 (Critical) — 2-level jump ⚠ LARGE JUMP,10,2,2026-08-04T04:28:13.514160+00:00,2026-08-04T04:28:13.663655+00:00
ep_00475_CACHE_STAMPEDE,INC-0019,CACHE_STAMPEDE,P3,P1,P1,AUTO_APPROVED,system,No human response within timeout window.,1.0,23.28,Moderate,Imminent,1,P3 (Moderate) → P1 (Critical) — 2-level jump ⚠ LARGE JUMP,10,2,2026-08-04T04:28:13.692945+00:00,2026-08-04T04:28:13.837070+00:00
ep_00477_CACHE_STAMPEDE,INC-8312,CACHE_STAMPEDE,P3,P1,P1,AUTO_APPROVED,system,No human response within timeout window.,1.0,0.0,Moderate,Imminent,1,P3 (Moderate) → P1 (Critical) — 2-level jump ⚠ LARGE JUMP,10,2,2026-08-04T04:28:13.862618+00:00,2026-08-04T04:28:13.997056+00:00
ep_00478_CASCADING_FAILURE,INC-7546,CASCADING_FAILURE,P3,P1,P1,AUTO_APPROVED,system,No human response within timeout window.,1.0,0.0,Moderate,Imminent,1,P3 (Moderate) → P1 (Critical) — 2-level jump ⚠ LARGE JUMP,10,2,2026-08-04T04:28:14.016887+00:00,2026-08-04T04:28:14.152325+00:00
ep_00485_DEPENDENCY_TIMEOUT,INC-8604,DEPENDENCY_TIMEOUT,P3,P1,P1,AUTO_APPROVED,system,No human response within timeout window.,0.8682,0.0,Moderate,Imminent,1,P3 (Moderate) → P1 (Critical) — 2-level jump ⚠ LARGE JUMP,10,2,2026-08-04T04:28:14.173330+00:00,2026-08-04T04:28:14.309549+00:00
ep_00486_BAD_DEPLOY,INC-7259,BAD_DEPLOY,P3,P1,P1,AUTO_APPROVED,system,No human response within timeout window.,0.9155,0.0,Moderate,Imminent,1,P3 (Moderate) → P1 (Critical) — 2-level jump ⚠ LARGE JUMP,10,2,2026-08-04T04:28:14.330905+00:00,2026-08-04T04:28:14.476639+00:00
ep_00487_CASCADING_FAILURE,INC-3082,CASCADING_FAILURE,P3,P1,P1,AUTO_APPROVED,system,No human response within timeout window.,1.0,0.0,Moderate,Imminent,1,P3 (Moderate) → P1 (Critical) — 2-level jump ⚠ LARGE JUMP,10,2,2026-08-04T04:28:14.500535+00:00,2026-08-04T04:28:14.633284+00:00
ep_00490_CACHE_STAMPEDE,INC-2550,CACHE_STAMPEDE,P3,P1,P1,AUTO_APPROVED,system,No human response within timeout window.,1.0,0.0,Moderate,Imminent,1,P3 (Moderate) → P1 (Critical) — 2-level jump ⚠ LARGE JUMP,10,2,2026-08-04T04:28:14.650544+00:00,2026-08-04T04:28:14.776348+00:00
ep_00494_QUEUE_BACKUP,INC-5664,QUEUE_BACKUP,P3,P1,P1,AUTO_APPROVED,system,No human response within timeout window.,1.0,0.0,Moderate,Imminent,1,P3 (Moderate) → P1 (Critical) — 2-level jump ⚠ LARGE JUMP,10,2,2026-08-04T04:28:14.789887+00:00,2026-08-04T04:28:14.917158+00:00
ep_00495_CACHE_STAMPEDE,INC-5668,CACHE_STAMPEDE,P3,P1,P1,AUTO_APPROVED,system,No human response within timeout window.,1.0,0.0,Moderate,Imminent,1,P3 (Moderate) → P1 (Critical) — 2-level jump ⚠ LARGE JUMP,10,2,2026-08-04T04:28:14.951681+00:00,2026-08-04T04:28:15.082123+00:00
ep_00497_RETRY_STORM,INC-8450,RETRY_STORM,P3,P1,P1,AUTO_APPROVED,system,No human response within timeout window.,0.9251,0.0,Moderate,Imminent,1,P3 (Moderate) → P1 (Critical) — 2-level jump ⚠ LARGE JUMP,10,2,2026-08-04T04:28:15.098987+00:00,2026-08-04T04:28:15.227138+00:00
ep_00499_QUEUE_BACKUP,INC-0254,QUEUE_BACKUP,P3,P1,P1,AUTO_APPROVED,system,No human response within timeout window.,1.0,0.0,Moderate,Imminent,1,P3 (Moderate) → P1 (Critical) — 2-level jump ⚠ LARGE JUMP,10,2,2026-08-04T04:28:15.243555+00:00,2026-08-04T04:28:15.370064+00:00
ep_00500_RETRY_STORM,INC-3955,RETRY_STORM,P3,P1,P1,AUTO_APPROVED,system,No human response within timeout window.,0.936,0.0,Moderate,Imminent,1,P3 (Moderate) → P1 (Critical) — 2-level jump ⚠ LARGE JUMP,10,2,2026-08-04T04:28:15.393580+00:00,2026-08-04T04:28:15.529528+00:00
ep_00501_BAD_DEPLOY,INC-6352,BAD_DEPLOY,P3,P1,P1,AUTO_APPROVED,system,No human response within timeout window.,0.9657,0.0,Moderate,Imminent,1,P3 (Moderate) → P1 (Critical) — 2-level jump ⚠ LARGE JUMP,10,2,2026-08-04T04:28:15.558829+00:00,2026-08-04T04:28:15.696983+00:00
ep_00502_BAD_DEPLOY,INC-5121,BAD_DEPLOY,P3,P1,P1,AUTO_APPROVED,system,No human response within timeout window.,0.8962,0.0,Moderate,Imminent,1,P3 (Moderate) → P1 (Critical) — 2-level jump ⚠ LARGE JUMP,10,2,2026-08-04T04:28:15.737157+00:00,2026-08-04T04:28:15.869893+00:00
ep_00513_DEPENDENCY_TIMEOUT,INC-4328,DEPENDENCY_TIMEOUT,P3,P1,P1,AUTO_APPROVED,system,No human response within timeout window.,0.8729,0.0,Moderate,Imminent,1,P3 (Moderate) → P1 (Critical) — 2-level jump ⚠ LARGE JUMP,10,2,2026-08-04T04:28:15.888379+00:00,2026-08-04T04:28:16.018075+00:00
ep_00514_DEPENDENCY_TIMEOUT,INC-4513,DEPENDENCY_TIMEOUT,P3,P1,P1,AUTO_APPROVED,system,No human response within timeout window.,0.9819,0.0,Moderate,Imminent,1,P3 (Moderate) → P1 (Critical) — 2-level jump ⚠ LARGE JUMP,10,2,2026-08-04T04:28:16.036948+00:00,2026-08-04T04:28:16.163726+00:00
ep_00515_CASCADING_FAILURE,INC-7898,CASCADING_FAILURE,P3,P1,P1,AUTO_APPROVED,system,No human response within timeout window.,1.0,0.0,Moderate,Imminent,1,P3 (Moderate) → P1 (Critical) — 2-level jump ⚠ LARGE JUMP,10,2,2026-08-04T04:28:16.186415+00:00,2026-08-04T04:28:16.317710+00:00
ep_00516_DEPENDENCY_TIMEOUT,INC-7540,DEPENDENCY_TIMEOUT,P3,P1,P1,AUTO_APPROVED,system,No human response within timeout window.,0.9781,0.0,Moderate,Imminent,1,P3 (Moderate) → P1 (Critical) — 2-level jump ⚠ LARGE JUMP,10,2,2026-08-04T04:28:16.340217+00:00,2026-08-04T04:28:16.480646+00:00
ep_00517_BAD_DEPLOY,INC-5026,BAD_DEPLOY,P3,P1,P1,AUTO_APPROVED,system,No human response within timeout window.,0.8561,0.0,Moderate,Imminent,1,P3 (Moderate) → P1 (Critical) — 2-level jump ⚠ LARGE JUMP,10,2,2026-08-04T04:28:16.499487+00:00,2026-08-04T04:28:16.627546+00:00
ep_00518_QUEUE_BACKUP,INC-0410,QUEUE_BACKUP,P3,P1,P1,AUTO_APPROVED,system,No human response within timeout window.,1.0,0.0,Moderate,Imminent,1,P3 (Moderate) → P1 (Critical) — 2-level jump ⚠ LARGE JUMP,10,2,2026-08-04T04:28:16.646371+00:00,2026-08-04T04:28:16.775224+00:00
ep_00519_DEPENDENCY_TIMEOUT,INC-4197,DEPENDENCY_TIMEOUT,P3,P1,P1,AUTO_APPROVED,system,No human response within timeout window.,0.8901,0.0,Moderate,Imminent,1,P3 (Moderate) → P1 (Critical) — 2-level jump ⚠ LARGE JUMP,10,2,2026-08-04T04:28:16.791418+00:00,2026-08-04T04:28:16.915096+00:00
ep_00522_DEPENDENCY_TIMEOUT,INC-0354,DEPENDENCY_TIMEOUT,P3,P1,P1,AUTO_APPROVED,system,No human response within timeout window.,0.8608,0.0,Moderate,Imminent,1,P3 (Moderate) → P1 (Critical) — 2-level jump ⚠ LARGE JUMP,10,2,2026-08-04T04:28:16.932687+00:00,2026-08-04T04:28:17.061825+00:00
ep_00524_CASCADING_FAILURE,INC-9952,CASCADING_FAILURE,P3,P1,P1,AUTO_APPROVED,system,No human response within timeout window.,1.0,0.0,Moderate,Imminent,1,P3 (Moderate) → P1 (Critical) — 2-level jump ⚠ LARGE JUMP,10,2,2026-08-04T04:28:17.083644+00:00,2026-08-04T04:28:17.212577+00:00
ep_00525_CACHE_STAMPEDE,INC-2157,CACHE_STAMPEDE,P3,P1,P1,AUTO_APPROVED,system,No human response within timeout window.,1.0,0.0,Moderate,Imminent,1,P3 (Moderate) → P1 (Critical) — 2-level jump ⚠ LARGE JUMP,10,2,2026-08-04T04:28:17.262837+00:00,2026-08-04T04:28:17.388418+00:00
ep_00526_DEPENDENCY_TIMEOUT,INC-8458,DEPENDENCY_TIMEOUT,P3,P1,P1,AUTO_APPROVED,system,No human response within timeout window.,0.9554,0.0,Moderate,Imminent,1,P3 (Moderate) → P1 (Critical) — 2-level jump ⚠ LARGE JUMP,10,2,2026-08-04T04:28:17.407024+00:00,2026-08-04T04:28:17.539052+00:00
ep_00527_CASCADING_FAILURE,INC-0725,CASCADING_FAILURE,P3,P1,P1,AUTO_APPROVED,system,No human response within timeout window.,1.0,0.0,Moderate,Imminent,1,P3 (Moderate) → P1 (Critical) — 2-level jump ⚠ LARGE JUMP,10,2,2026-08-04T04:28:17.555698+00:00,2026-08-04T04:28:17.679227+00:00
ep_00530_RETRY_STORM,INC-9084,RETRY_STORM,P3,P1,P1,AUTO_APPROVED,system,No human response within timeout window.,0.8978,0.0,Moderate,Imminent,1,P3 (Moderate) → P1 (Critical) — 2-level jump ⚠ LARGE JUMP,10,2,2026-08-04T04:28:17.699517+00:00,2026-08-04T04:28:17.829635+00:00
ep_00532_QUEUE_BACKUP,INC-4903,QUEUE_BACKUP,P3,P1,P1,AUTO_APPROVED,system,No human response within timeout window.,1.0,0.0,Moderate,Imminent,1,P3 (Moderate) → P1 (Critical) — 2-level jump ⚠ LARGE JUMP,10,2,2026-08-04T04:28:17.852086+00:00,2026-08-04T04:28:17.991940+00:00
ep_00538_DB_SLOWDOWN,INC-1885,DB_SLOWDOWN,P3,P1,P1,AUTO_APPROVED,system,No human response within timeout window.,0.7853,0.0,Moderate,Imminent,1,P3 (Moderate) → P1 (Critical) — 2-level jump ⚠ LARGE JUMP,10,2,2026-08-04T04:28:18.010370+00:00,2026-08-04T04:28:18.142465+00:00
ep_00540_ERROR_STORM,INC-0093,ERROR_STORM,P3,P1,P1,AUTO_APPROVED,system,No human response within timeout window.,0.7819,0.0,Moderate,Imminent,1,P3 (Moderate) → P1 (Critical) — 2-level jump ⚠ LARGE JUMP,10,2,2026-08-04T04:28:18.160945+00:00,2026-08-04T04:28:18.287475+00:00
ep_00541_DEPENDENCY_TIMEOUT,INC-0116,DEPENDENCY_TIMEOUT,P3,P1,P1,AUTO_APPROVED,system,No human response within timeout window.,1.0,0.0,Moderate,Imminent,1,P3 (Moderate) → P1 (Critical) — 2-level jump ⚠ LARGE JUMP,10,2,2026-08-04T04:28:18.301670+00:00,2026-08-04T04:28:18.427011+00:00
ep_00542_QUEUE_BACKUP,INC-7627,QUEUE_BACKUP,P3,P1,P1,AUTO_APPROVED,system,No human response within timeout window.,1.0,0.0,Moderate,Imminent,1,P3 (Moderate) → P1 (Critical) — 2-level jump ⚠ LARGE JUMP,10,2,2026-08-04T04:28:18.447703+00:00,2026-08-04T04:28:18.576666+00:00
ep_00544_CASCADING_FAILURE,INC-3225,CASCADING_FAILURE,P3,P1,P1,AUTO_APPROVED,system,No human response within timeout window.,1.0,0.0,Moderate,Imminent,1,P3 (Moderate) → P1 (Critical) — 2-level jump ⚠ LARGE JUMP,10,2,2026-08-04T04:28:18.592430+00:00,2026-08-04T04:28:18.721643+00:00
ep_00546_CASCADING_FAILURE,INC-5849,CASCADING_FAILURE,P3,P1,P1,AUTO_APPROVED,system,No human response within timeout window.,1.0,0.0,Moderate,Imminent,1,P3 (Moderate) → P1 (Critical) — 2-level jump ⚠ LARGE JUMP,10,2,2026-08-04T04:28:18.739216+00:00,2026-08-04T04:28:18.863465+00:00
ep_00548_BAD_DEPLOY,INC-5060,BAD_DEPLOY,P3,P1,P1,AUTO_APPROVED,system,No human response within timeout window.,0.8634,0.0,Moderate,Imminent,1,P3 (Moderate) → P1 (Critical) — 2-level jump ⚠ LARGE JUMP,10,2,2026-08-04T04:28:18.883672+00:00,2026-08-04T04:28:19.017865+00:00
ep_00550_CACHE_STAMPEDE,INC-9700,CACHE_STAMPEDE,P3,P1,P1,AUTO_APPROVED,system,No human response within timeout window.,1.0,0.0,Moderate,Imminent,1,P3 (Moderate) → P1 (Critical) — 2-level jump ⚠ LARGE JUMP,10,2,2026-08-04T04:28:19.035848+00:00,2026-08-04T04:28:19.174214+00:00
ep_00551_CPU_SATURATION,INC-0188,CPU_SATURATION,P3,P2,P2,AUTO_APPROVED,system,No human response within timeout window.,1.0,75.4,Moderate,Near,0,P3 (Moderate) → P2 (High) — 1-level jump,10,2,2026-08-04T04:28:19.193065+00:00,2026-08-04T04:28:19.321813+00:00
ep_00552_QUEUE_BACKUP,INC-8079,QUEUE_BACKUP,P3,P1,P1,AUTO_APPROVED,system,No human response within timeout window.,1.0,0.0,Moderate,Imminent,1,P3 (Moderate) → P1 (Critical) — 2-level jump ⚠ LARGE JUMP,10,2,2026-08-04T04:28:19.339445+00:00,2026-08-04T04:28:19.460315+00:00
ep_00554_CASCADING_FAILURE,INC-6546,CASCADING_FAILURE,P3,P1,P1,AUTO_APPROVED,system,No human response within timeout window.,1.0,0.0,Moderate,Imminent,1,P3 (Moderate) → P1 (Critical) — 2-level jump ⚠ LARGE JUMP,10,2,2026-08-04T04:28:19.475249+00:00,2026-08-04T04:28:19.601423+00:00
ep_00555_QUEUE_BACKUP,INC-5735,QUEUE_BACKUP,P3,P1,P1,AUTO_APPROVED,system,No human response within timeout window.,1.0,0.0,Moderate,Imminent,1,P3 (Moderate) → P1 (Critical) — 2-level jump ⚠ LARGE JUMP,10,2,2026-08-04T04:28:19.621807+00:00,2026-08-04T04:28:19.749637+00:00
ep_00556_BAD_DEPLOY,INC-7998,BAD_DEPLOY,P3,P1,P1,AUTO_APPROVED,system,No human response within timeout window.,0.9206,0.0,Moderate,Imminent,1,P3 (Moderate) → P1 (Critical) — 2-level jump ⚠ LARGE JUMP,10,2,2026-08-04T04:28:19.764422+00:00,2026-08-04T04:28:19.891598+00:00
ep_00557_RETRY_STORM,INC-5983,RETRY_STORM,P3,P1,P1,AUTO_APPROVED,system,No human response within timeout window.,0.8122,0.0,Moderate,Imminent,1,P3 (Moderate) → P1 (Critical) — 2-level jump ⚠ LARGE JUMP,10,2,2026-08-04T04:28:19.909141+00:00,2026-08-04T04:28:20.036326+00:00
ep_00559_ERROR_STORM,INC-0999,ERROR_STORM,P3,P1,P1,AUTO_APPROVED,system,No human response within timeout window.,0.7663,0.0,Moderate,Imminent,1,P3 (Moderate) → P1 (Critical) — 2-level jump ⚠ LARGE JUMP,10,2,2026-08-04T04:28:20.053839+00:00,2026-08-04T04:28:20.188904+00:00
ep_00562_QUEUE_BACKUP,INC-3416,QUEUE_BACKUP,P3,P1,P1,AUTO_APPROVED,system,No human response within timeout window.,1.0,0.0,Moderate,Imminent,1,P3 (Moderate) → P1 (Critical) — 2-level jump ⚠ LARGE JUMP,10,2,2026-08-04T04:28:20.202328+00:00,2026-08-04T04:28:20.326451+00:00
ep_00566_QUEUE_BACKUP,INC-4717,QUEUE_BACKUP,P3,P1,P1,AUTO_APPROVED,system,No human response within timeout window.,1.0,0.0,Moderate,Imminent,1,P3 (Moderate) → P1 (Critical) — 2-level jump ⚠ LARGE JUMP,10,2,2026-08-04T04:28:20.349652+00:00,2026-08-04T04:28:20.475095+00:00
ep_00570_CASCADING_FAILURE,INC-1929,CASCADING_FAILURE,P3,P2,P2,AUTO_APPROVED,system,No human response within timeout window.,1.0,66.19,Moderate,Near,0,P3 (Moderate) → P2 (High) — 1-level jump,10,2,2026-08-04T04:28:20.491673+00:00,2026-08-04T04:28:20.618699+00:00
ep_00574_DB_SLOWDOWN,INC-0394,DB_SLOWDOWN,P3,P1,P1,AUTO_APPROVED,system,No human response within timeout window.,0.8175,0.0,Moderate,Imminent,1,P3 (Moderate) → P1 (Critical) — 2-level jump ⚠ LARGE JUMP,10,2,2026-08-04T04:28:20.632134+00:00,2026-08-04T04:28:20.758725+00:00
ep_00575_RETRY_STORM,INC-1088,RETRY_STORM,P3,P1,P1,AUTO_APPROVED,system,No human response within timeout window.,0.8857,0.0,Moderate,Imminent,1,P3 (Moderate) → P1 (Critical) — 2-level jump ⚠ LARGE JUMP,10,2,2026-08-04T04:28:20.779641+00:00,2026-08-04T04:28:20.911059+00:00
ep_00577_QUEUE_BACKUP,INC-0642,QUEUE_BACKUP,P3,P1,P1,AUTO_APPROVED,system,No human response within timeout window.,1.0,0.0,Moderate,Imminent,1,P3 (Moderate) → P1 (Critical) — 2-level jump ⚠ LARGE JUMP,10,2,2026-08-04T04:28:20.932294+00:00,2026-08-04T04:28:21.066290+00:00
ep_00580_DEPENDENCY_TIMEOUT,INC-2208,DEPENDENCY_TIMEOUT,P3,P2,P2,AUTO_APPROVED,system,No human response within timeout window.,0.8592,88.77,Moderate,Near,0,P3 (Moderate) → P2 (High) — 1-level jump,10,2,2026-08-04T04:28:21.084505+00:00,2026-08-04T04:28:21.221316+00:00
ep_00583_CACHE_STAMPEDE,INC-4563,CACHE_STAMPEDE,P3,P1,P1,AUTO_APPROVED,system,No human response within timeout window.,1.0,0.0,Moderate,Imminent,1,P3 (Moderate) → P1 (Critical) — 2-level jump ⚠ LARGE JUMP,10,2,2026-08-04T04:28:21.238470+00:00,2026-08-04T04:28:21.372455+00:00
ep_00593_CASCADING_FAILURE,INC-2838,CASCADING_FAILURE,P3,P1,P1,AUTO_APPROVED,system,No human response within timeout window.,1.0,0.0,Moderate,Imminent,1,P3 (Moderate) → P1 (Critical) — 2-level jump ⚠ LARGE JUMP,10,2,2026-08-04T04:28:21.407313+00:00,2026-08-04T04:28:21.528958+00:00
ep_00594_QUEUE_BACKUP,INC-4759,QUEUE_BACKUP,P3,P1,P1,AUTO_APPROVED,system,No human response within timeout window.,1.0,0.0,Moderate,Imminent,1,P3 (Moderate) → P1 (Critical) — 2-level jump ⚠ LARGE JUMP,10,2,2026-08-04T04:28:21.549058+00:00,2026-08-04T04:28:21.673265+00:00
ep_00595_CASCADING_FAILURE,INC-8391,CASCADING_FAILURE,P3,P1,P1,AUTO_APPROVED,system,No human response within timeout window.,1.0,0.0,Moderate,Imminent,1,P3 (Moderate) → P1 (Critical) — 2-level jump ⚠ LARGE JUMP,10,2,2026-08-04T04:28:21.690446+00:00,2026-08-04T04:28:21.817052+00:00
ep_00596_RETRY_STORM,INC-1663,RETRY_STORM,P3,P2,P2,AUTO_APPROVED,system,No human response within timeout window.,0.9221,46.05,Moderate,Near,0,P3 (Moderate) → P2 (High) — 1-level jump,10,2,2026-08-04T04:28:21.832546+00:00,2026-08-04T04:28:21.957662+00:00
ep_00597_RETRY_STORM,INC-4789,RETRY_STORM,P3,P1,P1,AUTO_APPROVED,system,No human response within timeout window.,0.9208,0.0,Moderate,Imminent,1,P3 (Moderate) → P1 (Critical) — 2-level jump ⚠ LARGE JUMP,10,2,2026-08-04T04:28:21.975004+00:00,2026-08-04T04:28:22.101533+00:00
ep_00599_CASCADING_FAILURE,INC-4934,CASCADING_FAILURE,P3,P1,P1,AUTO_APPROVED,system,No human response within timeout window.,1.0,0.0,Moderate,Imminent,1,P3 (Moderate) → P1 (Critical) — 2-level jump ⚠ LARGE JUMP,10,2,2026-08-04T04:28:22.120680+00:00,2026-08-04T04:28:22.254874+00:00
ep_00602_ERROR_STORM,INC-3085,ERROR_STORM,P3,P1,P1,AUTO_APPROVED,system,No human response within timeout window.,0.7808,0.0,Moderate,Imminent,1,P3 (Moderate) → P1 (Critical) — 2-level jump ⚠ LARGE JUMP,10,2,2026-08-04T04:28:22.268128+00:00,2026-08-04T04:28:22.391649+00:00
ep_00604_BAD_DEPLOY,INC-5247,BAD_DEPLOY,P3,P1,P1,AUTO_APPROVED,system,No human response within timeout window.,0.9744,0.0,Moderate,Imminent,1,P3 (Moderate) → P1 (Critical) — 2-level jump ⚠ LARGE JUMP,10,2,2026-08-04T04:28:22.414991+00:00,2026-08-04T04:28:22.540794+00:00
ep_00606_BAD_DEPLOY,INC-6810,BAD_DEPLOY,P3,P1,P1,AUTO_APPROVED,system,No human response within timeout window.,0.8338,0.0,Moderate,Imminent,1,P3 (Moderate) → P1 (Critical) — 2-level jump ⚠ LARGE JUMP,10,2,2026-08-04T04:28:22.557563+00:00,2026-08-04T04:28:22.689740+00:00
ep_00612_RETRY_STORM,INC-4385,RETRY_STORM,P3,P1,P1,AUTO_APPROVED,system,No human response within timeout window.,0.8955,0.0,Moderate,Imminent,1,P3 (Moderate) → P1 (Critical) — 2-level jump ⚠ LARGE JUMP,10,2,2026-08-04T04:28:22.711081+00:00,2026-08-04T04:28:22.842167+00:00
ep_00614_CACHE_STAMPEDE,INC-3343,CACHE_STAMPEDE,P3,P2,P2,AUTO_APPROVED,system,No human response within timeout window.,1.0,63.88,Moderate,Near,0,P3 (Moderate) → P2 (High) — 1-level jump,10,2,2026-08-04T04:28:22.860958+00:00,2026-08-04T04:28:22.989279+00:00
ep_00615_CACHE_STAMPEDE,INC-6288,CACHE_STAMPEDE,P3,P1,P1,AUTO_APPROVED,system,No human response within timeout window.,1.0,0.0,Moderate,Imminent,1,P3 (Moderate) → P1 (Critical) — 2-level jump ⚠ LARGE JUMP,10,2,2026-08-04T04:28:23.006639+00:00,2026-08-04T04:28:23.131506+00:00
ep_00618_QUEUE_BACKUP,INC-6902,QUEUE_BACKUP,P3,P1,P1,AUTO_APPROVED,system,No human response within timeout window.,1.0,0.0,Moderate,Imminent,1,P3 (Moderate) → P1 (Critical) — 2-level jump ⚠ LARGE JUMP,10,2,2026-08-04T04:28:23.149632+00:00,2026-08-04T04:28:23.285175+00:00
ep_00621_BAD_DEPLOY,INC-5078,BAD_DEPLOY,P3,P1,P1,AUTO_APPROVED,system,No human response within timeout window.,0.8613,0.0,Moderate,Imminent,1,P3 (Moderate) → P1 (Critical) — 2-level jump ⚠ LARGE JUMP,10,2,2026-08-04T04:28:23.304261+00:00,2026-08-04T04:28:23.431834+00:00
ep_00623_ERROR_STORM,INC-4506,ERROR_STORM,P3,P1,P1,AUTO_APPROVED,system,No human response within timeout window.,0.8092,0.0,Moderate,Imminent,1,P3 (Moderate) → P1 (Critical) — 2-level jump ⚠ LARGE JUMP,10,2,2026-08-04T04:28:23.451142+00:00,2026-08-04T04:28:23.579094+00:00
ep_00625_DEPENDENCY_TIMEOUT,INC-2822,DEPENDENCY_TIMEOUT,P3,P1,P1,AUTO_APPROVED,system,No human response within timeout window.,0.8833,0.0,Moderate,Imminent,1,P3 (Moderate) → P1 (Critical) — 2-level jump ⚠ LARGE JUMP,10,2,2026-08-04T04:28:23.597617+00:00,2026-08-04T04:28:23.726268+00:00
ep_00626_RETRY_STORM,INC-6257,RETRY_STORM,P3,P1,P1,AUTO_APPROVED,system,No human response within timeout window.,0.9038,0.0,Moderate,Imminent,1,P3 (Moderate) → P1 (Critical) — 2-level jump ⚠ LARGE JUMP,10,2,2026-08-04T04:28:23.745812+00:00,2026-08-04T04:28:23.872636+00:00
ep_00628_QUEUE_BACKUP,INC-1419,QUEUE_BACKUP,P3,P1,P1,AUTO_APPROVED,system,No human response within timeout window.,1.0,0.0,Moderate,Imminent,1,P3 (Moderate) → P1 (Critical) — 2-level jump ⚠ LARGE JUMP,10,2,2026-08-04T04:28:23.886828+00:00,2026-08-04T04:28:24.011118+00:00
ep_00633_DEPENDENCY_TIMEOUT,INC-7430,DEPENDENCY_TIMEOUT,P3,P2,P2,AUTO_APPROVED,system,No human response within timeout window.,0.8683,118.01,Moderate,Near,0,P3 (Moderate) → P2 (High) — 1-level jump,10,2,2026-08-04T04:28:24.028895+00:00,2026-08-04T04:28:24.157388+00:00
ep_00636_DEPENDENCY_TIMEOUT,INC-9528,DEPENDENCY_TIMEOUT,P3,P1,P1,AUTO_APPROVED,system,No human response within timeout window.,0.9289,0.0,Moderate,Imminent,1,P3 (Moderate) → P1 (Critical) — 2-level jump ⚠ LARGE JUMP,10,2,2026-08-04T04:28:24.172090+00:00,2026-08-04T04:28:24.309013+00:00
ep_00638_CPU_SATURATION,INC-5030,CPU_SATURATION,P3,P1,P1,AUTO_APPROVED,system,No human response within timeout window.,1.0,0.0,Moderate,Imminent,1,P3 (Moderate) → P1 (Critical) — 2-level jump ⚠ LARGE JUMP,10,2,2026-08-04T04:28:24.326222+00:00,2026-08-04T04:28:24.452280+00:00
ep_00640_QUEUE_BACKUP,INC-6976,QUEUE_BACKUP,P3,P1,P1,AUTO_APPROVED,system,No human response within timeout window.,1.0,0.0,Moderate,Imminent,1,P3 (Moderate) → P1 (Critical) — 2-level jump ⚠ LARGE JUMP,10,2,2026-08-04T04:28:24.471945+00:00,2026-08-04T04:28:24.608960+00:00
ep_00642_QUEUE_BACKUP,INC-4440,QUEUE_BACKUP,P3,P1,P1,AUTO_APPROVED,system,No human response within timeout window.,1.0,0.0,Moderate,Imminent,1,P3 (Moderate) → P1 (Critical) — 2-level jump ⚠ LARGE JUMP,10,2,2026-08-04T04:28:24.631561+00:00,2026-08-04T04:28:24.764794+00:00
ep_00645_CPU_SATURATION,INC-3379,CPU_SATURATION,P3,P1,P1,AUTO_APPROVED,system,No human response within timeout window.,1.0,0.0,Moderate,Imminent,1,P3 (Moderate) → P1 (Critical) — 2-level jump ⚠ LARGE JUMP,10,2,2026-08-04T04:28:24.783263+00:00,2026-08-04T04:28:24.912347+00:00
ep_00646_CACHE_STAMPEDE,INC-0180,CACHE_STAMPEDE,P3,P1,P1,AUTO_APPROVED,system,No human response within timeout window.,1.0,0.0,Moderate,Imminent,1,P3 (Moderate) → P1 (Critical) — 2-level jump ⚠ LARGE JUMP,10,2,2026-08-04T04:28:24.929587+00:00,2026-08-04T04:28:25.056591+00:00
ep_00649_CASCADING_FAILURE,INC-8349,CASCADING_FAILURE,P3,P1,P1,AUTO_APPROVED,system,No human response within timeout window.,1.0,0.0,Moderate,Imminent,1,P3 (Moderate) → P1 (Critical) — 2-level jump ⚠ LARGE JUMP,10,2,2026-08-04T04:28:25.072737+00:00,2026-08-04T04:28:25.198037+00:00
ep_00653_DEPENDENCY_TIMEOUT,INC-0238,DEPENDENCY_TIMEOUT,P3,P2,P2,AUTO_APPROVED,system,No human response within timeout window.,0.8939,91.84,Moderate,Near,0,P3 (Moderate) → P2 (High) — 1-level jump,10,2,2026-08-04T04:28:25.215816+00:00,2026-08-04T04:28:25.343139+00:00
ep_00655_DEPENDENCY_TIMEOUT,INC-8997,DEPENDENCY_TIMEOUT,P3,P1,P1,AUTO_APPROVED,system,No human response within timeout window.,0.8754,0.0,Moderate,Imminent,1,P3 (Moderate) → P1 (Critical) — 2-level jump ⚠ LARGE JUMP,10,2,2026-08-04T04:28:25.360326+00:00,2026-08-04T04:28:25.486428+00:00
ep_00657_RETRY_STORM,INC-9648,RETRY_STORM,P3,P2,P2,AUTO_APPROVED,system,No human response within timeout window.,0.8532,72.91,Moderate,Near,0,P3 (Moderate) → P2 (High) — 1-level jump,10,2,2026-08-04T04:28:25.522552+00:00,2026-08-04T04:28:25.650826+00:00
ep_00658_QUEUE_BACKUP,INC-7942,QUEUE_BACKUP,P3,P1,P1,AUTO_APPROVED,system,No human response within timeout window.,1.0,0.0,Moderate,Imminent,1,P3 (Moderate) → P1 (Critical) — 2-level jump ⚠ LARGE JUMP,10,2,2026-08-04T04:28:25.669693+00:00,2026-08-04T04:28:25.796638+00:00
ep_00659_DEPENDENCY_TIMEOUT,INC-7041,DEPENDENCY_TIMEOUT,P3,P1,P1,AUTO_APPROVED,system,No human response within timeout window.,0.9111,0.0,Moderate,Imminent,1,P3 (Moderate) → P1 (Critical) — 2-level jump ⚠ LARGE JUMP,10,2,2026-08-04T04:28:25.815982+00:00,2026-08-04T04:28:25.943568+00:00
ep_00663_QUEUE_BACKUP,INC-1060,QUEUE_BACKUP,P3,P1,P1,AUTO_APPROVED,system,No human response within timeout window.,1.0,0.0,Moderate,Imminent,1,P3 (Moderate) → P1 (Critical) — 2-level jump ⚠ LARGE JUMP,10,2,2026-08-04T04:28:25.957921+00:00,2026-08-04T04:28:26.082727+00:00
ep_00667_BAD_DEPLOY,INC-1099,BAD_DEPLOY,P3,P1,P1,AUTO_APPROVED,system,No human response within timeout window.,0.9093,0.0,Moderate,Imminent,1,P3 (Moderate) → P1 (Critical) — 2-level jump ⚠ LARGE JUMP,10,2,2026-08-04T04:28:26.100160+00:00,2026-08-04T04:28:26.225474+00:00
ep_00669_RETRY_STORM,INC-6704,RETRY_STORM,P3,P1,P1,AUTO_APPROVED,system,No human response within timeout window.,0.8785,0.0,Moderate,Imminent,1,P3 (Moderate) → P1 (Critical) — 2-level jump ⚠ LARGE JUMP,10,2,2026-08-04T04:28:26.243651+00:00,2026-08-04T04:28:26.371804+00:00
ep_00671_BAD_DEPLOY,INC-4678,BAD_DEPLOY,P3,P1,P1,AUTO_APPROVED,system,No human response within timeout window.,0.8841,0.0,Moderate,Imminent,1,P3 (Moderate) → P1 (Critical) — 2-level jump ⚠ LARGE JUMP,10,2,2026-08-04T04:28:26.394493+00:00,2026-08-04T04:28:26.522435+00:00
ep_00673_BAD_DEPLOY,INC-2223,BAD_DEPLOY,P3,P1,P1,AUTO_APPROVED,system,No human response within timeout window.,0.8868,0.0,Moderate,Imminent,1,P3 (Moderate) → P1 (Critical) — 2-level jump ⚠ LARGE JUMP,10,2,2026-08-04T04:28:26.543969+00:00,2026-08-04T04:28:26.675389+00:00
ep_00676_CACHE_STAMPEDE,INC-8231,CACHE_STAMPEDE,P3,P1,P1,AUTO_APPROVED,system,No human response within timeout window.,1.0,0.0,Moderate,Imminent,1,P3 (Moderate) → P1 (Critical) — 2-level jump ⚠ LARGE JUMP,10,2,2026-08-04T04:28:26.690619+00:00,2026-08-04T04:28:26.820938+00:00
ep_00677_QUEUE_BACKUP,INC-6207,QUEUE_BACKUP,P3,P1,P1,AUTO_APPROVED,system,No human response within timeout window.,1.0,0.0,Moderate,Imminent,1,P3 (Moderate) → P1 (Critical) — 2-level jump ⚠ LARGE JUMP,10,2,2026-08-04T04:28:26.836839+00:00,2026-08-04T04:28:26.962043+00:00
ep_00678_CASCADING_FAILURE,INC-1336,CASCADING_FAILURE,P3,P1,P1,AUTO_APPROVED,system,No human response within timeout window.,1.0,0.0,Moderate,Imminent,1,P3 (Moderate) → P1 (Critical) — 2-level jump ⚠ LARGE JUMP,10,2,2026-08-04T04:28:26.981275+00:00,2026-08-04T04:28:27.116036+00:00
ep_00680_RETRY_STORM,INC-2931,RETRY_STORM,P3,P1,P1,AUTO_APPROVED,system,No human response within timeout window.,0.8591,0.0,Moderate,Imminent,1,P3 (Moderate) → P1 (Critical) — 2-level jump ⚠ LARGE JUMP,10,2,2026-08-04T04:28:27.132335+00:00,2026-08-04T04:28:27.258568+00:00
ep_00681_BAD_DEPLOY,INC-9762,BAD_DEPLOY,P3,P1,P1,AUTO_APPROVED,system,No human response within timeout window.,0.9443,0.0,Moderate,Imminent,1,P3 (Moderate) → P1 (Critical) — 2-level jump ⚠ LARGE JUMP,10,2,2026-08-04T04:28:27.272552+00:00,2026-08-04T04:28:27.398412+00:00
ep_00682_CASCADING_FAILURE,INC-0820,CASCADING_FAILURE,P3,P1,P1,AUTO_APPROVED,system,No human response within timeout window.,1.0,0.0,Moderate,Imminent,1,P3 (Moderate) → P1 (Critical) — 2-level jump ⚠ LARGE JUMP,10,2,2026-08-04T04:28:27.416049+00:00,2026-08-04T04:28:27.544513+00:00
ep_00684_CPU_SATURATION,INC-0602,CPU_SATURATION,P3,P1,P1,AUTO_APPROVED,system,No human response within timeout window.,1.0,0.0,Moderate,Imminent,1,P3 (Moderate) → P1 (Critical) — 2-level jump ⚠ LARGE JUMP,10,2,2026-08-04T04:28:27.560725+00:00,2026-08-04T04:28:27.684093+00:00
ep_00685_DEPENDENCY_TIMEOUT,INC-7708,DEPENDENCY_TIMEOUT,P3,P1,P1,AUTO_APPROVED,system,No human response within timeout window.,0.8945,0.0,Moderate,Imminent,1,P3 (Moderate) → P1 (Critical) — 2-level jump ⚠ LARGE JUMP,10,2,2026-08-04T04:28:27.701388+00:00,2026-08-04T04:28:27.824790+00:00
ep_00686_CASCADING_FAILURE,INC-5927,CASCADING_FAILURE,P3,P1,P1,AUTO_APPROVED,system,No human response within timeout window.,1.0,0.0,Moderate,Imminent,1,P3 (Moderate) → P1 (Critical) — 2-level jump ⚠ LARGE JUMP,10,2,2026-08-04T04:28:27.843715+00:00,2026-08-04T04:28:27.970832+00:00
ep_00691_QUEUE_BACKUP,INC-4157,QUEUE_BACKUP,P3,P1,P1,AUTO_APPROVED,system,No human response within timeout window.,1.0,0.0,Moderate,Imminent,1,P3 (Moderate) → P1 (Critical) — 2-level jump ⚠ LARGE JUMP,10,2,2026-08-04T04:28:27.987162+00:00,2026-08-04T04:28:28.111566+00:00
ep_00692_QUEUE_BACKUP,INC-1531,QUEUE_BACKUP,P3,P1,P1,AUTO_APPROVED,system,No human response within timeout window.,1.0,0.0,Moderate,Imminent,1,P3 (Moderate) → P1 (Critical) — 2-level jump ⚠ LARGE JUMP,10,2,2026-08-04T04:28:28.128063+00:00,2026-08-04T04:28:28.250345+00:00
ep_00694_QUEUE_BACKUP,INC-8385,QUEUE_BACKUP,P3,P1,P1,AUTO_APPROVED,system,No human response within timeout window.,1.0,0.0,Moderate,Imminent,1,P3 (Moderate) → P1 (Critical) — 2-level jump ⚠ LARGE JUMP,10,2,2026-08-04T04:28:28.267742+00:00,2026-08-04T04:28:28.394078+00:00
ep_00696_QUEUE_BACKUP,INC-9365,QUEUE_BACKUP,P3,P1,P1,AUTO_APPROVED,system,No human response within timeout window.,1.0,0.0,Moderate,Imminent,1,P3 (Moderate) → P1 (Critical) — 2-level jump ⚠ LARGE JUMP,10,2,2026-08-04T04:28:28.408564+00:00,2026-08-04T04:28:28.530798+00:00
ep_00697_QUEUE_BACKUP,INC-5494,QUEUE_BACKUP,P3,P1,P1,AUTO_APPROVED,system,No human response within timeout window.,1.0,0.0,Moderate,Imminent,1,P3 (Moderate) → P1 (Critical) — 2-level jump ⚠ LARGE JUMP,10,2,2026-08-04T04:28:28.548126+00:00,2026-08-04T04:28:28.672596+00:00
ep_00698_CASCADING_FAILURE,INC-3963,CASCADING_FAILURE,P3,P1,P1,AUTO_APPROVED,system,No human response within timeout window.,1.0,0.0,Moderate,Imminent,1,P3 (Moderate) → P1 (Critical) — 2-level jump ⚠ LARGE JUMP,10,2,2026-08-04T04:28:28.691107+00:00,2026-08-04T04:28:28.817728+00:00
ep_00699_CACHE_STAMPEDE,INC-1871,CACHE_STAMPEDE,P3,P2,P2,AUTO_APPROVED,system,No human response within timeout window.,1.0,45.28,Moderate,Near,0,P3 (Moderate) → P2 (High) — 1-level jump,10,2,2026-08-04T04:28:28.841304+00:00,2026-08-04T04:28:28.968734+00:00
ep_00704_DEPENDENCY_TIMEOUT,INC-4797,DEPENDENCY_TIMEOUT,P3,P1,P1,AUTO_APPROVED,system,No human response within timeout window.,0.93,0.0,Moderate,Imminent,1,P3 (Moderate) → P1 (Critical) — 2-level jump ⚠ LARGE JUMP,10,2,2026-08-04T04:28:28.989524+00:00,2026-08-04T04:28:29.118345+00:00
ep_00705_DEPENDENCY_TIMEOUT,INC-2457,DEPENDENCY_TIMEOUT,P3,P1,P1,AUTO_APPROVED,system,No human response within timeout window.,0.9227,0.0,Moderate,Imminent,1,P3 (Moderate) → P1 (Critical) — 2-level jump ⚠ LARGE JUMP,10,2,2026-08-04T04:28:29.132395+00:00,2026-08-04T04:28:29.259390+00:00
ep_00706_ERROR_STORM,INC-9960,ERROR_STORM,P3,P1,P1,AUTO_APPROVED,system,No human response within timeout window.,0.8178,0.0,Moderate,Imminent,1,P3 (Moderate) → P1 (Critical) — 2-level jump ⚠ LARGE JUMP,10,2,2026-08-04T04:28:29.281319+00:00,2026-08-04T04:28:29.415145+00:00
ep_00711_CACHE_STAMPEDE,INC-7009,CACHE_STAMPEDE,P3,P1,P1,AUTO_APPROVED,system,No human response within timeout window.,1.0,0.0,Moderate,Imminent,1,P3 (Moderate) → P1 (Critical) — 2-level jump ⚠ LARGE JUMP,10,2,2026-08-04T04:28:29.438878+00:00,2026-08-04T04:28:29.568856+00:00
ep_00713_DB_SLOWDOWN,INC-9081,DB_SLOWDOWN,P3,P1,P1,AUTO_APPROVED,system,No human response within timeout window.,0.7799,0.0,Moderate,Imminent,1,P3 (Moderate) → P1 (Critical) — 2-level jump ⚠ LARGE JUMP,10,2,2026-08-04T04:28:29.608398+00:00,2026-08-04T04:28:29.738249+00:00
ep_00715_BAD_DEPLOY,INC-9202,BAD_DEPLOY,P3,P1,P1,AUTO_APPROVED,system,No human response within timeout window.,0.8835,0.0,Moderate,Imminent,1,P3 (Moderate) → P1 (Critical) — 2-level jump ⚠ LARGE JUMP,10,2,2026-08-04T04:28:29.756311+00:00,2026-08-04T04:28:29.882042+00:00
ep_00716_RETRY_STORM,INC-3007,RETRY_STORM,P3,P1,P1,AUTO_APPROVED,system,No human response within timeout window.,0.827,0.0,Moderate,Imminent,1,P3 (Moderate) → P1 (Critical) — 2-level jump ⚠ LARGE JUMP,10,2,2026-08-04T04:28:29.903002+00:00,2026-08-04T04:28:30.030137+00:00
ep_00718_BAD_DEPLOY,INC-0126,BAD_DEPLOY,P3,P1,P1,AUTO_APPROVED,system,No human response within timeout window.,0.9511,0.0,Moderate,Imminent,1,P3 (Moderate) → P1 (Critical) — 2-level jump ⚠ LARGE JUMP,10,2,2026-08-04T04:28:30.045115+00:00,2026-08-04T04:28:30.165816+00:00
ep_00727_BAD_DEPLOY,INC-4615,BAD_DEPLOY,P3,P1,P1,AUTO_APPROVED,system,No human response within timeout window.,0.8637,0.0,Moderate,Imminent,1,P3 (Moderate) → P1 (Critical) — 2-level jump ⚠ LARGE JUMP,10,2,2026-08-04T04:28:30.184741+00:00,2026-08-04T04:28:30.313511+00:00
ep_00729_CASCADING_FAILURE,INC-5660,CASCADING_FAILURE,P3,P1,P1,AUTO_APPROVED,system,No human response within timeout window.,1.0,0.0,Moderate,Imminent,1,P3 (Moderate) → P1 (Critical) — 2-level jump ⚠ LARGE JUMP,10,2,2026-08-04T04:28:30.332040+00:00,2026-08-04T04:28:30.459758+00:00
ep_00730_RETRY_STORM,INC-3558,RETRY_STORM,P3,P1,P1,AUTO_APPROVED,system,No human response within timeout window.,0.8289,0.0,Moderate,Imminent,1,P3 (Moderate) → P1 (Critical) — 2-level jump ⚠ LARGE JUMP,10,2,2026-08-04T04:28:30.473832+00:00,2026-08-04T04:28:30.597401+00:00
ep_00734_CASCADING_FAILURE,INC-0182,CASCADING_FAILURE,P3,P1,P1,AUTO_APPROVED,system,No human response within timeout window.,1.0,0.0,Moderate,Imminent,1,P3 (Moderate) → P1 (Critical) — 2-level jump ⚠ LARGE JUMP,10,2,2026-08-04T04:28:30.614657+00:00,2026-08-04T04:28:30.740597+00:00
ep_00735_CACHE_STAMPEDE,INC-6272,CACHE_STAMPEDE,P3,P1,P1,AUTO_APPROVED,system,No human response within timeout window.,1.0,0.0,Moderate,Imminent,1,P3 (Moderate) → P1 (Critical) — 2-level jump ⚠ LARGE JUMP,10,2,2026-08-04T04:28:30.761116+00:00,2026-08-04T04:28:30.891315+00:00
ep_00737_CPU_SATURATION,INC-4729,CPU_SATURATION,P3,P1,P1,AUTO_APPROVED,system,No human response within timeout window.,1.0,0.0,Moderate,Imminent,1,P3 (Moderate) → P1 (Critical) — 2-level jump ⚠ LARGE JUMP,10,2,2026-08-04T04:28:30.911414+00:00,2026-08-04T04:28:31.038898+00:00
ep_00739_BAD_DEPLOY,INC-9729,BAD_DEPLOY,P3,P1,P1,AUTO_APPROVED,system,No human response within timeout window.,0.8584,0.0,Moderate,Imminent,1,P3 (Moderate) → P1 (Critical) — 2-level jump ⚠ LARGE JUMP,10,2,2026-08-04T04:28:31.056513+00:00,2026-08-04T04:28:31.184810+00:00
ep_00740_CPU_SATURATION,INC-1903,CPU_SATURATION,P3,P1,P1,AUTO_APPROVED,system,No human response within timeout window.,1.0,0.0,Moderate,Imminent,1,P3 (Moderate) → P1 (Critical) — 2-level jump ⚠ LARGE JUMP,10,2,2026-08-04T04:28:31.202229+00:00,2026-08-04T04:28:31.333156+00:00
ep_00743_DB_SLOWDOWN,INC-5148,DB_SLOWDOWN,P3,P1,P1,AUTO_APPROVED,system,No human response within timeout window.,0.7844,0.0,Moderate,Imminent,1,P3 (Moderate) → P1 (Critical) — 2-level jump ⚠ LARGE JUMP,10,2,2026-08-04T04:28:31.348092+00:00,2026-08-04T04:28:31.475114+00:00
ep_00746_CACHE_STAMPEDE,INC-2439,CACHE_STAMPEDE,P3,P1,P1,AUTO_APPROVED,system,No human response within timeout window.,1.0,0.0,Moderate,Imminent,1,P3 (Moderate) → P1 (Critical) — 2-level jump ⚠ LARGE JUMP,10,2,2026-08-04T04:28:31.491995+00:00,2026-08-04T04:28:31.619377+00:00
ep_00747_CASCADING_FAILURE,INC-5194,CASCADING_FAILURE,P3,P1,P1,AUTO_APPROVED,system,No human response within timeout window.,1.0,0.0,Moderate,Imminent,1,P3 (Moderate) → P1 (Critical) — 2-level jump ⚠ LARGE JUMP,10,2,2026-08-04T04:28:31.637877+00:00,2026-08-04T04:28:31.768313+00:00
ep_00749_CACHE_STAMPEDE,INC-7909,CACHE_STAMPEDE,P3,P1,P1,AUTO_APPROVED,system,No human response within timeout window.,1.0,0.0,Moderate,Imminent,1,P3 (Moderate) → P1 (Critical) — 2-level jump ⚠ LARGE JUMP,10,2,2026-08-04T04:28:31.786596+00:00,2026-08-04T04:28:31.909998+00:00
ep_00751_RETRY_STORM,INC-2288,RETRY_STORM,P3,P1,P1,AUTO_APPROVED,system,No human response within timeout window.,0.8417,0.0,Moderate,Imminent,1,P3 (Moderate) → P1 (Critical) — 2-level jump ⚠ LARGE JUMP,10,2,2026-08-04T04:28:31.928755+00:00,2026-08-04T04:28:32.058311+00:00
ep_00752_CASCADING_FAILURE,INC-3013,CASCADING_FAILURE,P3,P1,P1,AUTO_APPROVED,system,No human response within timeout window.,1.0,0.0,Moderate,Imminent,1,P3 (Moderate) → P1 (Critical) — 2-level jump ⚠ LARGE JUMP,10,2,2026-08-04T04:28:32.078730+00:00,2026-08-04T04:28:32.220054+00:00
ep_00753_ERROR_STORM,INC-7848,ERROR_STORM,P3,P1,P1,AUTO_APPROVED,system,No human response within timeout window.,0.8606,0.0,Moderate,Imminent,1,P3 (Moderate) → P1 (Critical) — 2-level jump ⚠ LARGE JUMP,10,2,2026-08-04T04:28:32.242069+00:00,2026-08-04T04:28:32.374285+00:00
ep_00755_CACHE_STAMPEDE,INC-1650,CACHE_STAMPEDE,P3,P1,P1,AUTO_APPROVED,system,No human response within timeout window.,1.0,0.0,Moderate,Imminent,1,P3 (Moderate) → P1 (Critical) — 2-level jump ⚠ LARGE JUMP,10,2,2026-08-04T04:28:32.390716+00:00,2026-08-04T04:28:32.519906+00:00
ep_00757_RETRY_STORM,INC-8972,RETRY_STORM,P3,P1,P1,AUTO_APPROVED,system,No human response within timeout window.,0.8633,15.09,Moderate,Imminent,1,P3 (Moderate) → P1 (Critical) — 2-level jump ⚠ LARGE JUMP,10,2,2026-08-04T04:28:32.537684+00:00,2026-08-04T04:28:32.663620+00:00
ep_00758_CACHE_STAMPEDE,INC-1392,CACHE_STAMPEDE,P3,P1,P1,AUTO_APPROVED,system,No human response within timeout window.,1.0,0.0,Moderate,Imminent,1,P3 (Moderate) → P1 (Critical) — 2-level jump ⚠ LARGE JUMP,10,2,2026-08-04T04:28:32.684272+00:00,2026-08-04T04:28:32.812554+00:00
ep_00760_DB_SLOWDOWN,INC-5399,DB_SLOWDOWN,P3,P1,P1,AUTO_APPROVED,system,No human response within timeout window.,0.7709,0.0,Moderate,Imminent,1,P3 (Moderate) → P1 (Critical) — 2-level jump ⚠ LARGE JUMP,10,2,2026-08-04T04:28:32.828023+00:00,2026-08-04T04:28:32.950092+00:00
ep_00761_QUEUE_BACKUP,INC-3775,QUEUE_BACKUP,P3,P1,P1,AUTO_APPROVED,system,No human response within timeout window.,1.0,0.0,Moderate,Imminent,1,P3 (Moderate) → P1 (Critical) — 2-level jump ⚠ LARGE JUMP,10,2,2026-08-04T04:28:32.972019+00:00,2026-08-04T04:28:33.101249+00:00
ep_00763_CASCADING_FAILURE,INC-5207,CASCADING_FAILURE,P3,P1,P1,AUTO_APPROVED,system,No human response within timeout window.,1.0,0.0,Moderate,Imminent,1,P3 (Moderate) → P1 (Critical) — 2-level jump ⚠ LARGE JUMP,10,2,2026-08-04T04:28:33.116900+00:00,2026-08-04T04:28:33.241657+00:00
ep_00766_RETRY_STORM,INC-2331,RETRY_STORM,P3,P1,P1,AUTO_APPROVED,system,No human response within timeout window.,0.9775,0.0,Moderate,Imminent,1,P3 (Moderate) → P1 (Critical) — 2-level jump ⚠ LARGE JUMP,10,2,2026-08-04T04:28:33.257895+00:00,2026-08-04T04:28:33.384212+00:00
ep_00770_CACHE_STAMPEDE,INC-4020,CACHE_STAMPEDE,P3,P1,P1,AUTO_APPROVED,system,No human response within timeout window.,1.0,0.0,Moderate,Imminent,1,P3 (Moderate) → P1 (Critical) — 2-level jump ⚠ LARGE JUMP,10,2,2026-08-04T04:28:33.404289+00:00,2026-08-04T04:28:33.535428+00:00
ep_00775_BAD_DEPLOY,INC-9150,BAD_DEPLOY,P3,P2,P2,AUTO_APPROVED,system,No human response within timeout window.,0.8937,43.91,Moderate,Near,0,P3 (Moderate) → P2 (High) — 1-level jump,10,2,2026-08-04T04:28:33.550523+00:00,2026-08-04T04:28:33.674833+00:00
ep_00780_CACHE_STAMPEDE,INC-2038,CACHE_STAMPEDE,P3,P1,P1,AUTO_APPROVED,system,No human response within timeout window.,1.0,0.0,Moderate,Imminent,1,P3 (Moderate) → P1 (Critical) — 2-level jump ⚠ LARGE JUMP,10,2,2026-08-04T04:28:33.728532+00:00,2026-08-04T04:28:33.863466+00:00
ep_00781_DEPENDENCY_TIMEOUT,INC-7189,DEPENDENCY_TIMEOUT,P3,P1,P1,AUTO_APPROVED,system,No human response within timeout window.,0.9412,0.0,Moderate,Imminent,1,P3 (Moderate) → P1 (Critical) — 2-level jump ⚠ LARGE JUMP,10,2,2026-08-04T04:28:33.887920+00:00,2026-08-04T04:28:34.017641+00:00
ep_00783_BAD_DEPLOY,INC-7461,BAD_DEPLOY,P3,P1,P1,AUTO_APPROVED,system,No human response within timeout window.,0.8405,0.0,Moderate,Imminent,1,P3 (Moderate) → P1 (Critical) — 2-level jump ⚠ LARGE JUMP,10,2,2026-08-04T04:28:34.041774+00:00,2026-08-04T04:28:34.189960+00:00
ep_00785_CPU_SATURATION,INC-7580,CPU_SATURATION,P3,P1,P1,AUTO_APPROVED,system,No human response within timeout window.,1.0,0.0,Moderate,Imminent,1,P3 (Moderate) → P1 (Critical) — 2-level jump ⚠ LARGE JUMP,10,2,2026-08-04T04:28:34.225222+00:00,2026-08-04T04:28:34.390723+00:00
ep_00787_QUEUE_BACKUP,INC-6333,QUEUE_BACKUP,P3,P1,P1,AUTO_APPROVED,system,No human response within timeout window.,1.0,0.0,Moderate,Imminent,1,P3 (Moderate) → P1 (Critical) — 2-level jump ⚠ LARGE JUMP,10,2,2026-08-04T04:28:34.421254+00:00,2026-08-04T04:28:34.572944+00:00
ep_00788_DEPENDENCY_TIMEOUT,INC-8317,DEPENDENCY_TIMEOUT,P3,P1,P1,AUTO_APPROVED,system,No human response within timeout window.,0.8997,0.0,Moderate,Imminent,1,P3 (Moderate) → P1 (Critical) — 2-level jump ⚠ LARGE JUMP,10,2,2026-08-04T04:28:34.597531+00:00,2026-08-04T04:28:34.737375+00:00
ep_00791_QUEUE_BACKUP,INC-7808,QUEUE_BACKUP,P3,P1,P1,AUTO_APPROVED,system,No human response within timeout window.,1.0,0.0,Moderate,Imminent,1,P3 (Moderate) → P1 (Critical) — 2-level jump ⚠ LARGE JUMP,10,2,2026-08-04T04:28:34.758332+00:00,2026-08-04T04:28:34.890259+00:00
ep_00795_CASCADING_FAILURE,INC-0012,CASCADING_FAILURE,P3,P1,P1,AUTO_APPROVED,system,No human response within timeout window.,1.0,0.0,Moderate,Imminent,1,P3 (Moderate) → P1 (Critical) — 2-level jump ⚠ LARGE JUMP,10,2,2026-08-04T04:28:34.911330+00:00,2026-08-04T04:28:35.047564+00:00
ep_00796_CPU_SATURATION,INC-8816,CPU_SATURATION,P3,P2,P2,AUTO_APPROVED,system,No human response within timeout window.,1.0,42.4,Moderate,Near,0,P3 (Moderate) → P2 (High) — 1-level jump,10,2,2026-08-04T04:28:35.067360+00:00,2026-08-04T04:28:35.195840+00:00
ep_00797_DEPENDENCY_TIMEOUT,INC-6569,DEPENDENCY_TIMEOUT,P3,P1,P1,AUTO_APPROVED,system,No human response within timeout window.,0.8546,0.0,Moderate,Imminent,1,P3 (Moderate) → P1 (Critical) — 2-level jump ⚠ LARGE JUMP,10,2,2026-08-04T04:28:35.212049+00:00,2026-08-04T04:28:35.338962+00:00
ep_00799_QUEUE_BACKUP,INC-4722,QUEUE_BACKUP,P3,P1,P1,AUTO_APPROVED,system,No human response within timeout window.,1.0,0.0,Moderate,Imminent,1,P3 (Moderate) → P1 (Critical) — 2-level jump ⚠ LARGE JUMP,10,2,2026-08-04T04:28:35.362024+00:00,2026-08-04T04:28:35.497572+00:00
ep_00800_DEPENDENCY_TIMEOUT,INC-6620,DEPENDENCY_TIMEOUT,P3,P1,P1,AUTO_APPROVED,system,No human response within timeout window.,0.9508,0.0,Moderate,Imminent,1,P3 (Moderate) → P1 (Critical) — 2-level jump ⚠ LARGE JUMP,10,2,2026-08-04T04:28:35.516773+00:00,2026-08-04T04:28:35.645279+00:00
ep_00801_RETRY_STORM,INC-9497,RETRY_STORM,P3,P1,P1,AUTO_APPROVED,system,No human response within timeout window.,0.8823,0.0,Moderate,Imminent,1,P3 (Moderate) → P1 (Critical) — 2-level jump ⚠ LARGE JUMP,10,2,2026-08-04T04:28:35.661930+00:00,2026-08-04T04:28:35.788070+00:00
ep_00806_BAD_DEPLOY,INC-1235,BAD_DEPLOY,P3,P1,P1,AUTO_APPROVED,system,No human response within timeout window.,0.8902,0.0,Moderate,Imminent,1,P3 (Moderate) → P1 (Critical) — 2-level jump ⚠ LARGE JUMP,10,2,2026-08-04T04:28:35.805187+00:00,2026-08-04T04:28:35.931349+00:00
ep_00808_QUEUE_BACKUP,INC-1509,QUEUE_BACKUP,P3,P1,P1,AUTO_APPROVED,system,No human response within timeout window.,1.0,0.0,Moderate,Imminent,1,P3 (Moderate) → P1 (Critical) — 2-level jump ⚠ LARGE JUMP,10,2,2026-08-04T04:28:35.950733+00:00,2026-08-04T04:28:36.077847+00:00
ep_00809_BAD_DEPLOY,INC-2717,BAD_DEPLOY,P3,P1,P1,AUTO_APPROVED,system,No human response within timeout window.,0.9377,0.0,Moderate,Imminent,1,P3 (Moderate) → P1 (Critical) — 2-level jump ⚠ LARGE JUMP,10,2,2026-08-04T04:28:36.092965+00:00,2026-08-04T04:28:36.220475+00:00
ep_00811_QUEUE_BACKUP,INC-6052,QUEUE_BACKUP,P3,P1,P1,AUTO_APPROVED,system,No human response within timeout window.,1.0,0.0,Moderate,Imminent,1,P3 (Moderate) → P1 (Critical) — 2-level jump ⚠ LARGE JUMP,10,2,2026-08-04T04:28:36.237760+00:00,2026-08-04T04:28:36.364240+00:00
ep_00813_CACHE_STAMPEDE,INC-4218,CACHE_STAMPEDE,P3,P1,P1,AUTO_APPROVED,system,No human response within timeout window.,1.0,0.0,Moderate,Imminent,1,P3 (Moderate) → P1 (Critical) — 2-level jump ⚠ LARGE JUMP,10,2,2026-08-04T04:28:36.384792+00:00,2026-08-04T04:28:36.517870+00:00
ep_00817_RETRY_STORM,INC-5965,RETRY_STORM,P3,P1,P1,AUTO_APPROVED,system,No human response within timeout window.,0.8654,0.0,Moderate,Imminent,1,P3 (Moderate) → P1 (Critical) — 2-level jump ⚠ LARGE JUMP,10,2,2026-08-04T04:28:36.539795+00:00,2026-08-04T04:28:36.674786+00:00
ep_00819_QUEUE_BACKUP,INC-4223,QUEUE_BACKUP,P3,P1,P1,AUTO_APPROVED,system,No human response within timeout window.,1.0,0.0,Moderate,Imminent,1,P3 (Moderate) → P1 (Critical) — 2-level jump ⚠ LARGE JUMP,10,2,2026-08-04T04:28:36.693311+00:00,2026-08-04T04:28:36.827597+00:00
ep_00820_CACHE_STAMPEDE,INC-6199,CACHE_STAMPEDE,P3,P1,P1,AUTO_APPROVED,system,No human response within timeout window.,1.0,0.0,Moderate,Imminent,1,P3 (Moderate) → P1 (Critical) — 2-level jump ⚠ LARGE JUMP,10,2,2026-08-04T04:28:36.847457+00:00,2026-08-04T04:28:36.975859+00:00
ep_00821_DB_SLOWDOWN,INC-3168,DB_SLOWDOWN,P3,P1,P1,AUTO_APPROVED,system,No human response within timeout window.,0.763,0.0,Moderate,Imminent,1,P3 (Moderate) → P1 (Critical) — 2-level jump ⚠ LARGE JUMP,10,2,2026-08-04T04:28:36.995657+00:00,2026-08-04T04:28:37.122662+00:00
ep_00825_QUEUE_BACKUP,INC-8779,QUEUE_BACKUP,P3,P1,P1,AUTO_APPROVED,system,No human response within timeout window.,1.0,0.0,Moderate,Imminent,1,P3 (Moderate) → P1 (Critical) — 2-level jump ⚠ LARGE JUMP,10,2,2026-08-04T04:28:37.137973+00:00,2026-08-04T04:28:37.262115+00:00
ep_00826_DEPENDENCY_TIMEOUT,INC-4564,DEPENDENCY_TIMEOUT,P3,P1,P1,AUTO_APPROVED,system,No human response within timeout window.,0.9379,0.0,Moderate,Imminent,1,P3 (Moderate) → P1 (Critical) — 2-level jump ⚠ LARGE JUMP,10,2,2026-08-04T04:28:37.279605+00:00,2026-08-04T04:28:37.406552+00:00
ep_00832_QUEUE_BACKUP,INC-0695,QUEUE_BACKUP,P3,P1,P1,AUTO_APPROVED,system,No human response within timeout window.,1.0,0.0,Moderate,Imminent,1,P3 (Moderate) → P1 (Critical) — 2-level jump ⚠ LARGE JUMP,10,2,2026-08-04T04:28:37.425724+00:00,2026-08-04T04:28:37.557944+00:00
ep_00833_DEPENDENCY_TIMEOUT,INC-5912,DEPENDENCY_TIMEOUT,P3,P1,P1,AUTO_APPROVED,system,No human response within timeout window.,0.9858,0.0,Moderate,Imminent,1,P3 (Moderate) → P1 (Critical) — 2-level jump ⚠ LARGE JUMP,10,2,2026-08-04T04:28:37.577157+00:00,2026-08-04T04:28:37.706855+00:00
ep_00835_DEPENDENCY_TIMEOUT,INC-7530,DEPENDENCY_TIMEOUT,P3,P1,P1,AUTO_APPROVED,system,No human response within timeout window.,0.9382,0.0,Moderate,Imminent,1,P3 (Moderate) → P1 (Critical) — 2-level jump ⚠ LARGE JUMP,10,2,2026-08-04T04:28:37.726338+00:00,2026-08-04T04:28:37.855945+00:00
ep_00836_CPU_SATURATION,INC-2629,CPU_SATURATION,P3,P1,P1,AUTO_APPROVED,system,No human response within timeout window.,1.0,0.0,Moderate,Imminent,1,P3 (Moderate) → P1 (Critical) — 2-level jump ⚠ LARGE JUMP,10,2,2026-08-04T04:28:37.874116+00:00,2026-08-04T04:28:38.002684+00:00
ep_00841_RETRY_STORM,INC-5175,RETRY_STORM,P3,P1,P1,AUTO_APPROVED,system,No human response within timeout window.,0.9506,0.0,Moderate,Imminent,1,P3 (Moderate) → P1 (Critical) — 2-level jump ⚠ LARGE JUMP,10,2,2026-08-04T04:28:38.059256+00:00,2026-08-04T04:28:38.191491+00:00
ep_00843_CASCADING_FAILURE,INC-2028,CASCADING_FAILURE,P3,P1,P1,AUTO_APPROVED,system,No human response within timeout window.,1.0,0.0,Moderate,Imminent,1,P3 (Moderate) → P1 (Critical) — 2-level jump ⚠ LARGE JUMP,10,2,2026-08-04T04:28:38.210609+00:00,2026-08-04T04:28:38.342195+00:00
ep_00844_CACHE_STAMPEDE,INC-8393,CACHE_STAMPEDE,P3,P1,P1,AUTO_APPROVED,system,No human response within timeout window.,1.0,0.0,Moderate,Imminent,1,P3 (Moderate) → P1 (Critical) — 2-level jump ⚠ LARGE JUMP,10,2,2026-08-04T04:28:38.360783+00:00,2026-08-04T04:28:38.492580+00:00
ep_00849_CACHE_STAMPEDE,INC-0451,CACHE_STAMPEDE,P3,P1,P1,AUTO_APPROVED,system,No human response within timeout window.,1.0,0.0,Moderate,Imminent,1,P3 (Moderate) → P1 (Critical) — 2-level jump ⚠ LARGE JUMP,10,2,2026-08-04T04:28:38.511269+00:00,2026-08-04T04:28:38.641452+00:00
ep_00852_CASCADING_FAILURE,INC-0251,CASCADING_FAILURE,P3,P1,P1,AUTO_APPROVED,system,No human response within timeout window.,1.0,0.0,Moderate,Imminent,1,P3 (Moderate) → P1 (Critical) — 2-level jump ⚠ LARGE JUMP,10,2,2026-08-04T04:28:38.658839+00:00,2026-08-04T04:28:38.784642+00:00
ep_00853_QUEUE_BACKUP,INC-9598,QUEUE_BACKUP,P3,P1,P1,AUTO_APPROVED,system,No human response within timeout window.,1.0,0.0,Moderate,Imminent,1,P3 (Moderate) → P1 (Critical) — 2-level jump ⚠ LARGE JUMP,10,2,2026-08-04T04:28:38.807041+00:00,2026-08-04T04:28:38.934154+00:00
ep_00854_DEPENDENCY_TIMEOUT,INC-5559,DEPENDENCY_TIMEOUT,P3,P2,P2,AUTO_APPROVED,system,No human response within timeout window.,0.8789,87.34,Moderate,Near,0,P3 (Moderate) → P2 (High) — 1-level jump,10,2,2026-08-04T04:28:38.953926+00:00,2026-08-04T04:28:39.083150+00:00
ep_00857_RETRY_STORM,INC-6399,RETRY_STORM,P3,P1,P1,AUTO_APPROVED,system,No human response within timeout window.,0.8686,0.0,Moderate,Imminent,1,P3 (Moderate) → P1 (Critical) — 2-level jump ⚠ LARGE JUMP,10,2,2026-08-04T04:28:39.105056+00:00,2026-08-04T04:28:39.242037+00:00
ep_00858_CASCADING_FAILURE,INC-8109,CASCADING_FAILURE,P3,P1,P1,AUTO_APPROVED,system,No human response within timeout window.,1.0,0.0,Moderate,Imminent,1,P3 (Moderate) → P1 (Critical) — 2-level jump ⚠ LARGE JUMP,10,2,2026-08-04T04:28:39.274015+00:00,2026-08-04T04:28:39.408676+00:00
ep_00859_RETRY_STORM,INC-1101,RETRY_STORM,P3,P1,P1,AUTO_APPROVED,system,No human response within timeout window.,0.8625,0.0,Moderate,Imminent,1,P3 (Moderate) → P1 (Critical) — 2-level jump ⚠ LARGE JUMP,10,2,2026-08-04T04:28:39.428274+00:00,2026-08-04T04:28:39.562994+00:00
ep_00862_CPU_SATURATION,INC-1420,CPU_SATURATION,P3,P1,P1,AUTO_APPROVED,system,No human response within timeout window.,1.0,0.0,Moderate,Imminent,1,P3 (Moderate) → P1 (Critical) — 2-level jump ⚠ LARGE JUMP,10,2,2026-08-04T04:28:39.583275+00:00,2026-08-04T04:28:39.714930+00:00
ep_00864_CACHE_STAMPEDE,INC-8788,CACHE_STAMPEDE,P3,P1,P1,AUTO_APPROVED,system,No human response within timeout window.,1.0,0.0,Moderate,Imminent,1,P3 (Moderate) → P1 (Critical) — 2-level jump ⚠ LARGE JUMP,10,2,2026-08-04T04:28:39.734002+00:00,2026-08-04T04:28:39.862576+00:00
ep_00870_QUEUE_BACKUP,INC-4038,QUEUE_BACKUP,P3,P1,P1,AUTO_APPROVED,system,No human response within timeout window.,1.0,0.0,Moderate,Imminent,1,P3 (Moderate) → P1 (Critical) — 2-level jump ⚠ LARGE JUMP,10,2,2026-08-04T04:28:39.880574+00:00,2026-08-04T04:28:40.009675+00:00
ep_00871_CASCADING_FAILURE,INC-4180,CASCADING_FAILURE,P3,P1,P1,AUTO_APPROVED,system,No human response within timeout window.,1.0,0.0,Moderate,Imminent,1,P3 (Moderate) → P1 (Critical) — 2-level jump ⚠ LARGE JUMP,10,2,2026-08-04T04:28:40.028815+00:00,2026-08-04T04:28:40.160324+00:00
ep_00872_CACHE_STAMPEDE,INC-3126,CACHE_STAMPEDE,P3,P1,P1,AUTO_APPROVED,system,No human response within timeout window.,1.0,0.0,Moderate,Imminent,1,P3 (Moderate) → P1 (Critical) — 2-level jump ⚠ LARGE JUMP,10,2,2026-08-04T04:28:40.177213+00:00,2026-08-04T04:28:40.303871+00:00
ep_00873_CACHE_STAMPEDE,INC-9905,CACHE_STAMPEDE,P3,P1,P1,AUTO_APPROVED,system,No human response within timeout window.,1.0,0.0,Moderate,Imminent,1,P3 (Moderate) → P1 (Critical) — 2-level jump ⚠ LARGE JUMP,10,2,2026-08-04T04:28:40.322960+00:00,2026-08-04T04:28:40.452814+00:00
ep_00875_DEPENDENCY_TIMEOUT,INC-6036,DEPENDENCY_TIMEOUT,P3,P1,P1,AUTO_APPROVED,system,No human response within timeout window.,0.9113,0.0,Moderate,Imminent,1,P3 (Moderate) → P1 (Critical) — 2-level jump ⚠ LARGE JUMP,10,2,2026-08-04T04:28:40.475229+00:00,2026-08-04T04:28:40.608440+00:00
ep_00877_BAD_DEPLOY,INC-6359,BAD_DEPLOY,P3,P1,P1,AUTO_APPROVED,system,No human response within timeout window.,0.8018,0.0,Moderate,Imminent,1,P3 (Moderate) → P1 (Critical) — 2-level jump ⚠ LARGE JUMP,10,2,2026-08-04T04:28:40.628855+00:00,2026-08-04T04:28:40.758384+00:00
ep_00879_CACHE_STAMPEDE,INC-5752,CACHE_STAMPEDE,P3,P1,P1,AUTO_APPROVED,system,No human response within timeout window.,1.0,0.0,Moderate,Imminent,1,P3 (Moderate) → P1 (Critical) — 2-level jump ⚠ LARGE JUMP,10,2,2026-08-04T04:28:40.780890+00:00,2026-08-04T04:28:40.913707+00:00
ep_00889_DB_SLOWDOWN,INC-3820,DB_SLOWDOWN,P3,P1,P1,AUTO_APPROVED,system,No human response within timeout window.,0.8381,0.0,Moderate,Imminent,1,P3 (Moderate) → P1 (Critical) — 2-level jump ⚠ LARGE JUMP,10,2,2026-08-04T04:28:40.930012+00:00,2026-08-04T04:28:41.055903+00:00
ep_00890_QUEUE_BACKUP,INC-7965,QUEUE_BACKUP,P3,P1,P1,AUTO_APPROVED,system,No human response within timeout window.,1.0,0.0,Moderate,Imminent,1,P3 (Moderate) → P1 (Critical) — 2-level jump ⚠ LARGE JUMP,10,2,2026-08-04T04:28:41.077029+00:00,2026-08-04T04:28:41.210943+00:00
ep_00892_CACHE_STAMPEDE,INC-5587,CACHE_STAMPEDE,P3,P1,P1,AUTO_APPROVED,system,No human response within timeout window.,1.0,0.0,Moderate,Imminent,1,P3 (Moderate) → P1 (Critical) — 2-level jump ⚠ LARGE JUMP,10,2,2026-08-04T04:28:41.234626+00:00,2026-08-04T04:28:41.364611+00:00
ep_00893_CASCADING_FAILURE,INC-5049,CASCADING_FAILURE,P3,P1,P1,AUTO_APPROVED,system,No human response within timeout window.,1.0,0.0,Moderate,Imminent,1,P3 (Moderate) → P1 (Critical) — 2-level jump ⚠ LARGE JUMP,10,2,2026-08-04T04:28:41.383198+00:00,2026-08-04T04:28:41.513569+00:00
ep_00899_CASCADING_FAILURE,INC-2098,CASCADING_FAILURE,P3,P1,P1,AUTO_APPROVED,system,No human response within timeout window.,1.0,0.0,Moderate,Imminent,1,P3 (Moderate) → P1 (Critical) — 2-level jump ⚠ LARGE JUMP,10,2,2026-08-04T04:28:41.542074+00:00,2026-08-04T04:28:41.680712+00:00
ep_00901_CACHE_STAMPEDE,INC-7005,CACHE_STAMPEDE,P3,P1,P1,AUTO_APPROVED,system,No human response within timeout window.,1.0,0.0,Moderate,Imminent,1,P3 (Moderate) → P1 (Critical) — 2-level jump ⚠ LARGE JUMP,10,2,2026-08-04T04:28:41.706823+00:00,2026-08-04T04:28:41.836326+00:00
ep_00902_RETRY_STORM,INC-8484,RETRY_STORM,P3,P1,P1,AUTO_APPROVED,system,No human response within timeout window.,0.8873,0.0,Moderate,Imminent,1,P3 (Moderate) → P1 (Critical) — 2-level jump ⚠ LARGE JUMP,10,2,2026-08-04T04:28:41.862213+00:00,2026-08-04T04:28:41.988668+00:00
ep_00903_BAD_DEPLOY,INC-9334,BAD_DEPLOY,P3,P2,P2,AUTO_APPROVED,system,No human response within timeout window.,0.8565,100.42,Moderate,Near,0,P3 (Moderate) → P2 (High) — 1-level jump,10,2,2026-08-04T04:28:42.004779+00:00,2026-08-04T04:28:42.129422+00:00
ep_00905_DEPENDENCY_TIMEOUT,INC-0467,DEPENDENCY_TIMEOUT,P3,P1,P1,AUTO_APPROVED,system,No human response within timeout window.,0.9236,0.0,Moderate,Imminent,1,P3 (Moderate) → P1 (Critical) — 2-level jump ⚠ LARGE JUMP,10,2,2026-08-04T04:28:42.149121+00:00,2026-08-04T04:28:42.275792+00:00
ep_00907_BAD_DEPLOY,INC-0242,BAD_DEPLOY,P3,P1,P1,AUTO_APPROVED,system,No human response within timeout window.,0.8499,0.0,Moderate,Imminent,1,P3 (Moderate) → P1 (Critical) — 2-level jump ⚠ LARGE JUMP,10,2,2026-08-04T04:28:42.290811+00:00,2026-08-04T04:28:42.423370+00:00
ep_00908_BAD_DEPLOY,INC-0683,BAD_DEPLOY,P3,P1,P1,AUTO_APPROVED,system,No human response within timeout window.,0.967,0.0,Moderate,Imminent,1,P3 (Moderate) → P1 (Critical) — 2-level jump ⚠ LARGE JUMP,10,2,2026-08-04T04:28:42.443782+00:00,2026-08-04T04:28:42.573834+00:00
ep_00911_QUEUE_BACKUP,INC-0785,QUEUE_BACKUP,P3,P1,P1,AUTO_APPROVED,system,No human response within timeout window.,1.0,0.0,Moderate,Imminent,1,P3 (Moderate) → P1 (Critical) — 2-level jump ⚠ LARGE JUMP,10,2,2026-08-04T04:28:42.591472+00:00,2026-08-04T04:28:42.718961+00:00
ep_00912_DB_SLOWDOWN,INC-0723,DB_SLOWDOWN,P3,P1,P1,AUTO_APPROVED,system,No human response within timeout window.,0.7642,0.0,Moderate,Imminent,1,P3 (Moderate) → P1 (Critical) — 2-level jump ⚠ LARGE JUMP,10,2,2026-08-04T04:28:42.755576+00:00,2026-08-04T04:28:42.882897+00:00
ep_00915_QUEUE_BACKUP,INC-4062,QUEUE_BACKUP,P3,P1,P1,AUTO_APPROVED,system,No human response within timeout window.,1.0,0.0,Moderate,Imminent,1,P3 (Moderate) → P1 (Critical) — 2-level jump ⚠ LARGE JUMP,10,2,2026-08-04T04:28:42.901040+00:00,2026-08-04T04:28:43.032718+00:00
ep_00917_CASCADING_FAILURE,INC-5927,CASCADING_FAILURE,P3,P1,P1,AUTO_APPROVED,system,No human response within timeout window.,1.0,0.0,Moderate,Imminent,1,P3 (Moderate) → P1 (Critical) — 2-level jump ⚠ LARGE JUMP,10,2,2026-08-04T04:28:43.051134+00:00,2026-08-04T04:28:43.191500+00:00
ep_00918_BAD_DEPLOY,INC-1222,BAD_DEPLOY,P3,P1,P1,AUTO_APPROVED,system,No human response within timeout window.,0.8242,0.0,Moderate,Imminent,1,P3 (Moderate) → P1 (Critical) — 2-level jump ⚠ LARGE JUMP,10,2,2026-08-04T04:28:43.208368+00:00,2026-08-04T04:28:43.337660+00:00
ep_00920_BAD_DEPLOY,INC-1153,BAD_DEPLOY,P3,P1,P1,AUTO_APPROVED,system,No human response within timeout window.,0.932,0.0,Moderate,Imminent,1,P3 (Moderate) → P1 (Critical) — 2-level jump ⚠ LARGE JUMP,10,2,2026-08-04T04:28:43.356961+00:00,2026-08-04T04:28:43.485289+00:00
ep_00930_BAD_DEPLOY,INC-3512,BAD_DEPLOY,P3,P1,P1,AUTO_APPROVED,system,No human response within timeout window.,0.8529,0.0,Moderate,Imminent,1,P3 (Moderate) → P1 (Critical) — 2-level jump ⚠ LARGE JUMP,10,2,2026-08-04T04:28:43.503439+00:00,2026-08-04T04:28:43.634621+00:00
ep_00931_CASCADING_FAILURE,INC-6118,CASCADING_FAILURE,P3,P1,P1,AUTO_APPROVED,system,No human response within timeout window.,1.0,0.0,Moderate,Imminent,1,P3 (Moderate) → P1 (Critical) — 2-level jump ⚠ LARGE JUMP,10,2,2026-08-04T04:28:43.654105+00:00,2026-08-04T04:28:43.781345+00:00
ep_00934_BAD_DEPLOY,INC-7182,BAD_DEPLOY,P3,P1,P1,AUTO_APPROVED,system,No human response within timeout window.,0.9238,0.0,Moderate,Imminent,1,P3 (Moderate) → P1 (Critical) — 2-level jump ⚠ LARGE JUMP,10,2,2026-08-04T04:28:43.801228+00:00,2026-08-04T04:28:43.942594+00:00
ep_00935_CACHE_STAMPEDE,INC-7318,CACHE_STAMPEDE,P3,P1,P1,AUTO_APPROVED,system,No human response within timeout window.,1.0,0.0,Moderate,Imminent,1,P3 (Moderate) → P1 (Critical) — 2-level jump ⚠ LARGE JUMP,10,2,2026-08-04T04:28:43.963147+00:00,2026-08-04T04:28:44.092726+00:00
ep_00936_RETRY_STORM,INC-5976,RETRY_STORM,P3,P1,P1,AUTO_APPROVED,system,No human response within timeout window.,0.8814,0.0,Moderate,Imminent,1,P3 (Moderate) → P1 (Critical) — 2-level jump ⚠ LARGE JUMP,10,2,2026-08-04T04:28:44.111729+00:00,2026-08-04T04:28:44.240205+00:00
ep_00937_QUEUE_BACKUP,INC-7943,QUEUE_BACKUP,P3,P1,P1,AUTO_APPROVED,system,No human response within timeout window.,1.0,0.0,Moderate,Imminent,1,P3 (Moderate) → P1 (Critical) — 2-level jump ⚠ LARGE JUMP,10,2,2026-08-04T04:28:44.257283+00:00,2026-08-04T04:28:44.386550+00:00
ep_00938_CPU_SATURATION,INC-3522,CPU_SATURATION,P3,P1,P1,AUTO_APPROVED,system,No human response within timeout window.,1.0,0.0,Moderate,Imminent,1,P3 (Moderate) → P1 (Critical) — 2-level jump ⚠ LARGE JUMP,10,2,2026-08-04T04:28:44.405825+00:00,2026-08-04T04:28:44.535788+00:00
ep_00940_CASCADING_FAILURE,INC-4643,CASCADING_FAILURE,P3,P1,P1,AUTO_APPROVED,system,No human response within timeout window.,1.0,0.0,Moderate,Imminent,1,P3 (Moderate) → P1 (Critical) — 2-level jump ⚠ LARGE JUMP,10,2,2026-08-04T04:28:44.554047+00:00,2026-08-04T04:28:44.680010+00:00
ep_00941_CASCADING_FAILURE,INC-7925,CASCADING_FAILURE,P3,P1,P1,AUTO_APPROVED,system,No human response within timeout window.,1.0,0.0,Moderate,Imminent,1,P3 (Moderate) → P1 (Critical) — 2-level jump ⚠ LARGE JUMP,10,2,2026-08-04T04:28:44.698999+00:00,2026-08-04T04:28:44.828001+00:00
ep_00944_QUEUE_BACKUP,INC-9066,QUEUE_BACKUP,P3,P1,P1,AUTO_APPROVED,system,No human response within timeout window.,1.0,0.0,Moderate,Imminent,1,P3 (Moderate) → P1 (Critical) — 2-level jump ⚠ LARGE JUMP,10,2,2026-08-04T04:28:44.849597+00:00,2026-08-04T04:28:44.986003+00:00
ep_00946_QUEUE_BACKUP,INC-5550,QUEUE_BACKUP,P3,P1,P1,AUTO_APPROVED,system,No human response within timeout window.,1.0,0.0,Moderate,Imminent,1,P3 (Moderate) → P1 (Critical) — 2-level jump ⚠ LARGE JUMP,10,2,2026-08-04T04:28:45.002564+00:00,2026-08-04T04:28:45.131152+00:00
ep_00949_DB_SLOWDOWN,INC-1437,DB_SLOWDOWN,P3,P1,P1,AUTO_APPROVED,system,No human response within timeout window.,0.7909,0.0,Moderate,Imminent,1,P3 (Moderate) → P1 (Critical) — 2-level jump ⚠ LARGE JUMP,10,2,2026-08-04T04:28:45.151779+00:00,2026-08-04T04:28:45.285479+00:00
ep_00953_BAD_DEPLOY,INC-0360,BAD_DEPLOY,P3,P1,P1,AUTO_APPROVED,system,No human response within timeout window.,0.923,0.0,Moderate,Imminent,1,P3 (Moderate) → P1 (Critical) — 2-level jump ⚠ LARGE JUMP,10,2,2026-08-04T04:28:45.303692+00:00,2026-08-04T04:28:45.432222+00:00
ep_00955_CACHE_STAMPEDE,INC-0080,CACHE_STAMPEDE,P3,P1,P1,AUTO_APPROVED,system,No human response within timeout window.,1.0,0.0,Moderate,Imminent,1,P3 (Moderate) → P1 (Critical) — 2-level jump ⚠ LARGE JUMP,10,2,2026-08-04T04:28:45.451792+00:00,2026-08-04T04:28:45.578726+00:00
ep_00958_QUEUE_BACKUP,INC-8103,QUEUE_BACKUP,P3,P1,P1,AUTO_APPROVED,system,No human response within timeout window.,1.0,0.0,Moderate,Imminent,1,P3 (Moderate) → P1 (Critical) — 2-level jump ⚠ LARGE JUMP,10,2,2026-08-04T04:28:45.595871+00:00,2026-08-04T04:28:45.725360+00:00
ep_00968_CACHE_STAMPEDE,INC-1685,CACHE_STAMPEDE,P3,P1,P1,AUTO_APPROVED,system,No human response within timeout window.,1.0,0.0,Moderate,Imminent,1,P3 (Moderate) → P1 (Critical) — 2-level jump ⚠ LARGE JUMP,10,2,2026-08-04T04:28:45.743754+00:00,2026-08-04T04:28:45.870188+00:00
ep_00971_QUEUE_BACKUP,INC-3358,QUEUE_BACKUP,P3,P1,P1,AUTO_APPROVED,system,No human response within timeout window.,1.0,0.0,Moderate,Imminent,1,P3 (Moderate) → P1 (Critical) — 2-level jump ⚠ LARGE JUMP,10,2,2026-08-04T04:28:45.893634+00:00,2026-08-04T04:28:46.035152+00:00
ep_00972_QUEUE_BACKUP,INC-0789,QUEUE_BACKUP,P3,P1,P1,AUTO_APPROVED,system,No human response within timeout window.,1.0,0.0,Moderate,Imminent,1,P3 (Moderate) → P1 (Critical) — 2-level jump ⚠ LARGE JUMP,10,2,2026-08-04T04:28:46.056253+00:00,2026-08-04T04:28:46.187623+00:00
ep_00975_CACHE_STAMPEDE,INC-9433,CACHE_STAMPEDE,P3,P1,P1,AUTO_APPROVED,system,No human response within timeout window.,1.0,0.0,Moderate,Imminent,1,P3 (Moderate) → P1 (Critical) — 2-level jump ⚠ LARGE JUMP,10,2,2026-08-04T04:28:46.207681+00:00,2026-08-04T04:28:46.338063+00:00
ep_00976_CASCADING_FAILURE,INC-3798,CASCADING_FAILURE,P3,P1,P1,AUTO_APPROVED,system,No human response within timeout window.,1.0,0.0,Moderate,Imminent,1,P3 (Moderate) → P1 (Critical) — 2-level jump ⚠ LARGE JUMP,10,2,2026-08-04T04:28:46.359294+00:00,2026-08-04T04:28:46.484276+00:00
ep_00978_QUEUE_BACKUP,INC-9545,QUEUE_BACKUP,P3,P1,P1,AUTO_APPROVED,system,No human response within timeout window.,1.0,0.0,Moderate,Imminent,1,P3 (Moderate) → P1 (Critical) — 2-level jump ⚠ LARGE JUMP,10,2,2026-08-04T04:28:46.500375+00:00,2026-08-04T04:28:46.627831+00:00
ep_00979_RETRY_STORM,INC-3377,RETRY_STORM,P3,P1,P1,AUTO_APPROVED,system,No human response within timeout window.,0.8765,4.32,Moderate,Imminent,1,P3 (Moderate) → P1 (Critical) — 2-level jump ⚠ LARGE JUMP,10,2,2026-08-04T04:28:46.651868+00:00,2026-08-04T04:28:46.785009+00:00
ep_00980_DB_SLOWDOWN,INC-6884,DB_SLOWDOWN,P3,P1,P1,AUTO_APPROVED,system,No human response within timeout window.,0.7831,0.0,Moderate,Imminent,1,P3 (Moderate) → P1 (Critical) — 2-level jump ⚠ LARGE JUMP,10,2,2026-08-04T04:28:46.807350+00:00,2026-08-04T04:28:46.936704+00:00
ep_00983_CASCADING_FAILURE,INC-7717,CASCADING_FAILURE,P3,P1,P1,AUTO_APPROVED,system,No human response within timeout window.,1.0,0.0,Moderate,Imminent,1,P3 (Moderate) → P1 (Critical) — 2-level jump ⚠ LARGE JUMP,10,2,2026-08-04T04:28:46.974254+00:00,2026-08-04T04:28:47.100797+00:00
ep_00984_BAD_DEPLOY,INC-6380,BAD_DEPLOY,P3,P1,P1,AUTO_APPROVED,system,No human response within timeout window.,0.8611,0.0,Moderate,Imminent,1,P3 (Moderate) → P1 (Critical) — 2-level jump ⚠ LARGE JUMP,10,2,2026-08-04T04:28:47.118156+00:00,2026-08-04T04:28:47.250099+00:00
ep_00987_CPU_SATURATION,INC-2236,CPU_SATURATION,P3,P2,P2,AUTO_APPROVED,system,No human response within timeout window.,1.0,67.91,Moderate,Near,0,P3 (Moderate) → P2 (High) — 1-level jump,10,2,2026-08-04T04:28:47.267936+00:00,2026-08-04T04:28:47.394107+00:00
ep_00988_CASCADING_FAILURE,INC-2877,CASCADING_FAILURE,P3,P1,P1,AUTO_APPROVED,system,No human response within timeout window.,1.0,0.0,Moderate,Imminent,1,P3 (Moderate) → P1 (Critical) — 2-level jump ⚠ LARGE JUMP,10,2,2026-08-04T04:28:47.407703+00:00,2026-08-04T04:28:47.535136+00:00
ep_00991_QUEUE_BACKUP,INC-3909,QUEUE_BACKUP,P3,P1,P1,AUTO_APPROVED,system,No human response within timeout window.,1.0,0.0,Moderate,Imminent,1,P3 (Moderate) → P1 (Critical) — 2-level jump ⚠ LARGE JUMP,10,2,2026-08-04T04:28:47.559755+00:00,2026-08-04T04:28:47.688890+00:00
ep_00993_QUEUE_BACKUP,INC-4902,QUEUE_BACKUP,P3,P1,P1,AUTO_APPROVED,system,No human response within timeout window.,1.0,0.0,Moderate,Imminent,1,P3 (Moderate) → P1 (Critical) — 2-level jump ⚠ LARGE JUMP,10,2,2026-08-04T04:28:47.704035+00:00,2026-08-04T04:28:47.827173+00:00
ep_00996_DEPENDENCY_TIMEOUT,INC-1165,DEPENDENCY_TIMEOUT,P3,P1,P1,AUTO_APPROVED,system,No human response within timeout window.,0.9206,0.0,Moderate,Imminent,1,P3 (Moderate) → P1 (Critical) — 2-level jump ⚠ LARGE JUMP,10,2,2026-08-04T04:28:47.844802+00:00,2026-08-04T04:28:47.972877+00:00
ep_00997_RETRY_STORM,INC-5380,RETRY_STORM,P3,P1,P1,AUTO_APPROVED,system,No human response within timeout window.,0.8823,0.0,Moderate,Imminent,1,P3 (Moderate) → P1 (Critical) — 2-level jump ⚠ LARGE JUMP,10,2,2026-08-04T04:28:48.031593+00:00,2026-08-04T04:28:48.178011+00:00
ep_00999_CASCADING_FAILURE,INC-6817,CASCADING_FAILURE,P3,P1,P1,AUTO_APPROVED,system,No human response within timeout window.,1.0,0.0,Moderate,Imminent,1,P3 (Moderate) → P1 (Critical) — 2-level jump ⚠ LARGE JUMP,10,2,2026-08-04T04:28:48.194786+00:00,2026-08-04T04:28:48.320299+00:00
ep_01000_RETRY_STORM,INC-5166,RETRY_STORM,P3,P1,P1,AUTO_APPROVED,system,No human response within timeout window.,0.8647,0.0,Moderate,Imminent,1,P3 (Moderate) → P1 (Critical) — 2-level jump ⚠ LARGE JUMP,10,2,2026-08-04T04:28:48.339480+00:00,2026-08-04T04:28:48.472692+00:00
CASCADING_FAILURE,INC-6093,1785697935.6301222,P3,P1,P1,AUTO_APPROVED,system,No human response within timeout window.,1.0,0.0,Moderate,Imminent,1,P3 (Moderate) → P1 (Critical) — 2-level jump ⚠ LARGE JUMP,10,2,2026-08-04T04:28:48.487826+00:00,2026-08-04T04:28:48.611618+00:00
CPU_SATURATION,INC-2122,1785698032.72846,P3,P2,P2,AUTO_APPROVED,system,No human response within timeout window.,1.0,85.84,Moderate,Near,0,P3 (Moderate) → P2 (High) — 1-level jump,10,2,2026-08-04T04:28:48.634590+00:00,2026-08-04T04:28:48.764785+00:00
