episode_id,failure_mode,elapsed_s,preliminary_severity,forecast_confidence,time_to_failure,earliest_ttf_feature,impact_band,urgency_band,gate_passed,candidate_severity,revised_severity,is_escalated,is_deescalated,dwell_count,reason
ep_00001_CACHE_STAMPEDE,CACHE_STAMPEDE,238.0,P1,0.3011,0.0,cache_miss_rate,High,Distant,False,P2,P2,False,False,0,"Impact=High (P1), Urgency=Distant (ttf=0.0s, conf=0.30, gate=FAIL) -> candidate=P2, revised=P2"
ep_00002_CACHE_STAMPEDE,CACHE_STAMPEDE,238.0,P1,0.3001,0.0,cache_miss_rate,High,Distant,False,P2,P2,False,False,0,"Impact=High (P1), Urgency=Distant (ttf=0.0s, conf=0.30, gate=FAIL) -> candidate=P2, revised=P2"
ep_00003_BAD_DEPLOY,BAD_DEPLOY,238.0,P1,0.3082,0.0,error_rate,High,Distant,False,P2,P2,False,False,0,"Impact=High (P1), Urgency=Distant (ttf=0.0s, conf=0.31, gate=FAIL) -> candidate=P2, revised=P2"
ep_00004_CPU_SATURATION,CPU_SATURATION,238.0,P1,0.3004,0.0,cpu_utilization,High,Distant,False,P2,P2,False,False,0,"Impact=High (P1), Urgency=Distant (ttf=0.0s, conf=0.30, gate=FAIL) -> candidate=P2, revised=P2"
ep_00005_BAD_DEPLOY,BAD_DEPLOY,238.0,P1,0.3151,0.0,error_rate,High,Distant,False,P2,P2,False,False,0,"Impact=High (P1), Urgency=Distant (ttf=0.0s, conf=0.32, gate=FAIL) -> candidate=P2, revised=P2"
ep_00006_QUEUE_BACKUP,QUEUE_BACKUP,238.0,P1,1.0,0.0,thread_pool_queue,High,Imminent,True,P1,P1,False,False,0,"Impact=High (P1), Urgency=Imminent (ttf=0.0s, conf=1.00, gate=PASS) -> candidate=P1, revised=P1"
ep_00007_DB_SLOWDOWN,DB_SLOWDOWN,238.0,P2,1.0,0.0,db_connection_wait,High,Imminent,True,P1,P1,False,False,0,"Impact=High (P2), Urgency=Imminent (ttf=0.0s, conf=1.00, gate=PASS) -> candidate=P1, revised=P1"
ep_00009_CPU_SATURATION,CPU_SATURATION,238.0,P1,0.3,0.0,cpu_utilization,High,Distant,False,P2,P2,False,False,0,"Impact=High (P1), Urgency=Distant (ttf=0.0s, conf=0.30, gate=FAIL) -> candidate=P2, revised=P2"
ep_00010_MEMORY_LEAK,MEMORY_LEAK,238.0,P2,1.0,6384.0,memory_utilization,High,Distant,True,P2,P2,False,False,0,"Impact=High (P2), Urgency=Distant (ttf=6384.0s, conf=1.00, gate=PASS) -> candidate=P2, revised=P2"
ep_00011_DB_SLOWDOWN,DB_SLOWDOWN,238.0,P2,1.0,0.0,db_connection_wait,High,Imminent,True,P1,P1,False,False,0,"Impact=High (P2), Urgency=Imminent (ttf=0.0s, conf=1.00, gate=PASS) -> candidate=P1, revised=P1"
ep_00012_DISK_IO_SATURATION,DISK_IO_SATURATION,238.0,P1,0.3268,4513.68,queue_lag,High,Distant,False,P2,P2,False,False,0,"Impact=High (P1), Urgency=Distant (ttf=4513.68s, conf=0.33, gate=FAIL) -> candidate=P2, revised=P2"
ep_00013_DEPENDENCY_TIMEOUT,DEPENDENCY_TIMEOUT,238.0,P1,0.3104,0.0,upstream_timeout_rate,High,Distant,False,P2,P2,False,False,0,"Impact=High (P1), Urgency=Distant (ttf=0.0s, conf=0.31, gate=FAIL) -> candidate=P2, revised=P2"
ep_00014_MEMORY_LEAK,MEMORY_LEAK,238.0,P2,1.0,8105.31,memory_utilization,High,Distant,True,P2,P2,False,False,0,"Impact=High (P2), Urgency=Distant (ttf=8105.31s, conf=1.00, gate=PASS) -> candidate=P2, revised=P2"
ep_00015_BAD_DEPLOY,BAD_DEPLOY,238.0,P1,0.3079,0.0,error_rate,High,Distant,False,P2,P2,False,False,0,"Impact=High (P1), Urgency=Distant (ttf=0.0s, conf=0.31, gate=FAIL) -> candidate=P2, revised=P2"
ep_00016_MEMORY_LEAK,MEMORY_LEAK,238.0,P2,1.0,5865.63,memory_utilization,High,Distant,True,P2,P2,False,False,0,"Impact=High (P2), Urgency=Distant (ttf=5865.63s, conf=1.00, gate=PASS) -> candidate=P2, revised=P2"
ep_00017_DB_SLOWDOWN,DB_SLOWDOWN,238.0,P2,1.0,0.0,db_connection_wait,High,Imminent,True,P1,P1,False,False,0,"Impact=High (P2), Urgency=Imminent (ttf=0.0s, conf=1.00, gate=PASS) -> candidate=P1, revised=P1"
ep_00018_CASCADING_FAILURE,CASCADING_FAILURE,238.0,P1,0.4482,0.0,p99_latency,High,Distant,False,P2,P2,False,False,0,"Impact=High (P1), Urgency=Distant (ttf=0.0s, conf=0.45, gate=FAIL) -> candidate=P2, revised=P2"
ep_00019_CACHE_STAMPEDE,CACHE_STAMPEDE,238.0,P1,0.3139,0.0,cache_miss_rate,High,Distant,False,P2,P2,False,False,0,"Impact=High (P1), Urgency=Distant (ttf=0.0s, conf=0.31, gate=FAIL) -> candidate=P2, revised=P2"
ep_00020_DISK_IO_SATURATION,DISK_IO_SATURATION,238.0,P1,0.3002,4497.81,queue_lag,High,Distant,False,P2,P2,False,False,0,"Impact=High (P1), Urgency=Distant (ttf=4497.81s, conf=0.30, gate=FAIL) -> candidate=P2, revised=P2"
ep_00021_LATENCY_SPIKE,LATENCY_SPIKE,238.0,P3,0.325,,,Moderate,Distant,False,P3,P3,False,False,0,"Impact=Moderate (P3), Urgency=Distant (ttf=nans, conf=0.33, gate=FAIL) -> candidate=P3, revised=P3"
ep_00022_RETRY_STORM,RETRY_STORM,238.0,P1,0.3032,0.0,rps,High,Distant,False,P2,P2,False,False,0,"Impact=High (P1), Urgency=Distant (ttf=0.0s, conf=0.30, gate=FAIL) -> candidate=P2, revised=P2"
ep_00023_MEMORY_LEAK,MEMORY_LEAK,238.0,P2,1.0,6142.29,memory_utilization,High,Distant,True,P2,P2,False,False,0,"Impact=High (P2), Urgency=Distant (ttf=6142.29s, conf=1.00, gate=PASS) -> candidate=P2, revised=P2"
ep_00024_CASCADING_FAILURE,CASCADING_FAILURE,238.0,P1,0.5489,0.0,p99_latency,High,Distant,False,P2,P2,False,False,0,"Impact=High (P1), Urgency=Distant (ttf=0.0s, conf=0.55, gate=FAIL) -> candidate=P2, revised=P2"
ep_00026_CPU_SATURATION,CPU_SATURATION,238.0,P1,0.3009,,,High,Distant,False,P2,P2,False,False,0,"Impact=High (P1), Urgency=Distant (ttf=nans, conf=0.30, gate=FAIL) -> candidate=P2, revised=P2"
ep_00027_DISK_IO_SATURATION,DISK_IO_SATURATION,238.0,P1,0.3041,74946.77,queue_lag,High,Distant,False,P2,P2,False,False,0,"Impact=High (P1), Urgency=Distant (ttf=74946.77s, conf=0.30, gate=FAIL) -> candidate=P2, revised=P2"
ep_00028_LATENCY_SPIKE,LATENCY_SPIKE,238.0,P3,0.301,,,Moderate,Distant,False,P3,P3,False,False,0,"Impact=Moderate (P3), Urgency=Distant (ttf=nans, conf=0.30, gate=FAIL) -> candidate=P3, revised=P3"
ep_00029_DISK_IO_SATURATION,DISK_IO_SATURATION,238.0,P1,0.3034,5225.78,queue_lag,High,Distant,False,P2,P2,False,False,0,"Impact=High (P1), Urgency=Distant (ttf=5225.78s, conf=0.30, gate=FAIL) -> candidate=P2, revised=P2"
ep_00030_DEPENDENCY_TIMEOUT,DEPENDENCY_TIMEOUT,238.0,P1,0.337,0.0,upstream_timeout_rate,High,Distant,False,P2,P2,False,False,0,"Impact=High (P1), Urgency=Distant (ttf=0.0s, conf=0.34, gate=FAIL) -> candidate=P2, revised=P2"
ep_00031_LATENCY_SPIKE,LATENCY_SPIKE,238.0,P3,0.3006,28598.8,p95_latency,Moderate,Distant,False,P3,P3,False,False,0,"Impact=Moderate (P3), Urgency=Distant (ttf=28598.8s, conf=0.30, gate=FAIL) -> candidate=P3, revised=P3"
ep_00032_BAD_DEPLOY,BAD_DEPLOY,238.0,P1,0.3014,0.0,error_rate,High,Distant,False,P2,P2,False,False,0,"Impact=High (P1), Urgency=Distant (ttf=0.0s, conf=0.30, gate=FAIL) -> candidate=P2, revised=P2"
ep_00033_ERROR_STORM,ERROR_STORM,238.0,P1,0.3004,,,High,Distant,False,P2,P2,False,False,0,"Impact=High (P1), Urgency=Distant (ttf=nans, conf=0.30, gate=FAIL) -> candidate=P2, revised=P2"
ep_00034_BAD_DEPLOY,BAD_DEPLOY,238.0,P1,0.3021,0.0,error_rate,High,Distant,False,P2,P2,False,False,0,"Impact=High (P1), Urgency=Distant (ttf=0.0s, conf=0.30, gate=FAIL) -> candidate=P2, revised=P2"
ep_00036_CASCADING_FAILURE,CASCADING_FAILURE,238.0,P1,0.3715,2.37,error_rate,High,Distant,False,P2,P2,False,False,0,"Impact=High (P1), Urgency=Distant (ttf=2.37s, conf=0.37, gate=FAIL) -> candidate=P2, revised=P2"
ep_00037_DB_SLOWDOWN,DB_SLOWDOWN,238.0,P2,1.0,0.0,db_connection_wait,High,Imminent,True,P1,P1,False,False,0,"Impact=High (P2), Urgency=Imminent (ttf=0.0s, conf=1.00, gate=PASS) -> candidate=P1, revised=P1"
ep_00038_MEMORY_LEAK,MEMORY_LEAK,238.0,P2,1.0,13958.74,heap_mb,High,Distant,True,P2,P2,False,False,0,"Impact=High (P2), Urgency=Distant (ttf=13958.74s, conf=1.00, gate=PASS) -> candidate=P2, revised=P2"
ep_00039_QUEUE_BACKUP,QUEUE_BACKUP,238.0,P1,1.0,0.0,thread_pool_queue,High,Imminent,True,P1,P1,False,False,0,"Impact=High (P1), Urgency=Imminent (ttf=0.0s, conf=1.00, gate=PASS) -> candidate=P1, revised=P1"
ep_00040_RETRY_STORM,RETRY_STORM,238.0,P1,0.3646,0.0,rps,High,Distant,False,P2,P2,False,False,0,"Impact=High (P1), Urgency=Distant (ttf=0.0s, conf=0.36, gate=FAIL) -> candidate=P2, revised=P2"
ep_00041_DISK_IO_SATURATION,DISK_IO_SATURATION,238.0,P1,0.3037,2746.63,queue_lag,High,Distant,False,P2,P2,False,False,0,"Impact=High (P1), Urgency=Distant (ttf=2746.63s, conf=0.30, gate=FAIL) -> candidate=P2, revised=P2"
ep_00042_MEMORY_LEAK,MEMORY_LEAK,238.0,P2,1.0,5285.4,memory_utilization,High,Distant,True,P2,P2,False,False,0,"Impact=High (P2), Urgency=Distant (ttf=5285.4s, conf=1.00, gate=PASS) -> candidate=P2, revised=P2"
ep_00043_DB_SLOWDOWN,DB_SLOWDOWN,238.0,P2,1.0,0.0,db_connection_wait,High,Imminent,True,P1,P1,False,False,0,"Impact=High (P2), Urgency=Imminent (ttf=0.0s, conf=1.00, gate=PASS) -> candidate=P1, revised=P1"
ep_00044_LATENCY_SPIKE,LATENCY_SPIKE,238.0,P3,0.3106,6168.22,p99_latency,Moderate,Distant,False,P3,P3,False,False,0,"Impact=Moderate (P3), Urgency=Distant (ttf=6168.22s, conf=0.31, gate=FAIL) -> candidate=P3, revised=P3"
ep_00045_DB_SLOWDOWN,DB_SLOWDOWN,238.0,P2,1.0,0.0,db_connection_wait,High,Imminent,True,P1,P1,False,False,0,"Impact=High (P2), Urgency=Imminent (ttf=0.0s, conf=1.00, gate=PASS) -> candidate=P1, revised=P1"
ep_00046_CPU_SATURATION,CPU_SATURATION,238.0,P1,0.313,,,High,Distant,False,P2,P2,False,False,0,"Impact=High (P1), Urgency=Distant (ttf=nans, conf=0.31, gate=FAIL) -> candidate=P2, revised=P2"
ep_00047_RETRY_STORM,RETRY_STORM,238.0,P1,0.3274,0.0,rps,High,Distant,False,P2,P2,False,False,0,"Impact=High (P1), Urgency=Distant (ttf=0.0s, conf=0.33, gate=FAIL) -> candidate=P2, revised=P2"
ep_00048_DB_SLOWDOWN,DB_SLOWDOWN,238.0,P2,1.0,0.0,db_connection_wait,High,Imminent,True,P1,P1,False,False,0,"Impact=High (P2), Urgency=Imminent (ttf=0.0s, conf=1.00, gate=PASS) -> candidate=P1, revised=P1"
ep_00049_CACHE_STAMPEDE,CACHE_STAMPEDE,238.0,P1,0.3221,0.0,cache_miss_rate,High,Distant,False,P2,P2,False,False,0,"Impact=High (P1), Urgency=Distant (ttf=0.0s, conf=0.32, gate=FAIL) -> candidate=P2, revised=P2"
ep_00050_RETRY_STORM,RETRY_STORM,238.0,P1,0.3015,0.0,rps,High,Distant,False,P2,P2,False,False,0,"Impact=High (P1), Urgency=Distant (ttf=0.0s, conf=0.30, gate=FAIL) -> candidate=P2, revised=P2"
ep_00051_DISK_IO_SATURATION,DISK_IO_SATURATION,238.0,P1,0.312,18654.35,disk_write_latency,High,Distant,False,P2,P2,False,False,0,"Impact=High (P1), Urgency=Distant (ttf=18654.35s, conf=0.31, gate=FAIL) -> candidate=P2, revised=P2"
ep_00054_CPU_SATURATION,CPU_SATURATION,238.0,P1,0.3028,1406.5,cpu_saturation,High,Distant,False,P2,P2,False,False,0,"Impact=High (P1), Urgency=Distant (ttf=1406.5s, conf=0.30, gate=FAIL) -> candidate=P2, revised=P2"
ep_00055_BAD_DEPLOY,BAD_DEPLOY,238.0,P1,0.3005,0.0,error_rate,High,Distant,False,P2,P2,False,False,0,"Impact=High (P1), Urgency=Distant (ttf=0.0s, conf=0.30, gate=FAIL) -> candidate=P2, revised=P2"
ep_00056_LATENCY_SPIKE,LATENCY_SPIKE,238.0,P3,0.3119,,,Moderate,Distant,False,P3,P3,False,False,0,"Impact=Moderate (P3), Urgency=Distant (ttf=nans, conf=0.31, gate=FAIL) -> candidate=P3, revised=P3"
ep_00057_CACHE_STAMPEDE,CACHE_STAMPEDE,238.0,P1,0.3,0.0,cache_miss_rate,High,Distant,False,P2,P2,False,False,0,"Impact=High (P1), Urgency=Distant (ttf=0.0s, conf=0.30, gate=FAIL) -> candidate=P2, revised=P2"
ep_00058_RETRY_STORM,RETRY_STORM,238.0,P1,0.3369,0.0,rps,High,Distant,False,P2,P2,False,False,0,"Impact=High (P1), Urgency=Distant (ttf=0.0s, conf=0.34, gate=FAIL) -> candidate=P2, revised=P2"
ep_00059_DB_SLOWDOWN,DB_SLOWDOWN,238.0,P2,1.0,0.0,db_connection_wait,High,Imminent,True,P1,P1,False,False,0,"Impact=High (P2), Urgency=Imminent (ttf=0.0s, conf=1.00, gate=PASS) -> candidate=P1, revised=P1"
ep_00060_QUEUE_BACKUP,QUEUE_BACKUP,238.0,P1,1.0,0.0,thread_pool_queue,High,Imminent,True,P1,P1,False,False,0,"Impact=High (P1), Urgency=Imminent (ttf=0.0s, conf=1.00, gate=PASS) -> candidate=P1, revised=P1"
ep_00061_DB_SLOWDOWN,DB_SLOWDOWN,238.0,P2,1.0,0.0,db_connection_wait,High,Imminent,True,P1,P1,False,False,0,"Impact=High (P2), Urgency=Imminent (ttf=0.0s, conf=1.00, gate=PASS) -> candidate=P1, revised=P1"
ep_00062_CPU_SATURATION,CPU_SATURATION,238.0,P1,0.3096,,,High,Distant,False,P2,P2,False,False,0,"Impact=High (P1), Urgency=Distant (ttf=nans, conf=0.31, gate=FAIL) -> candidate=P2, revised=P2"
ep_00063_DEPENDENCY_TIMEOUT,DEPENDENCY_TIMEOUT,238.0,P1,0.3029,0.0,upstream_timeout_rate,High,Distant,False,P2,P2,False,False,0,"Impact=High (P1), Urgency=Distant (ttf=0.0s, conf=0.30, gate=FAIL) -> candidate=P2, revised=P2"
ep_00064_CASCADING_FAILURE,CASCADING_FAILURE,238.0,P1,0.4188,0.0,p99_latency,High,Distant,False,P2,P2,False,False,0,"Impact=High (P1), Urgency=Distant (ttf=0.0s, conf=0.42, gate=FAIL) -> candidate=P2, revised=P2"
ep_00065_DB_SLOWDOWN,DB_SLOWDOWN,238.0,P2,1.0,0.0,db_connection_wait,High,Imminent,True,P1,P1,False,False,0,"Impact=High (P2), Urgency=Imminent (ttf=0.0s, conf=1.00, gate=PASS) -> candidate=P1, revised=P1"
ep_00066_CACHE_STAMPEDE,CACHE_STAMPEDE,238.0,P1,0.3048,0.0,cache_miss_rate,High,Distant,False,P2,P2,False,False,0,"Impact=High (P1), Urgency=Distant (ttf=0.0s, conf=0.30, gate=FAIL) -> candidate=P2, revised=P2"
ep_00067_LATENCY_SPIKE,LATENCY_SPIKE,238.0,P3,0.3011,15514.26,p99_latency,Moderate,Distant,False,P3,P3,False,False,0,"Impact=Moderate (P3), Urgency=Distant (ttf=15514.26s, conf=0.30, gate=FAIL) -> candidate=P3, revised=P3"
ep_00068_CASCADING_FAILURE,CASCADING_FAILURE,238.0,P1,0.4651,0.0,p99_latency,High,Distant,False,P2,P2,False,False,0,"Impact=High (P1), Urgency=Distant (ttf=0.0s, conf=0.47, gate=FAIL) -> candidate=P2, revised=P2"
ep_00069_BAD_DEPLOY,BAD_DEPLOY,238.0,P1,0.3004,0.0,error_rate,High,Distant,False,P2,P2,False,False,0,"Impact=High (P1), Urgency=Distant (ttf=0.0s, conf=0.30, gate=FAIL) -> candidate=P2, revised=P2"
ep_00070_DISK_IO_SATURATION,DISK_IO_SATURATION,238.0,P1,0.315,9914.3,disk_read_latency,High,Distant,False,P2,P2,False,False,0,"Impact=High (P1), Urgency=Distant (ttf=9914.3s, conf=0.32, gate=FAIL) -> candidate=P2, revised=P2"
ep_00071_CPU_SATURATION,CPU_SATURATION,238.0,P1,0.3007,0.0,cpu_utilization,High,Distant,False,P2,P2,False,False,0,"Impact=High (P1), Urgency=Distant (ttf=0.0s, conf=0.30, gate=FAIL) -> candidate=P2, revised=P2"
ep_00072_LATENCY_SPIKE,LATENCY_SPIKE,238.0,P3,0.3043,,,Moderate,Distant,False,P3,P3,False,False,0,"Impact=Moderate (P3), Urgency=Distant (ttf=nans, conf=0.30, gate=FAIL) -> candidate=P3, revised=P3"
ep_00073_MEMORY_LEAK,MEMORY_LEAK,238.0,P2,1.0,6280.0,memory_utilization,High,Distant,True,P2,P2,False,False,0,"Impact=High (P2), Urgency=Distant (ttf=6280.0s, conf=1.00, gate=PASS) -> candidate=P2, revised=P2"
ep_00074_LATENCY_SPIKE,LATENCY_SPIKE,238.0,P3,0.3142,,,Moderate,Distant,False,P3,P3,False,False,0,"Impact=Moderate (P3), Urgency=Distant (ttf=nans, conf=0.31, gate=FAIL) -> candidate=P3, revised=P3"
ep_00075_DB_SLOWDOWN,DB_SLOWDOWN,238.0,P2,1.0,0.0,db_connection_wait,High,Imminent,True,P1,P1,False,False,0,"Impact=High (P2), Urgency=Imminent (ttf=0.0s, conf=1.00, gate=PASS) -> candidate=P1, revised=P1"
ep_00076_MEMORY_LEAK,MEMORY_LEAK,238.0,P2,1.0,4427.69,memory_utilization,High,Distant,True,P2,P2,False,False,0,"Impact=High (P2), Urgency=Distant (ttf=4427.69s, conf=1.00, gate=PASS) -> candidate=P2, revised=P2"
ep_00077_LATENCY_SPIKE,LATENCY_SPIKE,238.0,P3,0.3078,5026.69,p95_latency,Moderate,Distant,False,P3,P3,False,False,0,"Impact=Moderate (P3), Urgency=Distant (ttf=5026.69s, conf=0.31, gate=FAIL) -> candidate=P3, revised=P3"
ep_00078_DISK_IO_SATURATION,DISK_IO_SATURATION,238.0,P1,0.3255,1035500.4,iops_utilization,High,Distant,False,P2,P2,False,False,0,"Impact=High (P1), Urgency=Distant (ttf=1035500.4s, conf=0.33, gate=FAIL) -> candidate=P2, revised=P2"
ep_00079_DB_SLOWDOWN,DB_SLOWDOWN,238.0,P2,1.0,0.0,db_connection_wait,High,Imminent,True,P1,P1,False,False,0,"Impact=High (P2), Urgency=Imminent (ttf=0.0s, conf=1.00, gate=PASS) -> candidate=P1, revised=P1"
ep_00080_LATENCY_SPIKE,LATENCY_SPIKE,238.0,P3,0.3078,2723.46,p95_latency,Moderate,Distant,False,P3,P3,False,False,0,"Impact=Moderate (P3), Urgency=Distant (ttf=2723.46s, conf=0.31, gate=FAIL) -> candidate=P3, revised=P3"
ep_00081_RETRY_STORM,RETRY_STORM,238.0,P1,0.3,0.0,rps,High,Distant,False,P2,P2,False,False,0,"Impact=High (P1), Urgency=Distant (ttf=0.0s, conf=0.30, gate=FAIL) -> candidate=P2, revised=P2"
ep_00082_CASCADING_FAILURE,CASCADING_FAILURE,238.0,P1,0.3711,0.0,p99_latency,High,Distant,False,P2,P2,False,False,0,"Impact=High (P1), Urgency=Distant (ttf=0.0s, conf=0.37, gate=FAIL) -> candidate=P2, revised=P2"
ep_00083_QUEUE_BACKUP,QUEUE_BACKUP,238.0,P1,1.0,0.0,thread_pool_queue,High,Imminent,True,P1,P1,False,False,0,"Impact=High (P1), Urgency=Imminent (ttf=0.0s, conf=1.00, gate=PASS) -> candidate=P1, revised=P1"
ep_00084_LATENCY_SPIKE,LATENCY_SPIKE,238.0,P2,0.3088,3117.74,p95_latency,High,Distant,False,P2,P2,False,False,0,"Impact=High (P2), Urgency=Distant (ttf=3117.74s, conf=0.31, gate=FAIL) -> candidate=P2, revised=P2"
ep_00085_DB_SLOWDOWN,DB_SLOWDOWN,238.0,P2,1.0,0.0,db_connection_wait,High,Imminent,True,P1,P1,False,False,0,"Impact=High (P2), Urgency=Imminent (ttf=0.0s, conf=1.00, gate=PASS) -> candidate=P1, revised=P1"
ep_00086_BAD_DEPLOY,BAD_DEPLOY,238.0,P1,0.3007,0.0,error_rate,High,Distant,False,P2,P2,False,False,0,"Impact=High (P1), Urgency=Distant (ttf=0.0s, conf=0.30, gate=FAIL) -> candidate=P2, revised=P2"
ep_00087_CASCADING_FAILURE,CASCADING_FAILURE,238.0,P1,0.3982,0.0,error_rate,High,Distant,False,P2,P2,False,False,0,"Impact=High (P1), Urgency=Distant (ttf=0.0s, conf=0.40, gate=FAIL) -> candidate=P2, revised=P2"
ep_00088_ERROR_STORM,ERROR_STORM,238.0,P1,0.3071,,,High,Distant,False,P2,P2,False,False,0,"Impact=High (P1), Urgency=Distant (ttf=nans, conf=0.31, gate=FAIL) -> candidate=P2, revised=P2"
ep_00089_DEPENDENCY_TIMEOUT,DEPENDENCY_TIMEOUT,238.0,P1,0.3141,802.42,upstream_timeout_rate,High,Distant,False,P2,P2,False,False,0,"Impact=High (P1), Urgency=Distant (ttf=802.42s, conf=0.31, gate=FAIL) -> candidate=P2, revised=P2"
ep_00090_QUEUE_BACKUP,QUEUE_BACKUP,238.0,P1,1.0,0.0,thread_pool_queue,High,Imminent,True,P1,P1,False,False,0,"Impact=High (P1), Urgency=Imminent (ttf=0.0s, conf=1.00, gate=PASS) -> candidate=P1, revised=P1"
ep_00091_CASCADING_FAILURE,CASCADING_FAILURE,238.0,P1,0.4283,0.0,p99_latency,High,Distant,False,P2,P2,False,False,0,"Impact=High (P1), Urgency=Distant (ttf=0.0s, conf=0.43, gate=FAIL) -> candidate=P2, revised=P2"
ep_00092_QUEUE_BACKUP,QUEUE_BACKUP,238.0,P1,1.0,0.0,thread_pool_queue,High,Imminent,True,P1,P1,False,False,0,"Impact=High (P1), Urgency=Imminent (ttf=0.0s, conf=1.00, gate=PASS) -> candidate=P1, revised=P1"
ep_00094_CPU_SATURATION,CPU_SATURATION,238.0,P1,0.3156,,,High,Distant,False,P2,P2,False,False,0,"Impact=High (P1), Urgency=Distant (ttf=nans, conf=0.32, gate=FAIL) -> candidate=P2, revised=P2"
ep_00095_DB_SLOWDOWN,DB_SLOWDOWN,238.0,P2,1.0,0.0,db_connection_wait,High,Imminent,True,P1,P1,False,False,0,"Impact=High (P2), Urgency=Imminent (ttf=0.0s, conf=1.00, gate=PASS) -> candidate=P1, revised=P1"
ep_00096_DISK_IO_SATURATION,DISK_IO_SATURATION,238.0,P1,0.3045,3062.5,disk_write_latency,High,Distant,False,P2,P2,False,False,0,"Impact=High (P1), Urgency=Distant (ttf=3062.5s, conf=0.30, gate=FAIL) -> candidate=P2, revised=P2"
ep_00097_BAD_DEPLOY,BAD_DEPLOY,238.0,P1,0.3023,0.0,error_rate,High,Distant,False,P2,P2,False,False,0,"Impact=High (P1), Urgency=Distant (ttf=0.0s, conf=0.30, gate=FAIL) -> candidate=P2, revised=P2"
ep_00098_CPU_SATURATION,CPU_SATURATION,238.0,P1,0.3132,,,High,Distant,False,P2,P2,False,False,0,"Impact=High (P1), Urgency=Distant (ttf=nans, conf=0.31, gate=FAIL) -> candidate=P2, revised=P2"
ep_00099_CPU_SATURATION,CPU_SATURATION,238.0,P1,0.3,52762.71,cpu_utilization,High,Distant,False,P2,P2,False,False,0,"Impact=High (P1), Urgency=Distant (ttf=52762.71s, conf=0.30, gate=FAIL) -> candidate=P2, revised=P2"
ep_00100_CPU_SATURATION,CPU_SATURATION,238.0,P1,0.301,,,High,Distant,False,P2,P2,False,False,0,"Impact=High (P1), Urgency=Distant (ttf=nans, conf=0.30, gate=FAIL) -> candidate=P2, revised=P2"
ep_00101_LATENCY_SPIKE,LATENCY_SPIKE,238.0,P3,0.3073,20522.99,p95_latency,Moderate,Distant,False,P3,P3,False,False,0,"Impact=Moderate (P3), Urgency=Distant (ttf=20522.99s, conf=0.31, gate=FAIL) -> candidate=P3, revised=P3"
ep_00103_CPU_SATURATION,CPU_SATURATION,238.0,P1,0.3133,,,High,Distant,False,P2,P2,False,False,0,"Impact=High (P1), Urgency=Distant (ttf=nans, conf=0.31, gate=FAIL) -> candidate=P2, revised=P2"
ep_00104_CPU_SATURATION,CPU_SATURATION,238.0,P1,0.3024,,,High,Distant,False,P2,P2,False,False,0,"Impact=High (P1), Urgency=Distant (ttf=nans, conf=0.30, gate=FAIL) -> candidate=P2, revised=P2"
ep_00105_DISK_IO_SATURATION,DISK_IO_SATURATION,238.0,P1,0.3195,6214.39,queue_lag,High,Distant,False,P2,P2,False,False,0,"Impact=High (P1), Urgency=Distant (ttf=6214.39s, conf=0.32, gate=FAIL) -> candidate=P2, revised=P2"
ep_00106_CASCADING_FAILURE,CASCADING_FAILURE,238.0,P1,0.4269,0.0,error_rate,High,Distant,False,P2,P2,False,False,0,"Impact=High (P1), Urgency=Distant (ttf=0.0s, conf=0.43, gate=FAIL) -> candidate=P2, revised=P2"
ep_00107_BAD_DEPLOY,BAD_DEPLOY,238.0,P1,0.3045,,,High,Distant,False,P2,P2,False,False,0,"Impact=High (P1), Urgency=Distant (ttf=nans, conf=0.30, gate=FAIL) -> candidate=P2, revised=P2"
ep_00109_BAD_DEPLOY,BAD_DEPLOY,238.0,P1,0.3,0.0,error_rate,High,Distant,False,P2,P2,False,False,0,"Impact=High (P1), Urgency=Distant (ttf=0.0s, conf=0.30, gate=FAIL) -> candidate=P2, revised=P2"
ep_00110_MEMORY_LEAK,MEMORY_LEAK,238.0,P2,1.0,5286.02,memory_utilization,High,Distant,True,P2,P2,False,False,0,"Impact=High (P2), Urgency=Distant (ttf=5286.02s, conf=1.00, gate=PASS) -> candidate=P2, revised=P2"
ep_00111_DB_SLOWDOWN,DB_SLOWDOWN,238.0,P2,1.0,0.0,db_connection_wait,High,Imminent,True,P1,P1,False,False,0,"Impact=High (P2), Urgency=Imminent (ttf=0.0s, conf=1.00, gate=PASS) -> candidate=P1, revised=P1"
ep_00112_DEPENDENCY_TIMEOUT,DEPENDENCY_TIMEOUT,238.0,P1,0.3021,,,High,Distant,False,P2,P2,False,False,0,"Impact=High (P1), Urgency=Distant (ttf=nans, conf=0.30, gate=FAIL) -> candidate=P2, revised=P2"
ep_00113_CACHE_STAMPEDE,CACHE_STAMPEDE,238.0,P1,0.307,0.0,cache_miss_rate,High,Distant,False,P2,P2,False,False,0,"Impact=High (P1), Urgency=Distant (ttf=0.0s, conf=0.31, gate=FAIL) -> candidate=P2, revised=P2"
ep_00115_ERROR_STORM,ERROR_STORM,238.0,P1,0.3042,0.0,error_rate,High,Distant,False,P2,P2,False,False,0,"Impact=High (P1), Urgency=Distant (ttf=0.0s, conf=0.30, gate=FAIL) -> candidate=P2, revised=P2"
ep_00116_QUEUE_BACKUP,QUEUE_BACKUP,238.0,P1,1.0,0.0,thread_pool_queue,High,Imminent,True,P1,P1,False,False,0,"Impact=High (P1), Urgency=Imminent (ttf=0.0s, conf=1.00, gate=PASS) -> candidate=P1, revised=P1"
ep_00117_CASCADING_FAILURE,CASCADING_FAILURE,238.0,P1,0.4447,0.0,p99_latency,High,Distant,False,P2,P2,False,False,0,"Impact=High (P1), Urgency=Distant (ttf=0.0s, conf=0.44, gate=FAIL) -> candidate=P2, revised=P2"
ep_00118_MEMORY_LEAK,MEMORY_LEAK,238.0,P2,1.0,3239.85,memory_utilization,High,Distant,True,P2,P2,False,False,0,"Impact=High (P2), Urgency=Distant (ttf=3239.85s, conf=1.00, gate=PASS) -> candidate=P2, revised=P2"
ep_00119_CACHE_STAMPEDE,CACHE_STAMPEDE,238.0,P1,0.3001,541.2,cache_miss_rate,High,Distant,False,P2,P2,False,False,0,"Impact=High (P1), Urgency=Distant (ttf=541.2s, conf=0.30, gate=FAIL) -> candidate=P2, revised=P2"
ep_00121_CACHE_STAMPEDE,CACHE_STAMPEDE,238.0,P1,0.3212,0.0,cache_miss_rate,High,Distant,False,P2,P2,False,False,0,"Impact=High (P1), Urgency=Distant (ttf=0.0s, conf=0.32, gate=FAIL) -> candidate=P2, revised=P2"
ep_00122_QUEUE_BACKUP,QUEUE_BACKUP,238.0,P1,1.0,0.0,thread_pool_queue,High,Imminent,True,P1,P1,False,False,0,"Impact=High (P1), Urgency=Imminent (ttf=0.0s, conf=1.00, gate=PASS) -> candidate=P1, revised=P1"
ep_00124_CACHE_STAMPEDE,CACHE_STAMPEDE,238.0,P1,0.3028,0.0,cache_miss_rate,High,Distant,False,P2,P2,False,False,0,"Impact=High (P1), Urgency=Distant (ttf=0.0s, conf=0.30, gate=FAIL) -> candidate=P2, revised=P2"
ep_00125_MEMORY_LEAK,MEMORY_LEAK,238.0,P2,1.0,6551.94,memory_utilization,High,Distant,True,P2,P2,False,False,0,"Impact=High (P2), Urgency=Distant (ttf=6551.94s, conf=1.00, gate=PASS) -> candidate=P2, revised=P2"
ep_00127_CACHE_STAMPEDE,CACHE_STAMPEDE,238.0,P1,0.3052,0.0,cache_miss_rate,High,Distant,False,P2,P2,False,False,0,"Impact=High (P1), Urgency=Distant (ttf=0.0s, conf=0.31, gate=FAIL) -> candidate=P2, revised=P2"
ep_00128_QUEUE_BACKUP,QUEUE_BACKUP,238.0,P1,1.0,0.0,thread_pool_queue,High,Imminent,True,P1,P1,False,False,0,"Impact=High (P1), Urgency=Imminent (ttf=0.0s, conf=1.00, gate=PASS) -> candidate=P1, revised=P1"
ep_00129_LATENCY_SPIKE,LATENCY_SPIKE,238.0,P3,0.3069,8077.12,p99_latency,Moderate,Distant,False,P3,P3,False,False,0,"Impact=Moderate (P3), Urgency=Distant (ttf=8077.12s, conf=0.31, gate=FAIL) -> candidate=P3, revised=P3"
ep_00130_DB_SLOWDOWN,DB_SLOWDOWN,238.0,P2,1.0,0.0,db_connection_wait,High,Imminent,True,P1,P1,False,False,0,"Impact=High (P2), Urgency=Imminent (ttf=0.0s, conf=1.00, gate=PASS) -> candidate=P1, revised=P1"
ep_00131_CPU_SATURATION,CPU_SATURATION,238.0,P1,0.3067,0.0,cpu_utilization,High,Distant,False,P2,P2,False,False,0,"Impact=High (P1), Urgency=Distant (ttf=0.0s, conf=0.31, gate=FAIL) -> candidate=P2, revised=P2"
ep_00132_MEMORY_LEAK,MEMORY_LEAK,238.0,P2,1.0,4076.61,memory_utilization,High,Distant,True,P2,P2,False,False,0,"Impact=High (P2), Urgency=Distant (ttf=4076.61s, conf=1.00, gate=PASS) -> candidate=P2, revised=P2"
ep_00133_DB_SLOWDOWN,DB_SLOWDOWN,238.0,P2,1.0,0.0,db_connection_wait,High,Imminent,True,P1,P1,False,False,0,"Impact=High (P2), Urgency=Imminent (ttf=0.0s, conf=1.00, gate=PASS) -> candidate=P1, revised=P1"
ep_00134_CASCADING_FAILURE,CASCADING_FAILURE,238.0,P1,0.4477,0.0,error_rate,High,Distant,False,P2,P2,False,False,0,"Impact=High (P1), Urgency=Distant (ttf=0.0s, conf=0.45, gate=FAIL) -> candidate=P2, revised=P2"
ep_00135_DISK_IO_SATURATION,DISK_IO_SATURATION,238.0,P1,0.3073,3904.14,queue_lag,High,Distant,False,P2,P2,False,False,0,"Impact=High (P1), Urgency=Distant (ttf=3904.14s, conf=0.31, gate=FAIL) -> candidate=P2, revised=P2"
ep_00136_RETRY_STORM,RETRY_STORM,238.0,P1,0.3022,0.0,rps,High,Distant,False,P2,P2,False,False,0,"Impact=High (P1), Urgency=Distant (ttf=0.0s, conf=0.30, gate=FAIL) -> candidate=P2, revised=P2"
ep_00137_DEPENDENCY_TIMEOUT,DEPENDENCY_TIMEOUT,238.0,P1,0.3092,0.0,upstream_timeout_rate,High,Distant,False,P2,P2,False,False,0,"Impact=High (P1), Urgency=Distant (ttf=0.0s, conf=0.31, gate=FAIL) -> candidate=P2, revised=P2"
ep_00138_QUEUE_BACKUP,QUEUE_BACKUP,238.0,P1,1.0,0.0,thread_pool_queue,High,Imminent,True,P1,P1,False,False,0,"Impact=High (P1), Urgency=Imminent (ttf=0.0s, conf=1.00, gate=PASS) -> candidate=P1, revised=P1"
ep_00139_RETRY_STORM,RETRY_STORM,238.0,P1,0.3013,,,High,Distant,False,P2,P2,False,False,0,"Impact=High (P1), Urgency=Distant (ttf=nans, conf=0.30, gate=FAIL) -> candidate=P2, revised=P2"
ep_00140_LATENCY_SPIKE,LATENCY_SPIKE,238.0,P3,0.3262,,,Moderate,Distant,False,P3,P3,False,False,0,"Impact=Moderate (P3), Urgency=Distant (ttf=nans, conf=0.33, gate=FAIL) -> candidate=P3, revised=P3"
ep_00141_CACHE_STAMPEDE,CACHE_STAMPEDE,238.0,P1,0.3028,0.0,cache_miss_rate,High,Distant,False,P2,P2,False,False,0,"Impact=High (P1), Urgency=Distant (ttf=0.0s, conf=0.30, gate=FAIL) -> candidate=P2, revised=P2"
ep_00142_CACHE_STAMPEDE,CACHE_STAMPEDE,238.0,P1,0.3013,,,High,Distant,False,P2,P2,False,False,0,"Impact=High (P1), Urgency=Distant (ttf=nans, conf=0.30, gate=FAIL) -> candidate=P2, revised=P2"
ep_00143_ERROR_STORM,ERROR_STORM,238.0,P1,0.3012,,,High,Distant,False,P2,P2,False,False,0,"Impact=High (P1), Urgency=Distant (ttf=nans, conf=0.30, gate=FAIL) -> candidate=P2, revised=P2"
ep_00144_ERROR_STORM,ERROR_STORM,238.0,P1,0.3043,,,High,Distant,False,P2,P2,False,False,0,"Impact=High (P1), Urgency=Distant (ttf=nans, conf=0.30, gate=FAIL) -> candidate=P2, revised=P2"
ep_00145_DEPENDENCY_TIMEOUT,DEPENDENCY_TIMEOUT,238.0,P1,0.3106,,,High,Distant,False,P2,P2,False,False,0,"Impact=High (P1), Urgency=Distant (ttf=nans, conf=0.31, gate=FAIL) -> candidate=P2, revised=P2"
ep_00146_CACHE_STAMPEDE,CACHE_STAMPEDE,238.0,P1,0.3,0.0,cache_miss_rate,High,Distant,False,P2,P2,False,False,0,"Impact=High (P1), Urgency=Distant (ttf=0.0s, conf=0.30, gate=FAIL) -> candidate=P2, revised=P2"
ep_00147_ERROR_STORM,ERROR_STORM,238.0,P1,0.3071,0.0,error_rate,High,Distant,False,P2,P2,False,False,0,"Impact=High (P1), Urgency=Distant (ttf=0.0s, conf=0.31, gate=FAIL) -> candidate=P2, revised=P2"
ep_00148_CACHE_STAMPEDE,CACHE_STAMPEDE,238.0,P1,0.3018,0.0,cache_miss_rate,High,Distant,False,P2,P2,False,False,0,"Impact=High (P1), Urgency=Distant (ttf=0.0s, conf=0.30, gate=FAIL) -> candidate=P2, revised=P2"
ep_00149_LATENCY_SPIKE,LATENCY_SPIKE,238.0,P3,0.3001,,,Moderate,Distant,False,P3,P3,False,False,0,"Impact=Moderate (P3), Urgency=Distant (ttf=nans, conf=0.30, gate=FAIL) -> candidate=P3, revised=P3"
ep_00150_BAD_DEPLOY,BAD_DEPLOY,238.0,P1,0.3064,,,High,Distant,False,P2,P2,False,False,0,"Impact=High (P1), Urgency=Distant (ttf=nans, conf=0.31, gate=FAIL) -> candidate=P2, revised=P2"
ep_00151_RETRY_STORM,RETRY_STORM,238.0,P1,0.3002,0.0,rps,High,Distant,False,P2,P2,False,False,0,"Impact=High (P1), Urgency=Distant (ttf=0.0s, conf=0.30, gate=FAIL) -> candidate=P2, revised=P2"
ep_00152_BAD_DEPLOY,BAD_DEPLOY,238.0,P1,0.3018,0.0,error_rate,High,Distant,False,P2,P2,False,False,0,"Impact=High (P1), Urgency=Distant (ttf=0.0s, conf=0.30, gate=FAIL) -> candidate=P2, revised=P2"
ep_00153_DISK_IO_SATURATION,DISK_IO_SATURATION,238.0,P1,0.3064,2933.82,queue_lag,High,Distant,False,P2,P2,False,False,0,"Impact=High (P1), Urgency=Distant (ttf=2933.82s, conf=0.31, gate=FAIL) -> candidate=P2, revised=P2"
ep_00154_QUEUE_BACKUP,QUEUE_BACKUP,238.0,P1,1.0,0.0,thread_pool_queue,High,Imminent,True,P1,P1,False,False,0,"Impact=High (P1), Urgency=Imminent (ttf=0.0s, conf=1.00, gate=PASS) -> candidate=P1, revised=P1"
ep_00155_RETRY_STORM,RETRY_STORM,238.0,P1,0.3092,0.0,rps,High,Distant,False,P2,P2,False,False,0,"Impact=High (P1), Urgency=Distant (ttf=0.0s, conf=0.31, gate=FAIL) -> candidate=P2, revised=P2"
ep_00156_CPU_SATURATION,CPU_SATURATION,238.0,P1,0.3,,,High,Distant,False,P2,P2,False,False,0,"Impact=High (P1), Urgency=Distant (ttf=nans, conf=0.30, gate=FAIL) -> candidate=P2, revised=P2"
ep_00159_QUEUE_BACKUP,QUEUE_BACKUP,238.0,P1,1.0,0.0,thread_pool_queue,High,Imminent,True,P1,P1,False,False,0,"Impact=High (P1), Urgency=Imminent (ttf=0.0s, conf=1.00, gate=PASS) -> candidate=P1, revised=P1"
ep_00160_RETRY_STORM,RETRY_STORM,238.0,P1,0.3003,0.0,rps,High,Distant,False,P2,P2,False,False,0,"Impact=High (P1), Urgency=Distant (ttf=0.0s, conf=0.30, gate=FAIL) -> candidate=P2, revised=P2"
ep_00161_DB_SLOWDOWN,DB_SLOWDOWN,238.0,P2,1.0,0.0,db_connection_wait,High,Imminent,True,P1,P1,False,False,0,"Impact=High (P2), Urgency=Imminent (ttf=0.0s, conf=1.00, gate=PASS) -> candidate=P1, revised=P1"
ep_00164_CPU_SATURATION,CPU_SATURATION,238.0,P1,0.3051,,,High,Distant,False,P2,P2,False,False,0,"Impact=High (P1), Urgency=Distant (ttf=nans, conf=0.31, gate=FAIL) -> candidate=P2, revised=P2"
ep_00165_LATENCY_SPIKE,LATENCY_SPIKE,238.0,P3,0.3002,,,Moderate,Distant,False,P3,P3,False,False,0,"Impact=Moderate (P3), Urgency=Distant (ttf=nans, conf=0.30, gate=FAIL) -> candidate=P3, revised=P3"
ep_00166_DEPENDENCY_TIMEOUT,DEPENDENCY_TIMEOUT,238.0,P1,0.3253,0.0,upstream_timeout_rate,High,Distant,False,P2,P2,False,False,0,"Impact=High (P1), Urgency=Distant (ttf=0.0s, conf=0.33, gate=FAIL) -> candidate=P2, revised=P2"
ep_00168_BAD_DEPLOY,BAD_DEPLOY,238.0,P1,0.364,0.0,error_rate,High,Distant,False,P2,P2,False,False,0,"Impact=High (P1), Urgency=Distant (ttf=0.0s, conf=0.36, gate=FAIL) -> candidate=P2, revised=P2"
ep_00169_LATENCY_SPIKE,LATENCY_SPIKE,238.0,P3,0.3162,,,Moderate,Distant,False,P3,P3,False,False,0,"Impact=Moderate (P3), Urgency=Distant (ttf=nans, conf=0.32, gate=FAIL) -> candidate=P3, revised=P3"
ep_00170_CPU_SATURATION,CPU_SATURATION,238.0,P1,0.3014,,,High,Distant,False,P2,P2,False,False,0,"Impact=High (P1), Urgency=Distant (ttf=nans, conf=0.30, gate=FAIL) -> candidate=P2, revised=P2"
ep_00171_DEPENDENCY_TIMEOUT,DEPENDENCY_TIMEOUT,238.0,P1,0.3011,0.0,upstream_timeout_rate,High,Distant,False,P2,P2,False,False,0,"Impact=High (P1), Urgency=Distant (ttf=0.0s, conf=0.30, gate=FAIL) -> candidate=P2, revised=P2"
ep_00172_MEMORY_LEAK,MEMORY_LEAK,238.0,P2,1.0,5648.08,memory_utilization,High,Distant,True,P2,P2,False,False,0,"Impact=High (P2), Urgency=Distant (ttf=5648.08s, conf=1.00, gate=PASS) -> candidate=P2, revised=P2"
ep_00173_CACHE_STAMPEDE,CACHE_STAMPEDE,238.0,P1,0.3215,0.0,cache_miss_rate,High,Distant,False,P2,P2,False,False,0,"Impact=High (P1), Urgency=Distant (ttf=0.0s, conf=0.32, gate=FAIL) -> candidate=P2, revised=P2"
ep_00174_RETRY_STORM,RETRY_STORM,238.0,P1,0.3569,0.0,rps,High,Distant,False,P2,P2,False,False,0,"Impact=High (P1), Urgency=Distant (ttf=0.0s, conf=0.36, gate=FAIL) -> candidate=P2, revised=P2"
ep_00175_QUEUE_BACKUP,QUEUE_BACKUP,238.0,P1,1.0,0.0,thread_pool_queue,High,Imminent,True,P1,P1,False,False,0,"Impact=High (P1), Urgency=Imminent (ttf=0.0s, conf=1.00, gate=PASS) -> candidate=P1, revised=P1"
ep_00176_DEPENDENCY_TIMEOUT,DEPENDENCY_TIMEOUT,238.0,P1,0.3,0.0,upstream_timeout_rate,High,Distant,False,P2,P2,False,False,0,"Impact=High (P1), Urgency=Distant (ttf=0.0s, conf=0.30, gate=FAIL) -> candidate=P2, revised=P2"
ep_00177_ERROR_STORM,ERROR_STORM,238.0,P1,0.3118,,,High,Distant,False,P2,P2,False,False,0,"Impact=High (P1), Urgency=Distant (ttf=nans, conf=0.31, gate=FAIL) -> candidate=P2, revised=P2"
ep_00180_DB_SLOWDOWN,DB_SLOWDOWN,238.0,P2,1.0,0.0,db_connection_wait,High,Imminent,True,P1,P1,False,False,0,"Impact=High (P2), Urgency=Imminent (ttf=0.0s, conf=1.00, gate=PASS) -> candidate=P1, revised=P1"
ep_00181_LATENCY_SPIKE,LATENCY_SPIKE,238.0,P3,0.3006,,,Moderate,Distant,False,P3,P3,False,False,0,"Impact=Moderate (P3), Urgency=Distant (ttf=nans, conf=0.30, gate=FAIL) -> candidate=P3, revised=P3"
ep_00182_LATENCY_SPIKE,LATENCY_SPIKE,238.0,P3,0.3007,40617.75,p95_latency,Moderate,Distant,False,P3,P3,False,False,0,"Impact=Moderate (P3), Urgency=Distant (ttf=40617.75s, conf=0.30, gate=FAIL) -> candidate=P3, revised=P3"
ep_00183_DEPENDENCY_TIMEOUT,DEPENDENCY_TIMEOUT,238.0,P1,0.305,908.37,upstream_timeout_rate,High,Distant,False,P2,P2,False,False,0,"Impact=High (P1), Urgency=Distant (ttf=908.37s, conf=0.30, gate=FAIL) -> candidate=P2, revised=P2"
ep_00184_CPU_SATURATION,CPU_SATURATION,238.0,P1,0.3013,1339.37,cpu_utilization,High,Distant,False,P2,P2,False,False,0,"Impact=High (P1), Urgency=Distant (ttf=1339.37s, conf=0.30, gate=FAIL) -> candidate=P2, revised=P2"
ep_00185_BAD_DEPLOY,BAD_DEPLOY,238.0,P1,0.3099,0.0,error_rate,High,Distant,False,P2,P2,False,False,0,"Impact=High (P1), Urgency=Distant (ttf=0.0s, conf=0.31, gate=FAIL) -> candidate=P2, revised=P2"
ep_00186_BAD_DEPLOY,BAD_DEPLOY,238.0,P1,0.3108,0.0,error_rate,High,Distant,False,P2,P2,False,False,0,"Impact=High (P1), Urgency=Distant (ttf=0.0s, conf=0.31, gate=FAIL) -> candidate=P2, revised=P2"
ep_00187_DISK_IO_SATURATION,DISK_IO_SATURATION,238.0,P1,0.3303,8049.04,disk_write_latency,High,Distant,False,P2,P2,False,False,0,"Impact=High (P1), Urgency=Distant (ttf=8049.04s, conf=0.33, gate=FAIL) -> candidate=P2, revised=P2"
ep_00188_LATENCY_SPIKE,LATENCY_SPIKE,238.0,P3,0.3024,,,Moderate,Distant,False,P3,P3,False,False,0,"Impact=Moderate (P3), Urgency=Distant (ttf=nans, conf=0.30, gate=FAIL) -> candidate=P3, revised=P3"
ep_00189_ERROR_STORM,ERROR_STORM,238.0,P1,0.3008,0.0,error_rate,High,Distant,False,P2,P2,False,False,0,"Impact=High (P1), Urgency=Distant (ttf=0.0s, conf=0.30, gate=FAIL) -> candidate=P2, revised=P2"
ep_00190_CASCADING_FAILURE,CASCADING_FAILURE,238.0,P1,0.4614,0.0,p99_latency,High,Distant,False,P2,P2,False,False,0,"Impact=High (P1), Urgency=Distant (ttf=0.0s, conf=0.46, gate=FAIL) -> candidate=P2, revised=P2"
ep_00191_CASCADING_FAILURE,CASCADING_FAILURE,238.0,P1,0.4542,0.0,p99_latency,High,Distant,False,P2,P2,False,False,0,"Impact=High (P1), Urgency=Distant (ttf=0.0s, conf=0.45, gate=FAIL) -> candidate=P2, revised=P2"
ep_00193_CACHE_STAMPEDE,CACHE_STAMPEDE,238.0,P1,0.3386,,,High,Distant,False,P2,P2,False,False,0,"Impact=High (P1), Urgency=Distant (ttf=nans, conf=0.34, gate=FAIL) -> candidate=P2, revised=P2"
ep_00194_CACHE_STAMPEDE,CACHE_STAMPEDE,238.0,P1,0.3001,,,High,Distant,False,P2,P2,False,False,0,"Impact=High (P1), Urgency=Distant (ttf=nans, conf=0.30, gate=FAIL) -> candidate=P2, revised=P2"
ep_00195_BAD_DEPLOY,BAD_DEPLOY,238.0,P1,0.3104,0.0,error_rate,High,Distant,False,P2,P2,False,False,0,"Impact=High (P1), Urgency=Distant (ttf=0.0s, conf=0.31, gate=FAIL) -> candidate=P2, revised=P2"
ep_00196_CASCADING_FAILURE,CASCADING_FAILURE,238.0,P1,0.4236,2.16,error_rate,High,Distant,False,P2,P2,False,False,0,"Impact=High (P1), Urgency=Distant (ttf=2.16s, conf=0.42, gate=FAIL) -> candidate=P2, revised=P2"
ep_00197_DISK_IO_SATURATION,DISK_IO_SATURATION,238.0,P1,0.3132,18133.12,disk_read_latency,High,Distant,False,P2,P2,False,False,0,"Impact=High (P1), Urgency=Distant (ttf=18133.12s, conf=0.31, gate=FAIL) -> candidate=P2, revised=P2"
ep_00198_MEMORY_LEAK,MEMORY_LEAK,238.0,P2,1.0,6085.0,memory_utilization,High,Distant,True,P2,P2,False,False,0,"Impact=High (P2), Urgency=Distant (ttf=6085.0s, conf=1.00, gate=PASS) -> candidate=P2, revised=P2"
ep_00199_DISK_IO_SATURATION,DISK_IO_SATURATION,238.0,P1,0.3056,19021.74,queue_lag,High,Distant,False,P2,P2,False,False,0,"Impact=High (P1), Urgency=Distant (ttf=19021.74s, conf=0.31, gate=FAIL) -> candidate=P2, revised=P2"
ep_00200_CACHE_STAMPEDE,CACHE_STAMPEDE,238.0,P1,0.3009,0.0,cache_miss_rate,High,Distant,False,P2,P2,False,False,0,"Impact=High (P1), Urgency=Distant (ttf=0.0s, conf=0.30, gate=FAIL) -> candidate=P2, revised=P2"
ep_00201_CPU_SATURATION,CPU_SATURATION,238.0,P1,0.3001,6732.0,cpu_saturation,High,Distant,False,P2,P2,False,False,0,"Impact=High (P1), Urgency=Distant (ttf=6732.0s, conf=0.30, gate=FAIL) -> candidate=P2, revised=P2"
ep_00202_LATENCY_SPIKE,LATENCY_SPIKE,238.0,P3,0.3027,8214.19,p95_latency,Moderate,Distant,False,P3,P3,False,False,0,"Impact=Moderate (P3), Urgency=Distant (ttf=8214.19s, conf=0.30, gate=FAIL) -> candidate=P3, revised=P3"
ep_00203_DEPENDENCY_TIMEOUT,DEPENDENCY_TIMEOUT,238.0,P1,0.3374,,,High,Distant,False,P2,P2,False,False,0,"Impact=High (P1), Urgency=Distant (ttf=nans, conf=0.34, gate=FAIL) -> candidate=P2, revised=P2"
ep_00204_BAD_DEPLOY,BAD_DEPLOY,238.0,P1,0.302,0.0,error_rate,High,Distant,False,P2,P2,False,False,0,"Impact=High (P1), Urgency=Distant (ttf=0.0s, conf=0.30, gate=FAIL) -> candidate=P2, revised=P2"
ep_00207_CASCADING_FAILURE,CASCADING_FAILURE,238.0,P1,0.416,0.0,p99_latency,High,Distant,False,P2,P2,False,False,0,"Impact=High (P1), Urgency=Distant (ttf=0.0s, conf=0.42, gate=FAIL) -> candidate=P2, revised=P2"
ep_00208_LATENCY_SPIKE,LATENCY_SPIKE,238.0,P3,0.3164,,,Moderate,Distant,False,P3,P3,False,False,0,"Impact=Moderate (P3), Urgency=Distant (ttf=nans, conf=0.32, gate=FAIL) -> candidate=P3, revised=P3"
ep_00209_MEMORY_LEAK,MEMORY_LEAK,238.0,P2,1.0,6425.54,memory_utilization,High,Distant,True,P2,P2,False,False,0,"Impact=High (P2), Urgency=Distant (ttf=6425.54s, conf=1.00, gate=PASS) -> candidate=P2, revised=P2"
ep_00210_MEMORY_LEAK,MEMORY_LEAK,238.0,P2,1.0,4262.16,memory_utilization,High,Distant,True,P2,P2,False,False,0,"Impact=High (P2), Urgency=Distant (ttf=4262.16s, conf=1.00, gate=PASS) -> candidate=P2, revised=P2"
ep_00211_CASCADING_FAILURE,CASCADING_FAILURE,238.0,P1,0.4654,0.0,p99_latency,High,Distant,False,P2,P2,False,False,0,"Impact=High (P1), Urgency=Distant (ttf=0.0s, conf=0.47, gate=FAIL) -> candidate=P2, revised=P2"
ep_00212_QUEUE_BACKUP,QUEUE_BACKUP,238.0,P1,1.0,0.0,thread_pool_queue,High,Imminent,True,P1,P1,False,False,0,"Impact=High (P1), Urgency=Imminent (ttf=0.0s, conf=1.00, gate=PASS) -> candidate=P1, revised=P1"
ep_00213_CASCADING_FAILURE,CASCADING_FAILURE,238.0,P1,0.4136,0.0,p99_latency,High,Distant,False,P2,P2,False,False,0,"Impact=High (P1), Urgency=Distant (ttf=0.0s, conf=0.41, gate=FAIL) -> candidate=P2, revised=P2"
ep_00214_BAD_DEPLOY,BAD_DEPLOY,238.0,P1,0.305,0.0,error_rate,High,Distant,False,P2,P2,False,False,0,"Impact=High (P1), Urgency=Distant (ttf=0.0s, conf=0.30, gate=FAIL) -> candidate=P2, revised=P2"
ep_00215_CASCADING_FAILURE,CASCADING_FAILURE,238.0,P1,0.3568,0.0,error_rate,High,Distant,False,P2,P2,False,False,0,"Impact=High (P1), Urgency=Distant (ttf=0.0s, conf=0.36, gate=FAIL) -> candidate=P2, revised=P2"
ep_00216_DISK_IO_SATURATION,DISK_IO_SATURATION,238.0,P1,0.3023,9263.16,queue_lag,High,Distant,False,P2,P2,False,False,0,"Impact=High (P1), Urgency=Distant (ttf=9263.16s, conf=0.30, gate=FAIL) -> candidate=P2, revised=P2"
ep_00217_QUEUE_BACKUP,QUEUE_BACKUP,238.0,P1,1.0,0.0,thread_pool_queue,High,Imminent,True,P1,P1,False,False,0,"Impact=High (P1), Urgency=Imminent (ttf=0.0s, conf=1.00, gate=PASS) -> candidate=P1, revised=P1"
ep_00218_CPU_SATURATION,CPU_SATURATION,238.0,P1,0.3035,0.0,cpu_utilization,High,Distant,False,P2,P2,False,False,0,"Impact=High (P1), Urgency=Distant (ttf=0.0s, conf=0.30, gate=FAIL) -> candidate=P2, revised=P2"
ep_00219_CACHE_STAMPEDE,CACHE_STAMPEDE,238.0,P1,0.3007,0.0,cache_miss_rate,High,Distant,False,P2,P2,False,False,0,"Impact=High (P1), Urgency=Distant (ttf=0.0s, conf=0.30, gate=FAIL) -> candidate=P2, revised=P2"
ep_00220_DEPENDENCY_TIMEOUT,DEPENDENCY_TIMEOUT,238.0,P1,0.3393,0.0,upstream_timeout_rate,High,Distant,False,P2,P2,False,False,0,"Impact=High (P1), Urgency=Distant (ttf=0.0s, conf=0.34, gate=FAIL) -> candidate=P2, revised=P2"
ep_00221_CPU_SATURATION,CPU_SATURATION,238.0,P1,0.3,,,High,Distant,False,P2,P2,False,False,0,"Impact=High (P1), Urgency=Distant (ttf=nans, conf=0.30, gate=FAIL) -> candidate=P2, revised=P2"
ep_00222_DEPENDENCY_TIMEOUT,DEPENDENCY_TIMEOUT,238.0,P1,0.3241,,,High,Distant,False,P2,P2,False,False,0,"Impact=High (P1), Urgency=Distant (ttf=nans, conf=0.32, gate=FAIL) -> candidate=P2, revised=P2"
ep_00223_CASCADING_FAILURE,CASCADING_FAILURE,238.0,P1,0.5517,0.0,p99_latency,High,Distant,False,P2,P2,False,False,0,"Impact=High (P1), Urgency=Distant (ttf=0.0s, conf=0.55, gate=FAIL) -> candidate=P2, revised=P2"
ep_00224_QUEUE_BACKUP,QUEUE_BACKUP,238.0,P1,1.0,0.0,thread_pool_queue,High,Imminent,True,P1,P1,False,False,0,"Impact=High (P1), Urgency=Imminent (ttf=0.0s, conf=1.00, gate=PASS) -> candidate=P1, revised=P1"
ep_00225_DISK_IO_SATURATION,DISK_IO_SATURATION,238.0,P1,0.3007,1968161.43,disk_read_latency,High,Distant,False,P2,P2,False,False,0,"Impact=High (P1), Urgency=Distant (ttf=1968161.43s, conf=0.30, gate=FAIL) -> candidate=P2, revised=P2"
ep_00226_CASCADING_FAILURE,CASCADING_FAILURE,238.0,P1,0.4945,0.0,p99_latency,High,Distant,False,P2,P2,False,False,0,"Impact=High (P1), Urgency=Distant (ttf=0.0s, conf=0.49, gate=FAIL) -> candidate=P2, revised=P2"
ep_00227_QUEUE_BACKUP,QUEUE_BACKUP,238.0,P1,1.0,0.0,thread_pool_queue,High,Imminent,True,P1,P1,False,False,0,"Impact=High (P1), Urgency=Imminent (ttf=0.0s, conf=1.00, gate=PASS) -> candidate=P1, revised=P1"
ep_00228_QUEUE_BACKUP,QUEUE_BACKUP,238.0,P1,1.0,0.0,thread_pool_queue,High,Imminent,True,P1,P1,False,False,0,"Impact=High (P1), Urgency=Imminent (ttf=0.0s, conf=1.00, gate=PASS) -> candidate=P1, revised=P1"
ep_00229_BAD_DEPLOY,BAD_DEPLOY,238.0,P1,0.3057,0.0,error_rate,High,Distant,False,P2,P2,False,False,0,"Impact=High (P1), Urgency=Distant (ttf=0.0s, conf=0.31, gate=FAIL) -> candidate=P2, revised=P2"
ep_00230_CPU_SATURATION,CPU_SATURATION,238.0,P1,0.3,,,High,Distant,False,P2,P2,False,False,0,"Impact=High (P1), Urgency=Distant (ttf=nans, conf=0.30, gate=FAIL) -> candidate=P2, revised=P2"
ep_00231_BAD_DEPLOY,BAD_DEPLOY,238.0,P1,0.3353,0.0,error_rate,High,Distant,False,P2,P2,False,False,0,"Impact=High (P1), Urgency=Distant (ttf=0.0s, conf=0.34, gate=FAIL) -> candidate=P2, revised=P2"
ep_00232_CPU_SATURATION,CPU_SATURATION,238.0,P1,0.3408,102.67,cpu_saturation,High,Distant,False,P2,P2,False,False,0,"Impact=High (P1), Urgency=Distant (ttf=102.67s, conf=0.34, gate=FAIL) -> candidate=P2, revised=P2"
ep_00234_QUEUE_BACKUP,QUEUE_BACKUP,238.0,P1,1.0,0.0,thread_pool_queue,High,Imminent,True,P1,P1,False,False,0,"Impact=High (P1), Urgency=Imminent (ttf=0.0s, conf=1.00, gate=PASS) -> candidate=P1, revised=P1"
ep_00235_ERROR_STORM,ERROR_STORM,238.0,P1,0.301,,,High,Distant,False,P2,P2,False,False,0,"Impact=High (P1), Urgency=Distant (ttf=nans, conf=0.30, gate=FAIL) -> candidate=P2, revised=P2"
ep_00236_CACHE_STAMPEDE,CACHE_STAMPEDE,238.0,P1,0.3051,71601.19,db_p99,High,Distant,False,P2,P2,False,False,0,"Impact=High (P1), Urgency=Distant (ttf=71601.19s, conf=0.31, gate=FAIL) -> candidate=P2, revised=P2"
ep_00238_ERROR_STORM,ERROR_STORM,238.0,P1,0.3001,0.0,error_rate,High,Distant,False,P2,P2,False,False,0,"Impact=High (P1), Urgency=Distant (ttf=0.0s, conf=0.30, gate=FAIL) -> candidate=P2, revised=P2"
ep_00239_DEPENDENCY_TIMEOUT,DEPENDENCY_TIMEOUT,238.0,P1,0.3001,,,High,Distant,False,P2,P2,False,False,0,"Impact=High (P1), Urgency=Distant (ttf=nans, conf=0.30, gate=FAIL) -> candidate=P2, revised=P2"
ep_00240_CACHE_STAMPEDE,CACHE_STAMPEDE,238.0,P1,0.321,0.0,cache_miss_rate,High,Distant,False,P2,P2,False,False,0,"Impact=High (P1), Urgency=Distant (ttf=0.0s, conf=0.32, gate=FAIL) -> candidate=P2, revised=P2"
ep_00241_ERROR_STORM,ERROR_STORM,238.0,P1,0.3005,7150.0,error_rate,High,Distant,False,P2,P2,False,False,0,"Impact=High (P1), Urgency=Distant (ttf=7150.0s, conf=0.30, gate=FAIL) -> candidate=P2, revised=P2"
ep_00243_LATENCY_SPIKE,LATENCY_SPIKE,238.0,P2,0.3011,8428.69,p95_latency,High,Distant,False,P2,P2,False,False,0,"Impact=High (P2), Urgency=Distant (ttf=8428.69s, conf=0.30, gate=FAIL) -> candidate=P2, revised=P2"
ep_00244_DB_SLOWDOWN,DB_SLOWDOWN,238.0,P2,1.0,0.0,db_connection_wait,High,Imminent,True,P1,P1,False,False,0,"Impact=High (P2), Urgency=Imminent (ttf=0.0s, conf=1.00, gate=PASS) -> candidate=P1, revised=P1"
ep_00245_MEMORY_LEAK,MEMORY_LEAK,238.0,P2,1.0,4078.0,memory_utilization,High,Distant,True,P2,P2,False,False,0,"Impact=High (P2), Urgency=Distant (ttf=4078.0s, conf=1.00, gate=PASS) -> candidate=P2, revised=P2"
ep_00246_DB_SLOWDOWN,DB_SLOWDOWN,238.0,P2,1.0,0.0,db_connection_wait,High,Imminent,True,P1,P1,False,False,0,"Impact=High (P2), Urgency=Imminent (ttf=0.0s, conf=1.00, gate=PASS) -> candidate=P1, revised=P1"
ep_00247_CACHE_STAMPEDE,CACHE_STAMPEDE,238.0,P1,0.3006,0.0,cache_miss_rate,High,Distant,False,P2,P2,False,False,0,"Impact=High (P1), Urgency=Distant (ttf=0.0s, conf=0.30, gate=FAIL) -> candidate=P2, revised=P2"
ep_00248_DISK_IO_SATURATION,DISK_IO_SATURATION,238.0,P1,0.3001,11523.24,disk_write_latency,High,Distant,False,P2,P2,False,False,0,"Impact=High (P1), Urgency=Distant (ttf=11523.24s, conf=0.30, gate=FAIL) -> candidate=P2, revised=P2"
ep_00249_BAD_DEPLOY,BAD_DEPLOY,238.0,P1,0.3048,0.0,error_rate,High,Distant,False,P2,P2,False,False,0,"Impact=High (P1), Urgency=Distant (ttf=0.0s, conf=0.30, gate=FAIL) -> candidate=P2, revised=P2"
ep_00250_RETRY_STORM,RETRY_STORM,238.0,P1,0.3009,0.0,rps,High,Distant,False,P2,P2,False,False,0,"Impact=High (P1), Urgency=Distant (ttf=0.0s, conf=0.30, gate=FAIL) -> candidate=P2, revised=P2"
ep_00251_RETRY_STORM,RETRY_STORM,238.0,P1,0.3001,0.0,rps,High,Distant,False,P2,P2,False,False,0,"Impact=High (P1), Urgency=Distant (ttf=0.0s, conf=0.30, gate=FAIL) -> candidate=P2, revised=P2"
ep_00253_BAD_DEPLOY,BAD_DEPLOY,238.0,P1,0.307,0.0,error_rate,High,Distant,False,P2,P2,False,False,0,"Impact=High (P1), Urgency=Distant (ttf=0.0s, conf=0.31, gate=FAIL) -> candidate=P2, revised=P2"
ep_00254_RETRY_STORM,RETRY_STORM,238.0,P1,0.3008,0.0,rps,High,Distant,False,P2,P2,False,False,0,"Impact=High (P1), Urgency=Distant (ttf=0.0s, conf=0.30, gate=FAIL) -> candidate=P2, revised=P2"
ep_00255_DEPENDENCY_TIMEOUT,DEPENDENCY_TIMEOUT,238.0,P1,0.3001,0.0,upstream_timeout_rate,High,Distant,False,P2,P2,False,False,0,"Impact=High (P1), Urgency=Distant (ttf=0.0s, conf=0.30, gate=FAIL) -> candidate=P2, revised=P2"
ep_00256_CACHE_STAMPEDE,CACHE_STAMPEDE,238.0,P1,0.3059,26479.21,db_p99,High,Distant,False,P2,P2,False,False,0,"Impact=High (P1), Urgency=Distant (ttf=26479.21s, conf=0.31, gate=FAIL) -> candidate=P2, revised=P2"
ep_00257_QUEUE_BACKUP,QUEUE_BACKUP,238.0,P1,1.0,0.0,thread_pool_queue,High,Imminent,True,P1,P1,False,False,0,"Impact=High (P1), Urgency=Imminent (ttf=0.0s, conf=1.00, gate=PASS) -> candidate=P1, revised=P1"
ep_00258_QUEUE_BACKUP,QUEUE_BACKUP,238.0,P1,1.0,0.0,thread_pool_queue,High,Imminent,True,P1,P1,False,False,0,"Impact=High (P1), Urgency=Imminent (ttf=0.0s, conf=1.00, gate=PASS) -> candidate=P1, revised=P1"
ep_00259_CASCADING_FAILURE,CASCADING_FAILURE,238.0,P1,0.4484,0.0,error_rate,High,Distant,False,P2,P2,False,False,0,"Impact=High (P1), Urgency=Distant (ttf=0.0s, conf=0.45, gate=FAIL) -> candidate=P2, revised=P2"
ep_00260_CASCADING_FAILURE,CASCADING_FAILURE,238.0,P1,0.4572,0.0,p99_latency,High,Distant,False,P2,P2,False,False,0,"Impact=High (P1), Urgency=Distant (ttf=0.0s, conf=0.46, gate=FAIL) -> candidate=P2, revised=P2"
ep_00261_ERROR_STORM,ERROR_STORM,238.0,P1,0.3043,1230.29,error_rate,High,Distant,False,P2,P2,False,False,0,"Impact=High (P1), Urgency=Distant (ttf=1230.29s, conf=0.30, gate=FAIL) -> candidate=P2, revised=P2"
ep_00262_RETRY_STORM,RETRY_STORM,238.0,P1,0.3001,0.0,rps,High,Distant,False,P2,P2,False,False,0,"Impact=High (P1), Urgency=Distant (ttf=0.0s, conf=0.30, gate=FAIL) -> candidate=P2, revised=P2"
ep_00263_CASCADING_FAILURE,CASCADING_FAILURE,238.0,P1,0.4715,0.0,p99_latency,High,Distant,False,P2,P2,False,False,0,"Impact=High (P1), Urgency=Distant (ttf=0.0s, conf=0.47, gate=FAIL) -> candidate=P2, revised=P2"
ep_00264_BAD_DEPLOY,BAD_DEPLOY,238.0,P1,0.3009,0.0,error_rate,High,Distant,False,P2,P2,False,False,0,"Impact=High (P1), Urgency=Distant (ttf=0.0s, conf=0.30, gate=FAIL) -> candidate=P2, revised=P2"
ep_00265_CACHE_STAMPEDE,CACHE_STAMPEDE,238.0,P1,0.3294,0.0,cache_miss_rate,High,Distant,False,P2,P2,False,False,0,"Impact=High (P1), Urgency=Distant (ttf=0.0s, conf=0.33, gate=FAIL) -> candidate=P2, revised=P2"
ep_00266_ERROR_STORM,ERROR_STORM,238.0,P1,0.3087,1780.45,error_rate,High,Distant,False,P2,P2,False,False,0,"Impact=High (P1), Urgency=Distant (ttf=1780.45s, conf=0.31, gate=FAIL) -> candidate=P2, revised=P2"
ep_00267_ERROR_STORM,ERROR_STORM,238.0,P1,0.3004,,,High,Distant,False,P2,P2,False,False,0,"Impact=High (P1), Urgency=Distant (ttf=nans, conf=0.30, gate=FAIL) -> candidate=P2, revised=P2"
ep_00270_CPU_SATURATION,CPU_SATURATION,238.0,P1,0.3258,0.0,cpu_utilization,High,Distant,False,P2,P2,False,False,0,"Impact=High (P1), Urgency=Distant (ttf=0.0s, conf=0.33, gate=FAIL) -> candidate=P2, revised=P2"
ep_00271_LATENCY_SPIKE,LATENCY_SPIKE,238.0,P2,0.3025,4152.48,p95_latency,High,Distant,False,P2,P2,False,False,0,"Impact=High (P2), Urgency=Distant (ttf=4152.48s, conf=0.30, gate=FAIL) -> candidate=P2, revised=P2"
ep_00272_DEPENDENCY_TIMEOUT,DEPENDENCY_TIMEOUT,238.0,P1,0.3013,0.0,upstream_timeout_rate,High,Distant,False,P2,P2,False,False,0,"Impact=High (P1), Urgency=Distant (ttf=0.0s, conf=0.30, gate=FAIL) -> candidate=P2, revised=P2"
ep_00273_MEMORY_LEAK,MEMORY_LEAK,238.0,P2,1.0,12214.0,memory_utilization,High,Distant,True,P2,P2,False,False,0,"Impact=High (P2), Urgency=Distant (ttf=12214.0s, conf=1.00, gate=PASS) -> candidate=P2, revised=P2"
ep_00274_DB_SLOWDOWN,DB_SLOWDOWN,238.0,P2,1.0,0.0,db_connection_wait,High,Imminent,True,P1,P1,False,False,0,"Impact=High (P2), Urgency=Imminent (ttf=0.0s, conf=1.00, gate=PASS) -> candidate=P1, revised=P1"
ep_00275_RETRY_STORM,RETRY_STORM,238.0,P1,0.3005,0.0,rps,High,Distant,False,P2,P2,False,False,0,"Impact=High (P1), Urgency=Distant (ttf=0.0s, conf=0.30, gate=FAIL) -> candidate=P2, revised=P2"
ep_00277_CASCADING_FAILURE,CASCADING_FAILURE,238.0,P1,0.5122,0.0,p99_latency,High,Distant,False,P2,P2,False,False,0,"Impact=High (P1), Urgency=Distant (ttf=0.0s, conf=0.51, gate=FAIL) -> candidate=P2, revised=P2"
ep_00278_DEPENDENCY_TIMEOUT,DEPENDENCY_TIMEOUT,238.0,P1,0.3133,,,High,Distant,False,P2,P2,False,False,0,"Impact=High (P1), Urgency=Distant (ttf=nans, conf=0.31, gate=FAIL) -> candidate=P2, revised=P2"
ep_00279_RETRY_STORM,RETRY_STORM,238.0,P1,0.3101,0.0,rps,High,Distant,False,P2,P2,False,False,0,"Impact=High (P1), Urgency=Distant (ttf=0.0s, conf=0.31, gate=FAIL) -> candidate=P2, revised=P2"
ep_00280_ERROR_STORM,ERROR_STORM,238.0,P1,0.3019,,,High,Distant,False,P2,P2,False,False,0,"Impact=High (P1), Urgency=Distant (ttf=nans, conf=0.30, gate=FAIL) -> candidate=P2, revised=P2"
ep_00281_LATENCY_SPIKE,LATENCY_SPIKE,238.0,P3,0.3007,4422.37,p95_latency,Moderate,Distant,False,P3,P3,False,False,0,"Impact=Moderate (P3), Urgency=Distant (ttf=4422.37s, conf=0.30, gate=FAIL) -> candidate=P3, revised=P3"
ep_00282_CPU_SATURATION,CPU_SATURATION,238.0,P1,0.3004,0.0,cpu_utilization,High,Distant,False,P2,P2,False,False,0,"Impact=High (P1), Urgency=Distant (ttf=0.0s, conf=0.30, gate=FAIL) -> candidate=P2, revised=P2"
ep_00283_CACHE_STAMPEDE,CACHE_STAMPEDE,238.0,P1,0.306,0.0,cache_miss_rate,High,Distant,False,P2,P2,False,False,0,"Impact=High (P1), Urgency=Distant (ttf=0.0s, conf=0.31, gate=FAIL) -> candidate=P2, revised=P2"
ep_00284_DISK_IO_SATURATION,DISK_IO_SATURATION,238.0,P1,0.3013,6499.62,queue_lag,High,Distant,False,P2,P2,False,False,0,"Impact=High (P1), Urgency=Distant (ttf=6499.62s, conf=0.30, gate=FAIL) -> candidate=P2, revised=P2"
ep_00285_CASCADING_FAILURE,CASCADING_FAILURE,238.0,P1,0.6214,0.0,p99_latency,High,Distant,False,P2,P2,False,False,0,"Impact=High (P1), Urgency=Distant (ttf=0.0s, conf=0.62, gate=FAIL) -> candidate=P2, revised=P2"
ep_00286_CPU_SATURATION,CPU_SATURATION,238.0,P1,0.3013,,,High,Distant,False,P2,P2,False,False,0,"Impact=High (P1), Urgency=Distant (ttf=nans, conf=0.30, gate=FAIL) -> candidate=P2, revised=P2"
ep_00287_QUEUE_BACKUP,QUEUE_BACKUP,238.0,P1,1.0,0.0,thread_pool_queue,High,Imminent,True,P1,P1,False,False,0,"Impact=High (P1), Urgency=Imminent (ttf=0.0s, conf=1.00, gate=PASS) -> candidate=P1, revised=P1"
ep_00289_QUEUE_BACKUP,QUEUE_BACKUP,238.0,P1,1.0,0.0,thread_pool_queue,High,Imminent,True,P1,P1,False,False,0,"Impact=High (P1), Urgency=Imminent (ttf=0.0s, conf=1.00, gate=PASS) -> candidate=P1, revised=P1"
ep_00290_DISK_IO_SATURATION,DISK_IO_SATURATION,238.0,P1,0.3104,12827.67,queue_lag,High,Distant,False,P2,P2,False,False,0,"Impact=High (P1), Urgency=Distant (ttf=12827.67s, conf=0.31, gate=FAIL) -> candidate=P2, revised=P2"
ep_00291_LATENCY_SPIKE,LATENCY_SPIKE,238.0,P2,0.3078,,,High,Distant,False,P2,P2,False,False,0,"Impact=High (P2), Urgency=Distant (ttf=nans, conf=0.31, gate=FAIL) -> candidate=P2, revised=P2"
ep_00292_CASCADING_FAILURE,CASCADING_FAILURE,238.0,P1,0.4351,0.0,p99_latency,High,Distant,False,P2,P2,False,False,0,"Impact=High (P1), Urgency=Distant (ttf=0.0s, conf=0.44, gate=FAIL) -> candidate=P2, revised=P2"
ep_00293_QUEUE_BACKUP,QUEUE_BACKUP,238.0,P1,1.0,0.0,thread_pool_queue,High,Imminent,True,P1,P1,False,False,0,"Impact=High (P1), Urgency=Imminent (ttf=0.0s, conf=1.00, gate=PASS) -> candidate=P1, revised=P1"
ep_00294_LATENCY_SPIKE,LATENCY_SPIKE,238.0,P2,0.3033,26416.68,p95_latency,High,Distant,False,P2,P2,False,False,0,"Impact=High (P2), Urgency=Distant (ttf=26416.68s, conf=0.30, gate=FAIL) -> candidate=P2, revised=P2"
ep_00295_CPU_SATURATION,CPU_SATURATION,238.0,P1,0.3002,0.0,cpu_utilization,High,Distant,False,P2,P2,False,False,0,"Impact=High (P1), Urgency=Distant (ttf=0.0s, conf=0.30, gate=FAIL) -> candidate=P2, revised=P2"
ep_00296_MEMORY_LEAK,MEMORY_LEAK,238.0,P2,1.0,17002.64,heap_mb,High,Distant,True,P2,P2,False,False,0,"Impact=High (P2), Urgency=Distant (ttf=17002.64s, conf=1.00, gate=PASS) -> candidate=P2, revised=P2"
ep_00297_BAD_DEPLOY,BAD_DEPLOY,238.0,P1,0.3003,0.0,error_rate,High,Distant,False,P2,P2,False,False,0,"Impact=High (P1), Urgency=Distant (ttf=0.0s, conf=0.30, gate=FAIL) -> candidate=P2, revised=P2"
ep_00299_RETRY_STORM,RETRY_STORM,238.0,P1,0.3001,0.0,rps,High,Distant,False,P2,P2,False,False,0,"Impact=High (P1), Urgency=Distant (ttf=0.0s, conf=0.30, gate=FAIL) -> candidate=P2, revised=P2"
ep_00300_RETRY_STORM,RETRY_STORM,238.0,P1,0.3028,0.0,rps,High,Distant,False,P2,P2,False,False,0,"Impact=High (P1), Urgency=Distant (ttf=0.0s, conf=0.30, gate=FAIL) -> candidate=P2, revised=P2"
ep_00301_DB_SLOWDOWN,DB_SLOWDOWN,238.0,P2,1.0,0.0,db_connection_wait,High,Imminent,True,P1,P1,False,False,0,"Impact=High (P2), Urgency=Imminent (ttf=0.0s, conf=1.00, gate=PASS) -> candidate=P1, revised=P1"
ep_00302_QUEUE_BACKUP,QUEUE_BACKUP,238.0,P1,1.0,0.0,thread_pool_queue,High,Imminent,True,P1,P1,False,False,0,"Impact=High (P1), Urgency=Imminent (ttf=0.0s, conf=1.00, gate=PASS) -> candidate=P1, revised=P1"
ep_00303_CASCADING_FAILURE,CASCADING_FAILURE,238.0,P1,0.4354,0.0,error_rate,High,Distant,False,P2,P2,False,False,0,"Impact=High (P1), Urgency=Distant (ttf=0.0s, conf=0.44, gate=FAIL) -> candidate=P2, revised=P2"
ep_00304_RETRY_STORM,RETRY_STORM,238.0,P1,0.3328,0.0,rps,High,Distant,False,P2,P2,False,False,0,"Impact=High (P1), Urgency=Distant (ttf=0.0s, conf=0.33, gate=FAIL) -> candidate=P2, revised=P2"
ep_00306_LATENCY_SPIKE,LATENCY_SPIKE,238.0,P3,0.3036,5136.13,p95_latency,Moderate,Distant,False,P3,P3,False,False,0,"Impact=Moderate (P3), Urgency=Distant (ttf=5136.13s, conf=0.30, gate=FAIL) -> candidate=P3, revised=P3"
ep_00307_QUEUE_BACKUP,QUEUE_BACKUP,238.0,P1,1.0,0.0,thread_pool_queue,High,Imminent,True,P1,P1,False,False,0,"Impact=High (P1), Urgency=Imminent (ttf=0.0s, conf=1.00, gate=PASS) -> candidate=P1, revised=P1"
ep_00308_CPU_SATURATION,CPU_SATURATION,238.0,P1,0.3287,,,High,Distant,False,P2,P2,False,False,0,"Impact=High (P1), Urgency=Distant (ttf=nans, conf=0.33, gate=FAIL) -> candidate=P2, revised=P2"
ep_00309_DEPENDENCY_TIMEOUT,DEPENDENCY_TIMEOUT,238.0,P1,0.3104,,,High,Distant,False,P2,P2,False,False,0,"Impact=High (P1), Urgency=Distant (ttf=nans, conf=0.31, gate=FAIL) -> candidate=P2, revised=P2"
ep_00310_BAD_DEPLOY,BAD_DEPLOY,238.0,P1,0.3174,,,High,Distant,False,P2,P2,False,False,0,"Impact=High (P1), Urgency=Distant (ttf=nans, conf=0.32, gate=FAIL) -> candidate=P2, revised=P2"
ep_00311_BAD_DEPLOY,BAD_DEPLOY,238.0,P1,0.318,0.0,error_rate,High,Distant,False,P2,P2,False,False,0,"Impact=High (P1), Urgency=Distant (ttf=0.0s, conf=0.32, gate=FAIL) -> candidate=P2, revised=P2"
ep_00312_ERROR_STORM,ERROR_STORM,238.0,P1,0.3008,,,High,Distant,False,P2,P2,False,False,0,"Impact=High (P1), Urgency=Distant (ttf=nans, conf=0.30, gate=FAIL) -> candidate=P2, revised=P2"
ep_00313_MEMORY_LEAK,MEMORY_LEAK,238.0,P2,1.0,12338.0,memory_utilization,High,Distant,True,P2,P2,False,False,0,"Impact=High (P2), Urgency=Distant (ttf=12338.0s, conf=1.00, gate=PASS) -> candidate=P2, revised=P2"
ep_00314_CPU_SATURATION,CPU_SATURATION,238.0,P1,0.309,0.0,cpu_utilization,High,Distant,False,P2,P2,False,False,0,"Impact=High (P1), Urgency=Distant (ttf=0.0s, conf=0.31, gate=FAIL) -> candidate=P2, revised=P2"
ep_00315_ERROR_STORM,ERROR_STORM,238.0,P1,0.3122,,,High,Distant,False,P2,P2,False,False,0,"Impact=High (P1), Urgency=Distant (ttf=nans, conf=0.31, gate=FAIL) -> candidate=P2, revised=P2"
ep_00317_QUEUE_BACKUP,QUEUE_BACKUP,238.0,P1,1.0,0.0,thread_pool_queue,High,Imminent,True,P1,P1,False,False,0,"Impact=High (P1), Urgency=Imminent (ttf=0.0s, conf=1.00, gate=PASS) -> candidate=P1, revised=P1"
ep_00318_DB_SLOWDOWN,DB_SLOWDOWN,238.0,P2,1.0,0.0,db_connection_wait,High,Imminent,True,P1,P1,False,False,0,"Impact=High (P2), Urgency=Imminent (ttf=0.0s, conf=1.00, gate=PASS) -> candidate=P1, revised=P1"
ep_00319_CASCADING_FAILURE,CASCADING_FAILURE,238.0,P1,0.431,0.0,p99_latency,High,Distant,False,P2,P2,False,False,0,"Impact=High (P1), Urgency=Distant (ttf=0.0s, conf=0.43, gate=FAIL) -> candidate=P2, revised=P2"
ep_00320_MEMORY_LEAK,MEMORY_LEAK,238.0,P2,1.0,15789.09,heap_mb,High,Distant,True,P2,P2,False,False,0,"Impact=High (P2), Urgency=Distant (ttf=15789.09s, conf=1.00, gate=PASS) -> candidate=P2, revised=P2"
ep_00321_RETRY_STORM,RETRY_STORM,238.0,P1,0.3015,0.0,rps,High,Distant,False,P2,P2,False,False,0,"Impact=High (P1), Urgency=Distant (ttf=0.0s, conf=0.30, gate=FAIL) -> candidate=P2, revised=P2"
ep_00322_DEPENDENCY_TIMEOUT,DEPENDENCY_TIMEOUT,238.0,P1,0.3015,,,High,Distant,False,P2,P2,False,False,0,"Impact=High (P1), Urgency=Distant (ttf=nans, conf=0.30, gate=FAIL) -> candidate=P2, revised=P2"
ep_00323_BAD_DEPLOY,BAD_DEPLOY,238.0,P1,0.307,0.0,error_rate,High,Distant,False,P2,P2,False,False,0,"Impact=High (P1), Urgency=Distant (ttf=0.0s, conf=0.31, gate=FAIL) -> candidate=P2, revised=P2"
ep_00324_LATENCY_SPIKE,LATENCY_SPIKE,238.0,P3,0.3129,4750.63,p95_latency,Moderate,Distant,False,P3,P3,False,False,0,"Impact=Moderate (P3), Urgency=Distant (ttf=4750.63s, conf=0.31, gate=FAIL) -> candidate=P3, revised=P3"
ep_00325_DEPENDENCY_TIMEOUT,DEPENDENCY_TIMEOUT,238.0,P1,0.3226,0.0,upstream_timeout_rate,High,Distant,False,P2,P2,False,False,0,"Impact=High (P1), Urgency=Distant (ttf=0.0s, conf=0.32, gate=FAIL) -> candidate=P2, revised=P2"
ep_00327_BAD_DEPLOY,BAD_DEPLOY,238.0,P1,0.3014,0.0,error_rate,High,Distant,False,P2,P2,False,False,0,"Impact=High (P1), Urgency=Distant (ttf=0.0s, conf=0.30, gate=FAIL) -> candidate=P2, revised=P2"
ep_00328_RETRY_STORM,RETRY_STORM,238.0,P1,0.3148,,,High,Distant,False,P2,P2,False,False,0,"Impact=High (P1), Urgency=Distant (ttf=nans, conf=0.31, gate=FAIL) -> candidate=P2, revised=P2"
ep_00329_DEPENDENCY_TIMEOUT,DEPENDENCY_TIMEOUT,238.0,P1,0.3,14520.0,upstream_timeout_rate,High,Distant,False,P2,P2,False,False,0,"Impact=High (P1), Urgency=Distant (ttf=14520.0s, conf=0.30, gate=FAIL) -> candidate=P2, revised=P2"
ep_00330_LATENCY_SPIKE,LATENCY_SPIKE,238.0,P2,0.3024,630.54,p95_latency,High,Distant,False,P2,P2,False,False,0,"Impact=High (P2), Urgency=Distant (ttf=630.54s, conf=0.30, gate=FAIL) -> candidate=P2, revised=P2"
ep_00331_MEMORY_LEAK,MEMORY_LEAK,238.0,P2,1.0,7992.5,memory_utilization,High,Distant,True,P2,P2,False,False,0,"Impact=High (P2), Urgency=Distant (ttf=7992.5s, conf=1.00, gate=PASS) -> candidate=P2, revised=P2"
ep_00334_RETRY_STORM,RETRY_STORM,238.0,P1,0.3083,0.0,rps,High,Distant,False,P2,P2,False,False,0,"Impact=High (P1), Urgency=Distant (ttf=0.0s, conf=0.31, gate=FAIL) -> candidate=P2, revised=P2"
ep_00335_RETRY_STORM,RETRY_STORM,238.0,P1,0.3,0.0,rps,High,Distant,False,P2,P2,False,False,0,"Impact=High (P1), Urgency=Distant (ttf=0.0s, conf=0.30, gate=FAIL) -> candidate=P2, revised=P2"
ep_00336_BAD_DEPLOY,BAD_DEPLOY,238.0,P1,0.3335,0.0,error_rate,High,Distant,False,P2,P2,False,False,0,"Impact=High (P1), Urgency=Distant (ttf=0.0s, conf=0.33, gate=FAIL) -> candidate=P2, revised=P2"
ep_00337_DB_SLOWDOWN,DB_SLOWDOWN,238.0,P2,1.0,0.0,db_connection_wait,High,Imminent,True,P1,P1,False,False,0,"Impact=High (P2), Urgency=Imminent (ttf=0.0s, conf=1.00, gate=PASS) -> candidate=P1, revised=P1"
ep_00338_DISK_IO_SATURATION,DISK_IO_SATURATION,238.0,P1,0.3239,3504.46,disk_write_latency,High,Distant,False,P2,P2,False,False,0,"Impact=High (P1), Urgency=Distant (ttf=3504.46s, conf=0.32, gate=FAIL) -> candidate=P2, revised=P2"
ep_00339_LATENCY_SPIKE,LATENCY_SPIKE,238.0,P3,0.309,9871.5,p95_latency,Moderate,Distant,False,P3,P3,False,False,0,"Impact=Moderate (P3), Urgency=Distant (ttf=9871.5s, conf=0.31, gate=FAIL) -> candidate=P3, revised=P3"
ep_00340_QUEUE_BACKUP,QUEUE_BACKUP,238.0,P1,1.0,0.0,thread_pool_queue,High,Imminent,True,P1,P1,False,False,0,"Impact=High (P1), Urgency=Imminent (ttf=0.0s, conf=1.00, gate=PASS) -> candidate=P1, revised=P1"
ep_00341_DISK_IO_SATURATION,DISK_IO_SATURATION,238.0,P1,0.3058,,,High,Distant,False,P2,P2,False,False,0,"Impact=High (P1), Urgency=Distant (ttf=nans, conf=0.31, gate=FAIL) -> candidate=P2, revised=P2"
ep_00342_DB_SLOWDOWN,DB_SLOWDOWN,238.0,P2,1.0,0.0,db_connection_wait,High,Imminent,True,P1,P1,False,False,0,"Impact=High (P2), Urgency=Imminent (ttf=0.0s, conf=1.00, gate=PASS) -> candidate=P1, revised=P1"
ep_00343_DEPENDENCY_TIMEOUT,DEPENDENCY_TIMEOUT,238.0,P1,0.3007,7298.83,p99_latency,High,Distant,False,P2,P2,False,False,0,"Impact=High (P1), Urgency=Distant (ttf=7298.83s, conf=0.30, gate=FAIL) -> candidate=P2, revised=P2"
ep_00344_DB_SLOWDOWN,DB_SLOWDOWN,238.0,P2,1.0,0.0,db_connection_wait,High,Imminent,True,P1,P1,False,False,0,"Impact=High (P2), Urgency=Imminent (ttf=0.0s, conf=1.00, gate=PASS) -> candidate=P1, revised=P1"
ep_00345_MEMORY_LEAK,MEMORY_LEAK,238.0,P2,1.0,14130.47,heap_mb,High,Distant,True,P2,P2,False,False,0,"Impact=High (P2), Urgency=Distant (ttf=14130.47s, conf=1.00, gate=PASS) -> candidate=P2, revised=P2"
ep_00346_CASCADING_FAILURE,CASCADING_FAILURE,238.0,P1,0.4089,0.0,p99_latency,High,Distant,False,P2,P2,False,False,0,"Impact=High (P1), Urgency=Distant (ttf=0.0s, conf=0.41, gate=FAIL) -> candidate=P2, revised=P2"
ep_00347_LATENCY_SPIKE,LATENCY_SPIKE,238.0,P3,0.3002,43970.78,p95_latency,Moderate,Distant,False,P3,P3,False,False,0,"Impact=Moderate (P3), Urgency=Distant (ttf=43970.78s, conf=0.30, gate=FAIL) -> candidate=P3, revised=P3"
ep_00348_RETRY_STORM,RETRY_STORM,238.0,P1,0.3036,0.0,rps,High,Distant,False,P2,P2,False,False,0,"Impact=High (P1), Urgency=Distant (ttf=0.0s, conf=0.30, gate=FAIL) -> candidate=P2, revised=P2"
ep_00349_MEMORY_LEAK,MEMORY_LEAK,238.0,P2,1.0,6410.0,memory_utilization,High,Distant,True,P2,P2,False,False,0,"Impact=High (P2), Urgency=Distant (ttf=6410.0s, conf=1.00, gate=PASS) -> candidate=P2, revised=P2"
ep_00350_DB_SLOWDOWN,DB_SLOWDOWN,238.0,P2,1.0,0.0,db_connection_wait,High,Imminent,True,P1,P1,False,False,0,"Impact=High (P2), Urgency=Imminent (ttf=0.0s, conf=1.00, gate=PASS) -> candidate=P1, revised=P1"
ep_00351_DB_SLOWDOWN,DB_SLOWDOWN,238.0,P2,1.0,0.0,db_connection_wait,High,Imminent,True,P1,P1,False,False,0,"Impact=High (P2), Urgency=Imminent (ttf=0.0s, conf=1.00, gate=PASS) -> candidate=P1, revised=P1"
ep_00352_CPU_SATURATION,CPU_SATURATION,238.0,P1,0.3031,0.0,cpu_utilization,High,Distant,False,P2,P2,False,False,0,"Impact=High (P1), Urgency=Distant (ttf=0.0s, conf=0.30, gate=FAIL) -> candidate=P2, revised=P2"
ep_00353_DEPENDENCY_TIMEOUT,DEPENDENCY_TIMEOUT,238.0,P1,0.3077,0.0,upstream_timeout_rate,High,Distant,False,P2,P2,False,False,0,"Impact=High (P1), Urgency=Distant (ttf=0.0s, conf=0.31, gate=FAIL) -> candidate=P2, revised=P2"
ep_00354_DEPENDENCY_TIMEOUT,DEPENDENCY_TIMEOUT,238.0,P1,0.3086,0.0,p99_latency,High,Distant,False,P2,P2,False,False,0,"Impact=High (P1), Urgency=Distant (ttf=0.0s, conf=0.31, gate=FAIL) -> candidate=P2, revised=P2"
ep_00355_DISK_IO_SATURATION,DISK_IO_SATURATION,238.0,P1,0.3235,11469.91,disk_write_latency,High,Distant,False,P2,P2,False,False,0,"Impact=High (P1), Urgency=Distant (ttf=11469.91s, conf=0.32, gate=FAIL) -> candidate=P2, revised=P2"
ep_00356_DISK_IO_SATURATION,DISK_IO_SATURATION,238.0,P1,0.3,2694.18,queue_lag,High,Distant,False,P2,P2,False,False,0,"Impact=High (P1), Urgency=Distant (ttf=2694.18s, conf=0.30, gate=FAIL) -> candidate=P2, revised=P2"
ep_00357_LATENCY_SPIKE,LATENCY_SPIKE,238.0,P3,0.3096,5924.43,p95_latency,Moderate,Distant,False,P3,P3,False,False,0,"Impact=Moderate (P3), Urgency=Distant (ttf=5924.43s, conf=0.31, gate=FAIL) -> candidate=P3, revised=P3"
ep_00358_CASCADING_FAILURE,CASCADING_FAILURE,238.0,P1,0.527,0.0,p99_latency,High,Distant,False,P2,P2,False,False,0,"Impact=High (P1), Urgency=Distant (ttf=0.0s, conf=0.53, gate=FAIL) -> candidate=P2, revised=P2"
ep_00359_CACHE_STAMPEDE,CACHE_STAMPEDE,238.0,P1,0.3,0.0,cache_miss_rate,High,Distant,False,P2,P2,False,False,0,"Impact=High (P1), Urgency=Distant (ttf=0.0s, conf=0.30, gate=FAIL) -> candidate=P2, revised=P2"
ep_00360_ERROR_STORM,ERROR_STORM,238.0,P1,0.3059,,,High,Distant,False,P2,P2,False,False,0,"Impact=High (P1), Urgency=Distant (ttf=nans, conf=0.31, gate=FAIL) -> candidate=P2, revised=P2"
ep_00361_DEPENDENCY_TIMEOUT,DEPENDENCY_TIMEOUT,238.0,P1,0.3022,0.0,upstream_timeout_rate,High,Distant,False,P2,P2,False,False,0,"Impact=High (P1), Urgency=Distant (ttf=0.0s, conf=0.30, gate=FAIL) -> candidate=P2, revised=P2"
ep_00362_RETRY_STORM,RETRY_STORM,238.0,P1,0.3027,0.0,rps,High,Distant,False,P2,P2,False,False,0,"Impact=High (P1), Urgency=Distant (ttf=0.0s, conf=0.30, gate=FAIL) -> candidate=P2, revised=P2"
ep_00363_DISK_IO_SATURATION,DISK_IO_SATURATION,238.0,P1,0.3105,9024.39,queue_lag,High,Distant,False,P2,P2,False,False,0,"Impact=High (P1), Urgency=Distant (ttf=9024.39s, conf=0.31, gate=FAIL) -> candidate=P2, revised=P2"
ep_00364_DISK_IO_SATURATION,DISK_IO_SATURATION,238.0,P1,0.3304,4115.75,disk_read_latency,High,Distant,False,P2,P2,False,False,0,"Impact=High (P1), Urgency=Distant (ttf=4115.75s, conf=0.33, gate=FAIL) -> candidate=P2, revised=P2"
ep_00365_CACHE_STAMPEDE,CACHE_STAMPEDE,238.0,P1,0.3,47131.01,db_p99,High,Distant,False,P2,P2,False,False,0,"Impact=High (P1), Urgency=Distant (ttf=47131.01s, conf=0.30, gate=FAIL) -> candidate=P2, revised=P2"
ep_00366_DB_SLOWDOWN,DB_SLOWDOWN,238.0,P2,1.0,0.0,db_connection_wait,High,Imminent,True,P1,P1,False,False,0,"Impact=High (P2), Urgency=Imminent (ttf=0.0s, conf=1.00, gate=PASS) -> candidate=P1, revised=P1"
ep_00367_BAD_DEPLOY,BAD_DEPLOY,238.0,P1,0.3018,0.0,error_rate,High,Distant,False,P2,P2,False,False,0,"Impact=High (P1), Urgency=Distant (ttf=0.0s, conf=0.30, gate=FAIL) -> candidate=P2, revised=P2"
ep_00368_RETRY_STORM,RETRY_STORM,238.0,P1,0.3018,0.0,rps,High,Distant,False,P2,P2,False,False,0,"Impact=High (P1), Urgency=Distant (ttf=0.0s, conf=0.30, gate=FAIL) -> candidate=P2, revised=P2"
ep_00369_ERROR_STORM,ERROR_STORM,238.0,P1,0.3233,,,High,Distant,False,P2,P2,False,False,0,"Impact=High (P1), Urgency=Distant (ttf=nans, conf=0.32, gate=FAIL) -> candidate=P2, revised=P2"
ep_00370_RETRY_STORM,RETRY_STORM,238.0,P1,0.3181,0.0,rps,High,Distant,False,P2,P2,False,False,0,"Impact=High (P1), Urgency=Distant (ttf=0.0s, conf=0.32, gate=FAIL) -> candidate=P2, revised=P2"
ep_00371_BAD_DEPLOY,BAD_DEPLOY,238.0,P1,0.3095,0.0,error_rate,High,Distant,False,P2,P2,False,False,0,"Impact=High (P1), Urgency=Distant (ttf=0.0s, conf=0.31, gate=FAIL) -> candidate=P2, revised=P2"
ep_00372_MEMORY_LEAK,MEMORY_LEAK,238.0,P2,1.0,15471.25,heap_mb,High,Distant,True,P2,P2,False,False,0,"Impact=High (P2), Urgency=Distant (ttf=15471.25s, conf=1.00, gate=PASS) -> candidate=P2, revised=P2"
ep_00373_QUEUE_BACKUP,QUEUE_BACKUP,238.0,P1,1.0,0.0,thread_pool_queue,High,Imminent,True,P1,P1,False,False,0,"Impact=High (P1), Urgency=Imminent (ttf=0.0s, conf=1.00, gate=PASS) -> candidate=P1, revised=P1"
ep_00374_CPU_SATURATION,CPU_SATURATION,238.0,P1,0.3007,,,High,Distant,False,P2,P2,False,False,0,"Impact=High (P1), Urgency=Distant (ttf=nans, conf=0.30, gate=FAIL) -> candidate=P2, revised=P2"
ep_00375_BAD_DEPLOY,BAD_DEPLOY,238.0,P1,0.3135,0.0,error_rate,High,Distant,False,P2,P2,False,False,0,"Impact=High (P1), Urgency=Distant (ttf=0.0s, conf=0.31, gate=FAIL) -> candidate=P2, revised=P2"
ep_00376_CACHE_STAMPEDE,CACHE_STAMPEDE,238.0,P1,0.3062,0.0,cache_miss_rate,High,Distant,False,P2,P2,False,False,0,"Impact=High (P1), Urgency=Distant (ttf=0.0s, conf=0.31, gate=FAIL) -> candidate=P2, revised=P2"
ep_00377_LATENCY_SPIKE,LATENCY_SPIKE,238.0,P3,0.3007,9154.87,p95_latency,Moderate,Distant,False,P3,P3,False,False,0,"Impact=Moderate (P3), Urgency=Distant (ttf=9154.87s, conf=0.30, gate=FAIL) -> candidate=P3, revised=P3"
ep_00378_DEPENDENCY_TIMEOUT,DEPENDENCY_TIMEOUT,238.0,P1,0.3002,,,High,Distant,False,P2,P2,False,False,0,"Impact=High (P1), Urgency=Distant (ttf=nans, conf=0.30, gate=FAIL) -> candidate=P2, revised=P2"
ep_00379_RETRY_STORM,RETRY_STORM,238.0,P1,0.3049,,,High,Distant,False,P2,P2,False,False,0,"Impact=High (P1), Urgency=Distant (ttf=nans, conf=0.30, gate=FAIL) -> candidate=P2, revised=P2"
ep_00380_CACHE_STAMPEDE,CACHE_STAMPEDE,238.0,P1,0.3078,0.0,cache_miss_rate,High,Distant,False,P2,P2,False,False,0,"Impact=High (P1), Urgency=Distant (ttf=0.0s, conf=0.31, gate=FAIL) -> candidate=P2, revised=P2"
ep_00381_DISK_IO_SATURATION,DISK_IO_SATURATION,238.0,P1,0.3045,9267.0,disk_write_latency,High,Distant,False,P2,P2,False,False,0,"Impact=High (P1), Urgency=Distant (ttf=9267.0s, conf=0.30, gate=FAIL) -> candidate=P2, revised=P2"
ep_00382_MEMORY_LEAK,MEMORY_LEAK,238.0,P2,1.0,6093.0,memory_utilization,High,Distant,True,P2,P2,False,False,0,"Impact=High (P2), Urgency=Distant (ttf=6093.0s, conf=1.00, gate=PASS) -> candidate=P2, revised=P2"
ep_00383_DB_SLOWDOWN,DB_SLOWDOWN,238.0,P2,1.0,0.0,db_connection_wait,High,Imminent,True,P1,P1,False,False,0,"Impact=High (P2), Urgency=Imminent (ttf=0.0s, conf=1.00, gate=PASS) -> candidate=P1, revised=P1"
ep_00384_LATENCY_SPIKE,LATENCY_SPIKE,238.0,P3,0.3035,,,Moderate,Distant,False,P3,P3,False,False,0,"Impact=Moderate (P3), Urgency=Distant (ttf=nans, conf=0.30, gate=FAIL) -> candidate=P3, revised=P3"
ep_00385_DISK_IO_SATURATION,DISK_IO_SATURATION,238.0,P1,0.3013,7501.92,disk_read_latency,High,Distant,False,P2,P2,False,False,0,"Impact=High (P1), Urgency=Distant (ttf=7501.92s, conf=0.30, gate=FAIL) -> candidate=P2, revised=P2"
ep_00386_DISK_IO_SATURATION,DISK_IO_SATURATION,238.0,P1,0.3023,3654132.71,iops_utilization,High,Distant,False,P2,P2,False,False,0,"Impact=High (P1), Urgency=Distant (ttf=3654132.71s, conf=0.30, gate=FAIL) -> candidate=P2, revised=P2"
ep_00387_CPU_SATURATION,CPU_SATURATION,238.0,P1,0.3314,46.61,cpu_saturation,High,Distant,False,P2,P2,False,False,0,"Impact=High (P1), Urgency=Distant (ttf=46.61s, conf=0.33, gate=FAIL) -> candidate=P2, revised=P2"
ep_00388_CPU_SATURATION,CPU_SATURATION,238.0,P1,0.3002,77.92,cpu_utilization,High,Distant,False,P2,P2,False,False,0,"Impact=High (P1), Urgency=Distant (ttf=77.92s, conf=0.30, gate=FAIL) -> candidate=P2, revised=P2"
ep_00390_ERROR_STORM,ERROR_STORM,238.0,P1,0.3003,,,High,Distant,False,P2,P2,False,False,0,"Impact=High (P1), Urgency=Distant (ttf=nans, conf=0.30, gate=FAIL) -> candidate=P2, revised=P2"
ep_00391_CASCADING_FAILURE,CASCADING_FAILURE,238.0,P1,0.5416,0.0,error_rate,High,Distant,False,P2,P2,False,False,0,"Impact=High (P1), Urgency=Distant (ttf=0.0s, conf=0.54, gate=FAIL) -> candidate=P2, revised=P2"
ep_00392_DEPENDENCY_TIMEOUT,DEPENDENCY_TIMEOUT,238.0,P1,0.3001,1910.0,upstream_timeout_rate,High,Distant,False,P2,P2,False,False,0,"Impact=High (P1), Urgency=Distant (ttf=1910.0s, conf=0.30, gate=FAIL) -> candidate=P2, revised=P2"
ep_00393_RETRY_STORM,RETRY_STORM,238.0,P1,0.3,0.0,rps,High,Distant,False,P2,P2,False,False,0,"Impact=High (P1), Urgency=Distant (ttf=0.0s, conf=0.30, gate=FAIL) -> candidate=P2, revised=P2"
ep_00394_CASCADING_FAILURE,CASCADING_FAILURE,238.0,P1,0.3517,0.0,p99_latency,High,Distant,False,P2,P2,False,False,0,"Impact=High (P1), Urgency=Distant (ttf=0.0s, conf=0.35, gate=FAIL) -> candidate=P2, revised=P2"
ep_00395_MEMORY_LEAK,MEMORY_LEAK,238.0,P2,1.0,6502.62,memory_utilization,High,Distant,True,P2,P2,False,False,0,"Impact=High (P2), Urgency=Distant (ttf=6502.62s, conf=1.00, gate=PASS) -> candidate=P2, revised=P2"
ep_00396_CPU_SATURATION,CPU_SATURATION,238.0,P1,0.3023,0.0,cpu_utilization,High,Distant,False,P2,P2,False,False,0,"Impact=High (P1), Urgency=Distant (ttf=0.0s, conf=0.30, gate=FAIL) -> candidate=P2, revised=P2"
ep_00397_DEPENDENCY_TIMEOUT,DEPENDENCY_TIMEOUT,238.0,P1,0.3041,0.0,upstream_timeout_rate,High,Distant,False,P2,P2,False,False,0,"Impact=High (P1), Urgency=Distant (ttf=0.0s, conf=0.30, gate=FAIL) -> candidate=P2, revised=P2"
ep_00398_MEMORY_LEAK,MEMORY_LEAK,238.0,P2,1.0,6829.61,memory_utilization,High,Distant,True,P2,P2,False,False,0,"Impact=High (P2), Urgency=Distant (ttf=6829.61s, conf=1.00, gate=PASS) -> candidate=P2, revised=P2"
ep_00399_ERROR_STORM,ERROR_STORM,238.0,P1,0.3012,1312.0,error_rate,High,Distant,False,P2,P2,False,False,0,"Impact=High (P1), Urgency=Distant (ttf=1312.0s, conf=0.30, gate=FAIL) -> candidate=P2, revised=P2"
ep_00400_RETRY_STORM,RETRY_STORM,238.0,P1,0.3008,0.0,rps,High,Distant,False,P2,P2,False,False,0,"Impact=High (P1), Urgency=Distant (ttf=0.0s, conf=0.30, gate=FAIL) -> candidate=P2, revised=P2"
ep_00401_BAD_DEPLOY,BAD_DEPLOY,238.0,P1,0.3008,0.0,error_rate,High,Distant,False,P2,P2,False,False,0,"Impact=High (P1), Urgency=Distant (ttf=0.0s, conf=0.30, gate=FAIL) -> candidate=P2, revised=P2"
ep_00402_ERROR_STORM,ERROR_STORM,238.0,P1,0.3199,1042.93,error_rate,High,Distant,False,P2,P2,False,False,0,"Impact=High (P1), Urgency=Distant (ttf=1042.93s, conf=0.32, gate=FAIL) -> candidate=P2, revised=P2"
ep_00403_CACHE_STAMPEDE,CACHE_STAMPEDE,238.0,P1,0.3017,0.0,cache_miss_rate,High,Distant,False,P2,P2,False,False,0,"Impact=High (P1), Urgency=Distant (ttf=0.0s, conf=0.30, gate=FAIL) -> candidate=P2, revised=P2"
ep_00404_DEPENDENCY_TIMEOUT,DEPENDENCY_TIMEOUT,238.0,P1,0.3001,,,High,Distant,False,P2,P2,False,False,0,"Impact=High (P1), Urgency=Distant (ttf=nans, conf=0.30, gate=FAIL) -> candidate=P2, revised=P2"
ep_00405_BAD_DEPLOY,BAD_DEPLOY,238.0,P1,0.3225,0.0,error_rate,High,Distant,False,P2,P2,False,False,0,"Impact=High (P1), Urgency=Distant (ttf=0.0s, conf=0.32, gate=FAIL) -> candidate=P2, revised=P2"
ep_00406_CPU_SATURATION,CPU_SATURATION,238.0,P1,0.3375,,,High,Distant,False,P2,P2,False,False,0,"Impact=High (P1), Urgency=Distant (ttf=nans, conf=0.34, gate=FAIL) -> candidate=P2, revised=P2"
ep_00407_DEPENDENCY_TIMEOUT,DEPENDENCY_TIMEOUT,238.0,P1,0.3041,0.0,upstream_timeout_rate,High,Distant,False,P2,P2,False,False,0,"Impact=High (P1), Urgency=Distant (ttf=0.0s, conf=0.30, gate=FAIL) -> candidate=P2, revised=P2"
ep_00408_DB_SLOWDOWN,DB_SLOWDOWN,238.0,P2,1.0,0.0,db_connection_wait,High,Imminent,True,P1,P1,False,False,0,"Impact=High (P2), Urgency=Imminent (ttf=0.0s, conf=1.00, gate=PASS) -> candidate=P1, revised=P1"
ep_00409_QUEUE_BACKUP,QUEUE_BACKUP,238.0,P1,1.0,0.0,thread_pool_queue,High,Imminent,True,P1,P1,False,False,0,"Impact=High (P1), Urgency=Imminent (ttf=0.0s, conf=1.00, gate=PASS) -> candidate=P1, revised=P1"
ep_00412_MEMORY_LEAK,MEMORY_LEAK,238.0,P2,1.0,7267.05,memory_utilization,High,Distant,True,P2,P2,False,False,0,"Impact=High (P2), Urgency=Distant (ttf=7267.05s, conf=1.00, gate=PASS) -> candidate=P2, revised=P2"
ep_00413_DB_SLOWDOWN,DB_SLOWDOWN,238.0,P2,1.0,0.0,db_connection_wait,High,Imminent,True,P1,P1,False,False,0,"Impact=High (P2), Urgency=Imminent (ttf=0.0s, conf=1.00, gate=PASS) -> candidate=P1, revised=P1"
ep_00414_RETRY_STORM,RETRY_STORM,238.0,P1,0.3006,0.0,rps,High,Distant,False,P2,P2,False,False,0,"Impact=High (P1), Urgency=Distant (ttf=0.0s, conf=0.30, gate=FAIL) -> candidate=P2, revised=P2"
ep_00415_DISK_IO_SATURATION,DISK_IO_SATURATION,238.0,P1,0.312,3311.14,queue_lag,High,Distant,False,P2,P2,False,False,0,"Impact=High (P1), Urgency=Distant (ttf=3311.14s, conf=0.31, gate=FAIL) -> candidate=P2, revised=P2"
ep_00416_RETRY_STORM,RETRY_STORM,238.0,P1,0.3189,0.0,rps,High,Distant,False,P2,P2,False,False,0,"Impact=High (P1), Urgency=Distant (ttf=0.0s, conf=0.32, gate=FAIL) -> candidate=P2, revised=P2"
ep_00417_ERROR_STORM,ERROR_STORM,238.0,P1,0.3073,,,High,Distant,False,P2,P2,False,False,0,"Impact=High (P1), Urgency=Distant (ttf=nans, conf=0.31, gate=FAIL) -> candidate=P2, revised=P2"
ep_00418_MEMORY_LEAK,MEMORY_LEAK,238.0,P2,1.0,3628.25,memory_utilization,High,Distant,True,P2,P2,False,False,0,"Impact=High (P2), Urgency=Distant (ttf=3628.25s, conf=1.00, gate=PASS) -> candidate=P2, revised=P2"
ep_00419_CASCADING_FAILURE,CASCADING_FAILURE,238.0,P1,0.4706,0.0,p99_latency,High,Distant,False,P2,P2,False,False,0,"Impact=High (P1), Urgency=Distant (ttf=0.0s, conf=0.47, gate=FAIL) -> candidate=P2, revised=P2"
ep_00420_ERROR_STORM,ERROR_STORM,238.0,P1,0.3012,542.0,error_rate,High,Distant,False,P2,P2,False,False,0,"Impact=High (P1), Urgency=Distant (ttf=542.0s, conf=0.30, gate=FAIL) -> candidate=P2, revised=P2"
ep_00421_LATENCY_SPIKE,LATENCY_SPIKE,238.0,P2,0.3037,3837.96,p95_latency,High,Distant,False,P2,P2,False,False,0,"Impact=High (P2), Urgency=Distant (ttf=3837.96s, conf=0.30, gate=FAIL) -> candidate=P2, revised=P2"
ep_00422_QUEUE_BACKUP,QUEUE_BACKUP,238.0,P1,1.0,0.0,thread_pool_queue,High,Imminent,True,P1,P1,False,False,0,"Impact=High (P1), Urgency=Imminent (ttf=0.0s, conf=1.00, gate=PASS) -> candidate=P1, revised=P1"
ep_00423_MEMORY_LEAK,MEMORY_LEAK,238.0,P2,1.0,3469.08,memory_utilization,High,Distant,True,P2,P2,False,False,0,"Impact=High (P2), Urgency=Distant (ttf=3469.08s, conf=1.00, gate=PASS) -> candidate=P2, revised=P2"
ep_00424_ERROR_STORM,ERROR_STORM,238.0,P1,0.3023,0.0,error_rate,High,Distant,False,P2,P2,False,False,0,"Impact=High (P1), Urgency=Distant (ttf=0.0s, conf=0.30, gate=FAIL) -> candidate=P2, revised=P2"
ep_00425_CACHE_STAMPEDE,CACHE_STAMPEDE,238.0,P1,0.3345,0.0,cache_miss_rate,High,Distant,False,P2,P2,False,False,0,"Impact=High (P1), Urgency=Distant (ttf=0.0s, conf=0.33, gate=FAIL) -> candidate=P2, revised=P2"
ep_00426_MEMORY_LEAK,MEMORY_LEAK,238.0,P2,1.0,2760.5,memory_utilization,High,Distant,True,P2,P2,False,False,0,"Impact=High (P2), Urgency=Distant (ttf=2760.5s, conf=1.00, gate=PASS) -> candidate=P2, revised=P2"
ep_00427_DISK_IO_SATURATION,DISK_IO_SATURATION,238.0,P1,0.3011,32597.78,disk_write_latency,High,Distant,False,P2,P2,False,False,0,"Impact=High (P1), Urgency=Distant (ttf=32597.78s, conf=0.30, gate=FAIL) -> candidate=P2, revised=P2"
ep_00429_ERROR_STORM,ERROR_STORM,238.0,P1,0.3141,721.45,error_rate,High,Distant,False,P2,P2,False,False,0,"Impact=High (P1), Urgency=Distant (ttf=721.45s, conf=0.31, gate=FAIL) -> candidate=P2, revised=P2"
ep_00430_DB_SLOWDOWN,DB_SLOWDOWN,238.0,P2,1.0,0.0,db_connection_wait,High,Imminent,True,P1,P1,False,False,0,"Impact=High (P2), Urgency=Imminent (ttf=0.0s, conf=1.00, gate=PASS) -> candidate=P1, revised=P1"
ep_00431_DISK_IO_SATURATION,DISK_IO_SATURATION,238.0,P1,0.3002,10352155.0,iops_utilization,High,Distant,False,P2,P2,False,False,0,"Impact=High (P1), Urgency=Distant (ttf=10352155.0s, conf=0.30, gate=FAIL) -> candidate=P2, revised=P2"
ep_00432_CACHE_STAMPEDE,CACHE_STAMPEDE,238.0,P1,0.3008,,,High,Distant,False,P2,P2,False,False,0,"Impact=High (P1), Urgency=Distant (ttf=nans, conf=0.30, gate=FAIL) -> candidate=P2, revised=P2"
ep_00433_LATENCY_SPIKE,LATENCY_SPIKE,238.0,P2,0.3002,5838.68,p95_latency,High,Distant,False,P2,P2,False,False,0,"Impact=High (P2), Urgency=Distant (ttf=5838.68s, conf=0.30, gate=FAIL) -> candidate=P2, revised=P2"
ep_00434_DB_SLOWDOWN,DB_SLOWDOWN,238.0,P2,1.0,0.0,db_connection_wait,High,Imminent,True,P1,P1,False,False,0,"Impact=High (P2), Urgency=Imminent (ttf=0.0s, conf=1.00, gate=PASS) -> candidate=P1, revised=P1"
ep_00435_DISK_IO_SATURATION,DISK_IO_SATURATION,238.0,P1,0.3006,14615.38,queue_lag,High,Distant,False,P2,P2,False,False,0,"Impact=High (P1), Urgency=Distant (ttf=14615.38s, conf=0.30, gate=FAIL) -> candidate=P2, revised=P2"
ep_00436_QUEUE_BACKUP,QUEUE_BACKUP,238.0,P1,1.0,0.0,thread_pool_queue,High,Imminent,True,P1,P1,False,False,0,"Impact=High (P1), Urgency=Imminent (ttf=0.0s, conf=1.00, gate=PASS) -> candidate=P1, revised=P1"
ep_00437_DEPENDENCY_TIMEOUT,DEPENDENCY_TIMEOUT,238.0,P1,0.3007,0.0,upstream_timeout_rate,High,Distant,False,P2,P2,False,False,0,"Impact=High (P1), Urgency=Distant (ttf=0.0s, conf=0.30, gate=FAIL) -> candidate=P2, revised=P2"
ep_00438_DISK_IO_SATURATION,DISK_IO_SATURATION,238.0,P1,0.3007,5443367.37,iops_utilization,High,Distant,False,P2,P2,False,False,0,"Impact=High (P1), Urgency=Distant (ttf=5443367.37s, conf=0.30, gate=FAIL) -> candidate=P2, revised=P2"
ep_00439_RETRY_STORM,RETRY_STORM,238.0,P1,0.3034,0.0,rps,High,Distant,False,P2,P2,False,False,0,"Impact=High (P1), Urgency=Distant (ttf=0.0s, conf=0.30, gate=FAIL) -> candidate=P2, revised=P2"
ep_00440_QUEUE_BACKUP,QUEUE_BACKUP,238.0,P1,1.0,0.0,thread_pool_queue,High,Imminent,True,P1,P1,False,False,0,"Impact=High (P1), Urgency=Imminent (ttf=0.0s, conf=1.00, gate=PASS) -> candidate=P1, revised=P1"
ep_00441_DISK_IO_SATURATION,DISK_IO_SATURATION,238.0,P1,0.3046,,,High,Distant,False,P2,P2,False,False,0,"Impact=High (P1), Urgency=Distant (ttf=nans, conf=0.30, gate=FAIL) -> candidate=P2, revised=P2"
ep_00442_DB_SLOWDOWN,DB_SLOWDOWN,238.0,P2,1.0,0.0,db_connection_wait,High,Imminent,True,P1,P1,False,False,0,"Impact=High (P2), Urgency=Imminent (ttf=0.0s, conf=1.00, gate=PASS) -> candidate=P1, revised=P1"
ep_00443_RETRY_STORM,RETRY_STORM,238.0,P1,0.3012,0.0,rps,High,Distant,False,P2,P2,False,False,0,"Impact=High (P1), Urgency=Distant (ttf=0.0s, conf=0.30, gate=FAIL) -> candidate=P2, revised=P2"
ep_00444_ERROR_STORM,ERROR_STORM,238.0,P1,0.3108,129.49,error_rate,High,Distant,False,P2,P2,False,False,0,"Impact=High (P1), Urgency=Distant (ttf=129.49s, conf=0.31, gate=FAIL) -> candidate=P2, revised=P2"
ep_00445_LATENCY_SPIKE,LATENCY_SPIKE,238.0,P3,0.3033,7560.52,p99_latency,Moderate,Distant,False,P3,P3,False,False,0,"Impact=Moderate (P3), Urgency=Distant (ttf=7560.52s, conf=0.30, gate=FAIL) -> candidate=P3, revised=P3"
ep_00446_DISK_IO_SATURATION,DISK_IO_SATURATION,238.0,P1,0.3,,,High,Distant,False,P2,P2,False,False,0,"Impact=High (P1), Urgency=Distant (ttf=nans, conf=0.30, gate=FAIL) -> candidate=P2, revised=P2"
ep_00447_MEMORY_LEAK,MEMORY_LEAK,238.0,P2,1.0,7357.73,memory_utilization,High,Distant,True,P2,P2,False,False,0,"Impact=High (P2), Urgency=Distant (ttf=7357.73s, conf=1.00, gate=PASS) -> candidate=P2, revised=P2"
ep_00448_ERROR_STORM,ERROR_STORM,238.0,P1,0.3139,,,High,Distant,False,P2,P2,False,False,0,"Impact=High (P1), Urgency=Distant (ttf=nans, conf=0.31, gate=FAIL) -> candidate=P2, revised=P2"
ep_00449_CASCADING_FAILURE,CASCADING_FAILURE,238.0,P1,0.4097,0.0,p99_latency,High,Distant,False,P2,P2,False,False,0,"Impact=High (P1), Urgency=Distant (ttf=0.0s, conf=0.41, gate=FAIL) -> candidate=P2, revised=P2"
ep_00450_CACHE_STAMPEDE,CACHE_STAMPEDE,238.0,P1,0.3225,0.0,cache_miss_rate,High,Distant,False,P2,P2,False,False,0,"Impact=High (P1), Urgency=Distant (ttf=0.0s, conf=0.32, gate=FAIL) -> candidate=P2, revised=P2"
ep_00451_DEPENDENCY_TIMEOUT,DEPENDENCY_TIMEOUT,238.0,P1,0.3047,0.0,upstream_timeout_rate,High,Distant,False,P2,P2,False,False,0,"Impact=High (P1), Urgency=Distant (ttf=0.0s, conf=0.30, gate=FAIL) -> candidate=P2, revised=P2"
ep_00453_ERROR_STORM,ERROR_STORM,238.0,P1,0.3104,209.33,error_rate,High,Distant,False,P2,P2,False,False,0,"Impact=High (P1), Urgency=Distant (ttf=209.33s, conf=0.31, gate=FAIL) -> candidate=P2, revised=P2"
ep_00454_CPU_SATURATION,CPU_SATURATION,238.0,P1,0.31,,,High,Distant,False,P2,P2,False,False,0,"Impact=High (P1), Urgency=Distant (ttf=nans, conf=0.31, gate=FAIL) -> candidate=P2, revised=P2"
ep_00455_MEMORY_LEAK,MEMORY_LEAK,238.0,P2,1.0,8641.01,memory_utilization,High,Distant,True,P2,P2,False,False,0,"Impact=High (P2), Urgency=Distant (ttf=8641.01s, conf=1.00, gate=PASS) -> candidate=P2, revised=P2"
ep_00456_CASCADING_FAILURE,CASCADING_FAILURE,238.0,P1,0.591,0.0,p99_latency,High,Distant,False,P2,P2,False,False,0,"Impact=High (P1), Urgency=Distant (ttf=0.0s, conf=0.59, gate=FAIL) -> candidate=P2, revised=P2"
ep_00457_BAD_DEPLOY,BAD_DEPLOY,238.0,P1,0.3001,0.0,error_rate,High,Distant,False,P2,P2,False,False,0,"Impact=High (P1), Urgency=Distant (ttf=0.0s, conf=0.30, gate=FAIL) -> candidate=P2, revised=P2"
ep_00458_BAD_DEPLOY,BAD_DEPLOY,238.0,P1,0.316,0.0,error_rate,High,Distant,False,P2,P2,False,False,0,"Impact=High (P1), Urgency=Distant (ttf=0.0s, conf=0.32, gate=FAIL) -> candidate=P2, revised=P2"
ep_00459_CPU_SATURATION,CPU_SATURATION,238.0,P1,0.319,,,High,Distant,False,P2,P2,False,False,0,"Impact=High (P1), Urgency=Distant (ttf=nans, conf=0.32, gate=FAIL) -> candidate=P2, revised=P2"
ep_00460_MEMORY_LEAK,MEMORY_LEAK,238.0,P2,1.0,10577.46,memory_utilization,High,Distant,True,P2,P2,False,False,0,"Impact=High (P2), Urgency=Distant (ttf=10577.46s, conf=1.00, gate=PASS) -> candidate=P2, revised=P2"
ep_00461_LATENCY_SPIKE,LATENCY_SPIKE,238.0,P3,0.3032,,,Moderate,Distant,False,P3,P3,False,False,0,"Impact=Moderate (P3), Urgency=Distant (ttf=nans, conf=0.30, gate=FAIL) -> candidate=P3, revised=P3"
ep_00462_ERROR_STORM,ERROR_STORM,238.0,P1,0.3001,,,High,Distant,False,P2,P2,False,False,0,"Impact=High (P1), Urgency=Distant (ttf=nans, conf=0.30, gate=FAIL) -> candidate=P2, revised=P2"
ep_00463_DB_SLOWDOWN,DB_SLOWDOWN,238.0,P2,1.0,0.0,db_connection_wait,High,Imminent,True,P1,P1,False,False,0,"Impact=High (P2), Urgency=Imminent (ttf=0.0s, conf=1.00, gate=PASS) -> candidate=P1, revised=P1"
ep_00464_DEPENDENCY_TIMEOUT,DEPENDENCY_TIMEOUT,238.0,P1,0.308,,,High,Distant,False,P2,P2,False,False,0,"Impact=High (P1), Urgency=Distant (ttf=nans, conf=0.31, gate=FAIL) -> candidate=P2, revised=P2"
ep_00465_MEMORY_LEAK,MEMORY_LEAK,238.0,P2,1.0,5979.04,memory_utilization,High,Distant,True,P2,P2,False,False,0,"Impact=High (P2), Urgency=Distant (ttf=5979.04s, conf=1.00, gate=PASS) -> candidate=P2, revised=P2"
ep_00466_DB_SLOWDOWN,DB_SLOWDOWN,238.0,P2,1.0,0.0,db_connection_wait,High,Imminent,True,P1,P1,False,False,0,"Impact=High (P2), Urgency=Imminent (ttf=0.0s, conf=1.00, gate=PASS) -> candidate=P1, revised=P1"
ep_00467_DB_SLOWDOWN,DB_SLOWDOWN,238.0,P2,1.0,0.0,db_connection_wait,High,Imminent,True,P1,P1,False,False,0,"Impact=High (P2), Urgency=Imminent (ttf=0.0s, conf=1.00, gate=PASS) -> candidate=P1, revised=P1"
ep_00468_CASCADING_FAILURE,CASCADING_FAILURE,238.0,P1,0.4527,0.0,error_rate,High,Distant,False,P2,P2,False,False,0,"Impact=High (P1), Urgency=Distant (ttf=0.0s, conf=0.45, gate=FAIL) -> candidate=P2, revised=P2"
ep_00469_CPU_SATURATION,CPU_SATURATION,238.0,P1,0.3018,0.0,cpu_utilization,High,Distant,False,P2,P2,False,False,0,"Impact=High (P1), Urgency=Distant (ttf=0.0s, conf=0.30, gate=FAIL) -> candidate=P2, revised=P2"
ep_00470_ERROR_STORM,ERROR_STORM,238.0,P1,0.3128,,,High,Distant,False,P2,P2,False,False,0,"Impact=High (P1), Urgency=Distant (ttf=nans, conf=0.31, gate=FAIL) -> candidate=P2, revised=P2"
ep_00471_DISK_IO_SATURATION,DISK_IO_SATURATION,238.0,P1,0.3121,5259.34,disk_write_latency,High,Distant,False,P2,P2,False,False,0,"Impact=High (P1), Urgency=Distant (ttf=5259.34s, conf=0.31, gate=FAIL) -> candidate=P2, revised=P2"
ep_00472_RETRY_STORM,RETRY_STORM,238.0,P1,0.319,0.0,rps,High,Distant,False,P2,P2,False,False,0,"Impact=High (P1), Urgency=Distant (ttf=0.0s, conf=0.32, gate=FAIL) -> candidate=P2, revised=P2"
ep_00473_BAD_DEPLOY,BAD_DEPLOY,238.0,P1,0.309,0.0,error_rate,High,Distant,False,P2,P2,False,False,0,"Impact=High (P1), Urgency=Distant (ttf=0.0s, conf=0.31, gate=FAIL) -> candidate=P2, revised=P2"
ep_00474_DEPENDENCY_TIMEOUT,DEPENDENCY_TIMEOUT,238.0,P1,0.3098,0.0,upstream_timeout_rate,High,Distant,False,P2,P2,False,False,0,"Impact=High (P1), Urgency=Distant (ttf=0.0s, conf=0.31, gate=FAIL) -> candidate=P2, revised=P2"
ep_00476_CPU_SATURATION,CPU_SATURATION,238.0,P1,0.3075,336.0,cpu_saturation,High,Distant,False,P2,P2,False,False,0,"Impact=High (P1), Urgency=Distant (ttf=336.0s, conf=0.31, gate=FAIL) -> candidate=P2, revised=P2"
ep_00477_QUEUE_BACKUP,QUEUE_BACKUP,238.0,P1,1.0,0.0,thread_pool_queue,High,Imminent,True,P1,P1,False,False,0,"Impact=High (P1), Urgency=Imminent (ttf=0.0s, conf=1.00, gate=PASS) -> candidate=P1, revised=P1"
ep_00478_LATENCY_SPIKE,LATENCY_SPIKE,238.0,P3,0.3002,11017.99,p95_latency,Moderate,Distant,False,P3,P3,False,False,0,"Impact=Moderate (P3), Urgency=Distant (ttf=11017.99s, conf=0.30, gate=FAIL) -> candidate=P3, revised=P3"
ep_00479_MEMORY_LEAK,MEMORY_LEAK,238.0,P2,1.0,11101.89,memory_utilization,High,Distant,True,P2,P2,False,False,0,"Impact=High (P2), Urgency=Distant (ttf=11101.89s, conf=1.00, gate=PASS) -> candidate=P2, revised=P2"
ep_00480_CACHE_STAMPEDE,CACHE_STAMPEDE,238.0,P1,0.3189,0.0,cache_miss_rate,High,Distant,False,P2,P2,False,False,0,"Impact=High (P1), Urgency=Distant (ttf=0.0s, conf=0.32, gate=FAIL) -> candidate=P2, revised=P2"
ep_00481_CASCADING_FAILURE,CASCADING_FAILURE,238.0,P1,0.4675,0.0,p99_latency,High,Distant,False,P2,P2,False,False,0,"Impact=High (P1), Urgency=Distant (ttf=0.0s, conf=0.47, gate=FAIL) -> candidate=P2, revised=P2"
ep_00482_DB_SLOWDOWN,DB_SLOWDOWN,238.0,P2,1.0,0.0,db_connection_wait,High,Imminent,True,P1,P1,False,False,0,"Impact=High (P2), Urgency=Imminent (ttf=0.0s, conf=1.00, gate=PASS) -> candidate=P1, revised=P1"
ep_00483_BAD_DEPLOY,BAD_DEPLOY,238.0,P1,0.3111,0.0,error_rate,High,Distant,False,P2,P2,False,False,0,"Impact=High (P1), Urgency=Distant (ttf=0.0s, conf=0.31, gate=FAIL) -> candidate=P2, revised=P2"
ep_00484_DEPENDENCY_TIMEOUT,DEPENDENCY_TIMEOUT,238.0,P1,0.3023,0.0,upstream_timeout_rate,High,Distant,False,P2,P2,False,False,0,"Impact=High (P1), Urgency=Distant (ttf=0.0s, conf=0.30, gate=FAIL) -> candidate=P2, revised=P2"
ep_00485_ERROR_STORM,ERROR_STORM,238.0,P1,0.3,27746.4,error_rate,High,Distant,False,P2,P2,False,False,0,"Impact=High (P1), Urgency=Distant (ttf=27746.4s, conf=0.30, gate=FAIL) -> candidate=P2, revised=P2"
ep_00486_QUEUE_BACKUP,QUEUE_BACKUP,238.0,P1,1.0,0.0,thread_pool_queue,High,Imminent,True,P1,P1,False,False,0,"Impact=High (P1), Urgency=Imminent (ttf=0.0s, conf=1.00, gate=PASS) -> candidate=P1, revised=P1"
ep_00487_LATENCY_SPIKE,LATENCY_SPIKE,238.0,P3,0.3139,,,Moderate,Distant,False,P3,P3,False,False,0,"Impact=Moderate (P3), Urgency=Distant (ttf=nans, conf=0.31, gate=FAIL) -> candidate=P3, revised=P3"
ep_00488_LATENCY_SPIKE,LATENCY_SPIKE,238.0,P3,0.3066,,,Moderate,Distant,False,P3,P3,False,False,0,"Impact=Moderate (P3), Urgency=Distant (ttf=nans, conf=0.31, gate=FAIL) -> candidate=P3, revised=P3"
ep_00489_DISK_IO_SATURATION,DISK_IO_SATURATION,238.0,P1,0.3047,2524446.34,iops_utilization,High,Distant,False,P2,P2,False,False,0,"Impact=High (P1), Urgency=Distant (ttf=2524446.34s, conf=0.30, gate=FAIL) -> candidate=P2, revised=P2"
ep_00490_DEPENDENCY_TIMEOUT,DEPENDENCY_TIMEOUT,238.0,P1,0.3024,,,High,Distant,False,P2,P2,False,False,0,"Impact=High (P1), Urgency=Distant (ttf=nans, conf=0.30, gate=FAIL) -> candidate=P2, revised=P2"
ep_00491_ERROR_STORM,ERROR_STORM,238.0,P1,0.3045,1016.0,error_rate,High,Distant,False,P2,P2,False,False,0,"Impact=High (P1), Urgency=Distant (ttf=1016.0s, conf=0.30, gate=FAIL) -> candidate=P2, revised=P2"
ep_00492_ERROR_STORM,ERROR_STORM,238.0,P1,0.315,,,High,Distant,False,P2,P2,False,False,0,"Impact=High (P1), Urgency=Distant (ttf=nans, conf=0.32, gate=FAIL) -> candidate=P2, revised=P2"
ep_00493_CASCADING_FAILURE,CASCADING_FAILURE,238.0,P1,0.3732,0.0,error_rate,High,Distant,False,P2,P2,False,False,0,"Impact=High (P1), Urgency=Distant (ttf=0.0s, conf=0.37, gate=FAIL) -> candidate=P2, revised=P2"
ep_00495_DISK_IO_SATURATION,DISK_IO_SATURATION,238.0,P1,0.3056,12228.15,disk_read_latency,High,Distant,False,P2,P2,False,False,0,"Impact=High (P1), Urgency=Distant (ttf=12228.15s, conf=0.31, gate=FAIL) -> candidate=P2, revised=P2"
ep_00496_DB_SLOWDOWN,DB_SLOWDOWN,238.0,P2,1.0,0.0,db_connection_wait,High,Imminent,True,P1,P1,False,False,0,"Impact=High (P2), Urgency=Imminent (ttf=0.0s, conf=1.00, gate=PASS) -> candidate=P1, revised=P1"
ep_00497_DB_SLOWDOWN,DB_SLOWDOWN,238.0,P2,1.0,0.0,db_connection_wait,High,Imminent,True,P1,P1,False,False,0,"Impact=High (P2), Urgency=Imminent (ttf=0.0s, conf=1.00, gate=PASS) -> candidate=P1, revised=P1"
ep_00498_LATENCY_SPIKE,LATENCY_SPIKE,238.0,P3,0.3098,2649.2,p95_latency,Moderate,Distant,False,P3,P3,False,False,0,"Impact=Moderate (P3), Urgency=Distant (ttf=2649.2s, conf=0.31, gate=FAIL) -> candidate=P3, revised=P3"
ep_00499_RETRY_STORM,RETRY_STORM,238.0,P1,0.303,0.0,rps,High,Distant,False,P2,P2,False,False,0,"Impact=High (P1), Urgency=Distant (ttf=0.0s, conf=0.30, gate=FAIL) -> candidate=P2, revised=P2"
ep_00500_DEPENDENCY_TIMEOUT,DEPENDENCY_TIMEOUT,238.0,P1,0.3042,0.0,upstream_timeout_rate,High,Distant,False,P2,P2,False,False,0,"Impact=High (P1), Urgency=Distant (ttf=0.0s, conf=0.30, gate=FAIL) -> candidate=P2, revised=P2"
ep_00501_CACHE_STAMPEDE,CACHE_STAMPEDE,238.0,P1,0.3002,707.14,cache_miss_rate,High,Distant,False,P2,P2,False,False,0,"Impact=High (P1), Urgency=Distant (ttf=707.14s, conf=0.30, gate=FAIL) -> candidate=P2, revised=P2"
ep_00502_CASCADING_FAILURE,CASCADING_FAILURE,238.0,P1,0.4134,0.0,p99_latency,High,Distant,False,P2,P2,False,False,0,"Impact=High (P1), Urgency=Distant (ttf=0.0s, conf=0.41, gate=FAIL) -> candidate=P2, revised=P2"
ep_00503_MEMORY_LEAK,MEMORY_LEAK,238.0,P2,1.0,5122.25,memory_utilization,High,Distant,True,P2,P2,False,False,0,"Impact=High (P2), Urgency=Distant (ttf=5122.25s, conf=1.00, gate=PASS) -> candidate=P2, revised=P2"
ep_00504_DISK_IO_SATURATION,DISK_IO_SATURATION,238.0,P1,0.3097,6177.78,disk_write_latency,High,Distant,False,P2,P2,False,False,0,"Impact=High (P1), Urgency=Distant (ttf=6177.78s, conf=0.31, gate=FAIL) -> candidate=P2, revised=P2"
ep_00505_DEPENDENCY_TIMEOUT,DEPENDENCY_TIMEOUT,238.0,P1,0.3004,0.0,p99_latency,High,Distant,False,P2,P2,False,False,0,"Impact=High (P1), Urgency=Distant (ttf=0.0s, conf=0.30, gate=FAIL) -> candidate=P2, revised=P2"
ep_00506_ERROR_STORM,ERROR_STORM,238.0,P1,0.3104,480.67,error_rate,High,Distant,False,P2,P2,False,False,0,"Impact=High (P1), Urgency=Distant (ttf=480.67s, conf=0.31, gate=FAIL) -> candidate=P2, revised=P2"
ep_00507_MEMORY_LEAK,MEMORY_LEAK,238.0,P2,1.0,5282.46,memory_utilization,High,Distant,True,P2,P2,False,False,0,"Impact=High (P2), Urgency=Distant (ttf=5282.46s, conf=1.00, gate=PASS) -> candidate=P2, revised=P2"
ep_00508_DEPENDENCY_TIMEOUT,DEPENDENCY_TIMEOUT,238.0,P1,0.303,0.0,upstream_timeout_rate,High,Distant,False,P2,P2,False,False,0,"Impact=High (P1), Urgency=Distant (ttf=0.0s, conf=0.30, gate=FAIL) -> candidate=P2, revised=P2"
ep_00509_BAD_DEPLOY,BAD_DEPLOY,238.0,P1,0.3108,0.0,error_rate,High,Distant,False,P2,P2,False,False,0,"Impact=High (P1), Urgency=Distant (ttf=0.0s, conf=0.31, gate=FAIL) -> candidate=P2, revised=P2"
ep_00510_BAD_DEPLOY,BAD_DEPLOY,238.0,P1,0.3239,0.0,error_rate,High,Distant,False,P2,P2,False,False,0,"Impact=High (P1), Urgency=Distant (ttf=0.0s, conf=0.32, gate=FAIL) -> candidate=P2, revised=P2"
ep_00511_CASCADING_FAILURE,CASCADING_FAILURE,238.0,P1,0.3365,0.0,error_rate,High,Distant,False,P2,P2,False,False,0,"Impact=High (P1), Urgency=Distant (ttf=0.0s, conf=0.34, gate=FAIL) -> candidate=P2, revised=P2"
ep_00512_QUEUE_BACKUP,QUEUE_BACKUP,238.0,P1,1.0,0.0,thread_pool_queue,High,Imminent,True,P1,P1,False,False,0,"Impact=High (P1), Urgency=Imminent (ttf=0.0s, conf=1.00, gate=PASS) -> candidate=P1, revised=P1"
ep_00513_BAD_DEPLOY,BAD_DEPLOY,238.0,P1,0.3021,0.0,error_rate,High,Distant,False,P2,P2,False,False,0,"Impact=High (P1), Urgency=Distant (ttf=0.0s, conf=0.30, gate=FAIL) -> candidate=P2, revised=P2"
ep_00514_DEPENDENCY_TIMEOUT,DEPENDENCY_TIMEOUT,238.0,P1,0.3363,,,High,Distant,False,P2,P2,False,False,0,"Impact=High (P1), Urgency=Distant (ttf=nans, conf=0.34, gate=FAIL) -> candidate=P2, revised=P2"
ep_00515_DEPENDENCY_TIMEOUT,DEPENDENCY_TIMEOUT,238.0,P1,0.3212,0.0,upstream_timeout_rate,High,Distant,False,P2,P2,False,False,0,"Impact=High (P1), Urgency=Distant (ttf=0.0s, conf=0.32, gate=FAIL) -> candidate=P2, revised=P2"
ep_00516_DEPENDENCY_TIMEOUT,DEPENDENCY_TIMEOUT,238.0,P1,0.3018,,,High,Distant,False,P2,P2,False,False,0,"Impact=High (P1), Urgency=Distant (ttf=nans, conf=0.30, gate=FAIL) -> candidate=P2, revised=P2"
ep_00517_DISK_IO_SATURATION,DISK_IO_SATURATION,238.0,P1,0.304,65700.74,disk_read_latency,High,Distant,False,P2,P2,False,False,0,"Impact=High (P1), Urgency=Distant (ttf=65700.74s, conf=0.30, gate=FAIL) -> candidate=P2, revised=P2"
ep_00518_BAD_DEPLOY,BAD_DEPLOY,238.0,P1,0.3083,,,High,Distant,False,P2,P2,False,False,0,"Impact=High (P1), Urgency=Distant (ttf=nans, conf=0.31, gate=FAIL) -> candidate=P2, revised=P2"
ep_00519_CACHE_STAMPEDE,CACHE_STAMPEDE,238.0,P1,0.3241,0.0,cache_miss_rate,High,Distant,False,P2,P2,False,False,0,"Impact=High (P1), Urgency=Distant (ttf=0.0s, conf=0.32, gate=FAIL) -> candidate=P2, revised=P2"
ep_00520_CASCADING_FAILURE,CASCADING_FAILURE,238.0,P1,0.4462,0.0,p99_latency,High,Distant,False,P2,P2,False,False,0,"Impact=High (P1), Urgency=Distant (ttf=0.0s, conf=0.45, gate=FAIL) -> candidate=P2, revised=P2"
ep_00521_ERROR_STORM,ERROR_STORM,238.0,P1,0.3006,,,High,Distant,False,P2,P2,False,False,0,"Impact=High (P1), Urgency=Distant (ttf=nans, conf=0.30, gate=FAIL) -> candidate=P2, revised=P2"
ep_00522_LATENCY_SPIKE,LATENCY_SPIKE,238.0,P3,0.3006,108699.6,p95_latency,Moderate,Distant,False,P3,P3,False,False,0,"Impact=Moderate (P3), Urgency=Distant (ttf=108699.6s, conf=0.30, gate=FAIL) -> candidate=P3, revised=P3"
ep_00523_DEPENDENCY_TIMEOUT,DEPENDENCY_TIMEOUT,238.0,P1,0.3076,0.0,upstream_timeout_rate,High,Distant,False,P2,P2,False,False,0,"Impact=High (P1), Urgency=Distant (ttf=0.0s, conf=0.31, gate=FAIL) -> candidate=P2, revised=P2"
ep_00526_RETRY_STORM,RETRY_STORM,238.0,P1,0.3037,0.0,rps,High,Distant,False,P2,P2,False,False,0,"Impact=High (P1), Urgency=Distant (ttf=0.0s, conf=0.30, gate=FAIL) -> candidate=P2, revised=P2"
ep_00527_RETRY_STORM,RETRY_STORM,238.0,P1,0.3058,0.0,rps,High,Distant,False,P2,P2,False,False,0,"Impact=High (P1), Urgency=Distant (ttf=0.0s, conf=0.31, gate=FAIL) -> candidate=P2, revised=P2"
ep_00528_DB_SLOWDOWN,DB_SLOWDOWN,238.0,P2,1.0,4.31,db_connection_wait,High,Imminent,True,P1,P1,False,False,0,"Impact=High (P2), Urgency=Imminent (ttf=4.31s, conf=1.00, gate=PASS) -> candidate=P1, revised=P1"
ep_00529_BAD_DEPLOY,BAD_DEPLOY,238.0,P1,0.3003,0.0,error_rate,High,Distant,False,P2,P2,False,False,0,"Impact=High (P1), Urgency=Distant (ttf=0.0s, conf=0.30, gate=FAIL) -> candidate=P2, revised=P2"
ep_00530_RETRY_STORM,RETRY_STORM,238.0,P1,0.3123,0.0,rps,High,Distant,False,P2,P2,False,False,0,"Impact=High (P1), Urgency=Distant (ttf=0.0s, conf=0.31, gate=FAIL) -> candidate=P2, revised=P2"
ep_00532_QUEUE_BACKUP,QUEUE_BACKUP,238.0,P1,1.0,0.0,thread_pool_queue,High,Imminent,True,P1,P1,False,False,0,"Impact=High (P1), Urgency=Imminent (ttf=0.0s, conf=1.00, gate=PASS) -> candidate=P1, revised=P1"
ep_00533_DISK_IO_SATURATION,DISK_IO_SATURATION,238.0,P1,0.3039,2986077.98,iops_utilization,High,Distant,False,P2,P2,False,False,0,"Impact=High (P1), Urgency=Distant (ttf=2986077.98s, conf=0.30, gate=FAIL) -> candidate=P2, revised=P2"
ep_00534_QUEUE_BACKUP,QUEUE_BACKUP,238.0,P1,1.0,0.0,thread_pool_queue,High,Imminent,True,P1,P1,False,False,0,"Impact=High (P1), Urgency=Imminent (ttf=0.0s, conf=1.00, gate=PASS) -> candidate=P1, revised=P1"
ep_00535_CACHE_STAMPEDE,CACHE_STAMPEDE,238.0,P1,0.3037,0.0,cache_miss_rate,High,Distant,False,P2,P2,False,False,0,"Impact=High (P1), Urgency=Distant (ttf=0.0s, conf=0.30, gate=FAIL) -> candidate=P2, revised=P2"
ep_00536_CPU_SATURATION,CPU_SATURATION,238.0,P1,0.3078,,,High,Distant,False,P2,P2,False,False,0,"Impact=High (P1), Urgency=Distant (ttf=nans, conf=0.31, gate=FAIL) -> candidate=P2, revised=P2"
ep_00537_MEMORY_LEAK,MEMORY_LEAK,238.0,P2,1.0,5495.56,memory_utilization,High,Distant,True,P2,P2,False,False,0,"Impact=High (P2), Urgency=Distant (ttf=5495.56s, conf=1.00, gate=PASS) -> candidate=P2, revised=P2"
ep_00538_CASCADING_FAILURE,CASCADING_FAILURE,238.0,P1,0.5057,0.0,p99_latency,High,Distant,False,P2,P2,False,False,0,"Impact=High (P1), Urgency=Distant (ttf=0.0s, conf=0.51, gate=FAIL) -> candidate=P2, revised=P2"
ep_00540_CACHE_STAMPEDE,CACHE_STAMPEDE,238.0,P1,0.3,0.0,cache_miss_rate,High,Distant,False,P2,P2,False,False,0,"Impact=High (P1), Urgency=Distant (ttf=0.0s, conf=0.30, gate=FAIL) -> candidate=P2, revised=P2"
ep_00541_DEPENDENCY_TIMEOUT,DEPENDENCY_TIMEOUT,238.0,P1,0.3045,,,High,Distant,False,P2,P2,False,False,0,"Impact=High (P1), Urgency=Distant (ttf=nans, conf=0.30, gate=FAIL) -> candidate=P2, revised=P2"
ep_00542_ERROR_STORM,ERROR_STORM,238.0,P1,0.3015,1571.43,error_rate,High,Distant,False,P2,P2,False,False,0,"Impact=High (P1), Urgency=Distant (ttf=1571.43s, conf=0.30, gate=FAIL) -> candidate=P2, revised=P2"
ep_00543_DISK_IO_SATURATION,DISK_IO_SATURATION,238.0,P1,0.3,4962.04,disk_write_latency,High,Distant,False,P2,P2,False,False,0,"Impact=High (P1), Urgency=Distant (ttf=4962.04s, conf=0.30, gate=FAIL) -> candidate=P2, revised=P2"
ep_00544_RETRY_STORM,RETRY_STORM,238.0,P1,0.3008,0.0,rps,High,Distant,False,P2,P2,False,False,0,"Impact=High (P1), Urgency=Distant (ttf=0.0s, conf=0.30, gate=FAIL) -> candidate=P2, revised=P2"
ep_00545_RETRY_STORM,RETRY_STORM,238.0,P1,0.3028,0.0,rps,High,Distant,False,P2,P2,False,False,0,"Impact=High (P1), Urgency=Distant (ttf=0.0s, conf=0.30, gate=FAIL) -> candidate=P2, revised=P2"
ep_00546_QUEUE_BACKUP,QUEUE_BACKUP,238.0,P1,1.0,0.0,thread_pool_queue,High,Imminent,True,P1,P1,False,False,0,"Impact=High (P1), Urgency=Imminent (ttf=0.0s, conf=1.00, gate=PASS) -> candidate=P1, revised=P1"
ep_00547_LATENCY_SPIKE,LATENCY_SPIKE,238.0,P3,0.3008,20723.72,p99_latency,Moderate,Distant,False,P3,P3,False,False,0,"Impact=Moderate (P3), Urgency=Distant (ttf=20723.72s, conf=0.30, gate=FAIL) -> candidate=P3, revised=P3"
ep_00548_QUEUE_BACKUP,QUEUE_BACKUP,238.0,P1,1.0,0.0,thread_pool_queue,High,Imminent,True,P1,P1,False,False,0,"Impact=High (P1), Urgency=Imminent (ttf=0.0s, conf=1.00, gate=PASS) -> candidate=P1, revised=P1"
ep_00549_CPU_SATURATION,CPU_SATURATION,238.0,P1,0.3016,0.0,cpu_utilization,High,Distant,False,P2,P2,False,False,0,"Impact=High (P1), Urgency=Distant (ttf=0.0s, conf=0.30, gate=FAIL) -> candidate=P2, revised=P2"
ep_00550_DEPENDENCY_TIMEOUT,DEPENDENCY_TIMEOUT,238.0,P1,0.3096,,,High,Distant,False,P2,P2,False,False,0,"Impact=High (P1), Urgency=Distant (ttf=nans, conf=0.31, gate=FAIL) -> candidate=P2, revised=P2"
ep_00551_BAD_DEPLOY,BAD_DEPLOY,238.0,P1,0.3003,0.0,error_rate,High,Distant,False,P2,P2,False,False,0,"Impact=High (P1), Urgency=Distant (ttf=0.0s, conf=0.30, gate=FAIL) -> candidate=P2, revised=P2"
ep_00552_QUEUE_BACKUP,QUEUE_BACKUP,238.0,P1,1.0,0.0,thread_pool_queue,High,Imminent,True,P1,P1,False,False,0,"Impact=High (P1), Urgency=Imminent (ttf=0.0s, conf=1.00, gate=PASS) -> candidate=P1, revised=P1"
ep_00553_RETRY_STORM,RETRY_STORM,238.0,P1,0.3155,0.0,rps,High,Distant,False,P2,P2,False,False,0,"Impact=High (P1), Urgency=Distant (ttf=0.0s, conf=0.32, gate=FAIL) -> candidate=P2, revised=P2"
ep_00554_ERROR_STORM,ERROR_STORM,238.0,P1,0.3036,,,High,Distant,False,P2,P2,False,False,0,"Impact=High (P1), Urgency=Distant (ttf=nans, conf=0.30, gate=FAIL) -> candidate=P2, revised=P2"
ep_00555_CACHE_STAMPEDE,CACHE_STAMPEDE,238.0,P1,0.3006,0.0,cache_miss_rate,High,Distant,False,P2,P2,False,False,0,"Impact=High (P1), Urgency=Distant (ttf=0.0s, conf=0.30, gate=FAIL) -> candidate=P2, revised=P2"
ep_00556_CASCADING_FAILURE,CASCADING_FAILURE,238.0,P1,0.4703,0.0,p99_latency,High,Distant,False,P2,P2,False,False,0,"Impact=High (P1), Urgency=Distant (ttf=0.0s, conf=0.47, gate=FAIL) -> candidate=P2, revised=P2"
ep_00557_MEMORY_LEAK,MEMORY_LEAK,238.0,P2,1.0,4996.68,memory_utilization,High,Distant,True,P2,P2,False,False,0,"Impact=High (P2), Urgency=Distant (ttf=4996.68s, conf=1.00, gate=PASS) -> candidate=P2, revised=P2"
ep_00558_QUEUE_BACKUP,QUEUE_BACKUP,238.0,P1,1.0,0.0,thread_pool_queue,High,Imminent,True,P1,P1,False,False,0,"Impact=High (P1), Urgency=Imminent (ttf=0.0s, conf=1.00, gate=PASS) -> candidate=P1, revised=P1"
ep_00559_CACHE_STAMPEDE,CACHE_STAMPEDE,238.0,P1,0.3,0.0,cache_miss_rate,High,Distant,False,P2,P2,False,False,0,"Impact=High (P1), Urgency=Distant (ttf=0.0s, conf=0.30, gate=FAIL) -> candidate=P2, revised=P2"
ep_00560_MEMORY_LEAK,MEMORY_LEAK,238.0,P2,1.0,9112.21,memory_utilization,High,Distant,True,P2,P2,False,False,0,"Impact=High (P2), Urgency=Distant (ttf=9112.21s, conf=1.00, gate=PASS) -> candidate=P2, revised=P2"
ep_00561_DISK_IO_SATURATION,DISK_IO_SATURATION,238.0,P1,0.311,8848.95,disk_write_latency,High,Distant,False,P2,P2,False,False,0,"Impact=High (P1), Urgency=Distant (ttf=8848.95s, conf=0.31, gate=FAIL) -> candidate=P2, revised=P2"
ep_00562_CPU_SATURATION,CPU_SATURATION,238.0,P1,0.3246,0.0,cpu_utilization,High,Distant,False,P2,P2,False,False,0,"Impact=High (P1), Urgency=Distant (ttf=0.0s, conf=0.32, gate=FAIL) -> candidate=P2, revised=P2"
ep_00563_RETRY_STORM,RETRY_STORM,238.0,P1,0.3,0.0,rps,High,Distant,False,P2,P2,False,False,0,"Impact=High (P1), Urgency=Distant (ttf=0.0s, conf=0.30, gate=FAIL) -> candidate=P2, revised=P2"
ep_00564_QUEUE_BACKUP,QUEUE_BACKUP,238.0,P1,1.0,0.0,thread_pool_queue,High,Imminent,True,P1,P1,False,False,0,"Impact=High (P1), Urgency=Imminent (ttf=0.0s, conf=1.00, gate=PASS) -> candidate=P1, revised=P1"
ep_00565_QUEUE_BACKUP,QUEUE_BACKUP,238.0,P1,1.0,0.0,thread_pool_queue,High,Imminent,True,P1,P1,False,False,0,"Impact=High (P1), Urgency=Imminent (ttf=0.0s, conf=1.00, gate=PASS) -> candidate=P1, revised=P1"
ep_00566_DB_SLOWDOWN,DB_SLOWDOWN,238.0,P2,1.0,0.0,db_connection_wait,High,Imminent,True,P1,P1,False,False,0,"Impact=High (P2), Urgency=Imminent (ttf=0.0s, conf=1.00, gate=PASS) -> candidate=P1, revised=P1"
ep_00567_DEPENDENCY_TIMEOUT,DEPENDENCY_TIMEOUT,238.0,P1,0.301,320.2,upstream_timeout_rate,High,Distant,False,P2,P2,False,False,0,"Impact=High (P1), Urgency=Distant (ttf=320.2s, conf=0.30, gate=FAIL) -> candidate=P2, revised=P2"
ep_00568_ERROR_STORM,ERROR_STORM,238.0,P1,0.3001,0.0,error_rate,High,Distant,False,P2,P2,False,False,0,"Impact=High (P1), Urgency=Distant (ttf=0.0s, conf=0.30, gate=FAIL) -> candidate=P2, revised=P2"
ep_00569_MEMORY_LEAK,MEMORY_LEAK,238.0,P2,1.0,2822.45,memory_utilization,High,Distant,True,P2,P2,False,False,0,"Impact=High (P2), Urgency=Distant (ttf=2822.45s, conf=1.00, gate=PASS) -> candidate=P2, revised=P2"
ep_00570_CASCADING_FAILURE,CASCADING_FAILURE,238.0,P1,0.4571,0.0,p99_latency,High,Distant,False,P2,P2,False,False,0,"Impact=High (P1), Urgency=Distant (ttf=0.0s, conf=0.46, gate=FAIL) -> candidate=P2, revised=P2"
ep_00571_MEMORY_LEAK,MEMORY_LEAK,238.0,P2,1.0,3527.66,memory_utilization,High,Distant,True,P2,P2,False,False,0,"Impact=High (P2), Urgency=Distant (ttf=3527.66s, conf=1.00, gate=PASS) -> candidate=P2, revised=P2"
ep_00572_CACHE_STAMPEDE,CACHE_STAMPEDE,238.0,P1,0.3095,,,High,Distant,False,P2,P2,False,False,0,"Impact=High (P1), Urgency=Distant (ttf=nans, conf=0.31, gate=FAIL) -> candidate=P2, revised=P2"
ep_00573_QUEUE_BACKUP,QUEUE_BACKUP,238.0,P1,1.0,0.0,thread_pool_queue,High,Imminent,True,P1,P1,False,False,0,"Impact=High (P1), Urgency=Imminent (ttf=0.0s, conf=1.00, gate=PASS) -> candidate=P1, revised=P1"
ep_00574_CACHE_STAMPEDE,CACHE_STAMPEDE,238.0,P1,0.3099,0.0,cache_miss_rate,High,Distant,False,P2,P2,False,False,0,"Impact=High (P1), Urgency=Distant (ttf=0.0s, conf=0.31, gate=FAIL) -> candidate=P2, revised=P2"
ep_00575_QUEUE_BACKUP,QUEUE_BACKUP,238.0,P1,1.0,0.0,thread_pool_queue,High,Imminent,True,P1,P1,False,False,0,"Impact=High (P1), Urgency=Imminent (ttf=0.0s, conf=1.00, gate=PASS) -> candidate=P1, revised=P1"
ep_00576_DB_SLOWDOWN,DB_SLOWDOWN,238.0,P2,1.0,0.0,db_connection_wait,High,Imminent,True,P1,P1,False,False,0,"Impact=High (P2), Urgency=Imminent (ttf=0.0s, conf=1.00, gate=PASS) -> candidate=P1, revised=P1"
ep_00577_CACHE_STAMPEDE,CACHE_STAMPEDE,238.0,P1,0.3001,0.0,cache_miss_rate,High,Distant,False,P2,P2,False,False,0,"Impact=High (P1), Urgency=Distant (ttf=0.0s, conf=0.30, gate=FAIL) -> candidate=P2, revised=P2"
ep_00578_BAD_DEPLOY,BAD_DEPLOY,238.0,P1,0.3,,,High,Distant,False,P2,P2,False,False,0,"Impact=High (P1), Urgency=Distant (ttf=nans, conf=0.30, gate=FAIL) -> candidate=P2, revised=P2"
ep_00579_CASCADING_FAILURE,CASCADING_FAILURE,238.0,P1,0.4271,0.0,p99_latency,High,Distant,False,P2,P2,False,False,0,"Impact=High (P1), Urgency=Distant (ttf=0.0s, conf=0.43, gate=FAIL) -> candidate=P2, revised=P2"
ep_00580_CASCADING_FAILURE,CASCADING_FAILURE,238.0,P1,0.3599,0.0,p99_latency,High,Distant,False,P2,P2,False,False,0,"Impact=High (P1), Urgency=Distant (ttf=0.0s, conf=0.36, gate=FAIL) -> candidate=P2, revised=P2"
ep_00581_CASCADING_FAILURE,CASCADING_FAILURE,238.0,P1,0.354,0.0,p99_latency,High,Distant,False,P2,P2,False,False,0,"Impact=High (P1), Urgency=Distant (ttf=0.0s, conf=0.35, gate=FAIL) -> candidate=P2, revised=P2"
ep_00582_DISK_IO_SATURATION,DISK_IO_SATURATION,238.0,P1,0.323,43601.93,disk_write_latency,High,Distant,False,P2,P2,False,False,0,"Impact=High (P1), Urgency=Distant (ttf=43601.93s, conf=0.32, gate=FAIL) -> candidate=P2, revised=P2"
ep_00583_LATENCY_SPIKE,LATENCY_SPIKE,238.0,P2,0.3061,1548.33,p95_latency,High,Distant,False,P2,P2,False,False,0,"Impact=High (P2), Urgency=Distant (ttf=1548.33s, conf=0.31, gate=FAIL) -> candidate=P2, revised=P2"
ep_00584_CACHE_STAMPEDE,CACHE_STAMPEDE,238.0,P1,0.3026,0.0,cache_miss_rate,High,Distant,False,P2,P2,False,False,0,"Impact=High (P1), Urgency=Distant (ttf=0.0s, conf=0.30, gate=FAIL) -> candidate=P2, revised=P2"
ep_00585_BAD_DEPLOY,BAD_DEPLOY,238.0,P1,0.3019,0.0,error_rate,High,Distant,False,P2,P2,False,False,0,"Impact=High (P1), Urgency=Distant (ttf=0.0s, conf=0.30, gate=FAIL) -> candidate=P2, revised=P2"
ep_00586_MEMORY_LEAK,MEMORY_LEAK,238.0,P2,1.0,3443.71,memory_utilization,High,Distant,True,P2,P2,False,False,0,"Impact=High (P2), Urgency=Distant (ttf=3443.71s, conf=1.00, gate=PASS) -> candidate=P2, revised=P2"
ep_00587_DISK_IO_SATURATION,DISK_IO_SATURATION,238.0,P1,0.319,4509.72,disk_write_latency,High,Distant,False,P2,P2,False,False,0,"Impact=High (P1), Urgency=Distant (ttf=4509.72s, conf=0.32, gate=FAIL) -> candidate=P2, revised=P2"
ep_00588_CACHE_STAMPEDE,CACHE_STAMPEDE,238.0,P1,0.3011,0.0,cache_miss_rate,High,Distant,False,P2,P2,False,False,0,"Impact=High (P1), Urgency=Distant (ttf=0.0s, conf=0.30, gate=FAIL) -> candidate=P2, revised=P2"
ep_00589_LATENCY_SPIKE,LATENCY_SPIKE,238.0,P3,0.3014,,,Moderate,Distant,False,P3,P3,False,False,0,"Impact=Moderate (P3), Urgency=Distant (ttf=nans, conf=0.30, gate=FAIL) -> candidate=P3, revised=P3"
ep_00590_ERROR_STORM,ERROR_STORM,238.0,P1,0.305,1857.0,error_rate,High,Distant,False,P2,P2,False,False,0,"Impact=High (P1), Urgency=Distant (ttf=1857.0s, conf=0.30, gate=FAIL) -> candidate=P2, revised=P2"
ep_00591_DISK_IO_SATURATION,DISK_IO_SATURATION,238.0,P1,0.3061,4987.24,disk_write_latency,High,Distant,False,P2,P2,False,False,0,"Impact=High (P1), Urgency=Distant (ttf=4987.24s, conf=0.31, gate=FAIL) -> candidate=P2, revised=P2"
ep_00592_MEMORY_LEAK,MEMORY_LEAK,238.0,P2,1.0,11666.69,memory_utilization,High,Distant,True,P2,P2,False,False,0,"Impact=High (P2), Urgency=Distant (ttf=11666.69s, conf=1.00, gate=PASS) -> candidate=P2, revised=P2"
ep_00593_DEPENDENCY_TIMEOUT,DEPENDENCY_TIMEOUT,238.0,P1,0.301,0.0,upstream_timeout_rate,High,Distant,False,P2,P2,False,False,0,"Impact=High (P1), Urgency=Distant (ttf=0.0s, conf=0.30, gate=FAIL) -> candidate=P2, revised=P2"
ep_00594_BAD_DEPLOY,BAD_DEPLOY,238.0,P1,0.3313,0.0,error_rate,High,Distant,False,P2,P2,False,False,0,"Impact=High (P1), Urgency=Distant (ttf=0.0s, conf=0.33, gate=FAIL) -> candidate=P2, revised=P2"
ep_00595_ERROR_STORM,ERROR_STORM,238.0,P1,0.3011,,,High,Distant,False,P2,P2,False,False,0,"Impact=High (P1), Urgency=Distant (ttf=nans, conf=0.30, gate=FAIL) -> candidate=P2, revised=P2"
ep_00596_ERROR_STORM,ERROR_STORM,238.0,P1,0.3005,2928.38,error_rate,High,Distant,False,P2,P2,False,False,0,"Impact=High (P1), Urgency=Distant (ttf=2928.38s, conf=0.30, gate=FAIL) -> candidate=P2, revised=P2"
ep_00597_MEMORY_LEAK,MEMORY_LEAK,238.0,P2,1.0,10102.01,memory_utilization,High,Distant,True,P2,P2,False,False,0,"Impact=High (P2), Urgency=Distant (ttf=10102.01s, conf=1.00, gate=PASS) -> candidate=P2, revised=P2"
ep_00598_LATENCY_SPIKE,LATENCY_SPIKE,238.0,P3,0.3072,,,Moderate,Distant,False,P3,P3,False,False,0,"Impact=Moderate (P3), Urgency=Distant (ttf=nans, conf=0.31, gate=FAIL) -> candidate=P3, revised=P3"
ep_00599_MEMORY_LEAK,MEMORY_LEAK,238.0,P2,1.0,5278.22,memory_utilization,High,Distant,True,P2,P2,False,False,0,"Impact=High (P2), Urgency=Distant (ttf=5278.22s, conf=1.00, gate=PASS) -> candidate=P2, revised=P2"
ep_00600_DISK_IO_SATURATION,DISK_IO_SATURATION,238.0,P1,0.3032,2795064.32,iops_utilization,High,Distant,False,P2,P2,False,False,0,"Impact=High (P1), Urgency=Distant (ttf=2795064.32s, conf=0.30, gate=FAIL) -> candidate=P2, revised=P2"
ep_00601_ERROR_STORM,ERROR_STORM,238.0,P1,0.3011,1126.0,error_rate,High,Distant,False,P2,P2,False,False,0,"Impact=High (P1), Urgency=Distant (ttf=1126.0s, conf=0.30, gate=FAIL) -> candidate=P2, revised=P2"
ep_00602_QUEUE_BACKUP,QUEUE_BACKUP,238.0,P1,1.0,0.0,thread_pool_queue,High,Imminent,True,P1,P1,False,False,0,"Impact=High (P1), Urgency=Imminent (ttf=0.0s, conf=1.00, gate=PASS) -> candidate=P1, revised=P1"
ep_00603_LATENCY_SPIKE,LATENCY_SPIKE,238.0,P3,0.3036,,,Moderate,Distant,False,P3,P3,False,False,0,"Impact=Moderate (P3), Urgency=Distant (ttf=nans, conf=0.30, gate=FAIL) -> candidate=P3, revised=P3"
ep_00604_ERROR_STORM,ERROR_STORM,238.0,P1,0.3,0.0,error_rate,High,Distant,False,P2,P2,False,False,0,"Impact=High (P1), Urgency=Distant (ttf=0.0s, conf=0.30, gate=FAIL) -> candidate=P2, revised=P2"
ep_00605_CASCADING_FAILURE,CASCADING_FAILURE,238.0,P1,0.4225,0.0,p99_latency,High,Distant,False,P2,P2,False,False,0,"Impact=High (P1), Urgency=Distant (ttf=0.0s, conf=0.42, gate=FAIL) -> candidate=P2, revised=P2"
ep_00606_DB_SLOWDOWN,DB_SLOWDOWN,238.0,P2,1.0,0.0,db_connection_wait,High,Imminent,True,P1,P1,False,False,0,"Impact=High (P2), Urgency=Imminent (ttf=0.0s, conf=1.00, gate=PASS) -> candidate=P1, revised=P1"
ep_00607_CPU_SATURATION,CPU_SATURATION,238.0,P1,0.3104,0.0,cpu_utilization,High,Distant,False,P2,P2,False,False,0,"Impact=High (P1), Urgency=Distant (ttf=0.0s, conf=0.31, gate=FAIL) -> candidate=P2, revised=P2"
ep_00608_CPU_SATURATION,CPU_SATURATION,238.0,P1,0.3036,303.59,cpu_utilization,High,Distant,False,P2,P2,False,False,0,"Impact=High (P1), Urgency=Distant (ttf=303.59s, conf=0.30, gate=FAIL) -> candidate=P2, revised=P2"
ep_00609_DB_SLOWDOWN,DB_SLOWDOWN,238.0,P2,1.0,0.0,db_connection_wait,High,Imminent,True,P1,P1,False,False,0,"Impact=High (P2), Urgency=Imminent (ttf=0.0s, conf=1.00, gate=PASS) -> candidate=P1, revised=P1"
ep_00610_CASCADING_FAILURE,CASCADING_FAILURE,238.0,P1,0.4692,0.0,p99_latency,High,Distant,False,P2,P2,False,False,0,"Impact=High (P1), Urgency=Distant (ttf=0.0s, conf=0.47, gate=FAIL) -> candidate=P2, revised=P2"
ep_00612_ERROR_STORM,ERROR_STORM,238.0,P1,0.3019,586.49,error_rate,High,Distant,False,P2,P2,False,False,0,"Impact=High (P1), Urgency=Distant (ttf=586.49s, conf=0.30, gate=FAIL) -> candidate=P2, revised=P2"
ep_00613_CPU_SATURATION,CPU_SATURATION,238.0,P1,0.3075,0.0,cpu_utilization,High,Distant,False,P2,P2,False,False,0,"Impact=High (P1), Urgency=Distant (ttf=0.0s, conf=0.31, gate=FAIL) -> candidate=P2, revised=P2"
ep_00614_RETRY_STORM,RETRY_STORM,238.0,P1,0.337,,,High,Distant,False,P2,P2,False,False,0,"Impact=High (P1), Urgency=Distant (ttf=nans, conf=0.34, gate=FAIL) -> candidate=P2, revised=P2"
ep_00615_RETRY_STORM,RETRY_STORM,238.0,P1,0.3006,0.0,rps,High,Distant,False,P2,P2,False,False,0,"Impact=High (P1), Urgency=Distant (ttf=0.0s, conf=0.30, gate=FAIL) -> candidate=P2, revised=P2"
ep_00616_ERROR_STORM,ERROR_STORM,238.0,P1,0.305,,,High,Distant,False,P2,P2,False,False,0,"Impact=High (P1), Urgency=Distant (ttf=nans, conf=0.30, gate=FAIL) -> candidate=P2, revised=P2"
ep_00617_BAD_DEPLOY,BAD_DEPLOY,238.0,P1,0.3045,,,High,Distant,False,P2,P2,False,False,0,"Impact=High (P1), Urgency=Distant (ttf=nans, conf=0.30, gate=FAIL) -> candidate=P2, revised=P2"
ep_00618_CPU_SATURATION,CPU_SATURATION,238.0,P1,0.303,0.0,cpu_utilization,High,Distant,False,P2,P2,False,False,0,"Impact=High (P1), Urgency=Distant (ttf=0.0s, conf=0.30, gate=FAIL) -> candidate=P2, revised=P2"
ep_00619_CACHE_STAMPEDE,CACHE_STAMPEDE,238.0,P1,0.3,0.0,cache_miss_rate,High,Distant,False,P2,P2,False,False,0,"Impact=High (P1), Urgency=Distant (ttf=0.0s, conf=0.30, gate=FAIL) -> candidate=P2, revised=P2"
ep_00621_CACHE_STAMPEDE,CACHE_STAMPEDE,238.0,P1,0.3112,0.0,cache_miss_rate,High,Distant,False,P2,P2,False,False,0,"Impact=High (P1), Urgency=Distant (ttf=0.0s, conf=0.31, gate=FAIL) -> candidate=P2, revised=P2"
ep_00622_QUEUE_BACKUP,QUEUE_BACKUP,238.0,P1,1.0,0.0,thread_pool_queue,High,Imminent,True,P1,P1,False,False,0,"Impact=High (P1), Urgency=Imminent (ttf=0.0s, conf=1.00, gate=PASS) -> candidate=P1, revised=P1"
ep_00623_ERROR_STORM,ERROR_STORM,238.0,P1,0.3177,,,High,Distant,False,P2,P2,False,False,0,"Impact=High (P1), Urgency=Distant (ttf=nans, conf=0.32, gate=FAIL) -> candidate=P2, revised=P2"
ep_00624_LATENCY_SPIKE,LATENCY_SPIKE,238.0,P3,0.3405,3317.93,p99_latency,Moderate,Distant,False,P3,P3,False,False,0,"Impact=Moderate (P3), Urgency=Distant (ttf=3317.93s, conf=0.34, gate=FAIL) -> candidate=P3, revised=P3"
ep_00625_DEPENDENCY_TIMEOUT,DEPENDENCY_TIMEOUT,238.0,P1,0.3508,,,High,Distant,False,P2,P2,False,False,0,"Impact=High (P1), Urgency=Distant (ttf=nans, conf=0.35, gate=FAIL) -> candidate=P2, revised=P2"
ep_00626_CPU_SATURATION,CPU_SATURATION,238.0,P1,0.3087,,,High,Distant,False,P2,P2,False,False,0,"Impact=High (P1), Urgency=Distant (ttf=nans, conf=0.31, gate=FAIL) -> candidate=P2, revised=P2"
ep_00627_CASCADING_FAILURE,CASCADING_FAILURE,238.0,P1,0.5579,0.0,p99_latency,High,Distant,False,P2,P2,False,False,0,"Impact=High (P1), Urgency=Distant (ttf=0.0s, conf=0.56, gate=FAIL) -> candidate=P2, revised=P2"
ep_00628_QUEUE_BACKUP,QUEUE_BACKUP,238.0,P1,1.0,0.0,thread_pool_queue,High,Imminent,True,P1,P1,False,False,0,"Impact=High (P1), Urgency=Imminent (ttf=0.0s, conf=1.00, gate=PASS) -> candidate=P1, revised=P1"
ep_00629_DB_SLOWDOWN,DB_SLOWDOWN,238.0,P2,1.0,0.0,db_connection_wait,High,Imminent,True,P1,P1,False,False,0,"Impact=High (P2), Urgency=Imminent (ttf=0.0s, conf=1.00, gate=PASS) -> candidate=P1, revised=P1"
ep_00630_CACHE_STAMPEDE,CACHE_STAMPEDE,238.0,P1,0.3008,0.0,cache_miss_rate,High,Distant,False,P2,P2,False,False,0,"Impact=High (P1), Urgency=Distant (ttf=0.0s, conf=0.30, gate=FAIL) -> candidate=P2, revised=P2"
ep_00631_DISK_IO_SATURATION,DISK_IO_SATURATION,238.0,P1,0.3095,5665.24,queue_lag,High,Distant,False,P2,P2,False,False,0,"Impact=High (P1), Urgency=Distant (ttf=5665.24s, conf=0.31, gate=FAIL) -> candidate=P2, revised=P2"
ep_00632_RETRY_STORM,RETRY_STORM,238.0,P1,0.3162,0.0,rps,High,Distant,False,P2,P2,False,False,0,"Impact=High (P1), Urgency=Distant (ttf=0.0s, conf=0.32, gate=FAIL) -> candidate=P2, revised=P2"
ep_00633_BAD_DEPLOY,BAD_DEPLOY,238.0,P1,0.3046,0.0,error_rate,High,Distant,False,P2,P2,False,False,0,"Impact=High (P1), Urgency=Distant (ttf=0.0s, conf=0.30, gate=FAIL) -> candidate=P2, revised=P2"
ep_00634_DISK_IO_SATURATION,DISK_IO_SATURATION,238.0,P1,0.3006,11694.94,disk_write_latency,High,Distant,False,P2,P2,False,False,0,"Impact=High (P1), Urgency=Distant (ttf=11694.94s, conf=0.30, gate=FAIL) -> candidate=P2, revised=P2"
ep_00635_MEMORY_LEAK,MEMORY_LEAK,238.0,P2,1.0,6046.27,memory_utilization,High,Distant,True,P2,P2,False,False,0,"Impact=High (P2), Urgency=Distant (ttf=6046.27s, conf=1.00, gate=PASS) -> candidate=P2, revised=P2"
ep_00636_CPU_SATURATION,CPU_SATURATION,238.0,P1,0.3202,0.0,cpu_utilization,High,Distant,False,P2,P2,False,False,0,"Impact=High (P1), Urgency=Distant (ttf=0.0s, conf=0.32, gate=FAIL) -> candidate=P2, revised=P2"
ep_00637_RETRY_STORM,RETRY_STORM,238.0,P1,0.3022,0.0,rps,High,Distant,False,P2,P2,False,False,0,"Impact=High (P1), Urgency=Distant (ttf=0.0s, conf=0.30, gate=FAIL) -> candidate=P2, revised=P2"
ep_00638_ERROR_STORM,ERROR_STORM,238.0,P1,0.328,,,High,Distant,False,P2,P2,False,False,0,"Impact=High (P1), Urgency=Distant (ttf=nans, conf=0.33, gate=FAIL) -> candidate=P2, revised=P2"
ep_00639_MEMORY_LEAK,MEMORY_LEAK,238.0,P2,1.0,3387.62,memory_utilization,High,Distant,True,P2,P2,False,False,0,"Impact=High (P2), Urgency=Distant (ttf=3387.62s, conf=1.00, gate=PASS) -> candidate=P2, revised=P2"
ep_00640_CPU_SATURATION,CPU_SATURATION,238.0,P1,0.3032,721.47,cpu_saturation,High,Distant,False,P2,P2,False,False,0,"Impact=High (P1), Urgency=Distant (ttf=721.47s, conf=0.30, gate=FAIL) -> candidate=P2, revised=P2"
ep_00641_CPU_SATURATION,CPU_SATURATION,238.0,P1,0.3322,0.0,cpu_utilization,High,Distant,False,P2,P2,False,False,0,"Impact=High (P1), Urgency=Distant (ttf=0.0s, conf=0.33, gate=FAIL) -> candidate=P2, revised=P2"
ep_00642_ERROR_STORM,ERROR_STORM,238.0,P1,0.3001,0.0,error_rate,High,Distant,False,P2,P2,False,False,0,"Impact=High (P1), Urgency=Distant (ttf=0.0s, conf=0.30, gate=FAIL) -> candidate=P2, revised=P2"
ep_00644_DB_SLOWDOWN,DB_SLOWDOWN,238.0,P2,1.0,0.0,db_connection_wait,High,Imminent,True,P1,P1,False,False,0,"Impact=High (P2), Urgency=Imminent (ttf=0.0s, conf=1.00, gate=PASS) -> candidate=P1, revised=P1"
ep_00645_RETRY_STORM,RETRY_STORM,238.0,P1,0.3018,0.0,rps,High,Distant,False,P2,P2,False,False,0,"Impact=High (P1), Urgency=Distant (ttf=0.0s, conf=0.30, gate=FAIL) -> candidate=P2, revised=P2"
ep_00646_ERROR_STORM,ERROR_STORM,238.0,P1,0.3311,484.99,error_rate,High,Distant,False,P2,P2,False,False,0,"Impact=High (P1), Urgency=Distant (ttf=484.99s, conf=0.33, gate=FAIL) -> candidate=P2, revised=P2"
ep_00647_CACHE_STAMPEDE,CACHE_STAMPEDE,238.0,P1,0.3,52464.76,db_p99,High,Distant,False,P2,P2,False,False,0,"Impact=High (P1), Urgency=Distant (ttf=52464.76s, conf=0.30, gate=FAIL) -> candidate=P2, revised=P2"
ep_00648_QUEUE_BACKUP,QUEUE_BACKUP,238.0,P1,1.0,0.0,thread_pool_queue,High,Imminent,True,P1,P1,False,False,0,"Impact=High (P1), Urgency=Imminent (ttf=0.0s, conf=1.00, gate=PASS) -> candidate=P1, revised=P1"
ep_00649_DB_SLOWDOWN,DB_SLOWDOWN,238.0,P2,1.0,0.0,db_connection_wait,High,Imminent,True,P1,P1,False,False,0,"Impact=High (P2), Urgency=Imminent (ttf=0.0s, conf=1.00, gate=PASS) -> candidate=P1, revised=P1"
ep_00650_DEPENDENCY_TIMEOUT,DEPENDENCY_TIMEOUT,238.0,P1,0.3166,0.0,upstream_timeout_rate,High,Distant,False,P2,P2,False,False,0,"Impact=High (P1), Urgency=Distant (ttf=0.0s, conf=0.32, gate=FAIL) -> candidate=P2, revised=P2"
