episode_id,failure_mode,elapsed_s,preliminary_severity,forecast_confidence,time_to_failure,earliest_ttf_feature,impact_band,urgency_band,gate_passed,candidate_severity,revised_severity,is_escalated,is_deescalated,dwell_count,reason
ep_00001_CACHE_STAMPEDE,CACHE_STAMPEDE,238.0,P4,1.0,0.0,cache_miss_rate,None,Imminent,True,P2,P2,False,False,0,"Impact=None (P4), Urgency=Imminent (ttf=0.0s, conf=1.00, gate=PASS) -> candidate=P2, revised=P2"
ep_00003_DISK_IO_SATURATION,DISK_IO_SATURATION,238.0,P4,1.0,33636.57,disk_read_latency,None,Distant,True,P4,P4,False,False,0,"Impact=None (P4), Urgency=Distant (ttf=33636.57s, conf=1.00, gate=PASS) -> candidate=P4, revised=P4"
ep_00004_LATENCY_SPIKE,LATENCY_SPIKE,238.0,P4,0.4082,43346.96,p95_latency,None,Distant,False,P4,P4,False,False,0,"Impact=None (P4), Urgency=Distant (ttf=43346.96s, conf=0.41, gate=FAIL) -> candidate=P4, revised=P4"
ep_00005_ERROR_STORM,ERROR_STORM,238.0,P4,0.9253,363.7,error_rate,None,Distant,True,P4,P4,False,False,0,"Impact=None (P4), Urgency=Distant (ttf=363.7s, conf=0.93, gate=PASS) -> candidate=P4, revised=P4"
ep_00006_MEMORY_LEAK,MEMORY_LEAK,238.0,P4,1.0,5190.83,memory_utilization,None,Distant,True,P4,P4,False,False,0,"Impact=None (P4), Urgency=Distant (ttf=5190.83s, conf=1.00, gate=PASS) -> candidate=P4, revised=P4"
ep_00007_CASCADING_FAILURE,CASCADING_FAILURE,238.0,P4,1.0,0.0,p99_latency,None,Imminent,True,P2,P2,False,False,0,"Impact=None (P4), Urgency=Imminent (ttf=0.0s, conf=1.00, gate=PASS) -> candidate=P2, revised=P2"
ep_00008_LATENCY_SPIKE,LATENCY_SPIKE,238.0,P4,0.4243,,,None,Distant,False,P4,P4,False,False,0,"Impact=None (P4), Urgency=Distant (ttf=nans, conf=0.42, gate=FAIL) -> candidate=P4, revised=P4"
ep_00009_BAD_DEPLOY,BAD_DEPLOY,238.0,P4,0.8948,,,None,Distant,True,P4,P4,False,False,0,"Impact=None (P4), Urgency=Distant (ttf=nans, conf=0.89, gate=PASS) -> candidate=P4, revised=P4"
ep_00010_DEPENDENCY_TIMEOUT,DEPENDENCY_TIMEOUT,238.0,P4,1.0,51.51,upstream_timeout_rate,None,Near,True,P3,P3,False,False,0,"Impact=None (P4), Urgency=Near (ttf=51.51s, conf=1.00, gate=PASS) -> candidate=P3, revised=P3"
ep_00012_RETRY_STORM,RETRY_STORM,238.0,P4,0.9443,0.0,rps,None,Imminent,True,P2,P2,False,False,0,"Impact=None (P4), Urgency=Imminent (ttf=0.0s, conf=0.94, gate=PASS) -> candidate=P2, revised=P2"
ep_00013_BAD_DEPLOY,BAD_DEPLOY,238.0,P4,1.0,3.99,error_rate,None,Imminent,True,P2,P2,False,False,0,"Impact=None (P4), Urgency=Imminent (ttf=3.99s, conf=1.00, gate=PASS) -> candidate=P2, revised=P2"
ep_00015_CASCADING_FAILURE,CASCADING_FAILURE,238.0,P4,1.0,0.0,p99_latency,None,Imminent,True,P2,P2,False,False,0,"Impact=None (P4), Urgency=Imminent (ttf=0.0s, conf=1.00, gate=PASS) -> candidate=P2, revised=P2"
ep_00016_DEPENDENCY_TIMEOUT,DEPENDENCY_TIMEOUT,238.0,P4,0.9285,86.54,upstream_timeout_rate,None,Near,True,P3,P3,False,False,0,"Impact=None (P4), Urgency=Near (ttf=86.54s, conf=0.93, gate=PASS) -> candidate=P3, revised=P3"
ep_00017_BAD_DEPLOY,BAD_DEPLOY,238.0,P4,0.9566,35.01,error_rate,None,Near,True,P3,P3,False,False,0,"Impact=None (P4), Urgency=Near (ttf=35.01s, conf=0.96, gate=PASS) -> candidate=P3, revised=P3"
ep_00018_RETRY_STORM,RETRY_STORM,238.0,P4,1.0,0.0,rps,None,Imminent,True,P2,P2,False,False,0,"Impact=None (P4), Urgency=Imminent (ttf=0.0s, conf=1.00, gate=PASS) -> candidate=P2, revised=P2"
ep_00019_RETRY_STORM,RETRY_STORM,238.0,P4,1.0,0.0,rps,None,Imminent,True,P2,P2,False,False,0,"Impact=None (P4), Urgency=Imminent (ttf=0.0s, conf=1.00, gate=PASS) -> candidate=P2, revised=P2"
ep_00020_MEMORY_LEAK,MEMORY_LEAK,238.0,P4,1.0,,,None,Distant,True,P4,P4,False,False,0,"Impact=None (P4), Urgency=Distant (ttf=nans, conf=1.00, gate=PASS) -> candidate=P4, revised=P4"
ep_00021_RETRY_STORM,RETRY_STORM,238.0,P4,1.0,0.0,rps,None,Imminent,True,P2,P2,False,False,0,"Impact=None (P4), Urgency=Imminent (ttf=0.0s, conf=1.00, gate=PASS) -> candidate=P2, revised=P2"
ep_00022_RETRY_STORM,RETRY_STORM,238.0,P4,1.0,0.0,rps,None,Imminent,True,P2,P2,False,False,0,"Impact=None (P4), Urgency=Imminent (ttf=0.0s, conf=1.00, gate=PASS) -> candidate=P2, revised=P2"
ep_00023_DEPENDENCY_TIMEOUT,DEPENDENCY_TIMEOUT,238.0,P4,1.0,0.0,upstream_timeout_rate,None,Imminent,True,P2,P2,False,False,0,"Impact=None (P4), Urgency=Imminent (ttf=0.0s, conf=1.00, gate=PASS) -> candidate=P2, revised=P2"
ep_00024_RETRY_STORM,RETRY_STORM,238.0,P4,1.0,0.0,rps,None,Imminent,True,P2,P2,False,False,0,"Impact=None (P4), Urgency=Imminent (ttf=0.0s, conf=1.00, gate=PASS) -> candidate=P2, revised=P2"
ep_00025_DISK_IO_SATURATION,DISK_IO_SATURATION,238.0,P4,1.0,137.39,queue_lag,None,Distant,True,P4,P4,False,False,0,"Impact=None (P4), Urgency=Distant (ttf=137.39s, conf=1.00, gate=PASS) -> candidate=P4, revised=P4"
ep_00026_CASCADING_FAILURE,CASCADING_FAILURE,238.0,P4,1.0,0.0,error_rate,None,Imminent,True,P2,P2,False,False,0,"Impact=None (P4), Urgency=Imminent (ttf=0.0s, conf=1.00, gate=PASS) -> candidate=P2, revised=P2"
ep_00027_CPU_SATURATION,CPU_SATURATION,238.0,P4,1.0,1126.83,cpu_utilization,None,Distant,True,P4,P4,False,False,0,"Impact=None (P4), Urgency=Distant (ttf=1126.83s, conf=1.00, gate=PASS) -> candidate=P4, revised=P4"
ep_00028_DEPENDENCY_TIMEOUT,DEPENDENCY_TIMEOUT,238.0,P4,0.9809,,,None,Distant,True,P4,P4,False,False,0,"Impact=None (P4), Urgency=Distant (ttf=nans, conf=0.98, gate=PASS) -> candidate=P4, revised=P4"
ep_00029_RETRY_STORM,RETRY_STORM,238.0,P4,1.0,0.0,rps,None,Imminent,True,P2,P2,False,False,0,"Impact=None (P4), Urgency=Imminent (ttf=0.0s, conf=1.00, gate=PASS) -> candidate=P2, revised=P2"
ep_00030_RETRY_STORM,RETRY_STORM,238.0,P4,1.0,0.0,rps,None,Imminent,True,P2,P2,False,False,0,"Impact=None (P4), Urgency=Imminent (ttf=0.0s, conf=1.00, gate=PASS) -> candidate=P2, revised=P2"
ep_00031_DB_SLOWDOWN,DB_SLOWDOWN,238.0,P4,0.9546,0.0,db_connection_wait,None,Imminent,True,P2,P2,False,False,0,"Impact=None (P4), Urgency=Imminent (ttf=0.0s, conf=0.95, gate=PASS) -> candidate=P2, revised=P2"
ep_00032_QUEUE_BACKUP,QUEUE_BACKUP,238.0,P4,1.0,0.0,thread_pool_queue,None,Imminent,True,P2,P2,False,False,0,"Impact=None (P4), Urgency=Imminent (ttf=0.0s, conf=1.00, gate=PASS) -> candidate=P2, revised=P2"
ep_00034_RETRY_STORM,RETRY_STORM,238.0,P4,0.9877,0.0,rps,None,Imminent,True,P2,P2,False,False,0,"Impact=None (P4), Urgency=Imminent (ttf=0.0s, conf=0.99, gate=PASS) -> candidate=P2, revised=P2"
ep_00036_CASCADING_FAILURE,CASCADING_FAILURE,238.0,P4,1.0,0.0,p99_latency,None,Imminent,True,P2,P2,False,False,0,"Impact=None (P4), Urgency=Imminent (ttf=0.0s, conf=1.00, gate=PASS) -> candidate=P2, revised=P2"
ep_00037_CACHE_STAMPEDE,CACHE_STAMPEDE,238.0,P4,1.0,6532.15,db_p99,None,Distant,True,P4,P4,False,False,0,"Impact=None (P4), Urgency=Distant (ttf=6532.15s, conf=1.00, gate=PASS) -> candidate=P4, revised=P4"
ep_00038_RETRY_STORM,RETRY_STORM,238.0,P4,0.9899,0.0,rps,None,Imminent,True,P2,P2,False,False,0,"Impact=None (P4), Urgency=Imminent (ttf=0.0s, conf=0.99, gate=PASS) -> candidate=P2, revised=P2"
ep_00039_DB_SLOWDOWN,DB_SLOWDOWN,238.0,P4,0.7898,0.0,db_connection_wait,None,Imminent,True,P2,P2,False,False,0,"Impact=None (P4), Urgency=Imminent (ttf=0.0s, conf=0.79, gate=PASS) -> candidate=P2, revised=P2"
ep_00040_CASCADING_FAILURE,CASCADING_FAILURE,238.0,P4,1.0,0.0,p99_latency,None,Imminent,True,P2,P2,False,False,0,"Impact=None (P4), Urgency=Imminent (ttf=0.0s, conf=1.00, gate=PASS) -> candidate=P2, revised=P2"
ep_00041_LATENCY_SPIKE,LATENCY_SPIKE,238.0,P4,0.3996,1230.78,p95_latency,None,Distant,False,P4,P4,False,False,0,"Impact=None (P4), Urgency=Distant (ttf=1230.78s, conf=0.40, gate=FAIL) -> candidate=P4, revised=P4"
ep_00042_BAD_DEPLOY,BAD_DEPLOY,238.0,P4,1.0,0.0,error_rate,None,Imminent,True,P2,P2,False,False,0,"Impact=None (P4), Urgency=Imminent (ttf=0.0s, conf=1.00, gate=PASS) -> candidate=P2, revised=P2"
ep_00043_ERROR_STORM,ERROR_STORM,238.0,P4,0.8784,,,None,Distant,True,P4,P4,False,False,0,"Impact=None (P4), Urgency=Distant (ttf=nans, conf=0.88, gate=PASS) -> candidate=P4, revised=P4"
ep_00044_DISK_IO_SATURATION,DISK_IO_SATURATION,238.0,P4,1.0,2314.06,queue_lag,None,Distant,True,P4,P4,False,False,0,"Impact=None (P4), Urgency=Distant (ttf=2314.06s, conf=1.00, gate=PASS) -> candidate=P4, revised=P4"
ep_00046_MEMORY_LEAK,MEMORY_LEAK,238.0,P3,1.0,,,Moderate,Distant,True,P3,P3,False,False,0,"Impact=Moderate (P3), Urgency=Distant (ttf=nans, conf=1.00, gate=PASS) -> candidate=P3, revised=P3"
ep_00047_CACHE_STAMPEDE,CACHE_STAMPEDE,238.0,P3,1.0,0.0,cache_miss_rate,Moderate,Imminent,True,P1,P1,False,False,0,"Impact=Moderate (P3), Urgency=Imminent (ttf=0.0s, conf=1.00, gate=PASS) -> candidate=P1, revised=P1"
ep_00048_CACHE_STAMPEDE,CACHE_STAMPEDE,238.0,P3,1.0,0.0,cache_miss_rate,Moderate,Imminent,True,P1,P1,False,False,0,"Impact=Moderate (P3), Urgency=Imminent (ttf=0.0s, conf=1.00, gate=PASS) -> candidate=P1, revised=P1"
ep_00049_CPU_SATURATION,CPU_SATURATION,238.0,P3,1.0,16.59,cpu_saturation,Moderate,Imminent,True,P1,P1,False,False,0,"Impact=Moderate (P3), Urgency=Imminent (ttf=16.59s, conf=1.00, gate=PASS) -> candidate=P1, revised=P1"
ep_00050_DB_SLOWDOWN,DB_SLOWDOWN,238.0,P3,0.8469,0.0,db_connection_wait,Moderate,Imminent,True,P1,P1,False,False,0,"Impact=Moderate (P3), Urgency=Imminent (ttf=0.0s, conf=0.85, gate=PASS) -> candidate=P1, revised=P1"
ep_00051_QUEUE_BACKUP,QUEUE_BACKUP,238.0,P3,1.0,0.0,thread_pool_queue,Moderate,Imminent,True,P1,P1,False,False,0,"Impact=Moderate (P3), Urgency=Imminent (ttf=0.0s, conf=1.00, gate=PASS) -> candidate=P1, revised=P1"
ep_00052_DEPENDENCY_TIMEOUT,DEPENDENCY_TIMEOUT,238.0,P3,0.9295,0.0,upstream_timeout_rate,Moderate,Imminent,True,P1,P1,False,False,0,"Impact=Moderate (P3), Urgency=Imminent (ttf=0.0s, conf=0.93, gate=PASS) -> candidate=P1, revised=P1"
ep_00053_QUEUE_BACKUP,QUEUE_BACKUP,238.0,P3,1.0,0.0,thread_pool_queue,Moderate,Imminent,True,P1,P1,False,False,0,"Impact=Moderate (P3), Urgency=Imminent (ttf=0.0s, conf=1.00, gate=PASS) -> candidate=P1, revised=P1"
ep_00054_DB_SLOWDOWN,DB_SLOWDOWN,238.0,P3,0.8651,0.0,db_connection_wait,Moderate,Imminent,True,P1,P1,False,False,0,"Impact=Moderate (P3), Urgency=Imminent (ttf=0.0s, conf=0.87, gate=PASS) -> candidate=P1, revised=P1"
ep_00055_DB_SLOWDOWN,DB_SLOWDOWN,238.0,P3,0.7231,0.0,db_connection_wait,Moderate,Distant,False,P3,P3,False,False,0,"Impact=Moderate (P3), Urgency=Distant (ttf=0.0s, conf=0.72, gate=FAIL) -> candidate=P3, revised=P3"
ep_00056_QUEUE_BACKUP,QUEUE_BACKUP,238.0,P3,1.0,0.0,thread_pool_queue,Moderate,Imminent,True,P1,P1,False,False,0,"Impact=Moderate (P3), Urgency=Imminent (ttf=0.0s, conf=1.00, gate=PASS) -> candidate=P1, revised=P1"
ep_00057_CACHE_STAMPEDE,CACHE_STAMPEDE,238.0,P3,1.0,0.0,cache_miss_rate,Moderate,Imminent,True,P1,P1,False,False,0,"Impact=Moderate (P3), Urgency=Imminent (ttf=0.0s, conf=1.00, gate=PASS) -> candidate=P1, revised=P1"
ep_00058_DB_SLOWDOWN,DB_SLOWDOWN,238.0,P3,0.7876,0.0,db_connection_wait,Moderate,Imminent,True,P1,P1,False,False,0,"Impact=Moderate (P3), Urgency=Imminent (ttf=0.0s, conf=0.79, gate=PASS) -> candidate=P1, revised=P1"
ep_00059_RETRY_STORM,RETRY_STORM,238.0,P3,1.0,0.0,rps,Moderate,Imminent,True,P1,P1,False,False,0,"Impact=Moderate (P3), Urgency=Imminent (ttf=0.0s, conf=1.00, gate=PASS) -> candidate=P1, revised=P1"
ep_00060_BAD_DEPLOY,BAD_DEPLOY,238.0,P3,0.8975,0.0,error_rate,Moderate,Imminent,True,P1,P1,False,False,0,"Impact=Moderate (P3), Urgency=Imminent (ttf=0.0s, conf=0.90, gate=PASS) -> candidate=P1, revised=P1"
ep_00062_CASCADING_FAILURE,CASCADING_FAILURE,238.0,P3,1.0,0.0,p99_latency,Moderate,Imminent,True,P1,P1,False,False,0,"Impact=Moderate (P3), Urgency=Imminent (ttf=0.0s, conf=1.00, gate=PASS) -> candidate=P1, revised=P1"
ep_00063_CACHE_STAMPEDE,CACHE_STAMPEDE,238.0,P3,1.0,0.0,cache_miss_rate,Moderate,Imminent,True,P1,P1,False,False,0,"Impact=Moderate (P3), Urgency=Imminent (ttf=0.0s, conf=1.00, gate=PASS) -> candidate=P1, revised=P1"
ep_00064_ERROR_STORM,ERROR_STORM,238.0,P3,0.8297,,,Moderate,Distant,True,P3,P3,False,False,0,"Impact=Moderate (P3), Urgency=Distant (ttf=nans, conf=0.83, gate=PASS) -> candidate=P3, revised=P3"
ep_00066_DISK_IO_SATURATION,DISK_IO_SATURATION,238.0,P3,1.0,,,Moderate,Distant,True,P3,P3,False,False,0,"Impact=Moderate (P3), Urgency=Distant (ttf=nans, conf=1.00, gate=PASS) -> candidate=P3, revised=P3"
ep_00067_DISK_IO_SATURATION,DISK_IO_SATURATION,238.0,P3,1.0,,,Moderate,Distant,True,P3,P3,False,False,0,"Impact=Moderate (P3), Urgency=Distant (ttf=nans, conf=1.00, gate=PASS) -> candidate=P3, revised=P3"
ep_00068_MEMORY_LEAK,MEMORY_LEAK,238.0,P3,1.0,37619.36,heap_mb,Moderate,Distant,True,P3,P3,False,False,0,"Impact=Moderate (P3), Urgency=Distant (ttf=37619.36s, conf=1.00, gate=PASS) -> candidate=P3, revised=P3"
ep_00070_LATENCY_SPIKE,LATENCY_SPIKE,238.0,P3,0.3,,,Moderate,Distant,False,P3,P3,False,False,0,"Impact=Moderate (P3), Urgency=Distant (ttf=nans, conf=0.30, gate=FAIL) -> candidate=P3, revised=P3"
ep_00071_BAD_DEPLOY,BAD_DEPLOY,238.0,P3,0.9522,0.0,error_rate,Moderate,Imminent,True,P1,P1,False,False,0,"Impact=Moderate (P3), Urgency=Imminent (ttf=0.0s, conf=0.95, gate=PASS) -> candidate=P1, revised=P1"
ep_00072_LATENCY_SPIKE,LATENCY_SPIKE,238.0,P3,0.3,,,Moderate,Distant,False,P3,P3,False,False,0,"Impact=Moderate (P3), Urgency=Distant (ttf=nans, conf=0.30, gate=FAIL) -> candidate=P3, revised=P3"
ep_00073_DISK_IO_SATURATION,DISK_IO_SATURATION,238.0,P3,1.0,,,Moderate,Distant,True,P3,P3,False,False,0,"Impact=Moderate (P3), Urgency=Distant (ttf=nans, conf=1.00, gate=PASS) -> candidate=P3, revised=P3"
ep_00074_CACHE_STAMPEDE,CACHE_STAMPEDE,238.0,P3,1.0,0.0,cache_miss_rate,Moderate,Imminent,True,P1,P1,False,False,0,"Impact=Moderate (P3), Urgency=Imminent (ttf=0.0s, conf=1.00, gate=PASS) -> candidate=P1, revised=P1"
ep_00075_CASCADING_FAILURE,CASCADING_FAILURE,238.0,P3,1.0,0.0,p99_latency,Moderate,Imminent,True,P1,P1,False,False,0,"Impact=Moderate (P3), Urgency=Imminent (ttf=0.0s, conf=1.00, gate=PASS) -> candidate=P1, revised=P1"
ep_00076_DB_SLOWDOWN,DB_SLOWDOWN,238.0,P3,0.6747,0.0,db_connection_wait,Moderate,Distant,False,P3,P3,False,False,0,"Impact=Moderate (P3), Urgency=Distant (ttf=0.0s, conf=0.67, gate=FAIL) -> candidate=P3, revised=P3"
ep_00077_RETRY_STORM,RETRY_STORM,238.0,P3,0.9029,14.53,rps,Moderate,Imminent,True,P1,P1,False,False,0,"Impact=Moderate (P3), Urgency=Imminent (ttf=14.53s, conf=0.90, gate=PASS) -> candidate=P1, revised=P1"
ep_00079_ERROR_STORM,ERROR_STORM,238.0,P3,0.7526,,,Moderate,Distant,True,P3,P3,False,False,0,"Impact=Moderate (P3), Urgency=Distant (ttf=nans, conf=0.75, gate=PASS) -> candidate=P3, revised=P3"
ep_00080_QUEUE_BACKUP,QUEUE_BACKUP,238.0,P3,1.0,0.0,thread_pool_queue,Moderate,Imminent,True,P1,P1,False,False,0,"Impact=Moderate (P3), Urgency=Imminent (ttf=0.0s, conf=1.00, gate=PASS) -> candidate=P1, revised=P1"
ep_00081_BAD_DEPLOY,BAD_DEPLOY,238.0,P3,0.8406,0.0,error_rate,Moderate,Imminent,True,P1,P1,False,False,0,"Impact=Moderate (P3), Urgency=Imminent (ttf=0.0s, conf=0.84, gate=PASS) -> candidate=P1, revised=P1"
ep_00082_CASCADING_FAILURE,CASCADING_FAILURE,238.0,P3,1.0,0.0,p99_latency,Moderate,Imminent,True,P1,P1,False,False,0,"Impact=Moderate (P3), Urgency=Imminent (ttf=0.0s, conf=1.00, gate=PASS) -> candidate=P1, revised=P1"
ep_00083_MEMORY_LEAK,MEMORY_LEAK,238.0,P3,1.0,9135.87,memory_utilization,Moderate,Distant,True,P3,P3,False,False,0,"Impact=Moderate (P3), Urgency=Distant (ttf=9135.87s, conf=1.00, gate=PASS) -> candidate=P3, revised=P3"
ep_00084_DISK_IO_SATURATION,DISK_IO_SATURATION,238.0,P3,1.0,,,Moderate,Distant,True,P3,P3,False,False,0,"Impact=Moderate (P3), Urgency=Distant (ttf=nans, conf=1.00, gate=PASS) -> candidate=P3, revised=P3"
ep_00085_CPU_SATURATION,CPU_SATURATION,238.0,P3,1.0,0.0,cpu_utilization,Moderate,Imminent,True,P1,P1,False,False,0,"Impact=Moderate (P3), Urgency=Imminent (ttf=0.0s, conf=1.00, gate=PASS) -> candidate=P1, revised=P1"
ep_00086_BAD_DEPLOY,BAD_DEPLOY,238.0,P3,0.8676,0.0,error_rate,Moderate,Imminent,True,P1,P1,False,False,0,"Impact=Moderate (P3), Urgency=Imminent (ttf=0.0s, conf=0.87, gate=PASS) -> candidate=P1, revised=P1"
ep_00087_DB_SLOWDOWN,DB_SLOWDOWN,238.0,P3,0.7001,0.0,db_connection_wait,Moderate,Distant,False,P3,P3,False,False,0,"Impact=Moderate (P3), Urgency=Distant (ttf=0.0s, conf=0.70, gate=FAIL) -> candidate=P3, revised=P3"
ep_00088_DISK_IO_SATURATION,DISK_IO_SATURATION,238.0,P3,1.0,,,Moderate,Distant,True,P3,P3,False,False,0,"Impact=Moderate (P3), Urgency=Distant (ttf=nans, conf=1.00, gate=PASS) -> candidate=P3, revised=P3"
ep_00089_CACHE_STAMPEDE,CACHE_STAMPEDE,238.0,P3,1.0,0.0,cache_miss_rate,Moderate,Imminent,True,P1,P1,False,False,0,"Impact=Moderate (P3), Urgency=Imminent (ttf=0.0s, conf=1.00, gate=PASS) -> candidate=P1, revised=P1"
ep_00090_DISK_IO_SATURATION,DISK_IO_SATURATION,238.0,P3,1.0,,,Moderate,Distant,True,P3,P3,False,False,0,"Impact=Moderate (P3), Urgency=Distant (ttf=nans, conf=1.00, gate=PASS) -> candidate=P3, revised=P3"
ep_00091_CPU_SATURATION,CPU_SATURATION,238.0,P3,1.0,227.56,cpu_utilization,Moderate,Distant,True,P3,P3,False,False,0,"Impact=Moderate (P3), Urgency=Distant (ttf=227.56s, conf=1.00, gate=PASS) -> candidate=P3, revised=P3"
ep_00092_DB_SLOWDOWN,DB_SLOWDOWN,238.0,P3,0.7429,0.0,db_connection_wait,Moderate,Distant,False,P3,P3,False,False,0,"Impact=Moderate (P3), Urgency=Distant (ttf=0.0s, conf=0.74, gate=FAIL) -> candidate=P3, revised=P3"
ep_00093_LATENCY_SPIKE,LATENCY_SPIKE,238.0,P3,0.5444,,,Moderate,Distant,False,P3,P3,False,False,0,"Impact=Moderate (P3), Urgency=Distant (ttf=nans, conf=0.54, gate=FAIL) -> candidate=P3, revised=P3"
ep_00094_QUEUE_BACKUP,QUEUE_BACKUP,238.0,P3,1.0,0.0,thread_pool_queue,Moderate,Imminent,True,P1,P1,False,False,0,"Impact=Moderate (P3), Urgency=Imminent (ttf=0.0s, conf=1.00, gate=PASS) -> candidate=P1, revised=P1"
ep_00095_LATENCY_SPIKE,LATENCY_SPIKE,238.0,P3,0.4496,,,Moderate,Distant,False,P3,P3,False,False,0,"Impact=Moderate (P3), Urgency=Distant (ttf=nans, conf=0.45, gate=FAIL) -> candidate=P3, revised=P3"
ep_00096_QUEUE_BACKUP,QUEUE_BACKUP,238.0,P3,1.0,0.0,thread_pool_queue,Moderate,Imminent,True,P1,P1,False,False,0,"Impact=Moderate (P3), Urgency=Imminent (ttf=0.0s, conf=1.00, gate=PASS) -> candidate=P1, revised=P1"
ep_00098_DB_SLOWDOWN,DB_SLOWDOWN,238.0,P3,0.7286,0.0,db_connection_wait,Moderate,Distant,False,P3,P3,False,False,0,"Impact=Moderate (P3), Urgency=Distant (ttf=0.0s, conf=0.73, gate=FAIL) -> candidate=P3, revised=P3"
ep_00099_MEMORY_LEAK,MEMORY_LEAK,238.0,P3,1.0,94685.64,heap_mb,Moderate,Distant,True,P3,P3,False,False,0,"Impact=Moderate (P3), Urgency=Distant (ttf=94685.64s, conf=1.00, gate=PASS) -> candidate=P3, revised=P3"
ep_00100_CACHE_STAMPEDE,CACHE_STAMPEDE,238.0,P3,1.0,0.0,cache_miss_rate,Moderate,Imminent,True,P1,P1,False,False,0,"Impact=Moderate (P3), Urgency=Imminent (ttf=0.0s, conf=1.00, gate=PASS) -> candidate=P1, revised=P1"
ep_00101_DISK_IO_SATURATION,DISK_IO_SATURATION,238.0,P3,1.0,1239.5,disk_read_latency,Moderate,Distant,True,P3,P3,False,False,0,"Impact=Moderate (P3), Urgency=Distant (ttf=1239.5s, conf=1.00, gate=PASS) -> candidate=P3, revised=P3"
ep_00102_RETRY_STORM,RETRY_STORM,238.0,P3,0.9155,0.0,rps,Moderate,Imminent,True,P1,P1,False,False,0,"Impact=Moderate (P3), Urgency=Imminent (ttf=0.0s, conf=0.92, gate=PASS) -> candidate=P1, revised=P1"
ep_00103_DB_SLOWDOWN,DB_SLOWDOWN,238.0,P3,0.5746,0.0,db_connection_wait,Moderate,Distant,False,P3,P3,False,False,0,"Impact=Moderate (P3), Urgency=Distant (ttf=0.0s, conf=0.57, gate=FAIL) -> candidate=P3, revised=P3"
ep_00104_LATENCY_SPIKE,LATENCY_SPIKE,238.0,P3,0.4223,,,Moderate,Distant,False,P3,P3,False,False,0,"Impact=Moderate (P3), Urgency=Distant (ttf=nans, conf=0.42, gate=FAIL) -> candidate=P3, revised=P3"
ep_00105_CACHE_STAMPEDE,CACHE_STAMPEDE,238.0,P3,1.0,51.86,cache_miss_rate,Moderate,Near,True,P2,P2,False,False,0,"Impact=Moderate (P3), Urgency=Near (ttf=51.86s, conf=1.00, gate=PASS) -> candidate=P2, revised=P2"
ep_00107_ERROR_STORM,ERROR_STORM,238.0,P3,0.8758,1982.08,error_rate,Moderate,Distant,True,P3,P3,False,False,0,"Impact=Moderate (P3), Urgency=Distant (ttf=1982.08s, conf=0.88, gate=PASS) -> candidate=P3, revised=P3"
ep_00108_CACHE_STAMPEDE,CACHE_STAMPEDE,238.0,P3,1.0,0.0,cache_miss_rate,Moderate,Imminent,True,P1,P1,False,False,0,"Impact=Moderate (P3), Urgency=Imminent (ttf=0.0s, conf=1.00, gate=PASS) -> candidate=P1, revised=P1"
ep_00110_CACHE_STAMPEDE,CACHE_STAMPEDE,238.0,P3,1.0,0.0,cache_miss_rate,Moderate,Imminent,True,P1,P1,False,False,0,"Impact=Moderate (P3), Urgency=Imminent (ttf=0.0s, conf=1.00, gate=PASS) -> candidate=P1, revised=P1"
ep_00111_CACHE_STAMPEDE,CACHE_STAMPEDE,238.0,P3,1.0,0.0,cache_miss_rate,Moderate,Imminent,True,P1,P1,False,False,0,"Impact=Moderate (P3), Urgency=Imminent (ttf=0.0s, conf=1.00, gate=PASS) -> candidate=P1, revised=P1"
ep_00112_CASCADING_FAILURE,CASCADING_FAILURE,238.0,P3,1.0,0.0,p99_latency,Moderate,Imminent,True,P1,P1,False,False,0,"Impact=Moderate (P3), Urgency=Imminent (ttf=0.0s, conf=1.00, gate=PASS) -> candidate=P1, revised=P1"
ep_00113_DB_SLOWDOWN,DB_SLOWDOWN,238.0,P3,0.7186,0.0,db_connection_wait,Moderate,Distant,False,P3,P3,False,False,0,"Impact=Moderate (P3), Urgency=Distant (ttf=0.0s, conf=0.72, gate=FAIL) -> candidate=P3, revised=P3"
ep_00114_RETRY_STORM,RETRY_STORM,238.0,P3,0.8808,0.0,rps,Moderate,Imminent,True,P1,P1,False,False,0,"Impact=Moderate (P3), Urgency=Imminent (ttf=0.0s, conf=0.88, gate=PASS) -> candidate=P1, revised=P1"
ep_00116_LATENCY_SPIKE,LATENCY_SPIKE,238.0,P3,0.3925,,,Moderate,Distant,False,P3,P3,False,False,0,"Impact=Moderate (P3), Urgency=Distant (ttf=nans, conf=0.39, gate=FAIL) -> candidate=P3, revised=P3"
ep_00117_MEMORY_LEAK,MEMORY_LEAK,238.0,P3,1.0,13538.59,heap_mb,Moderate,Distant,True,P3,P3,False,False,0,"Impact=Moderate (P3), Urgency=Distant (ttf=13538.59s, conf=1.00, gate=PASS) -> candidate=P3, revised=P3"
ep_00118_CASCADING_FAILURE,CASCADING_FAILURE,238.0,P3,1.0,0.0,p99_latency,Moderate,Imminent,True,P1,P1,False,False,0,"Impact=Moderate (P3), Urgency=Imminent (ttf=0.0s, conf=1.00, gate=PASS) -> candidate=P1, revised=P1"
ep_00119_DISK_IO_SATURATION,DISK_IO_SATURATION,238.0,P3,1.0,1920.5,queue_lag,Moderate,Distant,True,P3,P3,False,False,0,"Impact=Moderate (P3), Urgency=Distant (ttf=1920.5s, conf=1.00, gate=PASS) -> candidate=P3, revised=P3"
ep_00120_DISK_IO_SATURATION,DISK_IO_SATURATION,238.0,P3,1.0,,,Moderate,Distant,True,P3,P3,False,False,0,"Impact=Moderate (P3), Urgency=Distant (ttf=nans, conf=1.00, gate=PASS) -> candidate=P3, revised=P3"
ep_00121_ERROR_STORM,ERROR_STORM,238.0,P3,0.8579,,,Moderate,Distant,True,P3,P3,False,False,0,"Impact=Moderate (P3), Urgency=Distant (ttf=nans, conf=0.86, gate=PASS) -> candidate=P3, revised=P3"
ep_00122_BAD_DEPLOY,BAD_DEPLOY,238.0,P3,0.8339,0.0,error_rate,Moderate,Imminent,True,P1,P1,False,False,0,"Impact=Moderate (P3), Urgency=Imminent (ttf=0.0s, conf=0.83, gate=PASS) -> candidate=P1, revised=P1"
ep_00123_ERROR_STORM,ERROR_STORM,238.0,P3,0.8198,,,Moderate,Distant,True,P3,P3,False,False,0,"Impact=Moderate (P3), Urgency=Distant (ttf=nans, conf=0.82, gate=PASS) -> candidate=P3, revised=P3"
ep_00124_CPU_SATURATION,CPU_SATURATION,238.0,P3,1.0,,,Moderate,Distant,True,P3,P3,False,False,0,"Impact=Moderate (P3), Urgency=Distant (ttf=nans, conf=1.00, gate=PASS) -> candidate=P3, revised=P3"
ep_00125_CPU_SATURATION,CPU_SATURATION,238.0,P3,1.0,,,Moderate,Distant,True,P3,P3,False,False,0,"Impact=Moderate (P3), Urgency=Distant (ttf=nans, conf=1.00, gate=PASS) -> candidate=P3, revised=P3"
ep_00126_CACHE_STAMPEDE,CACHE_STAMPEDE,238.0,P3,1.0,,,Moderate,Distant,True,P3,P3,False,False,0,"Impact=Moderate (P3), Urgency=Distant (ttf=nans, conf=1.00, gate=PASS) -> candidate=P3, revised=P3"
ep_00127_BAD_DEPLOY,BAD_DEPLOY,238.0,P3,0.8553,0.0,error_rate,Moderate,Imminent,True,P1,P1,False,False,0,"Impact=Moderate (P3), Urgency=Imminent (ttf=0.0s, conf=0.86, gate=PASS) -> candidate=P1, revised=P1"
ep_00128_DISK_IO_SATURATION,DISK_IO_SATURATION,238.0,P3,1.0,,,Moderate,Distant,True,P3,P3,False,False,0,"Impact=Moderate (P3), Urgency=Distant (ttf=nans, conf=1.00, gate=PASS) -> candidate=P3, revised=P3"
ep_00129_RETRY_STORM,RETRY_STORM,238.0,P3,0.9269,,,Moderate,Distant,True,P3,P3,False,False,0,"Impact=Moderate (P3), Urgency=Distant (ttf=nans, conf=0.93, gate=PASS) -> candidate=P3, revised=P3"
ep_00130_BAD_DEPLOY,BAD_DEPLOY,238.0,P3,0.9417,0.0,error_rate,Moderate,Imminent,True,P1,P1,False,False,0,"Impact=Moderate (P3), Urgency=Imminent (ttf=0.0s, conf=0.94, gate=PASS) -> candidate=P1, revised=P1"
ep_00131_MEMORY_LEAK,MEMORY_LEAK,238.0,P3,1.0,,,Moderate,Distant,True,P3,P3,False,False,0,"Impact=Moderate (P3), Urgency=Distant (ttf=nans, conf=1.00, gate=PASS) -> candidate=P3, revised=P3"
ep_00132_DEPENDENCY_TIMEOUT,DEPENDENCY_TIMEOUT,238.0,P3,0.9594,0.0,upstream_timeout_rate,Moderate,Imminent,True,P1,P1,False,False,0,"Impact=Moderate (P3), Urgency=Imminent (ttf=0.0s, conf=0.96, gate=PASS) -> candidate=P1, revised=P1"
ep_00133_LATENCY_SPIKE,LATENCY_SPIKE,238.0,P3,0.3,1907.38,p95_latency,Moderate,Distant,False,P3,P3,False,False,0,"Impact=Moderate (P3), Urgency=Distant (ttf=1907.38s, conf=0.30, gate=FAIL) -> candidate=P3, revised=P3"
ep_00134_MEMORY_LEAK,MEMORY_LEAK,238.0,P3,1.0,130655.94,heap_mb,Moderate,Distant,True,P3,P3,False,False,0,"Impact=Moderate (P3), Urgency=Distant (ttf=130655.94s, conf=1.00, gate=PASS) -> candidate=P3, revised=P3"
ep_00135_LATENCY_SPIKE,LATENCY_SPIKE,238.0,P3,0.3,,,Moderate,Distant,False,P3,P3,False,False,0,"Impact=Moderate (P3), Urgency=Distant (ttf=nans, conf=0.30, gate=FAIL) -> candidate=P3, revised=P3"
ep_00136_RETRY_STORM,RETRY_STORM,238.0,P3,0.8372,0.0,rps,Moderate,Imminent,True,P1,P1,False,False,0,"Impact=Moderate (P3), Urgency=Imminent (ttf=0.0s, conf=0.84, gate=PASS) -> candidate=P1, revised=P1"
ep_00137_LATENCY_SPIKE,LATENCY_SPIKE,238.0,P3,0.4279,,,Moderate,Distant,False,P3,P3,False,False,0,"Impact=Moderate (P3), Urgency=Distant (ttf=nans, conf=0.43, gate=FAIL) -> candidate=P3, revised=P3"
ep_00138_CPU_SATURATION,CPU_SATURATION,238.0,P3,1.0,62.34,cpu_saturation,Moderate,Near,True,P2,P2,False,False,0,"Impact=Moderate (P3), Urgency=Near (ttf=62.34s, conf=1.00, gate=PASS) -> candidate=P2, revised=P2"
ep_00140_BAD_DEPLOY,BAD_DEPLOY,238.0,P3,0.8128,50.51,error_rate,Moderate,Near,True,P2,P2,False,False,0,"Impact=Moderate (P3), Urgency=Near (ttf=50.51s, conf=0.81, gate=PASS) -> candidate=P2, revised=P2"
ep_00141_CASCADING_FAILURE,CASCADING_FAILURE,238.0,P3,1.0,0.0,error_rate,Moderate,Imminent,True,P1,P1,False,False,0,"Impact=Moderate (P3), Urgency=Imminent (ttf=0.0s, conf=1.00, gate=PASS) -> candidate=P1, revised=P1"
ep_00142_CPU_SATURATION,CPU_SATURATION,238.0,P3,1.0,,,Moderate,Distant,True,P3,P3,False,False,0,"Impact=Moderate (P3), Urgency=Distant (ttf=nans, conf=1.00, gate=PASS) -> candidate=P3, revised=P3"
ep_00143_CPU_SATURATION,CPU_SATURATION,238.0,P3,1.0,0.0,cpu_utilization,Moderate,Imminent,True,P1,P1,False,False,0,"Impact=Moderate (P3), Urgency=Imminent (ttf=0.0s, conf=1.00, gate=PASS) -> candidate=P1, revised=P1"
ep_00144_DB_SLOWDOWN,DB_SLOWDOWN,238.0,P3,0.6595,0.0,db_connection_wait,Moderate,Distant,False,P3,P3,False,False,0,"Impact=Moderate (P3), Urgency=Distant (ttf=0.0s, conf=0.66, gate=FAIL) -> candidate=P3, revised=P3"
ep_00145_MEMORY_LEAK,MEMORY_LEAK,238.0,P3,1.0,,,Moderate,Distant,True,P3,P3,False,False,0,"Impact=Moderate (P3), Urgency=Distant (ttf=nans, conf=1.00, gate=PASS) -> candidate=P3, revised=P3"
ep_00146_DEPENDENCY_TIMEOUT,DEPENDENCY_TIMEOUT,238.0,P3,0.8826,135.8,upstream_timeout_rate,Moderate,Distant,True,P3,P3,False,False,0,"Impact=Moderate (P3), Urgency=Distant (ttf=135.8s, conf=0.88, gate=PASS) -> candidate=P3, revised=P3"
ep_00147_CPU_SATURATION,CPU_SATURATION,238.0,P3,1.0,0.0,cpu_utilization,Moderate,Imminent,True,P1,P1,False,False,0,"Impact=Moderate (P3), Urgency=Imminent (ttf=0.0s, conf=1.00, gate=PASS) -> candidate=P1, revised=P1"
ep_00148_BAD_DEPLOY,BAD_DEPLOY,238.0,P3,0.9262,0.0,error_rate,Moderate,Imminent,True,P1,P1,False,False,0,"Impact=Moderate (P3), Urgency=Imminent (ttf=0.0s, conf=0.93, gate=PASS) -> candidate=P1, revised=P1"
ep_00149_BAD_DEPLOY,BAD_DEPLOY,238.0,P3,0.9459,0.0,error_rate,Moderate,Imminent,True,P1,P1,False,False,0,"Impact=Moderate (P3), Urgency=Imminent (ttf=0.0s, conf=0.95, gate=PASS) -> candidate=P1, revised=P1"
ep_00151_DISK_IO_SATURATION,DISK_IO_SATURATION,238.0,P3,1.0,5935.8,disk_write_latency,Moderate,Distant,True,P3,P3,False,False,0,"Impact=Moderate (P3), Urgency=Distant (ttf=5935.8s, conf=1.00, gate=PASS) -> candidate=P3, revised=P3"
ep_00152_DISK_IO_SATURATION,DISK_IO_SATURATION,238.0,P3,1.0,1227.75,queue_lag,Moderate,Distant,True,P3,P3,False,False,0,"Impact=Moderate (P3), Urgency=Distant (ttf=1227.75s, conf=1.00, gate=PASS) -> candidate=P3, revised=P3"
ep_00153_DEPENDENCY_TIMEOUT,DEPENDENCY_TIMEOUT,238.0,P3,0.9597,0.0,upstream_timeout_rate,Moderate,Imminent,True,P1,P1,False,False,0,"Impact=Moderate (P3), Urgency=Imminent (ttf=0.0s, conf=0.96, gate=PASS) -> candidate=P1, revised=P1"
ep_00154_BAD_DEPLOY,BAD_DEPLOY,238.0,P3,0.9636,,,Moderate,Distant,True,P3,P3,False,False,0,"Impact=Moderate (P3), Urgency=Distant (ttf=nans, conf=0.96, gate=PASS) -> candidate=P3, revised=P3"
ep_00155_RETRY_STORM,RETRY_STORM,238.0,P3,0.8429,0.0,rps,Moderate,Imminent,True,P1,P1,False,False,0,"Impact=Moderate (P3), Urgency=Imminent (ttf=0.0s, conf=0.84, gate=PASS) -> candidate=P1, revised=P1"
ep_00156_MEMORY_LEAK,MEMORY_LEAK,238.0,P3,1.0,,,Moderate,Distant,True,P3,P3,False,False,0,"Impact=Moderate (P3), Urgency=Distant (ttf=nans, conf=1.00, gate=PASS) -> candidate=P3, revised=P3"
ep_00157_DEPENDENCY_TIMEOUT,DEPENDENCY_TIMEOUT,238.0,P3,0.9622,,,Moderate,Distant,True,P3,P3,False,False,0,"Impact=Moderate (P3), Urgency=Distant (ttf=nans, conf=0.96, gate=PASS) -> candidate=P3, revised=P3"
ep_00158_DISK_IO_SATURATION,DISK_IO_SATURATION,238.0,P3,1.0,,,Moderate,Distant,True,P3,P3,False,False,0,"Impact=Moderate (P3), Urgency=Distant (ttf=nans, conf=1.00, gate=PASS) -> candidate=P3, revised=P3"
ep_00159_MEMORY_LEAK,MEMORY_LEAK,238.0,P3,1.0,,,Moderate,Distant,True,P3,P3,False,False,0,"Impact=Moderate (P3), Urgency=Distant (ttf=nans, conf=1.00, gate=PASS) -> candidate=P3, revised=P3"
ep_00160_CACHE_STAMPEDE,CACHE_STAMPEDE,238.0,P3,1.0,82.64,cache_miss_rate,Moderate,Near,True,P2,P2,False,False,0,"Impact=Moderate (P3), Urgency=Near (ttf=82.64s, conf=1.00, gate=PASS) -> candidate=P2, revised=P2"
ep_00161_QUEUE_BACKUP,QUEUE_BACKUP,238.0,P3,1.0,0.0,thread_pool_queue,Moderate,Imminent,True,P1,P1,False,False,0,"Impact=Moderate (P3), Urgency=Imminent (ttf=0.0s, conf=1.00, gate=PASS) -> candidate=P1, revised=P1"
ep_00162_CASCADING_FAILURE,CASCADING_FAILURE,238.0,P3,1.0,0.0,p99_latency,Moderate,Imminent,True,P1,P1,False,False,0,"Impact=Moderate (P3), Urgency=Imminent (ttf=0.0s, conf=1.00, gate=PASS) -> candidate=P1, revised=P1"
ep_00163_MEMORY_LEAK,MEMORY_LEAK,238.0,P3,1.0,4863.57,memory_utilization,Moderate,Distant,True,P3,P3,False,False,0,"Impact=Moderate (P3), Urgency=Distant (ttf=4863.57s, conf=1.00, gate=PASS) -> candidate=P3, revised=P3"
ep_00164_CASCADING_FAILURE,CASCADING_FAILURE,238.0,P3,1.0,0.0,p99_latency,Moderate,Imminent,True,P1,P1,False,False,0,"Impact=Moderate (P3), Urgency=Imminent (ttf=0.0s, conf=1.00, gate=PASS) -> candidate=P1, revised=P1"
ep_00165_LATENCY_SPIKE,LATENCY_SPIKE,238.0,P3,0.5705,,,Moderate,Distant,False,P3,P3,False,False,0,"Impact=Moderate (P3), Urgency=Distant (ttf=nans, conf=0.57, gate=FAIL) -> candidate=P3, revised=P3"
ep_00166_BAD_DEPLOY,BAD_DEPLOY,238.0,P3,0.9284,0.0,error_rate,Moderate,Imminent,True,P1,P1,False,False,0,"Impact=Moderate (P3), Urgency=Imminent (ttf=0.0s, conf=0.93, gate=PASS) -> candidate=P1, revised=P1"
ep_00167_ERROR_STORM,ERROR_STORM,238.0,P3,0.7996,,,Moderate,Distant,True,P3,P3,False,False,0,"Impact=Moderate (P3), Urgency=Distant (ttf=nans, conf=0.80, gate=PASS) -> candidate=P3, revised=P3"
ep_00168_RETRY_STORM,RETRY_STORM,238.0,P3,0.8737,0.0,rps,Moderate,Imminent,True,P1,P1,False,False,0,"Impact=Moderate (P3), Urgency=Imminent (ttf=0.0s, conf=0.87, gate=PASS) -> candidate=P1, revised=P1"
ep_00170_DB_SLOWDOWN,DB_SLOWDOWN,238.0,P3,0.7249,0.0,db_connection_wait,Moderate,Distant,False,P3,P3,False,False,0,"Impact=Moderate (P3), Urgency=Distant (ttf=0.0s, conf=0.72, gate=FAIL) -> candidate=P3, revised=P3"
ep_00171_CPU_SATURATION,CPU_SATURATION,238.0,P3,1.0,0.0,cpu_utilization,Moderate,Imminent,True,P1,P1,False,False,0,"Impact=Moderate (P3), Urgency=Imminent (ttf=0.0s, conf=1.00, gate=PASS) -> candidate=P1, revised=P1"
ep_00172_DEPENDENCY_TIMEOUT,DEPENDENCY_TIMEOUT,238.0,P3,0.9609,0.0,upstream_timeout_rate,Moderate,Imminent,True,P1,P1,False,False,0,"Impact=Moderate (P3), Urgency=Imminent (ttf=0.0s, conf=0.96, gate=PASS) -> candidate=P1, revised=P1"
ep_00173_RETRY_STORM,RETRY_STORM,238.0,P3,0.8639,0.0,rps,Moderate,Imminent,True,P1,P1,False,False,0,"Impact=Moderate (P3), Urgency=Imminent (ttf=0.0s, conf=0.86, gate=PASS) -> candidate=P1, revised=P1"
ep_00175_CASCADING_FAILURE,CASCADING_FAILURE,238.0,P3,1.0,0.0,error_rate,Moderate,Imminent,True,P1,P1,False,False,0,"Impact=Moderate (P3), Urgency=Imminent (ttf=0.0s, conf=1.00, gate=PASS) -> candidate=P1, revised=P1"
ep_00176_ERROR_STORM,ERROR_STORM,238.0,P3,0.7635,,,Moderate,Distant,True,P3,P3,False,False,0,"Impact=Moderate (P3), Urgency=Distant (ttf=nans, conf=0.76, gate=PASS) -> candidate=P3, revised=P3"
ep_00177_QUEUE_BACKUP,QUEUE_BACKUP,238.0,P3,1.0,0.0,thread_pool_queue,Moderate,Imminent,True,P1,P1,False,False,0,"Impact=Moderate (P3), Urgency=Imminent (ttf=0.0s, conf=1.00, gate=PASS) -> candidate=P1, revised=P1"
ep_00178_CASCADING_FAILURE,CASCADING_FAILURE,238.0,P3,1.0,0.0,p99_latency,Moderate,Imminent,True,P1,P1,False,False,0,"Impact=Moderate (P3), Urgency=Imminent (ttf=0.0s, conf=1.00, gate=PASS) -> candidate=P1, revised=P1"
ep_00179_DB_SLOWDOWN,DB_SLOWDOWN,238.0,P3,0.6648,0.0,db_connection_wait,Moderate,Distant,False,P3,P3,False,False,0,"Impact=Moderate (P3), Urgency=Distant (ttf=0.0s, conf=0.66, gate=FAIL) -> candidate=P3, revised=P3"
ep_00180_ERROR_STORM,ERROR_STORM,238.0,P3,0.7716,0.0,error_rate,Moderate,Imminent,True,P1,P1,False,False,0,"Impact=Moderate (P3), Urgency=Imminent (ttf=0.0s, conf=0.77, gate=PASS) -> candidate=P1, revised=P1"
ep_00181_ERROR_STORM,ERROR_STORM,238.0,P3,0.7057,0.0,error_rate,Moderate,Distant,False,P3,P3,False,False,0,"Impact=Moderate (P3), Urgency=Distant (ttf=0.0s, conf=0.71, gate=FAIL) -> candidate=P3, revised=P3"
ep_00182_ERROR_STORM,ERROR_STORM,238.0,P3,0.8019,0.0,error_rate,Moderate,Imminent,True,P1,P1,False,False,0,"Impact=Moderate (P3), Urgency=Imminent (ttf=0.0s, conf=0.80, gate=PASS) -> candidate=P1, revised=P1"
ep_00183_MEMORY_LEAK,MEMORY_LEAK,238.0,P3,1.0,,,Moderate,Distant,True,P3,P3,False,False,0,"Impact=Moderate (P3), Urgency=Distant (ttf=nans, conf=1.00, gate=PASS) -> candidate=P3, revised=P3"
ep_00184_ERROR_STORM,ERROR_STORM,238.0,P3,0.8027,,,Moderate,Distant,True,P3,P3,False,False,0,"Impact=Moderate (P3), Urgency=Distant (ttf=nans, conf=0.80, gate=PASS) -> candidate=P3, revised=P3"
ep_00185_LATENCY_SPIKE,LATENCY_SPIKE,238.0,P3,0.3,,,Moderate,Distant,False,P3,P3,False,False,0,"Impact=Moderate (P3), Urgency=Distant (ttf=nans, conf=0.30, gate=FAIL) -> candidate=P3, revised=P3"
ep_00186_BAD_DEPLOY,BAD_DEPLOY,238.0,P3,0.9036,0.0,error_rate,Moderate,Imminent,True,P1,P1,False,False,0,"Impact=Moderate (P3), Urgency=Imminent (ttf=0.0s, conf=0.90, gate=PASS) -> candidate=P1, revised=P1"
ep_00187_CPU_SATURATION,CPU_SATURATION,238.0,P3,1.0,,,Moderate,Distant,True,P3,P3,False,False,0,"Impact=Moderate (P3), Urgency=Distant (ttf=nans, conf=1.00, gate=PASS) -> candidate=P3, revised=P3"
ep_00188_LATENCY_SPIKE,LATENCY_SPIKE,238.0,P3,0.3049,,,Moderate,Distant,False,P3,P3,False,False,0,"Impact=Moderate (P3), Urgency=Distant (ttf=nans, conf=0.30, gate=FAIL) -> candidate=P3, revised=P3"
ep_00189_DB_SLOWDOWN,DB_SLOWDOWN,238.0,P3,0.7075,0.0,db_connection_wait,Moderate,Distant,False,P3,P3,False,False,0,"Impact=Moderate (P3), Urgency=Distant (ttf=0.0s, conf=0.71, gate=FAIL) -> candidate=P3, revised=P3"
ep_00190_CPU_SATURATION,CPU_SATURATION,238.0,P3,1.0,253.43,cpu_utilization,Moderate,Distant,True,P3,P3,False,False,0,"Impact=Moderate (P3), Urgency=Distant (ttf=253.43s, conf=1.00, gate=PASS) -> candidate=P3, revised=P3"
ep_00191_CACHE_STAMPEDE,CACHE_STAMPEDE,238.0,P3,1.0,0.0,cache_miss_rate,Moderate,Imminent,True,P1,P1,False,False,0,"Impact=Moderate (P3), Urgency=Imminent (ttf=0.0s, conf=1.00, gate=PASS) -> candidate=P1, revised=P1"
ep_00192_RETRY_STORM,RETRY_STORM,238.0,P3,0.8904,0.0,rps,Moderate,Imminent,True,P1,P1,False,False,0,"Impact=Moderate (P3), Urgency=Imminent (ttf=0.0s, conf=0.89, gate=PASS) -> candidate=P1, revised=P1"
ep_00193_MEMORY_LEAK,MEMORY_LEAK,238.0,P3,1.0,4652.4,memory_utilization,Moderate,Distant,True,P3,P3,False,False,0,"Impact=Moderate (P3), Urgency=Distant (ttf=4652.4s, conf=1.00, gate=PASS) -> candidate=P3, revised=P3"
ep_00194_ERROR_STORM,ERROR_STORM,238.0,P3,0.7511,,,Moderate,Distant,True,P3,P3,False,False,0,"Impact=Moderate (P3), Urgency=Distant (ttf=nans, conf=0.75, gate=PASS) -> candidate=P3, revised=P3"
ep_00195_CACHE_STAMPEDE,CACHE_STAMPEDE,238.0,P3,1.0,0.0,cache_miss_rate,Moderate,Imminent,True,P1,P1,False,False,0,"Impact=Moderate (P3), Urgency=Imminent (ttf=0.0s, conf=1.00, gate=PASS) -> candidate=P1, revised=P1"
ep_00196_QUEUE_BACKUP,QUEUE_BACKUP,238.0,P3,1.0,0.0,thread_pool_queue,Moderate,Imminent,True,P1,P1,False,False,0,"Impact=Moderate (P3), Urgency=Imminent (ttf=0.0s, conf=1.00, gate=PASS) -> candidate=P1, revised=P1"
ep_00197_BAD_DEPLOY,BAD_DEPLOY,238.0,P3,0.9179,0.0,error_rate,Moderate,Imminent,True,P1,P1,False,False,0,"Impact=Moderate (P3), Urgency=Imminent (ttf=0.0s, conf=0.92, gate=PASS) -> candidate=P1, revised=P1"
ep_00198_CACHE_STAMPEDE,CACHE_STAMPEDE,238.0,P3,1.0,0.0,cache_miss_rate,Moderate,Imminent,True,P1,P1,False,False,0,"Impact=Moderate (P3), Urgency=Imminent (ttf=0.0s, conf=1.00, gate=PASS) -> candidate=P1, revised=P1"
ep_00199_DEPENDENCY_TIMEOUT,DEPENDENCY_TIMEOUT,238.0,P3,0.9053,,,Moderate,Distant,True,P3,P3,False,False,0,"Impact=Moderate (P3), Urgency=Distant (ttf=nans, conf=0.91, gate=PASS) -> candidate=P3, revised=P3"
ep_00200_BAD_DEPLOY,BAD_DEPLOY,238.0,P3,0.8825,15.47,error_rate,Moderate,Imminent,True,P1,P1,False,False,0,"Impact=Moderate (P3), Urgency=Imminent (ttf=15.47s, conf=0.88, gate=PASS) -> candidate=P1, revised=P1"
ep_00201_LATENCY_SPIKE,LATENCY_SPIKE,238.0,P3,0.6522,,,Moderate,Distant,False,P3,P3,False,False,0,"Impact=Moderate (P3), Urgency=Distant (ttf=nans, conf=0.65, gate=FAIL) -> candidate=P3, revised=P3"
ep_00202_DISK_IO_SATURATION,DISK_IO_SATURATION,238.0,P3,1.0,554.77,queue_lag,Moderate,Distant,True,P3,P3,False,False,0,"Impact=Moderate (P3), Urgency=Distant (ttf=554.77s, conf=1.00, gate=PASS) -> candidate=P3, revised=P3"
ep_00203_CPU_SATURATION,CPU_SATURATION,238.0,P3,1.0,1341.64,cpu_saturation,Moderate,Distant,True,P3,P3,False,False,0,"Impact=Moderate (P3), Urgency=Distant (ttf=1341.64s, conf=1.00, gate=PASS) -> candidate=P3, revised=P3"
ep_00204_RETRY_STORM,RETRY_STORM,238.0,P3,0.8508,0.0,rps,Moderate,Imminent,True,P1,P1,False,False,0,"Impact=Moderate (P3), Urgency=Imminent (ttf=0.0s, conf=0.85, gate=PASS) -> candidate=P1, revised=P1"
ep_00205_ERROR_STORM,ERROR_STORM,238.0,P3,0.7278,129.92,error_rate,Moderate,Distant,False,P3,P3,False,False,0,"Impact=Moderate (P3), Urgency=Distant (ttf=129.92s, conf=0.73, gate=FAIL) -> candidate=P3, revised=P3"
ep_00206_MEMORY_LEAK,MEMORY_LEAK,238.0,P3,1.0,,,Moderate,Distant,True,P3,P3,False,False,0,"Impact=Moderate (P3), Urgency=Distant (ttf=nans, conf=1.00, gate=PASS) -> candidate=P3, revised=P3"
ep_00207_RETRY_STORM,RETRY_STORM,238.0,P3,0.8882,0.0,rps,Moderate,Imminent,True,P1,P1,False,False,0,"Impact=Moderate (P3), Urgency=Imminent (ttf=0.0s, conf=0.89, gate=PASS) -> candidate=P1, revised=P1"
ep_00208_CPU_SATURATION,CPU_SATURATION,238.0,P3,1.0,,,Moderate,Distant,True,P3,P3,False,False,0,"Impact=Moderate (P3), Urgency=Distant (ttf=nans, conf=1.00, gate=PASS) -> candidate=P3, revised=P3"
ep_00209_BAD_DEPLOY,BAD_DEPLOY,238.0,P3,0.9322,0.0,error_rate,Moderate,Imminent,True,P1,P1,False,False,0,"Impact=Moderate (P3), Urgency=Imminent (ttf=0.0s, conf=0.93, gate=PASS) -> candidate=P1, revised=P1"
ep_00210_DEPENDENCY_TIMEOUT,DEPENDENCY_TIMEOUT,238.0,P3,0.9425,,,Moderate,Distant,True,P3,P3,False,False,0,"Impact=Moderate (P3), Urgency=Distant (ttf=nans, conf=0.94, gate=PASS) -> candidate=P3, revised=P3"
ep_00212_CACHE_STAMPEDE,CACHE_STAMPEDE,238.0,P3,1.0,0.0,cache_miss_rate,Moderate,Imminent,True,P1,P1,False,False,0,"Impact=Moderate (P3), Urgency=Imminent (ttf=0.0s, conf=1.00, gate=PASS) -> candidate=P1, revised=P1"
ep_00213_ERROR_STORM,ERROR_STORM,238.0,P3,0.757,,,Moderate,Distant,True,P3,P3,False,False,0,"Impact=Moderate (P3), Urgency=Distant (ttf=nans, conf=0.76, gate=PASS) -> candidate=P3, revised=P3"
ep_00214_DB_SLOWDOWN,DB_SLOWDOWN,238.0,P3,0.7007,0.0,db_connection_wait,Moderate,Distant,False,P3,P3,False,False,0,"Impact=Moderate (P3), Urgency=Distant (ttf=0.0s, conf=0.70, gate=FAIL) -> candidate=P3, revised=P3"
ep_00215_DB_SLOWDOWN,DB_SLOWDOWN,238.0,P3,0.6225,0.0,db_connection_wait,Moderate,Distant,False,P3,P3,False,False,0,"Impact=Moderate (P3), Urgency=Distant (ttf=0.0s, conf=0.62, gate=FAIL) -> candidate=P3, revised=P3"
ep_00217_CACHE_STAMPEDE,CACHE_STAMPEDE,238.0,P3,1.0,0.0,cache_miss_rate,Moderate,Imminent,True,P1,P1,False,False,0,"Impact=Moderate (P3), Urgency=Imminent (ttf=0.0s, conf=1.00, gate=PASS) -> candidate=P1, revised=P1"
ep_00218_CACHE_STAMPEDE,CACHE_STAMPEDE,238.0,P3,1.0,0.0,cache_miss_rate,Moderate,Imminent,True,P1,P1,False,False,0,"Impact=Moderate (P3), Urgency=Imminent (ttf=0.0s, conf=1.00, gate=PASS) -> candidate=P1, revised=P1"
ep_00219_DEPENDENCY_TIMEOUT,DEPENDENCY_TIMEOUT,238.0,P3,0.9278,,,Moderate,Distant,True,P3,P3,False,False,0,"Impact=Moderate (P3), Urgency=Distant (ttf=nans, conf=0.93, gate=PASS) -> candidate=P3, revised=P3"
ep_00220_DISK_IO_SATURATION,DISK_IO_SATURATION,238.0,P3,1.0,,,Moderate,Distant,True,P3,P3,False,False,0,"Impact=Moderate (P3), Urgency=Distant (ttf=nans, conf=1.00, gate=PASS) -> candidate=P3, revised=P3"
ep_00221_RETRY_STORM,RETRY_STORM,238.0,P3,0.9301,2737.83,error_rate,Moderate,Distant,True,P3,P3,False,False,0,"Impact=Moderate (P3), Urgency=Distant (ttf=2737.83s, conf=0.93, gate=PASS) -> candidate=P3, revised=P3"
ep_00222_DB_SLOWDOWN,DB_SLOWDOWN,238.0,P3,0.5804,0.0,db_connection_wait,Moderate,Distant,False,P3,P3,False,False,0,"Impact=Moderate (P3), Urgency=Distant (ttf=0.0s, conf=0.58, gate=FAIL) -> candidate=P3, revised=P3"
ep_00223_BAD_DEPLOY,BAD_DEPLOY,238.0,P3,0.9656,0.0,error_rate,Moderate,Imminent,True,P1,P1,False,False,0,"Impact=Moderate (P3), Urgency=Imminent (ttf=0.0s, conf=0.97, gate=PASS) -> candidate=P1, revised=P1"
ep_00224_RETRY_STORM,RETRY_STORM,238.0,P3,0.8083,0.0,rps,Moderate,Imminent,True,P1,P1,False,False,0,"Impact=Moderate (P3), Urgency=Imminent (ttf=0.0s, conf=0.81, gate=PASS) -> candidate=P1, revised=P1"
ep_00225_MEMORY_LEAK,MEMORY_LEAK,238.0,P3,1.0,,,Moderate,Distant,True,P3,P3,False,False,0,"Impact=Moderate (P3), Urgency=Distant (ttf=nans, conf=1.00, gate=PASS) -> candidate=P3, revised=P3"
ep_00227_ERROR_STORM,ERROR_STORM,238.0,P3,0.7574,,,Moderate,Distant,True,P3,P3,False,False,0,"Impact=Moderate (P3), Urgency=Distant (ttf=nans, conf=0.76, gate=PASS) -> candidate=P3, revised=P3"
ep_00228_LATENCY_SPIKE,LATENCY_SPIKE,238.0,P3,0.3,138317.73,p95_latency,Moderate,Distant,False,P3,P3,False,False,0,"Impact=Moderate (P3), Urgency=Distant (ttf=138317.73s, conf=0.30, gate=FAIL) -> candidate=P3, revised=P3"
ep_00229_CACHE_STAMPEDE,CACHE_STAMPEDE,238.0,P3,1.0,0.0,cache_miss_rate,Moderate,Imminent,True,P1,P1,False,False,0,"Impact=Moderate (P3), Urgency=Imminent (ttf=0.0s, conf=1.00, gate=PASS) -> candidate=P1, revised=P1"
ep_00230_CPU_SATURATION,CPU_SATURATION,238.0,P3,1.0,0.0,cpu_utilization,Moderate,Imminent,True,P1,P1,False,False,0,"Impact=Moderate (P3), Urgency=Imminent (ttf=0.0s, conf=1.00, gate=PASS) -> candidate=P1, revised=P1"
ep_00231_BAD_DEPLOY,BAD_DEPLOY,238.0,P3,0.8736,41.02,error_rate,Moderate,Near,True,P2,P2,False,False,0,"Impact=Moderate (P3), Urgency=Near (ttf=41.02s, conf=0.87, gate=PASS) -> candidate=P2, revised=P2"
ep_00232_RETRY_STORM,RETRY_STORM,238.0,P3,0.8602,0.0,rps,Moderate,Imminent,True,P1,P1,False,False,0,"Impact=Moderate (P3), Urgency=Imminent (ttf=0.0s, conf=0.86, gate=PASS) -> candidate=P1, revised=P1"
ep_00233_LATENCY_SPIKE,LATENCY_SPIKE,238.0,P3,0.3832,,,Moderate,Distant,False,P3,P3,False,False,0,"Impact=Moderate (P3), Urgency=Distant (ttf=nans, conf=0.38, gate=FAIL) -> candidate=P3, revised=P3"
ep_00234_DISK_IO_SATURATION,DISK_IO_SATURATION,238.0,P3,1.0,,,Moderate,Distant,True,P3,P3,False,False,0,"Impact=Moderate (P3), Urgency=Distant (ttf=nans, conf=1.00, gate=PASS) -> candidate=P3, revised=P3"
ep_00235_RETRY_STORM,RETRY_STORM,238.0,P3,0.9257,0.0,rps,Moderate,Imminent,True,P1,P1,False,False,0,"Impact=Moderate (P3), Urgency=Imminent (ttf=0.0s, conf=0.93, gate=PASS) -> candidate=P1, revised=P1"
ep_00236_MEMORY_LEAK,MEMORY_LEAK,238.0,P3,1.0,,,Moderate,Distant,True,P3,P3,False,False,0,"Impact=Moderate (P3), Urgency=Distant (ttf=nans, conf=1.00, gate=PASS) -> candidate=P3, revised=P3"
ep_00237_DISK_IO_SATURATION,DISK_IO_SATURATION,238.0,P3,1.0,1823.97,disk_write_latency,Moderate,Distant,True,P3,P3,False,False,0,"Impact=Moderate (P3), Urgency=Distant (ttf=1823.97s, conf=1.00, gate=PASS) -> candidate=P3, revised=P3"
ep_00238_MEMORY_LEAK,MEMORY_LEAK,238.0,P3,1.0,5045.85,memory_utilization,Moderate,Distant,True,P3,P3,False,False,0,"Impact=Moderate (P3), Urgency=Distant (ttf=5045.85s, conf=1.00, gate=PASS) -> candidate=P3, revised=P3"
ep_00239_DISK_IO_SATURATION,DISK_IO_SATURATION,238.0,P3,1.0,206.05,queue_lag,Moderate,Distant,True,P3,P3,False,False,0,"Impact=Moderate (P3), Urgency=Distant (ttf=206.05s, conf=1.00, gate=PASS) -> candidate=P3, revised=P3"
ep_00240_RETRY_STORM,RETRY_STORM,238.0,P3,0.9065,0.0,rps,Moderate,Imminent,True,P1,P1,False,False,0,"Impact=Moderate (P3), Urgency=Imminent (ttf=0.0s, conf=0.91, gate=PASS) -> candidate=P1, revised=P1"
ep_00241_CPU_SATURATION,CPU_SATURATION,238.0,P3,1.0,0.0,cpu_utilization,Moderate,Imminent,True,P1,P1,False,False,0,"Impact=Moderate (P3), Urgency=Imminent (ttf=0.0s, conf=1.00, gate=PASS) -> candidate=P1, revised=P1"
ep_00242_CASCADING_FAILURE,CASCADING_FAILURE,238.0,P3,1.0,0.0,p99_latency,Moderate,Imminent,True,P1,P1,False,False,0,"Impact=Moderate (P3), Urgency=Imminent (ttf=0.0s, conf=1.00, gate=PASS) -> candidate=P1, revised=P1"
ep_00245_LATENCY_SPIKE,LATENCY_SPIKE,238.0,P3,0.6104,,,Moderate,Distant,False,P3,P3,False,False,0,"Impact=Moderate (P3), Urgency=Distant (ttf=nans, conf=0.61, gate=FAIL) -> candidate=P3, revised=P3"
ep_00246_DB_SLOWDOWN,DB_SLOWDOWN,238.0,P3,0.7098,0.0,db_connection_wait,Moderate,Distant,False,P3,P3,False,False,0,"Impact=Moderate (P3), Urgency=Distant (ttf=0.0s, conf=0.71, gate=FAIL) -> candidate=P3, revised=P3"
ep_00247_CPU_SATURATION,CPU_SATURATION,238.0,P3,1.0,0.0,cpu_utilization,Moderate,Imminent,True,P1,P1,False,False,0,"Impact=Moderate (P3), Urgency=Imminent (ttf=0.0s, conf=1.00, gate=PASS) -> candidate=P1, revised=P1"
ep_00248_DB_SLOWDOWN,DB_SLOWDOWN,238.0,P3,0.7863,0.0,db_connection_wait,Moderate,Imminent,True,P1,P1,False,False,0,"Impact=Moderate (P3), Urgency=Imminent (ttf=0.0s, conf=0.79, gate=PASS) -> candidate=P1, revised=P1"
ep_00250_LATENCY_SPIKE,LATENCY_SPIKE,238.0,P3,0.4287,,,Moderate,Distant,False,P3,P3,False,False,0,"Impact=Moderate (P3), Urgency=Distant (ttf=nans, conf=0.43, gate=FAIL) -> candidate=P3, revised=P3"
ep_00251_QUEUE_BACKUP,QUEUE_BACKUP,238.0,P3,1.0,0.0,thread_pool_queue,Moderate,Imminent,True,P1,P1,False,False,0,"Impact=Moderate (P3), Urgency=Imminent (ttf=0.0s, conf=1.00, gate=PASS) -> candidate=P1, revised=P1"
ep_00252_LATENCY_SPIKE,LATENCY_SPIKE,238.0,P3,0.4015,,,Moderate,Distant,False,P3,P3,False,False,0,"Impact=Moderate (P3), Urgency=Distant (ttf=nans, conf=0.40, gate=FAIL) -> candidate=P3, revised=P3"
ep_00253_LATENCY_SPIKE,LATENCY_SPIKE,238.0,P3,0.3619,,,Moderate,Distant,False,P3,P3,False,False,0,"Impact=Moderate (P3), Urgency=Distant (ttf=nans, conf=0.36, gate=FAIL) -> candidate=P3, revised=P3"
ep_00254_ERROR_STORM,ERROR_STORM,238.0,P3,0.7126,0.0,error_rate,Moderate,Distant,False,P3,P3,False,False,0,"Impact=Moderate (P3), Urgency=Distant (ttf=0.0s, conf=0.71, gate=FAIL) -> candidate=P3, revised=P3"
ep_00256_MEMORY_LEAK,MEMORY_LEAK,238.0,P3,1.0,,,Moderate,Distant,True,P3,P3,False,False,0,"Impact=Moderate (P3), Urgency=Distant (ttf=nans, conf=1.00, gate=PASS) -> candidate=P3, revised=P3"
ep_00257_RETRY_STORM,RETRY_STORM,238.0,P3,0.8486,0.0,rps,Moderate,Imminent,True,P1,P1,False,False,0,"Impact=Moderate (P3), Urgency=Imminent (ttf=0.0s, conf=0.85, gate=PASS) -> candidate=P1, revised=P1"
ep_00258_LATENCY_SPIKE,LATENCY_SPIKE,238.0,P3,0.7529,,,Moderate,Distant,True,P3,P3,False,False,0,"Impact=Moderate (P3), Urgency=Distant (ttf=nans, conf=0.75, gate=PASS) -> candidate=P3, revised=P3"
ep_00259_QUEUE_BACKUP,QUEUE_BACKUP,238.0,P3,1.0,0.0,thread_pool_queue,Moderate,Imminent,True,P1,P1,False,False,0,"Impact=Moderate (P3), Urgency=Imminent (ttf=0.0s, conf=1.00, gate=PASS) -> candidate=P1, revised=P1"
ep_00260_RETRY_STORM,RETRY_STORM,238.0,P3,0.9015,0.0,rps,Moderate,Imminent,True,P1,P1,False,False,0,"Impact=Moderate (P3), Urgency=Imminent (ttf=0.0s, conf=0.90, gate=PASS) -> candidate=P1, revised=P1"
ep_00262_CPU_SATURATION,CPU_SATURATION,238.0,P3,1.0,55.13,cpu_saturation,Moderate,Near,True,P2,P2,False,False,0,"Impact=Moderate (P3), Urgency=Near (ttf=55.13s, conf=1.00, gate=PASS) -> candidate=P2, revised=P2"
ep_00263_CACHE_STAMPEDE,CACHE_STAMPEDE,238.0,P3,1.0,59.73,cache_miss_rate,Moderate,Near,True,P2,P2,False,False,0,"Impact=Moderate (P3), Urgency=Near (ttf=59.73s, conf=1.00, gate=PASS) -> candidate=P2, revised=P2"
ep_00264_CACHE_STAMPEDE,CACHE_STAMPEDE,238.0,P3,1.0,0.0,cache_miss_rate,Moderate,Imminent,True,P1,P1,False,False,0,"Impact=Moderate (P3), Urgency=Imminent (ttf=0.0s, conf=1.00, gate=PASS) -> candidate=P1, revised=P1"
ep_00265_BAD_DEPLOY,BAD_DEPLOY,238.0,P3,0.9492,0.0,error_rate,Moderate,Imminent,True,P1,P1,False,False,0,"Impact=Moderate (P3), Urgency=Imminent (ttf=0.0s, conf=0.95, gate=PASS) -> candidate=P1, revised=P1"
ep_00268_CACHE_STAMPEDE,CACHE_STAMPEDE,238.0,P3,1.0,0.0,cache_miss_rate,Moderate,Imminent,True,P1,P1,False,False,0,"Impact=Moderate (P3), Urgency=Imminent (ttf=0.0s, conf=1.00, gate=PASS) -> candidate=P1, revised=P1"
ep_00269_CASCADING_FAILURE,CASCADING_FAILURE,238.0,P3,1.0,0.0,p99_latency,Moderate,Imminent,True,P1,P1,False,False,0,"Impact=Moderate (P3), Urgency=Imminent (ttf=0.0s, conf=1.00, gate=PASS) -> candidate=P1, revised=P1"
ep_00270_CACHE_STAMPEDE,CACHE_STAMPEDE,238.0,P3,1.0,30.2,cache_miss_rate,Moderate,Near,True,P2,P2,False,False,0,"Impact=Moderate (P3), Urgency=Near (ttf=30.2s, conf=1.00, gate=PASS) -> candidate=P2, revised=P2"
ep_00272_RETRY_STORM,RETRY_STORM,238.0,P3,0.9749,0.0,rps,Moderate,Imminent,True,P1,P1,False,False,0,"Impact=Moderate (P3), Urgency=Imminent (ttf=0.0s, conf=0.97, gate=PASS) -> candidate=P1, revised=P1"
ep_00273_DB_SLOWDOWN,DB_SLOWDOWN,238.0,P3,0.7279,0.0,db_connection_wait,Moderate,Distant,False,P3,P3,False,False,0,"Impact=Moderate (P3), Urgency=Distant (ttf=0.0s, conf=0.73, gate=FAIL) -> candidate=P3, revised=P3"
ep_00274_QUEUE_BACKUP,QUEUE_BACKUP,238.0,P3,1.0,0.0,thread_pool_queue,Moderate,Imminent,True,P1,P1,False,False,0,"Impact=Moderate (P3), Urgency=Imminent (ttf=0.0s, conf=1.00, gate=PASS) -> candidate=P1, revised=P1"
ep_00275_DEPENDENCY_TIMEOUT,DEPENDENCY_TIMEOUT,238.0,P3,0.8656,0.0,upstream_timeout_rate,Moderate,Imminent,True,P1,P1,False,False,0,"Impact=Moderate (P3), Urgency=Imminent (ttf=0.0s, conf=0.87, gate=PASS) -> candidate=P1, revised=P1"
ep_00276_QUEUE_BACKUP,QUEUE_BACKUP,238.0,P3,1.0,0.0,thread_pool_queue,Moderate,Imminent,True,P1,P1,False,False,0,"Impact=Moderate (P3), Urgency=Imminent (ttf=0.0s, conf=1.00, gate=PASS) -> candidate=P1, revised=P1"
ep_00277_BAD_DEPLOY,BAD_DEPLOY,238.0,P3,0.9658,0.0,error_rate,Moderate,Imminent,True,P1,P1,False,False,0,"Impact=Moderate (P3), Urgency=Imminent (ttf=0.0s, conf=0.97, gate=PASS) -> candidate=P1, revised=P1"
ep_00278_CPU_SATURATION,CPU_SATURATION,238.0,P3,1.0,,,Moderate,Distant,True,P3,P3,False,False,0,"Impact=Moderate (P3), Urgency=Distant (ttf=nans, conf=1.00, gate=PASS) -> candidate=P3, revised=P3"
ep_00279_CASCADING_FAILURE,CASCADING_FAILURE,238.0,P3,1.0,0.0,error_rate,Moderate,Imminent,True,P1,P1,False,False,0,"Impact=Moderate (P3), Urgency=Imminent (ttf=0.0s, conf=1.00, gate=PASS) -> candidate=P1, revised=P1"
ep_00280_DISK_IO_SATURATION,DISK_IO_SATURATION,238.0,P3,1.0,,,Moderate,Distant,True,P3,P3,False,False,0,"Impact=Moderate (P3), Urgency=Distant (ttf=nans, conf=1.00, gate=PASS) -> candidate=P3, revised=P3"
ep_00281_MEMORY_LEAK,MEMORY_LEAK,238.0,P3,1.0,,,Moderate,Distant,True,P3,P3,False,False,0,"Impact=Moderate (P3), Urgency=Distant (ttf=nans, conf=1.00, gate=PASS) -> candidate=P3, revised=P3"
ep_00282_DEPENDENCY_TIMEOUT,DEPENDENCY_TIMEOUT,238.0,P3,0.9418,0.0,upstream_timeout_rate,Moderate,Imminent,True,P1,P1,False,False,0,"Impact=Moderate (P3), Urgency=Imminent (ttf=0.0s, conf=0.94, gate=PASS) -> candidate=P1, revised=P1"
ep_00283_RETRY_STORM,RETRY_STORM,238.0,P3,0.9181,0.0,rps,Moderate,Imminent,True,P1,P1,False,False,0,"Impact=Moderate (P3), Urgency=Imminent (ttf=0.0s, conf=0.92, gate=PASS) -> candidate=P1, revised=P1"
ep_00284_CPU_SATURATION,CPU_SATURATION,238.0,P3,1.0,,,Moderate,Distant,True,P3,P3,False,False,0,"Impact=Moderate (P3), Urgency=Distant (ttf=nans, conf=1.00, gate=PASS) -> candidate=P3, revised=P3"
ep_00285_ERROR_STORM,ERROR_STORM,238.0,P3,0.7894,,,Moderate,Distant,True,P3,P3,False,False,0,"Impact=Moderate (P3), Urgency=Distant (ttf=nans, conf=0.79, gate=PASS) -> candidate=P3, revised=P3"
ep_00286_LATENCY_SPIKE,LATENCY_SPIKE,238.0,P3,0.3,,,Moderate,Distant,False,P3,P3,False,False,0,"Impact=Moderate (P3), Urgency=Distant (ttf=nans, conf=0.30, gate=FAIL) -> candidate=P3, revised=P3"
ep_00287_ERROR_STORM,ERROR_STORM,238.0,P3,0.7972,,,Moderate,Distant,True,P3,P3,False,False,0,"Impact=Moderate (P3), Urgency=Distant (ttf=nans, conf=0.80, gate=PASS) -> candidate=P3, revised=P3"
ep_00288_BAD_DEPLOY,BAD_DEPLOY,238.0,P3,0.9811,0.0,error_rate,Moderate,Imminent,True,P1,P1,False,False,0,"Impact=Moderate (P3), Urgency=Imminent (ttf=0.0s, conf=0.98, gate=PASS) -> candidate=P1, revised=P1"
ep_00289_LATENCY_SPIKE,LATENCY_SPIKE,238.0,P3,0.3902,,,Moderate,Distant,False,P3,P3,False,False,0,"Impact=Moderate (P3), Urgency=Distant (ttf=nans, conf=0.39, gate=FAIL) -> candidate=P3, revised=P3"
ep_00290_MEMORY_LEAK,MEMORY_LEAK,238.0,P3,1.0,,,Moderate,Distant,True,P3,P3,False,False,0,"Impact=Moderate (P3), Urgency=Distant (ttf=nans, conf=1.00, gate=PASS) -> candidate=P3, revised=P3"
ep_00291_CPU_SATURATION,CPU_SATURATION,238.0,P3,1.0,51.43,cpu_saturation,Moderate,Near,True,P2,P2,False,False,0,"Impact=Moderate (P3), Urgency=Near (ttf=51.43s, conf=1.00, gate=PASS) -> candidate=P2, revised=P2"
ep_00292_CASCADING_FAILURE,CASCADING_FAILURE,238.0,P3,1.0,0.0,p99_latency,Moderate,Imminent,True,P1,P1,False,False,0,"Impact=Moderate (P3), Urgency=Imminent (ttf=0.0s, conf=1.00, gate=PASS) -> candidate=P1, revised=P1"
ep_00293_MEMORY_LEAK,MEMORY_LEAK,238.0,P3,1.0,17639.86,heap_mb,Moderate,Distant,True,P3,P3,False,False,0,"Impact=Moderate (P3), Urgency=Distant (ttf=17639.86s, conf=1.00, gate=PASS) -> candidate=P3, revised=P3"
ep_00294_DEPENDENCY_TIMEOUT,DEPENDENCY_TIMEOUT,238.0,P3,0.8844,288.4,upstream_timeout_rate,Moderate,Distant,True,P3,P3,False,False,0,"Impact=Moderate (P3), Urgency=Distant (ttf=288.4s, conf=0.88, gate=PASS) -> candidate=P3, revised=P3"
ep_00295_QUEUE_BACKUP,QUEUE_BACKUP,238.0,P3,1.0,0.0,thread_pool_queue,Moderate,Imminent,True,P1,P1,False,False,0,"Impact=Moderate (P3), Urgency=Imminent (ttf=0.0s, conf=1.00, gate=PASS) -> candidate=P1, revised=P1"
ep_00296_CASCADING_FAILURE,CASCADING_FAILURE,238.0,P3,1.0,0.0,p99_latency,Moderate,Imminent,True,P1,P1,False,False,0,"Impact=Moderate (P3), Urgency=Imminent (ttf=0.0s, conf=1.00, gate=PASS) -> candidate=P1, revised=P1"
ep_00297_BAD_DEPLOY,BAD_DEPLOY,238.0,P3,0.8916,0.0,error_rate,Moderate,Imminent,True,P1,P1,False,False,0,"Impact=Moderate (P3), Urgency=Imminent (ttf=0.0s, conf=0.89, gate=PASS) -> candidate=P1, revised=P1"
ep_00298_CASCADING_FAILURE,CASCADING_FAILURE,238.0,P3,1.0,0.0,p99_latency,Moderate,Imminent,True,P1,P1,False,False,0,"Impact=Moderate (P3), Urgency=Imminent (ttf=0.0s, conf=1.00, gate=PASS) -> candidate=P1, revised=P1"
ep_00299_RETRY_STORM,RETRY_STORM,238.0,P3,0.8593,0.0,rps,Moderate,Imminent,True,P1,P1,False,False,0,"Impact=Moderate (P3), Urgency=Imminent (ttf=0.0s, conf=0.86, gate=PASS) -> candidate=P1, revised=P1"
ep_00300_CASCADING_FAILURE,CASCADING_FAILURE,238.0,P3,1.0,0.0,p99_latency,Moderate,Imminent,True,P1,P1,False,False,0,"Impact=Moderate (P3), Urgency=Imminent (ttf=0.0s, conf=1.00, gate=PASS) -> candidate=P1, revised=P1"
ep_00301_QUEUE_BACKUP,QUEUE_BACKUP,238.0,P3,1.0,0.0,thread_pool_queue,Moderate,Imminent,True,P1,P1,False,False,0,"Impact=Moderate (P3), Urgency=Imminent (ttf=0.0s, conf=1.00, gate=PASS) -> candidate=P1, revised=P1"
ep_00302_RETRY_STORM,RETRY_STORM,238.0,P3,0.9528,0.0,rps,Moderate,Imminent,True,P1,P1,False,False,0,"Impact=Moderate (P3), Urgency=Imminent (ttf=0.0s, conf=0.95, gate=PASS) -> candidate=P1, revised=P1"
ep_00303_DB_SLOWDOWN,DB_SLOWDOWN,238.0,P3,0.5669,0.0,db_connection_wait,Moderate,Distant,False,P3,P3,False,False,0,"Impact=Moderate (P3), Urgency=Distant (ttf=0.0s, conf=0.57, gate=FAIL) -> candidate=P3, revised=P3"
ep_00304_ERROR_STORM,ERROR_STORM,238.0,P3,0.7356,250.56,error_rate,Moderate,Distant,False,P3,P3,False,False,0,"Impact=Moderate (P3), Urgency=Distant (ttf=250.56s, conf=0.74, gate=FAIL) -> candidate=P3, revised=P3"
ep_00305_CPU_SATURATION,CPU_SATURATION,238.0,P3,1.0,0.0,cpu_utilization,Moderate,Imminent,True,P1,P1,False,False,0,"Impact=Moderate (P3), Urgency=Imminent (ttf=0.0s, conf=1.00, gate=PASS) -> candidate=P1, revised=P1"
ep_00306_RETRY_STORM,RETRY_STORM,238.0,P3,0.9221,0.0,rps,Moderate,Imminent,True,P1,P1,False,False,0,"Impact=Moderate (P3), Urgency=Imminent (ttf=0.0s, conf=0.92, gate=PASS) -> candidate=P1, revised=P1"
ep_00307_DISK_IO_SATURATION,DISK_IO_SATURATION,238.0,P3,1.0,3141.84,queue_lag,Moderate,Distant,True,P3,P3,False,False,0,"Impact=Moderate (P3), Urgency=Distant (ttf=3141.84s, conf=1.00, gate=PASS) -> candidate=P3, revised=P3"
ep_00309_DISK_IO_SATURATION,DISK_IO_SATURATION,238.0,P3,1.0,174398.52,iops_utilization,Moderate,Distant,True,P3,P3,False,False,0,"Impact=Moderate (P3), Urgency=Distant (ttf=174398.52s, conf=1.00, gate=PASS) -> candidate=P3, revised=P3"
ep_00310_CPU_SATURATION,CPU_SATURATION,238.0,P3,1.0,,,Moderate,Distant,True,P3,P3,False,False,0,"Impact=Moderate (P3), Urgency=Distant (ttf=nans, conf=1.00, gate=PASS) -> candidate=P3, revised=P3"
ep_00311_BAD_DEPLOY,BAD_DEPLOY,238.0,P3,0.8483,0.0,error_rate,Moderate,Imminent,True,P1,P1,False,False,0,"Impact=Moderate (P3), Urgency=Imminent (ttf=0.0s, conf=0.85, gate=PASS) -> candidate=P1, revised=P1"
ep_00313_RETRY_STORM,RETRY_STORM,238.0,P3,0.8348,0.0,rps,Moderate,Imminent,True,P1,P1,False,False,0,"Impact=Moderate (P3), Urgency=Imminent (ttf=0.0s, conf=0.83, gate=PASS) -> candidate=P1, revised=P1"
ep_00314_DEPENDENCY_TIMEOUT,DEPENDENCY_TIMEOUT,238.0,P3,0.8988,,,Moderate,Distant,True,P3,P3,False,False,0,"Impact=Moderate (P3), Urgency=Distant (ttf=nans, conf=0.90, gate=PASS) -> candidate=P3, revised=P3"
ep_00315_QUEUE_BACKUP,QUEUE_BACKUP,238.0,P3,1.0,0.0,thread_pool_queue,Moderate,Imminent,True,P1,P1,False,False,0,"Impact=Moderate (P3), Urgency=Imminent (ttf=0.0s, conf=1.00, gate=PASS) -> candidate=P1, revised=P1"
ep_00316_RETRY_STORM,RETRY_STORM,238.0,P3,0.9157,0.0,rps,Moderate,Imminent,True,P1,P1,False,False,0,"Impact=Moderate (P3), Urgency=Imminent (ttf=0.0s, conf=0.92, gate=PASS) -> candidate=P1, revised=P1"
ep_00317_BAD_DEPLOY,BAD_DEPLOY,238.0,P3,0.9624,,,Moderate,Distant,True,P3,P3,False,False,0,"Impact=Moderate (P3), Urgency=Distant (ttf=nans, conf=0.96, gate=PASS) -> candidate=P3, revised=P3"
ep_00318_QUEUE_BACKUP,QUEUE_BACKUP,238.0,P3,1.0,0.0,thread_pool_queue,Moderate,Imminent,True,P1,P1,False,False,0,"Impact=Moderate (P3), Urgency=Imminent (ttf=0.0s, conf=1.00, gate=PASS) -> candidate=P1, revised=P1"
ep_00319_DB_SLOWDOWN,DB_SLOWDOWN,238.0,P3,0.6866,0.0,db_connection_wait,Moderate,Distant,False,P3,P3,False,False,0,"Impact=Moderate (P3), Urgency=Distant (ttf=0.0s, conf=0.69, gate=FAIL) -> candidate=P3, revised=P3"
ep_00320_LATENCY_SPIKE,LATENCY_SPIKE,238.0,P3,0.3649,,,Moderate,Distant,False,P3,P3,False,False,0,"Impact=Moderate (P3), Urgency=Distant (ttf=nans, conf=0.36, gate=FAIL) -> candidate=P3, revised=P3"
ep_00321_CACHE_STAMPEDE,CACHE_STAMPEDE,238.0,P3,1.0,0.0,cache_miss_rate,Moderate,Imminent,True,P1,P1,False,False,0,"Impact=Moderate (P3), Urgency=Imminent (ttf=0.0s, conf=1.00, gate=PASS) -> candidate=P1, revised=P1"
ep_00322_BAD_DEPLOY,BAD_DEPLOY,238.0,P3,0.8416,0.0,error_rate,Moderate,Imminent,True,P1,P1,False,False,0,"Impact=Moderate (P3), Urgency=Imminent (ttf=0.0s, conf=0.84, gate=PASS) -> candidate=P1, revised=P1"
ep_00323_QUEUE_BACKUP,QUEUE_BACKUP,238.0,P3,1.0,0.0,thread_pool_queue,Moderate,Imminent,True,P1,P1,False,False,0,"Impact=Moderate (P3), Urgency=Imminent (ttf=0.0s, conf=1.00, gate=PASS) -> candidate=P1, revised=P1"
ep_00324_LATENCY_SPIKE,LATENCY_SPIKE,238.0,P3,0.3352,21883.0,p99_latency,Moderate,Distant,False,P3,P3,False,False,0,"Impact=Moderate (P3), Urgency=Distant (ttf=21883.0s, conf=0.34, gate=FAIL) -> candidate=P3, revised=P3"
ep_00325_CASCADING_FAILURE,CASCADING_FAILURE,238.0,P3,1.0,,,Moderate,Distant,True,P3,P3,False,False,0,"Impact=Moderate (P3), Urgency=Distant (ttf=nans, conf=1.00, gate=PASS) -> candidate=P3, revised=P3"
ep_00326_LATENCY_SPIKE,LATENCY_SPIKE,238.0,P3,0.5636,,,Moderate,Distant,False,P3,P3,False,False,0,"Impact=Moderate (P3), Urgency=Distant (ttf=nans, conf=0.56, gate=FAIL) -> candidate=P3, revised=P3"
ep_00327_DEPENDENCY_TIMEOUT,DEPENDENCY_TIMEOUT,238.0,P3,0.9428,,,Moderate,Distant,True,P3,P3,False,False,0,"Impact=Moderate (P3), Urgency=Distant (ttf=nans, conf=0.94, gate=PASS) -> candidate=P3, revised=P3"
ep_00328_BAD_DEPLOY,BAD_DEPLOY,238.0,P3,0.9608,0.0,error_rate,Moderate,Imminent,True,P1,P1,False,False,0,"Impact=Moderate (P3), Urgency=Imminent (ttf=0.0s, conf=0.96, gate=PASS) -> candidate=P1, revised=P1"
ep_00329_DB_SLOWDOWN,DB_SLOWDOWN,238.0,P3,0.673,0.0,db_connection_wait,Moderate,Distant,False,P3,P3,False,False,0,"Impact=Moderate (P3), Urgency=Distant (ttf=0.0s, conf=0.67, gate=FAIL) -> candidate=P3, revised=P3"
ep_00330_RETRY_STORM,RETRY_STORM,238.0,P3,0.9075,0.0,rps,Moderate,Imminent,True,P1,P1,False,False,0,"Impact=Moderate (P3), Urgency=Imminent (ttf=0.0s, conf=0.91, gate=PASS) -> candidate=P1, revised=P1"
ep_00331_QUEUE_BACKUP,QUEUE_BACKUP,238.0,P3,1.0,0.0,thread_pool_queue,Moderate,Imminent,True,P1,P1,False,False,0,"Impact=Moderate (P3), Urgency=Imminent (ttf=0.0s, conf=1.00, gate=PASS) -> candidate=P1, revised=P1"
ep_00332_DEPENDENCY_TIMEOUT,DEPENDENCY_TIMEOUT,238.0,P3,0.8511,,,Moderate,Distant,True,P3,P3,False,False,0,"Impact=Moderate (P3), Urgency=Distant (ttf=nans, conf=0.85, gate=PASS) -> candidate=P3, revised=P3"
ep_00333_DISK_IO_SATURATION,DISK_IO_SATURATION,238.0,P3,1.0,,,Moderate,Distant,True,P3,P3,False,False,0,"Impact=Moderate (P3), Urgency=Distant (ttf=nans, conf=1.00, gate=PASS) -> candidate=P3, revised=P3"
ep_00334_BAD_DEPLOY,BAD_DEPLOY,238.0,P3,0.8663,0.0,error_rate,Moderate,Imminent,True,P1,P1,False,False,0,"Impact=Moderate (P3), Urgency=Imminent (ttf=0.0s, conf=0.87, gate=PASS) -> candidate=P1, revised=P1"
ep_00335_CPU_SATURATION,CPU_SATURATION,238.0,P3,1.0,,,Moderate,Distant,True,P3,P3,False,False,0,"Impact=Moderate (P3), Urgency=Distant (ttf=nans, conf=1.00, gate=PASS) -> candidate=P3, revised=P3"
ep_00336_QUEUE_BACKUP,QUEUE_BACKUP,238.0,P3,1.0,0.0,thread_pool_queue,Moderate,Imminent,True,P1,P1,False,False,0,"Impact=Moderate (P3), Urgency=Imminent (ttf=0.0s, conf=1.00, gate=PASS) -> candidate=P1, revised=P1"
ep_00337_DB_SLOWDOWN,DB_SLOWDOWN,238.0,P3,0.7727,0.0,db_connection_wait,Moderate,Imminent,True,P1,P1,False,False,0,"Impact=Moderate (P3), Urgency=Imminent (ttf=0.0s, conf=0.77, gate=PASS) -> candidate=P1, revised=P1"
ep_00338_LATENCY_SPIKE,LATENCY_SPIKE,238.0,P3,0.3,,,Moderate,Distant,False,P3,P3,False,False,0,"Impact=Moderate (P3), Urgency=Distant (ttf=nans, conf=0.30, gate=FAIL) -> candidate=P3, revised=P3"
ep_00339_CPU_SATURATION,CPU_SATURATION,238.0,P3,1.0,0.0,cpu_utilization,Moderate,Imminent,True,P1,P1,False,False,0,"Impact=Moderate (P3), Urgency=Imminent (ttf=0.0s, conf=1.00, gate=PASS) -> candidate=P1, revised=P1"
ep_00340_MEMORY_LEAK,MEMORY_LEAK,238.0,P3,1.0,,,Moderate,Distant,True,P3,P3,False,False,0,"Impact=Moderate (P3), Urgency=Distant (ttf=nans, conf=1.00, gate=PASS) -> candidate=P3, revised=P3"
ep_00341_LATENCY_SPIKE,LATENCY_SPIKE,238.0,P3,0.3,,,Moderate,Distant,False,P3,P3,False,False,0,"Impact=Moderate (P3), Urgency=Distant (ttf=nans, conf=0.30, gate=FAIL) -> candidate=P3, revised=P3"
ep_00342_LATENCY_SPIKE,LATENCY_SPIKE,238.0,P3,0.8479,,,Moderate,Distant,True,P3,P3,False,False,0,"Impact=Moderate (P3), Urgency=Distant (ttf=nans, conf=0.85, gate=PASS) -> candidate=P3, revised=P3"
ep_00343_QUEUE_BACKUP,QUEUE_BACKUP,238.0,P3,1.0,0.0,thread_pool_queue,Moderate,Imminent,True,P1,P1,False,False,0,"Impact=Moderate (P3), Urgency=Imminent (ttf=0.0s, conf=1.00, gate=PASS) -> candidate=P1, revised=P1"
ep_00344_LATENCY_SPIKE,LATENCY_SPIKE,238.0,P3,0.3,,,Moderate,Distant,False,P3,P3,False,False,0,"Impact=Moderate (P3), Urgency=Distant (ttf=nans, conf=0.30, gate=FAIL) -> candidate=P3, revised=P3"
ep_00345_CASCADING_FAILURE,CASCADING_FAILURE,238.0,P3,1.0,0.0,error_rate,Moderate,Imminent,True,P1,P1,False,False,0,"Impact=Moderate (P3), Urgency=Imminent (ttf=0.0s, conf=1.00, gate=PASS) -> candidate=P1, revised=P1"
ep_00346_CASCADING_FAILURE,CASCADING_FAILURE,238.0,P3,1.0,0.0,error_rate,Moderate,Imminent,True,P1,P1,False,False,0,"Impact=Moderate (P3), Urgency=Imminent (ttf=0.0s, conf=1.00, gate=PASS) -> candidate=P1, revised=P1"
ep_00347_ERROR_STORM,ERROR_STORM,238.0,P3,0.7422,299.51,error_rate,Moderate,Distant,False,P3,P3,False,False,0,"Impact=Moderate (P3), Urgency=Distant (ttf=299.51s, conf=0.74, gate=FAIL) -> candidate=P3, revised=P3"
ep_00348_QUEUE_BACKUP,QUEUE_BACKUP,238.0,P3,1.0,0.0,thread_pool_queue,Moderate,Imminent,True,P1,P1,False,False,0,"Impact=Moderate (P3), Urgency=Imminent (ttf=0.0s, conf=1.00, gate=PASS) -> candidate=P1, revised=P1"
ep_00349_CASCADING_FAILURE,CASCADING_FAILURE,238.0,P3,1.0,0.0,p99_latency,Moderate,Imminent,True,P1,P1,False,False,0,"Impact=Moderate (P3), Urgency=Imminent (ttf=0.0s, conf=1.00, gate=PASS) -> candidate=P1, revised=P1"
ep_00350_LATENCY_SPIKE,LATENCY_SPIKE,238.0,P3,0.3572,,,Moderate,Distant,False,P3,P3,False,False,0,"Impact=Moderate (P3), Urgency=Distant (ttf=nans, conf=0.36, gate=FAIL) -> candidate=P3, revised=P3"
ep_00351_RETRY_STORM,RETRY_STORM,238.0,P3,0.8722,0.0,rps,Moderate,Imminent,True,P1,P1,False,False,0,"Impact=Moderate (P3), Urgency=Imminent (ttf=0.0s, conf=0.87, gate=PASS) -> candidate=P1, revised=P1"
ep_00352_DB_SLOWDOWN,DB_SLOWDOWN,238.0,P3,0.6531,0.0,db_connection_wait,Moderate,Distant,False,P3,P3,False,False,0,"Impact=Moderate (P3), Urgency=Distant (ttf=0.0s, conf=0.65, gate=FAIL) -> candidate=P3, revised=P3"
ep_00353_QUEUE_BACKUP,QUEUE_BACKUP,238.0,P3,1.0,0.0,thread_pool_queue,Moderate,Imminent,True,P1,P1,False,False,0,"Impact=Moderate (P3), Urgency=Imminent (ttf=0.0s, conf=1.00, gate=PASS) -> candidate=P1, revised=P1"
ep_00354_RETRY_STORM,RETRY_STORM,238.0,P3,0.9551,0.0,rps,Moderate,Imminent,True,P1,P1,False,False,0,"Impact=Moderate (P3), Urgency=Imminent (ttf=0.0s, conf=0.96, gate=PASS) -> candidate=P1, revised=P1"
ep_00355_DEPENDENCY_TIMEOUT,DEPENDENCY_TIMEOUT,238.0,P3,0.9153,0.0,upstream_timeout_rate,Moderate,Imminent,True,P1,P1,False,False,0,"Impact=Moderate (P3), Urgency=Imminent (ttf=0.0s, conf=0.92, gate=PASS) -> candidate=P1, revised=P1"
ep_00356_ERROR_STORM,ERROR_STORM,238.0,P3,0.7795,0.0,error_rate,Moderate,Imminent,True,P1,P1,False,False,0,"Impact=Moderate (P3), Urgency=Imminent (ttf=0.0s, conf=0.78, gate=PASS) -> candidate=P1, revised=P1"
ep_00357_CASCADING_FAILURE,CASCADING_FAILURE,238.0,P3,1.0,0.0,p99_latency,Moderate,Imminent,True,P1,P1,False,False,0,"Impact=Moderate (P3), Urgency=Imminent (ttf=0.0s, conf=1.00, gate=PASS) -> candidate=P1, revised=P1"
ep_00358_BAD_DEPLOY,BAD_DEPLOY,238.0,P3,0.8347,0.0,error_rate,Moderate,Imminent,True,P1,P1,False,False,0,"Impact=Moderate (P3), Urgency=Imminent (ttf=0.0s, conf=0.83, gate=PASS) -> candidate=P1, revised=P1"
ep_00359_DISK_IO_SATURATION,DISK_IO_SATURATION,238.0,P3,1.0,,,Moderate,Distant,True,P3,P3,False,False,0,"Impact=Moderate (P3), Urgency=Distant (ttf=nans, conf=1.00, gate=PASS) -> candidate=P3, revised=P3"
ep_00360_LATENCY_SPIKE,LATENCY_SPIKE,238.0,P3,0.4386,,,Moderate,Distant,False,P3,P3,False,False,0,"Impact=Moderate (P3), Urgency=Distant (ttf=nans, conf=0.44, gate=FAIL) -> candidate=P3, revised=P3"
ep_00361_CACHE_STAMPEDE,CACHE_STAMPEDE,238.0,P3,1.0,0.0,cache_miss_rate,Moderate,Imminent,True,P1,P1,False,False,0,"Impact=Moderate (P3), Urgency=Imminent (ttf=0.0s, conf=1.00, gate=PASS) -> candidate=P1, revised=P1"
ep_00362_CPU_SATURATION,CPU_SATURATION,238.0,P3,1.0,85.97,cpu_saturation,Moderate,Near,True,P2,P2,False,False,0,"Impact=Moderate (P3), Urgency=Near (ttf=85.97s, conf=1.00, gate=PASS) -> candidate=P2, revised=P2"
ep_00363_CPU_SATURATION,CPU_SATURATION,238.0,P3,1.0,,,Moderate,Distant,True,P3,P3,False,False,0,"Impact=Moderate (P3), Urgency=Distant (ttf=nans, conf=1.00, gate=PASS) -> candidate=P3, revised=P3"
ep_00364_BAD_DEPLOY,BAD_DEPLOY,238.0,P3,0.9792,,,Moderate,Distant,True,P3,P3,False,False,0,"Impact=Moderate (P3), Urgency=Distant (ttf=nans, conf=0.98, gate=PASS) -> candidate=P3, revised=P3"
ep_00365_RETRY_STORM,RETRY_STORM,238.0,P3,0.912,0.0,rps,Moderate,Imminent,True,P1,P1,False,False,0,"Impact=Moderate (P3), Urgency=Imminent (ttf=0.0s, conf=0.91, gate=PASS) -> candidate=P1, revised=P1"
ep_00366_DB_SLOWDOWN,DB_SLOWDOWN,238.0,P3,0.7665,0.0,db_connection_wait,Moderate,Imminent,True,P1,P1,False,False,0,"Impact=Moderate (P3), Urgency=Imminent (ttf=0.0s, conf=0.77, gate=PASS) -> candidate=P1, revised=P1"
ep_00367_CACHE_STAMPEDE,CACHE_STAMPEDE,238.0,P3,1.0,,,Moderate,Distant,True,P3,P3,False,False,0,"Impact=Moderate (P3), Urgency=Distant (ttf=nans, conf=1.00, gate=PASS) -> candidate=P3, revised=P3"
ep_00368_DEPENDENCY_TIMEOUT,DEPENDENCY_TIMEOUT,238.0,P3,0.9374,0.0,upstream_timeout_rate,Moderate,Imminent,True,P1,P1,False,False,0,"Impact=Moderate (P3), Urgency=Imminent (ttf=0.0s, conf=0.94, gate=PASS) -> candidate=P1, revised=P1"
ep_00369_MEMORY_LEAK,MEMORY_LEAK,238.0,P3,1.0,,,Moderate,Distant,True,P3,P3,False,False,0,"Impact=Moderate (P3), Urgency=Distant (ttf=nans, conf=1.00, gate=PASS) -> candidate=P3, revised=P3"
ep_00370_CASCADING_FAILURE,CASCADING_FAILURE,238.0,P3,1.0,0.0,p99_latency,Moderate,Imminent,True,P1,P1,False,False,0,"Impact=Moderate (P3), Urgency=Imminent (ttf=0.0s, conf=1.00, gate=PASS) -> candidate=P1, revised=P1"
ep_00371_MEMORY_LEAK,MEMORY_LEAK,238.0,P3,1.0,,,Moderate,Distant,True,P3,P3,False,False,0,"Impact=Moderate (P3), Urgency=Distant (ttf=nans, conf=1.00, gate=PASS) -> candidate=P3, revised=P3"
ep_00372_QUEUE_BACKUP,QUEUE_BACKUP,238.0,P3,1.0,0.0,thread_pool_queue,Moderate,Imminent,True,P1,P1,False,False,0,"Impact=Moderate (P3), Urgency=Imminent (ttf=0.0s, conf=1.00, gate=PASS) -> candidate=P1, revised=P1"
ep_00373_DEPENDENCY_TIMEOUT,DEPENDENCY_TIMEOUT,238.0,P3,0.8993,,,Moderate,Distant,True,P3,P3,False,False,0,"Impact=Moderate (P3), Urgency=Distant (ttf=nans, conf=0.90, gate=PASS) -> candidate=P3, revised=P3"
ep_00374_DB_SLOWDOWN,DB_SLOWDOWN,238.0,P3,0.6403,0.0,db_connection_wait,Moderate,Distant,False,P3,P3,False,False,0,"Impact=Moderate (P3), Urgency=Distant (ttf=0.0s, conf=0.64, gate=FAIL) -> candidate=P3, revised=P3"
ep_00375_CACHE_STAMPEDE,CACHE_STAMPEDE,238.0,P3,1.0,156.7,cache_miss_rate,Moderate,Distant,True,P3,P3,False,False,0,"Impact=Moderate (P3), Urgency=Distant (ttf=156.7s, conf=1.00, gate=PASS) -> candidate=P3, revised=P3"
ep_00376_RETRY_STORM,RETRY_STORM,238.0,P3,0.8568,0.0,rps,Moderate,Imminent,True,P1,P1,False,False,0,"Impact=Moderate (P3), Urgency=Imminent (ttf=0.0s, conf=0.86, gate=PASS) -> candidate=P1, revised=P1"
ep_00377_CACHE_STAMPEDE,CACHE_STAMPEDE,238.0,P3,1.0,,,Moderate,Distant,True,P3,P3,False,False,0,"Impact=Moderate (P3), Urgency=Distant (ttf=nans, conf=1.00, gate=PASS) -> candidate=P3, revised=P3"
ep_00378_CPU_SATURATION,CPU_SATURATION,238.0,P3,1.0,488.15,cpu_utilization,Moderate,Distant,True,P3,P3,False,False,0,"Impact=Moderate (P3), Urgency=Distant (ttf=488.15s, conf=1.00, gate=PASS) -> candidate=P3, revised=P3"
ep_00379_ERROR_STORM,ERROR_STORM,238.0,P3,0.7131,,,Moderate,Distant,False,P3,P3,False,False,0,"Impact=Moderate (P3), Urgency=Distant (ttf=nans, conf=0.71, gate=FAIL) -> candidate=P3, revised=P3"
ep_00380_LATENCY_SPIKE,LATENCY_SPIKE,238.0,P3,0.3666,,,Moderate,Distant,False,P3,P3,False,False,0,"Impact=Moderate (P3), Urgency=Distant (ttf=nans, conf=0.37, gate=FAIL) -> candidate=P3, revised=P3"
ep_00381_CACHE_STAMPEDE,CACHE_STAMPEDE,238.0,P3,1.0,0.0,cache_miss_rate,Moderate,Imminent,True,P1,P1,False,False,0,"Impact=Moderate (P3), Urgency=Imminent (ttf=0.0s, conf=1.00, gate=PASS) -> candidate=P1, revised=P1"
ep_00382_DB_SLOWDOWN,DB_SLOWDOWN,238.0,P3,0.7569,0.0,db_connection_wait,Moderate,Imminent,True,P1,P1,False,False,0,"Impact=Moderate (P3), Urgency=Imminent (ttf=0.0s, conf=0.76, gate=PASS) -> candidate=P1, revised=P1"
ep_00383_DISK_IO_SATURATION,DISK_IO_SATURATION,238.0,P3,1.0,5746.3,disk_read_latency,Moderate,Distant,True,P3,P3,False,False,0,"Impact=Moderate (P3), Urgency=Distant (ttf=5746.3s, conf=1.00, gate=PASS) -> candidate=P3, revised=P3"
ep_00384_CASCADING_FAILURE,CASCADING_FAILURE,238.0,P3,1.0,0.0,p99_latency,Moderate,Imminent,True,P1,P1,False,False,0,"Impact=Moderate (P3), Urgency=Imminent (ttf=0.0s, conf=1.00, gate=PASS) -> candidate=P1, revised=P1"
ep_00385_DB_SLOWDOWN,DB_SLOWDOWN,238.0,P3,0.7578,0.0,db_connection_wait,Moderate,Imminent,True,P1,P1,False,False,0,"Impact=Moderate (P3), Urgency=Imminent (ttf=0.0s, conf=0.76, gate=PASS) -> candidate=P1, revised=P1"
ep_00386_MEMORY_LEAK,MEMORY_LEAK,238.0,P3,1.0,6040.61,memory_utilization,Moderate,Distant,True,P3,P3,False,False,0,"Impact=Moderate (P3), Urgency=Distant (ttf=6040.61s, conf=1.00, gate=PASS) -> candidate=P3, revised=P3"
ep_00387_CACHE_STAMPEDE,CACHE_STAMPEDE,238.0,P3,1.0,0.0,cache_miss_rate,Moderate,Imminent,True,P1,P1,False,False,0,"Impact=Moderate (P3), Urgency=Imminent (ttf=0.0s, conf=1.00, gate=PASS) -> candidate=P1, revised=P1"
ep_00388_RETRY_STORM,RETRY_STORM,238.0,P3,0.8183,0.0,rps,Moderate,Imminent,True,P1,P1,False,False,0,"Impact=Moderate (P3), Urgency=Imminent (ttf=0.0s, conf=0.82, gate=PASS) -> candidate=P1, revised=P1"
ep_00389_DB_SLOWDOWN,DB_SLOWDOWN,238.0,P3,0.7599,0.0,db_connection_wait,Moderate,Imminent,True,P1,P1,False,False,0,"Impact=Moderate (P3), Urgency=Imminent (ttf=0.0s, conf=0.76, gate=PASS) -> candidate=P1, revised=P1"
ep_00390_DISK_IO_SATURATION,DISK_IO_SATURATION,238.0,P3,1.0,,,Moderate,Distant,True,P3,P3,False,False,0,"Impact=Moderate (P3), Urgency=Distant (ttf=nans, conf=1.00, gate=PASS) -> candidate=P3, revised=P3"
ep_00391_ERROR_STORM,ERROR_STORM,238.0,P3,0.7347,0.0,error_rate,Moderate,Distant,False,P3,P3,False,False,0,"Impact=Moderate (P3), Urgency=Distant (ttf=0.0s, conf=0.73, gate=FAIL) -> candidate=P3, revised=P3"
ep_00392_RETRY_STORM,RETRY_STORM,238.0,P3,0.9368,0.0,rps,Moderate,Imminent,True,P1,P1,False,False,0,"Impact=Moderate (P3), Urgency=Imminent (ttf=0.0s, conf=0.94, gate=PASS) -> candidate=P1, revised=P1"
ep_00393_MEMORY_LEAK,MEMORY_LEAK,238.0,P3,1.0,,,Moderate,Distant,True,P3,P3,False,False,0,"Impact=Moderate (P3), Urgency=Distant (ttf=nans, conf=1.00, gate=PASS) -> candidate=P3, revised=P3"
ep_00394_ERROR_STORM,ERROR_STORM,238.0,P3,0.7409,,,Moderate,Distant,False,P3,P3,False,False,0,"Impact=Moderate (P3), Urgency=Distant (ttf=nans, conf=0.74, gate=FAIL) -> candidate=P3, revised=P3"
ep_00395_DEPENDENCY_TIMEOUT,DEPENDENCY_TIMEOUT,238.0,P3,0.9795,,,Moderate,Distant,True,P3,P3,False,False,0,"Impact=Moderate (P3), Urgency=Distant (ttf=nans, conf=0.98, gate=PASS) -> candidate=P3, revised=P3"
ep_00396_BAD_DEPLOY,BAD_DEPLOY,238.0,P3,0.8816,0.0,error_rate,Moderate,Imminent,True,P1,P1,False,False,0,"Impact=Moderate (P3), Urgency=Imminent (ttf=0.0s, conf=0.88, gate=PASS) -> candidate=P1, revised=P1"
ep_00397_BAD_DEPLOY,BAD_DEPLOY,238.0,P3,0.8689,0.0,error_rate,Moderate,Imminent,True,P1,P1,False,False,0,"Impact=Moderate (P3), Urgency=Imminent (ttf=0.0s, conf=0.87, gate=PASS) -> candidate=P1, revised=P1"
ep_00398_DEPENDENCY_TIMEOUT,DEPENDENCY_TIMEOUT,238.0,P3,0.9192,0.0,upstream_timeout_rate,Moderate,Imminent,True,P1,P1,False,False,0,"Impact=Moderate (P3), Urgency=Imminent (ttf=0.0s, conf=0.92, gate=PASS) -> candidate=P1, revised=P1"
ep_00399_CPU_SATURATION,CPU_SATURATION,238.0,P3,1.0,,,Moderate,Distant,True,P3,P3,False,False,0,"Impact=Moderate (P3), Urgency=Distant (ttf=nans, conf=1.00, gate=PASS) -> candidate=P3, revised=P3"
ep_00400_CPU_SATURATION,CPU_SATURATION,238.0,P3,1.0,,,Moderate,Distant,True,P3,P3,False,False,0,"Impact=Moderate (P3), Urgency=Distant (ttf=nans, conf=1.00, gate=PASS) -> candidate=P3, revised=P3"
ep_00401_CPU_SATURATION,CPU_SATURATION,238.0,P3,1.0,,,Moderate,Distant,True,P3,P3,False,False,0,"Impact=Moderate (P3), Urgency=Distant (ttf=nans, conf=1.00, gate=PASS) -> candidate=P3, revised=P3"
ep_00402_DB_SLOWDOWN,DB_SLOWDOWN,238.0,P3,0.7732,0.0,db_connection_wait,Moderate,Imminent,True,P1,P1,False,False,0,"Impact=Moderate (P3), Urgency=Imminent (ttf=0.0s, conf=0.77, gate=PASS) -> candidate=P1, revised=P1"
ep_00403_CACHE_STAMPEDE,CACHE_STAMPEDE,238.0,P3,1.0,0.0,cache_miss_rate,Moderate,Imminent,True,P1,P1,False,False,0,"Impact=Moderate (P3), Urgency=Imminent (ttf=0.0s, conf=1.00, gate=PASS) -> candidate=P1, revised=P1"
ep_00404_QUEUE_BACKUP,QUEUE_BACKUP,238.0,P3,1.0,0.0,thread_pool_queue,Moderate,Imminent,True,P1,P1,False,False,0,"Impact=Moderate (P3), Urgency=Imminent (ttf=0.0s, conf=1.00, gate=PASS) -> candidate=P1, revised=P1"
ep_00405_CPU_SATURATION,CPU_SATURATION,238.0,P3,1.0,,,Moderate,Distant,True,P3,P3,False,False,0,"Impact=Moderate (P3), Urgency=Distant (ttf=nans, conf=1.00, gate=PASS) -> candidate=P3, revised=P3"
ep_00407_CASCADING_FAILURE,CASCADING_FAILURE,238.0,P3,1.0,0.0,p99_latency,Moderate,Imminent,True,P1,P1,False,False,0,"Impact=Moderate (P3), Urgency=Imminent (ttf=0.0s, conf=1.00, gate=PASS) -> candidate=P1, revised=P1"
ep_00408_DB_SLOWDOWN,DB_SLOWDOWN,238.0,P3,0.6371,0.0,db_connection_wait,Moderate,Distant,False,P3,P3,False,False,0,"Impact=Moderate (P3), Urgency=Distant (ttf=0.0s, conf=0.64, gate=FAIL) -> candidate=P3, revised=P3"
ep_00409_LATENCY_SPIKE,LATENCY_SPIKE,238.0,P3,0.3,1805.67,p99_latency,Moderate,Distant,False,P3,P3,False,False,0,"Impact=Moderate (P3), Urgency=Distant (ttf=1805.67s, conf=0.30, gate=FAIL) -> candidate=P3, revised=P3"
ep_00410_QUEUE_BACKUP,QUEUE_BACKUP,238.0,P3,1.0,0.0,thread_pool_queue,Moderate,Imminent,True,P1,P1,False,False,0,"Impact=Moderate (P3), Urgency=Imminent (ttf=0.0s, conf=1.00, gate=PASS) -> candidate=P1, revised=P1"
ep_00411_DB_SLOWDOWN,DB_SLOWDOWN,238.0,P3,0.6754,0.0,db_connection_wait,Moderate,Distant,False,P3,P3,False,False,0,"Impact=Moderate (P3), Urgency=Distant (ttf=0.0s, conf=0.68, gate=FAIL) -> candidate=P3, revised=P3"
ep_00412_DB_SLOWDOWN,DB_SLOWDOWN,238.0,P3,0.719,0.0,db_connection_wait,Moderate,Distant,False,P3,P3,False,False,0,"Impact=Moderate (P3), Urgency=Distant (ttf=0.0s, conf=0.72, gate=FAIL) -> candidate=P3, revised=P3"
ep_00414_DISK_IO_SATURATION,DISK_IO_SATURATION,238.0,P3,1.0,1045666.67,iops_utilization,Moderate,Distant,True,P3,P3,False,False,0,"Impact=Moderate (P3), Urgency=Distant (ttf=1045666.67s, conf=1.00, gate=PASS) -> candidate=P3, revised=P3"
ep_00415_CASCADING_FAILURE,CASCADING_FAILURE,238.0,P3,1.0,0.0,p99_latency,Moderate,Imminent,True,P1,P1,False,False,0,"Impact=Moderate (P3), Urgency=Imminent (ttf=0.0s, conf=1.00, gate=PASS) -> candidate=P1, revised=P1"
ep_00416_RETRY_STORM,RETRY_STORM,238.0,P3,0.919,0.0,rps,Moderate,Imminent,True,P1,P1,False,False,0,"Impact=Moderate (P3), Urgency=Imminent (ttf=0.0s, conf=0.92, gate=PASS) -> candidate=P1, revised=P1"
ep_00417_CASCADING_FAILURE,CASCADING_FAILURE,238.0,P3,1.0,5.53,error_rate,Moderate,Imminent,True,P1,P1,False,False,0,"Impact=Moderate (P3), Urgency=Imminent (ttf=5.53s, conf=1.00, gate=PASS) -> candidate=P1, revised=P1"
ep_00418_CPU_SATURATION,CPU_SATURATION,238.0,P3,1.0,,,Moderate,Distant,True,P3,P3,False,False,0,"Impact=Moderate (P3), Urgency=Distant (ttf=nans, conf=1.00, gate=PASS) -> candidate=P3, revised=P3"
ep_00419_LATENCY_SPIKE,LATENCY_SPIKE,238.0,P3,0.3,,,Moderate,Distant,False,P3,P3,False,False,0,"Impact=Moderate (P3), Urgency=Distant (ttf=nans, conf=0.30, gate=FAIL) -> candidate=P3, revised=P3"
ep_00420_MEMORY_LEAK,MEMORY_LEAK,238.0,P3,1.0,2757.07,memory_utilization,Moderate,Distant,True,P3,P3,False,False,0,"Impact=Moderate (P3), Urgency=Distant (ttf=2757.07s, conf=1.00, gate=PASS) -> candidate=P3, revised=P3"
ep_00421_CASCADING_FAILURE,CASCADING_FAILURE,238.0,P3,1.0,0.0,p99_latency,Moderate,Imminent,True,P1,P1,False,False,0,"Impact=Moderate (P3), Urgency=Imminent (ttf=0.0s, conf=1.00, gate=PASS) -> candidate=P1, revised=P1"
ep_00422_QUEUE_BACKUP,QUEUE_BACKUP,238.0,P3,1.0,0.0,thread_pool_queue,Moderate,Imminent,True,P1,P1,False,False,0,"Impact=Moderate (P3), Urgency=Imminent (ttf=0.0s, conf=1.00, gate=PASS) -> candidate=P1, revised=P1"
ep_00423_BAD_DEPLOY,BAD_DEPLOY,238.0,P3,0.9415,,,Moderate,Distant,True,P3,P3,False,False,0,"Impact=Moderate (P3), Urgency=Distant (ttf=nans, conf=0.94, gate=PASS) -> candidate=P3, revised=P3"
ep_00424_CPU_SATURATION,CPU_SATURATION,238.0,P3,1.0,,,Moderate,Distant,True,P3,P3,False,False,0,"Impact=Moderate (P3), Urgency=Distant (ttf=nans, conf=1.00, gate=PASS) -> candidate=P3, revised=P3"
ep_00425_CACHE_STAMPEDE,CACHE_STAMPEDE,238.0,P3,1.0,0.0,cache_miss_rate,Moderate,Imminent,True,P1,P1,False,False,0,"Impact=Moderate (P3), Urgency=Imminent (ttf=0.0s, conf=1.00, gate=PASS) -> candidate=P1, revised=P1"
ep_00426_LATENCY_SPIKE,LATENCY_SPIKE,238.0,P3,0.3,,,Moderate,Distant,False,P3,P3,False,False,0,"Impact=Moderate (P3), Urgency=Distant (ttf=nans, conf=0.30, gate=FAIL) -> candidate=P3, revised=P3"
ep_00427_CPU_SATURATION,CPU_SATURATION,238.0,P3,1.0,,,Moderate,Distant,True,P3,P3,False,False,0,"Impact=Moderate (P3), Urgency=Distant (ttf=nans, conf=1.00, gate=PASS) -> candidate=P3, revised=P3"
ep_00428_CASCADING_FAILURE,CASCADING_FAILURE,238.0,P3,1.0,0.0,error_rate,Moderate,Imminent,True,P1,P1,False,False,0,"Impact=Moderate (P3), Urgency=Imminent (ttf=0.0s, conf=1.00, gate=PASS) -> candidate=P1, revised=P1"
ep_00430_RETRY_STORM,RETRY_STORM,238.0,P3,0.8549,0.0,rps,Moderate,Imminent,True,P1,P1,False,False,0,"Impact=Moderate (P3), Urgency=Imminent (ttf=0.0s, conf=0.85, gate=PASS) -> candidate=P1, revised=P1"
ep_00431_BAD_DEPLOY,BAD_DEPLOY,238.0,P3,0.853,80.63,error_rate,Moderate,Near,True,P2,P2,False,False,0,"Impact=Moderate (P3), Urgency=Near (ttf=80.63s, conf=0.85, gate=PASS) -> candidate=P2, revised=P2"
ep_00432_DISK_IO_SATURATION,DISK_IO_SATURATION,238.0,P3,1.0,,,Moderate,Distant,True,P3,P3,False,False,0,"Impact=Moderate (P3), Urgency=Distant (ttf=nans, conf=1.00, gate=PASS) -> candidate=P3, revised=P3"
ep_00433_ERROR_STORM,ERROR_STORM,238.0,P3,0.8191,983.42,error_rate,Moderate,Distant,True,P3,P3,False,False,0,"Impact=Moderate (P3), Urgency=Distant (ttf=983.42s, conf=0.82, gate=PASS) -> candidate=P3, revised=P3"
ep_00434_DISK_IO_SATURATION,DISK_IO_SATURATION,238.0,P3,1.0,,,Moderate,Distant,True,P3,P3,False,False,0,"Impact=Moderate (P3), Urgency=Distant (ttf=nans, conf=1.00, gate=PASS) -> candidate=P3, revised=P3"
ep_00435_CPU_SATURATION,CPU_SATURATION,238.0,P3,1.0,,,Moderate,Distant,True,P3,P3,False,False,0,"Impact=Moderate (P3), Urgency=Distant (ttf=nans, conf=1.00, gate=PASS) -> candidate=P3, revised=P3"
ep_00436_DB_SLOWDOWN,DB_SLOWDOWN,238.0,P3,0.6108,0.0,db_connection_wait,Moderate,Distant,False,P3,P3,False,False,0,"Impact=Moderate (P3), Urgency=Distant (ttf=0.0s, conf=0.61, gate=FAIL) -> candidate=P3, revised=P3"
ep_00438_DB_SLOWDOWN,DB_SLOWDOWN,238.0,P3,0.7131,0.0,db_connection_wait,Moderate,Distant,False,P3,P3,False,False,0,"Impact=Moderate (P3), Urgency=Distant (ttf=0.0s, conf=0.71, gate=FAIL) -> candidate=P3, revised=P3"
ep_00439_MEMORY_LEAK,MEMORY_LEAK,238.0,P3,1.0,,,Moderate,Distant,True,P3,P3,False,False,0,"Impact=Moderate (P3), Urgency=Distant (ttf=nans, conf=1.00, gate=PASS) -> candidate=P3, revised=P3"
ep_00440_CASCADING_FAILURE,CASCADING_FAILURE,238.0,P3,1.0,0.0,p99_latency,Moderate,Imminent,True,P1,P1,False,False,0,"Impact=Moderate (P3), Urgency=Imminent (ttf=0.0s, conf=1.00, gate=PASS) -> candidate=P1, revised=P1"
ep_00441_RETRY_STORM,RETRY_STORM,238.0,P3,0.8712,0.0,rps,Moderate,Imminent,True,P1,P1,False,False,0,"Impact=Moderate (P3), Urgency=Imminent (ttf=0.0s, conf=0.87, gate=PASS) -> candidate=P1, revised=P1"
ep_00442_LATENCY_SPIKE,LATENCY_SPIKE,238.0,P3,0.3914,23119.08,p99_latency,Moderate,Distant,False,P3,P3,False,False,0,"Impact=Moderate (P3), Urgency=Distant (ttf=23119.08s, conf=0.39, gate=FAIL) -> candidate=P3, revised=P3"
ep_00444_MEMORY_LEAK,MEMORY_LEAK,238.0,P3,1.0,,,Moderate,Distant,True,P3,P3,False,False,0,"Impact=Moderate (P3), Urgency=Distant (ttf=nans, conf=1.00, gate=PASS) -> candidate=P3, revised=P3"
ep_00445_DB_SLOWDOWN,DB_SLOWDOWN,238.0,P3,0.7028,0.0,db_connection_wait,Moderate,Distant,False,P3,P3,False,False,0,"Impact=Moderate (P3), Urgency=Distant (ttf=0.0s, conf=0.70, gate=FAIL) -> candidate=P3, revised=P3"
ep_00446_BAD_DEPLOY,BAD_DEPLOY,238.0,P3,0.8789,0.0,error_rate,Moderate,Imminent,True,P1,P1,False,False,0,"Impact=Moderate (P3), Urgency=Imminent (ttf=0.0s, conf=0.88, gate=PASS) -> candidate=P1, revised=P1"
ep_00447_DEPENDENCY_TIMEOUT,DEPENDENCY_TIMEOUT,238.0,P3,0.901,,,Moderate,Distant,True,P3,P3,False,False,0,"Impact=Moderate (P3), Urgency=Distant (ttf=nans, conf=0.90, gate=PASS) -> candidate=P3, revised=P3"
ep_00448_CPU_SATURATION,CPU_SATURATION,238.0,P3,1.0,0.0,cpu_utilization,Moderate,Imminent,True,P1,P1,False,False,0,"Impact=Moderate (P3), Urgency=Imminent (ttf=0.0s, conf=1.00, gate=PASS) -> candidate=P1, revised=P1"
ep_00449_DISK_IO_SATURATION,DISK_IO_SATURATION,238.0,P3,1.0,,,Moderate,Distant,True,P3,P3,False,False,0,"Impact=Moderate (P3), Urgency=Distant (ttf=nans, conf=1.00, gate=PASS) -> candidate=P3, revised=P3"
ep_00450_MEMORY_LEAK,MEMORY_LEAK,238.0,P3,1.0,,,Moderate,Distant,True,P3,P3,False,False,0,"Impact=Moderate (P3), Urgency=Distant (ttf=nans, conf=1.00, gate=PASS) -> candidate=P3, revised=P3"
ep_00451_CACHE_STAMPEDE,CACHE_STAMPEDE,238.0,P3,1.0,,,Moderate,Distant,True,P3,P3,False,False,0,"Impact=Moderate (P3), Urgency=Distant (ttf=nans, conf=1.00, gate=PASS) -> candidate=P3, revised=P3"
ep_00452_BAD_DEPLOY,BAD_DEPLOY,238.0,P3,0.928,0.0,error_rate,Moderate,Imminent,True,P1,P1,False,False,0,"Impact=Moderate (P3), Urgency=Imminent (ttf=0.0s, conf=0.93, gate=PASS) -> candidate=P1, revised=P1"
ep_00453_MEMORY_LEAK,MEMORY_LEAK,238.0,P3,1.0,34830.75,heap_mb,Moderate,Distant,True,P3,P3,False,False,0,"Impact=Moderate (P3), Urgency=Distant (ttf=34830.75s, conf=1.00, gate=PASS) -> candidate=P3, revised=P3"
ep_00454_DEPENDENCY_TIMEOUT,DEPENDENCY_TIMEOUT,238.0,P3,0.9814,0.0,upstream_timeout_rate,Moderate,Imminent,True,P1,P1,False,False,0,"Impact=Moderate (P3), Urgency=Imminent (ttf=0.0s, conf=0.98, gate=PASS) -> candidate=P1, revised=P1"
ep_00456_LATENCY_SPIKE,LATENCY_SPIKE,238.0,P3,0.3,,,Moderate,Distant,False,P3,P3,False,False,0,"Impact=Moderate (P3), Urgency=Distant (ttf=nans, conf=0.30, gate=FAIL) -> candidate=P3, revised=P3"
ep_00457_QUEUE_BACKUP,QUEUE_BACKUP,238.0,P3,1.0,0.0,thread_pool_queue,Moderate,Imminent,True,P1,P1,False,False,0,"Impact=Moderate (P3), Urgency=Imminent (ttf=0.0s, conf=1.00, gate=PASS) -> candidate=P1, revised=P1"
ep_00458_CPU_SATURATION,CPU_SATURATION,238.0,P3,1.0,,,Moderate,Distant,True,P3,P3,False,False,0,"Impact=Moderate (P3), Urgency=Distant (ttf=nans, conf=1.00, gate=PASS) -> candidate=P3, revised=P3"
ep_00459_MEMORY_LEAK,MEMORY_LEAK,238.0,P3,1.0,6535.86,memory_utilization,Moderate,Distant,True,P3,P3,False,False,0,"Impact=Moderate (P3), Urgency=Distant (ttf=6535.86s, conf=1.00, gate=PASS) -> candidate=P3, revised=P3"
ep_00460_DISK_IO_SATURATION,DISK_IO_SATURATION,238.0,P3,1.0,,,Moderate,Distant,True,P3,P3,False,False,0,"Impact=Moderate (P3), Urgency=Distant (ttf=nans, conf=1.00, gate=PASS) -> candidate=P3, revised=P3"
ep_00461_DEPENDENCY_TIMEOUT,DEPENDENCY_TIMEOUT,238.0,P3,0.9256,82.1,upstream_timeout_rate,Moderate,Near,True,P2,P2,False,False,0,"Impact=Moderate (P3), Urgency=Near (ttf=82.1s, conf=0.93, gate=PASS) -> candidate=P2, revised=P2"
ep_00462_DB_SLOWDOWN,DB_SLOWDOWN,238.0,P3,0.691,0.0,db_connection_wait,Moderate,Distant,False,P3,P3,False,False,0,"Impact=Moderate (P3), Urgency=Distant (ttf=0.0s, conf=0.69, gate=FAIL) -> candidate=P3, revised=P3"
ep_00463_CASCADING_FAILURE,CASCADING_FAILURE,238.0,P3,1.0,0.0,error_rate,Moderate,Imminent,True,P1,P1,False,False,0,"Impact=Moderate (P3), Urgency=Imminent (ttf=0.0s, conf=1.00, gate=PASS) -> candidate=P1, revised=P1"
ep_00464_CASCADING_FAILURE,CASCADING_FAILURE,238.0,P3,1.0,0.0,p99_latency,Moderate,Imminent,True,P1,P1,False,False,0,"Impact=Moderate (P3), Urgency=Imminent (ttf=0.0s, conf=1.00, gate=PASS) -> candidate=P1, revised=P1"
ep_00465_CACHE_STAMPEDE,CACHE_STAMPEDE,238.0,P3,1.0,5186.65,db_p99,Moderate,Distant,True,P3,P3,False,False,0,"Impact=Moderate (P3), Urgency=Distant (ttf=5186.65s, conf=1.00, gate=PASS) -> candidate=P3, revised=P3"
ep_00466_QUEUE_BACKUP,QUEUE_BACKUP,238.0,P3,1.0,0.0,thread_pool_queue,Moderate,Imminent,True,P1,P1,False,False,0,"Impact=Moderate (P3), Urgency=Imminent (ttf=0.0s, conf=1.00, gate=PASS) -> candidate=P1, revised=P1"
ep_00467_CPU_SATURATION,CPU_SATURATION,238.0,P3,1.0,,,Moderate,Distant,True,P3,P3,False,False,0,"Impact=Moderate (P3), Urgency=Distant (ttf=nans, conf=1.00, gate=PASS) -> candidate=P3, revised=P3"
ep_00468_DB_SLOWDOWN,DB_SLOWDOWN,238.0,P3,0.7643,0.0,db_connection_wait,Moderate,Imminent,True,P1,P1,False,False,0,"Impact=Moderate (P3), Urgency=Imminent (ttf=0.0s, conf=0.76, gate=PASS) -> candidate=P1, revised=P1"
ep_00469_CASCADING_FAILURE,CASCADING_FAILURE,238.0,P3,1.0,0.0,p99_latency,Moderate,Imminent,True,P1,P1,False,False,0,"Impact=Moderate (P3), Urgency=Imminent (ttf=0.0s, conf=1.00, gate=PASS) -> candidate=P1, revised=P1"
ep_00471_BAD_DEPLOY,BAD_DEPLOY,238.0,P3,0.8296,0.0,error_rate,Moderate,Imminent,True,P1,P1,False,False,0,"Impact=Moderate (P3), Urgency=Imminent (ttf=0.0s, conf=0.83, gate=PASS) -> candidate=P1, revised=P1"
ep_00472_LATENCY_SPIKE,LATENCY_SPIKE,238.0,P3,0.4002,,,Moderate,Distant,False,P3,P3,False,False,0,"Impact=Moderate (P3), Urgency=Distant (ttf=nans, conf=0.40, gate=FAIL) -> candidate=P3, revised=P3"
ep_00473_RETRY_STORM,RETRY_STORM,238.0,P3,0.9773,0.0,rps,Moderate,Imminent,True,P1,P1,False,False,0,"Impact=Moderate (P3), Urgency=Imminent (ttf=0.0s, conf=0.98, gate=PASS) -> candidate=P1, revised=P1"
ep_00474_QUEUE_BACKUP,QUEUE_BACKUP,238.0,P3,1.0,0.0,thread_pool_queue,Moderate,Imminent,True,P1,P1,False,False,0,"Impact=Moderate (P3), Urgency=Imminent (ttf=0.0s, conf=1.00, gate=PASS) -> candidate=P1, revised=P1"
ep_00475_CACHE_STAMPEDE,CACHE_STAMPEDE,238.0,P3,1.0,23.28,cache_miss_rate,Moderate,Imminent,True,P1,P1,False,False,0,"Impact=Moderate (P3), Urgency=Imminent (ttf=23.28s, conf=1.00, gate=PASS) -> candidate=P1, revised=P1"
ep_00476_DB_SLOWDOWN,DB_SLOWDOWN,238.0,P3,0.7206,0.0,db_connection_wait,Moderate,Distant,False,P3,P3,False,False,0,"Impact=Moderate (P3), Urgency=Distant (ttf=0.0s, conf=0.72, gate=FAIL) -> candidate=P3, revised=P3"
ep_00477_CACHE_STAMPEDE,CACHE_STAMPEDE,238.0,P3,1.0,0.0,cache_miss_rate,Moderate,Imminent,True,P1,P1,False,False,0,"Impact=Moderate (P3), Urgency=Imminent (ttf=0.0s, conf=1.00, gate=PASS) -> candidate=P1, revised=P1"
ep_00478_CASCADING_FAILURE,CASCADING_FAILURE,238.0,P3,1.0,0.0,p99_latency,Moderate,Imminent,True,P1,P1,False,False,0,"Impact=Moderate (P3), Urgency=Imminent (ttf=0.0s, conf=1.00, gate=PASS) -> candidate=P1, revised=P1"
ep_00480_ERROR_STORM,ERROR_STORM,238.0,P3,0.7824,,,Moderate,Distant,True,P3,P3,False,False,0,"Impact=Moderate (P3), Urgency=Distant (ttf=nans, conf=0.78, gate=PASS) -> candidate=P3, revised=P3"
ep_00482_DISK_IO_SATURATION,DISK_IO_SATURATION,238.0,P3,1.0,12009.59,queue_lag,Moderate,Distant,True,P3,P3,False,False,0,"Impact=Moderate (P3), Urgency=Distant (ttf=12009.59s, conf=1.00, gate=PASS) -> candidate=P3, revised=P3"
ep_00483_DEPENDENCY_TIMEOUT,DEPENDENCY_TIMEOUT,238.0,P3,0.8757,122.45,upstream_timeout_rate,Moderate,Distant,True,P3,P3,False,False,0,"Impact=Moderate (P3), Urgency=Distant (ttf=122.45s, conf=0.88, gate=PASS) -> candidate=P3, revised=P3"
ep_00484_LATENCY_SPIKE,LATENCY_SPIKE,238.0,P3,0.4703,,,Moderate,Distant,False,P3,P3,False,False,0,"Impact=Moderate (P3), Urgency=Distant (ttf=nans, conf=0.47, gate=FAIL) -> candidate=P3, revised=P3"
ep_00485_DEPENDENCY_TIMEOUT,DEPENDENCY_TIMEOUT,238.0,P3,0.8682,0.0,upstream_timeout_rate,Moderate,Imminent,True,P1,P1,False,False,0,"Impact=Moderate (P3), Urgency=Imminent (ttf=0.0s, conf=0.87, gate=PASS) -> candidate=P1, revised=P1"
ep_00486_BAD_DEPLOY,BAD_DEPLOY,238.0,P3,0.9155,0.0,error_rate,Moderate,Imminent,True,P1,P1,False,False,0,"Impact=Moderate (P3), Urgency=Imminent (ttf=0.0s, conf=0.92, gate=PASS) -> candidate=P1, revised=P1"
ep_00487_CASCADING_FAILURE,CASCADING_FAILURE,238.0,P3,1.0,0.0,p99_latency,Moderate,Imminent,True,P1,P1,False,False,0,"Impact=Moderate (P3), Urgency=Imminent (ttf=0.0s, conf=1.00, gate=PASS) -> candidate=P1, revised=P1"
ep_00488_DISK_IO_SATURATION,DISK_IO_SATURATION,238.0,P3,1.0,1187.34,disk_read_latency,Moderate,Distant,True,P3,P3,False,False,0,"Impact=Moderate (P3), Urgency=Distant (ttf=1187.34s, conf=1.00, gate=PASS) -> candidate=P3, revised=P3"
ep_00489_ERROR_STORM,ERROR_STORM,238.0,P3,0.7205,,,Moderate,Distant,False,P3,P3,False,False,0,"Impact=Moderate (P3), Urgency=Distant (ttf=nans, conf=0.72, gate=FAIL) -> candidate=P3, revised=P3"
ep_00490_CACHE_STAMPEDE,CACHE_STAMPEDE,238.0,P3,1.0,0.0,cache_miss_rate,Moderate,Imminent,True,P1,P1,False,False,0,"Impact=Moderate (P3), Urgency=Imminent (ttf=0.0s, conf=1.00, gate=PASS) -> candidate=P1, revised=P1"
ep_00491_ERROR_STORM,ERROR_STORM,238.0,P3,0.7098,317.76,error_rate,Moderate,Distant,False,P3,P3,False,False,0,"Impact=Moderate (P3), Urgency=Distant (ttf=317.76s, conf=0.71, gate=FAIL) -> candidate=P3, revised=P3"
ep_00492_DB_SLOWDOWN,DB_SLOWDOWN,238.0,P3,0.6032,0.0,db_connection_wait,Moderate,Distant,False,P3,P3,False,False,0,"Impact=Moderate (P3), Urgency=Distant (ttf=0.0s, conf=0.60, gate=FAIL) -> candidate=P3, revised=P3"
ep_00493_LATENCY_SPIKE,LATENCY_SPIKE,238.0,P3,0.3,,,Moderate,Distant,False,P3,P3,False,False,0,"Impact=Moderate (P3), Urgency=Distant (ttf=nans, conf=0.30, gate=FAIL) -> candidate=P3, revised=P3"
ep_00494_QUEUE_BACKUP,QUEUE_BACKUP,238.0,P3,1.0,0.0,thread_pool_queue,Moderate,Imminent,True,P1,P1,False,False,0,"Impact=Moderate (P3), Urgency=Imminent (ttf=0.0s, conf=1.00, gate=PASS) -> candidate=P1, revised=P1"
ep_00495_CACHE_STAMPEDE,CACHE_STAMPEDE,238.0,P3,1.0,0.0,cache_miss_rate,Moderate,Imminent,True,P1,P1,False,False,0,"Impact=Moderate (P3), Urgency=Imminent (ttf=0.0s, conf=1.00, gate=PASS) -> candidate=P1, revised=P1"
ep_00496_MEMORY_LEAK,MEMORY_LEAK,238.0,P3,1.0,,,Moderate,Distant,True,P3,P3,False,False,0,"Impact=Moderate (P3), Urgency=Distant (ttf=nans, conf=1.00, gate=PASS) -> candidate=P3, revised=P3"
ep_00497_RETRY_STORM,RETRY_STORM,238.0,P3,0.9251,0.0,rps,Moderate,Imminent,True,P1,P1,False,False,0,"Impact=Moderate (P3), Urgency=Imminent (ttf=0.0s, conf=0.93, gate=PASS) -> candidate=P1, revised=P1"
ep_00498_CPU_SATURATION,CPU_SATURATION,238.0,P3,1.0,,,Moderate,Distant,True,P3,P3,False,False,0,"Impact=Moderate (P3), Urgency=Distant (ttf=nans, conf=1.00, gate=PASS) -> candidate=P3, revised=P3"
ep_00499_QUEUE_BACKUP,QUEUE_BACKUP,238.0,P3,1.0,0.0,thread_pool_queue,Moderate,Imminent,True,P1,P1,False,False,0,"Impact=Moderate (P3), Urgency=Imminent (ttf=0.0s, conf=1.00, gate=PASS) -> candidate=P1, revised=P1"
ep_00500_RETRY_STORM,RETRY_STORM,238.0,P3,0.936,0.0,rps,Moderate,Imminent,True,P1,P1,False,False,0,"Impact=Moderate (P3), Urgency=Imminent (ttf=0.0s, conf=0.94, gate=PASS) -> candidate=P1, revised=P1"
ep_00501_BAD_DEPLOY,BAD_DEPLOY,238.0,P3,0.9657,0.0,error_rate,Moderate,Imminent,True,P1,P1,False,False,0,"Impact=Moderate (P3), Urgency=Imminent (ttf=0.0s, conf=0.97, gate=PASS) -> candidate=P1, revised=P1"
ep_00502_BAD_DEPLOY,BAD_DEPLOY,238.0,P3,0.8962,0.0,error_rate,Moderate,Imminent,True,P1,P1,False,False,0,"Impact=Moderate (P3), Urgency=Imminent (ttf=0.0s, conf=0.90, gate=PASS) -> candidate=P1, revised=P1"
ep_00503_BAD_DEPLOY,BAD_DEPLOY,238.0,P3,0.974,,,Moderate,Distant,True,P3,P3,False,False,0,"Impact=Moderate (P3), Urgency=Distant (ttf=nans, conf=0.97, gate=PASS) -> candidate=P3, revised=P3"
ep_00504_CPU_SATURATION,CPU_SATURATION,238.0,P3,1.0,,,Moderate,Distant,True,P3,P3,False,False,0,"Impact=Moderate (P3), Urgency=Distant (ttf=nans, conf=1.00, gate=PASS) -> candidate=P3, revised=P3"
ep_00506_ERROR_STORM,ERROR_STORM,238.0,P3,0.7685,,,Moderate,Distant,True,P3,P3,False,False,0,"Impact=Moderate (P3), Urgency=Distant (ttf=nans, conf=0.77, gate=PASS) -> candidate=P3, revised=P3"
ep_00507_CPU_SATURATION,CPU_SATURATION,238.0,P3,1.0,,,Moderate,Distant,True,P3,P3,False,False,0,"Impact=Moderate (P3), Urgency=Distant (ttf=nans, conf=1.00, gate=PASS) -> candidate=P3, revised=P3"
ep_00509_LATENCY_SPIKE,LATENCY_SPIKE,238.0,P3,0.7245,,,Moderate,Distant,False,P3,P3,False,False,0,"Impact=Moderate (P3), Urgency=Distant (ttf=nans, conf=0.72, gate=FAIL) -> candidate=P3, revised=P3"
ep_00510_CACHE_STAMPEDE,CACHE_STAMPEDE,238.0,P3,1.0,,,Moderate,Distant,True,P3,P3,False,False,0,"Impact=Moderate (P3), Urgency=Distant (ttf=nans, conf=1.00, gate=PASS) -> candidate=P3, revised=P3"
ep_00511_ERROR_STORM,ERROR_STORM,238.0,P3,0.7725,,,Moderate,Distant,True,P3,P3,False,False,0,"Impact=Moderate (P3), Urgency=Distant (ttf=nans, conf=0.77, gate=PASS) -> candidate=P3, revised=P3"
ep_00512_DEPENDENCY_TIMEOUT,DEPENDENCY_TIMEOUT,238.0,P3,0.9131,263.73,upstream_timeout_rate,Moderate,Distant,True,P3,P3,False,False,0,"Impact=Moderate (P3), Urgency=Distant (ttf=263.73s, conf=0.91, gate=PASS) -> candidate=P3, revised=P3"
ep_00513_DEPENDENCY_TIMEOUT,DEPENDENCY_TIMEOUT,238.0,P3,0.8729,0.0,upstream_timeout_rate,Moderate,Imminent,True,P1,P1,False,False,0,"Impact=Moderate (P3), Urgency=Imminent (ttf=0.0s, conf=0.87, gate=PASS) -> candidate=P1, revised=P1"
ep_00514_DEPENDENCY_TIMEOUT,DEPENDENCY_TIMEOUT,238.0,P3,0.9819,0.0,upstream_timeout_rate,Moderate,Imminent,True,P1,P1,False,False,0,"Impact=Moderate (P3), Urgency=Imminent (ttf=0.0s, conf=0.98, gate=PASS) -> candidate=P1, revised=P1"
ep_00515_CASCADING_FAILURE,CASCADING_FAILURE,238.0,P3,1.0,0.0,p99_latency,Moderate,Imminent,True,P1,P1,False,False,0,"Impact=Moderate (P3), Urgency=Imminent (ttf=0.0s, conf=1.00, gate=PASS) -> candidate=P1, revised=P1"
ep_00516_DEPENDENCY_TIMEOUT,DEPENDENCY_TIMEOUT,238.0,P3,0.9781,0.0,upstream_timeout_rate,Moderate,Imminent,True,P1,P1,False,False,0,"Impact=Moderate (P3), Urgency=Imminent (ttf=0.0s, conf=0.98, gate=PASS) -> candidate=P1, revised=P1"
ep_00517_BAD_DEPLOY,BAD_DEPLOY,238.0,P3,0.8561,0.0,error_rate,Moderate,Imminent,True,P1,P1,False,False,0,"Impact=Moderate (P3), Urgency=Imminent (ttf=0.0s, conf=0.86, gate=PASS) -> candidate=P1, revised=P1"
ep_00518_QUEUE_BACKUP,QUEUE_BACKUP,238.0,P3,1.0,0.0,thread_pool_queue,Moderate,Imminent,True,P1,P1,False,False,0,"Impact=Moderate (P3), Urgency=Imminent (ttf=0.0s, conf=1.00, gate=PASS) -> candidate=P1, revised=P1"
ep_00519_DEPENDENCY_TIMEOUT,DEPENDENCY_TIMEOUT,238.0,P3,0.8901,0.0,upstream_timeout_rate,Moderate,Imminent,True,P1,P1,False,False,0,"Impact=Moderate (P3), Urgency=Imminent (ttf=0.0s, conf=0.89, gate=PASS) -> candidate=P1, revised=P1"
ep_00520_ERROR_STORM,ERROR_STORM,238.0,P3,0.7562,,,Moderate,Distant,True,P3,P3,False,False,0,"Impact=Moderate (P3), Urgency=Distant (ttf=nans, conf=0.76, gate=PASS) -> candidate=P3, revised=P3"
ep_00521_RETRY_STORM,RETRY_STORM,238.0,P3,0.8703,,,Moderate,Distant,True,P3,P3,False,False,0,"Impact=Moderate (P3), Urgency=Distant (ttf=nans, conf=0.87, gate=PASS) -> candidate=P3, revised=P3"
ep_00522_DEPENDENCY_TIMEOUT,DEPENDENCY_TIMEOUT,238.0,P3,0.8608,0.0,upstream_timeout_rate,Moderate,Imminent,True,P1,P1,False,False,0,"Impact=Moderate (P3), Urgency=Imminent (ttf=0.0s, conf=0.86, gate=PASS) -> candidate=P1, revised=P1"
ep_00523_DISK_IO_SATURATION,DISK_IO_SATURATION,238.0,P3,1.0,,,Moderate,Distant,True,P3,P3,False,False,0,"Impact=Moderate (P3), Urgency=Distant (ttf=nans, conf=1.00, gate=PASS) -> candidate=P3, revised=P3"
ep_00524_CASCADING_FAILURE,CASCADING_FAILURE,238.0,P3,1.0,0.0,p99_latency,Moderate,Imminent,True,P1,P1,False,False,0,"Impact=Moderate (P3), Urgency=Imminent (ttf=0.0s, conf=1.00, gate=PASS) -> candidate=P1, revised=P1"
ep_00525_CACHE_STAMPEDE,CACHE_STAMPEDE,238.0,P3,1.0,0.0,cache_miss_rate,Moderate,Imminent,True,P1,P1,False,False,0,"Impact=Moderate (P3), Urgency=Imminent (ttf=0.0s, conf=1.00, gate=PASS) -> candidate=P1, revised=P1"
ep_00526_DEPENDENCY_TIMEOUT,DEPENDENCY_TIMEOUT,238.0,P3,0.9554,0.0,upstream_timeout_rate,Moderate,Imminent,True,P1,P1,False,False,0,"Impact=Moderate (P3), Urgency=Imminent (ttf=0.0s, conf=0.96, gate=PASS) -> candidate=P1, revised=P1"
ep_00527_CASCADING_FAILURE,CASCADING_FAILURE,238.0,P3,1.0,0.0,error_rate,Moderate,Imminent,True,P1,P1,False,False,0,"Impact=Moderate (P3), Urgency=Imminent (ttf=0.0s, conf=1.00, gate=PASS) -> candidate=P1, revised=P1"
ep_00528_LATENCY_SPIKE,LATENCY_SPIKE,238.0,P3,0.5578,,,Moderate,Distant,False,P3,P3,False,False,0,"Impact=Moderate (P3), Urgency=Distant (ttf=nans, conf=0.56, gate=FAIL) -> candidate=P3, revised=P3"
ep_00529_LATENCY_SPIKE,LATENCY_SPIKE,238.0,P3,0.3,,,Moderate,Distant,False,P3,P3,False,False,0,"Impact=Moderate (P3), Urgency=Distant (ttf=nans, conf=0.30, gate=FAIL) -> candidate=P3, revised=P3"
ep_00530_RETRY_STORM,RETRY_STORM,238.0,P3,0.8978,0.0,rps,Moderate,Imminent,True,P1,P1,False,False,0,"Impact=Moderate (P3), Urgency=Imminent (ttf=0.0s, conf=0.90, gate=PASS) -> candidate=P1, revised=P1"
ep_00531_DISK_IO_SATURATION,DISK_IO_SATURATION,238.0,P3,1.0,3120.57,queue_lag,Moderate,Distant,True,P3,P3,False,False,0,"Impact=Moderate (P3), Urgency=Distant (ttf=3120.57s, conf=1.00, gate=PASS) -> candidate=P3, revised=P3"
ep_00532_QUEUE_BACKUP,QUEUE_BACKUP,238.0,P3,1.0,0.0,thread_pool_queue,Moderate,Imminent,True,P1,P1,False,False,0,"Impact=Moderate (P3), Urgency=Imminent (ttf=0.0s, conf=1.00, gate=PASS) -> candidate=P1, revised=P1"
ep_00533_DISK_IO_SATURATION,DISK_IO_SATURATION,238.0,P3,1.0,94516.4,iops_utilization,Moderate,Distant,True,P3,P3,False,False,0,"Impact=Moderate (P3), Urgency=Distant (ttf=94516.4s, conf=1.00, gate=PASS) -> candidate=P3, revised=P3"
ep_00534_MEMORY_LEAK,MEMORY_LEAK,238.0,P3,1.0,,,Moderate,Distant,True,P3,P3,False,False,0,"Impact=Moderate (P3), Urgency=Distant (ttf=nans, conf=1.00, gate=PASS) -> candidate=P3, revised=P3"
ep_00535_DISK_IO_SATURATION,DISK_IO_SATURATION,238.0,P3,1.0,,,Moderate,Distant,True,P3,P3,False,False,0,"Impact=Moderate (P3), Urgency=Distant (ttf=nans, conf=1.00, gate=PASS) -> candidate=P3, revised=P3"
ep_00536_DISK_IO_SATURATION,DISK_IO_SATURATION,238.0,P3,1.0,,,Moderate,Distant,True,P3,P3,False,False,0,"Impact=Moderate (P3), Urgency=Distant (ttf=nans, conf=1.00, gate=PASS) -> candidate=P3, revised=P3"
ep_00538_DB_SLOWDOWN,DB_SLOWDOWN,238.0,P3,0.7853,0.0,db_connection_wait,Moderate,Imminent,True,P1,P1,False,False,0,"Impact=Moderate (P3), Urgency=Imminent (ttf=0.0s, conf=0.79, gate=PASS) -> candidate=P1, revised=P1"
ep_00539_BAD_DEPLOY,BAD_DEPLOY,238.0,P3,0.878,,,Moderate,Distant,True,P3,P3,False,False,0,"Impact=Moderate (P3), Urgency=Distant (ttf=nans, conf=0.88, gate=PASS) -> candidate=P3, revised=P3"
ep_00540_ERROR_STORM,ERROR_STORM,238.0,P3,0.7819,0.0,error_rate,Moderate,Imminent,True,P1,P1,False,False,0,"Impact=Moderate (P3), Urgency=Imminent (ttf=0.0s, conf=0.78, gate=PASS) -> candidate=P1, revised=P1"
ep_00541_DEPENDENCY_TIMEOUT,DEPENDENCY_TIMEOUT,238.0,P3,1.0,0.0,upstream_timeout_rate,Moderate,Imminent,True,P1,P1,False,False,0,"Impact=Moderate (P3), Urgency=Imminent (ttf=0.0s, conf=1.00, gate=PASS) -> candidate=P1, revised=P1"
ep_00542_QUEUE_BACKUP,QUEUE_BACKUP,238.0,P3,1.0,0.0,thread_pool_queue,Moderate,Imminent,True,P1,P1,False,False,0,"Impact=Moderate (P3), Urgency=Imminent (ttf=0.0s, conf=1.00, gate=PASS) -> candidate=P1, revised=P1"
ep_00543_DISK_IO_SATURATION,DISK_IO_SATURATION,238.0,P3,1.0,797.88,disk_write_latency,Moderate,Distant,True,P3,P3,False,False,0,"Impact=Moderate (P3), Urgency=Distant (ttf=797.88s, conf=1.00, gate=PASS) -> candidate=P3, revised=P3"
ep_00544_CASCADING_FAILURE,CASCADING_FAILURE,238.0,P3,1.0,0.0,p99_latency,Moderate,Imminent,True,P1,P1,False,False,0,"Impact=Moderate (P3), Urgency=Imminent (ttf=0.0s, conf=1.00, gate=PASS) -> candidate=P1, revised=P1"
ep_00546_CASCADING_FAILURE,CASCADING_FAILURE,238.0,P3,1.0,0.0,error_rate,Moderate,Imminent,True,P1,P1,False,False,0,"Impact=Moderate (P3), Urgency=Imminent (ttf=0.0s, conf=1.00, gate=PASS) -> candidate=P1, revised=P1"
ep_00547_CPU_SATURATION,CPU_SATURATION,238.0,P3,1.0,,,Moderate,Distant,True,P3,P3,False,False,0,"Impact=Moderate (P3), Urgency=Distant (ttf=nans, conf=1.00, gate=PASS) -> candidate=P3, revised=P3"
ep_00548_BAD_DEPLOY,BAD_DEPLOY,238.0,P3,0.8634,0.0,error_rate,Moderate,Imminent,True,P1,P1,False,False,0,"Impact=Moderate (P3), Urgency=Imminent (ttf=0.0s, conf=0.86, gate=PASS) -> candidate=P1, revised=P1"
ep_00549_DB_SLOWDOWN,DB_SLOWDOWN,238.0,P3,0.6788,15.75,db_connection_wait,Moderate,Distant,False,P3,P3,False,False,0,"Impact=Moderate (P3), Urgency=Distant (ttf=15.75s, conf=0.68, gate=FAIL) -> candidate=P3, revised=P3"
ep_00550_CACHE_STAMPEDE,CACHE_STAMPEDE,238.0,P3,1.0,0.0,cache_miss_rate,Moderate,Imminent,True,P1,P1,False,False,0,"Impact=Moderate (P3), Urgency=Imminent (ttf=0.0s, conf=1.00, gate=PASS) -> candidate=P1, revised=P1"
ep_00551_CPU_SATURATION,CPU_SATURATION,238.0,P3,1.0,75.4,cpu_utilization,Moderate,Near,True,P2,P2,False,False,0,"Impact=Moderate (P3), Urgency=Near (ttf=75.4s, conf=1.00, gate=PASS) -> candidate=P2, revised=P2"
ep_00552_QUEUE_BACKUP,QUEUE_BACKUP,238.0,P3,1.0,0.0,thread_pool_queue,Moderate,Imminent,True,P1,P1,False,False,0,"Impact=Moderate (P3), Urgency=Imminent (ttf=0.0s, conf=1.00, gate=PASS) -> candidate=P1, revised=P1"
ep_00554_CASCADING_FAILURE,CASCADING_FAILURE,238.0,P3,1.0,0.0,p99_latency,Moderate,Imminent,True,P1,P1,False,False,0,"Impact=Moderate (P3), Urgency=Imminent (ttf=0.0s, conf=1.00, gate=PASS) -> candidate=P1, revised=P1"
ep_00555_QUEUE_BACKUP,QUEUE_BACKUP,238.0,P3,1.0,0.0,thread_pool_queue,Moderate,Imminent,True,P1,P1,False,False,0,"Impact=Moderate (P3), Urgency=Imminent (ttf=0.0s, conf=1.00, gate=PASS) -> candidate=P1, revised=P1"
ep_00556_BAD_DEPLOY,BAD_DEPLOY,238.0,P3,0.9206,0.0,error_rate,Moderate,Imminent,True,P1,P1,False,False,0,"Impact=Moderate (P3), Urgency=Imminent (ttf=0.0s, conf=0.92, gate=PASS) -> candidate=P1, revised=P1"
ep_00557_RETRY_STORM,RETRY_STORM,238.0,P3,0.8122,0.0,rps,Moderate,Imminent,True,P1,P1,False,False,0,"Impact=Moderate (P3), Urgency=Imminent (ttf=0.0s, conf=0.81, gate=PASS) -> candidate=P1, revised=P1"
ep_00559_ERROR_STORM,ERROR_STORM,238.0,P3,0.7663,0.0,error_rate,Moderate,Imminent,True,P1,P1,False,False,0,"Impact=Moderate (P3), Urgency=Imminent (ttf=0.0s, conf=0.77, gate=PASS) -> candidate=P1, revised=P1"
ep_00560_LATENCY_SPIKE,LATENCY_SPIKE,238.0,P3,0.589,21134.48,p99_latency,Moderate,Distant,False,P3,P3,False,False,0,"Impact=Moderate (P3), Urgency=Distant (ttf=21134.48s, conf=0.59, gate=FAIL) -> candidate=P3, revised=P3"
ep_00562_QUEUE_BACKUP,QUEUE_BACKUP,238.0,P3,1.0,0.0,thread_pool_queue,Moderate,Imminent,True,P1,P1,False,False,0,"Impact=Moderate (P3), Urgency=Imminent (ttf=0.0s, conf=1.00, gate=PASS) -> candidate=P1, revised=P1"
ep_00563_ERROR_STORM,ERROR_STORM,238.0,P3,0.7594,,,Moderate,Distant,True,P3,P3,False,False,0,"Impact=Moderate (P3), Urgency=Distant (ttf=nans, conf=0.76, gate=PASS) -> candidate=P3, revised=P3"
ep_00564_CPU_SATURATION,CPU_SATURATION,238.0,P3,1.0,,,Moderate,Distant,True,P3,P3,False,False,0,"Impact=Moderate (P3), Urgency=Distant (ttf=nans, conf=1.00, gate=PASS) -> candidate=P3, revised=P3"
ep_00565_DEPENDENCY_TIMEOUT,DEPENDENCY_TIMEOUT,238.0,P3,0.8907,,,Moderate,Distant,True,P3,P3,False,False,0,"Impact=Moderate (P3), Urgency=Distant (ttf=nans, conf=0.89, gate=PASS) -> candidate=P3, revised=P3"
ep_00566_QUEUE_BACKUP,QUEUE_BACKUP,238.0,P3,1.0,0.0,thread_pool_queue,Moderate,Imminent,True,P1,P1,False,False,0,"Impact=Moderate (P3), Urgency=Imminent (ttf=0.0s, conf=1.00, gate=PASS) -> candidate=P1, revised=P1"
ep_00567_DB_SLOWDOWN,DB_SLOWDOWN,238.0,P3,0.7079,0.0,db_connection_wait,Moderate,Distant,False,P3,P3,False,False,0,"Impact=Moderate (P3), Urgency=Distant (ttf=0.0s, conf=0.71, gate=FAIL) -> candidate=P3, revised=P3"
ep_00568_CPU_SATURATION,CPU_SATURATION,238.0,P3,1.0,,,Moderate,Distant,True,P3,P3,False,False,0,"Impact=Moderate (P3), Urgency=Distant (ttf=nans, conf=1.00, gate=PASS) -> candidate=P3, revised=P3"
ep_00570_CASCADING_FAILURE,CASCADING_FAILURE,238.0,P3,1.0,66.19,error_rate,Moderate,Near,True,P2,P2,False,False,0,"Impact=Moderate (P3), Urgency=Near (ttf=66.19s, conf=1.00, gate=PASS) -> candidate=P2, revised=P2"
ep_00571_LATENCY_SPIKE,LATENCY_SPIKE,238.0,P3,0.4749,,,Moderate,Distant,False,P3,P3,False,False,0,"Impact=Moderate (P3), Urgency=Distant (ttf=nans, conf=0.47, gate=FAIL) -> candidate=P3, revised=P3"
ep_00572_CPU_SATURATION,CPU_SATURATION,238.0,P3,1.0,,,Moderate,Distant,True,P3,P3,False,False,0,"Impact=Moderate (P3), Urgency=Distant (ttf=nans, conf=1.00, gate=PASS) -> candidate=P3, revised=P3"
ep_00573_ERROR_STORM,ERROR_STORM,238.0,P3,0.8329,,,Moderate,Distant,True,P3,P3,False,False,0,"Impact=Moderate (P3), Urgency=Distant (ttf=nans, conf=0.83, gate=PASS) -> candidate=P3, revised=P3"
ep_00574_DB_SLOWDOWN,DB_SLOWDOWN,238.0,P3,0.8175,0.0,db_connection_wait,Moderate,Imminent,True,P1,P1,False,False,0,"Impact=Moderate (P3), Urgency=Imminent (ttf=0.0s, conf=0.82, gate=PASS) -> candidate=P1, revised=P1"
ep_00575_RETRY_STORM,RETRY_STORM,238.0,P3,0.8857,0.0,rps,Moderate,Imminent,True,P1,P1,False,False,0,"Impact=Moderate (P3), Urgency=Imminent (ttf=0.0s, conf=0.89, gate=PASS) -> candidate=P1, revised=P1"
ep_00576_DB_SLOWDOWN,DB_SLOWDOWN,238.0,P3,0.6839,0.0,db_connection_wait,Moderate,Distant,False,P3,P3,False,False,0,"Impact=Moderate (P3), Urgency=Distant (ttf=0.0s, conf=0.68, gate=FAIL) -> candidate=P3, revised=P3"
ep_00577_QUEUE_BACKUP,QUEUE_BACKUP,238.0,P3,1.0,0.0,thread_pool_queue,Moderate,Imminent,True,P1,P1,False,False,0,"Impact=Moderate (P3), Urgency=Imminent (ttf=0.0s, conf=1.00, gate=PASS) -> candidate=P1, revised=P1"
ep_00578_MEMORY_LEAK,MEMORY_LEAK,238.0,P3,1.0,,,Moderate,Distant,True,P3,P3,False,False,0,"Impact=Moderate (P3), Urgency=Distant (ttf=nans, conf=1.00, gate=PASS) -> candidate=P3, revised=P3"
ep_00579_ERROR_STORM,ERROR_STORM,238.0,P3,0.7065,290.92,error_rate,Moderate,Distant,False,P3,P3,False,False,0,"Impact=Moderate (P3), Urgency=Distant (ttf=290.92s, conf=0.71, gate=FAIL) -> candidate=P3, revised=P3"
ep_00580_DEPENDENCY_TIMEOUT,DEPENDENCY_TIMEOUT,238.0,P3,0.8592,88.77,upstream_timeout_rate,Moderate,Near,True,P2,P2,False,False,0,"Impact=Moderate (P3), Urgency=Near (ttf=88.77s, conf=0.86, gate=PASS) -> candidate=P2, revised=P2"
ep_00581_MEMORY_LEAK,MEMORY_LEAK,238.0,P3,1.0,,,Moderate,Distant,True,P3,P3,False,False,0,"Impact=Moderate (P3), Urgency=Distant (ttf=nans, conf=1.00, gate=PASS) -> candidate=P3, revised=P3"
ep_00582_MEMORY_LEAK,MEMORY_LEAK,238.0,P3,1.0,5283.17,memory_utilization,Moderate,Distant,True,P3,P3,False,False,0,"Impact=Moderate (P3), Urgency=Distant (ttf=5283.17s, conf=1.00, gate=PASS) -> candidate=P3, revised=P3"
ep_00583_CACHE_STAMPEDE,CACHE_STAMPEDE,238.0,P3,1.0,0.0,cache_miss_rate,Moderate,Imminent,True,P1,P1,False,False,0,"Impact=Moderate (P3), Urgency=Imminent (ttf=0.0s, conf=1.00, gate=PASS) -> candidate=P1, revised=P1"
ep_00584_CACHE_STAMPEDE,CACHE_STAMPEDE,238.0,P3,1.0,,,Moderate,Distant,True,P3,P3,False,False,0,"Impact=Moderate (P3), Urgency=Distant (ttf=nans, conf=1.00, gate=PASS) -> candidate=P3, revised=P3"
ep_00585_LATENCY_SPIKE,LATENCY_SPIKE,238.0,P3,0.5765,78473.48,p95_latency,Moderate,Distant,False,P3,P3,False,False,0,"Impact=Moderate (P3), Urgency=Distant (ttf=78473.48s, conf=0.58, gate=FAIL) -> candidate=P3, revised=P3"
ep_00586_ERROR_STORM,ERROR_STORM,238.0,P3,0.7322,,,Moderate,Distant,False,P3,P3,False,False,0,"Impact=Moderate (P3), Urgency=Distant (ttf=nans, conf=0.73, gate=FAIL) -> candidate=P3, revised=P3"
ep_00587_MEMORY_LEAK,MEMORY_LEAK,238.0,P3,1.0,10487.6,memory_utilization,Moderate,Distant,True,P3,P3,False,False,0,"Impact=Moderate (P3), Urgency=Distant (ttf=10487.6s, conf=1.00, gate=PASS) -> candidate=P3, revised=P3"
ep_00588_BAD_DEPLOY,BAD_DEPLOY,238.0,P3,0.9514,,,Moderate,Distant,True,P3,P3,False,False,0,"Impact=Moderate (P3), Urgency=Distant (ttf=nans, conf=0.95, gate=PASS) -> candidate=P3, revised=P3"
ep_00589_DISK_IO_SATURATION,DISK_IO_SATURATION,238.0,P3,1.0,,,Moderate,Distant,True,P3,P3,False,False,0,"Impact=Moderate (P3), Urgency=Distant (ttf=nans, conf=1.00, gate=PASS) -> candidate=P3, revised=P3"
ep_00590_MEMORY_LEAK,MEMORY_LEAK,238.0,P3,1.0,2477.88,memory_utilization,Moderate,Distant,True,P3,P3,False,False,0,"Impact=Moderate (P3), Urgency=Distant (ttf=2477.88s, conf=1.00, gate=PASS) -> candidate=P3, revised=P3"
ep_00591_ERROR_STORM,ERROR_STORM,238.0,P3,0.7124,,,Moderate,Distant,False,P3,P3,False,False,0,"Impact=Moderate (P3), Urgency=Distant (ttf=nans, conf=0.71, gate=FAIL) -> candidate=P3, revised=P3"
ep_00593_CASCADING_FAILURE,CASCADING_FAILURE,238.0,P3,1.0,0.0,error_rate,Moderate,Imminent,True,P1,P1,False,False,0,"Impact=Moderate (P3), Urgency=Imminent (ttf=0.0s, conf=1.00, gate=PASS) -> candidate=P1, revised=P1"
ep_00594_QUEUE_BACKUP,QUEUE_BACKUP,238.0,P3,1.0,0.0,thread_pool_queue,Moderate,Imminent,True,P1,P1,False,False,0,"Impact=Moderate (P3), Urgency=Imminent (ttf=0.0s, conf=1.00, gate=PASS) -> candidate=P1, revised=P1"
ep_00595_CASCADING_FAILURE,CASCADING_FAILURE,238.0,P3,1.0,0.0,p99_latency,Moderate,Imminent,True,P1,P1,False,False,0,"Impact=Moderate (P3), Urgency=Imminent (ttf=0.0s, conf=1.00, gate=PASS) -> candidate=P1, revised=P1"
ep_00596_RETRY_STORM,RETRY_STORM,238.0,P3,0.9221,46.05,rps,Moderate,Near,True,P2,P2,False,False,0,"Impact=Moderate (P3), Urgency=Near (ttf=46.05s, conf=0.92, gate=PASS) -> candidate=P2, revised=P2"
ep_00597_RETRY_STORM,RETRY_STORM,238.0,P3,0.9208,0.0,rps,Moderate,Imminent,True,P1,P1,False,False,0,"Impact=Moderate (P3), Urgency=Imminent (ttf=0.0s, conf=0.92, gate=PASS) -> candidate=P1, revised=P1"
ep_00598_ERROR_STORM,ERROR_STORM,238.0,P3,0.758,,,Moderate,Distant,True,P3,P3,False,False,0,"Impact=Moderate (P3), Urgency=Distant (ttf=nans, conf=0.76, gate=PASS) -> candidate=P3, revised=P3"
ep_00599_CASCADING_FAILURE,CASCADING_FAILURE,238.0,P3,1.0,0.0,p99_latency,Moderate,Imminent,True,P1,P1,False,False,0,"Impact=Moderate (P3), Urgency=Imminent (ttf=0.0s, conf=1.00, gate=PASS) -> candidate=P1, revised=P1"
ep_00601_LATENCY_SPIKE,LATENCY_SPIKE,238.0,P3,0.3,,,Moderate,Distant,False,P3,P3,False,False,0,"Impact=Moderate (P3), Urgency=Distant (ttf=nans, conf=0.30, gate=FAIL) -> candidate=P3, revised=P3"
ep_00602_ERROR_STORM,ERROR_STORM,238.0,P3,0.7808,0.0,error_rate,Moderate,Imminent,True,P1,P1,False,False,0,"Impact=Moderate (P3), Urgency=Imminent (ttf=0.0s, conf=0.78, gate=PASS) -> candidate=P1, revised=P1"
ep_00604_BAD_DEPLOY,BAD_DEPLOY,238.0,P3,0.9744,0.0,error_rate,Moderate,Imminent,True,P1,P1,False,False,0,"Impact=Moderate (P3), Urgency=Imminent (ttf=0.0s, conf=0.97, gate=PASS) -> candidate=P1, revised=P1"
ep_00605_MEMORY_LEAK,MEMORY_LEAK,238.0,P3,1.0,,,Moderate,Distant,True,P3,P3,False,False,0,"Impact=Moderate (P3), Urgency=Distant (ttf=nans, conf=1.00, gate=PASS) -> candidate=P3, revised=P3"
ep_00606_BAD_DEPLOY,BAD_DEPLOY,238.0,P3,0.8338,0.0,error_rate,Moderate,Imminent,True,P1,P1,False,False,0,"Impact=Moderate (P3), Urgency=Imminent (ttf=0.0s, conf=0.83, gate=PASS) -> candidate=P1, revised=P1"
ep_00607_LATENCY_SPIKE,LATENCY_SPIKE,238.0,P3,0.6409,,,Moderate,Distant,False,P3,P3,False,False,0,"Impact=Moderate (P3), Urgency=Distant (ttf=nans, conf=0.64, gate=FAIL) -> candidate=P3, revised=P3"
ep_00608_CPU_SATURATION,CPU_SATURATION,238.0,P3,1.0,394.96,cpu_utilization,Moderate,Distant,True,P3,P3,False,False,0,"Impact=Moderate (P3), Urgency=Distant (ttf=394.96s, conf=1.00, gate=PASS) -> candidate=P3, revised=P3"
ep_00609_ERROR_STORM,ERROR_STORM,238.0,P3,0.7594,,,Moderate,Distant,True,P3,P3,False,False,0,"Impact=Moderate (P3), Urgency=Distant (ttf=nans, conf=0.76, gate=PASS) -> candidate=P3, revised=P3"
ep_00610_DISK_IO_SATURATION,DISK_IO_SATURATION,238.0,P3,1.0,,,Moderate,Distant,True,P3,P3,False,False,0,"Impact=Moderate (P3), Urgency=Distant (ttf=nans, conf=1.00, gate=PASS) -> candidate=P3, revised=P3"
ep_00611_ERROR_STORM,ERROR_STORM,238.0,P3,0.728,,,Moderate,Distant,False,P3,P3,False,False,0,"Impact=Moderate (P3), Urgency=Distant (ttf=nans, conf=0.73, gate=FAIL) -> candidate=P3, revised=P3"
ep_00612_RETRY_STORM,RETRY_STORM,238.0,P3,0.8955,0.0,rps,Moderate,Imminent,True,P1,P1,False,False,0,"Impact=Moderate (P3), Urgency=Imminent (ttf=0.0s, conf=0.90, gate=PASS) -> candidate=P1, revised=P1"
ep_00613_ERROR_STORM,ERROR_STORM,238.0,P3,0.7513,799.57,error_rate,Moderate,Distant,True,P3,P3,False,False,0,"Impact=Moderate (P3), Urgency=Distant (ttf=799.57s, conf=0.75, gate=PASS) -> candidate=P3, revised=P3"
ep_00614_CACHE_STAMPEDE,CACHE_STAMPEDE,238.0,P3,1.0,63.88,cache_miss_rate,Moderate,Near,True,P2,P2,False,False,0,"Impact=Moderate (P3), Urgency=Near (ttf=63.88s, conf=1.00, gate=PASS) -> candidate=P2, revised=P2"
ep_00615_CACHE_STAMPEDE,CACHE_STAMPEDE,238.0,P3,1.0,0.0,cache_miss_rate,Moderate,Imminent,True,P1,P1,False,False,0,"Impact=Moderate (P3), Urgency=Imminent (ttf=0.0s, conf=1.00, gate=PASS) -> candidate=P1, revised=P1"
ep_00616_MEMORY_LEAK,MEMORY_LEAK,238.0,P3,1.0,,,Moderate,Distant,True,P3,P3,False,False,0,"Impact=Moderate (P3), Urgency=Distant (ttf=nans, conf=1.00, gate=PASS) -> candidate=P3, revised=P3"
ep_00617_DISK_IO_SATURATION,DISK_IO_SATURATION,238.0,P3,1.0,,,Moderate,Distant,True,P3,P3,False,False,0,"Impact=Moderate (P3), Urgency=Distant (ttf=nans, conf=1.00, gate=PASS) -> candidate=P3, revised=P3"
ep_00618_QUEUE_BACKUP,QUEUE_BACKUP,238.0,P3,1.0,0.0,thread_pool_queue,Moderate,Imminent,True,P1,P1,False,False,0,"Impact=Moderate (P3), Urgency=Imminent (ttf=0.0s, conf=1.00, gate=PASS) -> candidate=P1, revised=P1"
ep_00619_MEMORY_LEAK,MEMORY_LEAK,238.0,P3,1.0,,,Moderate,Distant,True,P3,P3,False,False,0,"Impact=Moderate (P3), Urgency=Distant (ttf=nans, conf=1.00, gate=PASS) -> candidate=P3, revised=P3"
ep_00620_CPU_SATURATION,CPU_SATURATION,238.0,P3,1.0,,,Moderate,Distant,True,P3,P3,False,False,0,"Impact=Moderate (P3), Urgency=Distant (ttf=nans, conf=1.00, gate=PASS) -> candidate=P3, revised=P3"
ep_00621_BAD_DEPLOY,BAD_DEPLOY,238.0,P3,0.8613,0.0,error_rate,Moderate,Imminent,True,P1,P1,False,False,0,"Impact=Moderate (P3), Urgency=Imminent (ttf=0.0s, conf=0.86, gate=PASS) -> candidate=P1, revised=P1"
ep_00622_DISK_IO_SATURATION,DISK_IO_SATURATION,238.0,P3,1.0,565269.56,iops_utilization,Moderate,Distant,True,P3,P3,False,False,0,"Impact=Moderate (P3), Urgency=Distant (ttf=565269.56s, conf=1.00, gate=PASS) -> candidate=P3, revised=P3"
ep_00623_ERROR_STORM,ERROR_STORM,238.0,P3,0.8092,0.0,error_rate,Moderate,Imminent,True,P1,P1,False,False,0,"Impact=Moderate (P3), Urgency=Imminent (ttf=0.0s, conf=0.81, gate=PASS) -> candidate=P1, revised=P1"
ep_00624_BAD_DEPLOY,BAD_DEPLOY,238.0,P3,0.959,,,Moderate,Distant,True,P3,P3,False,False,0,"Impact=Moderate (P3), Urgency=Distant (ttf=nans, conf=0.96, gate=PASS) -> candidate=P3, revised=P3"
ep_00625_DEPENDENCY_TIMEOUT,DEPENDENCY_TIMEOUT,238.0,P3,0.8833,0.0,upstream_timeout_rate,Moderate,Imminent,True,P1,P1,False,False,0,"Impact=Moderate (P3), Urgency=Imminent (ttf=0.0s, conf=0.88, gate=PASS) -> candidate=P1, revised=P1"
ep_00626_RETRY_STORM,RETRY_STORM,238.0,P3,0.9038,0.0,rps,Moderate,Imminent,True,P1,P1,False,False,0,"Impact=Moderate (P3), Urgency=Imminent (ttf=0.0s, conf=0.90, gate=PASS) -> candidate=P1, revised=P1"
ep_00627_MEMORY_LEAK,MEMORY_LEAK,238.0,P3,1.0,20412.62,heap_mb,Moderate,Distant,True,P3,P3,False,False,0,"Impact=Moderate (P3), Urgency=Distant (ttf=20412.62s, conf=1.00, gate=PASS) -> candidate=P3, revised=P3"
ep_00628_QUEUE_BACKUP,QUEUE_BACKUP,238.0,P3,1.0,0.0,thread_pool_queue,Moderate,Imminent,True,P1,P1,False,False,0,"Impact=Moderate (P3), Urgency=Imminent (ttf=0.0s, conf=1.00, gate=PASS) -> candidate=P1, revised=P1"
ep_00629_CPU_SATURATION,CPU_SATURATION,238.0,P3,1.0,,,Moderate,Distant,True,P3,P3,False,False,0,"Impact=Moderate (P3), Urgency=Distant (ttf=nans, conf=1.00, gate=PASS) -> candidate=P3, revised=P3"
ep_00630_LATENCY_SPIKE,LATENCY_SPIKE,238.0,P3,0.3032,3453.94,p95_latency,Moderate,Distant,False,P3,P3,False,False,0,"Impact=Moderate (P3), Urgency=Distant (ttf=3453.94s, conf=0.30, gate=FAIL) -> candidate=P3, revised=P3"
ep_00631_ERROR_STORM,ERROR_STORM,238.0,P3,0.8237,,,Moderate,Distant,True,P3,P3,False,False,0,"Impact=Moderate (P3), Urgency=Distant (ttf=nans, conf=0.82, gate=PASS) -> candidate=P3, revised=P3"
ep_00632_LATENCY_SPIKE,LATENCY_SPIKE,238.0,P3,0.3,,,Moderate,Distant,False,P3,P3,False,False,0,"Impact=Moderate (P3), Urgency=Distant (ttf=nans, conf=0.30, gate=FAIL) -> candidate=P3, revised=P3"
ep_00633_DEPENDENCY_TIMEOUT,DEPENDENCY_TIMEOUT,238.0,P3,0.8683,118.01,upstream_timeout_rate,Moderate,Near,True,P2,P2,False,False,0,"Impact=Moderate (P3), Urgency=Near (ttf=118.01s, conf=0.87, gate=PASS) -> candidate=P2, revised=P2"
ep_00634_DEPENDENCY_TIMEOUT,DEPENDENCY_TIMEOUT,238.0,P3,0.9274,,,Moderate,Distant,True,P3,P3,False,False,0,"Impact=Moderate (P3), Urgency=Distant (ttf=nans, conf=0.93, gate=PASS) -> candidate=P3, revised=P3"
ep_00635_LATENCY_SPIKE,LATENCY_SPIKE,238.0,P3,0.3,,,Moderate,Distant,False,P3,P3,False,False,0,"Impact=Moderate (P3), Urgency=Distant (ttf=nans, conf=0.30, gate=FAIL) -> candidate=P3, revised=P3"
ep_00636_DEPENDENCY_TIMEOUT,DEPENDENCY_TIMEOUT,238.0,P3,0.9289,0.0,upstream_timeout_rate,Moderate,Imminent,True,P1,P1,False,False,0,"Impact=Moderate (P3), Urgency=Imminent (ttf=0.0s, conf=0.93, gate=PASS) -> candidate=P1, revised=P1"
ep_00637_MEMORY_LEAK,MEMORY_LEAK,238.0,P3,1.0,62094.75,heap_mb,Moderate,Distant,True,P3,P3,False,False,0,"Impact=Moderate (P3), Urgency=Distant (ttf=62094.75s, conf=1.00, gate=PASS) -> candidate=P3, revised=P3"
ep_00638_CPU_SATURATION,CPU_SATURATION,238.0,P3,1.0,0.0,cpu_utilization,Moderate,Imminent,True,P1,P1,False,False,0,"Impact=Moderate (P3), Urgency=Imminent (ttf=0.0s, conf=1.00, gate=PASS) -> candidate=P1, revised=P1"
ep_00639_MEMORY_LEAK,MEMORY_LEAK,238.0,P3,1.0,2178.21,memory_utilization,Moderate,Distant,True,P3,P3,False,False,0,"Impact=Moderate (P3), Urgency=Distant (ttf=2178.21s, conf=1.00, gate=PASS) -> candidate=P3, revised=P3"
ep_00640_QUEUE_BACKUP,QUEUE_BACKUP,238.0,P3,1.0,0.0,thread_pool_queue,Moderate,Imminent,True,P1,P1,False,False,0,"Impact=Moderate (P3), Urgency=Imminent (ttf=0.0s, conf=1.00, gate=PASS) -> candidate=P1, revised=P1"
ep_00641_DB_SLOWDOWN,DB_SLOWDOWN,238.0,P3,0.6867,0.0,db_connection_wait,Moderate,Distant,False,P3,P3,False,False,0,"Impact=Moderate (P3), Urgency=Distant (ttf=0.0s, conf=0.69, gate=FAIL) -> candidate=P3, revised=P3"
ep_00642_QUEUE_BACKUP,QUEUE_BACKUP,238.0,P3,1.0,0.0,thread_pool_queue,Moderate,Imminent,True,P1,P1,False,False,0,"Impact=Moderate (P3), Urgency=Imminent (ttf=0.0s, conf=1.00, gate=PASS) -> candidate=P1, revised=P1"
ep_00643_DEPENDENCY_TIMEOUT,DEPENDENCY_TIMEOUT,238.0,P3,0.9288,,,Moderate,Distant,True,P3,P3,False,False,0,"Impact=Moderate (P3), Urgency=Distant (ttf=nans, conf=0.93, gate=PASS) -> candidate=P3, revised=P3"
ep_00644_DEPENDENCY_TIMEOUT,DEPENDENCY_TIMEOUT,238.0,P3,0.9301,,,Moderate,Distant,True,P3,P3,False,False,0,"Impact=Moderate (P3), Urgency=Distant (ttf=nans, conf=0.93, gate=PASS) -> candidate=P3, revised=P3"
ep_00645_CPU_SATURATION,CPU_SATURATION,238.0,P3,1.0,0.0,cpu_utilization,Moderate,Imminent,True,P1,P1,False,False,0,"Impact=Moderate (P3), Urgency=Imminent (ttf=0.0s, conf=1.00, gate=PASS) -> candidate=P1, revised=P1"
ep_00646_CACHE_STAMPEDE,CACHE_STAMPEDE,238.0,P3,1.0,0.0,cache_miss_rate,Moderate,Imminent,True,P1,P1,False,False,0,"Impact=Moderate (P3), Urgency=Imminent (ttf=0.0s, conf=1.00, gate=PASS) -> candidate=P1, revised=P1"
ep_00648_CPU_SATURATION,CPU_SATURATION,238.0,P3,1.0,331.54,cpu_utilization,Moderate,Distant,True,P3,P3,False,False,0,"Impact=Moderate (P3), Urgency=Distant (ttf=331.54s, conf=1.00, gate=PASS) -> candidate=P3, revised=P3"
ep_00649_CASCADING_FAILURE,CASCADING_FAILURE,238.0,P3,1.0,0.0,p99_latency,Moderate,Imminent,True,P1,P1,False,False,0,"Impact=Moderate (P3), Urgency=Imminent (ttf=0.0s, conf=1.00, gate=PASS) -> candidate=P1, revised=P1"
ep_00650_MEMORY_LEAK,MEMORY_LEAK,238.0,P3,1.0,3621.19,memory_utilization,Moderate,Distant,True,P3,P3,False,False,0,"Impact=Moderate (P3), Urgency=Distant (ttf=3621.19s, conf=1.00, gate=PASS) -> candidate=P3, revised=P3"
ep_00651_DB_SLOWDOWN,DB_SLOWDOWN,238.0,P3,0.7276,,,Moderate,Distant,False,P3,P3,False,False,0,"Impact=Moderate (P3), Urgency=Distant (ttf=nans, conf=0.73, gate=FAIL) -> candidate=P3, revised=P3"
ep_00652_DISK_IO_SATURATION,DISK_IO_SATURATION,238.0,P3,1.0,,,Moderate,Distant,True,P3,P3,False,False,0,"Impact=Moderate (P3), Urgency=Distant (ttf=nans, conf=1.00, gate=PASS) -> candidate=P3, revised=P3"
ep_00653_DEPENDENCY_TIMEOUT,DEPENDENCY_TIMEOUT,238.0,P3,0.8939,91.84,upstream_timeout_rate,Moderate,Near,True,P2,P2,False,False,0,"Impact=Moderate (P3), Urgency=Near (ttf=91.84s, conf=0.89, gate=PASS) -> candidate=P2, revised=P2"
ep_00654_DISK_IO_SATURATION,DISK_IO_SATURATION,238.0,P3,1.0,,,Moderate,Distant,True,P3,P3,False,False,0,"Impact=Moderate (P3), Urgency=Distant (ttf=nans, conf=1.00, gate=PASS) -> candidate=P3, revised=P3"
ep_00655_DEPENDENCY_TIMEOUT,DEPENDENCY_TIMEOUT,238.0,P3,0.8754,0.0,upstream_timeout_rate,Moderate,Imminent,True,P1,P1,False,False,0,"Impact=Moderate (P3), Urgency=Imminent (ttf=0.0s, conf=0.88, gate=PASS) -> candidate=P1, revised=P1"
ep_00656_DISK_IO_SATURATION,DISK_IO_SATURATION,238.0,P3,1.0,,,Moderate,Distant,True,P3,P3,False,False,0,"Impact=Moderate (P3), Urgency=Distant (ttf=nans, conf=1.00, gate=PASS) -> candidate=P3, revised=P3"
ep_00657_RETRY_STORM,RETRY_STORM,238.0,P3,0.8532,72.91,retry_count_per_request,Moderate,Near,True,P2,P2,False,False,0,"Impact=Moderate (P3), Urgency=Near (ttf=72.91s, conf=0.85, gate=PASS) -> candidate=P2, revised=P2"
ep_00658_QUEUE_BACKUP,QUEUE_BACKUP,238.0,P3,1.0,0.0,thread_pool_queue,Moderate,Imminent,True,P1,P1,False,False,0,"Impact=Moderate (P3), Urgency=Imminent (ttf=0.0s, conf=1.00, gate=PASS) -> candidate=P1, revised=P1"
ep_00659_DEPENDENCY_TIMEOUT,DEPENDENCY_TIMEOUT,238.0,P3,0.9111,0.0,upstream_timeout_rate,Moderate,Imminent,True,P1,P1,False,False,0,"Impact=Moderate (P3), Urgency=Imminent (ttf=0.0s, conf=0.91, gate=PASS) -> candidate=P1, revised=P1"
ep_00661_ERROR_STORM,ERROR_STORM,238.0,P3,0.7589,680.11,error_rate,Moderate,Distant,True,P3,P3,False,False,0,"Impact=Moderate (P3), Urgency=Distant (ttf=680.11s, conf=0.76, gate=PASS) -> candidate=P3, revised=P3"
ep_00662_CPU_SATURATION,CPU_SATURATION,238.0,P3,1.0,,,Moderate,Distant,True,P3,P3,False,False,0,"Impact=Moderate (P3), Urgency=Distant (ttf=nans, conf=1.00, gate=PASS) -> candidate=P3, revised=P3"
ep_00663_QUEUE_BACKUP,QUEUE_BACKUP,238.0,P3,1.0,0.0,thread_pool_queue,Moderate,Imminent,True,P1,P1,False,False,0,"Impact=Moderate (P3), Urgency=Imminent (ttf=0.0s, conf=1.00, gate=PASS) -> candidate=P1, revised=P1"
ep_00664_LATENCY_SPIKE,LATENCY_SPIKE,238.0,P3,0.3609,411043.68,p99_latency,Moderate,Distant,False,P3,P3,False,False,0,"Impact=Moderate (P3), Urgency=Distant (ttf=411043.68s, conf=0.36, gate=FAIL) -> candidate=P3, revised=P3"
ep_00665_ERROR_STORM,ERROR_STORM,238.0,P3,0.7844,,,Moderate,Distant,True,P3,P3,False,False,0,"Impact=Moderate (P3), Urgency=Distant (ttf=nans, conf=0.78, gate=PASS) -> candidate=P3, revised=P3"
ep_00666_LATENCY_SPIKE,LATENCY_SPIKE,238.0,P3,0.551,,,Moderate,Distant,False,P3,P3,False,False,0,"Impact=Moderate (P3), Urgency=Distant (ttf=nans, conf=0.55, gate=FAIL) -> candidate=P3, revised=P3"
ep_00667_BAD_DEPLOY,BAD_DEPLOY,238.0,P3,0.9093,0.0,error_rate,Moderate,Imminent,True,P1,P1,False,False,0,"Impact=Moderate (P3), Urgency=Imminent (ttf=0.0s, conf=0.91, gate=PASS) -> candidate=P1, revised=P1"
ep_00668_MEMORY_LEAK,MEMORY_LEAK,238.0,P3,1.0,,,Moderate,Distant,True,P3,P3,False,False,0,"Impact=Moderate (P3), Urgency=Distant (ttf=nans, conf=1.00, gate=PASS) -> candidate=P3, revised=P3"
ep_00669_RETRY_STORM,RETRY_STORM,238.0,P3,0.8785,0.0,rps,Moderate,Imminent,True,P1,P1,False,False,0,"Impact=Moderate (P3), Urgency=Imminent (ttf=0.0s, conf=0.88, gate=PASS) -> candidate=P1, revised=P1"
ep_00670_DISK_IO_SATURATION,DISK_IO_SATURATION,238.0,P3,1.0,780289.97,iops_utilization,Moderate,Distant,True,P3,P3,False,False,0,"Impact=Moderate (P3), Urgency=Distant (ttf=780289.97s, conf=1.00, gate=PASS) -> candidate=P3, revised=P3"
ep_00671_BAD_DEPLOY,BAD_DEPLOY,238.0,P3,0.8841,0.0,error_rate,Moderate,Imminent,True,P1,P1,False,False,0,"Impact=Moderate (P3), Urgency=Imminent (ttf=0.0s, conf=0.88, gate=PASS) -> candidate=P1, revised=P1"
ep_00672_LATENCY_SPIKE,LATENCY_SPIKE,238.0,P3,0.3371,2882.75,p99_latency,Moderate,Distant,False,P3,P3,False,False,0,"Impact=Moderate (P3), Urgency=Distant (ttf=2882.75s, conf=0.34, gate=FAIL) -> candidate=P3, revised=P3"
ep_00673_BAD_DEPLOY,BAD_DEPLOY,238.0,P3,0.8868,0.0,error_rate,Moderate,Imminent,True,P1,P1,False,False,0,"Impact=Moderate (P3), Urgency=Imminent (ttf=0.0s, conf=0.89, gate=PASS) -> candidate=P1, revised=P1"
ep_00674_DB_SLOWDOWN,DB_SLOWDOWN,238.0,P3,0.6933,0.0,db_connection_wait,Moderate,Distant,False,P3,P3,False,False,0,"Impact=Moderate (P3), Urgency=Distant (ttf=0.0s, conf=0.69, gate=FAIL) -> candidate=P3, revised=P3"
ep_00675_DISK_IO_SATURATION,DISK_IO_SATURATION,238.0,P3,1.0,,,Moderate,Distant,True,P3,P3,False,False,0,"Impact=Moderate (P3), Urgency=Distant (ttf=nans, conf=1.00, gate=PASS) -> candidate=P3, revised=P3"
ep_00676_CACHE_STAMPEDE,CACHE_STAMPEDE,238.0,P3,1.0,0.0,cache_miss_rate,Moderate,Imminent,True,P1,P1,False,False,0,"Impact=Moderate (P3), Urgency=Imminent (ttf=0.0s, conf=1.00, gate=PASS) -> candidate=P1, revised=P1"
ep_00677_QUEUE_BACKUP,QUEUE_BACKUP,238.0,P3,1.0,0.0,thread_pool_queue,Moderate,Imminent,True,P1,P1,False,False,0,"Impact=Moderate (P3), Urgency=Imminent (ttf=0.0s, conf=1.00, gate=PASS) -> candidate=P1, revised=P1"
ep_00678_CASCADING_FAILURE,CASCADING_FAILURE,238.0,P3,1.0,0.0,error_rate,Moderate,Imminent,True,P1,P1,False,False,0,"Impact=Moderate (P3), Urgency=Imminent (ttf=0.0s, conf=1.00, gate=PASS) -> candidate=P1, revised=P1"
ep_00679_MEMORY_LEAK,MEMORY_LEAK,238.0,P3,1.0,,,Moderate,Distant,True,P3,P3,False,False,0,"Impact=Moderate (P3), Urgency=Distant (ttf=nans, conf=1.00, gate=PASS) -> candidate=P3, revised=P3"
ep_00680_RETRY_STORM,RETRY_STORM,238.0,P3,0.8591,0.0,rps,Moderate,Imminent,True,P1,P1,False,False,0,"Impact=Moderate (P3), Urgency=Imminent (ttf=0.0s, conf=0.86, gate=PASS) -> candidate=P1, revised=P1"
ep_00681_BAD_DEPLOY,BAD_DEPLOY,238.0,P3,0.9443,0.0,error_rate,Moderate,Imminent,True,P1,P1,False,False,0,"Impact=Moderate (P3), Urgency=Imminent (ttf=0.0s, conf=0.94, gate=PASS) -> candidate=P1, revised=P1"
ep_00682_CASCADING_FAILURE,CASCADING_FAILURE,238.0,P3,1.0,0.0,error_rate,Moderate,Imminent,True,P1,P1,False,False,0,"Impact=Moderate (P3), Urgency=Imminent (ttf=0.0s, conf=1.00, gate=PASS) -> candidate=P1, revised=P1"
ep_00684_CPU_SATURATION,CPU_SATURATION,238.0,P3,1.0,0.0,cpu_utilization,Moderate,Imminent,True,P1,P1,False,False,0,"Impact=Moderate (P3), Urgency=Imminent (ttf=0.0s, conf=1.00, gate=PASS) -> candidate=P1, revised=P1"
ep_00685_DEPENDENCY_TIMEOUT,DEPENDENCY_TIMEOUT,238.0,P3,0.8945,0.0,upstream_timeout_rate,Moderate,Imminent,True,P1,P1,False,False,0,"Impact=Moderate (P3), Urgency=Imminent (ttf=0.0s, conf=0.89, gate=PASS) -> candidate=P1, revised=P1"
ep_00686_CASCADING_FAILURE,CASCADING_FAILURE,238.0,P3,1.0,0.0,p99_latency,Moderate,Imminent,True,P1,P1,False,False,0,"Impact=Moderate (P3), Urgency=Imminent (ttf=0.0s, conf=1.00, gate=PASS) -> candidate=P1, revised=P1"
ep_00687_MEMORY_LEAK,MEMORY_LEAK,238.0,P3,1.0,,,Moderate,Distant,True,P3,P3,False,False,0,"Impact=Moderate (P3), Urgency=Distant (ttf=nans, conf=1.00, gate=PASS) -> candidate=P3, revised=P3"
ep_00688_DEPENDENCY_TIMEOUT,DEPENDENCY_TIMEOUT,238.0,P3,0.8834,,,Moderate,Distant,True,P3,P3,False,False,0,"Impact=Moderate (P3), Urgency=Distant (ttf=nans, conf=0.88, gate=PASS) -> candidate=P3, revised=P3"
ep_00689_DISK_IO_SATURATION,DISK_IO_SATURATION,238.0,P3,1.0,,,Moderate,Distant,True,P3,P3,False,False,0,"Impact=Moderate (P3), Urgency=Distant (ttf=nans, conf=1.00, gate=PASS) -> candidate=P3, revised=P3"
ep_00690_MEMORY_LEAK,MEMORY_LEAK,238.0,P3,1.0,,,Moderate,Distant,True,P3,P3,False,False,0,"Impact=Moderate (P3), Urgency=Distant (ttf=nans, conf=1.00, gate=PASS) -> candidate=P3, revised=P3"
ep_00691_QUEUE_BACKUP,QUEUE_BACKUP,238.0,P3,1.0,0.0,thread_pool_queue,Moderate,Imminent,True,P1,P1,False,False,0,"Impact=Moderate (P3), Urgency=Imminent (ttf=0.0s, conf=1.00, gate=PASS) -> candidate=P1, revised=P1"
ep_00692_QUEUE_BACKUP,QUEUE_BACKUP,238.0,P3,1.0,0.0,thread_pool_queue,Moderate,Imminent,True,P1,P1,False,False,0,"Impact=Moderate (P3), Urgency=Imminent (ttf=0.0s, conf=1.00, gate=PASS) -> candidate=P1, revised=P1"
ep_00693_DB_SLOWDOWN,DB_SLOWDOWN,238.0,P3,0.7092,0.0,db_connection_wait,Moderate,Distant,False,P3,P3,False,False,0,"Impact=Moderate (P3), Urgency=Distant (ttf=0.0s, conf=0.71, gate=FAIL) -> candidate=P3, revised=P3"
ep_00694_QUEUE_BACKUP,QUEUE_BACKUP,238.0,P3,1.0,0.0,thread_pool_queue,Moderate,Imminent,True,P1,P1,False,False,0,"Impact=Moderate (P3), Urgency=Imminent (ttf=0.0s, conf=1.00, gate=PASS) -> candidate=P1, revised=P1"
ep_00695_ERROR_STORM,ERROR_STORM,238.0,P3,0.7409,,,Moderate,Distant,False,P3,P3,False,False,0,"Impact=Moderate (P3), Urgency=Distant (ttf=nans, conf=0.74, gate=FAIL) -> candidate=P3, revised=P3"
ep_00696_QUEUE_BACKUP,QUEUE_BACKUP,238.0,P3,1.0,0.0,thread_pool_queue,Moderate,Imminent,True,P1,P1,False,False,0,"Impact=Moderate (P3), Urgency=Imminent (ttf=0.0s, conf=1.00, gate=PASS) -> candidate=P1, revised=P1"
ep_00697_QUEUE_BACKUP,QUEUE_BACKUP,238.0,P3,1.0,0.0,thread_pool_queue,Moderate,Imminent,True,P1,P1,False,False,0,"Impact=Moderate (P3), Urgency=Imminent (ttf=0.0s, conf=1.00, gate=PASS) -> candidate=P1, revised=P1"
ep_00698_CASCADING_FAILURE,CASCADING_FAILURE,238.0,P3,1.0,0.0,p99_latency,Moderate,Imminent,True,P1,P1,False,False,0,"Impact=Moderate (P3), Urgency=Imminent (ttf=0.0s, conf=1.00, gate=PASS) -> candidate=P1, revised=P1"
ep_00699_CACHE_STAMPEDE,CACHE_STAMPEDE,238.0,P3,1.0,45.28,cache_miss_rate,Moderate,Near,True,P2,P2,False,False,0,"Impact=Moderate (P3), Urgency=Near (ttf=45.28s, conf=1.00, gate=PASS) -> candidate=P2, revised=P2"
ep_00701_DISK_IO_SATURATION,DISK_IO_SATURATION,238.0,P3,1.0,1271.66,queue_lag,Moderate,Distant,True,P3,P3,False,False,0,"Impact=Moderate (P3), Urgency=Distant (ttf=1271.66s, conf=1.00, gate=PASS) -> candidate=P3, revised=P3"
ep_00702_ERROR_STORM,ERROR_STORM,238.0,P3,0.7159,,,Moderate,Distant,False,P3,P3,False,False,0,"Impact=Moderate (P3), Urgency=Distant (ttf=nans, conf=0.72, gate=FAIL) -> candidate=P3, revised=P3"
ep_00703_MEMORY_LEAK,MEMORY_LEAK,238.0,P3,1.0,,,Moderate,Distant,True,P3,P3,False,False,0,"Impact=Moderate (P3), Urgency=Distant (ttf=nans, conf=1.00, gate=PASS) -> candidate=P3, revised=P3"
ep_00704_DEPENDENCY_TIMEOUT,DEPENDENCY_TIMEOUT,238.0,P3,0.93,0.0,upstream_timeout_rate,Moderate,Imminent,True,P1,P1,False,False,0,"Impact=Moderate (P3), Urgency=Imminent (ttf=0.0s, conf=0.93, gate=PASS) -> candidate=P1, revised=P1"
ep_00705_DEPENDENCY_TIMEOUT,DEPENDENCY_TIMEOUT,238.0,P3,0.9227,0.0,upstream_timeout_rate,Moderate,Imminent,True,P1,P1,False,False,0,"Impact=Moderate (P3), Urgency=Imminent (ttf=0.0s, conf=0.92, gate=PASS) -> candidate=P1, revised=P1"
ep_00706_ERROR_STORM,ERROR_STORM,238.0,P3,0.8178,0.0,error_rate,Moderate,Imminent,True,P1,P1,False,False,0,"Impact=Moderate (P3), Urgency=Imminent (ttf=0.0s, conf=0.82, gate=PASS) -> candidate=P1, revised=P1"
ep_00707_DB_SLOWDOWN,DB_SLOWDOWN,238.0,P3,0.6308,0.0,db_connection_wait,Moderate,Distant,False,P3,P3,False,False,0,"Impact=Moderate (P3), Urgency=Distant (ttf=0.0s, conf=0.63, gate=FAIL) -> candidate=P3, revised=P3"
ep_00708_DISK_IO_SATURATION,DISK_IO_SATURATION,238.0,P3,1.0,445059.84,iops_utilization,Moderate,Distant,True,P3,P3,False,False,0,"Impact=Moderate (P3), Urgency=Distant (ttf=445059.84s, conf=1.00, gate=PASS) -> candidate=P3, revised=P3"
ep_00709_BAD_DEPLOY,BAD_DEPLOY,238.0,P3,0.9132,,,Moderate,Distant,True,P3,P3,False,False,0,"Impact=Moderate (P3), Urgency=Distant (ttf=nans, conf=0.91, gate=PASS) -> candidate=P3, revised=P3"
ep_00710_ERROR_STORM,ERROR_STORM,238.0,P3,0.711,,,Moderate,Distant,False,P3,P3,False,False,0,"Impact=Moderate (P3), Urgency=Distant (ttf=nans, conf=0.71, gate=FAIL) -> candidate=P3, revised=P3"
ep_00711_CACHE_STAMPEDE,CACHE_STAMPEDE,238.0,P3,1.0,0.0,cache_miss_rate,Moderate,Imminent,True,P1,P1,False,False,0,"Impact=Moderate (P3), Urgency=Imminent (ttf=0.0s, conf=1.00, gate=PASS) -> candidate=P1, revised=P1"
ep_00712_CPU_SATURATION,CPU_SATURATION,238.0,P3,1.0,,,Moderate,Distant,True,P3,P3,False,False,0,"Impact=Moderate (P3), Urgency=Distant (ttf=nans, conf=1.00, gate=PASS) -> candidate=P3, revised=P3"
ep_00713_DB_SLOWDOWN,DB_SLOWDOWN,238.0,P3,0.7799,0.0,db_connection_wait,Moderate,Imminent,True,P1,P1,False,False,0,"Impact=Moderate (P3), Urgency=Imminent (ttf=0.0s, conf=0.78, gate=PASS) -> candidate=P1, revised=P1"
ep_00715_BAD_DEPLOY,BAD_DEPLOY,238.0,P3,0.8835,0.0,error_rate,Moderate,Imminent,True,P1,P1,False,False,0,"Impact=Moderate (P3), Urgency=Imminent (ttf=0.0s, conf=0.88, gate=PASS) -> candidate=P1, revised=P1"
ep_00716_RETRY_STORM,RETRY_STORM,238.0,P3,0.827,0.0,rps,Moderate,Imminent,True,P1,P1,False,False,0,"Impact=Moderate (P3), Urgency=Imminent (ttf=0.0s, conf=0.83, gate=PASS) -> candidate=P1, revised=P1"
ep_00717_MEMORY_LEAK,MEMORY_LEAK,238.0,P3,1.0,,,Moderate,Distant,True,P3,P3,False,False,0,"Impact=Moderate (P3), Urgency=Distant (ttf=nans, conf=1.00, gate=PASS) -> candidate=P3, revised=P3"
ep_00718_BAD_DEPLOY,BAD_DEPLOY,238.0,P3,0.9511,0.0,error_rate,Moderate,Imminent,True,P1,P1,False,False,0,"Impact=Moderate (P3), Urgency=Imminent (ttf=0.0s, conf=0.95, gate=PASS) -> candidate=P1, revised=P1"
ep_00719_RETRY_STORM,RETRY_STORM,238.0,P3,0.9302,,,Moderate,Distant,True,P3,P3,False,False,0,"Impact=Moderate (P3), Urgency=Distant (ttf=nans, conf=0.93, gate=PASS) -> candidate=P3, revised=P3"
ep_00720_DB_SLOWDOWN,DB_SLOWDOWN,238.0,P3,0.6982,0.0,db_connection_wait,Moderate,Distant,False,P3,P3,False,False,0,"Impact=Moderate (P3), Urgency=Distant (ttf=0.0s, conf=0.70, gate=FAIL) -> candidate=P3, revised=P3"
ep_00723_DB_SLOWDOWN,DB_SLOWDOWN,238.0,P3,0.5809,0.0,db_connection_wait,Moderate,Distant,False,P3,P3,False,False,0,"Impact=Moderate (P3), Urgency=Distant (ttf=0.0s, conf=0.58, gate=FAIL) -> candidate=P3, revised=P3"
ep_00724_LATENCY_SPIKE,LATENCY_SPIKE,238.0,P3,0.4922,,,Moderate,Distant,False,P3,P3,False,False,0,"Impact=Moderate (P3), Urgency=Distant (ttf=nans, conf=0.49, gate=FAIL) -> candidate=P3, revised=P3"
ep_00725_MEMORY_LEAK,MEMORY_LEAK,238.0,P3,1.0,,,Moderate,Distant,True,P3,P3,False,False,0,"Impact=Moderate (P3), Urgency=Distant (ttf=nans, conf=1.00, gate=PASS) -> candidate=P3, revised=P3"
ep_00726_MEMORY_LEAK,MEMORY_LEAK,238.0,P3,1.0,19341.67,memory_utilization,Moderate,Distant,True,P3,P3,False,False,0,"Impact=Moderate (P3), Urgency=Distant (ttf=19341.67s, conf=1.00, gate=PASS) -> candidate=P3, revised=P3"
ep_00727_BAD_DEPLOY,BAD_DEPLOY,238.0,P3,0.8637,0.0,error_rate,Moderate,Imminent,True,P1,P1,False,False,0,"Impact=Moderate (P3), Urgency=Imminent (ttf=0.0s, conf=0.86, gate=PASS) -> candidate=P1, revised=P1"
ep_00729_CASCADING_FAILURE,CASCADING_FAILURE,238.0,P3,1.0,0.0,p99_latency,Moderate,Imminent,True,P1,P1,False,False,0,"Impact=Moderate (P3), Urgency=Imminent (ttf=0.0s, conf=1.00, gate=PASS) -> candidate=P1, revised=P1"
ep_00730_RETRY_STORM,RETRY_STORM,238.0,P3,0.8289,0.0,rps,Moderate,Imminent,True,P1,P1,False,False,0,"Impact=Moderate (P3), Urgency=Imminent (ttf=0.0s, conf=0.83, gate=PASS) -> candidate=P1, revised=P1"
ep_00731_LATENCY_SPIKE,LATENCY_SPIKE,238.0,P3,0.487,10841.75,p95_latency,Moderate,Distant,False,P3,P3,False,False,0,"Impact=Moderate (P3), Urgency=Distant (ttf=10841.75s, conf=0.49, gate=FAIL) -> candidate=P3, revised=P3"
ep_00733_MEMORY_LEAK,MEMORY_LEAK,238.0,P3,1.0,6372.09,memory_utilization,Moderate,Distant,True,P3,P3,False,False,0,"Impact=Moderate (P3), Urgency=Distant (ttf=6372.09s, conf=1.00, gate=PASS) -> candidate=P3, revised=P3"
ep_00734_CASCADING_FAILURE,CASCADING_FAILURE,238.0,P3,1.0,0.0,p99_latency,Moderate,Imminent,True,P1,P1,False,False,0,"Impact=Moderate (P3), Urgency=Imminent (ttf=0.0s, conf=1.00, gate=PASS) -> candidate=P1, revised=P1"
ep_00735_CACHE_STAMPEDE,CACHE_STAMPEDE,238.0,P3,1.0,0.0,cache_miss_rate,Moderate,Imminent,True,P1,P1,False,False,0,"Impact=Moderate (P3), Urgency=Imminent (ttf=0.0s, conf=1.00, gate=PASS) -> candidate=P1, revised=P1"
ep_00736_MEMORY_LEAK,MEMORY_LEAK,238.0,P3,1.0,,,Moderate,Distant,True,P3,P3,False,False,0,"Impact=Moderate (P3), Urgency=Distant (ttf=nans, conf=1.00, gate=PASS) -> candidate=P3, revised=P3"
ep_00737_CPU_SATURATION,CPU_SATURATION,238.0,P3,1.0,0.0,cpu_utilization,Moderate,Imminent,True,P1,P1,False,False,0,"Impact=Moderate (P3), Urgency=Imminent (ttf=0.0s, conf=1.00, gate=PASS) -> candidate=P1, revised=P1"
ep_00738_LATENCY_SPIKE,LATENCY_SPIKE,238.0,P3,0.4767,1392.84,p95_latency,Moderate,Distant,False,P3,P3,False,False,0,"Impact=Moderate (P3), Urgency=Distant (ttf=1392.84s, conf=0.48, gate=FAIL) -> candidate=P3, revised=P3"
ep_00739_BAD_DEPLOY,BAD_DEPLOY,238.0,P3,0.8584,0.0,error_rate,Moderate,Imminent,True,P1,P1,False,False,0,"Impact=Moderate (P3), Urgency=Imminent (ttf=0.0s, conf=0.86, gate=PASS) -> candidate=P1, revised=P1"
ep_00740_CPU_SATURATION,CPU_SATURATION,238.0,P3,1.0,0.0,cpu_utilization,Moderate,Imminent,True,P1,P1,False,False,0,"Impact=Moderate (P3), Urgency=Imminent (ttf=0.0s, conf=1.00, gate=PASS) -> candidate=P1, revised=P1"
ep_00741_DISK_IO_SATURATION,DISK_IO_SATURATION,238.0,P3,1.0,,,Moderate,Distant,True,P3,P3,False,False,0,"Impact=Moderate (P3), Urgency=Distant (ttf=nans, conf=1.00, gate=PASS) -> candidate=P3, revised=P3"
ep_00742_MEMORY_LEAK,MEMORY_LEAK,238.0,P3,1.0,3252.63,memory_utilization,Moderate,Distant,True,P3,P3,False,False,0,"Impact=Moderate (P3), Urgency=Distant (ttf=3252.63s, conf=1.00, gate=PASS) -> candidate=P3, revised=P3"
ep_00743_DB_SLOWDOWN,DB_SLOWDOWN,238.0,P3,0.7844,0.0,db_connection_wait,Moderate,Imminent,True,P1,P1,False,False,0,"Impact=Moderate (P3), Urgency=Imminent (ttf=0.0s, conf=0.78, gate=PASS) -> candidate=P1, revised=P1"
ep_00744_DEPENDENCY_TIMEOUT,DEPENDENCY_TIMEOUT,238.0,P3,0.9202,,,Moderate,Distant,True,P3,P3,False,False,0,"Impact=Moderate (P3), Urgency=Distant (ttf=nans, conf=0.92, gate=PASS) -> candidate=P3, revised=P3"
ep_00745_DISK_IO_SATURATION,DISK_IO_SATURATION,238.0,P3,1.0,,,Moderate,Distant,True,P3,P3,False,False,0,"Impact=Moderate (P3), Urgency=Distant (ttf=nans, conf=1.00, gate=PASS) -> candidate=P3, revised=P3"
ep_00746_CACHE_STAMPEDE,CACHE_STAMPEDE,238.0,P3,1.0,0.0,cache_miss_rate,Moderate,Imminent,True,P1,P1,False,False,0,"Impact=Moderate (P3), Urgency=Imminent (ttf=0.0s, conf=1.00, gate=PASS) -> candidate=P1, revised=P1"
ep_00747_CASCADING_FAILURE,CASCADING_FAILURE,238.0,P3,1.0,0.0,p99_latency,Moderate,Imminent,True,P1,P1,False,False,0,"Impact=Moderate (P3), Urgency=Imminent (ttf=0.0s, conf=1.00, gate=PASS) -> candidate=P1, revised=P1"
ep_00748_DEPENDENCY_TIMEOUT,DEPENDENCY_TIMEOUT,238.0,P3,0.9582,,,Moderate,Distant,True,P3,P3,False,False,0,"Impact=Moderate (P3), Urgency=Distant (ttf=nans, conf=0.96, gate=PASS) -> candidate=P3, revised=P3"
ep_00749_CACHE_STAMPEDE,CACHE_STAMPEDE,238.0,P3,1.0,0.0,cache_miss_rate,Moderate,Imminent,True,P1,P1,False,False,0,"Impact=Moderate (P3), Urgency=Imminent (ttf=0.0s, conf=1.00, gate=PASS) -> candidate=P1, revised=P1"
ep_00751_RETRY_STORM,RETRY_STORM,238.0,P3,0.8417,0.0,rps,Moderate,Imminent,True,P1,P1,False,False,0,"Impact=Moderate (P3), Urgency=Imminent (ttf=0.0s, conf=0.84, gate=PASS) -> candidate=P1, revised=P1"
ep_00752_CASCADING_FAILURE,CASCADING_FAILURE,238.0,P3,1.0,0.0,p99_latency,Moderate,Imminent,True,P1,P1,False,False,0,"Impact=Moderate (P3), Urgency=Imminent (ttf=0.0s, conf=1.00, gate=PASS) -> candidate=P1, revised=P1"
ep_00753_ERROR_STORM,ERROR_STORM,238.0,P3,0.8606,0.0,error_rate,Moderate,Imminent,True,P1,P1,False,False,0,"Impact=Moderate (P3), Urgency=Imminent (ttf=0.0s, conf=0.86, gate=PASS) -> candidate=P1, revised=P1"
ep_00754_LATENCY_SPIKE,LATENCY_SPIKE,238.0,P3,0.5036,,,Moderate,Distant,False,P3,P3,False,False,0,"Impact=Moderate (P3), Urgency=Distant (ttf=nans, conf=0.50, gate=FAIL) -> candidate=P3, revised=P3"
ep_00755_CACHE_STAMPEDE,CACHE_STAMPEDE,238.0,P3,1.0,0.0,cache_miss_rate,Moderate,Imminent,True,P1,P1,False,False,0,"Impact=Moderate (P3), Urgency=Imminent (ttf=0.0s, conf=1.00, gate=PASS) -> candidate=P1, revised=P1"
ep_00757_RETRY_STORM,RETRY_STORM,238.0,P3,0.8633,15.09,rps,Moderate,Imminent,True,P1,P1,False,False,0,"Impact=Moderate (P3), Urgency=Imminent (ttf=15.09s, conf=0.86, gate=PASS) -> candidate=P1, revised=P1"
ep_00758_CACHE_STAMPEDE,CACHE_STAMPEDE,238.0,P3,1.0,0.0,cache_miss_rate,Moderate,Imminent,True,P1,P1,False,False,0,"Impact=Moderate (P3), Urgency=Imminent (ttf=0.0s, conf=1.00, gate=PASS) -> candidate=P1, revised=P1"
ep_00759_LATENCY_SPIKE,LATENCY_SPIKE,238.0,P3,0.3,,,Moderate,Distant,False,P3,P3,False,False,0,"Impact=Moderate (P3), Urgency=Distant (ttf=nans, conf=0.30, gate=FAIL) -> candidate=P3, revised=P3"
ep_00760_DB_SLOWDOWN,DB_SLOWDOWN,238.0,P3,0.7709,0.0,db_connection_wait,Moderate,Imminent,True,P1,P1,False,False,0,"Impact=Moderate (P3), Urgency=Imminent (ttf=0.0s, conf=0.77, gate=PASS) -> candidate=P1, revised=P1"
ep_00761_QUEUE_BACKUP,QUEUE_BACKUP,238.0,P3,1.0,0.0,thread_pool_queue,Moderate,Imminent,True,P1,P1,False,False,0,"Impact=Moderate (P3), Urgency=Imminent (ttf=0.0s, conf=1.00, gate=PASS) -> candidate=P1, revised=P1"
ep_00762_DB_SLOWDOWN,DB_SLOWDOWN,238.0,P3,0.7467,0.0,db_connection_wait,Moderate,Distant,False,P3,P3,False,False,0,"Impact=Moderate (P3), Urgency=Distant (ttf=0.0s, conf=0.75, gate=FAIL) -> candidate=P3, revised=P3"
ep_00763_CASCADING_FAILURE,CASCADING_FAILURE,238.0,P3,1.0,0.0,p99_latency,Moderate,Imminent,True,P1,P1,False,False,0,"Impact=Moderate (P3), Urgency=Imminent (ttf=0.0s, conf=1.00, gate=PASS) -> candidate=P1, revised=P1"
ep_00764_DEPENDENCY_TIMEOUT,DEPENDENCY_TIMEOUT,238.0,P3,0.9165,263.81,upstream_timeout_rate,Moderate,Distant,True,P3,P3,False,False,0,"Impact=Moderate (P3), Urgency=Distant (ttf=263.81s, conf=0.92, gate=PASS) -> candidate=P3, revised=P3"
ep_00765_DB_SLOWDOWN,DB_SLOWDOWN,238.0,P3,0.6966,0.0,db_connection_wait,Moderate,Distant,False,P3,P3,False,False,0,"Impact=Moderate (P3), Urgency=Distant (ttf=0.0s, conf=0.70, gate=FAIL) -> candidate=P3, revised=P3"
ep_00766_RETRY_STORM,RETRY_STORM,238.0,P3,0.9775,0.0,rps,Moderate,Imminent,True,P1,P1,False,False,0,"Impact=Moderate (P3), Urgency=Imminent (ttf=0.0s, conf=0.98, gate=PASS) -> candidate=P1, revised=P1"
ep_00767_MEMORY_LEAK,MEMORY_LEAK,238.0,P3,1.0,,,Moderate,Distant,True,P3,P3,False,False,0,"Impact=Moderate (P3), Urgency=Distant (ttf=nans, conf=1.00, gate=PASS) -> candidate=P3, revised=P3"
ep_00768_LATENCY_SPIKE,LATENCY_SPIKE,238.0,P3,0.3,,,Moderate,Distant,False,P3,P3,False,False,0,"Impact=Moderate (P3), Urgency=Distant (ttf=nans, conf=0.30, gate=FAIL) -> candidate=P3, revised=P3"
ep_00769_CACHE_STAMPEDE,CACHE_STAMPEDE,238.0,P3,1.0,,,Moderate,Distant,True,P3,P3,False,False,0,"Impact=Moderate (P3), Urgency=Distant (ttf=nans, conf=1.00, gate=PASS) -> candidate=P3, revised=P3"
ep_00770_CACHE_STAMPEDE,CACHE_STAMPEDE,238.0,P3,1.0,0.0,cache_miss_rate,Moderate,Imminent,True,P1,P1,False,False,0,"Impact=Moderate (P3), Urgency=Imminent (ttf=0.0s, conf=1.00, gate=PASS) -> candidate=P1, revised=P1"
ep_00771_CPU_SATURATION,CPU_SATURATION,238.0,P3,1.0,,,Moderate,Distant,True,P3,P3,False,False,0,"Impact=Moderate (P3), Urgency=Distant (ttf=nans, conf=1.00, gate=PASS) -> candidate=P3, revised=P3"
ep_00772_DB_SLOWDOWN,DB_SLOWDOWN,238.0,P3,0.7316,0.0,db_connection_wait,Moderate,Distant,False,P3,P3,False,False,0,"Impact=Moderate (P3), Urgency=Distant (ttf=0.0s, conf=0.73, gate=FAIL) -> candidate=P3, revised=P3"
ep_00774_DISK_IO_SATURATION,DISK_IO_SATURATION,238.0,P3,1.0,341.6,disk_read_latency,Moderate,Distant,True,P3,P3,False,False,0,"Impact=Moderate (P3), Urgency=Distant (ttf=341.6s, conf=1.00, gate=PASS) -> candidate=P3, revised=P3"
ep_00775_BAD_DEPLOY,BAD_DEPLOY,238.0,P3,0.8937,43.91,error_rate,Moderate,Near,True,P2,P2,False,False,0,"Impact=Moderate (P3), Urgency=Near (ttf=43.91s, conf=0.89, gate=PASS) -> candidate=P2, revised=P2"
ep_00777_ERROR_STORM,ERROR_STORM,238.0,P3,0.7043,,,Moderate,Distant,False,P3,P3,False,False,0,"Impact=Moderate (P3), Urgency=Distant (ttf=nans, conf=0.70, gate=FAIL) -> candidate=P3, revised=P3"
ep_00778_DEPENDENCY_TIMEOUT,DEPENDENCY_TIMEOUT,238.0,P3,0.8957,353.2,upstream_timeout_rate,Moderate,Distant,True,P3,P3,False,False,0,"Impact=Moderate (P3), Urgency=Distant (ttf=353.2s, conf=0.90, gate=PASS) -> candidate=P3, revised=P3"
ep_00779_LATENCY_SPIKE,LATENCY_SPIKE,238.0,P3,0.6159,,,Moderate,Distant,False,P3,P3,False,False,0,"Impact=Moderate (P3), Urgency=Distant (ttf=nans, conf=0.62, gate=FAIL) -> candidate=P3, revised=P3"
ep_00780_CACHE_STAMPEDE,CACHE_STAMPEDE,238.0,P3,1.0,0.0,cache_miss_rate,Moderate,Imminent,True,P1,P1,False,False,0,"Impact=Moderate (P3), Urgency=Imminent (ttf=0.0s, conf=1.00, gate=PASS) -> candidate=P1, revised=P1"
ep_00781_DEPENDENCY_TIMEOUT,DEPENDENCY_TIMEOUT,238.0,P3,0.9412,0.0,upstream_timeout_rate,Moderate,Imminent,True,P1,P1,False,False,0,"Impact=Moderate (P3), Urgency=Imminent (ttf=0.0s, conf=0.94, gate=PASS) -> candidate=P1, revised=P1"
ep_00782_MEMORY_LEAK,MEMORY_LEAK,238.0,P3,1.0,,,Moderate,Distant,True,P3,P3,False,False,0,"Impact=Moderate (P3), Urgency=Distant (ttf=nans, conf=1.00, gate=PASS) -> candidate=P3, revised=P3"
ep_00783_BAD_DEPLOY,BAD_DEPLOY,238.0,P3,0.8405,0.0,error_rate,Moderate,Imminent,True,P1,P1,False,False,0,"Impact=Moderate (P3), Urgency=Imminent (ttf=0.0s, conf=0.84, gate=PASS) -> candidate=P1, revised=P1"
ep_00784_DISK_IO_SATURATION,DISK_IO_SATURATION,238.0,P3,1.0,,,Moderate,Distant,True,P3,P3,False,False,0,"Impact=Moderate (P3), Urgency=Distant (ttf=nans, conf=1.00, gate=PASS) -> candidate=P3, revised=P3"
ep_00785_CPU_SATURATION,CPU_SATURATION,238.0,P3,1.0,0.0,cpu_utilization,Moderate,Imminent,True,P1,P1,False,False,0,"Impact=Moderate (P3), Urgency=Imminent (ttf=0.0s, conf=1.00, gate=PASS) -> candidate=P1, revised=P1"
ep_00786_ERROR_STORM,ERROR_STORM,238.0,P3,0.6655,0.0,error_rate,Moderate,Distant,False,P3,P3,False,False,0,"Impact=Moderate (P3), Urgency=Distant (ttf=0.0s, conf=0.67, gate=FAIL) -> candidate=P3, revised=P3"
ep_00787_QUEUE_BACKUP,QUEUE_BACKUP,238.0,P3,1.0,0.0,thread_pool_queue,Moderate,Imminent,True,P1,P1,False,False,0,"Impact=Moderate (P3), Urgency=Imminent (ttf=0.0s, conf=1.00, gate=PASS) -> candidate=P1, revised=P1"
ep_00788_DEPENDENCY_TIMEOUT,DEPENDENCY_TIMEOUT,238.0,P3,0.8997,0.0,upstream_timeout_rate,Moderate,Imminent,True,P1,P1,False,False,0,"Impact=Moderate (P3), Urgency=Imminent (ttf=0.0s, conf=0.90, gate=PASS) -> candidate=P1, revised=P1"
ep_00789_MEMORY_LEAK,MEMORY_LEAK,238.0,P3,1.0,,,Moderate,Distant,True,P3,P3,False,False,0,"Impact=Moderate (P3), Urgency=Distant (ttf=nans, conf=1.00, gate=PASS) -> candidate=P3, revised=P3"
ep_00790_ERROR_STORM,ERROR_STORM,238.0,P3,0.7791,,,Moderate,Distant,True,P3,P3,False,False,0,"Impact=Moderate (P3), Urgency=Distant (ttf=nans, conf=0.78, gate=PASS) -> candidate=P3, revised=P3"
ep_00791_QUEUE_BACKUP,QUEUE_BACKUP,238.0,P3,1.0,0.0,thread_pool_queue,Moderate,Imminent,True,P1,P1,False,False,0,"Impact=Moderate (P3), Urgency=Imminent (ttf=0.0s, conf=1.00, gate=PASS) -> candidate=P1, revised=P1"
ep_00792_DISK_IO_SATURATION,DISK_IO_SATURATION,238.0,P3,1.0,,,Moderate,Distant,True,P3,P3,False,False,0,"Impact=Moderate (P3), Urgency=Distant (ttf=nans, conf=1.00, gate=PASS) -> candidate=P3, revised=P3"
ep_00793_DB_SLOWDOWN,DB_SLOWDOWN,238.0,P3,0.6703,0.0,db_connection_wait,Moderate,Distant,False,P3,P3,False,False,0,"Impact=Moderate (P3), Urgency=Distant (ttf=0.0s, conf=0.67, gate=FAIL) -> candidate=P3, revised=P3"
ep_00794_ERROR_STORM,ERROR_STORM,238.0,P3,0.8028,,,Moderate,Distant,True,P3,P3,False,False,0,"Impact=Moderate (P3), Urgency=Distant (ttf=nans, conf=0.80, gate=PASS) -> candidate=P3, revised=P3"
ep_00795_CASCADING_FAILURE,CASCADING_FAILURE,238.0,P3,1.0,0.0,error_rate,Moderate,Imminent,True,P1,P1,False,False,0,"Impact=Moderate (P3), Urgency=Imminent (ttf=0.0s, conf=1.00, gate=PASS) -> candidate=P1, revised=P1"
ep_00796_CPU_SATURATION,CPU_SATURATION,238.0,P3,1.0,42.4,cpu_saturation,Moderate,Near,True,P2,P2,False,False,0,"Impact=Moderate (P3), Urgency=Near (ttf=42.4s, conf=1.00, gate=PASS) -> candidate=P2, revised=P2"
ep_00797_DEPENDENCY_TIMEOUT,DEPENDENCY_TIMEOUT,238.0,P3,0.8546,0.0,upstream_timeout_rate,Moderate,Imminent,True,P1,P1,False,False,0,"Impact=Moderate (P3), Urgency=Imminent (ttf=0.0s, conf=0.85, gate=PASS) -> candidate=P1, revised=P1"
ep_00798_DISK_IO_SATURATION,DISK_IO_SATURATION,238.0,P3,1.0,11919.01,disk_read_latency,Moderate,Distant,True,P3,P3,False,False,0,"Impact=Moderate (P3), Urgency=Distant (ttf=11919.01s, conf=1.00, gate=PASS) -> candidate=P3, revised=P3"
ep_00799_QUEUE_BACKUP,QUEUE_BACKUP,238.0,P3,1.0,0.0,thread_pool_queue,Moderate,Imminent,True,P1,P1,False,False,0,"Impact=Moderate (P3), Urgency=Imminent (ttf=0.0s, conf=1.00, gate=PASS) -> candidate=P1, revised=P1"
ep_00800_DEPENDENCY_TIMEOUT,DEPENDENCY_TIMEOUT,238.0,P3,0.9508,0.0,upstream_timeout_rate,Moderate,Imminent,True,P1,P1,False,False,0,"Impact=Moderate (P3), Urgency=Imminent (ttf=0.0s, conf=0.95, gate=PASS) -> candidate=P1, revised=P1"
ep_00801_RETRY_STORM,RETRY_STORM,238.0,P3,0.8823,0.0,rps,Moderate,Imminent,True,P1,P1,False,False,0,"Impact=Moderate (P3), Urgency=Imminent (ttf=0.0s, conf=0.88, gate=PASS) -> candidate=P1, revised=P1"
ep_00802_CPU_SATURATION,CPU_SATURATION,238.0,P3,1.0,122.3,cpu_utilization,Moderate,Distant,True,P3,P3,False,False,0,"Impact=Moderate (P3), Urgency=Distant (ttf=122.3s, conf=1.00, gate=PASS) -> candidate=P3, revised=P3"
ep_00803_DEPENDENCY_TIMEOUT,DEPENDENCY_TIMEOUT,238.0,P3,0.9112,,,Moderate,Distant,True,P3,P3,False,False,0,"Impact=Moderate (P3), Urgency=Distant (ttf=nans, conf=0.91, gate=PASS) -> candidate=P3, revised=P3"
ep_00805_DB_SLOWDOWN,DB_SLOWDOWN,238.0,P3,0.6014,0.0,db_connection_wait,Moderate,Distant,False,P3,P3,False,False,0,"Impact=Moderate (P3), Urgency=Distant (ttf=0.0s, conf=0.60, gate=FAIL) -> candidate=P3, revised=P3"
ep_00806_BAD_DEPLOY,BAD_DEPLOY,238.0,P3,0.8902,0.0,error_rate,Moderate,Imminent,True,P1,P1,False,False,0,"Impact=Moderate (P3), Urgency=Imminent (ttf=0.0s, conf=0.89, gate=PASS) -> candidate=P1, revised=P1"
ep_00807_ERROR_STORM,ERROR_STORM,238.0,P3,0.72,0.0,error_rate,Moderate,Distant,False,P3,P3,False,False,0,"Impact=Moderate (P3), Urgency=Distant (ttf=0.0s, conf=0.72, gate=FAIL) -> candidate=P3, revised=P3"
ep_00808_QUEUE_BACKUP,QUEUE_BACKUP,238.0,P3,1.0,0.0,thread_pool_queue,Moderate,Imminent,True,P1,P1,False,False,0,"Impact=Moderate (P3), Urgency=Imminent (ttf=0.0s, conf=1.00, gate=PASS) -> candidate=P1, revised=P1"
ep_00809_BAD_DEPLOY,BAD_DEPLOY,238.0,P3,0.9377,0.0,error_rate,Moderate,Imminent,True,P1,P1,False,False,0,"Impact=Moderate (P3), Urgency=Imminent (ttf=0.0s, conf=0.94, gate=PASS) -> candidate=P1, revised=P1"
ep_00810_DISK_IO_SATURATION,DISK_IO_SATURATION,238.0,P3,1.0,163428.89,iops_utilization,Moderate,Distant,True,P3,P3,False,False,0,"Impact=Moderate (P3), Urgency=Distant (ttf=163428.89s, conf=1.00, gate=PASS) -> candidate=P3, revised=P3"
ep_00811_QUEUE_BACKUP,QUEUE_BACKUP,238.0,P3,1.0,0.0,thread_pool_queue,Moderate,Imminent,True,P1,P1,False,False,0,"Impact=Moderate (P3), Urgency=Imminent (ttf=0.0s, conf=1.00, gate=PASS) -> candidate=P1, revised=P1"
ep_00812_MEMORY_LEAK,MEMORY_LEAK,238.0,P3,1.0,,,Moderate,Distant,True,P3,P3,False,False,0,"Impact=Moderate (P3), Urgency=Distant (ttf=nans, conf=1.00, gate=PASS) -> candidate=P3, revised=P3"
ep_00813_CACHE_STAMPEDE,CACHE_STAMPEDE,238.0,P3,1.0,0.0,cache_miss_rate,Moderate,Imminent,True,P1,P1,False,False,0,"Impact=Moderate (P3), Urgency=Imminent (ttf=0.0s, conf=1.00, gate=PASS) -> candidate=P1, revised=P1"
ep_00814_DISK_IO_SATURATION,DISK_IO_SATURATION,238.0,P3,1.0,105714.87,iops_utilization,Moderate,Distant,True,P3,P3,False,False,0,"Impact=Moderate (P3), Urgency=Distant (ttf=105714.87s, conf=1.00, gate=PASS) -> candidate=P3, revised=P3"
ep_00815_CPU_SATURATION,CPU_SATURATION,238.0,P3,1.0,,,Moderate,Distant,True,P3,P3,False,False,0,"Impact=Moderate (P3), Urgency=Distant (ttf=nans, conf=1.00, gate=PASS) -> candidate=P3, revised=P3"
ep_00816_MEMORY_LEAK,MEMORY_LEAK,238.0,P3,1.0,391583.66,heap_mb,Moderate,Distant,True,P3,P3,False,False,0,"Impact=Moderate (P3), Urgency=Distant (ttf=391583.66s, conf=1.00, gate=PASS) -> candidate=P3, revised=P3"
ep_00817_RETRY_STORM,RETRY_STORM,238.0,P3,0.8654,0.0,rps,Moderate,Imminent,True,P1,P1,False,False,0,"Impact=Moderate (P3), Urgency=Imminent (ttf=0.0s, conf=0.87, gate=PASS) -> candidate=P1, revised=P1"
ep_00818_DISK_IO_SATURATION,DISK_IO_SATURATION,238.0,P3,1.0,,,Moderate,Distant,True,P3,P3,False,False,0,"Impact=Moderate (P3), Urgency=Distant (ttf=nans, conf=1.00, gate=PASS) -> candidate=P3, revised=P3"
ep_00819_QUEUE_BACKUP,QUEUE_BACKUP,238.0,P3,1.0,0.0,thread_pool_queue,Moderate,Imminent,True,P1,P1,False,False,0,"Impact=Moderate (P3), Urgency=Imminent (ttf=0.0s, conf=1.00, gate=PASS) -> candidate=P1, revised=P1"
ep_00820_CACHE_STAMPEDE,CACHE_STAMPEDE,238.0,P3,1.0,0.0,cache_miss_rate,Moderate,Imminent,True,P1,P1,False,False,0,"Impact=Moderate (P3), Urgency=Imminent (ttf=0.0s, conf=1.00, gate=PASS) -> candidate=P1, revised=P1"
ep_00821_DB_SLOWDOWN,DB_SLOWDOWN,238.0,P3,0.763,0.0,db_connection_wait,Moderate,Imminent,True,P1,P1,False,False,0,"Impact=Moderate (P3), Urgency=Imminent (ttf=0.0s, conf=0.76, gate=PASS) -> candidate=P1, revised=P1"
ep_00822_LATENCY_SPIKE,LATENCY_SPIKE,238.0,P3,0.3,,,Moderate,Distant,False,P3,P3,False,False,0,"Impact=Moderate (P3), Urgency=Distant (ttf=nans, conf=0.30, gate=FAIL) -> candidate=P3, revised=P3"
ep_00823_ERROR_STORM,ERROR_STORM,238.0,P3,0.7835,288.97,error_rate,Moderate,Distant,True,P3,P3,False,False,0,"Impact=Moderate (P3), Urgency=Distant (ttf=288.97s, conf=0.78, gate=PASS) -> candidate=P3, revised=P3"
ep_00824_DB_SLOWDOWN,DB_SLOWDOWN,238.0,P3,0.6987,0.0,db_connection_wait,Moderate,Distant,False,P3,P3,False,False,0,"Impact=Moderate (P3), Urgency=Distant (ttf=0.0s, conf=0.70, gate=FAIL) -> candidate=P3, revised=P3"
ep_00825_QUEUE_BACKUP,QUEUE_BACKUP,238.0,P3,1.0,0.0,thread_pool_queue,Moderate,Imminent,True,P1,P1,False,False,0,"Impact=Moderate (P3), Urgency=Imminent (ttf=0.0s, conf=1.00, gate=PASS) -> candidate=P1, revised=P1"
ep_00826_DEPENDENCY_TIMEOUT,DEPENDENCY_TIMEOUT,238.0,P3,0.9379,0.0,upstream_timeout_rate,Moderate,Imminent,True,P1,P1,False,False,0,"Impact=Moderate (P3), Urgency=Imminent (ttf=0.0s, conf=0.94, gate=PASS) -> candidate=P1, revised=P1"
ep_00827_DISK_IO_SATURATION,DISK_IO_SATURATION,238.0,P3,1.0,,,Moderate,Distant,True,P3,P3,False,False,0,"Impact=Moderate (P3), Urgency=Distant (ttf=nans, conf=1.00, gate=PASS) -> candidate=P3, revised=P3"
ep_00828_DEPENDENCY_TIMEOUT,DEPENDENCY_TIMEOUT,238.0,P3,0.9271,,,Moderate,Distant,True,P3,P3,False,False,0,"Impact=Moderate (P3), Urgency=Distant (ttf=nans, conf=0.93, gate=PASS) -> candidate=P3, revised=P3"
ep_00829_DEPENDENCY_TIMEOUT,DEPENDENCY_TIMEOUT,238.0,P3,0.9278,,,Moderate,Distant,True,P3,P3,False,False,0,"Impact=Moderate (P3), Urgency=Distant (ttf=nans, conf=0.93, gate=PASS) -> candidate=P3, revised=P3"
ep_00830_ERROR_STORM,ERROR_STORM,238.0,P3,0.6859,,,Moderate,Distant,False,P3,P3,False,False,0,"Impact=Moderate (P3), Urgency=Distant (ttf=nans, conf=0.69, gate=FAIL) -> candidate=P3, revised=P3"
ep_00831_DISK_IO_SATURATION,DISK_IO_SATURATION,238.0,P3,1.0,,,Moderate,Distant,True,P3,P3,False,False,0,"Impact=Moderate (P3), Urgency=Distant (ttf=nans, conf=1.00, gate=PASS) -> candidate=P3, revised=P3"
ep_00832_QUEUE_BACKUP,QUEUE_BACKUP,238.0,P3,1.0,0.0,thread_pool_queue,Moderate,Imminent,True,P1,P1,False,False,0,"Impact=Moderate (P3), Urgency=Imminent (ttf=0.0s, conf=1.00, gate=PASS) -> candidate=P1, revised=P1"
ep_00833_DEPENDENCY_TIMEOUT,DEPENDENCY_TIMEOUT,238.0,P3,0.9858,0.0,upstream_timeout_rate,Moderate,Imminent,True,P1,P1,False,False,0,"Impact=Moderate (P3), Urgency=Imminent (ttf=0.0s, conf=0.99, gate=PASS) -> candidate=P1, revised=P1"
ep_00834_DISK_IO_SATURATION,DISK_IO_SATURATION,238.0,P3,1.0,,,Moderate,Distant,True,P3,P3,False,False,0,"Impact=Moderate (P3), Urgency=Distant (ttf=nans, conf=1.00, gate=PASS) -> candidate=P3, revised=P3"
ep_00835_DEPENDENCY_TIMEOUT,DEPENDENCY_TIMEOUT,238.0,P3,0.9382,0.0,upstream_timeout_rate,Moderate,Imminent,True,P1,P1,False,False,0,"Impact=Moderate (P3), Urgency=Imminent (ttf=0.0s, conf=0.94, gate=PASS) -> candidate=P1, revised=P1"
ep_00836_CPU_SATURATION,CPU_SATURATION,238.0,P3,1.0,0.0,cpu_utilization,Moderate,Imminent,True,P1,P1,False,False,0,"Impact=Moderate (P3), Urgency=Imminent (ttf=0.0s, conf=1.00, gate=PASS) -> candidate=P1, revised=P1"
ep_00839_LATENCY_SPIKE,LATENCY_SPIKE,238.0,P3,0.3,,,Moderate,Distant,False,P3,P3,False,False,0,"Impact=Moderate (P3), Urgency=Distant (ttf=nans, conf=0.30, gate=FAIL) -> candidate=P3, revised=P3"
ep_00840_DEPENDENCY_TIMEOUT,DEPENDENCY_TIMEOUT,238.0,P3,0.8688,,,Moderate,Distant,True,P3,P3,False,False,0,"Impact=Moderate (P3), Urgency=Distant (ttf=nans, conf=0.87, gate=PASS) -> candidate=P3, revised=P3"
ep_00841_RETRY_STORM,RETRY_STORM,238.0,P3,0.9506,0.0,rps,Moderate,Imminent,True,P1,P1,False,False,0,"Impact=Moderate (P3), Urgency=Imminent (ttf=0.0s, conf=0.95, gate=PASS) -> candidate=P1, revised=P1"
ep_00843_CASCADING_FAILURE,CASCADING_FAILURE,238.0,P3,1.0,0.0,p99_latency,Moderate,Imminent,True,P1,P1,False,False,0,"Impact=Moderate (P3), Urgency=Imminent (ttf=0.0s, conf=1.00, gate=PASS) -> candidate=P1, revised=P1"
ep_00844_CACHE_STAMPEDE,CACHE_STAMPEDE,238.0,P3,1.0,0.0,cache_miss_rate,Moderate,Imminent,True,P1,P1,False,False,0,"Impact=Moderate (P3), Urgency=Imminent (ttf=0.0s, conf=1.00, gate=PASS) -> candidate=P1, revised=P1"
ep_00845_DB_SLOWDOWN,DB_SLOWDOWN,238.0,P3,0.7268,0.0,db_connection_wait,Moderate,Distant,False,P3,P3,False,False,0,"Impact=Moderate (P3), Urgency=Distant (ttf=0.0s, conf=0.73, gate=FAIL) -> candidate=P3, revised=P3"
ep_00846_DISK_IO_SATURATION,DISK_IO_SATURATION,238.0,P3,1.0,1934.86,disk_write_latency,Moderate,Distant,True,P3,P3,False,False,0,"Impact=Moderate (P3), Urgency=Distant (ttf=1934.86s, conf=1.00, gate=PASS) -> candidate=P3, revised=P3"
ep_00847_ERROR_STORM,ERROR_STORM,238.0,P3,0.7453,,,Moderate,Distant,False,P3,P3,False,False,0,"Impact=Moderate (P3), Urgency=Distant (ttf=nans, conf=0.75, gate=FAIL) -> candidate=P3, revised=P3"
ep_00848_DEPENDENCY_TIMEOUT,DEPENDENCY_TIMEOUT,238.0,P3,0.9175,,,Moderate,Distant,True,P3,P3,False,False,0,"Impact=Moderate (P3), Urgency=Distant (ttf=nans, conf=0.92, gate=PASS) -> candidate=P3, revised=P3"
ep_00849_CACHE_STAMPEDE,CACHE_STAMPEDE,238.0,P3,1.0,0.0,cache_miss_rate,Moderate,Imminent,True,P1,P1,False,False,0,"Impact=Moderate (P3), Urgency=Imminent (ttf=0.0s, conf=1.00, gate=PASS) -> candidate=P1, revised=P1"
ep_00850_MEMORY_LEAK,MEMORY_LEAK,238.0,P3,1.0,3531.18,memory_utilization,Moderate,Distant,True,P3,P3,False,False,0,"Impact=Moderate (P3), Urgency=Distant (ttf=3531.18s, conf=1.00, gate=PASS) -> candidate=P3, revised=P3"
ep_00851_CPU_SATURATION,CPU_SATURATION,238.0,P3,1.0,,,Moderate,Distant,True,P3,P3,False,False,0,"Impact=Moderate (P3), Urgency=Distant (ttf=nans, conf=1.00, gate=PASS) -> candidate=P3, revised=P3"
ep_00852_CASCADING_FAILURE,CASCADING_FAILURE,238.0,P3,1.0,0.0,p99_latency,Moderate,Imminent,True,P1,P1,False,False,0,"Impact=Moderate (P3), Urgency=Imminent (ttf=0.0s, conf=1.00, gate=PASS) -> candidate=P1, revised=P1"
ep_00853_QUEUE_BACKUP,QUEUE_BACKUP,238.0,P3,1.0,0.0,thread_pool_queue,Moderate,Imminent,True,P1,P1,False,False,0,"Impact=Moderate (P3), Urgency=Imminent (ttf=0.0s, conf=1.00, gate=PASS) -> candidate=P1, revised=P1"
ep_00854_DEPENDENCY_TIMEOUT,DEPENDENCY_TIMEOUT,238.0,P3,0.8789,87.34,upstream_timeout_rate,Moderate,Near,True,P2,P2,False,False,0,"Impact=Moderate (P3), Urgency=Near (ttf=87.34s, conf=0.88, gate=PASS) -> candidate=P2, revised=P2"
ep_00855_MEMORY_LEAK,MEMORY_LEAK,238.0,P3,1.0,,,Moderate,Distant,True,P3,P3,False,False,0,"Impact=Moderate (P3), Urgency=Distant (ttf=nans, conf=1.00, gate=PASS) -> candidate=P3, revised=P3"
ep_00857_RETRY_STORM,RETRY_STORM,238.0,P3,0.8686,0.0,rps,Moderate,Imminent,True,P1,P1,False,False,0,"Impact=Moderate (P3), Urgency=Imminent (ttf=0.0s, conf=0.87, gate=PASS) -> candidate=P1, revised=P1"
ep_00858_CASCADING_FAILURE,CASCADING_FAILURE,238.0,P3,1.0,0.0,p99_latency,Moderate,Imminent,True,P1,P1,False,False,0,"Impact=Moderate (P3), Urgency=Imminent (ttf=0.0s, conf=1.00, gate=PASS) -> candidate=P1, revised=P1"
ep_00859_RETRY_STORM,RETRY_STORM,238.0,P3,0.8625,0.0,rps,Moderate,Imminent,True,P1,P1,False,False,0,"Impact=Moderate (P3), Urgency=Imminent (ttf=0.0s, conf=0.86, gate=PASS) -> candidate=P1, revised=P1"
ep_00860_ERROR_STORM,ERROR_STORM,238.0,P3,0.7445,0.0,error_rate,Moderate,Distant,False,P3,P3,False,False,0,"Impact=Moderate (P3), Urgency=Distant (ttf=0.0s, conf=0.74, gate=FAIL) -> candidate=P3, revised=P3"
ep_00861_CPU_SATURATION,CPU_SATURATION,238.0,P3,1.0,141.91,cpu_saturation,Moderate,Distant,True,P3,P3,False,False,0,"Impact=Moderate (P3), Urgency=Distant (ttf=141.91s, conf=1.00, gate=PASS) -> candidate=P3, revised=P3"
ep_00862_CPU_SATURATION,CPU_SATURATION,238.0,P3,1.0,0.0,cpu_utilization,Moderate,Imminent,True,P1,P1,False,False,0,"Impact=Moderate (P3), Urgency=Imminent (ttf=0.0s, conf=1.00, gate=PASS) -> candidate=P1, revised=P1"
ep_00863_DEPENDENCY_TIMEOUT,DEPENDENCY_TIMEOUT,238.0,P3,0.8697,420.32,upstream_timeout_rate,Moderate,Distant,True,P3,P3,False,False,0,"Impact=Moderate (P3), Urgency=Distant (ttf=420.32s, conf=0.87, gate=PASS) -> candidate=P3, revised=P3"
ep_00864_CACHE_STAMPEDE,CACHE_STAMPEDE,238.0,P3,1.0,0.0,cache_miss_rate,Moderate,Imminent,True,P1,P1,False,False,0,"Impact=Moderate (P3), Urgency=Imminent (ttf=0.0s, conf=1.00, gate=PASS) -> candidate=P1, revised=P1"
ep_00866_MEMORY_LEAK,MEMORY_LEAK,238.0,P3,1.0,5586.37,memory_utilization,Moderate,Distant,True,P3,P3,False,False,0,"Impact=Moderate (P3), Urgency=Distant (ttf=5586.37s, conf=1.00, gate=PASS) -> candidate=P3, revised=P3"
ep_00868_CACHE_STAMPEDE,CACHE_STAMPEDE,238.0,P3,1.0,283.22,cache_miss_rate,Moderate,Distant,True,P3,P3,False,False,0,"Impact=Moderate (P3), Urgency=Distant (ttf=283.22s, conf=1.00, gate=PASS) -> candidate=P3, revised=P3"
ep_00870_QUEUE_BACKUP,QUEUE_BACKUP,238.0,P3,1.0,0.0,thread_pool_queue,Moderate,Imminent,True,P1,P1,False,False,0,"Impact=Moderate (P3), Urgency=Imminent (ttf=0.0s, conf=1.00, gate=PASS) -> candidate=P1, revised=P1"
ep_00871_CASCADING_FAILURE,CASCADING_FAILURE,238.0,P3,1.0,0.0,p99_latency,Moderate,Imminent,True,P1,P1,False,False,0,"Impact=Moderate (P3), Urgency=Imminent (ttf=0.0s, conf=1.00, gate=PASS) -> candidate=P1, revised=P1"
ep_00872_CACHE_STAMPEDE,CACHE_STAMPEDE,238.0,P3,1.0,0.0,cache_miss_rate,Moderate,Imminent,True,P1,P1,False,False,0,"Impact=Moderate (P3), Urgency=Imminent (ttf=0.0s, conf=1.00, gate=PASS) -> candidate=P1, revised=P1"
ep_00873_CACHE_STAMPEDE,CACHE_STAMPEDE,238.0,P3,1.0,0.0,cache_miss_rate,Moderate,Imminent,True,P1,P1,False,False,0,"Impact=Moderate (P3), Urgency=Imminent (ttf=0.0s, conf=1.00, gate=PASS) -> candidate=P1, revised=P1"
ep_00874_BAD_DEPLOY,BAD_DEPLOY,238.0,P3,0.935,,,Moderate,Distant,True,P3,P3,False,False,0,"Impact=Moderate (P3), Urgency=Distant (ttf=nans, conf=0.94, gate=PASS) -> candidate=P3, revised=P3"
ep_00875_DEPENDENCY_TIMEOUT,DEPENDENCY_TIMEOUT,238.0,P3,0.9113,0.0,upstream_timeout_rate,Moderate,Imminent,True,P1,P1,False,False,0,"Impact=Moderate (P3), Urgency=Imminent (ttf=0.0s, conf=0.91, gate=PASS) -> candidate=P1, revised=P1"
ep_00876_DEPENDENCY_TIMEOUT,DEPENDENCY_TIMEOUT,238.0,P3,0.9509,900.39,p99_latency,Moderate,Distant,True,P3,P3,False,False,0,"Impact=Moderate (P3), Urgency=Distant (ttf=900.39s, conf=0.95, gate=PASS) -> candidate=P3, revised=P3"
ep_00877_BAD_DEPLOY,BAD_DEPLOY,238.0,P3,0.8018,0.0,error_rate,Moderate,Imminent,True,P1,P1,False,False,0,"Impact=Moderate (P3), Urgency=Imminent (ttf=0.0s, conf=0.80, gate=PASS) -> candidate=P1, revised=P1"
ep_00878_ERROR_STORM,ERROR_STORM,238.0,P3,0.835,,,Moderate,Distant,True,P3,P3,False,False,0,"Impact=Moderate (P3), Urgency=Distant (ttf=nans, conf=0.83, gate=PASS) -> candidate=P3, revised=P3"
ep_00879_CACHE_STAMPEDE,CACHE_STAMPEDE,238.0,P3,1.0,0.0,cache_miss_rate,Moderate,Imminent,True,P1,P1,False,False,0,"Impact=Moderate (P3), Urgency=Imminent (ttf=0.0s, conf=1.00, gate=PASS) -> candidate=P1, revised=P1"
ep_00880_DB_SLOWDOWN,DB_SLOWDOWN,238.0,P3,0.6933,0.0,db_connection_wait,Moderate,Distant,False,P3,P3,False,False,0,"Impact=Moderate (P3), Urgency=Distant (ttf=0.0s, conf=0.69, gate=FAIL) -> candidate=P3, revised=P3"
ep_00881_CPU_SATURATION,CPU_SATURATION,238.0,P3,1.0,253.38,cpu_utilization,Moderate,Distant,True,P3,P3,False,False,0,"Impact=Moderate (P3), Urgency=Distant (ttf=253.38s, conf=1.00, gate=PASS) -> candidate=P3, revised=P3"
ep_00882_ERROR_STORM,ERROR_STORM,238.0,P3,0.7269,178.64,error_rate,Moderate,Distant,False,P3,P3,False,False,0,"Impact=Moderate (P3), Urgency=Distant (ttf=178.64s, conf=0.73, gate=FAIL) -> candidate=P3, revised=P3"
ep_00883_CPU_SATURATION,CPU_SATURATION,238.0,P3,1.0,,,Moderate,Distant,True,P3,P3,False,False,0,"Impact=Moderate (P3), Urgency=Distant (ttf=nans, conf=1.00, gate=PASS) -> candidate=P3, revised=P3"
ep_00884_LATENCY_SPIKE,LATENCY_SPIKE,238.0,P3,0.3282,,,Moderate,Distant,False,P3,P3,False,False,0,"Impact=Moderate (P3), Urgency=Distant (ttf=nans, conf=0.33, gate=FAIL) -> candidate=P3, revised=P3"
ep_00885_DISK_IO_SATURATION,DISK_IO_SATURATION,238.0,P3,1.0,,,Moderate,Distant,True,P3,P3,False,False,0,"Impact=Moderate (P3), Urgency=Distant (ttf=nans, conf=1.00, gate=PASS) -> candidate=P3, revised=P3"
ep_00886_CPU_SATURATION,CPU_SATURATION,238.0,P3,1.0,,,Moderate,Distant,True,P3,P3,False,False,0,"Impact=Moderate (P3), Urgency=Distant (ttf=nans, conf=1.00, gate=PASS) -> candidate=P3, revised=P3"
ep_00887_LATENCY_SPIKE,LATENCY_SPIKE,238.0,P3,0.3078,6233.31,p99_latency,Moderate,Distant,False,P3,P3,False,False,0,"Impact=Moderate (P3), Urgency=Distant (ttf=6233.31s, conf=0.31, gate=FAIL) -> candidate=P3, revised=P3"
ep_00888_DISK_IO_SATURATION,DISK_IO_SATURATION,238.0,P3,1.0,892.35,queue_lag,Moderate,Distant,True,P3,P3,False,False,0,"Impact=Moderate (P3), Urgency=Distant (ttf=892.35s, conf=1.00, gate=PASS) -> candidate=P3, revised=P3"
ep_00889_DB_SLOWDOWN,DB_SLOWDOWN,238.0,P3,0.8381,0.0,db_connection_wait,Moderate,Imminent,True,P1,P1,False,False,0,"Impact=Moderate (P3), Urgency=Imminent (ttf=0.0s, conf=0.84, gate=PASS) -> candidate=P1, revised=P1"
ep_00890_QUEUE_BACKUP,QUEUE_BACKUP,238.0,P3,1.0,0.0,thread_pool_queue,Moderate,Imminent,True,P1,P1,False,False,0,"Impact=Moderate (P3), Urgency=Imminent (ttf=0.0s, conf=1.00, gate=PASS) -> candidate=P1, revised=P1"
ep_00891_MEMORY_LEAK,MEMORY_LEAK,238.0,P3,1.0,,,Moderate,Distant,True,P3,P3,False,False,0,"Impact=Moderate (P3), Urgency=Distant (ttf=nans, conf=1.00, gate=PASS) -> candidate=P3, revised=P3"
ep_00892_CACHE_STAMPEDE,CACHE_STAMPEDE,238.0,P3,1.0,0.0,cache_miss_rate,Moderate,Imminent,True,P1,P1,False,False,0,"Impact=Moderate (P3), Urgency=Imminent (ttf=0.0s, conf=1.00, gate=PASS) -> candidate=P1, revised=P1"
ep_00893_CASCADING_FAILURE,CASCADING_FAILURE,238.0,P3,1.0,0.0,p99_latency,Moderate,Imminent,True,P1,P1,False,False,0,"Impact=Moderate (P3), Urgency=Imminent (ttf=0.0s, conf=1.00, gate=PASS) -> candidate=P1, revised=P1"
ep_00894_LATENCY_SPIKE,LATENCY_SPIKE,238.0,P3,0.3131,5023.1,p95_latency,Moderate,Distant,False,P3,P3,False,False,0,"Impact=Moderate (P3), Urgency=Distant (ttf=5023.1s, conf=0.31, gate=FAIL) -> candidate=P3, revised=P3"
ep_00895_DISK_IO_SATURATION,DISK_IO_SATURATION,238.0,P3,1.0,3285.25,disk_read_latency,Moderate,Distant,True,P3,P3,False,False,0,"Impact=Moderate (P3), Urgency=Distant (ttf=3285.25s, conf=1.00, gate=PASS) -> candidate=P3, revised=P3"
ep_00896_MEMORY_LEAK,MEMORY_LEAK,238.0,P3,1.0,,,Moderate,Distant,True,P3,P3,False,False,0,"Impact=Moderate (P3), Urgency=Distant (ttf=nans, conf=1.00, gate=PASS) -> candidate=P3, revised=P3"
ep_00897_ERROR_STORM,ERROR_STORM,238.0,P3,0.7121,144.29,error_rate,Moderate,Distant,False,P3,P3,False,False,0,"Impact=Moderate (P3), Urgency=Distant (ttf=144.29s, conf=0.71, gate=FAIL) -> candidate=P3, revised=P3"
ep_00898_DB_SLOWDOWN,DB_SLOWDOWN,238.0,P3,0.7036,0.0,db_connection_wait,Moderate,Distant,False,P3,P3,False,False,0,"Impact=Moderate (P3), Urgency=Distant (ttf=0.0s, conf=0.70, gate=FAIL) -> candidate=P3, revised=P3"
ep_00899_CASCADING_FAILURE,CASCADING_FAILURE,238.0,P3,1.0,0.0,error_rate,Moderate,Imminent,True,P1,P1,False,False,0,"Impact=Moderate (P3), Urgency=Imminent (ttf=0.0s, conf=1.00, gate=PASS) -> candidate=P1, revised=P1"
ep_00900_DISK_IO_SATURATION,DISK_IO_SATURATION,238.0,P3,1.0,348358.52,iops_utilization,Moderate,Distant,True,P3,P3,False,False,0,"Impact=Moderate (P3), Urgency=Distant (ttf=348358.52s, conf=1.00, gate=PASS) -> candidate=P3, revised=P3"
ep_00901_CACHE_STAMPEDE,CACHE_STAMPEDE,238.0,P3,1.0,0.0,cache_miss_rate,Moderate,Imminent,True,P1,P1,False,False,0,"Impact=Moderate (P3), Urgency=Imminent (ttf=0.0s, conf=1.00, gate=PASS) -> candidate=P1, revised=P1"
ep_00902_RETRY_STORM,RETRY_STORM,238.0,P3,0.8873,0.0,rps,Moderate,Imminent,True,P1,P1,False,False,0,"Impact=Moderate (P3), Urgency=Imminent (ttf=0.0s, conf=0.89, gate=PASS) -> candidate=P1, revised=P1"
ep_00903_BAD_DEPLOY,BAD_DEPLOY,238.0,P3,0.8565,100.42,error_rate,Moderate,Near,True,P2,P2,False,False,0,"Impact=Moderate (P3), Urgency=Near (ttf=100.42s, conf=0.86, gate=PASS) -> candidate=P2, revised=P2"
ep_00904_CACHE_STAMPEDE,CACHE_STAMPEDE,238.0,P3,1.0,781.99,cache_miss_rate,Moderate,Distant,True,P3,P3,False,False,0,"Impact=Moderate (P3), Urgency=Distant (ttf=781.99s, conf=1.00, gate=PASS) -> candidate=P3, revised=P3"
ep_00905_DEPENDENCY_TIMEOUT,DEPENDENCY_TIMEOUT,238.0,P3,0.9236,0.0,upstream_timeout_rate,Moderate,Imminent,True,P1,P1,False,False,0,"Impact=Moderate (P3), Urgency=Imminent (ttf=0.0s, conf=0.92, gate=PASS) -> candidate=P1, revised=P1"
ep_00906_LATENCY_SPIKE,LATENCY_SPIKE,238.0,P3,0.3177,,,Moderate,Distant,False,P3,P3,False,False,0,"Impact=Moderate (P3), Urgency=Distant (ttf=nans, conf=0.32, gate=FAIL) -> candidate=P3, revised=P3"
ep_00907_BAD_DEPLOY,BAD_DEPLOY,238.0,P3,0.8499,0.0,error_rate,Moderate,Imminent,True,P1,P1,False,False,0,"Impact=Moderate (P3), Urgency=Imminent (ttf=0.0s, conf=0.85, gate=PASS) -> candidate=P1, revised=P1"
ep_00908_BAD_DEPLOY,BAD_DEPLOY,238.0,P3,0.967,0.0,error_rate,Moderate,Imminent,True,P1,P1,False,False,0,"Impact=Moderate (P3), Urgency=Imminent (ttf=0.0s, conf=0.97, gate=PASS) -> candidate=P1, revised=P1"
ep_00909_ERROR_STORM,ERROR_STORM,238.0,P3,0.7373,,,Moderate,Distant,False,P3,P3,False,False,0,"Impact=Moderate (P3), Urgency=Distant (ttf=nans, conf=0.74, gate=FAIL) -> candidate=P3, revised=P3"
ep_00910_DEPENDENCY_TIMEOUT,DEPENDENCY_TIMEOUT,238.0,P3,0.8611,,,Moderate,Distant,True,P3,P3,False,False,0,"Impact=Moderate (P3), Urgency=Distant (ttf=nans, conf=0.86, gate=PASS) -> candidate=P3, revised=P3"
ep_00911_QUEUE_BACKUP,QUEUE_BACKUP,238.0,P3,1.0,0.0,thread_pool_queue,Moderate,Imminent,True,P1,P1,False,False,0,"Impact=Moderate (P3), Urgency=Imminent (ttf=0.0s, conf=1.00, gate=PASS) -> candidate=P1, revised=P1"
ep_00912_DB_SLOWDOWN,DB_SLOWDOWN,238.0,P3,0.7642,0.0,db_connection_wait,Moderate,Imminent,True,P1,P1,False,False,0,"Impact=Moderate (P3), Urgency=Imminent (ttf=0.0s, conf=0.76, gate=PASS) -> candidate=P1, revised=P1"
ep_00913_CPU_SATURATION,CPU_SATURATION,238.0,P3,1.0,,,Moderate,Distant,True,P3,P3,False,False,0,"Impact=Moderate (P3), Urgency=Distant (ttf=nans, conf=1.00, gate=PASS) -> candidate=P3, revised=P3"
ep_00914_ERROR_STORM,ERROR_STORM,238.0,P3,0.7331,,,Moderate,Distant,False,P3,P3,False,False,0,"Impact=Moderate (P3), Urgency=Distant (ttf=nans, conf=0.73, gate=FAIL) -> candidate=P3, revised=P3"
ep_00915_QUEUE_BACKUP,QUEUE_BACKUP,238.0,P3,1.0,0.0,thread_pool_queue,Moderate,Imminent,True,P1,P1,False,False,0,"Impact=Moderate (P3), Urgency=Imminent (ttf=0.0s, conf=1.00, gate=PASS) -> candidate=P1, revised=P1"
ep_00916_DB_SLOWDOWN,DB_SLOWDOWN,238.0,P3,0.6526,0.0,db_connection_wait,Moderate,Distant,False,P3,P3,False,False,0,"Impact=Moderate (P3), Urgency=Distant (ttf=0.0s, conf=0.65, gate=FAIL) -> candidate=P3, revised=P3"
ep_00917_CASCADING_FAILURE,CASCADING_FAILURE,238.0,P3,1.0,0.0,p99_latency,Moderate,Imminent,True,P1,P1,False,False,0,"Impact=Moderate (P3), Urgency=Imminent (ttf=0.0s, conf=1.00, gate=PASS) -> candidate=P1, revised=P1"
ep_00918_BAD_DEPLOY,BAD_DEPLOY,238.0,P3,0.8242,0.0,error_rate,Moderate,Imminent,True,P1,P1,False,False,0,"Impact=Moderate (P3), Urgency=Imminent (ttf=0.0s, conf=0.82, gate=PASS) -> candidate=P1, revised=P1"
ep_00919_MEMORY_LEAK,MEMORY_LEAK,238.0,P3,1.0,,,Moderate,Distant,True,P3,P3,False,False,0,"Impact=Moderate (P3), Urgency=Distant (ttf=nans, conf=1.00, gate=PASS) -> candidate=P3, revised=P3"
ep_00920_BAD_DEPLOY,BAD_DEPLOY,238.0,P3,0.932,0.0,error_rate,Moderate,Imminent,True,P1,P1,False,False,0,"Impact=Moderate (P3), Urgency=Imminent (ttf=0.0s, conf=0.93, gate=PASS) -> candidate=P1, revised=P1"
ep_00922_LATENCY_SPIKE,LATENCY_SPIKE,238.0,P3,0.4518,,,Moderate,Distant,False,P3,P3,False,False,0,"Impact=Moderate (P3), Urgency=Distant (ttf=nans, conf=0.45, gate=FAIL) -> candidate=P3, revised=P3"
ep_00923_DISK_IO_SATURATION,DISK_IO_SATURATION,238.0,P3,1.0,,,Moderate,Distant,True,P3,P3,False,False,0,"Impact=Moderate (P3), Urgency=Distant (ttf=nans, conf=1.00, gate=PASS) -> candidate=P3, revised=P3"
ep_00924_CPU_SATURATION,CPU_SATURATION,238.0,P3,1.0,134.33,cpu_saturation,Moderate,Distant,True,P3,P3,False,False,0,"Impact=Moderate (P3), Urgency=Distant (ttf=134.33s, conf=1.00, gate=PASS) -> candidate=P3, revised=P3"
ep_00925_DISK_IO_SATURATION,DISK_IO_SATURATION,238.0,P3,1.0,,,Moderate,Distant,True,P3,P3,False,False,0,"Impact=Moderate (P3), Urgency=Distant (ttf=nans, conf=1.00, gate=PASS) -> candidate=P3, revised=P3"
ep_00927_LATENCY_SPIKE,LATENCY_SPIKE,238.0,P3,0.3,,,Moderate,Distant,False,P3,P3,False,False,0,"Impact=Moderate (P3), Urgency=Distant (ttf=nans, conf=0.30, gate=FAIL) -> candidate=P3, revised=P3"
ep_00928_ERROR_STORM,ERROR_STORM,238.0,P3,0.725,0.0,error_rate,Moderate,Distant,False,P3,P3,False,False,0,"Impact=Moderate (P3), Urgency=Distant (ttf=0.0s, conf=0.72, gate=FAIL) -> candidate=P3, revised=P3"
ep_00929_ERROR_STORM,ERROR_STORM,238.0,P3,0.7507,,,Moderate,Distant,True,P3,P3,False,False,0,"Impact=Moderate (P3), Urgency=Distant (ttf=nans, conf=0.75, gate=PASS) -> candidate=P3, revised=P3"
ep_00930_BAD_DEPLOY,BAD_DEPLOY,238.0,P3,0.8529,0.0,error_rate,Moderate,Imminent,True,P1,P1,False,False,0,"Impact=Moderate (P3), Urgency=Imminent (ttf=0.0s, conf=0.85, gate=PASS) -> candidate=P1, revised=P1"
ep_00931_CASCADING_FAILURE,CASCADING_FAILURE,238.0,P3,1.0,0.0,p99_latency,Moderate,Imminent,True,P1,P1,False,False,0,"Impact=Moderate (P3), Urgency=Imminent (ttf=0.0s, conf=1.00, gate=PASS) -> candidate=P1, revised=P1"
ep_00932_MEMORY_LEAK,MEMORY_LEAK,238.0,P3,1.0,3369.13,memory_utilization,Moderate,Distant,True,P3,P3,False,False,0,"Impact=Moderate (P3), Urgency=Distant (ttf=3369.13s, conf=1.00, gate=PASS) -> candidate=P3, revised=P3"
ep_00934_BAD_DEPLOY,BAD_DEPLOY,238.0,P3,0.9238,0.0,error_rate,Moderate,Imminent,True,P1,P1,False,False,0,"Impact=Moderate (P3), Urgency=Imminent (ttf=0.0s, conf=0.92, gate=PASS) -> candidate=P1, revised=P1"
ep_00935_CACHE_STAMPEDE,CACHE_STAMPEDE,238.0,P3,1.0,0.0,cache_miss_rate,Moderate,Imminent,True,P1,P1,False,False,0,"Impact=Moderate (P3), Urgency=Imminent (ttf=0.0s, conf=1.00, gate=PASS) -> candidate=P1, revised=P1"
ep_00936_RETRY_STORM,RETRY_STORM,238.0,P3,0.8814,0.0,rps,Moderate,Imminent,True,P1,P1,False,False,0,"Impact=Moderate (P3), Urgency=Imminent (ttf=0.0s, conf=0.88, gate=PASS) -> candidate=P1, revised=P1"
ep_00937_QUEUE_BACKUP,QUEUE_BACKUP,238.0,P3,1.0,0.0,thread_pool_queue,Moderate,Imminent,True,P1,P1,False,False,0,"Impact=Moderate (P3), Urgency=Imminent (ttf=0.0s, conf=1.00, gate=PASS) -> candidate=P1, revised=P1"
ep_00938_CPU_SATURATION,CPU_SATURATION,238.0,P3,1.0,0.0,cpu_utilization,Moderate,Imminent,True,P1,P1,False,False,0,"Impact=Moderate (P3), Urgency=Imminent (ttf=0.0s, conf=1.00, gate=PASS) -> candidate=P1, revised=P1"
ep_00939_LATENCY_SPIKE,LATENCY_SPIKE,238.0,P3,0.3,,,Moderate,Distant,False,P3,P3,False,False,0,"Impact=Moderate (P3), Urgency=Distant (ttf=nans, conf=0.30, gate=FAIL) -> candidate=P3, revised=P3"
ep_00940_CASCADING_FAILURE,CASCADING_FAILURE,238.0,P3,1.0,0.0,p99_latency,Moderate,Imminent,True,P1,P1,False,False,0,"Impact=Moderate (P3), Urgency=Imminent (ttf=0.0s, conf=1.00, gate=PASS) -> candidate=P1, revised=P1"
ep_00941_CASCADING_FAILURE,CASCADING_FAILURE,238.0,P3,1.0,0.0,error_rate,Moderate,Imminent,True,P1,P1,False,False,0,"Impact=Moderate (P3), Urgency=Imminent (ttf=0.0s, conf=1.00, gate=PASS) -> candidate=P1, revised=P1"
ep_00943_DEPENDENCY_TIMEOUT,DEPENDENCY_TIMEOUT,238.0,P3,0.8639,136.48,upstream_timeout_rate,Moderate,Distant,True,P3,P3,False,False,0,"Impact=Moderate (P3), Urgency=Distant (ttf=136.48s, conf=0.86, gate=PASS) -> candidate=P3, revised=P3"
ep_00944_QUEUE_BACKUP,QUEUE_BACKUP,238.0,P3,1.0,0.0,thread_pool_queue,Moderate,Imminent,True,P1,P1,False,False,0,"Impact=Moderate (P3), Urgency=Imminent (ttf=0.0s, conf=1.00, gate=PASS) -> candidate=P1, revised=P1"
ep_00945_MEMORY_LEAK,MEMORY_LEAK,238.0,P3,1.0,19235.53,heap_mb,Moderate,Distant,True,P3,P3,False,False,0,"Impact=Moderate (P3), Urgency=Distant (ttf=19235.53s, conf=1.00, gate=PASS) -> candidate=P3, revised=P3"
ep_00946_QUEUE_BACKUP,QUEUE_BACKUP,238.0,P3,1.0,0.0,thread_pool_queue,Moderate,Imminent,True,P1,P1,False,False,0,"Impact=Moderate (P3), Urgency=Imminent (ttf=0.0s, conf=1.00, gate=PASS) -> candidate=P1, revised=P1"
ep_00947_DB_SLOWDOWN,DB_SLOWDOWN,238.0,P3,0.644,0.0,db_connection_wait,Moderate,Distant,False,P3,P3,False,False,0,"Impact=Moderate (P3), Urgency=Distant (ttf=0.0s, conf=0.64, gate=FAIL) -> candidate=P3, revised=P3"
ep_00948_ERROR_STORM,ERROR_STORM,238.0,P3,0.7257,166.77,error_rate,Moderate,Distant,False,P3,P3,False,False,0,"Impact=Moderate (P3), Urgency=Distant (ttf=166.77s, conf=0.73, gate=FAIL) -> candidate=P3, revised=P3"
ep_00949_DB_SLOWDOWN,DB_SLOWDOWN,238.0,P3,0.7909,0.0,db_connection_wait,Moderate,Imminent,True,P1,P1,False,False,0,"Impact=Moderate (P3), Urgency=Imminent (ttf=0.0s, conf=0.79, gate=PASS) -> candidate=P1, revised=P1"
ep_00950_MEMORY_LEAK,MEMORY_LEAK,238.0,P3,1.0,,,Moderate,Distant,True,P3,P3,False,False,0,"Impact=Moderate (P3), Urgency=Distant (ttf=nans, conf=1.00, gate=PASS) -> candidate=P3, revised=P3"
ep_00951_ERROR_STORM,ERROR_STORM,238.0,P3,0.8081,,,Moderate,Distant,True,P3,P3,False,False,0,"Impact=Moderate (P3), Urgency=Distant (ttf=nans, conf=0.81, gate=PASS) -> candidate=P3, revised=P3"
ep_00952_RETRY_STORM,RETRY_STORM,238.0,P3,0.9211,738.45,error_rate,Moderate,Distant,True,P3,P3,False,False,0,"Impact=Moderate (P3), Urgency=Distant (ttf=738.45s, conf=0.92, gate=PASS) -> candidate=P3, revised=P3"
ep_00953_BAD_DEPLOY,BAD_DEPLOY,238.0,P3,0.923,0.0,error_rate,Moderate,Imminent,True,P1,P1,False,False,0,"Impact=Moderate (P3), Urgency=Imminent (ttf=0.0s, conf=0.92, gate=PASS) -> candidate=P1, revised=P1"
ep_00954_CACHE_STAMPEDE,CACHE_STAMPEDE,238.0,P3,1.0,10153.83,db_p99,Moderate,Distant,True,P3,P3,False,False,0,"Impact=Moderate (P3), Urgency=Distant (ttf=10153.83s, conf=1.00, gate=PASS) -> candidate=P3, revised=P3"
ep_00955_CACHE_STAMPEDE,CACHE_STAMPEDE,238.0,P3,1.0,0.0,cache_miss_rate,Moderate,Imminent,True,P1,P1,False,False,0,"Impact=Moderate (P3), Urgency=Imminent (ttf=0.0s, conf=1.00, gate=PASS) -> candidate=P1, revised=P1"
ep_00956_DB_SLOWDOWN,DB_SLOWDOWN,238.0,P3,0.6824,0.0,db_connection_wait,Moderate,Distant,False,P3,P3,False,False,0,"Impact=Moderate (P3), Urgency=Distant (ttf=0.0s, conf=0.68, gate=FAIL) -> candidate=P3, revised=P3"
ep_00957_MEMORY_LEAK,MEMORY_LEAK,238.0,P3,1.0,130675.79,heap_mb,Moderate,Distant,True,P3,P3,False,False,0,"Impact=Moderate (P3), Urgency=Distant (ttf=130675.79s, conf=1.00, gate=PASS) -> candidate=P3, revised=P3"
ep_00958_QUEUE_BACKUP,QUEUE_BACKUP,238.0,P3,1.0,0.0,thread_pool_queue,Moderate,Imminent,True,P1,P1,False,False,0,"Impact=Moderate (P3), Urgency=Imminent (ttf=0.0s, conf=1.00, gate=PASS) -> candidate=P1, revised=P1"
ep_00959_DISK_IO_SATURATION,DISK_IO_SATURATION,238.0,P3,1.0,,,Moderate,Distant,True,P3,P3,False,False,0,"Impact=Moderate (P3), Urgency=Distant (ttf=nans, conf=1.00, gate=PASS) -> candidate=P3, revised=P3"
ep_00960_LATENCY_SPIKE,LATENCY_SPIKE,238.0,P3,0.3,,,Moderate,Distant,False,P3,P3,False,False,0,"Impact=Moderate (P3), Urgency=Distant (ttf=nans, conf=0.30, gate=FAIL) -> candidate=P3, revised=P3"
ep_00962_MEMORY_LEAK,MEMORY_LEAK,238.0,P3,1.0,,,Moderate,Distant,True,P3,P3,False,False,0,"Impact=Moderate (P3), Urgency=Distant (ttf=nans, conf=1.00, gate=PASS) -> candidate=P3, revised=P3"
ep_00963_LATENCY_SPIKE,LATENCY_SPIKE,238.0,P3,0.3,,,Moderate,Distant,False,P3,P3,False,False,0,"Impact=Moderate (P3), Urgency=Distant (ttf=nans, conf=0.30, gate=FAIL) -> candidate=P3, revised=P3"
ep_00964_ERROR_STORM,ERROR_STORM,238.0,P3,0.6977,,,Moderate,Distant,False,P3,P3,False,False,0,"Impact=Moderate (P3), Urgency=Distant (ttf=nans, conf=0.70, gate=FAIL) -> candidate=P3, revised=P3"
ep_00965_DISK_IO_SATURATION,DISK_IO_SATURATION,238.0,P3,1.0,,,Moderate,Distant,True,P3,P3,False,False,0,"Impact=Moderate (P3), Urgency=Distant (ttf=nans, conf=1.00, gate=PASS) -> candidate=P3, revised=P3"
ep_00966_CPU_SATURATION,CPU_SATURATION,238.0,P3,1.0,507.28,cpu_utilization,Moderate,Distant,True,P3,P3,False,False,0,"Impact=Moderate (P3), Urgency=Distant (ttf=507.28s, conf=1.00, gate=PASS) -> candidate=P3, revised=P3"
ep_00967_LATENCY_SPIKE,LATENCY_SPIKE,238.0,P3,0.3,,,Moderate,Distant,False,P3,P3,False,False,0,"Impact=Moderate (P3), Urgency=Distant (ttf=nans, conf=0.30, gate=FAIL) -> candidate=P3, revised=P3"
ep_00968_CACHE_STAMPEDE,CACHE_STAMPEDE,238.0,P3,1.0,0.0,cache_miss_rate,Moderate,Imminent,True,P1,P1,False,False,0,"Impact=Moderate (P3), Urgency=Imminent (ttf=0.0s, conf=1.00, gate=PASS) -> candidate=P1, revised=P1"
ep_00969_ERROR_STORM,ERROR_STORM,238.0,P3,0.7414,,,Moderate,Distant,False,P3,P3,False,False,0,"Impact=Moderate (P3), Urgency=Distant (ttf=nans, conf=0.74, gate=FAIL) -> candidate=P3, revised=P3"
ep_00970_ERROR_STORM,ERROR_STORM,238.0,P3,0.7613,,,Moderate,Distant,True,P3,P3,False,False,0,"Impact=Moderate (P3), Urgency=Distant (ttf=nans, conf=0.76, gate=PASS) -> candidate=P3, revised=P3"
ep_00971_QUEUE_BACKUP,QUEUE_BACKUP,238.0,P3,1.0,0.0,thread_pool_queue,Moderate,Imminent,True,P1,P1,False,False,0,"Impact=Moderate (P3), Urgency=Imminent (ttf=0.0s, conf=1.00, gate=PASS) -> candidate=P1, revised=P1"
ep_00972_QUEUE_BACKUP,QUEUE_BACKUP,238.0,P3,1.0,0.0,thread_pool_queue,Moderate,Imminent,True,P1,P1,False,False,0,"Impact=Moderate (P3), Urgency=Imminent (ttf=0.0s, conf=1.00, gate=PASS) -> candidate=P1, revised=P1"
ep_00973_LATENCY_SPIKE,LATENCY_SPIKE,238.0,P3,0.4366,5335.66,p99_latency,Moderate,Distant,False,P3,P3,False,False,0,"Impact=Moderate (P3), Urgency=Distant (ttf=5335.66s, conf=0.44, gate=FAIL) -> candidate=P3, revised=P3"
ep_00974_DB_SLOWDOWN,DB_SLOWDOWN,238.0,P3,0.5675,0.0,db_connection_wait,Moderate,Distant,False,P3,P3,False,False,0,"Impact=Moderate (P3), Urgency=Distant (ttf=0.0s, conf=0.57, gate=FAIL) -> candidate=P3, revised=P3"
ep_00975_CACHE_STAMPEDE,CACHE_STAMPEDE,238.0,P3,1.0,0.0,cache_miss_rate,Moderate,Imminent,True,P1,P1,False,False,0,"Impact=Moderate (P3), Urgency=Imminent (ttf=0.0s, conf=1.00, gate=PASS) -> candidate=P1, revised=P1"
ep_00976_CASCADING_FAILURE,CASCADING_FAILURE,238.0,P3,1.0,0.0,p99_latency,Moderate,Imminent,True,P1,P1,False,False,0,"Impact=Moderate (P3), Urgency=Imminent (ttf=0.0s, conf=1.00, gate=PASS) -> candidate=P1, revised=P1"
ep_00977_ERROR_STORM,ERROR_STORM,238.0,P3,0.6941,,,Moderate,Distant,False,P3,P3,False,False,0,"Impact=Moderate (P3), Urgency=Distant (ttf=nans, conf=0.69, gate=FAIL) -> candidate=P3, revised=P3"
ep_00978_QUEUE_BACKUP,QUEUE_BACKUP,238.0,P3,1.0,0.0,thread_pool_queue,Moderate,Imminent,True,P1,P1,False,False,0,"Impact=Moderate (P3), Urgency=Imminent (ttf=0.0s, conf=1.00, gate=PASS) -> candidate=P1, revised=P1"
ep_00979_RETRY_STORM,RETRY_STORM,238.0,P3,0.8765,4.32,rps,Moderate,Imminent,True,P1,P1,False,False,0,"Impact=Moderate (P3), Urgency=Imminent (ttf=4.32s, conf=0.88, gate=PASS) -> candidate=P1, revised=P1"
ep_00980_DB_SLOWDOWN,DB_SLOWDOWN,238.0,P3,0.7831,0.0,db_connection_wait,Moderate,Imminent,True,P1,P1,False,False,0,"Impact=Moderate (P3), Urgency=Imminent (ttf=0.0s, conf=0.78, gate=PASS) -> candidate=P1, revised=P1"
ep_00981_MEMORY_LEAK,MEMORY_LEAK,238.0,P3,1.0,,,Moderate,Distant,True,P3,P3,False,False,0,"Impact=Moderate (P3), Urgency=Distant (ttf=nans, conf=1.00, gate=PASS) -> candidate=P3, revised=P3"
ep_00982_DISK_IO_SATURATION,DISK_IO_SATURATION,238.0,P3,1.0,,,Moderate,Distant,True,P3,P3,False,False,0,"Impact=Moderate (P3), Urgency=Distant (ttf=nans, conf=1.00, gate=PASS) -> candidate=P3, revised=P3"
ep_00983_CASCADING_FAILURE,CASCADING_FAILURE,238.0,P3,1.0,0.0,error_rate,Moderate,Imminent,True,P1,P1,False,False,0,"Impact=Moderate (P3), Urgency=Imminent (ttf=0.0s, conf=1.00, gate=PASS) -> candidate=P1, revised=P1"
ep_00984_BAD_DEPLOY,BAD_DEPLOY,238.0,P3,0.8611,0.0,error_rate,Moderate,Imminent,True,P1,P1,False,False,0,"Impact=Moderate (P3), Urgency=Imminent (ttf=0.0s, conf=0.86, gate=PASS) -> candidate=P1, revised=P1"
ep_00985_CASCADING_FAILURE,CASCADING_FAILURE,238.0,P3,1.0,,,Moderate,Distant,True,P3,P3,False,False,0,"Impact=Moderate (P3), Urgency=Distant (ttf=nans, conf=1.00, gate=PASS) -> candidate=P3, revised=P3"
ep_00986_MEMORY_LEAK,MEMORY_LEAK,238.0,P3,1.0,16431.25,memory_utilization,Moderate,Distant,True,P3,P3,False,False,0,"Impact=Moderate (P3), Urgency=Distant (ttf=16431.25s, conf=1.00, gate=PASS) -> candidate=P3, revised=P3"
ep_00987_CPU_SATURATION,CPU_SATURATION,238.0,P3,1.0,67.91,cpu_utilization,Moderate,Near,True,P2,P2,False,False,0,"Impact=Moderate (P3), Urgency=Near (ttf=67.91s, conf=1.00, gate=PASS) -> candidate=P2, revised=P2"
ep_00988_CASCADING_FAILURE,CASCADING_FAILURE,238.0,P3,1.0,0.0,p99_latency,Moderate,Imminent,True,P1,P1,False,False,0,"Impact=Moderate (P3), Urgency=Imminent (ttf=0.0s, conf=1.00, gate=PASS) -> candidate=P1, revised=P1"
ep_00989_ERROR_STORM,ERROR_STORM,238.0,P3,0.7348,0.0,error_rate,Moderate,Distant,False,P3,P3,False,False,0,"Impact=Moderate (P3), Urgency=Distant (ttf=0.0s, conf=0.73, gate=FAIL) -> candidate=P3, revised=P3"
ep_00990_DB_SLOWDOWN,DB_SLOWDOWN,238.0,P3,0.684,0.0,db_connection_wait,Moderate,Distant,False,P3,P3,False,False,0,"Impact=Moderate (P3), Urgency=Distant (ttf=0.0s, conf=0.68, gate=FAIL) -> candidate=P3, revised=P3"
ep_00991_QUEUE_BACKUP,QUEUE_BACKUP,238.0,P3,1.0,0.0,thread_pool_queue,Moderate,Imminent,True,P1,P1,False,False,0,"Impact=Moderate (P3), Urgency=Imminent (ttf=0.0s, conf=1.00, gate=PASS) -> candidate=P1, revised=P1"
ep_00992_DISK_IO_SATURATION,DISK_IO_SATURATION,238.0,P3,1.0,,,Moderate,Distant,True,P3,P3,False,False,0,"Impact=Moderate (P3), Urgency=Distant (ttf=nans, conf=1.00, gate=PASS) -> candidate=P3, revised=P3"
ep_00993_QUEUE_BACKUP,QUEUE_BACKUP,238.0,P3,1.0,0.0,thread_pool_queue,Moderate,Imminent,True,P1,P1,False,False,0,"Impact=Moderate (P3), Urgency=Imminent (ttf=0.0s, conf=1.00, gate=PASS) -> candidate=P1, revised=P1"
ep_00994_DISK_IO_SATURATION,DISK_IO_SATURATION,238.0,P3,1.0,,,Moderate,Distant,True,P3,P3,False,False,0,"Impact=Moderate (P3), Urgency=Distant (ttf=nans, conf=1.00, gate=PASS) -> candidate=P3, revised=P3"
ep_00995_DEPENDENCY_TIMEOUT,DEPENDENCY_TIMEOUT,238.0,P3,0.9383,,,Moderate,Distant,True,P3,P3,False,False,0,"Impact=Moderate (P3), Urgency=Distant (ttf=nans, conf=0.94, gate=PASS) -> candidate=P3, revised=P3"
ep_00996_DEPENDENCY_TIMEOUT,DEPENDENCY_TIMEOUT,238.0,P3,0.9206,0.0,upstream_timeout_rate,Moderate,Imminent,True,P1,P1,False,False,0,"Impact=Moderate (P3), Urgency=Imminent (ttf=0.0s, conf=0.92, gate=PASS) -> candidate=P1, revised=P1"
ep_00997_RETRY_STORM,RETRY_STORM,238.0,P3,0.8823,0.0,rps,Moderate,Imminent,True,P1,P1,False,False,0,"Impact=Moderate (P3), Urgency=Imminent (ttf=0.0s, conf=0.88, gate=PASS) -> candidate=P1, revised=P1"
ep_00998_CPU_SATURATION,CPU_SATURATION,238.0,P3,1.0,127.16,cpu_utilization,Moderate,Distant,True,P3,P3,False,False,0,"Impact=Moderate (P3), Urgency=Distant (ttf=127.16s, conf=1.00, gate=PASS) -> candidate=P3, revised=P3"
ep_00999_CASCADING_FAILURE,CASCADING_FAILURE,238.0,P3,1.0,0.0,p99_latency,Moderate,Imminent,True,P1,P1,False,False,0,"Impact=Moderate (P3), Urgency=Imminent (ttf=0.0s, conf=1.00, gate=PASS) -> candidate=P1, revised=P1"
ep_01000_RETRY_STORM,RETRY_STORM,238.0,P3,0.8647,0.0,rps,Moderate,Imminent,True,P1,P1,False,False,0,"Impact=Moderate (P3), Urgency=Imminent (ttf=0.0s, conf=0.86, gate=PASS) -> candidate=P1, revised=P1"
ep_01001_CASCADING_FAILURE,CASCADING_FAILURE,238.0,P3,1.0,,,Moderate,Distant,True,P3,P3,False,False,0,"Impact=Moderate (P3), Urgency=Distant (ttf=nans, conf=1.00, gate=PASS) -> candidate=P3, revised=P3"
DISK_IO_SATURATION,CACHE_STAMPEDE,58.9,P3,0.5128,0.0,cache_miss_rate,Moderate,Distant,False,P3,P3,False,False,0,"Impact=Moderate (P3), Urgency=Distant (ttf=0.0s, conf=0.51, gate=FAIL) -> candidate=P3, revised=P3"
ERROR_STORM,1785697925.9186292,49.96,P3,0.6876,,,Moderate,Distant,False,P3,P3,False,False,0,"Impact=Moderate (P3), Urgency=Distant (ttf=nans, conf=0.69, gate=FAIL) -> candidate=P3, revised=P3"
MEMORY_LEAK,1785697930.7744348,49.05,P3,0.3,,,Moderate,Distant,False,P3,P3,False,False,0,"Impact=Moderate (P3), Urgency=Distant (ttf=nans, conf=0.30, gate=FAIL) -> candidate=P3, revised=P3"
CASCADING_FAILURE,1785697935.6301222,100.0,P3,1.0,0.0,p95_latency,Moderate,Imminent,True,P1,P1,False,False,0,"Impact=Moderate (P3), Urgency=Imminent (ttf=0.0s, conf=1.00, gate=PASS) -> candidate=P1, revised=P1"
BAD_DEPLOY,1785697945.3462532,50.1,P3,0.3,14208.67,p99_latency,Moderate,Distant,False,P3,P3,False,False,0,"Impact=Moderate (P3), Urgency=Distant (ttf=14208.67s, conf=0.30, gate=FAIL) -> candidate=P3, revised=P3"
DEPENDENCY_TIMEOUT,1785697950.1983016,52.93,P3,0.3,0.0,p95_latency,Moderate,Distant,False,P3,P3,False,False,0,"Impact=Moderate (P3), Urgency=Distant (ttf=0.0s, conf=0.30, gate=FAIL) -> candidate=P3, revised=P3"
RETRY_STORM,1785697959.9075038,75.52,P3,1.0,,,Moderate,Distant,True,P3,P3,False,False,0,"Impact=Moderate (P3), Urgency=Distant (ttf=nans, conf=1.00, gate=PASS) -> candidate=P3, revised=P3"
CPU_SATURATION,1785698032.72846,100.0,P3,1.0,85.84,p95_latency,Moderate,Near,True,P2,P2,False,False,0,"Impact=Moderate (P3), Urgency=Near (ttf=85.84s, conf=1.00, gate=PASS) -> candidate=P2, revised=P2"
DB_SLOWDOWN,1785698052.1317446,49.15,P3,0.3,,,Moderate,Distant,False,P3,P3,False,False,0,"Impact=Moderate (P3), Urgency=Distant (ttf=nans, conf=0.30, gate=FAIL) -> candidate=P3, revised=P3"
QUEUE_BACKUP,1785698056.9838676,53.94,P3,0.3,,,Moderate,Distant,False,P3,P3,False,False,0,"Impact=Moderate (P3), Urgency=Distant (ttf=nans, conf=0.30, gate=FAIL) -> candidate=P3, revised=P3"
