episode_id,failure_mode,service,elapsed_s,timestamp,log_level,exception_type,log_message
live_ep_000041_DB_SLOWDOWN,DB_SLOWDOWN,order-service,0.0,1785987808.048335,WARNING,,WARN db_p99=20ms -- slow query detected
live_ep_000041_DB_SLOWDOWN,DB_SLOWDOWN,order-service,0.5,1785987808.548435,WARNING,,WARN db_p99=20ms -- slow query detected
live_ep_000041_DB_SLOWDOWN,DB_SLOWDOWN,order-service,1.0,1785987809.0489514,WARNING,,WARN db_p99=28ms -- slow query detected
live_ep_000041_DB_SLOWDOWN,DB_SLOWDOWN,order-service,1.5,1785987809.549243,WARNING,,WARN db_p99=20ms -- slow query detected
live_ep_000041_DB_SLOWDOWN,DB_SLOWDOWN,order-service,2.0,1785987810.0497005,WARNING,,WARN db_p99=20ms -- slow query detected
live_ep_000041_DB_SLOWDOWN,DB_SLOWDOWN,order-service,2.5,1785987810.550056,WARNING,,WARN db_p99=21ms -- slow query detected
live_ep_000041_DB_SLOWDOWN,DB_SLOWDOWN,order-service,3.0,1785987811.050628,WARNING,,WARN db_p99=20ms -- slow query detected
live_ep_000041_DB_SLOWDOWN,DB_SLOWDOWN,order-service,3.5,1785987811.5511365,WARNING,,WARN db_p99=25ms -- slow query detected
live_ep_000041_DB_SLOWDOWN,DB_SLOWDOWN,order-service,4.0,1785987812.0521088,WARNING,,WARN db_p99=25ms -- slow query detected
live_ep_000041_DB_SLOWDOWN,DB_SLOWDOWN,order-service,4.5,1785987812.5522847,WARNING,,WARN db_p99=33ms -- slow query detected
live_ep_000041_DB_SLOWDOWN,DB_SLOWDOWN,order-service,5.0,1785987813.0525486,WARNING,,WARN db_p99=32ms -- slow query detected
live_ep_000041_DB_SLOWDOWN,DB_SLOWDOWN,order-service,5.5,1785987813.5527363,WARNING,,WARN db_p99=21ms -- slow query detected
live_ep_000041_DB_SLOWDOWN,DB_SLOWDOWN,order-service,6.0,1785987814.0528092,WARNING,,WARN db_p99=33ms -- slow query detected
live_ep_000041_DB_SLOWDOWN,DB_SLOWDOWN,order-service,6.5,1785987814.5528538,WARNING,,WARN db_p99=23ms -- slow query detected
live_ep_000041_DB_SLOWDOWN,DB_SLOWDOWN,order-service,7.0,1785987815.0529642,WARNING,,WARN db_p99=28ms -- slow query detected
live_ep_000041_DB_SLOWDOWN,DB_SLOWDOWN,order-service,7.5,1785987815.5534701,WARNING,,WARN db_p99=38ms -- slow query detected
live_ep_000041_DB_SLOWDOWN,DB_SLOWDOWN,order-service,8.0,1785987816.0537424,WARNING,,WARN db_p99=24ms -- slow query detected
live_ep_000041_DB_SLOWDOWN,DB_SLOWDOWN,order-service,8.5,1785987816.5537925,WARNING,,WARN db_p99=27ms -- slow query detected
live_ep_000041_DB_SLOWDOWN,DB_SLOWDOWN,order-service,9.0,1785987817.0542755,WARNING,,WARN db_p99=23ms -- slow query detected
live_ep_000041_DB_SLOWDOWN,DB_SLOWDOWN,order-service,9.5,1785987817.5549674,WARNING,,WARN db_p99=35ms -- slow query detected
live_ep_000041_DB_SLOWDOWN,DB_SLOWDOWN,order-service,10.0,1785987818.0566568,WARNING,,WARN db_p99=20ms -- slow query detected
live_ep_000041_DB_SLOWDOWN,DB_SLOWDOWN,order-service,10.5,1785987818.5570965,WARNING,,WARN db_p99=52ms -- slow query detected
live_ep_000041_DB_SLOWDOWN,DB_SLOWDOWN,order-service,11.0,1785987819.057586,WARNING,,WARN db_p99=35ms -- slow query detected
live_ep_000041_DB_SLOWDOWN,DB_SLOWDOWN,order-service,11.5,1785987819.5579762,WARNING,,WARN db_p99=46ms -- slow query detected
live_ep_000041_DB_SLOWDOWN,DB_SLOWDOWN,order-service,12.0,1785987820.0583448,WARNING,,WARN db_p99=43ms -- slow query detected
live_ep_000041_DB_SLOWDOWN,DB_SLOWDOWN,order-service,12.5,1785987820.558576,WARNING,,WARN db_p99=24ms -- slow query detected
live_ep_000041_DB_SLOWDOWN,DB_SLOWDOWN,order-service,13.0,1785987821.0587482,WARNING,,WARN db_p99=30ms -- slow query detected
live_ep_000041_DB_SLOWDOWN,DB_SLOWDOWN,order-service,13.5,1785987821.56021,WARNING,,WARN db_p99=27ms -- slow query detected
live_ep_000041_DB_SLOWDOWN,DB_SLOWDOWN,order-service,14.0,1785987822.062686,WARNING,,WARN db_p99=57ms -- slow query detected
live_ep_000041_DB_SLOWDOWN,DB_SLOWDOWN,order-service,14.5,1785987822.5631223,WARNING,,WARN db_p99=40ms -- slow query detected
live_ep_000041_DB_SLOWDOWN,DB_SLOWDOWN,order-service,15.0,1785987823.0636013,WARNING,,WARN db_p99=38ms -- slow query detected
live_ep_000041_DB_SLOWDOWN,DB_SLOWDOWN,order-service,15.5,1785987823.6175437,WARNING,,WARN db_p99=21ms -- slow query detected
live_ep_000041_DB_SLOWDOWN,DB_SLOWDOWN,order-service,16.0,1785987824.11804,WARNING,,WARN db_p99=41ms -- slow query detected
live_ep_000041_DB_SLOWDOWN,DB_SLOWDOWN,order-service,16.5,1785987824.6195357,WARNING,,WARN db_p99=36ms -- slow query detected
live_ep_000041_DB_SLOWDOWN,DB_SLOWDOWN,order-service,17.0,1785987825.123227,WARNING,,WARN db_p99=36ms -- slow query detected
live_ep_000041_DB_SLOWDOWN,DB_SLOWDOWN,order-service,17.5,1785987825.6268916,WARNING,,WARN db_p99=30ms -- slow query detected
live_ep_000041_DB_SLOWDOWN,DB_SLOWDOWN,order-service,18.0,1785987826.1270397,WARNING,,WARN db_p99=49ms -- slow query detected
live_ep_000041_DB_SLOWDOWN,DB_SLOWDOWN,order-service,18.5,1785987826.6277268,WARNING,,WARN db_p99=56ms -- slow query detected
live_ep_000041_DB_SLOWDOWN,DB_SLOWDOWN,order-service,19.0,1785987827.145711,WARNING,,WARN db_p99=27ms -- slow query detected
live_ep_000041_DB_SLOWDOWN,DB_SLOWDOWN,order-service,19.5,1785987827.647367,WARNING,,WARN db_p99=50ms -- slow query detected
live_ep_000041_DB_SLOWDOWN,DB_SLOWDOWN,order-service,20.0,1785987828.1478922,WARNING,,WARN db_p99=44ms -- slow query detected
live_ep_000041_DB_SLOWDOWN,DB_SLOWDOWN,order-service,20.5,1785987828.6479847,WARNING,,WARN db_p99=45ms -- slow query detected
live_ep_000041_DB_SLOWDOWN,DB_SLOWDOWN,order-service,21.0,1785987829.148149,WARNING,,WARN db_p99=46ms -- slow query detected
live_ep_000041_DB_SLOWDOWN,DB_SLOWDOWN,order-service,21.5,1785987829.6486907,WARNING,,WARN db_p99=39ms -- slow query detected
live_ep_000041_DB_SLOWDOWN,DB_SLOWDOWN,order-service,22.0,1785987830.1490498,WARNING,,WARN db_p99=38ms -- slow query detected
live_ep_000041_DB_SLOWDOWN,DB_SLOWDOWN,order-service,22.5,1785987830.6492648,WARNING,,WARN db_p99=66ms -- slow query detected
live_ep_000041_DB_SLOWDOWN,DB_SLOWDOWN,order-service,23.0,1785987831.149441,WARNING,,WARN db_p99=50ms -- slow query detected
live_ep_000041_DB_SLOWDOWN,DB_SLOWDOWN,order-service,23.5,1785987831.6517854,WARNING,,WARN db_p99=54ms -- slow query detected
live_ep_000041_DB_SLOWDOWN,DB_SLOWDOWN,order-service,24.0,1785987832.15202,WARNING,,WARN db_p99=32ms -- slow query detected
live_ep_000041_DB_SLOWDOWN,DB_SLOWDOWN,order-service,24.5,1785987832.65213,WARNING,,WARN db_p99=61ms -- slow query detected
live_ep_000041_DB_SLOWDOWN,DB_SLOWDOWN,order-service,25.0,1785987833.1522071,WARNING,,WARN db_p99=65ms -- slow query detected
live_ep_000041_DB_SLOWDOWN,DB_SLOWDOWN,order-service,25.5,1785987833.6524491,WARNING,,WARN db_p99=46ms -- slow query detected
live_ep_000041_DB_SLOWDOWN,DB_SLOWDOWN,order-service,26.0,1785987834.1529572,WARNING,,WARN db_p99=44ms -- slow query detected
live_ep_000041_DB_SLOWDOWN,DB_SLOWDOWN,order-service,26.5,1785987834.6532261,WARNING,,WARN db_p99=76ms -- slow query detected
live_ep_000041_DB_SLOWDOWN,DB_SLOWDOWN,order-service,27.0,1785987835.153356,WARNING,,WARN db_p99=64ms -- slow query detected
live_ep_000041_DB_SLOWDOWN,DB_SLOWDOWN,order-service,27.5,1785987835.6536453,WARNING,,WARN db_p99=48ms -- slow query detected
live_ep_000041_DB_SLOWDOWN,DB_SLOWDOWN,order-service,28.0,1785987836.1541038,WARNING,,WARN db_p99=44ms -- slow query detected
live_ep_000041_DB_SLOWDOWN,DB_SLOWDOWN,order-service,28.5,1785987836.6544304,WARNING,,WARN db_p99=61ms -- slow query detected
live_ep_000041_DB_SLOWDOWN,DB_SLOWDOWN,order-service,29.0,1785987837.1546772,WARNING,,WARN db_p99=71ms -- slow query detected
live_ep_000041_DB_SLOWDOWN,DB_SLOWDOWN,order-service,29.5,1785987837.6550548,WARNING,,WARN db_p99=53ms -- slow query detected
live_ep_000041_DB_SLOWDOWN,DB_SLOWDOWN,order-service,30.0,1785987838.1556206,WARNING,,WARN db_p99=62ms -- slow query detected
live_ep_000041_DB_SLOWDOWN,DB_SLOWDOWN,order-service,30.5,1785987838.6561131,WARNING,,WARN db_p99=55ms -- slow query detected
live_ep_000041_DB_SLOWDOWN,DB_SLOWDOWN,order-service,31.0,1785987839.1563218,WARNING,,WARN db_p99=43ms -- slow query detected
live_ep_000041_DB_SLOWDOWN,DB_SLOWDOWN,order-service,31.5,1785987839.6567829,WARNING,,WARN db_p99=92ms -- slow query detected
live_ep_000041_DB_SLOWDOWN,DB_SLOWDOWN,order-service,32.0,1785987840.1574783,WARNING,,WARN db_p99=54ms -- slow query detected
live_ep_000041_DB_SLOWDOWN,DB_SLOWDOWN,order-service,32.5,1785987840.6577885,WARNING,,WARN db_p99=39ms -- slow query detected
live_ep_000041_DB_SLOWDOWN,DB_SLOWDOWN,order-service,33.0,1785987841.1581933,WARNING,,WARN db_p99=40ms -- slow query detected
live_ep_000041_DB_SLOWDOWN,DB_SLOWDOWN,order-service,33.5,1785987841.6587293,WARNING,,WARN db_p99=72ms -- slow query detected
live_ep_000041_DB_SLOWDOWN,DB_SLOWDOWN,order-service,34.0,1785987842.1592848,WARNING,,WARN db_p99=59ms -- slow query detected
live_ep_000041_DB_SLOWDOWN,DB_SLOWDOWN,order-service,34.5,1785987842.6594381,WARNING,,WARN db_p99=75ms -- slow query detected
live_ep_000041_DB_SLOWDOWN,DB_SLOWDOWN,order-service,35.0,1785987843.1597168,WARNING,,WARN db_p99=57ms -- slow query detected
live_ep_000041_DB_SLOWDOWN,DB_SLOWDOWN,order-service,35.5,1785987843.6600094,WARNING,,WARN db_p99=114ms -- slow query detected
live_ep_000041_DB_SLOWDOWN,DB_SLOWDOWN,order-service,36.0,1785987844.1600997,WARNING,,WARN db_p99=97ms -- slow query detected
live_ep_000041_DB_SLOWDOWN,DB_SLOWDOWN,order-service,36.5,1785987844.6604068,WARNING,,WARN db_p99=68ms -- slow query detected
live_ep_000041_DB_SLOWDOWN,DB_SLOWDOWN,order-service,37.0,1785987845.1644132,WARNING,,WARN db_p99=44ms -- slow query detected
live_ep_000041_DB_SLOWDOWN,DB_SLOWDOWN,order-service,37.5,1785987845.6647584,WARNING,,WARN db_p99=61ms -- slow query detected
live_ep_000041_DB_SLOWDOWN,DB_SLOWDOWN,order-service,38.0,1785987846.164917,WARNING,,WARN db_p99=73ms -- slow query detected
live_ep_000041_DB_SLOWDOWN,DB_SLOWDOWN,order-service,38.5,1785987846.6654563,WARNING,,WARN db_p99=60ms -- slow query detected
live_ep_000041_DB_SLOWDOWN,DB_SLOWDOWN,order-service,39.0,1785987847.1658676,WARNING,,WARN db_p99=69ms -- slow query detected
live_ep_000041_DB_SLOWDOWN,DB_SLOWDOWN,order-service,39.5,1785987847.6661494,WARNING,,WARN db_p99=79ms -- slow query detected
live_ep_000041_DB_SLOWDOWN,DB_SLOWDOWN,order-service,40.0,1785987848.166323,WARNING,,WARN db_p99=73ms -- slow query detected
live_ep_000041_DB_SLOWDOWN,DB_SLOWDOWN,order-service,40.5,1785987848.6668618,WARNING,,WARN db_p99=83ms -- slow query detected
live_ep_000041_DB_SLOWDOWN,DB_SLOWDOWN,order-service,41.0,1785987849.1673567,WARNING,,WARN db_p99=37ms -- slow query detected
live_ep_000041_DB_SLOWDOWN,DB_SLOWDOWN,order-service,41.5,1785987849.6675878,WARNING,,WARN db_p99=72ms -- slow query detected
live_ep_000041_DB_SLOWDOWN,DB_SLOWDOWN,order-service,42.0,1785987850.167948,WARNING,,WARN db_p99=87ms -- slow query detected
live_ep_000041_DB_SLOWDOWN,DB_SLOWDOWN,order-service,42.5,1785987850.6682258,WARNING,,WARN db_p99=54ms -- slow query detected
live_ep_000041_DB_SLOWDOWN,DB_SLOWDOWN,order-service,43.0,1785987851.1683638,WARNING,,WARN db_p99=67ms -- slow query detected
live_ep_000041_DB_SLOWDOWN,DB_SLOWDOWN,order-service,43.5,1785987851.6686895,WARNING,,WARN db_p99=92ms -- slow query detected
live_ep_000041_DB_SLOWDOWN,DB_SLOWDOWN,order-service,44.0,1785987852.171904,WARNING,,WARN db_p99=92ms -- slow query detected
live_ep_000041_DB_SLOWDOWN,DB_SLOWDOWN,order-service,44.5,1785987852.6721566,WARNING,,WARN db_p99=88ms -- slow query detected
live_ep_000041_DB_SLOWDOWN,DB_SLOWDOWN,order-service,45.0,1785987853.1726415,WARNING,,WARN db_p99=84ms -- slow query detected
live_ep_000041_DB_SLOWDOWN,DB_SLOWDOWN,order-service,45.5,1785987853.6729264,WARNING,,WARN db_p99=80ms -- slow query detected
live_ep_000041_DB_SLOWDOWN,DB_SLOWDOWN,order-service,46.0,1785987854.1732378,WARNING,,WARN db_p99=57ms -- slow query detected
live_ep_000041_DB_SLOWDOWN,DB_SLOWDOWN,order-service,46.5,1785987854.6737523,WARNING,,WARN db_p99=104ms -- slow query detected
live_ep_000041_DB_SLOWDOWN,DB_SLOWDOWN,order-service,47.0,1785987855.1738527,WARNING,,WARN db_p99=62ms -- slow query detected
live_ep_000041_DB_SLOWDOWN,DB_SLOWDOWN,order-service,47.5,1785987855.6739833,WARNING,,WARN db_p99=91ms -- slow query detected
live_ep_000041_DB_SLOWDOWN,DB_SLOWDOWN,order-service,48.0,1785987856.1745272,WARNING,,WARN db_p99=62ms -- slow query detected
live_ep_000041_DB_SLOWDOWN,DB_SLOWDOWN,order-service,48.5,1785987856.6749465,WARNING,,WARN db_p99=76ms -- slow query detected
live_ep_000041_DB_SLOWDOWN,DB_SLOWDOWN,order-service,49.0,1785987857.175294,WARNING,,WARN db_p99=120ms -- slow query detected
live_ep_000041_DB_SLOWDOWN,DB_SLOWDOWN,order-service,49.5,1785987857.67569,WARNING,,WARN db_p99=89ms -- slow query detected
live_ep_000041_DB_SLOWDOWN,DB_SLOWDOWN,order-service,50.0,1785987858.175943,WARNING,,WARN db_p99=95ms -- slow query detected
live_ep_000041_DB_SLOWDOWN,DB_SLOWDOWN,order-service,50.5,1785987858.676239,WARNING,,WARN db_p99=76ms -- slow query detected
live_ep_000041_DB_SLOWDOWN,DB_SLOWDOWN,order-service,51.0,1785987859.1766856,WARNING,,WARN db_p99=95ms -- slow query detected
live_ep_000041_DB_SLOWDOWN,DB_SLOWDOWN,order-service,51.5,1785987859.6771407,WARNING,,WARN db_p99=121ms -- slow query detected
live_ep_000041_DB_SLOWDOWN,DB_SLOWDOWN,order-service,52.0,1785987860.177269,WARNING,,WARN db_p99=88ms -- slow query detected
live_ep_000041_DB_SLOWDOWN,DB_SLOWDOWN,order-service,52.5,1785987860.6774282,WARNING,,WARN db_p99=82ms -- slow query detected
live_ep_000041_DB_SLOWDOWN,DB_SLOWDOWN,order-service,53.0,1785987861.1777458,WARNING,,WARN db_p99=90ms -- slow query detected
live_ep_000041_DB_SLOWDOWN,DB_SLOWDOWN,order-service,53.5,1785987861.6779864,WARNING,,WARN db_p99=71ms -- slow query detected
live_ep_000041_DB_SLOWDOWN,DB_SLOWDOWN,order-service,54.0,1785987862.1781504,WARNING,,WARN db_p99=136ms -- slow query detected
live_ep_000041_DB_SLOWDOWN,DB_SLOWDOWN,order-service,54.5,1785987862.6785321,WARNING,,WARN db_p99=72ms -- slow query detected
live_ep_000041_DB_SLOWDOWN,DB_SLOWDOWN,order-service,55.0,1785987863.1787174,WARNING,,WARN db_p99=92ms -- slow query detected
live_ep_000041_DB_SLOWDOWN,DB_SLOWDOWN,order-service,55.5,1785987863.678966,WARNING,,WARN db_p99=79ms -- slow query detected
live_ep_000041_DB_SLOWDOWN,DB_SLOWDOWN,order-service,56.0,1785987864.1793694,WARNING,,WARN db_p99=121ms -- slow query detected
live_ep_000041_DB_SLOWDOWN,DB_SLOWDOWN,order-service,56.5,1785987864.6798942,WARNING,,WARN db_p99=59ms -- slow query detected
live_ep_000041_DB_SLOWDOWN,DB_SLOWDOWN,order-service,57.0,1785987865.1804495,WARNING,,WARN db_p99=61ms -- slow query detected
live_ep_000041_DB_SLOWDOWN,DB_SLOWDOWN,order-service,57.5,1785987865.6806185,WARNING,,WARN db_p99=90ms -- slow query detected
live_ep_000041_DB_SLOWDOWN,DB_SLOWDOWN,order-service,58.0,1785987866.1809103,WARNING,,WARN db_p99=97ms -- slow query detected
live_ep_000041_DB_SLOWDOWN,DB_SLOWDOWN,order-service,58.5,1785987866.6814713,WARNING,,WARN db_p99=93ms -- slow query detected
live_ep_000041_DB_SLOWDOWN,DB_SLOWDOWN,order-service,59.0,1785987867.1819205,WARNING,,WARN db_p99=96ms -- slow query detected
live_ep_000041_DB_SLOWDOWN,DB_SLOWDOWN,order-service,59.5,1785987867.682245,WARNING,,WARN db_p99=99ms -- slow query detected
live_ep_000042_CASCADING_FAILURE,CASCADING_FAILURE,inventory-service,0.0,1785987868.1835182,CRITICAL,SystemOverloadException,CRITICAL cpu=31% err=0.15% p99=144ms -- cascade
live_ep_000042_CASCADING_FAILURE,CASCADING_FAILURE,inventory-service,0.5,1785987868.683862,CRITICAL,SystemOverloadException,CRITICAL cpu=35% err=0.57% p99=122ms -- cascade
live_ep_000042_CASCADING_FAILURE,CASCADING_FAILURE,inventory-service,1.0,1785987869.184022,CRITICAL,SystemOverloadException,CRITICAL cpu=35% err=2.75% p99=133ms -- cascade
live_ep_000042_CASCADING_FAILURE,CASCADING_FAILURE,inventory-service,1.5,1785987869.6843226,CRITICAL,SystemOverloadException,CRITICAL cpu=41% err=0.97% p99=108ms -- cascade
live_ep_000042_CASCADING_FAILURE,CASCADING_FAILURE,inventory-service,2.0,1785987870.1844642,CRITICAL,SystemOverloadException,CRITICAL cpu=34% err=0.88% p99=127ms -- cascade
live_ep_000042_CASCADING_FAILURE,CASCADING_FAILURE,inventory-service,2.5,1785987870.684793,CRITICAL,SystemOverloadException,CRITICAL cpu=31% err=0.56% p99=108ms -- cascade
live_ep_000042_CASCADING_FAILURE,CASCADING_FAILURE,inventory-service,3.0,1785987871.1852748,CRITICAL,SystemOverloadException,CRITICAL cpu=51% err=0.23% p99=117ms -- cascade
live_ep_000042_CASCADING_FAILURE,CASCADING_FAILURE,inventory-service,3.5,1785987871.6856837,CRITICAL,SystemOverloadException,CRITICAL cpu=39% err=0.27% p99=126ms -- cascade
live_ep_000042_CASCADING_FAILURE,CASCADING_FAILURE,inventory-service,4.0,1785987872.1860938,CRITICAL,SystemOverloadException,CRITICAL cpu=45% err=0.47% p99=129ms -- cascade
live_ep_000042_CASCADING_FAILURE,CASCADING_FAILURE,inventory-service,4.5,1785987872.6866918,CRITICAL,SystemOverloadException,CRITICAL cpu=32% err=1.73% p99=137ms -- cascade
live_ep_000042_CASCADING_FAILURE,CASCADING_FAILURE,inventory-service,5.0,1785987873.187377,CRITICAL,SystemOverloadException,CRITICAL cpu=29% err=0.78% p99=134ms -- cascade
live_ep_000042_CASCADING_FAILURE,CASCADING_FAILURE,inventory-service,5.5,1785987873.6878717,CRITICAL,SystemOverloadException,CRITICAL cpu=26% err=2.41% p99=106ms -- cascade
live_ep_000042_CASCADING_FAILURE,CASCADING_FAILURE,inventory-service,6.0,1785987874.188326,CRITICAL,SystemOverloadException,CRITICAL cpu=32% err=2.00% p99=115ms -- cascade
live_ep_000042_CASCADING_FAILURE,CASCADING_FAILURE,inventory-service,6.5,1785987874.6888883,CRITICAL,SystemOverloadException,CRITICAL cpu=40% err=0.20% p99=111ms -- cascade
live_ep_000042_CASCADING_FAILURE,CASCADING_FAILURE,inventory-service,7.0,1785987875.1891963,CRITICAL,SystemOverloadException,CRITICAL cpu=85% err=0.14% p99=1644ms -- cascade
live_ep_000042_CASCADING_FAILURE,CASCADING_FAILURE,inventory-service,7.5,1785987875.6896813,CRITICAL,SystemOverloadException,CRITICAL cpu=84% err=0.68% p99=1468ms -- cascade
live_ep_000042_CASCADING_FAILURE,CASCADING_FAILURE,inventory-service,8.0,1785987876.1898007,CRITICAL,SystemOverloadException,CRITICAL cpu=79% err=2.28% p99=1487ms -- cascade
live_ep_000042_CASCADING_FAILURE,CASCADING_FAILURE,inventory-service,8.5,1785987876.6899242,CRITICAL,SystemOverloadException,CRITICAL cpu=82% err=0.63% p99=1391ms -- cascade
live_ep_000042_CASCADING_FAILURE,CASCADING_FAILURE,inventory-service,9.0,1785987877.1904285,CRITICAL,SystemOverloadException,CRITICAL cpu=82% err=1.35% p99=1502ms -- cascade
live_ep_000042_CASCADING_FAILURE,CASCADING_FAILURE,inventory-service,9.5,1785987877.6907654,CRITICAL,SystemOverloadException,CRITICAL cpu=88% err=1.59% p99=1405ms -- cascade
live_ep_000042_CASCADING_FAILURE,CASCADING_FAILURE,inventory-service,10.0,1785987878.1909423,CRITICAL,SystemOverloadException,CRITICAL cpu=80% err=1.21% p99=1643ms -- cascade
live_ep_000042_CASCADING_FAILURE,CASCADING_FAILURE,inventory-service,10.5,1785987878.6913207,CRITICAL,SystemOverloadException,CRITICAL cpu=91% err=1.51% p99=1512ms -- cascade
live_ep_000042_CASCADING_FAILURE,CASCADING_FAILURE,inventory-service,11.0,1785987879.1916401,CRITICAL,SystemOverloadException,CRITICAL cpu=80% err=0.79% p99=1278ms -- cascade
live_ep_000042_CASCADING_FAILURE,CASCADING_FAILURE,inventory-service,11.5,1785987879.692206,CRITICAL,SystemOverloadException,CRITICAL cpu=87% err=0.96% p99=1401ms -- cascade
live_ep_000042_CASCADING_FAILURE,CASCADING_FAILURE,inventory-service,12.0,1785987880.1946623,CRITICAL,SystemOverloadException,CRITICAL cpu=83% err=2.72% p99=1573ms -- cascade
live_ep_000042_CASCADING_FAILURE,CASCADING_FAILURE,inventory-service,12.5,1785987880.6950047,CRITICAL,SystemOverloadException,CRITICAL cpu=89% err=2.43% p99=1667ms -- cascade
live_ep_000042_CASCADING_FAILURE,CASCADING_FAILURE,inventory-service,13.0,1785987881.1953182,CRITICAL,SystemOverloadException,CRITICAL cpu=88% err=2.23% p99=1555ms -- cascade
live_ep_000042_CASCADING_FAILURE,CASCADING_FAILURE,inventory-service,13.5,1785987881.6956723,CRITICAL,SystemOverloadException,CRITICAL cpu=79% err=1.71% p99=1469ms -- cascade
live_ep_000042_CASCADING_FAILURE,CASCADING_FAILURE,inventory-service,14.0,1785987882.1960998,CRITICAL,SystemOverloadException,CRITICAL cpu=99% err=1.34% p99=1622ms -- cascade
live_ep_000042_CASCADING_FAILURE,CASCADING_FAILURE,inventory-service,14.5,1785987882.696288,CRITICAL,SystemOverloadException,CRITICAL cpu=76% err=1.52% p99=1413ms -- cascade
live_ep_000042_CASCADING_FAILURE,CASCADING_FAILURE,inventory-service,15.0,1785987883.196773,CRITICAL,SystemOverloadException,CRITICAL cpu=84% err=1.95% p99=1610ms -- cascade
live_ep_000042_CASCADING_FAILURE,CASCADING_FAILURE,inventory-service,15.5,1785987883.6969852,CRITICAL,SystemOverloadException,CRITICAL cpu=83% err=2.50% p99=1624ms -- cascade
live_ep_000042_CASCADING_FAILURE,CASCADING_FAILURE,inventory-service,16.0,1785987884.1970687,CRITICAL,SystemOverloadException,CRITICAL cpu=90% err=2.13% p99=1468ms -- cascade
live_ep_000042_CASCADING_FAILURE,CASCADING_FAILURE,inventory-service,16.5,1785987884.6975436,CRITICAL,SystemOverloadException,CRITICAL cpu=76% err=1.70% p99=1309ms -- cascade
live_ep_000042_CASCADING_FAILURE,CASCADING_FAILURE,inventory-service,17.0,1785987885.1977327,CRITICAL,SystemOverloadException,CRITICAL cpu=85% err=2.39% p99=1487ms -- cascade
live_ep_000042_CASCADING_FAILURE,CASCADING_FAILURE,inventory-service,17.5,1785987885.698247,CRITICAL,SystemOverloadException,CRITICAL cpu=82% err=2.72% p99=1536ms -- cascade
live_ep_000042_CASCADING_FAILURE,CASCADING_FAILURE,inventory-service,18.0,1785987886.1987333,CRITICAL,SystemOverloadException,CRITICAL cpu=80% err=2.03% p99=1423ms -- cascade
live_ep_000042_CASCADING_FAILURE,CASCADING_FAILURE,inventory-service,18.5,1785987886.6992426,CRITICAL,SystemOverloadException,CRITICAL cpu=86% err=1.83% p99=1513ms -- cascade
live_ep_000042_CASCADING_FAILURE,CASCADING_FAILURE,inventory-service,19.0,1785987887.1994028,CRITICAL,SystemOverloadException,CRITICAL cpu=98% err=3.19% p99=1632ms -- cascade
live_ep_000042_CASCADING_FAILURE,CASCADING_FAILURE,inventory-service,19.5,1785987887.6995738,CRITICAL,SystemOverloadException,CRITICAL cpu=78% err=4.39% p99=1337ms -- cascade
live_ep_000042_CASCADING_FAILURE,CASCADING_FAILURE,inventory-service,20.0,1785987888.1996722,CRITICAL,SystemOverloadException,CRITICAL cpu=82% err=2.99% p99=1351ms -- cascade
live_ep_000042_CASCADING_FAILURE,CASCADING_FAILURE,inventory-service,20.5,1785987888.7000017,CRITICAL,SystemOverloadException,CRITICAL cpu=83% err=3.53% p99=1552ms -- cascade
live_ep_000042_CASCADING_FAILURE,CASCADING_FAILURE,inventory-service,21.0,1785987889.2005033,CRITICAL,SystemOverloadException,CRITICAL cpu=79% err=3.13% p99=1462ms -- cascade
live_ep_000042_CASCADING_FAILURE,CASCADING_FAILURE,inventory-service,21.5,1785987889.7010524,CRITICAL,SystemOverloadException,CRITICAL cpu=87% err=2.50% p99=1671ms -- cascade
live_ep_000042_CASCADING_FAILURE,CASCADING_FAILURE,inventory-service,22.0,1785987890.2020836,CRITICAL,SystemOverloadException,CRITICAL cpu=85% err=3.59% p99=1490ms -- cascade
live_ep_000042_CASCADING_FAILURE,CASCADING_FAILURE,inventory-service,22.5,1785987890.7030253,CRITICAL,SystemOverloadException,CRITICAL cpu=93% err=4.00% p99=1596ms -- cascade
live_ep_000042_CASCADING_FAILURE,CASCADING_FAILURE,inventory-service,23.0,1785987891.2034051,CRITICAL,SystemOverloadException,CRITICAL cpu=83% err=4.79% p99=1499ms -- cascade
live_ep_000042_CASCADING_FAILURE,CASCADING_FAILURE,inventory-service,23.5,1785987891.7037613,CRITICAL,SystemOverloadException,CRITICAL cpu=83% err=3.52% p99=1396ms -- cascade
live_ep_000042_CASCADING_FAILURE,CASCADING_FAILURE,inventory-service,24.0,1785987892.2041116,CRITICAL,SystemOverloadException,CRITICAL cpu=86% err=4.14% p99=1479ms -- cascade
live_ep_000042_CASCADING_FAILURE,CASCADING_FAILURE,inventory-service,24.5,1785987892.7043967,CRITICAL,SystemOverloadException,CRITICAL cpu=85% err=2.84% p99=1368ms -- cascade
live_ep_000042_CASCADING_FAILURE,CASCADING_FAILURE,inventory-service,25.0,1785987893.2051256,CRITICAL,SystemOverloadException,CRITICAL cpu=76% err=3.38% p99=1357ms -- cascade
live_ep_000042_CASCADING_FAILURE,CASCADING_FAILURE,inventory-service,25.5,1785987893.7054193,CRITICAL,SystemOverloadException,CRITICAL cpu=86% err=4.46% p99=1439ms -- cascade
live_ep_000042_CASCADING_FAILURE,CASCADING_FAILURE,inventory-service,26.0,1785987894.205788,CRITICAL,SystemOverloadException,CRITICAL cpu=75% err=3.77% p99=1359ms -- cascade
live_ep_000042_CASCADING_FAILURE,CASCADING_FAILURE,inventory-service,26.5,1785987894.7062504,CRITICAL,SystemOverloadException,CRITICAL cpu=83% err=3.86% p99=1562ms -- cascade
live_ep_000042_CASCADING_FAILURE,CASCADING_FAILURE,inventory-service,27.0,1785987895.206663,CRITICAL,SystemOverloadException,CRITICAL cpu=83% err=3.94% p99=1587ms -- cascade
live_ep_000042_CASCADING_FAILURE,CASCADING_FAILURE,inventory-service,27.5,1785987895.7068274,CRITICAL,SystemOverloadException,CRITICAL cpu=85% err=4.35% p99=1569ms -- cascade
live_ep_000042_CASCADING_FAILURE,CASCADING_FAILURE,inventory-service,28.0,1785987896.207083,CRITICAL,SystemOverloadException,CRITICAL cpu=77% err=3.45% p99=1601ms -- cascade
live_ep_000042_CASCADING_FAILURE,CASCADING_FAILURE,inventory-service,28.5,1785987896.7074988,CRITICAL,SystemOverloadException,CRITICAL cpu=87% err=3.33% p99=1601ms -- cascade
live_ep_000042_CASCADING_FAILURE,CASCADING_FAILURE,inventory-service,29.0,1785987897.2077222,CRITICAL,SystemOverloadException,CRITICAL cpu=78% err=3.65% p99=1465ms -- cascade
live_ep_000042_CASCADING_FAILURE,CASCADING_FAILURE,inventory-service,29.5,1785987897.7082236,CRITICAL,SystemOverloadException,CRITICAL cpu=77% err=3.83% p99=1358ms -- cascade
live_ep_000042_CASCADING_FAILURE,CASCADING_FAILURE,inventory-service,30.0,1785987898.2084606,CRITICAL,SystemOverloadException,CRITICAL cpu=71% err=3.76% p99=1279ms -- cascade
live_ep_000042_CASCADING_FAILURE,CASCADING_FAILURE,inventory-service,30.5,1785987898.708618,CRITICAL,SystemOverloadException,CRITICAL cpu=75% err=4.03% p99=1328ms -- cascade
live_ep_000042_CASCADING_FAILURE,CASCADING_FAILURE,inventory-service,31.0,1785987899.209082,CRITICAL,SystemOverloadException,CRITICAL cpu=95% err=3.89% p99=1764ms -- cascade
live_ep_000042_CASCADING_FAILURE,CASCADING_FAILURE,inventory-service,31.5,1785987899.70947,CRITICAL,SystemOverloadException,CRITICAL cpu=88% err=3.61% p99=1741ms -- cascade
live_ep_000042_CASCADING_FAILURE,CASCADING_FAILURE,inventory-service,32.0,1785987900.2099226,CRITICAL,SystemOverloadException,CRITICAL cpu=76% err=5.82% p99=1510ms -- cascade
live_ep_000042_CASCADING_FAILURE,CASCADING_FAILURE,inventory-service,32.5,1785987900.7103624,CRITICAL,SystemOverloadException,CRITICAL cpu=79% err=4.59% p99=1603ms -- cascade
live_ep_000042_CASCADING_FAILURE,CASCADING_FAILURE,inventory-service,33.0,1785987901.2106104,CRITICAL,SystemOverloadException,CRITICAL cpu=90% err=5.24% p99=1474ms -- cascade
live_ep_000042_CASCADING_FAILURE,CASCADING_FAILURE,inventory-service,33.5,1785987901.7111363,CRITICAL,SystemOverloadException,CRITICAL cpu=76% err=4.56% p99=1400ms -- cascade
live_ep_000042_CASCADING_FAILURE,CASCADING_FAILURE,inventory-service,34.0,1785987902.2113807,CRITICAL,SystemOverloadException,CRITICAL cpu=82% err=4.68% p99=1503ms -- cascade
live_ep_000042_CASCADING_FAILURE,CASCADING_FAILURE,inventory-service,34.5,1785987902.7116978,CRITICAL,SystemOverloadException,CRITICAL cpu=82% err=4.50% p99=1543ms -- cascade
live_ep_000042_CASCADING_FAILURE,CASCADING_FAILURE,inventory-service,35.0,1785987903.2119844,CRITICAL,SystemOverloadException,CRITICAL cpu=78% err=5.34% p99=1496ms -- cascade
live_ep_000042_CASCADING_FAILURE,CASCADING_FAILURE,inventory-service,35.5,1785987903.7123945,CRITICAL,SystemOverloadException,CRITICAL cpu=81% err=4.71% p99=1385ms -- cascade
live_ep_000042_CASCADING_FAILURE,CASCADING_FAILURE,inventory-service,36.0,1785987904.2126062,CRITICAL,SystemOverloadException,CRITICAL cpu=83% err=4.46% p99=1549ms -- cascade
live_ep_000042_CASCADING_FAILURE,CASCADING_FAILURE,inventory-service,36.5,1785987904.7129033,CRITICAL,SystemOverloadException,CRITICAL cpu=74% err=4.55% p99=1429ms -- cascade
live_ep_000042_CASCADING_FAILURE,CASCADING_FAILURE,inventory-service,37.0,1785987905.2130506,CRITICAL,SystemOverloadException,CRITICAL cpu=72% err=5.16% p99=1234ms -- cascade
live_ep_000042_CASCADING_FAILURE,CASCADING_FAILURE,inventory-service,37.5,1785987905.7131913,CRITICAL,SystemOverloadException,CRITICAL cpu=87% err=5.57% p99=1333ms -- cascade
live_ep_000042_CASCADING_FAILURE,CASCADING_FAILURE,inventory-service,38.0,1785987906.213293,CRITICAL,SystemOverloadException,CRITICAL cpu=81% err=4.97% p99=1451ms -- cascade
live_ep_000042_CASCADING_FAILURE,CASCADING_FAILURE,inventory-service,38.5,1785987906.7139049,CRITICAL,SystemOverloadException,CRITICAL cpu=85% err=6.12% p99=1379ms -- cascade
live_ep_000042_CASCADING_FAILURE,CASCADING_FAILURE,inventory-service,39.0,1785987907.2143307,CRITICAL,SystemOverloadException,CRITICAL cpu=91% err=5.08% p99=1379ms -- cascade
live_ep_000042_CASCADING_FAILURE,CASCADING_FAILURE,inventory-service,39.5,1785987907.7146301,CRITICAL,SystemOverloadException,CRITICAL cpu=77% err=5.41% p99=1507ms -- cascade
live_ep_000042_CASCADING_FAILURE,CASCADING_FAILURE,inventory-service,40.0,1785987908.2149184,CRITICAL,SystemOverloadException,CRITICAL cpu=84% err=6.26% p99=1538ms -- cascade
live_ep_000042_CASCADING_FAILURE,CASCADING_FAILURE,inventory-service,40.5,1785987908.7152371,CRITICAL,SystemOverloadException,CRITICAL cpu=74% err=6.24% p99=1540ms -- cascade
live_ep_000042_CASCADING_FAILURE,CASCADING_FAILURE,inventory-service,41.0,1785987909.2349594,CRITICAL,SystemOverloadException,CRITICAL cpu=77% err=5.39% p99=1270ms -- cascade
live_ep_000042_CASCADING_FAILURE,CASCADING_FAILURE,inventory-service,41.5,1785987909.7351482,CRITICAL,SystemOverloadException,CRITICAL cpu=81% err=6.28% p99=1644ms -- cascade
live_ep_000042_CASCADING_FAILURE,CASCADING_FAILURE,inventory-service,42.0,1785987910.235314,CRITICAL,SystemOverloadException,CRITICAL cpu=82% err=5.32% p99=1500ms -- cascade
live_ep_000042_CASCADING_FAILURE,CASCADING_FAILURE,inventory-service,42.5,1785987910.735393,CRITICAL,SystemOverloadException,CRITICAL cpu=71% err=6.18% p99=1316ms -- cascade
live_ep_000042_CASCADING_FAILURE,CASCADING_FAILURE,inventory-service,43.0,1785987911.2359009,CRITICAL,SystemOverloadException,CRITICAL cpu=86% err=6.07% p99=1381ms -- cascade
live_ep_000042_CASCADING_FAILURE,CASCADING_FAILURE,inventory-service,43.5,1785987911.7364063,CRITICAL,SystemOverloadException,CRITICAL cpu=80% err=6.45% p99=1312ms -- cascade
live_ep_000042_CASCADING_FAILURE,CASCADING_FAILURE,inventory-service,44.0,1785987912.2368584,CRITICAL,SystemOverloadException,CRITICAL cpu=80% err=5.80% p99=1409ms -- cascade
live_ep_000042_CASCADING_FAILURE,CASCADING_FAILURE,inventory-service,44.5,1785987912.7372262,CRITICAL,SystemOverloadException,CRITICAL cpu=77% err=5.95% p99=1499ms -- cascade
live_ep_000042_CASCADING_FAILURE,CASCADING_FAILURE,inventory-service,45.0,1785987913.2372675,CRITICAL,SystemOverloadException,CRITICAL cpu=89% err=6.39% p99=1576ms -- cascade
live_ep_000042_CASCADING_FAILURE,CASCADING_FAILURE,inventory-service,45.5,1785987913.737323,CRITICAL,SystemOverloadException,CRITICAL cpu=77% err=5.97% p99=1595ms -- cascade
live_ep_000042_CASCADING_FAILURE,CASCADING_FAILURE,inventory-service,46.0,1785987914.237434,CRITICAL,SystemOverloadException,CRITICAL cpu=95% err=6.70% p99=1554ms -- cascade
live_ep_000042_CASCADING_FAILURE,CASCADING_FAILURE,inventory-service,46.5,1785987914.7378159,CRITICAL,SystemOverloadException,CRITICAL cpu=90% err=8.35% p99=1538ms -- cascade
live_ep_000042_CASCADING_FAILURE,CASCADING_FAILURE,inventory-service,47.0,1785987915.2382276,CRITICAL,SystemOverloadException,CRITICAL cpu=93% err=6.16% p99=1339ms -- cascade
live_ep_000042_CASCADING_FAILURE,CASCADING_FAILURE,inventory-service,47.5,1785987915.7413769,CRITICAL,SystemOverloadException,CRITICAL cpu=76% err=6.29% p99=1367ms -- cascade
live_ep_000042_CASCADING_FAILURE,CASCADING_FAILURE,inventory-service,48.0,1785987916.2418702,CRITICAL,SystemOverloadException,CRITICAL cpu=80% err=6.77% p99=1475ms -- cascade
live_ep_000042_CASCADING_FAILURE,CASCADING_FAILURE,inventory-service,48.5,1785987916.7419631,CRITICAL,SystemOverloadException,CRITICAL cpu=86% err=6.39% p99=1533ms -- cascade
live_ep_000042_CASCADING_FAILURE,CASCADING_FAILURE,inventory-service,49.0,1785987917.2423153,CRITICAL,SystemOverloadException,CRITICAL cpu=81% err=7.07% p99=1510ms -- cascade
live_ep_000042_CASCADING_FAILURE,CASCADING_FAILURE,inventory-service,49.5,1785987917.7426386,CRITICAL,SystemOverloadException,CRITICAL cpu=86% err=6.62% p99=1525ms -- cascade
live_ep_000042_CASCADING_FAILURE,CASCADING_FAILURE,inventory-service,50.0,1785987918.243064,CRITICAL,SystemOverloadException,CRITICAL cpu=72% err=6.90% p99=1308ms -- cascade
live_ep_000042_CASCADING_FAILURE,CASCADING_FAILURE,inventory-service,50.5,1785987918.743489,CRITICAL,SystemOverloadException,CRITICAL cpu=84% err=6.87% p99=1396ms -- cascade
live_ep_000042_CASCADING_FAILURE,CASCADING_FAILURE,inventory-service,51.0,1785987919.2436666,CRITICAL,SystemOverloadException,CRITICAL cpu=84% err=7.63% p99=1593ms -- cascade
live_ep_000042_CASCADING_FAILURE,CASCADING_FAILURE,inventory-service,51.5,1785987919.7439167,CRITICAL,SystemOverloadException,CRITICAL cpu=88% err=7.81% p99=1548ms -- cascade
live_ep_000042_CASCADING_FAILURE,CASCADING_FAILURE,inventory-service,52.0,1785987920.2443745,CRITICAL,SystemOverloadException,CRITICAL cpu=81% err=8.80% p99=1493ms -- cascade
live_ep_000042_CASCADING_FAILURE,CASCADING_FAILURE,inventory-service,52.5,1785987920.7444322,CRITICAL,SystemOverloadException,CRITICAL cpu=85% err=8.03% p99=1503ms -- cascade
live_ep_000042_CASCADING_FAILURE,CASCADING_FAILURE,inventory-service,53.0,1785987921.2449167,CRITICAL,SystemOverloadException,CRITICAL cpu=76% err=7.86% p99=1400ms -- cascade
live_ep_000042_CASCADING_FAILURE,CASCADING_FAILURE,inventory-service,53.5,1785987921.7450385,CRITICAL,SystemOverloadException,CRITICAL cpu=88% err=8.32% p99=1316ms -- cascade
live_ep_000042_CASCADING_FAILURE,CASCADING_FAILURE,inventory-service,54.0,1785987922.2456572,CRITICAL,SystemOverloadException,CRITICAL cpu=83% err=8.27% p99=1475ms -- cascade
live_ep_000042_CASCADING_FAILURE,CASCADING_FAILURE,inventory-service,54.5,1785987922.7458572,CRITICAL,SystemOverloadException,CRITICAL cpu=91% err=7.03% p99=1490ms -- cascade
live_ep_000042_CASCADING_FAILURE,CASCADING_FAILURE,inventory-service,55.0,1785987923.2463923,CRITICAL,SystemOverloadException,CRITICAL cpu=75% err=7.73% p99=1283ms -- cascade
live_ep_000042_CASCADING_FAILURE,CASCADING_FAILURE,inventory-service,55.5,1785987923.746521,CRITICAL,SystemOverloadException,CRITICAL cpu=93% err=8.04% p99=1610ms -- cascade
live_ep_000042_CASCADING_FAILURE,CASCADING_FAILURE,inventory-service,56.0,1785987924.2470753,CRITICAL,SystemOverloadException,CRITICAL cpu=73% err=8.30% p99=1385ms -- cascade
live_ep_000042_CASCADING_FAILURE,CASCADING_FAILURE,inventory-service,56.5,1785987924.7472637,CRITICAL,SystemOverloadException,CRITICAL cpu=78% err=7.90% p99=1518ms -- cascade
live_ep_000042_CASCADING_FAILURE,CASCADING_FAILURE,inventory-service,57.0,1785987925.2473812,CRITICAL,SystemOverloadException,CRITICAL cpu=76% err=8.93% p99=1364ms -- cascade
live_ep_000042_CASCADING_FAILURE,CASCADING_FAILURE,inventory-service,57.5,1785987925.7474918,CRITICAL,SystemOverloadException,CRITICAL cpu=70% err=7.75% p99=1443ms -- cascade
live_ep_000042_CASCADING_FAILURE,CASCADING_FAILURE,inventory-service,58.0,1785987926.2478492,CRITICAL,SystemOverloadException,CRITICAL cpu=85% err=7.88% p99=1572ms -- cascade
live_ep_000042_CASCADING_FAILURE,CASCADING_FAILURE,inventory-service,58.5,1785987926.748338,CRITICAL,SystemOverloadException,CRITICAL cpu=69% err=8.73% p99=1498ms -- cascade
live_ep_000042_CASCADING_FAILURE,CASCADING_FAILURE,inventory-service,59.0,1785987927.248649,CRITICAL,SystemOverloadException,CRITICAL cpu=72% err=9.18% p99=1453ms -- cascade
live_ep_000042_CASCADING_FAILURE,CASCADING_FAILURE,inventory-service,59.5,1785987927.7489035,CRITICAL,SystemOverloadException,CRITICAL cpu=77% err=8.56% p99=1311ms -- cascade
live_ep_000043_CPU_SATURATION,CPU_SATURATION,inventory-service,0.0,1785987928.2504818,WARNING,,WARN cpu=29% -- saturated p99=124ms
live_ep_000043_CPU_SATURATION,CPU_SATURATION,inventory-service,0.5,1785987928.750537,WARNING,,WARN cpu=38% -- saturated p99=96ms
live_ep_000043_CPU_SATURATION,CPU_SATURATION,inventory-service,1.0,1785987929.2510145,WARNING,,WARN cpu=34% -- saturated p99=121ms
live_ep_000043_CPU_SATURATION,CPU_SATURATION,inventory-service,1.5,1785987929.751442,WARNING,,WARN cpu=35% -- saturated p99=139ms
live_ep_000043_CPU_SATURATION,CPU_SATURATION,inventory-service,2.0,1785987930.251529,WARNING,,WARN cpu=41% -- saturated p99=128ms
live_ep_000043_CPU_SATURATION,CPU_SATURATION,inventory-service,2.5,1785987930.751615,WARNING,,WARN cpu=43% -- saturated p99=108ms
live_ep_000043_CPU_SATURATION,CPU_SATURATION,inventory-service,3.0,1785987931.2521152,WARNING,,WARN cpu=38% -- saturated p99=93ms
live_ep_000043_CPU_SATURATION,CPU_SATURATION,inventory-service,3.5,1785987931.7523677,WARNING,,WARN cpu=34% -- saturated p99=159ms
live_ep_000043_CPU_SATURATION,CPU_SATURATION,inventory-service,4.0,1785987932.2528176,WARNING,,WARN cpu=31% -- saturated p99=124ms
live_ep_000043_CPU_SATURATION,CPU_SATURATION,inventory-service,4.5,1785987932.7531455,WARNING,,WARN cpu=35% -- saturated p99=122ms
live_ep_000043_CPU_SATURATION,CPU_SATURATION,inventory-service,5.0,1785987933.2580936,WARNING,,WARN cpu=37% -- saturated p99=107ms
live_ep_000043_CPU_SATURATION,CPU_SATURATION,inventory-service,5.5,1785987933.7583566,WARNING,,WARN cpu=34% -- saturated p99=138ms
live_ep_000043_CPU_SATURATION,CPU_SATURATION,inventory-service,6.0,1785987934.258941,WARNING,,WARN cpu=91% -- saturated p99=376ms
live_ep_000043_CPU_SATURATION,CPU_SATURATION,inventory-service,6.5,1785987934.7590716,WARNING,,WARN cpu=83% -- saturated p99=304ms
live_ep_000043_CPU_SATURATION,CPU_SATURATION,inventory-service,7.0,1785987935.259602,WARNING,,WARN cpu=87% -- saturated p99=304ms
live_ep_000043_CPU_SATURATION,CPU_SATURATION,inventory-service,7.5,1785987935.7598648,WARNING,,WARN cpu=86% -- saturated p99=280ms
live_ep_000043_CPU_SATURATION,CPU_SATURATION,inventory-service,8.0,1785987936.2602448,WARNING,,WARN cpu=91% -- saturated p99=369ms
live_ep_000043_CPU_SATURATION,CPU_SATURATION,inventory-service,8.5,1785987936.760602,WARNING,,WARN cpu=87% -- saturated p99=310ms
live_ep_000043_CPU_SATURATION,CPU_SATURATION,inventory-service,9.0,1785987937.2609868,WARNING,,WARN cpu=83% -- saturated p99=298ms
live_ep_000043_CPU_SATURATION,CPU_SATURATION,inventory-service,9.5,1785987937.7615867,WARNING,,WARN cpu=88% -- saturated p99=352ms
live_ep_000043_CPU_SATURATION,CPU_SATURATION,inventory-service,10.0,1785987938.2629466,WARNING,,WARN cpu=83% -- saturated p99=282ms
live_ep_000043_CPU_SATURATION,CPU_SATURATION,inventory-service,10.5,1785987938.7631602,WARNING,,WARN cpu=87% -- saturated p99=307ms
live_ep_000043_CPU_SATURATION,CPU_SATURATION,inventory-service,11.0,1785987939.2637146,WARNING,,WARN cpu=92% -- saturated p99=410ms
live_ep_000043_CPU_SATURATION,CPU_SATURATION,inventory-service,11.5,1785987939.763827,WARNING,,WARN cpu=93% -- saturated p99=402ms
live_ep_000043_CPU_SATURATION,CPU_SATURATION,inventory-service,12.0,1785987940.2641358,WARNING,,WARN cpu=94% -- saturated p99=374ms
live_ep_000043_CPU_SATURATION,CPU_SATURATION,inventory-service,12.5,1785987940.7646124,WARNING,,WARN cpu=94% -- saturated p99=370ms
live_ep_000043_CPU_SATURATION,CPU_SATURATION,inventory-service,13.0,1785987941.264951,WARNING,,WARN cpu=92% -- saturated p99=356ms
live_ep_000043_CPU_SATURATION,CPU_SATURATION,inventory-service,13.5,1785987941.765469,WARNING,,WARN cpu=94% -- saturated p99=387ms
live_ep_000043_CPU_SATURATION,CPU_SATURATION,inventory-service,14.0,1785987942.2658994,WARNING,,WARN cpu=82% -- saturated p99=282ms
live_ep_000043_CPU_SATURATION,CPU_SATURATION,inventory-service,14.5,1785987942.766015,WARNING,,WARN cpu=90% -- saturated p99=393ms
live_ep_000043_CPU_SATURATION,CPU_SATURATION,inventory-service,15.0,1785987943.2663548,WARNING,,WARN cpu=90% -- saturated p99=356ms
live_ep_000043_CPU_SATURATION,CPU_SATURATION,inventory-service,15.5,1785987943.7667313,WARNING,,WARN cpu=87% -- saturated p99=326ms
live_ep_000043_CPU_SATURATION,CPU_SATURATION,inventory-service,16.0,1785987944.2671087,WARNING,,WARN cpu=87% -- saturated p99=351ms
live_ep_000043_CPU_SATURATION,CPU_SATURATION,inventory-service,16.5,1785987944.767562,WARNING,,WARN cpu=89% -- saturated p99=345ms
live_ep_000043_CPU_SATURATION,CPU_SATURATION,inventory-service,17.0,1785987945.2677343,WARNING,,WARN cpu=80% -- saturated p99=292ms
live_ep_000043_CPU_SATURATION,CPU_SATURATION,inventory-service,17.5,1785987945.7685828,WARNING,,WARN cpu=82% -- saturated p99=322ms
live_ep_000043_CPU_SATURATION,CPU_SATURATION,inventory-service,18.0,1785987946.2687316,WARNING,,WARN cpu=89% -- saturated p99=382ms
live_ep_000043_CPU_SATURATION,CPU_SATURATION,inventory-service,18.5,1785987946.7691677,WARNING,,WARN cpu=91% -- saturated p99=379ms
live_ep_000043_CPU_SATURATION,CPU_SATURATION,inventory-service,19.0,1785987947.2699397,WARNING,,WARN cpu=81% -- saturated p99=278ms
live_ep_000043_CPU_SATURATION,CPU_SATURATION,inventory-service,19.5,1785987947.770175,WARNING,,WARN cpu=90% -- saturated p99=364ms
live_ep_000043_CPU_SATURATION,CPU_SATURATION,inventory-service,20.0,1785987948.2703228,WARNING,,WARN cpu=86% -- saturated p99=295ms
live_ep_000043_CPU_SATURATION,CPU_SATURATION,inventory-service,20.5,1785987948.770587,WARNING,,WARN cpu=83% -- saturated p99=322ms
live_ep_000043_CPU_SATURATION,CPU_SATURATION,inventory-service,21.0,1785987949.2710845,WARNING,,WARN cpu=76% -- saturated p99=270ms
live_ep_000043_CPU_SATURATION,CPU_SATURATION,inventory-service,21.5,1785987949.7713697,WARNING,,WARN cpu=91% -- saturated p99=324ms
live_ep_000043_CPU_SATURATION,CPU_SATURATION,inventory-service,22.0,1785987950.2717316,WARNING,,WARN cpu=89% -- saturated p99=362ms
live_ep_000043_CPU_SATURATION,CPU_SATURATION,inventory-service,22.5,1785987950.7721899,WARNING,,WARN cpu=85% -- saturated p99=336ms
live_ep_000043_CPU_SATURATION,CPU_SATURATION,inventory-service,23.0,1785987951.2725406,WARNING,,WARN cpu=85% -- saturated p99=330ms
live_ep_000043_CPU_SATURATION,CPU_SATURATION,inventory-service,23.5,1785987951.7729688,WARNING,,WARN cpu=94% -- saturated p99=393ms
live_ep_000043_CPU_SATURATION,CPU_SATURATION,inventory-service,24.0,1785987952.2747989,WARNING,,WARN cpu=82% -- saturated p99=366ms
live_ep_000043_CPU_SATURATION,CPU_SATURATION,inventory-service,24.5,1785987952.775329,WARNING,,WARN cpu=87% -- saturated p99=307ms
live_ep_000043_CPU_SATURATION,CPU_SATURATION,inventory-service,25.0,1785987953.2754052,WARNING,,WARN cpu=85% -- saturated p99=298ms
live_ep_000043_CPU_SATURATION,CPU_SATURATION,inventory-service,25.5,1785987953.7756321,WARNING,,WARN cpu=91% -- saturated p99=337ms
live_ep_000043_CPU_SATURATION,CPU_SATURATION,inventory-service,26.0,1785987954.2759438,WARNING,,WARN cpu=90% -- saturated p99=394ms
live_ep_000043_CPU_SATURATION,CPU_SATURATION,inventory-service,26.5,1785987954.776298,WARNING,,WARN cpu=93% -- saturated p99=410ms
live_ep_000043_CPU_SATURATION,CPU_SATURATION,inventory-service,27.0,1785987955.2767699,WARNING,,WARN cpu=87% -- saturated p99=334ms
live_ep_000043_CPU_SATURATION,CPU_SATURATION,inventory-service,27.5,1785987955.7775059,WARNING,,WARN cpu=89% -- saturated p99=354ms
live_ep_000043_CPU_SATURATION,CPU_SATURATION,inventory-service,28.0,1785987956.277749,WARNING,,WARN cpu=79% -- saturated p99=228ms
live_ep_000043_CPU_SATURATION,CPU_SATURATION,inventory-service,28.5,1785987956.7782505,WARNING,,WARN cpu=89% -- saturated p99=361ms
live_ep_000043_CPU_SATURATION,CPU_SATURATION,inventory-service,29.0,1785987957.2787824,WARNING,,WARN cpu=88% -- saturated p99=314ms
live_ep_000043_CPU_SATURATION,CPU_SATURATION,inventory-service,29.5,1785987957.7812912,WARNING,,WARN cpu=81% -- saturated p99=268ms
live_ep_000043_CPU_SATURATION,CPU_SATURATION,inventory-service,30.0,1785987958.2815516,WARNING,,WARN cpu=91% -- saturated p99=394ms
live_ep_000043_CPU_SATURATION,CPU_SATURATION,inventory-service,30.5,1785987958.7819054,WARNING,,WARN cpu=89% -- saturated p99=339ms
live_ep_000043_CPU_SATURATION,CPU_SATURATION,inventory-service,31.0,1785987959.2822394,WARNING,,WARN cpu=91% -- saturated p99=353ms
live_ep_000043_CPU_SATURATION,CPU_SATURATION,inventory-service,31.5,1785987959.7824762,WARNING,,WARN cpu=85% -- saturated p99=283ms
live_ep_000043_CPU_SATURATION,CPU_SATURATION,inventory-service,32.0,1785987960.2829092,WARNING,,WARN cpu=91% -- saturated p99=379ms
live_ep_000043_CPU_SATURATION,CPU_SATURATION,inventory-service,32.5,1785987960.783324,WARNING,,WARN cpu=88% -- saturated p99=326ms
live_ep_000043_CPU_SATURATION,CPU_SATURATION,inventory-service,33.0,1785987961.283864,WARNING,,WARN cpu=95% -- saturated p99=437ms
live_ep_000043_CPU_SATURATION,CPU_SATURATION,inventory-service,33.5,1785987961.7843125,WARNING,,WARN cpu=89% -- saturated p99=358ms
live_ep_000043_CPU_SATURATION,CPU_SATURATION,inventory-service,34.0,1785987962.2848895,WARNING,,WARN cpu=88% -- saturated p99=353ms
live_ep_000043_CPU_SATURATION,CPU_SATURATION,inventory-service,34.5,1785987962.7850602,WARNING,,WARN cpu=90% -- saturated p99=379ms
live_ep_000043_CPU_SATURATION,CPU_SATURATION,inventory-service,35.0,1785987963.2853422,WARNING,,WARN cpu=84% -- saturated p99=305ms
live_ep_000043_CPU_SATURATION,CPU_SATURATION,inventory-service,35.5,1785987963.7854,WARNING,,WARN cpu=88% -- saturated p99=363ms
live_ep_000043_CPU_SATURATION,CPU_SATURATION,inventory-service,36.0,1785987964.285888,WARNING,,WARN cpu=91% -- saturated p99=324ms
live_ep_000043_CPU_SATURATION,CPU_SATURATION,inventory-service,36.5,1785987964.786007,WARNING,,WARN cpu=86% -- saturated p99=319ms
live_ep_000043_CPU_SATURATION,CPU_SATURATION,inventory-service,37.0,1785987965.286496,WARNING,,WARN cpu=86% -- saturated p99=322ms
live_ep_000043_CPU_SATURATION,CPU_SATURATION,inventory-service,37.5,1785987965.7869391,WARNING,,WARN cpu=90% -- saturated p99=397ms
live_ep_000043_CPU_SATURATION,CPU_SATURATION,inventory-service,38.0,1785987966.287478,WARNING,,WARN cpu=96% -- saturated p99=368ms
live_ep_000043_CPU_SATURATION,CPU_SATURATION,inventory-service,38.5,1785987966.7878256,WARNING,,WARN cpu=97% -- saturated p99=413ms
live_ep_000043_CPU_SATURATION,CPU_SATURATION,inventory-service,39.0,1785987967.2882268,WARNING,,WARN cpu=87% -- saturated p99=339ms
live_ep_000043_CPU_SATURATION,CPU_SATURATION,inventory-service,39.5,1785987967.7886527,WARNING,,WARN cpu=89% -- saturated p99=338ms
live_ep_000043_CPU_SATURATION,CPU_SATURATION,inventory-service,40.0,1785987968.2888892,WARNING,,WARN cpu=90% -- saturated p99=342ms
live_ep_000043_CPU_SATURATION,CPU_SATURATION,inventory-service,40.5,1785987968.7890296,WARNING,,WARN cpu=94% -- saturated p99=351ms
live_ep_000043_CPU_SATURATION,CPU_SATURATION,inventory-service,41.0,1785987969.289351,WARNING,,WARN cpu=91% -- saturated p99=321ms
live_ep_000043_CPU_SATURATION,CPU_SATURATION,inventory-service,41.5,1785987969.7894626,WARNING,,WARN cpu=96% -- saturated p99=384ms
live_ep_000043_CPU_SATURATION,CPU_SATURATION,inventory-service,42.0,1785987970.289786,WARNING,,WARN cpu=84% -- saturated p99=308ms
live_ep_000043_CPU_SATURATION,CPU_SATURATION,inventory-service,42.5,1785987970.7903326,WARNING,,WARN cpu=88% -- saturated p99=340ms
live_ep_000043_CPU_SATURATION,CPU_SATURATION,inventory-service,43.0,1785987971.294614,WARNING,,WARN cpu=85% -- saturated p99=351ms
live_ep_000043_CPU_SATURATION,CPU_SATURATION,inventory-service,43.5,1785987971.7971008,WARNING,,WARN cpu=83% -- saturated p99=303ms
live_ep_000043_CPU_SATURATION,CPU_SATURATION,inventory-service,44.0,1785987972.2981946,WARNING,,WARN cpu=83% -- saturated p99=323ms
live_ep_000043_CPU_SATURATION,CPU_SATURATION,inventory-service,44.5,1785987972.799642,WARNING,,WARN cpu=92% -- saturated p99=378ms
live_ep_000043_CPU_SATURATION,CPU_SATURATION,inventory-service,45.0,1785987973.3016539,WARNING,,WARN cpu=89% -- saturated p99=296ms
live_ep_000043_CPU_SATURATION,CPU_SATURATION,inventory-service,45.5,1785987973.8018622,WARNING,,WARN cpu=81% -- saturated p99=282ms
live_ep_000043_CPU_SATURATION,CPU_SATURATION,inventory-service,46.0,1785987974.3023968,WARNING,,WARN cpu=83% -- saturated p99=283ms
live_ep_000043_CPU_SATURATION,CPU_SATURATION,inventory-service,46.5,1785987974.8025792,WARNING,,WARN cpu=85% -- saturated p99=288ms
live_ep_000043_CPU_SATURATION,CPU_SATURATION,inventory-service,47.0,1785987975.303035,WARNING,,WARN cpu=93% -- saturated p99=392ms
live_ep_000043_CPU_SATURATION,CPU_SATURATION,inventory-service,47.5,1785987975.8036807,WARNING,,WARN cpu=87% -- saturated p99=297ms
live_ep_000043_CPU_SATURATION,CPU_SATURATION,inventory-service,48.0,1785987976.3041499,WARNING,,WARN cpu=89% -- saturated p99=334ms
live_ep_000043_CPU_SATURATION,CPU_SATURATION,inventory-service,48.5,1785987976.8047059,WARNING,,WARN cpu=90% -- saturated p99=360ms
live_ep_000043_CPU_SATURATION,CPU_SATURATION,inventory-service,49.0,1785987977.3071191,WARNING,,WARN cpu=91% -- saturated p99=375ms
live_ep_000043_CPU_SATURATION,CPU_SATURATION,inventory-service,49.5,1785987977.8072364,WARNING,,WARN cpu=88% -- saturated p99=342ms
live_ep_000043_CPU_SATURATION,CPU_SATURATION,inventory-service,50.0,1785987978.3073103,WARNING,,WARN cpu=93% -- saturated p99=380ms
live_ep_000043_CPU_SATURATION,CPU_SATURATION,inventory-service,50.5,1785987978.8075151,WARNING,,WARN cpu=87% -- saturated p99=335ms
live_ep_000043_CPU_SATURATION,CPU_SATURATION,inventory-service,51.0,1785987979.307669,WARNING,,WARN cpu=96% -- saturated p99=408ms
live_ep_000043_CPU_SATURATION,CPU_SATURATION,inventory-service,51.5,1785987979.8128831,WARNING,,WARN cpu=87% -- saturated p99=345ms
live_ep_000043_CPU_SATURATION,CPU_SATURATION,inventory-service,52.0,1785987980.313367,WARNING,,WARN cpu=85% -- saturated p99=300ms
live_ep_000043_CPU_SATURATION,CPU_SATURATION,inventory-service,52.5,1785987980.8134723,WARNING,,WARN cpu=85% -- saturated p99=339ms
live_ep_000043_CPU_SATURATION,CPU_SATURATION,inventory-service,53.0,1785987981.3137958,WARNING,,WARN cpu=87% -- saturated p99=293ms
live_ep_000043_CPU_SATURATION,CPU_SATURATION,inventory-service,53.5,1785987981.8140755,WARNING,,WARN cpu=88% -- saturated p99=387ms
live_ep_000043_CPU_SATURATION,CPU_SATURATION,inventory-service,54.0,1785987982.314532,WARNING,,WARN cpu=91% -- saturated p99=385ms
live_ep_000043_CPU_SATURATION,CPU_SATURATION,inventory-service,54.5,1785987982.815152,WARNING,,WARN cpu=91% -- saturated p99=337ms
live_ep_000043_CPU_SATURATION,CPU_SATURATION,inventory-service,55.0,1785987983.3153353,WARNING,,WARN cpu=85% -- saturated p99=331ms
live_ep_000043_CPU_SATURATION,CPU_SATURATION,inventory-service,55.5,1785987983.815831,WARNING,,WARN cpu=93% -- saturated p99=378ms
live_ep_000043_CPU_SATURATION,CPU_SATURATION,inventory-service,56.0,1785987984.3159735,WARNING,,WARN cpu=83% -- saturated p99=266ms
live_ep_000043_CPU_SATURATION,CPU_SATURATION,inventory-service,56.5,1785987984.8164942,WARNING,,WARN cpu=95% -- saturated p99=468ms
live_ep_000043_CPU_SATURATION,CPU_SATURATION,inventory-service,57.0,1785987985.3178513,WARNING,,WARN cpu=88% -- saturated p99=335ms
live_ep_000043_CPU_SATURATION,CPU_SATURATION,inventory-service,57.5,1785987985.8183494,WARNING,,WARN cpu=88% -- saturated p99=326ms
live_ep_000043_CPU_SATURATION,CPU_SATURATION,inventory-service,58.0,1785987986.3247247,WARNING,,WARN cpu=82% -- saturated p99=279ms
live_ep_000043_CPU_SATURATION,CPU_SATURATION,inventory-service,58.5,1785987986.8248255,WARNING,,WARN cpu=92% -- saturated p99=364ms
live_ep_000043_CPU_SATURATION,CPU_SATURATION,inventory-service,59.0,1785987987.3252766,WARNING,,WARN cpu=86% -- saturated p99=307ms
live_ep_000043_CPU_SATURATION,CPU_SATURATION,inventory-service,59.5,1785987987.8278155,WARNING,,WARN cpu=83% -- saturated p99=340ms
live_ep_000044_RETRY_STORM,RETRY_STORM,inventory-service,0.0,1785987988.33286,WARNING,,WARN retry_cnt=0.04 rps=180 -- retry storm
live_ep_000044_RETRY_STORM,RETRY_STORM,inventory-service,0.5,1785987988.8334131,WARNING,,WARN retry_cnt=0.04 rps=184 -- retry storm
live_ep_000044_RETRY_STORM,RETRY_STORM,inventory-service,1.0,1785987989.3336325,WARNING,,WARN retry_cnt=0.07 rps=219 -- retry storm
live_ep_000044_RETRY_STORM,RETRY_STORM,inventory-service,1.5,1785987989.8350217,WARNING,,WARN retry_cnt=0.09 rps=214 -- retry storm
live_ep_000044_RETRY_STORM,RETRY_STORM,inventory-service,2.0,1785987990.3354003,WARNING,,WARN retry_cnt=0.01 rps=183 -- retry storm
live_ep_000044_RETRY_STORM,RETRY_STORM,inventory-service,2.5,1785987990.8362648,WARNING,,WARN retry_cnt=0.00 rps=234 -- retry storm
live_ep_000044_RETRY_STORM,RETRY_STORM,inventory-service,3.0,1785987991.336444,WARNING,,WARN retry_cnt=0.01 rps=235 -- retry storm
live_ep_000044_RETRY_STORM,RETRY_STORM,inventory-service,3.5,1785987991.8411555,WARNING,,WARN retry_cnt=0.55 rps=528 -- retry storm
live_ep_000044_RETRY_STORM,RETRY_STORM,inventory-service,4.0,1785987992.341651,WARNING,,WARN retry_cnt=0.61 rps=567 -- retry storm
live_ep_000044_RETRY_STORM,RETRY_STORM,inventory-service,4.5,1785987992.841905,WARNING,,WARN retry_cnt=0.68 rps=607 -- retry storm
live_ep_000044_RETRY_STORM,RETRY_STORM,inventory-service,5.0,1785987993.3510768,WARNING,,WARN retry_cnt=0.73 rps=640 -- retry storm
live_ep_000044_RETRY_STORM,RETRY_STORM,inventory-service,5.5,1785987993.871937,WARNING,,WARN retry_cnt=0.61 rps=565 -- retry storm
live_ep_000044_RETRY_STORM,RETRY_STORM,inventory-service,6.0,1785987994.3721728,WARNING,,WARN retry_cnt=0.66 rps=597 -- retry storm
live_ep_000044_RETRY_STORM,RETRY_STORM,inventory-service,6.5,1785987994.8726294,WARNING,,WARN retry_cnt=0.68 rps=608 -- retry storm
live_ep_000044_RETRY_STORM,RETRY_STORM,inventory-service,7.0,1785987995.3728266,WARNING,,WARN retry_cnt=0.74 rps=645 -- retry storm
live_ep_000044_RETRY_STORM,RETRY_STORM,inventory-service,7.5,1785987995.8732054,WARNING,,WARN retry_cnt=0.69 rps=617 -- retry storm
live_ep_000044_RETRY_STORM,RETRY_STORM,inventory-service,8.0,1785987996.3735023,WARNING,,WARN retry_cnt=0.73 rps=637 -- retry storm
live_ep_000044_RETRY_STORM,RETRY_STORM,inventory-service,8.5,1785987996.8738914,WARNING,,WARN retry_cnt=0.56 rps=537 -- retry storm
live_ep_000044_RETRY_STORM,RETRY_STORM,inventory-service,9.0,1785987997.377516,WARNING,,WARN retry_cnt=0.48 rps=486 -- retry storm
live_ep_000044_RETRY_STORM,RETRY_STORM,inventory-service,9.5,1785987997.877914,WARNING,,WARN retry_cnt=0.53 rps=520 -- retry storm
live_ep_000044_RETRY_STORM,RETRY_STORM,inventory-service,10.0,1785987998.3784556,WARNING,,WARN retry_cnt=0.58 rps=549 -- retry storm
live_ep_000044_RETRY_STORM,RETRY_STORM,inventory-service,10.5,1785987998.8789823,WARNING,,WARN retry_cnt=0.60 rps=561 -- retry storm
live_ep_000044_RETRY_STORM,RETRY_STORM,inventory-service,11.0,1785987999.3792622,WARNING,,WARN retry_cnt=0.54 rps=522 -- retry storm
live_ep_000044_RETRY_STORM,RETRY_STORM,inventory-service,11.5,1785987999.8797724,WARNING,,WARN retry_cnt=0.56 rps=538 -- retry storm
live_ep_000044_RETRY_STORM,RETRY_STORM,inventory-service,12.0,1785988000.379957,WARNING,,WARN retry_cnt=0.85 rps=712 -- retry storm
live_ep_000044_RETRY_STORM,RETRY_STORM,inventory-service,12.5,1785988000.8805895,WARNING,,WARN retry_cnt=0.74 rps=644 -- retry storm
live_ep_000044_RETRY_STORM,RETRY_STORM,inventory-service,13.0,1785988001.3811686,WARNING,,WARN retry_cnt=0.41 rps=449 -- retry storm
live_ep_000044_RETRY_STORM,RETRY_STORM,inventory-service,13.5,1785988001.8815224,WARNING,,WARN retry_cnt=0.69 rps=612 -- retry storm
live_ep_000044_RETRY_STORM,RETRY_STORM,inventory-service,14.0,1785988002.3819804,WARNING,,WARN retry_cnt=0.69 rps=612 -- retry storm
live_ep_000044_RETRY_STORM,RETRY_STORM,inventory-service,14.5,1785988002.8823278,WARNING,,WARN retry_cnt=0.75 rps=649 -- retry storm
live_ep_000044_RETRY_STORM,RETRY_STORM,inventory-service,15.0,1785988003.382575,WARNING,,WARN retry_cnt=0.55 rps=530 -- retry storm
live_ep_000044_RETRY_STORM,RETRY_STORM,inventory-service,15.5,1785988003.88358,WARNING,,WARN retry_cnt=0.64 rps=584 -- retry storm
live_ep_000044_RETRY_STORM,RETRY_STORM,inventory-service,16.0,1785988004.3836994,WARNING,,WARN retry_cnt=0.67 rps=602 -- retry storm
live_ep_000044_RETRY_STORM,RETRY_STORM,inventory-service,16.5,1785988004.884247,WARNING,,WARN retry_cnt=0.86 rps=716 -- retry storm
live_ep_000044_RETRY_STORM,RETRY_STORM,inventory-service,17.0,1785988005.3843572,WARNING,,WARN retry_cnt=0.90 rps=740 -- retry storm
live_ep_000044_RETRY_STORM,RETRY_STORM,inventory-service,17.5,1785988005.8844388,WARNING,,WARN retry_cnt=0.53 rps=516 -- retry storm
live_ep_000044_RETRY_STORM,RETRY_STORM,inventory-service,18.0,1785988006.3850806,WARNING,,WARN retry_cnt=0.76 rps=658 -- retry storm
live_ep_000044_RETRY_STORM,RETRY_STORM,inventory-service,18.5,1785988006.885493,WARNING,,WARN retry_cnt=0.70 rps=619 -- retry storm
live_ep_000044_RETRY_STORM,RETRY_STORM,inventory-service,19.0,1785988007.3860064,WARNING,,WARN retry_cnt=0.66 rps=596 -- retry storm
live_ep_000044_RETRY_STORM,RETRY_STORM,inventory-service,19.5,1785988007.8864672,WARNING,,WARN retry_cnt=0.69 rps=613 -- retry storm
live_ep_000044_RETRY_STORM,RETRY_STORM,inventory-service,20.0,1785988008.386668,WARNING,,WARN retry_cnt=0.75 rps=652 -- retry storm
live_ep_000044_RETRY_STORM,RETRY_STORM,inventory-service,20.5,1785988008.8872256,WARNING,,WARN retry_cnt=0.53 rps=516 -- retry storm
live_ep_000044_RETRY_STORM,RETRY_STORM,inventory-service,21.0,1785988009.3874295,WARNING,,WARN retry_cnt=0.66 rps=597 -- retry storm
live_ep_000044_RETRY_STORM,RETRY_STORM,inventory-service,21.5,1785988009.8878639,WARNING,,WARN retry_cnt=0.66 rps=595 -- retry storm
live_ep_000044_RETRY_STORM,RETRY_STORM,inventory-service,22.0,1785988010.3881514,WARNING,,WARN retry_cnt=0.74 rps=645 -- retry storm
live_ep_000044_RETRY_STORM,RETRY_STORM,inventory-service,22.5,1785988010.8918357,WARNING,,WARN retry_cnt=0.83 rps=696 -- retry storm
live_ep_000044_RETRY_STORM,RETRY_STORM,inventory-service,23.0,1785988011.392215,WARNING,,WARN retry_cnt=0.73 rps=638 -- retry storm
live_ep_000044_RETRY_STORM,RETRY_STORM,inventory-service,23.5,1785988011.8923962,WARNING,,WARN retry_cnt=0.54 rps=526 -- retry storm
live_ep_000044_RETRY_STORM,RETRY_STORM,inventory-service,24.0,1785988012.3926423,WARNING,,WARN retry_cnt=0.77 rps=662 -- retry storm
live_ep_000044_RETRY_STORM,RETRY_STORM,inventory-service,24.5,1785988012.8932478,WARNING,,WARN retry_cnt=0.66 rps=598 -- retry storm
live_ep_000044_RETRY_STORM,RETRY_STORM,inventory-service,25.0,1785988013.3935728,WARNING,,WARN retry_cnt=0.72 rps=632 -- retry storm
live_ep_000044_RETRY_STORM,RETRY_STORM,inventory-service,25.5,1785988013.8937948,WARNING,,WARN retry_cnt=0.87 rps=722 -- retry storm
live_ep_000044_RETRY_STORM,RETRY_STORM,inventory-service,26.0,1785988014.3940578,WARNING,,WARN retry_cnt=0.49 rps=492 -- retry storm
live_ep_000044_RETRY_STORM,RETRY_STORM,inventory-service,26.5,1785988014.8946388,WARNING,,WARN retry_cnt=0.66 rps=593 -- retry storm
live_ep_000044_RETRY_STORM,RETRY_STORM,inventory-service,27.0,1785988015.4000192,WARNING,,WARN retry_cnt=0.62 rps=570 -- retry storm
live_ep_000044_RETRY_STORM,RETRY_STORM,inventory-service,27.5,1785988015.9004931,WARNING,,WARN retry_cnt=0.64 rps=584 -- retry storm
live_ep_000044_RETRY_STORM,RETRY_STORM,inventory-service,28.0,1785988016.4010682,WARNING,,WARN retry_cnt=0.66 rps=593 -- retry storm
live_ep_000044_RETRY_STORM,RETRY_STORM,inventory-service,28.5,1785988016.9015982,WARNING,,WARN retry_cnt=0.65 rps=591 -- retry storm
live_ep_000044_RETRY_STORM,RETRY_STORM,inventory-service,29.0,1785988017.4021957,WARNING,,WARN retry_cnt=0.65 rps=592 -- retry storm
live_ep_000044_RETRY_STORM,RETRY_STORM,inventory-service,29.5,1785988017.902603,WARNING,,WARN retry_cnt=0.84 rps=704 -- retry storm
live_ep_000044_RETRY_STORM,RETRY_STORM,inventory-service,30.0,1785988018.4028494,WARNING,,WARN retry_cnt=0.53 rps=515 -- retry storm
live_ep_000044_RETRY_STORM,RETRY_STORM,inventory-service,30.5,1785988018.9033332,WARNING,,WARN retry_cnt=0.54 rps=526 -- retry storm
live_ep_000044_RETRY_STORM,RETRY_STORM,inventory-service,31.0,1785988019.40371,WARNING,,WARN retry_cnt=0.79 rps=674 -- retry storm
live_ep_000044_RETRY_STORM,RETRY_STORM,inventory-service,31.5,1785988019.9039264,WARNING,,WARN retry_cnt=0.48 rps=491 -- retry storm
live_ep_000044_RETRY_STORM,RETRY_STORM,inventory-service,32.0,1785988020.4080198,WARNING,,WARN retry_cnt=0.61 rps=567 -- retry storm
live_ep_000044_RETRY_STORM,RETRY_STORM,inventory-service,32.5,1785988020.9083004,WARNING,,WARN retry_cnt=0.66 rps=598 -- retry storm
live_ep_000044_RETRY_STORM,RETRY_STORM,inventory-service,33.0,1785988021.4085274,WARNING,,WARN retry_cnt=0.78 rps=667 -- retry storm
live_ep_000044_RETRY_STORM,RETRY_STORM,inventory-service,33.5,1785988021.9090023,WARNING,,WARN retry_cnt=0.66 rps=599 -- retry storm
live_ep_000044_RETRY_STORM,RETRY_STORM,inventory-service,34.0,1785988022.4091456,WARNING,,WARN retry_cnt=0.83 rps=701 -- retry storm
live_ep_000044_RETRY_STORM,RETRY_STORM,inventory-service,34.5,1785988022.9095895,WARNING,,WARN retry_cnt=0.79 rps=674 -- retry storm
live_ep_000044_RETRY_STORM,RETRY_STORM,inventory-service,35.0,1785988023.4101326,WARNING,,WARN retry_cnt=0.64 rps=584 -- retry storm
live_ep_000044_RETRY_STORM,RETRY_STORM,inventory-service,35.5,1785988023.9105456,WARNING,,WARN retry_cnt=0.88 rps=730 -- retry storm
live_ep_000044_RETRY_STORM,RETRY_STORM,inventory-service,36.0,1785988024.4111936,WARNING,,WARN retry_cnt=0.79 rps=676 -- retry storm
live_ep_000044_RETRY_STORM,RETRY_STORM,inventory-service,36.5,1785988024.9168062,WARNING,,WARN retry_cnt=0.72 rps=630 -- retry storm
live_ep_000044_RETRY_STORM,RETRY_STORM,inventory-service,37.0,1785988025.418425,WARNING,,WARN retry_cnt=0.78 rps=670 -- retry storm
live_ep_000044_RETRY_STORM,RETRY_STORM,inventory-service,37.5,1785988025.9188325,WARNING,,WARN retry_cnt=0.72 rps=629 -- retry storm
live_ep_000044_RETRY_STORM,RETRY_STORM,inventory-service,38.0,1785988026.419112,WARNING,,WARN retry_cnt=0.84 rps=702 -- retry storm
live_ep_000044_RETRY_STORM,RETRY_STORM,inventory-service,38.5,1785988026.9191983,WARNING,,WARN retry_cnt=0.63 rps=579 -- retry storm
live_ep_000044_RETRY_STORM,RETRY_STORM,inventory-service,39.0,1785988027.4195194,WARNING,,WARN retry_cnt=0.71 rps=627 -- retry storm
live_ep_000044_RETRY_STORM,RETRY_STORM,inventory-service,39.5,1785988027.9206948,WARNING,,WARN retry_cnt=0.68 rps=607 -- retry storm
live_ep_000044_RETRY_STORM,RETRY_STORM,inventory-service,40.0,1785988028.421258,WARNING,,WARN retry_cnt=0.63 rps=579 -- retry storm
live_ep_000044_RETRY_STORM,RETRY_STORM,inventory-service,40.5,1785988028.92143,WARNING,,WARN retry_cnt=0.68 rps=609 -- retry storm
live_ep_000044_RETRY_STORM,RETRY_STORM,inventory-service,41.0,1785988029.4220757,WARNING,,WARN retry_cnt=0.80 rps=682 -- retry storm
live_ep_000044_RETRY_STORM,RETRY_STORM,inventory-service,41.5,1785988029.923061,WARNING,,WARN retry_cnt=0.73 rps=639 -- retry storm
live_ep_000044_RETRY_STORM,RETRY_STORM,inventory-service,42.0,1785988030.42383,WARNING,,WARN retry_cnt=0.67 rps=600 -- retry storm
live_ep_000044_RETRY_STORM,RETRY_STORM,inventory-service,42.5,1785988030.9243073,WARNING,,WARN retry_cnt=0.77 rps=664 -- retry storm
live_ep_000044_RETRY_STORM,RETRY_STORM,inventory-service,43.0,1785988031.4252238,WARNING,,WARN retry_cnt=0.77 rps=661 -- retry storm
live_ep_000044_RETRY_STORM,RETRY_STORM,inventory-service,43.5,1785988031.925408,WARNING,,WARN retry_cnt=0.73 rps=637 -- retry storm
live_ep_000044_RETRY_STORM,RETRY_STORM,inventory-service,44.0,1785988032.425682,WARNING,,WARN retry_cnt=0.75 rps=649 -- retry storm
live_ep_000044_RETRY_STORM,RETRY_STORM,inventory-service,44.5,1785988032.926006,WARNING,,WARN retry_cnt=0.82 rps=694 -- retry storm
live_ep_000044_RETRY_STORM,RETRY_STORM,inventory-service,45.0,1785988033.4261637,WARNING,,WARN retry_cnt=0.67 rps=602 -- retry storm
live_ep_000044_RETRY_STORM,RETRY_STORM,inventory-service,45.5,1785988033.9270766,WARNING,,WARN retry_cnt=0.68 rps=608 -- retry storm
live_ep_000044_RETRY_STORM,RETRY_STORM,inventory-service,46.0,1785988034.4274898,WARNING,,WARN retry_cnt=0.65 rps=591 -- retry storm
live_ep_000044_RETRY_STORM,RETRY_STORM,inventory-service,46.5,1785988034.9278474,WARNING,,WARN retry_cnt=0.60 rps=562 -- retry storm
live_ep_000044_RETRY_STORM,RETRY_STORM,inventory-service,47.0,1785988035.4301345,WARNING,,WARN retry_cnt=0.56 rps=539 -- retry storm
live_ep_000044_RETRY_STORM,RETRY_STORM,inventory-service,47.5,1785988035.9303963,WARNING,,WARN retry_cnt=0.74 rps=642 -- retry storm
live_ep_000044_RETRY_STORM,RETRY_STORM,inventory-service,48.0,1785988036.430761,WARNING,,WARN retry_cnt=0.62 rps=575 -- retry storm
live_ep_000044_RETRY_STORM,RETRY_STORM,inventory-service,48.5,1785988036.9312766,WARNING,,WARN retry_cnt=0.63 rps=580 -- retry storm
live_ep_000044_RETRY_STORM,RETRY_STORM,inventory-service,49.0,1785988037.4317844,WARNING,,WARN retry_cnt=0.85 rps=710 -- retry storm
live_ep_000044_RETRY_STORM,RETRY_STORM,inventory-service,49.5,1785988037.9319923,WARNING,,WARN retry_cnt=0.60 rps=559 -- retry storm
live_ep_000044_RETRY_STORM,RETRY_STORM,inventory-service,50.0,1785988038.4324985,WARNING,,WARN retry_cnt=0.64 rps=587 -- retry storm
live_ep_000044_RETRY_STORM,RETRY_STORM,inventory-service,50.5,1785988038.9330711,WARNING,,WARN retry_cnt=0.80 rps=680 -- retry storm
live_ep_000044_RETRY_STORM,RETRY_STORM,inventory-service,51.0,1785988039.4350147,WARNING,,WARN retry_cnt=0.83 rps=700 -- retry storm
live_ep_000044_RETRY_STORM,RETRY_STORM,inventory-service,51.5,1785988039.93529,WARNING,,WARN retry_cnt=0.61 rps=566 -- retry storm
live_ep_000044_RETRY_STORM,RETRY_STORM,inventory-service,52.0,1785988040.4355814,WARNING,,WARN retry_cnt=0.69 rps=615 -- retry storm
live_ep_000044_RETRY_STORM,RETRY_STORM,inventory-service,52.5,1785988040.936147,WARNING,,WARN retry_cnt=0.57 rps=540 -- retry storm
live_ep_000044_RETRY_STORM,RETRY_STORM,inventory-service,53.0,1785988041.4363637,WARNING,,WARN retry_cnt=0.85 rps=710 -- retry storm
live_ep_000044_RETRY_STORM,RETRY_STORM,inventory-service,53.5,1785988041.936971,WARNING,,WARN retry_cnt=0.81 rps=688 -- retry storm
live_ep_000044_RETRY_STORM,RETRY_STORM,inventory-service,54.0,1785988042.437264,WARNING,,WARN retry_cnt=0.78 rps=669 -- retry storm
live_ep_000044_RETRY_STORM,RETRY_STORM,inventory-service,54.5,1785988042.9377363,WARNING,,WARN retry_cnt=0.70 rps=623 -- retry storm
live_ep_000044_RETRY_STORM,RETRY_STORM,inventory-service,55.0,1785988043.4380496,WARNING,,WARN retry_cnt=0.72 rps=635 -- retry storm
live_ep_000044_RETRY_STORM,RETRY_STORM,inventory-service,55.5,1785988043.9382403,WARNING,,WARN retry_cnt=0.57 rps=543 -- retry storm
live_ep_000044_RETRY_STORM,RETRY_STORM,inventory-service,56.0,1785988044.4387417,WARNING,,WARN retry_cnt=0.77 rps=660 -- retry storm
live_ep_000044_RETRY_STORM,RETRY_STORM,inventory-service,56.5,1785988044.9391835,WARNING,,WARN retry_cnt=0.87 rps=722 -- retry storm
live_ep_000044_RETRY_STORM,RETRY_STORM,inventory-service,57.0,1785988045.4397771,WARNING,,WARN retry_cnt=0.65 rps=592 -- retry storm
live_ep_000044_RETRY_STORM,RETRY_STORM,inventory-service,57.5,1785988045.9402897,WARNING,,WARN retry_cnt=0.66 rps=594 -- retry storm
live_ep_000044_RETRY_STORM,RETRY_STORM,inventory-service,58.0,1785988046.4405687,WARNING,,WARN retry_cnt=0.70 rps=621 -- retry storm
live_ep_000044_RETRY_STORM,RETRY_STORM,inventory-service,58.5,1785988046.9408715,WARNING,,WARN retry_cnt=0.66 rps=599 -- retry storm
live_ep_000044_RETRY_STORM,RETRY_STORM,inventory-service,59.0,1785988047.4414282,WARNING,,WARN retry_cnt=0.61 rps=564 -- retry storm
live_ep_000044_RETRY_STORM,RETRY_STORM,inventory-service,59.5,1785988047.9418027,WARNING,,WARN retry_cnt=0.67 rps=599 -- retry storm
live_ep_000045_CPU_SATURATION,CPU_SATURATION,inventory-service,0.0,1785988048.4450464,WARNING,,WARN cpu=38% -- saturated p99=102ms
live_ep_000045_CPU_SATURATION,CPU_SATURATION,inventory-service,0.5,1785988048.9456198,WARNING,,WARN cpu=31% -- saturated p99=107ms
live_ep_000045_CPU_SATURATION,CPU_SATURATION,inventory-service,1.0,1785988049.4459696,WARNING,,WARN cpu=38% -- saturated p99=128ms
live_ep_000045_CPU_SATURATION,CPU_SATURATION,inventory-service,1.5,1785988049.9461164,WARNING,,WARN cpu=41% -- saturated p99=139ms
live_ep_000045_CPU_SATURATION,CPU_SATURATION,inventory-service,2.0,1785988050.4464965,WARNING,,WARN cpu=28% -- saturated p99=130ms
live_ep_000045_CPU_SATURATION,CPU_SATURATION,inventory-service,2.5,1785988050.9469864,WARNING,,WARN cpu=32% -- saturated p99=97ms
live_ep_000045_CPU_SATURATION,CPU_SATURATION,inventory-service,3.0,1785988051.447108,WARNING,,WARN cpu=36% -- saturated p99=119ms
live_ep_000045_CPU_SATURATION,CPU_SATURATION,inventory-service,3.5,1785988051.94732,WARNING,,WARN cpu=30% -- saturated p99=114ms
live_ep_000045_CPU_SATURATION,CPU_SATURATION,inventory-service,4.0,1785988052.447507,WARNING,,WARN cpu=87% -- saturated p99=332ms
live_ep_000045_CPU_SATURATION,CPU_SATURATION,inventory-service,4.5,1785988052.9476085,WARNING,,WARN cpu=92% -- saturated p99=364ms
live_ep_000045_CPU_SATURATION,CPU_SATURATION,inventory-service,5.0,1785988053.4478242,WARNING,,WARN cpu=80% -- saturated p99=311ms
live_ep_000045_CPU_SATURATION,CPU_SATURATION,inventory-service,5.5,1785988053.9481409,WARNING,,WARN cpu=84% -- saturated p99=354ms
live_ep_000045_CPU_SATURATION,CPU_SATURATION,inventory-service,6.0,1785988054.4485555,WARNING,,WARN cpu=87% -- saturated p99=311ms
live_ep_000045_CPU_SATURATION,CPU_SATURATION,inventory-service,6.5,1785988054.9487374,WARNING,,WARN cpu=86% -- saturated p99=304ms
live_ep_000045_CPU_SATURATION,CPU_SATURATION,inventory-service,7.0,1785988055.4490547,WARNING,,WARN cpu=88% -- saturated p99=299ms
live_ep_000045_CPU_SATURATION,CPU_SATURATION,inventory-service,7.5,1785988055.9495156,WARNING,,WARN cpu=86% -- saturated p99=328ms
live_ep_000045_CPU_SATURATION,CPU_SATURATION,inventory-service,8.0,1785988056.449833,WARNING,,WARN cpu=95% -- saturated p99=399ms
live_ep_000045_CPU_SATURATION,CPU_SATURATION,inventory-service,8.5,1785988056.950033,WARNING,,WARN cpu=86% -- saturated p99=336ms
live_ep_000045_CPU_SATURATION,CPU_SATURATION,inventory-service,9.0,1785988057.4502883,WARNING,,WARN cpu=82% -- saturated p99=321ms
live_ep_000045_CPU_SATURATION,CPU_SATURATION,inventory-service,9.5,1785988057.9504886,WARNING,,WARN cpu=89% -- saturated p99=328ms
live_ep_000045_CPU_SATURATION,CPU_SATURATION,inventory-service,10.0,1785988058.4509482,WARNING,,WARN cpu=87% -- saturated p99=295ms
live_ep_000045_CPU_SATURATION,CPU_SATURATION,inventory-service,10.5,1785988058.9512014,WARNING,,WARN cpu=91% -- saturated p99=342ms
live_ep_000045_CPU_SATURATION,CPU_SATURATION,inventory-service,11.0,1785988059.4514194,WARNING,,WARN cpu=98% -- saturated p99=359ms
live_ep_000045_CPU_SATURATION,CPU_SATURATION,inventory-service,11.5,1785988059.9546666,WARNING,,WARN cpu=92% -- saturated p99=362ms
live_ep_000045_CPU_SATURATION,CPU_SATURATION,inventory-service,12.0,1785988060.4551487,WARNING,,WARN cpu=87% -- saturated p99=402ms
live_ep_000045_CPU_SATURATION,CPU_SATURATION,inventory-service,12.5,1785988060.9557443,WARNING,,WARN cpu=88% -- saturated p99=299ms
live_ep_000045_CPU_SATURATION,CPU_SATURATION,inventory-service,13.0,1785988061.4558625,WARNING,,WARN cpu=88% -- saturated p99=342ms
live_ep_000045_CPU_SATURATION,CPU_SATURATION,inventory-service,13.5,1785988061.9564726,WARNING,,WARN cpu=81% -- saturated p99=295ms
live_ep_000045_CPU_SATURATION,CPU_SATURATION,inventory-service,14.0,1785988062.4570158,WARNING,,WARN cpu=94% -- saturated p99=417ms
live_ep_000045_CPU_SATURATION,CPU_SATURATION,inventory-service,14.5,1785988062.961452,WARNING,,WARN cpu=95% -- saturated p99=392ms
live_ep_000045_CPU_SATURATION,CPU_SATURATION,inventory-service,15.0,1785988063.4619787,WARNING,,WARN cpu=90% -- saturated p99=302ms
live_ep_000045_CPU_SATURATION,CPU_SATURATION,inventory-service,15.5,1785988063.9620965,WARNING,,WARN cpu=79% -- saturated p99=298ms
live_ep_000045_CPU_SATURATION,CPU_SATURATION,inventory-service,16.0,1785988064.4622235,WARNING,,WARN cpu=83% -- saturated p99=239ms
live_ep_000045_CPU_SATURATION,CPU_SATURATION,inventory-service,16.5,1785988064.9625525,WARNING,,WARN cpu=86% -- saturated p99=321ms
live_ep_000045_CPU_SATURATION,CPU_SATURATION,inventory-service,17.0,1785988065.4628985,WARNING,,WARN cpu=87% -- saturated p99=382ms
live_ep_000045_CPU_SATURATION,CPU_SATURATION,inventory-service,17.5,1785988065.9631543,WARNING,,WARN cpu=91% -- saturated p99=429ms
live_ep_000045_CPU_SATURATION,CPU_SATURATION,inventory-service,18.0,1785988066.4634333,WARNING,,WARN cpu=75% -- saturated p99=242ms
live_ep_000045_CPU_SATURATION,CPU_SATURATION,inventory-service,18.5,1785988066.9640715,WARNING,,WARN cpu=95% -- saturated p99=406ms
live_ep_000045_CPU_SATURATION,CPU_SATURATION,inventory-service,19.0,1785988067.4644637,WARNING,,WARN cpu=82% -- saturated p99=252ms
live_ep_000045_CPU_SATURATION,CPU_SATURATION,inventory-service,19.5,1785988067.9651394,WARNING,,WARN cpu=83% -- saturated p99=333ms
live_ep_000045_CPU_SATURATION,CPU_SATURATION,inventory-service,20.0,1785988068.4661202,WARNING,,WARN cpu=97% -- saturated p99=414ms
live_ep_000045_CPU_SATURATION,CPU_SATURATION,inventory-service,20.5,1785988068.9665382,WARNING,,WARN cpu=89% -- saturated p99=329ms
live_ep_000045_CPU_SATURATION,CPU_SATURATION,inventory-service,21.0,1785988069.4669824,WARNING,,WARN cpu=84% -- saturated p99=299ms
live_ep_000045_CPU_SATURATION,CPU_SATURATION,inventory-service,21.5,1785988069.9672768,WARNING,,WARN cpu=83% -- saturated p99=260ms
live_ep_000045_CPU_SATURATION,CPU_SATURATION,inventory-service,22.0,1785988070.4676652,WARNING,,WARN cpu=89% -- saturated p99=338ms
live_ep_000045_CPU_SATURATION,CPU_SATURATION,inventory-service,22.5,1785988070.9681487,WARNING,,WARN cpu=88% -- saturated p99=355ms
live_ep_000045_CPU_SATURATION,CPU_SATURATION,inventory-service,23.0,1785988071.4687328,WARNING,,WARN cpu=85% -- saturated p99=312ms
live_ep_000045_CPU_SATURATION,CPU_SATURATION,inventory-service,23.5,1785988071.9690788,WARNING,,WARN cpu=90% -- saturated p99=358ms
live_ep_000045_CPU_SATURATION,CPU_SATURATION,inventory-service,24.0,1785988072.4693973,WARNING,,WARN cpu=85% -- saturated p99=273ms
live_ep_000045_CPU_SATURATION,CPU_SATURATION,inventory-service,24.5,1785988072.9697676,WARNING,,WARN cpu=89% -- saturated p99=388ms
live_ep_000045_CPU_SATURATION,CPU_SATURATION,inventory-service,25.0,1785988073.4703104,WARNING,,WARN cpu=90% -- saturated p99=322ms
live_ep_000045_CPU_SATURATION,CPU_SATURATION,inventory-service,25.5,1785988073.9706244,WARNING,,WARN cpu=89% -- saturated p99=374ms
live_ep_000045_CPU_SATURATION,CPU_SATURATION,inventory-service,26.0,1785988074.4710324,WARNING,,WARN cpu=86% -- saturated p99=356ms
live_ep_000045_CPU_SATURATION,CPU_SATURATION,inventory-service,26.5,1785988074.9713967,WARNING,,WARN cpu=87% -- saturated p99=348ms
live_ep_000045_CPU_SATURATION,CPU_SATURATION,inventory-service,27.0,1785988075.471647,WARNING,,WARN cpu=91% -- saturated p99=388ms
live_ep_000045_CPU_SATURATION,CPU_SATURATION,inventory-service,27.5,1785988075.9717288,WARNING,,WARN cpu=84% -- saturated p99=316ms
live_ep_000045_CPU_SATURATION,CPU_SATURATION,inventory-service,28.0,1785988076.4718163,WARNING,,WARN cpu=82% -- saturated p99=279ms
live_ep_000045_CPU_SATURATION,CPU_SATURATION,inventory-service,28.5,1785988076.9718971,WARNING,,WARN cpu=82% -- saturated p99=255ms
live_ep_000045_CPU_SATURATION,CPU_SATURATION,inventory-service,29.0,1785988077.4724643,WARNING,,WARN cpu=91% -- saturated p99=374ms
live_ep_000045_CPU_SATURATION,CPU_SATURATION,inventory-service,29.5,1785988077.972939,WARNING,,WARN cpu=86% -- saturated p99=340ms
live_ep_000045_CPU_SATURATION,CPU_SATURATION,inventory-service,30.0,1785988078.4731786,WARNING,,WARN cpu=94% -- saturated p99=389ms
live_ep_000045_CPU_SATURATION,CPU_SATURATION,inventory-service,30.5,1785988078.9733121,WARNING,,WARN cpu=86% -- saturated p99=326ms
live_ep_000045_CPU_SATURATION,CPU_SATURATION,inventory-service,31.0,1785988079.4738023,WARNING,,WARN cpu=87% -- saturated p99=367ms
live_ep_000045_CPU_SATURATION,CPU_SATURATION,inventory-service,31.5,1785988079.9739652,WARNING,,WARN cpu=84% -- saturated p99=334ms
live_ep_000045_CPU_SATURATION,CPU_SATURATION,inventory-service,32.0,1785988080.474453,WARNING,,WARN cpu=89% -- saturated p99=324ms
live_ep_000045_CPU_SATURATION,CPU_SATURATION,inventory-service,32.5,1785988080.9749343,WARNING,,WARN cpu=89% -- saturated p99=354ms
live_ep_000045_CPU_SATURATION,CPU_SATURATION,inventory-service,33.0,1785988081.4753613,WARNING,,WARN cpu=79% -- saturated p99=299ms
live_ep_000045_CPU_SATURATION,CPU_SATURATION,inventory-service,33.5,1785988081.9759378,WARNING,,WARN cpu=91% -- saturated p99=378ms
live_ep_000045_CPU_SATURATION,CPU_SATURATION,inventory-service,34.0,1785988082.4761612,WARNING,,WARN cpu=93% -- saturated p99=383ms
live_ep_000045_CPU_SATURATION,CPU_SATURATION,inventory-service,34.5,1785988082.9768178,WARNING,,WARN cpu=86% -- saturated p99=310ms
live_ep_000045_CPU_SATURATION,CPU_SATURATION,inventory-service,35.0,1785988083.4772797,WARNING,,WARN cpu=88% -- saturated p99=345ms
live_ep_000045_CPU_SATURATION,CPU_SATURATION,inventory-service,35.5,1785988083.977758,WARNING,,WARN cpu=84% -- saturated p99=296ms
live_ep_000045_CPU_SATURATION,CPU_SATURATION,inventory-service,36.0,1785988084.4783537,WARNING,,WARN cpu=90% -- saturated p99=337ms
live_ep_000045_CPU_SATURATION,CPU_SATURATION,inventory-service,36.5,1785988084.978665,WARNING,,WARN cpu=86% -- saturated p99=297ms
live_ep_000045_CPU_SATURATION,CPU_SATURATION,inventory-service,37.0,1785988085.4791152,WARNING,,WARN cpu=84% -- saturated p99=304ms
live_ep_000045_CPU_SATURATION,CPU_SATURATION,inventory-service,37.5,1785988085.9794543,WARNING,,WARN cpu=89% -- saturated p99=381ms
live_ep_000045_CPU_SATURATION,CPU_SATURATION,inventory-service,38.0,1785988086.4800272,WARNING,,WARN cpu=80% -- saturated p99=322ms
live_ep_000045_CPU_SATURATION,CPU_SATURATION,inventory-service,38.5,1785988086.98028,WARNING,,WARN cpu=90% -- saturated p99=345ms
live_ep_000045_CPU_SATURATION,CPU_SATURATION,inventory-service,39.0,1785988087.480493,WARNING,,WARN cpu=90% -- saturated p99=291ms
live_ep_000045_CPU_SATURATION,CPU_SATURATION,inventory-service,39.5,1785988087.9809535,WARNING,,WARN cpu=91% -- saturated p99=390ms
live_ep_000045_CPU_SATURATION,CPU_SATURATION,inventory-service,40.0,1785988088.4815361,WARNING,,WARN cpu=87% -- saturated p99=325ms
live_ep_000045_CPU_SATURATION,CPU_SATURATION,inventory-service,40.5,1785988088.981735,WARNING,,WARN cpu=90% -- saturated p99=382ms
live_ep_000045_CPU_SATURATION,CPU_SATURATION,inventory-service,41.0,1785988089.4819298,WARNING,,WARN cpu=88% -- saturated p99=316ms
live_ep_000045_CPU_SATURATION,CPU_SATURATION,inventory-service,41.5,1785988089.982492,WARNING,,WARN cpu=83% -- saturated p99=275ms
live_ep_000045_CPU_SATURATION,CPU_SATURATION,inventory-service,42.0,1785988090.4826484,WARNING,,WARN cpu=92% -- saturated p99=360ms
live_ep_000045_CPU_SATURATION,CPU_SATURATION,inventory-service,42.5,1785988090.9836085,WARNING,,WARN cpu=91% -- saturated p99=412ms
live_ep_000045_CPU_SATURATION,CPU_SATURATION,inventory-service,43.0,1785988091.4841733,WARNING,,WARN cpu=93% -- saturated p99=343ms
live_ep_000045_CPU_SATURATION,CPU_SATURATION,inventory-service,43.5,1785988091.9845316,WARNING,,WARN cpu=83% -- saturated p99=283ms
live_ep_000045_CPU_SATURATION,CPU_SATURATION,inventory-service,44.0,1785988092.4850223,WARNING,,WARN cpu=84% -- saturated p99=307ms
live_ep_000045_CPU_SATURATION,CPU_SATURATION,inventory-service,44.5,1785988092.9855802,WARNING,,WARN cpu=83% -- saturated p99=299ms
live_ep_000045_CPU_SATURATION,CPU_SATURATION,inventory-service,45.0,1785988093.48585,WARNING,,WARN cpu=86% -- saturated p99=332ms
live_ep_000045_CPU_SATURATION,CPU_SATURATION,inventory-service,45.5,1785988093.9859972,WARNING,,WARN cpu=88% -- saturated p99=378ms
live_ep_000045_CPU_SATURATION,CPU_SATURATION,inventory-service,46.0,1785988094.486753,WARNING,,WARN cpu=90% -- saturated p99=377ms
live_ep_000045_CPU_SATURATION,CPU_SATURATION,inventory-service,46.5,1785988094.9872663,WARNING,,WARN cpu=97% -- saturated p99=355ms
live_ep_000045_CPU_SATURATION,CPU_SATURATION,inventory-service,47.0,1785988095.4878378,WARNING,,WARN cpu=91% -- saturated p99=369ms
live_ep_000045_CPU_SATURATION,CPU_SATURATION,inventory-service,47.5,1785988095.9880376,WARNING,,WARN cpu=88% -- saturated p99=324ms
live_ep_000045_CPU_SATURATION,CPU_SATURATION,inventory-service,48.0,1785988096.4881406,WARNING,,WARN cpu=78% -- saturated p99=236ms
live_ep_000045_CPU_SATURATION,CPU_SATURATION,inventory-service,48.5,1785988096.9886482,WARNING,,WARN cpu=91% -- saturated p99=413ms
live_ep_000045_CPU_SATURATION,CPU_SATURATION,inventory-service,49.0,1785988097.4889522,WARNING,,WARN cpu=88% -- saturated p99=407ms
live_ep_000045_CPU_SATURATION,CPU_SATURATION,inventory-service,49.5,1785988097.9891088,WARNING,,WARN cpu=93% -- saturated p99=380ms
live_ep_000045_CPU_SATURATION,CPU_SATURATION,inventory-service,50.0,1785988098.4892998,WARNING,,WARN cpu=90% -- saturated p99=385ms
live_ep_000045_CPU_SATURATION,CPU_SATURATION,inventory-service,50.5,1785988098.9895058,WARNING,,WARN cpu=92% -- saturated p99=330ms
live_ep_000045_CPU_SATURATION,CPU_SATURATION,inventory-service,51.0,1785988099.4899638,WARNING,,WARN cpu=85% -- saturated p99=311ms
live_ep_000045_CPU_SATURATION,CPU_SATURATION,inventory-service,51.5,1785988099.9902418,WARNING,,WARN cpu=87% -- saturated p99=310ms
live_ep_000045_CPU_SATURATION,CPU_SATURATION,inventory-service,52.0,1785988100.4905317,WARNING,,WARN cpu=80% -- saturated p99=310ms
live_ep_000045_CPU_SATURATION,CPU_SATURATION,inventory-service,52.5,1785988100.990637,WARNING,,WARN cpu=88% -- saturated p99=291ms
live_ep_000045_CPU_SATURATION,CPU_SATURATION,inventory-service,53.0,1785988101.491147,WARNING,,WARN cpu=89% -- saturated p99=430ms
live_ep_000045_CPU_SATURATION,CPU_SATURATION,inventory-service,53.5,1785988101.9917176,WARNING,,WARN cpu=92% -- saturated p99=346ms
live_ep_000045_CPU_SATURATION,CPU_SATURATION,inventory-service,54.0,1785988102.5236359,WARNING,,WARN cpu=90% -- saturated p99=381ms
live_ep_000045_CPU_SATURATION,CPU_SATURATION,inventory-service,54.5,1785988103.023728,WARNING,,WARN cpu=93% -- saturated p99=423ms
live_ep_000045_CPU_SATURATION,CPU_SATURATION,inventory-service,55.0,1785988103.5247288,WARNING,,WARN cpu=87% -- saturated p99=331ms
live_ep_000045_CPU_SATURATION,CPU_SATURATION,inventory-service,55.5,1785988104.025079,WARNING,,WARN cpu=84% -- saturated p99=358ms
live_ep_000045_CPU_SATURATION,CPU_SATURATION,inventory-service,56.0,1785988104.5262372,WARNING,,WARN cpu=87% -- saturated p99=286ms
live_ep_000045_CPU_SATURATION,CPU_SATURATION,inventory-service,56.5,1785988105.0264041,WARNING,,WARN cpu=91% -- saturated p99=401ms
live_ep_000045_CPU_SATURATION,CPU_SATURATION,inventory-service,57.0,1785988105.526825,WARNING,,WARN cpu=88% -- saturated p99=366ms
live_ep_000045_CPU_SATURATION,CPU_SATURATION,inventory-service,57.5,1785988106.0271108,WARNING,,WARN cpu=87% -- saturated p99=376ms
live_ep_000045_CPU_SATURATION,CPU_SATURATION,inventory-service,58.0,1785988106.5275884,WARNING,,WARN cpu=89% -- saturated p99=354ms
live_ep_000045_CPU_SATURATION,CPU_SATURATION,inventory-service,58.5,1785988107.027753,WARNING,,WARN cpu=86% -- saturated p99=324ms
live_ep_000045_CPU_SATURATION,CPU_SATURATION,inventory-service,59.0,1785988107.5296245,WARNING,,WARN cpu=91% -- saturated p99=345ms
live_ep_000045_CPU_SATURATION,CPU_SATURATION,inventory-service,59.5,1785988108.0298865,WARNING,,WARN cpu=87% -- saturated p99=326ms
live_ep_000046_CASCADING_FAILURE,CASCADING_FAILURE,payment-service,0.0,1785988108.5315971,CRITICAL,SystemOverloadException,CRITICAL cpu=29% err=1.13% p99=126ms -- cascade
live_ep_000046_CASCADING_FAILURE,CASCADING_FAILURE,payment-service,0.5,1785988109.0318015,CRITICAL,SystemOverloadException,CRITICAL cpu=23% err=1.31% p99=122ms -- cascade
live_ep_000046_CASCADING_FAILURE,CASCADING_FAILURE,payment-service,1.0,1785988109.5320005,CRITICAL,SystemOverloadException,CRITICAL cpu=38% err=1.77% p99=118ms -- cascade
live_ep_000046_CASCADING_FAILURE,CASCADING_FAILURE,payment-service,1.5,1785988110.0325801,CRITICAL,SystemOverloadException,CRITICAL cpu=37% err=0.82% p99=117ms -- cascade
live_ep_000046_CASCADING_FAILURE,CASCADING_FAILURE,payment-service,2.0,1785988110.5331316,CRITICAL,SystemOverloadException,CRITICAL cpu=39% err=1.93% p99=111ms -- cascade
live_ep_000046_CASCADING_FAILURE,CASCADING_FAILURE,payment-service,2.5,1785988111.0406985,CRITICAL,SystemOverloadException,CRITICAL cpu=44% err=1.49% p99=116ms -- cascade
live_ep_000046_CASCADING_FAILURE,CASCADING_FAILURE,payment-service,3.0,1785988111.5410886,CRITICAL,SystemOverloadException,CRITICAL cpu=40% err=1.62% p99=107ms -- cascade
live_ep_000046_CASCADING_FAILURE,CASCADING_FAILURE,payment-service,3.5,1785988112.0412207,CRITICAL,SystemOverloadException,CRITICAL cpu=35% err=2.70% p99=133ms -- cascade
live_ep_000046_CASCADING_FAILURE,CASCADING_FAILURE,payment-service,4.0,1785988112.5420072,CRITICAL,SystemOverloadException,CRITICAL cpu=33% err=1.08% p99=113ms -- cascade
live_ep_000046_CASCADING_FAILURE,CASCADING_FAILURE,payment-service,4.5,1785988113.0421576,CRITICAL,SystemOverloadException,CRITICAL cpu=29% err=2.31% p99=92ms -- cascade
live_ep_000046_CASCADING_FAILURE,CASCADING_FAILURE,payment-service,5.0,1785988113.5423994,CRITICAL,SystemOverloadException,CRITICAL cpu=29% err=0.25% p99=119ms -- cascade
live_ep_000046_CASCADING_FAILURE,CASCADING_FAILURE,payment-service,5.5,1785988114.0425825,CRITICAL,SystemOverloadException,CRITICAL cpu=45% err=2.32% p99=116ms -- cascade
live_ep_000046_CASCADING_FAILURE,CASCADING_FAILURE,payment-service,6.0,1785988114.5482645,CRITICAL,SystemOverloadException,CRITICAL cpu=81% err=0.55% p99=1488ms -- cascade
live_ep_000046_CASCADING_FAILURE,CASCADING_FAILURE,payment-service,6.5,1785988115.0484052,CRITICAL,SystemOverloadException,CRITICAL cpu=75% err=0.73% p99=1469ms -- cascade
live_ep_000046_CASCADING_FAILURE,CASCADING_FAILURE,payment-service,7.0,1785988115.548494,CRITICAL,SystemOverloadException,CRITICAL cpu=87% err=1.51% p99=1332ms -- cascade
live_ep_000046_CASCADING_FAILURE,CASCADING_FAILURE,payment-service,7.5,1785988116.0488412,CRITICAL,SystemOverloadException,CRITICAL cpu=85% err=0.43% p99=1537ms -- cascade
live_ep_000046_CASCADING_FAILURE,CASCADING_FAILURE,payment-service,8.0,1785988116.549361,CRITICAL,SystemOverloadException,CRITICAL cpu=78% err=0.83% p99=1540ms -- cascade
live_ep_000046_CASCADING_FAILURE,CASCADING_FAILURE,payment-service,8.5,1785988117.0498827,CRITICAL,SystemOverloadException,CRITICAL cpu=86% err=2.19% p99=1600ms -- cascade
live_ep_000046_CASCADING_FAILURE,CASCADING_FAILURE,payment-service,9.0,1785988117.5502987,CRITICAL,SystemOverloadException,CRITICAL cpu=79% err=2.16% p99=1405ms -- cascade
live_ep_000046_CASCADING_FAILURE,CASCADING_FAILURE,payment-service,9.5,1785988118.0505192,CRITICAL,SystemOverloadException,CRITICAL cpu=77% err=2.33% p99=1298ms -- cascade
live_ep_000046_CASCADING_FAILURE,CASCADING_FAILURE,payment-service,10.0,1785988118.5508764,CRITICAL,SystemOverloadException,CRITICAL cpu=91% err=1.00% p99=1480ms -- cascade
live_ep_000046_CASCADING_FAILURE,CASCADING_FAILURE,payment-service,10.5,1785988119.0514596,CRITICAL,SystemOverloadException,CRITICAL cpu=86% err=2.42% p99=1665ms -- cascade
live_ep_000046_CASCADING_FAILURE,CASCADING_FAILURE,payment-service,11.0,1785988119.5517263,CRITICAL,SystemOverloadException,CRITICAL cpu=88% err=0.81% p99=1431ms -- cascade
live_ep_000046_CASCADING_FAILURE,CASCADING_FAILURE,payment-service,11.5,1785988120.0518503,CRITICAL,SystemOverloadException,CRITICAL cpu=82% err=0.72% p99=1420ms -- cascade
live_ep_000046_CASCADING_FAILURE,CASCADING_FAILURE,payment-service,12.0,1785988120.5523424,CRITICAL,SystemOverloadException,CRITICAL cpu=88% err=3.30% p99=1700ms -- cascade
live_ep_000046_CASCADING_FAILURE,CASCADING_FAILURE,payment-service,12.5,1785988121.0528588,CRITICAL,SystemOverloadException,CRITICAL cpu=90% err=1.26% p99=1568ms -- cascade
live_ep_000046_CASCADING_FAILURE,CASCADING_FAILURE,payment-service,13.0,1785988121.5537262,CRITICAL,SystemOverloadException,CRITICAL cpu=83% err=1.47% p99=1448ms -- cascade
live_ep_000046_CASCADING_FAILURE,CASCADING_FAILURE,payment-service,13.5,1785988122.053968,CRITICAL,SystemOverloadException,CRITICAL cpu=89% err=1.24% p99=1499ms -- cascade
live_ep_000046_CASCADING_FAILURE,CASCADING_FAILURE,payment-service,14.0,1785988122.554523,CRITICAL,SystemOverloadException,CRITICAL cpu=80% err=1.97% p99=1597ms -- cascade
live_ep_000046_CASCADING_FAILURE,CASCADING_FAILURE,payment-service,14.5,1785988123.0547545,CRITICAL,SystemOverloadException,CRITICAL cpu=85% err=1.56% p99=1448ms -- cascade
live_ep_000046_CASCADING_FAILURE,CASCADING_FAILURE,payment-service,15.0,1785988123.5553935,CRITICAL,SystemOverloadException,CRITICAL cpu=88% err=2.03% p99=1484ms -- cascade
live_ep_000046_CASCADING_FAILURE,CASCADING_FAILURE,payment-service,15.5,1785988124.0555756,CRITICAL,SystemOverloadException,CRITICAL cpu=78% err=2.54% p99=1583ms -- cascade
live_ep_000046_CASCADING_FAILURE,CASCADING_FAILURE,payment-service,16.0,1785988124.5557086,CRITICAL,SystemOverloadException,CRITICAL cpu=80% err=2.50% p99=1436ms -- cascade
live_ep_000046_CASCADING_FAILURE,CASCADING_FAILURE,payment-service,16.5,1785988125.0562358,CRITICAL,SystemOverloadException,CRITICAL cpu=85% err=1.78% p99=1439ms -- cascade
live_ep_000046_CASCADING_FAILURE,CASCADING_FAILURE,payment-service,17.0,1785988125.5563648,CRITICAL,SystemOverloadException,CRITICAL cpu=79% err=1.84% p99=1268ms -- cascade
live_ep_000046_CASCADING_FAILURE,CASCADING_FAILURE,payment-service,17.5,1785988126.0564787,CRITICAL,SystemOverloadException,CRITICAL cpu=80% err=1.82% p99=1322ms -- cascade
live_ep_000046_CASCADING_FAILURE,CASCADING_FAILURE,payment-service,18.0,1785988126.55677,CRITICAL,SystemOverloadException,CRITICAL cpu=85% err=4.19% p99=1581ms -- cascade
live_ep_000046_CASCADING_FAILURE,CASCADING_FAILURE,payment-service,18.5,1785988127.0570261,CRITICAL,SystemOverloadException,CRITICAL cpu=84% err=2.61% p99=1550ms -- cascade
live_ep_000046_CASCADING_FAILURE,CASCADING_FAILURE,payment-service,19.0,1785988127.557517,CRITICAL,SystemOverloadException,CRITICAL cpu=79% err=2.23% p99=1348ms -- cascade
live_ep_000046_CASCADING_FAILURE,CASCADING_FAILURE,payment-service,19.5,1785988128.0578697,CRITICAL,SystemOverloadException,CRITICAL cpu=76% err=2.10% p99=1283ms -- cascade
live_ep_000046_CASCADING_FAILURE,CASCADING_FAILURE,payment-service,20.0,1785988128.5582042,CRITICAL,SystemOverloadException,CRITICAL cpu=84% err=4.52% p99=1419ms -- cascade
live_ep_000046_CASCADING_FAILURE,CASCADING_FAILURE,payment-service,20.5,1785988129.0584953,CRITICAL,SystemOverloadException,CRITICAL cpu=92% err=3.25% p99=1486ms -- cascade
live_ep_000046_CASCADING_FAILURE,CASCADING_FAILURE,payment-service,21.0,1785988129.5587714,CRITICAL,SystemOverloadException,CRITICAL cpu=78% err=3.31% p99=1442ms -- cascade
live_ep_000046_CASCADING_FAILURE,CASCADING_FAILURE,payment-service,21.5,1785988130.0590057,CRITICAL,SystemOverloadException,CRITICAL cpu=85% err=2.70% p99=1568ms -- cascade
live_ep_000046_CASCADING_FAILURE,CASCADING_FAILURE,payment-service,22.0,1785988130.5595858,CRITICAL,SystemOverloadException,CRITICAL cpu=77% err=2.54% p99=1418ms -- cascade
live_ep_000046_CASCADING_FAILURE,CASCADING_FAILURE,payment-service,22.5,1785988131.0601103,CRITICAL,SystemOverloadException,CRITICAL cpu=79% err=3.52% p99=1419ms -- cascade
live_ep_000046_CASCADING_FAILURE,CASCADING_FAILURE,payment-service,23.0,1785988131.5606508,CRITICAL,SystemOverloadException,CRITICAL cpu=75% err=2.59% p99=1435ms -- cascade
live_ep_000046_CASCADING_FAILURE,CASCADING_FAILURE,payment-service,23.5,1785988132.0609148,CRITICAL,SystemOverloadException,CRITICAL cpu=81% err=2.92% p99=1251ms -- cascade
live_ep_000046_CASCADING_FAILURE,CASCADING_FAILURE,payment-service,24.0,1785988132.5610871,CRITICAL,SystemOverloadException,CRITICAL cpu=78% err=4.03% p99=1304ms -- cascade
live_ep_000046_CASCADING_FAILURE,CASCADING_FAILURE,payment-service,24.5,1785988133.0616593,CRITICAL,SystemOverloadException,CRITICAL cpu=83% err=3.73% p99=1577ms -- cascade
live_ep_000046_CASCADING_FAILURE,CASCADING_FAILURE,payment-service,25.0,1785988133.562215,CRITICAL,SystemOverloadException,CRITICAL cpu=89% err=3.59% p99=1451ms -- cascade
live_ep_000046_CASCADING_FAILURE,CASCADING_FAILURE,payment-service,25.5,1785988134.0625377,CRITICAL,SystemOverloadException,CRITICAL cpu=86% err=4.93% p99=1737ms -- cascade
live_ep_000046_CASCADING_FAILURE,CASCADING_FAILURE,payment-service,26.0,1785988134.5630982,CRITICAL,SystemOverloadException,CRITICAL cpu=76% err=3.14% p99=1382ms -- cascade
live_ep_000046_CASCADING_FAILURE,CASCADING_FAILURE,payment-service,26.5,1785988135.063262,CRITICAL,SystemOverloadException,CRITICAL cpu=81% err=4.87% p99=1272ms -- cascade
live_ep_000046_CASCADING_FAILURE,CASCADING_FAILURE,payment-service,27.0,1785988135.6176476,CRITICAL,SystemOverloadException,CRITICAL cpu=84% err=4.37% p99=1579ms -- cascade
live_ep_000046_CASCADING_FAILURE,CASCADING_FAILURE,payment-service,27.5,1785988136.1177092,CRITICAL,SystemOverloadException,CRITICAL cpu=87% err=4.43% p99=1458ms -- cascade
live_ep_000046_CASCADING_FAILURE,CASCADING_FAILURE,payment-service,28.0,1785988136.6180463,CRITICAL,SystemOverloadException,CRITICAL cpu=79% err=4.55% p99=1337ms -- cascade
live_ep_000046_CASCADING_FAILURE,CASCADING_FAILURE,payment-service,28.5,1785988137.1186023,CRITICAL,SystemOverloadException,CRITICAL cpu=84% err=4.31% p99=1503ms -- cascade
live_ep_000046_CASCADING_FAILURE,CASCADING_FAILURE,payment-service,29.0,1785988137.6188593,CRITICAL,SystemOverloadException,CRITICAL cpu=87% err=4.14% p99=1344ms -- cascade
live_ep_000046_CASCADING_FAILURE,CASCADING_FAILURE,payment-service,29.5,1785988138.1190927,CRITICAL,SystemOverloadException,CRITICAL cpu=76% err=3.79% p99=1500ms -- cascade
live_ep_000046_CASCADING_FAILURE,CASCADING_FAILURE,payment-service,30.0,1785988138.6195126,CRITICAL,SystemOverloadException,CRITICAL cpu=75% err=4.46% p99=1494ms -- cascade
live_ep_000046_CASCADING_FAILURE,CASCADING_FAILURE,payment-service,30.5,1785988139.120065,CRITICAL,SystemOverloadException,CRITICAL cpu=72% err=5.19% p99=1405ms -- cascade
live_ep_000046_CASCADING_FAILURE,CASCADING_FAILURE,payment-service,31.0,1785988139.6206026,CRITICAL,SystemOverloadException,CRITICAL cpu=79% err=5.05% p99=1458ms -- cascade
live_ep_000046_CASCADING_FAILURE,CASCADING_FAILURE,payment-service,31.5,1785988140.1211789,CRITICAL,SystemOverloadException,CRITICAL cpu=84% err=4.70% p99=1625ms -- cascade
live_ep_000046_CASCADING_FAILURE,CASCADING_FAILURE,payment-service,32.0,1785988140.6215146,CRITICAL,SystemOverloadException,CRITICAL cpu=76% err=4.42% p99=1546ms -- cascade
live_ep_000046_CASCADING_FAILURE,CASCADING_FAILURE,payment-service,32.5,1785988141.1222556,CRITICAL,SystemOverloadException,CRITICAL cpu=82% err=4.18% p99=1336ms -- cascade
live_ep_000046_CASCADING_FAILURE,CASCADING_FAILURE,payment-service,33.0,1785988141.6223564,CRITICAL,SystemOverloadException,CRITICAL cpu=79% err=4.30% p99=1600ms -- cascade
live_ep_000046_CASCADING_FAILURE,CASCADING_FAILURE,payment-service,33.5,1785988142.1228647,CRITICAL,SystemOverloadException,CRITICAL cpu=76% err=4.34% p99=1400ms -- cascade
live_ep_000046_CASCADING_FAILURE,CASCADING_FAILURE,payment-service,34.0,1785988142.6242707,CRITICAL,SystemOverloadException,CRITICAL cpu=89% err=4.98% p99=1671ms -- cascade
live_ep_000046_CASCADING_FAILURE,CASCADING_FAILURE,payment-service,34.5,1785988143.1246445,CRITICAL,SystemOverloadException,CRITICAL cpu=80% err=4.56% p99=1564ms -- cascade
live_ep_000046_CASCADING_FAILURE,CASCADING_FAILURE,payment-service,35.0,1785988143.6250737,CRITICAL,SystemOverloadException,CRITICAL cpu=75% err=6.71% p99=1453ms -- cascade
live_ep_000046_CASCADING_FAILURE,CASCADING_FAILURE,payment-service,35.5,1785988144.1270294,CRITICAL,SystemOverloadException,CRITICAL cpu=77% err=5.39% p99=1483ms -- cascade
live_ep_000046_CASCADING_FAILURE,CASCADING_FAILURE,payment-service,36.0,1785988144.6272216,CRITICAL,SystemOverloadException,CRITICAL cpu=78% err=5.29% p99=1399ms -- cascade
live_ep_000046_CASCADING_FAILURE,CASCADING_FAILURE,payment-service,36.5,1785988145.127994,CRITICAL,SystemOverloadException,CRITICAL cpu=74% err=5.39% p99=1259ms -- cascade
live_ep_000046_CASCADING_FAILURE,CASCADING_FAILURE,payment-service,37.0,1785988145.6284938,CRITICAL,SystemOverloadException,CRITICAL cpu=81% err=4.97% p99=1630ms -- cascade
live_ep_000046_CASCADING_FAILURE,CASCADING_FAILURE,payment-service,37.5,1785988146.1290133,CRITICAL,SystemOverloadException,CRITICAL cpu=80% err=5.17% p99=1578ms -- cascade
live_ep_000046_CASCADING_FAILURE,CASCADING_FAILURE,payment-service,38.0,1785988146.6295743,CRITICAL,SystemOverloadException,CRITICAL cpu=80% err=5.68% p99=1429ms -- cascade
live_ep_000046_CASCADING_FAILURE,CASCADING_FAILURE,payment-service,38.5,1785988147.1299639,CRITICAL,SystemOverloadException,CRITICAL cpu=86% err=7.01% p99=1483ms -- cascade
live_ep_000046_CASCADING_FAILURE,CASCADING_FAILURE,payment-service,39.0,1785988147.6302078,CRITICAL,SystemOverloadException,CRITICAL cpu=100% err=5.94% p99=1671ms -- cascade
live_ep_000046_CASCADING_FAILURE,CASCADING_FAILURE,payment-service,39.5,1785988148.1305728,CRITICAL,SystemOverloadException,CRITICAL cpu=83% err=5.33% p99=1446ms -- cascade
live_ep_000046_CASCADING_FAILURE,CASCADING_FAILURE,payment-service,40.0,1785988148.631327,CRITICAL,SystemOverloadException,CRITICAL cpu=88% err=6.59% p99=1437ms -- cascade
live_ep_000046_CASCADING_FAILURE,CASCADING_FAILURE,payment-service,40.5,1785988149.1317356,CRITICAL,SystemOverloadException,CRITICAL cpu=86% err=5.37% p99=1321ms -- cascade
live_ep_000046_CASCADING_FAILURE,CASCADING_FAILURE,payment-service,41.0,1785988149.6322482,CRITICAL,SystemOverloadException,CRITICAL cpu=78% err=5.33% p99=1407ms -- cascade
live_ep_000046_CASCADING_FAILURE,CASCADING_FAILURE,payment-service,41.5,1785988150.1325583,CRITICAL,SystemOverloadException,CRITICAL cpu=74% err=5.47% p99=1277ms -- cascade
live_ep_000046_CASCADING_FAILURE,CASCADING_FAILURE,payment-service,42.0,1785988150.633929,CRITICAL,SystemOverloadException,CRITICAL cpu=82% err=8.57% p99=1364ms -- cascade
live_ep_000046_CASCADING_FAILURE,CASCADING_FAILURE,payment-service,42.5,1785988151.1344705,CRITICAL,SystemOverloadException,CRITICAL cpu=89% err=6.77% p99=1470ms -- cascade
live_ep_000046_CASCADING_FAILURE,CASCADING_FAILURE,payment-service,43.0,1785988151.6346204,CRITICAL,SystemOverloadException,CRITICAL cpu=84% err=6.36% p99=1628ms -- cascade
live_ep_000046_CASCADING_FAILURE,CASCADING_FAILURE,payment-service,43.5,1785988152.1350853,CRITICAL,SystemOverloadException,CRITICAL cpu=72% err=6.15% p99=1375ms -- cascade
live_ep_000046_CASCADING_FAILURE,CASCADING_FAILURE,payment-service,44.0,1785988152.6351314,CRITICAL,SystemOverloadException,CRITICAL cpu=84% err=7.35% p99=1549ms -- cascade
live_ep_000046_CASCADING_FAILURE,CASCADING_FAILURE,payment-service,44.5,1785988153.1354582,CRITICAL,SystemOverloadException,CRITICAL cpu=83% err=5.99% p99=1519ms -- cascade
live_ep_000046_CASCADING_FAILURE,CASCADING_FAILURE,payment-service,45.0,1785988153.6358192,CRITICAL,SystemOverloadException,CRITICAL cpu=83% err=6.84% p99=1376ms -- cascade
live_ep_000046_CASCADING_FAILURE,CASCADING_FAILURE,payment-service,45.5,1785988154.1364863,CRITICAL,SystemOverloadException,CRITICAL cpu=72% err=6.32% p99=1497ms -- cascade
live_ep_000046_CASCADING_FAILURE,CASCADING_FAILURE,payment-service,46.0,1785988154.636722,CRITICAL,SystemOverloadException,CRITICAL cpu=91% err=7.74% p99=1602ms -- cascade
live_ep_000046_CASCADING_FAILURE,CASCADING_FAILURE,payment-service,46.5,1785988155.1370103,CRITICAL,SystemOverloadException,CRITICAL cpu=69% err=9.75% p99=1317ms -- cascade
live_ep_000046_CASCADING_FAILURE,CASCADING_FAILURE,payment-service,47.0,1785988155.6375785,CRITICAL,SystemOverloadException,CRITICAL cpu=81% err=6.82% p99=1651ms -- cascade
live_ep_000046_CASCADING_FAILURE,CASCADING_FAILURE,payment-service,47.5,1785988156.137999,CRITICAL,SystemOverloadException,CRITICAL cpu=77% err=6.87% p99=1319ms -- cascade
live_ep_000046_CASCADING_FAILURE,CASCADING_FAILURE,payment-service,48.0,1785988156.6382515,CRITICAL,SystemOverloadException,CRITICAL cpu=89% err=8.12% p99=1565ms -- cascade
live_ep_000046_CASCADING_FAILURE,CASCADING_FAILURE,payment-service,48.5,1785988157.141093,CRITICAL,SystemOverloadException,CRITICAL cpu=85% err=6.93% p99=1270ms -- cascade
live_ep_000046_CASCADING_FAILURE,CASCADING_FAILURE,payment-service,49.0,1785988157.6416204,CRITICAL,SystemOverloadException,CRITICAL cpu=82% err=7.34% p99=1573ms -- cascade
live_ep_000046_CASCADING_FAILURE,CASCADING_FAILURE,payment-service,49.5,1785988158.1418579,CRITICAL,SystemOverloadException,CRITICAL cpu=93% err=8.06% p99=1575ms -- cascade
live_ep_000046_CASCADING_FAILURE,CASCADING_FAILURE,payment-service,50.0,1785988158.642357,CRITICAL,SystemOverloadException,CRITICAL cpu=73% err=7.14% p99=1438ms -- cascade
live_ep_000046_CASCADING_FAILURE,CASCADING_FAILURE,payment-service,50.5,1785988159.1424913,CRITICAL,SystemOverloadException,CRITICAL cpu=84% err=7.59% p99=1619ms -- cascade
live_ep_000046_CASCADING_FAILURE,CASCADING_FAILURE,payment-service,51.0,1785988159.642959,CRITICAL,SystemOverloadException,CRITICAL cpu=83% err=7.16% p99=1388ms -- cascade
live_ep_000046_CASCADING_FAILURE,CASCADING_FAILURE,payment-service,51.5,1785988160.143517,CRITICAL,SystemOverloadException,CRITICAL cpu=88% err=9.19% p99=1675ms -- cascade
live_ep_000046_CASCADING_FAILURE,CASCADING_FAILURE,payment-service,52.0,1785988160.6440039,CRITICAL,SystemOverloadException,CRITICAL cpu=80% err=7.22% p99=1376ms -- cascade
live_ep_000046_CASCADING_FAILURE,CASCADING_FAILURE,payment-service,52.5,1785988161.1441586,CRITICAL,SystemOverloadException,CRITICAL cpu=75% err=8.79% p99=1311ms -- cascade
live_ep_000046_CASCADING_FAILURE,CASCADING_FAILURE,payment-service,53.0,1785988161.6443582,CRITICAL,SystemOverloadException,CRITICAL cpu=78% err=7.16% p99=1382ms -- cascade
live_ep_000046_CASCADING_FAILURE,CASCADING_FAILURE,payment-service,53.5,1785988162.145354,CRITICAL,SystemOverloadException,CRITICAL cpu=80% err=9.19% p99=1525ms -- cascade
live_ep_000046_CASCADING_FAILURE,CASCADING_FAILURE,payment-service,54.0,1785988162.645547,CRITICAL,SystemOverloadException,CRITICAL cpu=82% err=7.96% p99=1433ms -- cascade
live_ep_000046_CASCADING_FAILURE,CASCADING_FAILURE,payment-service,54.5,1785988163.1456568,CRITICAL,SystemOverloadException,CRITICAL cpu=80% err=8.52% p99=1549ms -- cascade
live_ep_000046_CASCADING_FAILURE,CASCADING_FAILURE,payment-service,55.0,1785988163.645819,CRITICAL,SystemOverloadException,CRITICAL cpu=79% err=7.63% p99=1501ms -- cascade
live_ep_000046_CASCADING_FAILURE,CASCADING_FAILURE,payment-service,55.5,1785988164.1460004,CRITICAL,SystemOverloadException,CRITICAL cpu=81% err=7.73% p99=1489ms -- cascade
live_ep_000046_CASCADING_FAILURE,CASCADING_FAILURE,payment-service,56.0,1785988164.6462934,CRITICAL,SystemOverloadException,CRITICAL cpu=75% err=8.11% p99=1467ms -- cascade
live_ep_000046_CASCADING_FAILURE,CASCADING_FAILURE,payment-service,56.5,1785988165.146774,CRITICAL,SystemOverloadException,CRITICAL cpu=84% err=9.13% p99=1553ms -- cascade
live_ep_000046_CASCADING_FAILURE,CASCADING_FAILURE,payment-service,57.0,1785988165.646944,CRITICAL,SystemOverloadException,CRITICAL cpu=80% err=7.94% p99=1650ms -- cascade
live_ep_000046_CASCADING_FAILURE,CASCADING_FAILURE,payment-service,57.5,1785988166.147459,CRITICAL,SystemOverloadException,CRITICAL cpu=71% err=7.66% p99=1677ms -- cascade
live_ep_000046_CASCADING_FAILURE,CASCADING_FAILURE,payment-service,58.0,1785988166.647552,CRITICAL,SystemOverloadException,CRITICAL cpu=88% err=8.39% p99=1504ms -- cascade
live_ep_000046_CASCADING_FAILURE,CASCADING_FAILURE,payment-service,58.5,1785988167.1479259,CRITICAL,SystemOverloadException,CRITICAL cpu=77% err=8.83% p99=1465ms -- cascade
live_ep_000046_CASCADING_FAILURE,CASCADING_FAILURE,payment-service,59.0,1785988167.6481826,CRITICAL,SystemOverloadException,CRITICAL cpu=77% err=9.02% p99=1388ms -- cascade
live_ep_000046_CASCADING_FAILURE,CASCADING_FAILURE,payment-service,59.5,1785988168.1484036,CRITICAL,SystemOverloadException,CRITICAL cpu=86% err=8.64% p99=1420ms -- cascade
live_ep_000047_NONE,NONE,inventory-service,0.0,1785988168.6525042,INFO,,OK cpu=40% p99=102ms err=0.62%
live_ep_000047_NONE,NONE,inventory-service,0.5,1785988169.1525748,INFO,,OK cpu=39% p99=134ms err=1.14%
live_ep_000047_NONE,NONE,inventory-service,1.0,1785988169.6530902,INFO,,OK cpu=36% p99=124ms err=0.94%
live_ep_000047_NONE,NONE,inventory-service,1.5,1785988170.1536088,INFO,,OK cpu=39% p99=108ms err=1.56%
live_ep_000047_NONE,NONE,inventory-service,2.0,1785988170.6538777,INFO,,OK cpu=34% p99=121ms err=0.39%
live_ep_000047_NONE,NONE,inventory-service,2.5,1785988171.154144,INFO,,OK cpu=31% p99=93ms err=1.91%
live_ep_000047_NONE,NONE,inventory-service,3.0,1785988171.6543767,INFO,,OK cpu=33% p99=125ms err=1.22%
live_ep_000047_NONE,NONE,inventory-service,3.5,1785988172.1549006,INFO,,OK cpu=37% p99=101ms err=0.43%
live_ep_000047_NONE,NONE,inventory-service,4.0,1785988172.6549938,INFO,,OK cpu=39% p99=127ms err=0.89%
live_ep_000047_NONE,NONE,inventory-service,4.5,1785988173.1551526,INFO,,OK cpu=38% p99=131ms err=0.70%
live_ep_000047_NONE,NONE,inventory-service,5.0,1785988173.6585817,INFO,,OK cpu=35% p99=103ms err=0.80%
live_ep_000047_NONE,NONE,inventory-service,5.5,1785988174.15889,INFO,,OK cpu=24% p99=106ms err=0.58%
live_ep_000047_NONE,NONE,inventory-service,6.0,1785988174.6590457,INFO,,OK cpu=37% p99=154ms err=0.83%
live_ep_000047_NONE,NONE,inventory-service,6.5,1785988175.15929,INFO,,OK cpu=30% p99=123ms err=2.74%
live_ep_000047_NONE,NONE,inventory-service,7.0,1785988175.6595612,INFO,,OK cpu=27% p99=144ms err=0.81%
live_ep_000047_NONE,NONE,inventory-service,7.5,1785988176.1600132,INFO,,OK cpu=40% p99=105ms err=2.19%
live_ep_000047_NONE,NONE,inventory-service,8.0,1785988176.6603553,INFO,,OK cpu=24% p99=114ms err=0.74%
live_ep_000047_NONE,NONE,inventory-service,8.5,1785988177.160753,INFO,,OK cpu=37% p99=128ms err=0.39%
live_ep_000047_NONE,NONE,inventory-service,9.0,1785988177.6609142,INFO,,OK cpu=30% p99=110ms err=1.69%
live_ep_000047_NONE,NONE,inventory-service,9.5,1785988178.1610372,INFO,,OK cpu=31% p99=115ms err=4.39%
live_ep_000047_NONE,NONE,inventory-service,10.0,1785988178.6612954,INFO,,OK cpu=38% p99=113ms err=0.22%
live_ep_000047_NONE,NONE,inventory-service,10.5,1785988179.1614397,INFO,,OK cpu=39% p99=125ms err=1.18%
live_ep_000047_NONE,NONE,inventory-service,11.0,1785988179.6753547,INFO,,OK cpu=40% p99=111ms err=0.50%
live_ep_000047_NONE,NONE,inventory-service,11.5,1785988180.1761036,INFO,,OK cpu=37% p99=129ms err=1.20%
live_ep_000047_NONE,NONE,inventory-service,12.0,1785988180.8934336,INFO,,OK cpu=37% p99=125ms err=2.79%
live_ep_000047_NONE,NONE,inventory-service,12.5,1785988181.6260457,INFO,,OK cpu=31% p99=116ms err=2.89%
live_ep_000047_NONE,NONE,inventory-service,13.0,1785988182.353369,INFO,,OK cpu=37% p99=129ms err=0.51%
live_ep_000047_NONE,NONE,inventory-service,13.5,1785988182.8653345,INFO,,OK cpu=32% p99=117ms err=0.60%
live_ep_000047_NONE,NONE,inventory-service,14.0,1785988183.3809292,INFO,,OK cpu=40% p99=121ms err=0.98%
live_ep_000047_NONE,NONE,inventory-service,14.5,1785988183.884745,INFO,,OK cpu=41% p99=89ms err=1.86%
live_ep_000047_NONE,NONE,inventory-service,15.0,1785988184.3849146,INFO,,OK cpu=33% p99=134ms err=1.15%
live_ep_000047_NONE,NONE,inventory-service,15.5,1785988184.8878517,INFO,,OK cpu=38% p99=120ms err=1.17%
live_ep_000047_NONE,NONE,inventory-service,16.0,1785988185.3884022,INFO,,OK cpu=35% p99=111ms err=1.12%
live_ep_000047_NONE,NONE,inventory-service,16.5,1785988185.888883,INFO,,OK cpu=31% p99=132ms err=1.21%
live_ep_000047_NONE,NONE,inventory-service,17.0,1785988186.3889918,INFO,,OK cpu=41% p99=147ms err=0.62%
live_ep_000047_NONE,NONE,inventory-service,17.5,1785988186.8892643,INFO,,OK cpu=38% p99=129ms err=0.68%
live_ep_000047_NONE,NONE,inventory-service,18.0,1785988187.3897398,INFO,,OK cpu=26% p99=126ms err=0.43%
live_ep_000047_NONE,NONE,inventory-service,18.5,1785988187.8898547,INFO,,OK cpu=30% p99=107ms err=0.79%
live_ep_000047_NONE,NONE,inventory-service,19.0,1785988188.3903651,INFO,,OK cpu=36% p99=108ms err=1.24%
live_ep_000047_NONE,NONE,inventory-service,19.5,1785988188.890817,INFO,,OK cpu=39% p99=133ms err=1.65%
live_ep_000047_NONE,NONE,inventory-service,20.0,1785988189.3909104,INFO,,OK cpu=43% p99=123ms err=0.95%
live_ep_000047_NONE,NONE,inventory-service,20.5,1785988189.8914418,INFO,,OK cpu=34% p99=113ms err=0.88%
live_ep_000047_NONE,NONE,inventory-service,21.0,1785988190.39202,INFO,,OK cpu=43% p99=101ms err=1.14%
live_ep_000047_NONE,NONE,inventory-service,21.5,1785988190.8925428,INFO,,OK cpu=34% p99=115ms err=1.63%
live_ep_000047_NONE,NONE,inventory-service,22.0,1785988191.3926785,INFO,,OK cpu=44% p99=138ms err=0.69%
live_ep_000047_NONE,NONE,inventory-service,22.5,1785988191.8930917,INFO,,OK cpu=31% p99=106ms err=1.35%
live_ep_000047_NONE,NONE,inventory-service,23.0,1785988192.3934925,INFO,,OK cpu=28% p99=97ms err=0.36%
live_ep_000047_NONE,NONE,inventory-service,23.5,1785988192.893714,INFO,,OK cpu=39% p99=104ms err=1.60%
live_ep_000047_NONE,NONE,inventory-service,24.0,1785988193.3937998,INFO,,OK cpu=29% p99=101ms err=0.58%
live_ep_000047_NONE,NONE,inventory-service,24.5,1785988193.8942122,INFO,,OK cpu=22% p99=125ms err=0.73%
live_ep_000047_NONE,NONE,inventory-service,25.0,1785988194.3944483,INFO,,OK cpu=35% p99=116ms err=0.67%
live_ep_000047_NONE,NONE,inventory-service,25.5,1785988194.8946168,INFO,,OK cpu=40% p99=108ms err=0.15%
live_ep_000047_NONE,NONE,inventory-service,26.0,1785988195.394721,INFO,,OK cpu=33% p99=113ms err=0.57%
live_ep_000047_NONE,NONE,inventory-service,26.5,1785988195.8951576,INFO,,OK cpu=32% p99=114ms err=2.03%
live_ep_000047_NONE,NONE,inventory-service,27.0,1785988196.395274,INFO,,OK cpu=32% p99=114ms err=0.91%
live_ep_000047_NONE,NONE,inventory-service,27.5,1785988196.895722,INFO,,OK cpu=28% p99=125ms err=1.54%
live_ep_000047_NONE,NONE,inventory-service,28.0,1785988197.3960958,INFO,,OK cpu=42% p99=92ms err=0.38%
live_ep_000047_NONE,NONE,inventory-service,28.5,1785988197.896486,INFO,,OK cpu=39% p99=119ms err=0.94%
live_ep_000047_NONE,NONE,inventory-service,29.0,1785988198.3968554,INFO,,OK cpu=38% p99=140ms err=0.27%
live_ep_000047_NONE,NONE,inventory-service,29.5,1785988198.8976836,INFO,,OK cpu=37% p99=134ms err=0.75%
live_ep_000047_NONE,NONE,inventory-service,30.0,1785988199.3978143,INFO,,OK cpu=33% p99=100ms err=1.48%
live_ep_000047_NONE,NONE,inventory-service,30.5,1785988199.8980618,INFO,,OK cpu=41% p99=128ms err=0.31%
live_ep_000047_NONE,NONE,inventory-service,31.0,1785988200.3981893,INFO,,OK cpu=26% p99=127ms err=1.09%
live_ep_000047_NONE,NONE,inventory-service,31.5,1785988200.8984942,INFO,,OK cpu=42% p99=111ms err=0.25%
live_ep_000047_NONE,NONE,inventory-service,32.0,1785988201.398846,INFO,,OK cpu=35% p99=152ms err=0.64%
live_ep_000047_NONE,NONE,inventory-service,32.5,1785988201.8990629,INFO,,OK cpu=31% p99=136ms err=0.55%
live_ep_000047_NONE,NONE,inventory-service,33.0,1785988202.3995986,INFO,,OK cpu=34% p99=126ms err=1.40%
live_ep_000047_NONE,NONE,inventory-service,33.5,1785988202.899738,INFO,,OK cpu=30% p99=121ms err=0.56%
live_ep_000047_NONE,NONE,inventory-service,34.0,1785988203.4003162,INFO,,OK cpu=36% p99=114ms err=0.47%
live_ep_000047_NONE,NONE,inventory-service,34.5,1785988203.9007797,INFO,,OK cpu=30% p99=105ms err=1.81%
live_ep_000047_NONE,NONE,inventory-service,35.0,1785988204.400899,INFO,,OK cpu=35% p99=145ms err=0.60%
live_ep_000047_NONE,NONE,inventory-service,35.5,1785988204.90136,INFO,,OK cpu=29% p99=126ms err=1.68%
live_ep_000047_NONE,NONE,inventory-service,36.0,1785988205.4016047,INFO,,OK cpu=36% p99=129ms err=1.26%
live_ep_000047_NONE,NONE,inventory-service,36.5,1785988205.901682,INFO,,OK cpu=33% p99=93ms err=1.41%
live_ep_000047_NONE,NONE,inventory-service,37.0,1785988206.402055,INFO,,OK cpu=22% p99=97ms err=0.79%
live_ep_000047_NONE,NONE,inventory-service,37.5,1785988206.9024694,INFO,,OK cpu=33% p99=105ms err=0.18%
live_ep_000047_NONE,NONE,inventory-service,38.0,1785988207.402841,INFO,,OK cpu=38% p99=131ms err=0.73%
live_ep_000047_NONE,NONE,inventory-service,38.5,1785988207.905315,INFO,,OK cpu=36% p99=114ms err=0.88%
live_ep_000047_NONE,NONE,inventory-service,39.0,1785988208.4058259,INFO,,OK cpu=27% p99=132ms err=0.97%
live_ep_000047_NONE,NONE,inventory-service,39.5,1785988208.906373,INFO,,OK cpu=22% p99=131ms err=0.65%
live_ep_000047_NONE,NONE,inventory-service,40.0,1785988209.4068568,INFO,,OK cpu=38% p99=119ms err=0.20%
live_ep_000047_NONE,NONE,inventory-service,40.5,1785988209.9070196,INFO,,OK cpu=32% p99=121ms err=0.25%
live_ep_000047_NONE,NONE,inventory-service,41.0,1785988210.407439,INFO,,OK cpu=22% p99=106ms err=0.83%
live_ep_000047_NONE,NONE,inventory-service,41.5,1785988210.9077437,INFO,,OK cpu=24% p99=113ms err=0.73%
live_ep_000047_NONE,NONE,inventory-service,42.0,1785988211.4082227,INFO,,OK cpu=35% p99=127ms err=0.37%
live_ep_000047_NONE,NONE,inventory-service,42.5,1785988211.9083097,INFO,,OK cpu=40% p99=136ms err=1.99%
live_ep_000047_NONE,NONE,inventory-service,43.0,1785988212.4097726,INFO,,OK cpu=32% p99=121ms err=0.39%
live_ep_000047_NONE,NONE,inventory-service,43.5,1785988212.9099019,INFO,,OK cpu=34% p99=140ms err=0.56%
live_ep_000047_NONE,NONE,inventory-service,44.0,1785988213.4100735,INFO,,OK cpu=41% p99=112ms err=0.34%
live_ep_000047_NONE,NONE,inventory-service,44.5,1785988213.910418,INFO,,OK cpu=32% p99=146ms err=0.59%
live_ep_000047_NONE,NONE,inventory-service,45.0,1785988214.4110029,INFO,,OK cpu=42% p99=106ms err=1.40%
live_ep_000047_NONE,NONE,inventory-service,45.5,1785988214.911333,INFO,,OK cpu=29% p99=109ms err=0.32%
live_ep_000047_NONE,NONE,inventory-service,46.0,1785988215.411714,INFO,,OK cpu=33% p99=133ms err=1.02%
live_ep_000047_NONE,NONE,inventory-service,46.5,1785988215.9122,INFO,,OK cpu=33% p99=130ms err=0.56%
live_ep_000047_NONE,NONE,inventory-service,47.0,1785988216.4127533,INFO,,OK cpu=36% p99=108ms err=0.79%
live_ep_000047_NONE,NONE,inventory-service,47.5,1785988216.913034,INFO,,OK cpu=30% p99=110ms err=1.13%
live_ep_000047_NONE,NONE,inventory-service,48.0,1785988217.4136608,INFO,,OK cpu=34% p99=87ms err=1.05%
live_ep_000047_NONE,NONE,inventory-service,48.5,1785988217.913821,INFO,,OK cpu=40% p99=121ms err=0.33%
live_ep_000047_NONE,NONE,inventory-service,49.0,1785988218.4145632,INFO,,OK cpu=26% p99=103ms err=1.18%
live_ep_000047_NONE,NONE,inventory-service,49.5,1785988218.9149175,INFO,,OK cpu=30% p99=123ms err=0.65%
live_ep_000047_NONE,NONE,inventory-service,50.0,1785988219.415183,INFO,,OK cpu=36% p99=107ms err=0.53%
live_ep_000047_NONE,NONE,inventory-service,50.5,1785988219.9153514,INFO,,OK cpu=22% p99=92ms err=3.30%
live_ep_000047_NONE,NONE,inventory-service,51.0,1785988220.415936,INFO,,OK cpu=32% p99=139ms err=0.79%
live_ep_000047_NONE,NONE,inventory-service,51.5,1785988220.91637,INFO,,OK cpu=35% p99=110ms err=0.55%
live_ep_000047_NONE,NONE,inventory-service,52.0,1785988221.4167206,INFO,,OK cpu=33% p99=93ms err=2.02%
live_ep_000047_NONE,NONE,inventory-service,52.5,1785988221.9172728,INFO,,OK cpu=36% p99=122ms err=1.03%
live_ep_000047_NONE,NONE,inventory-service,53.0,1785988222.4178333,INFO,,OK cpu=42% p99=130ms err=0.85%
live_ep_000047_NONE,NONE,inventory-service,53.5,1785988222.9181345,INFO,,OK cpu=28% p99=115ms err=0.94%
live_ep_000047_NONE,NONE,inventory-service,54.0,1785988223.4184196,INFO,,OK cpu=32% p99=114ms err=0.93%
live_ep_000047_NONE,NONE,inventory-service,54.5,1785988223.9189034,INFO,,OK cpu=37% p99=114ms err=0.50%
live_ep_000047_NONE,NONE,inventory-service,55.0,1785988224.4191866,INFO,,OK cpu=31% p99=118ms err=0.59%
live_ep_000047_NONE,NONE,inventory-service,55.5,1785988224.919477,INFO,,OK cpu=46% p99=118ms err=0.52%
live_ep_000047_NONE,NONE,inventory-service,56.0,1785988225.419947,INFO,,OK cpu=38% p99=146ms err=1.07%
live_ep_000047_NONE,NONE,inventory-service,56.5,1785988225.9201705,INFO,,OK cpu=30% p99=111ms err=1.09%
live_ep_000047_NONE,NONE,inventory-service,57.0,1785988226.4203823,INFO,,OK cpu=33% p99=84ms err=1.73%
live_ep_000047_NONE,NONE,inventory-service,57.5,1785988226.9208415,INFO,,OK cpu=37% p99=121ms err=1.37%
live_ep_000047_NONE,NONE,inventory-service,58.0,1785988227.4211352,INFO,,OK cpu=41% p99=85ms err=2.38%
live_ep_000047_NONE,NONE,inventory-service,58.5,1785988227.9219706,INFO,,OK cpu=34% p99=149ms err=2.82%
live_ep_000047_NONE,NONE,inventory-service,59.0,1785988228.4224038,INFO,,OK cpu=35% p99=120ms err=1.94%
live_ep_000047_NONE,NONE,inventory-service,59.5,1785988228.9226892,INFO,,OK cpu=26% p99=141ms err=0.89%
live_ep_000048_NONE,NONE,payment-service,0.0,1785988229.4261677,INFO,,OK cpu=38% p99=102ms err=1.53%
live_ep_000048_NONE,NONE,payment-service,0.5,1785988229.9266903,INFO,,OK cpu=31% p99=136ms err=0.63%
live_ep_000048_NONE,NONE,payment-service,1.0,1785988230.4271386,INFO,,OK cpu=34% p99=133ms err=1.36%
live_ep_000048_NONE,NONE,payment-service,1.5,1785988230.9276025,INFO,,OK cpu=38% p99=105ms err=1.40%
live_ep_000048_NONE,NONE,payment-service,2.0,1785988231.4279587,INFO,,OK cpu=37% p99=115ms err=0.41%
live_ep_000048_NONE,NONE,payment-service,2.5,1785988231.9280891,INFO,,OK cpu=39% p99=107ms err=1.66%
live_ep_000048_NONE,NONE,payment-service,3.0,1785988232.428218,INFO,,OK cpu=23% p99=113ms err=0.37%
live_ep_000048_NONE,NONE,payment-service,3.5,1785988232.9287493,INFO,,OK cpu=39% p99=111ms err=0.33%
live_ep_000048_NONE,NONE,payment-service,4.0,1785988233.4291549,INFO,,OK cpu=34% p99=139ms err=1.13%
live_ep_000048_NONE,NONE,payment-service,4.5,1785988233.929464,INFO,,OK cpu=29% p99=120ms err=0.35%
live_ep_000048_NONE,NONE,payment-service,5.0,1785988234.4297786,INFO,,OK cpu=41% p99=149ms err=1.81%
live_ep_000048_NONE,NONE,payment-service,5.5,1785988234.9299622,INFO,,OK cpu=27% p99=93ms err=2.06%
live_ep_000048_NONE,NONE,payment-service,6.0,1785988235.4301658,INFO,,OK cpu=34% p99=105ms err=1.28%
live_ep_000048_NONE,NONE,payment-service,6.5,1785988235.934106,INFO,,OK cpu=32% p99=121ms err=0.79%
live_ep_000048_NONE,NONE,payment-service,7.0,1785988236.4347162,INFO,,OK cpu=35% p99=141ms err=0.92%
live_ep_000048_NONE,NONE,payment-service,7.5,1785988236.9350994,INFO,,OK cpu=27% p99=112ms err=4.83%
live_ep_000048_NONE,NONE,payment-service,8.0,1785988237.4353564,INFO,,OK cpu=32% p99=117ms err=1.59%
live_ep_000048_NONE,NONE,payment-service,8.5,1785988237.935524,INFO,,OK cpu=22% p99=107ms err=1.50%
live_ep_000048_NONE,NONE,payment-service,9.0,1785988238.4359045,INFO,,OK cpu=33% p99=107ms err=0.18%
live_ep_000048_NONE,NONE,payment-service,9.5,1785988238.936318,INFO,,OK cpu=41% p99=118ms err=1.73%
live_ep_000048_NONE,NONE,payment-service,10.0,1785988239.436686,INFO,,OK cpu=32% p99=108ms err=0.66%
live_ep_000048_NONE,NONE,payment-service,10.5,1785988239.9372196,INFO,,OK cpu=42% p99=102ms err=1.38%
live_ep_000048_NONE,NONE,payment-service,11.0,1785988240.4377925,INFO,,OK cpu=41% p99=131ms err=0.62%
live_ep_000048_NONE,NONE,payment-service,11.5,1785988240.938144,INFO,,OK cpu=33% p99=107ms err=0.45%
live_ep_000048_NONE,NONE,payment-service,12.0,1785988241.4385746,INFO,,OK cpu=37% p99=127ms err=0.50%
live_ep_000048_NONE,NONE,payment-service,12.5,1785988241.9391665,INFO,,OK cpu=37% p99=130ms err=2.89%
live_ep_000048_NONE,NONE,payment-service,13.0,1785988242.4396288,INFO,,OK cpu=32% p99=147ms err=0.08%
live_ep_000048_NONE,NONE,payment-service,13.5,1785988242.940269,INFO,,OK cpu=35% p99=125ms err=1.31%
live_ep_000048_NONE,NONE,payment-service,14.0,1785988243.4412818,INFO,,OK cpu=31% p99=122ms err=0.50%
live_ep_000048_NONE,NONE,payment-service,14.5,1785988243.9414802,INFO,,OK cpu=35% p99=115ms err=0.39%
live_ep_000048_NONE,NONE,payment-service,15.0,1785988244.4456182,INFO,,OK cpu=36% p99=124ms err=1.05%
live_ep_000048_NONE,NONE,payment-service,15.5,1785988244.9460526,INFO,,OK cpu=34% p99=100ms err=0.43%
live_ep_000048_NONE,NONE,payment-service,16.0,1785988245.4462802,INFO,,OK cpu=34% p99=114ms err=1.60%
live_ep_000048_NONE,NONE,payment-service,16.5,1785988245.9466882,INFO,,OK cpu=38% p99=118ms err=0.88%
live_ep_000048_NONE,NONE,payment-service,17.0,1785988246.447186,INFO,,OK cpu=39% p99=91ms err=1.92%
live_ep_000048_NONE,NONE,payment-service,17.5,1785988246.9476633,INFO,,OK cpu=48% p99=109ms err=1.40%
live_ep_000048_NONE,NONE,payment-service,18.0,1785988247.4482272,INFO,,OK cpu=34% p99=126ms err=0.93%
live_ep_000048_NONE,NONE,payment-service,18.5,1785988247.9487119,INFO,,OK cpu=34% p99=103ms err=0.84%
live_ep_000048_NONE,NONE,payment-service,19.0,1785988248.4490926,INFO,,OK cpu=33% p99=138ms err=1.34%
live_ep_000048_NONE,NONE,payment-service,19.5,1785988248.9492314,INFO,,OK cpu=33% p99=100ms err=0.58%
live_ep_000048_NONE,NONE,payment-service,20.0,1785988249.449321,INFO,,OK cpu=39% p99=106ms err=0.46%
live_ep_000048_NONE,NONE,payment-service,20.5,1785988249.949455,INFO,,OK cpu=22% p99=123ms err=1.22%
live_ep_000048_NONE,NONE,payment-service,21.0,1785988250.4495637,INFO,,OK cpu=26% p99=111ms err=0.39%
live_ep_000048_NONE,NONE,payment-service,21.5,1785988250.9497933,INFO,,OK cpu=31% p99=111ms err=0.79%
live_ep_000048_NONE,NONE,payment-service,22.0,1785988251.4502711,INFO,,OK cpu=28% p99=131ms err=1.18%
live_ep_000048_NONE,NONE,payment-service,22.5,1785988251.9505546,INFO,,OK cpu=36% p99=104ms err=0.69%
live_ep_000048_NONE,NONE,payment-service,23.0,1785988252.451329,INFO,,OK cpu=26% p99=124ms err=2.14%
live_ep_000048_NONE,NONE,payment-service,23.5,1785988252.952565,INFO,,OK cpu=32% p99=121ms err=0.85%
live_ep_000048_NONE,NONE,payment-service,24.0,1785988253.453126,INFO,,OK cpu=42% p99=108ms err=1.37%
live_ep_000048_NONE,NONE,payment-service,24.5,1785988253.9534347,INFO,,OK cpu=44% p99=129ms err=0.17%
live_ep_000048_NONE,NONE,payment-service,25.0,1785988254.453602,INFO,,OK cpu=29% p99=132ms err=0.60%
live_ep_000048_NONE,NONE,payment-service,25.5,1785988254.9537408,INFO,,OK cpu=36% p99=101ms err=1.44%
live_ep_000048_NONE,NONE,payment-service,26.0,1785988255.4565697,INFO,,OK cpu=31% p99=108ms err=0.90%
live_ep_000048_NONE,NONE,payment-service,26.5,1785988255.957014,INFO,,OK cpu=34% p99=138ms err=0.71%
live_ep_000048_NONE,NONE,payment-service,27.0,1785988256.4571006,INFO,,OK cpu=37% p99=138ms err=0.88%
live_ep_000048_NONE,NONE,payment-service,27.5,1785988256.9574287,INFO,,OK cpu=35% p99=146ms err=0.24%
live_ep_000048_NONE,NONE,payment-service,28.0,1785988257.457676,INFO,,OK cpu=42% p99=91ms err=0.36%
live_ep_000048_NONE,NONE,payment-service,28.5,1785988257.957869,INFO,,OK cpu=37% p99=124ms err=0.43%
live_ep_000048_NONE,NONE,payment-service,29.0,1785988258.4581707,INFO,,OK cpu=37% p99=123ms err=1.93%
live_ep_000048_NONE,NONE,payment-service,29.5,1785988258.9586134,INFO,,OK cpu=31% p99=144ms err=0.38%
live_ep_000048_NONE,NONE,payment-service,30.0,1785988259.4591064,INFO,,OK cpu=40% p99=127ms err=1.06%
live_ep_000048_NONE,NONE,payment-service,30.5,1785988259.9595509,INFO,,OK cpu=33% p99=115ms err=2.46%
live_ep_000048_NONE,NONE,payment-service,31.0,1785988260.4599128,INFO,,OK cpu=33% p99=108ms err=0.89%
live_ep_000048_NONE,NONE,payment-service,31.5,1785988260.9603426,INFO,,OK cpu=32% p99=138ms err=1.18%
live_ep_000048_NONE,NONE,payment-service,32.0,1785988261.4608347,INFO,,OK cpu=34% p99=130ms err=0.42%
live_ep_000048_NONE,NONE,payment-service,32.5,1785988261.9611223,INFO,,OK cpu=33% p99=100ms err=1.39%
live_ep_000048_NONE,NONE,payment-service,33.0,1785988262.4614446,INFO,,OK cpu=32% p99=142ms err=1.86%
live_ep_000048_NONE,NONE,payment-service,33.5,1785988262.9617617,INFO,,OK cpu=32% p99=121ms err=0.22%
live_ep_000048_NONE,NONE,payment-service,34.0,1785988263.4623299,INFO,,OK cpu=26% p99=128ms err=0.25%
live_ep_000048_NONE,NONE,payment-service,34.5,1785988263.9627786,INFO,,OK cpu=40% p99=136ms err=0.21%
live_ep_000048_NONE,NONE,payment-service,35.0,1785988264.4630065,INFO,,OK cpu=38% p99=119ms err=0.53%
live_ep_000048_NONE,NONE,payment-service,35.5,1785988264.9632287,INFO,,OK cpu=45% p99=131ms err=1.06%
live_ep_000048_NONE,NONE,payment-service,36.0,1785988265.46374,INFO,,OK cpu=35% p99=110ms err=1.09%
live_ep_000048_NONE,NONE,payment-service,36.5,1785988265.9640322,INFO,,OK cpu=31% p99=130ms err=0.34%
live_ep_000048_NONE,NONE,payment-service,37.0,1785988266.4643736,INFO,,OK cpu=36% p99=127ms err=1.18%
live_ep_000048_NONE,NONE,payment-service,37.5,1785988266.964782,INFO,,OK cpu=35% p99=103ms err=0.05%
live_ep_000048_NONE,NONE,payment-service,38.0,1785988267.4648519,INFO,,OK cpu=34% p99=128ms err=0.59%
live_ep_000048_NONE,NONE,payment-service,38.5,1785988267.9653702,INFO,,OK cpu=28% p99=123ms err=0.52%
live_ep_000048_NONE,NONE,payment-service,39.0,1785988268.4662738,INFO,,OK cpu=29% p99=97ms err=0.53%
live_ep_000048_NONE,NONE,payment-service,39.5,1785988268.9665177,INFO,,OK cpu=37% p99=120ms err=0.68%
live_ep_000048_NONE,NONE,payment-service,40.0,1785988269.466905,INFO,,OK cpu=38% p99=108ms err=0.83%
live_ep_000048_NONE,NONE,payment-service,40.5,1785988269.9670904,INFO,,OK cpu=33% p99=121ms err=1.00%
live_ep_000048_NONE,NONE,payment-service,41.0,1785988270.4679005,INFO,,OK cpu=39% p99=141ms err=0.82%
live_ep_000048_NONE,NONE,payment-service,41.5,1785988270.9700572,INFO,,OK cpu=26% p99=113ms err=0.81%
live_ep_000048_NONE,NONE,payment-service,42.0,1785988271.470289,INFO,,OK cpu=35% p99=113ms err=0.68%
live_ep_000048_NONE,NONE,payment-service,42.5,1785988271.9706156,INFO,,OK cpu=39% p99=128ms err=0.48%
live_ep_000048_NONE,NONE,payment-service,43.0,1785988272.4724224,INFO,,OK cpu=44% p99=122ms err=0.77%
live_ep_000048_NONE,NONE,payment-service,43.5,1785988272.9726133,INFO,,OK cpu=36% p99=119ms err=0.75%
live_ep_000048_NONE,NONE,payment-service,44.0,1785988273.4729557,INFO,,OK cpu=37% p99=101ms err=0.36%
live_ep_000048_NONE,NONE,payment-service,44.5,1785988273.9732754,INFO,,OK cpu=42% p99=138ms err=1.61%
live_ep_000048_NONE,NONE,payment-service,45.0,1785988274.4736161,INFO,,OK cpu=30% p99=115ms err=1.42%
live_ep_000048_NONE,NONE,payment-service,45.5,1785988274.9760754,INFO,,OK cpu=32% p99=134ms err=1.30%
live_ep_000048_NONE,NONE,payment-service,46.0,1785988275.4762564,INFO,,OK cpu=38% p99=129ms err=0.28%
live_ep_000048_NONE,NONE,payment-service,46.5,1785988275.9766586,INFO,,OK cpu=35% p99=109ms err=2.16%
live_ep_000048_NONE,NONE,payment-service,47.0,1785988276.4771473,INFO,,OK cpu=23% p99=97ms err=0.59%
live_ep_000048_NONE,NONE,payment-service,47.5,1785988276.9775703,INFO,,OK cpu=35% p99=132ms err=0.54%
live_ep_000048_NONE,NONE,payment-service,48.0,1785988277.4778543,INFO,,OK cpu=43% p99=120ms err=3.09%
live_ep_000048_NONE,NONE,payment-service,48.5,1785988277.9779444,INFO,,OK cpu=35% p99=135ms err=0.35%
live_ep_000048_NONE,NONE,payment-service,49.0,1785988278.4784443,INFO,,OK cpu=37% p99=118ms err=2.28%
live_ep_000048_NONE,NONE,payment-service,49.5,1785988278.9787772,INFO,,OK cpu=34% p99=106ms err=1.86%
live_ep_000048_NONE,NONE,payment-service,50.0,1785988279.4790702,INFO,,OK cpu=25% p99=112ms err=0.37%
live_ep_000048_NONE,NONE,payment-service,50.5,1785988279.9795358,INFO,,OK cpu=40% p99=117ms err=2.07%
live_ep_000048_NONE,NONE,payment-service,51.0,1785988280.4795876,INFO,,OK cpu=42% p99=140ms err=0.38%
live_ep_000048_NONE,NONE,payment-service,51.5,1785988280.9801002,INFO,,OK cpu=29% p99=133ms err=0.30%
live_ep_000048_NONE,NONE,payment-service,52.0,1785988281.4911983,INFO,,OK cpu=40% p99=131ms err=0.44%
live_ep_000048_NONE,NONE,payment-service,52.5,1785988281.9977078,INFO,,OK cpu=32% p99=103ms err=0.96%
live_ep_000048_NONE,NONE,payment-service,53.0,1785988282.4978158,INFO,,OK cpu=38% p99=134ms err=1.23%
live_ep_000048_NONE,NONE,payment-service,53.5,1785988282.998036,INFO,,OK cpu=41% p99=139ms err=0.53%
live_ep_000048_NONE,NONE,payment-service,54.0,1785988283.4986103,INFO,,OK cpu=32% p99=129ms err=0.63%
live_ep_000048_NONE,NONE,payment-service,54.5,1785988283.9988608,INFO,,OK cpu=47% p99=128ms err=0.80%
live_ep_000048_NONE,NONE,payment-service,55.0,1785988284.4992015,INFO,,OK cpu=44% p99=126ms err=0.82%
live_ep_000048_NONE,NONE,payment-service,55.5,1785988285.0000598,INFO,,OK cpu=27% p99=102ms err=0.34%
live_ep_000048_NONE,NONE,payment-service,56.0,1785988285.5006328,INFO,,OK cpu=34% p99=116ms err=1.36%
live_ep_000048_NONE,NONE,payment-service,56.5,1785988286.000904,INFO,,OK cpu=38% p99=93ms err=1.97%
live_ep_000048_NONE,NONE,payment-service,57.0,1785988286.5012774,INFO,,OK cpu=30% p99=121ms err=1.20%
live_ep_000048_NONE,NONE,payment-service,57.5,1785988287.0017939,INFO,,OK cpu=38% p99=101ms err=0.57%
live_ep_000048_NONE,NONE,payment-service,58.0,1785988287.5020337,INFO,,OK cpu=26% p99=112ms err=1.96%
live_ep_000048_NONE,NONE,payment-service,58.5,1785988288.0028129,INFO,,OK cpu=36% p99=115ms err=3.27%
live_ep_000048_NONE,NONE,payment-service,59.0,1785988288.5030866,INFO,,OK cpu=34% p99=109ms err=0.44%
live_ep_000048_NONE,NONE,payment-service,59.5,1785988289.0040176,INFO,,OK cpu=34% p99=127ms err=1.03%
live_ep_000049_LATENCY_SPIKE,LATENCY_SPIKE,auth-service,0.0,1785988289.5093777,WARNING,,WARN p99=120ms gc_p99=38ms -- latency spike
live_ep_000049_LATENCY_SPIKE,LATENCY_SPIKE,auth-service,0.5,1785988290.009815,WARNING,,WARN p99=137ms gc_p99=19ms -- latency spike
live_ep_000049_LATENCY_SPIKE,LATENCY_SPIKE,auth-service,1.0,1785988290.5113893,WARNING,,WARN p99=130ms gc_p99=12ms -- latency spike
live_ep_000049_LATENCY_SPIKE,LATENCY_SPIKE,auth-service,1.5,1785988291.0117638,WARNING,,WARN p99=138ms gc_p99=6ms -- latency spike
live_ep_000049_LATENCY_SPIKE,LATENCY_SPIKE,auth-service,2.0,1785988291.512036,WARNING,,WARN p99=100ms gc_p99=6ms -- latency spike
live_ep_000049_LATENCY_SPIKE,LATENCY_SPIKE,auth-service,2.5,1785988292.0124,WARNING,,WARN p99=136ms gc_p99=7ms -- latency spike
live_ep_000049_LATENCY_SPIKE,LATENCY_SPIKE,auth-service,3.0,1785988292.51399,WARNING,,WARN p99=132ms gc_p99=60ms -- latency spike
live_ep_000049_LATENCY_SPIKE,LATENCY_SPIKE,auth-service,3.5,1785988293.0142355,WARNING,,WARN p99=117ms gc_p99=16ms -- latency spike
live_ep_000049_LATENCY_SPIKE,LATENCY_SPIKE,auth-service,4.0,1785988293.5145783,WARNING,,WARN p99=104ms gc_p99=10ms -- latency spike
live_ep_000049_LATENCY_SPIKE,LATENCY_SPIKE,auth-service,4.5,1785988294.0151265,WARNING,,WARN p99=104ms gc_p99=24ms -- latency spike
live_ep_000049_LATENCY_SPIKE,LATENCY_SPIKE,auth-service,5.0,1785988294.5154493,WARNING,,WARN p99=303ms gc_p99=225ms -- latency spike
live_ep_000049_LATENCY_SPIKE,LATENCY_SPIKE,auth-service,5.5,1785988295.0159726,WARNING,,WARN p99=100ms gc_p99=10ms -- latency spike
live_ep_000049_LATENCY_SPIKE,LATENCY_SPIKE,auth-service,6.0,1785988295.5163605,WARNING,,WARN p99=136ms gc_p99=9ms -- latency spike
live_ep_000049_LATENCY_SPIKE,LATENCY_SPIKE,auth-service,6.5,1785988296.0170066,WARNING,,WARN p99=117ms gc_p99=5ms -- latency spike
live_ep_000049_LATENCY_SPIKE,LATENCY_SPIKE,auth-service,7.0,1785988296.5176773,WARNING,,WARN p99=136ms gc_p99=8ms -- latency spike
live_ep_000049_LATENCY_SPIKE,LATENCY_SPIKE,auth-service,7.5,1785988297.0211966,WARNING,,WARN p99=117ms gc_p99=42ms -- latency spike
live_ep_000049_LATENCY_SPIKE,LATENCY_SPIKE,auth-service,8.0,1785988297.5216546,WARNING,,WARN p99=108ms gc_p99=2ms -- latency spike
live_ep_000049_LATENCY_SPIKE,LATENCY_SPIKE,auth-service,8.5,1785988298.0218496,WARNING,,WARN p99=107ms gc_p99=5ms -- latency spike
live_ep_000049_LATENCY_SPIKE,LATENCY_SPIKE,auth-service,9.0,1785988298.5227044,WARNING,,WARN p99=348ms gc_p99=280ms -- latency spike
live_ep_000049_LATENCY_SPIKE,LATENCY_SPIKE,auth-service,9.5,1785988299.0229201,WARNING,,WARN p99=123ms gc_p99=7ms -- latency spike
live_ep_000049_LATENCY_SPIKE,LATENCY_SPIKE,auth-service,10.0,1785988299.523957,WARNING,,WARN p99=110ms gc_p99=14ms -- latency spike
live_ep_000049_LATENCY_SPIKE,LATENCY_SPIKE,auth-service,10.5,1785988300.0240786,WARNING,,WARN p99=146ms gc_p99=5ms -- latency spike
live_ep_000049_LATENCY_SPIKE,LATENCY_SPIKE,auth-service,11.0,1785988300.524401,WARNING,,WARN p99=129ms gc_p99=4ms -- latency spike
live_ep_000049_LATENCY_SPIKE,LATENCY_SPIKE,auth-service,11.5,1785988301.0245605,WARNING,,WARN p99=114ms gc_p99=29ms -- latency spike
live_ep_000049_LATENCY_SPIKE,LATENCY_SPIKE,auth-service,12.0,1785988301.524865,WARNING,,WARN p99=97ms gc_p99=6ms -- latency spike
live_ep_000049_LATENCY_SPIKE,LATENCY_SPIKE,auth-service,12.5,1785988302.0253253,WARNING,,WARN p99=121ms gc_p99=28ms -- latency spike
live_ep_000049_LATENCY_SPIKE,LATENCY_SPIKE,auth-service,13.0,1785988302.5254772,WARNING,,WARN p99=92ms gc_p99=19ms -- latency spike
live_ep_000049_LATENCY_SPIKE,LATENCY_SPIKE,auth-service,13.5,1785988303.025669,WARNING,,WARN p99=88ms gc_p99=9ms -- latency spike
live_ep_000049_LATENCY_SPIKE,LATENCY_SPIKE,auth-service,14.0,1785988303.526,WARNING,,WARN p99=96ms gc_p99=7ms -- latency spike
live_ep_000049_LATENCY_SPIKE,LATENCY_SPIKE,auth-service,14.5,1785988304.0264947,WARNING,,WARN p99=132ms gc_p99=5ms -- latency spike
live_ep_000049_LATENCY_SPIKE,LATENCY_SPIKE,auth-service,15.0,1785988304.5270085,WARNING,,WARN p99=140ms gc_p99=2ms -- latency spike
live_ep_000049_LATENCY_SPIKE,LATENCY_SPIKE,auth-service,15.5,1785988305.0275135,WARNING,,WARN p99=116ms gc_p99=10ms -- latency spike
live_ep_000049_LATENCY_SPIKE,LATENCY_SPIKE,auth-service,16.0,1785988305.5278625,WARNING,,WARN p99=94ms gc_p99=12ms -- latency spike
live_ep_000049_LATENCY_SPIKE,LATENCY_SPIKE,auth-service,16.5,1785988306.0282388,WARNING,,WARN p99=121ms gc_p99=17ms -- latency spike
live_ep_000049_LATENCY_SPIKE,LATENCY_SPIKE,auth-service,17.0,1785988306.5284681,WARNING,,WARN p99=124ms gc_p99=18ms -- latency spike
live_ep_000049_LATENCY_SPIKE,LATENCY_SPIKE,auth-service,17.5,1785988307.0287757,WARNING,,WARN p99=88ms gc_p99=27ms -- latency spike
live_ep_000049_LATENCY_SPIKE,LATENCY_SPIKE,auth-service,18.0,1785988307.5289488,WARNING,,WARN p99=122ms gc_p99=16ms -- latency spike
live_ep_000049_LATENCY_SPIKE,LATENCY_SPIKE,auth-service,18.5,1785988308.0291457,WARNING,,WARN p99=101ms gc_p99=15ms -- latency spike
live_ep_000049_LATENCY_SPIKE,LATENCY_SPIKE,auth-service,19.0,1785988308.5292132,WARNING,,WARN p99=384ms gc_p99=287ms -- latency spike
live_ep_000049_LATENCY_SPIKE,LATENCY_SPIKE,auth-service,19.5,1785988309.0293245,WARNING,,WARN p99=120ms gc_p99=7ms -- latency spike
live_ep_000049_LATENCY_SPIKE,LATENCY_SPIKE,auth-service,20.0,1785988309.529411,WARNING,,WARN p99=118ms gc_p99=4ms -- latency spike
live_ep_000049_LATENCY_SPIKE,LATENCY_SPIKE,auth-service,20.5,1785988310.0298753,WARNING,,WARN p99=109ms gc_p99=15ms -- latency spike
live_ep_000049_LATENCY_SPIKE,LATENCY_SPIKE,auth-service,21.0,1785988310.5302331,WARNING,,WARN p99=115ms gc_p99=21ms -- latency spike
live_ep_000049_LATENCY_SPIKE,LATENCY_SPIKE,auth-service,21.5,1785988311.0304363,WARNING,,WARN p99=134ms gc_p99=14ms -- latency spike
live_ep_000049_LATENCY_SPIKE,LATENCY_SPIKE,auth-service,22.0,1785988311.5309353,WARNING,,WARN p99=124ms gc_p99=60ms -- latency spike
live_ep_000049_LATENCY_SPIKE,LATENCY_SPIKE,auth-service,22.5,1785988312.031406,WARNING,,WARN p99=116ms gc_p99=20ms -- latency spike
live_ep_000049_LATENCY_SPIKE,LATENCY_SPIKE,auth-service,23.0,1785988312.53193,WARNING,,WARN p99=119ms gc_p99=2ms -- latency spike
live_ep_000049_LATENCY_SPIKE,LATENCY_SPIKE,auth-service,23.5,1785988313.0320947,WARNING,,WARN p99=136ms gc_p99=11ms -- latency spike
live_ep_000049_LATENCY_SPIKE,LATENCY_SPIKE,auth-service,24.0,1785988313.5328362,WARNING,,WARN p99=123ms gc_p99=3ms -- latency spike
live_ep_000049_LATENCY_SPIKE,LATENCY_SPIKE,auth-service,24.5,1785988314.0330088,WARNING,,WARN p99=103ms gc_p99=7ms -- latency spike
live_ep_000049_LATENCY_SPIKE,LATENCY_SPIKE,auth-service,25.0,1785988314.5332792,WARNING,,WARN p99=116ms gc_p99=42ms -- latency spike
live_ep_000049_LATENCY_SPIKE,LATENCY_SPIKE,auth-service,25.5,1785988315.0335445,WARNING,,WARN p99=104ms gc_p99=2ms -- latency spike
live_ep_000049_LATENCY_SPIKE,LATENCY_SPIKE,auth-service,26.0,1785988315.533771,WARNING,,WARN p99=123ms gc_p99=46ms -- latency spike
live_ep_000049_LATENCY_SPIKE,LATENCY_SPIKE,auth-service,26.5,1785988316.0343258,WARNING,,WARN p99=102ms gc_p99=11ms -- latency spike
live_ep_000049_LATENCY_SPIKE,LATENCY_SPIKE,auth-service,27.0,1785988316.534624,WARNING,,WARN p99=104ms gc_p99=19ms -- latency spike
live_ep_000049_LATENCY_SPIKE,LATENCY_SPIKE,auth-service,27.5,1785988317.0350494,WARNING,,WARN p99=98ms gc_p99=17ms -- latency spike
live_ep_000049_LATENCY_SPIKE,LATENCY_SPIKE,auth-service,28.0,1785988317.535326,WARNING,,WARN p99=127ms gc_p99=8ms -- latency spike
live_ep_000049_LATENCY_SPIKE,LATENCY_SPIKE,auth-service,28.5,1785988318.035737,WARNING,,WARN p99=127ms gc_p99=20ms -- latency spike
live_ep_000049_LATENCY_SPIKE,LATENCY_SPIKE,auth-service,29.0,1785988318.536174,WARNING,,WARN p99=119ms gc_p99=6ms -- latency spike
live_ep_000049_LATENCY_SPIKE,LATENCY_SPIKE,auth-service,29.5,1785988319.036583,WARNING,,WARN p99=114ms gc_p99=60ms -- latency spike
live_ep_000049_LATENCY_SPIKE,LATENCY_SPIKE,auth-service,30.0,1785988319.537162,WARNING,,WARN p99=438ms gc_p99=330ms -- latency spike
live_ep_000049_LATENCY_SPIKE,LATENCY_SPIKE,auth-service,30.5,1785988320.0373166,WARNING,,WARN p99=127ms gc_p99=40ms -- latency spike
live_ep_000049_LATENCY_SPIKE,LATENCY_SPIKE,auth-service,31.0,1785988320.5376036,WARNING,,WARN p99=359ms gc_p99=275ms -- latency spike
live_ep_000049_LATENCY_SPIKE,LATENCY_SPIKE,auth-service,31.5,1785988321.0380242,WARNING,,WARN p99=148ms gc_p99=12ms -- latency spike
live_ep_000049_LATENCY_SPIKE,LATENCY_SPIKE,auth-service,32.0,1785988321.5385845,WARNING,,WARN p99=452ms gc_p99=303ms -- latency spike
live_ep_000049_LATENCY_SPIKE,LATENCY_SPIKE,auth-service,32.5,1785988322.0389674,WARNING,,WARN p99=124ms gc_p99=6ms -- latency spike
live_ep_000049_LATENCY_SPIKE,LATENCY_SPIKE,auth-service,33.0,1785988322.539423,WARNING,,WARN p99=115ms gc_p99=10ms -- latency spike
live_ep_000049_LATENCY_SPIKE,LATENCY_SPIKE,auth-service,33.5,1785988323.0396726,WARNING,,WARN p99=105ms gc_p99=6ms -- latency spike
live_ep_000049_LATENCY_SPIKE,LATENCY_SPIKE,auth-service,34.0,1785988323.5401256,WARNING,,WARN p99=125ms gc_p99=26ms -- latency spike
live_ep_000049_LATENCY_SPIKE,LATENCY_SPIKE,auth-service,34.5,1785988324.0403311,WARNING,,WARN p99=111ms gc_p99=3ms -- latency spike
live_ep_000049_LATENCY_SPIKE,LATENCY_SPIKE,auth-service,35.0,1785988324.540548,WARNING,,WARN p99=136ms gc_p99=5ms -- latency spike
live_ep_000049_LATENCY_SPIKE,LATENCY_SPIKE,auth-service,35.5,1785988325.0409229,WARNING,,WARN p99=108ms gc_p99=6ms -- latency spike
live_ep_000049_LATENCY_SPIKE,LATENCY_SPIKE,auth-service,36.0,1785988325.541456,WARNING,,WARN p99=124ms gc_p99=9ms -- latency spike
live_ep_000049_LATENCY_SPIKE,LATENCY_SPIKE,auth-service,36.5,1785988326.041558,WARNING,,WARN p99=120ms gc_p99=13ms -- latency spike
live_ep_000049_LATENCY_SPIKE,LATENCY_SPIKE,auth-service,37.0,1785988326.541953,WARNING,,WARN p99=115ms gc_p99=6ms -- latency spike
live_ep_000049_LATENCY_SPIKE,LATENCY_SPIKE,auth-service,37.5,1785988327.042035,WARNING,,WARN p99=132ms gc_p99=6ms -- latency spike
live_ep_000049_LATENCY_SPIKE,LATENCY_SPIKE,auth-service,38.0,1785988327.5423057,WARNING,,WARN p99=125ms gc_p99=7ms -- latency spike
live_ep_000049_LATENCY_SPIKE,LATENCY_SPIKE,auth-service,38.5,1785988328.0427375,WARNING,,WARN p99=146ms gc_p99=11ms -- latency spike
live_ep_000049_LATENCY_SPIKE,LATENCY_SPIKE,auth-service,39.0,1785988328.543344,WARNING,,WARN p99=86ms gc_p99=19ms -- latency spike
live_ep_000049_LATENCY_SPIKE,LATENCY_SPIKE,auth-service,39.5,1785988329.0437863,WARNING,,WARN p99=143ms gc_p99=2ms -- latency spike
live_ep_000049_LATENCY_SPIKE,LATENCY_SPIKE,auth-service,40.0,1785988329.544016,WARNING,,WARN p99=92ms gc_p99=18ms -- latency spike
live_ep_000049_LATENCY_SPIKE,LATENCY_SPIKE,auth-service,40.5,1785988330.0450718,WARNING,,WARN p99=118ms gc_p99=8ms -- latency spike
live_ep_000049_LATENCY_SPIKE,LATENCY_SPIKE,auth-service,41.0,1785988330.5451987,WARNING,,WARN p99=112ms gc_p99=3ms -- latency spike
live_ep_000049_LATENCY_SPIKE,LATENCY_SPIKE,auth-service,41.5,1785988331.045614,WARNING,,WARN p99=121ms gc_p99=8ms -- latency spike
live_ep_000049_LATENCY_SPIKE,LATENCY_SPIKE,auth-service,42.0,1785988331.5468905,WARNING,,WARN p99=116ms gc_p99=41ms -- latency spike
live_ep_000049_LATENCY_SPIKE,LATENCY_SPIKE,auth-service,42.5,1785988332.0474317,WARNING,,WARN p99=98ms gc_p99=13ms -- latency spike
live_ep_000049_LATENCY_SPIKE,LATENCY_SPIKE,auth-service,43.0,1785988332.5475767,WARNING,,WARN p99=124ms gc_p99=10ms -- latency spike
live_ep_000049_LATENCY_SPIKE,LATENCY_SPIKE,auth-service,43.5,1785988333.048092,WARNING,,WARN p99=155ms gc_p99=4ms -- latency spike
live_ep_000049_LATENCY_SPIKE,LATENCY_SPIKE,auth-service,44.0,1785988333.5486395,WARNING,,WARN p99=122ms gc_p99=14ms -- latency spike
live_ep_000049_LATENCY_SPIKE,LATENCY_SPIKE,auth-service,44.5,1785988334.049073,WARNING,,WARN p99=109ms gc_p99=9ms -- latency spike
live_ep_000049_LATENCY_SPIKE,LATENCY_SPIKE,auth-service,45.0,1785988334.5495799,WARNING,,WARN p99=243ms gc_p99=151ms -- latency spike
live_ep_000049_LATENCY_SPIKE,LATENCY_SPIKE,auth-service,45.5,1785988335.0499399,WARNING,,WARN p99=136ms gc_p99=11ms -- latency spike
live_ep_000049_LATENCY_SPIKE,LATENCY_SPIKE,auth-service,46.0,1785988335.5501685,WARNING,,WARN p99=100ms gc_p99=4ms -- latency spike
live_ep_000049_LATENCY_SPIKE,LATENCY_SPIKE,auth-service,46.5,1785988336.0506306,WARNING,,WARN p99=117ms gc_p99=60ms -- latency spike
live_ep_000049_LATENCY_SPIKE,LATENCY_SPIKE,auth-service,47.0,1785988336.5507019,WARNING,,WARN p99=249ms gc_p99=235ms -- latency spike
live_ep_000049_LATENCY_SPIKE,LATENCY_SPIKE,auth-service,47.5,1785988337.0511284,WARNING,,WARN p99=109ms gc_p99=19ms -- latency spike
live_ep_000049_LATENCY_SPIKE,LATENCY_SPIKE,auth-service,48.0,1785988337.5513604,WARNING,,WARN p99=108ms gc_p99=44ms -- latency spike
live_ep_000049_LATENCY_SPIKE,LATENCY_SPIKE,auth-service,48.5,1785988338.0517547,WARNING,,WARN p99=151ms gc_p99=2ms -- latency spike
live_ep_000049_LATENCY_SPIKE,LATENCY_SPIKE,auth-service,49.0,1785988338.5520866,WARNING,,WARN p99=133ms gc_p99=19ms -- latency spike
live_ep_000049_LATENCY_SPIKE,LATENCY_SPIKE,auth-service,49.5,1785988339.052657,WARNING,,WARN p99=129ms gc_p99=33ms -- latency spike
live_ep_000049_LATENCY_SPIKE,LATENCY_SPIKE,auth-service,50.0,1785988339.5528245,WARNING,,WARN p99=237ms gc_p99=202ms -- latency spike
live_ep_000049_LATENCY_SPIKE,LATENCY_SPIKE,auth-service,50.5,1785988340.0531948,WARNING,,WARN p99=116ms gc_p99=19ms -- latency spike
live_ep_000049_LATENCY_SPIKE,LATENCY_SPIKE,auth-service,51.0,1785988340.5534546,WARNING,,WARN p99=141ms gc_p99=13ms -- latency spike
live_ep_000049_LATENCY_SPIKE,LATENCY_SPIKE,auth-service,51.5,1785988341.0536542,WARNING,,WARN p99=133ms gc_p99=27ms -- latency spike
live_ep_000049_LATENCY_SPIKE,LATENCY_SPIKE,auth-service,52.0,1785988341.5537894,WARNING,,WARN p99=105ms gc_p99=19ms -- latency spike
live_ep_000049_LATENCY_SPIKE,LATENCY_SPIKE,auth-service,52.5,1785988342.0541918,WARNING,,WARN p99=295ms gc_p99=178ms -- latency spike
live_ep_000049_LATENCY_SPIKE,LATENCY_SPIKE,auth-service,53.0,1785988342.5544477,WARNING,,WARN p99=120ms gc_p99=17ms -- latency spike
live_ep_000049_LATENCY_SPIKE,LATENCY_SPIKE,auth-service,53.5,1785988343.0548813,WARNING,,WARN p99=128ms gc_p99=27ms -- latency spike
live_ep_000049_LATENCY_SPIKE,LATENCY_SPIKE,auth-service,54.0,1785988343.5553896,WARNING,,WARN p99=127ms gc_p99=18ms -- latency spike
live_ep_000049_LATENCY_SPIKE,LATENCY_SPIKE,auth-service,54.5,1785988344.0559633,WARNING,,WARN p99=111ms gc_p99=2ms -- latency spike
live_ep_000049_LATENCY_SPIKE,LATENCY_SPIKE,auth-service,55.0,1785988344.5560994,WARNING,,WARN p99=93ms gc_p99=12ms -- latency spike
live_ep_000049_LATENCY_SPIKE,LATENCY_SPIKE,auth-service,55.5,1785988345.0564597,WARNING,,WARN p99=122ms gc_p99=15ms -- latency spike
live_ep_000049_LATENCY_SPIKE,LATENCY_SPIKE,auth-service,56.0,1785988345.556674,WARNING,,WARN p99=123ms gc_p99=26ms -- latency spike
live_ep_000049_LATENCY_SPIKE,LATENCY_SPIKE,auth-service,56.5,1785988346.056811,WARNING,,WARN p99=111ms gc_p99=46ms -- latency spike
live_ep_000049_LATENCY_SPIKE,LATENCY_SPIKE,auth-service,57.0,1785988346.5569272,WARNING,,WARN p99=138ms gc_p99=4ms -- latency spike
live_ep_000049_LATENCY_SPIKE,LATENCY_SPIKE,auth-service,57.5,1785988347.0570545,WARNING,,WARN p99=127ms gc_p99=8ms -- latency spike
live_ep_000049_LATENCY_SPIKE,LATENCY_SPIKE,auth-service,58.0,1785988347.557659,WARNING,,WARN p99=137ms gc_p99=16ms -- latency spike
live_ep_000049_LATENCY_SPIKE,LATENCY_SPIKE,auth-service,58.5,1785988348.0581377,WARNING,,WARN p99=144ms gc_p99=16ms -- latency spike
live_ep_000049_LATENCY_SPIKE,LATENCY_SPIKE,auth-service,59.0,1785988348.558684,WARNING,,WARN p99=125ms gc_p99=25ms -- latency spike
live_ep_000049_LATENCY_SPIKE,LATENCY_SPIKE,auth-service,59.5,1785988349.059098,WARNING,,WARN p99=105ms gc_p99=2ms -- latency spike
live_ep_000050_DB_SLOWDOWN,DB_SLOWDOWN,inventory-service,0.0,1785988349.5610852,WARNING,,WARN db_p99=19ms -- slow query detected
live_ep_000050_DB_SLOWDOWN,DB_SLOWDOWN,inventory-service,0.5,1785988350.0611577,WARNING,,WARN db_p99=21ms -- slow query detected
live_ep_000050_DB_SLOWDOWN,DB_SLOWDOWN,inventory-service,1.0,1785988350.5614166,WARNING,,WARN db_p99=20ms -- slow query detected
live_ep_000050_DB_SLOWDOWN,DB_SLOWDOWN,inventory-service,1.5,1785988351.061554,WARNING,,WARN db_p99=31ms -- slow query detected
live_ep_000050_DB_SLOWDOWN,DB_SLOWDOWN,inventory-service,2.0,1785988351.5618994,WARNING,,WARN db_p99=23ms -- slow query detected
live_ep_000050_DB_SLOWDOWN,DB_SLOWDOWN,inventory-service,2.5,1785988352.062289,WARNING,,WARN db_p99=23ms -- slow query detected
live_ep_000050_DB_SLOWDOWN,DB_SLOWDOWN,inventory-service,3.0,1785988352.5628574,WARNING,,WARN db_p99=17ms -- slow query detected
live_ep_000050_DB_SLOWDOWN,DB_SLOWDOWN,inventory-service,3.5,1785988353.063111,WARNING,,WARN db_p99=19ms -- slow query detected
live_ep_000050_DB_SLOWDOWN,DB_SLOWDOWN,inventory-service,4.0,1785988353.5635388,WARNING,,WARN db_p99=20ms -- slow query detected
live_ep_000050_DB_SLOWDOWN,DB_SLOWDOWN,inventory-service,4.5,1785988354.064003,WARNING,,WARN db_p99=16ms -- slow query detected
live_ep_000050_DB_SLOWDOWN,DB_SLOWDOWN,inventory-service,5.0,1785988354.5643075,WARNING,,WARN db_p99=23ms -- slow query detected
live_ep_000050_DB_SLOWDOWN,DB_SLOWDOWN,inventory-service,5.5,1785988355.0647123,WARNING,,WARN db_p99=13ms -- slow query detected
live_ep_000050_DB_SLOWDOWN,DB_SLOWDOWN,inventory-service,6.0,1785988355.5651996,WARNING,,WARN db_p99=24ms -- slow query detected
live_ep_000050_DB_SLOWDOWN,DB_SLOWDOWN,inventory-service,6.5,1785988356.0656793,WARNING,,WARN db_p99=25ms -- slow query detected
live_ep_000050_DB_SLOWDOWN,DB_SLOWDOWN,inventory-service,7.0,1785988356.5660105,WARNING,,WARN db_p99=17ms -- slow query detected
live_ep_000050_DB_SLOWDOWN,DB_SLOWDOWN,inventory-service,7.5,1785988357.0661786,WARNING,,WARN db_p99=21ms -- slow query detected
live_ep_000050_DB_SLOWDOWN,DB_SLOWDOWN,inventory-service,8.0,1785988357.56631,WARNING,,WARN db_p99=16ms -- slow query detected
live_ep_000050_DB_SLOWDOWN,DB_SLOWDOWN,inventory-service,8.5,1785988358.0664375,WARNING,,WARN db_p99=19ms -- slow query detected
live_ep_000050_DB_SLOWDOWN,DB_SLOWDOWN,inventory-service,9.0,1785988358.5665436,WARNING,,WARN db_p99=25ms -- slow query detected
live_ep_000050_DB_SLOWDOWN,DB_SLOWDOWN,inventory-service,9.5,1785988359.0670598,WARNING,,WARN db_p99=31ms -- slow query detected
live_ep_000050_DB_SLOWDOWN,DB_SLOWDOWN,inventory-service,10.0,1785988359.5675035,WARNING,,WARN db_p99=20ms -- slow query detected
live_ep_000050_DB_SLOWDOWN,DB_SLOWDOWN,inventory-service,10.5,1785988360.0678377,WARNING,,WARN db_p99=27ms -- slow query detected
live_ep_000050_DB_SLOWDOWN,DB_SLOWDOWN,inventory-service,11.0,1785988360.568419,WARNING,,WARN db_p99=20ms -- slow query detected
live_ep_000050_DB_SLOWDOWN,DB_SLOWDOWN,inventory-service,11.5,1785988361.0689442,WARNING,,WARN db_p99=13ms -- slow query detected
live_ep_000050_DB_SLOWDOWN,DB_SLOWDOWN,inventory-service,12.0,1785988361.569371,WARNING,,WARN db_p99=26ms -- slow query detected
live_ep_000050_DB_SLOWDOWN,DB_SLOWDOWN,inventory-service,12.5,1785988362.0697327,WARNING,,WARN db_p99=20ms -- slow query detected
live_ep_000050_DB_SLOWDOWN,DB_SLOWDOWN,inventory-service,13.0,1785988362.5700347,WARNING,,WARN db_p99=19ms -- slow query detected
live_ep_000050_DB_SLOWDOWN,DB_SLOWDOWN,inventory-service,13.5,1785988363.0704794,WARNING,,WARN db_p99=11ms -- slow query detected
live_ep_000050_DB_SLOWDOWN,DB_SLOWDOWN,inventory-service,14.0,1785988363.5709097,WARNING,,WARN db_p99=26ms -- slow query detected
live_ep_000050_DB_SLOWDOWN,DB_SLOWDOWN,inventory-service,14.5,1785988364.0710387,WARNING,,WARN db_p99=42ms -- slow query detected
live_ep_000050_DB_SLOWDOWN,DB_SLOWDOWN,inventory-service,15.0,1785988364.5712678,WARNING,,WARN db_p99=15ms -- slow query detected
live_ep_000050_DB_SLOWDOWN,DB_SLOWDOWN,inventory-service,15.5,1785988365.0716016,WARNING,,WARN db_p99=25ms -- slow query detected
live_ep_000050_DB_SLOWDOWN,DB_SLOWDOWN,inventory-service,16.0,1785988365.5717587,WARNING,,WARN db_p99=14ms -- slow query detected
live_ep_000050_DB_SLOWDOWN,DB_SLOWDOWN,inventory-service,16.5,1785988366.0719442,WARNING,,WARN db_p99=24ms -- slow query detected
live_ep_000050_DB_SLOWDOWN,DB_SLOWDOWN,inventory-service,17.0,1785988366.5722578,WARNING,,WARN db_p99=34ms -- slow query detected
live_ep_000050_DB_SLOWDOWN,DB_SLOWDOWN,inventory-service,17.5,1785988367.072574,WARNING,,WARN db_p99=14ms -- slow query detected
live_ep_000050_DB_SLOWDOWN,DB_SLOWDOWN,inventory-service,18.0,1785988367.5728197,WARNING,,WARN db_p99=25ms -- slow query detected
live_ep_000050_DB_SLOWDOWN,DB_SLOWDOWN,inventory-service,18.5,1785988368.0732398,WARNING,,WARN db_p99=40ms -- slow query detected
live_ep_000050_DB_SLOWDOWN,DB_SLOWDOWN,inventory-service,19.0,1785988368.573499,WARNING,,WARN db_p99=22ms -- slow query detected
live_ep_000050_DB_SLOWDOWN,DB_SLOWDOWN,inventory-service,19.5,1785988369.0735981,WARNING,,WARN db_p99=29ms -- slow query detected
live_ep_000050_DB_SLOWDOWN,DB_SLOWDOWN,inventory-service,20.0,1785988369.5737162,WARNING,,WARN db_p99=25ms -- slow query detected
live_ep_000050_DB_SLOWDOWN,DB_SLOWDOWN,inventory-service,20.5,1785988370.0741646,WARNING,,WARN db_p99=24ms -- slow query detected
live_ep_000050_DB_SLOWDOWN,DB_SLOWDOWN,inventory-service,21.0,1785988370.5743797,WARNING,,WARN db_p99=20ms -- slow query detected
live_ep_000050_DB_SLOWDOWN,DB_SLOWDOWN,inventory-service,21.5,1785988371.074691,WARNING,,WARN db_p99=26ms -- slow query detected
live_ep_000050_DB_SLOWDOWN,DB_SLOWDOWN,inventory-service,22.0,1785988371.5751104,WARNING,,WARN db_p99=23ms -- slow query detected
live_ep_000050_DB_SLOWDOWN,DB_SLOWDOWN,inventory-service,22.5,1785988372.0753498,WARNING,,WARN db_p99=16ms -- slow query detected
live_ep_000050_DB_SLOWDOWN,DB_SLOWDOWN,inventory-service,23.0,1785988372.5754907,WARNING,,WARN db_p99=22ms -- slow query detected
live_ep_000050_DB_SLOWDOWN,DB_SLOWDOWN,inventory-service,23.5,1785988373.0757213,WARNING,,WARN db_p99=20ms -- slow query detected
live_ep_000050_DB_SLOWDOWN,DB_SLOWDOWN,inventory-service,24.0,1785988373.575847,WARNING,,WARN db_p99=25ms -- slow query detected
live_ep_000050_DB_SLOWDOWN,DB_SLOWDOWN,inventory-service,24.5,1785988374.0760345,WARNING,,WARN db_p99=12ms -- slow query detected
live_ep_000050_DB_SLOWDOWN,DB_SLOWDOWN,inventory-service,25.0,1785988374.5764716,WARNING,,WARN db_p99=11ms -- slow query detected
live_ep_000050_DB_SLOWDOWN,DB_SLOWDOWN,inventory-service,25.5,1785988375.0769033,WARNING,,WARN db_p99=20ms -- slow query detected
live_ep_000050_DB_SLOWDOWN,DB_SLOWDOWN,inventory-service,26.0,1785988375.5772107,WARNING,,WARN db_p99=25ms -- slow query detected
live_ep_000050_DB_SLOWDOWN,DB_SLOWDOWN,inventory-service,26.5,1785988376.0776916,WARNING,,WARN db_p99=26ms -- slow query detected
live_ep_000050_DB_SLOWDOWN,DB_SLOWDOWN,inventory-service,27.0,1785988376.5780275,WARNING,,WARN db_p99=21ms -- slow query detected
live_ep_000050_DB_SLOWDOWN,DB_SLOWDOWN,inventory-service,27.5,1785988377.0780725,WARNING,,WARN db_p99=30ms -- slow query detected
live_ep_000050_DB_SLOWDOWN,DB_SLOWDOWN,inventory-service,28.0,1785988377.5782158,WARNING,,WARN db_p99=20ms -- slow query detected
live_ep_000050_DB_SLOWDOWN,DB_SLOWDOWN,inventory-service,28.5,1785988378.0784495,WARNING,,WARN db_p99=22ms -- slow query detected
live_ep_000050_DB_SLOWDOWN,DB_SLOWDOWN,inventory-service,29.0,1785988378.5786958,WARNING,,WARN db_p99=23ms -- slow query detected
live_ep_000050_DB_SLOWDOWN,DB_SLOWDOWN,inventory-service,29.5,1785988379.078904,WARNING,,WARN db_p99=21ms -- slow query detected
live_ep_000050_DB_SLOWDOWN,DB_SLOWDOWN,inventory-service,30.0,1785988379.5790632,WARNING,,WARN db_p99=20ms -- slow query detected
live_ep_000050_DB_SLOWDOWN,DB_SLOWDOWN,inventory-service,30.5,1785988380.0791392,WARNING,,WARN db_p99=31ms -- slow query detected
live_ep_000050_DB_SLOWDOWN,DB_SLOWDOWN,inventory-service,31.0,1785988380.5791998,WARNING,,WARN db_p99=37ms -- slow query detected
live_ep_000050_DB_SLOWDOWN,DB_SLOWDOWN,inventory-service,31.5,1785988381.0794344,WARNING,,WARN db_p99=29ms -- slow query detected
live_ep_000050_DB_SLOWDOWN,DB_SLOWDOWN,inventory-service,32.0,1785988381.57968,WARNING,,WARN db_p99=29ms -- slow query detected
live_ep_000050_DB_SLOWDOWN,DB_SLOWDOWN,inventory-service,32.5,1785988382.0799499,WARNING,,WARN db_p99=26ms -- slow query detected
live_ep_000050_DB_SLOWDOWN,DB_SLOWDOWN,inventory-service,33.0,1785988382.5804396,WARNING,,WARN db_p99=32ms -- slow query detected
live_ep_000050_DB_SLOWDOWN,DB_SLOWDOWN,inventory-service,33.5,1785988383.0807965,WARNING,,WARN db_p99=20ms -- slow query detected
live_ep_000050_DB_SLOWDOWN,DB_SLOWDOWN,inventory-service,34.0,1785988383.5809486,WARNING,,WARN db_p99=37ms -- slow query detected
live_ep_000050_DB_SLOWDOWN,DB_SLOWDOWN,inventory-service,34.5,1785988384.081163,WARNING,,WARN db_p99=36ms -- slow query detected
live_ep_000050_DB_SLOWDOWN,DB_SLOWDOWN,inventory-service,35.0,1785988384.5816317,WARNING,,WARN db_p99=51ms -- slow query detected
live_ep_000050_DB_SLOWDOWN,DB_SLOWDOWN,inventory-service,35.5,1785988385.0818932,WARNING,,WARN db_p99=41ms -- slow query detected
live_ep_000050_DB_SLOWDOWN,DB_SLOWDOWN,inventory-service,36.0,1785988385.582155,WARNING,,WARN db_p99=43ms -- slow query detected
live_ep_000050_DB_SLOWDOWN,DB_SLOWDOWN,inventory-service,36.5,1785988386.0822365,WARNING,,WARN db_p99=22ms -- slow query detected
live_ep_000050_DB_SLOWDOWN,DB_SLOWDOWN,inventory-service,37.0,1785988386.5828452,WARNING,,WARN db_p99=50ms -- slow query detected
live_ep_000050_DB_SLOWDOWN,DB_SLOWDOWN,inventory-service,37.5,1785988387.0831044,WARNING,,WARN db_p99=37ms -- slow query detected
live_ep_000050_DB_SLOWDOWN,DB_SLOWDOWN,inventory-service,38.0,1785988387.5834074,WARNING,,WARN db_p99=45ms -- slow query detected
live_ep_000050_DB_SLOWDOWN,DB_SLOWDOWN,inventory-service,38.5,1785988388.0837803,WARNING,,WARN db_p99=21ms -- slow query detected
live_ep_000050_DB_SLOWDOWN,DB_SLOWDOWN,inventory-service,39.0,1785988388.5841892,WARNING,,WARN db_p99=27ms -- slow query detected
live_ep_000050_DB_SLOWDOWN,DB_SLOWDOWN,inventory-service,39.5,1785988389.0844219,WARNING,,WARN db_p99=55ms -- slow query detected
live_ep_000050_DB_SLOWDOWN,DB_SLOWDOWN,inventory-service,40.0,1785988389.584817,WARNING,,WARN db_p99=23ms -- slow query detected
live_ep_000050_DB_SLOWDOWN,DB_SLOWDOWN,inventory-service,40.5,1785988390.0848837,WARNING,,WARN db_p99=44ms -- slow query detected
live_ep_000050_DB_SLOWDOWN,DB_SLOWDOWN,inventory-service,41.0,1785988390.5850253,WARNING,,WARN db_p99=46ms -- slow query detected
live_ep_000050_DB_SLOWDOWN,DB_SLOWDOWN,inventory-service,41.5,1785988391.0855846,WARNING,,WARN db_p99=39ms -- slow query detected
live_ep_000050_DB_SLOWDOWN,DB_SLOWDOWN,inventory-service,42.0,1785988391.585928,WARNING,,WARN db_p99=36ms -- slow query detected
live_ep_000050_DB_SLOWDOWN,DB_SLOWDOWN,inventory-service,42.5,1785988392.0863554,WARNING,,WARN db_p99=34ms -- slow query detected
live_ep_000050_DB_SLOWDOWN,DB_SLOWDOWN,inventory-service,43.0,1785988392.586513,WARNING,,WARN db_p99=44ms -- slow query detected
live_ep_000050_DB_SLOWDOWN,DB_SLOWDOWN,inventory-service,43.5,1785988393.086847,WARNING,,WARN db_p99=20ms -- slow query detected
live_ep_000050_DB_SLOWDOWN,DB_SLOWDOWN,inventory-service,44.0,1785988393.5873523,WARNING,,WARN db_p99=39ms -- slow query detected
live_ep_000050_DB_SLOWDOWN,DB_SLOWDOWN,inventory-service,44.5,1785988394.0876946,WARNING,,WARN db_p99=35ms -- slow query detected
live_ep_000050_DB_SLOWDOWN,DB_SLOWDOWN,inventory-service,45.0,1785988394.5879931,WARNING,,WARN db_p99=38ms -- slow query detected
live_ep_000050_DB_SLOWDOWN,DB_SLOWDOWN,inventory-service,45.5,1785988395.088456,WARNING,,WARN db_p99=48ms -- slow query detected
live_ep_000050_DB_SLOWDOWN,DB_SLOWDOWN,inventory-service,46.0,1785988395.5890028,WARNING,,WARN db_p99=28ms -- slow query detected
live_ep_000050_DB_SLOWDOWN,DB_SLOWDOWN,inventory-service,46.5,1785988396.0895588,WARNING,,WARN db_p99=41ms -- slow query detected
live_ep_000050_DB_SLOWDOWN,DB_SLOWDOWN,inventory-service,47.0,1785988396.5900776,WARNING,,WARN db_p99=44ms -- slow query detected
live_ep_000050_DB_SLOWDOWN,DB_SLOWDOWN,inventory-service,47.5,1785988397.0902102,WARNING,,WARN db_p99=40ms -- slow query detected
live_ep_000050_DB_SLOWDOWN,DB_SLOWDOWN,inventory-service,48.0,1785988397.590589,WARNING,,WARN db_p99=65ms -- slow query detected
live_ep_000050_DB_SLOWDOWN,DB_SLOWDOWN,inventory-service,48.5,1785988398.0910625,WARNING,,WARN db_p99=46ms -- slow query detected
live_ep_000050_DB_SLOWDOWN,DB_SLOWDOWN,inventory-service,49.0,1785988398.5914054,WARNING,,WARN db_p99=57ms -- slow query detected
live_ep_000050_DB_SLOWDOWN,DB_SLOWDOWN,inventory-service,49.5,1785988399.0916529,WARNING,,WARN db_p99=40ms -- slow query detected
live_ep_000050_DB_SLOWDOWN,DB_SLOWDOWN,inventory-service,50.0,1785988399.5918257,WARNING,,WARN db_p99=27ms -- slow query detected
live_ep_000050_DB_SLOWDOWN,DB_SLOWDOWN,inventory-service,50.5,1785988400.0922198,WARNING,,WARN db_p99=58ms -- slow query detected
live_ep_000050_DB_SLOWDOWN,DB_SLOWDOWN,inventory-service,51.0,1785988400.5925949,WARNING,,WARN db_p99=31ms -- slow query detected
live_ep_000050_DB_SLOWDOWN,DB_SLOWDOWN,inventory-service,51.5,1785988401.0929222,WARNING,,WARN db_p99=42ms -- slow query detected
live_ep_000050_DB_SLOWDOWN,DB_SLOWDOWN,inventory-service,52.0,1785988401.5930007,WARNING,,WARN db_p99=78ms -- slow query detected
live_ep_000050_DB_SLOWDOWN,DB_SLOWDOWN,inventory-service,52.5,1785988402.0931227,WARNING,,WARN db_p99=75ms -- slow query detected
live_ep_000050_DB_SLOWDOWN,DB_SLOWDOWN,inventory-service,53.0,1785988402.5933874,WARNING,,WARN db_p99=39ms -- slow query detected
live_ep_000050_DB_SLOWDOWN,DB_SLOWDOWN,inventory-service,53.5,1785988403.0934932,WARNING,,WARN db_p99=45ms -- slow query detected
live_ep_000050_DB_SLOWDOWN,DB_SLOWDOWN,inventory-service,54.0,1785988403.5938368,WARNING,,WARN db_p99=86ms -- slow query detected
live_ep_000050_DB_SLOWDOWN,DB_SLOWDOWN,inventory-service,54.5,1785988404.094329,WARNING,,WARN db_p99=51ms -- slow query detected
live_ep_000050_DB_SLOWDOWN,DB_SLOWDOWN,inventory-service,55.0,1785988404.5947855,WARNING,,WARN db_p99=63ms -- slow query detected
live_ep_000050_DB_SLOWDOWN,DB_SLOWDOWN,inventory-service,55.5,1785988405.094992,WARNING,,WARN db_p99=52ms -- slow query detected
live_ep_000050_DB_SLOWDOWN,DB_SLOWDOWN,inventory-service,56.0,1785988405.5951707,WARNING,,WARN db_p99=51ms -- slow query detected
live_ep_000050_DB_SLOWDOWN,DB_SLOWDOWN,inventory-service,56.5,1785988406.095337,WARNING,,WARN db_p99=55ms -- slow query detected
live_ep_000050_DB_SLOWDOWN,DB_SLOWDOWN,inventory-service,57.0,1785988406.5954778,WARNING,,WARN db_p99=44ms -- slow query detected
live_ep_000050_DB_SLOWDOWN,DB_SLOWDOWN,inventory-service,57.5,1785988407.095882,WARNING,,WARN db_p99=74ms -- slow query detected
live_ep_000050_DB_SLOWDOWN,DB_SLOWDOWN,inventory-service,58.0,1785988407.5963233,WARNING,,WARN db_p99=63ms -- slow query detected
live_ep_000050_DB_SLOWDOWN,DB_SLOWDOWN,inventory-service,58.5,1785988408.0964015,WARNING,,WARN db_p99=66ms -- slow query detected
live_ep_000050_DB_SLOWDOWN,DB_SLOWDOWN,inventory-service,59.0,1785988408.5965512,WARNING,,WARN db_p99=49ms -- slow query detected
live_ep_000050_DB_SLOWDOWN,DB_SLOWDOWN,inventory-service,59.5,1785988409.097004,WARNING,,WARN db_p99=62ms -- slow query detected
live_ep_000051_CASCADING_FAILURE,CASCADING_FAILURE,order-service,0.0,1785988409.5985258,CRITICAL,SystemOverloadException,CRITICAL cpu=41% err=2.01% p99=104ms -- cascade
live_ep_000051_CASCADING_FAILURE,CASCADING_FAILURE,order-service,0.5,1785988410.0986233,CRITICAL,SystemOverloadException,CRITICAL cpu=38% err=0.94% p99=137ms -- cascade
live_ep_000051_CASCADING_FAILURE,CASCADING_FAILURE,order-service,1.0,1785988410.599142,CRITICAL,SystemOverloadException,CRITICAL cpu=43% err=1.46% p99=133ms -- cascade
live_ep_000051_CASCADING_FAILURE,CASCADING_FAILURE,order-service,1.5,1785988411.0997448,CRITICAL,SystemOverloadException,CRITICAL cpu=42% err=1.24% p99=114ms -- cascade
live_ep_000051_CASCADING_FAILURE,CASCADING_FAILURE,order-service,2.0,1785988411.5999842,CRITICAL,SystemOverloadException,CRITICAL cpu=30% err=1.54% p99=127ms -- cascade
live_ep_000051_CASCADING_FAILURE,CASCADING_FAILURE,order-service,2.5,1785988412.1004217,CRITICAL,SystemOverloadException,CRITICAL cpu=47% err=0.41% p99=140ms -- cascade
live_ep_000051_CASCADING_FAILURE,CASCADING_FAILURE,order-service,3.0,1785988412.6008046,CRITICAL,SystemOverloadException,CRITICAL cpu=29% err=1.07% p99=119ms -- cascade
live_ep_000051_CASCADING_FAILURE,CASCADING_FAILURE,order-service,3.5,1785988413.1012483,CRITICAL,SystemOverloadException,CRITICAL cpu=30% err=0.60% p99=95ms -- cascade
live_ep_000051_CASCADING_FAILURE,CASCADING_FAILURE,order-service,4.0,1785988413.6015196,CRITICAL,SystemOverloadException,CRITICAL cpu=36% err=0.97% p99=142ms -- cascade
live_ep_000051_CASCADING_FAILURE,CASCADING_FAILURE,order-service,4.5,1785988414.1015966,CRITICAL,SystemOverloadException,CRITICAL cpu=37% err=0.51% p99=143ms -- cascade
live_ep_000051_CASCADING_FAILURE,CASCADING_FAILURE,order-service,5.0,1785988414.6017218,CRITICAL,SystemOverloadException,CRITICAL cpu=41% err=0.55% p99=139ms -- cascade
live_ep_000051_CASCADING_FAILURE,CASCADING_FAILURE,order-service,5.5,1785988415.101876,CRITICAL,SystemOverloadException,CRITICAL cpu=81% err=1.30% p99=1555ms -- cascade
live_ep_000051_CASCADING_FAILURE,CASCADING_FAILURE,order-service,6.0,1785988415.6025667,CRITICAL,SystemOverloadException,CRITICAL cpu=81% err=1.04% p99=1253ms -- cascade
live_ep_000051_CASCADING_FAILURE,CASCADING_FAILURE,order-service,6.5,1785988416.1027381,CRITICAL,SystemOverloadException,CRITICAL cpu=84% err=1.55% p99=1535ms -- cascade
live_ep_000051_CASCADING_FAILURE,CASCADING_FAILURE,order-service,7.0,1785988416.6029613,CRITICAL,SystemOverloadException,CRITICAL cpu=78% err=0.61% p99=1352ms -- cascade
live_ep_000051_CASCADING_FAILURE,CASCADING_FAILURE,order-service,7.5,1785988417.103306,CRITICAL,SystemOverloadException,CRITICAL cpu=84% err=2.38% p99=1458ms -- cascade
live_ep_000051_CASCADING_FAILURE,CASCADING_FAILURE,order-service,8.0,1785988417.6035583,CRITICAL,SystemOverloadException,CRITICAL cpu=78% err=1.63% p99=1486ms -- cascade
live_ep_000051_CASCADING_FAILURE,CASCADING_FAILURE,order-service,8.5,1785988418.1036468,CRITICAL,SystemOverloadException,CRITICAL cpu=81% err=0.45% p99=1441ms -- cascade
live_ep_000051_CASCADING_FAILURE,CASCADING_FAILURE,order-service,9.0,1785988418.6037621,CRITICAL,SystemOverloadException,CRITICAL cpu=78% err=0.44% p99=1451ms -- cascade
live_ep_000051_CASCADING_FAILURE,CASCADING_FAILURE,order-service,9.5,1785988419.1041577,CRITICAL,SystemOverloadException,CRITICAL cpu=84% err=1.07% p99=1363ms -- cascade
live_ep_000051_CASCADING_FAILURE,CASCADING_FAILURE,order-service,10.0,1785988419.6045682,CRITICAL,SystemOverloadException,CRITICAL cpu=80% err=1.05% p99=1342ms -- cascade
live_ep_000051_CASCADING_FAILURE,CASCADING_FAILURE,order-service,10.5,1785988420.1047313,CRITICAL,SystemOverloadException,CRITICAL cpu=82% err=1.12% p99=1448ms -- cascade
live_ep_000051_CASCADING_FAILURE,CASCADING_FAILURE,order-service,11.0,1785988420.6050591,CRITICAL,SystemOverloadException,CRITICAL cpu=89% err=1.42% p99=1580ms -- cascade
live_ep_000051_CASCADING_FAILURE,CASCADING_FAILURE,order-service,11.5,1785988421.105156,CRITICAL,SystemOverloadException,CRITICAL cpu=80% err=3.48% p99=1546ms -- cascade
live_ep_000051_CASCADING_FAILURE,CASCADING_FAILURE,order-service,12.0,1785988421.6052525,CRITICAL,SystemOverloadException,CRITICAL cpu=84% err=1.31% p99=1445ms -- cascade
live_ep_000051_CASCADING_FAILURE,CASCADING_FAILURE,order-service,12.5,1785988422.1056447,CRITICAL,SystemOverloadException,CRITICAL cpu=79% err=1.15% p99=1411ms -- cascade
live_ep_000051_CASCADING_FAILURE,CASCADING_FAILURE,order-service,13.0,1785988422.6061356,CRITICAL,SystemOverloadException,CRITICAL cpu=80% err=1.55% p99=1455ms -- cascade
live_ep_000051_CASCADING_FAILURE,CASCADING_FAILURE,order-service,13.5,1785988423.1067245,CRITICAL,SystemOverloadException,CRITICAL cpu=82% err=1.35% p99=1452ms -- cascade
live_ep_000051_CASCADING_FAILURE,CASCADING_FAILURE,order-service,14.0,1785988423.6071055,CRITICAL,SystemOverloadException,CRITICAL cpu=85% err=1.83% p99=1631ms -- cascade
live_ep_000051_CASCADING_FAILURE,CASCADING_FAILURE,order-service,14.5,1785988424.1072564,CRITICAL,SystemOverloadException,CRITICAL cpu=78% err=2.54% p99=1523ms -- cascade
live_ep_000051_CASCADING_FAILURE,CASCADING_FAILURE,order-service,15.0,1785988424.6076148,CRITICAL,SystemOverloadException,CRITICAL cpu=80% err=1.74% p99=1541ms -- cascade
live_ep_000051_CASCADING_FAILURE,CASCADING_FAILURE,order-service,15.5,1785988425.107932,CRITICAL,SystemOverloadException,CRITICAL cpu=73% err=1.64% p99=1522ms -- cascade
live_ep_000051_CASCADING_FAILURE,CASCADING_FAILURE,order-service,16.0,1785988425.608486,CRITICAL,SystemOverloadException,CRITICAL cpu=81% err=1.94% p99=1434ms -- cascade
live_ep_000051_CASCADING_FAILURE,CASCADING_FAILURE,order-service,16.5,1785988426.1092608,CRITICAL,SystemOverloadException,CRITICAL cpu=81% err=2.40% p99=1540ms -- cascade
live_ep_000051_CASCADING_FAILURE,CASCADING_FAILURE,order-service,17.0,1785988426.6098313,CRITICAL,SystemOverloadException,CRITICAL cpu=82% err=3.56% p99=1331ms -- cascade
live_ep_000051_CASCADING_FAILURE,CASCADING_FAILURE,order-service,17.5,1785988427.1100879,CRITICAL,SystemOverloadException,CRITICAL cpu=79% err=3.59% p99=1131ms -- cascade
live_ep_000051_CASCADING_FAILURE,CASCADING_FAILURE,order-service,18.0,1785988427.6102529,CRITICAL,SystemOverloadException,CRITICAL cpu=87% err=2.38% p99=1468ms -- cascade
live_ep_000051_CASCADING_FAILURE,CASCADING_FAILURE,order-service,18.5,1785988428.1107337,CRITICAL,SystemOverloadException,CRITICAL cpu=76% err=2.45% p99=1410ms -- cascade
live_ep_000051_CASCADING_FAILURE,CASCADING_FAILURE,order-service,19.0,1785988428.6112225,CRITICAL,SystemOverloadException,CRITICAL cpu=81% err=2.77% p99=1435ms -- cascade
live_ep_000051_CASCADING_FAILURE,CASCADING_FAILURE,order-service,19.5,1785988429.1115084,CRITICAL,SystemOverloadException,CRITICAL cpu=87% err=2.30% p99=1465ms -- cascade
live_ep_000051_CASCADING_FAILURE,CASCADING_FAILURE,order-service,20.0,1785988429.6116202,CRITICAL,SystemOverloadException,CRITICAL cpu=79% err=2.41% p99=1636ms -- cascade
live_ep_000051_CASCADING_FAILURE,CASCADING_FAILURE,order-service,20.5,1785988430.1117074,CRITICAL,SystemOverloadException,CRITICAL cpu=78% err=3.48% p99=1560ms -- cascade
live_ep_000051_CASCADING_FAILURE,CASCADING_FAILURE,order-service,21.0,1785988430.6122456,CRITICAL,SystemOverloadException,CRITICAL cpu=88% err=2.56% p99=1506ms -- cascade
live_ep_000051_CASCADING_FAILURE,CASCADING_FAILURE,order-service,21.5,1785988431.1124508,CRITICAL,SystemOverloadException,CRITICAL cpu=90% err=3.41% p99=1651ms -- cascade
live_ep_000051_CASCADING_FAILURE,CASCADING_FAILURE,order-service,22.0,1785988431.612882,CRITICAL,SystemOverloadException,CRITICAL cpu=78% err=2.70% p99=1478ms -- cascade
live_ep_000051_CASCADING_FAILURE,CASCADING_FAILURE,order-service,22.5,1785988432.1132693,CRITICAL,SystemOverloadException,CRITICAL cpu=85% err=2.72% p99=1380ms -- cascade
live_ep_000051_CASCADING_FAILURE,CASCADING_FAILURE,order-service,23.0,1785988432.6134064,CRITICAL,SystemOverloadException,CRITICAL cpu=70% err=3.56% p99=1520ms -- cascade
live_ep_000051_CASCADING_FAILURE,CASCADING_FAILURE,order-service,23.5,1785988433.1135292,CRITICAL,SystemOverloadException,CRITICAL cpu=84% err=3.46% p99=1360ms -- cascade
live_ep_000051_CASCADING_FAILURE,CASCADING_FAILURE,order-service,24.0,1785988433.6140864,CRITICAL,SystemOverloadException,CRITICAL cpu=77% err=3.61% p99=1551ms -- cascade
live_ep_000051_CASCADING_FAILURE,CASCADING_FAILURE,order-service,24.5,1785988434.1144323,CRITICAL,SystemOverloadException,CRITICAL cpu=91% err=3.46% p99=1539ms -- cascade
live_ep_000051_CASCADING_FAILURE,CASCADING_FAILURE,order-service,25.0,1785988434.6147535,CRITICAL,SystemOverloadException,CRITICAL cpu=81% err=4.33% p99=1394ms -- cascade
live_ep_000051_CASCADING_FAILURE,CASCADING_FAILURE,order-service,25.5,1785988435.1150222,CRITICAL,SystemOverloadException,CRITICAL cpu=88% err=3.54% p99=1464ms -- cascade
live_ep_000051_CASCADING_FAILURE,CASCADING_FAILURE,order-service,26.0,1785988435.6152918,CRITICAL,SystemOverloadException,CRITICAL cpu=77% err=3.30% p99=1375ms -- cascade
live_ep_000051_CASCADING_FAILURE,CASCADING_FAILURE,order-service,26.5,1785988436.1156774,CRITICAL,SystemOverloadException,CRITICAL cpu=74% err=3.68% p99=1357ms -- cascade
live_ep_000051_CASCADING_FAILURE,CASCADING_FAILURE,order-service,27.0,1785988436.61604,CRITICAL,SystemOverloadException,CRITICAL cpu=76% err=3.56% p99=1416ms -- cascade
live_ep_000051_CASCADING_FAILURE,CASCADING_FAILURE,order-service,27.5,1785988437.1165476,CRITICAL,SystemOverloadException,CRITICAL cpu=79% err=4.61% p99=1301ms -- cascade
live_ep_000051_CASCADING_FAILURE,CASCADING_FAILURE,order-service,28.0,1785988437.6167157,CRITICAL,SystemOverloadException,CRITICAL cpu=84% err=3.67% p99=1402ms -- cascade
live_ep_000051_CASCADING_FAILURE,CASCADING_FAILURE,order-service,28.5,1785988438.1171021,CRITICAL,SystemOverloadException,CRITICAL cpu=80% err=4.42% p99=1309ms -- cascade
live_ep_000051_CASCADING_FAILURE,CASCADING_FAILURE,order-service,29.0,1785988438.6172338,CRITICAL,SystemOverloadException,CRITICAL cpu=80% err=4.42% p99=1496ms -- cascade
live_ep_000051_CASCADING_FAILURE,CASCADING_FAILURE,order-service,29.5,1785988439.1174703,CRITICAL,SystemOverloadException,CRITICAL cpu=81% err=3.93% p99=1473ms -- cascade
live_ep_000051_CASCADING_FAILURE,CASCADING_FAILURE,order-service,30.0,1785988439.6178463,CRITICAL,SystemOverloadException,CRITICAL cpu=89% err=4.11% p99=1564ms -- cascade
live_ep_000051_CASCADING_FAILURE,CASCADING_FAILURE,order-service,30.5,1785988440.1179185,CRITICAL,SystemOverloadException,CRITICAL cpu=89% err=3.78% p99=1494ms -- cascade
live_ep_000051_CASCADING_FAILURE,CASCADING_FAILURE,order-service,31.0,1785988440.6182492,CRITICAL,SystemOverloadException,CRITICAL cpu=88% err=3.77% p99=1526ms -- cascade
live_ep_000051_CASCADING_FAILURE,CASCADING_FAILURE,order-service,31.5,1785988441.118346,CRITICAL,SystemOverloadException,CRITICAL cpu=86% err=4.52% p99=1592ms -- cascade
live_ep_000051_CASCADING_FAILURE,CASCADING_FAILURE,order-service,32.0,1785988441.6187959,CRITICAL,SystemOverloadException,CRITICAL cpu=78% err=7.08% p99=1606ms -- cascade
live_ep_000051_CASCADING_FAILURE,CASCADING_FAILURE,order-service,32.5,1785988442.1188889,CRITICAL,SystemOverloadException,CRITICAL cpu=79% err=4.41% p99=1481ms -- cascade
live_ep_000051_CASCADING_FAILURE,CASCADING_FAILURE,order-service,33.0,1785988442.6190183,CRITICAL,SystemOverloadException,CRITICAL cpu=97% err=5.70% p99=1493ms -- cascade
live_ep_000051_CASCADING_FAILURE,CASCADING_FAILURE,order-service,33.5,1785988443.11962,CRITICAL,SystemOverloadException,CRITICAL cpu=87% err=5.11% p99=1679ms -- cascade
live_ep_000051_CASCADING_FAILURE,CASCADING_FAILURE,order-service,34.0,1785988443.619833,CRITICAL,SystemOverloadException,CRITICAL cpu=91% err=4.49% p99=1675ms -- cascade
live_ep_000051_CASCADING_FAILURE,CASCADING_FAILURE,order-service,34.5,1785988444.120083,CRITICAL,SystemOverloadException,CRITICAL cpu=81% err=4.82% p99=1535ms -- cascade
live_ep_000051_CASCADING_FAILURE,CASCADING_FAILURE,order-service,35.0,1785988444.6205862,CRITICAL,SystemOverloadException,CRITICAL cpu=79% err=4.90% p99=1555ms -- cascade
live_ep_000051_CASCADING_FAILURE,CASCADING_FAILURE,order-service,35.5,1785988445.1211517,CRITICAL,SystemOverloadException,CRITICAL cpu=82% err=5.89% p99=1374ms -- cascade
live_ep_000051_CASCADING_FAILURE,CASCADING_FAILURE,order-service,36.0,1785988445.6212802,CRITICAL,SystemOverloadException,CRITICAL cpu=77% err=4.86% p99=1480ms -- cascade
live_ep_000051_CASCADING_FAILURE,CASCADING_FAILURE,order-service,36.5,1785988446.1213372,CRITICAL,SystemOverloadException,CRITICAL cpu=84% err=5.16% p99=1241ms -- cascade
live_ep_000051_CASCADING_FAILURE,CASCADING_FAILURE,order-service,37.0,1785988446.621521,CRITICAL,SystemOverloadException,CRITICAL cpu=77% err=4.54% p99=1349ms -- cascade
live_ep_000051_CASCADING_FAILURE,CASCADING_FAILURE,order-service,37.5,1785988447.1219008,CRITICAL,SystemOverloadException,CRITICAL cpu=75% err=5.45% p99=1396ms -- cascade
live_ep_000051_CASCADING_FAILURE,CASCADING_FAILURE,order-service,38.0,1785988447.622434,CRITICAL,SystemOverloadException,CRITICAL cpu=84% err=6.87% p99=1549ms -- cascade
live_ep_000051_CASCADING_FAILURE,CASCADING_FAILURE,order-service,38.5,1785988448.1229055,CRITICAL,SystemOverloadException,CRITICAL cpu=80% err=6.01% p99=1275ms -- cascade
live_ep_000051_CASCADING_FAILURE,CASCADING_FAILURE,order-service,39.0,1785988448.6231394,CRITICAL,SystemOverloadException,CRITICAL cpu=69% err=5.67% p99=1231ms -- cascade
live_ep_000051_CASCADING_FAILURE,CASCADING_FAILURE,order-service,39.5,1785988449.1236157,CRITICAL,SystemOverloadException,CRITICAL cpu=82% err=5.73% p99=1385ms -- cascade
live_ep_000051_CASCADING_FAILURE,CASCADING_FAILURE,order-service,40.0,1785988449.6237135,CRITICAL,SystemOverloadException,CRITICAL cpu=89% err=5.77% p99=1586ms -- cascade
live_ep_000051_CASCADING_FAILURE,CASCADING_FAILURE,order-service,40.5,1785988450.1239455,CRITICAL,SystemOverloadException,CRITICAL cpu=82% err=7.45% p99=1456ms -- cascade
live_ep_000051_CASCADING_FAILURE,CASCADING_FAILURE,order-service,41.0,1785988450.6242518,CRITICAL,SystemOverloadException,CRITICAL cpu=78% err=6.59% p99=1375ms -- cascade
live_ep_000051_CASCADING_FAILURE,CASCADING_FAILURE,order-service,41.5,1785988451.1246514,CRITICAL,SystemOverloadException,CRITICAL cpu=74% err=5.97% p99=1398ms -- cascade
live_ep_000051_CASCADING_FAILURE,CASCADING_FAILURE,order-service,42.0,1785988451.6249964,CRITICAL,SystemOverloadException,CRITICAL cpu=77% err=6.98% p99=1518ms -- cascade
live_ep_000051_CASCADING_FAILURE,CASCADING_FAILURE,order-service,42.5,1785988452.1251402,CRITICAL,SystemOverloadException,CRITICAL cpu=74% err=6.72% p99=1440ms -- cascade
live_ep_000051_CASCADING_FAILURE,CASCADING_FAILURE,order-service,43.0,1785988452.6253946,CRITICAL,SystemOverloadException,CRITICAL cpu=82% err=7.46% p99=1382ms -- cascade
live_ep_000051_CASCADING_FAILURE,CASCADING_FAILURE,order-service,43.5,1785988453.1258078,CRITICAL,SystemOverloadException,CRITICAL cpu=87% err=6.90% p99=1573ms -- cascade
live_ep_000051_CASCADING_FAILURE,CASCADING_FAILURE,order-service,44.0,1785988453.6263177,CRITICAL,SystemOverloadException,CRITICAL cpu=77% err=5.80% p99=1456ms -- cascade
live_ep_000051_CASCADING_FAILURE,CASCADING_FAILURE,order-service,44.5,1785988454.1263936,CRITICAL,SystemOverloadException,CRITICAL cpu=73% err=7.92% p99=1318ms -- cascade
live_ep_000051_CASCADING_FAILURE,CASCADING_FAILURE,order-service,45.0,1785988454.6268547,CRITICAL,SystemOverloadException,CRITICAL cpu=89% err=6.61% p99=1461ms -- cascade
live_ep_000051_CASCADING_FAILURE,CASCADING_FAILURE,order-service,45.5,1785988455.1271698,CRITICAL,SystemOverloadException,CRITICAL cpu=77% err=7.89% p99=1599ms -- cascade
live_ep_000051_CASCADING_FAILURE,CASCADING_FAILURE,order-service,46.0,1785988455.627277,CRITICAL,SystemOverloadException,CRITICAL cpu=77% err=6.39% p99=1470ms -- cascade
live_ep_000051_CASCADING_FAILURE,CASCADING_FAILURE,order-service,46.5,1785988456.1277206,CRITICAL,SystemOverloadException,CRITICAL cpu=83% err=6.97% p99=1502ms -- cascade
live_ep_000051_CASCADING_FAILURE,CASCADING_FAILURE,order-service,47.0,1785988456.6281924,CRITICAL,SystemOverloadException,CRITICAL cpu=85% err=6.65% p99=1695ms -- cascade
live_ep_000051_CASCADING_FAILURE,CASCADING_FAILURE,order-service,47.5,1785988457.1286066,CRITICAL,SystemOverloadException,CRITICAL cpu=78% err=6.81% p99=1538ms -- cascade
live_ep_000051_CASCADING_FAILURE,CASCADING_FAILURE,order-service,48.0,1785988457.629255,CRITICAL,SystemOverloadException,CRITICAL cpu=83% err=8.30% p99=1633ms -- cascade
live_ep_000051_CASCADING_FAILURE,CASCADING_FAILURE,order-service,48.5,1785988458.1297839,CRITICAL,SystemOverloadException,CRITICAL cpu=85% err=8.88% p99=1539ms -- cascade
live_ep_000051_CASCADING_FAILURE,CASCADING_FAILURE,order-service,49.0,1785988458.630338,CRITICAL,SystemOverloadException,CRITICAL cpu=85% err=8.58% p99=1533ms -- cascade
live_ep_000051_CASCADING_FAILURE,CASCADING_FAILURE,order-service,49.5,1785988459.1307387,CRITICAL,SystemOverloadException,CRITICAL cpu=81% err=9.09% p99=1408ms -- cascade
live_ep_000051_CASCADING_FAILURE,CASCADING_FAILURE,order-service,50.0,1785988459.6308784,CRITICAL,SystemOverloadException,CRITICAL cpu=89% err=7.35% p99=1642ms -- cascade
live_ep_000051_CASCADING_FAILURE,CASCADING_FAILURE,order-service,50.5,1785988460.131074,CRITICAL,SystemOverloadException,CRITICAL cpu=72% err=7.20% p99=1230ms -- cascade
live_ep_000051_CASCADING_FAILURE,CASCADING_FAILURE,order-service,51.0,1785988460.631387,CRITICAL,SystemOverloadException,CRITICAL cpu=82% err=8.64% p99=1479ms -- cascade
live_ep_000051_CASCADING_FAILURE,CASCADING_FAILURE,order-service,51.5,1785988461.1317816,CRITICAL,SystemOverloadException,CRITICAL cpu=85% err=7.45% p99=1517ms -- cascade
live_ep_000051_CASCADING_FAILURE,CASCADING_FAILURE,order-service,52.0,1785988461.632125,CRITICAL,SystemOverloadException,CRITICAL cpu=71% err=8.59% p99=1295ms -- cascade
live_ep_000051_CASCADING_FAILURE,CASCADING_FAILURE,order-service,52.5,1785988462.1323912,CRITICAL,SystemOverloadException,CRITICAL cpu=73% err=7.11% p99=1324ms -- cascade
live_ep_000051_CASCADING_FAILURE,CASCADING_FAILURE,order-service,53.0,1785988462.6327791,CRITICAL,SystemOverloadException,CRITICAL cpu=75% err=7.97% p99=1383ms -- cascade
live_ep_000051_CASCADING_FAILURE,CASCADING_FAILURE,order-service,53.5,1785988463.1331177,CRITICAL,SystemOverloadException,CRITICAL cpu=81% err=8.10% p99=1551ms -- cascade
live_ep_000051_CASCADING_FAILURE,CASCADING_FAILURE,order-service,54.0,1785988463.6334445,CRITICAL,SystemOverloadException,CRITICAL cpu=76% err=7.51% p99=1580ms -- cascade
live_ep_000051_CASCADING_FAILURE,CASCADING_FAILURE,order-service,54.5,1785988464.13354,CRITICAL,SystemOverloadException,CRITICAL cpu=84% err=7.66% p99=1403ms -- cascade
live_ep_000051_CASCADING_FAILURE,CASCADING_FAILURE,order-service,55.0,1785988464.6337895,CRITICAL,SystemOverloadException,CRITICAL cpu=81% err=7.86% p99=1335ms -- cascade
live_ep_000051_CASCADING_FAILURE,CASCADING_FAILURE,order-service,55.5,1785988465.1344233,CRITICAL,SystemOverloadException,CRITICAL cpu=77% err=10.59% p99=1426ms -- cascade
live_ep_000051_CASCADING_FAILURE,CASCADING_FAILURE,order-service,56.0,1785988465.635027,CRITICAL,SystemOverloadException,CRITICAL cpu=74% err=8.13% p99=1360ms -- cascade
live_ep_000051_CASCADING_FAILURE,CASCADING_FAILURE,order-service,56.5,1785988466.1352723,CRITICAL,SystemOverloadException,CRITICAL cpu=82% err=7.69% p99=1590ms -- cascade
live_ep_000051_CASCADING_FAILURE,CASCADING_FAILURE,order-service,57.0,1785988466.6353998,CRITICAL,SystemOverloadException,CRITICAL cpu=86% err=8.64% p99=1548ms -- cascade
live_ep_000051_CASCADING_FAILURE,CASCADING_FAILURE,order-service,57.5,1785988467.1357598,CRITICAL,SystemOverloadException,CRITICAL cpu=81% err=9.32% p99=1579ms -- cascade
live_ep_000051_CASCADING_FAILURE,CASCADING_FAILURE,order-service,58.0,1785988467.6361327,CRITICAL,SystemOverloadException,CRITICAL cpu=77% err=9.80% p99=1399ms -- cascade
live_ep_000051_CASCADING_FAILURE,CASCADING_FAILURE,order-service,58.5,1785988468.1362648,CRITICAL,SystemOverloadException,CRITICAL cpu=86% err=8.16% p99=1472ms -- cascade
live_ep_000051_CASCADING_FAILURE,CASCADING_FAILURE,order-service,59.0,1785988468.6364875,CRITICAL,SystemOverloadException,CRITICAL cpu=87% err=7.97% p99=1630ms -- cascade
live_ep_000051_CASCADING_FAILURE,CASCADING_FAILURE,order-service,59.5,1785988469.1366374,CRITICAL,SystemOverloadException,CRITICAL cpu=89% err=8.74% p99=1486ms -- cascade
live_ep_000052_NONE,NONE,auth-service,0.0,1785988469.6377974,INFO,,OK cpu=28% p99=111ms err=0.64%
live_ep_000052_NONE,NONE,auth-service,0.5,1785988470.1380258,INFO,,OK cpu=33% p99=90ms err=0.91%
live_ep_000052_NONE,NONE,auth-service,1.0,1785988470.638457,INFO,,OK cpu=36% p99=117ms err=2.79%
live_ep_000052_NONE,NONE,auth-service,1.5,1785988471.1386483,INFO,,OK cpu=36% p99=124ms err=1.23%
live_ep_000052_NONE,NONE,auth-service,2.0,1785988471.639434,INFO,,OK cpu=42% p99=103ms err=0.88%
live_ep_000052_NONE,NONE,auth-service,2.5,1785988472.13991,INFO,,OK cpu=41% p99=134ms err=0.73%
live_ep_000052_NONE,NONE,auth-service,3.0,1785988472.6404054,INFO,,OK cpu=37% p99=129ms err=1.73%
live_ep_000052_NONE,NONE,auth-service,3.5,1785988473.1410227,INFO,,OK cpu=38% p99=106ms err=2.08%
live_ep_000052_NONE,NONE,auth-service,4.0,1785988473.64144,INFO,,OK cpu=37% p99=119ms err=0.73%
live_ep_000052_NONE,NONE,auth-service,4.5,1785988474.1420002,INFO,,OK cpu=36% p99=114ms err=1.81%
live_ep_000052_NONE,NONE,auth-service,5.0,1785988474.6425,INFO,,OK cpu=27% p99=98ms err=1.04%
live_ep_000052_NONE,NONE,auth-service,5.5,1785988475.1428392,INFO,,OK cpu=40% p99=132ms err=2.18%
live_ep_000052_NONE,NONE,auth-service,6.0,1785988475.6432915,INFO,,OK cpu=38% p99=138ms err=0.91%
live_ep_000052_NONE,NONE,auth-service,6.5,1785988476.1438956,INFO,,OK cpu=35% p99=129ms err=0.23%
live_ep_000052_NONE,NONE,auth-service,7.0,1785988476.6446579,INFO,,OK cpu=33% p99=103ms err=0.30%
live_ep_000052_NONE,NONE,auth-service,7.5,1785988477.1447914,INFO,,OK cpu=33% p99=152ms err=0.18%
live_ep_000052_NONE,NONE,auth-service,8.0,1785988477.6451454,INFO,,OK cpu=27% p99=128ms err=0.52%
live_ep_000052_NONE,NONE,auth-service,8.5,1785988478.1456997,INFO,,OK cpu=31% p99=124ms err=0.68%
live_ep_000052_NONE,NONE,auth-service,9.0,1785988478.6459484,INFO,,OK cpu=38% p99=141ms err=2.84%
live_ep_000052_NONE,NONE,auth-service,9.5,1785988479.146171,INFO,,OK cpu=37% p99=104ms err=0.88%
live_ep_000052_NONE,NONE,auth-service,10.0,1785988479.6463969,INFO,,OK cpu=37% p99=119ms err=0.39%
live_ep_000052_NONE,NONE,auth-service,10.5,1785988480.1464977,INFO,,OK cpu=36% p99=104ms err=0.56%
live_ep_000052_NONE,NONE,auth-service,11.0,1785988480.6470182,INFO,,OK cpu=36% p99=142ms err=1.09%
live_ep_000052_NONE,NONE,auth-service,11.5,1785988481.147427,INFO,,OK cpu=30% p99=117ms err=0.74%
live_ep_000052_NONE,NONE,auth-service,12.0,1785988481.6478598,INFO,,OK cpu=38% p99=133ms err=0.07%
live_ep_000052_NONE,NONE,auth-service,12.5,1785988482.1481721,INFO,,OK cpu=34% p99=122ms err=0.73%
live_ep_000052_NONE,NONE,auth-service,13.0,1785988482.648438,INFO,,OK cpu=22% p99=79ms err=0.69%
live_ep_000052_NONE,NONE,auth-service,13.5,1785988483.148559,INFO,,OK cpu=31% p99=120ms err=0.98%
live_ep_000052_NONE,NONE,auth-service,14.0,1785988483.6486557,INFO,,OK cpu=35% p99=97ms err=1.56%
live_ep_000052_NONE,NONE,auth-service,14.5,1785988484.1491454,INFO,,OK cpu=38% p99=104ms err=0.19%
live_ep_000052_NONE,NONE,auth-service,15.0,1785988484.6494555,INFO,,OK cpu=34% p99=134ms err=2.08%
live_ep_000052_NONE,NONE,auth-service,15.5,1785988485.150034,INFO,,OK cpu=46% p99=101ms err=0.75%
live_ep_000052_NONE,NONE,auth-service,16.0,1785988485.650436,INFO,,OK cpu=27% p99=97ms err=2.59%
live_ep_000052_NONE,NONE,auth-service,16.5,1785988486.1509423,INFO,,OK cpu=40% p99=93ms err=0.97%
live_ep_000052_NONE,NONE,auth-service,17.0,1785988486.651158,INFO,,OK cpu=44% p99=108ms err=0.64%
live_ep_000052_NONE,NONE,auth-service,17.5,1785988487.1513157,INFO,,OK cpu=35% p99=124ms err=1.17%
live_ep_000052_NONE,NONE,auth-service,18.0,1785988487.6515722,INFO,,OK cpu=32% p99=104ms err=1.96%
live_ep_000052_NONE,NONE,auth-service,18.5,1785988488.1517632,INFO,,OK cpu=42% p99=109ms err=0.50%
live_ep_000052_NONE,NONE,auth-service,19.0,1785988488.6521654,INFO,,OK cpu=41% p99=130ms err=0.48%
live_ep_000052_NONE,NONE,auth-service,19.5,1785988489.152403,INFO,,OK cpu=30% p99=115ms err=1.74%
live_ep_000052_NONE,NONE,auth-service,20.0,1785988489.6528833,INFO,,OK cpu=27% p99=117ms err=0.37%
live_ep_000052_NONE,NONE,auth-service,20.5,1785988490.1533916,INFO,,OK cpu=25% p99=127ms err=2.48%
live_ep_000052_NONE,NONE,auth-service,21.0,1785988490.6539445,INFO,,OK cpu=35% p99=110ms err=3.62%
live_ep_000052_NONE,NONE,auth-service,21.5,1785988491.1543074,INFO,,OK cpu=35% p99=141ms err=1.26%
live_ep_000052_NONE,NONE,auth-service,22.0,1785988491.6547399,INFO,,OK cpu=29% p99=124ms err=0.11%
live_ep_000052_NONE,NONE,auth-service,22.5,1785988492.1549346,INFO,,OK cpu=45% p99=121ms err=0.51%
live_ep_000052_NONE,NONE,auth-service,23.0,1785988492.6553144,INFO,,OK cpu=34% p99=99ms err=0.44%
live_ep_000052_NONE,NONE,auth-service,23.5,1785988493.1555617,INFO,,OK cpu=33% p99=139ms err=0.15%
live_ep_000052_NONE,NONE,auth-service,24.0,1785988493.65587,INFO,,OK cpu=37% p99=105ms err=2.52%
live_ep_000052_NONE,NONE,auth-service,24.5,1785988494.1560032,INFO,,OK cpu=37% p99=135ms err=0.71%
live_ep_000052_NONE,NONE,auth-service,25.0,1785988494.6564603,INFO,,OK cpu=39% p99=110ms err=0.56%
live_ep_000052_NONE,NONE,auth-service,25.5,1785988495.1566813,INFO,,OK cpu=45% p99=108ms err=1.49%
live_ep_000052_NONE,NONE,auth-service,26.0,1785988495.6567717,INFO,,OK cpu=30% p99=105ms err=1.42%
live_ep_000052_NONE,NONE,auth-service,26.5,1785988496.1572723,INFO,,OK cpu=36% p99=115ms err=0.21%
live_ep_000052_NONE,NONE,auth-service,27.0,1785988496.6574435,INFO,,OK cpu=38% p99=138ms err=0.36%
live_ep_000052_NONE,NONE,auth-service,27.5,1785988497.1575544,INFO,,OK cpu=40% p99=139ms err=0.51%
live_ep_000052_NONE,NONE,auth-service,28.0,1785988497.657713,INFO,,OK cpu=39% p99=74ms err=1.67%
live_ep_000052_NONE,NONE,auth-service,28.5,1785988498.1579392,INFO,,OK cpu=33% p99=120ms err=2.03%
live_ep_000052_NONE,NONE,auth-service,29.0,1785988498.6584907,INFO,,OK cpu=42% p99=110ms err=0.28%
live_ep_000052_NONE,NONE,auth-service,29.5,1785988499.1589673,INFO,,OK cpu=31% p99=99ms err=0.35%
live_ep_000052_NONE,NONE,auth-service,30.0,1785988499.6591334,INFO,,OK cpu=43% p99=121ms err=0.77%
live_ep_000052_NONE,NONE,auth-service,30.5,1785988500.1593058,INFO,,OK cpu=33% p99=109ms err=2.03%
live_ep_000052_NONE,NONE,auth-service,31.0,1785988500.659482,INFO,,OK cpu=29% p99=125ms err=2.53%
live_ep_000052_NONE,NONE,auth-service,31.5,1785988501.1599195,INFO,,OK cpu=28% p99=114ms err=0.73%
live_ep_000052_NONE,NONE,auth-service,32.0,1785988501.6605005,INFO,,OK cpu=41% p99=125ms err=2.45%
live_ep_000052_NONE,NONE,auth-service,32.5,1785988502.1608121,INFO,,OK cpu=35% p99=115ms err=0.95%
live_ep_000052_NONE,NONE,auth-service,33.0,1785988502.6612968,INFO,,OK cpu=30% p99=98ms err=3.73%
live_ep_000052_NONE,NONE,auth-service,33.5,1785988503.1616771,INFO,,OK cpu=28% p99=105ms err=0.37%
live_ep_000052_NONE,NONE,auth-service,34.0,1785988503.6620307,INFO,,OK cpu=34% p99=117ms err=0.25%
live_ep_000052_NONE,NONE,auth-service,34.5,1785988504.162306,INFO,,OK cpu=34% p99=132ms err=0.90%
live_ep_000052_NONE,NONE,auth-service,35.0,1785988504.6627314,INFO,,OK cpu=43% p99=123ms err=1.06%
live_ep_000052_NONE,NONE,auth-service,35.5,1785988505.1629758,INFO,,OK cpu=39% p99=135ms err=1.84%
live_ep_000052_NONE,NONE,auth-service,36.0,1785988505.6631947,INFO,,OK cpu=36% p99=143ms err=1.33%
live_ep_000052_NONE,NONE,auth-service,36.5,1785988506.1634133,INFO,,OK cpu=38% p99=129ms err=3.30%
live_ep_000052_NONE,NONE,auth-service,37.0,1785988506.6639183,INFO,,OK cpu=37% p99=119ms err=0.58%
live_ep_000052_NONE,NONE,auth-service,37.5,1785988507.164404,INFO,,OK cpu=38% p99=123ms err=0.74%
live_ep_000052_NONE,NONE,auth-service,38.0,1785988507.6647964,INFO,,OK cpu=32% p99=131ms err=1.78%
live_ep_000052_NONE,NONE,auth-service,38.5,1785988508.165243,INFO,,OK cpu=39% p99=115ms err=0.39%
live_ep_000052_NONE,NONE,auth-service,39.0,1785988508.6655092,INFO,,OK cpu=35% p99=114ms err=1.80%
live_ep_000052_NONE,NONE,auth-service,39.5,1785988509.1656818,INFO,,OK cpu=40% p99=112ms err=1.54%
live_ep_000052_NONE,NONE,auth-service,40.0,1785988509.6660569,INFO,,OK cpu=39% p99=105ms err=1.33%
live_ep_000052_NONE,NONE,auth-service,40.5,1785988510.1661947,INFO,,OK cpu=41% p99=141ms err=3.17%
live_ep_000052_NONE,NONE,auth-service,41.0,1785988510.6665998,INFO,,OK cpu=45% p99=127ms err=0.25%
live_ep_000052_NONE,NONE,auth-service,41.5,1785988511.1667242,INFO,,OK cpu=30% p99=119ms err=0.22%
live_ep_000052_NONE,NONE,auth-service,42.0,1785988511.666999,INFO,,OK cpu=25% p99=127ms err=1.50%
live_ep_000052_NONE,NONE,auth-service,42.5,1785988512.1671767,INFO,,OK cpu=38% p99=113ms err=0.40%
live_ep_000052_NONE,NONE,auth-service,43.0,1785988512.6675568,INFO,,OK cpu=34% p99=103ms err=0.25%
live_ep_000052_NONE,NONE,auth-service,43.5,1785988513.1677868,INFO,,OK cpu=31% p99=125ms err=4.10%
live_ep_000052_NONE,NONE,auth-service,44.0,1785988513.6683688,INFO,,OK cpu=39% p99=108ms err=0.65%
live_ep_000052_NONE,NONE,auth-service,44.5,1785988514.1685765,INFO,,OK cpu=33% p99=113ms err=0.58%
live_ep_000052_NONE,NONE,auth-service,45.0,1785988514.6687834,INFO,,OK cpu=31% p99=121ms err=1.53%
live_ep_000052_NONE,NONE,auth-service,45.5,1785988515.1690066,INFO,,OK cpu=26% p99=126ms err=0.57%
live_ep_000052_NONE,NONE,auth-service,46.0,1785988515.6691499,INFO,,OK cpu=36% p99=130ms err=1.90%
live_ep_000052_NONE,NONE,auth-service,46.5,1785988516.1693318,INFO,,OK cpu=32% p99=136ms err=0.29%
live_ep_000052_NONE,NONE,auth-service,47.0,1785988516.6696465,INFO,,OK cpu=26% p99=129ms err=0.78%
live_ep_000052_NONE,NONE,auth-service,47.5,1785988517.1699796,INFO,,OK cpu=26% p99=96ms err=1.51%
live_ep_000052_NONE,NONE,auth-service,48.0,1785988517.6701076,INFO,,OK cpu=41% p99=127ms err=0.36%
live_ep_000052_NONE,NONE,auth-service,48.5,1785988518.170311,INFO,,OK cpu=38% p99=141ms err=0.98%
live_ep_000052_NONE,NONE,auth-service,49.0,1785988518.6724768,INFO,,OK cpu=33% p99=129ms err=0.81%
live_ep_000052_NONE,NONE,auth-service,49.5,1785988519.1729543,INFO,,OK cpu=37% p99=122ms err=1.67%
live_ep_000052_NONE,NONE,auth-service,50.0,1785988519.6730747,INFO,,OK cpu=37% p99=133ms err=0.73%
live_ep_000052_NONE,NONE,auth-service,50.5,1785988520.1735964,INFO,,OK cpu=26% p99=120ms err=1.68%
live_ep_000052_NONE,NONE,auth-service,51.0,1785988520.673927,INFO,,OK cpu=27% p99=127ms err=0.41%
live_ep_000052_NONE,NONE,auth-service,51.5,1785988521.1742716,INFO,,OK cpu=33% p99=126ms err=0.47%
live_ep_000052_NONE,NONE,auth-service,52.0,1785988521.6745498,INFO,,OK cpu=33% p99=110ms err=0.47%
live_ep_000052_NONE,NONE,auth-service,52.5,1785988522.175193,INFO,,OK cpu=43% p99=118ms err=0.75%
live_ep_000052_NONE,NONE,auth-service,53.0,1785988522.6753478,INFO,,OK cpu=37% p99=119ms err=0.63%
live_ep_000052_NONE,NONE,auth-service,53.5,1785988523.1757698,INFO,,OK cpu=35% p99=102ms err=1.10%
live_ep_000052_NONE,NONE,auth-service,54.0,1785988523.6763043,INFO,,OK cpu=34% p99=119ms err=0.67%
live_ep_000052_NONE,NONE,auth-service,54.5,1785988524.1765,INFO,,OK cpu=33% p99=93ms err=1.75%
live_ep_000052_NONE,NONE,auth-service,55.0,1785988524.6767547,INFO,,OK cpu=40% p99=122ms err=1.76%
live_ep_000052_NONE,NONE,auth-service,55.5,1785988525.1789322,INFO,,OK cpu=40% p99=86ms err=1.01%
live_ep_000052_NONE,NONE,auth-service,56.0,1785988525.6792383,INFO,,OK cpu=24% p99=123ms err=1.23%
live_ep_000052_NONE,NONE,auth-service,56.5,1785988526.1803772,INFO,,OK cpu=34% p99=141ms err=0.85%
live_ep_000052_NONE,NONE,auth-service,57.0,1785988526.680587,INFO,,OK cpu=43% p99=106ms err=0.65%
live_ep_000052_NONE,NONE,auth-service,57.5,1785988527.1807315,INFO,,OK cpu=39% p99=120ms err=1.97%
live_ep_000052_NONE,NONE,auth-service,58.0,1785988527.681039,INFO,,OK cpu=28% p99=128ms err=0.67%
live_ep_000052_NONE,NONE,auth-service,58.5,1785988528.181486,INFO,,OK cpu=34% p99=139ms err=0.20%
live_ep_000052_NONE,NONE,auth-service,59.0,1785988528.6816182,INFO,,OK cpu=31% p99=103ms err=0.45%
live_ep_000052_NONE,NONE,auth-service,59.5,1785988529.18197,INFO,,OK cpu=38% p99=92ms err=0.54%
live_ep_000053_QUEUE_BACKUP,QUEUE_BACKUP,payment-service,0.0,1785988529.6853185,WARNING,,WARN queue_lag=4ms thread_pool=4 -- queue backup
live_ep_000053_QUEUE_BACKUP,QUEUE_BACKUP,payment-service,0.5,1785988530.1855338,WARNING,,WARN queue_lag=6ms thread_pool=1 -- queue backup
live_ep_000053_QUEUE_BACKUP,QUEUE_BACKUP,payment-service,1.0,1785988530.6856437,WARNING,,WARN queue_lag=18ms thread_pool=13 -- queue backup
live_ep_000053_QUEUE_BACKUP,QUEUE_BACKUP,payment-service,1.5,1785988531.1858892,WARNING,,WARN queue_lag=6ms thread_pool=11 -- queue backup
live_ep_000053_QUEUE_BACKUP,QUEUE_BACKUP,payment-service,2.0,1785988531.686112,WARNING,,WARN queue_lag=14ms thread_pool=13 -- queue backup
live_ep_000053_QUEUE_BACKUP,QUEUE_BACKUP,payment-service,2.5,1785988532.1865146,WARNING,,WARN queue_lag=6ms thread_pool=3 -- queue backup
live_ep_000053_QUEUE_BACKUP,QUEUE_BACKUP,payment-service,3.0,1785988532.6867495,WARNING,,WARN queue_lag=11ms thread_pool=10 -- queue backup
live_ep_000053_QUEUE_BACKUP,QUEUE_BACKUP,payment-service,3.5,1785988533.1872265,WARNING,,WARN queue_lag=21ms thread_pool=42 -- queue backup
live_ep_000053_QUEUE_BACKUP,QUEUE_BACKUP,payment-service,4.0,1785988533.6875274,WARNING,,WARN queue_lag=14ms thread_pool=28 -- queue backup
live_ep_000053_QUEUE_BACKUP,QUEUE_BACKUP,payment-service,4.5,1785988534.18816,WARNING,,WARN queue_lag=13ms thread_pool=26 -- queue backup
live_ep_000053_QUEUE_BACKUP,QUEUE_BACKUP,payment-service,5.0,1785988534.6883612,WARNING,,WARN queue_lag=13ms thread_pool=26 -- queue backup
live_ep_000053_QUEUE_BACKUP,QUEUE_BACKUP,payment-service,5.5,1785988535.1888397,WARNING,,WARN queue_lag=30ms thread_pool=60 -- queue backup
live_ep_000053_QUEUE_BACKUP,QUEUE_BACKUP,payment-service,6.0,1785988535.6891868,WARNING,,WARN queue_lag=24ms thread_pool=48 -- queue backup
live_ep_000053_QUEUE_BACKUP,QUEUE_BACKUP,payment-service,6.5,1785988536.189636,WARNING,,WARN queue_lag=13ms thread_pool=26 -- queue backup
live_ep_000053_QUEUE_BACKUP,QUEUE_BACKUP,payment-service,7.0,1785988536.6898358,WARNING,,WARN queue_lag=33ms thread_pool=66 -- queue backup
live_ep_000053_QUEUE_BACKUP,QUEUE_BACKUP,payment-service,7.5,1785988537.1903205,WARNING,,WARN queue_lag=29ms thread_pool=58 -- queue backup
live_ep_000053_QUEUE_BACKUP,QUEUE_BACKUP,payment-service,8.0,1785988537.690582,WARNING,,WARN queue_lag=25ms thread_pool=50 -- queue backup
live_ep_000053_QUEUE_BACKUP,QUEUE_BACKUP,payment-service,8.5,1785988538.1910415,WARNING,,WARN queue_lag=14ms thread_pool=28 -- queue backup
live_ep_000053_QUEUE_BACKUP,QUEUE_BACKUP,payment-service,9.0,1785988538.6911106,WARNING,,WARN queue_lag=28ms thread_pool=56 -- queue backup
live_ep_000053_QUEUE_BACKUP,QUEUE_BACKUP,payment-service,9.5,1785988539.191563,WARNING,,WARN queue_lag=21ms thread_pool=42 -- queue backup
live_ep_000053_QUEUE_BACKUP,QUEUE_BACKUP,payment-service,10.0,1785988539.6917531,WARNING,,WARN queue_lag=14ms thread_pool=28 -- queue backup
live_ep_000053_QUEUE_BACKUP,QUEUE_BACKUP,payment-service,10.5,1785988540.1919606,WARNING,,WARN queue_lag=33ms thread_pool=66 -- queue backup
live_ep_000053_QUEUE_BACKUP,QUEUE_BACKUP,payment-service,11.0,1785988540.6923184,WARNING,,WARN queue_lag=26ms thread_pool=52 -- queue backup
live_ep_000053_QUEUE_BACKUP,QUEUE_BACKUP,payment-service,11.5,1785988541.19253,WARNING,,WARN queue_lag=16ms thread_pool=32 -- queue backup
live_ep_000053_QUEUE_BACKUP,QUEUE_BACKUP,payment-service,12.0,1785988541.693082,WARNING,,WARN queue_lag=25ms thread_pool=50 -- queue backup
live_ep_000053_QUEUE_BACKUP,QUEUE_BACKUP,payment-service,12.5,1785988542.1935956,WARNING,,WARN queue_lag=43ms thread_pool=86 -- queue backup
live_ep_000053_QUEUE_BACKUP,QUEUE_BACKUP,payment-service,13.0,1785988542.6939216,WARNING,,WARN queue_lag=24ms thread_pool=48 -- queue backup
live_ep_000053_QUEUE_BACKUP,QUEUE_BACKUP,payment-service,13.5,1785988543.194214,WARNING,,WARN queue_lag=40ms thread_pool=80 -- queue backup
live_ep_000053_QUEUE_BACKUP,QUEUE_BACKUP,payment-service,14.0,1785988543.6945953,WARNING,,WARN queue_lag=44ms thread_pool=88 -- queue backup
live_ep_000053_QUEUE_BACKUP,QUEUE_BACKUP,payment-service,14.5,1785988544.1950717,WARNING,,WARN queue_lag=42ms thread_pool=84 -- queue backup
live_ep_000053_QUEUE_BACKUP,QUEUE_BACKUP,payment-service,15.0,1785988544.6955423,WARNING,,WARN queue_lag=39ms thread_pool=78 -- queue backup
live_ep_000053_QUEUE_BACKUP,QUEUE_BACKUP,payment-service,15.5,1785988545.195991,WARNING,,WARN queue_lag=35ms thread_pool=70 -- queue backup
live_ep_000053_QUEUE_BACKUP,QUEUE_BACKUP,payment-service,16.0,1785988545.696299,WARNING,,WARN queue_lag=29ms thread_pool=58 -- queue backup
live_ep_000053_QUEUE_BACKUP,QUEUE_BACKUP,payment-service,16.5,1785988546.1964655,WARNING,,WARN queue_lag=47ms thread_pool=94 -- queue backup
live_ep_000053_QUEUE_BACKUP,QUEUE_BACKUP,payment-service,17.0,1785988546.696714,WARNING,,WARN queue_lag=26ms thread_pool=52 -- queue backup
live_ep_000053_QUEUE_BACKUP,QUEUE_BACKUP,payment-service,17.5,1785988547.1971273,WARNING,,WARN queue_lag=40ms thread_pool=80 -- queue backup
live_ep_000053_QUEUE_BACKUP,QUEUE_BACKUP,payment-service,18.0,1785988547.6976132,WARNING,,WARN queue_lag=43ms thread_pool=86 -- queue backup
live_ep_000053_QUEUE_BACKUP,QUEUE_BACKUP,payment-service,18.5,1785988548.198053,WARNING,,WARN queue_lag=50ms thread_pool=100 -- queue backup
live_ep_000053_QUEUE_BACKUP,QUEUE_BACKUP,payment-service,19.0,1785988548.6982784,WARNING,,WARN queue_lag=55ms thread_pool=110 -- queue backup
live_ep_000053_QUEUE_BACKUP,QUEUE_BACKUP,payment-service,19.5,1785988549.1985815,WARNING,,WARN queue_lag=42ms thread_pool=84 -- queue backup
live_ep_000053_QUEUE_BACKUP,QUEUE_BACKUP,payment-service,20.0,1785988549.698919,WARNING,,WARN queue_lag=50ms thread_pool=100 -- queue backup
live_ep_000053_QUEUE_BACKUP,QUEUE_BACKUP,payment-service,20.5,1785988550.1994345,WARNING,,WARN queue_lag=46ms thread_pool=92 -- queue backup
live_ep_000053_QUEUE_BACKUP,QUEUE_BACKUP,payment-service,21.0,1785988550.699868,WARNING,,WARN queue_lag=36ms thread_pool=72 -- queue backup
live_ep_000053_QUEUE_BACKUP,QUEUE_BACKUP,payment-service,21.5,1785988551.2003508,WARNING,,WARN queue_lag=35ms thread_pool=70 -- queue backup
live_ep_000053_QUEUE_BACKUP,QUEUE_BACKUP,payment-service,22.0,1785988551.7006173,WARNING,,WARN queue_lag=37ms thread_pool=74 -- queue backup
live_ep_000053_QUEUE_BACKUP,QUEUE_BACKUP,payment-service,22.5,1785988552.200866,WARNING,,WARN queue_lag=39ms thread_pool=78 -- queue backup
live_ep_000053_QUEUE_BACKUP,QUEUE_BACKUP,payment-service,23.0,1785988552.7012794,WARNING,,WARN queue_lag=42ms thread_pool=84 -- queue backup
live_ep_000053_QUEUE_BACKUP,QUEUE_BACKUP,payment-service,23.5,1785988553.2016573,WARNING,,WARN queue_lag=54ms thread_pool=108 -- queue backup
live_ep_000053_QUEUE_BACKUP,QUEUE_BACKUP,payment-service,24.0,1785988553.7020085,WARNING,,WARN queue_lag=37ms thread_pool=74 -- queue backup
live_ep_000053_QUEUE_BACKUP,QUEUE_BACKUP,payment-service,24.5,1785988554.2022521,WARNING,,WARN queue_lag=44ms thread_pool=88 -- queue backup
live_ep_000053_QUEUE_BACKUP,QUEUE_BACKUP,payment-service,25.0,1785988554.702983,WARNING,,WARN queue_lag=46ms thread_pool=92 -- queue backup
live_ep_000053_QUEUE_BACKUP,QUEUE_BACKUP,payment-service,25.5,1785988555.2032204,WARNING,,WARN queue_lag=58ms thread_pool=116 -- queue backup
live_ep_000053_QUEUE_BACKUP,QUEUE_BACKUP,payment-service,26.0,1785988555.703316,WARNING,,WARN queue_lag=61ms thread_pool=122 -- queue backup
live_ep_000053_QUEUE_BACKUP,QUEUE_BACKUP,payment-service,26.5,1785988556.2037666,WARNING,,WARN queue_lag=60ms thread_pool=120 -- queue backup
live_ep_000053_QUEUE_BACKUP,QUEUE_BACKUP,payment-service,27.0,1785988556.7049975,WARNING,,WARN queue_lag=52ms thread_pool=104 -- queue backup
live_ep_000053_QUEUE_BACKUP,QUEUE_BACKUP,payment-service,27.5,1785988557.2055314,WARNING,,WARN queue_lag=62ms thread_pool=124 -- queue backup
live_ep_000053_QUEUE_BACKUP,QUEUE_BACKUP,payment-service,28.0,1785988557.7059026,WARNING,,WARN queue_lag=73ms thread_pool=146 -- queue backup
live_ep_000053_QUEUE_BACKUP,QUEUE_BACKUP,payment-service,28.5,1785988558.2062993,WARNING,,WARN queue_lag=72ms thread_pool=144 -- queue backup
live_ep_000053_QUEUE_BACKUP,QUEUE_BACKUP,payment-service,29.0,1785988558.70661,WARNING,,WARN queue_lag=68ms thread_pool=136 -- queue backup
live_ep_000053_QUEUE_BACKUP,QUEUE_BACKUP,payment-service,29.5,1785988559.2070074,WARNING,,WARN queue_lag=51ms thread_pool=102 -- queue backup
live_ep_000053_QUEUE_BACKUP,QUEUE_BACKUP,payment-service,30.0,1785988559.7072885,WARNING,,WARN queue_lag=59ms thread_pool=118 -- queue backup
live_ep_000053_QUEUE_BACKUP,QUEUE_BACKUP,payment-service,30.5,1785988560.2076418,WARNING,,WARN queue_lag=55ms thread_pool=110 -- queue backup
live_ep_000053_QUEUE_BACKUP,QUEUE_BACKUP,payment-service,31.0,1785988560.7079413,WARNING,,WARN queue_lag=70ms thread_pool=140 -- queue backup
live_ep_000053_QUEUE_BACKUP,QUEUE_BACKUP,payment-service,31.5,1785988561.2080507,WARNING,,WARN queue_lag=78ms thread_pool=156 -- queue backup
live_ep_000053_QUEUE_BACKUP,QUEUE_BACKUP,payment-service,32.0,1785988561.708368,WARNING,,WARN queue_lag=66ms thread_pool=132 -- queue backup
live_ep_000053_QUEUE_BACKUP,QUEUE_BACKUP,payment-service,32.5,1785988562.2088633,WARNING,,WARN queue_lag=60ms thread_pool=120 -- queue backup
live_ep_000053_QUEUE_BACKUP,QUEUE_BACKUP,payment-service,33.0,1785988562.7089896,WARNING,,WARN queue_lag=72ms thread_pool=144 -- queue backup
live_ep_000053_QUEUE_BACKUP,QUEUE_BACKUP,payment-service,33.5,1785988563.2091095,WARNING,,WARN queue_lag=76ms thread_pool=152 -- queue backup
live_ep_000053_QUEUE_BACKUP,QUEUE_BACKUP,payment-service,34.0,1785988563.709694,WARNING,,WARN queue_lag=69ms thread_pool=138 -- queue backup
live_ep_000053_QUEUE_BACKUP,QUEUE_BACKUP,payment-service,34.5,1785988564.2102485,WARNING,,WARN queue_lag=66ms thread_pool=132 -- queue backup
live_ep_000053_QUEUE_BACKUP,QUEUE_BACKUP,payment-service,35.0,1785988564.710494,WARNING,,WARN queue_lag=78ms thread_pool=156 -- queue backup
live_ep_000053_QUEUE_BACKUP,QUEUE_BACKUP,payment-service,35.5,1785988565.21117,WARNING,,WARN queue_lag=85ms thread_pool=170 -- queue backup
live_ep_000053_QUEUE_BACKUP,QUEUE_BACKUP,payment-service,36.0,1785988565.7113953,WARNING,,WARN queue_lag=68ms thread_pool=136 -- queue backup
live_ep_000053_QUEUE_BACKUP,QUEUE_BACKUP,payment-service,36.5,1785988566.2118123,WARNING,,WARN queue_lag=84ms thread_pool=168 -- queue backup
live_ep_000053_QUEUE_BACKUP,QUEUE_BACKUP,payment-service,37.0,1785988566.7120054,WARNING,,WARN queue_lag=71ms thread_pool=142 -- queue backup
live_ep_000053_QUEUE_BACKUP,QUEUE_BACKUP,payment-service,37.5,1785988567.212548,WARNING,,WARN queue_lag=89ms thread_pool=178 -- queue backup
live_ep_000053_QUEUE_BACKUP,QUEUE_BACKUP,payment-service,38.0,1785988567.712684,WARNING,,WARN queue_lag=89ms thread_pool=178 -- queue backup
live_ep_000053_QUEUE_BACKUP,QUEUE_BACKUP,payment-service,38.5,1785988568.2129908,WARNING,,WARN queue_lag=79ms thread_pool=158 -- queue backup
live_ep_000053_QUEUE_BACKUP,QUEUE_BACKUP,payment-service,39.0,1785988568.7131782,WARNING,,WARN queue_lag=82ms thread_pool=164 -- queue backup
live_ep_000053_QUEUE_BACKUP,QUEUE_BACKUP,payment-service,39.5,1785988569.2134295,WARNING,,WARN queue_lag=93ms thread_pool=186 -- queue backup
live_ep_000053_QUEUE_BACKUP,QUEUE_BACKUP,payment-service,40.0,1785988569.7148342,WARNING,,WARN queue_lag=82ms thread_pool=164 -- queue backup
live_ep_000053_QUEUE_BACKUP,QUEUE_BACKUP,payment-service,40.5,1785988570.2152035,WARNING,,WARN queue_lag=90ms thread_pool=180 -- queue backup
live_ep_000053_QUEUE_BACKUP,QUEUE_BACKUP,payment-service,41.0,1785988570.7155304,WARNING,,WARN queue_lag=68ms thread_pool=136 -- queue backup
live_ep_000053_QUEUE_BACKUP,QUEUE_BACKUP,payment-service,41.5,1785988571.215916,WARNING,,WARN queue_lag=95ms thread_pool=190 -- queue backup
live_ep_000053_QUEUE_BACKUP,QUEUE_BACKUP,payment-service,42.0,1785988571.7161372,WARNING,,WARN queue_lag=70ms thread_pool=140 -- queue backup
live_ep_000053_QUEUE_BACKUP,QUEUE_BACKUP,payment-service,42.5,1785988572.2166314,WARNING,,WARN queue_lag=100ms thread_pool=200 -- queue backup
live_ep_000053_QUEUE_BACKUP,QUEUE_BACKUP,payment-service,43.0,1785988572.7172081,WARNING,,WARN queue_lag=83ms thread_pool=166 -- queue backup
live_ep_000053_QUEUE_BACKUP,QUEUE_BACKUP,payment-service,43.5,1785988573.2176483,WARNING,,WARN queue_lag=74ms thread_pool=148 -- queue backup
live_ep_000053_QUEUE_BACKUP,QUEUE_BACKUP,payment-service,44.0,1785988573.7178285,WARNING,,WARN queue_lag=80ms thread_pool=160 -- queue backup
live_ep_000053_QUEUE_BACKUP,QUEUE_BACKUP,payment-service,44.5,1785988574.2179909,WARNING,,WARN queue_lag=84ms thread_pool=168 -- queue backup
live_ep_000053_QUEUE_BACKUP,QUEUE_BACKUP,payment-service,45.0,1785988574.7184463,WARNING,,WARN queue_lag=86ms thread_pool=172 -- queue backup
live_ep_000053_QUEUE_BACKUP,QUEUE_BACKUP,payment-service,45.5,1785988575.2185833,WARNING,,WARN queue_lag=90ms thread_pool=180 -- queue backup
live_ep_000053_QUEUE_BACKUP,QUEUE_BACKUP,payment-service,46.0,1785988575.718703,WARNING,,WARN queue_lag=84ms thread_pool=168 -- queue backup
live_ep_000053_QUEUE_BACKUP,QUEUE_BACKUP,payment-service,46.5,1785988576.2190468,WARNING,,WARN queue_lag=99ms thread_pool=198 -- queue backup
live_ep_000053_QUEUE_BACKUP,QUEUE_BACKUP,payment-service,47.0,1785988576.7191718,WARNING,,WARN queue_lag=84ms thread_pool=168 -- queue backup
live_ep_000053_QUEUE_BACKUP,QUEUE_BACKUP,payment-service,47.5,1785988577.2196708,WARNING,,WARN queue_lag=94ms thread_pool=188 -- queue backup
live_ep_000053_QUEUE_BACKUP,QUEUE_BACKUP,payment-service,48.0,1785988577.7197676,WARNING,,WARN queue_lag=82ms thread_pool=164 -- queue backup
live_ep_000053_QUEUE_BACKUP,QUEUE_BACKUP,payment-service,48.5,1785988578.220241,WARNING,,WARN queue_lag=94ms thread_pool=188 -- queue backup
live_ep_000053_QUEUE_BACKUP,QUEUE_BACKUP,payment-service,49.0,1785988578.7204523,WARNING,,WARN queue_lag=89ms thread_pool=178 -- queue backup
live_ep_000053_QUEUE_BACKUP,QUEUE_BACKUP,payment-service,49.5,1785988579.220579,WARNING,,WARN queue_lag=92ms thread_pool=184 -- queue backup
live_ep_000053_QUEUE_BACKUP,QUEUE_BACKUP,payment-service,50.0,1785988579.7212374,WARNING,,WARN queue_lag=94ms thread_pool=188 -- queue backup
live_ep_000053_QUEUE_BACKUP,QUEUE_BACKUP,payment-service,50.5,1785988580.2216108,WARNING,,WARN queue_lag=107ms thread_pool=214 -- queue backup
live_ep_000053_QUEUE_BACKUP,QUEUE_BACKUP,payment-service,51.0,1785988580.7221117,WARNING,,WARN queue_lag=91ms thread_pool=182 -- queue backup
live_ep_000053_QUEUE_BACKUP,QUEUE_BACKUP,payment-service,51.5,1785988581.2226677,WARNING,,WARN queue_lag=100ms thread_pool=200 -- queue backup
live_ep_000053_QUEUE_BACKUP,QUEUE_BACKUP,payment-service,52.0,1785988581.722864,WARNING,,WARN queue_lag=107ms thread_pool=214 -- queue backup
live_ep_000053_QUEUE_BACKUP,QUEUE_BACKUP,payment-service,52.5,1785988582.223291,WARNING,,WARN queue_lag=116ms thread_pool=232 -- queue backup
live_ep_000053_QUEUE_BACKUP,QUEUE_BACKUP,payment-service,53.0,1785988582.7236829,WARNING,,WARN queue_lag=112ms thread_pool=224 -- queue backup
live_ep_000053_QUEUE_BACKUP,QUEUE_BACKUP,payment-service,53.5,1785988583.22408,WARNING,,WARN queue_lag=95ms thread_pool=190 -- queue backup
live_ep_000053_QUEUE_BACKUP,QUEUE_BACKUP,payment-service,54.0,1785988583.7242024,WARNING,,WARN queue_lag=118ms thread_pool=236 -- queue backup
live_ep_000053_QUEUE_BACKUP,QUEUE_BACKUP,payment-service,54.5,1785988584.224711,WARNING,,WARN queue_lag=119ms thread_pool=238 -- queue backup
live_ep_000053_QUEUE_BACKUP,QUEUE_BACKUP,payment-service,55.0,1785988584.7250524,WARNING,,WARN queue_lag=100ms thread_pool=200 -- queue backup
live_ep_000053_QUEUE_BACKUP,QUEUE_BACKUP,payment-service,55.5,1785988585.2251134,WARNING,,WARN queue_lag=115ms thread_pool=230 -- queue backup
live_ep_000053_QUEUE_BACKUP,QUEUE_BACKUP,payment-service,56.0,1785988585.7252412,WARNING,,WARN queue_lag=111ms thread_pool=222 -- queue backup
live_ep_000053_QUEUE_BACKUP,QUEUE_BACKUP,payment-service,56.5,1785988586.2257195,WARNING,,WARN queue_lag=112ms thread_pool=224 -- queue backup
live_ep_000053_QUEUE_BACKUP,QUEUE_BACKUP,payment-service,57.0,1785988586.726016,WARNING,,WARN queue_lag=111ms thread_pool=222 -- queue backup
live_ep_000053_QUEUE_BACKUP,QUEUE_BACKUP,payment-service,57.5,1785988587.22645,WARNING,,WARN queue_lag=120ms thread_pool=240 -- queue backup
live_ep_000053_QUEUE_BACKUP,QUEUE_BACKUP,payment-service,58.0,1785988587.7266304,WARNING,,WARN queue_lag=110ms thread_pool=220 -- queue backup
live_ep_000053_QUEUE_BACKUP,QUEUE_BACKUP,payment-service,58.5,1785988588.2272148,WARNING,,WARN queue_lag=117ms thread_pool=234 -- queue backup
live_ep_000053_QUEUE_BACKUP,QUEUE_BACKUP,payment-service,59.0,1785988588.7276893,WARNING,,WARN queue_lag=121ms thread_pool=242 -- queue backup
live_ep_000053_QUEUE_BACKUP,QUEUE_BACKUP,payment-service,59.5,1785988589.2281263,WARNING,,WARN queue_lag=126ms thread_pool=252 -- queue backup
live_ep_000054_CPU_SATURATION,CPU_SATURATION,order-service,0.0,1785988589.7331893,WARNING,,WARN cpu=38% -- saturated p99=128ms
live_ep_000054_CPU_SATURATION,CPU_SATURATION,order-service,0.5,1785988590.2334676,WARNING,,WARN cpu=30% -- saturated p99=132ms
live_ep_000054_CPU_SATURATION,CPU_SATURATION,order-service,1.0,1785988590.7337818,WARNING,,WARN cpu=42% -- saturated p99=126ms
live_ep_000054_CPU_SATURATION,CPU_SATURATION,order-service,1.5,1785988591.2342038,WARNING,,WARN cpu=31% -- saturated p99=119ms
live_ep_000054_CPU_SATURATION,CPU_SATURATION,order-service,2.0,1785988591.7343225,WARNING,,WARN cpu=37% -- saturated p99=144ms
live_ep_000054_CPU_SATURATION,CPU_SATURATION,order-service,2.5,1785988592.2348833,WARNING,,WARN cpu=23% -- saturated p99=100ms
live_ep_000054_CPU_SATURATION,CPU_SATURATION,order-service,3.0,1785988592.7353141,WARNING,,WARN cpu=35% -- saturated p99=105ms
live_ep_000054_CPU_SATURATION,CPU_SATURATION,order-service,3.5,1785988593.235601,WARNING,,WARN cpu=85% -- saturated p99=320ms
live_ep_000054_CPU_SATURATION,CPU_SATURATION,order-service,4.0,1785988593.7357726,WARNING,,WARN cpu=94% -- saturated p99=422ms
live_ep_000054_CPU_SATURATION,CPU_SATURATION,order-service,4.5,1785988594.2359178,WARNING,,WARN cpu=83% -- saturated p99=333ms
live_ep_000054_CPU_SATURATION,CPU_SATURATION,order-service,5.0,1785988594.7362618,WARNING,,WARN cpu=86% -- saturated p99=351ms
live_ep_000054_CPU_SATURATION,CPU_SATURATION,order-service,5.5,1785988595.2364857,WARNING,,WARN cpu=86% -- saturated p99=282ms
live_ep_000054_CPU_SATURATION,CPU_SATURATION,order-service,6.0,1785988595.7368057,WARNING,,WARN cpu=91% -- saturated p99=349ms
live_ep_000054_CPU_SATURATION,CPU_SATURATION,order-service,6.5,1785988596.2373557,WARNING,,WARN cpu=87% -- saturated p99=295ms
live_ep_000054_CPU_SATURATION,CPU_SATURATION,order-service,7.0,1785988596.737846,WARNING,,WARN cpu=89% -- saturated p99=327ms
live_ep_000054_CPU_SATURATION,CPU_SATURATION,order-service,7.5,1785988597.2383842,WARNING,,WARN cpu=84% -- saturated p99=359ms
live_ep_000054_CPU_SATURATION,CPU_SATURATION,order-service,8.0,1785988597.738927,WARNING,,WARN cpu=90% -- saturated p99=389ms
live_ep_000054_CPU_SATURATION,CPU_SATURATION,order-service,8.5,1785988598.2393258,WARNING,,WARN cpu=82% -- saturated p99=264ms
live_ep_000054_CPU_SATURATION,CPU_SATURATION,order-service,9.0,1785988598.7395456,WARNING,,WARN cpu=84% -- saturated p99=315ms
live_ep_000054_CPU_SATURATION,CPU_SATURATION,order-service,9.5,1785988599.2398787,WARNING,,WARN cpu=82% -- saturated p99=268ms
live_ep_000054_CPU_SATURATION,CPU_SATURATION,order-service,10.0,1785988599.7400172,WARNING,,WARN cpu=78% -- saturated p99=236ms
live_ep_000054_CPU_SATURATION,CPU_SATURATION,order-service,10.5,1785988600.2405686,WARNING,,WARN cpu=86% -- saturated p99=325ms
live_ep_000054_CPU_SATURATION,CPU_SATURATION,order-service,11.0,1785988600.7409523,WARNING,,WARN cpu=86% -- saturated p99=273ms
live_ep_000054_CPU_SATURATION,CPU_SATURATION,order-service,11.5,1785988601.2412214,WARNING,,WARN cpu=92% -- saturated p99=381ms
live_ep_000054_CPU_SATURATION,CPU_SATURATION,order-service,12.0,1785988601.7415218,WARNING,,WARN cpu=86% -- saturated p99=410ms
live_ep_000054_CPU_SATURATION,CPU_SATURATION,order-service,12.5,1785988602.2417092,WARNING,,WARN cpu=83% -- saturated p99=334ms
live_ep_000054_CPU_SATURATION,CPU_SATURATION,order-service,13.0,1785988602.7421284,WARNING,,WARN cpu=95% -- saturated p99=392ms
live_ep_000054_CPU_SATURATION,CPU_SATURATION,order-service,13.5,1785988603.2425253,WARNING,,WARN cpu=91% -- saturated p99=316ms
live_ep_000054_CPU_SATURATION,CPU_SATURATION,order-service,14.0,1785988603.743011,WARNING,,WARN cpu=89% -- saturated p99=402ms
live_ep_000054_CPU_SATURATION,CPU_SATURATION,order-service,14.5,1785988604.2432098,WARNING,,WARN cpu=91% -- saturated p99=338ms
live_ep_000054_CPU_SATURATION,CPU_SATURATION,order-service,15.0,1785988604.7435331,WARNING,,WARN cpu=83% -- saturated p99=265ms
live_ep_000054_CPU_SATURATION,CPU_SATURATION,order-service,15.5,1785988605.2439342,WARNING,,WARN cpu=92% -- saturated p99=364ms
live_ep_000054_CPU_SATURATION,CPU_SATURATION,order-service,16.0,1785988605.7440917,WARNING,,WARN cpu=81% -- saturated p99=267ms
live_ep_000054_CPU_SATURATION,CPU_SATURATION,order-service,16.5,1785988606.244298,WARNING,,WARN cpu=83% -- saturated p99=272ms
live_ep_000054_CPU_SATURATION,CPU_SATURATION,order-service,17.0,1785988606.744847,WARNING,,WARN cpu=90% -- saturated p99=365ms
live_ep_000054_CPU_SATURATION,CPU_SATURATION,order-service,17.5,1785988607.2450197,WARNING,,WARN cpu=85% -- saturated p99=285ms
live_ep_000054_CPU_SATURATION,CPU_SATURATION,order-service,18.0,1785988607.7453902,WARNING,,WARN cpu=85% -- saturated p99=376ms
live_ep_000054_CPU_SATURATION,CPU_SATURATION,order-service,18.5,1785988608.2472885,WARNING,,WARN cpu=89% -- saturated p99=341ms
live_ep_000054_CPU_SATURATION,CPU_SATURATION,order-service,19.0,1785988608.7478623,WARNING,,WARN cpu=87% -- saturated p99=386ms
live_ep_000054_CPU_SATURATION,CPU_SATURATION,order-service,19.5,1785988609.254677,WARNING,,WARN cpu=85% -- saturated p99=356ms
live_ep_000054_CPU_SATURATION,CPU_SATURATION,order-service,20.0,1785988609.7550588,WARNING,,WARN cpu=90% -- saturated p99=354ms
live_ep_000054_CPU_SATURATION,CPU_SATURATION,order-service,20.5,1785988610.2615762,WARNING,,WARN cpu=87% -- saturated p99=414ms
live_ep_000054_CPU_SATURATION,CPU_SATURATION,order-service,21.0,1785988610.7620687,WARNING,,WARN cpu=87% -- saturated p99=369ms
live_ep_000054_CPU_SATURATION,CPU_SATURATION,order-service,21.5,1785988611.265705,WARNING,,WARN cpu=86% -- saturated p99=344ms
live_ep_000054_CPU_SATURATION,CPU_SATURATION,order-service,22.0,1785988611.7702756,WARNING,,WARN cpu=85% -- saturated p99=308ms
live_ep_000054_CPU_SATURATION,CPU_SATURATION,order-service,22.5,1785988612.2903113,WARNING,,WARN cpu=86% -- saturated p99=313ms
live_ep_000054_CPU_SATURATION,CPU_SATURATION,order-service,23.0,1785988612.8079522,WARNING,,WARN cpu=82% -- saturated p99=294ms
live_ep_000054_CPU_SATURATION,CPU_SATURATION,order-service,23.5,1785988613.3112621,WARNING,,WARN cpu=87% -- saturated p99=352ms
live_ep_000054_CPU_SATURATION,CPU_SATURATION,order-service,24.0,1785988613.8247766,WARNING,,WARN cpu=83% -- saturated p99=330ms
live_ep_000054_CPU_SATURATION,CPU_SATURATION,order-service,24.5,1785988614.3258064,WARNING,,WARN cpu=87% -- saturated p99=268ms
live_ep_000054_CPU_SATURATION,CPU_SATURATION,order-service,25.0,1785988614.8319516,WARNING,,WARN cpu=95% -- saturated p99=408ms
live_ep_000054_CPU_SATURATION,CPU_SATURATION,order-service,25.5,1785988615.3356364,WARNING,,WARN cpu=87% -- saturated p99=337ms
live_ep_000054_CPU_SATURATION,CPU_SATURATION,order-service,26.0,1785988615.8363416,WARNING,,WARN cpu=87% -- saturated p99=363ms
live_ep_000054_CPU_SATURATION,CPU_SATURATION,order-service,26.5,1785988616.345778,WARNING,,WARN cpu=86% -- saturated p99=327ms
live_ep_000054_CPU_SATURATION,CPU_SATURATION,order-service,27.0,1785988616.8464732,WARNING,,WARN cpu=87% -- saturated p99=366ms
live_ep_000054_CPU_SATURATION,CPU_SATURATION,order-service,27.5,1785988617.349487,WARNING,,WARN cpu=86% -- saturated p99=349ms
live_ep_000054_CPU_SATURATION,CPU_SATURATION,order-service,28.0,1785988617.851726,WARNING,,WARN cpu=99% -- saturated p99=405ms
live_ep_000054_CPU_SATURATION,CPU_SATURATION,order-service,28.5,1785988618.3527315,WARNING,,WARN cpu=90% -- saturated p99=328ms
live_ep_000054_CPU_SATURATION,CPU_SATURATION,order-service,29.0,1785988618.8561532,WARNING,,WARN cpu=95% -- saturated p99=364ms
live_ep_000054_CPU_SATURATION,CPU_SATURATION,order-service,29.5,1785988619.3648458,WARNING,,WARN cpu=86% -- saturated p99=315ms
live_ep_000054_CPU_SATURATION,CPU_SATURATION,order-service,30.0,1785988619.8653035,WARNING,,WARN cpu=87% -- saturated p99=344ms
live_ep_000054_CPU_SATURATION,CPU_SATURATION,order-service,30.5,1785988620.366751,WARNING,,WARN cpu=90% -- saturated p99=350ms
live_ep_000054_CPU_SATURATION,CPU_SATURATION,order-service,31.0,1785988620.8823862,WARNING,,WARN cpu=90% -- saturated p99=406ms
live_ep_000054_CPU_SATURATION,CPU_SATURATION,order-service,31.5,1785988621.3971782,WARNING,,WARN cpu=88% -- saturated p99=317ms
live_ep_000054_CPU_SATURATION,CPU_SATURATION,order-service,32.0,1785988621.9073627,WARNING,,WARN cpu=85% -- saturated p99=328ms
live_ep_000054_CPU_SATURATION,CPU_SATURATION,order-service,32.5,1785988622.4239678,WARNING,,WARN cpu=81% -- saturated p99=281ms
live_ep_000054_CPU_SATURATION,CPU_SATURATION,order-service,33.0,1785988622.9263158,WARNING,,WARN cpu=92% -- saturated p99=375ms
live_ep_000054_CPU_SATURATION,CPU_SATURATION,order-service,33.5,1785988623.4548237,WARNING,,WARN cpu=94% -- saturated p99=417ms
live_ep_000054_CPU_SATURATION,CPU_SATURATION,order-service,34.0,1785988623.956512,WARNING,,WARN cpu=92% -- saturated p99=358ms
live_ep_000054_CPU_SATURATION,CPU_SATURATION,order-service,34.5,1785988624.4624736,WARNING,,WARN cpu=85% -- saturated p99=326ms
live_ep_000054_CPU_SATURATION,CPU_SATURATION,order-service,35.0,1785988624.9693642,WARNING,,WARN cpu=90% -- saturated p99=404ms
live_ep_000054_CPU_SATURATION,CPU_SATURATION,order-service,35.5,1785988625.4840448,WARNING,,WARN cpu=88% -- saturated p99=330ms
live_ep_000054_CPU_SATURATION,CPU_SATURATION,order-service,36.0,1785988625.9883711,WARNING,,WARN cpu=81% -- saturated p99=244ms
live_ep_000054_CPU_SATURATION,CPU_SATURATION,order-service,36.5,1785988626.4911346,WARNING,,WARN cpu=88% -- saturated p99=349ms
live_ep_000054_CPU_SATURATION,CPU_SATURATION,order-service,37.0,1785988626.991741,WARNING,,WARN cpu=88% -- saturated p99=250ms
live_ep_000054_CPU_SATURATION,CPU_SATURATION,order-service,37.5,1785988627.492299,WARNING,,WARN cpu=86% -- saturated p99=322ms
live_ep_000054_CPU_SATURATION,CPU_SATURATION,order-service,38.0,1785988627.9941316,WARNING,,WARN cpu=82% -- saturated p99=257ms
live_ep_000054_CPU_SATURATION,CPU_SATURATION,order-service,38.5,1785988628.5002337,WARNING,,WARN cpu=92% -- saturated p99=367ms
live_ep_000054_CPU_SATURATION,CPU_SATURATION,order-service,39.0,1785988629.00054,WARNING,,WARN cpu=82% -- saturated p99=252ms
live_ep_000054_CPU_SATURATION,CPU_SATURATION,order-service,39.5,1785988629.500794,WARNING,,WARN cpu=85% -- saturated p99=289ms
live_ep_000054_CPU_SATURATION,CPU_SATURATION,order-service,40.0,1785988630.008178,WARNING,,WARN cpu=90% -- saturated p99=317ms
live_ep_000054_CPU_SATURATION,CPU_SATURATION,order-service,40.5,1785988630.513115,WARNING,,WARN cpu=83% -- saturated p99=284ms
live_ep_000054_CPU_SATURATION,CPU_SATURATION,order-service,41.0,1785988631.0148234,WARNING,,WARN cpu=86% -- saturated p99=345ms
live_ep_000054_CPU_SATURATION,CPU_SATURATION,order-service,41.5,1785988631.5158937,WARNING,,WARN cpu=85% -- saturated p99=292ms
live_ep_000054_CPU_SATURATION,CPU_SATURATION,order-service,42.0,1785988632.0168211,WARNING,,WARN cpu=94% -- saturated p99=398ms
live_ep_000054_CPU_SATURATION,CPU_SATURATION,order-service,42.5,1785988632.5169487,WARNING,,WARN cpu=87% -- saturated p99=362ms
live_ep_000054_CPU_SATURATION,CPU_SATURATION,order-service,43.0,1785988633.017538,WARNING,,WARN cpu=85% -- saturated p99=287ms
live_ep_000054_CPU_SATURATION,CPU_SATURATION,order-service,43.5,1785988633.51936,WARNING,,WARN cpu=85% -- saturated p99=329ms
live_ep_000054_CPU_SATURATION,CPU_SATURATION,order-service,44.0,1785988634.0217524,WARNING,,WARN cpu=87% -- saturated p99=297ms
live_ep_000054_CPU_SATURATION,CPU_SATURATION,order-service,44.5,1785988634.5226774,WARNING,,WARN cpu=90% -- saturated p99=377ms
live_ep_000054_CPU_SATURATION,CPU_SATURATION,order-service,45.0,1785988635.0230136,WARNING,,WARN cpu=86% -- saturated p99=356ms
live_ep_000054_CPU_SATURATION,CPU_SATURATION,order-service,45.5,1785988635.5237348,WARNING,,WARN cpu=86% -- saturated p99=382ms
live_ep_000054_CPU_SATURATION,CPU_SATURATION,order-service,46.0,1785988636.0241976,WARNING,,WARN cpu=91% -- saturated p99=369ms
live_ep_000054_CPU_SATURATION,CPU_SATURATION,order-service,46.5,1785988636.5246768,WARNING,,WARN cpu=81% -- saturated p99=261ms
live_ep_000054_CPU_SATURATION,CPU_SATURATION,order-service,47.0,1785988637.0249152,WARNING,,WARN cpu=85% -- saturated p99=347ms
live_ep_000054_CPU_SATURATION,CPU_SATURATION,order-service,47.5,1785988637.5266838,WARNING,,WARN cpu=84% -- saturated p99=335ms
live_ep_000054_CPU_SATURATION,CPU_SATURATION,order-service,48.0,1785988638.0272043,WARNING,,WARN cpu=90% -- saturated p99=363ms
live_ep_000054_CPU_SATURATION,CPU_SATURATION,order-service,48.5,1785988638.5361989,WARNING,,WARN cpu=87% -- saturated p99=348ms
live_ep_000054_CPU_SATURATION,CPU_SATURATION,order-service,49.0,1785988639.03754,WARNING,,WARN cpu=91% -- saturated p99=365ms
live_ep_000054_CPU_SATURATION,CPU_SATURATION,order-service,49.5,1785988639.5371206,WARNING,,WARN cpu=87% -- saturated p99=384ms
live_ep_000054_CPU_SATURATION,CPU_SATURATION,order-service,50.0,1785988640.0524116,WARNING,,WARN cpu=76% -- saturated p99=283ms
live_ep_000054_CPU_SATURATION,CPU_SATURATION,order-service,50.5,1785988640.5536828,WARNING,,WARN cpu=94% -- saturated p99=406ms
live_ep_000054_CPU_SATURATION,CPU_SATURATION,order-service,51.0,1785988641.0546386,WARNING,,WARN cpu=84% -- saturated p99=292ms
live_ep_000054_CPU_SATURATION,CPU_SATURATION,order-service,51.5,1785988641.555857,WARNING,,WARN cpu=88% -- saturated p99=397ms
live_ep_000054_CPU_SATURATION,CPU_SATURATION,order-service,52.0,1785988642.0559735,WARNING,,WARN cpu=87% -- saturated p99=398ms
live_ep_000054_CPU_SATURATION,CPU_SATURATION,order-service,52.5,1785988642.55643,WARNING,,WARN cpu=89% -- saturated p99=358ms
live_ep_000054_CPU_SATURATION,CPU_SATURATION,order-service,53.0,1785988643.058332,WARNING,,WARN cpu=81% -- saturated p99=279ms
live_ep_000054_CPU_SATURATION,CPU_SATURATION,order-service,53.5,1785988643.55971,WARNING,,WARN cpu=84% -- saturated p99=309ms
live_ep_000054_CPU_SATURATION,CPU_SATURATION,order-service,54.0,1785988644.0614474,WARNING,,WARN cpu=94% -- saturated p99=372ms
live_ep_000054_CPU_SATURATION,CPU_SATURATION,order-service,54.5,1785988644.5628004,WARNING,,WARN cpu=93% -- saturated p99=415ms
live_ep_000054_CPU_SATURATION,CPU_SATURATION,order-service,55.0,1785988645.0630047,WARNING,,WARN cpu=81% -- saturated p99=288ms
live_ep_000054_CPU_SATURATION,CPU_SATURATION,order-service,55.5,1785988645.566939,WARNING,,WARN cpu=87% -- saturated p99=335ms
live_ep_000054_CPU_SATURATION,CPU_SATURATION,order-service,56.0,1785988646.0676908,WARNING,,WARN cpu=81% -- saturated p99=303ms
live_ep_000054_CPU_SATURATION,CPU_SATURATION,order-service,56.5,1785988646.5693812,WARNING,,WARN cpu=86% -- saturated p99=308ms
live_ep_000054_CPU_SATURATION,CPU_SATURATION,order-service,57.0,1785988647.0723393,WARNING,,WARN cpu=88% -- saturated p99=339ms
live_ep_000054_CPU_SATURATION,CPU_SATURATION,order-service,57.5,1785988647.573825,WARNING,,WARN cpu=91% -- saturated p99=394ms
live_ep_000054_CPU_SATURATION,CPU_SATURATION,order-service,58.0,1785988648.0772986,WARNING,,WARN cpu=91% -- saturated p99=404ms
live_ep_000054_CPU_SATURATION,CPU_SATURATION,order-service,58.5,1785988648.5782082,WARNING,,WARN cpu=84% -- saturated p99=326ms
live_ep_000054_CPU_SATURATION,CPU_SATURATION,order-service,59.0,1785988649.0791776,WARNING,,WARN cpu=85% -- saturated p99=338ms
live_ep_000054_CPU_SATURATION,CPU_SATURATION,order-service,59.5,1785988649.592743,WARNING,,WARN cpu=87% -- saturated p99=320ms
live_ep_000055_MEMORY_LEAK,MEMORY_LEAK,payment-service,0.0,1785988650.1193144,WARNING,,WARN heap=512MB gc_p99=32ms -- memory leak
live_ep_000055_MEMORY_LEAK,MEMORY_LEAK,payment-service,0.5,1785988650.6197927,WARNING,,WARN heap=520MB gc_p99=25ms -- memory leak
live_ep_000055_MEMORY_LEAK,MEMORY_LEAK,payment-service,1.0,1785988651.1205847,WARNING,,WARN heap=519MB gc_p99=24ms -- memory leak
live_ep_000055_MEMORY_LEAK,MEMORY_LEAK,payment-service,1.5,1785988651.6229656,WARNING,,WARN heap=505MB gc_p99=20ms -- memory leak
live_ep_000055_MEMORY_LEAK,MEMORY_LEAK,payment-service,2.0,1785988652.1316662,WARNING,,WARN heap=508MB gc_p99=15ms -- memory leak
live_ep_000055_MEMORY_LEAK,MEMORY_LEAK,payment-service,2.5,1785988652.6439185,WARNING,,WARN heap=513MB gc_p99=14ms -- memory leak
live_ep_000055_MEMORY_LEAK,MEMORY_LEAK,payment-service,3.0,1785988653.155789,WARNING,,WARN heap=507MB gc_p99=12ms -- memory leak
live_ep_000055_MEMORY_LEAK,MEMORY_LEAK,payment-service,3.5,1785988653.6563165,WARNING,,WARN heap=513MB gc_p99=12ms -- memory leak
live_ep_000055_MEMORY_LEAK,MEMORY_LEAK,payment-service,4.0,1785988654.157085,WARNING,,WARN heap=516MB gc_p99=16ms -- memory leak
live_ep_000055_MEMORY_LEAK,MEMORY_LEAK,payment-service,4.5,1785988654.663102,WARNING,,WARN heap=500MB gc_p99=13ms -- memory leak
live_ep_000055_MEMORY_LEAK,MEMORY_LEAK,payment-service,5.0,1785988655.1636431,WARNING,,WARN heap=521MB gc_p99=14ms -- memory leak
live_ep_000055_MEMORY_LEAK,MEMORY_LEAK,payment-service,5.5,1785988655.66398,WARNING,,WARN heap=512MB gc_p99=20ms -- memory leak
live_ep_000055_MEMORY_LEAK,MEMORY_LEAK,payment-service,6.0,1785988656.1641915,WARNING,,WARN heap=512MB gc_p99=16ms -- memory leak
live_ep_000055_MEMORY_LEAK,MEMORY_LEAK,payment-service,6.5,1785988656.665814,WARNING,,WARN heap=511MB gc_p99=9ms -- memory leak
live_ep_000055_MEMORY_LEAK,MEMORY_LEAK,payment-service,7.0,1785988657.1672,WARNING,,WARN heap=503MB gc_p99=19ms -- memory leak
live_ep_000055_MEMORY_LEAK,MEMORY_LEAK,payment-service,7.5,1785988657.6677747,WARNING,,WARN heap=522MB gc_p99=19ms -- memory leak
live_ep_000055_MEMORY_LEAK,MEMORY_LEAK,payment-service,8.0,1785988658.168253,WARNING,,WARN heap=519MB gc_p99=15ms -- memory leak
live_ep_000055_MEMORY_LEAK,MEMORY_LEAK,payment-service,8.5,1785988658.6687102,WARNING,,WARN heap=513MB gc_p99=15ms -- memory leak
live_ep_000055_MEMORY_LEAK,MEMORY_LEAK,payment-service,9.0,1785988659.1688673,WARNING,,WARN heap=519MB gc_p99=20ms -- memory leak
live_ep_000055_MEMORY_LEAK,MEMORY_LEAK,payment-service,9.5,1785988659.6702738,WARNING,,WARN heap=500MB gc_p99=19ms -- memory leak
live_ep_000055_MEMORY_LEAK,MEMORY_LEAK,payment-service,10.0,1785988660.170622,WARNING,,WARN heap=515MB gc_p99=21ms -- memory leak
live_ep_000055_MEMORY_LEAK,MEMORY_LEAK,payment-service,10.5,1785988660.6708708,WARNING,,WARN heap=520MB gc_p99=23ms -- memory leak
live_ep_000055_MEMORY_LEAK,MEMORY_LEAK,payment-service,11.0,1785988661.1736057,WARNING,,WARN heap=515MB gc_p99=12ms -- memory leak
live_ep_000055_MEMORY_LEAK,MEMORY_LEAK,payment-service,11.5,1785988661.6749191,WARNING,,WARN heap=509MB gc_p99=12ms -- memory leak
live_ep_000055_MEMORY_LEAK,MEMORY_LEAK,payment-service,12.0,1785988662.1755774,WARNING,,WARN heap=511MB gc_p99=15ms -- memory leak
live_ep_000055_MEMORY_LEAK,MEMORY_LEAK,payment-service,12.5,1785988662.6787298,WARNING,,WARN heap=509MB gc_p99=25ms -- memory leak
live_ep_000055_MEMORY_LEAK,MEMORY_LEAK,payment-service,13.0,1785988663.182427,WARNING,,WARN heap=512MB gc_p99=11ms -- memory leak
live_ep_000055_MEMORY_LEAK,MEMORY_LEAK,payment-service,13.5,1785988663.6842387,WARNING,,WARN heap=525MB gc_p99=15ms -- memory leak
live_ep_000055_MEMORY_LEAK,MEMORY_LEAK,payment-service,14.0,1785988664.1986613,WARNING,,WARN heap=522MB gc_p99=22ms -- memory leak
live_ep_000055_MEMORY_LEAK,MEMORY_LEAK,payment-service,14.5,1785988664.723415,WARNING,,WARN heap=503MB gc_p99=8ms -- memory leak
live_ep_000055_MEMORY_LEAK,MEMORY_LEAK,payment-service,15.0,1785988665.2323518,WARNING,,WARN heap=515MB gc_p99=18ms -- memory leak
live_ep_000055_MEMORY_LEAK,MEMORY_LEAK,payment-service,15.5,1785988665.7373455,WARNING,,WARN heap=520MB gc_p99=13ms -- memory leak
live_ep_000055_MEMORY_LEAK,MEMORY_LEAK,payment-service,16.0,1785988666.2400165,WARNING,,WARN heap=512MB gc_p99=12ms -- memory leak
live_ep_000055_MEMORY_LEAK,MEMORY_LEAK,payment-service,16.5,1785988666.7466161,WARNING,,WARN heap=512MB gc_p99=11ms -- memory leak
live_ep_000055_MEMORY_LEAK,MEMORY_LEAK,payment-service,17.0,1785988667.252608,WARNING,,WARN heap=510MB gc_p99=14ms -- memory leak
live_ep_000055_MEMORY_LEAK,MEMORY_LEAK,payment-service,17.5,1785988667.752939,WARNING,,WARN heap=517MB gc_p99=19ms -- memory leak
live_ep_000055_MEMORY_LEAK,MEMORY_LEAK,payment-service,18.0,1785988668.253324,WARNING,,WARN heap=513MB gc_p99=11ms -- memory leak
live_ep_000055_MEMORY_LEAK,MEMORY_LEAK,payment-service,18.5,1785988668.75407,WARNING,,WARN heap=518MB gc_p99=11ms -- memory leak
live_ep_000055_MEMORY_LEAK,MEMORY_LEAK,payment-service,19.0,1785988669.2551832,WARNING,,WARN heap=507MB gc_p99=12ms -- memory leak
live_ep_000055_MEMORY_LEAK,MEMORY_LEAK,payment-service,19.5,1785988669.7559245,WARNING,,WARN heap=522MB gc_p99=17ms -- memory leak
live_ep_000055_MEMORY_LEAK,MEMORY_LEAK,payment-service,20.0,1785988670.257858,WARNING,,WARN heap=521MB gc_p99=27ms -- memory leak
live_ep_000055_MEMORY_LEAK,MEMORY_LEAK,payment-service,20.5,1785988670.7587059,WARNING,,WARN heap=518MB gc_p99=23ms -- memory leak
live_ep_000055_MEMORY_LEAK,MEMORY_LEAK,payment-service,21.0,1785988671.2612944,WARNING,,WARN heap=507MB gc_p99=15ms -- memory leak
live_ep_000055_MEMORY_LEAK,MEMORY_LEAK,payment-service,21.5,1785988671.7633195,WARNING,,WARN heap=511MB gc_p99=22ms -- memory leak
live_ep_000055_MEMORY_LEAK,MEMORY_LEAK,payment-service,22.0,1785988672.2639282,WARNING,,WARN heap=506MB gc_p99=17ms -- memory leak
live_ep_000055_MEMORY_LEAK,MEMORY_LEAK,payment-service,22.5,1785988672.7659419,WARNING,,WARN heap=501MB gc_p99=17ms -- memory leak
live_ep_000055_MEMORY_LEAK,MEMORY_LEAK,payment-service,23.0,1785988673.266891,WARNING,,WARN heap=507MB gc_p99=19ms -- memory leak
live_ep_000055_MEMORY_LEAK,MEMORY_LEAK,payment-service,23.5,1785988673.767827,WARNING,,WARN heap=512MB gc_p99=13ms -- memory leak
live_ep_000055_MEMORY_LEAK,MEMORY_LEAK,payment-service,24.0,1785988674.2683823,WARNING,,WARN heap=533MB gc_p99=27ms -- memory leak
live_ep_000055_MEMORY_LEAK,MEMORY_LEAK,payment-service,24.5,1785988674.7686307,WARNING,,WARN heap=516MB gc_p99=15ms -- memory leak
live_ep_000055_MEMORY_LEAK,MEMORY_LEAK,payment-service,25.0,1785988675.2748015,WARNING,,WARN heap=507MB gc_p99=20ms -- memory leak
live_ep_000055_MEMORY_LEAK,MEMORY_LEAK,payment-service,25.5,1785988675.7808278,WARNING,,WARN heap=503MB gc_p99=16ms -- memory leak
live_ep_000055_MEMORY_LEAK,MEMORY_LEAK,payment-service,26.0,1785988676.285112,WARNING,,WARN heap=528MB gc_p99=17ms -- memory leak
live_ep_000055_MEMORY_LEAK,MEMORY_LEAK,payment-service,26.5,1785988676.78553,WARNING,,WARN heap=518MB gc_p99=17ms -- memory leak
live_ep_000055_MEMORY_LEAK,MEMORY_LEAK,payment-service,27.0,1785988677.2944193,WARNING,,WARN heap=518MB gc_p99=25ms -- memory leak
live_ep_000055_MEMORY_LEAK,MEMORY_LEAK,payment-service,27.5,1785988677.795077,WARNING,,WARN heap=534MB gc_p99=25ms -- memory leak
live_ep_000055_MEMORY_LEAK,MEMORY_LEAK,payment-service,28.0,1785988678.2959044,WARNING,,WARN heap=526MB gc_p99=26ms -- memory leak
live_ep_000055_MEMORY_LEAK,MEMORY_LEAK,payment-service,28.5,1785988678.7964535,WARNING,,WARN heap=525MB gc_p99=23ms -- memory leak
live_ep_000055_MEMORY_LEAK,MEMORY_LEAK,payment-service,29.0,1785988679.2967772,WARNING,,WARN heap=513MB gc_p99=17ms -- memory leak
live_ep_000055_MEMORY_LEAK,MEMORY_LEAK,payment-service,29.5,1785988679.797607,WARNING,,WARN heap=527MB gc_p99=30ms -- memory leak
live_ep_000055_MEMORY_LEAK,MEMORY_LEAK,payment-service,30.0,1785988680.2978182,WARNING,,WARN heap=508MB gc_p99=26ms -- memory leak
live_ep_000055_MEMORY_LEAK,MEMORY_LEAK,payment-service,30.5,1785988680.7981699,WARNING,,WARN heap=503MB gc_p99=23ms -- memory leak
live_ep_000055_MEMORY_LEAK,MEMORY_LEAK,payment-service,31.0,1785988681.2986102,WARNING,,WARN heap=506MB gc_p99=12ms -- memory leak
live_ep_000055_MEMORY_LEAK,MEMORY_LEAK,payment-service,31.5,1785988681.7987456,WARNING,,WARN heap=531MB gc_p99=24ms -- memory leak
live_ep_000055_MEMORY_LEAK,MEMORY_LEAK,payment-service,32.0,1785988682.2990773,WARNING,,WARN heap=507MB gc_p99=25ms -- memory leak
live_ep_000055_MEMORY_LEAK,MEMORY_LEAK,payment-service,32.5,1785988682.7993152,WARNING,,WARN heap=506MB gc_p99=12ms -- memory leak
live_ep_000055_MEMORY_LEAK,MEMORY_LEAK,payment-service,33.0,1785988683.299446,WARNING,,WARN heap=516MB gc_p99=14ms -- memory leak
live_ep_000055_MEMORY_LEAK,MEMORY_LEAK,payment-service,33.5,1785988683.799997,WARNING,,WARN heap=508MB gc_p99=24ms -- memory leak
live_ep_000055_MEMORY_LEAK,MEMORY_LEAK,payment-service,34.0,1785988684.3004982,WARNING,,WARN heap=521MB gc_p99=15ms -- memory leak
live_ep_000055_MEMORY_LEAK,MEMORY_LEAK,payment-service,34.5,1785988684.8007224,WARNING,,WARN heap=523MB gc_p99=29ms -- memory leak
live_ep_000055_MEMORY_LEAK,MEMORY_LEAK,payment-service,35.0,1785988685.3009226,WARNING,,WARN heap=516MB gc_p99=15ms -- memory leak
live_ep_000055_MEMORY_LEAK,MEMORY_LEAK,payment-service,35.5,1785988685.8015046,WARNING,,WARN heap=532MB gc_p99=14ms -- memory leak
live_ep_000055_MEMORY_LEAK,MEMORY_LEAK,payment-service,36.0,1785988686.3019946,WARNING,,WARN heap=517MB gc_p99=19ms -- memory leak
live_ep_000055_MEMORY_LEAK,MEMORY_LEAK,payment-service,36.5,1785988686.8024757,WARNING,,WARN heap=526MB gc_p99=17ms -- memory leak
live_ep_000055_MEMORY_LEAK,MEMORY_LEAK,payment-service,37.0,1785988687.3041534,WARNING,,WARN heap=529MB gc_p99=50ms -- memory leak
live_ep_000055_MEMORY_LEAK,MEMORY_LEAK,payment-service,37.5,1785988687.8046527,WARNING,,WARN heap=533MB gc_p99=28ms -- memory leak
live_ep_000055_MEMORY_LEAK,MEMORY_LEAK,payment-service,38.0,1785988688.3047776,WARNING,,WARN heap=520MB gc_p99=21ms -- memory leak
live_ep_000055_MEMORY_LEAK,MEMORY_LEAK,payment-service,38.5,1785988688.8050377,WARNING,,WARN heap=523MB gc_p99=14ms -- memory leak
live_ep_000055_MEMORY_LEAK,MEMORY_LEAK,payment-service,39.0,1785988689.305447,WARNING,,WARN heap=529MB gc_p99=28ms -- memory leak
live_ep_000055_MEMORY_LEAK,MEMORY_LEAK,payment-service,39.5,1785988689.805909,WARNING,,WARN heap=522MB gc_p99=11ms -- memory leak
live_ep_000055_MEMORY_LEAK,MEMORY_LEAK,payment-service,40.0,1785988690.306415,WARNING,,WARN heap=511MB gc_p99=10ms -- memory leak
live_ep_000055_MEMORY_LEAK,MEMORY_LEAK,payment-service,40.5,1785988690.8065145,WARNING,,WARN heap=512MB gc_p99=11ms -- memory leak
live_ep_000055_MEMORY_LEAK,MEMORY_LEAK,payment-service,41.0,1785988691.3067226,WARNING,,WARN heap=530MB gc_p99=17ms -- memory leak
live_ep_000055_MEMORY_LEAK,MEMORY_LEAK,payment-service,41.5,1785988691.8069017,WARNING,,WARN heap=521MB gc_p99=22ms -- memory leak
live_ep_000055_MEMORY_LEAK,MEMORY_LEAK,payment-service,42.0,1785988692.307206,WARNING,,WARN heap=521MB gc_p99=17ms -- memory leak
live_ep_000055_MEMORY_LEAK,MEMORY_LEAK,payment-service,42.5,1785988692.8077815,WARNING,,WARN heap=527MB gc_p99=50ms -- memory leak
live_ep_000055_MEMORY_LEAK,MEMORY_LEAK,payment-service,43.0,1785988693.3083405,WARNING,,WARN heap=517MB gc_p99=10ms -- memory leak
live_ep_000055_MEMORY_LEAK,MEMORY_LEAK,payment-service,43.5,1785988693.8088374,WARNING,,WARN heap=521MB gc_p99=13ms -- memory leak
live_ep_000055_MEMORY_LEAK,MEMORY_LEAK,payment-service,44.0,1785988694.3093033,WARNING,,WARN heap=522MB gc_p99=23ms -- memory leak
live_ep_000055_MEMORY_LEAK,MEMORY_LEAK,payment-service,44.5,1785988694.809686,WARNING,,WARN heap=504MB gc_p99=19ms -- memory leak
live_ep_000055_MEMORY_LEAK,MEMORY_LEAK,payment-service,45.0,1785988695.309939,WARNING,,WARN heap=532MB gc_p99=29ms -- memory leak
live_ep_000055_MEMORY_LEAK,MEMORY_LEAK,payment-service,45.5,1785988695.8104382,WARNING,,WARN heap=520MB gc_p99=12ms -- memory leak
live_ep_000055_MEMORY_LEAK,MEMORY_LEAK,payment-service,46.0,1785988696.3105354,WARNING,,WARN heap=514MB gc_p99=12ms -- memory leak
live_ep_000055_MEMORY_LEAK,MEMORY_LEAK,payment-service,46.5,1785988696.811096,WARNING,,WARN heap=528MB gc_p99=11ms -- memory leak
live_ep_000055_MEMORY_LEAK,MEMORY_LEAK,payment-service,47.0,1785988697.3113692,WARNING,,WARN heap=510MB gc_p99=17ms -- memory leak
live_ep_000055_MEMORY_LEAK,MEMORY_LEAK,payment-service,47.5,1785988697.811709,WARNING,,WARN heap=528MB gc_p99=18ms -- memory leak
live_ep_000055_MEMORY_LEAK,MEMORY_LEAK,payment-service,48.0,1785988698.312072,WARNING,,WARN heap=520MB gc_p99=15ms -- memory leak
live_ep_000055_MEMORY_LEAK,MEMORY_LEAK,payment-service,48.5,1785988698.8125324,WARNING,,WARN heap=523MB gc_p99=33ms -- memory leak
live_ep_000055_MEMORY_LEAK,MEMORY_LEAK,payment-service,49.0,1785988699.3126285,WARNING,,WARN heap=517MB gc_p99=12ms -- memory leak
live_ep_000055_MEMORY_LEAK,MEMORY_LEAK,payment-service,49.5,1785988699.812882,WARNING,,WARN heap=510MB gc_p99=13ms -- memory leak
live_ep_000055_MEMORY_LEAK,MEMORY_LEAK,payment-service,50.0,1785988700.3132248,WARNING,,WARN heap=520MB gc_p99=19ms -- memory leak
live_ep_000055_MEMORY_LEAK,MEMORY_LEAK,payment-service,50.5,1785988700.8135633,WARNING,,WARN heap=509MB gc_p99=13ms -- memory leak
live_ep_000055_MEMORY_LEAK,MEMORY_LEAK,payment-service,51.0,1785988701.3137863,WARNING,,WARN heap=526MB gc_p99=17ms -- memory leak
live_ep_000055_MEMORY_LEAK,MEMORY_LEAK,payment-service,51.5,1785988701.814186,WARNING,,WARN heap=521MB gc_p99=18ms -- memory leak
live_ep_000055_MEMORY_LEAK,MEMORY_LEAK,payment-service,52.0,1785988702.3143566,WARNING,,WARN heap=537MB gc_p99=29ms -- memory leak
live_ep_000055_MEMORY_LEAK,MEMORY_LEAK,payment-service,52.5,1785988702.8145065,WARNING,,WARN heap=526MB gc_p99=17ms -- memory leak
live_ep_000055_MEMORY_LEAK,MEMORY_LEAK,payment-service,53.0,1785988703.314931,WARNING,,WARN heap=524MB gc_p99=13ms -- memory leak
live_ep_000055_MEMORY_LEAK,MEMORY_LEAK,payment-service,53.5,1785988703.8150926,WARNING,,WARN heap=522MB gc_p99=29ms -- memory leak
live_ep_000055_MEMORY_LEAK,MEMORY_LEAK,payment-service,54.0,1785988704.3156188,WARNING,,WARN heap=514MB gc_p99=21ms -- memory leak
live_ep_000055_MEMORY_LEAK,MEMORY_LEAK,payment-service,54.5,1785988704.8159082,WARNING,,WARN heap=529MB gc_p99=27ms -- memory leak
live_ep_000055_MEMORY_LEAK,MEMORY_LEAK,payment-service,55.0,1785988705.316256,WARNING,,WARN heap=516MB gc_p99=19ms -- memory leak
live_ep_000055_MEMORY_LEAK,MEMORY_LEAK,payment-service,55.5,1785988705.8166547,WARNING,,WARN heap=525MB gc_p99=17ms -- memory leak
live_ep_000055_MEMORY_LEAK,MEMORY_LEAK,payment-service,56.0,1785988706.317221,WARNING,,WARN heap=517MB gc_p99=13ms -- memory leak
live_ep_000055_MEMORY_LEAK,MEMORY_LEAK,payment-service,56.5,1785988706.8174753,WARNING,,WARN heap=526MB gc_p99=29ms -- memory leak
live_ep_000055_MEMORY_LEAK,MEMORY_LEAK,payment-service,57.0,1785988707.3177676,WARNING,,WARN heap=515MB gc_p99=9ms -- memory leak
live_ep_000055_MEMORY_LEAK,MEMORY_LEAK,payment-service,57.5,1785988707.8180306,WARNING,,WARN heap=525MB gc_p99=20ms -- memory leak
live_ep_000055_MEMORY_LEAK,MEMORY_LEAK,payment-service,58.0,1785988708.318366,WARNING,,WARN heap=532MB gc_p99=23ms -- memory leak
live_ep_000055_MEMORY_LEAK,MEMORY_LEAK,payment-service,58.5,1785988708.8187027,WARNING,,WARN heap=514MB gc_p99=10ms -- memory leak
live_ep_000055_MEMORY_LEAK,MEMORY_LEAK,payment-service,59.0,1785988709.3190932,WARNING,,WARN heap=522MB gc_p99=37ms -- memory leak
live_ep_000055_MEMORY_LEAK,MEMORY_LEAK,payment-service,59.5,1785988709.8192387,WARNING,,WARN heap=523MB gc_p99=26ms -- memory leak
live_ep_000056_CPU_SATURATION,CPU_SATURATION,order-service,0.0,1785988710.3211253,WARNING,,WARN cpu=42% -- saturated p99=131ms
live_ep_000056_CPU_SATURATION,CPU_SATURATION,order-service,0.5,1785988710.8212752,WARNING,,WARN cpu=29% -- saturated p99=136ms
live_ep_000056_CPU_SATURATION,CPU_SATURATION,order-service,1.0,1785988711.321794,WARNING,,WARN cpu=30% -- saturated p99=118ms
live_ep_000056_CPU_SATURATION,CPU_SATURATION,order-service,1.5,1785988711.8222067,WARNING,,WARN cpu=27% -- saturated p99=138ms
live_ep_000056_CPU_SATURATION,CPU_SATURATION,order-service,2.0,1785988712.3226783,WARNING,,WARN cpu=38% -- saturated p99=109ms
live_ep_000056_CPU_SATURATION,CPU_SATURATION,order-service,2.5,1785988712.8228538,WARNING,,WARN cpu=44% -- saturated p99=94ms
live_ep_000056_CPU_SATURATION,CPU_SATURATION,order-service,3.0,1785988713.3229861,WARNING,,WARN cpu=38% -- saturated p99=128ms
live_ep_000056_CPU_SATURATION,CPU_SATURATION,order-service,3.5,1785988713.823102,WARNING,,WARN cpu=38% -- saturated p99=123ms
live_ep_000056_CPU_SATURATION,CPU_SATURATION,order-service,4.0,1785988714.3236692,WARNING,,WARN cpu=86% -- saturated p99=346ms
live_ep_000056_CPU_SATURATION,CPU_SATURATION,order-service,4.5,1785988714.8239083,WARNING,,WARN cpu=91% -- saturated p99=353ms
live_ep_000056_CPU_SATURATION,CPU_SATURATION,order-service,5.0,1785988715.3242693,WARNING,,WARN cpu=85% -- saturated p99=341ms
live_ep_000056_CPU_SATURATION,CPU_SATURATION,order-service,5.5,1785988715.8248546,WARNING,,WARN cpu=88% -- saturated p99=349ms
live_ep_000056_CPU_SATURATION,CPU_SATURATION,order-service,6.0,1785988716.3250642,WARNING,,WARN cpu=85% -- saturated p99=337ms
live_ep_000056_CPU_SATURATION,CPU_SATURATION,order-service,6.5,1785988716.8258457,WARNING,,WARN cpu=92% -- saturated p99=389ms
live_ep_000056_CPU_SATURATION,CPU_SATURATION,order-service,7.0,1785988717.3263395,WARNING,,WARN cpu=92% -- saturated p99=359ms
live_ep_000056_CPU_SATURATION,CPU_SATURATION,order-service,7.5,1785988717.826804,WARNING,,WARN cpu=73% -- saturated p99=222ms
live_ep_000056_CPU_SATURATION,CPU_SATURATION,order-service,8.0,1785988718.327171,WARNING,,WARN cpu=90% -- saturated p99=369ms
live_ep_000056_CPU_SATURATION,CPU_SATURATION,order-service,8.5,1785988718.827379,WARNING,,WARN cpu=95% -- saturated p99=421ms
live_ep_000056_CPU_SATURATION,CPU_SATURATION,order-service,9.0,1785988719.327662,WARNING,,WARN cpu=91% -- saturated p99=280ms
live_ep_000056_CPU_SATURATION,CPU_SATURATION,order-service,9.5,1785988719.8277724,WARNING,,WARN cpu=91% -- saturated p99=408ms
live_ep_000056_CPU_SATURATION,CPU_SATURATION,order-service,10.0,1785988720.3281438,WARNING,,WARN cpu=92% -- saturated p99=336ms
live_ep_000056_CPU_SATURATION,CPU_SATURATION,order-service,10.5,1785988720.8284616,WARNING,,WARN cpu=90% -- saturated p99=371ms
live_ep_000056_CPU_SATURATION,CPU_SATURATION,order-service,11.0,1785988721.3289926,WARNING,,WARN cpu=92% -- saturated p99=426ms
live_ep_000056_CPU_SATURATION,CPU_SATURATION,order-service,11.5,1785988721.829092,WARNING,,WARN cpu=91% -- saturated p99=349ms
live_ep_000056_CPU_SATURATION,CPU_SATURATION,order-service,12.0,1785988722.329793,WARNING,,WARN cpu=83% -- saturated p99=334ms
live_ep_000056_CPU_SATURATION,CPU_SATURATION,order-service,12.5,1785988722.8301816,WARNING,,WARN cpu=88% -- saturated p99=283ms
live_ep_000056_CPU_SATURATION,CPU_SATURATION,order-service,13.0,1785988723.3303506,WARNING,,WARN cpu=84% -- saturated p99=311ms
live_ep_000056_CPU_SATURATION,CPU_SATURATION,order-service,13.5,1785988723.830577,WARNING,,WARN cpu=91% -- saturated p99=378ms
live_ep_000056_CPU_SATURATION,CPU_SATURATION,order-service,14.0,1785988724.3311093,WARNING,,WARN cpu=94% -- saturated p99=381ms
live_ep_000056_CPU_SATURATION,CPU_SATURATION,order-service,14.5,1785988724.8313851,WARNING,,WARN cpu=91% -- saturated p99=389ms
live_ep_000056_CPU_SATURATION,CPU_SATURATION,order-service,15.0,1785988725.3315341,WARNING,,WARN cpu=81% -- saturated p99=285ms
live_ep_000056_CPU_SATURATION,CPU_SATURATION,order-service,15.5,1785988725.8316817,WARNING,,WARN cpu=84% -- saturated p99=313ms
live_ep_000056_CPU_SATURATION,CPU_SATURATION,order-service,16.0,1785988726.3322165,WARNING,,WARN cpu=83% -- saturated p99=321ms
live_ep_000056_CPU_SATURATION,CPU_SATURATION,order-service,16.5,1785988726.8327396,WARNING,,WARN cpu=87% -- saturated p99=377ms
live_ep_000056_CPU_SATURATION,CPU_SATURATION,order-service,17.0,1785988727.3330102,WARNING,,WARN cpu=90% -- saturated p99=340ms
live_ep_000056_CPU_SATURATION,CPU_SATURATION,order-service,17.5,1785988727.83312,WARNING,,WARN cpu=87% -- saturated p99=328ms
live_ep_000056_CPU_SATURATION,CPU_SATURATION,order-service,18.0,1785988728.3336704,WARNING,,WARN cpu=92% -- saturated p99=380ms
live_ep_000056_CPU_SATURATION,CPU_SATURATION,order-service,18.5,1785988728.8339393,WARNING,,WARN cpu=88% -- saturated p99=387ms
live_ep_000056_CPU_SATURATION,CPU_SATURATION,order-service,19.0,1785988729.334527,WARNING,,WARN cpu=96% -- saturated p99=416ms
live_ep_000056_CPU_SATURATION,CPU_SATURATION,order-service,19.5,1785988729.8348575,WARNING,,WARN cpu=89% -- saturated p99=366ms
live_ep_000056_CPU_SATURATION,CPU_SATURATION,order-service,20.0,1785988730.3353443,WARNING,,WARN cpu=80% -- saturated p99=290ms
live_ep_000056_CPU_SATURATION,CPU_SATURATION,order-service,20.5,1785988730.8357952,WARNING,,WARN cpu=88% -- saturated p99=383ms
live_ep_000056_CPU_SATURATION,CPU_SATURATION,order-service,21.0,1785988731.3360496,WARNING,,WARN cpu=86% -- saturated p99=359ms
live_ep_000056_CPU_SATURATION,CPU_SATURATION,order-service,21.5,1785988731.8368886,WARNING,,WARN cpu=90% -- saturated p99=362ms
live_ep_000056_CPU_SATURATION,CPU_SATURATION,order-service,22.0,1785988732.3374236,WARNING,,WARN cpu=86% -- saturated p99=282ms
live_ep_000056_CPU_SATURATION,CPU_SATURATION,order-service,22.5,1785988732.83755,WARNING,,WARN cpu=88% -- saturated p99=329ms
live_ep_000056_CPU_SATURATION,CPU_SATURATION,order-service,23.0,1785988733.338119,WARNING,,WARN cpu=83% -- saturated p99=271ms
live_ep_000056_CPU_SATURATION,CPU_SATURATION,order-service,23.5,1785988733.8386295,WARNING,,WARN cpu=89% -- saturated p99=345ms
live_ep_000056_CPU_SATURATION,CPU_SATURATION,order-service,24.0,1785988734.3389933,WARNING,,WARN cpu=83% -- saturated p99=291ms
live_ep_000056_CPU_SATURATION,CPU_SATURATION,order-service,24.5,1785988734.839568,WARNING,,WARN cpu=89% -- saturated p99=382ms
live_ep_000056_CPU_SATURATION,CPU_SATURATION,order-service,25.0,1785988735.339895,WARNING,,WARN cpu=92% -- saturated p99=374ms
live_ep_000056_CPU_SATURATION,CPU_SATURATION,order-service,25.5,1785988735.8402708,WARNING,,WARN cpu=90% -- saturated p99=368ms
live_ep_000056_CPU_SATURATION,CPU_SATURATION,order-service,26.0,1785988736.340837,WARNING,,WARN cpu=91% -- saturated p99=364ms
live_ep_000056_CPU_SATURATION,CPU_SATURATION,order-service,26.5,1785988736.8410327,WARNING,,WARN cpu=85% -- saturated p99=342ms
live_ep_000056_CPU_SATURATION,CPU_SATURATION,order-service,27.0,1785988737.3413036,WARNING,,WARN cpu=85% -- saturated p99=263ms
live_ep_000056_CPU_SATURATION,CPU_SATURATION,order-service,27.5,1785988737.8418515,WARNING,,WARN cpu=88% -- saturated p99=363ms
live_ep_000056_CPU_SATURATION,CPU_SATURATION,order-service,28.0,1785988738.3422055,WARNING,,WARN cpu=86% -- saturated p99=334ms
live_ep_000056_CPU_SATURATION,CPU_SATURATION,order-service,28.5,1785988738.8425322,WARNING,,WARN cpu=89% -- saturated p99=326ms
live_ep_000056_CPU_SATURATION,CPU_SATURATION,order-service,29.0,1785988739.3430655,WARNING,,WARN cpu=87% -- saturated p99=331ms
live_ep_000056_CPU_SATURATION,CPU_SATURATION,order-service,29.5,1785988739.8437593,WARNING,,WARN cpu=87% -- saturated p99=325ms
live_ep_000056_CPU_SATURATION,CPU_SATURATION,order-service,30.0,1785988740.344458,WARNING,,WARN cpu=89% -- saturated p99=358ms
live_ep_000056_CPU_SATURATION,CPU_SATURATION,order-service,30.5,1785988740.8447952,WARNING,,WARN cpu=80% -- saturated p99=215ms
live_ep_000056_CPU_SATURATION,CPU_SATURATION,order-service,31.0,1785988741.3450916,WARNING,,WARN cpu=90% -- saturated p99=418ms
live_ep_000056_CPU_SATURATION,CPU_SATURATION,order-service,31.5,1785988741.845318,WARNING,,WARN cpu=92% -- saturated p99=357ms
live_ep_000056_CPU_SATURATION,CPU_SATURATION,order-service,32.0,1785988742.3454947,WARNING,,WARN cpu=91% -- saturated p99=353ms
live_ep_000056_CPU_SATURATION,CPU_SATURATION,order-service,32.5,1785988742.8458207,WARNING,,WARN cpu=85% -- saturated p99=281ms
live_ep_000056_CPU_SATURATION,CPU_SATURATION,order-service,33.0,1785988743.3461719,WARNING,,WARN cpu=86% -- saturated p99=342ms
live_ep_000056_CPU_SATURATION,CPU_SATURATION,order-service,33.5,1785988743.8467479,WARNING,,WARN cpu=94% -- saturated p99=456ms
live_ep_000056_CPU_SATURATION,CPU_SATURATION,order-service,34.0,1785988744.3469796,WARNING,,WARN cpu=90% -- saturated p99=355ms
live_ep_000056_CPU_SATURATION,CPU_SATURATION,order-service,34.5,1785988744.8477068,WARNING,,WARN cpu=82% -- saturated p99=282ms
live_ep_000056_CPU_SATURATION,CPU_SATURATION,order-service,35.0,1785988745.3483047,WARNING,,WARN cpu=94% -- saturated p99=359ms
live_ep_000056_CPU_SATURATION,CPU_SATURATION,order-service,35.5,1785988745.849313,WARNING,,WARN cpu=90% -- saturated p99=332ms
live_ep_000056_CPU_SATURATION,CPU_SATURATION,order-service,36.0,1785988746.3497188,WARNING,,WARN cpu=85% -- saturated p99=306ms
live_ep_000056_CPU_SATURATION,CPU_SATURATION,order-service,36.5,1785988746.8502572,WARNING,,WARN cpu=89% -- saturated p99=343ms
live_ep_000056_CPU_SATURATION,CPU_SATURATION,order-service,37.0,1785988747.3506265,WARNING,,WARN cpu=94% -- saturated p99=400ms
live_ep_000056_CPU_SATURATION,CPU_SATURATION,order-service,37.5,1785988747.8512561,WARNING,,WARN cpu=89% -- saturated p99=307ms
live_ep_000056_CPU_SATURATION,CPU_SATURATION,order-service,38.0,1785988748.3517249,WARNING,,WARN cpu=88% -- saturated p99=357ms
live_ep_000056_CPU_SATURATION,CPU_SATURATION,order-service,38.5,1785988748.8518555,WARNING,,WARN cpu=95% -- saturated p99=429ms
live_ep_000056_CPU_SATURATION,CPU_SATURATION,order-service,39.0,1785988749.352296,WARNING,,WARN cpu=84% -- saturated p99=284ms
live_ep_000056_CPU_SATURATION,CPU_SATURATION,order-service,39.5,1785988749.8525088,WARNING,,WARN cpu=87% -- saturated p99=332ms
live_ep_000056_CPU_SATURATION,CPU_SATURATION,order-service,40.0,1785988750.3526254,WARNING,,WARN cpu=84% -- saturated p99=320ms
live_ep_000056_CPU_SATURATION,CPU_SATURATION,order-service,40.5,1785988750.85359,WARNING,,WARN cpu=87% -- saturated p99=347ms
live_ep_000056_CPU_SATURATION,CPU_SATURATION,order-service,41.0,1785988751.3539882,WARNING,,WARN cpu=88% -- saturated p99=363ms
live_ep_000056_CPU_SATURATION,CPU_SATURATION,order-service,41.5,1785988751.854506,WARNING,,WARN cpu=94% -- saturated p99=380ms
live_ep_000056_CPU_SATURATION,CPU_SATURATION,order-service,42.0,1785988752.3550644,WARNING,,WARN cpu=82% -- saturated p99=322ms
live_ep_000056_CPU_SATURATION,CPU_SATURATION,order-service,42.5,1785988752.8554049,WARNING,,WARN cpu=91% -- saturated p99=362ms
live_ep_000056_CPU_SATURATION,CPU_SATURATION,order-service,43.0,1785988753.3557806,WARNING,,WARN cpu=95% -- saturated p99=472ms
live_ep_000056_CPU_SATURATION,CPU_SATURATION,order-service,43.5,1785988753.8562694,WARNING,,WARN cpu=83% -- saturated p99=281ms
live_ep_000056_CPU_SATURATION,CPU_SATURATION,order-service,44.0,1785988754.3564582,WARNING,,WARN cpu=89% -- saturated p99=380ms
live_ep_000056_CPU_SATURATION,CPU_SATURATION,order-service,44.5,1785988754.856643,WARNING,,WARN cpu=92% -- saturated p99=294ms
live_ep_000056_CPU_SATURATION,CPU_SATURATION,order-service,45.0,1785988755.3569067,WARNING,,WARN cpu=87% -- saturated p99=331ms
live_ep_000056_CPU_SATURATION,CPU_SATURATION,order-service,45.5,1785988755.857525,WARNING,,WARN cpu=86% -- saturated p99=361ms
live_ep_000056_CPU_SATURATION,CPU_SATURATION,order-service,46.0,1785988756.3578048,WARNING,,WARN cpu=87% -- saturated p99=327ms
live_ep_000056_CPU_SATURATION,CPU_SATURATION,order-service,46.5,1785988756.8583517,WARNING,,WARN cpu=82% -- saturated p99=284ms
live_ep_000056_CPU_SATURATION,CPU_SATURATION,order-service,47.0,1785988757.3588073,WARNING,,WARN cpu=91% -- saturated p99=338ms
live_ep_000056_CPU_SATURATION,CPU_SATURATION,order-service,47.5,1785988757.8590722,WARNING,,WARN cpu=89% -- saturated p99=341ms
live_ep_000056_CPU_SATURATION,CPU_SATURATION,order-service,48.0,1785988758.3595772,WARNING,,WARN cpu=92% -- saturated p99=340ms
live_ep_000056_CPU_SATURATION,CPU_SATURATION,order-service,48.5,1785988758.8596585,WARNING,,WARN cpu=89% -- saturated p99=421ms
live_ep_000056_CPU_SATURATION,CPU_SATURATION,order-service,49.0,1785988759.3600464,WARNING,,WARN cpu=88% -- saturated p99=337ms
live_ep_000056_CPU_SATURATION,CPU_SATURATION,order-service,49.5,1785988759.8605022,WARNING,,WARN cpu=87% -- saturated p99=341ms
live_ep_000056_CPU_SATURATION,CPU_SATURATION,order-service,50.0,1785988760.3609364,WARNING,,WARN cpu=90% -- saturated p99=315ms
live_ep_000056_CPU_SATURATION,CPU_SATURATION,order-service,50.5,1785988760.861307,WARNING,,WARN cpu=91% -- saturated p99=285ms
live_ep_000056_CPU_SATURATION,CPU_SATURATION,order-service,51.0,1785988761.3614035,WARNING,,WARN cpu=82% -- saturated p99=306ms
live_ep_000056_CPU_SATURATION,CPU_SATURATION,order-service,51.5,1785988761.8615983,WARNING,,WARN cpu=92% -- saturated p99=385ms
live_ep_000056_CPU_SATURATION,CPU_SATURATION,order-service,52.0,1785988762.3620455,WARNING,,WARN cpu=89% -- saturated p99=407ms
live_ep_000056_CPU_SATURATION,CPU_SATURATION,order-service,52.5,1785988762.8622975,WARNING,,WARN cpu=83% -- saturated p99=313ms
live_ep_000056_CPU_SATURATION,CPU_SATURATION,order-service,53.0,1785988763.3624506,WARNING,,WARN cpu=78% -- saturated p99=263ms
live_ep_000056_CPU_SATURATION,CPU_SATURATION,order-service,53.5,1785988763.8627822,WARNING,,WARN cpu=85% -- saturated p99=336ms
live_ep_000056_CPU_SATURATION,CPU_SATURATION,order-service,54.0,1785988764.363081,WARNING,,WARN cpu=90% -- saturated p99=339ms
live_ep_000056_CPU_SATURATION,CPU_SATURATION,order-service,54.5,1785988764.8634253,WARNING,,WARN cpu=97% -- saturated p99=424ms
live_ep_000056_CPU_SATURATION,CPU_SATURATION,order-service,55.0,1785988765.3639288,WARNING,,WARN cpu=87% -- saturated p99=246ms
live_ep_000056_CPU_SATURATION,CPU_SATURATION,order-service,55.5,1785988765.8644054,WARNING,,WARN cpu=92% -- saturated p99=389ms
live_ep_000056_CPU_SATURATION,CPU_SATURATION,order-service,56.0,1785988766.3645468,WARNING,,WARN cpu=91% -- saturated p99=392ms
live_ep_000056_CPU_SATURATION,CPU_SATURATION,order-service,56.5,1785988766.8651385,WARNING,,WARN cpu=94% -- saturated p99=374ms
live_ep_000056_CPU_SATURATION,CPU_SATURATION,order-service,57.0,1785988767.365458,WARNING,,WARN cpu=91% -- saturated p99=288ms
live_ep_000056_CPU_SATURATION,CPU_SATURATION,order-service,57.5,1785988767.8660667,WARNING,,WARN cpu=99% -- saturated p99=425ms
live_ep_000056_CPU_SATURATION,CPU_SATURATION,order-service,58.0,1785988768.366411,WARNING,,WARN cpu=85% -- saturated p99=317ms
live_ep_000056_CPU_SATURATION,CPU_SATURATION,order-service,58.5,1785988768.8669841,WARNING,,WARN cpu=92% -- saturated p99=374ms
live_ep_000056_CPU_SATURATION,CPU_SATURATION,order-service,59.0,1785988769.3671727,WARNING,,WARN cpu=86% -- saturated p99=336ms
live_ep_000056_CPU_SATURATION,CPU_SATURATION,order-service,59.5,1785988769.8676484,WARNING,,WARN cpu=91% -- saturated p99=427ms
live_ep_000057_QUEUE_BACKUP,QUEUE_BACKUP,auth-service,0.0,1785988770.3709145,WARNING,,WARN queue_lag=11ms thread_pool=5 -- queue backup
live_ep_000057_QUEUE_BACKUP,QUEUE_BACKUP,auth-service,0.5,1785988770.8712108,WARNING,,WARN queue_lag=7ms thread_pool=9 -- queue backup
live_ep_000057_QUEUE_BACKUP,QUEUE_BACKUP,auth-service,1.0,1785988771.3713152,WARNING,,WARN queue_lag=19ms thread_pool=12 -- queue backup
live_ep_000057_QUEUE_BACKUP,QUEUE_BACKUP,auth-service,1.5,1785988771.8717597,WARNING,,WARN queue_lag=2ms thread_pool=12 -- queue backup
live_ep_000057_QUEUE_BACKUP,QUEUE_BACKUP,auth-service,2.0,1785988772.372165,WARNING,,WARN queue_lag=1ms thread_pool=6 -- queue backup
live_ep_000057_QUEUE_BACKUP,QUEUE_BACKUP,auth-service,2.5,1785988772.8727155,WARNING,,WARN queue_lag=6ms thread_pool=12 -- queue backup
live_ep_000057_QUEUE_BACKUP,QUEUE_BACKUP,auth-service,3.0,1785988773.3729286,WARNING,,WARN queue_lag=15ms thread_pool=14 -- queue backup
live_ep_000057_QUEUE_BACKUP,QUEUE_BACKUP,auth-service,3.5,1785988773.8734825,WARNING,,WARN queue_lag=16ms thread_pool=12 -- queue backup
live_ep_000057_QUEUE_BACKUP,QUEUE_BACKUP,auth-service,4.0,1785988774.3740036,WARNING,,WARN queue_lag=2ms thread_pool=7 -- queue backup
live_ep_000057_QUEUE_BACKUP,QUEUE_BACKUP,auth-service,4.5,1785988774.874153,WARNING,,WARN queue_lag=14ms thread_pool=4 -- queue backup
live_ep_000057_QUEUE_BACKUP,QUEUE_BACKUP,auth-service,5.0,1785988775.3742216,WARNING,,WARN queue_lag=3ms thread_pool=14 -- queue backup
live_ep_000057_QUEUE_BACKUP,QUEUE_BACKUP,auth-service,5.5,1785988775.8747466,WARNING,,WARN queue_lag=13ms thread_pool=5 -- queue backup
live_ep_000057_QUEUE_BACKUP,QUEUE_BACKUP,auth-service,6.0,1785988776.3752875,WARNING,,WARN queue_lag=12ms thread_pool=8 -- queue backup
live_ep_000057_QUEUE_BACKUP,QUEUE_BACKUP,auth-service,6.5,1785988776.8758838,WARNING,,WARN queue_lag=14ms thread_pool=12 -- queue backup
live_ep_000057_QUEUE_BACKUP,QUEUE_BACKUP,auth-service,7.0,1785988777.376349,WARNING,,WARN queue_lag=11ms thread_pool=8 -- queue backup
live_ep_000057_QUEUE_BACKUP,QUEUE_BACKUP,auth-service,7.5,1785988777.8766785,WARNING,,WARN queue_lag=6ms thread_pool=11 -- queue backup
live_ep_000057_QUEUE_BACKUP,QUEUE_BACKUP,auth-service,8.0,1785988778.3768868,WARNING,,WARN queue_lag=9ms thread_pool=7 -- queue backup
live_ep_000057_QUEUE_BACKUP,QUEUE_BACKUP,auth-service,8.5,1785988778.8772101,WARNING,,WARN queue_lag=11ms thread_pool=11 -- queue backup
live_ep_000057_QUEUE_BACKUP,QUEUE_BACKUP,auth-service,9.0,1785988779.377753,WARNING,,WARN queue_lag=9ms thread_pool=12 -- queue backup
live_ep_000057_QUEUE_BACKUP,QUEUE_BACKUP,auth-service,9.5,1785988779.8778443,WARNING,,WARN queue_lag=13ms thread_pool=26 -- queue backup
live_ep_000057_QUEUE_BACKUP,QUEUE_BACKUP,auth-service,10.0,1785988780.378189,WARNING,,WARN queue_lag=29ms thread_pool=58 -- queue backup
live_ep_000057_QUEUE_BACKUP,QUEUE_BACKUP,auth-service,10.5,1785988780.8783524,WARNING,,WARN queue_lag=30ms thread_pool=60 -- queue backup
live_ep_000057_QUEUE_BACKUP,QUEUE_BACKUP,auth-service,11.0,1785988781.3785849,WARNING,,WARN queue_lag=3ms thread_pool=6 -- queue backup
live_ep_000057_QUEUE_BACKUP,QUEUE_BACKUP,auth-service,11.5,1785988781.8789504,WARNING,,WARN queue_lag=7ms thread_pool=14 -- queue backup
live_ep_000057_QUEUE_BACKUP,QUEUE_BACKUP,auth-service,12.0,1785988782.3794103,WARNING,,WARN queue_lag=16ms thread_pool=32 -- queue backup
live_ep_000057_QUEUE_BACKUP,QUEUE_BACKUP,auth-service,12.5,1785988782.8797498,WARNING,,WARN queue_lag=32ms thread_pool=64 -- queue backup
live_ep_000057_QUEUE_BACKUP,QUEUE_BACKUP,auth-service,13.0,1785988783.3799763,WARNING,,WARN queue_lag=7ms thread_pool=14 -- queue backup
live_ep_000057_QUEUE_BACKUP,QUEUE_BACKUP,auth-service,13.5,1785988783.8803601,WARNING,,WARN queue_lag=15ms thread_pool=30 -- queue backup
live_ep_000057_QUEUE_BACKUP,QUEUE_BACKUP,auth-service,14.0,1785988784.3810227,WARNING,,WARN queue_lag=10ms thread_pool=20 -- queue backup
live_ep_000057_QUEUE_BACKUP,QUEUE_BACKUP,auth-service,14.5,1785988784.8814344,WARNING,,WARN queue_lag=23ms thread_pool=46 -- queue backup
live_ep_000057_QUEUE_BACKUP,QUEUE_BACKUP,auth-service,15.0,1785988785.381715,WARNING,,WARN queue_lag=27ms thread_pool=54 -- queue backup
live_ep_000057_QUEUE_BACKUP,QUEUE_BACKUP,auth-service,15.5,1785988785.882711,WARNING,,WARN queue_lag=28ms thread_pool=56 -- queue backup
live_ep_000057_QUEUE_BACKUP,QUEUE_BACKUP,auth-service,16.0,1785988786.3829892,WARNING,,WARN queue_lag=31ms thread_pool=62 -- queue backup
live_ep_000057_QUEUE_BACKUP,QUEUE_BACKUP,auth-service,16.5,1785988786.8833106,WARNING,,WARN queue_lag=36ms thread_pool=72 -- queue backup
live_ep_000057_QUEUE_BACKUP,QUEUE_BACKUP,auth-service,17.0,1785988787.3837922,WARNING,,WARN queue_lag=15ms thread_pool=30 -- queue backup
live_ep_000057_QUEUE_BACKUP,QUEUE_BACKUP,auth-service,17.5,1785988787.8842223,WARNING,,WARN queue_lag=35ms thread_pool=70 -- queue backup
live_ep_000057_QUEUE_BACKUP,QUEUE_BACKUP,auth-service,18.0,1785988788.3843396,WARNING,,WARN queue_lag=17ms thread_pool=34 -- queue backup
live_ep_000057_QUEUE_BACKUP,QUEUE_BACKUP,auth-service,18.5,1785988788.8846586,WARNING,,WARN queue_lag=26ms thread_pool=52 -- queue backup
live_ep_000057_QUEUE_BACKUP,QUEUE_BACKUP,auth-service,19.0,1785988789.3848794,WARNING,,WARN queue_lag=35ms thread_pool=70 -- queue backup
live_ep_000057_QUEUE_BACKUP,QUEUE_BACKUP,auth-service,19.5,1785988789.885106,WARNING,,WARN queue_lag=33ms thread_pool=66 -- queue backup
live_ep_000057_QUEUE_BACKUP,QUEUE_BACKUP,auth-service,20.0,1785988790.385556,WARNING,,WARN queue_lag=35ms thread_pool=70 -- queue backup
live_ep_000057_QUEUE_BACKUP,QUEUE_BACKUP,auth-service,20.5,1785988790.8856962,WARNING,,WARN queue_lag=28ms thread_pool=56 -- queue backup
live_ep_000057_QUEUE_BACKUP,QUEUE_BACKUP,auth-service,21.0,1785988791.3858423,WARNING,,WARN queue_lag=26ms thread_pool=52 -- queue backup
live_ep_000057_QUEUE_BACKUP,QUEUE_BACKUP,auth-service,21.5,1785988791.886091,WARNING,,WARN queue_lag=29ms thread_pool=58 -- queue backup
live_ep_000057_QUEUE_BACKUP,QUEUE_BACKUP,auth-service,22.0,1785988792.3864698,WARNING,,WARN queue_lag=46ms thread_pool=92 -- queue backup
live_ep_000057_QUEUE_BACKUP,QUEUE_BACKUP,auth-service,22.5,1785988792.8866756,WARNING,,WARN queue_lag=28ms thread_pool=56 -- queue backup
live_ep_000057_QUEUE_BACKUP,QUEUE_BACKUP,auth-service,23.0,1785988793.3872247,WARNING,,WARN queue_lag=34ms thread_pool=68 -- queue backup
live_ep_000057_QUEUE_BACKUP,QUEUE_BACKUP,auth-service,23.5,1785988793.887486,WARNING,,WARN queue_lag=47ms thread_pool=94 -- queue backup
live_ep_000057_QUEUE_BACKUP,QUEUE_BACKUP,auth-service,24.0,1785988794.3876417,WARNING,,WARN queue_lag=31ms thread_pool=62 -- queue backup
live_ep_000057_QUEUE_BACKUP,QUEUE_BACKUP,auth-service,24.5,1785988794.8877995,WARNING,,WARN queue_lag=33ms thread_pool=66 -- queue backup
live_ep_000057_QUEUE_BACKUP,QUEUE_BACKUP,auth-service,25.0,1785988795.3882911,WARNING,,WARN queue_lag=57ms thread_pool=114 -- queue backup
live_ep_000057_QUEUE_BACKUP,QUEUE_BACKUP,auth-service,25.5,1785988795.8887649,WARNING,,WARN queue_lag=43ms thread_pool=86 -- queue backup
live_ep_000057_QUEUE_BACKUP,QUEUE_BACKUP,auth-service,26.0,1785988796.388869,WARNING,,WARN queue_lag=56ms thread_pool=112 -- queue backup
live_ep_000057_QUEUE_BACKUP,QUEUE_BACKUP,auth-service,26.5,1785988796.8893018,WARNING,,WARN queue_lag=31ms thread_pool=62 -- queue backup
live_ep_000057_QUEUE_BACKUP,QUEUE_BACKUP,auth-service,27.0,1785988797.3894463,WARNING,,WARN queue_lag=37ms thread_pool=74 -- queue backup
live_ep_000057_QUEUE_BACKUP,QUEUE_BACKUP,auth-service,27.5,1785988797.8896074,WARNING,,WARN queue_lag=35ms thread_pool=70 -- queue backup
live_ep_000057_QUEUE_BACKUP,QUEUE_BACKUP,auth-service,28.0,1785988798.3897798,WARNING,,WARN queue_lag=38ms thread_pool=76 -- queue backup
live_ep_000057_QUEUE_BACKUP,QUEUE_BACKUP,auth-service,28.5,1785988798.8900766,WARNING,,WARN queue_lag=38ms thread_pool=76 -- queue backup
live_ep_000057_QUEUE_BACKUP,QUEUE_BACKUP,auth-service,29.0,1785988799.390531,WARNING,,WARN queue_lag=40ms thread_pool=80 -- queue backup
live_ep_000057_QUEUE_BACKUP,QUEUE_BACKUP,auth-service,29.5,1785988799.891073,WARNING,,WARN queue_lag=48ms thread_pool=96 -- queue backup
live_ep_000057_QUEUE_BACKUP,QUEUE_BACKUP,auth-service,30.0,1785988800.3915682,WARNING,,WARN queue_lag=46ms thread_pool=92 -- queue backup
live_ep_000057_QUEUE_BACKUP,QUEUE_BACKUP,auth-service,30.5,1785988800.8920054,WARNING,,WARN queue_lag=60ms thread_pool=120 -- queue backup
live_ep_000057_QUEUE_BACKUP,QUEUE_BACKUP,auth-service,31.0,1785988801.3923523,WARNING,,WARN queue_lag=54ms thread_pool=108 -- queue backup
live_ep_000057_QUEUE_BACKUP,QUEUE_BACKUP,auth-service,31.5,1785988801.8924835,WARNING,,WARN queue_lag=68ms thread_pool=136 -- queue backup
live_ep_000057_QUEUE_BACKUP,QUEUE_BACKUP,auth-service,32.0,1785988802.3929806,WARNING,,WARN queue_lag=61ms thread_pool=122 -- queue backup
live_ep_000057_QUEUE_BACKUP,QUEUE_BACKUP,auth-service,32.5,1785988802.8932033,WARNING,,WARN queue_lag=52ms thread_pool=104 -- queue backup
live_ep_000057_QUEUE_BACKUP,QUEUE_BACKUP,auth-service,33.0,1785988803.39331,WARNING,,WARN queue_lag=46ms thread_pool=92 -- queue backup
live_ep_000057_QUEUE_BACKUP,QUEUE_BACKUP,auth-service,33.5,1785988803.8933876,WARNING,,WARN queue_lag=59ms thread_pool=118 -- queue backup
live_ep_000057_QUEUE_BACKUP,QUEUE_BACKUP,auth-service,34.0,1785988804.3936064,WARNING,,WARN queue_lag=60ms thread_pool=120 -- queue backup
live_ep_000057_QUEUE_BACKUP,QUEUE_BACKUP,auth-service,34.5,1785988804.893896,WARNING,,WARN queue_lag=68ms thread_pool=136 -- queue backup
live_ep_000057_QUEUE_BACKUP,QUEUE_BACKUP,auth-service,35.0,1785988805.3942354,WARNING,,WARN queue_lag=53ms thread_pool=106 -- queue backup
live_ep_000057_QUEUE_BACKUP,QUEUE_BACKUP,auth-service,35.5,1785988805.894884,WARNING,,WARN queue_lag=51ms thread_pool=102 -- queue backup
live_ep_000057_QUEUE_BACKUP,QUEUE_BACKUP,auth-service,36.0,1785988806.394996,WARNING,,WARN queue_lag=72ms thread_pool=144 -- queue backup
live_ep_000057_QUEUE_BACKUP,QUEUE_BACKUP,auth-service,36.5,1785988806.8951087,WARNING,,WARN queue_lag=64ms thread_pool=128 -- queue backup
live_ep_000057_QUEUE_BACKUP,QUEUE_BACKUP,auth-service,37.0,1785988807.3952744,WARNING,,WARN queue_lag=64ms thread_pool=128 -- queue backup
live_ep_000057_QUEUE_BACKUP,QUEUE_BACKUP,auth-service,37.5,1785988807.8953874,WARNING,,WARN queue_lag=69ms thread_pool=138 -- queue backup
live_ep_000057_QUEUE_BACKUP,QUEUE_BACKUP,auth-service,38.0,1785988808.3959584,WARNING,,WARN queue_lag=59ms thread_pool=118 -- queue backup
live_ep_000057_QUEUE_BACKUP,QUEUE_BACKUP,auth-service,38.5,1785988808.8960598,WARNING,,WARN queue_lag=79ms thread_pool=158 -- queue backup
live_ep_000057_QUEUE_BACKUP,QUEUE_BACKUP,auth-service,39.0,1785988809.3964636,WARNING,,WARN queue_lag=75ms thread_pool=150 -- queue backup
live_ep_000057_QUEUE_BACKUP,QUEUE_BACKUP,auth-service,39.5,1785988809.8967366,WARNING,,WARN queue_lag=74ms thread_pool=148 -- queue backup
live_ep_000057_QUEUE_BACKUP,QUEUE_BACKUP,auth-service,40.0,1785988810.397079,WARNING,,WARN queue_lag=59ms thread_pool=118 -- queue backup
live_ep_000057_QUEUE_BACKUP,QUEUE_BACKUP,auth-service,40.5,1785988810.8975797,WARNING,,WARN queue_lag=56ms thread_pool=112 -- queue backup
live_ep_000057_QUEUE_BACKUP,QUEUE_BACKUP,auth-service,41.0,1785988811.3981097,WARNING,,WARN queue_lag=68ms thread_pool=136 -- queue backup
live_ep_000057_QUEUE_BACKUP,QUEUE_BACKUP,auth-service,41.5,1785988811.8984365,WARNING,,WARN queue_lag=61ms thread_pool=122 -- queue backup
live_ep_000057_QUEUE_BACKUP,QUEUE_BACKUP,auth-service,42.0,1785988812.3987038,WARNING,,WARN queue_lag=59ms thread_pool=118 -- queue backup
live_ep_000057_QUEUE_BACKUP,QUEUE_BACKUP,auth-service,42.5,1785988812.8990407,WARNING,,WARN queue_lag=67ms thread_pool=134 -- queue backup
live_ep_000057_QUEUE_BACKUP,QUEUE_BACKUP,auth-service,43.0,1785988813.3992178,WARNING,,WARN queue_lag=66ms thread_pool=132 -- queue backup
live_ep_000057_QUEUE_BACKUP,QUEUE_BACKUP,auth-service,43.5,1785988813.8993576,WARNING,,WARN queue_lag=87ms thread_pool=174 -- queue backup
live_ep_000057_QUEUE_BACKUP,QUEUE_BACKUP,auth-service,44.0,1785988814.3996613,WARNING,,WARN queue_lag=77ms thread_pool=154 -- queue backup
live_ep_000057_QUEUE_BACKUP,QUEUE_BACKUP,auth-service,44.5,1785988814.899783,WARNING,,WARN queue_lag=88ms thread_pool=176 -- queue backup
live_ep_000057_QUEUE_BACKUP,QUEUE_BACKUP,auth-service,45.0,1785988815.400554,WARNING,,WARN queue_lag=70ms thread_pool=140 -- queue backup
live_ep_000057_QUEUE_BACKUP,QUEUE_BACKUP,auth-service,45.5,1785988815.900791,WARNING,,WARN queue_lag=71ms thread_pool=142 -- queue backup
live_ep_000057_QUEUE_BACKUP,QUEUE_BACKUP,auth-service,46.0,1785988816.4013233,WARNING,,WARN queue_lag=75ms thread_pool=150 -- queue backup
live_ep_000057_QUEUE_BACKUP,QUEUE_BACKUP,auth-service,46.5,1785988816.9015884,WARNING,,WARN queue_lag=91ms thread_pool=182 -- queue backup
live_ep_000057_QUEUE_BACKUP,QUEUE_BACKUP,auth-service,47.0,1785988817.4017441,WARNING,,WARN queue_lag=78ms thread_pool=156 -- queue backup
live_ep_000057_QUEUE_BACKUP,QUEUE_BACKUP,auth-service,47.5,1785988817.9020712,WARNING,,WARN queue_lag=89ms thread_pool=178 -- queue backup
live_ep_000057_QUEUE_BACKUP,QUEUE_BACKUP,auth-service,48.0,1785988818.402603,WARNING,,WARN queue_lag=86ms thread_pool=172 -- queue backup
live_ep_000057_QUEUE_BACKUP,QUEUE_BACKUP,auth-service,48.5,1785988818.9030967,WARNING,,WARN queue_lag=95ms thread_pool=190 -- queue backup
live_ep_000057_QUEUE_BACKUP,QUEUE_BACKUP,auth-service,49.0,1785988819.4033737,WARNING,,WARN queue_lag=91ms thread_pool=182 -- queue backup
live_ep_000057_QUEUE_BACKUP,QUEUE_BACKUP,auth-service,49.5,1785988819.9038987,WARNING,,WARN queue_lag=73ms thread_pool=146 -- queue backup
live_ep_000057_QUEUE_BACKUP,QUEUE_BACKUP,auth-service,50.0,1785988820.4043071,WARNING,,WARN queue_lag=74ms thread_pool=148 -- queue backup
live_ep_000057_QUEUE_BACKUP,QUEUE_BACKUP,auth-service,50.5,1785988820.9046025,WARNING,,WARN queue_lag=95ms thread_pool=190 -- queue backup
live_ep_000057_QUEUE_BACKUP,QUEUE_BACKUP,auth-service,51.0,1785988821.4051397,WARNING,,WARN queue_lag=92ms thread_pool=184 -- queue backup
live_ep_000057_QUEUE_BACKUP,QUEUE_BACKUP,auth-service,51.5,1785988821.9054666,WARNING,,WARN queue_lag=91ms thread_pool=182 -- queue backup
live_ep_000057_QUEUE_BACKUP,QUEUE_BACKUP,auth-service,52.0,1785988822.4058785,WARNING,,WARN queue_lag=79ms thread_pool=158 -- queue backup
live_ep_000057_QUEUE_BACKUP,QUEUE_BACKUP,auth-service,52.5,1785988822.906078,WARNING,,WARN queue_lag=106ms thread_pool=212 -- queue backup
live_ep_000057_QUEUE_BACKUP,QUEUE_BACKUP,auth-service,53.0,1785988823.4066062,WARNING,,WARN queue_lag=87ms thread_pool=174 -- queue backup
live_ep_000057_QUEUE_BACKUP,QUEUE_BACKUP,auth-service,53.5,1785988823.9073162,WARNING,,WARN queue_lag=86ms thread_pool=172 -- queue backup
live_ep_000057_QUEUE_BACKUP,QUEUE_BACKUP,auth-service,54.0,1785988824.407394,WARNING,,WARN queue_lag=85ms thread_pool=170 -- queue backup
live_ep_000057_QUEUE_BACKUP,QUEUE_BACKUP,auth-service,54.5,1785988824.9076278,WARNING,,WARN queue_lag=104ms thread_pool=208 -- queue backup
live_ep_000057_QUEUE_BACKUP,QUEUE_BACKUP,auth-service,55.0,1785988825.408014,WARNING,,WARN queue_lag=111ms thread_pool=222 -- queue backup
live_ep_000057_QUEUE_BACKUP,QUEUE_BACKUP,auth-service,55.5,1785988825.9082806,WARNING,,WARN queue_lag=106ms thread_pool=212 -- queue backup
live_ep_000057_QUEUE_BACKUP,QUEUE_BACKUP,auth-service,56.0,1785988826.4086306,WARNING,,WARN queue_lag=106ms thread_pool=212 -- queue backup
live_ep_000057_QUEUE_BACKUP,QUEUE_BACKUP,auth-service,56.5,1785988826.9089556,WARNING,,WARN queue_lag=113ms thread_pool=226 -- queue backup
live_ep_000057_QUEUE_BACKUP,QUEUE_BACKUP,auth-service,57.0,1785988827.4090607,WARNING,,WARN queue_lag=113ms thread_pool=226 -- queue backup
live_ep_000057_QUEUE_BACKUP,QUEUE_BACKUP,auth-service,57.5,1785988827.9099863,WARNING,,WARN queue_lag=114ms thread_pool=228 -- queue backup
live_ep_000057_QUEUE_BACKUP,QUEUE_BACKUP,auth-service,58.0,1785988828.4100876,WARNING,,WARN queue_lag=109ms thread_pool=218 -- queue backup
live_ep_000057_QUEUE_BACKUP,QUEUE_BACKUP,auth-service,58.5,1785988828.910329,WARNING,,WARN queue_lag=103ms thread_pool=206 -- queue backup
live_ep_000057_QUEUE_BACKUP,QUEUE_BACKUP,auth-service,59.0,1785988829.4108183,WARNING,,WARN queue_lag=102ms thread_pool=204 -- queue backup
live_ep_000057_QUEUE_BACKUP,QUEUE_BACKUP,auth-service,59.5,1785988829.910987,WARNING,,WARN queue_lag=97ms thread_pool=194 -- queue backup
live_ep_000058_QUEUE_BACKUP,QUEUE_BACKUP,auth-service,0.0,1785988830.4129293,WARNING,,WARN queue_lag=2ms thread_pool=5 -- queue backup
live_ep_000058_QUEUE_BACKUP,QUEUE_BACKUP,auth-service,0.5,1785988830.9133167,WARNING,,WARN queue_lag=10ms thread_pool=7 -- queue backup
live_ep_000058_QUEUE_BACKUP,QUEUE_BACKUP,auth-service,1.0,1785988831.4140487,WARNING,,WARN queue_lag=2ms thread_pool=7 -- queue backup
live_ep_000058_QUEUE_BACKUP,QUEUE_BACKUP,auth-service,1.5,1785988831.9144175,WARNING,,WARN queue_lag=5ms thread_pool=12 -- queue backup
live_ep_000058_QUEUE_BACKUP,QUEUE_BACKUP,auth-service,2.0,1785988832.414592,WARNING,,WARN queue_lag=4ms thread_pool=2 -- queue backup
live_ep_000058_QUEUE_BACKUP,QUEUE_BACKUP,auth-service,2.5,1785988832.915002,WARNING,,WARN queue_lag=0ms thread_pool=0 -- queue backup
live_ep_000058_QUEUE_BACKUP,QUEUE_BACKUP,auth-service,3.0,1785988833.4154453,WARNING,,WARN queue_lag=8ms thread_pool=16 -- queue backup
live_ep_000058_QUEUE_BACKUP,QUEUE_BACKUP,auth-service,3.5,1785988833.9155293,WARNING,,WARN queue_lag=20ms thread_pool=40 -- queue backup
live_ep_000058_QUEUE_BACKUP,QUEUE_BACKUP,auth-service,4.0,1785988834.4157326,WARNING,,WARN queue_lag=6ms thread_pool=12 -- queue backup
live_ep_000058_QUEUE_BACKUP,QUEUE_BACKUP,auth-service,4.5,1785988834.9162407,WARNING,,WARN queue_lag=26ms thread_pool=52 -- queue backup
live_ep_000058_QUEUE_BACKUP,QUEUE_BACKUP,auth-service,5.0,1785988835.4166195,WARNING,,WARN queue_lag=6ms thread_pool=12 -- queue backup
live_ep_000058_QUEUE_BACKUP,QUEUE_BACKUP,auth-service,5.5,1785988835.9173706,WARNING,,WARN queue_lag=7ms thread_pool=14 -- queue backup
live_ep_000058_QUEUE_BACKUP,QUEUE_BACKUP,auth-service,6.0,1785988836.4178903,WARNING,,WARN queue_lag=14ms thread_pool=28 -- queue backup
live_ep_000058_QUEUE_BACKUP,QUEUE_BACKUP,auth-service,6.5,1785988836.9181406,WARNING,,WARN queue_lag=31ms thread_pool=62 -- queue backup
live_ep_000058_QUEUE_BACKUP,QUEUE_BACKUP,auth-service,7.0,1785988837.4183545,WARNING,,WARN queue_lag=36ms thread_pool=72 -- queue backup
live_ep_000058_QUEUE_BACKUP,QUEUE_BACKUP,auth-service,7.5,1785988837.9188557,WARNING,,WARN queue_lag=9ms thread_pool=18 -- queue backup
live_ep_000058_QUEUE_BACKUP,QUEUE_BACKUP,auth-service,8.0,1785988838.4192598,WARNING,,WARN queue_lag=37ms thread_pool=74 -- queue backup
live_ep_000058_QUEUE_BACKUP,QUEUE_BACKUP,auth-service,8.5,1785988838.919855,WARNING,,WARN queue_lag=35ms thread_pool=70 -- queue backup
live_ep_000058_QUEUE_BACKUP,QUEUE_BACKUP,auth-service,9.0,1785988839.4201536,WARNING,,WARN queue_lag=24ms thread_pool=48 -- queue backup
live_ep_000058_QUEUE_BACKUP,QUEUE_BACKUP,auth-service,9.5,1785988839.9207108,WARNING,,WARN queue_lag=28ms thread_pool=56 -- queue backup
live_ep_000058_QUEUE_BACKUP,QUEUE_BACKUP,auth-service,10.0,1785988840.4210725,WARNING,,WARN queue_lag=42ms thread_pool=84 -- queue backup
live_ep_000058_QUEUE_BACKUP,QUEUE_BACKUP,auth-service,10.5,1785988840.9216094,WARNING,,WARN queue_lag=24ms thread_pool=48 -- queue backup
live_ep_000058_QUEUE_BACKUP,QUEUE_BACKUP,auth-service,11.0,1785988841.4221463,WARNING,,WARN queue_lag=15ms thread_pool=30 -- queue backup
live_ep_000058_QUEUE_BACKUP,QUEUE_BACKUP,auth-service,11.5,1785988841.92257,WARNING,,WARN queue_lag=27ms thread_pool=54 -- queue backup
live_ep_000058_QUEUE_BACKUP,QUEUE_BACKUP,auth-service,12.0,1785988842.4229698,WARNING,,WARN queue_lag=30ms thread_pool=60 -- queue backup
live_ep_000058_QUEUE_BACKUP,QUEUE_BACKUP,auth-service,12.5,1785988842.9234762,WARNING,,WARN queue_lag=41ms thread_pool=82 -- queue backup
live_ep_000058_QUEUE_BACKUP,QUEUE_BACKUP,auth-service,13.0,1785988843.4239037,WARNING,,WARN queue_lag=42ms thread_pool=84 -- queue backup
live_ep_000058_QUEUE_BACKUP,QUEUE_BACKUP,auth-service,13.5,1785988843.9244442,WARNING,,WARN queue_lag=37ms thread_pool=74 -- queue backup
live_ep_000058_QUEUE_BACKUP,QUEUE_BACKUP,auth-service,14.0,1785988844.4247308,WARNING,,WARN queue_lag=32ms thread_pool=64 -- queue backup
live_ep_000058_QUEUE_BACKUP,QUEUE_BACKUP,auth-service,14.5,1785988844.9251664,WARNING,,WARN queue_lag=43ms thread_pool=86 -- queue backup
live_ep_000058_QUEUE_BACKUP,QUEUE_BACKUP,auth-service,15.0,1785988845.4255347,WARNING,,WARN queue_lag=51ms thread_pool=102 -- queue backup
live_ep_000058_QUEUE_BACKUP,QUEUE_BACKUP,auth-service,15.5,1785988845.925888,WARNING,,WARN queue_lag=23ms thread_pool=46 -- queue backup
live_ep_000058_QUEUE_BACKUP,QUEUE_BACKUP,auth-service,16.0,1785988846.4264472,WARNING,,WARN queue_lag=41ms thread_pool=82 -- queue backup
live_ep_000058_QUEUE_BACKUP,QUEUE_BACKUP,auth-service,16.5,1785988846.9270217,WARNING,,WARN queue_lag=37ms thread_pool=74 -- queue backup
live_ep_000058_QUEUE_BACKUP,QUEUE_BACKUP,auth-service,17.0,1785988847.4271853,WARNING,,WARN queue_lag=51ms thread_pool=102 -- queue backup
live_ep_000058_QUEUE_BACKUP,QUEUE_BACKUP,auth-service,17.5,1785988847.927754,WARNING,,WARN queue_lag=39ms thread_pool=78 -- queue backup
live_ep_000058_QUEUE_BACKUP,QUEUE_BACKUP,auth-service,18.0,1785988848.4279282,WARNING,,WARN queue_lag=44ms thread_pool=88 -- queue backup
live_ep_000058_QUEUE_BACKUP,QUEUE_BACKUP,auth-service,18.5,1785988848.9280972,WARNING,,WARN queue_lag=31ms thread_pool=62 -- queue backup
live_ep_000058_QUEUE_BACKUP,QUEUE_BACKUP,auth-service,19.0,1785988849.4286723,WARNING,,WARN queue_lag=36ms thread_pool=72 -- queue backup
live_ep_000058_QUEUE_BACKUP,QUEUE_BACKUP,auth-service,19.5,1785988849.9291127,WARNING,,WARN queue_lag=41ms thread_pool=82 -- queue backup
live_ep_000058_QUEUE_BACKUP,QUEUE_BACKUP,auth-service,20.0,1785988850.4291909,WARNING,,WARN queue_lag=37ms thread_pool=74 -- queue backup
live_ep_000058_QUEUE_BACKUP,QUEUE_BACKUP,auth-service,20.5,1785988850.9293382,WARNING,,WARN queue_lag=49ms thread_pool=98 -- queue backup
live_ep_000058_QUEUE_BACKUP,QUEUE_BACKUP,auth-service,21.0,1785988851.429838,WARNING,,WARN queue_lag=53ms thread_pool=106 -- queue backup
live_ep_000058_QUEUE_BACKUP,QUEUE_BACKUP,auth-service,21.5,1785988851.930109,WARNING,,WARN queue_lag=35ms thread_pool=70 -- queue backup
live_ep_000058_QUEUE_BACKUP,QUEUE_BACKUP,auth-service,22.0,1785988852.4302838,WARNING,,WARN queue_lag=56ms thread_pool=112 -- queue backup
live_ep_000058_QUEUE_BACKUP,QUEUE_BACKUP,auth-service,22.5,1785988852.930852,WARNING,,WARN queue_lag=58ms thread_pool=116 -- queue backup
live_ep_000058_QUEUE_BACKUP,QUEUE_BACKUP,auth-service,23.0,1785988853.4313338,WARNING,,WARN queue_lag=45ms thread_pool=90 -- queue backup
live_ep_000058_QUEUE_BACKUP,QUEUE_BACKUP,auth-service,23.5,1785988853.931494,WARNING,,WARN queue_lag=65ms thread_pool=130 -- queue backup
live_ep_000058_QUEUE_BACKUP,QUEUE_BACKUP,auth-service,24.0,1785988854.4318671,WARNING,,WARN queue_lag=46ms thread_pool=92 -- queue backup
live_ep_000058_QUEUE_BACKUP,QUEUE_BACKUP,auth-service,24.5,1785988854.9323118,WARNING,,WARN queue_lag=58ms thread_pool=116 -- queue backup
live_ep_000058_QUEUE_BACKUP,QUEUE_BACKUP,auth-service,25.0,1785988855.432663,WARNING,,WARN queue_lag=51ms thread_pool=102 -- queue backup
live_ep_000058_QUEUE_BACKUP,QUEUE_BACKUP,auth-service,25.5,1785988855.9330943,WARNING,,WARN queue_lag=68ms thread_pool=136 -- queue backup
live_ep_000058_QUEUE_BACKUP,QUEUE_BACKUP,auth-service,26.0,1785988856.4336658,WARNING,,WARN queue_lag=42ms thread_pool=84 -- queue backup
live_ep_000058_QUEUE_BACKUP,QUEUE_BACKUP,auth-service,26.5,1785988856.934034,WARNING,,WARN queue_lag=46ms thread_pool=92 -- queue backup
live_ep_000058_QUEUE_BACKUP,QUEUE_BACKUP,auth-service,27.0,1785988857.434168,WARNING,,WARN queue_lag=47ms thread_pool=94 -- queue backup
live_ep_000058_QUEUE_BACKUP,QUEUE_BACKUP,auth-service,27.5,1785988857.934267,WARNING,,WARN queue_lag=55ms thread_pool=110 -- queue backup
live_ep_000058_QUEUE_BACKUP,QUEUE_BACKUP,auth-service,28.0,1785988858.4348228,WARNING,,WARN queue_lag=65ms thread_pool=130 -- queue backup
live_ep_000058_QUEUE_BACKUP,QUEUE_BACKUP,auth-service,28.5,1785988858.9352067,WARNING,,WARN queue_lag=51ms thread_pool=102 -- queue backup
live_ep_000058_QUEUE_BACKUP,QUEUE_BACKUP,auth-service,29.0,1785988859.435381,WARNING,,WARN queue_lag=74ms thread_pool=148 -- queue backup
live_ep_000058_QUEUE_BACKUP,QUEUE_BACKUP,auth-service,29.5,1785988859.9355807,WARNING,,WARN queue_lag=56ms thread_pool=112 -- queue backup
live_ep_000058_QUEUE_BACKUP,QUEUE_BACKUP,auth-service,30.0,1785988860.4361253,WARNING,,WARN queue_lag=69ms thread_pool=138 -- queue backup
live_ep_000058_QUEUE_BACKUP,QUEUE_BACKUP,auth-service,30.5,1785988860.9369795,WARNING,,WARN queue_lag=75ms thread_pool=150 -- queue backup
live_ep_000058_QUEUE_BACKUP,QUEUE_BACKUP,auth-service,31.0,1785988861.4374273,WARNING,,WARN queue_lag=58ms thread_pool=116 -- queue backup
live_ep_000058_QUEUE_BACKUP,QUEUE_BACKUP,auth-service,31.5,1785988861.9379582,WARNING,,WARN queue_lag=65ms thread_pool=130 -- queue backup
live_ep_000058_QUEUE_BACKUP,QUEUE_BACKUP,auth-service,32.0,1785988862.4381032,WARNING,,WARN queue_lag=78ms thread_pool=156 -- queue backup
live_ep_000058_QUEUE_BACKUP,QUEUE_BACKUP,auth-service,32.5,1785988862.9381902,WARNING,,WARN queue_lag=69ms thread_pool=138 -- queue backup
live_ep_000058_QUEUE_BACKUP,QUEUE_BACKUP,auth-service,33.0,1785988863.438751,WARNING,,WARN queue_lag=83ms thread_pool=166 -- queue backup
live_ep_000058_QUEUE_BACKUP,QUEUE_BACKUP,auth-service,33.5,1785988863.9390986,WARNING,,WARN queue_lag=65ms thread_pool=130 -- queue backup
live_ep_000058_QUEUE_BACKUP,QUEUE_BACKUP,auth-service,34.0,1785988864.439203,WARNING,,WARN queue_lag=64ms thread_pool=128 -- queue backup
live_ep_000058_QUEUE_BACKUP,QUEUE_BACKUP,auth-service,34.5,1785988864.939543,WARNING,,WARN queue_lag=77ms thread_pool=154 -- queue backup
live_ep_000058_QUEUE_BACKUP,QUEUE_BACKUP,auth-service,35.0,1785988865.4399402,WARNING,,WARN queue_lag=78ms thread_pool=156 -- queue backup
live_ep_000058_QUEUE_BACKUP,QUEUE_BACKUP,auth-service,35.5,1785988865.9402652,WARNING,,WARN queue_lag=82ms thread_pool=164 -- queue backup
live_ep_000058_QUEUE_BACKUP,QUEUE_BACKUP,auth-service,36.0,1785988866.440801,WARNING,,WARN queue_lag=75ms thread_pool=150 -- queue backup
live_ep_000058_QUEUE_BACKUP,QUEUE_BACKUP,auth-service,36.5,1785988866.941691,WARNING,,WARN queue_lag=70ms thread_pool=140 -- queue backup
live_ep_000058_QUEUE_BACKUP,QUEUE_BACKUP,auth-service,37.0,1785988867.4421613,WARNING,,WARN queue_lag=83ms thread_pool=166 -- queue backup
live_ep_000058_QUEUE_BACKUP,QUEUE_BACKUP,auth-service,37.5,1785988867.9422977,WARNING,,WARN queue_lag=78ms thread_pool=156 -- queue backup
live_ep_000058_QUEUE_BACKUP,QUEUE_BACKUP,auth-service,38.0,1785988868.4423757,WARNING,,WARN queue_lag=68ms thread_pool=136 -- queue backup
live_ep_000058_QUEUE_BACKUP,QUEUE_BACKUP,auth-service,38.5,1785988868.9427254,WARNING,,WARN queue_lag=71ms thread_pool=142 -- queue backup
live_ep_000058_QUEUE_BACKUP,QUEUE_BACKUP,auth-service,39.0,1785988869.4431398,WARNING,,WARN queue_lag=74ms thread_pool=148 -- queue backup
live_ep_000058_QUEUE_BACKUP,QUEUE_BACKUP,auth-service,39.5,1785988869.943237,WARNING,,WARN queue_lag=92ms thread_pool=184 -- queue backup
live_ep_000058_QUEUE_BACKUP,QUEUE_BACKUP,auth-service,40.0,1785988870.4436069,WARNING,,WARN queue_lag=94ms thread_pool=188 -- queue backup
live_ep_000058_QUEUE_BACKUP,QUEUE_BACKUP,auth-service,40.5,1785988870.9441943,WARNING,,WARN queue_lag=95ms thread_pool=190 -- queue backup
live_ep_000058_QUEUE_BACKUP,QUEUE_BACKUP,auth-service,41.0,1785988871.444675,WARNING,,WARN queue_lag=90ms thread_pool=180 -- queue backup
live_ep_000058_QUEUE_BACKUP,QUEUE_BACKUP,auth-service,41.5,1785988871.9450614,WARNING,,WARN queue_lag=87ms thread_pool=174 -- queue backup
live_ep_000058_QUEUE_BACKUP,QUEUE_BACKUP,auth-service,42.0,1785988872.44586,WARNING,,WARN queue_lag=85ms thread_pool=170 -- queue backup
live_ep_000058_QUEUE_BACKUP,QUEUE_BACKUP,auth-service,42.5,1785988872.9469545,WARNING,,WARN queue_lag=77ms thread_pool=154 -- queue backup
live_ep_000058_QUEUE_BACKUP,QUEUE_BACKUP,auth-service,43.0,1785988873.4471717,WARNING,,WARN queue_lag=85ms thread_pool=170 -- queue backup
live_ep_000058_QUEUE_BACKUP,QUEUE_BACKUP,auth-service,43.5,1785988873.9473035,WARNING,,WARN queue_lag=99ms thread_pool=198 -- queue backup
live_ep_000058_QUEUE_BACKUP,QUEUE_BACKUP,auth-service,44.0,1785988874.448192,WARNING,,WARN queue_lag=76ms thread_pool=152 -- queue backup
live_ep_000058_QUEUE_BACKUP,QUEUE_BACKUP,auth-service,44.5,1785988874.9487906,WARNING,,WARN queue_lag=93ms thread_pool=186 -- queue backup
live_ep_000058_QUEUE_BACKUP,QUEUE_BACKUP,auth-service,45.0,1785988875.4493344,WARNING,,WARN queue_lag=91ms thread_pool=182 -- queue backup
live_ep_000058_QUEUE_BACKUP,QUEUE_BACKUP,auth-service,45.5,1785988875.9499567,WARNING,,WARN queue_lag=101ms thread_pool=202 -- queue backup
live_ep_000058_QUEUE_BACKUP,QUEUE_BACKUP,auth-service,46.0,1785988876.4500833,WARNING,,WARN queue_lag=100ms thread_pool=200 -- queue backup
live_ep_000058_QUEUE_BACKUP,QUEUE_BACKUP,auth-service,46.5,1785988876.95021,WARNING,,WARN queue_lag=95ms thread_pool=190 -- queue backup
live_ep_000058_QUEUE_BACKUP,QUEUE_BACKUP,auth-service,47.0,1785988877.4508057,WARNING,,WARN queue_lag=93ms thread_pool=186 -- queue backup
live_ep_000058_QUEUE_BACKUP,QUEUE_BACKUP,auth-service,47.5,1785988877.9510033,WARNING,,WARN queue_lag=98ms thread_pool=196 -- queue backup
live_ep_000058_QUEUE_BACKUP,QUEUE_BACKUP,auth-service,48.0,1785988878.4514537,WARNING,,WARN queue_lag=86ms thread_pool=172 -- queue backup
live_ep_000058_QUEUE_BACKUP,QUEUE_BACKUP,auth-service,48.5,1785988878.9517841,WARNING,,WARN queue_lag=111ms thread_pool=222 -- queue backup
live_ep_000058_QUEUE_BACKUP,QUEUE_BACKUP,auth-service,49.0,1785988879.4519377,WARNING,,WARN queue_lag=111ms thread_pool=222 -- queue backup
live_ep_000058_QUEUE_BACKUP,QUEUE_BACKUP,auth-service,49.5,1785988879.9527946,WARNING,,WARN queue_lag=86ms thread_pool=172 -- queue backup
live_ep_000058_QUEUE_BACKUP,QUEUE_BACKUP,auth-service,50.0,1785988880.4528587,WARNING,,WARN queue_lag=90ms thread_pool=180 -- queue backup
live_ep_000058_QUEUE_BACKUP,QUEUE_BACKUP,auth-service,50.5,1785988880.953458,WARNING,,WARN queue_lag=106ms thread_pool=212 -- queue backup
live_ep_000058_QUEUE_BACKUP,QUEUE_BACKUP,auth-service,51.0,1785988881.4540179,WARNING,,WARN queue_lag=114ms thread_pool=228 -- queue backup
live_ep_000058_QUEUE_BACKUP,QUEUE_BACKUP,auth-service,51.5,1785988881.954358,WARNING,,WARN queue_lag=93ms thread_pool=186 -- queue backup
live_ep_000058_QUEUE_BACKUP,QUEUE_BACKUP,auth-service,52.0,1785988882.454683,WARNING,,WARN queue_lag=95ms thread_pool=190 -- queue backup
live_ep_000058_QUEUE_BACKUP,QUEUE_BACKUP,auth-service,52.5,1785988882.9548998,WARNING,,WARN queue_lag=112ms thread_pool=224 -- queue backup
live_ep_000058_QUEUE_BACKUP,QUEUE_BACKUP,auth-service,53.0,1785988883.4553185,WARNING,,WARN queue_lag=92ms thread_pool=184 -- queue backup
live_ep_000058_QUEUE_BACKUP,QUEUE_BACKUP,auth-service,53.5,1785988883.955538,WARNING,,WARN queue_lag=93ms thread_pool=186 -- queue backup
live_ep_000058_QUEUE_BACKUP,QUEUE_BACKUP,auth-service,54.0,1785988884.4556093,WARNING,,WARN queue_lag=95ms thread_pool=190 -- queue backup
live_ep_000058_QUEUE_BACKUP,QUEUE_BACKUP,auth-service,54.5,1785988884.9561439,WARNING,,WARN queue_lag=117ms thread_pool=234 -- queue backup
live_ep_000058_QUEUE_BACKUP,QUEUE_BACKUP,auth-service,55.0,1785988885.4567094,WARNING,,WARN queue_lag=120ms thread_pool=240 -- queue backup
live_ep_000058_QUEUE_BACKUP,QUEUE_BACKUP,auth-service,55.5,1785988885.957046,WARNING,,WARN queue_lag=111ms thread_pool=222 -- queue backup
live_ep_000058_QUEUE_BACKUP,QUEUE_BACKUP,auth-service,56.0,1785988886.457738,WARNING,,WARN queue_lag=124ms thread_pool=248 -- queue backup
live_ep_000058_QUEUE_BACKUP,QUEUE_BACKUP,auth-service,56.5,1785988886.9580078,WARNING,,WARN queue_lag=114ms thread_pool=228 -- queue backup
live_ep_000058_QUEUE_BACKUP,QUEUE_BACKUP,auth-service,57.0,1785988887.4585528,WARNING,,WARN queue_lag=110ms thread_pool=220 -- queue backup
live_ep_000058_QUEUE_BACKUP,QUEUE_BACKUP,auth-service,57.5,1785988887.958757,WARNING,,WARN queue_lag=124ms thread_pool=248 -- queue backup
live_ep_000058_QUEUE_BACKUP,QUEUE_BACKUP,auth-service,58.0,1785988888.4594333,WARNING,,WARN queue_lag=102ms thread_pool=204 -- queue backup
live_ep_000058_QUEUE_BACKUP,QUEUE_BACKUP,auth-service,58.5,1785988888.9598935,WARNING,,WARN queue_lag=118ms thread_pool=236 -- queue backup
live_ep_000058_QUEUE_BACKUP,QUEUE_BACKUP,auth-service,59.0,1785988889.4603493,WARNING,,WARN queue_lag=126ms thread_pool=252 -- queue backup
live_ep_000058_QUEUE_BACKUP,QUEUE_BACKUP,auth-service,59.5,1785988889.960583,WARNING,,WARN queue_lag=118ms thread_pool=236 -- queue backup
live_ep_000059_RETRY_STORM,RETRY_STORM,inventory-service,0.0,1785988890.4625144,WARNING,,WARN retry_cnt=0.01 rps=180 -- retry storm
live_ep_000059_RETRY_STORM,RETRY_STORM,inventory-service,0.5,1785988890.9628499,WARNING,,WARN retry_cnt=0.62 rps=571 -- retry storm
live_ep_000059_RETRY_STORM,RETRY_STORM,inventory-service,1.0,1785988891.4630842,WARNING,,WARN retry_cnt=0.65 rps=591 -- retry storm
live_ep_000059_RETRY_STORM,RETRY_STORM,inventory-service,1.5,1785988891.963338,WARNING,,WARN retry_cnt=0.65 rps=590 -- retry storm
live_ep_000059_RETRY_STORM,RETRY_STORM,inventory-service,2.0,1785988892.4654698,WARNING,,WARN retry_cnt=0.58 rps=549 -- retry storm
live_ep_000059_RETRY_STORM,RETRY_STORM,inventory-service,2.5,1785988892.966006,WARNING,,WARN retry_cnt=0.65 rps=592 -- retry storm
live_ep_000059_RETRY_STORM,RETRY_STORM,inventory-service,3.0,1785988893.4665158,WARNING,,WARN retry_cnt=0.48 rps=488 -- retry storm
live_ep_000059_RETRY_STORM,RETRY_STORM,inventory-service,3.5,1785988893.9668465,WARNING,,WARN retry_cnt=0.73 rps=635 -- retry storm
live_ep_000059_RETRY_STORM,RETRY_STORM,inventory-service,4.0,1785988894.4672709,WARNING,,WARN retry_cnt=0.76 rps=657 -- retry storm
live_ep_000059_RETRY_STORM,RETRY_STORM,inventory-service,4.5,1785988894.967561,WARNING,,WARN retry_cnt=0.75 rps=647 -- retry storm
live_ep_000059_RETRY_STORM,RETRY_STORM,inventory-service,5.0,1785988895.467857,WARNING,,WARN retry_cnt=0.64 rps=583 -- retry storm
live_ep_000059_RETRY_STORM,RETRY_STORM,inventory-service,5.5,1785988895.9681294,WARNING,,WARN retry_cnt=0.88 rps=727 -- retry storm
live_ep_000059_RETRY_STORM,RETRY_STORM,inventory-service,6.0,1785988896.4683392,WARNING,,WARN retry_cnt=0.56 rps=538 -- retry storm
live_ep_000059_RETRY_STORM,RETRY_STORM,inventory-service,6.5,1785988896.9704854,WARNING,,WARN retry_cnt=0.68 rps=606 -- retry storm
live_ep_000059_RETRY_STORM,RETRY_STORM,inventory-service,7.0,1785988897.4710512,WARNING,,WARN retry_cnt=0.60 rps=559 -- retry storm
live_ep_000059_RETRY_STORM,RETRY_STORM,inventory-service,7.5,1785988897.9715748,WARNING,,WARN retry_cnt=0.60 rps=560 -- retry storm
live_ep_000059_RETRY_STORM,RETRY_STORM,inventory-service,8.0,1785988898.4717817,WARNING,,WARN retry_cnt=0.74 rps=642 -- retry storm
live_ep_000059_RETRY_STORM,RETRY_STORM,inventory-service,8.5,1785988898.9719508,WARNING,,WARN retry_cnt=0.62 rps=572 -- retry storm
live_ep_000059_RETRY_STORM,RETRY_STORM,inventory-service,9.0,1785988899.472228,WARNING,,WARN retry_cnt=0.61 rps=567 -- retry storm
live_ep_000059_RETRY_STORM,RETRY_STORM,inventory-service,9.5,1785988899.9723237,WARNING,,WARN retry_cnt=0.74 rps=643 -- retry storm
live_ep_000059_RETRY_STORM,RETRY_STORM,inventory-service,10.0,1785988900.4725897,WARNING,,WARN retry_cnt=0.60 rps=561 -- retry storm
live_ep_000059_RETRY_STORM,RETRY_STORM,inventory-service,10.5,1785988900.9727411,WARNING,,WARN retry_cnt=0.68 rps=607 -- retry storm
live_ep_000059_RETRY_STORM,RETRY_STORM,inventory-service,11.0,1785988901.472828,WARNING,,WARN retry_cnt=0.76 rps=656 -- retry storm
live_ep_000059_RETRY_STORM,RETRY_STORM,inventory-service,11.5,1785988901.9732168,WARNING,,WARN retry_cnt=0.50 rps=500 -- retry storm
live_ep_000059_RETRY_STORM,RETRY_STORM,inventory-service,12.0,1785988902.4734204,WARNING,,WARN retry_cnt=0.68 rps=607 -- retry storm
live_ep_000059_RETRY_STORM,RETRY_STORM,inventory-service,12.5,1785988902.9763365,WARNING,,WARN retry_cnt=0.67 rps=602 -- retry storm
live_ep_000059_RETRY_STORM,RETRY_STORM,inventory-service,13.0,1785988903.476853,WARNING,,WARN retry_cnt=0.55 rps=532 -- retry storm
live_ep_000059_RETRY_STORM,RETRY_STORM,inventory-service,13.5,1785988903.9772112,WARNING,,WARN retry_cnt=0.71 rps=624 -- retry storm
live_ep_000059_RETRY_STORM,RETRY_STORM,inventory-service,14.0,1785988904.478268,WARNING,,WARN retry_cnt=0.49 rps=494 -- retry storm
live_ep_000059_RETRY_STORM,RETRY_STORM,inventory-service,14.5,1785988904.9787543,WARNING,,WARN retry_cnt=0.62 rps=575 -- retry storm
live_ep_000059_RETRY_STORM,RETRY_STORM,inventory-service,15.0,1785988905.4789429,WARNING,,WARN retry_cnt=0.67 rps=602 -- retry storm
live_ep_000059_RETRY_STORM,RETRY_STORM,inventory-service,15.5,1785988905.97914,WARNING,,WARN retry_cnt=0.54 rps=526 -- retry storm
live_ep_000059_RETRY_STORM,RETRY_STORM,inventory-service,16.0,1785988906.47936,WARNING,,WARN retry_cnt=0.89 rps=732 -- retry storm
live_ep_000059_RETRY_STORM,RETRY_STORM,inventory-service,16.5,1785988906.9797657,WARNING,,WARN retry_cnt=0.67 rps=604 -- retry storm
live_ep_000059_RETRY_STORM,RETRY_STORM,inventory-service,17.0,1785988907.4801054,WARNING,,WARN retry_cnt=0.55 rps=530 -- retry storm
live_ep_000059_RETRY_STORM,RETRY_STORM,inventory-service,17.5,1785988907.9803047,WARNING,,WARN retry_cnt=0.67 rps=604 -- retry storm
live_ep_000059_RETRY_STORM,RETRY_STORM,inventory-service,18.0,1785988908.480449,WARNING,,WARN retry_cnt=0.85 rps=709 -- retry storm
live_ep_000059_RETRY_STORM,RETRY_STORM,inventory-service,18.5,1785988908.9808097,WARNING,,WARN retry_cnt=0.62 rps=573 -- retry storm
live_ep_000059_RETRY_STORM,RETRY_STORM,inventory-service,19.0,1785988909.4813483,WARNING,,WARN retry_cnt=0.40 rps=442 -- retry storm
live_ep_000059_RETRY_STORM,RETRY_STORM,inventory-service,19.5,1785988909.9822145,WARNING,,WARN retry_cnt=0.60 rps=561 -- retry storm
live_ep_000059_RETRY_STORM,RETRY_STORM,inventory-service,20.0,1785988910.4827526,WARNING,,WARN retry_cnt=0.60 rps=558 -- retry storm
live_ep_000059_RETRY_STORM,RETRY_STORM,inventory-service,20.5,1785988910.9830434,WARNING,,WARN retry_cnt=0.58 rps=549 -- retry storm
live_ep_000059_RETRY_STORM,RETRY_STORM,inventory-service,21.0,1785988911.4837594,WARNING,,WARN retry_cnt=0.73 rps=638 -- retry storm
live_ep_000059_RETRY_STORM,RETRY_STORM,inventory-service,21.5,1785988911.984124,WARNING,,WARN retry_cnt=0.67 rps=602 -- retry storm
live_ep_000059_RETRY_STORM,RETRY_STORM,inventory-service,22.0,1785988912.4846883,WARNING,,WARN retry_cnt=0.59 rps=556 -- retry storm
live_ep_000059_RETRY_STORM,RETRY_STORM,inventory-service,22.5,1785988912.9852047,WARNING,,WARN retry_cnt=0.71 rps=624 -- retry storm
live_ep_000059_RETRY_STORM,RETRY_STORM,inventory-service,23.0,1785988913.4859333,WARNING,,WARN retry_cnt=0.79 rps=673 -- retry storm
live_ep_000059_RETRY_STORM,RETRY_STORM,inventory-service,23.5,1785988913.9863057,WARNING,,WARN retry_cnt=0.72 rps=631 -- retry storm
live_ep_000059_RETRY_STORM,RETRY_STORM,inventory-service,24.0,1785988914.4865265,WARNING,,WARN retry_cnt=0.69 rps=617 -- retry storm
live_ep_000059_RETRY_STORM,RETRY_STORM,inventory-service,24.5,1785988914.9870057,WARNING,,WARN retry_cnt=0.63 rps=580 -- retry storm
live_ep_000059_RETRY_STORM,RETRY_STORM,inventory-service,25.0,1785988915.4875307,WARNING,,WARN retry_cnt=0.69 rps=615 -- retry storm
live_ep_000059_RETRY_STORM,RETRY_STORM,inventory-service,25.5,1785988915.9881485,WARNING,,WARN retry_cnt=0.68 rps=610 -- retry storm
live_ep_000059_RETRY_STORM,RETRY_STORM,inventory-service,26.0,1785988916.4887152,WARNING,,WARN retry_cnt=0.61 rps=569 -- retry storm
live_ep_000059_RETRY_STORM,RETRY_STORM,inventory-service,26.5,1785988916.9888117,WARNING,,WARN retry_cnt=0.81 rps=688 -- retry storm
live_ep_000059_RETRY_STORM,RETRY_STORM,inventory-service,27.0,1785988917.4889185,WARNING,,WARN retry_cnt=0.48 rps=490 -- retry storm
live_ep_000059_RETRY_STORM,RETRY_STORM,inventory-service,27.5,1785988917.989541,WARNING,,WARN retry_cnt=0.85 rps=708 -- retry storm
live_ep_000059_RETRY_STORM,RETRY_STORM,inventory-service,28.0,1785988918.4903343,WARNING,,WARN retry_cnt=0.66 rps=597 -- retry storm
live_ep_000059_RETRY_STORM,RETRY_STORM,inventory-service,28.5,1785988918.9904978,WARNING,,WARN retry_cnt=0.66 rps=599 -- retry storm
live_ep_000059_RETRY_STORM,RETRY_STORM,inventory-service,29.0,1785988919.490813,WARNING,,WARN retry_cnt=0.61 rps=569 -- retry storm
live_ep_000059_RETRY_STORM,RETRY_STORM,inventory-service,29.5,1785988919.9910872,WARNING,,WARN retry_cnt=0.44 rps=467 -- retry storm
live_ep_000059_RETRY_STORM,RETRY_STORM,inventory-service,30.0,1785988920.4914439,WARNING,,WARN retry_cnt=0.61 rps=568 -- retry storm
live_ep_000059_RETRY_STORM,RETRY_STORM,inventory-service,30.5,1785988920.9918377,WARNING,,WARN retry_cnt=0.64 rps=586 -- retry storm
live_ep_000059_RETRY_STORM,RETRY_STORM,inventory-service,31.0,1785988921.492203,WARNING,,WARN retry_cnt=0.75 rps=649 -- retry storm
live_ep_000059_RETRY_STORM,RETRY_STORM,inventory-service,31.5,1785988921.9923038,WARNING,,WARN retry_cnt=0.51 rps=505 -- retry storm
live_ep_000059_RETRY_STORM,RETRY_STORM,inventory-service,32.0,1785988922.492881,WARNING,,WARN retry_cnt=0.62 rps=569 -- retry storm
live_ep_000059_RETRY_STORM,RETRY_STORM,inventory-service,32.5,1785988922.993259,WARNING,,WARN retry_cnt=0.64 rps=585 -- retry storm
live_ep_000059_RETRY_STORM,RETRY_STORM,inventory-service,33.0,1785988923.4935,WARNING,,WARN retry_cnt=0.71 rps=626 -- retry storm
live_ep_000059_RETRY_STORM,RETRY_STORM,inventory-service,33.5,1785988923.9939423,WARNING,,WARN retry_cnt=0.60 rps=561 -- retry storm
live_ep_000059_RETRY_STORM,RETRY_STORM,inventory-service,34.0,1785988924.4943829,WARNING,,WARN retry_cnt=0.74 rps=643 -- retry storm
live_ep_000059_RETRY_STORM,RETRY_STORM,inventory-service,34.5,1785988924.9947855,WARNING,,WARN retry_cnt=0.56 rps=534 -- retry storm
live_ep_000059_RETRY_STORM,RETRY_STORM,inventory-service,35.0,1785988925.4953194,WARNING,,WARN retry_cnt=0.67 rps=601 -- retry storm
live_ep_000059_RETRY_STORM,RETRY_STORM,inventory-service,35.5,1785988925.9958794,WARNING,,WARN retry_cnt=0.75 rps=647 -- retry storm
live_ep_000059_RETRY_STORM,RETRY_STORM,inventory-service,36.0,1785988926.4960752,WARNING,,WARN retry_cnt=0.70 rps=620 -- retry storm
live_ep_000059_RETRY_STORM,RETRY_STORM,inventory-service,36.5,1785988926.9961805,WARNING,,WARN retry_cnt=0.66 rps=598 -- retry storm
live_ep_000059_RETRY_STORM,RETRY_STORM,inventory-service,37.0,1785988927.496365,WARNING,,WARN retry_cnt=0.78 rps=670 -- retry storm
live_ep_000059_RETRY_STORM,RETRY_STORM,inventory-service,37.5,1785988927.99681,WARNING,,WARN retry_cnt=0.70 rps=622 -- retry storm
live_ep_000059_RETRY_STORM,RETRY_STORM,inventory-service,38.0,1785988928.4973025,WARNING,,WARN retry_cnt=0.79 rps=673 -- retry storm
live_ep_000059_RETRY_STORM,RETRY_STORM,inventory-service,38.5,1785988928.9976726,WARNING,,WARN retry_cnt=0.70 rps=622 -- retry storm
live_ep_000059_RETRY_STORM,RETRY_STORM,inventory-service,39.0,1785988929.4979026,WARNING,,WARN retry_cnt=0.65 rps=592 -- retry storm
live_ep_000059_RETRY_STORM,RETRY_STORM,inventory-service,39.5,1785988929.9983315,WARNING,,WARN retry_cnt=0.72 rps=631 -- retry storm
live_ep_000059_RETRY_STORM,RETRY_STORM,inventory-service,40.0,1785988930.4985065,WARNING,,WARN retry_cnt=0.51 rps=505 -- retry storm
live_ep_000059_RETRY_STORM,RETRY_STORM,inventory-service,40.5,1785988930.998899,WARNING,,WARN retry_cnt=0.67 rps=599 -- retry storm
live_ep_000059_RETRY_STORM,RETRY_STORM,inventory-service,41.0,1785988931.4993026,WARNING,,WARN retry_cnt=0.90 rps=740 -- retry storm
live_ep_000059_RETRY_STORM,RETRY_STORM,inventory-service,41.5,1785988932.0022612,WARNING,,WARN retry_cnt=0.90 rps=739 -- retry storm
live_ep_000059_RETRY_STORM,RETRY_STORM,inventory-service,42.0,1785988932.502627,WARNING,,WARN retry_cnt=0.60 rps=563 -- retry storm
live_ep_000059_RETRY_STORM,RETRY_STORM,inventory-service,42.5,1785988933.0028014,WARNING,,WARN retry_cnt=0.74 rps=646 -- retry storm
live_ep_000059_RETRY_STORM,RETRY_STORM,inventory-service,43.0,1785988933.5031872,WARNING,,WARN retry_cnt=0.67 rps=603 -- retry storm
live_ep_000059_RETRY_STORM,RETRY_STORM,inventory-service,43.5,1785988934.0035722,WARNING,,WARN retry_cnt=0.71 rps=625 -- retry storm
live_ep_000059_RETRY_STORM,RETRY_STORM,inventory-service,44.0,1785988934.5036373,WARNING,,WARN retry_cnt=0.65 rps=593 -- retry storm
live_ep_000059_RETRY_STORM,RETRY_STORM,inventory-service,44.5,1785988935.0039642,WARNING,,WARN retry_cnt=0.57 rps=543 -- retry storm
live_ep_000059_RETRY_STORM,RETRY_STORM,inventory-service,45.0,1785988935.5045612,WARNING,,WARN retry_cnt=0.57 rps=542 -- retry storm
live_ep_000059_RETRY_STORM,RETRY_STORM,inventory-service,45.5,1785988936.0050976,WARNING,,WARN retry_cnt=0.78 rps=668 -- retry storm
live_ep_000059_RETRY_STORM,RETRY_STORM,inventory-service,46.0,1785988936.5056572,WARNING,,WARN retry_cnt=0.60 rps=561 -- retry storm
live_ep_000059_RETRY_STORM,RETRY_STORM,inventory-service,46.5,1785988937.005922,WARNING,,WARN retry_cnt=0.57 rps=541 -- retry storm
live_ep_000059_RETRY_STORM,RETRY_STORM,inventory-service,47.0,1785988937.506494,WARNING,,WARN retry_cnt=0.68 rps=607 -- retry storm
live_ep_000059_RETRY_STORM,RETRY_STORM,inventory-service,47.5,1785988938.0066762,WARNING,,WARN retry_cnt=0.88 rps=726 -- retry storm
live_ep_000059_RETRY_STORM,RETRY_STORM,inventory-service,48.0,1785988938.5068305,WARNING,,WARN retry_cnt=0.75 rps=650 -- retry storm
live_ep_000059_RETRY_STORM,RETRY_STORM,inventory-service,48.5,1785988939.0069246,WARNING,,WARN retry_cnt=0.66 rps=594 -- retry storm
live_ep_000059_RETRY_STORM,RETRY_STORM,inventory-service,49.0,1785988939.5072904,WARNING,,WARN retry_cnt=0.76 rps=654 -- retry storm
live_ep_000059_RETRY_STORM,RETRY_STORM,inventory-service,49.5,1785988940.0077426,WARNING,,WARN retry_cnt=0.82 rps=695 -- retry storm
live_ep_000059_RETRY_STORM,RETRY_STORM,inventory-service,50.0,1785988940.5078974,WARNING,,WARN retry_cnt=0.51 rps=507 -- retry storm
live_ep_000059_RETRY_STORM,RETRY_STORM,inventory-service,50.5,1785988941.0083668,WARNING,,WARN retry_cnt=0.56 rps=533 -- retry storm
live_ep_000059_RETRY_STORM,RETRY_STORM,inventory-service,51.0,1785988941.5087402,WARNING,,WARN retry_cnt=0.54 rps=524 -- retry storm
live_ep_000059_RETRY_STORM,RETRY_STORM,inventory-service,51.5,1785988942.0091937,WARNING,,WARN retry_cnt=0.67 rps=600 -- retry storm
live_ep_000059_RETRY_STORM,RETRY_STORM,inventory-service,52.0,1785988942.5098171,WARNING,,WARN retry_cnt=0.76 rps=659 -- retry storm
live_ep_000059_RETRY_STORM,RETRY_STORM,inventory-service,52.5,1785988943.0107682,WARNING,,WARN retry_cnt=0.59 rps=555 -- retry storm
live_ep_000059_RETRY_STORM,RETRY_STORM,inventory-service,53.0,1785988943.511056,WARNING,,WARN retry_cnt=0.74 rps=642 -- retry storm
live_ep_000059_RETRY_STORM,RETRY_STORM,inventory-service,53.5,1785988944.0116549,WARNING,,WARN retry_cnt=0.82 rps=693 -- retry storm
live_ep_000059_RETRY_STORM,RETRY_STORM,inventory-service,54.0,1785988944.5119946,WARNING,,WARN retry_cnt=0.68 rps=606 -- retry storm
live_ep_000059_RETRY_STORM,RETRY_STORM,inventory-service,54.5,1785988945.0121052,WARNING,,WARN retry_cnt=0.87 rps=724 -- retry storm
live_ep_000059_RETRY_STORM,RETRY_STORM,inventory-service,55.0,1785988945.5123575,WARNING,,WARN retry_cnt=0.49 rps=493 -- retry storm
live_ep_000059_RETRY_STORM,RETRY_STORM,inventory-service,55.5,1785988946.0129578,WARNING,,WARN retry_cnt=0.53 rps=518 -- retry storm
live_ep_000059_RETRY_STORM,RETRY_STORM,inventory-service,56.0,1785988946.5133474,WARNING,,WARN retry_cnt=0.68 rps=605 -- retry storm
live_ep_000059_RETRY_STORM,RETRY_STORM,inventory-service,56.5,1785988947.0134418,WARNING,,WARN retry_cnt=0.54 rps=522 -- retry storm
live_ep_000059_RETRY_STORM,RETRY_STORM,inventory-service,57.0,1785988947.513633,WARNING,,WARN retry_cnt=0.72 rps=633 -- retry storm
live_ep_000059_RETRY_STORM,RETRY_STORM,inventory-service,57.5,1785988948.0138288,WARNING,,WARN retry_cnt=0.49 rps=496 -- retry storm
live_ep_000059_RETRY_STORM,RETRY_STORM,inventory-service,58.0,1785988948.514044,WARNING,,WARN retry_cnt=0.64 rps=585 -- retry storm
live_ep_000059_RETRY_STORM,RETRY_STORM,inventory-service,58.5,1785988949.0145142,WARNING,,WARN retry_cnt=0.40 rps=440 -- retry storm
live_ep_000059_RETRY_STORM,RETRY_STORM,inventory-service,59.0,1785988949.5149074,WARNING,,WARN retry_cnt=0.65 rps=592 -- retry storm
live_ep_000059_RETRY_STORM,RETRY_STORM,inventory-service,59.5,1785988950.0153263,WARNING,,WARN retry_cnt=0.71 rps=624 -- retry storm
live_ep_000060_RETRY_STORM,RETRY_STORM,auth-service,0.0,1785988950.5177703,WARNING,,WARN retry_cnt=0.02 rps=212 -- retry storm
live_ep_000060_RETRY_STORM,RETRY_STORM,auth-service,0.5,1785988951.0188758,WARNING,,WARN retry_cnt=0.00 rps=189 -- retry storm
live_ep_000060_RETRY_STORM,RETRY_STORM,auth-service,1.0,1785988951.5193493,WARNING,,WARN retry_cnt=0.09 rps=177 -- retry storm
live_ep_000060_RETRY_STORM,RETRY_STORM,auth-service,1.5,1785988952.019697,WARNING,,WARN retry_cnt=0.05 rps=216 -- retry storm
live_ep_000060_RETRY_STORM,RETRY_STORM,auth-service,2.0,1785988952.5204346,WARNING,,WARN retry_cnt=0.05 rps=200 -- retry storm
live_ep_000060_RETRY_STORM,RETRY_STORM,auth-service,2.5,1785988953.0206606,WARNING,,WARN retry_cnt=0.00 rps=182 -- retry storm
live_ep_000060_RETRY_STORM,RETRY_STORM,auth-service,3.0,1785988953.5208561,WARNING,,WARN retry_cnt=0.00 rps=220 -- retry storm
live_ep_000060_RETRY_STORM,RETRY_STORM,auth-service,3.5,1785988954.0209975,WARNING,,WARN retry_cnt=0.02 rps=197 -- retry storm
live_ep_000060_RETRY_STORM,RETRY_STORM,auth-service,4.0,1785988954.5215259,WARNING,,WARN retry_cnt=0.06 rps=228 -- retry storm
live_ep_000060_RETRY_STORM,RETRY_STORM,auth-service,4.5,1785988955.0220695,WARNING,,WARN retry_cnt=0.08 rps=223 -- retry storm
live_ep_000060_RETRY_STORM,RETRY_STORM,auth-service,5.0,1785988955.522337,WARNING,,WARN retry_cnt=0.10 rps=226 -- retry storm
live_ep_000060_RETRY_STORM,RETRY_STORM,auth-service,5.5,1785988956.0228717,WARNING,,WARN retry_cnt=0.07 rps=222 -- retry storm
live_ep_000060_RETRY_STORM,RETRY_STORM,auth-service,6.0,1785988956.5232322,WARNING,,WARN retry_cnt=0.02 rps=198 -- retry storm
live_ep_000060_RETRY_STORM,RETRY_STORM,auth-service,6.5,1785988957.0236964,WARNING,,WARN retry_cnt=0.04 rps=249 -- retry storm
live_ep_000060_RETRY_STORM,RETRY_STORM,auth-service,7.0,1785988957.5240724,WARNING,,WARN retry_cnt=0.01 rps=218 -- retry storm
live_ep_000060_RETRY_STORM,RETRY_STORM,auth-service,7.5,1785988958.0244963,WARNING,,WARN retry_cnt=0.02 rps=195 -- retry storm
live_ep_000060_RETRY_STORM,RETRY_STORM,auth-service,8.0,1785988958.5250533,WARNING,,WARN retry_cnt=0.85 rps=711 -- retry storm
live_ep_000060_RETRY_STORM,RETRY_STORM,auth-service,8.5,1785988959.0253718,WARNING,,WARN retry_cnt=0.73 rps=639 -- retry storm
live_ep_000060_RETRY_STORM,RETRY_STORM,auth-service,9.0,1785988959.525907,WARNING,,WARN retry_cnt=0.69 rps=613 -- retry storm
live_ep_000060_RETRY_STORM,RETRY_STORM,auth-service,9.5,1785988960.026155,WARNING,,WARN retry_cnt=0.71 rps=629 -- retry storm
live_ep_000060_RETRY_STORM,RETRY_STORM,auth-service,10.0,1785988960.526549,WARNING,,WARN retry_cnt=0.67 rps=600 -- retry storm
live_ep_000060_RETRY_STORM,RETRY_STORM,auth-service,10.5,1785988961.0300052,WARNING,,WARN retry_cnt=0.67 rps=601 -- retry storm
live_ep_000060_RETRY_STORM,RETRY_STORM,auth-service,11.0,1785988961.530224,WARNING,,WARN retry_cnt=0.83 rps=697 -- retry storm
live_ep_000060_RETRY_STORM,RETRY_STORM,auth-service,11.5,1785988962.0305405,WARNING,,WARN retry_cnt=0.55 rps=527 -- retry storm
live_ep_000060_RETRY_STORM,RETRY_STORM,auth-service,12.0,1785988962.5309284,WARNING,,WARN retry_cnt=0.65 rps=588 -- retry storm
live_ep_000060_RETRY_STORM,RETRY_STORM,auth-service,12.5,1785988963.0317852,WARNING,,WARN retry_cnt=0.70 rps=617 -- retry storm
live_ep_000060_RETRY_STORM,RETRY_STORM,auth-service,13.0,1785988963.5322886,WARNING,,WARN retry_cnt=0.50 rps=499 -- retry storm
live_ep_000060_RETRY_STORM,RETRY_STORM,auth-service,13.5,1785988964.0325892,WARNING,,WARN retry_cnt=0.76 rps=657 -- retry storm
live_ep_000060_RETRY_STORM,RETRY_STORM,auth-service,14.0,1785988964.532837,WARNING,,WARN retry_cnt=0.56 rps=536 -- retry storm
live_ep_000060_RETRY_STORM,RETRY_STORM,auth-service,14.5,1785988965.033294,WARNING,,WARN retry_cnt=0.62 rps=572 -- retry storm
live_ep_000060_RETRY_STORM,RETRY_STORM,auth-service,15.0,1785988965.5333521,WARNING,,WARN retry_cnt=0.70 rps=617 -- retry storm
live_ep_000060_RETRY_STORM,RETRY_STORM,auth-service,15.5,1785988966.0337777,WARNING,,WARN retry_cnt=0.77 rps=662 -- retry storm
live_ep_000060_RETRY_STORM,RETRY_STORM,auth-service,16.0,1785988966.5342584,WARNING,,WARN retry_cnt=0.65 rps=591 -- retry storm
live_ep_000060_RETRY_STORM,RETRY_STORM,auth-service,16.5,1785988967.0349517,WARNING,,WARN retry_cnt=0.70 rps=621 -- retry storm
live_ep_000060_RETRY_STORM,RETRY_STORM,auth-service,17.0,1785988967.5354164,WARNING,,WARN retry_cnt=0.73 rps=635 -- retry storm
live_ep_000060_RETRY_STORM,RETRY_STORM,auth-service,17.5,1785988968.0361598,WARNING,,WARN retry_cnt=0.78 rps=665 -- retry storm
live_ep_000060_RETRY_STORM,RETRY_STORM,auth-service,18.0,1785988968.5367374,WARNING,,WARN retry_cnt=0.70 rps=621 -- retry storm
live_ep_000060_RETRY_STORM,RETRY_STORM,auth-service,18.5,1785988969.037454,WARNING,,WARN retry_cnt=0.77 rps=661 -- retry storm
live_ep_000060_RETRY_STORM,RETRY_STORM,auth-service,19.0,1785988969.5375454,WARNING,,WARN retry_cnt=0.69 rps=611 -- retry storm
live_ep_000060_RETRY_STORM,RETRY_STORM,auth-service,19.5,1785988970.0376482,WARNING,,WARN retry_cnt=0.71 rps=629 -- retry storm
live_ep_000060_RETRY_STORM,RETRY_STORM,auth-service,20.0,1785988970.5379932,WARNING,,WARN retry_cnt=0.70 rps=622 -- retry storm
live_ep_000060_RETRY_STORM,RETRY_STORM,auth-service,20.5,1785988971.038148,WARNING,,WARN retry_cnt=0.66 rps=596 -- retry storm
live_ep_000060_RETRY_STORM,RETRY_STORM,auth-service,21.0,1785988971.5386753,WARNING,,WARN retry_cnt=0.52 rps=511 -- retry storm
live_ep_000060_RETRY_STORM,RETRY_STORM,auth-service,21.5,1785988972.0390947,WARNING,,WARN retry_cnt=0.60 rps=560 -- retry storm
live_ep_000060_RETRY_STORM,RETRY_STORM,auth-service,22.0,1785988972.539372,WARNING,,WARN retry_cnt=0.51 rps=507 -- retry storm
live_ep_000060_RETRY_STORM,RETRY_STORM,auth-service,22.5,1785988973.0404277,WARNING,,WARN retry_cnt=0.69 rps=611 -- retry storm
live_ep_000060_RETRY_STORM,RETRY_STORM,auth-service,23.0,1785988973.5407338,WARNING,,WARN retry_cnt=0.90 rps=740 -- retry storm
live_ep_000060_RETRY_STORM,RETRY_STORM,auth-service,23.5,1785988974.0409162,WARNING,,WARN retry_cnt=0.79 rps=676 -- retry storm
live_ep_000060_RETRY_STORM,RETRY_STORM,auth-service,24.0,1785988974.5411868,WARNING,,WARN retry_cnt=0.47 rps=479 -- retry storm
live_ep_000060_RETRY_STORM,RETRY_STORM,auth-service,24.5,1785988975.041461,WARNING,,WARN retry_cnt=0.83 rps=695 -- retry storm
live_ep_000060_RETRY_STORM,RETRY_STORM,auth-service,25.0,1785988975.541525,WARNING,,WARN retry_cnt=0.65 rps=590 -- retry storm
live_ep_000060_RETRY_STORM,RETRY_STORM,auth-service,25.5,1785988976.0419047,WARNING,,WARN retry_cnt=0.86 rps=716 -- retry storm
live_ep_000060_RETRY_STORM,RETRY_STORM,auth-service,26.0,1785988976.5433228,WARNING,,WARN retry_cnt=0.61 rps=567 -- retry storm
live_ep_000060_RETRY_STORM,RETRY_STORM,auth-service,26.5,1785988977.0436187,WARNING,,WARN retry_cnt=0.74 rps=644 -- retry storm
live_ep_000060_RETRY_STORM,RETRY_STORM,auth-service,27.0,1785988977.5441883,WARNING,,WARN retry_cnt=0.60 rps=560 -- retry storm
live_ep_000060_RETRY_STORM,RETRY_STORM,auth-service,27.5,1785988978.0445418,WARNING,,WARN retry_cnt=0.59 rps=553 -- retry storm
live_ep_000060_RETRY_STORM,RETRY_STORM,auth-service,28.0,1785988978.5450675,WARNING,,WARN retry_cnt=0.81 rps=683 -- retry storm
live_ep_000060_RETRY_STORM,RETRY_STORM,auth-service,28.5,1785988979.0452824,WARNING,,WARN retry_cnt=0.71 rps=629 -- retry storm
live_ep_000060_RETRY_STORM,RETRY_STORM,auth-service,29.0,1785988979.5457997,WARNING,,WARN retry_cnt=0.58 rps=546 -- retry storm
live_ep_000060_RETRY_STORM,RETRY_STORM,auth-service,29.5,1785988980.0461469,WARNING,,WARN retry_cnt=0.73 rps=638 -- retry storm
live_ep_000060_RETRY_STORM,RETRY_STORM,auth-service,30.0,1785988980.5466309,WARNING,,WARN retry_cnt=0.72 rps=633 -- retry storm
live_ep_000060_RETRY_STORM,RETRY_STORM,auth-service,30.5,1785988981.0469377,WARNING,,WARN retry_cnt=0.57 rps=542 -- retry storm
live_ep_000060_RETRY_STORM,RETRY_STORM,auth-service,31.0,1785988981.5470157,WARNING,,WARN retry_cnt=0.70 rps=622 -- retry storm
live_ep_000060_RETRY_STORM,RETRY_STORM,auth-service,31.5,1785988982.0473626,WARNING,,WARN retry_cnt=0.63 rps=577 -- retry storm
live_ep_000060_RETRY_STORM,RETRY_STORM,auth-service,32.0,1785988982.5474758,WARNING,,WARN retry_cnt=0.86 rps=718 -- retry storm
live_ep_000060_RETRY_STORM,RETRY_STORM,auth-service,32.5,1785988983.0478237,WARNING,,WARN retry_cnt=0.90 rps=740 -- retry storm
live_ep_000060_RETRY_STORM,RETRY_STORM,auth-service,33.0,1785988983.5480337,WARNING,,WARN retry_cnt=0.78 rps=670 -- retry storm
live_ep_000060_RETRY_STORM,RETRY_STORM,auth-service,33.5,1785988984.0484354,WARNING,,WARN retry_cnt=0.88 rps=731 -- retry storm
live_ep_000060_RETRY_STORM,RETRY_STORM,auth-service,34.0,1785988984.5489664,WARNING,,WARN retry_cnt=0.54 rps=526 -- retry storm
live_ep_000060_RETRY_STORM,RETRY_STORM,auth-service,34.5,1785988985.049291,WARNING,,WARN retry_cnt=0.58 rps=550 -- retry storm
live_ep_000060_RETRY_STORM,RETRY_STORM,auth-service,35.0,1785988985.549477,WARNING,,WARN retry_cnt=0.76 rps=654 -- retry storm
live_ep_000060_RETRY_STORM,RETRY_STORM,auth-service,35.5,1785988986.0495505,WARNING,,WARN retry_cnt=0.81 rps=689 -- retry storm
live_ep_000060_RETRY_STORM,RETRY_STORM,auth-service,36.0,1785988986.54976,WARNING,,WARN retry_cnt=0.70 rps=620 -- retry storm
live_ep_000060_RETRY_STORM,RETRY_STORM,auth-service,36.5,1785988987.0500908,WARNING,,WARN retry_cnt=0.78 rps=668 -- retry storm
live_ep_000060_RETRY_STORM,RETRY_STORM,auth-service,37.0,1785988987.5503345,WARNING,,WARN retry_cnt=0.45 rps=471 -- retry storm
live_ep_000060_RETRY_STORM,RETRY_STORM,auth-service,37.5,1785988988.050553,WARNING,,WARN retry_cnt=0.72 rps=635 -- retry storm
live_ep_000060_RETRY_STORM,RETRY_STORM,auth-service,38.0,1785988988.5511007,WARNING,,WARN retry_cnt=0.57 rps=544 -- retry storm
live_ep_000060_RETRY_STORM,RETRY_STORM,auth-service,38.5,1785988989.0516596,WARNING,,WARN retry_cnt=0.49 rps=493 -- retry storm
live_ep_000060_RETRY_STORM,RETRY_STORM,auth-service,39.0,1785988989.5518835,WARNING,,WARN retry_cnt=0.73 rps=639 -- retry storm
live_ep_000060_RETRY_STORM,RETRY_STORM,auth-service,39.5,1785988990.0521338,WARNING,,WARN retry_cnt=0.84 rps=705 -- retry storm
live_ep_000060_RETRY_STORM,RETRY_STORM,auth-service,40.0,1785988990.5524487,WARNING,,WARN retry_cnt=0.57 rps=543 -- retry storm
live_ep_000060_RETRY_STORM,RETRY_STORM,auth-service,40.5,1785988991.0528867,WARNING,,WARN retry_cnt=0.60 rps=559 -- retry storm
live_ep_000060_RETRY_STORM,RETRY_STORM,auth-service,41.0,1785988991.5529554,WARNING,,WARN retry_cnt=0.71 rps=627 -- retry storm
live_ep_000060_RETRY_STORM,RETRY_STORM,auth-service,41.5,1785988992.0533257,WARNING,,WARN retry_cnt=0.75 rps=649 -- retry storm
live_ep_000060_RETRY_STORM,RETRY_STORM,auth-service,42.0,1785988992.553492,WARNING,,WARN retry_cnt=0.81 rps=686 -- retry storm
live_ep_000060_RETRY_STORM,RETRY_STORM,auth-service,42.5,1785988993.0538316,WARNING,,WARN retry_cnt=0.65 rps=592 -- retry storm
live_ep_000060_RETRY_STORM,RETRY_STORM,auth-service,43.0,1785988993.5540092,WARNING,,WARN retry_cnt=0.66 rps=596 -- retry storm
live_ep_000060_RETRY_STORM,RETRY_STORM,auth-service,43.5,1785988994.0545762,WARNING,,WARN retry_cnt=0.80 rps=681 -- retry storm
live_ep_000060_RETRY_STORM,RETRY_STORM,auth-service,44.0,1785988994.5551386,WARNING,,WARN retry_cnt=0.68 rps=608 -- retry storm
live_ep_000060_RETRY_STORM,RETRY_STORM,auth-service,44.5,1785988995.0555267,WARNING,,WARN retry_cnt=0.87 rps=725 -- retry storm
live_ep_000060_RETRY_STORM,RETRY_STORM,auth-service,45.0,1785988995.555993,WARNING,,WARN retry_cnt=0.65 rps=590 -- retry storm
live_ep_000060_RETRY_STORM,RETRY_STORM,auth-service,45.5,1785988996.0561283,WARNING,,WARN retry_cnt=0.54 rps=524 -- retry storm
live_ep_000060_RETRY_STORM,RETRY_STORM,auth-service,46.0,1785988996.5562081,WARNING,,WARN retry_cnt=0.72 rps=632 -- retry storm
live_ep_000060_RETRY_STORM,RETRY_STORM,auth-service,46.5,1785988997.056697,WARNING,,WARN retry_cnt=0.65 rps=593 -- retry storm
live_ep_000060_RETRY_STORM,RETRY_STORM,auth-service,47.0,1785988997.5571358,WARNING,,WARN retry_cnt=0.50 rps=502 -- retry storm
live_ep_000060_RETRY_STORM,RETRY_STORM,auth-service,47.5,1785988998.0572412,WARNING,,WARN retry_cnt=0.67 rps=602 -- retry storm
live_ep_000060_RETRY_STORM,RETRY_STORM,auth-service,48.0,1785988998.557412,WARNING,,WARN retry_cnt=0.53 rps=517 -- retry storm
live_ep_000060_RETRY_STORM,RETRY_STORM,auth-service,48.5,1785988999.0576239,WARNING,,WARN retry_cnt=0.81 rps=683 -- retry storm
live_ep_000060_RETRY_STORM,RETRY_STORM,auth-service,49.0,1785988999.5578945,WARNING,,WARN retry_cnt=0.49 rps=494 -- retry storm
live_ep_000060_RETRY_STORM,RETRY_STORM,auth-service,49.5,1785989000.0583756,WARNING,,WARN retry_cnt=0.62 rps=570 -- retry storm
live_ep_000060_RETRY_STORM,RETRY_STORM,auth-service,50.0,1785989000.5585089,WARNING,,WARN retry_cnt=0.55 rps=528 -- retry storm
live_ep_000060_RETRY_STORM,RETRY_STORM,auth-service,50.5,1785989001.0588567,WARNING,,WARN retry_cnt=0.67 rps=605 -- retry storm
live_ep_000060_RETRY_STORM,RETRY_STORM,auth-service,51.0,1785989001.559499,WARNING,,WARN retry_cnt=0.64 rps=581 -- retry storm
live_ep_000060_RETRY_STORM,RETRY_STORM,auth-service,51.5,1785989002.0599923,WARNING,,WARN retry_cnt=0.59 rps=552 -- retry storm
live_ep_000060_RETRY_STORM,RETRY_STORM,auth-service,52.0,1785989002.5602396,WARNING,,WARN retry_cnt=0.62 rps=573 -- retry storm
live_ep_000060_RETRY_STORM,RETRY_STORM,auth-service,52.5,1785989003.0608594,WARNING,,WARN retry_cnt=0.60 rps=562 -- retry storm
live_ep_000060_RETRY_STORM,RETRY_STORM,auth-service,53.0,1785989003.5611496,WARNING,,WARN retry_cnt=0.60 rps=558 -- retry storm
live_ep_000060_RETRY_STORM,RETRY_STORM,auth-service,53.5,1785989004.0617876,WARNING,,WARN retry_cnt=0.75 rps=651 -- retry storm
live_ep_000060_RETRY_STORM,RETRY_STORM,auth-service,54.0,1785989004.5621963,WARNING,,WARN retry_cnt=0.76 rps=658 -- retry storm
live_ep_000060_RETRY_STORM,RETRY_STORM,auth-service,54.5,1785989005.0627806,WARNING,,WARN retry_cnt=0.57 rps=541 -- retry storm
live_ep_000060_RETRY_STORM,RETRY_STORM,auth-service,55.0,1785989005.5632408,WARNING,,WARN retry_cnt=0.60 rps=558 -- retry storm
live_ep_000060_RETRY_STORM,RETRY_STORM,auth-service,55.5,1785989006.063343,WARNING,,WARN retry_cnt=0.40 rps=440 -- retry storm
live_ep_000060_RETRY_STORM,RETRY_STORM,auth-service,56.0,1785989006.5634055,WARNING,,WARN retry_cnt=0.90 rps=740 -- retry storm
live_ep_000060_RETRY_STORM,RETRY_STORM,auth-service,56.5,1785989007.0639498,WARNING,,WARN retry_cnt=0.72 rps=631 -- retry storm
live_ep_000060_RETRY_STORM,RETRY_STORM,auth-service,57.0,1785989007.5641627,WARNING,,WARN retry_cnt=0.59 rps=555 -- retry storm
live_ep_000060_RETRY_STORM,RETRY_STORM,auth-service,57.5,1785989008.064702,WARNING,,WARN retry_cnt=0.58 rps=549 -- retry storm
live_ep_000060_RETRY_STORM,RETRY_STORM,auth-service,58.0,1785989008.5654142,WARNING,,WARN retry_cnt=0.62 rps=575 -- retry storm
live_ep_000060_RETRY_STORM,RETRY_STORM,auth-service,58.5,1785989009.0654972,WARNING,,WARN retry_cnt=0.70 rps=617 -- retry storm
live_ep_000060_RETRY_STORM,RETRY_STORM,auth-service,59.0,1785989009.5660305,WARNING,,WARN retry_cnt=0.61 rps=566 -- retry storm
live_ep_000060_RETRY_STORM,RETRY_STORM,auth-service,59.5,1785989010.0663972,WARNING,,WARN retry_cnt=0.65 rps=589 -- retry storm
live_ep_000061_NONE,NONE,order-service,0.0,1785989010.568773,INFO,,OK cpu=28% p99=109ms err=0.30%
live_ep_000061_NONE,NONE,order-service,0.5,1785989011.069273,INFO,,OK cpu=32% p99=123ms err=0.91%
live_ep_000061_NONE,NONE,order-service,1.0,1785989011.569657,INFO,,OK cpu=35% p99=111ms err=0.57%
live_ep_000061_NONE,NONE,order-service,1.5,1785989012.0700624,INFO,,OK cpu=34% p99=134ms err=3.30%
live_ep_000061_NONE,NONE,order-service,2.0,1785989012.570595,INFO,,OK cpu=35% p99=115ms err=0.08%
live_ep_000061_NONE,NONE,order-service,2.5,1785989013.0712223,INFO,,OK cpu=25% p99=132ms err=0.19%
live_ep_000061_NONE,NONE,order-service,3.0,1785989013.5715733,INFO,,OK cpu=30% p99=89ms err=0.59%
live_ep_000061_NONE,NONE,order-service,3.5,1785989014.0719342,INFO,,OK cpu=36% p99=103ms err=0.52%
live_ep_000061_NONE,NONE,order-service,4.0,1785989014.5720558,INFO,,OK cpu=34% p99=106ms err=1.02%
live_ep_000061_NONE,NONE,order-service,4.5,1785989015.0723825,INFO,,OK cpu=26% p99=128ms err=0.05%
live_ep_000061_NONE,NONE,order-service,5.0,1785989015.5725152,INFO,,OK cpu=32% p99=111ms err=0.86%
live_ep_000061_NONE,NONE,order-service,5.5,1785989016.0727963,INFO,,OK cpu=34% p99=118ms err=3.11%
live_ep_000061_NONE,NONE,order-service,6.0,1785989016.573109,INFO,,OK cpu=31% p99=122ms err=1.10%
live_ep_000061_NONE,NONE,order-service,6.5,1785989017.0732155,INFO,,OK cpu=40% p99=135ms err=1.41%
live_ep_000061_NONE,NONE,order-service,7.0,1785989017.5734444,INFO,,OK cpu=29% p99=137ms err=0.72%
live_ep_000061_NONE,NONE,order-service,7.5,1785989018.0739763,INFO,,OK cpu=50% p99=102ms err=0.20%
live_ep_000061_NONE,NONE,order-service,8.0,1785989018.5743716,INFO,,OK cpu=35% p99=89ms err=0.61%
live_ep_000061_NONE,NONE,order-service,8.5,1785989019.0746047,INFO,,OK cpu=27% p99=123ms err=1.15%
live_ep_000061_NONE,NONE,order-service,9.0,1785989019.5749447,INFO,,OK cpu=29% p99=109ms err=1.25%
live_ep_000061_NONE,NONE,order-service,9.5,1785989020.0753171,INFO,,OK cpu=32% p99=117ms err=1.92%
live_ep_000061_NONE,NONE,order-service,10.0,1785989020.5756607,INFO,,OK cpu=27% p99=126ms err=1.13%
live_ep_000061_NONE,NONE,order-service,10.5,1785989021.0759013,INFO,,OK cpu=42% p99=133ms err=1.12%
live_ep_000061_NONE,NONE,order-service,11.0,1785989021.5761397,INFO,,OK cpu=46% p99=104ms err=0.95%
live_ep_000061_NONE,NONE,order-service,11.5,1785989022.0763602,INFO,,OK cpu=34% p99=119ms err=0.22%
live_ep_000061_NONE,NONE,order-service,12.0,1785989022.5765288,INFO,,OK cpu=33% p99=119ms err=2.70%
live_ep_000061_NONE,NONE,order-service,12.5,1785989023.076708,INFO,,OK cpu=33% p99=92ms err=0.30%
live_ep_000061_NONE,NONE,order-service,13.0,1785989023.5768862,INFO,,OK cpu=34% p99=104ms err=2.43%
live_ep_000061_NONE,NONE,order-service,13.5,1785989024.077285,INFO,,OK cpu=24% p99=118ms err=0.43%
live_ep_000061_NONE,NONE,order-service,14.0,1785989024.5778184,INFO,,OK cpu=32% p99=130ms err=1.52%
live_ep_000061_NONE,NONE,order-service,14.5,1785989025.0781438,INFO,,OK cpu=39% p99=118ms err=1.89%
live_ep_000061_NONE,NONE,order-service,15.0,1785989025.5786123,INFO,,OK cpu=32% p99=135ms err=1.99%
live_ep_000061_NONE,NONE,order-service,15.5,1785989026.0791419,INFO,,OK cpu=41% p99=112ms err=0.51%
live_ep_000061_NONE,NONE,order-service,16.0,1785989026.5794263,INFO,,OK cpu=31% p99=120ms err=1.35%
live_ep_000061_NONE,NONE,order-service,16.5,1785989027.079894,INFO,,OK cpu=41% p99=110ms err=0.75%
live_ep_000061_NONE,NONE,order-service,17.0,1785989027.5804358,INFO,,OK cpu=36% p99=127ms err=0.20%
live_ep_000061_NONE,NONE,order-service,17.5,1785989028.080765,INFO,,OK cpu=33% p99=110ms err=1.27%
live_ep_000061_NONE,NONE,order-service,18.0,1785989028.5811656,INFO,,OK cpu=28% p99=120ms err=1.81%
live_ep_000061_NONE,NONE,order-service,18.5,1785989029.081279,INFO,,OK cpu=30% p99=125ms err=0.44%
live_ep_000061_NONE,NONE,order-service,19.0,1785989029.5817971,INFO,,OK cpu=34% p99=147ms err=0.31%
live_ep_000061_NONE,NONE,order-service,19.5,1785989030.0819318,INFO,,OK cpu=25% p99=126ms err=1.02%
live_ep_000061_NONE,NONE,order-service,20.0,1785989030.5823963,INFO,,OK cpu=33% p99=130ms err=0.87%
live_ep_000061_NONE,NONE,order-service,20.5,1785989031.0825148,INFO,,OK cpu=35% p99=123ms err=0.73%
live_ep_000061_NONE,NONE,order-service,21.0,1785989031.5826156,INFO,,OK cpu=43% p99=121ms err=0.46%
live_ep_000061_NONE,NONE,order-service,21.5,1785989032.0827656,INFO,,OK cpu=37% p99=121ms err=0.66%
live_ep_000061_NONE,NONE,order-service,22.0,1785989032.5832536,INFO,,OK cpu=45% p99=130ms err=0.32%
live_ep_000061_NONE,NONE,order-service,22.5,1785989033.0836556,INFO,,OK cpu=33% p99=137ms err=0.24%
live_ep_000061_NONE,NONE,order-service,23.0,1785989033.5839882,INFO,,OK cpu=33% p99=105ms err=0.52%
live_ep_000061_NONE,NONE,order-service,23.5,1785989034.0845613,INFO,,OK cpu=39% p99=95ms err=0.36%
live_ep_000061_NONE,NONE,order-service,24.0,1785989034.5848203,INFO,,OK cpu=32% p99=129ms err=0.73%
live_ep_000061_NONE,NONE,order-service,24.5,1785989035.085232,INFO,,OK cpu=37% p99=115ms err=3.38%
live_ep_000061_NONE,NONE,order-service,25.0,1785989035.5858147,INFO,,OK cpu=32% p99=142ms err=1.65%
live_ep_000061_NONE,NONE,order-service,25.5,1785989036.0863242,INFO,,OK cpu=33% p99=114ms err=0.58%
live_ep_000061_NONE,NONE,order-service,26.0,1785989036.5867267,INFO,,OK cpu=37% p99=131ms err=0.69%
live_ep_000061_NONE,NONE,order-service,26.5,1785989037.0868213,INFO,,OK cpu=44% p99=148ms err=0.99%
live_ep_000061_NONE,NONE,order-service,27.0,1785989037.5870476,INFO,,OK cpu=41% p99=114ms err=2.90%
live_ep_000061_NONE,NONE,order-service,27.5,1785989038.0872414,INFO,,OK cpu=31% p99=121ms err=3.44%
live_ep_000061_NONE,NONE,order-service,28.0,1785989038.587313,INFO,,OK cpu=43% p99=126ms err=0.80%
live_ep_000061_NONE,NONE,order-service,28.5,1785989039.0878294,INFO,,OK cpu=31% p99=105ms err=0.87%
live_ep_000061_NONE,NONE,order-service,29.0,1785989039.5880427,INFO,,OK cpu=22% p99=117ms err=0.75%
live_ep_000061_NONE,NONE,order-service,29.5,1785989040.0881505,INFO,,OK cpu=40% p99=121ms err=0.91%
live_ep_000061_NONE,NONE,order-service,30.0,1785989040.5886524,INFO,,OK cpu=20% p99=123ms err=0.62%
live_ep_000061_NONE,NONE,order-service,30.5,1785989041.08888,INFO,,OK cpu=42% p99=96ms err=1.52%
live_ep_000061_NONE,NONE,order-service,31.0,1785989041.5890012,INFO,,OK cpu=32% p99=122ms err=0.71%
live_ep_000061_NONE,NONE,order-service,31.5,1785989042.0895007,INFO,,OK cpu=37% p99=95ms err=0.70%
live_ep_000061_NONE,NONE,order-service,32.0,1785989042.5897675,INFO,,OK cpu=35% p99=115ms err=1.35%
live_ep_000061_NONE,NONE,order-service,32.5,1785989043.0901675,INFO,,OK cpu=36% p99=123ms err=0.64%
live_ep_000061_NONE,NONE,order-service,33.0,1785989043.590353,INFO,,OK cpu=37% p99=130ms err=0.61%
live_ep_000061_NONE,NONE,order-service,33.5,1785989044.09063,INFO,,OK cpu=33% p99=145ms err=1.10%
live_ep_000061_NONE,NONE,order-service,34.0,1785989044.5910838,INFO,,OK cpu=31% p99=117ms err=0.36%
live_ep_000061_NONE,NONE,order-service,34.5,1785989045.0915701,INFO,,OK cpu=43% p99=123ms err=0.57%
