episode_id,failure_mode,service,elapsed_s,timestamp,log_level,exception_type,log_message
live_ep_000025_NONE,NONE,payment-service,0.0,1785951936.789998,INFO,,OK cpu=29% p99=139ms err=0.63%
live_ep_000025_NONE,NONE,payment-service,0.5,1785951937.290511,INFO,,OK cpu=36% p99=129ms err=0.41%
live_ep_000025_NONE,NONE,payment-service,1.0,1785951937.7906275,INFO,,OK cpu=35% p99=150ms err=0.42%
live_ep_000025_NONE,NONE,payment-service,1.5,1785951938.291005,INFO,,OK cpu=32% p99=117ms err=1.41%
live_ep_000025_NONE,NONE,payment-service,2.0,1785951938.7913184,INFO,,OK cpu=36% p99=128ms err=0.78%
live_ep_000025_NONE,NONE,payment-service,2.5,1785951939.291834,INFO,,OK cpu=36% p99=131ms err=0.46%
live_ep_000025_NONE,NONE,payment-service,3.0,1785951939.7922099,INFO,,OK cpu=31% p99=108ms err=0.60%
live_ep_000025_NONE,NONE,payment-service,3.5,1785951940.2927134,INFO,,OK cpu=29% p99=107ms err=1.26%
live_ep_000025_NONE,NONE,payment-service,4.0,1785951940.7932956,INFO,,OK cpu=32% p99=130ms err=1.69%
live_ep_000025_NONE,NONE,payment-service,4.5,1785951941.2938223,INFO,,OK cpu=34% p99=98ms err=3.91%
live_ep_000025_NONE,NONE,payment-service,5.0,1785951941.7939398,INFO,,OK cpu=35% p99=117ms err=1.48%
live_ep_000025_NONE,NONE,payment-service,5.5,1785951942.2940009,INFO,,OK cpu=28% p99=126ms err=0.79%
live_ep_000025_NONE,NONE,payment-service,6.0,1785951942.7944105,INFO,,OK cpu=37% p99=131ms err=2.05%
live_ep_000025_NONE,NONE,payment-service,6.5,1785951943.2949183,INFO,,OK cpu=33% p99=116ms err=1.01%
live_ep_000025_NONE,NONE,payment-service,7.0,1785951943.79503,INFO,,OK cpu=39% p99=115ms err=0.11%
live_ep_000025_NONE,NONE,payment-service,7.5,1785951944.2952492,INFO,,OK cpu=40% p99=111ms err=0.38%
live_ep_000025_NONE,NONE,payment-service,8.0,1785951944.7956932,INFO,,OK cpu=29% p99=127ms err=0.28%
live_ep_000025_NONE,NONE,payment-service,8.5,1785951945.2960813,INFO,,OK cpu=37% p99=116ms err=1.03%
live_ep_000025_NONE,NONE,payment-service,9.0,1785951945.7964365,INFO,,OK cpu=44% p99=129ms err=1.09%
live_ep_000025_NONE,NONE,payment-service,9.5,1785951946.2967017,INFO,,OK cpu=30% p99=108ms err=0.45%
live_ep_000025_NONE,NONE,payment-service,10.0,1785951946.797284,INFO,,OK cpu=38% p99=119ms err=1.36%
live_ep_000025_NONE,NONE,payment-service,10.5,1785951947.2977977,INFO,,OK cpu=37% p99=112ms err=2.49%
live_ep_000025_NONE,NONE,payment-service,11.0,1785951947.798042,INFO,,OK cpu=36% p99=118ms err=0.39%
live_ep_000025_NONE,NONE,payment-service,11.5,1785951948.2982981,INFO,,OK cpu=43% p99=149ms err=0.72%
live_ep_000025_NONE,NONE,payment-service,12.0,1785951948.79846,INFO,,OK cpu=36% p99=98ms err=1.10%
live_ep_000025_NONE,NONE,payment-service,12.5,1785951949.2988343,INFO,,OK cpu=27% p99=113ms err=1.82%
live_ep_000025_NONE,NONE,payment-service,13.0,1785951949.798881,INFO,,OK cpu=31% p99=100ms err=0.84%
live_ep_000025_NONE,NONE,payment-service,13.5,1785951950.2990668,INFO,,OK cpu=34% p99=121ms err=0.57%
live_ep_000025_NONE,NONE,payment-service,14.0,1785951950.7993195,INFO,,OK cpu=38% p99=138ms err=1.05%
live_ep_000025_NONE,NONE,payment-service,14.5,1785951951.299635,INFO,,OK cpu=32% p99=143ms err=1.36%
live_ep_000025_NONE,NONE,payment-service,15.0,1785951951.799861,INFO,,OK cpu=31% p99=137ms err=2.33%
live_ep_000025_NONE,NONE,payment-service,15.5,1785951952.300158,INFO,,OK cpu=40% p99=128ms err=1.22%
live_ep_000025_NONE,NONE,payment-service,16.0,1785951952.8004293,INFO,,OK cpu=31% p99=110ms err=0.80%
live_ep_000025_NONE,NONE,payment-service,16.5,1785951953.3007572,INFO,,OK cpu=37% p99=126ms err=0.70%
live_ep_000025_NONE,NONE,payment-service,17.0,1785951953.8009949,INFO,,OK cpu=33% p99=92ms err=0.37%
live_ep_000025_NONE,NONE,payment-service,17.5,1785951954.3014872,INFO,,OK cpu=35% p99=127ms err=1.19%
live_ep_000025_NONE,NONE,payment-service,18.0,1785951954.8018155,INFO,,OK cpu=32% p99=99ms err=0.45%
live_ep_000025_NONE,NONE,payment-service,18.5,1785951955.3024585,INFO,,OK cpu=23% p99=122ms err=1.89%
live_ep_000025_NONE,NONE,payment-service,19.0,1785951955.8028529,INFO,,OK cpu=35% p99=142ms err=0.14%
live_ep_000025_NONE,NONE,payment-service,19.5,1785951956.3030686,INFO,,OK cpu=37% p99=121ms err=0.27%
live_ep_000025_NONE,NONE,payment-service,20.0,1785951956.8032212,INFO,,OK cpu=33% p99=141ms err=0.79%
live_ep_000025_NONE,NONE,payment-service,20.5,1785951957.3035417,INFO,,OK cpu=29% p99=137ms err=0.72%
live_ep_000025_NONE,NONE,payment-service,21.0,1785951957.8037417,INFO,,OK cpu=34% p99=107ms err=1.25%
live_ep_000025_NONE,NONE,payment-service,21.5,1785951958.3039827,INFO,,OK cpu=36% p99=131ms err=1.02%
live_ep_000025_NONE,NONE,payment-service,22.0,1785951958.8044014,INFO,,OK cpu=44% p99=125ms err=0.62%
live_ep_000025_NONE,NONE,payment-service,22.5,1785951959.3047903,INFO,,OK cpu=26% p99=136ms err=1.10%
live_ep_000025_NONE,NONE,payment-service,23.0,1785951959.8052905,INFO,,OK cpu=34% p99=109ms err=1.71%
live_ep_000025_NONE,NONE,payment-service,23.5,1785951960.3055177,INFO,,OK cpu=29% p99=141ms err=0.78%
live_ep_000025_NONE,NONE,payment-service,24.0,1785951960.8059983,INFO,,OK cpu=35% p99=114ms err=0.44%
live_ep_000025_NONE,NONE,payment-service,24.5,1785951961.3062184,INFO,,OK cpu=44% p99=110ms err=0.14%
live_ep_000025_NONE,NONE,payment-service,25.0,1785951961.8063295,INFO,,OK cpu=37% p99=107ms err=1.77%
live_ep_000025_NONE,NONE,payment-service,25.5,1785951962.3067455,INFO,,OK cpu=37% p99=107ms err=0.33%
live_ep_000025_NONE,NONE,payment-service,26.0,1785951962.8068705,INFO,,OK cpu=40% p99=101ms err=0.56%
live_ep_000025_NONE,NONE,payment-service,26.5,1785951963.3070645,INFO,,OK cpu=32% p99=123ms err=0.40%
live_ep_000025_NONE,NONE,payment-service,27.0,1785951963.8072934,INFO,,OK cpu=42% p99=116ms err=1.08%
live_ep_000025_NONE,NONE,payment-service,27.5,1785951964.3077602,INFO,,OK cpu=32% p99=130ms err=1.34%
live_ep_000025_NONE,NONE,payment-service,28.0,1785951964.8080993,INFO,,OK cpu=33% p99=115ms err=2.28%
live_ep_000025_NONE,NONE,payment-service,28.5,1785951965.30837,INFO,,OK cpu=37% p99=112ms err=0.50%
live_ep_000025_NONE,NONE,payment-service,29.0,1785951965.8088567,INFO,,OK cpu=37% p99=127ms err=0.33%
live_ep_000025_NONE,NONE,payment-service,29.5,1785951966.3093185,INFO,,OK cpu=37% p99=108ms err=1.37%
live_ep_000025_NONE,NONE,payment-service,30.0,1785951966.8096337,INFO,,OK cpu=38% p99=126ms err=0.41%
live_ep_000025_NONE,NONE,payment-service,30.5,1785951967.3100045,INFO,,OK cpu=34% p99=109ms err=0.60%
live_ep_000025_NONE,NONE,payment-service,31.0,1785951967.8103237,INFO,,OK cpu=41% p99=111ms err=0.90%
live_ep_000025_NONE,NONE,payment-service,31.5,1785951968.3104877,INFO,,OK cpu=35% p99=114ms err=0.61%
live_ep_000025_NONE,NONE,payment-service,32.0,1785951968.8106322,INFO,,OK cpu=38% p99=106ms err=0.56%
live_ep_000025_NONE,NONE,payment-service,32.5,1785951969.31096,INFO,,OK cpu=40% p99=111ms err=1.64%
live_ep_000025_NONE,NONE,payment-service,33.0,1785951969.8112576,INFO,,OK cpu=39% p99=147ms err=0.54%
live_ep_000025_NONE,NONE,payment-service,33.5,1785951970.3114204,INFO,,OK cpu=34% p99=107ms err=1.52%
live_ep_000025_NONE,NONE,payment-service,34.0,1785951970.811935,INFO,,OK cpu=36% p99=114ms err=0.71%
live_ep_000025_NONE,NONE,payment-service,34.5,1785951971.3119783,INFO,,OK cpu=34% p99=144ms err=0.47%
live_ep_000025_NONE,NONE,payment-service,35.0,1785951971.8122587,INFO,,OK cpu=30% p99=82ms err=0.14%
live_ep_000025_NONE,NONE,payment-service,35.5,1785951972.3127148,INFO,,OK cpu=43% p99=82ms err=0.46%
live_ep_000025_NONE,NONE,payment-service,36.0,1785951972.8129704,INFO,,OK cpu=40% p99=100ms err=0.71%
live_ep_000025_NONE,NONE,payment-service,36.5,1785951973.3130736,INFO,,OK cpu=38% p99=105ms err=1.00%
live_ep_000025_NONE,NONE,payment-service,37.0,1785951973.813359,INFO,,OK cpu=33% p99=148ms err=0.39%
live_ep_000025_NONE,NONE,payment-service,37.5,1785951974.3136806,INFO,,OK cpu=32% p99=132ms err=1.29%
live_ep_000025_NONE,NONE,payment-service,38.0,1785951974.8141975,INFO,,OK cpu=29% p99=108ms err=1.08%
live_ep_000025_NONE,NONE,payment-service,38.5,1785951975.3149168,INFO,,OK cpu=35% p99=93ms err=0.43%
live_ep_000025_NONE,NONE,payment-service,39.0,1785951975.8152654,INFO,,OK cpu=39% p99=114ms err=0.01%
live_ep_000025_NONE,NONE,payment-service,39.5,1785951976.3153586,INFO,,OK cpu=46% p99=147ms err=0.94%
live_ep_000025_NONE,NONE,payment-service,40.0,1785951976.8154955,INFO,,OK cpu=35% p99=123ms err=0.47%
live_ep_000025_NONE,NONE,payment-service,40.5,1785951977.3157885,INFO,,OK cpu=32% p99=120ms err=0.90%
live_ep_000025_NONE,NONE,payment-service,41.0,1785951977.815906,INFO,,OK cpu=38% p99=110ms err=0.99%
live_ep_000025_NONE,NONE,payment-service,41.5,1785951978.3160393,INFO,,OK cpu=30% p99=128ms err=1.69%
live_ep_000025_NONE,NONE,payment-service,42.0,1785951978.8161101,INFO,,OK cpu=33% p99=129ms err=0.86%
live_ep_000025_NONE,NONE,payment-service,42.5,1785951979.3163748,INFO,,OK cpu=28% p99=109ms err=0.74%
live_ep_000025_NONE,NONE,payment-service,43.0,1785951979.8166811,INFO,,OK cpu=36% p99=129ms err=0.43%
live_ep_000025_NONE,NONE,payment-service,43.5,1785951980.3168314,INFO,,OK cpu=48% p99=135ms err=0.33%
live_ep_000025_NONE,NONE,payment-service,44.0,1785951980.8171918,INFO,,OK cpu=33% p99=125ms err=2.20%
live_ep_000025_NONE,NONE,payment-service,44.5,1785951981.3176556,INFO,,OK cpu=32% p99=108ms err=2.04%
live_ep_000025_NONE,NONE,payment-service,45.0,1785951981.8178256,INFO,,OK cpu=33% p99=117ms err=1.91%
live_ep_000025_NONE,NONE,payment-service,45.5,1785951982.3182838,INFO,,OK cpu=25% p99=126ms err=1.19%
live_ep_000025_NONE,NONE,payment-service,46.0,1785951982.818649,INFO,,OK cpu=42% p99=159ms err=0.84%
live_ep_000025_NONE,NONE,payment-service,46.5,1785951983.3189313,INFO,,OK cpu=28% p99=122ms err=0.75%
live_ep_000025_NONE,NONE,payment-service,47.0,1785951983.8193007,INFO,,OK cpu=41% p99=133ms err=0.25%
live_ep_000025_NONE,NONE,payment-service,47.5,1785951984.31976,INFO,,OK cpu=31% p99=103ms err=2.18%
live_ep_000025_NONE,NONE,payment-service,48.0,1785951984.8201628,INFO,,OK cpu=26% p99=122ms err=0.66%
live_ep_000025_NONE,NONE,payment-service,48.5,1785951985.3203232,INFO,,OK cpu=39% p99=121ms err=0.40%
live_ep_000025_NONE,NONE,payment-service,49.0,1785951985.8206544,INFO,,OK cpu=45% p99=129ms err=0.85%
live_ep_000025_NONE,NONE,payment-service,49.5,1785951986.320828,INFO,,OK cpu=34% p99=158ms err=0.94%
live_ep_000025_NONE,NONE,payment-service,50.0,1785951986.8211572,INFO,,OK cpu=30% p99=122ms err=0.49%
live_ep_000025_NONE,NONE,payment-service,50.5,1785951987.3216193,INFO,,OK cpu=26% p99=127ms err=0.90%
live_ep_000025_NONE,NONE,payment-service,51.0,1785951987.8219953,INFO,,OK cpu=35% p99=100ms err=0.54%
live_ep_000025_NONE,NONE,payment-service,51.5,1785951988.3224995,INFO,,OK cpu=26% p99=118ms err=0.80%
live_ep_000025_NONE,NONE,payment-service,52.0,1785951988.8226013,INFO,,OK cpu=39% p99=92ms err=0.35%
live_ep_000025_NONE,NONE,payment-service,52.5,1785951989.3227737,INFO,,OK cpu=36% p99=147ms err=0.54%
live_ep_000025_NONE,NONE,payment-service,53.0,1785951989.8228788,INFO,,OK cpu=31% p99=128ms err=1.18%
live_ep_000025_NONE,NONE,payment-service,53.5,1785951990.3234122,INFO,,OK cpu=35% p99=95ms err=1.64%
live_ep_000025_NONE,NONE,payment-service,54.0,1785951990.8238568,INFO,,OK cpu=43% p99=127ms err=1.09%
live_ep_000025_NONE,NONE,payment-service,54.5,1785951991.3240423,INFO,,OK cpu=38% p99=114ms err=1.78%
live_ep_000025_NONE,NONE,payment-service,55.0,1785951991.8244026,INFO,,OK cpu=33% p99=114ms err=0.82%
live_ep_000025_NONE,NONE,payment-service,55.5,1785951992.3245444,INFO,,OK cpu=35% p99=148ms err=0.50%
live_ep_000025_NONE,NONE,payment-service,56.0,1785951992.8249037,INFO,,OK cpu=31% p99=119ms err=1.21%
live_ep_000025_NONE,NONE,payment-service,56.5,1785951993.325674,INFO,,OK cpu=37% p99=125ms err=1.24%
live_ep_000025_NONE,NONE,payment-service,57.0,1785951993.8261046,INFO,,OK cpu=27% p99=115ms err=0.36%
live_ep_000025_NONE,NONE,payment-service,57.5,1785951994.3264296,INFO,,OK cpu=37% p99=126ms err=0.48%
live_ep_000025_NONE,NONE,payment-service,58.0,1785951994.826616,INFO,,OK cpu=38% p99=106ms err=0.48%
live_ep_000025_NONE,NONE,payment-service,58.5,1785951995.3267782,INFO,,OK cpu=36% p99=120ms err=0.37%
live_ep_000025_NONE,NONE,payment-service,59.0,1785951995.8269255,INFO,,OK cpu=36% p99=119ms err=1.98%
live_ep_000025_NONE,NONE,payment-service,59.5,1785951996.32737,INFO,,OK cpu=40% p99=123ms err=1.80%
live_ep_000026_MEMORY_LEAK,MEMORY_LEAK,auth-service,0.0,1785951996.8282301,WARNING,,WARN heap=526MB gc_p99=21ms -- memory leak
live_ep_000026_MEMORY_LEAK,MEMORY_LEAK,auth-service,0.5,1785951997.328644,WARNING,,WARN heap=504MB gc_p99=18ms -- memory leak
live_ep_000026_MEMORY_LEAK,MEMORY_LEAK,auth-service,1.0,1785951997.8291214,WARNING,,WARN heap=509MB gc_p99=12ms -- memory leak
live_ep_000026_MEMORY_LEAK,MEMORY_LEAK,auth-service,1.5,1785951998.3291857,WARNING,,WARN heap=519MB gc_p99=15ms -- memory leak
live_ep_000026_MEMORY_LEAK,MEMORY_LEAK,auth-service,2.0,1785951998.8294861,WARNING,,WARN heap=496MB gc_p99=9ms -- memory leak
live_ep_000026_MEMORY_LEAK,MEMORY_LEAK,auth-service,2.5,1785951999.329786,WARNING,,WARN heap=519MB gc_p99=13ms -- memory leak
live_ep_000026_MEMORY_LEAK,MEMORY_LEAK,auth-service,3.0,1785951999.829959,WARNING,,WARN heap=498MB gc_p99=11ms -- memory leak
live_ep_000026_MEMORY_LEAK,MEMORY_LEAK,auth-service,3.5,1785952000.330268,WARNING,,WARN heap=516MB gc_p99=27ms -- memory leak
live_ep_000026_MEMORY_LEAK,MEMORY_LEAK,auth-service,4.0,1785952000.8306766,WARNING,,WARN heap=515MB gc_p99=9ms -- memory leak
live_ep_000026_MEMORY_LEAK,MEMORY_LEAK,auth-service,4.5,1785952001.3309572,WARNING,,WARN heap=510MB gc_p99=16ms -- memory leak
live_ep_000026_MEMORY_LEAK,MEMORY_LEAK,auth-service,5.0,1785952001.8313503,WARNING,,WARN heap=517MB gc_p99=21ms -- memory leak
live_ep_000026_MEMORY_LEAK,MEMORY_LEAK,auth-service,5.5,1785952002.3316689,WARNING,,WARN heap=512MB gc_p99=15ms -- memory leak
live_ep_000026_MEMORY_LEAK,MEMORY_LEAK,auth-service,6.0,1785952002.8320758,WARNING,,WARN heap=523MB gc_p99=18ms -- memory leak
live_ep_000026_MEMORY_LEAK,MEMORY_LEAK,auth-service,6.5,1785952003.337929,WARNING,,WARN heap=502MB gc_p99=21ms -- memory leak
live_ep_000026_MEMORY_LEAK,MEMORY_LEAK,auth-service,7.0,1785952003.8487601,WARNING,,WARN heap=507MB gc_p99=19ms -- memory leak
live_ep_000026_MEMORY_LEAK,MEMORY_LEAK,auth-service,7.5,1785952004.3492866,WARNING,,WARN heap=522MB gc_p99=18ms -- memory leak
live_ep_000026_MEMORY_LEAK,MEMORY_LEAK,auth-service,8.0,1785952004.851843,WARNING,,WARN heap=507MB gc_p99=15ms -- memory leak
live_ep_000026_MEMORY_LEAK,MEMORY_LEAK,auth-service,8.5,1785952005.3557189,WARNING,,WARN heap=513MB gc_p99=11ms -- memory leak
live_ep_000026_MEMORY_LEAK,MEMORY_LEAK,auth-service,9.0,1785952005.8569374,WARNING,,WARN heap=523MB gc_p99=18ms -- memory leak
live_ep_000026_MEMORY_LEAK,MEMORY_LEAK,auth-service,9.5,1785952006.3589458,WARNING,,WARN heap=518MB gc_p99=12ms -- memory leak
live_ep_000026_MEMORY_LEAK,MEMORY_LEAK,auth-service,10.0,1785952006.8591137,WARNING,,WARN heap=524MB gc_p99=28ms -- memory leak
live_ep_000026_MEMORY_LEAK,MEMORY_LEAK,auth-service,10.5,1785952007.3618987,WARNING,,WARN heap=515MB gc_p99=25ms -- memory leak
live_ep_000026_MEMORY_LEAK,MEMORY_LEAK,auth-service,11.0,1785952007.8945773,WARNING,,WARN heap=518MB gc_p99=17ms -- memory leak
live_ep_000026_MEMORY_LEAK,MEMORY_LEAK,auth-service,11.5,1785952008.3965416,WARNING,,WARN heap=513MB gc_p99=21ms -- memory leak
live_ep_000026_MEMORY_LEAK,MEMORY_LEAK,auth-service,12.0,1785952008.898459,WARNING,,WARN heap=515MB gc_p99=13ms -- memory leak
live_ep_000026_MEMORY_LEAK,MEMORY_LEAK,auth-service,12.5,1785952009.4032216,WARNING,,WARN heap=530MB gc_p99=20ms -- memory leak
live_ep_000026_MEMORY_LEAK,MEMORY_LEAK,auth-service,13.0,1785952009.9054365,WARNING,,WARN heap=513MB gc_p99=18ms -- memory leak
live_ep_000026_MEMORY_LEAK,MEMORY_LEAK,auth-service,13.5,1785952010.4057617,WARNING,,WARN heap=518MB gc_p99=23ms -- memory leak
live_ep_000026_MEMORY_LEAK,MEMORY_LEAK,auth-service,14.0,1785952010.9061556,WARNING,,WARN heap=517MB gc_p99=16ms -- memory leak
live_ep_000026_MEMORY_LEAK,MEMORY_LEAK,auth-service,14.5,1785952011.4064555,WARNING,,WARN heap=534MB gc_p99=14ms -- memory leak
live_ep_000026_MEMORY_LEAK,MEMORY_LEAK,auth-service,15.0,1785952011.906617,WARNING,,WARN heap=518MB gc_p99=19ms -- memory leak
live_ep_000026_MEMORY_LEAK,MEMORY_LEAK,auth-service,15.5,1785952012.406927,WARNING,,WARN heap=524MB gc_p99=18ms -- memory leak
live_ep_000026_MEMORY_LEAK,MEMORY_LEAK,auth-service,16.0,1785952012.9073198,WARNING,,WARN heap=518MB gc_p99=19ms -- memory leak
live_ep_000026_MEMORY_LEAK,MEMORY_LEAK,auth-service,16.5,1785952013.4076388,WARNING,,WARN heap=518MB gc_p99=16ms -- memory leak
live_ep_000026_MEMORY_LEAK,MEMORY_LEAK,auth-service,17.0,1785952013.9079642,WARNING,,WARN heap=506MB gc_p99=23ms -- memory leak
live_ep_000026_MEMORY_LEAK,MEMORY_LEAK,auth-service,17.5,1785952014.4081616,WARNING,,WARN heap=524MB gc_p99=12ms -- memory leak
live_ep_000026_MEMORY_LEAK,MEMORY_LEAK,auth-service,18.0,1785952014.9084268,WARNING,,WARN heap=507MB gc_p99=13ms -- memory leak
live_ep_000026_MEMORY_LEAK,MEMORY_LEAK,auth-service,18.5,1785952015.408692,WARNING,,WARN heap=517MB gc_p99=16ms -- memory leak
live_ep_000026_MEMORY_LEAK,MEMORY_LEAK,auth-service,19.0,1785952015.9090407,WARNING,,WARN heap=508MB gc_p99=23ms -- memory leak
live_ep_000026_MEMORY_LEAK,MEMORY_LEAK,auth-service,19.5,1785952016.409369,WARNING,,WARN heap=523MB gc_p99=20ms -- memory leak
live_ep_000026_MEMORY_LEAK,MEMORY_LEAK,auth-service,20.0,1785952016.9100761,WARNING,,WARN heap=517MB gc_p99=21ms -- memory leak
live_ep_000026_MEMORY_LEAK,MEMORY_LEAK,auth-service,20.5,1785952017.4105425,WARNING,,WARN heap=528MB gc_p99=26ms -- memory leak
live_ep_000026_MEMORY_LEAK,MEMORY_LEAK,auth-service,21.0,1785952017.9109888,WARNING,,WARN heap=507MB gc_p99=15ms -- memory leak
live_ep_000026_MEMORY_LEAK,MEMORY_LEAK,auth-service,21.5,1785952018.4114726,WARNING,,WARN heap=530MB gc_p99=23ms -- memory leak
live_ep_000026_MEMORY_LEAK,MEMORY_LEAK,auth-service,22.0,1785952018.911516,WARNING,,WARN heap=530MB gc_p99=15ms -- memory leak
live_ep_000026_MEMORY_LEAK,MEMORY_LEAK,auth-service,22.5,1785952019.4116843,WARNING,,WARN heap=512MB gc_p99=13ms -- memory leak
live_ep_000026_MEMORY_LEAK,MEMORY_LEAK,auth-service,23.0,1785952019.9118345,WARNING,,WARN heap=522MB gc_p99=20ms -- memory leak
live_ep_000026_MEMORY_LEAK,MEMORY_LEAK,auth-service,23.5,1785952020.412214,WARNING,,WARN heap=523MB gc_p99=12ms -- memory leak
live_ep_000026_MEMORY_LEAK,MEMORY_LEAK,auth-service,24.0,1785952020.912564,WARNING,,WARN heap=515MB gc_p99=18ms -- memory leak
live_ep_000026_MEMORY_LEAK,MEMORY_LEAK,auth-service,24.5,1785952021.4127169,WARNING,,WARN heap=523MB gc_p99=19ms -- memory leak
live_ep_000026_MEMORY_LEAK,MEMORY_LEAK,auth-service,25.0,1785952021.9132447,WARNING,,WARN heap=504MB gc_p99=16ms -- memory leak
live_ep_000026_MEMORY_LEAK,MEMORY_LEAK,auth-service,25.5,1785952022.413344,WARNING,,WARN heap=509MB gc_p99=18ms -- memory leak
live_ep_000026_MEMORY_LEAK,MEMORY_LEAK,auth-service,26.0,1785952022.9135523,WARNING,,WARN heap=523MB gc_p99=40ms -- memory leak
live_ep_000026_MEMORY_LEAK,MEMORY_LEAK,auth-service,26.5,1785952023.414121,WARNING,,WARN heap=505MB gc_p99=11ms -- memory leak
live_ep_000026_MEMORY_LEAK,MEMORY_LEAK,auth-service,27.0,1785952023.9143016,WARNING,,WARN heap=496MB gc_p99=16ms -- memory leak
live_ep_000026_MEMORY_LEAK,MEMORY_LEAK,auth-service,27.5,1785952024.414781,WARNING,,WARN heap=520MB gc_p99=19ms -- memory leak
live_ep_000026_MEMORY_LEAK,MEMORY_LEAK,auth-service,28.0,1785952024.9151962,WARNING,,WARN heap=515MB gc_p99=16ms -- memory leak
live_ep_000026_MEMORY_LEAK,MEMORY_LEAK,auth-service,28.5,1785952025.415569,WARNING,,WARN heap=512MB gc_p99=18ms -- memory leak
live_ep_000026_MEMORY_LEAK,MEMORY_LEAK,auth-service,29.0,1785952025.9158063,WARNING,,WARN heap=511MB gc_p99=13ms -- memory leak
live_ep_000026_MEMORY_LEAK,MEMORY_LEAK,auth-service,29.5,1785952026.4163535,WARNING,,WARN heap=515MB gc_p99=10ms -- memory leak
live_ep_000026_MEMORY_LEAK,MEMORY_LEAK,auth-service,30.0,1785952026.9167523,WARNING,,WARN heap=513MB gc_p99=14ms -- memory leak
live_ep_000026_MEMORY_LEAK,MEMORY_LEAK,auth-service,30.5,1785952027.4173276,WARNING,,WARN heap=529MB gc_p99=15ms -- memory leak
live_ep_000026_MEMORY_LEAK,MEMORY_LEAK,auth-service,31.0,1785952027.918051,WARNING,,WARN heap=516MB gc_p99=12ms -- memory leak
live_ep_000026_MEMORY_LEAK,MEMORY_LEAK,auth-service,31.5,1785952028.4182482,WARNING,,WARN heap=523MB gc_p99=24ms -- memory leak
live_ep_000026_MEMORY_LEAK,MEMORY_LEAK,auth-service,32.0,1785952028.9184263,WARNING,,WARN heap=515MB gc_p99=22ms -- memory leak
live_ep_000026_MEMORY_LEAK,MEMORY_LEAK,auth-service,32.5,1785952029.4189775,WARNING,,WARN heap=514MB gc_p99=17ms -- memory leak
live_ep_000026_MEMORY_LEAK,MEMORY_LEAK,auth-service,33.0,1785952029.9193802,WARNING,,WARN heap=518MB gc_p99=16ms -- memory leak
live_ep_000026_MEMORY_LEAK,MEMORY_LEAK,auth-service,33.5,1785952030.4197483,WARNING,,WARN heap=521MB gc_p99=20ms -- memory leak
live_ep_000026_MEMORY_LEAK,MEMORY_LEAK,auth-service,34.0,1785952030.9202318,WARNING,,WARN heap=523MB gc_p99=29ms -- memory leak
live_ep_000026_MEMORY_LEAK,MEMORY_LEAK,auth-service,34.5,1785952031.4204557,WARNING,,WARN heap=524MB gc_p99=11ms -- memory leak
live_ep_000026_MEMORY_LEAK,MEMORY_LEAK,auth-service,35.0,1785952031.9207346,WARNING,,WARN heap=510MB gc_p99=24ms -- memory leak
live_ep_000026_MEMORY_LEAK,MEMORY_LEAK,auth-service,35.5,1785952032.421077,WARNING,,WARN heap=504MB gc_p99=13ms -- memory leak
live_ep_000026_MEMORY_LEAK,MEMORY_LEAK,auth-service,36.0,1785952032.9214709,WARNING,,WARN heap=511MB gc_p99=17ms -- memory leak
live_ep_000026_MEMORY_LEAK,MEMORY_LEAK,auth-service,36.5,1785952033.4217181,WARNING,,WARN heap=512MB gc_p99=17ms -- memory leak
live_ep_000026_MEMORY_LEAK,MEMORY_LEAK,auth-service,37.0,1785952033.9218895,WARNING,,WARN heap=526MB gc_p99=23ms -- memory leak
live_ep_000026_MEMORY_LEAK,MEMORY_LEAK,auth-service,37.5,1785952034.4221838,WARNING,,WARN heap=521MB gc_p99=20ms -- memory leak
live_ep_000026_MEMORY_LEAK,MEMORY_LEAK,auth-service,38.0,1785952034.922417,WARNING,,WARN heap=526MB gc_p99=15ms -- memory leak
live_ep_000026_MEMORY_LEAK,MEMORY_LEAK,auth-service,38.5,1785952035.422889,WARNING,,WARN heap=523MB gc_p99=25ms -- memory leak
live_ep_000026_MEMORY_LEAK,MEMORY_LEAK,auth-service,39.0,1785952035.9231093,WARNING,,WARN heap=521MB gc_p99=25ms -- memory leak
live_ep_000026_MEMORY_LEAK,MEMORY_LEAK,auth-service,39.5,1785952036.423323,WARNING,,WARN heap=522MB gc_p99=20ms -- memory leak
live_ep_000026_MEMORY_LEAK,MEMORY_LEAK,auth-service,40.0,1785952036.923794,WARNING,,WARN heap=524MB gc_p99=31ms -- memory leak
live_ep_000026_MEMORY_LEAK,MEMORY_LEAK,auth-service,40.5,1785952037.4241254,WARNING,,WARN heap=526MB gc_p99=27ms -- memory leak
live_ep_000026_MEMORY_LEAK,MEMORY_LEAK,auth-service,41.0,1785952037.924517,WARNING,,WARN heap=508MB gc_p99=12ms -- memory leak
live_ep_000026_MEMORY_LEAK,MEMORY_LEAK,auth-service,41.5,1785952038.4245698,WARNING,,WARN heap=526MB gc_p99=21ms -- memory leak
live_ep_000026_MEMORY_LEAK,MEMORY_LEAK,auth-service,42.0,1785952038.924889,WARNING,,WARN heap=525MB gc_p99=32ms -- memory leak
live_ep_000026_MEMORY_LEAK,MEMORY_LEAK,auth-service,42.5,1785952039.424978,WARNING,,WARN heap=510MB gc_p99=11ms -- memory leak
live_ep_000026_MEMORY_LEAK,MEMORY_LEAK,auth-service,43.0,1785952039.925237,WARNING,,WARN heap=511MB gc_p99=12ms -- memory leak
live_ep_000026_MEMORY_LEAK,MEMORY_LEAK,auth-service,43.5,1785952040.4254453,WARNING,,WARN heap=525MB gc_p99=20ms -- memory leak
live_ep_000026_MEMORY_LEAK,MEMORY_LEAK,auth-service,44.0,1785952040.9260814,WARNING,,WARN heap=524MB gc_p99=17ms -- memory leak
live_ep_000026_MEMORY_LEAK,MEMORY_LEAK,auth-service,44.5,1785952041.426363,WARNING,,WARN heap=526MB gc_p99=28ms -- memory leak
live_ep_000026_MEMORY_LEAK,MEMORY_LEAK,auth-service,45.0,1785952041.927024,WARNING,,WARN heap=511MB gc_p99=24ms -- memory leak
live_ep_000026_MEMORY_LEAK,MEMORY_LEAK,auth-service,45.5,1785952042.4275548,WARNING,,WARN heap=522MB gc_p99=12ms -- memory leak
live_ep_000026_MEMORY_LEAK,MEMORY_LEAK,auth-service,46.0,1785952042.9281425,WARNING,,WARN heap=531MB gc_p99=22ms -- memory leak
live_ep_000026_MEMORY_LEAK,MEMORY_LEAK,auth-service,46.5,1785952043.430122,WARNING,,WARN heap=527MB gc_p99=23ms -- memory leak
live_ep_000026_MEMORY_LEAK,MEMORY_LEAK,auth-service,47.0,1785952043.930454,WARNING,,WARN heap=509MB gc_p99=16ms -- memory leak
live_ep_000026_MEMORY_LEAK,MEMORY_LEAK,auth-service,47.5,1785952044.4308572,WARNING,,WARN heap=519MB gc_p99=16ms -- memory leak
live_ep_000026_MEMORY_LEAK,MEMORY_LEAK,auth-service,48.0,1785952044.9310622,WARNING,,WARN heap=525MB gc_p99=21ms -- memory leak
live_ep_000026_MEMORY_LEAK,MEMORY_LEAK,auth-service,48.5,1785952045.4311626,WARNING,,WARN heap=515MB gc_p99=23ms -- memory leak
live_ep_000026_MEMORY_LEAK,MEMORY_LEAK,auth-service,49.0,1785952045.931553,WARNING,,WARN heap=537MB gc_p99=23ms -- memory leak
live_ep_000026_MEMORY_LEAK,MEMORY_LEAK,auth-service,49.5,1785952046.4318357,WARNING,,WARN heap=525MB gc_p99=38ms -- memory leak
live_ep_000026_MEMORY_LEAK,MEMORY_LEAK,auth-service,50.0,1785952046.9320712,WARNING,,WARN heap=524MB gc_p99=15ms -- memory leak
live_ep_000026_MEMORY_LEAK,MEMORY_LEAK,auth-service,50.5,1785952047.432571,WARNING,,WARN heap=516MB gc_p99=15ms -- memory leak
live_ep_000026_MEMORY_LEAK,MEMORY_LEAK,auth-service,51.0,1785952047.9327605,WARNING,,WARN heap=524MB gc_p99=24ms -- memory leak
live_ep_000026_MEMORY_LEAK,MEMORY_LEAK,auth-service,51.5,1785952048.4328866,WARNING,,WARN heap=515MB gc_p99=13ms -- memory leak
live_ep_000026_MEMORY_LEAK,MEMORY_LEAK,auth-service,52.0,1785952048.9330552,WARNING,,WARN heap=528MB gc_p99=28ms -- memory leak
live_ep_000026_MEMORY_LEAK,MEMORY_LEAK,auth-service,52.5,1785952049.4336042,WARNING,,WARN heap=520MB gc_p99=15ms -- memory leak
live_ep_000026_MEMORY_LEAK,MEMORY_LEAK,auth-service,53.0,1785952049.9340115,WARNING,,WARN heap=521MB gc_p99=26ms -- memory leak
live_ep_000026_MEMORY_LEAK,MEMORY_LEAK,auth-service,53.5,1785952050.4343958,WARNING,,WARN heap=521MB gc_p99=14ms -- memory leak
live_ep_000026_MEMORY_LEAK,MEMORY_LEAK,auth-service,54.0,1785952050.9349544,WARNING,,WARN heap=514MB gc_p99=13ms -- memory leak
live_ep_000026_MEMORY_LEAK,MEMORY_LEAK,auth-service,54.5,1785952051.4350097,WARNING,,WARN heap=531MB gc_p99=25ms -- memory leak
live_ep_000026_MEMORY_LEAK,MEMORY_LEAK,auth-service,55.0,1785952051.935164,WARNING,,WARN heap=520MB gc_p99=12ms -- memory leak
live_ep_000026_MEMORY_LEAK,MEMORY_LEAK,auth-service,55.5,1785952052.4356508,WARNING,,WARN heap=519MB gc_p99=13ms -- memory leak
live_ep_000026_MEMORY_LEAK,MEMORY_LEAK,auth-service,56.0,1785952052.935768,WARNING,,WARN heap=522MB gc_p99=27ms -- memory leak
live_ep_000026_MEMORY_LEAK,MEMORY_LEAK,auth-service,56.5,1785952053.4362118,WARNING,,WARN heap=528MB gc_p99=14ms -- memory leak
live_ep_000026_MEMORY_LEAK,MEMORY_LEAK,auth-service,57.0,1785952053.9364283,WARNING,,WARN heap=530MB gc_p99=29ms -- memory leak
live_ep_000026_MEMORY_LEAK,MEMORY_LEAK,auth-service,57.5,1785952054.4366348,WARNING,,WARN heap=520MB gc_p99=14ms -- memory leak
live_ep_000026_MEMORY_LEAK,MEMORY_LEAK,auth-service,58.0,1785952054.936761,WARNING,,WARN heap=516MB gc_p99=12ms -- memory leak
live_ep_000026_MEMORY_LEAK,MEMORY_LEAK,auth-service,58.5,1785952055.4372296,WARNING,,WARN heap=528MB gc_p99=24ms -- memory leak
live_ep_000026_MEMORY_LEAK,MEMORY_LEAK,auth-service,59.0,1785952055.9377747,WARNING,,WARN heap=516MB gc_p99=26ms -- memory leak
live_ep_000026_MEMORY_LEAK,MEMORY_LEAK,auth-service,59.5,1785952056.4380817,WARNING,,WARN heap=533MB gc_p99=34ms -- memory leak
live_ep_000027_CPU_SATURATION,CPU_SATURATION,order-service,0.0,1785952056.9389982,WARNING,,WARN cpu=38% -- saturated p99=150ms
live_ep_000027_CPU_SATURATION,CPU_SATURATION,order-service,0.5,1785952057.4392474,WARNING,,WARN cpu=34% -- saturated p99=116ms
live_ep_000027_CPU_SATURATION,CPU_SATURATION,order-service,1.0,1785952057.9400108,WARNING,,WARN cpu=79% -- saturated p99=299ms
live_ep_000027_CPU_SATURATION,CPU_SATURATION,order-service,1.5,1785952058.4401093,WARNING,,WARN cpu=87% -- saturated p99=358ms
live_ep_000027_CPU_SATURATION,CPU_SATURATION,order-service,2.0,1785952058.9414372,WARNING,,WARN cpu=90% -- saturated p99=347ms
live_ep_000027_CPU_SATURATION,CPU_SATURATION,order-service,2.5,1785952059.4416335,WARNING,,WARN cpu=92% -- saturated p99=379ms
live_ep_000027_CPU_SATURATION,CPU_SATURATION,order-service,3.0,1785952059.9418442,WARNING,,WARN cpu=89% -- saturated p99=372ms
live_ep_000027_CPU_SATURATION,CPU_SATURATION,order-service,3.5,1785952060.4419854,WARNING,,WARN cpu=94% -- saturated p99=335ms
live_ep_000027_CPU_SATURATION,CPU_SATURATION,order-service,4.0,1785952060.942678,WARNING,,WARN cpu=95% -- saturated p99=388ms
live_ep_000027_CPU_SATURATION,CPU_SATURATION,order-service,4.5,1785952061.4431179,WARNING,,WARN cpu=92% -- saturated p99=372ms
live_ep_000027_CPU_SATURATION,CPU_SATURATION,order-service,5.0,1785952061.9436696,WARNING,,WARN cpu=83% -- saturated p99=327ms
live_ep_000027_CPU_SATURATION,CPU_SATURATION,order-service,5.5,1785952062.4440258,WARNING,,WARN cpu=91% -- saturated p99=374ms
live_ep_000027_CPU_SATURATION,CPU_SATURATION,order-service,6.0,1785952062.9441764,WARNING,,WARN cpu=95% -- saturated p99=380ms
live_ep_000027_CPU_SATURATION,CPU_SATURATION,order-service,6.5,1785952063.4486883,WARNING,,WARN cpu=84% -- saturated p99=301ms
live_ep_000027_CPU_SATURATION,CPU_SATURATION,order-service,7.0,1785952063.9489212,WARNING,,WARN cpu=88% -- saturated p99=348ms
live_ep_000027_CPU_SATURATION,CPU_SATURATION,order-service,7.5,1785952064.4494014,WARNING,,WARN cpu=87% -- saturated p99=340ms
live_ep_000027_CPU_SATURATION,CPU_SATURATION,order-service,8.0,1785952064.9496117,WARNING,,WARN cpu=89% -- saturated p99=379ms
live_ep_000027_CPU_SATURATION,CPU_SATURATION,order-service,8.5,1785952065.4499788,WARNING,,WARN cpu=87% -- saturated p99=385ms
live_ep_000027_CPU_SATURATION,CPU_SATURATION,order-service,9.0,1785952065.950414,WARNING,,WARN cpu=85% -- saturated p99=303ms
live_ep_000027_CPU_SATURATION,CPU_SATURATION,order-service,9.5,1785952066.4508927,WARNING,,WARN cpu=89% -- saturated p99=301ms
live_ep_000027_CPU_SATURATION,CPU_SATURATION,order-service,10.0,1785952066.9511604,WARNING,,WARN cpu=90% -- saturated p99=350ms
live_ep_000027_CPU_SATURATION,CPU_SATURATION,order-service,10.5,1785952067.451643,WARNING,,WARN cpu=81% -- saturated p99=280ms
live_ep_000027_CPU_SATURATION,CPU_SATURATION,order-service,11.0,1785952067.9520967,WARNING,,WARN cpu=95% -- saturated p99=387ms
live_ep_000027_CPU_SATURATION,CPU_SATURATION,order-service,11.5,1785952068.452189,WARNING,,WARN cpu=79% -- saturated p99=234ms
live_ep_000027_CPU_SATURATION,CPU_SATURATION,order-service,12.0,1785952068.9524183,WARNING,,WARN cpu=79% -- saturated p99=282ms
live_ep_000027_CPU_SATURATION,CPU_SATURATION,order-service,12.5,1785952069.4631987,WARNING,,WARN cpu=91% -- saturated p99=380ms
live_ep_000027_CPU_SATURATION,CPU_SATURATION,order-service,13.0,1785952069.9635823,WARNING,,WARN cpu=84% -- saturated p99=337ms
live_ep_000027_CPU_SATURATION,CPU_SATURATION,order-service,13.5,1785952070.464488,WARNING,,WARN cpu=85% -- saturated p99=270ms
live_ep_000027_CPU_SATURATION,CPU_SATURATION,order-service,14.0,1785952070.9648206,WARNING,,WARN cpu=92% -- saturated p99=346ms
live_ep_000027_CPU_SATURATION,CPU_SATURATION,order-service,14.5,1785952071.465032,WARNING,,WARN cpu=92% -- saturated p99=402ms
live_ep_000027_CPU_SATURATION,CPU_SATURATION,order-service,15.0,1785952071.9652193,WARNING,,WARN cpu=89% -- saturated p99=297ms
live_ep_000027_CPU_SATURATION,CPU_SATURATION,order-service,15.5,1785952072.4658139,WARNING,,WARN cpu=91% -- saturated p99=359ms
live_ep_000027_CPU_SATURATION,CPU_SATURATION,order-service,16.0,1785952072.9662561,WARNING,,WARN cpu=87% -- saturated p99=320ms
live_ep_000027_CPU_SATURATION,CPU_SATURATION,order-service,16.5,1785952073.466833,WARNING,,WARN cpu=82% -- saturated p99=335ms
live_ep_000027_CPU_SATURATION,CPU_SATURATION,order-service,17.0,1785952073.9673157,WARNING,,WARN cpu=87% -- saturated p99=310ms
live_ep_000027_CPU_SATURATION,CPU_SATURATION,order-service,17.5,1785952074.4683118,WARNING,,WARN cpu=79% -- saturated p99=284ms
live_ep_000027_CPU_SATURATION,CPU_SATURATION,order-service,18.0,1785952074.9686208,WARNING,,WARN cpu=82% -- saturated p99=325ms
live_ep_000027_CPU_SATURATION,CPU_SATURATION,order-service,18.5,1785952075.4690504,WARNING,,WARN cpu=89% -- saturated p99=381ms
live_ep_000027_CPU_SATURATION,CPU_SATURATION,order-service,19.0,1785952075.969263,WARNING,,WARN cpu=86% -- saturated p99=309ms
live_ep_000027_CPU_SATURATION,CPU_SATURATION,order-service,19.5,1785952076.469634,WARNING,,WARN cpu=93% -- saturated p99=380ms
live_ep_000027_CPU_SATURATION,CPU_SATURATION,order-service,20.0,1785952076.9702067,WARNING,,WARN cpu=93% -- saturated p99=406ms
live_ep_000027_CPU_SATURATION,CPU_SATURATION,order-service,20.5,1785952077.4715543,WARNING,,WARN cpu=88% -- saturated p99=379ms
live_ep_000027_CPU_SATURATION,CPU_SATURATION,order-service,21.0,1785952077.9716828,WARNING,,WARN cpu=93% -- saturated p99=414ms
live_ep_000027_CPU_SATURATION,CPU_SATURATION,order-service,21.5,1785952078.4721646,WARNING,,WARN cpu=86% -- saturated p99=337ms
live_ep_000027_CPU_SATURATION,CPU_SATURATION,order-service,22.0,1785952078.9723442,WARNING,,WARN cpu=85% -- saturated p99=291ms
live_ep_000027_CPU_SATURATION,CPU_SATURATION,order-service,22.5,1785952079.4727347,WARNING,,WARN cpu=87% -- saturated p99=330ms
live_ep_000027_CPU_SATURATION,CPU_SATURATION,order-service,23.0,1785952079.973162,WARNING,,WARN cpu=83% -- saturated p99=312ms
live_ep_000027_CPU_SATURATION,CPU_SATURATION,order-service,23.5,1785952080.47371,WARNING,,WARN cpu=92% -- saturated p99=365ms
live_ep_000027_CPU_SATURATION,CPU_SATURATION,order-service,24.0,1785952080.9740715,WARNING,,WARN cpu=92% -- saturated p99=374ms
live_ep_000027_CPU_SATURATION,CPU_SATURATION,order-service,24.5,1785952081.474132,WARNING,,WARN cpu=89% -- saturated p99=395ms
live_ep_000027_CPU_SATURATION,CPU_SATURATION,order-service,25.0,1785952081.974671,WARNING,,WARN cpu=78% -- saturated p99=246ms
live_ep_000027_CPU_SATURATION,CPU_SATURATION,order-service,25.5,1785952082.480164,WARNING,,WARN cpu=90% -- saturated p99=301ms
live_ep_000027_CPU_SATURATION,CPU_SATURATION,order-service,26.0,1785952082.980266,WARNING,,WARN cpu=95% -- saturated p99=393ms
live_ep_000027_CPU_SATURATION,CPU_SATURATION,order-service,26.5,1785952083.4804113,WARNING,,WARN cpu=91% -- saturated p99=359ms
live_ep_000027_CPU_SATURATION,CPU_SATURATION,order-service,27.0,1785952083.980754,WARNING,,WARN cpu=94% -- saturated p99=379ms
live_ep_000027_CPU_SATURATION,CPU_SATURATION,order-service,27.5,1785952084.480966,WARNING,,WARN cpu=88% -- saturated p99=360ms
live_ep_000027_CPU_SATURATION,CPU_SATURATION,order-service,28.0,1785952084.9811401,WARNING,,WARN cpu=86% -- saturated p99=321ms
live_ep_000027_CPU_SATURATION,CPU_SATURATION,order-service,28.5,1785952085.4830627,WARNING,,WARN cpu=90% -- saturated p99=345ms
live_ep_000027_CPU_SATURATION,CPU_SATURATION,order-service,29.0,1785952085.9834745,WARNING,,WARN cpu=94% -- saturated p99=420ms
live_ep_000027_CPU_SATURATION,CPU_SATURATION,order-service,29.5,1785952086.483902,WARNING,,WARN cpu=93% -- saturated p99=368ms
live_ep_000027_CPU_SATURATION,CPU_SATURATION,order-service,30.0,1785952086.9841583,WARNING,,WARN cpu=85% -- saturated p99=354ms
live_ep_000027_CPU_SATURATION,CPU_SATURATION,order-service,30.5,1785952087.4845357,WARNING,,WARN cpu=85% -- saturated p99=284ms
live_ep_000027_CPU_SATURATION,CPU_SATURATION,order-service,31.0,1785952087.9846601,WARNING,,WARN cpu=93% -- saturated p99=405ms
live_ep_000027_CPU_SATURATION,CPU_SATURATION,order-service,31.5,1785952088.4852345,WARNING,,WARN cpu=89% -- saturated p99=372ms
live_ep_000027_CPU_SATURATION,CPU_SATURATION,order-service,32.0,1785952088.98576,WARNING,,WARN cpu=90% -- saturated p99=353ms
live_ep_000027_CPU_SATURATION,CPU_SATURATION,order-service,32.5,1785952089.4861958,WARNING,,WARN cpu=92% -- saturated p99=350ms
live_ep_000027_CPU_SATURATION,CPU_SATURATION,order-service,33.0,1785952089.986635,WARNING,,WARN cpu=86% -- saturated p99=273ms
live_ep_000027_CPU_SATURATION,CPU_SATURATION,order-service,33.5,1785952090.4870715,WARNING,,WARN cpu=85% -- saturated p99=361ms
live_ep_000027_CPU_SATURATION,CPU_SATURATION,order-service,34.0,1785952090.987587,WARNING,,WARN cpu=89% -- saturated p99=338ms
live_ep_000027_CPU_SATURATION,CPU_SATURATION,order-service,34.5,1785952091.487669,WARNING,,WARN cpu=87% -- saturated p99=333ms
live_ep_000027_CPU_SATURATION,CPU_SATURATION,order-service,35.0,1785952091.98812,WARNING,,WARN cpu=83% -- saturated p99=314ms
live_ep_000027_CPU_SATURATION,CPU_SATURATION,order-service,35.5,1785952092.488177,WARNING,,WARN cpu=84% -- saturated p99=306ms
live_ep_000027_CPU_SATURATION,CPU_SATURATION,order-service,36.0,1785952092.9885852,WARNING,,WARN cpu=89% -- saturated p99=284ms
live_ep_000027_CPU_SATURATION,CPU_SATURATION,order-service,36.5,1785952093.4953895,WARNING,,WARN cpu=87% -- saturated p99=307ms
live_ep_000027_CPU_SATURATION,CPU_SATURATION,order-service,37.0,1785952093.995917,WARNING,,WARN cpu=89% -- saturated p99=331ms
live_ep_000027_CPU_SATURATION,CPU_SATURATION,order-service,37.5,1785952094.4961255,WARNING,,WARN cpu=88% -- saturated p99=387ms
live_ep_000027_CPU_SATURATION,CPU_SATURATION,order-service,38.0,1785952094.9963653,WARNING,,WARN cpu=97% -- saturated p99=448ms
live_ep_000027_CPU_SATURATION,CPU_SATURATION,order-service,38.5,1785952095.4970307,WARNING,,WARN cpu=87% -- saturated p99=280ms
live_ep_000027_CPU_SATURATION,CPU_SATURATION,order-service,39.0,1785952095.9972825,WARNING,,WARN cpu=78% -- saturated p99=255ms
live_ep_000027_CPU_SATURATION,CPU_SATURATION,order-service,39.5,1785952096.4976518,WARNING,,WARN cpu=85% -- saturated p99=323ms
live_ep_000027_CPU_SATURATION,CPU_SATURATION,order-service,40.0,1785952096.9980338,WARNING,,WARN cpu=95% -- saturated p99=394ms
live_ep_000027_CPU_SATURATION,CPU_SATURATION,order-service,40.5,1785952097.4981992,WARNING,,WARN cpu=88% -- saturated p99=350ms
live_ep_000027_CPU_SATURATION,CPU_SATURATION,order-service,41.0,1785952097.9988039,WARNING,,WARN cpu=86% -- saturated p99=325ms
live_ep_000027_CPU_SATURATION,CPU_SATURATION,order-service,41.5,1785952098.498875,WARNING,,WARN cpu=81% -- saturated p99=241ms
live_ep_000027_CPU_SATURATION,CPU_SATURATION,order-service,42.0,1785952098.9989233,WARNING,,WARN cpu=81% -- saturated p99=306ms
live_ep_000027_CPU_SATURATION,CPU_SATURATION,order-service,42.5,1785952099.4990752,WARNING,,WARN cpu=87% -- saturated p99=298ms
live_ep_000027_CPU_SATURATION,CPU_SATURATION,order-service,43.0,1785952099.9995165,WARNING,,WARN cpu=86% -- saturated p99=323ms
live_ep_000027_CPU_SATURATION,CPU_SATURATION,order-service,43.5,1785952100.4997904,WARNING,,WARN cpu=85% -- saturated p99=318ms
live_ep_000027_CPU_SATURATION,CPU_SATURATION,order-service,44.0,1785952100.9999175,WARNING,,WARN cpu=88% -- saturated p99=362ms
live_ep_000027_CPU_SATURATION,CPU_SATURATION,order-service,44.5,1785952101.5001273,WARNING,,WARN cpu=87% -- saturated p99=347ms
live_ep_000027_CPU_SATURATION,CPU_SATURATION,order-service,45.0,1785952102.0003521,WARNING,,WARN cpu=95% -- saturated p99=450ms
live_ep_000027_CPU_SATURATION,CPU_SATURATION,order-service,45.5,1785952102.5005562,WARNING,,WARN cpu=88% -- saturated p99=346ms
live_ep_000027_CPU_SATURATION,CPU_SATURATION,order-service,46.0,1785952103.000961,WARNING,,WARN cpu=87% -- saturated p99=327ms
live_ep_000027_CPU_SATURATION,CPU_SATURATION,order-service,46.5,1785952103.5014606,WARNING,,WARN cpu=86% -- saturated p99=399ms
live_ep_000027_CPU_SATURATION,CPU_SATURATION,order-service,47.0,1785952104.0016928,WARNING,,WARN cpu=91% -- saturated p99=348ms
live_ep_000027_CPU_SATURATION,CPU_SATURATION,order-service,47.5,1785952104.5121305,WARNING,,WARN cpu=94% -- saturated p99=401ms
live_ep_000027_CPU_SATURATION,CPU_SATURATION,order-service,48.0,1785952105.0126014,WARNING,,WARN cpu=88% -- saturated p99=285ms
live_ep_000027_CPU_SATURATION,CPU_SATURATION,order-service,48.5,1785952105.5127795,WARNING,,WARN cpu=84% -- saturated p99=343ms
live_ep_000027_CPU_SATURATION,CPU_SATURATION,order-service,49.0,1785952106.0130284,WARNING,,WARN cpu=85% -- saturated p99=292ms
live_ep_000027_CPU_SATURATION,CPU_SATURATION,order-service,49.5,1785952106.5133557,WARNING,,WARN cpu=86% -- saturated p99=314ms
live_ep_000027_CPU_SATURATION,CPU_SATURATION,order-service,50.0,1785952107.0136874,WARNING,,WARN cpu=87% -- saturated p99=282ms
live_ep_000027_CPU_SATURATION,CPU_SATURATION,order-service,50.5,1785952107.5140781,WARNING,,WARN cpu=88% -- saturated p99=337ms
live_ep_000027_CPU_SATURATION,CPU_SATURATION,order-service,51.0,1785952108.0143766,WARNING,,WARN cpu=88% -- saturated p99=314ms
live_ep_000027_CPU_SATURATION,CPU_SATURATION,order-service,51.5,1785952108.5147054,WARNING,,WARN cpu=99% -- saturated p99=452ms
live_ep_000027_CPU_SATURATION,CPU_SATURATION,order-service,52.0,1785952109.0147624,WARNING,,WARN cpu=85% -- saturated p99=307ms
live_ep_000027_CPU_SATURATION,CPU_SATURATION,order-service,52.5,1785952109.5152068,WARNING,,WARN cpu=83% -- saturated p99=279ms
live_ep_000027_CPU_SATURATION,CPU_SATURATION,order-service,53.0,1785952110.0153096,WARNING,,WARN cpu=83% -- saturated p99=372ms
live_ep_000027_CPU_SATURATION,CPU_SATURATION,order-service,53.5,1785952110.5155194,WARNING,,WARN cpu=91% -- saturated p99=362ms
live_ep_000027_CPU_SATURATION,CPU_SATURATION,order-service,54.0,1785952111.0158353,WARNING,,WARN cpu=95% -- saturated p99=336ms
live_ep_000027_CPU_SATURATION,CPU_SATURATION,order-service,54.5,1785952111.5163522,WARNING,,WARN cpu=90% -- saturated p99=336ms
live_ep_000027_CPU_SATURATION,CPU_SATURATION,order-service,55.0,1785952112.0166044,WARNING,,WARN cpu=88% -- saturated p99=318ms
live_ep_000027_CPU_SATURATION,CPU_SATURATION,order-service,55.5,1785952112.5168877,WARNING,,WARN cpu=85% -- saturated p99=316ms
live_ep_000027_CPU_SATURATION,CPU_SATURATION,order-service,56.0,1785952113.017219,WARNING,,WARN cpu=84% -- saturated p99=329ms
live_ep_000027_CPU_SATURATION,CPU_SATURATION,order-service,56.5,1785952113.5178552,WARNING,,WARN cpu=85% -- saturated p99=304ms
live_ep_000027_CPU_SATURATION,CPU_SATURATION,order-service,57.0,1785952114.0180662,WARNING,,WARN cpu=84% -- saturated p99=369ms
live_ep_000027_CPU_SATURATION,CPU_SATURATION,order-service,57.5,1785952114.5182316,WARNING,,WARN cpu=89% -- saturated p99=457ms
live_ep_000027_CPU_SATURATION,CPU_SATURATION,order-service,58.0,1785952115.0183978,WARNING,,WARN cpu=89% -- saturated p99=352ms
live_ep_000027_CPU_SATURATION,CPU_SATURATION,order-service,58.5,1785952115.5188835,WARNING,,WARN cpu=88% -- saturated p99=326ms
live_ep_000027_CPU_SATURATION,CPU_SATURATION,order-service,59.0,1785952116.0194376,WARNING,,WARN cpu=93% -- saturated p99=411ms
live_ep_000027_CPU_SATURATION,CPU_SATURATION,order-service,59.5,1785952116.522621,WARNING,,WARN cpu=89% -- saturated p99=370ms
live_ep_000028_CPU_SATURATION,CPU_SATURATION,payment-service,0.0,1785952117.0349967,WARNING,,WARN cpu=39% -- saturated p99=117ms
live_ep_000028_CPU_SATURATION,CPU_SATURATION,payment-service,0.5,1785952117.5369005,WARNING,,WARN cpu=34% -- saturated p99=106ms
live_ep_000028_CPU_SATURATION,CPU_SATURATION,payment-service,1.0,1785952118.0373716,WARNING,,WARN cpu=38% -- saturated p99=113ms
live_ep_000028_CPU_SATURATION,CPU_SATURATION,payment-service,1.5,1785952118.5380998,WARNING,,WARN cpu=36% -- saturated p99=116ms
live_ep_000028_CPU_SATURATION,CPU_SATURATION,payment-service,2.0,1785952119.0382943,WARNING,,WARN cpu=25% -- saturated p99=117ms
live_ep_000028_CPU_SATURATION,CPU_SATURATION,payment-service,2.5,1785952119.538414,WARNING,,WARN cpu=30% -- saturated p99=117ms
live_ep_000028_CPU_SATURATION,CPU_SATURATION,payment-service,3.0,1785952120.0385654,WARNING,,WARN cpu=43% -- saturated p99=126ms
live_ep_000028_CPU_SATURATION,CPU_SATURATION,payment-service,3.5,1785952120.5389552,WARNING,,WARN cpu=32% -- saturated p99=131ms
live_ep_000028_CPU_SATURATION,CPU_SATURATION,payment-service,4.0,1785952121.0392244,WARNING,,WARN cpu=38% -- saturated p99=112ms
live_ep_000028_CPU_SATURATION,CPU_SATURATION,payment-service,4.5,1785952121.5393202,WARNING,,WARN cpu=29% -- saturated p99=116ms
live_ep_000028_CPU_SATURATION,CPU_SATURATION,payment-service,5.0,1785952122.039765,WARNING,,WARN cpu=39% -- saturated p99=154ms
live_ep_000028_CPU_SATURATION,CPU_SATURATION,payment-service,5.5,1785952122.5398173,WARNING,,WARN cpu=35% -- saturated p99=132ms
live_ep_000028_CPU_SATURATION,CPU_SATURATION,payment-service,6.0,1785952123.0398989,WARNING,,WARN cpu=34% -- saturated p99=136ms
live_ep_000028_CPU_SATURATION,CPU_SATURATION,payment-service,6.5,1785952123.5403852,WARNING,,WARN cpu=86% -- saturated p99=332ms
live_ep_000028_CPU_SATURATION,CPU_SATURATION,payment-service,7.0,1785952124.040928,WARNING,,WARN cpu=92% -- saturated p99=371ms
live_ep_000028_CPU_SATURATION,CPU_SATURATION,payment-service,7.5,1785952124.5410974,WARNING,,WARN cpu=85% -- saturated p99=383ms
live_ep_000028_CPU_SATURATION,CPU_SATURATION,payment-service,8.0,1785952125.041297,WARNING,,WARN cpu=85% -- saturated p99=231ms
live_ep_000028_CPU_SATURATION,CPU_SATURATION,payment-service,8.5,1785952125.541604,WARNING,,WARN cpu=76% -- saturated p99=267ms
live_ep_000028_CPU_SATURATION,CPU_SATURATION,payment-service,9.0,1785952126.0445533,WARNING,,WARN cpu=91% -- saturated p99=420ms
live_ep_000028_CPU_SATURATION,CPU_SATURATION,payment-service,9.5,1785952126.545079,WARNING,,WARN cpu=89% -- saturated p99=356ms
live_ep_000028_CPU_SATURATION,CPU_SATURATION,payment-service,10.0,1785952127.0455155,WARNING,,WARN cpu=83% -- saturated p99=296ms
live_ep_000028_CPU_SATURATION,CPU_SATURATION,payment-service,10.5,1785952127.5460415,WARNING,,WARN cpu=91% -- saturated p99=477ms
live_ep_000028_CPU_SATURATION,CPU_SATURATION,payment-service,11.0,1785952128.0465329,WARNING,,WARN cpu=84% -- saturated p99=332ms
live_ep_000028_CPU_SATURATION,CPU_SATURATION,payment-service,11.5,1785952128.5469782,WARNING,,WARN cpu=80% -- saturated p99=293ms
live_ep_000028_CPU_SATURATION,CPU_SATURATION,payment-service,12.0,1785952129.0473933,WARNING,,WARN cpu=88% -- saturated p99=369ms
live_ep_000028_CPU_SATURATION,CPU_SATURATION,payment-service,12.5,1785952129.5477643,WARNING,,WARN cpu=88% -- saturated p99=303ms
live_ep_000028_CPU_SATURATION,CPU_SATURATION,payment-service,13.0,1785952130.0478404,WARNING,,WARN cpu=92% -- saturated p99=312ms
live_ep_000028_CPU_SATURATION,CPU_SATURATION,payment-service,13.5,1785952130.5479286,WARNING,,WARN cpu=89% -- saturated p99=351ms
live_ep_000028_CPU_SATURATION,CPU_SATURATION,payment-service,14.0,1785952131.048149,WARNING,,WARN cpu=90% -- saturated p99=352ms
live_ep_000028_CPU_SATURATION,CPU_SATURATION,payment-service,14.5,1785952131.548342,WARNING,,WARN cpu=83% -- saturated p99=349ms
live_ep_000028_CPU_SATURATION,CPU_SATURATION,payment-service,15.0,1785952132.0488076,WARNING,,WARN cpu=87% -- saturated p99=350ms
live_ep_000028_CPU_SATURATION,CPU_SATURATION,payment-service,15.5,1785952132.549591,WARNING,,WARN cpu=89% -- saturated p99=354ms
live_ep_000028_CPU_SATURATION,CPU_SATURATION,payment-service,16.0,1785952133.050273,WARNING,,WARN cpu=81% -- saturated p99=311ms
live_ep_000028_CPU_SATURATION,CPU_SATURATION,payment-service,16.5,1785952133.5506816,WARNING,,WARN cpu=83% -- saturated p99=322ms
live_ep_000028_CPU_SATURATION,CPU_SATURATION,payment-service,17.0,1785952134.0511699,WARNING,,WARN cpu=82% -- saturated p99=353ms
live_ep_000028_CPU_SATURATION,CPU_SATURATION,payment-service,17.5,1785952134.5516005,WARNING,,WARN cpu=88% -- saturated p99=345ms
live_ep_000028_CPU_SATURATION,CPU_SATURATION,payment-service,18.0,1785952135.0519,WARNING,,WARN cpu=88% -- saturated p99=317ms
live_ep_000028_CPU_SATURATION,CPU_SATURATION,payment-service,18.5,1785952135.557561,WARNING,,WARN cpu=86% -- saturated p99=311ms
live_ep_000028_CPU_SATURATION,CPU_SATURATION,payment-service,19.0,1785952136.0581565,WARNING,,WARN cpu=89% -- saturated p99=329ms
live_ep_000028_CPU_SATURATION,CPU_SATURATION,payment-service,19.5,1785952136.5583348,WARNING,,WARN cpu=82% -- saturated p99=249ms
live_ep_000028_CPU_SATURATION,CPU_SATURATION,payment-service,20.0,1785952137.0586188,WARNING,,WARN cpu=90% -- saturated p99=376ms
live_ep_000028_CPU_SATURATION,CPU_SATURATION,payment-service,20.5,1785952137.558835,WARNING,,WARN cpu=97% -- saturated p99=409ms
live_ep_000028_CPU_SATURATION,CPU_SATURATION,payment-service,21.0,1785952138.0592644,WARNING,,WARN cpu=79% -- saturated p99=266ms
live_ep_000028_CPU_SATURATION,CPU_SATURATION,payment-service,21.5,1785952138.5598605,WARNING,,WARN cpu=87% -- saturated p99=308ms
live_ep_000028_CPU_SATURATION,CPU_SATURATION,payment-service,22.0,1785952139.0602777,WARNING,,WARN cpu=93% -- saturated p99=375ms
live_ep_000028_CPU_SATURATION,CPU_SATURATION,payment-service,22.5,1785952139.560643,WARNING,,WARN cpu=87% -- saturated p99=376ms
live_ep_000028_CPU_SATURATION,CPU_SATURATION,payment-service,23.0,1785952140.0609033,WARNING,,WARN cpu=88% -- saturated p99=329ms
live_ep_000028_CPU_SATURATION,CPU_SATURATION,payment-service,23.5,1785952140.5609744,WARNING,,WARN cpu=89% -- saturated p99=374ms
live_ep_000028_CPU_SATURATION,CPU_SATURATION,payment-service,24.0,1785952141.0612516,WARNING,,WARN cpu=88% -- saturated p99=312ms
live_ep_000028_CPU_SATURATION,CPU_SATURATION,payment-service,24.5,1785952141.5618672,WARNING,,WARN cpu=90% -- saturated p99=360ms
live_ep_000028_CPU_SATURATION,CPU_SATURATION,payment-service,25.0,1785952142.0622036,WARNING,,WARN cpu=90% -- saturated p99=339ms
live_ep_000028_CPU_SATURATION,CPU_SATURATION,payment-service,25.5,1785952142.562358,WARNING,,WARN cpu=89% -- saturated p99=325ms
live_ep_000028_CPU_SATURATION,CPU_SATURATION,payment-service,26.0,1785952143.0626435,WARNING,,WARN cpu=86% -- saturated p99=278ms
live_ep_000028_CPU_SATURATION,CPU_SATURATION,payment-service,26.5,1785952143.5630598,WARNING,,WARN cpu=92% -- saturated p99=381ms
live_ep_000028_CPU_SATURATION,CPU_SATURATION,payment-service,27.0,1785952144.0633194,WARNING,,WARN cpu=91% -- saturated p99=363ms
live_ep_000028_CPU_SATURATION,CPU_SATURATION,payment-service,27.5,1785952144.5635257,WARNING,,WARN cpu=92% -- saturated p99=367ms
live_ep_000028_CPU_SATURATION,CPU_SATURATION,payment-service,28.0,1785952145.0637496,WARNING,,WARN cpu=89% -- saturated p99=378ms
live_ep_000028_CPU_SATURATION,CPU_SATURATION,payment-service,28.5,1785952145.5655541,WARNING,,WARN cpu=85% -- saturated p99=284ms
live_ep_000028_CPU_SATURATION,CPU_SATURATION,payment-service,29.0,1785952146.066121,WARNING,,WARN cpu=88% -- saturated p99=331ms
live_ep_000028_CPU_SATURATION,CPU_SATURATION,payment-service,29.5,1785952146.5680573,WARNING,,WARN cpu=91% -- saturated p99=330ms
live_ep_000028_CPU_SATURATION,CPU_SATURATION,payment-service,30.0,1785952147.0684738,WARNING,,WARN cpu=89% -- saturated p99=328ms
live_ep_000028_CPU_SATURATION,CPU_SATURATION,payment-service,30.5,1785952147.5686564,WARNING,,WARN cpu=90% -- saturated p99=379ms
live_ep_000028_CPU_SATURATION,CPU_SATURATION,payment-service,31.0,1785952148.0691051,WARNING,,WARN cpu=88% -- saturated p99=320ms
live_ep_000028_CPU_SATURATION,CPU_SATURATION,payment-service,31.5,1785952148.5696282,WARNING,,WARN cpu=86% -- saturated p99=295ms
live_ep_000028_CPU_SATURATION,CPU_SATURATION,payment-service,32.0,1785952149.0701015,WARNING,,WARN cpu=87% -- saturated p99=295ms
live_ep_000028_CPU_SATURATION,CPU_SATURATION,payment-service,32.5,1785952149.5703807,WARNING,,WARN cpu=89% -- saturated p99=387ms
live_ep_000028_CPU_SATURATION,CPU_SATURATION,payment-service,33.0,1785952150.070717,WARNING,,WARN cpu=87% -- saturated p99=392ms
live_ep_000028_CPU_SATURATION,CPU_SATURATION,payment-service,33.5,1785952150.571025,WARNING,,WARN cpu=81% -- saturated p99=270ms
live_ep_000028_CPU_SATURATION,CPU_SATURATION,payment-service,34.0,1785952151.071485,WARNING,,WARN cpu=92% -- saturated p99=392ms
live_ep_000028_CPU_SATURATION,CPU_SATURATION,payment-service,34.5,1785952151.57174,WARNING,,WARN cpu=89% -- saturated p99=405ms
live_ep_000028_CPU_SATURATION,CPU_SATURATION,payment-service,35.0,1785952152.0720732,WARNING,,WARN cpu=85% -- saturated p99=389ms
live_ep_000028_CPU_SATURATION,CPU_SATURATION,payment-service,35.5,1785952152.572533,WARNING,,WARN cpu=89% -- saturated p99=373ms
live_ep_000028_CPU_SATURATION,CPU_SATURATION,payment-service,36.0,1785952153.0729842,WARNING,,WARN cpu=83% -- saturated p99=292ms
live_ep_000028_CPU_SATURATION,CPU_SATURATION,payment-service,36.5,1785952153.573375,WARNING,,WARN cpu=84% -- saturated p99=322ms
live_ep_000028_CPU_SATURATION,CPU_SATURATION,payment-service,37.0,1785952154.073864,WARNING,,WARN cpu=92% -- saturated p99=341ms
live_ep_000028_CPU_SATURATION,CPU_SATURATION,payment-service,37.5,1785952154.5741234,WARNING,,WARN cpu=85% -- saturated p99=348ms
live_ep_000028_CPU_SATURATION,CPU_SATURATION,payment-service,38.0,1785952155.074577,WARNING,,WARN cpu=87% -- saturated p99=340ms
live_ep_000028_CPU_SATURATION,CPU_SATURATION,payment-service,38.5,1785952155.5755086,WARNING,,WARN cpu=89% -- saturated p99=349ms
live_ep_000028_CPU_SATURATION,CPU_SATURATION,payment-service,39.0,1785952156.076478,WARNING,,WARN cpu=90% -- saturated p99=401ms
live_ep_000028_CPU_SATURATION,CPU_SATURATION,payment-service,39.5,1785952156.5769322,WARNING,,WARN cpu=81% -- saturated p99=257ms
live_ep_000028_CPU_SATURATION,CPU_SATURATION,payment-service,40.0,1785952157.0770862,WARNING,,WARN cpu=90% -- saturated p99=298ms
live_ep_000028_CPU_SATURATION,CPU_SATURATION,payment-service,40.5,1785952157.5775592,WARNING,,WARN cpu=85% -- saturated p99=253ms
live_ep_000028_CPU_SATURATION,CPU_SATURATION,payment-service,41.0,1785952158.0779886,WARNING,,WARN cpu=93% -- saturated p99=400ms
live_ep_000028_CPU_SATURATION,CPU_SATURATION,payment-service,41.5,1785952158.5785646,WARNING,,WARN cpu=86% -- saturated p99=330ms
live_ep_000028_CPU_SATURATION,CPU_SATURATION,payment-service,42.0,1785952159.0786896,WARNING,,WARN cpu=89% -- saturated p99=298ms
live_ep_000028_CPU_SATURATION,CPU_SATURATION,payment-service,42.5,1785952159.5788906,WARNING,,WARN cpu=84% -- saturated p99=259ms
live_ep_000028_CPU_SATURATION,CPU_SATURATION,payment-service,43.0,1785952160.079115,WARNING,,WARN cpu=94% -- saturated p99=387ms
live_ep_000028_CPU_SATURATION,CPU_SATURATION,payment-service,43.5,1785952160.5793002,WARNING,,WARN cpu=96% -- saturated p99=400ms
live_ep_000028_CPU_SATURATION,CPU_SATURATION,payment-service,44.0,1785952161.0795014,WARNING,,WARN cpu=84% -- saturated p99=300ms
live_ep_000028_CPU_SATURATION,CPU_SATURATION,payment-service,44.5,1785952161.5796216,WARNING,,WARN cpu=94% -- saturated p99=364ms
live_ep_000028_CPU_SATURATION,CPU_SATURATION,payment-service,45.0,1785952162.0799758,WARNING,,WARN cpu=85% -- saturated p99=290ms
live_ep_000028_CPU_SATURATION,CPU_SATURATION,payment-service,45.5,1785952162.5803182,WARNING,,WARN cpu=78% -- saturated p99=310ms
live_ep_000028_CPU_SATURATION,CPU_SATURATION,payment-service,46.0,1785952163.080654,WARNING,,WARN cpu=93% -- saturated p99=476ms
live_ep_000028_CPU_SATURATION,CPU_SATURATION,payment-service,46.5,1785952163.58086,WARNING,,WARN cpu=87% -- saturated p99=313ms
live_ep_000028_CPU_SATURATION,CPU_SATURATION,payment-service,47.0,1785952164.0810704,WARNING,,WARN cpu=87% -- saturated p99=310ms
live_ep_000028_CPU_SATURATION,CPU_SATURATION,payment-service,47.5,1785952164.5813131,WARNING,,WARN cpu=87% -- saturated p99=344ms
live_ep_000028_CPU_SATURATION,CPU_SATURATION,payment-service,48.0,1785952165.0816727,WARNING,,WARN cpu=88% -- saturated p99=341ms
live_ep_000028_CPU_SATURATION,CPU_SATURATION,payment-service,48.5,1785952165.5819547,WARNING,,WARN cpu=90% -- saturated p99=365ms
live_ep_000028_CPU_SATURATION,CPU_SATURATION,payment-service,49.0,1785952166.082468,WARNING,,WARN cpu=94% -- saturated p99=377ms
live_ep_000028_CPU_SATURATION,CPU_SATURATION,payment-service,49.5,1785952166.582537,WARNING,,WARN cpu=92% -- saturated p99=369ms
live_ep_000028_CPU_SATURATION,CPU_SATURATION,payment-service,50.0,1785952167.082742,WARNING,,WARN cpu=85% -- saturated p99=284ms
live_ep_000028_CPU_SATURATION,CPU_SATURATION,payment-service,50.5,1785952167.5849447,WARNING,,WARN cpu=88% -- saturated p99=332ms
live_ep_000028_CPU_SATURATION,CPU_SATURATION,payment-service,51.0,1785952168.0852447,WARNING,,WARN cpu=91% -- saturated p99=384ms
live_ep_000028_CPU_SATURATION,CPU_SATURATION,payment-service,51.5,1785952168.5858028,WARNING,,WARN cpu=85% -- saturated p99=336ms
live_ep_000028_CPU_SATURATION,CPU_SATURATION,payment-service,52.0,1785952169.0871117,WARNING,,WARN cpu=85% -- saturated p99=340ms
live_ep_000028_CPU_SATURATION,CPU_SATURATION,payment-service,52.5,1785952169.5877159,WARNING,,WARN cpu=90% -- saturated p99=329ms
live_ep_000028_CPU_SATURATION,CPU_SATURATION,payment-service,53.0,1785952170.0879133,WARNING,,WARN cpu=84% -- saturated p99=270ms
live_ep_000028_CPU_SATURATION,CPU_SATURATION,payment-service,53.5,1785952170.5884793,WARNING,,WARN cpu=86% -- saturated p99=287ms
live_ep_000028_CPU_SATURATION,CPU_SATURATION,payment-service,54.0,1785952171.0951269,WARNING,,WARN cpu=83% -- saturated p99=251ms
live_ep_000028_CPU_SATURATION,CPU_SATURATION,payment-service,54.5,1785952171.5955055,WARNING,,WARN cpu=79% -- saturated p99=326ms
live_ep_000028_CPU_SATURATION,CPU_SATURATION,payment-service,55.0,1785952172.0963697,WARNING,,WARN cpu=85% -- saturated p99=308ms
live_ep_000028_CPU_SATURATION,CPU_SATURATION,payment-service,55.5,1785952172.596775,WARNING,,WARN cpu=84% -- saturated p99=284ms
live_ep_000028_CPU_SATURATION,CPU_SATURATION,payment-service,56.0,1785952173.0972788,WARNING,,WARN cpu=88% -- saturated p99=358ms
live_ep_000028_CPU_SATURATION,CPU_SATURATION,payment-service,56.5,1785952173.5973744,WARNING,,WARN cpu=82% -- saturated p99=268ms
live_ep_000028_CPU_SATURATION,CPU_SATURATION,payment-service,57.0,1785952174.0976534,WARNING,,WARN cpu=90% -- saturated p99=330ms
live_ep_000028_CPU_SATURATION,CPU_SATURATION,payment-service,57.5,1785952174.5979328,WARNING,,WARN cpu=87% -- saturated p99=321ms
live_ep_000028_CPU_SATURATION,CPU_SATURATION,payment-service,58.0,1785952175.0983293,WARNING,,WARN cpu=80% -- saturated p99=289ms
live_ep_000028_CPU_SATURATION,CPU_SATURATION,payment-service,58.5,1785952175.5987113,WARNING,,WARN cpu=94% -- saturated p99=407ms
live_ep_000028_CPU_SATURATION,CPU_SATURATION,payment-service,59.0,1785952176.0990858,WARNING,,WARN cpu=89% -- saturated p99=343ms
live_ep_000028_CPU_SATURATION,CPU_SATURATION,payment-service,59.5,1785952176.5996027,WARNING,,WARN cpu=92% -- saturated p99=354ms
live_ep_000029_RETRY_STORM,RETRY_STORM,order-service,0.0,1785952177.1033022,WARNING,,WARN retry_cnt=0.03 rps=194 -- retry storm
live_ep_000029_RETRY_STORM,RETRY_STORM,order-service,0.5,1785952177.6035025,WARNING,,WARN retry_cnt=0.09 rps=211 -- retry storm
live_ep_000029_RETRY_STORM,RETRY_STORM,order-service,1.0,1785952178.103848,WARNING,,WARN retry_cnt=0.02 rps=183 -- retry storm
live_ep_000029_RETRY_STORM,RETRY_STORM,order-service,1.5,1785952178.6040852,WARNING,,WARN retry_cnt=0.10 rps=216 -- retry storm
live_ep_000029_RETRY_STORM,RETRY_STORM,order-service,2.0,1785952179.1042333,WARNING,,WARN retry_cnt=0.01 rps=174 -- retry storm
live_ep_000029_RETRY_STORM,RETRY_STORM,order-service,2.5,1785952179.6046698,WARNING,,WARN retry_cnt=0.02 rps=179 -- retry storm
live_ep_000029_RETRY_STORM,RETRY_STORM,order-service,3.0,1785952180.1048088,WARNING,,WARN retry_cnt=0.67 rps=604 -- retry storm
live_ep_000029_RETRY_STORM,RETRY_STORM,order-service,3.5,1785952180.6052716,WARNING,,WARN retry_cnt=0.58 rps=548 -- retry storm
live_ep_000029_RETRY_STORM,RETRY_STORM,order-service,4.0,1785952181.106821,WARNING,,WARN retry_cnt=0.57 rps=543 -- retry storm
live_ep_000029_RETRY_STORM,RETRY_STORM,order-service,4.5,1785952181.6071482,WARNING,,WARN retry_cnt=0.80 rps=681 -- retry storm
live_ep_000029_RETRY_STORM,RETRY_STORM,order-service,5.0,1785952182.1076214,WARNING,,WARN retry_cnt=0.51 rps=509 -- retry storm
live_ep_000029_RETRY_STORM,RETRY_STORM,order-service,5.5,1785952182.6079383,WARNING,,WARN retry_cnt=0.40 rps=443 -- retry storm
live_ep_000029_RETRY_STORM,RETRY_STORM,order-service,6.0,1785952183.1091366,WARNING,,WARN retry_cnt=0.64 rps=582 -- retry storm
live_ep_000029_RETRY_STORM,RETRY_STORM,order-service,6.5,1785952183.6094325,WARNING,,WARN retry_cnt=0.71 rps=623 -- retry storm
live_ep_000029_RETRY_STORM,RETRY_STORM,order-service,7.0,1785952184.1098986,WARNING,,WARN retry_cnt=0.57 rps=542 -- retry storm
live_ep_000029_RETRY_STORM,RETRY_STORM,order-service,7.5,1785952184.6103964,WARNING,,WARN retry_cnt=0.46 rps=478 -- retry storm
live_ep_000029_RETRY_STORM,RETRY_STORM,order-service,8.0,1785952185.1105793,WARNING,,WARN retry_cnt=0.59 rps=555 -- retry storm
live_ep_000029_RETRY_STORM,RETRY_STORM,order-service,8.5,1785952185.6110082,WARNING,,WARN retry_cnt=0.68 rps=607 -- retry storm
live_ep_000029_RETRY_STORM,RETRY_STORM,order-service,9.0,1785952186.113469,WARNING,,WARN retry_cnt=0.65 rps=587 -- retry storm
live_ep_000029_RETRY_STORM,RETRY_STORM,order-service,9.5,1785952186.616351,WARNING,,WARN retry_cnt=0.65 rps=590 -- retry storm
live_ep_000029_RETRY_STORM,RETRY_STORM,order-service,10.0,1785952187.1169515,WARNING,,WARN retry_cnt=0.57 rps=544 -- retry storm
live_ep_000029_RETRY_STORM,RETRY_STORM,order-service,10.5,1785952187.617405,WARNING,,WARN retry_cnt=0.54 rps=524 -- retry storm
live_ep_000029_RETRY_STORM,RETRY_STORM,order-service,11.0,1785952188.126333,WARNING,,WARN retry_cnt=0.62 rps=571 -- retry storm
live_ep_000029_RETRY_STORM,RETRY_STORM,order-service,11.5,1785952188.6263807,WARNING,,WARN retry_cnt=0.43 rps=459 -- retry storm
live_ep_000029_RETRY_STORM,RETRY_STORM,order-service,12.0,1785952189.1266665,WARNING,,WARN retry_cnt=0.64 rps=586 -- retry storm
live_ep_000029_RETRY_STORM,RETRY_STORM,order-service,12.5,1785952189.6268692,WARNING,,WARN retry_cnt=0.63 rps=579 -- retry storm
live_ep_000029_RETRY_STORM,RETRY_STORM,order-service,13.0,1785952190.1272345,WARNING,,WARN retry_cnt=0.79 rps=676 -- retry storm
live_ep_000029_RETRY_STORM,RETRY_STORM,order-service,13.5,1785952190.6276298,WARNING,,WARN retry_cnt=0.77 rps=660 -- retry storm
live_ep_000029_RETRY_STORM,RETRY_STORM,order-service,14.0,1785952191.1279304,WARNING,,WARN retry_cnt=0.75 rps=647 -- retry storm
live_ep_000029_RETRY_STORM,RETRY_STORM,order-service,14.5,1785952191.6280897,WARNING,,WARN retry_cnt=0.86 rps=715 -- retry storm
live_ep_000029_RETRY_STORM,RETRY_STORM,order-service,15.0,1785952192.1282084,WARNING,,WARN retry_cnt=0.52 rps=511 -- retry storm
live_ep_000029_RETRY_STORM,RETRY_STORM,order-service,15.5,1785952192.6285927,WARNING,,WARN retry_cnt=0.80 rps=681 -- retry storm
live_ep_000029_RETRY_STORM,RETRY_STORM,order-service,16.0,1785952193.12871,WARNING,,WARN retry_cnt=0.53 rps=517 -- retry storm
live_ep_000029_RETRY_STORM,RETRY_STORM,order-service,16.5,1785952193.6290603,WARNING,,WARN retry_cnt=0.70 rps=621 -- retry storm
live_ep_000029_RETRY_STORM,RETRY_STORM,order-service,17.0,1785952194.1291554,WARNING,,WARN retry_cnt=0.45 rps=470 -- retry storm
live_ep_000029_RETRY_STORM,RETRY_STORM,order-service,17.5,1785952194.6293778,WARNING,,WARN retry_cnt=0.40 rps=440 -- retry storm
live_ep_000029_RETRY_STORM,RETRY_STORM,order-service,18.0,1785952195.1295836,WARNING,,WARN retry_cnt=0.81 rps=684 -- retry storm
live_ep_000029_RETRY_STORM,RETRY_STORM,order-service,18.5,1785952195.6299858,WARNING,,WARN retry_cnt=0.82 rps=691 -- retry storm
live_ep_000029_RETRY_STORM,RETRY_STORM,order-service,19.0,1785952196.130104,WARNING,,WARN retry_cnt=0.71 rps=628 -- retry storm
live_ep_000029_RETRY_STORM,RETRY_STORM,order-service,19.5,1785952196.630239,WARNING,,WARN retry_cnt=0.40 rps=441 -- retry storm
live_ep_000029_RETRY_STORM,RETRY_STORM,order-service,20.0,1785952197.1304717,WARNING,,WARN retry_cnt=0.61 rps=566 -- retry storm
live_ep_000029_RETRY_STORM,RETRY_STORM,order-service,20.5,1785952197.6309478,WARNING,,WARN retry_cnt=0.78 rps=668 -- retry storm
live_ep_000029_RETRY_STORM,RETRY_STORM,order-service,21.0,1785952198.1312873,WARNING,,WARN retry_cnt=0.67 rps=603 -- retry storm
live_ep_000029_RETRY_STORM,RETRY_STORM,order-service,21.5,1785952198.6339881,WARNING,,WARN retry_cnt=0.69 rps=615 -- retry storm
live_ep_000029_RETRY_STORM,RETRY_STORM,order-service,22.0,1785952199.134367,WARNING,,WARN retry_cnt=0.49 rps=495 -- retry storm
live_ep_000029_RETRY_STORM,RETRY_STORM,order-service,22.5,1785952199.6348748,WARNING,,WARN retry_cnt=0.56 rps=537 -- retry storm
live_ep_000029_RETRY_STORM,RETRY_STORM,order-service,23.0,1785952200.135444,WARNING,,WARN retry_cnt=0.62 rps=571 -- retry storm
live_ep_000029_RETRY_STORM,RETRY_STORM,order-service,23.5,1785952200.6356554,WARNING,,WARN retry_cnt=0.74 rps=641 -- retry storm
live_ep_000029_RETRY_STORM,RETRY_STORM,order-service,24.0,1785952201.1357772,WARNING,,WARN retry_cnt=0.57 rps=541 -- retry storm
live_ep_000029_RETRY_STORM,RETRY_STORM,order-service,24.5,1785952201.6359966,WARNING,,WARN retry_cnt=0.58 rps=550 -- retry storm
live_ep_000029_RETRY_STORM,RETRY_STORM,order-service,25.0,1785952202.1365347,WARNING,,WARN retry_cnt=0.82 rps=692 -- retry storm
live_ep_000029_RETRY_STORM,RETRY_STORM,order-service,25.5,1785952202.6368637,WARNING,,WARN retry_cnt=0.86 rps=718 -- retry storm
live_ep_000029_RETRY_STORM,RETRY_STORM,order-service,26.0,1785952203.1371748,WARNING,,WARN retry_cnt=0.77 rps=660 -- retry storm
live_ep_000029_RETRY_STORM,RETRY_STORM,order-service,26.5,1785952203.6372907,WARNING,,WARN retry_cnt=0.59 rps=557 -- retry storm
live_ep_000029_RETRY_STORM,RETRY_STORM,order-service,27.0,1785952204.1378586,WARNING,,WARN retry_cnt=0.63 rps=577 -- retry storm
live_ep_000029_RETRY_STORM,RETRY_STORM,order-service,27.5,1785952204.6380603,WARNING,,WARN retry_cnt=0.71 rps=624 -- retry storm
live_ep_000029_RETRY_STORM,RETRY_STORM,order-service,28.0,1785952205.1383095,WARNING,,WARN retry_cnt=0.62 rps=575 -- retry storm
live_ep_000029_RETRY_STORM,RETRY_STORM,order-service,28.5,1785952205.6388497,WARNING,,WARN retry_cnt=0.78 rps=669 -- retry storm
live_ep_000029_RETRY_STORM,RETRY_STORM,order-service,29.0,1785952206.1391518,WARNING,,WARN retry_cnt=0.75 rps=652 -- retry storm
live_ep_000029_RETRY_STORM,RETRY_STORM,order-service,29.5,1785952206.6394405,WARNING,,WARN retry_cnt=0.77 rps=660 -- retry storm
live_ep_000029_RETRY_STORM,RETRY_STORM,order-service,30.0,1785952207.1400115,WARNING,,WARN retry_cnt=0.68 rps=611 -- retry storm
live_ep_000029_RETRY_STORM,RETRY_STORM,order-service,30.5,1785952207.6404731,WARNING,,WARN retry_cnt=0.73 rps=638 -- retry storm
live_ep_000029_RETRY_STORM,RETRY_STORM,order-service,31.0,1785952208.1406608,WARNING,,WARN retry_cnt=0.77 rps=659 -- retry storm
live_ep_000029_RETRY_STORM,RETRY_STORM,order-service,31.5,1785952208.6409624,WARNING,,WARN retry_cnt=0.52 rps=512 -- retry storm
live_ep_000029_RETRY_STORM,RETRY_STORM,order-service,32.0,1785952209.14104,WARNING,,WARN retry_cnt=0.60 rps=559 -- retry storm
live_ep_000029_RETRY_STORM,RETRY_STORM,order-service,32.5,1785952209.6412632,WARNING,,WARN retry_cnt=0.74 rps=645 -- retry storm
live_ep_000029_RETRY_STORM,RETRY_STORM,order-service,33.0,1785952210.1415575,WARNING,,WARN retry_cnt=0.64 rps=587 -- retry storm
live_ep_000029_RETRY_STORM,RETRY_STORM,order-service,33.5,1785952210.641971,WARNING,,WARN retry_cnt=0.82 rps=693 -- retry storm
live_ep_000029_RETRY_STORM,RETRY_STORM,order-service,34.0,1785952211.1423948,WARNING,,WARN retry_cnt=0.77 rps=661 -- retry storm
live_ep_000029_RETRY_STORM,RETRY_STORM,order-service,34.5,1785952211.6429267,WARNING,,WARN retry_cnt=0.77 rps=664 -- retry storm
live_ep_000029_RETRY_STORM,RETRY_STORM,order-service,35.0,1785952212.1431909,WARNING,,WARN retry_cnt=0.59 rps=551 -- retry storm
live_ep_000029_RETRY_STORM,RETRY_STORM,order-service,35.5,1785952212.6435153,WARNING,,WARN retry_cnt=0.51 rps=508 -- retry storm
live_ep_000029_RETRY_STORM,RETRY_STORM,order-service,36.0,1785952213.143973,WARNING,,WARN retry_cnt=0.68 rps=608 -- retry storm
live_ep_000029_RETRY_STORM,RETRY_STORM,order-service,36.5,1785952213.6440797,WARNING,,WARN retry_cnt=0.77 rps=662 -- retry storm
live_ep_000029_RETRY_STORM,RETRY_STORM,order-service,37.0,1785952214.1443877,WARNING,,WARN retry_cnt=0.64 rps=583 -- retry storm
live_ep_000029_RETRY_STORM,RETRY_STORM,order-service,37.5,1785952214.6448517,WARNING,,WARN retry_cnt=0.54 rps=526 -- retry storm
live_ep_000029_RETRY_STORM,RETRY_STORM,order-service,38.0,1785952215.1451507,WARNING,,WARN retry_cnt=0.79 rps=674 -- retry storm
live_ep_000029_RETRY_STORM,RETRY_STORM,order-service,38.5,1785952215.6452577,WARNING,,WARN retry_cnt=0.59 rps=557 -- retry storm
live_ep_000029_RETRY_STORM,RETRY_STORM,order-service,39.0,1785952216.1462135,WARNING,,WARN retry_cnt=0.80 rps=680 -- retry storm
live_ep_000029_RETRY_STORM,RETRY_STORM,order-service,39.5,1785952216.6463742,WARNING,,WARN retry_cnt=0.70 rps=618 -- retry storm
live_ep_000029_RETRY_STORM,RETRY_STORM,order-service,40.0,1785952217.1466677,WARNING,,WARN retry_cnt=0.68 rps=609 -- retry storm
live_ep_000029_RETRY_STORM,RETRY_STORM,order-service,40.5,1785952217.647005,WARNING,,WARN retry_cnt=0.65 rps=590 -- retry storm
live_ep_000029_RETRY_STORM,RETRY_STORM,order-service,41.0,1785952218.1475508,WARNING,,WARN retry_cnt=0.63 rps=580 -- retry storm
live_ep_000029_RETRY_STORM,RETRY_STORM,order-service,41.5,1785952218.6489108,WARNING,,WARN retry_cnt=0.62 rps=575 -- retry storm
live_ep_000029_RETRY_STORM,RETRY_STORM,order-service,42.0,1785952219.1494105,WARNING,,WARN retry_cnt=0.84 rps=705 -- retry storm
live_ep_000029_RETRY_STORM,RETRY_STORM,order-service,42.5,1785952219.6500232,WARNING,,WARN retry_cnt=0.74 rps=643 -- retry storm
live_ep_000029_RETRY_STORM,RETRY_STORM,order-service,43.0,1785952220.150871,WARNING,,WARN retry_cnt=0.68 rps=606 -- retry storm
live_ep_000029_RETRY_STORM,RETRY_STORM,order-service,43.5,1785952220.6511905,WARNING,,WARN retry_cnt=0.66 rps=596 -- retry storm
live_ep_000029_RETRY_STORM,RETRY_STORM,order-service,44.0,1785952221.1516001,WARNING,,WARN retry_cnt=0.76 rps=657 -- retry storm
live_ep_000029_RETRY_STORM,RETRY_STORM,order-service,44.5,1785952221.6519694,WARNING,,WARN retry_cnt=0.66 rps=594 -- retry storm
live_ep_000029_RETRY_STORM,RETRY_STORM,order-service,45.0,1785952222.1522706,WARNING,,WARN retry_cnt=0.65 rps=593 -- retry storm
live_ep_000029_RETRY_STORM,RETRY_STORM,order-service,45.5,1785952222.652823,WARNING,,WARN retry_cnt=0.70 rps=621 -- retry storm
live_ep_000029_RETRY_STORM,RETRY_STORM,order-service,46.0,1785952223.1531503,WARNING,,WARN retry_cnt=0.72 rps=635 -- retry storm
live_ep_000029_RETRY_STORM,RETRY_STORM,order-service,46.5,1785952223.6536078,WARNING,,WARN retry_cnt=0.75 rps=648 -- retry storm
live_ep_000029_RETRY_STORM,RETRY_STORM,order-service,47.0,1785952224.154057,WARNING,,WARN retry_cnt=0.61 rps=568 -- retry storm
live_ep_000029_RETRY_STORM,RETRY_STORM,order-service,47.5,1785952224.6544166,WARNING,,WARN retry_cnt=0.76 rps=654 -- retry storm
live_ep_000029_RETRY_STORM,RETRY_STORM,order-service,48.0,1785952225.1547985,WARNING,,WARN retry_cnt=0.76 rps=655 -- retry storm
live_ep_000029_RETRY_STORM,RETRY_STORM,order-service,48.5,1785952225.6552346,WARNING,,WARN retry_cnt=0.62 rps=571 -- retry storm
live_ep_000029_RETRY_STORM,RETRY_STORM,order-service,49.0,1785952226.1553807,WARNING,,WARN retry_cnt=0.60 rps=561 -- retry storm
live_ep_000029_RETRY_STORM,RETRY_STORM,order-service,49.5,1785952226.6558511,WARNING,,WARN retry_cnt=0.50 rps=501 -- retry storm
live_ep_000029_RETRY_STORM,RETRY_STORM,order-service,50.0,1785952227.1563525,WARNING,,WARN retry_cnt=0.62 rps=571 -- retry storm
live_ep_000029_RETRY_STORM,RETRY_STORM,order-service,50.5,1785952227.656504,WARNING,,WARN retry_cnt=0.76 rps=657 -- retry storm
live_ep_000029_RETRY_STORM,RETRY_STORM,order-service,51.0,1785952228.1567776,WARNING,,WARN retry_cnt=0.85 rps=710 -- retry storm
live_ep_000029_RETRY_STORM,RETRY_STORM,order-service,51.5,1785952228.658057,WARNING,,WARN retry_cnt=0.56 rps=539 -- retry storm
live_ep_000029_RETRY_STORM,RETRY_STORM,order-service,52.0,1785952229.1586962,WARNING,,WARN retry_cnt=0.64 rps=585 -- retry storm
live_ep_000029_RETRY_STORM,RETRY_STORM,order-service,52.5,1785952229.6588962,WARNING,,WARN retry_cnt=0.65 rps=593 -- retry storm
live_ep_000029_RETRY_STORM,RETRY_STORM,order-service,53.0,1785952230.159088,WARNING,,WARN retry_cnt=0.60 rps=561 -- retry storm
live_ep_000029_RETRY_STORM,RETRY_STORM,order-service,53.5,1785952230.6591861,WARNING,,WARN retry_cnt=0.76 rps=656 -- retry storm
live_ep_000029_RETRY_STORM,RETRY_STORM,order-service,54.0,1785952231.1593251,WARNING,,WARN retry_cnt=0.70 rps=618 -- retry storm
live_ep_000029_RETRY_STORM,RETRY_STORM,order-service,54.5,1785952231.659607,WARNING,,WARN retry_cnt=0.64 rps=586 -- retry storm
live_ep_000029_RETRY_STORM,RETRY_STORM,order-service,55.0,1785952232.1599672,WARNING,,WARN retry_cnt=0.65 rps=591 -- retry storm
live_ep_000029_RETRY_STORM,RETRY_STORM,order-service,55.5,1785952232.6601875,WARNING,,WARN retry_cnt=0.73 rps=639 -- retry storm
live_ep_000029_RETRY_STORM,RETRY_STORM,order-service,56.0,1785952233.1606643,WARNING,,WARN retry_cnt=0.68 rps=610 -- retry storm
live_ep_000029_RETRY_STORM,RETRY_STORM,order-service,56.5,1785952233.660947,WARNING,,WARN retry_cnt=0.63 rps=578 -- retry storm
live_ep_000029_RETRY_STORM,RETRY_STORM,order-service,57.0,1785952234.161109,WARNING,,WARN retry_cnt=0.65 rps=591 -- retry storm
live_ep_000029_RETRY_STORM,RETRY_STORM,order-service,57.5,1785952234.6615725,WARNING,,WARN retry_cnt=0.64 rps=582 -- retry storm
live_ep_000029_RETRY_STORM,RETRY_STORM,order-service,58.0,1785952235.161905,WARNING,,WARN retry_cnt=0.61 rps=569 -- retry storm
live_ep_000029_RETRY_STORM,RETRY_STORM,order-service,58.5,1785952235.6621265,WARNING,,WARN retry_cnt=0.65 rps=590 -- retry storm
live_ep_000029_RETRY_STORM,RETRY_STORM,order-service,59.0,1785952236.1626112,WARNING,,WARN retry_cnt=0.81 rps=683 -- retry storm
live_ep_000029_RETRY_STORM,RETRY_STORM,order-service,59.5,1785952236.6628768,WARNING,,WARN retry_cnt=0.67 rps=604 -- retry storm
live_ep_000030_NONE,NONE,inventory-service,0.0,1785952237.1651962,INFO,,OK cpu=40% p99=143ms err=0.53%
live_ep_000030_NONE,NONE,inventory-service,0.5,1785952237.6655247,INFO,,OK cpu=35% p99=93ms err=1.30%
live_ep_000030_NONE,NONE,inventory-service,1.0,1785952238.1660607,INFO,,OK cpu=39% p99=122ms err=1.43%
live_ep_000030_NONE,NONE,inventory-service,1.5,1785952238.6664984,INFO,,OK cpu=34% p99=124ms err=0.93%
live_ep_000030_NONE,NONE,inventory-service,2.0,1785952239.1670277,INFO,,OK cpu=33% p99=111ms err=0.88%
live_ep_000030_NONE,NONE,inventory-service,2.5,1785952239.6671278,INFO,,OK cpu=26% p99=135ms err=0.38%
live_ep_000030_NONE,NONE,inventory-service,3.0,1785952240.167737,INFO,,OK cpu=29% p99=138ms err=0.57%
live_ep_000030_NONE,NONE,inventory-service,3.5,1785952240.667904,INFO,,OK cpu=30% p99=119ms err=0.99%
live_ep_000030_NONE,NONE,inventory-service,4.0,1785952241.1683915,INFO,,OK cpu=36% p99=104ms err=0.30%
live_ep_000030_NONE,NONE,inventory-service,4.5,1785952241.6685803,INFO,,OK cpu=38% p99=112ms err=1.11%
live_ep_000030_NONE,NONE,inventory-service,5.0,1785952242.169467,INFO,,OK cpu=34% p99=109ms err=1.08%
live_ep_000030_NONE,NONE,inventory-service,5.5,1785952242.6698895,INFO,,OK cpu=35% p99=102ms err=0.32%
live_ep_000030_NONE,NONE,inventory-service,6.0,1785952243.1703105,INFO,,OK cpu=38% p99=130ms err=0.66%
live_ep_000030_NONE,NONE,inventory-service,6.5,1785952243.6704144,INFO,,OK cpu=33% p99=125ms err=0.55%
live_ep_000030_NONE,NONE,inventory-service,7.0,1785952244.171018,INFO,,OK cpu=42% p99=130ms err=1.35%
live_ep_000030_NONE,NONE,inventory-service,7.5,1785952244.6713314,INFO,,OK cpu=36% p99=139ms err=0.39%
live_ep_000030_NONE,NONE,inventory-service,8.0,1785952245.1725426,INFO,,OK cpu=39% p99=117ms err=0.35%
live_ep_000030_NONE,NONE,inventory-service,8.5,1785952245.6728377,INFO,,OK cpu=39% p99=110ms err=1.04%
live_ep_000030_NONE,NONE,inventory-service,9.0,1785952246.1733067,INFO,,OK cpu=35% p99=121ms err=0.31%
live_ep_000030_NONE,NONE,inventory-service,9.5,1785952246.6734767,INFO,,OK cpu=28% p99=137ms err=0.81%
live_ep_000030_NONE,NONE,inventory-service,10.0,1785952247.1740203,INFO,,OK cpu=41% p99=118ms err=0.43%
live_ep_000030_NONE,NONE,inventory-service,10.5,1785952247.674237,INFO,,OK cpu=33% p99=126ms err=0.51%
live_ep_000030_NONE,NONE,inventory-service,11.0,1785952248.1744013,INFO,,OK cpu=38% p99=127ms err=0.85%
live_ep_000030_NONE,NONE,inventory-service,11.5,1785952248.6750133,INFO,,OK cpu=41% p99=123ms err=0.59%
live_ep_000030_NONE,NONE,inventory-service,12.0,1785952249.1753736,INFO,,OK cpu=30% p99=143ms err=0.46%
live_ep_000030_NONE,NONE,inventory-service,12.5,1785952249.6758392,INFO,,OK cpu=24% p99=126ms err=0.33%
live_ep_000030_NONE,NONE,inventory-service,13.0,1785952250.176406,INFO,,OK cpu=29% p99=99ms err=1.53%
live_ep_000030_NONE,NONE,inventory-service,13.5,1785952250.6767933,INFO,,OK cpu=34% p99=122ms err=0.05%
live_ep_000030_NONE,NONE,inventory-service,14.0,1785952251.177325,INFO,,OK cpu=33% p99=143ms err=0.77%
live_ep_000030_NONE,NONE,inventory-service,14.5,1785952251.6778862,INFO,,OK cpu=37% p99=119ms err=0.75%
live_ep_000030_NONE,NONE,inventory-service,15.0,1785952252.1785069,INFO,,OK cpu=42% p99=143ms err=0.42%
live_ep_000030_NONE,NONE,inventory-service,15.5,1785952252.6789238,INFO,,OK cpu=38% p99=150ms err=0.74%
live_ep_000030_NONE,NONE,inventory-service,16.0,1785952253.179093,INFO,,OK cpu=33% p99=149ms err=1.13%
live_ep_000030_NONE,NONE,inventory-service,16.5,1785952253.679321,INFO,,OK cpu=30% p99=95ms err=2.68%
live_ep_000030_NONE,NONE,inventory-service,17.0,1785952254.1809394,INFO,,OK cpu=30% p99=112ms err=0.89%
live_ep_000030_NONE,NONE,inventory-service,17.5,1785952254.6811485,INFO,,OK cpu=32% p99=137ms err=0.38%
live_ep_000030_NONE,NONE,inventory-service,18.0,1785952255.1814787,INFO,,OK cpu=33% p99=133ms err=0.43%
live_ep_000030_NONE,NONE,inventory-service,18.5,1785952255.6820548,INFO,,OK cpu=44% p99=110ms err=0.60%
live_ep_000030_NONE,NONE,inventory-service,19.0,1785952256.182295,INFO,,OK cpu=34% p99=112ms err=0.87%
live_ep_000030_NONE,NONE,inventory-service,19.5,1785952256.6826818,INFO,,OK cpu=46% p99=132ms err=1.51%
live_ep_000030_NONE,NONE,inventory-service,20.0,1785952257.1841526,INFO,,OK cpu=24% p99=125ms err=0.73%
live_ep_000030_NONE,NONE,inventory-service,20.5,1785952257.6846366,INFO,,OK cpu=33% p99=106ms err=0.86%
live_ep_000030_NONE,NONE,inventory-service,21.0,1785952258.1847446,INFO,,OK cpu=35% p99=113ms err=1.46%
live_ep_000030_NONE,NONE,inventory-service,21.5,1785952258.685301,INFO,,OK cpu=33% p99=136ms err=0.58%
live_ep_000030_NONE,NONE,inventory-service,22.0,1785952259.1857708,INFO,,OK cpu=40% p99=112ms err=0.59%
live_ep_000030_NONE,NONE,inventory-service,22.5,1785952259.685898,INFO,,OK cpu=38% p99=98ms err=0.63%
live_ep_000030_NONE,NONE,inventory-service,23.0,1785952260.1862578,INFO,,OK cpu=36% p99=137ms err=2.11%
live_ep_000030_NONE,NONE,inventory-service,23.5,1785952260.6865199,INFO,,OK cpu=36% p99=117ms err=0.54%
live_ep_000030_NONE,NONE,inventory-service,24.0,1785952261.1866891,INFO,,OK cpu=29% p99=128ms err=1.03%
live_ep_000030_NONE,NONE,inventory-service,24.5,1785952261.686902,INFO,,OK cpu=38% p99=122ms err=3.91%
live_ep_000030_NONE,NONE,inventory-service,25.0,1785952262.187127,INFO,,OK cpu=26% p99=119ms err=3.13%
live_ep_000030_NONE,NONE,inventory-service,25.5,1785952262.6873922,INFO,,OK cpu=30% p99=150ms err=1.27%
live_ep_000030_NONE,NONE,inventory-service,26.0,1785952263.1874907,INFO,,OK cpu=24% p99=108ms err=1.20%
live_ep_000030_NONE,NONE,inventory-service,26.5,1785952263.6878233,INFO,,OK cpu=31% p99=152ms err=0.75%
live_ep_000030_NONE,NONE,inventory-service,27.0,1785952264.1879296,INFO,,OK cpu=33% p99=115ms err=3.07%
live_ep_000030_NONE,NONE,inventory-service,27.5,1785952264.687984,INFO,,OK cpu=42% p99=138ms err=0.94%
live_ep_000030_NONE,NONE,inventory-service,28.0,1785952265.1884878,INFO,,OK cpu=28% p99=114ms err=1.40%
live_ep_000030_NONE,NONE,inventory-service,28.5,1785952265.6887658,INFO,,OK cpu=39% p99=122ms err=0.57%
live_ep_000030_NONE,NONE,inventory-service,29.0,1785952266.1892045,INFO,,OK cpu=40% p99=127ms err=0.86%
live_ep_000030_NONE,NONE,inventory-service,29.5,1785952266.6897087,INFO,,OK cpu=36% p99=91ms err=0.69%
live_ep_000030_NONE,NONE,inventory-service,30.0,1785952267.1902168,INFO,,OK cpu=34% p99=96ms err=0.53%
live_ep_000030_NONE,NONE,inventory-service,30.5,1785952267.6907232,INFO,,OK cpu=41% p99=129ms err=1.72%
live_ep_000030_NONE,NONE,inventory-service,31.0,1785952268.1909635,INFO,,OK cpu=30% p99=113ms err=0.40%
live_ep_000030_NONE,NONE,inventory-service,31.5,1785952268.691214,INFO,,OK cpu=28% p99=110ms err=0.57%
live_ep_000030_NONE,NONE,inventory-service,32.0,1785952269.1914873,INFO,,OK cpu=45% p99=89ms err=1.22%
live_ep_000030_NONE,NONE,inventory-service,32.5,1785952269.691999,INFO,,OK cpu=42% p99=119ms err=0.91%
live_ep_000030_NONE,NONE,inventory-service,33.0,1785952270.19247,INFO,,OK cpu=30% p99=128ms err=0.17%
live_ep_000030_NONE,NONE,inventory-service,33.5,1785952270.6926858,INFO,,OK cpu=33% p99=122ms err=0.38%
live_ep_000030_NONE,NONE,inventory-service,34.0,1785952271.193107,INFO,,OK cpu=36% p99=169ms err=1.07%
live_ep_000030_NONE,NONE,inventory-service,34.5,1785952271.693383,INFO,,OK cpu=46% p99=115ms err=0.30%
live_ep_000030_NONE,NONE,inventory-service,35.0,1785952272.1935222,INFO,,OK cpu=36% p99=104ms err=0.81%
live_ep_000030_NONE,NONE,inventory-service,35.5,1785952272.6940844,INFO,,OK cpu=32% p99=121ms err=2.08%
live_ep_000030_NONE,NONE,inventory-service,36.0,1785952273.1944337,INFO,,OK cpu=34% p99=141ms err=0.55%
live_ep_000030_NONE,NONE,inventory-service,36.5,1785952273.694779,INFO,,OK cpu=37% p99=116ms err=0.29%
live_ep_000030_NONE,NONE,inventory-service,37.0,1785952274.1950493,INFO,,OK cpu=28% p99=128ms err=0.12%
live_ep_000030_NONE,NONE,inventory-service,37.5,1785952274.6954122,INFO,,OK cpu=33% p99=128ms err=0.75%
live_ep_000030_NONE,NONE,inventory-service,38.0,1785952275.1956475,INFO,,OK cpu=39% p99=124ms err=1.63%
live_ep_000030_NONE,NONE,inventory-service,38.5,1785952275.695818,INFO,,OK cpu=33% p99=129ms err=0.28%
live_ep_000030_NONE,NONE,inventory-service,39.0,1785952276.1960664,INFO,,OK cpu=34% p99=133ms err=0.93%
live_ep_000030_NONE,NONE,inventory-service,39.5,1785952276.6962473,INFO,,OK cpu=34% p99=105ms err=0.97%
live_ep_000030_NONE,NONE,inventory-service,40.0,1785952277.1964114,INFO,,OK cpu=27% p99=129ms err=0.53%
live_ep_000030_NONE,NONE,inventory-service,40.5,1785952277.696714,INFO,,OK cpu=38% p99=130ms err=1.19%
live_ep_000030_NONE,NONE,inventory-service,41.0,1785952278.1972551,INFO,,OK cpu=39% p99=111ms err=0.41%
live_ep_000030_NONE,NONE,inventory-service,41.5,1785952278.6974034,INFO,,OK cpu=32% p99=115ms err=2.16%
live_ep_000030_NONE,NONE,inventory-service,42.0,1785952279.197626,INFO,,OK cpu=33% p99=111ms err=0.77%
live_ep_000030_NONE,NONE,inventory-service,42.5,1785952279.698177,INFO,,OK cpu=19% p99=122ms err=0.73%
live_ep_000030_NONE,NONE,inventory-service,43.0,1785952280.198296,INFO,,OK cpu=36% p99=115ms err=0.50%
live_ep_000030_NONE,NONE,inventory-service,43.5,1785952280.6983428,INFO,,OK cpu=30% p99=117ms err=0.64%
live_ep_000030_NONE,NONE,inventory-service,44.0,1785952281.1987395,INFO,,OK cpu=35% p99=124ms err=0.79%
live_ep_000030_NONE,NONE,inventory-service,44.5,1785952281.6991951,INFO,,OK cpu=35% p99=124ms err=1.14%
live_ep_000030_NONE,NONE,inventory-service,45.0,1785952282.199601,INFO,,OK cpu=44% p99=139ms err=1.21%
live_ep_000030_NONE,NONE,inventory-service,45.5,1785952282.6996527,INFO,,OK cpu=38% p99=121ms err=0.32%
live_ep_000030_NONE,NONE,inventory-service,46.0,1785952283.199864,INFO,,OK cpu=29% p99=104ms err=0.30%
live_ep_000030_NONE,NONE,inventory-service,46.5,1785952283.7002654,INFO,,OK cpu=27% p99=115ms err=0.21%
live_ep_000030_NONE,NONE,inventory-service,47.0,1785952284.2004027,INFO,,OK cpu=40% p99=104ms err=1.34%
live_ep_000030_NONE,NONE,inventory-service,47.5,1785952284.7005389,INFO,,OK cpu=36% p99=112ms err=0.44%
live_ep_000030_NONE,NONE,inventory-service,48.0,1785952285.2010624,INFO,,OK cpu=33% p99=119ms err=2.62%
live_ep_000030_NONE,NONE,inventory-service,48.5,1785952285.701506,INFO,,OK cpu=28% p99=127ms err=0.61%
live_ep_000030_NONE,NONE,inventory-service,49.0,1785952286.2017198,INFO,,OK cpu=35% p99=130ms err=0.63%
live_ep_000030_NONE,NONE,inventory-service,49.5,1785952286.7022862,INFO,,OK cpu=33% p99=119ms err=2.42%
live_ep_000030_NONE,NONE,inventory-service,50.0,1785952287.202844,INFO,,OK cpu=32% p99=124ms err=1.13%
live_ep_000030_NONE,NONE,inventory-service,50.5,1785952287.7034168,INFO,,OK cpu=46% p99=125ms err=0.67%
live_ep_000030_NONE,NONE,inventory-service,51.0,1785952288.2038467,INFO,,OK cpu=31% p99=130ms err=1.89%
live_ep_000030_NONE,NONE,inventory-service,51.5,1785952288.704116,INFO,,OK cpu=40% p99=122ms err=0.42%
live_ep_000030_NONE,NONE,inventory-service,52.0,1785952289.204252,INFO,,OK cpu=32% p99=129ms err=0.53%
live_ep_000030_NONE,NONE,inventory-service,52.5,1785952289.7044818,INFO,,OK cpu=47% p99=142ms err=0.73%
live_ep_000030_NONE,NONE,inventory-service,53.0,1785952290.2056708,INFO,,OK cpu=30% p99=90ms err=0.17%
live_ep_000030_NONE,NONE,inventory-service,53.5,1785952290.7059548,INFO,,OK cpu=34% p99=122ms err=1.35%
live_ep_000030_NONE,NONE,inventory-service,54.0,1785952291.206417,INFO,,OK cpu=33% p99=105ms err=0.94%
live_ep_000030_NONE,NONE,inventory-service,54.5,1785952291.7075155,INFO,,OK cpu=34% p99=100ms err=2.11%
live_ep_000030_NONE,NONE,inventory-service,55.0,1785952292.2076945,INFO,,OK cpu=39% p99=135ms err=2.63%
live_ep_000030_NONE,NONE,inventory-service,55.5,1785952292.7080925,INFO,,OK cpu=39% p99=110ms err=0.36%
live_ep_000030_NONE,NONE,inventory-service,56.0,1785952293.2082026,INFO,,OK cpu=32% p99=129ms err=1.13%
live_ep_000030_NONE,NONE,inventory-service,56.5,1785952293.7083282,INFO,,OK cpu=29% p99=119ms err=1.36%
live_ep_000030_NONE,NONE,inventory-service,57.0,1785952294.208434,INFO,,OK cpu=36% p99=136ms err=0.11%
live_ep_000030_NONE,NONE,inventory-service,57.5,1785952294.7086334,INFO,,OK cpu=31% p99=147ms err=2.23%
live_ep_000030_NONE,NONE,inventory-service,58.0,1785952295.2089593,INFO,,OK cpu=34% p99=104ms err=0.87%
live_ep_000030_NONE,NONE,inventory-service,58.5,1785952295.7093487,INFO,,OK cpu=30% p99=126ms err=0.41%
live_ep_000030_NONE,NONE,inventory-service,59.0,1785952296.209851,INFO,,OK cpu=40% p99=113ms err=2.16%
live_ep_000030_NONE,NONE,inventory-service,59.5,1785952296.7100554,INFO,,OK cpu=35% p99=141ms err=0.15%
live_ep_000031_NONE,NONE,inventory-service,0.0,1785952297.2108116,INFO,,OK cpu=37% p99=131ms err=1.00%
live_ep_000031_NONE,NONE,inventory-service,0.5,1785952297.7128272,INFO,,OK cpu=31% p99=119ms err=0.24%
live_ep_000031_NONE,NONE,inventory-service,1.0,1785952298.2137876,INFO,,OK cpu=38% p99=132ms err=2.04%
live_ep_000031_NONE,NONE,inventory-service,1.5,1785952298.714237,INFO,,OK cpu=35% p99=112ms err=1.45%
live_ep_000031_NONE,NONE,inventory-service,2.0,1785952299.21441,INFO,,OK cpu=45% p99=115ms err=0.51%
live_ep_000031_NONE,NONE,inventory-service,2.5,1785952299.7149305,INFO,,OK cpu=45% p99=100ms err=1.03%
live_ep_000031_NONE,NONE,inventory-service,3.0,1785952300.2153645,INFO,,OK cpu=29% p99=115ms err=0.77%
live_ep_000031_NONE,NONE,inventory-service,3.5,1785952300.715531,INFO,,OK cpu=40% p99=118ms err=0.99%
live_ep_000031_NONE,NONE,inventory-service,4.0,1785952301.215963,INFO,,OK cpu=27% p99=113ms err=0.38%
live_ep_000031_NONE,NONE,inventory-service,4.5,1785952301.7161655,INFO,,OK cpu=45% p99=122ms err=1.77%
live_ep_000031_NONE,NONE,inventory-service,5.0,1785952302.216555,INFO,,OK cpu=26% p99=103ms err=0.39%
live_ep_000031_NONE,NONE,inventory-service,5.5,1785952302.7170055,INFO,,OK cpu=38% p99=107ms err=0.34%
live_ep_000031_NONE,NONE,inventory-service,6.0,1785952303.2174516,INFO,,OK cpu=36% p99=148ms err=1.38%
live_ep_000031_NONE,NONE,inventory-service,6.5,1785952303.7177746,INFO,,OK cpu=32% p99=122ms err=0.27%
live_ep_000031_NONE,NONE,inventory-service,7.0,1785952304.2180116,INFO,,OK cpu=30% p99=112ms err=0.47%
live_ep_000031_NONE,NONE,inventory-service,7.5,1785952304.7180808,INFO,,OK cpu=32% p99=112ms err=0.22%
live_ep_000031_NONE,NONE,inventory-service,8.0,1785952305.2183056,INFO,,OK cpu=35% p99=118ms err=0.41%
live_ep_000031_NONE,NONE,inventory-service,8.5,1785952305.7183733,INFO,,OK cpu=39% p99=122ms err=1.17%
live_ep_000031_NONE,NONE,inventory-service,9.0,1785952306.2187843,INFO,,OK cpu=28% p99=100ms err=0.43%
live_ep_000031_NONE,NONE,inventory-service,9.5,1785952306.718969,INFO,,OK cpu=40% p99=109ms err=0.63%
live_ep_000031_NONE,NONE,inventory-service,10.0,1785952307.2194657,INFO,,OK cpu=45% p99=97ms err=0.56%
live_ep_000031_NONE,NONE,inventory-service,10.5,1785952307.7198234,INFO,,OK cpu=29% p99=113ms err=0.45%
live_ep_000031_NONE,NONE,inventory-service,11.0,1785952308.2201746,INFO,,OK cpu=35% p99=112ms err=1.65%
live_ep_000031_NONE,NONE,inventory-service,11.5,1785952308.7206671,INFO,,OK cpu=37% p99=115ms err=1.25%
live_ep_000031_NONE,NONE,inventory-service,12.0,1785952309.2208555,INFO,,OK cpu=32% p99=126ms err=0.20%
live_ep_000031_NONE,NONE,inventory-service,12.5,1785952309.7212834,INFO,,OK cpu=40% p99=110ms err=0.87%
live_ep_000031_NONE,NONE,inventory-service,13.0,1785952310.2213528,INFO,,OK cpu=35% p99=106ms err=1.61%
live_ep_000031_NONE,NONE,inventory-service,13.5,1785952310.7218704,INFO,,OK cpu=37% p99=142ms err=1.22%
live_ep_000031_NONE,NONE,inventory-service,14.0,1785952311.222293,INFO,,OK cpu=36% p99=111ms err=1.39%
live_ep_000031_NONE,NONE,inventory-service,14.5,1785952311.7227912,INFO,,OK cpu=35% p99=104ms err=1.07%
live_ep_000031_NONE,NONE,inventory-service,15.0,1785952312.223215,INFO,,OK cpu=35% p99=129ms err=0.35%
live_ep_000031_NONE,NONE,inventory-service,15.5,1785952312.7235672,INFO,,OK cpu=34% p99=172ms err=0.32%
live_ep_000031_NONE,NONE,inventory-service,16.0,1785952313.2240982,INFO,,OK cpu=24% p99=101ms err=0.70%
live_ep_000031_NONE,NONE,inventory-service,16.5,1785952313.7241757,INFO,,OK cpu=30% p99=106ms err=0.22%
live_ep_000031_NONE,NONE,inventory-service,17.0,1785952314.2246587,INFO,,OK cpu=39% p99=130ms err=0.55%
live_ep_000031_NONE,NONE,inventory-service,17.5,1785952314.7251425,INFO,,OK cpu=40% p99=119ms err=0.81%
live_ep_000031_NONE,NONE,inventory-service,18.0,1785952315.2253773,INFO,,OK cpu=40% p99=100ms err=1.00%
live_ep_000031_NONE,NONE,inventory-service,18.5,1785952315.7254736,INFO,,OK cpu=34% p99=111ms err=0.72%
live_ep_000031_NONE,NONE,inventory-service,19.0,1785952316.2259603,INFO,,OK cpu=28% p99=123ms err=1.72%
live_ep_000031_NONE,NONE,inventory-service,19.5,1785952316.7260873,INFO,,OK cpu=36% p99=107ms err=1.04%
live_ep_000031_NONE,NONE,inventory-service,20.0,1785952317.246848,INFO,,OK cpu=26% p99=105ms err=0.41%
live_ep_000031_NONE,NONE,inventory-service,20.5,1785952317.7471302,INFO,,OK cpu=30% p99=124ms err=1.48%
live_ep_000031_NONE,NONE,inventory-service,21.0,1785952318.2476335,INFO,,OK cpu=41% p99=128ms err=0.76%
live_ep_000031_NONE,NONE,inventory-service,21.5,1785952318.7480423,INFO,,OK cpu=39% p99=152ms err=0.67%
live_ep_000031_NONE,NONE,inventory-service,22.0,1785952319.2483342,INFO,,OK cpu=30% p99=100ms err=0.27%
live_ep_000031_NONE,NONE,inventory-service,22.5,1785952319.7486506,INFO,,OK cpu=26% p99=91ms err=0.87%
live_ep_000031_NONE,NONE,inventory-service,23.0,1785952320.249165,INFO,,OK cpu=43% p99=111ms err=0.33%
live_ep_000031_NONE,NONE,inventory-service,23.5,1785952320.7532718,INFO,,OK cpu=46% p99=116ms err=0.53%
live_ep_000031_NONE,NONE,inventory-service,24.0,1785952321.253855,INFO,,OK cpu=30% p99=127ms err=0.16%
live_ep_000031_NONE,NONE,inventory-service,24.5,1785952321.7539504,INFO,,OK cpu=39% p99=117ms err=1.16%
live_ep_000031_NONE,NONE,inventory-service,25.0,1785952322.254335,INFO,,OK cpu=37% p99=113ms err=0.88%
live_ep_000031_NONE,NONE,inventory-service,25.5,1785952322.754657,INFO,,OK cpu=33% p99=129ms err=0.90%
live_ep_000031_NONE,NONE,inventory-service,26.0,1785952323.2546928,INFO,,OK cpu=37% p99=131ms err=0.15%
live_ep_000031_NONE,NONE,inventory-service,26.5,1785952323.754835,INFO,,OK cpu=30% p99=117ms err=0.07%
live_ep_000031_NONE,NONE,inventory-service,27.0,1785952324.2552621,INFO,,OK cpu=30% p99=105ms err=0.20%
live_ep_000031_NONE,NONE,inventory-service,27.5,1785952324.7555537,INFO,,OK cpu=22% p99=132ms err=2.06%
live_ep_000031_NONE,NONE,inventory-service,28.0,1785952325.2560527,INFO,,OK cpu=34% p99=126ms err=1.59%
live_ep_000031_NONE,NONE,inventory-service,28.5,1785952325.756465,INFO,,OK cpu=35% p99=118ms err=0.90%
live_ep_000031_NONE,NONE,inventory-service,29.0,1785952326.256907,INFO,,OK cpu=38% p99=104ms err=1.58%
live_ep_000031_NONE,NONE,inventory-service,29.5,1785952326.7574642,INFO,,OK cpu=34% p99=112ms err=1.70%
live_ep_000031_NONE,NONE,inventory-service,30.0,1785952327.2581532,INFO,,OK cpu=32% p99=105ms err=0.81%
live_ep_000031_NONE,NONE,inventory-service,30.5,1785952327.7582808,INFO,,OK cpu=45% p99=138ms err=1.45%
live_ep_000031_NONE,NONE,inventory-service,31.0,1785952328.2587154,INFO,,OK cpu=42% p99=142ms err=0.38%
live_ep_000031_NONE,NONE,inventory-service,31.5,1785952328.7591934,INFO,,OK cpu=34% p99=138ms err=2.25%
live_ep_000031_NONE,NONE,inventory-service,32.0,1785952329.2593126,INFO,,OK cpu=32% p99=144ms err=2.20%
live_ep_000031_NONE,NONE,inventory-service,32.5,1785952329.7596138,INFO,,OK cpu=39% p99=112ms err=0.17%
live_ep_000031_NONE,NONE,inventory-service,33.0,1785952330.2600944,INFO,,OK cpu=31% p99=133ms err=1.23%
live_ep_000031_NONE,NONE,inventory-service,33.5,1785952330.760457,INFO,,OK cpu=36% p99=127ms err=0.33%
live_ep_000031_NONE,NONE,inventory-service,34.0,1785952331.2609155,INFO,,OK cpu=38% p99=115ms err=0.57%
live_ep_000031_NONE,NONE,inventory-service,34.5,1785952331.7613049,INFO,,OK cpu=28% p99=147ms err=0.67%
live_ep_000031_NONE,NONE,inventory-service,35.0,1785952332.2617881,INFO,,OK cpu=35% p99=131ms err=0.27%
live_ep_000031_NONE,NONE,inventory-service,35.5,1785952332.7627861,INFO,,OK cpu=36% p99=97ms err=0.51%
live_ep_000031_NONE,NONE,inventory-service,36.0,1785952333.2631586,INFO,,OK cpu=32% p99=116ms err=0.30%
live_ep_000031_NONE,NONE,inventory-service,36.5,1785952333.7632976,INFO,,OK cpu=37% p99=125ms err=0.69%
live_ep_000031_NONE,NONE,inventory-service,37.0,1785952334.2638316,INFO,,OK cpu=29% p99=148ms err=0.39%
live_ep_000031_NONE,NONE,inventory-service,37.5,1785952334.7653873,INFO,,OK cpu=38% p99=133ms err=0.33%
live_ep_000031_NONE,NONE,inventory-service,38.0,1785952335.2654996,INFO,,OK cpu=34% p99=131ms err=0.10%
live_ep_000031_NONE,NONE,inventory-service,38.5,1785952335.7656448,INFO,,OK cpu=32% p99=112ms err=2.00%
live_ep_000031_NONE,NONE,inventory-service,39.0,1785952336.265881,INFO,,OK cpu=33% p99=105ms err=1.44%
live_ep_000031_NONE,NONE,inventory-service,39.5,1785952336.7662725,INFO,,OK cpu=26% p99=111ms err=0.93%
live_ep_000031_NONE,NONE,inventory-service,40.0,1785952337.266594,INFO,,OK cpu=43% p99=121ms err=0.91%
live_ep_000031_NONE,NONE,inventory-service,40.5,1785952337.7685688,INFO,,OK cpu=38% p99=147ms err=0.84%
live_ep_000031_NONE,NONE,inventory-service,41.0,1785952338.268669,INFO,,OK cpu=38% p99=136ms err=0.55%
live_ep_000031_NONE,NONE,inventory-service,41.5,1785952338.7693925,INFO,,OK cpu=36% p99=124ms err=1.45%
live_ep_000031_NONE,NONE,inventory-service,42.0,1785952339.2699153,INFO,,OK cpu=34% p99=96ms err=0.49%
live_ep_000031_NONE,NONE,inventory-service,42.5,1785952339.7702963,INFO,,OK cpu=35% p99=143ms err=0.79%
live_ep_000031_NONE,NONE,inventory-service,43.0,1785952340.2716937,INFO,,OK cpu=33% p99=125ms err=1.65%
live_ep_000031_NONE,NONE,inventory-service,43.5,1785952340.772245,INFO,,OK cpu=33% p99=135ms err=1.79%
live_ep_000031_NONE,NONE,inventory-service,44.0,1785952341.272785,INFO,,OK cpu=38% p99=121ms err=1.40%
live_ep_000031_NONE,NONE,inventory-service,44.5,1785952341.773576,INFO,,OK cpu=31% p99=106ms err=0.74%
live_ep_000031_NONE,NONE,inventory-service,45.0,1785952342.2763898,INFO,,OK cpu=29% p99=141ms err=1.62%
live_ep_000031_NONE,NONE,inventory-service,45.5,1785952342.776669,INFO,,OK cpu=37% p99=121ms err=1.77%
live_ep_000031_NONE,NONE,inventory-service,46.0,1785952343.2770083,INFO,,OK cpu=28% p99=153ms err=1.13%
live_ep_000031_NONE,NONE,inventory-service,46.5,1785952343.777532,INFO,,OK cpu=40% p99=126ms err=0.37%
live_ep_000031_NONE,NONE,inventory-service,47.0,1785952344.2776384,INFO,,OK cpu=44% p99=105ms err=0.94%
live_ep_000031_NONE,NONE,inventory-service,47.5,1785952344.7781384,INFO,,OK cpu=33% p99=116ms err=0.38%
live_ep_000031_NONE,NONE,inventory-service,48.0,1785952345.2792177,INFO,,OK cpu=36% p99=145ms err=1.58%
live_ep_000031_NONE,NONE,inventory-service,48.5,1785952345.779558,INFO,,OK cpu=38% p99=125ms err=1.35%
live_ep_000031_NONE,NONE,inventory-service,49.0,1785952346.279653,INFO,,OK cpu=36% p99=147ms err=1.14%
live_ep_000031_NONE,NONE,inventory-service,49.5,1785952346.7799993,INFO,,OK cpu=28% p99=127ms err=0.32%
live_ep_000031_NONE,NONE,inventory-service,50.0,1785952347.2800703,INFO,,OK cpu=38% p99=132ms err=0.91%
live_ep_000031_NONE,NONE,inventory-service,50.5,1785952347.780641,INFO,,OK cpu=41% p99=98ms err=1.02%
live_ep_000031_NONE,NONE,inventory-service,51.0,1785952348.2811005,INFO,,OK cpu=35% p99=143ms err=0.30%
live_ep_000031_NONE,NONE,inventory-service,51.5,1785952348.7811599,INFO,,OK cpu=39% p99=128ms err=0.90%
live_ep_000031_NONE,NONE,inventory-service,52.0,1785952349.2814844,INFO,,OK cpu=42% p99=120ms err=0.63%
live_ep_000031_NONE,NONE,inventory-service,52.5,1785952349.7816637,INFO,,OK cpu=30% p99=101ms err=0.74%
live_ep_000031_NONE,NONE,inventory-service,53.0,1785952350.282158,INFO,,OK cpu=41% p99=127ms err=0.88%
live_ep_000031_NONE,NONE,inventory-service,53.5,1785952350.7833402,INFO,,OK cpu=50% p99=116ms err=0.15%
live_ep_000031_NONE,NONE,inventory-service,54.0,1785952351.2837985,INFO,,OK cpu=31% p99=156ms err=1.12%
live_ep_000031_NONE,NONE,inventory-service,54.5,1785952351.784289,INFO,,OK cpu=36% p99=135ms err=2.09%
live_ep_000031_NONE,NONE,inventory-service,55.0,1785952352.2848122,INFO,,OK cpu=31% p99=109ms err=2.29%
live_ep_000031_NONE,NONE,inventory-service,55.5,1785952352.7849958,INFO,,OK cpu=44% p99=108ms err=0.91%
live_ep_000031_NONE,NONE,inventory-service,56.0,1785952353.2851315,INFO,,OK cpu=29% p99=91ms err=0.34%
live_ep_000031_NONE,NONE,inventory-service,56.5,1785952353.7855833,INFO,,OK cpu=36% p99=122ms err=1.29%
live_ep_000031_NONE,NONE,inventory-service,57.0,1785952354.2860918,INFO,,OK cpu=33% p99=116ms err=0.40%
live_ep_000031_NONE,NONE,inventory-service,57.5,1785952354.7861512,INFO,,OK cpu=32% p99=130ms err=1.76%
live_ep_000031_NONE,NONE,inventory-service,58.0,1785952355.286339,INFO,,OK cpu=27% p99=131ms err=3.65%
live_ep_000031_NONE,NONE,inventory-service,58.5,1785952355.7872725,INFO,,OK cpu=37% p99=88ms err=0.15%
live_ep_000031_NONE,NONE,inventory-service,59.0,1785952356.2881615,INFO,,OK cpu=25% p99=128ms err=2.25%
live_ep_000031_NONE,NONE,inventory-service,59.5,1785952356.7888339,INFO,,OK cpu=31% p99=98ms err=0.89%
live_ep_000032_NONE,NONE,order-service,0.0,1785952357.2904239,INFO,,OK cpu=33% p99=110ms err=3.01%
live_ep_000032_NONE,NONE,order-service,0.5,1785952357.791035,INFO,,OK cpu=52% p99=140ms err=0.90%
live_ep_000032_NONE,NONE,order-service,1.0,1785952358.291574,INFO,,OK cpu=27% p99=129ms err=0.07%
live_ep_000032_NONE,NONE,order-service,1.5,1785952358.7926002,INFO,,OK cpu=39% p99=134ms err=1.68%
live_ep_000032_NONE,NONE,order-service,2.0,1785952359.2931242,INFO,,OK cpu=32% p99=113ms err=0.10%
live_ep_000032_NONE,NONE,order-service,2.5,1785952359.7934215,INFO,,OK cpu=26% p99=115ms err=0.52%
live_ep_000032_NONE,NONE,order-service,3.0,1785952360.2936552,INFO,,OK cpu=38% p99=103ms err=0.65%
live_ep_000032_NONE,NONE,order-service,3.5,1785952360.7941806,INFO,,OK cpu=30% p99=127ms err=0.42%
live_ep_000032_NONE,NONE,order-service,4.0,1785952361.2948246,INFO,,OK cpu=31% p99=126ms err=0.70%
live_ep_000032_NONE,NONE,order-service,4.5,1785952361.794903,INFO,,OK cpu=34% p99=113ms err=0.91%
live_ep_000032_NONE,NONE,order-service,5.0,1785952362.295234,INFO,,OK cpu=33% p99=117ms err=2.98%
live_ep_000032_NONE,NONE,order-service,5.5,1785952362.795998,INFO,,OK cpu=37% p99=131ms err=0.48%
live_ep_000032_NONE,NONE,order-service,6.0,1785952363.2961376,INFO,,OK cpu=44% p99=106ms err=1.19%
live_ep_000032_NONE,NONE,order-service,6.5,1785952363.7963026,INFO,,OK cpu=41% p99=105ms err=0.87%
live_ep_000032_NONE,NONE,order-service,7.0,1785952364.2966464,INFO,,OK cpu=34% p99=111ms err=0.87%
live_ep_000032_NONE,NONE,order-service,7.5,1785952364.7970533,INFO,,OK cpu=46% p99=129ms err=1.40%
live_ep_000032_NONE,NONE,order-service,8.0,1785952365.297287,INFO,,OK cpu=26% p99=118ms err=0.29%
live_ep_000032_NONE,NONE,order-service,8.5,1785952365.7976708,INFO,,OK cpu=41% p99=98ms err=0.18%
live_ep_000032_NONE,NONE,order-service,9.0,1785952366.2979145,INFO,,OK cpu=45% p99=110ms err=0.27%
live_ep_000032_NONE,NONE,order-service,9.5,1785952366.7983425,INFO,,OK cpu=30% p99=132ms err=1.39%
live_ep_000032_NONE,NONE,order-service,10.0,1785952367.2984629,INFO,,OK cpu=35% p99=118ms err=2.10%
live_ep_000032_NONE,NONE,order-service,10.5,1785952367.7989132,INFO,,OK cpu=35% p99=93ms err=0.20%
live_ep_000032_NONE,NONE,order-service,11.0,1785952368.29919,INFO,,OK cpu=38% p99=114ms err=0.42%
live_ep_000032_NONE,NONE,order-service,11.5,1785952368.799691,INFO,,OK cpu=42% p99=127ms err=0.31%
live_ep_000032_NONE,NONE,order-service,12.0,1785952369.299812,INFO,,OK cpu=28% p99=101ms err=1.73%
live_ep_000032_NONE,NONE,order-service,12.5,1785952369.800409,INFO,,OK cpu=27% p99=133ms err=1.19%
live_ep_000032_NONE,NONE,order-service,13.0,1785952370.3009481,INFO,,OK cpu=32% p99=131ms err=1.24%
live_ep_000032_NONE,NONE,order-service,13.5,1785952370.8011036,INFO,,OK cpu=35% p99=160ms err=1.62%
live_ep_000032_NONE,NONE,order-service,14.0,1785952371.3028116,INFO,,OK cpu=41% p99=146ms err=1.11%
live_ep_000032_NONE,NONE,order-service,14.5,1785952371.8032246,INFO,,OK cpu=37% p99=128ms err=1.03%
live_ep_000032_NONE,NONE,order-service,15.0,1785952372.3033385,INFO,,OK cpu=33% p99=134ms err=2.04%
live_ep_000032_NONE,NONE,order-service,15.5,1785952372.8036425,INFO,,OK cpu=36% p99=135ms err=0.18%
live_ep_000032_NONE,NONE,order-service,16.0,1785952373.3038015,INFO,,OK cpu=36% p99=115ms err=0.05%
live_ep_000032_NONE,NONE,order-service,16.5,1785952373.8041396,INFO,,OK cpu=27% p99=123ms err=0.97%
live_ep_000032_NONE,NONE,order-service,17.0,1785952374.3045006,INFO,,OK cpu=35% p99=106ms err=0.39%
live_ep_000032_NONE,NONE,order-service,17.5,1785952374.8052175,INFO,,OK cpu=33% p99=142ms err=0.38%
live_ep_000032_NONE,NONE,order-service,18.0,1785952375.3059032,INFO,,OK cpu=38% p99=116ms err=2.67%
live_ep_000032_NONE,NONE,order-service,18.5,1785952375.8086607,INFO,,OK cpu=31% p99=104ms err=0.27%
live_ep_000032_NONE,NONE,order-service,19.0,1785952376.3094387,INFO,,OK cpu=41% p99=82ms err=0.54%
live_ep_000032_NONE,NONE,order-service,19.5,1785952376.8100078,INFO,,OK cpu=42% p99=145ms err=0.33%
live_ep_000032_NONE,NONE,order-service,20.0,1785952377.3100898,INFO,,OK cpu=37% p99=120ms err=0.68%
live_ep_000032_NONE,NONE,order-service,20.5,1785952377.8103406,INFO,,OK cpu=30% p99=151ms err=0.69%
live_ep_000032_NONE,NONE,order-service,21.0,1785952378.3104131,INFO,,OK cpu=25% p99=116ms err=0.77%
live_ep_000032_NONE,NONE,order-service,21.5,1785952378.810913,INFO,,OK cpu=34% p99=101ms err=0.92%
live_ep_000032_NONE,NONE,order-service,22.0,1785952379.3112068,INFO,,OK cpu=36% p99=120ms err=0.82%
live_ep_000032_NONE,NONE,order-service,22.5,1785952379.8116422,INFO,,OK cpu=26% p99=140ms err=0.99%
live_ep_000032_NONE,NONE,order-service,23.0,1785952380.312106,INFO,,OK cpu=36% p99=116ms err=1.06%
live_ep_000032_NONE,NONE,order-service,23.5,1785952380.8123329,INFO,,OK cpu=34% p99=131ms err=0.87%
live_ep_000032_NONE,NONE,order-service,24.0,1785952381.3125825,INFO,,OK cpu=39% p99=113ms err=1.15%
live_ep_000032_NONE,NONE,order-service,24.5,1785952381.8129766,INFO,,OK cpu=31% p99=111ms err=0.74%
live_ep_000032_NONE,NONE,order-service,25.0,1785952382.3133194,INFO,,OK cpu=38% p99=113ms err=0.69%
live_ep_000032_NONE,NONE,order-service,25.5,1785952382.8136442,INFO,,OK cpu=38% p99=112ms err=0.73%
live_ep_000032_NONE,NONE,order-service,26.0,1785952383.3142219,INFO,,OK cpu=29% p99=123ms err=0.77%
live_ep_000032_NONE,NONE,order-service,26.5,1785952383.8149269,INFO,,OK cpu=33% p99=121ms err=0.03%
live_ep_000032_NONE,NONE,order-service,27.0,1785952384.3153074,INFO,,OK cpu=39% p99=120ms err=0.90%
live_ep_000032_NONE,NONE,order-service,27.5,1785952384.8154893,INFO,,OK cpu=35% p99=123ms err=0.54%
live_ep_000032_NONE,NONE,order-service,28.0,1785952385.3161762,INFO,,OK cpu=37% p99=114ms err=1.26%
live_ep_000032_NONE,NONE,order-service,28.5,1785952385.8189833,INFO,,OK cpu=33% p99=123ms err=0.82%
live_ep_000032_NONE,NONE,order-service,29.0,1785952386.3195865,INFO,,OK cpu=41% p99=104ms err=0.44%
live_ep_000032_NONE,NONE,order-service,29.5,1785952386.8201737,INFO,,OK cpu=33% p99=136ms err=0.66%
live_ep_000032_NONE,NONE,order-service,30.0,1785952387.3204052,INFO,,OK cpu=30% p99=126ms err=0.93%
live_ep_000032_NONE,NONE,order-service,30.5,1785952387.8207388,INFO,,OK cpu=38% p99=120ms err=0.58%
live_ep_000032_NONE,NONE,order-service,31.0,1785952388.3212173,INFO,,OK cpu=40% p99=136ms err=1.46%
live_ep_000032_NONE,NONE,order-service,31.5,1785952388.8216763,INFO,,OK cpu=26% p99=119ms err=0.61%
live_ep_000032_NONE,NONE,order-service,32.0,1785952389.3221018,INFO,,OK cpu=24% p99=130ms err=0.39%
live_ep_000032_NONE,NONE,order-service,32.5,1785952389.8224733,INFO,,OK cpu=35% p99=125ms err=0.54%
live_ep_000032_NONE,NONE,order-service,33.0,1785952390.3229523,INFO,,OK cpu=44% p99=115ms err=1.30%
live_ep_000032_NONE,NONE,order-service,33.5,1785952390.823304,INFO,,OK cpu=35% p99=104ms err=0.14%
live_ep_000032_NONE,NONE,order-service,34.0,1785952391.3237562,INFO,,OK cpu=35% p99=126ms err=0.49%
live_ep_000032_NONE,NONE,order-service,34.5,1785952391.8242404,INFO,,OK cpu=33% p99=109ms err=0.44%
live_ep_000032_NONE,NONE,order-service,35.0,1785952392.3243816,INFO,,OK cpu=37% p99=128ms err=1.23%
live_ep_000032_NONE,NONE,order-service,35.5,1785952392.824738,INFO,,OK cpu=37% p99=102ms err=2.57%
live_ep_000032_NONE,NONE,order-service,36.0,1785952393.3260543,INFO,,OK cpu=40% p99=113ms err=0.99%
live_ep_000032_NONE,NONE,order-service,36.5,1785952393.8265088,INFO,,OK cpu=33% p99=105ms err=0.76%
live_ep_000032_NONE,NONE,order-service,37.0,1785952394.3265798,INFO,,OK cpu=35% p99=103ms err=0.12%
live_ep_000032_NONE,NONE,order-service,37.5,1785952394.8268256,INFO,,OK cpu=28% p99=106ms err=0.18%
live_ep_000032_NONE,NONE,order-service,38.0,1785952395.3270683,INFO,,OK cpu=37% p99=100ms err=1.01%
live_ep_000032_NONE,NONE,order-service,38.5,1785952395.8276398,INFO,,OK cpu=35% p99=122ms err=2.33%
live_ep_000032_NONE,NONE,order-service,39.0,1785952396.3279595,INFO,,OK cpu=32% p99=108ms err=0.92%
live_ep_000032_NONE,NONE,order-service,39.5,1785952396.8282616,INFO,,OK cpu=37% p99=87ms err=2.19%
live_ep_000032_NONE,NONE,order-service,40.0,1785952397.3283978,INFO,,OK cpu=40% p99=102ms err=0.91%
live_ep_000032_NONE,NONE,order-service,40.5,1785952397.8287606,INFO,,OK cpu=35% p99=111ms err=0.49%
live_ep_000032_NONE,NONE,order-service,41.0,1785952398.3293006,INFO,,OK cpu=32% p99=123ms err=1.67%
live_ep_000032_NONE,NONE,order-service,41.5,1785952398.8293471,INFO,,OK cpu=35% p99=102ms err=0.46%
live_ep_000032_NONE,NONE,order-service,42.0,1785952399.329765,INFO,,OK cpu=36% p99=108ms err=0.35%
live_ep_000032_NONE,NONE,order-service,42.5,1785952399.830198,INFO,,OK cpu=39% p99=105ms err=0.48%
live_ep_000032_NONE,NONE,order-service,43.0,1785952400.3311658,INFO,,OK cpu=36% p99=107ms err=1.19%
live_ep_000032_NONE,NONE,order-service,43.5,1785952400.8316011,INFO,,OK cpu=34% p99=108ms err=1.32%
live_ep_000032_NONE,NONE,order-service,44.0,1785952401.3319592,INFO,,OK cpu=41% p99=108ms err=0.74%
live_ep_000032_NONE,NONE,order-service,44.5,1785952401.8321111,INFO,,OK cpu=32% p99=115ms err=0.50%
live_ep_000032_NONE,NONE,order-service,45.0,1785952402.3323898,INFO,,OK cpu=36% p99=117ms err=1.66%
live_ep_000032_NONE,NONE,order-service,45.5,1785952402.8329136,INFO,,OK cpu=19% p99=116ms err=0.15%
live_ep_000032_NONE,NONE,order-service,46.0,1785952403.3332615,INFO,,OK cpu=37% p99=130ms err=1.20%
live_ep_000032_NONE,NONE,order-service,46.5,1785952403.833652,INFO,,OK cpu=41% p99=159ms err=0.99%
live_ep_000032_NONE,NONE,order-service,47.0,1785952404.33417,INFO,,OK cpu=46% p99=125ms err=3.19%
live_ep_000032_NONE,NONE,order-service,47.5,1785952404.834606,INFO,,OK cpu=38% p99=108ms err=0.31%
live_ep_000032_NONE,NONE,order-service,48.0,1785952405.3348293,INFO,,OK cpu=29% p99=138ms err=0.76%
live_ep_000032_NONE,NONE,order-service,48.5,1785952405.8350055,INFO,,OK cpu=39% p99=119ms err=3.64%
live_ep_000032_NONE,NONE,order-service,49.0,1785952406.335542,INFO,,OK cpu=29% p99=148ms err=1.21%
live_ep_000032_NONE,NONE,order-service,49.5,1785952406.8356814,INFO,,OK cpu=41% p99=153ms err=3.01%
live_ep_000032_NONE,NONE,order-service,50.0,1785952407.3361201,INFO,,OK cpu=38% p99=112ms err=0.44%
live_ep_000032_NONE,NONE,order-service,50.5,1785952407.8363214,INFO,,OK cpu=30% p99=118ms err=1.26%
live_ep_000032_NONE,NONE,order-service,51.0,1785952408.336816,INFO,,OK cpu=39% p99=134ms err=1.15%
live_ep_000032_NONE,NONE,order-service,51.5,1785952408.8373296,INFO,,OK cpu=34% p99=110ms err=0.88%
live_ep_000032_NONE,NONE,order-service,52.0,1785952409.3376403,INFO,,OK cpu=28% p99=130ms err=1.17%
live_ep_000032_NONE,NONE,order-service,52.5,1785952409.8388267,INFO,,OK cpu=32% p99=127ms err=2.29%
live_ep_000032_NONE,NONE,order-service,53.0,1785952410.3392222,INFO,,OK cpu=39% p99=96ms err=0.40%
live_ep_000032_NONE,NONE,order-service,53.5,1785952410.8396626,INFO,,OK cpu=42% p99=118ms err=1.05%
live_ep_000032_NONE,NONE,order-service,54.0,1785952411.3399773,INFO,,OK cpu=36% p99=128ms err=1.20%
live_ep_000032_NONE,NONE,order-service,54.5,1785952411.8405633,INFO,,OK cpu=39% p99=107ms err=0.39%
live_ep_000032_NONE,NONE,order-service,55.0,1785952412.3410773,INFO,,OK cpu=34% p99=106ms err=1.92%
live_ep_000032_NONE,NONE,order-service,55.5,1785952412.8415866,INFO,,OK cpu=33% p99=112ms err=1.05%
live_ep_000032_NONE,NONE,order-service,56.0,1785952413.3418553,INFO,,OK cpu=40% p99=105ms err=1.87%
live_ep_000032_NONE,NONE,order-service,56.5,1785952413.8423228,INFO,,OK cpu=46% p99=146ms err=0.84%
live_ep_000032_NONE,NONE,order-service,57.0,1785952414.3429139,INFO,,OK cpu=41% p99=135ms err=0.80%
live_ep_000032_NONE,NONE,order-service,57.5,1785952414.842973,INFO,,OK cpu=37% p99=144ms err=0.88%
live_ep_000032_NONE,NONE,order-service,58.0,1785952415.3433146,INFO,,OK cpu=30% p99=124ms err=0.39%
live_ep_000032_NONE,NONE,order-service,58.5,1785952415.8435585,INFO,,OK cpu=42% p99=128ms err=0.06%
live_ep_000032_NONE,NONE,order-service,59.0,1785952416.3438268,INFO,,OK cpu=40% p99=123ms err=1.60%
live_ep_000032_NONE,NONE,order-service,59.5,1785952416.8440714,INFO,,OK cpu=31% p99=105ms err=2.75%
live_ep_000033_BAD_DEPLOY,BAD_DEPLOY,inventory-service,0.0,1785952417.3461223,ERROR,NullPointerException,ERROR err=0.66% http5xx=0.23% -- bad canary deploy
live_ep_000033_BAD_DEPLOY,BAD_DEPLOY,inventory-service,0.5,1785952417.8463829,ERROR,NullPointerException,ERROR err=0.98% http5xx=0.85% -- bad canary deploy
live_ep_000033_BAD_DEPLOY,BAD_DEPLOY,inventory-service,1.0,1785952418.346516,ERROR,NullPointerException,ERROR err=0.99% http5xx=0.23% -- bad canary deploy
live_ep_000033_BAD_DEPLOY,BAD_DEPLOY,inventory-service,1.5,1785952418.8467777,ERROR,NullPointerException,ERROR err=1.12% http5xx=0.03% -- bad canary deploy
live_ep_000033_BAD_DEPLOY,BAD_DEPLOY,inventory-service,2.0,1785952419.3473032,ERROR,NullPointerException,ERROR err=0.82% http5xx=0.11% -- bad canary deploy
live_ep_000033_BAD_DEPLOY,BAD_DEPLOY,inventory-service,2.5,1785952419.8473988,ERROR,NullPointerException,ERROR err=0.76% http5xx=0.20% -- bad canary deploy
live_ep_000033_BAD_DEPLOY,BAD_DEPLOY,inventory-service,3.0,1785952420.3475182,ERROR,NullPointerException,ERROR err=0.65% http5xx=0.02% -- bad canary deploy
live_ep_000033_BAD_DEPLOY,BAD_DEPLOY,inventory-service,3.5,1785952420.8478043,ERROR,NullPointerException,ERROR err=54.62% http5xx=32.77% -- bad canary deploy
live_ep_000033_BAD_DEPLOY,BAD_DEPLOY,inventory-service,4.0,1785952421.3481574,ERROR,NullPointerException,ERROR err=62.09% http5xx=37.25% -- bad canary deploy
live_ep_000033_BAD_DEPLOY,BAD_DEPLOY,inventory-service,4.5,1785952421.8486733,ERROR,NullPointerException,ERROR err=44.81% http5xx=26.89% -- bad canary deploy
live_ep_000033_BAD_DEPLOY,BAD_DEPLOY,inventory-service,5.0,1785952422.348977,ERROR,NullPointerException,ERROR err=48.97% http5xx=29.38% -- bad canary deploy
live_ep_000033_BAD_DEPLOY,BAD_DEPLOY,inventory-service,5.5,1785952422.849525,ERROR,NullPointerException,ERROR err=72.98% http5xx=43.79% -- bad canary deploy
live_ep_000033_BAD_DEPLOY,BAD_DEPLOY,inventory-service,6.0,1785952423.3500788,ERROR,NullPointerException,ERROR err=77.87% http5xx=46.72% -- bad canary deploy
live_ep_000033_BAD_DEPLOY,BAD_DEPLOY,inventory-service,6.5,1785952423.8507078,ERROR,NullPointerException,ERROR err=54.56% http5xx=32.74% -- bad canary deploy
live_ep_000033_BAD_DEPLOY,BAD_DEPLOY,inventory-service,7.0,1785952424.351207,ERROR,NullPointerException,ERROR err=79.50% http5xx=47.70% -- bad canary deploy
live_ep_000033_BAD_DEPLOY,BAD_DEPLOY,inventory-service,7.5,1785952424.851489,ERROR,NullPointerException,ERROR err=69.43% http5xx=41.66% -- bad canary deploy
live_ep_000033_BAD_DEPLOY,BAD_DEPLOY,inventory-service,8.0,1785952425.35206,ERROR,NullPointerException,ERROR err=60.73% http5xx=36.44% -- bad canary deploy
live_ep_000033_BAD_DEPLOY,BAD_DEPLOY,inventory-service,8.5,1785952425.8525934,ERROR,NullPointerException,ERROR err=80.00% http5xx=48.00% -- bad canary deploy
live_ep_000033_BAD_DEPLOY,BAD_DEPLOY,inventory-service,9.0,1785952426.3527327,ERROR,NullPointerException,ERROR err=64.47% http5xx=38.68% -- bad canary deploy
live_ep_000033_BAD_DEPLOY,BAD_DEPLOY,inventory-service,9.5,1785952426.8532054,ERROR,NullPointerException,ERROR err=50.16% http5xx=30.10% -- bad canary deploy
live_ep_000033_BAD_DEPLOY,BAD_DEPLOY,inventory-service,10.0,1785952427.3533268,ERROR,NullPointerException,ERROR err=68.88% http5xx=41.33% -- bad canary deploy
live_ep_000033_BAD_DEPLOY,BAD_DEPLOY,inventory-service,10.5,1785952427.853659,ERROR,NullPointerException,ERROR err=79.85% http5xx=47.91% -- bad canary deploy
live_ep_000033_BAD_DEPLOY,BAD_DEPLOY,inventory-service,11.0,1785952428.3540933,ERROR,NullPointerException,ERROR err=65.61% http5xx=39.37% -- bad canary deploy
live_ep_000033_BAD_DEPLOY,BAD_DEPLOY,inventory-service,11.5,1785952428.8544626,ERROR,NullPointerException,ERROR err=73.97% http5xx=44.38% -- bad canary deploy
live_ep_000033_BAD_DEPLOY,BAD_DEPLOY,inventory-service,12.0,1785952429.3547392,ERROR,NullPointerException,ERROR err=62.36% http5xx=37.41% -- bad canary deploy
live_ep_000033_BAD_DEPLOY,BAD_DEPLOY,inventory-service,12.5,1785952429.8552592,ERROR,NullPointerException,ERROR err=53.74% http5xx=32.24% -- bad canary deploy
live_ep_000033_BAD_DEPLOY,BAD_DEPLOY,inventory-service,13.0,1785952430.3557322,ERROR,NullPointerException,ERROR err=64.46% http5xx=38.68% -- bad canary deploy
live_ep_000033_BAD_DEPLOY,BAD_DEPLOY,inventory-service,13.5,1785952430.856088,ERROR,NullPointerException,ERROR err=34.92% http5xx=20.95% -- bad canary deploy
live_ep_000033_BAD_DEPLOY,BAD_DEPLOY,inventory-service,14.0,1785952431.3565116,ERROR,NullPointerException,ERROR err=58.75% http5xx=35.25% -- bad canary deploy
live_ep_000033_BAD_DEPLOY,BAD_DEPLOY,inventory-service,14.5,1785952431.8567874,ERROR,NullPointerException,ERROR err=52.73% http5xx=31.64% -- bad canary deploy
live_ep_000033_BAD_DEPLOY,BAD_DEPLOY,inventory-service,15.0,1785952432.3571334,ERROR,NullPointerException,ERROR err=80.00% http5xx=48.00% -- bad canary deploy
live_ep_000033_BAD_DEPLOY,BAD_DEPLOY,inventory-service,15.5,1785952432.857238,ERROR,NullPointerException,ERROR err=46.92% http5xx=28.15% -- bad canary deploy
live_ep_000033_BAD_DEPLOY,BAD_DEPLOY,inventory-service,16.0,1785952433.357439,ERROR,NullPointerException,ERROR err=59.94% http5xx=35.96% -- bad canary deploy
live_ep_000033_BAD_DEPLOY,BAD_DEPLOY,inventory-service,16.5,1785952433.8577461,ERROR,NullPointerException,ERROR err=51.54% http5xx=30.92% -- bad canary deploy
live_ep_000033_BAD_DEPLOY,BAD_DEPLOY,inventory-service,17.0,1785952434.357816,ERROR,NullPointerException,ERROR err=60.79% http5xx=36.48% -- bad canary deploy
live_ep_000033_BAD_DEPLOY,BAD_DEPLOY,inventory-service,17.5,1785952434.858183,ERROR,NullPointerException,ERROR err=62.79% http5xx=37.68% -- bad canary deploy
live_ep_000033_BAD_DEPLOY,BAD_DEPLOY,inventory-service,18.0,1785952435.3584046,ERROR,NullPointerException,ERROR err=71.02% http5xx=42.61% -- bad canary deploy
live_ep_000033_BAD_DEPLOY,BAD_DEPLOY,inventory-service,18.5,1785952435.8585994,ERROR,NullPointerException,ERROR err=78.83% http5xx=47.30% -- bad canary deploy
live_ep_000033_BAD_DEPLOY,BAD_DEPLOY,inventory-service,19.0,1785952436.35915,ERROR,NullPointerException,ERROR err=76.07% http5xx=45.64% -- bad canary deploy
live_ep_000033_BAD_DEPLOY,BAD_DEPLOY,inventory-service,19.5,1785952436.8592255,ERROR,NullPointerException,ERROR err=51.83% http5xx=31.10% -- bad canary deploy
live_ep_000033_BAD_DEPLOY,BAD_DEPLOY,inventory-service,20.0,1785952437.3597555,ERROR,NullPointerException,ERROR err=35.13% http5xx=21.08% -- bad canary deploy
live_ep_000033_BAD_DEPLOY,BAD_DEPLOY,inventory-service,20.5,1785952437.86017,ERROR,NullPointerException,ERROR err=42.28% http5xx=25.37% -- bad canary deploy
live_ep_000033_BAD_DEPLOY,BAD_DEPLOY,inventory-service,21.0,1785952438.3604598,ERROR,NullPointerException,ERROR err=63.85% http5xx=38.31% -- bad canary deploy
live_ep_000033_BAD_DEPLOY,BAD_DEPLOY,inventory-service,21.5,1785952438.8608124,ERROR,NullPointerException,ERROR err=65.57% http5xx=39.34% -- bad canary deploy
live_ep_000033_BAD_DEPLOY,BAD_DEPLOY,inventory-service,22.0,1785952439.3613803,ERROR,NullPointerException,ERROR err=58.92% http5xx=35.35% -- bad canary deploy
live_ep_000033_BAD_DEPLOY,BAD_DEPLOY,inventory-service,22.5,1785952439.8616498,ERROR,NullPointerException,ERROR err=56.08% http5xx=33.65% -- bad canary deploy
live_ep_000033_BAD_DEPLOY,BAD_DEPLOY,inventory-service,23.0,1785952440.362071,ERROR,NullPointerException,ERROR err=59.12% http5xx=35.47% -- bad canary deploy
live_ep_000033_BAD_DEPLOY,BAD_DEPLOY,inventory-service,23.5,1785952440.8625262,ERROR,NullPointerException,ERROR err=63.72% http5xx=38.23% -- bad canary deploy
live_ep_000033_BAD_DEPLOY,BAD_DEPLOY,inventory-service,24.0,1785952441.3634634,ERROR,NullPointerException,ERROR err=66.71% http5xx=40.03% -- bad canary deploy
live_ep_000033_BAD_DEPLOY,BAD_DEPLOY,inventory-service,24.5,1785952441.8637006,ERROR,NullPointerException,ERROR err=53.73% http5xx=32.24% -- bad canary deploy
live_ep_000033_BAD_DEPLOY,BAD_DEPLOY,inventory-service,25.0,1785952442.3641026,ERROR,NullPointerException,ERROR err=46.93% http5xx=28.16% -- bad canary deploy
live_ep_000033_BAD_DEPLOY,BAD_DEPLOY,inventory-service,25.5,1785952442.864669,ERROR,NullPointerException,ERROR err=36.21% http5xx=21.73% -- bad canary deploy
live_ep_000033_BAD_DEPLOY,BAD_DEPLOY,inventory-service,26.0,1785952443.3651383,ERROR,NullPointerException,ERROR err=65.00% http5xx=39.00% -- bad canary deploy
live_ep_000033_BAD_DEPLOY,BAD_DEPLOY,inventory-service,26.5,1785952443.8652465,ERROR,NullPointerException,ERROR err=68.45% http5xx=41.07% -- bad canary deploy
live_ep_000033_BAD_DEPLOY,BAD_DEPLOY,inventory-service,27.0,1785952444.365568,ERROR,NullPointerException,ERROR err=41.31% http5xx=24.79% -- bad canary deploy
live_ep_000033_BAD_DEPLOY,BAD_DEPLOY,inventory-service,27.5,1785952444.865973,ERROR,NullPointerException,ERROR err=69.22% http5xx=41.53% -- bad canary deploy
live_ep_000033_BAD_DEPLOY,BAD_DEPLOY,inventory-service,28.0,1785952445.3661172,ERROR,NullPointerException,ERROR err=57.17% http5xx=34.30% -- bad canary deploy
live_ep_000033_BAD_DEPLOY,BAD_DEPLOY,inventory-service,28.5,1785952445.8663616,ERROR,NullPointerException,ERROR err=79.13% http5xx=47.48% -- bad canary deploy
live_ep_000033_BAD_DEPLOY,BAD_DEPLOY,inventory-service,29.0,1785952446.3666005,ERROR,NullPointerException,ERROR err=73.99% http5xx=44.40% -- bad canary deploy
live_ep_000033_BAD_DEPLOY,BAD_DEPLOY,inventory-service,29.5,1785952446.867081,ERROR,NullPointerException,ERROR err=47.21% http5xx=28.32% -- bad canary deploy
live_ep_000033_BAD_DEPLOY,BAD_DEPLOY,inventory-service,30.0,1785952447.3675568,ERROR,NullPointerException,ERROR err=63.52% http5xx=38.11% -- bad canary deploy
live_ep_000033_BAD_DEPLOY,BAD_DEPLOY,inventory-service,30.5,1785952447.8679023,ERROR,NullPointerException,ERROR err=42.41% http5xx=25.45% -- bad canary deploy
live_ep_000033_BAD_DEPLOY,BAD_DEPLOY,inventory-service,31.0,1785952448.3682337,ERROR,NullPointerException,ERROR err=55.97% http5xx=33.58% -- bad canary deploy
live_ep_000033_BAD_DEPLOY,BAD_DEPLOY,inventory-service,31.5,1785952448.8683648,ERROR,NullPointerException,ERROR err=55.72% http5xx=33.43% -- bad canary deploy
live_ep_000033_BAD_DEPLOY,BAD_DEPLOY,inventory-service,32.0,1785952449.3689594,ERROR,NullPointerException,ERROR err=47.05% http5xx=28.23% -- bad canary deploy
live_ep_000033_BAD_DEPLOY,BAD_DEPLOY,inventory-service,32.5,1785952449.8690643,ERROR,NullPointerException,ERROR err=45.22% http5xx=27.13% -- bad canary deploy
live_ep_000033_BAD_DEPLOY,BAD_DEPLOY,inventory-service,33.0,1785952450.3695421,ERROR,NullPointerException,ERROR err=76.41% http5xx=45.85% -- bad canary deploy
live_ep_000033_BAD_DEPLOY,BAD_DEPLOY,inventory-service,33.5,1785952450.8698711,ERROR,NullPointerException,ERROR err=72.46% http5xx=43.48% -- bad canary deploy
live_ep_000033_BAD_DEPLOY,BAD_DEPLOY,inventory-service,34.0,1785952451.3701138,ERROR,NullPointerException,ERROR err=61.35% http5xx=36.81% -- bad canary deploy
live_ep_000033_BAD_DEPLOY,BAD_DEPLOY,inventory-service,34.5,1785952451.870461,ERROR,NullPointerException,ERROR err=51.19% http5xx=30.71% -- bad canary deploy
live_ep_000033_BAD_DEPLOY,BAD_DEPLOY,inventory-service,35.0,1785952452.3708832,ERROR,NullPointerException,ERROR err=73.04% http5xx=43.82% -- bad canary deploy
live_ep_000033_BAD_DEPLOY,BAD_DEPLOY,inventory-service,35.5,1785952452.8713493,ERROR,NullPointerException,ERROR err=64.71% http5xx=38.83% -- bad canary deploy
live_ep_000033_BAD_DEPLOY,BAD_DEPLOY,inventory-service,36.0,1785952453.3716242,ERROR,NullPointerException,ERROR err=56.34% http5xx=33.80% -- bad canary deploy
live_ep_000033_BAD_DEPLOY,BAD_DEPLOY,inventory-service,36.5,1785952453.8717008,ERROR,NullPointerException,ERROR err=53.72% http5xx=32.23% -- bad canary deploy
live_ep_000033_BAD_DEPLOY,BAD_DEPLOY,inventory-service,37.0,1785952454.3717754,ERROR,NullPointerException,ERROR err=66.25% http5xx=39.75% -- bad canary deploy
live_ep_000033_BAD_DEPLOY,BAD_DEPLOY,inventory-service,37.5,1785952454.8719015,ERROR,NullPointerException,ERROR err=67.40% http5xx=40.44% -- bad canary deploy
live_ep_000033_BAD_DEPLOY,BAD_DEPLOY,inventory-service,38.0,1785952455.3721256,ERROR,NullPointerException,ERROR err=75.18% http5xx=45.11% -- bad canary deploy
live_ep_000033_BAD_DEPLOY,BAD_DEPLOY,inventory-service,38.5,1785952455.8722563,ERROR,NullPointerException,ERROR err=66.36% http5xx=39.81% -- bad canary deploy
live_ep_000033_BAD_DEPLOY,BAD_DEPLOY,inventory-service,39.0,1785952456.3726292,ERROR,NullPointerException,ERROR err=70.17% http5xx=42.10% -- bad canary deploy
live_ep_000033_BAD_DEPLOY,BAD_DEPLOY,inventory-service,39.5,1785952456.8730278,ERROR,NullPointerException,ERROR err=59.72% http5xx=35.83% -- bad canary deploy
live_ep_000033_BAD_DEPLOY,BAD_DEPLOY,inventory-service,40.0,1785952457.3732228,ERROR,NullPointerException,ERROR err=72.83% http5xx=43.70% -- bad canary deploy
live_ep_000033_BAD_DEPLOY,BAD_DEPLOY,inventory-service,40.5,1785952457.873631,ERROR,NullPointerException,ERROR err=44.33% http5xx=26.60% -- bad canary deploy
live_ep_000033_BAD_DEPLOY,BAD_DEPLOY,inventory-service,41.0,1785952458.373901,ERROR,NullPointerException,ERROR err=68.88% http5xx=41.33% -- bad canary deploy
live_ep_000033_BAD_DEPLOY,BAD_DEPLOY,inventory-service,41.5,1785952458.8740187,ERROR,NullPointerException,ERROR err=51.84% http5xx=31.10% -- bad canary deploy
live_ep_000033_BAD_DEPLOY,BAD_DEPLOY,inventory-service,42.0,1785952459.3741245,ERROR,NullPointerException,ERROR err=49.58% http5xx=29.75% -- bad canary deploy
live_ep_000033_BAD_DEPLOY,BAD_DEPLOY,inventory-service,42.5,1785952459.8744273,ERROR,NullPointerException,ERROR err=68.17% http5xx=40.90% -- bad canary deploy
live_ep_000033_BAD_DEPLOY,BAD_DEPLOY,inventory-service,43.0,1785952460.374756,ERROR,NullPointerException,ERROR err=74.56% http5xx=44.74% -- bad canary deploy
live_ep_000033_BAD_DEPLOY,BAD_DEPLOY,inventory-service,43.5,1785952460.8750463,ERROR,NullPointerException,ERROR err=61.84% http5xx=37.10% -- bad canary deploy
live_ep_000033_BAD_DEPLOY,BAD_DEPLOY,inventory-service,44.0,1785952461.3752193,ERROR,NullPointerException,ERROR err=56.53% http5xx=33.92% -- bad canary deploy
live_ep_000033_BAD_DEPLOY,BAD_DEPLOY,inventory-service,44.5,1785952461.8758082,ERROR,NullPointerException,ERROR err=80.00% http5xx=48.00% -- bad canary deploy
live_ep_000033_BAD_DEPLOY,BAD_DEPLOY,inventory-service,45.0,1785952462.375965,ERROR,NullPointerException,ERROR err=80.00% http5xx=48.00% -- bad canary deploy
live_ep_000033_BAD_DEPLOY,BAD_DEPLOY,inventory-service,45.5,1785952462.8764787,ERROR,NullPointerException,ERROR err=53.67% http5xx=32.20% -- bad canary deploy
live_ep_000033_BAD_DEPLOY,BAD_DEPLOY,inventory-service,46.0,1785952463.3767266,ERROR,NullPointerException,ERROR err=55.65% http5xx=33.39% -- bad canary deploy
live_ep_000033_BAD_DEPLOY,BAD_DEPLOY,inventory-service,46.5,1785952463.8771884,ERROR,NullPointerException,ERROR err=51.03% http5xx=30.62% -- bad canary deploy
live_ep_000033_BAD_DEPLOY,BAD_DEPLOY,inventory-service,47.0,1785952464.3774362,ERROR,NullPointerException,ERROR err=65.07% http5xx=39.04% -- bad canary deploy
live_ep_000033_BAD_DEPLOY,BAD_DEPLOY,inventory-service,47.5,1785952464.8774924,ERROR,NullPointerException,ERROR err=65.23% http5xx=39.14% -- bad canary deploy
live_ep_000033_BAD_DEPLOY,BAD_DEPLOY,inventory-service,48.0,1785952465.3778944,ERROR,NullPointerException,ERROR err=53.44% http5xx=32.07% -- bad canary deploy
live_ep_000033_BAD_DEPLOY,BAD_DEPLOY,inventory-service,48.5,1785952465.8788583,ERROR,NullPointerException,ERROR err=60.99% http5xx=36.60% -- bad canary deploy
live_ep_000033_BAD_DEPLOY,BAD_DEPLOY,inventory-service,49.0,1785952466.3792503,ERROR,NullPointerException,ERROR err=53.40% http5xx=32.04% -- bad canary deploy
live_ep_000033_BAD_DEPLOY,BAD_DEPLOY,inventory-service,49.5,1785952466.8798382,ERROR,NullPointerException,ERROR err=66.25% http5xx=39.75% -- bad canary deploy
live_ep_000033_BAD_DEPLOY,BAD_DEPLOY,inventory-service,50.0,1785952467.380405,ERROR,NullPointerException,ERROR err=48.59% http5xx=29.15% -- bad canary deploy
live_ep_000033_BAD_DEPLOY,BAD_DEPLOY,inventory-service,50.5,1785952467.8812063,ERROR,NullPointerException,ERROR err=57.64% http5xx=34.58% -- bad canary deploy
live_ep_000033_BAD_DEPLOY,BAD_DEPLOY,inventory-service,51.0,1785952468.3815267,ERROR,NullPointerException,ERROR err=62.69% http5xx=37.62% -- bad canary deploy
live_ep_000033_BAD_DEPLOY,BAD_DEPLOY,inventory-service,51.5,1785952468.881877,ERROR,NullPointerException,ERROR err=61.48% http5xx=36.89% -- bad canary deploy
live_ep_000033_BAD_DEPLOY,BAD_DEPLOY,inventory-service,52.0,1785952469.3820033,ERROR,NullPointerException,ERROR err=43.89% http5xx=26.34% -- bad canary deploy
live_ep_000033_BAD_DEPLOY,BAD_DEPLOY,inventory-service,52.5,1785952469.8821814,ERROR,NullPointerException,ERROR err=56.43% http5xx=33.86% -- bad canary deploy
live_ep_000033_BAD_DEPLOY,BAD_DEPLOY,inventory-service,53.0,1785952470.3823254,ERROR,NullPointerException,ERROR err=69.03% http5xx=41.42% -- bad canary deploy
live_ep_000033_BAD_DEPLOY,BAD_DEPLOY,inventory-service,53.5,1785952470.882962,ERROR,NullPointerException,ERROR err=44.27% http5xx=26.56% -- bad canary deploy
live_ep_000033_BAD_DEPLOY,BAD_DEPLOY,inventory-service,54.0,1785952471.383154,ERROR,NullPointerException,ERROR err=46.21% http5xx=27.72% -- bad canary deploy
live_ep_000033_BAD_DEPLOY,BAD_DEPLOY,inventory-service,54.5,1785952471.8832662,ERROR,NullPointerException,ERROR err=71.76% http5xx=43.05% -- bad canary deploy
live_ep_000033_BAD_DEPLOY,BAD_DEPLOY,inventory-service,55.0,1785952472.3836606,ERROR,NullPointerException,ERROR err=73.30% http5xx=43.98% -- bad canary deploy
live_ep_000033_BAD_DEPLOY,BAD_DEPLOY,inventory-service,55.5,1785952472.8840642,ERROR,NullPointerException,ERROR err=61.28% http5xx=36.77% -- bad canary deploy
live_ep_000033_BAD_DEPLOY,BAD_DEPLOY,inventory-service,56.0,1785952473.385411,ERROR,NullPointerException,ERROR err=67.12% http5xx=40.27% -- bad canary deploy
live_ep_000033_BAD_DEPLOY,BAD_DEPLOY,inventory-service,56.5,1785952473.8855689,ERROR,NullPointerException,ERROR err=52.72% http5xx=31.63% -- bad canary deploy
live_ep_000033_BAD_DEPLOY,BAD_DEPLOY,inventory-service,57.0,1785952474.385995,ERROR,NullPointerException,ERROR err=57.57% http5xx=34.54% -- bad canary deploy
live_ep_000033_BAD_DEPLOY,BAD_DEPLOY,inventory-service,57.5,1785952474.8861892,ERROR,NullPointerException,ERROR err=60.73% http5xx=36.44% -- bad canary deploy
live_ep_000033_BAD_DEPLOY,BAD_DEPLOY,inventory-service,58.0,1785952475.3869205,ERROR,NullPointerException,ERROR err=62.99% http5xx=37.79% -- bad canary deploy
live_ep_000033_BAD_DEPLOY,BAD_DEPLOY,inventory-service,58.5,1785952475.8875456,ERROR,NullPointerException,ERROR err=62.94% http5xx=37.76% -- bad canary deploy
live_ep_000033_BAD_DEPLOY,BAD_DEPLOY,inventory-service,59.0,1785952476.3879588,ERROR,NullPointerException,ERROR err=52.88% http5xx=31.73% -- bad canary deploy
live_ep_000033_BAD_DEPLOY,BAD_DEPLOY,inventory-service,59.5,1785952476.8885338,ERROR,NullPointerException,ERROR err=59.66% http5xx=35.80% -- bad canary deploy
live_ep_000034_NONE,NONE,payment-service,0.0,1785952477.3899498,INFO,,OK cpu=33% p99=115ms err=0.20%
live_ep_000034_NONE,NONE,payment-service,0.5,1785952477.890073,INFO,,OK cpu=29% p99=85ms err=0.53%
live_ep_000034_NONE,NONE,payment-service,1.0,1785952478.3905022,INFO,,OK cpu=39% p99=122ms err=1.90%
live_ep_000034_NONE,NONE,payment-service,1.5,1785952478.8906064,INFO,,OK cpu=43% p99=126ms err=1.26%
live_ep_000034_NONE,NONE,payment-service,2.0,1785952479.3908672,INFO,,OK cpu=38% p99=123ms err=1.20%
live_ep_000034_NONE,NONE,payment-service,2.5,1785952479.8913558,INFO,,OK cpu=30% p99=98ms err=0.85%
live_ep_000034_NONE,NONE,payment-service,3.0,1785952480.3916137,INFO,,OK cpu=39% p99=127ms err=1.91%
live_ep_000034_NONE,NONE,payment-service,3.5,1785952480.8919487,INFO,,OK cpu=34% p99=114ms err=0.46%
live_ep_000034_NONE,NONE,payment-service,4.0,1785952481.392483,INFO,,OK cpu=31% p99=127ms err=1.26%
live_ep_000034_NONE,NONE,payment-service,4.5,1785952481.8926876,INFO,,OK cpu=41% p99=114ms err=0.36%
live_ep_000034_NONE,NONE,payment-service,5.0,1785952482.392927,INFO,,OK cpu=44% p99=135ms err=1.69%
live_ep_000034_NONE,NONE,payment-service,5.5,1785952482.893124,INFO,,OK cpu=30% p99=134ms err=0.04%
live_ep_000034_NONE,NONE,payment-service,6.0,1785952483.3932781,INFO,,OK cpu=40% p99=99ms err=0.10%
live_ep_000034_NONE,NONE,payment-service,6.5,1785952483.8935328,INFO,,OK cpu=30% p99=115ms err=1.19%
live_ep_000034_NONE,NONE,payment-service,7.0,1785952484.3938944,INFO,,OK cpu=26% p99=127ms err=0.38%
live_ep_000034_NONE,NONE,payment-service,7.5,1785952484.8942273,INFO,,OK cpu=39% p99=144ms err=1.23%
live_ep_000034_NONE,NONE,payment-service,8.0,1785952485.3947976,INFO,,OK cpu=34% p99=105ms err=0.46%
live_ep_000034_NONE,NONE,payment-service,8.5,1785952485.895118,INFO,,OK cpu=33% p99=100ms err=0.62%
live_ep_000034_NONE,NONE,payment-service,9.0,1785952486.3951747,INFO,,OK cpu=46% p99=121ms err=2.71%
live_ep_000034_NONE,NONE,payment-service,9.5,1785952486.8953176,INFO,,OK cpu=28% p99=117ms err=0.84%
live_ep_000034_NONE,NONE,payment-service,10.0,1785952487.3955002,INFO,,OK cpu=37% p99=107ms err=1.49%
live_ep_000034_NONE,NONE,payment-service,10.5,1785952487.895932,INFO,,OK cpu=33% p99=105ms err=1.15%
live_ep_000034_NONE,NONE,payment-service,11.0,1785952488.396353,INFO,,OK cpu=35% p99=113ms err=2.24%
live_ep_000034_NONE,NONE,payment-service,11.5,1785952488.8966584,INFO,,OK cpu=40% p99=130ms err=1.67%
live_ep_000034_NONE,NONE,payment-service,12.0,1785952489.39744,INFO,,OK cpu=37% p99=121ms err=1.35%
live_ep_000034_NONE,NONE,payment-service,12.5,1785952489.897503,INFO,,OK cpu=31% p99=136ms err=2.00%
live_ep_000034_NONE,NONE,payment-service,13.0,1785952490.3979821,INFO,,OK cpu=41% p99=139ms err=1.11%
live_ep_000034_NONE,NONE,payment-service,13.5,1785952490.898595,INFO,,OK cpu=37% p99=119ms err=0.68%
live_ep_000034_NONE,NONE,payment-service,14.0,1785952491.3990219,INFO,,OK cpu=27% p99=128ms err=0.95%
live_ep_000034_NONE,NONE,payment-service,14.5,1785952491.8994298,INFO,,OK cpu=34% p99=130ms err=2.60%
live_ep_000034_NONE,NONE,payment-service,15.0,1785952492.3999207,INFO,,OK cpu=38% p99=115ms err=1.05%
live_ep_000034_NONE,NONE,payment-service,15.5,1785952492.9002473,INFO,,OK cpu=30% p99=116ms err=0.42%
live_ep_000034_NONE,NONE,payment-service,16.0,1785952493.4005687,INFO,,OK cpu=33% p99=134ms err=1.04%
live_ep_000034_NONE,NONE,payment-service,16.5,1785952493.9011464,INFO,,OK cpu=30% p99=130ms err=0.15%
live_ep_000034_NONE,NONE,payment-service,17.0,1785952494.4015214,INFO,,OK cpu=35% p99=116ms err=1.03%
live_ep_000034_NONE,NONE,payment-service,17.5,1785952494.928957,INFO,,OK cpu=42% p99=121ms err=1.90%
live_ep_000034_NONE,NONE,payment-service,18.0,1785952495.4292243,INFO,,OK cpu=29% p99=76ms err=1.54%
live_ep_000034_NONE,NONE,payment-service,18.5,1785952495.9296403,INFO,,OK cpu=33% p99=136ms err=0.83%
live_ep_000034_NONE,NONE,payment-service,19.0,1785952496.4302177,INFO,,OK cpu=44% p99=105ms err=0.29%
live_ep_000034_NONE,NONE,payment-service,19.5,1785952496.9307191,INFO,,OK cpu=39% p99=107ms err=1.92%
live_ep_000034_NONE,NONE,payment-service,20.0,1785952497.4308696,INFO,,OK cpu=37% p99=119ms err=0.56%
live_ep_000034_NONE,NONE,payment-service,20.5,1785952497.931301,INFO,,OK cpu=38% p99=117ms err=0.83%
live_ep_000034_NONE,NONE,payment-service,21.0,1785952498.4313776,INFO,,OK cpu=46% p99=127ms err=1.49%
live_ep_000034_NONE,NONE,payment-service,21.5,1785952498.931685,INFO,,OK cpu=30% p99=96ms err=2.08%
live_ep_000034_NONE,NONE,payment-service,22.0,1785952499.432197,INFO,,OK cpu=33% p99=131ms err=2.62%
live_ep_000034_NONE,NONE,payment-service,22.5,1785952499.932567,INFO,,OK cpu=33% p99=100ms err=2.41%
live_ep_000034_NONE,NONE,payment-service,23.0,1785952500.4326756,INFO,,OK cpu=41% p99=144ms err=0.34%
live_ep_000034_NONE,NONE,payment-service,23.5,1785952500.9328535,INFO,,OK cpu=40% p99=111ms err=0.51%
live_ep_000034_NONE,NONE,payment-service,24.0,1785952501.4355989,INFO,,OK cpu=31% p99=112ms err=0.48%
live_ep_000034_NONE,NONE,payment-service,24.5,1785952501.9360266,INFO,,OK cpu=36% p99=122ms err=1.98%
live_ep_000034_NONE,NONE,payment-service,25.0,1785952502.4366443,INFO,,OK cpu=31% p99=122ms err=0.47%
live_ep_000034_NONE,NONE,payment-service,25.5,1785952502.9372463,INFO,,OK cpu=40% p99=133ms err=0.68%
live_ep_000034_NONE,NONE,payment-service,26.0,1785952503.437498,INFO,,OK cpu=31% p99=126ms err=1.07%
live_ep_000034_NONE,NONE,payment-service,26.5,1785952503.9379053,INFO,,OK cpu=35% p99=126ms err=0.71%
live_ep_000034_NONE,NONE,payment-service,27.0,1785952504.438213,INFO,,OK cpu=27% p99=114ms err=1.93%
live_ep_000034_NONE,NONE,payment-service,27.5,1785952504.9382923,INFO,,OK cpu=40% p99=134ms err=1.14%
live_ep_000034_NONE,NONE,payment-service,28.0,1785952505.438657,INFO,,OK cpu=37% p99=135ms err=1.51%
live_ep_000034_NONE,NONE,payment-service,28.5,1785952505.939221,INFO,,OK cpu=37% p99=113ms err=0.69%
live_ep_000034_NONE,NONE,payment-service,29.0,1785952506.4396975,INFO,,OK cpu=34% p99=139ms err=1.25%
live_ep_000034_NONE,NONE,payment-service,29.5,1785952506.9399674,INFO,,OK cpu=35% p99=101ms err=0.44%
live_ep_000034_NONE,NONE,payment-service,30.0,1785952507.4402258,INFO,,OK cpu=35% p99=126ms err=0.92%
live_ep_000034_NONE,NONE,payment-service,30.5,1785952507.9403267,INFO,,OK cpu=37% p99=126ms err=0.40%
live_ep_000034_NONE,NONE,payment-service,31.0,1785952508.440681,INFO,,OK cpu=38% p99=121ms err=1.63%
live_ep_000034_NONE,NONE,payment-service,31.5,1785952508.940885,INFO,,OK cpu=31% p99=104ms err=0.31%
live_ep_000034_NONE,NONE,payment-service,32.0,1785952509.4411368,INFO,,OK cpu=37% p99=131ms err=0.38%
live_ep_000034_NONE,NONE,payment-service,32.5,1785952509.9414444,INFO,,OK cpu=33% p99=129ms err=0.52%
live_ep_000034_NONE,NONE,payment-service,33.0,1785952510.4422405,INFO,,OK cpu=32% p99=84ms err=0.83%
live_ep_000034_NONE,NONE,payment-service,33.5,1785952510.9427779,INFO,,OK cpu=39% p99=129ms err=0.78%
live_ep_000034_NONE,NONE,payment-service,34.0,1785952511.4439945,INFO,,OK cpu=28% p99=132ms err=1.57%
live_ep_000034_NONE,NONE,payment-service,34.5,1785952511.9444468,INFO,,OK cpu=34% p99=156ms err=1.97%
live_ep_000034_NONE,NONE,payment-service,35.0,1785952512.4463437,INFO,,OK cpu=29% p99=112ms err=1.13%
live_ep_000034_NONE,NONE,payment-service,35.5,1785952512.9467356,INFO,,OK cpu=39% p99=106ms err=3.07%
live_ep_000034_NONE,NONE,payment-service,36.0,1785952513.4635446,INFO,,OK cpu=32% p99=125ms err=0.87%
live_ep_000034_NONE,NONE,payment-service,36.5,1785952513.963727,INFO,,OK cpu=34% p99=140ms err=0.77%
live_ep_000034_NONE,NONE,payment-service,37.0,1785952514.4642057,INFO,,OK cpu=38% p99=152ms err=1.34%
live_ep_000034_NONE,NONE,payment-service,37.5,1785952514.964839,INFO,,OK cpu=28% p99=126ms err=0.32%
live_ep_000034_NONE,NONE,payment-service,38.0,1785952515.4654114,INFO,,OK cpu=39% p99=112ms err=1.59%
live_ep_000034_NONE,NONE,payment-service,38.5,1785952515.9657874,INFO,,OK cpu=40% p99=121ms err=0.29%
live_ep_000034_NONE,NONE,payment-service,39.0,1785952516.4716227,INFO,,OK cpu=29% p99=115ms err=1.05%
live_ep_000034_NONE,NONE,payment-service,39.5,1785952516.9723158,INFO,,OK cpu=29% p99=111ms err=0.56%
live_ep_000034_NONE,NONE,payment-service,40.0,1785952517.472783,INFO,,OK cpu=35% p99=116ms err=1.30%
live_ep_000034_NONE,NONE,payment-service,40.5,1785952517.9729476,INFO,,OK cpu=33% p99=133ms err=0.39%
live_ep_000034_NONE,NONE,payment-service,41.0,1785952518.4730747,INFO,,OK cpu=32% p99=114ms err=1.23%
live_ep_000034_NONE,NONE,payment-service,41.5,1785952518.9740324,INFO,,OK cpu=38% p99=93ms err=0.37%
live_ep_000034_NONE,NONE,payment-service,42.0,1785952519.4744692,INFO,,OK cpu=32% p99=116ms err=0.42%
live_ep_000034_NONE,NONE,payment-service,42.5,1785952519.9748757,INFO,,OK cpu=28% p99=132ms err=0.39%
live_ep_000034_NONE,NONE,payment-service,43.0,1785952520.4749835,INFO,,OK cpu=43% p99=109ms err=0.67%
live_ep_000034_NONE,NONE,payment-service,43.5,1785952520.9753036,INFO,,OK cpu=39% p99=103ms err=0.50%
live_ep_000034_NONE,NONE,payment-service,44.0,1785952521.4758184,INFO,,OK cpu=30% p99=120ms err=0.33%
live_ep_000034_NONE,NONE,payment-service,44.5,1785952521.9763236,INFO,,OK cpu=31% p99=114ms err=1.16%
live_ep_000034_NONE,NONE,payment-service,45.0,1785952522.4766676,INFO,,OK cpu=33% p99=113ms err=0.35%
live_ep_000034_NONE,NONE,payment-service,45.5,1785952522.9769905,INFO,,OK cpu=27% p99=94ms err=0.57%
live_ep_000034_NONE,NONE,payment-service,46.0,1785952523.477332,INFO,,OK cpu=38% p99=122ms err=3.37%
live_ep_000034_NONE,NONE,payment-service,46.5,1785952523.9774263,INFO,,OK cpu=32% p99=94ms err=0.96%
live_ep_000034_NONE,NONE,payment-service,47.0,1785952524.4776816,INFO,,OK cpu=32% p99=135ms err=0.81%
live_ep_000034_NONE,NONE,payment-service,47.5,1785952524.977845,INFO,,OK cpu=37% p99=121ms err=0.69%
live_ep_000034_NONE,NONE,payment-service,48.0,1785952525.477996,INFO,,OK cpu=32% p99=122ms err=3.45%
live_ep_000034_NONE,NONE,payment-service,48.5,1785952525.9781897,INFO,,OK cpu=35% p99=131ms err=0.52%
live_ep_000034_NONE,NONE,payment-service,49.0,1785952526.4787223,INFO,,OK cpu=38% p99=123ms err=0.03%
live_ep_000034_NONE,NONE,payment-service,49.5,1785952526.9789855,INFO,,OK cpu=37% p99=115ms err=0.70%
live_ep_000034_NONE,NONE,payment-service,50.0,1785952527.479491,INFO,,OK cpu=29% p99=106ms err=2.12%
live_ep_000034_NONE,NONE,payment-service,50.5,1785952527.979546,INFO,,OK cpu=38% p99=93ms err=0.86%
live_ep_000034_NONE,NONE,payment-service,51.0,1785952528.4797132,INFO,,OK cpu=43% p99=97ms err=0.50%
live_ep_000034_NONE,NONE,payment-service,51.5,1785952528.9801507,INFO,,OK cpu=35% p99=121ms err=0.39%
live_ep_000034_NONE,NONE,payment-service,52.0,1785952529.4804506,INFO,,OK cpu=29% p99=135ms err=0.29%
live_ep_000034_NONE,NONE,payment-service,52.5,1785952529.9806423,INFO,,OK cpu=36% p99=126ms err=1.33%
live_ep_000034_NONE,NONE,payment-service,53.0,1785952530.4807055,INFO,,OK cpu=38% p99=122ms err=0.36%
live_ep_000034_NONE,NONE,payment-service,53.5,1785952530.9809847,INFO,,OK cpu=37% p99=114ms err=0.37%
live_ep_000034_NONE,NONE,payment-service,54.0,1785952531.482841,INFO,,OK cpu=47% p99=116ms err=0.49%
live_ep_000034_NONE,NONE,payment-service,54.5,1785952531.9890358,INFO,,OK cpu=35% p99=114ms err=1.49%
live_ep_000034_NONE,NONE,payment-service,55.0,1785952532.4967916,INFO,,OK cpu=26% p99=138ms err=2.05%
live_ep_000034_NONE,NONE,payment-service,55.5,1785952532.999305,INFO,,OK cpu=38% p99=88ms err=0.34%
live_ep_000034_NONE,NONE,payment-service,56.0,1785952533.4994447,INFO,,OK cpu=44% p99=110ms err=1.15%
live_ep_000034_NONE,NONE,payment-service,56.5,1785952534.0016925,INFO,,OK cpu=30% p99=122ms err=0.70%
live_ep_000034_NONE,NONE,payment-service,57.0,1785952534.5019858,INFO,,OK cpu=36% p99=89ms err=0.33%
live_ep_000034_NONE,NONE,payment-service,57.5,1785952535.0038714,INFO,,OK cpu=27% p99=106ms err=1.24%
live_ep_000034_NONE,NONE,payment-service,58.0,1785952535.5040815,INFO,,OK cpu=31% p99=120ms err=0.40%
live_ep_000034_NONE,NONE,payment-service,58.5,1785952536.0042458,INFO,,OK cpu=34% p99=124ms err=0.83%
live_ep_000034_NONE,NONE,payment-service,59.0,1785952536.5043948,INFO,,OK cpu=41% p99=80ms err=0.21%
live_ep_000034_NONE,NONE,payment-service,59.5,1785952537.007042,INFO,,OK cpu=28% p99=104ms err=0.50%
live_ep_000035_LATENCY_SPIKE,LATENCY_SPIKE,inventory-service,0.0,1785952537.509976,WARNING,,WARN p99=124ms gc_p99=3ms -- latency spike
live_ep_000035_LATENCY_SPIKE,LATENCY_SPIKE,inventory-service,0.5,1785952538.0100834,WARNING,,WARN p99=369ms gc_p99=347ms -- latency spike
live_ep_000035_LATENCY_SPIKE,LATENCY_SPIKE,inventory-service,1.0,1785952538.5105245,WARNING,,WARN p99=127ms gc_p99=8ms -- latency spike
live_ep_000035_LATENCY_SPIKE,LATENCY_SPIKE,inventory-service,1.5,1785952539.0106726,WARNING,,WARN p99=140ms gc_p99=9ms -- latency spike
live_ep_000035_LATENCY_SPIKE,LATENCY_SPIKE,inventory-service,2.0,1785952539.5111415,WARNING,,WARN p99=124ms gc_p99=6ms -- latency spike
live_ep_000035_LATENCY_SPIKE,LATENCY_SPIKE,inventory-service,2.5,1785952540.0115757,WARNING,,WARN p99=337ms gc_p99=239ms -- latency spike
live_ep_000035_LATENCY_SPIKE,LATENCY_SPIKE,inventory-service,3.0,1785952540.5121486,WARNING,,WARN p99=121ms gc_p99=2ms -- latency spike
live_ep_000035_LATENCY_SPIKE,LATENCY_SPIKE,inventory-service,3.5,1785952541.0126774,WARNING,,WARN p99=132ms gc_p99=10ms -- latency spike
live_ep_000035_LATENCY_SPIKE,LATENCY_SPIKE,inventory-service,4.0,1785952541.5132308,WARNING,,WARN p99=124ms gc_p99=2ms -- latency spike
live_ep_000035_LATENCY_SPIKE,LATENCY_SPIKE,inventory-service,4.5,1785952542.0137572,WARNING,,WARN p99=104ms gc_p99=8ms -- latency spike
live_ep_000035_LATENCY_SPIKE,LATENCY_SPIKE,inventory-service,5.0,1785952542.5139892,WARNING,,WARN p99=96ms gc_p99=5ms -- latency spike
live_ep_000035_LATENCY_SPIKE,LATENCY_SPIKE,inventory-service,5.5,1785952543.01415,WARNING,,WARN p99=475ms gc_p99=467ms -- latency spike
live_ep_000035_LATENCY_SPIKE,LATENCY_SPIKE,inventory-service,6.0,1785952543.5143895,WARNING,,WARN p99=131ms gc_p99=5ms -- latency spike
live_ep_000035_LATENCY_SPIKE,LATENCY_SPIKE,inventory-service,6.5,1785952544.0149293,WARNING,,WARN p99=97ms gc_p99=2ms -- latency spike
live_ep_000035_LATENCY_SPIKE,LATENCY_SPIKE,inventory-service,7.0,1785952544.5151181,WARNING,,WARN p99=122ms gc_p99=2ms -- latency spike
live_ep_000035_LATENCY_SPIKE,LATENCY_SPIKE,inventory-service,7.5,1785952545.0155275,WARNING,,WARN p99=103ms gc_p99=4ms -- latency spike
live_ep_000035_LATENCY_SPIKE,LATENCY_SPIKE,inventory-service,8.0,1785952545.515705,WARNING,,WARN p99=125ms gc_p99=7ms -- latency spike
live_ep_000035_LATENCY_SPIKE,LATENCY_SPIKE,inventory-service,8.5,1785952546.0158489,WARNING,,WARN p99=132ms gc_p99=2ms -- latency spike
live_ep_000035_LATENCY_SPIKE,LATENCY_SPIKE,inventory-service,9.0,1785952546.516163,WARNING,,WARN p99=146ms gc_p99=2ms -- latency spike
live_ep_000035_LATENCY_SPIKE,LATENCY_SPIKE,inventory-service,9.5,1785952547.0163264,WARNING,,WARN p99=133ms gc_p99=5ms -- latency spike
live_ep_000035_LATENCY_SPIKE,LATENCY_SPIKE,inventory-service,10.0,1785952547.5164902,WARNING,,WARN p99=116ms gc_p99=12ms -- latency spike
live_ep_000035_LATENCY_SPIKE,LATENCY_SPIKE,inventory-service,10.5,1785952548.0168326,WARNING,,WARN p99=134ms gc_p99=2ms -- latency spike
live_ep_000035_LATENCY_SPIKE,LATENCY_SPIKE,inventory-service,11.0,1785952548.51746,WARNING,,WARN p99=177ms gc_p99=50ms -- latency spike
live_ep_000035_LATENCY_SPIKE,LATENCY_SPIKE,inventory-service,11.5,1785952549.0176427,WARNING,,WARN p99=112ms gc_p99=2ms -- latency spike
live_ep_000035_LATENCY_SPIKE,LATENCY_SPIKE,inventory-service,12.0,1785952549.5186121,WARNING,,WARN p99=112ms gc_p99=17ms -- latency spike
live_ep_000035_LATENCY_SPIKE,LATENCY_SPIKE,inventory-service,12.5,1785952550.0188866,WARNING,,WARN p99=80ms gc_p99=19ms -- latency spike
live_ep_000035_LATENCY_SPIKE,LATENCY_SPIKE,inventory-service,13.0,1785952550.5195835,WARNING,,WARN p99=109ms gc_p99=9ms -- latency spike
live_ep_000035_LATENCY_SPIKE,LATENCY_SPIKE,inventory-service,13.5,1785952551.0214617,WARNING,,WARN p99=143ms gc_p99=2ms -- latency spike
live_ep_000035_LATENCY_SPIKE,LATENCY_SPIKE,inventory-service,14.0,1785952551.522413,WARNING,,WARN p99=163ms gc_p99=16ms -- latency spike
live_ep_000035_LATENCY_SPIKE,LATENCY_SPIKE,inventory-service,14.5,1785952552.0228226,WARNING,,WARN p99=138ms gc_p99=17ms -- latency spike
live_ep_000035_LATENCY_SPIKE,LATENCY_SPIKE,inventory-service,15.0,1785952552.5236087,WARNING,,WARN p99=94ms gc_p99=12ms -- latency spike
live_ep_000035_LATENCY_SPIKE,LATENCY_SPIKE,inventory-service,15.5,1785952553.0240583,WARNING,,WARN p99=317ms gc_p99=282ms -- latency spike
live_ep_000035_LATENCY_SPIKE,LATENCY_SPIKE,inventory-service,16.0,1785952553.524231,WARNING,,WARN p99=139ms gc_p99=19ms -- latency spike
live_ep_000035_LATENCY_SPIKE,LATENCY_SPIKE,inventory-service,16.5,1785952554.0246418,WARNING,,WARN p99=96ms gc_p99=7ms -- latency spike
live_ep_000035_LATENCY_SPIKE,LATENCY_SPIKE,inventory-service,17.0,1785952554.5249493,WARNING,,WARN p99=127ms gc_p99=4ms -- latency spike
live_ep_000035_LATENCY_SPIKE,LATENCY_SPIKE,inventory-service,17.5,1785952555.0252557,WARNING,,WARN p99=150ms gc_p99=3ms -- latency spike
live_ep_000035_LATENCY_SPIKE,LATENCY_SPIKE,inventory-service,18.0,1785952555.5257673,WARNING,,WARN p99=117ms gc_p99=2ms -- latency spike
live_ep_000035_LATENCY_SPIKE,LATENCY_SPIKE,inventory-service,18.5,1785952556.0260935,WARNING,,WARN p99=153ms gc_p99=12ms -- latency spike
live_ep_000035_LATENCY_SPIKE,LATENCY_SPIKE,inventory-service,19.0,1785952556.5262058,WARNING,,WARN p99=147ms gc_p99=6ms -- latency spike
live_ep_000035_LATENCY_SPIKE,LATENCY_SPIKE,inventory-service,19.5,1785952557.0265462,WARNING,,WARN p99=105ms gc_p99=2ms -- latency spike
live_ep_000035_LATENCY_SPIKE,LATENCY_SPIKE,inventory-service,20.0,1785952557.5267477,WARNING,,WARN p99=135ms gc_p99=9ms -- latency spike
live_ep_000035_LATENCY_SPIKE,LATENCY_SPIKE,inventory-service,20.5,1785952558.0271282,WARNING,,WARN p99=122ms gc_p99=10ms -- latency spike
live_ep_000035_LATENCY_SPIKE,LATENCY_SPIKE,inventory-service,21.0,1785952558.527666,WARNING,,WARN p99=339ms gc_p99=246ms -- latency spike
live_ep_000035_LATENCY_SPIKE,LATENCY_SPIKE,inventory-service,21.5,1785952559.0279524,WARNING,,WARN p99=136ms gc_p99=3ms -- latency spike
live_ep_000035_LATENCY_SPIKE,LATENCY_SPIKE,inventory-service,22.0,1785952559.5281725,WARNING,,WARN p99=116ms gc_p99=8ms -- latency spike
live_ep_000035_LATENCY_SPIKE,LATENCY_SPIKE,inventory-service,22.5,1785952560.0283499,WARNING,,WARN p99=145ms gc_p99=8ms -- latency spike
live_ep_000035_LATENCY_SPIKE,LATENCY_SPIKE,inventory-service,23.0,1785952560.5288591,WARNING,,WARN p99=120ms gc_p99=6ms -- latency spike
live_ep_000035_LATENCY_SPIKE,LATENCY_SPIKE,inventory-service,23.5,1785952561.0290346,WARNING,,WARN p99=128ms gc_p99=15ms -- latency spike
live_ep_000035_LATENCY_SPIKE,LATENCY_SPIKE,inventory-service,24.0,1785952561.5293794,WARNING,,WARN p99=133ms gc_p99=20ms -- latency spike
live_ep_000035_LATENCY_SPIKE,LATENCY_SPIKE,inventory-service,24.5,1785952562.030088,WARNING,,WARN p99=102ms gc_p99=60ms -- latency spike
live_ep_000035_LATENCY_SPIKE,LATENCY_SPIKE,inventory-service,25.0,1785952562.530305,WARNING,,WARN p99=138ms gc_p99=9ms -- latency spike
live_ep_000035_LATENCY_SPIKE,LATENCY_SPIKE,inventory-service,25.5,1785952563.0305362,WARNING,,WARN p99=125ms gc_p99=9ms -- latency spike
live_ep_000035_LATENCY_SPIKE,LATENCY_SPIKE,inventory-service,26.0,1785952563.5307236,WARNING,,WARN p99=118ms gc_p99=2ms -- latency spike
live_ep_000035_LATENCY_SPIKE,LATENCY_SPIKE,inventory-service,26.5,1785952564.0312245,WARNING,,WARN p99=116ms gc_p99=23ms -- latency spike
live_ep_000035_LATENCY_SPIKE,LATENCY_SPIKE,inventory-service,27.0,1785952564.5313752,WARNING,,WARN p99=152ms gc_p99=2ms -- latency spike
live_ep_000035_LATENCY_SPIKE,LATENCY_SPIKE,inventory-service,27.5,1785952565.0319064,WARNING,,WARN p99=110ms gc_p99=45ms -- latency spike
live_ep_000035_LATENCY_SPIKE,LATENCY_SPIKE,inventory-service,28.0,1785952565.532005,WARNING,,WARN p99=110ms gc_p99=36ms -- latency spike
live_ep_000035_LATENCY_SPIKE,LATENCY_SPIKE,inventory-service,28.5,1785952566.0324986,WARNING,,WARN p99=128ms gc_p99=13ms -- latency spike
live_ep_000035_LATENCY_SPIKE,LATENCY_SPIKE,inventory-service,29.0,1785952566.5325801,WARNING,,WARN p99=123ms gc_p99=46ms -- latency spike
live_ep_000035_LATENCY_SPIKE,LATENCY_SPIKE,inventory-service,29.5,1785952567.0330856,WARNING,,WARN p99=120ms gc_p99=23ms -- latency spike
live_ep_000035_LATENCY_SPIKE,LATENCY_SPIKE,inventory-service,30.0,1785952567.5332172,WARNING,,WARN p99=115ms gc_p99=2ms -- latency spike
live_ep_000035_LATENCY_SPIKE,LATENCY_SPIKE,inventory-service,30.5,1785952568.0333486,WARNING,,WARN p99=89ms gc_p99=29ms -- latency spike
live_ep_000035_LATENCY_SPIKE,LATENCY_SPIKE,inventory-service,31.0,1785952568.5339067,WARNING,,WARN p99=131ms gc_p99=10ms -- latency spike
live_ep_000035_LATENCY_SPIKE,LATENCY_SPIKE,inventory-service,31.5,1785952569.0344076,WARNING,,WARN p99=141ms gc_p99=9ms -- latency spike
live_ep_000035_LATENCY_SPIKE,LATENCY_SPIKE,inventory-service,32.0,1785952569.5347493,WARNING,,WARN p99=130ms gc_p99=5ms -- latency spike
live_ep_000035_LATENCY_SPIKE,LATENCY_SPIKE,inventory-service,32.5,1785952570.035008,WARNING,,WARN p99=113ms gc_p99=8ms -- latency spike
live_ep_000035_LATENCY_SPIKE,LATENCY_SPIKE,inventory-service,33.0,1785952570.5351393,WARNING,,WARN p99=108ms gc_p99=10ms -- latency spike
live_ep_000035_LATENCY_SPIKE,LATENCY_SPIKE,inventory-service,33.5,1785952571.0356202,WARNING,,WARN p99=107ms gc_p99=46ms -- latency spike
live_ep_000035_LATENCY_SPIKE,LATENCY_SPIKE,inventory-service,34.0,1785952571.5361412,WARNING,,WARN p99=140ms gc_p99=5ms -- latency spike
live_ep_000035_LATENCY_SPIKE,LATENCY_SPIKE,inventory-service,34.5,1785952572.036471,WARNING,,WARN p99=109ms gc_p99=2ms -- latency spike
live_ep_000035_LATENCY_SPIKE,LATENCY_SPIKE,inventory-service,35.0,1785952572.539466,WARNING,,WARN p99=134ms gc_p99=30ms -- latency spike
live_ep_000035_LATENCY_SPIKE,LATENCY_SPIKE,inventory-service,35.5,1785952573.0399644,WARNING,,WARN p99=116ms gc_p99=8ms -- latency spike
live_ep_000035_LATENCY_SPIKE,LATENCY_SPIKE,inventory-service,36.0,1785952573.5401623,WARNING,,WARN p99=105ms gc_p99=3ms -- latency spike
live_ep_000035_LATENCY_SPIKE,LATENCY_SPIKE,inventory-service,36.5,1785952574.0407145,WARNING,,WARN p99=118ms gc_p99=2ms -- latency spike
live_ep_000035_LATENCY_SPIKE,LATENCY_SPIKE,inventory-service,37.0,1785952574.5412912,WARNING,,WARN p99=87ms gc_p99=35ms -- latency spike
live_ep_000035_LATENCY_SPIKE,LATENCY_SPIKE,inventory-service,37.5,1785952575.0418677,WARNING,,WARN p99=156ms gc_p99=5ms -- latency spike
live_ep_000035_LATENCY_SPIKE,LATENCY_SPIKE,inventory-service,38.0,1785952575.5420032,WARNING,,WARN p99=134ms gc_p99=15ms -- latency spike
live_ep_000035_LATENCY_SPIKE,LATENCY_SPIKE,inventory-service,38.5,1785952576.0420847,WARNING,,WARN p99=131ms gc_p99=3ms -- latency spike
live_ep_000035_LATENCY_SPIKE,LATENCY_SPIKE,inventory-service,39.0,1785952576.5424142,WARNING,,WARN p99=109ms gc_p99=3ms -- latency spike
live_ep_000035_LATENCY_SPIKE,LATENCY_SPIKE,inventory-service,39.5,1785952577.0426815,WARNING,,WARN p99=126ms gc_p99=3ms -- latency spike
live_ep_000035_LATENCY_SPIKE,LATENCY_SPIKE,inventory-service,40.0,1785952577.5429552,WARNING,,WARN p99=155ms gc_p99=5ms -- latency spike
live_ep_000035_LATENCY_SPIKE,LATENCY_SPIKE,inventory-service,40.5,1785952578.043383,WARNING,,WARN p99=343ms gc_p99=352ms -- latency spike
live_ep_000035_LATENCY_SPIKE,LATENCY_SPIKE,inventory-service,41.0,1785952578.5438743,WARNING,,WARN p99=124ms gc_p99=2ms -- latency spike
live_ep_000035_LATENCY_SPIKE,LATENCY_SPIKE,inventory-service,41.5,1785952579.0443273,WARNING,,WARN p99=108ms gc_p99=11ms -- latency spike
live_ep_000035_LATENCY_SPIKE,LATENCY_SPIKE,inventory-service,42.0,1785952579.5449104,WARNING,,WARN p99=110ms gc_p99=5ms -- latency spike
live_ep_000035_LATENCY_SPIKE,LATENCY_SPIKE,inventory-service,42.5,1785952580.0451968,WARNING,,WARN p99=163ms gc_p99=2ms -- latency spike
live_ep_000035_LATENCY_SPIKE,LATENCY_SPIKE,inventory-service,43.0,1785952580.5454254,WARNING,,WARN p99=114ms gc_p99=2ms -- latency spike
live_ep_000035_LATENCY_SPIKE,LATENCY_SPIKE,inventory-service,43.5,1785952581.046027,WARNING,,WARN p99=121ms gc_p99=31ms -- latency spike
live_ep_000035_LATENCY_SPIKE,LATENCY_SPIKE,inventory-service,44.0,1785952581.5463724,WARNING,,WARN p99=115ms gc_p99=8ms -- latency spike
live_ep_000035_LATENCY_SPIKE,LATENCY_SPIKE,inventory-service,44.5,1785952582.0472524,WARNING,,WARN p99=120ms gc_p99=7ms -- latency spike
live_ep_000035_LATENCY_SPIKE,LATENCY_SPIKE,inventory-service,45.0,1785952582.5475383,WARNING,,WARN p99=118ms gc_p99=14ms -- latency spike
live_ep_000035_LATENCY_SPIKE,LATENCY_SPIKE,inventory-service,45.5,1785952583.047759,WARNING,,WARN p99=100ms gc_p99=7ms -- latency spike
live_ep_000035_LATENCY_SPIKE,LATENCY_SPIKE,inventory-service,46.0,1785952583.5484307,WARNING,,WARN p99=105ms gc_p99=7ms -- latency spike
live_ep_000035_LATENCY_SPIKE,LATENCY_SPIKE,inventory-service,46.5,1785952584.0488598,WARNING,,WARN p99=115ms gc_p99=11ms -- latency spike
live_ep_000035_LATENCY_SPIKE,LATENCY_SPIKE,inventory-service,47.0,1785952584.5491254,WARNING,,WARN p99=106ms gc_p99=27ms -- latency spike
live_ep_000035_LATENCY_SPIKE,LATENCY_SPIKE,inventory-service,47.5,1785952585.049366,WARNING,,WARN p99=124ms gc_p99=22ms -- latency spike
live_ep_000035_LATENCY_SPIKE,LATENCY_SPIKE,inventory-service,48.0,1785952585.5499396,WARNING,,WARN p99=130ms gc_p99=3ms -- latency spike
live_ep_000035_LATENCY_SPIKE,LATENCY_SPIKE,inventory-service,48.5,1785952586.0502868,WARNING,,WARN p99=127ms gc_p99=8ms -- latency spike
live_ep_000035_LATENCY_SPIKE,LATENCY_SPIKE,inventory-service,49.0,1785952586.550693,WARNING,,WARN p99=113ms gc_p99=14ms -- latency spike
live_ep_000035_LATENCY_SPIKE,LATENCY_SPIKE,inventory-service,49.5,1785952587.051075,WARNING,,WARN p99=135ms gc_p99=59ms -- latency spike
live_ep_000035_LATENCY_SPIKE,LATENCY_SPIKE,inventory-service,50.0,1785952587.5514784,WARNING,,WARN p99=141ms gc_p99=11ms -- latency spike
live_ep_000035_LATENCY_SPIKE,LATENCY_SPIKE,inventory-service,50.5,1785952588.0518408,WARNING,,WARN p99=131ms gc_p99=7ms -- latency spike
live_ep_000035_LATENCY_SPIKE,LATENCY_SPIKE,inventory-service,51.0,1785952588.5548565,WARNING,,WARN p99=115ms gc_p99=5ms -- latency spike
live_ep_000035_LATENCY_SPIKE,LATENCY_SPIKE,inventory-service,51.5,1785952589.0552409,WARNING,,WARN p99=117ms gc_p99=14ms -- latency spike
live_ep_000035_LATENCY_SPIKE,LATENCY_SPIKE,inventory-service,52.0,1785952589.562958,WARNING,,WARN p99=108ms gc_p99=19ms -- latency spike
live_ep_000035_LATENCY_SPIKE,LATENCY_SPIKE,inventory-service,52.5,1785952590.0632348,WARNING,,WARN p99=142ms gc_p99=2ms -- latency spike
live_ep_000035_LATENCY_SPIKE,LATENCY_SPIKE,inventory-service,53.0,1785952590.5636258,WARNING,,WARN p99=119ms gc_p99=25ms -- latency spike
live_ep_000035_LATENCY_SPIKE,LATENCY_SPIKE,inventory-service,53.5,1785952591.0641048,WARNING,,WARN p99=131ms gc_p99=8ms -- latency spike
live_ep_000035_LATENCY_SPIKE,LATENCY_SPIKE,inventory-service,54.0,1785952591.5643964,WARNING,,WARN p99=307ms gc_p99=256ms -- latency spike
live_ep_000035_LATENCY_SPIKE,LATENCY_SPIKE,inventory-service,54.5,1785952592.064737,WARNING,,WARN p99=151ms gc_p99=9ms -- latency spike
live_ep_000035_LATENCY_SPIKE,LATENCY_SPIKE,inventory-service,55.0,1785952592.5648863,WARNING,,WARN p99=116ms gc_p99=3ms -- latency spike
live_ep_000035_LATENCY_SPIKE,LATENCY_SPIKE,inventory-service,55.5,1785952593.0692565,WARNING,,WARN p99=108ms gc_p99=9ms -- latency spike
live_ep_000035_LATENCY_SPIKE,LATENCY_SPIKE,inventory-service,56.0,1785952593.569651,WARNING,,WARN p99=131ms gc_p99=23ms -- latency spike
live_ep_000035_LATENCY_SPIKE,LATENCY_SPIKE,inventory-service,56.5,1785952594.0698485,WARNING,,WARN p99=110ms gc_p99=7ms -- latency spike
live_ep_000035_LATENCY_SPIKE,LATENCY_SPIKE,inventory-service,57.0,1785952594.570362,WARNING,,WARN p99=133ms gc_p99=7ms -- latency spike
live_ep_000035_LATENCY_SPIKE,LATENCY_SPIKE,inventory-service,57.5,1785952595.0708086,WARNING,,WARN p99=142ms gc_p99=60ms -- latency spike
live_ep_000035_LATENCY_SPIKE,LATENCY_SPIKE,inventory-service,58.0,1785952595.5712743,WARNING,,WARN p99=128ms gc_p99=8ms -- latency spike
live_ep_000035_LATENCY_SPIKE,LATENCY_SPIKE,inventory-service,58.5,1785952596.0717254,WARNING,,WARN p99=108ms gc_p99=8ms -- latency spike
live_ep_000035_LATENCY_SPIKE,LATENCY_SPIKE,inventory-service,59.0,1785952596.5719051,WARNING,,WARN p99=339ms gc_p99=233ms -- latency spike
live_ep_000035_LATENCY_SPIKE,LATENCY_SPIKE,inventory-service,59.5,1785952597.0727618,WARNING,,WARN p99=625ms gc_p99=538ms -- latency spike
live_ep_000036_LATENCY_SPIKE,LATENCY_SPIKE,auth-service,0.0,1785952597.5741758,WARNING,,WARN p99=115ms gc_p99=14ms -- latency spike
live_ep_000036_LATENCY_SPIKE,LATENCY_SPIKE,auth-service,0.5,1785952598.0766456,WARNING,,WARN p99=103ms gc_p99=2ms -- latency spike
live_ep_000036_LATENCY_SPIKE,LATENCY_SPIKE,auth-service,1.0,1785952598.576804,WARNING,,WARN p99=131ms gc_p99=25ms -- latency spike
live_ep_000036_LATENCY_SPIKE,LATENCY_SPIKE,auth-service,1.5,1785952599.077005,WARNING,,WARN p99=150ms gc_p99=17ms -- latency spike
live_ep_000036_LATENCY_SPIKE,LATENCY_SPIKE,auth-service,2.0,1785952599.5771294,WARNING,,WARN p99=161ms gc_p99=29ms -- latency spike
live_ep_000036_LATENCY_SPIKE,LATENCY_SPIKE,auth-service,2.5,1785952600.077303,WARNING,,WARN p99=98ms gc_p99=2ms -- latency spike
live_ep_000036_LATENCY_SPIKE,LATENCY_SPIKE,auth-service,3.0,1785952600.5775647,WARNING,,WARN p99=124ms gc_p99=5ms -- latency spike
live_ep_000036_LATENCY_SPIKE,LATENCY_SPIKE,auth-service,3.5,1785952601.0789332,WARNING,,WARN p99=111ms gc_p99=4ms -- latency spike
live_ep_000036_LATENCY_SPIKE,LATENCY_SPIKE,auth-service,4.0,1785952601.5794094,WARNING,,WARN p99=130ms gc_p99=15ms -- latency spike
live_ep_000036_LATENCY_SPIKE,LATENCY_SPIKE,auth-service,4.5,1785952602.0797613,WARNING,,WARN p99=118ms gc_p99=2ms -- latency spike
live_ep_000036_LATENCY_SPIKE,LATENCY_SPIKE,auth-service,5.0,1785952602.5798256,WARNING,,WARN p99=102ms gc_p99=6ms -- latency spike
live_ep_000036_LATENCY_SPIKE,LATENCY_SPIKE,auth-service,5.5,1785952603.0800705,WARNING,,WARN p99=122ms gc_p99=12ms -- latency spike
live_ep_000036_LATENCY_SPIKE,LATENCY_SPIKE,auth-service,6.0,1785952603.5805314,WARNING,,WARN p99=534ms gc_p99=391ms -- latency spike
live_ep_000036_LATENCY_SPIKE,LATENCY_SPIKE,auth-service,6.5,1785952604.0809472,WARNING,,WARN p99=125ms gc_p99=30ms -- latency spike
live_ep_000036_LATENCY_SPIKE,LATENCY_SPIKE,auth-service,7.0,1785952604.5810232,WARNING,,WARN p99=123ms gc_p99=9ms -- latency spike
live_ep_000036_LATENCY_SPIKE,LATENCY_SPIKE,auth-service,7.5,1785952605.0813951,WARNING,,WARN p99=126ms gc_p99=2ms -- latency spike
live_ep_000036_LATENCY_SPIKE,LATENCY_SPIKE,auth-service,8.0,1785952605.5815296,WARNING,,WARN p99=272ms gc_p99=176ms -- latency spike
live_ep_000036_LATENCY_SPIKE,LATENCY_SPIKE,auth-service,8.5,1785952606.082012,WARNING,,WARN p99=390ms gc_p99=229ms -- latency spike
live_ep_000036_LATENCY_SPIKE,LATENCY_SPIKE,auth-service,9.0,1785952606.5822916,WARNING,,WARN p99=151ms gc_p99=7ms -- latency spike
live_ep_000036_LATENCY_SPIKE,LATENCY_SPIKE,auth-service,9.5,1785952607.0829382,WARNING,,WARN p99=223ms gc_p99=84ms -- latency spike
live_ep_000036_LATENCY_SPIKE,LATENCY_SPIKE,auth-service,10.0,1785952607.5831532,WARNING,,WARN p99=130ms gc_p99=6ms -- latency spike
live_ep_000036_LATENCY_SPIKE,LATENCY_SPIKE,auth-service,10.5,1785952608.0836105,WARNING,,WARN p99=124ms gc_p99=55ms -- latency spike
live_ep_000036_LATENCY_SPIKE,LATENCY_SPIKE,auth-service,11.0,1785952608.59863,WARNING,,WARN p99=123ms gc_p99=2ms -- latency spike
live_ep_000036_LATENCY_SPIKE,LATENCY_SPIKE,auth-service,11.5,1785952609.098939,WARNING,,WARN p99=98ms gc_p99=8ms -- latency spike
live_ep_000036_LATENCY_SPIKE,LATENCY_SPIKE,auth-service,12.0,1785952609.5993023,WARNING,,WARN p99=112ms gc_p99=39ms -- latency spike
live_ep_000036_LATENCY_SPIKE,LATENCY_SPIKE,auth-service,12.5,1785952610.1417766,WARNING,,WARN p99=119ms gc_p99=10ms -- latency spike
live_ep_000036_LATENCY_SPIKE,LATENCY_SPIKE,auth-service,13.0,1785952610.642053,WARNING,,WARN p99=156ms gc_p99=5ms -- latency spike
live_ep_000036_LATENCY_SPIKE,LATENCY_SPIKE,auth-service,13.5,1785952611.1497664,WARNING,,WARN p99=264ms gc_p99=186ms -- latency spike
live_ep_000036_LATENCY_SPIKE,LATENCY_SPIKE,auth-service,14.0,1785952611.6641486,WARNING,,WARN p99=252ms gc_p99=177ms -- latency spike
live_ep_000036_LATENCY_SPIKE,LATENCY_SPIKE,auth-service,14.5,1785952612.2160563,WARNING,,WARN p99=93ms gc_p99=3ms -- latency spike
live_ep_000036_LATENCY_SPIKE,LATENCY_SPIKE,auth-service,15.0,1785952612.717564,WARNING,,WARN p99=144ms gc_p99=7ms -- latency spike
live_ep_000036_LATENCY_SPIKE,LATENCY_SPIKE,auth-service,15.5,1785952613.2210217,WARNING,,WARN p99=122ms gc_p99=4ms -- latency spike
live_ep_000036_LATENCY_SPIKE,LATENCY_SPIKE,auth-service,16.0,1785952613.7281506,WARNING,,WARN p99=120ms gc_p99=19ms -- latency spike
live_ep_000036_LATENCY_SPIKE,LATENCY_SPIKE,auth-service,16.5,1785952614.2287996,WARNING,,WARN p99=120ms gc_p99=4ms -- latency spike
live_ep_000036_LATENCY_SPIKE,LATENCY_SPIKE,auth-service,17.0,1785952614.7306986,WARNING,,WARN p99=121ms gc_p99=4ms -- latency spike
live_ep_000036_LATENCY_SPIKE,LATENCY_SPIKE,auth-service,17.5,1785952615.2357912,WARNING,,WARN p99=114ms gc_p99=18ms -- latency spike
live_ep_000036_LATENCY_SPIKE,LATENCY_SPIKE,auth-service,18.0,1785952615.7361372,WARNING,,WARN p99=128ms gc_p99=7ms -- latency spike
live_ep_000036_LATENCY_SPIKE,LATENCY_SPIKE,auth-service,18.5,1785952616.2364845,WARNING,,WARN p99=109ms gc_p99=3ms -- latency spike
live_ep_000036_LATENCY_SPIKE,LATENCY_SPIKE,auth-service,19.0,1785952616.7376597,WARNING,,WARN p99=390ms gc_p99=347ms -- latency spike
live_ep_000036_LATENCY_SPIKE,LATENCY_SPIKE,auth-service,19.5,1785952617.2404816,WARNING,,WARN p99=119ms gc_p99=4ms -- latency spike
live_ep_000036_LATENCY_SPIKE,LATENCY_SPIKE,auth-service,20.0,1785952617.7422068,WARNING,,WARN p99=459ms gc_p99=402ms -- latency spike
live_ep_000036_LATENCY_SPIKE,LATENCY_SPIKE,auth-service,20.5,1785952618.2480361,WARNING,,WARN p99=129ms gc_p99=4ms -- latency spike
live_ep_000036_LATENCY_SPIKE,LATENCY_SPIKE,auth-service,21.0,1785952618.7484763,WARNING,,WARN p99=117ms gc_p99=9ms -- latency spike
live_ep_000036_LATENCY_SPIKE,LATENCY_SPIKE,auth-service,21.5,1785952619.2488678,WARNING,,WARN p99=114ms gc_p99=38ms -- latency spike
live_ep_000036_LATENCY_SPIKE,LATENCY_SPIKE,auth-service,22.0,1785952619.7491837,WARNING,,WARN p99=109ms gc_p99=18ms -- latency spike
live_ep_000036_LATENCY_SPIKE,LATENCY_SPIKE,auth-service,22.5,1785952620.2506664,WARNING,,WARN p99=313ms gc_p99=255ms -- latency spike
live_ep_000036_LATENCY_SPIKE,LATENCY_SPIKE,auth-service,23.0,1785952620.7584968,WARNING,,WARN p99=122ms gc_p99=2ms -- latency spike
live_ep_000036_LATENCY_SPIKE,LATENCY_SPIKE,auth-service,23.5,1785952621.2588062,WARNING,,WARN p99=395ms gc_p99=295ms -- latency spike
live_ep_000036_LATENCY_SPIKE,LATENCY_SPIKE,auth-service,24.0,1785952621.7592075,WARNING,,WARN p99=121ms gc_p99=3ms -- latency spike
live_ep_000036_LATENCY_SPIKE,LATENCY_SPIKE,auth-service,24.5,1785952622.2597246,WARNING,,WARN p99=104ms gc_p99=19ms -- latency spike
live_ep_000036_LATENCY_SPIKE,LATENCY_SPIKE,auth-service,25.0,1785952622.7600896,WARNING,,WARN p99=104ms gc_p99=3ms -- latency spike
live_ep_000036_LATENCY_SPIKE,LATENCY_SPIKE,auth-service,25.5,1785952623.2604232,WARNING,,WARN p99=140ms gc_p99=5ms -- latency spike
live_ep_000036_LATENCY_SPIKE,LATENCY_SPIKE,auth-service,26.0,1785952623.7609608,WARNING,,WARN p99=393ms gc_p99=287ms -- latency spike
live_ep_000036_LATENCY_SPIKE,LATENCY_SPIKE,auth-service,26.5,1785952624.2612474,WARNING,,WARN p99=137ms gc_p99=11ms -- latency spike
live_ep_000036_LATENCY_SPIKE,LATENCY_SPIKE,auth-service,27.0,1785952624.761697,WARNING,,WARN p99=110ms gc_p99=13ms -- latency spike
live_ep_000036_LATENCY_SPIKE,LATENCY_SPIKE,auth-service,27.5,1785952625.261885,WARNING,,WARN p99=120ms gc_p99=12ms -- latency spike
live_ep_000036_LATENCY_SPIKE,LATENCY_SPIKE,auth-service,28.0,1785952625.7631776,WARNING,,WARN p99=130ms gc_p99=5ms -- latency spike
live_ep_000036_LATENCY_SPIKE,LATENCY_SPIKE,auth-service,28.5,1785952626.265058,WARNING,,WARN p99=475ms gc_p99=418ms -- latency spike
live_ep_000036_LATENCY_SPIKE,LATENCY_SPIKE,auth-service,29.0,1785952626.7654686,WARNING,,WARN p99=124ms gc_p99=39ms -- latency spike
live_ep_000036_LATENCY_SPIKE,LATENCY_SPIKE,auth-service,29.5,1785952627.265749,WARNING,,WARN p99=98ms gc_p99=3ms -- latency spike
live_ep_000036_LATENCY_SPIKE,LATENCY_SPIKE,auth-service,30.0,1785952627.7663074,WARNING,,WARN p99=120ms gc_p99=34ms -- latency spike
live_ep_000036_LATENCY_SPIKE,LATENCY_SPIKE,auth-service,30.5,1785952628.266626,WARNING,,WARN p99=159ms gc_p99=22ms -- latency spike
live_ep_000036_LATENCY_SPIKE,LATENCY_SPIKE,auth-service,31.0,1785952628.7667413,WARNING,,WARN p99=101ms gc_p99=2ms -- latency spike
live_ep_000036_LATENCY_SPIKE,LATENCY_SPIKE,auth-service,31.5,1785952629.2672832,WARNING,,WARN p99=116ms gc_p99=4ms -- latency spike
live_ep_000036_LATENCY_SPIKE,LATENCY_SPIKE,auth-service,32.0,1785952629.7674649,WARNING,,WARN p99=104ms gc_p99=2ms -- latency spike
live_ep_000036_LATENCY_SPIKE,LATENCY_SPIKE,auth-service,32.5,1785952630.2675889,WARNING,,WARN p99=95ms gc_p99=2ms -- latency spike
live_ep_000036_LATENCY_SPIKE,LATENCY_SPIKE,auth-service,33.0,1785952630.7680893,WARNING,,WARN p99=102ms gc_p99=38ms -- latency spike
live_ep_000036_LATENCY_SPIKE,LATENCY_SPIKE,auth-service,33.5,1785952631.2684183,WARNING,,WARN p99=104ms gc_p99=20ms -- latency spike
live_ep_000036_LATENCY_SPIKE,LATENCY_SPIKE,auth-service,34.0,1785952631.7685466,WARNING,,WARN p99=121ms gc_p99=13ms -- latency spike
live_ep_000036_LATENCY_SPIKE,LATENCY_SPIKE,auth-service,34.5,1785952632.2818186,WARNING,,WARN p99=143ms gc_p99=13ms -- latency spike
live_ep_000036_LATENCY_SPIKE,LATENCY_SPIKE,auth-service,35.0,1785952632.78288,WARNING,,WARN p99=374ms gc_p99=222ms -- latency spike
live_ep_000036_LATENCY_SPIKE,LATENCY_SPIKE,auth-service,35.5,1785952633.2834227,WARNING,,WARN p99=140ms gc_p99=40ms -- latency spike
live_ep_000036_LATENCY_SPIKE,LATENCY_SPIKE,auth-service,36.0,1785952633.783998,WARNING,,WARN p99=100ms gc_p99=5ms -- latency spike
live_ep_000036_LATENCY_SPIKE,LATENCY_SPIKE,auth-service,36.5,1785952634.2845798,WARNING,,WARN p99=95ms gc_p99=13ms -- latency spike
live_ep_000036_LATENCY_SPIKE,LATENCY_SPIKE,auth-service,37.0,1785952634.784995,WARNING,,WARN p99=112ms gc_p99=11ms -- latency spike
live_ep_000036_LATENCY_SPIKE,LATENCY_SPIKE,auth-service,37.5,1785952635.2858071,WARNING,,WARN p99=108ms gc_p99=13ms -- latency spike
live_ep_000036_LATENCY_SPIKE,LATENCY_SPIKE,auth-service,38.0,1785952635.786007,WARNING,,WARN p99=114ms gc_p99=2ms -- latency spike
live_ep_000036_LATENCY_SPIKE,LATENCY_SPIKE,auth-service,38.5,1785952636.2861674,WARNING,,WARN p99=133ms gc_p99=3ms -- latency spike
live_ep_000036_LATENCY_SPIKE,LATENCY_SPIKE,auth-service,39.0,1785952636.7863445,WARNING,,WARN p99=121ms gc_p99=18ms -- latency spike
live_ep_000036_LATENCY_SPIKE,LATENCY_SPIKE,auth-service,39.5,1785952637.286678,WARNING,,WARN p99=397ms gc_p99=311ms -- latency spike
live_ep_000036_LATENCY_SPIKE,LATENCY_SPIKE,auth-service,40.0,1785952637.7871387,WARNING,,WARN p99=112ms gc_p99=6ms -- latency spike
live_ep_000036_LATENCY_SPIKE,LATENCY_SPIKE,auth-service,40.5,1785952638.287625,WARNING,,WARN p99=103ms gc_p99=40ms -- latency spike
live_ep_000036_LATENCY_SPIKE,LATENCY_SPIKE,auth-service,41.0,1785952638.7881582,WARNING,,WARN p99=140ms gc_p99=2ms -- latency spike
live_ep_000036_LATENCY_SPIKE,LATENCY_SPIKE,auth-service,41.5,1785952639.2888758,WARNING,,WARN p99=116ms gc_p99=24ms -- latency spike
live_ep_000036_LATENCY_SPIKE,LATENCY_SPIKE,auth-service,42.0,1785952639.7890563,WARNING,,WARN p99=108ms gc_p99=2ms -- latency spike
live_ep_000036_LATENCY_SPIKE,LATENCY_SPIKE,auth-service,42.5,1785952640.289578,WARNING,,WARN p99=262ms gc_p99=166ms -- latency spike
live_ep_000036_LATENCY_SPIKE,LATENCY_SPIKE,auth-service,43.0,1785952640.7903028,WARNING,,WARN p99=345ms gc_p99=266ms -- latency spike
live_ep_000036_LATENCY_SPIKE,LATENCY_SPIKE,auth-service,43.5,1785952641.290762,WARNING,,WARN p99=118ms gc_p99=16ms -- latency spike
live_ep_000036_LATENCY_SPIKE,LATENCY_SPIKE,auth-service,44.0,1785952641.791002,WARNING,,WARN p99=118ms gc_p99=2ms -- latency spike
live_ep_000036_LATENCY_SPIKE,LATENCY_SPIKE,auth-service,44.5,1785952642.2913387,WARNING,,WARN p99=132ms gc_p99=12ms -- latency spike
live_ep_000036_LATENCY_SPIKE,LATENCY_SPIKE,auth-service,45.0,1785952642.8183959,WARNING,,WARN p99=130ms gc_p99=19ms -- latency spike
live_ep_000036_LATENCY_SPIKE,LATENCY_SPIKE,auth-service,45.5,1785952643.3295903,WARNING,,WARN p99=133ms gc_p99=2ms -- latency spike
live_ep_000036_LATENCY_SPIKE,LATENCY_SPIKE,auth-service,46.0,1785952643.830009,WARNING,,WARN p99=112ms gc_p99=2ms -- latency spike
live_ep_000036_LATENCY_SPIKE,LATENCY_SPIKE,auth-service,46.5,1785952644.3304255,WARNING,,WARN p99=133ms gc_p99=5ms -- latency spike
live_ep_000036_LATENCY_SPIKE,LATENCY_SPIKE,auth-service,47.0,1785952644.8305743,WARNING,,WARN p99=116ms gc_p99=20ms -- latency spike
live_ep_000036_LATENCY_SPIKE,LATENCY_SPIKE,auth-service,47.5,1785952645.331045,WARNING,,WARN p99=121ms gc_p99=9ms -- latency spike
live_ep_000036_LATENCY_SPIKE,LATENCY_SPIKE,auth-service,48.0,1785952645.8313448,WARNING,,WARN p99=132ms gc_p99=17ms -- latency spike
live_ep_000036_LATENCY_SPIKE,LATENCY_SPIKE,auth-service,48.5,1785952646.3318098,WARNING,,WARN p99=111ms gc_p99=2ms -- latency spike
live_ep_000036_LATENCY_SPIKE,LATENCY_SPIKE,auth-service,49.0,1785952646.831942,WARNING,,WARN p99=97ms gc_p99=60ms -- latency spike
live_ep_000036_LATENCY_SPIKE,LATENCY_SPIKE,auth-service,49.5,1785952647.3322427,WARNING,,WARN p99=127ms gc_p99=16ms -- latency spike
live_ep_000036_LATENCY_SPIKE,LATENCY_SPIKE,auth-service,50.0,1785952647.8323932,WARNING,,WARN p99=110ms gc_p99=17ms -- latency spike
live_ep_000036_LATENCY_SPIKE,LATENCY_SPIKE,auth-service,50.5,1785952648.3326628,WARNING,,WARN p99=106ms gc_p99=13ms -- latency spike
live_ep_000036_LATENCY_SPIKE,LATENCY_SPIKE,auth-service,51.0,1785952648.8331306,WARNING,,WARN p99=139ms gc_p99=5ms -- latency spike
live_ep_000036_LATENCY_SPIKE,LATENCY_SPIKE,auth-service,51.5,1785952649.333427,WARNING,,WARN p99=123ms gc_p99=60ms -- latency spike
live_ep_000036_LATENCY_SPIKE,LATENCY_SPIKE,auth-service,52.0,1785952649.8337746,WARNING,,WARN p99=118ms gc_p99=31ms -- latency spike
live_ep_000036_LATENCY_SPIKE,LATENCY_SPIKE,auth-service,52.5,1785952650.3342156,WARNING,,WARN p99=131ms gc_p99=10ms -- latency spike
live_ep_000036_LATENCY_SPIKE,LATENCY_SPIKE,auth-service,53.0,1785952650.8346565,WARNING,,WARN p99=134ms gc_p99=17ms -- latency spike
live_ep_000036_LATENCY_SPIKE,LATENCY_SPIKE,auth-service,53.5,1785952651.3382425,WARNING,,WARN p99=141ms gc_p99=3ms -- latency spike
live_ep_000036_LATENCY_SPIKE,LATENCY_SPIKE,auth-service,54.0,1785952651.8385708,WARNING,,WARN p99=158ms gc_p99=8ms -- latency spike
live_ep_000036_LATENCY_SPIKE,LATENCY_SPIKE,auth-service,54.5,1785952652.338986,WARNING,,WARN p99=137ms gc_p99=8ms -- latency spike
live_ep_000036_LATENCY_SPIKE,LATENCY_SPIKE,auth-service,55.0,1785952652.8393533,WARNING,,WARN p99=125ms gc_p99=5ms -- latency spike
live_ep_000036_LATENCY_SPIKE,LATENCY_SPIKE,auth-service,55.5,1785952653.3395417,WARNING,,WARN p99=123ms gc_p99=7ms -- latency spike
live_ep_000036_LATENCY_SPIKE,LATENCY_SPIKE,auth-service,56.0,1785952653.8399732,WARNING,,WARN p99=114ms gc_p99=17ms -- latency spike
live_ep_000036_LATENCY_SPIKE,LATENCY_SPIKE,auth-service,56.5,1785952654.3400395,WARNING,,WARN p99=115ms gc_p99=2ms -- latency spike
live_ep_000036_LATENCY_SPIKE,LATENCY_SPIKE,auth-service,57.0,1785952654.840211,WARNING,,WARN p99=109ms gc_p99=44ms -- latency spike
live_ep_000036_LATENCY_SPIKE,LATENCY_SPIKE,auth-service,57.5,1785952655.3404486,WARNING,,WARN p99=120ms gc_p99=21ms -- latency spike
live_ep_000036_LATENCY_SPIKE,LATENCY_SPIKE,auth-service,58.0,1785952655.8408437,WARNING,,WARN p99=108ms gc_p99=9ms -- latency spike
live_ep_000036_LATENCY_SPIKE,LATENCY_SPIKE,auth-service,58.5,1785952656.3412352,WARNING,,WARN p99=102ms gc_p99=2ms -- latency spike
live_ep_000036_LATENCY_SPIKE,LATENCY_SPIKE,auth-service,59.0,1785952656.842171,WARNING,,WARN p99=145ms gc_p99=15ms -- latency spike
live_ep_000036_LATENCY_SPIKE,LATENCY_SPIKE,auth-service,59.5,1785952657.3423426,WARNING,,WARN p99=349ms gc_p99=336ms -- latency spike
live_ep_000037_LATENCY_SPIKE,LATENCY_SPIKE,payment-service,0.0,1785952657.8449378,WARNING,,WARN p99=110ms gc_p99=2ms -- latency spike
live_ep_000037_LATENCY_SPIKE,LATENCY_SPIKE,payment-service,0.5,1785952658.3450806,WARNING,,WARN p99=102ms gc_p99=11ms -- latency spike
live_ep_000037_LATENCY_SPIKE,LATENCY_SPIKE,payment-service,1.0,1785952658.8459442,WARNING,,WARN p99=144ms gc_p99=15ms -- latency spike
live_ep_000037_LATENCY_SPIKE,LATENCY_SPIKE,payment-service,1.5,1785952659.346201,WARNING,,WARN p99=108ms gc_p99=20ms -- latency spike
live_ep_000037_LATENCY_SPIKE,LATENCY_SPIKE,payment-service,2.0,1785952659.8466961,WARNING,,WARN p99=91ms gc_p99=19ms -- latency spike
live_ep_000037_LATENCY_SPIKE,LATENCY_SPIKE,payment-service,2.5,1785952660.347022,WARNING,,WARN p99=94ms gc_p99=11ms -- latency spike
live_ep_000037_LATENCY_SPIKE,LATENCY_SPIKE,payment-service,3.0,1785952660.847174,WARNING,,WARN p99=124ms gc_p99=60ms -- latency spike
live_ep_000037_LATENCY_SPIKE,LATENCY_SPIKE,payment-service,3.5,1785952661.3474355,WARNING,,WARN p99=110ms gc_p99=24ms -- latency spike
live_ep_000037_LATENCY_SPIKE,LATENCY_SPIKE,payment-service,4.0,1785952661.8476183,WARNING,,WARN p99=116ms gc_p99=8ms -- latency spike
live_ep_000037_LATENCY_SPIKE,LATENCY_SPIKE,payment-service,4.5,1785952662.348736,WARNING,,WARN p99=101ms gc_p99=52ms -- latency spike
live_ep_000037_LATENCY_SPIKE,LATENCY_SPIKE,payment-service,5.0,1785952662.849007,WARNING,,WARN p99=121ms gc_p99=40ms -- latency spike
live_ep_000037_LATENCY_SPIKE,LATENCY_SPIKE,payment-service,5.5,1785952663.349671,WARNING,,WARN p99=247ms gc_p99=168ms -- latency spike
live_ep_000037_LATENCY_SPIKE,LATENCY_SPIKE,payment-service,6.0,1785952663.8500283,WARNING,,WARN p99=160ms gc_p99=8ms -- latency spike
live_ep_000037_LATENCY_SPIKE,LATENCY_SPIKE,payment-service,6.5,1785952664.351846,WARNING,,WARN p99=114ms gc_p99=9ms -- latency spike
live_ep_000037_LATENCY_SPIKE,LATENCY_SPIKE,payment-service,7.0,1785952664.852474,WARNING,,WARN p99=138ms gc_p99=60ms -- latency spike
live_ep_000037_LATENCY_SPIKE,LATENCY_SPIKE,payment-service,7.5,1785952665.3737798,WARNING,,WARN p99=114ms gc_p99=2ms -- latency spike
live_ep_000037_LATENCY_SPIKE,LATENCY_SPIKE,payment-service,8.0,1785952665.8745086,WARNING,,WARN p99=124ms gc_p99=34ms -- latency spike
live_ep_000037_LATENCY_SPIKE,LATENCY_SPIKE,payment-service,8.5,1785952666.3787823,WARNING,,WARN p99=108ms gc_p99=3ms -- latency spike
live_ep_000037_LATENCY_SPIKE,LATENCY_SPIKE,payment-service,9.0,1785952666.8793316,WARNING,,WARN p99=109ms gc_p99=14ms -- latency spike
live_ep_000037_LATENCY_SPIKE,LATENCY_SPIKE,payment-service,9.5,1785952667.4041116,WARNING,,WARN p99=145ms gc_p99=11ms -- latency spike
live_ep_000037_LATENCY_SPIKE,LATENCY_SPIKE,payment-service,10.0,1785952667.9049249,WARNING,,WARN p99=114ms gc_p99=16ms -- latency spike
live_ep_000037_LATENCY_SPIKE,LATENCY_SPIKE,payment-service,10.5,1785952668.405302,WARNING,,WARN p99=128ms gc_p99=20ms -- latency spike
live_ep_000037_LATENCY_SPIKE,LATENCY_SPIKE,payment-service,11.0,1785952668.911218,WARNING,,WARN p99=106ms gc_p99=23ms -- latency spike
live_ep_000037_LATENCY_SPIKE,LATENCY_SPIKE,payment-service,11.5,1785952669.4118392,WARNING,,WARN p99=138ms gc_p99=15ms -- latency spike
live_ep_000037_LATENCY_SPIKE,LATENCY_SPIKE,payment-service,12.0,1785952669.9124527,WARNING,,WARN p99=112ms gc_p99=32ms -- latency spike
live_ep_000037_LATENCY_SPIKE,LATENCY_SPIKE,payment-service,12.5,1785952670.4129689,WARNING,,WARN p99=149ms gc_p99=7ms -- latency spike
live_ep_000037_LATENCY_SPIKE,LATENCY_SPIKE,payment-service,13.0,1785952670.913126,WARNING,,WARN p99=144ms gc_p99=33ms -- latency spike
live_ep_000037_LATENCY_SPIKE,LATENCY_SPIKE,payment-service,13.5,1785952671.4136674,WARNING,,WARN p99=121ms gc_p99=6ms -- latency spike
live_ep_000037_LATENCY_SPIKE,LATENCY_SPIKE,payment-service,14.0,1785952671.9148693,WARNING,,WARN p99=134ms gc_p99=2ms -- latency spike
live_ep_000037_LATENCY_SPIKE,LATENCY_SPIKE,payment-service,14.5,1785952672.4150958,WARNING,,WARN p99=121ms gc_p99=2ms -- latency spike
live_ep_000037_LATENCY_SPIKE,LATENCY_SPIKE,payment-service,15.0,1785952672.9153268,WARNING,,WARN p99=115ms gc_p99=24ms -- latency spike
live_ep_000037_LATENCY_SPIKE,LATENCY_SPIKE,payment-service,15.5,1785952673.4158258,WARNING,,WARN p99=107ms gc_p99=22ms -- latency spike
live_ep_000037_LATENCY_SPIKE,LATENCY_SPIKE,payment-service,16.0,1785952673.9159596,WARNING,,WARN p99=131ms gc_p99=16ms -- latency spike
live_ep_000037_LATENCY_SPIKE,LATENCY_SPIKE,payment-service,16.5,1785952674.4169867,WARNING,,WARN p99=296ms gc_p99=232ms -- latency spike
live_ep_000037_LATENCY_SPIKE,LATENCY_SPIKE,payment-service,17.0,1785952674.9176505,WARNING,,WARN p99=107ms gc_p99=28ms -- latency spike
live_ep_000037_LATENCY_SPIKE,LATENCY_SPIKE,payment-service,17.5,1785952675.4181347,WARNING,,WARN p99=139ms gc_p99=20ms -- latency spike
live_ep_000037_LATENCY_SPIKE,LATENCY_SPIKE,payment-service,18.0,1785952675.9185555,WARNING,,WARN p99=135ms gc_p99=11ms -- latency spike
live_ep_000037_LATENCY_SPIKE,LATENCY_SPIKE,payment-service,18.5,1785952676.418967,WARNING,,WARN p99=126ms gc_p99=16ms -- latency spike
live_ep_000037_LATENCY_SPIKE,LATENCY_SPIKE,payment-service,19.0,1785952676.9193375,WARNING,,WARN p99=115ms gc_p99=15ms -- latency spike
live_ep_000037_LATENCY_SPIKE,LATENCY_SPIKE,payment-service,19.5,1785952677.419924,WARNING,,WARN p99=200ms gc_p99=129ms -- latency spike
live_ep_000037_LATENCY_SPIKE,LATENCY_SPIKE,payment-service,20.0,1785952677.920217,WARNING,,WARN p99=107ms gc_p99=29ms -- latency spike
live_ep_000037_LATENCY_SPIKE,LATENCY_SPIKE,payment-service,20.5,1785952678.4218721,WARNING,,WARN p99=570ms gc_p99=434ms -- latency spike
live_ep_000037_LATENCY_SPIKE,LATENCY_SPIKE,payment-service,21.0,1785952678.924757,WARNING,,WARN p99=109ms gc_p99=7ms -- latency spike
live_ep_000037_LATENCY_SPIKE,LATENCY_SPIKE,payment-service,21.5,1785952679.426549,WARNING,,WARN p99=118ms gc_p99=18ms -- latency spike
live_ep_000037_LATENCY_SPIKE,LATENCY_SPIKE,payment-service,22.0,1785952679.928149,WARNING,,WARN p99=124ms gc_p99=22ms -- latency spike
live_ep_000037_LATENCY_SPIKE,LATENCY_SPIKE,payment-service,22.5,1785952680.4286373,WARNING,,WARN p99=135ms gc_p99=36ms -- latency spike
live_ep_000037_LATENCY_SPIKE,LATENCY_SPIKE,payment-service,23.0,1785952680.9288228,WARNING,,WARN p99=119ms gc_p99=2ms -- latency spike
live_ep_000037_LATENCY_SPIKE,LATENCY_SPIKE,payment-service,23.5,1785952681.4291003,WARNING,,WARN p99=135ms gc_p99=44ms -- latency spike
live_ep_000037_LATENCY_SPIKE,LATENCY_SPIKE,payment-service,24.0,1785952681.9304972,WARNING,,WARN p99=128ms gc_p99=4ms -- latency spike
live_ep_000037_LATENCY_SPIKE,LATENCY_SPIKE,payment-service,24.5,1785952682.4306529,WARNING,,WARN p99=108ms gc_p99=2ms -- latency spike
live_ep_000037_LATENCY_SPIKE,LATENCY_SPIKE,payment-service,25.0,1785952682.9311974,WARNING,,WARN p99=149ms gc_p99=41ms -- latency spike
live_ep_000037_LATENCY_SPIKE,LATENCY_SPIKE,payment-service,25.5,1785952683.4314492,WARNING,,WARN p99=499ms gc_p99=475ms -- latency spike
live_ep_000037_LATENCY_SPIKE,LATENCY_SPIKE,payment-service,26.0,1785952683.9320817,WARNING,,WARN p99=108ms gc_p99=8ms -- latency spike
live_ep_000037_LATENCY_SPIKE,LATENCY_SPIKE,payment-service,26.5,1785952684.4324787,WARNING,,WARN p99=130ms gc_p99=12ms -- latency spike
live_ep_000037_LATENCY_SPIKE,LATENCY_SPIKE,payment-service,27.0,1785952684.9330373,WARNING,,WARN p99=123ms gc_p99=21ms -- latency spike
live_ep_000037_LATENCY_SPIKE,LATENCY_SPIKE,payment-service,27.5,1785952685.4334936,WARNING,,WARN p99=143ms gc_p99=3ms -- latency spike
live_ep_000037_LATENCY_SPIKE,LATENCY_SPIKE,payment-service,28.0,1785952685.933679,WARNING,,WARN p99=134ms gc_p99=33ms -- latency spike
live_ep_000037_LATENCY_SPIKE,LATENCY_SPIKE,payment-service,28.5,1785952686.434182,WARNING,,WARN p99=111ms gc_p99=38ms -- latency spike
live_ep_000037_LATENCY_SPIKE,LATENCY_SPIKE,payment-service,29.0,1785952686.9346282,WARNING,,WARN p99=130ms gc_p99=2ms -- latency spike
live_ep_000037_LATENCY_SPIKE,LATENCY_SPIKE,payment-service,29.5,1785952687.4348476,WARNING,,WARN p99=121ms gc_p99=7ms -- latency spike
live_ep_000037_LATENCY_SPIKE,LATENCY_SPIKE,payment-service,30.0,1785952687.9351878,WARNING,,WARN p99=124ms gc_p99=3ms -- latency spike
live_ep_000037_LATENCY_SPIKE,LATENCY_SPIKE,payment-service,30.5,1785952688.435803,WARNING,,WARN p99=114ms gc_p99=23ms -- latency spike
live_ep_000037_LATENCY_SPIKE,LATENCY_SPIKE,payment-service,31.0,1785952688.9385693,WARNING,,WARN p99=235ms gc_p99=174ms -- latency spike
live_ep_000037_LATENCY_SPIKE,LATENCY_SPIKE,payment-service,31.5,1785952689.4390314,WARNING,,WARN p99=132ms gc_p99=14ms -- latency spike
live_ep_000037_LATENCY_SPIKE,LATENCY_SPIKE,payment-service,32.0,1785952689.9397774,WARNING,,WARN p99=106ms gc_p99=28ms -- latency spike
live_ep_000037_LATENCY_SPIKE,LATENCY_SPIKE,payment-service,32.5,1785952690.4401186,WARNING,,WARN p99=298ms gc_p99=203ms -- latency spike
live_ep_000037_LATENCY_SPIKE,LATENCY_SPIKE,payment-service,33.0,1785952690.9405782,WARNING,,WARN p99=232ms gc_p99=185ms -- latency spike
live_ep_000037_LATENCY_SPIKE,LATENCY_SPIKE,payment-service,33.5,1785952691.4411137,WARNING,,WARN p99=107ms gc_p99=21ms -- latency spike
live_ep_000037_LATENCY_SPIKE,LATENCY_SPIKE,payment-service,34.0,1785952691.941575,WARNING,,WARN p99=123ms gc_p99=4ms -- latency spike
live_ep_000037_LATENCY_SPIKE,LATENCY_SPIKE,payment-service,34.5,1785952692.4420617,WARNING,,WARN p99=432ms gc_p99=315ms -- latency spike
live_ep_000037_LATENCY_SPIKE,LATENCY_SPIKE,payment-service,35.0,1785952692.9422014,WARNING,,WARN p99=135ms gc_p99=14ms -- latency spike
live_ep_000037_LATENCY_SPIKE,LATENCY_SPIKE,payment-service,35.5,1785952693.4429042,WARNING,,WARN p99=114ms gc_p99=3ms -- latency spike
live_ep_000037_LATENCY_SPIKE,LATENCY_SPIKE,payment-service,36.0,1785952693.9450936,WARNING,,WARN p99=96ms gc_p99=60ms -- latency spike
live_ep_000037_LATENCY_SPIKE,LATENCY_SPIKE,payment-service,36.5,1785952694.448234,WARNING,,WARN p99=127ms gc_p99=2ms -- latency spike
live_ep_000037_LATENCY_SPIKE,LATENCY_SPIKE,payment-service,37.0,1785952694.9485166,WARNING,,WARN p99=108ms gc_p99=31ms -- latency spike
live_ep_000037_LATENCY_SPIKE,LATENCY_SPIKE,payment-service,37.5,1785952695.4488804,WARNING,,WARN p99=392ms gc_p99=294ms -- latency spike
live_ep_000037_LATENCY_SPIKE,LATENCY_SPIKE,payment-service,38.0,1785952695.9489338,WARNING,,WARN p99=97ms gc_p99=2ms -- latency spike
live_ep_000037_LATENCY_SPIKE,LATENCY_SPIKE,payment-service,38.5,1785952696.4492857,WARNING,,WARN p99=122ms gc_p99=34ms -- latency spike
live_ep_000037_LATENCY_SPIKE,LATENCY_SPIKE,payment-service,39.0,1785952696.9497678,WARNING,,WARN p99=119ms gc_p99=3ms -- latency spike
live_ep_000037_LATENCY_SPIKE,LATENCY_SPIKE,payment-service,39.5,1785952697.4503496,WARNING,,WARN p99=135ms gc_p99=6ms -- latency spike
live_ep_000037_LATENCY_SPIKE,LATENCY_SPIKE,payment-service,40.0,1785952697.9506605,WARNING,,WARN p99=124ms gc_p99=3ms -- latency spike
live_ep_000037_LATENCY_SPIKE,LATENCY_SPIKE,payment-service,40.5,1785952698.4510033,WARNING,,WARN p99=380ms gc_p99=359ms -- latency spike
live_ep_000037_LATENCY_SPIKE,LATENCY_SPIKE,payment-service,41.0,1785952698.9512334,WARNING,,WARN p99=105ms gc_p99=3ms -- latency spike
live_ep_000037_LATENCY_SPIKE,LATENCY_SPIKE,payment-service,41.5,1785952699.4522252,WARNING,,WARN p99=99ms gc_p99=37ms -- latency spike
live_ep_000037_LATENCY_SPIKE,LATENCY_SPIKE,payment-service,42.0,1785952699.9532824,WARNING,,WARN p99=133ms gc_p99=15ms -- latency spike
live_ep_000037_LATENCY_SPIKE,LATENCY_SPIKE,payment-service,42.5,1785952700.4532816,WARNING,,WARN p99=124ms gc_p99=11ms -- latency spike
live_ep_000037_LATENCY_SPIKE,LATENCY_SPIKE,payment-service,43.0,1785952700.9540644,WARNING,,WARN p99=156ms gc_p99=7ms -- latency spike
live_ep_000037_LATENCY_SPIKE,LATENCY_SPIKE,payment-service,43.5,1785952701.455126,WARNING,,WARN p99=130ms gc_p99=10ms -- latency spike
live_ep_000037_LATENCY_SPIKE,LATENCY_SPIKE,payment-service,44.0,1785952701.9554968,WARNING,,WARN p99=110ms gc_p99=14ms -- latency spike
live_ep_000037_LATENCY_SPIKE,LATENCY_SPIKE,payment-service,44.5,1785952702.4556148,WARNING,,WARN p99=105ms gc_p99=23ms -- latency spike
live_ep_000037_LATENCY_SPIKE,LATENCY_SPIKE,payment-service,45.0,1785952702.9557238,WARNING,,WARN p99=128ms gc_p99=15ms -- latency spike
live_ep_000037_LATENCY_SPIKE,LATENCY_SPIKE,payment-service,45.5,1785952703.4562933,WARNING,,WARN p99=111ms gc_p99=22ms -- latency spike
live_ep_000037_LATENCY_SPIKE,LATENCY_SPIKE,payment-service,46.0,1785952703.9566524,WARNING,,WARN p99=134ms gc_p99=2ms -- latency spike
live_ep_000037_LATENCY_SPIKE,LATENCY_SPIKE,payment-service,46.5,1785952704.4572039,WARNING,,WARN p99=128ms gc_p99=6ms -- latency spike
live_ep_000037_LATENCY_SPIKE,LATENCY_SPIKE,payment-service,47.0,1785952704.9576244,WARNING,,WARN p99=104ms gc_p99=21ms -- latency spike
live_ep_000037_LATENCY_SPIKE,LATENCY_SPIKE,payment-service,47.5,1785952705.4583986,WARNING,,WARN p99=114ms gc_p99=33ms -- latency spike
live_ep_000037_LATENCY_SPIKE,LATENCY_SPIKE,payment-service,48.0,1785952705.9585433,WARNING,,WARN p99=99ms gc_p99=8ms -- latency spike
live_ep_000037_LATENCY_SPIKE,LATENCY_SPIKE,payment-service,48.5,1785952706.4586267,WARNING,,WARN p99=99ms gc_p99=7ms -- latency spike
live_ep_000037_LATENCY_SPIKE,LATENCY_SPIKE,payment-service,49.0,1785952706.9592078,WARNING,,WARN p99=106ms gc_p99=52ms -- latency spike
live_ep_000037_LATENCY_SPIKE,LATENCY_SPIKE,payment-service,49.5,1785952707.4597344,WARNING,,WARN p99=126ms gc_p99=2ms -- latency spike
live_ep_000037_LATENCY_SPIKE,LATENCY_SPIKE,payment-service,50.0,1785952707.9601228,WARNING,,WARN p99=100ms gc_p99=51ms -- latency spike
live_ep_000037_LATENCY_SPIKE,LATENCY_SPIKE,payment-service,50.5,1785952708.4603992,WARNING,,WARN p99=97ms gc_p99=3ms -- latency spike
live_ep_000037_LATENCY_SPIKE,LATENCY_SPIKE,payment-service,51.0,1785952708.9608104,WARNING,,WARN p99=132ms gc_p99=22ms -- latency spike
live_ep_000037_LATENCY_SPIKE,LATENCY_SPIKE,payment-service,51.5,1785952709.4615939,WARNING,,WARN p99=116ms gc_p99=14ms -- latency spike
live_ep_000037_LATENCY_SPIKE,LATENCY_SPIKE,payment-service,52.0,1785952709.9620457,WARNING,,WARN p99=126ms gc_p99=30ms -- latency spike
live_ep_000037_LATENCY_SPIKE,LATENCY_SPIKE,payment-service,52.5,1785952710.463041,WARNING,,WARN p99=113ms gc_p99=40ms -- latency spike
live_ep_000037_LATENCY_SPIKE,LATENCY_SPIKE,payment-service,53.0,1785952710.9633808,WARNING,,WARN p99=134ms gc_p99=7ms -- latency spike
live_ep_000037_LATENCY_SPIKE,LATENCY_SPIKE,payment-service,53.5,1785952711.4635932,WARNING,,WARN p99=125ms gc_p99=2ms -- latency spike
live_ep_000037_LATENCY_SPIKE,LATENCY_SPIKE,payment-service,54.0,1785952711.9640882,WARNING,,WARN p99=126ms gc_p99=14ms -- latency spike
live_ep_000037_LATENCY_SPIKE,LATENCY_SPIKE,payment-service,54.5,1785952712.4641864,WARNING,,WARN p99=111ms gc_p99=17ms -- latency spike
live_ep_000037_LATENCY_SPIKE,LATENCY_SPIKE,payment-service,55.0,1785952712.964278,WARNING,,WARN p99=113ms gc_p99=27ms -- latency spike
live_ep_000037_LATENCY_SPIKE,LATENCY_SPIKE,payment-service,55.5,1785952713.4649303,WARNING,,WARN p99=105ms gc_p99=32ms -- latency spike
live_ep_000037_LATENCY_SPIKE,LATENCY_SPIKE,payment-service,56.0,1785952713.965653,WARNING,,WARN p99=131ms gc_p99=33ms -- latency spike
live_ep_000037_LATENCY_SPIKE,LATENCY_SPIKE,payment-service,56.5,1785952714.4687886,WARNING,,WARN p99=114ms gc_p99=2ms -- latency spike
live_ep_000037_LATENCY_SPIKE,LATENCY_SPIKE,payment-service,57.0,1785952714.9694703,WARNING,,WARN p99=98ms gc_p99=20ms -- latency spike
live_ep_000037_LATENCY_SPIKE,LATENCY_SPIKE,payment-service,57.5,1785952715.4697256,WARNING,,WARN p99=121ms gc_p99=31ms -- latency spike
live_ep_000037_LATENCY_SPIKE,LATENCY_SPIKE,payment-service,58.0,1785952715.9699366,WARNING,,WARN p99=128ms gc_p99=19ms -- latency spike
live_ep_000037_LATENCY_SPIKE,LATENCY_SPIKE,payment-service,58.5,1785952716.4703698,WARNING,,WARN p99=164ms gc_p99=9ms -- latency spike
live_ep_000037_LATENCY_SPIKE,LATENCY_SPIKE,payment-service,59.0,1785952716.9707234,WARNING,,WARN p99=246ms gc_p99=184ms -- latency spike
live_ep_000037_LATENCY_SPIKE,LATENCY_SPIKE,payment-service,59.5,1785952717.4709754,WARNING,,WARN p99=107ms gc_p99=10ms -- latency spike
live_ep_000038_NONE,NONE,inventory-service,0.0,1785952717.9739506,INFO,,OK cpu=31% p99=123ms err=0.59%
live_ep_000038_NONE,NONE,inventory-service,0.5,1785952718.476228,INFO,,OK cpu=34% p99=123ms err=0.88%
live_ep_000038_NONE,NONE,inventory-service,1.0,1785952718.9771562,INFO,,OK cpu=43% p99=109ms err=0.48%
live_ep_000038_NONE,NONE,inventory-service,1.5,1785952719.4791048,INFO,,OK cpu=34% p99=123ms err=1.47%
live_ep_000038_NONE,NONE,inventory-service,2.0,1785952719.9793653,INFO,,OK cpu=38% p99=85ms err=2.78%
live_ep_000038_NONE,NONE,inventory-service,2.5,1785952720.4855936,INFO,,OK cpu=31% p99=86ms err=1.15%
live_ep_000038_NONE,NONE,inventory-service,3.0,1785952720.9858181,INFO,,OK cpu=45% p99=111ms err=1.36%
live_ep_000038_NONE,NONE,inventory-service,3.5,1785952721.4862702,INFO,,OK cpu=45% p99=105ms err=1.03%
live_ep_000038_NONE,NONE,inventory-service,4.0,1785952721.9864979,INFO,,OK cpu=32% p99=139ms err=0.47%
live_ep_000038_NONE,NONE,inventory-service,4.5,1785952722.486876,INFO,,OK cpu=30% p99=118ms err=0.45%
live_ep_000038_NONE,NONE,inventory-service,5.0,1785952722.9870887,INFO,,OK cpu=35% p99=153ms err=0.09%
live_ep_000038_NONE,NONE,inventory-service,5.5,1785952723.487513,INFO,,OK cpu=36% p99=121ms err=0.17%
live_ep_000038_NONE,NONE,inventory-service,6.0,1785952723.9877553,INFO,,OK cpu=32% p99=123ms err=1.00%
live_ep_000038_NONE,NONE,inventory-service,6.5,1785952724.4885864,INFO,,OK cpu=31% p99=91ms err=0.56%
live_ep_000038_NONE,NONE,inventory-service,7.0,1785952724.988945,INFO,,OK cpu=44% p99=126ms err=0.68%
live_ep_000038_NONE,NONE,inventory-service,7.5,1785952725.4893572,INFO,,OK cpu=39% p99=106ms err=0.30%
live_ep_000038_NONE,NONE,inventory-service,8.0,1785952725.989928,INFO,,OK cpu=30% p99=136ms err=0.58%
live_ep_000038_NONE,NONE,inventory-service,8.5,1785952726.4903302,INFO,,OK cpu=39% p99=110ms err=1.43%
live_ep_000038_NONE,NONE,inventory-service,9.0,1785952726.9908109,INFO,,OK cpu=29% p99=124ms err=0.58%
live_ep_000038_NONE,NONE,inventory-service,9.5,1785952727.4914997,INFO,,OK cpu=43% p99=137ms err=0.31%
live_ep_000038_NONE,NONE,inventory-service,10.0,1785952727.9920108,INFO,,OK cpu=44% p99=136ms err=0.72%
live_ep_000038_NONE,NONE,inventory-service,10.5,1785952728.4926863,INFO,,OK cpu=29% p99=122ms err=0.68%
live_ep_000038_NONE,NONE,inventory-service,11.0,1785952728.9932349,INFO,,OK cpu=40% p99=95ms err=0.93%
live_ep_000038_NONE,NONE,inventory-service,11.5,1785952729.4938526,INFO,,OK cpu=31% p99=106ms err=1.07%
live_ep_000038_NONE,NONE,inventory-service,12.0,1785952729.9943106,INFO,,OK cpu=38% p99=128ms err=1.27%
live_ep_000038_NONE,NONE,inventory-service,12.5,1785952730.4943871,INFO,,OK cpu=28% p99=132ms err=1.01%
live_ep_000038_NONE,NONE,inventory-service,13.0,1785952730.994747,INFO,,OK cpu=30% p99=100ms err=0.63%
live_ep_000038_NONE,NONE,inventory-service,13.5,1785952731.4948087,INFO,,OK cpu=39% p99=108ms err=1.26%
live_ep_000038_NONE,NONE,inventory-service,14.0,1785952732.006221,INFO,,OK cpu=36% p99=113ms err=1.42%
live_ep_000038_NONE,NONE,inventory-service,14.5,1785952732.5060773,INFO,,OK cpu=33% p99=89ms err=0.34%
live_ep_000038_NONE,NONE,inventory-service,15.0,1785952733.0064716,INFO,,OK cpu=42% p99=128ms err=1.26%
live_ep_000038_NONE,NONE,inventory-service,15.5,1785952733.5077996,INFO,,OK cpu=42% p99=104ms err=0.24%
live_ep_000038_NONE,NONE,inventory-service,16.0,1785952734.0087552,INFO,,OK cpu=35% p99=98ms err=1.02%
live_ep_000038_NONE,NONE,inventory-service,16.5,1785952734.5091486,INFO,,OK cpu=33% p99=115ms err=0.13%
live_ep_000038_NONE,NONE,inventory-service,17.0,1785952735.0097122,INFO,,OK cpu=39% p99=135ms err=0.27%
live_ep_000038_NONE,NONE,inventory-service,17.5,1785952735.5104454,INFO,,OK cpu=35% p99=124ms err=0.32%
live_ep_000038_NONE,NONE,inventory-service,18.0,1785952736.0108464,INFO,,OK cpu=37% p99=112ms err=0.91%
live_ep_000038_NONE,NONE,inventory-service,18.5,1785952736.512105,INFO,,OK cpu=29% p99=154ms err=0.42%
live_ep_000038_NONE,NONE,inventory-service,19.0,1785952737.0122793,INFO,,OK cpu=27% p99=123ms err=0.61%
live_ep_000038_NONE,NONE,inventory-service,19.5,1785952737.5127623,INFO,,OK cpu=28% p99=130ms err=0.20%
live_ep_000038_NONE,NONE,inventory-service,20.0,1785952738.0134552,INFO,,OK cpu=33% p99=111ms err=0.85%
live_ep_000038_NONE,NONE,inventory-service,20.5,1785952738.513574,INFO,,OK cpu=40% p99=130ms err=1.05%
live_ep_000038_NONE,NONE,inventory-service,21.0,1785952739.013676,INFO,,OK cpu=37% p99=138ms err=0.39%
live_ep_000038_NONE,NONE,inventory-service,21.5,1785952739.518454,INFO,,OK cpu=28% p99=118ms err=0.68%
live_ep_000038_NONE,NONE,inventory-service,22.0,1785952740.0261283,INFO,,OK cpu=32% p99=138ms err=0.43%
live_ep_000038_NONE,NONE,inventory-service,22.5,1785952740.5266528,INFO,,OK cpu=40% p99=133ms err=1.20%
live_ep_000038_NONE,NONE,inventory-service,23.0,1785952741.027216,INFO,,OK cpu=38% p99=102ms err=1.09%
live_ep_000038_NONE,NONE,inventory-service,23.5,1785952741.5274582,INFO,,OK cpu=39% p99=115ms err=0.71%
live_ep_000038_NONE,NONE,inventory-service,24.0,1785952742.027657,INFO,,OK cpu=33% p99=112ms err=1.09%
live_ep_000038_NONE,NONE,inventory-service,24.5,1785952742.5283766,INFO,,OK cpu=37% p99=133ms err=1.39%
live_ep_000038_NONE,NONE,inventory-service,25.0,1785952743.028799,INFO,,OK cpu=37% p99=93ms err=1.22%
live_ep_000038_NONE,NONE,inventory-service,25.5,1785952743.5290918,INFO,,OK cpu=33% p99=87ms err=1.33%
live_ep_000038_NONE,NONE,inventory-service,26.0,1785952744.0293827,INFO,,OK cpu=35% p99=122ms err=0.19%
live_ep_000038_NONE,NONE,inventory-service,26.5,1785952744.5295095,INFO,,OK cpu=30% p99=122ms err=0.38%
live_ep_000038_NONE,NONE,inventory-service,27.0,1785952745.0298166,INFO,,OK cpu=38% p99=125ms err=1.35%
live_ep_000038_NONE,NONE,inventory-service,27.5,1785952745.5302432,INFO,,OK cpu=35% p99=146ms err=0.93%
live_ep_000038_NONE,NONE,inventory-service,28.0,1785952746.0309367,INFO,,OK cpu=31% p99=124ms err=1.91%
live_ep_000038_NONE,NONE,inventory-service,28.5,1785952746.5314217,INFO,,OK cpu=34% p99=125ms err=0.56%
live_ep_000038_NONE,NONE,inventory-service,29.0,1785952747.0318701,INFO,,OK cpu=40% p99=135ms err=1.27%
live_ep_000038_NONE,NONE,inventory-service,29.5,1785952747.5320804,INFO,,OK cpu=33% p99=116ms err=1.50%
live_ep_000038_NONE,NONE,inventory-service,30.0,1785952748.0321448,INFO,,OK cpu=39% p99=129ms err=2.10%
live_ep_000038_NONE,NONE,inventory-service,30.5,1785952748.5324926,INFO,,OK cpu=33% p99=96ms err=0.74%
live_ep_000038_NONE,NONE,inventory-service,31.0,1785952749.0330515,INFO,,OK cpu=40% p99=134ms err=0.62%
live_ep_000038_NONE,NONE,inventory-service,31.5,1785952749.5392642,INFO,,OK cpu=47% p99=111ms err=0.52%
live_ep_000038_NONE,NONE,inventory-service,32.0,1785952750.0394452,INFO,,OK cpu=32% p99=143ms err=0.55%
live_ep_000038_NONE,NONE,inventory-service,32.5,1785952750.5398364,INFO,,OK cpu=36% p99=117ms err=0.53%
live_ep_000038_NONE,NONE,inventory-service,33.0,1785952751.040268,INFO,,OK cpu=28% p99=159ms err=3.19%
live_ep_000038_NONE,NONE,inventory-service,33.5,1785952751.5409048,INFO,,OK cpu=39% p99=115ms err=0.52%
live_ep_000038_NONE,NONE,inventory-service,34.0,1785952752.041038,INFO,,OK cpu=33% p99=128ms err=1.00%
live_ep_000038_NONE,NONE,inventory-service,34.5,1785952752.541473,INFO,,OK cpu=32% p99=129ms err=1.58%
live_ep_000038_NONE,NONE,inventory-service,35.0,1785952753.042028,INFO,,OK cpu=38% p99=116ms err=0.90%
live_ep_000038_NONE,NONE,inventory-service,35.5,1785952753.5422094,INFO,,OK cpu=39% p99=110ms err=1.52%
live_ep_000038_NONE,NONE,inventory-service,36.0,1785952754.0424159,INFO,,OK cpu=31% p99=111ms err=0.89%
live_ep_000038_NONE,NONE,inventory-service,36.5,1785952754.54278,INFO,,OK cpu=46% p99=131ms err=1.49%
live_ep_000038_NONE,NONE,inventory-service,37.0,1785952755.0429778,INFO,,OK cpu=30% p99=120ms err=1.89%
live_ep_000038_NONE,NONE,inventory-service,37.5,1785952755.5433586,INFO,,OK cpu=33% p99=122ms err=0.55%
live_ep_000038_NONE,NONE,inventory-service,38.0,1785952756.0435054,INFO,,OK cpu=36% p99=128ms err=0.97%
live_ep_000038_NONE,NONE,inventory-service,38.5,1785952756.5437074,INFO,,OK cpu=27% p99=94ms err=0.05%
live_ep_000038_NONE,NONE,inventory-service,39.0,1785952757.0441246,INFO,,OK cpu=31% p99=117ms err=0.97%
live_ep_000038_NONE,NONE,inventory-service,39.5,1785952757.544634,INFO,,OK cpu=36% p99=137ms err=0.46%
live_ep_000038_NONE,NONE,inventory-service,40.0,1785952758.044772,INFO,,OK cpu=33% p99=117ms err=2.12%
live_ep_000038_NONE,NONE,inventory-service,40.5,1785952758.5451736,INFO,,OK cpu=35% p99=118ms err=0.93%
live_ep_000038_NONE,NONE,inventory-service,41.0,1785952759.04564,INFO,,OK cpu=43% p99=138ms err=0.10%
live_ep_000038_NONE,NONE,inventory-service,41.5,1785952759.546183,INFO,,OK cpu=37% p99=113ms err=1.47%
live_ep_000038_NONE,NONE,inventory-service,42.0,1785952760.046762,INFO,,OK cpu=35% p99=103ms err=1.00%
live_ep_000038_NONE,NONE,inventory-service,42.5,1785952760.5473213,INFO,,OK cpu=40% p99=106ms err=0.67%
live_ep_000038_NONE,NONE,inventory-service,43.0,1785952761.0482802,INFO,,OK cpu=32% p99=131ms err=1.39%
live_ep_000038_NONE,NONE,inventory-service,43.5,1785952761.5496256,INFO,,OK cpu=42% p99=94ms err=0.62%
live_ep_000038_NONE,NONE,inventory-service,44.0,1785952762.0497735,INFO,,OK cpu=30% p99=94ms err=1.76%
live_ep_000038_NONE,NONE,inventory-service,44.5,1785952762.550271,INFO,,OK cpu=38% p99=116ms err=0.88%
live_ep_000038_NONE,NONE,inventory-service,45.0,1785952763.0510056,INFO,,OK cpu=38% p99=114ms err=0.80%
live_ep_000038_NONE,NONE,inventory-service,45.5,1785952763.5511634,INFO,,OK cpu=33% p99=109ms err=0.25%
live_ep_000038_NONE,NONE,inventory-service,46.0,1785952764.052179,INFO,,OK cpu=41% p99=133ms err=1.35%
live_ep_000038_NONE,NONE,inventory-service,46.5,1785952764.5538864,INFO,,OK cpu=36% p99=127ms err=0.96%
live_ep_000038_NONE,NONE,inventory-service,47.0,1785952765.0541956,INFO,,OK cpu=29% p99=121ms err=0.69%
live_ep_000038_NONE,NONE,inventory-service,47.5,1785952765.554308,INFO,,OK cpu=47% p99=161ms err=0.48%
live_ep_000038_NONE,NONE,inventory-service,48.0,1785952766.0548742,INFO,,OK cpu=34% p99=105ms err=0.84%
live_ep_000038_NONE,NONE,inventory-service,48.5,1785952766.555102,INFO,,OK cpu=40% p99=114ms err=2.68%
live_ep_000038_NONE,NONE,inventory-service,49.0,1785952767.0555904,INFO,,OK cpu=37% p99=129ms err=1.71%
live_ep_000038_NONE,NONE,inventory-service,49.5,1785952767.555991,INFO,,OK cpu=40% p99=143ms err=0.29%
live_ep_000038_NONE,NONE,inventory-service,50.0,1785952768.0564666,INFO,,OK cpu=41% p99=124ms err=0.70%
live_ep_000038_NONE,NONE,inventory-service,50.5,1785952768.589702,INFO,,OK cpu=45% p99=131ms err=1.00%
live_ep_000038_NONE,NONE,inventory-service,51.0,1785952769.0900402,INFO,,OK cpu=32% p99=127ms err=0.29%
live_ep_000038_NONE,NONE,inventory-service,51.5,1785952769.5902898,INFO,,OK cpu=34% p99=98ms err=1.28%
live_ep_000038_NONE,NONE,inventory-service,52.0,1785952770.090538,INFO,,OK cpu=38% p99=153ms err=0.11%
live_ep_000038_NONE,NONE,inventory-service,52.5,1785952770.5908515,INFO,,OK cpu=39% p99=124ms err=0.16%
live_ep_000038_NONE,NONE,inventory-service,53.0,1785952771.0911233,INFO,,OK cpu=34% p99=95ms err=1.66%
live_ep_000038_NONE,NONE,inventory-service,53.5,1785952771.5917392,INFO,,OK cpu=32% p99=123ms err=1.41%
live_ep_000038_NONE,NONE,inventory-service,54.0,1785952772.0919237,INFO,,OK cpu=33% p99=164ms err=0.83%
live_ep_000038_NONE,NONE,inventory-service,54.5,1785952772.592324,INFO,,OK cpu=37% p99=97ms err=0.09%
live_ep_000038_NONE,NONE,inventory-service,55.0,1785952773.09261,INFO,,OK cpu=33% p99=125ms err=1.60%
live_ep_000038_NONE,NONE,inventory-service,55.5,1785952773.5927567,INFO,,OK cpu=39% p99=131ms err=0.52%
live_ep_000038_NONE,NONE,inventory-service,56.0,1785952774.0931263,INFO,,OK cpu=33% p99=129ms err=1.21%
live_ep_000038_NONE,NONE,inventory-service,56.5,1785952774.5934687,INFO,,OK cpu=36% p99=111ms err=0.80%
live_ep_000038_NONE,NONE,inventory-service,57.0,1785952775.0938966,INFO,,OK cpu=35% p99=114ms err=1.13%
live_ep_000038_NONE,NONE,inventory-service,57.5,1785952775.5941417,INFO,,OK cpu=38% p99=111ms err=0.23%
live_ep_000038_NONE,NONE,inventory-service,58.0,1785952776.0953765,INFO,,OK cpu=28% p99=123ms err=0.20%
live_ep_000038_NONE,NONE,inventory-service,58.5,1785952776.595973,INFO,,OK cpu=32% p99=106ms err=0.24%
live_ep_000038_NONE,NONE,inventory-service,59.0,1785952777.0960274,INFO,,OK cpu=34% p99=110ms err=0.28%
live_ep_000038_NONE,NONE,inventory-service,59.5,1785952777.5967734,INFO,,OK cpu=29% p99=110ms err=0.49%
live_ep_000039_NONE,NONE,payment-service,0.0,1785952778.1006553,INFO,,OK cpu=33% p99=127ms err=2.21%
live_ep_000039_NONE,NONE,payment-service,0.5,1785952778.6010804,INFO,,OK cpu=38% p99=131ms err=1.45%
live_ep_000039_NONE,NONE,payment-service,1.0,1785952779.1013038,INFO,,OK cpu=32% p99=138ms err=1.31%
live_ep_000039_NONE,NONE,payment-service,1.5,1785952779.601667,INFO,,OK cpu=33% p99=128ms err=0.30%
live_ep_000039_NONE,NONE,payment-service,2.0,1785952780.1019535,INFO,,OK cpu=24% p99=122ms err=0.58%
live_ep_000039_NONE,NONE,payment-service,2.5,1785952780.6021583,INFO,,OK cpu=32% p99=144ms err=0.54%
live_ep_000039_NONE,NONE,payment-service,3.0,1785952781.102484,INFO,,OK cpu=33% p99=91ms err=1.09%
live_ep_000039_NONE,NONE,payment-service,3.5,1785952781.6025758,INFO,,OK cpu=31% p99=102ms err=0.70%
live_ep_000039_NONE,NONE,payment-service,4.0,1785952782.1027408,INFO,,OK cpu=36% p99=113ms err=0.58%
live_ep_000039_NONE,NONE,payment-service,4.5,1785952782.603004,INFO,,OK cpu=37% p99=129ms err=1.07%
live_ep_000039_NONE,NONE,payment-service,5.0,1785952783.103586,INFO,,OK cpu=33% p99=124ms err=1.40%
live_ep_000039_NONE,NONE,payment-service,5.5,1785952783.604078,INFO,,OK cpu=27% p99=138ms err=0.33%
live_ep_000039_NONE,NONE,payment-service,6.0,1785952784.1046097,INFO,,OK cpu=44% p99=116ms err=0.55%
live_ep_000039_NONE,NONE,payment-service,6.5,1785952784.604819,INFO,,OK cpu=40% p99=110ms err=0.74%
live_ep_000039_NONE,NONE,payment-service,7.0,1785952785.1048992,INFO,,OK cpu=31% p99=146ms err=0.26%
live_ep_000039_NONE,NONE,payment-service,7.5,1785952785.6055324,INFO,,OK cpu=41% p99=129ms err=0.69%
live_ep_000039_NONE,NONE,payment-service,8.0,1785952786.1055963,INFO,,OK cpu=46% p99=107ms err=0.34%
live_ep_000039_NONE,NONE,payment-service,8.5,1785952786.6060138,INFO,,OK cpu=39% p99=103ms err=0.45%
live_ep_000039_NONE,NONE,payment-service,9.0,1785952787.1065047,INFO,,OK cpu=39% p99=102ms err=1.86%
live_ep_000039_NONE,NONE,payment-service,9.5,1785952787.607062,INFO,,OK cpu=29% p99=117ms err=0.70%
live_ep_000039_NONE,NONE,payment-service,10.0,1785952788.107451,INFO,,OK cpu=35% p99=108ms err=0.47%
live_ep_000039_NONE,NONE,payment-service,10.5,1785952788.608027,INFO,,OK cpu=34% p99=101ms err=2.53%
live_ep_000039_NONE,NONE,payment-service,11.0,1785952789.108315,INFO,,OK cpu=23% p99=107ms err=0.87%
live_ep_000039_NONE,NONE,payment-service,11.5,1785952789.616242,INFO,,OK cpu=24% p99=104ms err=0.14%
live_ep_000039_NONE,NONE,payment-service,12.0,1785952790.1166558,INFO,,OK cpu=24% p99=115ms err=2.80%
live_ep_000039_NONE,NONE,payment-service,12.5,1785952790.6170812,INFO,,OK cpu=35% p99=104ms err=0.61%
live_ep_000039_NONE,NONE,payment-service,13.0,1785952791.1175745,INFO,,OK cpu=39% p99=114ms err=0.95%
live_ep_000039_NONE,NONE,payment-service,13.5,1785952791.6351745,INFO,,OK cpu=37% p99=132ms err=1.49%
live_ep_000039_NONE,NONE,payment-service,14.0,1785952792.1353712,INFO,,OK cpu=30% p99=108ms err=2.10%
live_ep_000039_NONE,NONE,payment-service,14.5,1785952792.6356702,INFO,,OK cpu=30% p99=116ms err=0.91%
