episode_id,failure_mode,service,source,elapsed_s,timestamp,active_connections,cache_hit_rate,cache_miss_rate,circuit_breaker_state,cpu_saturation,cpu_utilization,db_connection_pool,db_connection_wait,db_p99,disk_read_latency,disk_write_latency,error_rate,gc_pause_p99,heap_mb,http_4xx_rate,http_5xx_rate,iops_utilization,memory_utilization,network_errors,p50_latency,p95_latency,p99_latency,queue_lag,retry_count_per_request,rps,thread_pool_queue,upstream_timeout_rate
live_ep_000025_NONE,NONE,payment-service,python-simulator,0.0,1785951936.789998,27,0.99,0.01,closed,0.2928,29.28,0.4144,4.2,17.08,5.84,6.76,0.0063,4.19,523.0,0.0022,0.0006,0.2937,0.288,3,106.26,126.79,138.5,0,0.0043,238.61,10,0.0024
live_ep_000025_NONE,NONE,payment-service,python-simulator,0.5,1785951937.290511,22,0.88,0.12,closed,0.3644,36.44,0.4177,2.48,23.8,4.13,10.86,0.0041,6.42,486.2,0.0019,0.0007,0.2341,0.244,3,82.51,113.49,128.67,19,0.0202,208.66,13,0.0006
live_ep_000025_NONE,NONE,payment-service,python-simulator,1.0,1785951937.7906275,43,0.99,0.01,closed,0.3524,35.24,0.3119,0.63,16.24,5.77,14.22,0.0042,48.8,471.1,0.0118,0.0046,0.1998,0.2554,4,87.41,112.52,150.22,1,0.0017,170.31,9,0.0078
live_ep_000025_NONE,NONE,payment-service,python-simulator,1.5,1785951938.291005,46,0.99,0.01,closed,0.3199,31.99,0.3862,1.72,24.05,3.81,8.25,0.0141,14.44,493.9,0.0016,0.0005,0.2239,0.2044,1,82.87,97.33,117.06,14,0.0006,193.82,0,0.0051
live_ep_000025_NONE,NONE,payment-service,python-simulator,2.0,1785951938.7913184,81,0.963,0.037,closed,0.3578,35.78,0.3436,2.59,26.48,3.5,3.29,0.0078,12.36,507.8,0.0034,0.0021,0.2136,0.2934,1,100.2,102.62,128.37,18,0.0108,175.68,8,0.0129
live_ep_000025_NONE,NONE,payment-service,python-simulator,2.5,1785951939.291834,108,0.8969,0.1031,closed,0.3602,36.02,0.4419,10.24,16.42,4.33,6.76,0.0046,15.71,534.7,0.0012,0.0103,0.2427,0.2155,4,93.78,130.7,130.71,17,0.0156,189.0,2,0.0015
live_ep_000025_NONE,NONE,payment-service,python-simulator,3.0,1785951939.7922099,91,0.9606,0.0394,closed,0.3085,30.85,0.3641,1.52,26.92,3.48,3.51,0.006,5.22,479.2,0.0038,0.0006,0.2735,0.2034,4,90.87,97.65,108.22,2,0.0256,183.57,9,0.0004
live_ep_000025_NONE,NONE,payment-service,python-simulator,3.5,1785951940.2927134,98,0.99,0.01,closed,0.2881,28.81,0.4518,2.86,23.52,7.39,3.99,0.0126,25.4,504.6,0.0042,0.0025,0.2725,0.2501,1,104.51,105.4,106.99,17,0.0138,186.56,3,0.0008
live_ep_000025_NONE,NONE,payment-service,python-simulator,4.0,1785951940.7932956,52,0.9807,0.0193,closed,0.3174,31.74,0.335,0.63,15.3,3.04,4.28,0.0169,13.1,491.7,0.0014,0.0016,0.2668,0.2482,4,84.29,120.39,129.92,3,0.0118,181.97,13,0.0016
live_ep_000025_NONE,NONE,payment-service,python-simulator,4.5,1785951941.2938223,35,0.919,0.081,closed,0.3365,33.65,0.3228,5.22,22.16,3.93,5.9,0.0391,2.0,497.1,0.0017,0.0016,0.2435,0.2466,1,89.8,92.62,97.98,14,0.0302,212.07,3,0.0036
live_ep_000025_NONE,NONE,payment-service,python-simulator,5.0,1785951941.7939398,65,0.9871,0.0129,closed,0.3492,34.92,0.309,1.56,20.56,3.41,6.5,0.0148,2.08,501.1,0.0013,0.0,0.2544,0.2136,0,81.45,109.18,116.57,9,0.0066,178.04,3,0.0045
live_ep_000025_NONE,NONE,payment-service,python-simulator,5.5,1785951942.2940009,107,0.925,0.075,closed,0.2834,28.34,0.2519,7.31,32.07,11.06,5.51,0.0079,37.81,534.9,0.0037,0.0022,0.231,0.2863,0,95.13,122.48,126.42,10,0.0004,194.35,11,0.0085
live_ep_000025_NONE,NONE,payment-service,python-simulator,6.0,1785951942.7944105,75,0.9846,0.0154,closed,0.3679,36.79,0.4645,1.13,24.85,4.6,7.25,0.0205,2.55,510.8,0.0119,0.0025,0.2795,0.2719,2,99.25,117.23,131.3,14,0.0345,214.41,3,0.0066
live_ep_000025_NONE,NONE,payment-service,python-simulator,6.5,1785951943.2949183,51,0.9889,0.0111,closed,0.3332,33.32,0.302,6.21,20.34,7.37,6.75,0.0101,10.66,500.6,0.0063,0.0037,0.2897,0.2543,4,84.25,105.85,116.48,19,0.0246,198.06,2,0.0003
live_ep_000025_NONE,NONE,payment-service,python-simulator,7.0,1785951943.79503,93,0.9784,0.0216,closed,0.3903,39.03,0.3428,7.4,21.94,3.65,3.05,0.0011,34.12,480.9,0.0004,0.0019,0.2902,0.1937,1,108.38,111.66,114.68,6,0.1,208.76,5,0.0039
live_ep_000025_NONE,NONE,payment-service,python-simulator,7.5,1785951944.2952492,48,0.9576,0.0424,closed,0.4004,40.04,0.3727,3.36,13.83,5.17,7.17,0.0038,40.04,449.1,0.0025,0.0018,0.178,0.2169,3,87.04,108.57,110.79,6,0.0269,207.5,3,0.0043
live_ep_000025_NONE,NONE,payment-service,python-simulator,8.0,1785951944.7956932,85,0.9483,0.0517,closed,0.2917,29.17,0.4048,5.34,23.29,3.47,5.72,0.0028,45.4,513.6,0.0001,0.0001,0.252,0.2535,0,96.16,112.54,127.23,9,0.0067,212.1,1,0.001
live_ep_000025_NONE,NONE,payment-service,python-simulator,8.5,1785951945.2960813,36,0.9432,0.0568,closed,0.3738,37.38,0.4018,26.02,23.37,3.05,4.09,0.0103,7.24,514.6,0.001,0.0001,0.2681,0.1952,3,95.47,113.77,115.91,2,0.0363,212.32,7,0.011
live_ep_000025_NONE,NONE,payment-service,python-simulator,9.0,1785951945.7964365,68,0.88,0.12,closed,0.4402,44.02,0.3234,9.55,16.51,4.74,5.75,0.0109,42.67,500.9,0.0035,0.0014,0.3287,0.2061,1,91.4,96.29,128.85,11,0.0482,235.2,6,0.0037
live_ep_000025_NONE,NONE,payment-service,python-simulator,9.5,1785951946.2967017,109,0.9515,0.0485,closed,0.299,29.9,0.2515,3.94,18.79,4.14,3.46,0.0045,10.91,521.6,0.0004,0.0001,0.212,0.209,4,96.55,99.82,107.54,9,0.0289,191.9,3,0.0004
live_ep_000025_NONE,NONE,payment-service,python-simulator,10.0,1785951946.797284,107,0.9389,0.0611,closed,0.3789,37.89,0.4008,15.77,20.74,9.36,6.23,0.0136,12.38,563.4,0.0177,0.0055,0.2705,0.346,0,86.45,113.11,118.7,18,0.0152,226.91,8,0.0096
live_ep_000025_NONE,NONE,payment-service,python-simulator,10.5,1785951947.2977977,109,0.9754,0.0246,closed,0.372,37.2,0.3515,3.77,40.93,4.42,6.44,0.0249,12.13,494.5,0.0029,0.0045,0.306,0.2586,4,82.94,99.17,112.29,16,0.0081,233.99,2,0.0009
live_ep_000025_NONE,NONE,payment-service,python-simulator,11.0,1785951947.798042,110,0.9899,0.0101,closed,0.3574,35.74,0.351,7.77,21.0,7.08,13.3,0.0039,18.34,520.7,0.0012,0.0012,0.2621,0.2501,2,83.08,95.17,118.13,18,0.0784,195.08,3,0.002
live_ep_000025_NONE,NONE,payment-service,python-simulator,11.5,1785951948.2982981,57,0.963,0.037,closed,0.43,43.0,0.317,1.87,30.93,6.71,6.21,0.0072,12.9,509.8,0.0056,0.0044,0.1682,0.1925,0,82.37,110.9,149.19,9,0.022,200.68,4,0.0158
live_ep_000025_NONE,NONE,payment-service,python-simulator,12.0,1785951948.79846,95,0.9771,0.0229,closed,0.3576,35.76,0.2624,1.24,35.79,2.15,6.02,0.011,12.24,495.7,0.0028,0.0006,0.1484,0.2368,1,81.41,84.89,97.89,6,0.0138,198.22,4,0.0066
live_ep_000025_NONE,NONE,payment-service,python-simulator,12.5,1785951949.2988343,48,0.9656,0.0344,closed,0.272,27.2,0.233,8.59,16.56,4.89,8.88,0.0182,16.65,500.2,0.003,0.0026,0.2623,0.2841,3,104.57,112.16,113.22,13,0.0265,248.6,10,0.0072
live_ep_000025_NONE,NONE,payment-service,python-simulator,13.0,1785951949.798881,67,0.9898,0.0102,closed,0.3132,31.32,0.3037,5.24,12.42,5.61,4.94,0.0084,12.03,512.1,0.0129,0.0006,0.3951,0.2548,0,100.87,100.62,99.63,10,0.1,208.16,5,0.0019
live_ep_000025_NONE,NONE,payment-service,python-simulator,13.5,1785951950.2990668,44,0.9716,0.0284,closed,0.3447,34.47,0.3045,4.7,22.17,6.41,13.41,0.0057,27.9,543.1,0.0015,0.0007,0.2396,0.2741,0,89.26,109.0,121.08,12,0.0116,178.99,6,0.0168
live_ep_000025_NONE,NONE,payment-service,python-simulator,14.0,1785951950.7993195,119,0.99,0.01,closed,0.3786,37.86,0.3353,2.83,27.31,3.66,5.83,0.0105,6.49,526.2,0.0021,0.0097,0.2336,0.2906,0,95.68,134.1,138.27,4,0.0029,202.78,12,0.0018
live_ep_000025_NONE,NONE,payment-service,python-simulator,14.5,1785951951.299635,33,0.9473,0.0527,closed,0.3164,31.64,0.378,5.89,14.13,4.68,5.41,0.0136,2.0,497.1,0.0009,0.0006,0.309,0.2601,0,77.28,137.67,143.04,17,0.0356,213.74,2,0.0042
live_ep_000025_NONE,NONE,payment-service,python-simulator,15.0,1785951951.799861,59,0.9037,0.0963,closed,0.3112,31.12,0.3655,0.5,18.4,3.07,7.13,0.0233,41.78,517.2,0.0033,0.0027,0.1776,0.2711,2,90.37,113.82,136.96,0,0.0065,186.37,6,0.002
live_ep_000025_NONE,NONE,payment-service,python-simulator,15.5,1785951952.300158,117,0.9096,0.0904,closed,0.4018,40.18,0.3135,2.09,25.02,2.66,6.57,0.0122,17.7,475.9,0.0033,0.0005,0.2703,0.2703,4,88.09,100.03,127.99,12,0.0579,208.2,0,0.0021
live_ep_000025_NONE,NONE,payment-service,python-simulator,16.0,1785951952.8004293,78,0.99,0.01,closed,0.3134,31.34,0.4388,0.5,38.62,5.69,4.39,0.008,26.54,498.5,0.0006,0.0001,0.2137,0.2421,1,82.06,95.0,109.66,9,0.0368,208.74,5,0.0002
live_ep_000025_NONE,NONE,payment-service,python-simulator,16.5,1785951953.3007572,75,0.9631,0.0369,closed,0.3709,37.09,0.3766,3.73,23.36,9.51,7.32,0.007,5.23,529.0,0.0029,0.0019,0.2771,0.2865,3,91.4,110.77,125.82,4,0.0739,217.03,7,0.0001
live_ep_000025_NONE,NONE,payment-service,python-simulator,17.0,1785951953.8009949,40,0.9398,0.0602,closed,0.3281,32.81,0.4631,0.5,29.85,3.26,5.49,0.0037,5.23,501.4,0.001,0.0004,0.2541,0.1511,1,85.53,90.04,92.25,11,0.0134,169.0,6,0.0085
live_ep_000025_NONE,NONE,payment-service,python-simulator,17.5,1785951954.3014872,34,0.88,0.12,closed,0.3509,35.09,0.2784,1.62,17.0,6.11,5.84,0.0119,9.66,529.9,0.0155,0.001,0.2761,0.2932,4,88.65,91.46,126.86,4,0.013,214.95,12,0.0161
live_ep_000025_NONE,NONE,payment-service,python-simulator,18.0,1785951954.8018155,25,0.9882,0.0118,closed,0.3174,31.74,0.3423,0.5,13.69,4.0,11.48,0.0045,6.43,540.2,0.0029,0.0017,0.2166,0.3016,1,84.55,97.38,98.87,15,0.0493,201.75,6,0.0051
live_ep_000025_NONE,NONE,payment-service,python-simulator,18.5,1785951955.3024585,32,0.9206,0.0794,closed,0.2343,23.43,0.3406,2.88,17.9,2.89,6.47,0.0189,10.3,491.6,0.0049,0.0019,0.353,0.2426,3,83.23,88.53,122.14,5,0.0055,184.71,1,0.004
live_ep_000025_NONE,NONE,payment-service,python-simulator,19.0,1785951955.8028529,94,0.9664,0.0336,closed,0.3519,35.19,0.2856,2.27,21.07,6.12,4.82,0.0014,19.3,506.9,0.0001,0.0008,0.2773,0.2676,3,104.43,120.91,141.55,14,0.002,196.77,8,0.001
live_ep_000025_NONE,NONE,payment-service,python-simulator,19.5,1785951956.3030686,52,0.965,0.035,closed,0.3731,37.31,0.2778,1.44,27.43,3.34,5.07,0.0027,32.06,500.2,0.0029,0.002,0.1185,0.2242,3,68.87,93.17,120.86,18,0.0197,146.03,4,0.0077
live_ep_000025_NONE,NONE,payment-service,python-simulator,20.0,1785951956.8032212,117,0.9811,0.0189,closed,0.3293,32.93,0.3802,1.44,16.92,10.85,4.61,0.0079,2.0,461.1,0.002,0.0004,0.2155,0.1931,4,100.38,107.04,141.19,17,0.0223,196.05,8,0.0021
live_ep_000025_NONE,NONE,payment-service,python-simulator,20.5,1785951957.3035417,32,0.88,0.12,closed,0.2874,28.74,0.4143,4.25,25.62,3.65,3.24,0.0072,50.29,527.2,0.002,0.0022,0.237,0.2312,1,89.57,102.9,137.44,4,0.0133,203.48,9,0.0062
live_ep_000025_NONE,NONE,payment-service,python-simulator,21.0,1785951957.8037417,29,0.9207,0.0793,closed,0.342,34.2,0.3302,1.8,17.96,5.19,5.78,0.0125,8.12,527.9,0.0106,0.0018,0.2501,0.2425,2,94.58,104.28,107.17,2,0.0104,198.65,11,0.0053
live_ep_000025_NONE,NONE,payment-service,python-simulator,21.5,1785951958.3039827,57,0.9661,0.0339,closed,0.3559,35.59,0.3028,0.5,17.42,4.69,8.1,0.0102,16.79,504.4,0.0076,0.0041,0.2216,0.196,3,87.43,92.32,131.12,9,0.0223,202.69,13,0.0003
live_ep_000025_NONE,NONE,payment-service,python-simulator,22.0,1785951958.8044014,82,0.88,0.12,closed,0.4418,44.18,0.3964,9.18,25.97,6.84,5.34,0.0062,16.77,493.9,0.0019,0.0021,0.3607,0.3144,4,87.74,106.92,125.14,3,0.0138,202.92,11,0.0017
live_ep_000025_NONE,NONE,payment-service,python-simulator,22.5,1785951959.3047903,52,0.9609,0.0391,closed,0.2631,26.31,0.1662,5.17,25.45,4.69,5.81,0.011,12.93,507.0,0.0002,0.001,0.2576,0.2247,1,76.18,122.68,135.64,15,0.0034,216.88,14,0.0008
live_ep_000025_NONE,NONE,payment-service,python-simulator,23.0,1785951959.8052905,23,0.99,0.01,closed,0.3399,33.99,0.2479,3.69,20.84,3.97,3.93,0.0171,8.55,524.3,0.0014,0.0008,0.2547,0.2319,0,94.92,96.29,109.46,18,0.0498,228.2,14,0.0037
live_ep_000025_NONE,NONE,payment-service,python-simulator,23.5,1785951960.3055177,60,0.9229,0.0771,closed,0.2859,28.59,0.2944,8.58,20.22,5.25,4.35,0.0078,37.6,498.1,0.0065,0.0019,0.234,0.2223,0,94.72,134.47,141.28,5,0.0013,233.01,1,0.0034
live_ep_000025_NONE,NONE,payment-service,python-simulator,24.0,1785951960.8059983,101,0.9336,0.0664,closed,0.3535,35.35,0.2959,3.01,28.09,7.9,12.46,0.0044,12.37,520.2,0.0017,0.0018,0.1604,0.2141,4,93.14,102.11,114.27,18,0.0589,195.36,1,0.0062
live_ep_000025_NONE,NONE,payment-service,python-simulator,24.5,1785951961.3062184,62,0.9889,0.0111,closed,0.4425,44.25,0.3273,2.02,26.22,6.8,3.24,0.0014,25.74,524.1,0.0081,0.0004,0.2625,0.2929,2,74.34,103.49,109.74,13,0.0037,238.48,4,0.0019
live_ep_000025_NONE,NONE,payment-service,python-simulator,25.0,1785951961.8063295,30,0.88,0.12,closed,0.3661,36.61,0.3619,3.92,16.18,7.9,4.15,0.0177,2.95,513.4,0.0005,0.0025,0.2713,0.2277,2,98.29,101.45,106.87,16,0.0209,154.8,12,0.0145
live_ep_000025_NONE,NONE,payment-service,python-simulator,25.5,1785951962.3067455,23,0.966,0.034,closed,0.365,36.5,0.1968,0.5,16.05,5.46,13.38,0.0033,18.09,502.2,0.0061,0.0001,0.3194,0.2286,0,81.57,89.92,107.4,10,0.0581,200.03,8,0.0185
live_ep_000025_NONE,NONE,payment-service,python-simulator,26.0,1785951962.8068705,98,0.8863,0.1137,closed,0.401,40.1,0.3983,4.86,26.36,5.45,2.71,0.0056,13.73,505.0,0.0061,0.0011,0.2921,0.2819,0,101.98,101.14,100.78,10,0.0648,206.93,3,0.0023
live_ep_000025_NONE,NONE,payment-service,python-simulator,26.5,1785951963.3070645,114,0.9799,0.0201,closed,0.3157,31.57,0.2433,9.13,27.1,3.69,6.71,0.004,60.0,526.7,0.0055,0.0049,0.3243,0.2583,1,88.98,111.44,122.67,4,0.0587,183.89,11,0.001
live_ep_000025_NONE,NONE,payment-service,python-simulator,27.0,1785951963.8072934,108,0.9861,0.0139,closed,0.4187,41.87,0.2791,4.07,19.26,7.25,5.23,0.0108,15.61,511.6,0.0135,0.0006,0.1791,0.2404,4,83.53,99.51,116.39,9,0.011,188.55,7,0.0067
live_ep_000025_NONE,NONE,payment-service,python-simulator,27.5,1785951964.3077602,23,0.9456,0.0544,closed,0.3207,32.07,0.3815,11.52,16.98,3.67,6.16,0.0134,2.21,558.2,0.0073,0.0009,0.2375,0.246,2,90.55,106.66,129.51,6,0.02,238.96,3,0.0054
live_ep_000025_NONE,NONE,payment-service,python-simulator,28.0,1785951964.8080993,50,0.9561,0.0439,closed,0.331,33.1,0.3894,1.57,17.19,6.51,4.7,0.0228,7.46,515.7,0.0023,0.0012,0.3381,0.2123,0,93.43,95.05,115.29,10,0.0095,199.55,9,0.0074
live_ep_000025_NONE,NONE,payment-service,python-simulator,28.5,1785951965.30837,54,0.9498,0.0502,closed,0.372,37.2,0.4241,1.06,24.28,4.88,7.67,0.005,39.16,523.8,0.0051,0.0006,0.2198,0.2815,2,103.59,106.0,111.69,12,0.0099,194.39,3,0.0047
live_ep_000025_NONE,NONE,payment-service,python-simulator,29.0,1785951965.8088567,66,0.9758,0.0242,closed,0.3671,36.71,0.331,8.36,15.25,2.83,4.82,0.0033,12.2,503.1,0.0028,0.0014,0.2741,0.2564,1,101.49,107.43,127.44,10,0.0452,238.65,14,0.0084
live_ep_000025_NONE,NONE,payment-service,python-simulator,29.5,1785951966.3093185,82,0.9668,0.0332,closed,0.3712,37.12,0.5453,0.5,25.35,4.87,7.81,0.0137,18.36,520.6,0.0006,0.0004,0.1967,0.2566,3,75.24,97.0,108.45,14,0.1,209.64,0,0.0014
live_ep_000025_NONE,NONE,payment-service,python-simulator,30.0,1785951966.8096337,110,0.9627,0.0373,closed,0.3816,38.16,0.3437,0.7,36.46,2.87,9.0,0.0041,7.31,493.9,0.0061,0.0008,0.2136,0.2537,4,63.6,109.92,125.88,12,0.0041,171.75,0,0.0017
live_ep_000025_NONE,NONE,payment-service,python-simulator,30.5,1785951967.3100045,75,0.9577,0.0423,closed,0.3373,33.73,0.3872,5.27,16.46,5.12,10.4,0.006,5.6,502.5,0.0036,0.0041,0.2717,0.2081,4,83.71,109.17,109.48,5,0.0517,209.84,0,0.0075
live_ep_000025_NONE,NONE,payment-service,python-simulator,31.0,1785951967.8103237,63,0.99,0.01,closed,0.4131,41.31,0.2792,2.83,18.79,3.19,11.37,0.009,11.57,546.6,0.0029,0.0001,0.2031,0.2954,4,100.85,102.05,111.35,9,0.0455,190.17,4,0.0082
live_ep_000025_NONE,NONE,payment-service,python-simulator,31.5,1785951968.3104877,37,0.99,0.01,closed,0.3485,34.85,0.3829,2.26,14.55,4.44,5.24,0.0061,25.3,533.9,0.0002,0.0006,0.3139,0.2183,3,95.17,98.45,114.31,8,0.0487,212.44,6,0.0022
live_ep_000025_NONE,NONE,payment-service,python-simulator,32.0,1785951968.8106322,60,0.9709,0.0291,closed,0.381,38.1,0.3147,4.2,14.72,4.7,6.21,0.0056,2.62,501.9,0.0019,0.0011,0.2566,0.2709,1,97.78,102.34,106.48,2,0.0179,188.56,9,0.0065
live_ep_000025_NONE,NONE,payment-service,python-simulator,32.5,1785951969.31096,36,0.9765,0.0235,closed,0.4038,40.38,0.4458,3.94,13.46,4.38,9.41,0.0164,19.45,534.8,0.0021,0.0006,0.2478,0.2115,1,96.23,110.69,111.11,0,0.0033,207.41,7,0.0076
live_ep_000025_NONE,NONE,payment-service,python-simulator,33.0,1785951969.8112576,62,0.9433,0.0567,closed,0.3925,39.25,0.4023,0.5,25.62,3.52,13.38,0.0054,2.0,532.4,0.0072,0.0037,0.2528,0.2582,3,87.44,91.32,146.7,0,0.0035,225.87,8,0.0022
live_ep_000025_NONE,NONE,payment-service,python-simulator,33.5,1785951970.3114204,109,0.88,0.12,closed,0.344,34.4,0.4178,12.88,21.17,2.09,7.68,0.0152,53.57,498.4,0.0063,0.0009,0.2858,0.2058,4,92.87,106.04,107.2,13,0.0333,176.22,7,0.0143
live_ep_000025_NONE,NONE,payment-service,python-simulator,34.0,1785951970.811935,81,0.9367,0.0633,closed,0.3619,36.19,0.2758,2.98,47.06,3.71,3.87,0.0071,16.37,484.1,0.0006,0.0007,0.1515,0.2485,4,91.9,100.4,114.4,10,0.1,216.05,11,0.0012
live_ep_000025_NONE,NONE,payment-service,python-simulator,34.5,1785951971.3119783,20,0.9409,0.0591,closed,0.3371,33.71,0.3104,4.04,15.57,3.08,5.94,0.0047,14.1,550.4,0.005,0.0008,0.2565,0.2602,0,78.7,93.58,143.96,14,0.083,242.53,12,0.0059
live_ep_000025_NONE,NONE,payment-service,python-simulator,35.0,1785951971.8122587,56,0.8941,0.1059,closed,0.2982,29.82,0.2258,2.23,19.11,2.59,2.17,0.0014,18.77,525.8,0.0045,0.0036,0.2317,0.2705,2,78.54,79.66,82.12,6,0.0229,183.08,5,0.0003
live_ep_000025_NONE,NONE,payment-service,python-simulator,35.5,1785951972.3127148,56,0.9883,0.0117,closed,0.426,42.6,0.3391,1.92,18.85,9.33,3.93,0.0046,2.26,538.7,0.0037,0.0051,0.297,0.275,3,85.79,82.16,81.76,18,0.0095,193.11,11,0.0001
live_ep_000025_NONE,NONE,payment-service,python-simulator,36.0,1785951972.8129704,119,0.9437,0.0563,closed,0.4013,40.13,0.3524,14.92,24.37,2.63,5.79,0.0071,11.75,502.8,0.0004,0.0012,0.2958,0.2558,0,88.49,96.38,99.59,7,0.1,188.15,3,0.002
live_ep_000025_NONE,NONE,payment-service,python-simulator,36.5,1785951973.3130736,108,0.9803,0.0197,closed,0.3835,38.35,0.398,0.5,21.21,2.77,6.69,0.01,2.0,555.5,0.0068,0.0008,0.3239,0.2463,1,96.73,105.27,105.27,8,0.0654,184.13,7,0.0037
live_ep_000025_NONE,NONE,payment-service,python-simulator,37.0,1785951973.813359,49,0.9456,0.0544,closed,0.3309,33.09,0.3629,9.0,12.6,4.93,4.98,0.0039,10.76,485.3,0.0046,0.0014,0.2342,0.2149,0,98.69,131.55,147.81,0,0.0563,194.77,3,0.0026
live_ep_000025_NONE,NONE,payment-service,python-simulator,37.5,1785951974.3136806,102,0.99,0.01,closed,0.319,31.9,0.2402,4.29,15.11,5.53,7.6,0.0129,2.0,531.4,0.0045,0.0004,0.2582,0.1946,0,95.35,122.31,132.45,14,0.0423,195.14,0,0.0113
live_ep_000025_NONE,NONE,payment-service,python-simulator,38.0,1785951974.8141975,24,0.9554,0.0446,closed,0.2865,28.65,0.3987,1.76,15.31,3.83,8.67,0.0108,12.09,537.3,0.0025,0.0023,0.246,0.2793,1,86.07,92.72,108.4,2,0.1,211.42,12,0.0002
live_ep_000025_NONE,NONE,payment-service,python-simulator,38.5,1785951975.3149168,82,0.9012,0.0988,closed,0.3496,34.96,0.2862,10.49,17.63,4.72,3.87,0.0043,18.98,491.5,0.0086,0.0037,0.278,0.1711,4,88.76,91.1,93.27,13,0.1,160.94,1,0.0005
live_ep_000025_NONE,NONE,payment-service,python-simulator,39.0,1785951975.8152654,71,0.9298,0.0702,closed,0.3929,39.29,0.4769,2.55,13.38,4.41,2.89,0.0001,9.15,519.8,0.0038,0.0012,0.2476,0.2235,4,82.38,92.61,114.42,4,0.0093,202.69,14,0.0079
live_ep_000025_NONE,NONE,payment-service,python-simulator,39.5,1785951976.3153586,52,0.9872,0.0128,closed,0.4591,45.91,0.3116,0.5,14.55,7.72,6.32,0.0094,24.61,505.7,0.0024,0.0006,0.2146,0.2567,1,82.19,96.37,146.58,8,0.0536,194.73,8,0.0123
live_ep_000025_NONE,NONE,payment-service,python-simulator,40.0,1785951976.8154955,54,0.9832,0.0168,closed,0.3489,34.89,0.3575,6.24,18.15,3.86,6.42,0.0047,4.3,519.8,0.0004,0.0017,0.3234,0.2253,4,87.45,113.33,123.4,13,0.0016,203.99,4,0.0071
live_ep_000025_NONE,NONE,payment-service,python-simulator,40.5,1785951977.3157885,74,0.9605,0.0395,closed,0.3247,32.47,0.3158,3.56,15.89,9.98,8.0,0.009,9.47,537.3,0.009,0.0014,0.212,0.2287,3,86.93,91.13,120.33,14,0.0316,188.97,10,0.009
live_ep_000025_NONE,NONE,payment-service,python-simulator,41.0,1785951977.815906,87,0.9442,0.0558,closed,0.3759,37.59,0.4401,1.05,33.46,4.87,6.6,0.0099,60.0,509.3,0.0046,0.0037,0.2988,0.2602,2,96.7,97.12,109.6,5,0.0753,229.91,1,0.0027
live_ep_000025_NONE,NONE,payment-service,python-simulator,41.5,1785951978.3160393,90,0.9436,0.0564,closed,0.301,30.1,0.4333,4.58,18.65,3.25,12.62,0.0169,8.29,497.5,0.0126,0.0043,0.3141,0.3192,2,110.88,118.38,128.49,19,0.0051,195.44,14,0.0095
live_ep_000025_NONE,NONE,payment-service,python-simulator,42.0,1785951978.8161101,31,0.9662,0.0338,closed,0.3329,33.29,0.3431,17.74,14.11,3.66,6.3,0.0086,2.0,493.4,0.0027,0.0001,0.2042,0.2377,0,81.95,97.22,129.28,4,0.0179,196.6,2,0.0203
live_ep_000025_NONE,NONE,payment-service,python-simulator,42.5,1785951979.3163748,67,0.99,0.01,closed,0.2785,27.85,0.3106,1.68,28.12,2.52,6.59,0.0074,7.9,492.8,0.0018,0.004,0.1146,0.2952,3,93.95,102.16,108.93,1,0.0158,211.43,8,0.0094
live_ep_000025_NONE,NONE,payment-service,python-simulator,43.0,1785951979.8166811,43,0.99,0.01,closed,0.3592,35.92,0.3244,2.95,19.7,4.41,6.01,0.0043,4.69,482.5,0.0085,0.0008,0.1789,0.2298,3,87.96,111.66,128.94,3,0.0913,205.42,6,0.0005
live_ep_000025_NONE,NONE,payment-service,python-simulator,43.5,1785951980.3168314,27,0.99,0.01,closed,0.4768,47.68,0.1856,1.44,20.5,7.29,5.24,0.0033,19.98,529.5,0.0017,0.0027,0.1797,0.3054,1,90.37,117.2,135.18,5,0.0034,217.87,7,0.0105
live_ep_000025_NONE,NONE,payment-service,python-simulator,44.0,1785951980.8171918,32,0.8908,0.1092,closed,0.3347,33.47,0.2958,3.76,19.55,3.05,4.56,0.022,3.96,502.7,0.0103,0.0003,0.331,0.2863,3,81.5,114.66,125.48,9,0.0476,202.31,5,0.0052
live_ep_000025_NONE,NONE,payment-service,python-simulator,44.5,1785951981.3176556,101,0.9839,0.0161,closed,0.3176,31.76,0.358,1.89,18.44,2.34,8.87,0.0204,11.29,542.3,0.0012,0.0013,0.2237,0.2582,3,83.81,85.95,107.67,14,0.0328,218.01,5,0.0033
live_ep_000025_NONE,NONE,payment-service,python-simulator,45.0,1785951981.8178256,83,0.9861,0.0139,closed,0.3324,33.24,0.2726,12.85,17.49,3.46,16.8,0.0191,5.96,497.6,0.004,0.0012,0.3685,0.2249,1,86.38,116.09,117.2,15,0.061,211.77,8,0.0007
live_ep_000025_NONE,NONE,payment-service,python-simulator,45.5,1785951982.3182838,51,0.99,0.01,closed,0.253,25.3,0.4462,0.99,19.19,5.46,6.61,0.0119,28.13,483.4,0.0012,0.0012,0.2451,0.2446,1,108.58,124.97,126.38,9,0.0355,175.36,4,0.0098
live_ep_000025_NONE,NONE,payment-service,python-simulator,46.0,1785951982.818649,47,0.9736,0.0264,closed,0.4163,41.63,0.3891,5.6,23.57,4.4,8.83,0.0084,13.45,525.5,0.0066,0.0045,0.2148,0.2277,1,93.24,152.28,159.22,17,0.0603,180.24,12,0.0088
live_ep_000025_NONE,NONE,payment-service,python-simulator,46.5,1785951983.3189313,52,0.9315,0.0685,closed,0.2824,28.24,0.4265,2.49,8.06,3.71,2.91,0.0075,15.11,486.8,0.0139,0.0014,0.1049,0.2178,1,92.84,115.25,121.93,13,0.0133,222.95,0,0.0021
live_ep_000025_NONE,NONE,payment-service,python-simulator,47.0,1785951983.8193007,96,0.9628,0.0372,closed,0.4059,40.59,0.3558,2.19,12.99,5.79,3.34,0.0025,4.42,482.2,0.006,0.0002,0.2157,0.2914,1,83.47,123.14,132.67,11,0.012,190.14,9,0.0137
live_ep_000025_NONE,NONE,payment-service,python-simulator,47.5,1785951984.31976,97,0.9824,0.0176,closed,0.3135,31.35,0.2385,0.5,11.91,2.79,3.47,0.0218,3.42,504.4,0.0006,0.0007,0.2658,0.241,3,108.1,107.65,103.24,16,0.1,189.36,4,0.0046
live_ep_000025_NONE,NONE,payment-service,python-simulator,48.0,1785951984.8201628,37,0.9162,0.0838,closed,0.2621,26.21,0.3678,5.9,26.38,3.31,8.51,0.0066,12.1,505.1,0.0005,0.0008,0.2661,0.2282,1,92.78,116.92,122.21,19,0.0518,219.43,7,0.003
live_ep_000025_NONE,NONE,payment-service,python-simulator,48.5,1785951985.3203232,90,0.91,0.09,closed,0.3854,38.54,0.1156,8.7,23.48,4.55,6.09,0.004,2.15,505.1,0.0181,0.0017,0.2762,0.1881,2,105.64,109.17,120.79,14,0.0161,255.43,2,0.0034
live_ep_000025_NONE,NONE,payment-service,python-simulator,49.0,1785951985.8206544,26,0.8874,0.1126,closed,0.4465,44.65,0.3783,0.5,22.27,5.66,5.05,0.0085,10.8,509.0,0.0075,0.0019,0.2246,0.2942,0,90.3,92.34,129.13,0,0.0625,191.82,12,0.0044
live_ep_000025_NONE,NONE,payment-service,python-simulator,49.5,1785951986.320828,76,0.9318,0.0682,closed,0.3365,33.65,0.3615,2.37,16.65,5.57,3.2,0.0094,6.49,490.3,0.0018,0.0009,0.1851,0.1822,3,90.2,149.39,158.0,16,0.0056,211.74,9,0.0017
live_ep_000025_NONE,NONE,payment-service,python-simulator,50.0,1785951986.8211572,34,0.99,0.01,closed,0.295,29.5,0.2739,1.46,25.58,2.47,10.51,0.0049,2.0,517.9,0.0254,0.0114,0.1772,0.2667,0,92.86,98.41,121.52,4,0.0276,227.45,9,0.0072
live_ep_000025_NONE,NONE,payment-service,python-simulator,50.5,1785951987.3216193,33,0.99,0.01,closed,0.2614,26.14,0.2312,8.3,26.06,4.11,2.46,0.009,7.58,502.8,0.0021,0.0003,0.1656,0.2944,1,92.83,120.43,127.33,15,0.03,185.98,8,0.0046
live_ep_000025_NONE,NONE,payment-service,python-simulator,51.0,1785951987.8219953,52,0.9524,0.0476,closed,0.3534,35.34,0.2879,1.29,20.98,8.79,6.34,0.0054,2.0,495.4,0.0012,0.0027,0.2989,0.2724,0,81.14,98.62,100.07,4,0.0201,179.39,11,0.0034
live_ep_000025_NONE,NONE,payment-service,python-simulator,51.5,1785951988.3224995,118,0.99,0.01,closed,0.2645,26.45,0.4004,0.98,15.49,10.58,3.82,0.008,3.62,508.1,0.0091,0.0041,0.2774,0.2891,0,93.8,108.64,117.86,17,0.0352,203.45,0,0.0065
live_ep_000025_NONE,NONE,payment-service,python-simulator,52.0,1785951988.8226013,33,0.9606,0.0394,closed,0.3899,38.99,0.3076,0.87,23.42,4.15,10.84,0.0035,14.93,495.0,0.0286,0.0006,0.1445,0.2395,3,97.16,94.51,91.97,14,0.0694,234.79,14,0.0009
live_ep_000025_NONE,NONE,payment-service,python-simulator,52.5,1785951989.3227737,90,0.9067,0.0933,closed,0.3564,35.64,0.2694,10.95,22.98,5.36,7.55,0.0054,2.0,521.6,0.0274,0.0002,0.2515,0.2874,3,87.66,124.88,147.42,13,0.0175,211.88,7,0.0036
live_ep_000025_NONE,NONE,payment-service,python-simulator,53.0,1785951989.8228788,100,0.88,0.12,closed,0.3145,31.45,0.4405,2.91,15.22,9.2,8.83,0.0118,11.42,521.6,0.0069,0.0003,0.2699,0.2234,0,102.65,125.27,128.18,10,0.029,211.08,3,0.0047
live_ep_000025_NONE,NONE,payment-service,python-simulator,53.5,1785951990.3234122,64,0.99,0.01,closed,0.3515,35.15,0.2889,10.86,17.49,3.73,5.58,0.0164,23.13,526.8,0.0016,0.001,0.1668,0.2842,0,95.26,95.21,94.99,13,0.0072,225.15,1,0.0022
live_ep_000025_NONE,NONE,payment-service,python-simulator,54.0,1785951990.8238568,115,0.9889,0.0111,closed,0.4348,43.48,0.2596,15.76,14.02,4.37,6.27,0.0109,8.68,521.6,0.0127,0.0023,0.1568,0.2464,1,84.41,96.59,127.43,19,0.0164,197.63,11,0.0006
live_ep_000025_NONE,NONE,payment-service,python-simulator,54.5,1785951991.3240423,36,0.9131,0.0869,closed,0.3785,37.85,0.5405,1.7,16.17,4.3,3.25,0.0178,16.65,562.1,0.001,0.0008,0.3234,0.2417,3,96.1,109.22,113.95,4,0.0272,225.42,8,0.001
live_ep_000025_NONE,NONE,payment-service,python-simulator,55.0,1785951991.8244026,57,0.98,0.02,closed,0.3281,32.81,0.3202,3.0,19.95,6.28,6.09,0.0082,20.4,532.3,0.0006,0.0015,0.3005,0.2774,4,103.5,108.03,114.3,12,0.0603,201.24,9,0.0224
live_ep_000025_NONE,NONE,payment-service,python-simulator,55.5,1785951992.3245444,106,0.88,0.12,closed,0.3487,34.87,0.335,5.6,27.11,2.77,6.46,0.005,7.12,509.6,0.0006,0.0006,0.2301,0.2557,2,86.23,121.13,148.19,9,0.0698,183.4,10,0.0026
live_ep_000025_NONE,NONE,payment-service,python-simulator,56.0,1785951992.8249037,102,0.99,0.01,closed,0.3084,30.84,0.4316,1.03,21.56,1.73,4.9,0.0121,11.2,514.1,0.0038,0.0014,0.2042,0.2859,2,83.62,113.66,119.24,15,0.0332,184.35,5,0.0004
live_ep_000025_NONE,NONE,payment-service,python-simulator,56.5,1785951993.325674,107,0.968,0.032,closed,0.3697,36.97,0.248,20.86,14.02,2.84,4.52,0.0124,41.51,487.3,0.0008,0.0008,0.2138,0.2273,1,90.44,113.17,124.77,14,0.0418,186.65,3,0.0
live_ep_000025_NONE,NONE,payment-service,python-simulator,57.0,1785951993.8261046,77,0.981,0.019,closed,0.275,27.5,0.4029,4.12,18.88,3.75,6.27,0.0036,2.83,519.9,0.0004,0.0001,0.2531,0.2399,3,93.47,104.15,115.26,19,0.0081,199.9,5,0.0047
live_ep_000025_NONE,NONE,payment-service,python-simulator,57.5,1785951994.3264296,103,0.9454,0.0546,closed,0.3714,37.14,0.4073,0.5,25.27,6.32,7.13,0.0048,27.5,509.5,0.0056,0.0016,0.3994,0.2969,1,86.36,115.39,125.8,15,0.021,228.68,7,0.0076
live_ep_000025_NONE,NONE,payment-service,python-simulator,58.0,1785951994.826616,66,0.9037,0.0963,closed,0.3781,37.81,0.1314,5.75,18.56,5.38,4.61,0.0048,3.11,473.9,0.0003,0.0012,0.3995,0.1966,3,83.88,94.67,105.98,12,0.0282,211.72,8,0.001
live_ep_000025_NONE,NONE,payment-service,python-simulator,58.5,1785951995.3267782,100,0.99,0.01,closed,0.364,36.4,0.315,18.49,31.64,5.8,5.11,0.0037,2.0,516.5,0.0009,0.0026,0.3052,0.2752,3,81.16,114.54,119.91,5,0.0258,181.18,6,0.0126
live_ep_000025_NONE,NONE,payment-service,python-simulator,59.0,1785951995.8269255,103,0.88,0.12,closed,0.3645,36.45,0.3053,16.13,13.88,4.27,6.63,0.0198,12.88,523.0,0.0021,0.0013,0.2623,0.2371,4,77.62,98.61,119.43,3,0.0281,204.43,11,0.01
live_ep_000025_NONE,NONE,payment-service,python-simulator,59.5,1785951996.32737,96,0.88,0.12,closed,0.3983,39.83,0.3534,4.07,22.22,5.83,9.68,0.018,27.39,492.0,0.0033,0.0004,0.2514,0.1976,2,88.37,105.8,122.66,11,0.018,188.39,13,0.0026
live_ep_000026_MEMORY_LEAK,MEMORY_LEAK,auth-service,python-simulator,0.0,1785951996.8282301,70,0.9837,0.0163,closed,0.3056,30.56,0.4204,5.6,17.04,3.65,4.9,0.0039,20.94,525.8,0.004,0.0028,0.359,0.2613,2,84.15,91.03,129.69,12,0.0435,206.68,11,0.002
live_ep_000026_MEMORY_LEAK,MEMORY_LEAK,auth-service,python-simulator,0.5,1785951997.328644,34,0.9666,0.0334,closed,0.33,33.0,0.5545,8.68,21.54,3.31,9.93,0.0187,18.4,504.5,0.0031,0.0032,0.1771,0.2645,1,90.99,92.47,95.11,12,0.0363,197.67,3,0.0141
live_ep_000026_MEMORY_LEAK,MEMORY_LEAK,auth-service,python-simulator,1.0,1785951997.8291214,26,0.99,0.01,closed,0.3088,30.88,0.373,2.17,14.82,5.01,7.75,0.0049,11.66,509.2,0.0032,0.0021,0.2559,0.2387,2,90.62,140.88,143.29,13,0.0421,211.96,4,0.0044
live_ep_000026_MEMORY_LEAK,MEMORY_LEAK,auth-service,python-simulator,1.5,1785951998.3291857,87,0.9664,0.0336,closed,0.3393,33.93,0.5405,1.33,11.78,4.29,10.01,0.0187,15.22,519.3,0.0002,0.0029,0.3227,0.2353,1,88.46,81.61,80.0,19,0.0347,196.23,14,0.002
live_ep_000026_MEMORY_LEAK,MEMORY_LEAK,auth-service,python-simulator,2.0,1785951998.8294861,52,0.99,0.01,closed,0.344,34.4,0.3876,2.16,25.11,2.51,4.93,0.0063,9.31,495.9,0.0017,0.0094,0.3332,0.2537,2,100.2,105.03,146.15,1,0.0105,204.51,10,0.0023
live_ep_000026_MEMORY_LEAK,MEMORY_LEAK,auth-service,python-simulator,2.5,1785951999.329786,87,0.99,0.01,closed,0.356,35.6,0.4961,1.73,16.2,3.67,7.36,0.0009,12.94,518.6,0.0069,0.0028,0.3194,0.2527,1,107.1,117.19,137.81,18,0.0435,203.61,12,0.0025
live_ep_000026_MEMORY_LEAK,MEMORY_LEAK,auth-service,python-simulator,3.0,1785951999.829959,64,0.9606,0.0394,closed,0.3345,33.45,0.4842,8.31,21.25,2.74,5.65,0.0052,11.48,497.9,0.0037,0.0039,0.1876,0.2049,4,101.81,102.18,116.36,13,0.0658,181.97,3,0.0021
live_ep_000026_MEMORY_LEAK,MEMORY_LEAK,auth-service,python-simulator,3.5,1785952000.330268,48,0.9418,0.0582,closed,0.3215,32.15,0.4141,2.56,20.97,4.21,11.94,0.0256,27.4,516.2,0.0,0.0068,0.187,0.2628,3,103.8,116.27,138.48,8,0.0685,189.39,10,0.0011
live_ep_000026_MEMORY_LEAK,MEMORY_LEAK,auth-service,python-simulator,4.0,1785952000.8306766,30,0.9154,0.0846,closed,0.3792,37.92,0.3425,4.05,15.45,1.98,8.88,0.0073,9.48,515.0,0.005,0.0018,0.2863,0.2357,2,100.23,106.69,113.33,2,0.0541,182.19,0,0.009
live_ep_000026_MEMORY_LEAK,MEMORY_LEAK,auth-service,python-simulator,4.5,1785952001.3309572,25,0.9808,0.0192,closed,0.3585,35.85,0.4244,4.0,17.66,3.22,3.67,0.0076,16.2,509.7,0.0012,0.0028,0.2607,0.2394,4,79.28,90.61,147.78,7,0.0011,226.95,6,0.0083
live_ep_000026_MEMORY_LEAK,MEMORY_LEAK,auth-service,python-simulator,5.0,1785952001.8313503,57,0.9524,0.0476,closed,0.471,47.1,0.533,3.86,28.14,2.0,6.22,0.022,21.45,516.9,0.0088,0.0029,0.2655,0.225,1,80.8,80.9,94.25,4,0.007,205.51,1,0.0224
live_ep_000026_MEMORY_LEAK,MEMORY_LEAK,auth-service,python-simulator,5.5,1785952002.3316689,68,0.88,0.12,closed,0.433,43.3,0.55,1.16,25.27,7.1,6.51,0.0088,15.27,512.3,0.0069,0.0016,0.2433,0.2354,1,95.14,100.1,100.89,10,0.0255,214.73,1,0.0009
live_ep_000026_MEMORY_LEAK,MEMORY_LEAK,auth-service,python-simulator,6.0,1785952002.8320758,49,0.9709,0.0291,closed,0.3328,33.28,0.5531,12.47,17.13,3.16,7.3,0.0208,18.2,522.9,0.0037,0.0049,0.2647,0.2684,2,85.75,91.55,113.18,15,0.0457,184.58,0,0.001
live_ep_000026_MEMORY_LEAK,MEMORY_LEAK,auth-service,python-simulator,6.5,1785952003.337929,40,0.88,0.12,closed,0.3759,37.59,0.4315,0.5,31.95,5.02,5.5,0.0147,20.93,501.9,0.002,0.0024,0.3425,0.2392,0,86.93,108.16,137.2,5,0.0046,217.41,14,0.0008
live_ep_000026_MEMORY_LEAK,MEMORY_LEAK,auth-service,python-simulator,7.0,1785952003.8487601,58,0.925,0.075,closed,0.3447,34.47,0.5331,3.68,20.52,6.09,5.44,0.0279,19.13,506.5,0.0026,0.0043,0.2711,0.244,3,100.77,120.97,144.48,0,0.0884,212.09,10,0.0115
live_ep_000026_MEMORY_LEAK,MEMORY_LEAK,auth-service,python-simulator,7.5,1785952004.3492866,55,0.9447,0.0553,closed,0.3507,35.07,0.4349,3.12,20.76,6.69,4.38,0.0143,17.83,522.3,0.0038,0.0049,0.3252,0.3191,4,100.82,122.7,125.57,10,0.0181,165.72,0,0.0019
live_ep_000026_MEMORY_LEAK,MEMORY_LEAK,auth-service,python-simulator,8.0,1785952004.851843,114,0.9849,0.0151,closed,0.3251,32.51,0.4927,0.5,25.16,4.06,10.34,0.0307,14.96,507.2,0.0005,0.0025,0.1394,0.2174,0,78.35,82.91,130.93,9,0.0391,231.24,3,0.0042
live_ep_000026_MEMORY_LEAK,MEMORY_LEAK,auth-service,python-simulator,8.5,1785952005.3557189,74,0.88,0.12,closed,0.3383,33.83,0.3713,0.5,18.55,3.33,3.87,0.0082,11.0,513.1,0.009,0.0019,0.3246,0.2866,3,92.35,139.1,143.44,3,0.0499,184.65,2,0.0195
live_ep_000026_MEMORY_LEAK,MEMORY_LEAK,auth-service,python-simulator,9.0,1785952005.8569374,114,0.9788,0.0212,closed,0.3838,38.38,0.3874,5.64,20.58,3.35,8.46,0.0239,18.03,522.7,0.0025,0.0021,0.2021,0.2875,0,102.02,114.08,121.47,19,0.0087,224.92,6,0.0032
live_ep_000026_MEMORY_LEAK,MEMORY_LEAK,auth-service,python-simulator,9.5,1785952006.3589458,81,0.99,0.01,closed,0.3655,36.55,0.5175,7.77,21.1,3.57,3.59,0.004,11.82,518.0,0.006,0.0017,0.2568,0.2428,4,88.72,95.56,102.56,11,0.065,216.72,4,0.0008
live_ep_000026_MEMORY_LEAK,MEMORY_LEAK,auth-service,python-simulator,10.0,1785952006.8591137,95,0.8994,0.1006,closed,0.3229,32.29,0.3732,0.95,21.31,4.29,5.09,0.0073,27.63,524.3,0.0004,0.0053,0.229,0.2371,3,93.75,111.28,123.66,13,0.0408,231.15,13,0.0048
live_ep_000026_MEMORY_LEAK,MEMORY_LEAK,auth-service,python-simulator,10.5,1785952007.3618987,98,0.9881,0.0119,closed,0.3412,34.12,0.5256,0.77,34.28,6.02,9.99,0.0033,24.66,515.1,0.0021,0.0051,0.2338,0.2655,0,95.16,99.55,126.13,6,0.0175,212.67,8,0.0041
live_ep_000026_MEMORY_LEAK,MEMORY_LEAK,auth-service,python-simulator,11.0,1785952007.8945773,110,0.88,0.12,closed,0.2789,27.89,0.5152,3.41,27.16,4.96,4.53,0.0034,17.36,517.9,0.0109,0.0052,0.1718,0.217,2,86.82,110.31,129.46,13,0.0473,197.9,9,0.0014
live_ep_000026_MEMORY_LEAK,MEMORY_LEAK,auth-service,python-simulator,11.5,1785952008.3965416,93,0.9427,0.0573,closed,0.3566,35.66,0.4353,0.5,32.62,5.07,4.31,0.0033,20.59,512.8,0.0084,0.005,0.3853,0.2373,2,85.9,117.72,122.84,12,0.0373,189.49,9,0.017
live_ep_000026_MEMORY_LEAK,MEMORY_LEAK,auth-service,python-simulator,12.0,1785952008.898459,22,0.99,0.01,closed,0.3486,34.86,0.546,5.22,21.01,4.3,16.33,0.0033,12.59,515.5,0.0053,0.002,0.2121,0.2144,2,86.01,129.35,133.0,16,0.0412,192.25,0,0.0085
live_ep_000026_MEMORY_LEAK,MEMORY_LEAK,auth-service,python-simulator,12.5,1785952009.4032216,70,0.9732,0.0268,closed,0.4428,44.28,0.243,0.5,26.33,5.75,9.4,0.001,20.34,530.0,0.0209,0.006,0.3179,0.2848,4,83.88,90.8,96.52,10,0.0118,195.42,13,0.0031
live_ep_000026_MEMORY_LEAK,MEMORY_LEAK,auth-service,python-simulator,13.0,1785952009.9054365,101,0.936,0.064,closed,0.3298,32.98,0.4578,0.5,18.89,6.25,7.52,0.0158,17.91,512.7,0.0018,0.0049,0.2332,0.2082,3,87.54,100.39,125.55,4,0.0103,202.42,6,0.0122
live_ep_000026_MEMORY_LEAK,MEMORY_LEAK,auth-service,python-simulator,13.5,1785952010.4057617,80,0.904,0.096,closed,0.4269,42.69,0.5336,0.59,17.87,3.76,6.97,0.0076,23.3,517.6,0.0002,0.0043,0.2593,0.2709,4,86.19,96.15,143.87,12,0.0098,198.97,9,0.0053
live_ep_000026_MEMORY_LEAK,MEMORY_LEAK,auth-service,python-simulator,14.0,1785952010.9061556,72,0.9526,0.0474,closed,0.3664,36.64,0.4468,0.5,13.98,5.87,5.07,0.0166,16.38,517.2,0.0019,0.0033,0.3352,0.2389,1,86.14,113.02,140.68,15,0.0198,194.09,12,0.0003
live_ep_000026_MEMORY_LEAK,MEMORY_LEAK,auth-service,python-simulator,14.5,1785952011.4064555,35,0.8883,0.1117,closed,0.2532,25.32,0.464,8.92,23.16,4.45,8.92,0.0146,13.64,534.4,0.001,0.0091,0.2293,0.2566,0,86.49,112.46,115.18,1,0.0163,189.38,10,0.0085
live_ep_000026_MEMORY_LEAK,MEMORY_LEAK,auth-service,python-simulator,15.0,1785952011.906617,91,0.9866,0.0134,closed,0.3284,32.84,0.5097,4.64,20.54,2.65,7.44,0.0132,19.49,517.8,0.0016,0.0028,0.346,0.2766,1,96.99,108.01,115.78,9,0.0132,187.9,13,0.001
live_ep_000026_MEMORY_LEAK,MEMORY_LEAK,auth-service,python-simulator,15.5,1785952012.406927,88,0.9861,0.0139,closed,0.3318,33.18,0.507,9.5,12.28,8.95,7.79,0.0124,17.96,523.7,0.0057,0.0021,0.2385,0.2715,1,84.62,89.5,113.92,19,0.002,169.51,8,0.0166
live_ep_000026_MEMORY_LEAK,MEMORY_LEAK,auth-service,python-simulator,16.0,1785952012.9073198,63,0.88,0.12,closed,0.404,40.4,0.5138,1.98,27.17,4.23,6.23,0.0032,18.6,518.0,0.0072,0.0028,0.2398,0.2276,2,88.95,109.77,114.95,3,0.0505,216.48,2,0.0023
live_ep_000026_MEMORY_LEAK,MEMORY_LEAK,auth-service,python-simulator,16.5,1785952013.4076388,83,0.88,0.12,closed,0.2862,28.62,0.2872,9.01,27.67,10.34,6.29,0.0073,15.61,517.6,0.0011,0.0016,0.2474,0.2704,3,100.73,108.31,108.45,6,0.0356,216.78,5,0.0046
live_ep_000026_MEMORY_LEAK,MEMORY_LEAK,auth-service,python-simulator,17.0,1785952013.9079642,52,0.9817,0.0183,closed,0.3644,36.44,0.4588,0.5,16.8,3.39,5.92,0.0067,23.15,505.5,0.0107,0.007,0.2586,0.2456,1,97.49,107.92,124.97,5,0.0991,242.96,2,0.0116
live_ep_000026_MEMORY_LEAK,MEMORY_LEAK,auth-service,python-simulator,17.5,1785952014.4081616,56,0.88,0.12,closed,0.3911,39.11,0.4375,3.06,15.74,5.09,6.28,0.0101,11.71,524.1,0.0294,0.003,0.2409,0.2541,3,85.3,101.88,102.23,11,0.005,208.38,6,0.0041
live_ep_000026_MEMORY_LEAK,MEMORY_LEAK,auth-service,python-simulator,18.0,1785952014.9084268,102,0.9761,0.0239,closed,0.292,29.2,0.4649,3.71,16.81,3.88,3.84,0.0052,13.13,507.2,0.0035,0.0015,0.1391,0.2544,4,91.99,99.19,136.18,11,0.052,149.6,2,0.0041
live_ep_000026_MEMORY_LEAK,MEMORY_LEAK,auth-service,python-simulator,18.5,1785952015.408692,108,0.9605,0.0395,closed,0.343,34.3,0.5519,1.65,16.62,5.08,9.27,0.0131,16.1,516.6,0.0016,0.0099,0.2438,0.2569,0,92.76,93.16,104.28,6,0.0101,231.3,1,0.005
live_ep_000026_MEMORY_LEAK,MEMORY_LEAK,auth-service,python-simulator,19.0,1785952015.9090407,39,0.99,0.01,closed,0.2739,27.39,0.4293,7.35,17.17,4.72,7.49,0.0099,22.5,507.8,0.0016,0.0032,0.2752,0.249,0,91.95,106.8,144.94,15,0.0245,189.02,1,0.0003
live_ep_000026_MEMORY_LEAK,MEMORY_LEAK,auth-service,python-simulator,19.5,1785952016.409369,29,0.9294,0.0706,closed,0.3197,31.97,0.5795,8.76,20.69,3.25,2.88,0.007,20.11,522.6,0.0002,0.0128,0.2868,0.1963,2,79.6,88.85,92.76,2,0.0711,218.63,14,0.0008
live_ep_000026_MEMORY_LEAK,MEMORY_LEAK,auth-service,python-simulator,20.0,1785952016.9100761,34,0.99,0.01,closed,0.332,33.2,0.497,0.5,13.82,2.83,7.7,0.013,20.86,517.0,0.0136,0.007,0.192,0.2566,3,79.93,81.37,122.09,3,0.0567,209.67,10,0.0006
live_ep_000026_MEMORY_LEAK,MEMORY_LEAK,auth-service,python-simulator,20.5,1785952017.4105425,116,0.9524,0.0476,closed,0.293,29.3,0.5217,11.15,31.74,5.85,4.68,0.0079,25.84,527.9,0.0024,0.0045,0.2123,0.2519,3,81.67,109.27,130.84,14,0.0785,172.6,13,0.0036
live_ep_000026_MEMORY_LEAK,MEMORY_LEAK,auth-service,python-simulator,21.0,1785952017.9109888,92,0.88,0.12,closed,0.4023,40.23,0.521,6.82,19.3,4.56,9.71,0.0052,15.02,507.4,0.0048,0.0017,0.3673,0.2326,4,90.24,107.69,114.65,9,0.0236,218.12,14,0.0059
live_ep_000026_MEMORY_LEAK,MEMORY_LEAK,auth-service,python-simulator,21.5,1785952018.4114726,89,0.9729,0.0271,closed,0.3227,32.27,0.5729,21.34,13.22,3.53,4.43,0.0184,23.36,529.9,0.0003,0.0035,0.2844,0.2365,2,83.41,93.02,117.1,0,0.0607,205.11,0,0.0025
live_ep_000026_MEMORY_LEAK,MEMORY_LEAK,auth-service,python-simulator,22.0,1785952018.911516,44,0.99,0.01,closed,0.3281,32.81,0.3796,6.68,28.72,4.0,7.63,0.0198,14.68,529.5,0.0246,0.0041,0.3376,0.2484,3,104.69,123.42,129.45,5,0.0521,207.24,14,0.0029
live_ep_000026_MEMORY_LEAK,MEMORY_LEAK,auth-service,python-simulator,22.5,1785952019.4116843,86,0.9537,0.0463,closed,0.2745,27.45,0.4453,0.69,33.14,2.41,7.37,0.0004,12.59,511.9,0.0004,0.0054,0.2962,0.2061,1,98.97,99.39,100.4,6,0.0252,159.93,10,0.003
live_ep_000026_MEMORY_LEAK,MEMORY_LEAK,auth-service,python-simulator,23.0,1785952019.9118345,32,0.88,0.12,closed,0.3555,35.55,0.4346,0.82,19.47,2.78,10.52,0.0071,19.74,522.3,0.0046,0.0096,0.4047,0.2655,1,82.51,89.52,144.83,17,0.0419,206.64,2,0.0001
live_ep_000026_MEMORY_LEAK,MEMORY_LEAK,auth-service,python-simulator,23.5,1785952020.412214,51,0.99,0.01,closed,0.4299,42.99,0.4124,1.45,38.29,9.35,2.79,0.0179,12.37,522.8,0.0001,0.0022,0.3072,0.2732,0,79.0,109.32,119.59,7,0.0114,179.72,9,0.0062
live_ep_000026_MEMORY_LEAK,MEMORY_LEAK,auth-service,python-simulator,24.0,1785952020.912564,110,0.99,0.01,closed,0.3797,37.97,0.4781,4.69,18.07,6.78,4.99,0.0103,18.48,515.2,0.0021,0.0019,0.3154,0.2175,2,87.4,104.2,116.46,13,0.0226,189.39,13,0.0064
live_ep_000026_MEMORY_LEAK,MEMORY_LEAK,auth-service,python-simulator,24.5,1785952021.4127169,36,0.99,0.01,closed,0.3621,36.21,0.4191,0.5,10.64,4.17,9.36,0.0091,19.17,523.1,0.001,0.0027,0.3151,0.2446,4,82.27,108.75,135.83,14,0.0053,210.78,3,0.0008
live_ep_000026_MEMORY_LEAK,MEMORY_LEAK,auth-service,python-simulator,25.0,1785952021.9132447,67,0.8946,0.1054,closed,0.4643,46.43,0.5748,13.54,17.37,5.51,4.63,0.0059,16.41,504.2,0.0101,0.005,0.2604,0.22,3,93.37,112.07,125.05,11,0.0356,229.85,12,0.0009
live_ep_000026_MEMORY_LEAK,MEMORY_LEAK,auth-service,python-simulator,25.5,1785952022.413344,102,0.9486,0.0514,closed,0.4178,41.78,0.4485,3.22,33.6,4.86,5.6,0.0088,18.4,509.3,0.0084,0.002,0.2344,0.2955,2,99.85,138.4,145.82,17,0.0076,165.6,0,0.0001
live_ep_000026_MEMORY_LEAK,MEMORY_LEAK,auth-service,python-simulator,26.0,1785952022.9135523,53,0.9845,0.0155,closed,0.3471,34.71,0.5463,19.93,24.2,1.52,9.02,0.0047,40.29,522.8,0.0004,0.0045,0.2501,0.2536,4,91.46,120.77,129.89,18,0.0118,203.39,1,0.0036
live_ep_000026_MEMORY_LEAK,MEMORY_LEAK,auth-service,python-simulator,26.5,1785952023.414121,107,0.9834,0.0166,closed,0.3882,38.82,0.4155,5.72,17.06,2.87,5.28,0.0322,10.95,505.5,0.0085,0.0027,0.1801,0.2876,2,98.39,102.95,128.36,8,0.0009,198.56,13,0.0107
live_ep_000026_MEMORY_LEAK,MEMORY_LEAK,auth-service,python-simulator,27.0,1785952023.9143016,105,0.88,0.12,closed,0.3173,31.73,0.4296,6.19,8.72,6.86,4.51,0.0061,15.75,495.9,0.0006,0.0028,0.2147,0.245,1,93.0,97.8,118.57,2,0.1,202.76,6,0.0253
live_ep_000026_MEMORY_LEAK,MEMORY_LEAK,auth-service,python-simulator,27.5,1785952024.414781,77,0.9871,0.0129,closed,0.4469,44.69,0.4783,2.07,22.82,3.77,7.27,0.0019,19.04,519.7,0.0018,0.0068,0.3401,0.2124,4,88.48,90.72,115.1,16,0.0691,193.54,12,0.007
live_ep_000026_MEMORY_LEAK,MEMORY_LEAK,auth-service,python-simulator,28.0,1785952024.9151962,109,0.9858,0.0142,closed,0.3337,33.37,0.5021,1.06,15.72,4.04,5.76,0.0117,15.83,514.8,0.0012,0.0039,0.2823,0.2118,2,95.38,116.17,119.81,13,0.04,173.09,6,0.0028
live_ep_000026_MEMORY_LEAK,MEMORY_LEAK,auth-service,python-simulator,28.5,1785952025.415569,112,0.88,0.12,closed,0.3585,35.85,0.5861,10.08,25.44,4.0,3.88,0.0179,17.51,512.4,0.0172,0.0051,0.2074,0.2264,2,84.39,106.09,111.42,17,0.0391,189.11,11,0.0028
live_ep_000026_MEMORY_LEAK,MEMORY_LEAK,auth-service,python-simulator,29.0,1785952025.9158063,110,0.9708,0.0292,closed,0.3669,36.69,0.4075,0.5,16.85,3.32,4.98,0.0192,13.4,510.8,0.0003,0.0036,0.2639,0.2531,2,94.11,163.75,167.15,10,0.0042,222.11,3,0.003
live_ep_000026_MEMORY_LEAK,MEMORY_LEAK,auth-service,python-simulator,29.5,1785952026.4163535,42,0.99,0.01,closed,0.3523,35.23,0.376,0.9,17.92,7.83,8.03,0.0076,10.21,514.9,0.0015,0.0014,0.2332,0.2093,0,70.81,86.28,123.77,19,0.0494,224.31,1,0.0073
live_ep_000026_MEMORY_LEAK,MEMORY_LEAK,auth-service,python-simulator,30.0,1785952026.9167523,54,0.99,0.01,closed,0.3895,38.95,0.5385,4.94,24.3,3.74,3.77,0.014,14.01,513.4,0.0038,0.0031,0.286,0.2578,1,82.02,91.47,95.46,6,0.0021,199.14,8,0.0011
live_ep_000026_MEMORY_LEAK,MEMORY_LEAK,auth-service,python-simulator,30.5,1785952027.4173276,41,0.99,0.01,closed,0.4445,44.45,0.4809,5.68,19.72,3.42,7.3,0.0029,14.74,529.0,0.0015,0.0016,0.1748,0.2686,2,99.49,111.26,134.83,17,0.0162,209.6,8,0.0041
live_ep_000026_MEMORY_LEAK,MEMORY_LEAK,auth-service,python-simulator,31.0,1785952027.918051,97,0.9149,0.0851,closed,0.3419,34.19,0.3468,0.64,15.04,5.93,2.55,0.0094,12.5,516.2,0.0036,0.0064,0.3714,0.2589,1,78.18,88.13,90.96,12,0.0957,245.87,1,0.0017
live_ep_000026_MEMORY_LEAK,MEMORY_LEAK,auth-service,python-simulator,31.5,1785952028.4182482,75,0.9527,0.0473,closed,0.3582,35.82,0.3964,8.7,12.58,7.63,3.08,0.0129,24.19,523.0,0.0004,0.0038,0.2124,0.228,4,108.55,132.49,136.85,19,0.0337,200.42,2,0.0153
live_ep_000026_MEMORY_LEAK,MEMORY_LEAK,auth-service,python-simulator,32.0,1785952028.9184263,26,0.9868,0.0132,closed,0.2614,26.14,0.5641,5.67,16.38,3.36,7.09,0.0185,22.5,514.9,0.018,0.0038,0.2144,0.2284,1,86.91,104.89,122.42,19,0.0307,216.31,7,0.006
live_ep_000026_MEMORY_LEAK,MEMORY_LEAK,auth-service,python-simulator,32.5,1785952029.4189775,104,0.9806,0.0194,closed,0.3054,30.54,0.457,30.0,13.62,9.84,7.0,0.0152,16.67,514.2,0.0037,0.0039,0.1961,0.2889,1,91.65,94.08,139.68,9,0.0085,191.25,0,0.0048
live_ep_000026_MEMORY_LEAK,MEMORY_LEAK,auth-service,python-simulator,33.0,1785952029.9193802,63,0.9473,0.0527,closed,0.4253,42.53,0.4577,3.9,21.48,3.18,8.15,0.0057,16.18,518.4,0.0011,0.0018,0.2456,0.2931,2,81.06,101.94,117.07,4,0.0361,192.14,13,0.0062
live_ep_000026_MEMORY_LEAK,MEMORY_LEAK,auth-service,python-simulator,33.5,1785952030.4197483,83,0.9186,0.0814,closed,0.3094,30.94,0.3393,3.53,21.0,4.54,6.23,0.014,20.42,521.0,0.0186,0.0081,0.2948,0.2542,3,94.14,140.27,141.83,6,0.0197,210.7,12,0.003
live_ep_000026_MEMORY_LEAK,MEMORY_LEAK,auth-service,python-simulator,34.0,1785952030.9202318,115,0.99,0.01,closed,0.3989,39.89,0.5695,10.55,19.69,5.74,13.92,0.0086,28.56,522.8,0.0093,0.0086,0.2533,0.2115,1,88.42,101.06,127.73,9,0.0022,211.45,11,0.0009
live_ep_000026_MEMORY_LEAK,MEMORY_LEAK,auth-service,python-simulator,34.5,1785952031.4204557,107,0.88,0.12,closed,0.328,32.8,0.4764,1.67,32.62,11.97,2.0,0.0013,11.1,524.5,0.0049,0.0036,0.1069,0.2686,0,91.8,111.56,125.22,16,0.0486,188.74,0,0.0052
live_ep_000026_MEMORY_LEAK,MEMORY_LEAK,auth-service,python-simulator,35.0,1785952031.9207346,37,0.9663,0.0337,closed,0.305,30.5,0.4166,4.91,16.55,4.58,2.62,0.0164,24.13,510.2,0.0004,0.005,0.2097,0.2596,0,91.72,129.91,132.0,15,0.0244,167.5,14,0.011
live_ep_000026_MEMORY_LEAK,MEMORY_LEAK,auth-service,python-simulator,35.5,1785952032.421077,99,0.88,0.12,closed,0.3492,34.92,0.308,20.52,22.99,5.82,6.08,0.002,12.97,504.0,0.0028,0.0039,0.2511,0.2214,4,84.93,95.93,127.04,3,0.0021,199.93,6,0.0038
live_ep_000026_MEMORY_LEAK,MEMORY_LEAK,auth-service,python-simulator,36.0,1785952032.9214709,54,0.8892,0.1108,closed,0.3306,33.06,0.5417,9.08,21.04,4.63,12.07,0.0104,17.21,510.8,0.0094,0.0028,0.1934,0.2226,2,88.46,107.58,132.41,13,0.0612,237.18,10,0.0073
live_ep_000026_MEMORY_LEAK,MEMORY_LEAK,auth-service,python-simulator,36.5,1785952033.4217181,62,0.9822,0.0178,closed,0.3472,34.72,0.5022,1.49,21.62,3.78,3.57,0.0044,16.75,511.6,0.0179,0.0017,0.2873,0.3109,1,96.99,111.19,120.35,5,0.0475,193.39,4,0.0054
live_ep_000026_MEMORY_LEAK,MEMORY_LEAK,auth-service,python-simulator,37.0,1785952033.9218895,99,0.9711,0.0289,closed,0.36,36.0,0.2448,4.03,23.81,9.22,3.44,0.0012,23.1,525.6,0.0101,0.0087,0.1177,0.2673,2,77.44,111.13,136.77,6,0.0366,225.6,7,0.0003
live_ep_000026_MEMORY_LEAK,MEMORY_LEAK,auth-service,python-simulator,37.5,1785952034.4221838,63,0.9591,0.0409,closed,0.4192,41.92,0.4242,7.76,28.75,4.66,10.61,0.0306,20.39,521.2,0.0082,0.0021,0.3363,0.2941,4,92.23,124.87,127.67,19,0.0034,179.65,7,0.0003
live_ep_000026_MEMORY_LEAK,MEMORY_LEAK,auth-service,python-simulator,38.0,1785952034.922417,109,0.9617,0.0383,closed,0.3668,36.68,0.4816,7.32,12.9,3.54,6.1,0.0085,14.9,526.0,0.0033,0.0023,0.2926,0.2787,4,80.88,112.89,120.33,10,0.0072,210.23,3,0.0075
live_ep_000026_MEMORY_LEAK,MEMORY_LEAK,auth-service,python-simulator,38.5,1785952035.422889,41,0.8883,0.1117,closed,0.3842,38.42,0.4672,5.69,22.85,10.43,6.26,0.0059,25.25,523.0,0.0038,0.0029,0.2289,0.2782,0,85.66,104.48,113.31,8,0.1,201.93,2,0.0035
live_ep_000026_MEMORY_LEAK,MEMORY_LEAK,auth-service,python-simulator,39.0,1785952035.9231093,84,0.9776,0.0224,closed,0.2525,25.25,0.4567,15.24,13.19,5.38,8.83,0.0231,24.53,521.2,0.0025,0.0029,0.1978,0.2618,4,72.46,112.5,129.33,7,0.0322,208.13,7,0.0026
live_ep_000026_MEMORY_LEAK,MEMORY_LEAK,auth-service,python-simulator,39.5,1785952036.423323,78,0.99,0.01,closed,0.2855,28.55,0.4398,2.09,33.51,6.24,6.39,0.0101,19.72,521.9,0.0222,0.0089,0.1909,0.2989,1,94.63,127.14,129.7,16,0.0053,213.82,4,0.0009
live_ep_000026_MEMORY_LEAK,MEMORY_LEAK,auth-service,python-simulator,40.0,1785952036.923794,57,0.9534,0.0466,closed,0.3335,33.35,0.4234,3.82,29.09,4.13,7.47,0.0156,31.31,523.8,0.0007,0.0036,0.3763,0.2353,4,99.0,110.17,136.06,19,0.071,219.3,1,0.0002
live_ep_000026_MEMORY_LEAK,MEMORY_LEAK,auth-service,python-simulator,40.5,1785952037.4241254,25,0.99,0.01,closed,0.3479,34.79,0.5201,6.78,17.47,3.64,11.76,0.0177,27.09,525.6,0.0017,0.0045,0.3077,0.2753,0,91.11,133.62,140.17,1,0.0074,181.66,4,0.0075
live_ep_000026_MEMORY_LEAK,MEMORY_LEAK,auth-service,python-simulator,41.0,1785952037.924517,53,0.9556,0.0444,closed,0.3076,30.76,0.3097,0.66,30.26,3.17,4.31,0.0064,11.75,507.9,0.001,0.0025,0.2135,0.2371,2,96.25,107.49,109.63,10,0.0458,210.09,9,0.0035
live_ep_000026_MEMORY_LEAK,MEMORY_LEAK,auth-service,python-simulator,41.5,1785952038.4245698,58,0.8967,0.1033,closed,0.3037,30.37,0.4004,3.45,20.79,4.83,7.19,0.0095,21.01,525.9,0.0012,0.0026,0.199,0.2298,2,91.62,121.36,130.2,6,0.1,207.19,4,0.0044
live_ep_000026_MEMORY_LEAK,MEMORY_LEAK,auth-service,python-simulator,42.0,1785952038.924889,103,0.9255,0.0745,closed,0.4602,46.02,0.4109,8.16,17.96,2.81,3.11,0.0111,31.56,525.0,0.0016,0.0043,0.1706,0.2622,0,83.75,142.82,143.3,17,0.0585,172.94,13,0.0148
live_ep_000026_MEMORY_LEAK,MEMORY_LEAK,auth-service,python-simulator,42.5,1785952039.424978,24,0.983,0.017,closed,0.3706,37.06,0.3714,0.64,14.42,1.92,3.95,0.0032,11.06,509.5,0.0016,0.0033,0.2023,0.2629,1,86.54,88.55,121.31,18,0.0021,179.63,1,0.0033
live_ep_000026_MEMORY_LEAK,MEMORY_LEAK,auth-service,python-simulator,43.0,1785952039.925237,27,0.8991,0.1009,closed,0.33,33.0,0.4516,6.87,6.21,4.58,7.23,0.0027,12.25,511.2,0.0044,0.0071,0.2617,0.2209,0,94.78,130.88,132.47,15,0.0252,195.83,12,0.0023
live_ep_000026_MEMORY_LEAK,MEMORY_LEAK,auth-service,python-simulator,43.5,1785952040.4254453,68,0.9149,0.0851,closed,0.3887,38.87,0.4616,2.91,20.24,5.7,8.49,0.0174,20.2,525.3,0.0026,0.0048,0.1473,0.282,0,88.15,104.5,125.78,18,0.057,183.96,4,0.0006
live_ep_000026_MEMORY_LEAK,MEMORY_LEAK,auth-service,python-simulator,44.0,1785952040.9260814,39,0.9559,0.0441,closed,0.3722,37.22,0.4831,3.59,18.51,5.14,5.42,0.0045,16.68,524.2,0.0081,0.002,0.1625,0.2769,2,83.43,92.78,115.16,3,0.0043,174.02,0,0.0006
live_ep_000026_MEMORY_LEAK,MEMORY_LEAK,auth-service,python-simulator,44.5,1785952041.426363,52,0.9658,0.0342,closed,0.3632,36.32,0.4538,1.81,13.62,3.0,9.68,0.0228,28.37,526.0,0.0067,0.0052,0.1356,0.2111,1,85.12,92.89,113.79,18,0.0291,182.49,0,0.0004
live_ep_000026_MEMORY_LEAK,MEMORY_LEAK,auth-service,python-simulator,45.0,1785952041.927024,35,0.9117,0.0883,closed,0.2629,26.29,0.4406,4.29,26.51,4.01,5.98,0.0144,24.26,510.9,0.0052,0.005,0.2478,0.2361,4,89.06,115.77,119.58,8,0.0371,213.0,12,0.0183
live_ep_000026_MEMORY_LEAK,MEMORY_LEAK,auth-service,python-simulator,45.5,1785952042.4275548,45,0.9872,0.0128,closed,0.3684,36.84,0.3898,3.21,17.97,4.97,5.94,0.0069,12.04,521.6,0.0012,0.0046,0.3363,0.2311,1,92.81,98.75,158.35,4,0.0187,206.51,14,0.0084
live_ep_000026_MEMORY_LEAK,MEMORY_LEAK,auth-service,python-simulator,46.0,1785952042.9281425,108,0.9732,0.0268,closed,0.4621,46.21,0.4802,2.04,38.48,4.63,4.08,0.0056,22.19,530.5,0.0003,0.003,0.2756,0.2803,3,86.78,108.7,134.06,2,0.0152,190.85,11,0.0035
live_ep_000026_MEMORY_LEAK,MEMORY_LEAK,auth-service,python-simulator,46.5,1785952043.430122,21,0.9839,0.0161,closed,0.3789,37.89,0.4912,3.73,17.32,4.2,4.07,0.0039,23.39,527.2,0.0023,0.0078,0.2629,0.2582,0,87.06,88.78,135.81,19,0.0119,173.08,1,0.0011
live_ep_000026_MEMORY_LEAK,MEMORY_LEAK,auth-service,python-simulator,47.0,1785952043.930454,113,0.9092,0.0908,closed,0.3377,33.77,0.4319,2.76,16.49,6.09,7.08,0.0094,15.64,508.8,0.0039,0.0057,0.2938,0.223,3,89.84,95.69,119.8,11,0.0289,180.4,0,0.012
live_ep_000026_MEMORY_LEAK,MEMORY_LEAK,auth-service,python-simulator,47.5,1785952044.4308572,103,0.99,0.01,closed,0.3821,38.21,0.3624,21.57,19.45,4.57,6.05,0.0004,16.27,519.4,0.0062,0.0032,0.2435,0.2018,0,81.04,87.71,130.45,17,0.0414,191.38,6,0.0068
live_ep_000026_MEMORY_LEAK,MEMORY_LEAK,auth-service,python-simulator,48.0,1785952044.9310622,99,0.9751,0.0249,closed,0.3602,36.02,0.6469,10.92,16.37,5.41,2.92,0.0096,20.61,525.4,0.0007,0.0021,0.2116,0.2372,0,89.44,121.12,140.3,10,0.0106,190.0,0,0.0009
live_ep_000026_MEMORY_LEAK,MEMORY_LEAK,auth-service,python-simulator,48.5,1785952045.4311626,115,0.9869,0.0131,closed,0.2395,23.95,0.4063,7.13,20.44,4.08,18.68,0.0054,22.99,515.2,0.0006,0.0077,0.2275,0.2451,4,83.6,131.61,152.86,3,0.0289,218.61,3,0.0008
live_ep_000026_MEMORY_LEAK,MEMORY_LEAK,auth-service,python-simulator,49.0,1785952045.931553,38,0.9719,0.0281,closed,0.3058,30.58,0.4867,1.97,23.25,7.28,5.2,0.0048,22.86,536.7,0.0105,0.0046,0.2811,0.2959,3,95.63,106.89,109.27,1,0.0023,194.06,6,0.0023
live_ep_000026_MEMORY_LEAK,MEMORY_LEAK,auth-service,python-simulator,49.5,1785952046.4318357,42,0.99,0.01,closed,0.2694,26.94,0.3425,1.36,21.63,4.72,3.59,0.0024,38.08,525.0,0.0003,0.0074,0.2222,0.2365,4,88.87,102.46,123.68,18,0.0267,224.52,9,0.0124
live_ep_000026_MEMORY_LEAK,MEMORY_LEAK,auth-service,python-simulator,50.0,1785952046.9320712,101,0.9884,0.0116,closed,0.3586,35.86,0.4552,9.2,43.44,4.89,5.38,0.0084,14.91,524.3,0.0144,0.0021,0.4132,0.204,1,90.79,124.89,126.87,8,0.0512,241.78,9,0.0036
live_ep_000026_MEMORY_LEAK,MEMORY_LEAK,auth-service,python-simulator,50.5,1785952047.432571,100,0.99,0.01,closed,0.3428,34.28,0.4109,3.9,21.13,3.94,3.7,0.0052,14.89,516.2,0.0146,0.0054,0.2293,0.2721,1,91.8,111.97,124.12,10,0.0349,193.96,14,0.0026
live_ep_000026_MEMORY_LEAK,MEMORY_LEAK,auth-service,python-simulator,51.0,1785952047.9327605,107,0.9304,0.0696,closed,0.4017,40.17,0.4975,7.93,23.78,7.01,8.84,0.0027,23.89,523.8,0.0051,0.0035,0.266,0.2636,4,90.58,134.13,139.48,7,0.0268,220.58,1,0.0001
live_ep_000026_MEMORY_LEAK,MEMORY_LEAK,auth-service,python-simulator,51.5,1785952048.4328866,71,0.9352,0.0648,closed,0.3478,34.78,0.6077,0.5,18.68,5.1,10.22,0.0109,12.93,515.3,0.0007,0.0047,0.252,0.2425,4,91.07,114.12,123.51,2,0.0387,194.64,9,0.0001
live_ep_000026_MEMORY_LEAK,MEMORY_LEAK,auth-service,python-simulator,52.0,1785952048.9330552,85,0.9518,0.0482,closed,0.2938,29.38,0.4326,10.34,31.75,7.77,5.27,0.0048,27.86,527.6,0.0092,0.0059,0.2736,0.2464,3,83.15,143.88,147.59,8,0.028,145.97,10,0.0071
live_ep_000026_MEMORY_LEAK,MEMORY_LEAK,auth-service,python-simulator,52.5,1785952049.4336042,40,0.9898,0.0102,closed,0.3514,35.14,0.4829,2.3,13.53,4.85,2.87,0.0128,14.81,520.0,0.0008,0.0023,0.2688,0.2418,2,98.97,149.32,158.66,5,0.0087,207.25,0,0.0033
live_ep_000026_MEMORY_LEAK,MEMORY_LEAK,auth-service,python-simulator,53.0,1785952049.9340115,111,0.9351,0.0649,closed,0.3815,38.15,0.4465,8.41,24.99,3.08,3.52,0.0222,25.87,521.1,0.0079,0.0092,0.2437,0.2522,4,101.44,128.04,150.38,12,0.0629,229.88,5,0.0005
live_ep_000026_MEMORY_LEAK,MEMORY_LEAK,auth-service,python-simulator,53.5,1785952050.4343958,93,0.95,0.05,closed,0.4682,46.82,0.5811,8.5,23.66,5.0,8.2,0.003,13.74,520.6,0.0016,0.0025,0.2898,0.2579,4,89.84,113.49,124.29,16,0.0815,194.13,14,0.0125
live_ep_000026_MEMORY_LEAK,MEMORY_LEAK,auth-service,python-simulator,54.0,1785952050.9349544,54,0.88,0.12,closed,0.4249,42.49,0.5968,1.09,24.34,3.79,6.19,0.0062,12.61,514.3,0.01,0.0025,0.2563,0.2112,4,90.07,115.03,125.44,16,0.0052,167.69,10,0.0006
live_ep_000026_MEMORY_LEAK,MEMORY_LEAK,auth-service,python-simulator,54.5,1785952051.4350097,119,0.88,0.12,closed,0.4439,44.39,0.4077,2.7,19.17,8.39,6.93,0.018,24.54,530.6,0.0023,0.0057,0.1959,0.2693,1,89.31,105.81,115.77,19,0.0316,198.21,9,0.0057
live_ep_000026_MEMORY_LEAK,MEMORY_LEAK,auth-service,python-simulator,55.0,1785952051.935164,56,0.954,0.046,closed,0.2647,26.47,0.3357,2.75,32.41,3.45,4.99,0.0251,11.76,520.2,0.0008,0.0023,0.3326,0.2898,1,87.26,96.34,116.26,6,0.0547,205.31,14,0.0013
live_ep_000026_MEMORY_LEAK,MEMORY_LEAK,auth-service,python-simulator,55.5,1785952052.4356508,100,0.99,0.01,closed,0.3136,31.36,0.5199,0.93,25.61,3.8,8.14,0.0107,13.3,519.5,0.0,0.0022,0.1781,0.2129,1,94.62,113.5,130.67,7,0.0951,170.23,5,0.0073
live_ep_000026_MEMORY_LEAK,MEMORY_LEAK,auth-service,python-simulator,56.0,1785952052.935768,65,0.9816,0.0184,closed,0.2769,27.69,0.3845,2.47,17.25,3.08,7.35,0.0022,26.66,521.8,0.0082,0.0029,0.2525,0.3008,3,87.67,149.24,164.68,6,0.0754,214.2,14,0.0059
live_ep_000026_MEMORY_LEAK,MEMORY_LEAK,auth-service,python-simulator,56.5,1785952053.4362118,88,0.9802,0.0198,closed,0.4048,40.48,0.4331,5.26,17.04,8.47,7.99,0.0126,14.5,527.9,0.0217,0.0015,0.3677,0.2529,3,92.48,95.28,122.79,13,0.0245,219.69,8,0.0058
live_ep_000026_MEMORY_LEAK,MEMORY_LEAK,auth-service,python-simulator,57.0,1785952053.9364283,51,0.88,0.12,closed,0.3861,38.61,0.3857,0.62,19.54,6.96,4.17,0.0054,28.68,529.9,0.0081,0.003,0.2077,0.3011,0,100.88,118.25,136.91,16,0.0324,176.02,1,0.0059
live_ep_000026_MEMORY_LEAK,MEMORY_LEAK,auth-service,python-simulator,57.5,1785952054.4366348,76,0.969,0.031,closed,0.2952,29.52,0.6106,6.11,11.97,4.36,3.22,0.0134,13.56,520.1,0.0009,0.0015,0.1822,0.2932,1,91.31,113.01,128.45,1,0.022,203.6,14,0.0022
live_ep_000026_MEMORY_LEAK,MEMORY_LEAK,auth-service,python-simulator,58.0,1785952054.936761,44,0.99,0.01,closed,0.4073,40.73,0.4075,4.16,19.33,2.43,8.01,0.0068,12.25,515.7,0.0112,0.0034,0.223,0.2552,4,94.84,97.72,129.77,5,0.0192,211.37,7,0.0051
live_ep_000026_MEMORY_LEAK,MEMORY_LEAK,auth-service,python-simulator,58.5,1785952055.4372296,43,0.99,0.01,closed,0.3549,35.49,0.5039,1.4,21.23,3.08,4.42,0.0039,24.05,528.5,0.0014,0.0041,0.266,0.2945,2,85.68,95.47,138.33,9,0.0233,191.65,13,0.0025
live_ep_000026_MEMORY_LEAK,MEMORY_LEAK,auth-service,python-simulator,59.0,1785952055.9377747,77,0.9679,0.0321,closed,0.4329,43.29,0.539,9.34,15.61,7.4,7.11,0.0041,25.79,516.3,0.0086,0.0042,0.238,0.2181,4,76.83,97.37,134.22,10,0.016,201.47,11,0.0017
live_ep_000026_MEMORY_LEAK,MEMORY_LEAK,auth-service,python-simulator,59.5,1785952056.4380817,110,0.99,0.01,closed,0.2555,25.55,0.4183,3.48,26.36,3.58,4.89,0.0044,34.48,533.4,0.0055,0.006,0.2259,0.2732,3,102.39,103.48,113.75,18,0.0133,217.73,1,0.0038
live_ep_000027_CPU_SATURATION,CPU_SATURATION,order-service,python-simulator,0.0,1785952056.9389982,21,0.88,0.12,closed,0.3818,38.18,0.391,16.72,25.38,3.25,5.67,0.0079,18.66,518.4,0.0063,0.0041,0.2857,0.2539,0,94.3,135.39,149.61,9,0.0423,232.5,11,0.0036
live_ep_000027_CPU_SATURATION,CPU_SATURATION,order-service,python-simulator,0.5,1785952057.4392474,115,0.88,0.12,closed,0.3361,33.61,0.335,1.98,25.54,3.93,6.55,0.0117,5.77,502.3,0.0007,0.0045,0.3221,0.2478,0,96.59,102.45,116.22,1,0.0158,189.16,4,0.0079
live_ep_000027_CPU_SATURATION,CPU_SATURATION,order-service,python-simulator,1.0,1785952057.9400108,143,0.9408,0.0592,closed,0.7933,79.33,0.446,9.25,25.3,4.25,5.57,0.0224,2.0,504.7,0.0077,0.0094,0.261,0.2221,2,176.92,193.28,299.23,58,0.0686,179.33,122,0.0203
live_ep_000027_CPU_SATURATION,CPU_SATURATION,order-service,python-simulator,1.5,1785952058.4401093,81,0.99,0.01,closed,0.8727,87.27,0.2461,19.44,24.92,3.16,7.56,0.0398,42.87,499.3,0.0021,0.0184,0.2491,0.2399,1,189.73,322.9,357.71,62,0.02,223.08,136,0.0453
live_ep_000027_CPU_SATURATION,CPU_SATURATION,order-service,python-simulator,2.0,1785952058.9414372,124,0.9632,0.0368,closed,0.8973,89.73,0.3261,18.04,23.16,4.18,7.93,0.0451,8.73,482.2,0.0004,0.0219,0.2768,0.2409,2,187.72,343.35,347.46,54,0.0381,169.64,145,0.0401
live_ep_000027_CPU_SATURATION,CPU_SATURATION,order-service,python-simulator,2.5,1785952059.4416335,77,0.9163,0.0837,closed,0.9162,91.62,0.3303,39.16,16.79,3.48,7.09,0.0597,10.42,526.1,0.0004,0.0231,0.2393,0.2544,0,210.28,304.71,378.88,64,0.015,203.47,145,0.0445
live_ep_000027_CPU_SATURATION,CPU_SATURATION,order-service,python-simulator,3.0,1785952059.9418442,160,0.983,0.017,closed,0.8901,89.01,0.2968,9.4,21.72,3.47,7.99,0.0456,17.79,511.0,0.0015,0.0218,0.3366,0.2788,4,208.33,307.56,372.46,57,0.0354,243.19,143,0.038
live_ep_000027_CPU_SATURATION,CPU_SATURATION,order-service,python-simulator,3.5,1785952060.4419854,122,0.9556,0.0444,closed,0.9419,94.19,0.2858,22.84,22.39,4.48,7.29,0.0548,14.28,516.2,0.0078,0.0244,0.2858,0.2291,0,213.14,315.16,334.51,51,0.0502,232.94,149,0.0484
live_ep_000027_CPU_SATURATION,CPU_SATURATION,order-service,python-simulator,4.0,1785952060.942678,112,0.9703,0.0297,closed,0.953,95.3,0.334,10.83,18.08,5.31,5.31,0.0528,2.95,498.8,0.0067,0.0255,0.1885,0.2348,4,214.82,223.89,388.41,54,0.0354,179.71,152,0.0529
live_ep_000027_CPU_SATURATION,CPU_SATURATION,order-service,python-simulator,4.5,1785952061.4431179,122,0.9547,0.0453,closed,0.9175,91.75,0.2387,19.61,26.71,5.87,9.44,0.05,9.55,525.2,0.0015,0.0227,0.2841,0.2194,0,188.89,357.53,371.78,48,0.0687,219.26,150,0.0446
live_ep_000027_CPU_SATURATION,CPU_SATURATION,order-service,python-simulator,5.0,1785952061.9436696,157,0.9743,0.0257,closed,0.8329,83.29,0.2549,8.88,18.56,5.45,11.13,0.0429,8.06,508.1,0.0004,0.0142,0.238,0.2156,2,189.15,254.19,326.59,56,0.0347,221.85,131,0.046
live_ep_000027_CPU_SATURATION,CPU_SATURATION,order-service,python-simulator,5.5,1785952062.4440258,146,0.9626,0.0374,closed,0.9106,91.06,0.405,9.61,18.61,9.43,7.57,0.0676,28.21,516.6,0.0033,0.0223,0.2604,0.3035,3,192.89,268.47,374.41,45,0.0384,172.58,145,0.0428
live_ep_000027_CPU_SATURATION,CPU_SATURATION,order-service,python-simulator,6.0,1785952062.9441764,141,0.9748,0.0252,closed,0.9513,95.13,0.3972,26.27,19.92,4.66,3.57,0.0581,28.31,521.1,0.0089,0.0259,0.3319,0.2956,2,207.09,305.32,380.05,49,0.0524,228.76,156,0.0518
live_ep_000027_CPU_SATURATION,CPU_SATURATION,order-service,python-simulator,6.5,1785952063.4486883,94,0.9614,0.0386,closed,0.8359,83.59,0.2785,10.21,15.55,6.55,3.43,0.0369,20.54,518.4,0.0051,0.0141,0.2524,0.2717,1,186.56,275.61,300.73,44,0.0962,177.46,138,0.0306
live_ep_000027_CPU_SATURATION,CPU_SATURATION,order-service,python-simulator,7.0,1785952063.9489212,153,0.88,0.12,closed,0.8762,87.62,0.323,16.77,37.09,2.93,7.19,0.0544,2.0,469.4,0.0069,0.0203,0.151,0.2514,2,201.43,211.54,348.28,56,0.0453,161.93,138,0.0378
live_ep_000027_CPU_SATURATION,CPU_SATURATION,order-service,python-simulator,7.5,1785952064.4494014,146,0.9163,0.0837,closed,0.871,87.1,0.3147,12.53,16.08,8.5,6.28,0.039,4.91,518.0,0.0018,0.0185,0.3286,0.2583,0,181.65,213.98,339.65,54,0.0421,178.08,140,0.0452
live_ep_000027_CPU_SATURATION,CPU_SATURATION,order-service,python-simulator,8.0,1785952064.9496117,85,0.9732,0.0268,closed,0.889,88.9,0.3504,9.91,19.52,3.97,6.62,0.0434,9.58,489.1,0.0025,0.02,0.2959,0.23,3,222.01,337.48,379.18,47,0.0613,220.25,134,0.0435
live_ep_000027_CPU_SATURATION,CPU_SATURATION,order-service,python-simulator,8.5,1785952065.4499788,87,0.9883,0.0117,closed,0.8665,86.65,0.3012,12.01,13.16,2.77,2.71,0.0457,3.64,519.2,0.019,0.0168,0.201,0.2578,4,211.2,351.5,385.29,60,0.008,172.04,139,0.0417
live_ep_000027_CPU_SATURATION,CPU_SATURATION,order-service,python-simulator,9.0,1785952065.950414,131,0.9241,0.0759,closed,0.8496,84.96,0.383,17.09,17.89,8.0,6.29,0.0381,13.08,520.1,0.0059,0.015,0.2878,0.2345,2,185.09,212.58,303.48,61,0.1,175.53,132,0.0325
live_ep_000027_CPU_SATURATION,CPU_SATURATION,order-service,python-simulator,9.5,1785952066.4508927,70,0.99,0.01,closed,0.8889,88.89,0.3134,9.43,17.9,3.4,4.05,0.0594,20.12,527.4,0.004,0.0205,0.2537,0.2331,2,207.48,214.14,301.14,54,0.0393,170.55,140,0.0401
live_ep_000027_CPU_SATURATION,CPU_SATURATION,order-service,python-simulator,10.0,1785952066.9511604,81,0.9349,0.0651,closed,0.898,89.8,0.3289,15.72,21.63,9.52,10.32,0.0504,11.43,503.6,0.0012,0.0205,0.1988,0.299,0,211.03,310.98,349.93,44,0.019,194.31,139,0.0521
live_ep_000027_CPU_SATURATION,CPU_SATURATION,order-service,python-simulator,10.5,1785952067.451643,102,0.9211,0.0789,closed,0.8135,81.35,0.3662,17.61,20.98,8.42,4.31,0.0434,2.87,518.7,0.0068,0.0151,0.2856,0.278,2,165.97,170.13,279.76,40,0.0711,204.23,136,0.0265
live_ep_000027_CPU_SATURATION,CPU_SATURATION,order-service,python-simulator,11.0,1785952067.9520967,91,0.9678,0.0322,closed,0.9462,94.62,0.4043,12.23,21.55,3.08,3.68,0.0743,18.2,510.3,0.0097,0.0262,0.1721,0.2259,4,209.13,249.5,387.4,51,0.0199,183.96,148,0.0499
live_ep_000027_CPU_SATURATION,CPU_SATURATION,order-service,python-simulator,11.5,1785952068.452189,96,0.99,0.01,closed,0.7909,79.09,0.307,19.87,22.29,17.19,5.26,0.0505,17.82,530.7,0.0025,0.0097,0.2068,0.2244,1,168.19,184.56,234.24,51,0.0792,209.75,132,0.0208
live_ep_000027_CPU_SATURATION,CPU_SATURATION,order-service,python-simulator,12.0,1785952068.9524183,102,0.9549,0.0451,closed,0.7885,78.85,0.373,10.58,21.13,2.81,8.78,0.0304,18.59,482.2,0.0029,0.0098,0.2576,0.1986,0,189.24,223.04,281.88,45,0.1,184.32,128,0.028
live_ep_000027_CPU_SATURATION,CPU_SATURATION,order-service,python-simulator,12.5,1785952069.4631987,77,0.9476,0.0524,closed,0.9076,90.76,0.2402,39.08,33.55,10.38,5.93,0.0522,15.37,504.9,0.0,0.022,0.1429,0.2421,3,205.16,269.71,379.87,45,0.1,204.61,148,0.0431
live_ep_000027_CPU_SATURATION,CPU_SATURATION,order-service,python-simulator,13.0,1785952069.9635823,122,0.9375,0.0625,closed,0.8387,83.87,0.3736,10.43,24.29,4.21,8.85,0.0303,3.16,531.6,0.0011,0.0171,0.3643,0.2726,1,178.58,313.04,337.36,60,0.0169,144.74,132,0.0288
live_ep_000027_CPU_SATURATION,CPU_SATURATION,order-service,python-simulator,13.5,1785952070.464488,143,0.88,0.12,closed,0.8463,84.63,0.3599,14.71,25.29,5.83,10.59,0.0348,6.08,531.3,0.0006,0.0165,0.3127,0.2679,3,177.82,203.8,269.63,61,0.0399,208.44,130,0.0295
live_ep_000027_CPU_SATURATION,CPU_SATURATION,order-service,python-simulator,14.0,1785952070.9648206,126,0.9275,0.0725,closed,0.9174,91.74,0.421,10.3,18.38,4.68,4.09,0.0509,34.16,508.9,0.0061,0.0231,0.1924,0.2631,2,205.96,234.8,346.17,47,0.0007,193.98,150,0.0539
live_ep_000027_CPU_SATURATION,CPU_SATURATION,order-service,python-simulator,14.5,1785952071.465032,159,0.9306,0.0694,closed,0.9183,91.83,0.246,11.11,17.56,5.36,4.09,0.047,3.02,499.9,0.004,0.023,0.2238,0.1747,0,206.53,235.57,402.11,58,0.0063,203.08,140,0.0456
live_ep_000027_CPU_SATURATION,CPU_SATURATION,order-service,python-simulator,15.0,1785952071.9652193,136,0.9622,0.0378,closed,0.8909,89.09,0.4399,15.27,12.48,5.31,13.72,0.0555,6.58,495.6,0.0155,0.0198,0.1726,0.2289,2,188.17,294.51,296.51,53,0.0083,172.19,140,0.0416
live_ep_000027_CPU_SATURATION,CPU_SATURATION,order-service,python-simulator,15.5,1785952072.4658139,150,0.9289,0.0711,closed,0.9066,90.66,0.3732,17.71,20.01,2.29,12.9,0.0425,4.93,480.4,0.0106,0.0249,0.2523,0.208,0,201.5,311.42,359.11,62,0.0355,219.82,140,0.0433
live_ep_000027_CPU_SATURATION,CPU_SATURATION,order-service,python-simulator,16.0,1785952072.9662561,115,0.9669,0.0331,closed,0.8697,86.97,0.4151,16.95,20.5,5.27,6.51,0.0352,5.25,511.9,0.0003,0.0185,0.2712,0.2501,4,182.66,262.59,319.62,62,0.0076,205.57,142,0.0359
live_ep_000027_CPU_SATURATION,CPU_SATURATION,order-service,python-simulator,16.5,1785952073.466833,145,0.9828,0.0172,closed,0.8152,81.52,0.4041,18.75,11.59,3.77,9.34,0.0297,4.52,526.6,0.0018,0.012,0.3264,0.2299,0,177.34,306.53,335.39,44,0.0138,207.9,123,0.0242
live_ep_000027_CPU_SATURATION,CPU_SATURATION,order-service,python-simulator,17.0,1785952073.9673157,137,0.99,0.01,closed,0.8688,86.88,0.3441,13.07,31.72,9.58,7.79,0.06,3.76,513.6,0.0019,0.0173,0.3295,0.245,2,201.9,251.15,310.14,52,0.0145,164.33,142,0.0351
live_ep_000027_CPU_SATURATION,CPU_SATURATION,order-service,python-simulator,17.5,1785952074.4683118,101,0.9653,0.0347,closed,0.7862,78.62,0.3362,14.02,25.5,2.12,8.74,0.0237,2.0,545.8,0.0006,0.0106,0.2067,0.2299,0,177.92,193.22,284.46,46,0.0003,242.36,126,0.0211
live_ep_000027_CPU_SATURATION,CPU_SATURATION,order-service,python-simulator,18.0,1785952074.9686208,139,0.88,0.12,closed,0.8236,82.36,0.367,10.84,24.06,3.14,17.95,0.031,2.12,482.4,0.007,0.0129,0.1864,0.2667,3,199.11,279.66,325.36,48,0.0429,193.56,127,0.027
live_ep_000027_CPU_SATURATION,CPU_SATURATION,order-service,python-simulator,18.5,1785952075.4690504,152,0.9402,0.0598,closed,0.8908,89.08,0.2625,9.41,23.76,5.92,7.27,0.043,2.7,541.1,0.0098,0.0217,0.2497,0.2823,4,193.65,232.02,381.33,55,0.0564,185.02,133,0.0401
live_ep_000027_CPU_SATURATION,CPU_SATURATION,order-service,python-simulator,19.0,1785952075.969263,71,0.9621,0.0379,closed,0.8584,85.84,0.2371,9.6,15.49,4.21,11.84,0.0396,2.0,515.2,0.005,0.0221,0.211,0.2946,1,188.44,202.9,308.63,52,0.0593,175.83,140,0.0319
live_ep_000027_CPU_SATURATION,CPU_SATURATION,order-service,python-simulator,19.5,1785952076.469634,96,0.9416,0.0584,closed,0.9299,92.99,0.4095,11.07,23.2,3.08,6.73,0.053,22.35,509.8,0.0056,0.025,0.1764,0.2278,4,202.22,283.15,379.73,63,0.1,195.07,150,0.058
live_ep_000027_CPU_SATURATION,CPU_SATURATION,order-service,python-simulator,20.0,1785952076.9702067,156,0.9409,0.0591,closed,0.9297,92.97,0.2425,18.71,25.57,11.51,7.71,0.0586,10.01,546.5,0.002,0.0235,0.1832,0.2837,2,200.29,251.09,406.19,51,0.0009,175.77,153,0.0667
live_ep_000027_CPU_SATURATION,CPU_SATURATION,order-service,python-simulator,20.5,1785952077.4715543,121,0.9537,0.0463,closed,0.8826,88.26,0.2473,10.86,20.41,4.1,5.88,0.0483,4.0,506.2,0.0029,0.0199,0.3089,0.2921,3,198.31,297.9,379.48,45,0.0863,177.94,133,0.0449
live_ep_000027_CPU_SATURATION,CPU_SATURATION,order-service,python-simulator,21.0,1785952077.9716828,109,0.99,0.01,closed,0.9289,92.89,0.249,14.78,18.18,4.15,3.18,0.0581,32.96,517.2,0.0008,0.0267,0.2482,0.2379,1,214.92,249.58,413.6,54,0.0986,215.64,144,0.0535
live_ep_000027_CPU_SATURATION,CPU_SATURATION,order-service,python-simulator,21.5,1785952078.4721646,67,0.8949,0.1051,closed,0.8554,85.54,0.3827,9.05,18.88,5.27,5.01,0.0357,9.84,526.2,0.0023,0.0174,0.2611,0.3245,1,190.85,249.43,336.54,58,0.013,208.6,131,0.0328
live_ep_000027_CPU_SATURATION,CPU_SATURATION,order-service,python-simulator,22.0,1785952078.9723442,86,0.99,0.01,closed,0.8541,85.41,0.246,18.7,37.05,5.08,7.47,0.0358,2.0,532.8,0.0022,0.0178,0.2338,0.2384,2,195.89,247.62,291.13,50,0.0399,218.64,132,0.0359
live_ep_000027_CPU_SATURATION,CPU_SATURATION,order-service,python-simulator,22.5,1785952079.4727347,111,0.99,0.01,closed,0.8655,86.55,0.3765,12.96,24.81,5.37,5.24,0.0448,10.11,506.0,0.0021,0.0177,0.2941,0.2364,3,194.27,280.74,330.35,58,0.0178,197.81,136,0.0334
live_ep_000027_CPU_SATURATION,CPU_SATURATION,order-service,python-simulator,23.0,1785952079.973162,81,0.9875,0.0125,closed,0.8285,82.85,0.2785,12.87,22.45,2.3,4.97,0.0344,2.0,487.0,0.002,0.0129,0.2025,0.2567,4,193.37,291.41,312.02,44,0.1,189.05,129,0.0287
live_ep_000027_CPU_SATURATION,CPU_SATURATION,order-service,python-simulator,23.5,1785952080.47371,153,0.969,0.031,closed,0.9181,91.81,0.2931,9.68,14.47,3.13,5.64,0.0451,39.76,511.5,0.003,0.0221,0.2213,0.2334,1,191.55,360.34,365.39,58,0.0564,212.57,150,0.0569
live_ep_000027_CPU_SATURATION,CPU_SATURATION,order-service,python-simulator,24.0,1785952080.9740715,117,0.927,0.073,closed,0.9167,91.67,0.2912,9.68,23.69,2.83,2.89,0.0527,21.79,533.4,0.0045,0.0217,0.2566,0.2888,4,197.14,330.74,373.78,47,0.002,181.63,148,0.0468
live_ep_000027_CPU_SATURATION,CPU_SATURATION,order-service,python-simulator,24.5,1785952081.474132,65,0.99,0.01,closed,0.8908,89.08,0.175,10.13,11.06,2.22,5.05,0.0456,11.5,548.3,0.0055,0.02,0.2174,0.2327,0,185.81,264.75,394.9,63,0.0167,188.28,139,0.0542
live_ep_000027_CPU_SATURATION,CPU_SATURATION,order-service,python-simulator,25.0,1785952081.974671,140,0.99,0.01,closed,0.7783,77.83,0.2506,11.49,22.2,5.02,2.67,0.028,3.39,509.9,0.0191,0.0094,0.3001,0.2495,2,192.63,201.59,246.25,45,0.0344,243.93,125,0.0162
live_ep_000027_CPU_SATURATION,CPU_SATURATION,order-service,python-simulator,25.5,1785952082.480164,104,0.9463,0.0537,closed,0.8969,89.69,0.4058,9.94,20.19,2.76,3.69,0.0461,11.11,517.4,0.0057,0.0244,0.2487,0.2666,4,200.04,246.79,300.71,57,0.0922,209.92,139,0.043
live_ep_000027_CPU_SATURATION,CPU_SATURATION,order-service,python-simulator,26.0,1785952082.980266,144,0.9665,0.0335,closed,0.9525,95.25,0.461,10.32,19.53,5.38,3.38,0.0549,30.77,488.1,0.0026,0.0255,0.3119,0.2631,1,219.55,308.75,393.08,51,0.0059,193.74,152,0.0584
live_ep_000027_CPU_SATURATION,CPU_SATURATION,order-service,python-simulator,26.5,1785952083.4804113,138,0.9691,0.0309,closed,0.9114,91.14,0.5271,11.85,15.58,6.15,7.65,0.0504,6.75,529.3,0.001,0.0264,0.2112,0.2839,1,200.26,260.09,358.51,50,0.0635,207.61,136,0.0438
live_ep_000027_CPU_SATURATION,CPU_SATURATION,order-service,python-simulator,27.0,1785952083.980754,102,0.9749,0.0251,closed,0.9434,94.34,0.3194,13.32,19.37,4.2,6.25,0.0511,14.9,528.6,0.0011,0.0255,0.1863,0.2791,1,199.83,272.41,379.15,65,0.0128,200.1,149,0.0564
live_ep_000027_CPU_SATURATION,CPU_SATURATION,order-service,python-simulator,27.5,1785952084.480966,122,0.9556,0.0444,closed,0.884,88.4,0.4561,19.36,19.08,4.08,2.84,0.0417,54.14,516.7,0.0004,0.0185,0.3251,0.2091,0,194.07,303.71,360.13,50,0.0405,179.52,143,0.0403
live_ep_000027_CPU_SATURATION,CPU_SATURATION,order-service,python-simulator,28.0,1785952084.9811401,101,0.9052,0.0948,closed,0.8642,86.42,0.4225,10.78,14.93,2.11,7.3,0.0459,16.85,490.4,0.0073,0.0196,0.2438,0.2824,3,193.43,317.94,320.68,48,0.0362,175.42,139,0.0401
live_ep_000027_CPU_SATURATION,CPU_SATURATION,order-service,python-simulator,28.5,1785952085.4830627,103,0.99,0.01,closed,0.9049,90.49,0.3892,17.86,20.51,9.58,2.05,0.0514,14.56,540.1,0.0029,0.0211,0.2314,0.2362,2,195.93,238.46,345.18,59,0.0156,210.74,143,0.0522
live_ep_000027_CPU_SATURATION,CPU_SATURATION,order-service,python-simulator,29.0,1785952085.9834745,138,0.9167,0.0833,closed,0.9377,93.77,0.3967,14.95,27.84,5.95,4.31,0.0544,10.45,494.0,0.0007,0.0259,0.2824,0.2374,0,204.3,312.3,419.7,63,0.068,201.7,146,0.0478
live_ep_000027_CPU_SATURATION,CPU_SATURATION,order-service,python-simulator,29.5,1785952086.483902,71,0.9003,0.0997,closed,0.9266,92.66,0.4191,26.64,13.74,4.08,4.49,0.0558,11.89,518.4,0.0072,0.0239,0.2666,0.2294,1,196.52,295.47,367.97,54,0.0234,216.53,150,0.0456
live_ep_000027_CPU_SATURATION,CPU_SATURATION,order-service,python-simulator,30.0,1785952086.9841583,145,0.99,0.01,closed,0.8473,84.73,0.3859,10.53,19.69,4.6,4.06,0.0328,52.81,502.7,0.008,0.0164,0.2339,0.2241,0,184.28,265.97,353.97,45,0.0793,217.44,141,0.0299
live_ep_000027_CPU_SATURATION,CPU_SATURATION,order-service,python-simulator,30.5,1785952087.4845357,120,0.9227,0.0773,closed,0.8466,84.66,0.428,12.11,21.18,7.39,4.54,0.03,2.0,494.5,0.0005,0.0185,0.2306,0.2752,2,195.98,214.98,283.98,53,0.0116,197.2,135,0.0343
live_ep_000027_CPU_SATURATION,CPU_SATURATION,order-service,python-simulator,31.0,1785952087.9846601,133,0.9103,0.0897,closed,0.9297,92.97,0.3718,9.8,16.36,7.74,4.91,0.0525,7.94,489.4,0.0008,0.0245,0.1745,0.2452,2,210.48,321.4,405.09,56,0.0273,179.92,146,0.0687
live_ep_000027_CPU_SATURATION,CPU_SATURATION,order-service,python-simulator,31.5,1785952088.4852345,73,0.9242,0.0758,closed,0.8884,88.84,0.3798,24.63,12.82,7.79,6.07,0.0417,24.13,494.4,0.0149,0.0215,0.2033,0.2146,1,210.53,235.65,371.54,57,0.0057,195.12,143,0.0405
live_ep_000027_CPU_SATURATION,CPU_SATURATION,order-service,python-simulator,32.0,1785952088.98576,101,0.9651,0.0349,closed,0.9037,90.37,0.4634,10.6,36.2,3.85,8.14,0.0479,24.04,523.7,0.0011,0.0316,0.2067,0.3006,0,199.65,217.56,352.67,63,0.0338,149.96,145,0.0429
live_ep_000027_CPU_SATURATION,CPU_SATURATION,order-service,python-simulator,32.5,1785952089.4861958,98,0.9692,0.0308,closed,0.9162,91.62,0.2765,9.66,20.61,3.88,7.17,0.0552,13.71,512.0,0.0011,0.0224,0.2503,0.2371,2,211.83,307.34,349.76,45,0.0199,170.96,150,0.0435
live_ep_000027_CPU_SATURATION,CPU_SATURATION,order-service,python-simulator,33.0,1785952089.986635,82,0.99,0.01,closed,0.8573,85.73,0.2228,10.82,26.5,2.15,6.49,0.0359,11.45,486.5,0.0081,0.0161,0.1955,0.1964,4,202.98,269.43,273.24,54,0.1,179.59,140,0.0423
live_ep_000027_CPU_SATURATION,CPU_SATURATION,order-service,python-simulator,33.5,1785952090.4870715,91,0.9696,0.0304,closed,0.8514,85.14,0.3186,9.05,22.68,5.43,16.81,0.0356,11.98,529.5,0.0013,0.016,0.2778,0.2401,4,198.51,229.6,360.56,54,0.0138,209.5,132,0.0346
live_ep_000027_CPU_SATURATION,CPU_SATURATION,order-service,python-simulator,34.0,1785952090.987587,139,0.88,0.12,closed,0.8866,88.66,0.4975,14.76,15.1,3.59,4.49,0.0394,4.56,485.5,0.0104,0.0191,0.2906,0.2414,3,188.39,238.42,337.66,52,0.0001,215.48,144,0.0393
live_ep_000027_CPU_SATURATION,CPU_SATURATION,order-service,python-simulator,34.5,1785952091.487669,123,0.9289,0.0711,closed,0.8662,86.62,0.4698,9.64,25.98,8.0,4.31,0.0442,12.13,498.4,0.0029,0.0203,0.2939,0.2526,0,198.9,281.87,333.07,55,0.0422,203.83,134,0.0505
live_ep_000027_CPU_SATURATION,CPU_SATURATION,order-service,python-simulator,35.0,1785952091.98812,78,0.9887,0.0113,closed,0.8286,82.86,0.3828,13.24,26.54,3.57,9.69,0.0306,3.43,532.7,0.0169,0.013,0.2938,0.2594,3,174.69,268.85,313.73,48,0.0086,233.43,137,0.0274
live_ep_000027_CPU_SATURATION,CPU_SATURATION,order-service,python-simulator,35.5,1785952092.488177,129,0.9505,0.0495,closed,0.8407,84.07,0.4048,14.18,35.9,2.59,10.59,0.053,32.75,532.0,0.0101,0.0194,0.2462,0.2598,3,185.2,213.68,305.69,46,0.0719,189.34,133,0.0307
live_ep_000027_CPU_SATURATION,CPU_SATURATION,order-service,python-simulator,36.0,1785952092.9885852,137,0.99,0.01,closed,0.8921,89.21,0.4179,9.99,25.3,4.26,5.99,0.0416,17.24,531.0,0.0017,0.0214,0.2444,0.2651,2,190.75,200.08,284.11,62,0.0198,188.27,139,0.0498
live_ep_000027_CPU_SATURATION,CPU_SATURATION,order-service,python-simulator,36.5,1785952093.4953895,121,0.9339,0.0661,closed,0.8682,86.82,0.3492,10.88,15.14,3.44,4.56,0.0389,60.0,463.9,0.0085,0.0172,0.1908,0.2716,0,204.82,295.79,307.29,58,0.0471,203.82,138,0.0433
live_ep_000027_CPU_SATURATION,CPU_SATURATION,order-service,python-simulator,37.0,1785952093.995917,149,0.9431,0.0569,closed,0.8873,88.73,0.4271,12.03,10.84,2.64,3.58,0.0546,11.72,509.1,0.0017,0.0229,0.3269,0.2664,1,210.14,244.45,330.89,52,0.0109,184.58,146,0.0383
live_ep_000027_CPU_SATURATION,CPU_SATURATION,order-service,python-simulator,37.5,1785952094.4961255,110,0.99,0.01,closed,0.8813,88.13,0.4805,10.29,12.59,2.22,7.03,0.0422,5.91,503.4,0.0055,0.0199,0.2176,0.271,4,206.73,226.78,386.6,60,0.0036,197.71,134,0.039
live_ep_000027_CPU_SATURATION,CPU_SATURATION,order-service,python-simulator,38.0,1785952094.9963653,84,0.917,0.083,closed,0.971,97.1,0.4711,11.08,25.54,8.59,7.08,0.0666,6.16,536.6,0.0038,0.0277,0.2381,0.2377,4,227.93,426.61,448.14,60,0.0115,183.28,153,0.0589
live_ep_000027_CPU_SATURATION,CPU_SATURATION,order-service,python-simulator,38.5,1785952095.4970307,140,0.9573,0.0427,closed,0.8658,86.58,0.2964,9.41,17.08,2.82,4.5,0.0528,5.85,540.4,0.0148,0.0166,0.2099,0.245,4,195.84,235.13,279.92,61,0.0232,232.31,131,0.0376
live_ep_000027_CPU_SATURATION,CPU_SATURATION,order-service,python-simulator,39.0,1785952095.9972825,91,0.9264,0.0736,closed,0.7785,77.85,0.3252,8.88,21.69,2.92,9.03,0.0202,13.38,505.2,0.025,0.0115,0.2552,0.2686,2,178.96,240.23,254.71,54,0.099,234.13,116,0.0251
live_ep_000027_CPU_SATURATION,CPU_SATURATION,order-service,python-simulator,39.5,1785952096.4976518,101,0.9335,0.0665,closed,0.8512,85.12,0.3767,10.06,16.75,4.45,11.9,0.0366,7.13,530.7,0.0124,0.0155,0.1918,0.2504,1,178.61,274.72,323.39,42,0.0045,219.65,130,0.0305
live_ep_000027_CPU_SATURATION,CPU_SATURATION,order-service,python-simulator,40.0,1785952096.9980338,151,0.99,0.01,closed,0.9456,94.56,0.3077,27.8,20.33,3.37,9.13,0.0502,30.1,540.4,0.0065,0.0267,0.2826,0.2515,3,201.24,242.15,393.68,60,0.0675,197.81,154,0.0508
live_ep_000027_CPU_SATURATION,CPU_SATURATION,order-service,python-simulator,40.5,1785952097.4981992,161,0.9769,0.0231,closed,0.8807,88.07,0.3076,21.37,15.82,4.04,4.74,0.038,32.81,515.6,0.0029,0.02,0.2624,0.2557,0,193.84,299.73,349.93,61,0.0484,222.58,135,0.0368
live_ep_000027_CPU_SATURATION,CPU_SATURATION,order-service,python-simulator,41.0,1785952097.9988039,146,0.99,0.01,closed,0.8578,85.78,0.2659,11.42,16.34,2.43,5.94,0.0459,20.18,495.9,0.0135,0.0193,0.2753,0.2291,2,200.77,224.39,325.04,52,0.0296,190.13,132,0.0332
live_ep_000027_CPU_SATURATION,CPU_SATURATION,order-service,python-simulator,41.5,1785952098.498875,151,0.88,0.12,closed,0.8117,81.17,0.2371,8.62,36.07,3.37,5.63,0.0334,27.82,491.1,0.0023,0.0146,0.258,0.2678,1,178.01,185.73,241.25,56,0.0776,186.23,135,0.0298
live_ep_000027_CPU_SATURATION,CPU_SATURATION,order-service,python-simulator,42.0,1785952098.9989233,115,0.9094,0.0906,closed,0.8114,81.14,0.386,13.39,22.01,5.26,4.95,0.0383,10.02,507.1,0.0011,0.0122,0.2335,0.2214,3,193.78,261.26,306.0,42,0.0562,186.76,121,0.0246
live_ep_000027_CPU_SATURATION,CPU_SATURATION,order-service,python-simulator,42.5,1785952099.4990752,67,0.9465,0.0535,closed,0.8715,87.15,0.2474,9.56,21.32,5.36,3.85,0.0397,7.33,505.0,0.0014,0.0179,0.1473,0.2356,4,192.65,201.31,298.5,51,0.0076,229.96,134,0.0368
live_ep_000027_CPU_SATURATION,CPU_SATURATION,order-service,python-simulator,43.0,1785952099.9995165,96,0.9575,0.0425,closed,0.8589,85.89,0.3849,10.4,17.48,12.17,7.86,0.0373,16.51,499.1,0.0069,0.0176,0.1298,0.2157,0,204.69,301.47,322.77,58,0.0303,185.31,141,0.0386
live_ep_000027_CPU_SATURATION,CPU_SATURATION,order-service,python-simulator,43.5,1785952100.4997904,117,0.9814,0.0186,closed,0.8523,85.23,0.4199,13.82,19.15,2.99,5.59,0.0447,27.58,494.3,0.0036,0.0176,0.2628,0.2272,2,203.55,218.74,318.42,53,0.1,226.57,134,0.0318
live_ep_000027_CPU_SATURATION,CPU_SATURATION,order-service,python-simulator,44.0,1785952100.9999175,73,0.9848,0.0152,closed,0.8785,87.85,0.2832,12.39,22.09,2.46,3.46,0.0508,20.69,488.9,0.0104,0.02,0.2873,0.1866,2,189.43,323.43,362.25,48,0.0213,199.35,136,0.0501
live_ep_000027_CPU_SATURATION,CPU_SATURATION,order-service,python-simulator,44.5,1785952101.5001273,141,0.9216,0.0784,closed,0.8722,87.22,0.4469,10.74,12.16,3.36,10.4,0.0356,7.97,531.4,0.0094,0.0202,0.2806,0.2481,4,195.0,322.38,346.83,49,0.0484,223.54,133,0.035
live_ep_000027_CPU_SATURATION,CPU_SATURATION,order-service,python-simulator,45.0,1785952102.0003521,81,0.9017,0.0983,closed,0.9522,95.22,0.3444,13.74,32.24,6.05,4.22,0.0646,13.02,525.8,0.0065,0.0273,0.2206,0.2419,2,197.37,446.53,449.9,56,0.0186,174.84,149,0.0522
live_ep_000027_CPU_SATURATION,CPU_SATURATION,order-service,python-simulator,45.5,1785952102.5005562,162,0.9712,0.0288,closed,0.8802,88.02,0.4696,10.73,16.9,12.92,6.49,0.0401,9.01,494.5,0.0067,0.0207,0.3023,0.2475,3,189.05,318.21,346.28,45,0.0326,211.14,144,0.0409
live_ep_000027_CPU_SATURATION,CPU_SATURATION,order-service,python-simulator,46.0,1785952103.000961,109,0.9399,0.0601,closed,0.8697,86.97,0.2782,13.39,16.7,2.09,11.16,0.0463,12.77,480.6,0.0003,0.0171,0.1735,0.2715,0,181.19,220.13,327.28,47,0.0093,187.53,134,0.0386
live_ep_000027_CPU_SATURATION,CPU_SATURATION,order-service,python-simulator,46.5,1785952103.5014606,107,0.955,0.045,closed,0.863,86.3,0.3623,28.2,16.98,3.78,7.05,0.0468,18.11,524.2,0.0089,0.0236,0.1935,0.2454,0,194.86,320.57,399.04,59,0.0036,221.06,137,0.0343
live_ep_000027_CPU_SATURATION,CPU_SATURATION,order-service,python-simulator,47.0,1785952104.0016928,103,0.9653,0.0347,closed,0.9093,90.93,0.396,9.59,15.03,5.09,2.07,0.0485,5.94,503.6,0.001,0.0226,0.2844,0.2389,1,198.65,224.5,347.6,62,0.0896,154.16,149,0.0558
live_ep_000027_CPU_SATURATION,CPU_SATURATION,order-service,python-simulator,47.5,1785952104.5121305,131,0.9662,0.0338,closed,0.9397,93.97,0.3173,11.59,15.48,5.01,9.13,0.06,2.0,529.8,0.0014,0.0294,0.3497,0.1864,2,216.53,287.34,401.21,51,0.0013,198.3,144,0.05
live_ep_000027_CPU_SATURATION,CPU_SATURATION,order-service,python-simulator,48.0,1785952105.0126014,158,0.9597,0.0403,closed,0.8778,87.78,0.2488,9.72,20.75,3.95,11.93,0.0427,3.86,551.4,0.0038,0.0201,0.2241,0.316,4,201.49,211.33,285.44,53,0.0481,201.22,137,0.0381
live_ep_000027_CPU_SATURATION,CPU_SATURATION,order-service,python-simulator,48.5,1785952105.5127795,94,0.9836,0.0164,closed,0.8371,83.71,0.2447,10.69,15.35,2.63,10.97,0.0324,35.61,541.5,0.0129,0.0166,0.2376,0.257,0,182.04,286.48,343.23,51,0.0316,222.06,130,0.0334
live_ep_000027_CPU_SATURATION,CPU_SATURATION,order-service,python-simulator,49.0,1785952106.0130284,152,0.99,0.01,closed,0.852,85.2,0.4427,12.89,23.95,3.81,15.2,0.0317,2.0,507.1,0.0002,0.0163,0.2937,0.2472,4,174.38,242.35,292.11,45,0.0027,163.08,129,0.0317
live_ep_000027_CPU_SATURATION,CPU_SATURATION,order-service,python-simulator,49.5,1785952106.5133557,122,0.88,0.12,closed,0.8609,86.09,0.3553,11.34,13.59,3.11,5.38,0.0493,3.36,493.0,0.0046,0.0193,0.2211,0.2727,3,200.05,213.57,314.3,49,0.0561,201.42,138,0.051
live_ep_000027_CPU_SATURATION,CPU_SATURATION,order-service,python-simulator,50.0,1785952107.0136874,88,0.9505,0.0495,closed,0.8665,86.65,0.1706,11.09,26.38,6.66,5.13,0.0473,2.0,490.5,0.0027,0.0168,0.2474,0.2382,1,184.27,247.84,282.13,49,0.1,220.61,131,0.0336
live_ep_000027_CPU_SATURATION,CPU_SATURATION,order-service,python-simulator,50.5,1785952107.5140781,161,0.88,0.12,closed,0.8845,88.45,0.282,12.81,26.78,4.77,3.61,0.0501,2.0,512.6,0.0126,0.0188,0.2778,0.2374,1,191.34,193.37,336.67,52,0.0889,196.72,138,0.0409
live_ep_000027_CPU_SATURATION,CPU_SATURATION,order-service,python-simulator,51.0,1785952108.0143766,83,0.9071,0.0929,closed,0.8835,88.35,0.384,24.02,9.45,4.0,4.51,0.0475,4.2,496.6,0.0,0.0237,0.1977,0.2498,0,205.2,228.93,313.57,44,0.0019,159.54,144,0.0381
live_ep_000027_CPU_SATURATION,CPU_SATURATION,order-service,python-simulator,51.5,1785952108.5147054,106,0.9232,0.0768,closed,0.9934,99.34,0.4152,10.43,15.9,3.36,4.53,0.0698,3.01,501.4,0.0044,0.0317,0.4209,0.1953,1,225.98,312.21,451.64,63,0.0643,192.05,151,0.0624
live_ep_000027_CPU_SATURATION,CPU_SATURATION,order-service,python-simulator,52.0,1785952109.0147624,126,0.9598,0.0402,closed,0.8534,85.34,0.3919,9.03,14.92,9.95,11.68,0.0411,15.96,450.8,0.0011,0.0155,0.2298,0.2856,2,186.92,274.6,307.48,57,0.0066,201.51,134,0.0553
live_ep_000027_CPU_SATURATION,CPU_SATURATION,order-service,python-simulator,52.5,1785952109.5152068,70,0.99,0.01,closed,0.8322,83.22,0.294,15.14,23.69,8.55,11.65,0.0304,60.0,528.3,0.0011,0.0204,0.3427,0.2147,0,178.99,245.42,278.74,57,0.0059,171.49,126,0.033
live_ep_000027_CPU_SATURATION,CPU_SATURATION,order-service,python-simulator,53.0,1785952110.0153096,84,0.9431,0.0569,closed,0.8303,83.03,0.3042,19.39,20.36,3.29,5.66,0.0382,4.91,505.2,0.0076,0.014,0.2081,0.2195,0,177.76,354.14,372.48,47,0.0138,178.45,132,0.0367
live_ep_000027_CPU_SATURATION,CPU_SATURATION,order-service,python-simulator,53.5,1785952110.5155194,163,0.9689,0.0311,closed,0.9096,90.96,0.4642,23.24,18.43,4.9,6.1,0.0491,2.1,510.1,0.0034,0.0228,0.3281,0.2071,3,201.39,246.45,361.97,58,0.0025,201.22,148,0.0435
live_ep_000027_CPU_SATURATION,CPU_SATURATION,order-service,python-simulator,54.0,1785952111.0158353,116,0.9162,0.0838,closed,0.9495,94.95,0.1641,18.01,18.81,3.87,7.74,0.0602,20.8,545.4,0.0012,0.0321,0.2634,0.253,1,209.08,220.44,335.55,50,0.1,214.0,148,0.0511
live_ep_000027_CPU_SATURATION,CPU_SATURATION,order-service,python-simulator,54.5,1785952111.5163522,77,0.9814,0.0186,closed,0.8979,89.79,0.4985,11.16,18.61,5.81,6.65,0.0514,32.73,526.4,0.0013,0.0203,0.3563,0.2592,2,191.17,262.29,336.14,51,0.0,178.8,135,0.0514
live_ep_000027_CPU_SATURATION,CPU_SATURATION,order-service,python-simulator,55.0,1785952112.0166044,84,0.9513,0.0487,closed,0.8767,87.67,0.2263,9.36,12.4,5.95,9.23,0.0395,11.89,530.7,0.0025,0.0222,0.2363,0.3035,4,188.84,280.52,318.16,53,0.0004,205.31,144,0.0358
live_ep_000027_CPU_SATURATION,CPU_SATURATION,order-service,python-simulator,55.5,1785952112.5168877,118,0.9733,0.0267,closed,0.8524,85.24,0.3103,12.69,23.33,6.01,3.87,0.0363,56.16,519.6,0.0001,0.0155,0.3283,0.2502,4,190.5,198.83,315.8,52,0.0393,202.88,139,0.0359
live_ep_000027_CPU_SATURATION,CPU_SATURATION,order-service,python-simulator,56.0,1785952113.017219,126,0.9581,0.0419,closed,0.841,84.1,0.3282,14.12,30.04,2.69,16.28,0.0382,2.0,491.1,0.0097,0.0152,0.1847,0.2437,0,197.14,327.17,328.75,61,0.0202,210.64,132,0.0311
live_ep_000027_CPU_SATURATION,CPU_SATURATION,order-service,python-simulator,56.5,1785952113.5178552,80,0.9651,0.0349,closed,0.8501,85.01,0.3563,25.48,23.24,1.89,10.02,0.0362,36.69,510.9,0.0013,0.0151,0.1187,0.2247,0,197.29,207.99,304.24,54,0.0226,161.14,137,0.0304
live_ep_000027_CPU_SATURATION,CPU_SATURATION,order-service,python-simulator,57.0,1785952114.0180662,64,0.99,0.01,closed,0.8394,83.94,0.3792,30.29,15.93,6.63,2.62,0.0369,28.42,560.1,0.0059,0.0186,0.3067,0.2772,1,201.15,321.03,369.24,50,0.0176,207.66,128,0.0313
live_ep_000027_CPU_SATURATION,CPU_SATURATION,order-service,python-simulator,57.5,1785952114.5182316,69,0.9897,0.0103,closed,0.8914,89.14,0.3042,10.38,16.84,3.48,11.03,0.045,2.0,528.1,0.0051,0.0222,0.1546,0.2511,1,192.68,212.23,457.1,44,0.0694,209.14,145,0.0502
live_ep_000027_CPU_SATURATION,CPU_SATURATION,order-service,python-simulator,58.0,1785952115.0183978,147,0.8823,0.1177,closed,0.8879,88.79,0.2576,23.19,17.91,3.75,3.96,0.042,2.0,491.0,0.0001,0.0208,0.2254,0.2408,1,200.62,248.43,351.75,56,0.0077,161.2,141,0.0394
live_ep_000027_CPU_SATURATION,CPU_SATURATION,order-service,python-simulator,58.5,1785952115.5188835,160,0.99,0.01,closed,0.8847,88.47,0.4368,12.89,16.26,4.12,11.56,0.053,28.7,520.5,0.0034,0.0213,0.2919,0.203,4,194.62,210.14,326.42,49,0.0158,216.33,137,0.0375
live_ep_000027_CPU_SATURATION,CPU_SATURATION,order-service,python-simulator,59.0,1785952116.0194376,142,0.99,0.01,closed,0.9281,92.81,0.2599,11.11,14.02,1.72,5.12,0.0598,15.34,498.0,0.0001,0.0247,0.1817,0.1797,3,212.69,381.91,410.68,46,0.1,218.31,139,0.048
live_ep_000027_CPU_SATURATION,CPU_SATURATION,order-service,python-simulator,59.5,1785952116.522621,136,0.9585,0.0415,closed,0.8874,88.74,0.215,11.35,19.55,8.27,6.22,0.0472,24.67,561.3,0.0052,0.0237,0.2112,0.2959,4,202.5,296.63,370.14,52,0.0152,197.9,138,0.0497
live_ep_000028_CPU_SATURATION,CPU_SATURATION,payment-service,python-simulator,0.0,1785952117.0349967,42,0.99,0.01,closed,0.3875,38.75,0.4293,2.35,18.98,3.77,7.05,0.0139,9.17,526.1,0.0,0.0002,0.2852,0.2654,4,99.04,99.59,117.24,0,0.0044,175.76,4,0.0058
live_ep_000028_CPU_SATURATION,CPU_SATURATION,payment-service,python-simulator,0.5,1785952117.5369005,75,0.9042,0.0958,closed,0.3364,33.64,0.4646,6.36,22.16,7.68,6.71,0.0033,14.8,473.7,0.0053,0.0032,0.2447,0.2186,1,88.79,95.76,105.97,13,0.0589,182.36,6,0.004
live_ep_000028_CPU_SATURATION,CPU_SATURATION,payment-service,python-simulator,1.0,1785952118.0373716,34,0.88,0.12,closed,0.382,38.2,0.1923,7.19,34.68,2.78,6.14,0.0144,4.69,522.7,0.003,0.0056,0.2823,0.2599,2,77.85,85.76,113.03,17,0.0036,179.11,5,0.0015
live_ep_000028_CPU_SATURATION,CPU_SATURATION,payment-service,python-simulator,1.5,1785952118.5380998,36,0.946,0.054,closed,0.3637,36.37,0.3808,3.89,13.58,3.9,4.94,0.0148,7.04,472.3,0.0099,0.0032,0.1693,0.2164,2,85.54,91.1,115.98,14,0.0484,180.76,2,0.0052
live_ep_000028_CPU_SATURATION,CPU_SATURATION,payment-service,python-simulator,2.0,1785952119.0382943,23,0.979,0.021,closed,0.2519,25.19,0.3929,10.5,18.87,5.11,3.86,0.0087,5.19,490.5,0.0038,0.0099,0.1934,0.2207,0,93.45,115.73,116.93,2,0.0148,190.77,6,0.0046
live_ep_000028_CPU_SATURATION,CPU_SATURATION,payment-service,python-simulator,2.5,1785952119.538414,80,0.9404,0.0596,closed,0.296,29.6,0.282,5.74,10.08,7.39,3.98,0.0119,27.55,464.0,0.0025,0.0019,0.3173,0.2205,4,84.2,100.17,116.84,0,0.0412,204.82,13,0.0041
live_ep_000028_CPU_SATURATION,CPU_SATURATION,payment-service,python-simulator,3.0,1785952120.0385654,86,0.8834,0.1166,closed,0.4298,42.98,0.3754,4.82,24.15,3.41,7.19,0.0104,5.94,553.6,0.0072,0.0017,0.3268,0.2477,0,98.13,117.45,125.97,7,0.0162,204.08,11,0.0003
live_ep_000028_CPU_SATURATION,CPU_SATURATION,payment-service,python-simulator,3.5,1785952120.5389552,98,0.99,0.01,closed,0.32,32.0,0.4623,7.63,12.57,2.14,4.86,0.02,34.77,538.4,0.0067,0.0,0.1603,0.2614,2,87.3,108.91,131.31,15,0.0555,186.05,2,0.0082
live_ep_000028_CPU_SATURATION,CPU_SATURATION,payment-service,python-simulator,4.0,1785952121.0392244,116,0.9862,0.0138,closed,0.3807,38.07,0.4261,1.98,29.22,4.27,6.49,0.0092,12.65,506.1,0.0072,0.0006,0.1392,0.2588,4,78.39,101.17,111.65,10,0.0703,213.19,12,0.0125
live_ep_000028_CPU_SATURATION,CPU_SATURATION,payment-service,python-simulator,4.5,1785952121.5393202,96,0.9812,0.0188,closed,0.2867,28.67,0.3907,8.52,20.75,3.01,3.76,0.0073,8.32,523.3,0.0011,0.0003,0.2986,0.1994,0,79.65,107.3,115.88,19,0.0654,199.87,4,0.0019
live_ep_000028_CPU_SATURATION,CPU_SATURATION,payment-service,python-simulator,5.0,1785952122.039765,45,0.9845,0.0155,closed,0.3891,38.91,0.3063,14.56,25.04,5.07,8.08,0.0023,2.0,482.3,0.0026,0.0068,0.2786,0.2374,4,82.93,132.43,154.41,6,0.0111,187.57,8,0.0059
live_ep_000028_CPU_SATURATION,CPU_SATURATION,payment-service,python-simulator,5.5,1785952122.5398173,77,0.9639,0.0361,closed,0.3475,34.75,0.4495,2.9,22.94,3.64,4.65,0.0178,4.4,493.3,0.0072,0.0019,0.2757,0.2247,3,90.68,100.95,131.54,6,0.0454,180.39,14,0.0031
live_ep_000028_CPU_SATURATION,CPU_SATURATION,payment-service,python-simulator,6.0,1785952123.0398989,95,0.99,0.01,closed,0.3356,33.56,0.442,1.34,18.67,4.97,6.6,0.0165,2.0,515.6,0.0091,0.0004,0.2195,0.2294,0,84.95,104.18,136.11,19,0.003,199.54,5,0.0002
live_ep_000028_CPU_SATURATION,CPU_SATURATION,payment-service,python-simulator,6.5,1785952123.5403852,153,0.9486,0.0514,closed,0.8638,86.38,0.3796,9.14,20.92,5.13,5.53,0.0357,4.8,525.8,0.0019,0.0169,0.3322,0.2326,1,200.07,252.72,331.53,54,0.0326,181.06,135,0.0334
live_ep_000028_CPU_SATURATION,CPU_SATURATION,payment-service,python-simulator,7.0,1785952124.040928,134,0.9786,0.0214,closed,0.9189,91.89,0.3086,9.69,32.12,3.91,13.28,0.0498,6.17,490.5,0.0033,0.0225,0.2118,0.2273,3,208.55,286.16,370.86,45,0.0542,204.46,146,0.0491
live_ep_000028_CPU_SATURATION,CPU_SATURATION,payment-service,python-simulator,7.5,1785952124.5410974,114,0.9093,0.0907,closed,0.8479,84.79,0.4037,15.92,19.85,6.47,6.34,0.0329,60.0,496.9,0.0007,0.016,0.2638,0.201,0,177.62,341.52,383.24,59,0.032,196.36,130,0.0339
live_ep_000028_CPU_SATURATION,CPU_SATURATION,payment-service,python-simulator,8.0,1785952125.041297,138,0.9809,0.0191,closed,0.8475,84.75,0.2992,14.17,18.91,2.28,4.02,0.0434,3.29,512.2,0.0078,0.0161,0.2333,0.2289,1,183.92,211.7,231.29,47,0.0298,194.16,138,0.0309
live_ep_000028_CPU_SATURATION,CPU_SATURATION,payment-service,python-simulator,8.5,1785952125.541604,140,0.9491,0.0509,closed,0.7588,75.88,0.2859,11.91,16.65,6.98,6.88,0.0299,7.8,510.6,0.0023,0.0111,0.3075,0.2921,2,155.5,207.37,267.01,38,0.0021,211.79,118,0.0167
live_ep_000028_CPU_SATURATION,CPU_SATURATION,payment-service,python-simulator,9.0,1785952126.0445533,80,0.9764,0.0236,closed,0.913,91.3,0.4271,10.66,23.84,6.53,6.46,0.0536,2.0,499.6,0.0065,0.0222,0.1739,0.2807,0,200.14,285.11,420.07,47,0.0675,179.53,144,0.0481
live_ep_000028_CPU_SATURATION,CPU_SATURATION,payment-service,python-simulator,9.5,1785952126.545079,132,0.9749,0.0251,closed,0.886,88.6,0.3563,12.07,25.18,4.2,10.84,0.0441,15.59,508.7,0.0005,0.019,0.3489,0.2436,1,189.94,299.15,356.03,51,0.0089,191.54,135,0.0373
live_ep_000028_CPU_SATURATION,CPU_SATURATION,payment-service,python-simulator,10.0,1785952127.0455155,146,0.88,0.12,closed,0.8265,82.65,0.4546,9.44,20.36,3.58,4.63,0.037,11.22,507.4,0.0014,0.0187,0.1372,0.231,3,190.92,282.27,295.52,55,0.0038,202.88,128,0.0753
live_ep_000028_CPU_SATURATION,CPU_SATURATION,payment-service,python-simulator,10.5,1785952127.5460415,149,0.9755,0.0245,closed,0.909,90.9,0.2297,10.42,10.9,3.45,3.73,0.0502,2.0,503.6,0.0013,0.021,0.2722,0.2617,2,201.68,382.82,477.47,56,0.0129,185.46,140,0.0491
live_ep_000028_CPU_SATURATION,CPU_SATURATION,payment-service,python-simulator,11.0,1785952128.0465329,149,0.9588,0.0412,closed,0.8429,84.29,0.2247,24.49,19.13,2.99,13.9,0.0344,6.82,489.7,0.0001,0.0146,0.3131,0.2389,0,182.35,184.82,331.75,60,0.0036,206.8,133,0.0363
live_ep_000028_CPU_SATURATION,CPU_SATURATION,payment-service,python-simulator,11.5,1785952128.5469782,87,0.9251,0.0749,closed,0.8016,80.16,0.4456,8.85,26.03,5.08,4.09,0.0362,28.02,535.3,0.0027,0.0121,0.1805,0.2384,3,172.31,291.48,292.75,47,0.0651,162.83,122,0.0227
live_ep_000028_CPU_SATURATION,CPU_SATURATION,payment-service,python-simulator,12.0,1785952129.0473933,79,0.9205,0.0795,closed,0.8821,88.21,0.3825,11.82,29.02,3.64,8.32,0.0432,4.38,527.1,0.0062,0.0188,0.3026,0.2715,4,190.24,262.72,368.91,45,0.014,198.23,141,0.0402
live_ep_000028_CPU_SATURATION,CPU_SATURATION,payment-service,python-simulator,12.5,1785952129.5477643,106,0.9126,0.0874,closed,0.8774,87.74,0.3256,26.55,17.6,6.67,7.74,0.0552,2.0,485.3,0.0038,0.0179,0.209,0.2196,4,203.77,233.13,303.46,52,0.0224,225.75,133,0.0409
live_ep_000028_CPU_SATURATION,CPU_SATURATION,payment-service,python-simulator,13.0,1785952130.0478404,91,0.9363,0.0637,closed,0.9151,91.51,0.3991,14.64,17.45,4.5,6.19,0.0464,7.96,505.0,0.0054,0.0276,0.3104,0.207,4,202.91,244.68,312.22,46,0.0457,209.4,147,0.0456
live_ep_000028_CPU_SATURATION,CPU_SATURATION,payment-service,python-simulator,13.5,1785952130.5479286,93,0.88,0.12,closed,0.8922,89.22,0.3058,9.93,21.14,4.53,5.46,0.0456,9.73,516.9,0.0046,0.0199,0.1729,0.2511,4,199.65,328.66,350.98,51,0.0002,177.35,145,0.0422
live_ep_000028_CPU_SATURATION,CPU_SATURATION,payment-service,python-simulator,14.0,1785952131.048149,85,0.9873,0.0127,closed,0.8978,89.78,0.1974,9.48,29.83,3.6,6.31,0.0441,24.57,503.2,0.0036,0.0204,0.2858,0.2495,0,204.73,335.42,352.29,46,0.0304,171.73,138,0.0415
live_ep_000028_CPU_SATURATION,CPU_SATURATION,payment-service,python-simulator,14.5,1785952131.548342,140,0.9701,0.0299,closed,0.8264,82.64,0.1687,10.41,32.48,3.68,12.65,0.0542,17.09,488.0,0.0004,0.0151,0.1422,0.245,3,163.77,257.33,348.56,44,0.1,183.95,135,0.0292
live_ep_000028_CPU_SATURATION,CPU_SATURATION,payment-service,python-simulator,15.0,1785952132.0488076,138,0.9362,0.0638,closed,0.8746,87.46,0.4694,9.59,14.98,6.55,9.31,0.0384,11.12,509.4,0.004,0.0184,0.2137,0.2871,3,185.86,275.46,350.17,43,0.0888,226.6,140,0.0498
live_ep_000028_CPU_SATURATION,CPU_SATURATION,payment-service,python-simulator,15.5,1785952132.549591,160,0.9839,0.0161,closed,0.8851,88.51,0.3137,10.56,12.59,3.94,8.58,0.0452,46.53,502.2,0.0106,0.0187,0.2385,0.2319,3,195.56,282.41,353.89,59,0.0093,209.3,136,0.0419
live_ep_000028_CPU_SATURATION,CPU_SATURATION,payment-service,python-simulator,16.0,1785952133.050273,143,0.9349,0.0651,closed,0.8139,81.39,0.4679,21.06,19.4,2.58,3.92,0.0362,5.75,511.6,0.0185,0.0116,0.2994,0.2225,3,181.76,260.79,310.92,44,0.0997,159.72,125,0.0273
live_ep_000028_CPU_SATURATION,CPU_SATURATION,payment-service,python-simulator,16.5,1785952133.5506816,108,0.9473,0.0527,closed,0.8277,82.77,0.2967,16.92,26.6,2.77,3.46,0.0397,16.43,549.1,0.0091,0.0162,0.2017,0.2535,3,188.9,212.68,322.46,46,0.0034,217.81,126,0.0281
live_ep_000028_CPU_SATURATION,CPU_SATURATION,payment-service,python-simulator,17.0,1785952134.0511699,116,0.98,0.02,closed,0.8209,82.09,0.3014,13.06,15.41,3.18,4.69,0.03,7.38,515.8,0.0044,0.0215,0.2961,0.246,3,181.15,345.9,352.54,54,0.0495,192.65,130,0.0255
live_ep_000028_CPU_SATURATION,CPU_SATURATION,payment-service,python-simulator,17.5,1785952134.5516005,77,0.9747,0.0253,closed,0.8809,88.09,0.2347,22.64,29.44,7.56,7.73,0.0474,11.75,522.2,0.0006,0.0211,0.2736,0.2309,4,192.37,275.36,345.4,52,0.0029,181.17,144,0.0446
live_ep_000028_CPU_SATURATION,CPU_SATURATION,payment-service,python-simulator,18.0,1785952135.0519,121,0.9292,0.0708,closed,0.8817,88.17,0.2878,10.12,19.77,4.73,10.25,0.042,21.2,502.6,0.0025,0.0183,0.2806,0.2135,1,197.51,212.17,317.04,60,0.0547,187.67,132,0.0503
live_ep_000028_CPU_SATURATION,CPU_SATURATION,payment-service,python-simulator,18.5,1785952135.557561,131,0.9722,0.0278,closed,0.8613,86.13,0.3891,10.2,20.62,5.14,3.94,0.036,33.89,505.3,0.0004,0.0167,0.0953,0.2769,3,184.93,270.86,310.82,53,0.0163,227.95,132,0.0479
live_ep_000028_CPU_SATURATION,CPU_SATURATION,payment-service,python-simulator,19.0,1785952136.0581565,130,0.99,0.01,closed,0.8896,88.96,0.3664,11.28,12.81,3.93,6.49,0.0382,34.95,499.8,0.0043,0.0206,0.1646,0.3116,2,193.41,230.79,328.98,56,0.0494,226.67,133,0.0404
live_ep_000028_CPU_SATURATION,CPU_SATURATION,payment-service,python-simulator,19.5,1785952136.5583348,125,0.99,0.01,closed,0.8246,82.46,0.2727,15.01,23.37,3.36,3.21,0.0341,7.31,497.5,0.0161,0.0149,0.3046,0.2258,1,187.31,196.75,249.36,41,0.0059,194.08,133,0.0271
live_ep_000028_CPU_SATURATION,CPU_SATURATION,payment-service,python-simulator,20.0,1785952137.0586188,130,0.99,0.01,closed,0.896,89.6,0.4287,9.46,20.09,4.32,7.73,0.0434,3.39,507.4,0.0053,0.0212,0.3255,0.2662,1,188.19,275.34,376.34,53,0.0942,217.8,142,0.0431
live_ep_000028_CPU_SATURATION,CPU_SATURATION,payment-service,python-simulator,20.5,1785952137.558835,98,0.88,0.12,closed,0.97,97.0,0.463,12.76,27.55,4.19,5.78,0.0648,7.37,502.3,0.0044,0.0318,0.2774,0.2559,0,218.66,225.72,409.03,54,0.0072,148.96,146,0.0564
live_ep_000028_CPU_SATURATION,CPU_SATURATION,payment-service,python-simulator,21.0,1785952138.0592644,67,0.9717,0.0283,closed,0.7916,79.16,0.4166,14.76,15.65,4.91,5.62,0.034,16.39,501.0,0.0089,0.0115,0.3611,0.3055,1,181.84,188.31,265.97,46,0.0359,195.27,129,0.0301
live_ep_000028_CPU_SATURATION,CPU_SATURATION,payment-service,python-simulator,21.5,1785952138.5598605,99,0.88,0.12,closed,0.8656,86.56,0.3812,10.05,18.48,4.78,8.14,0.0353,15.44,523.4,0.0111,0.0184,0.3331,0.2661,3,190.41,204.21,308.26,57,0.0283,192.23,129,0.0434
live_ep_000028_CPU_SATURATION,CPU_SATURATION,payment-service,python-simulator,22.0,1785952139.0602777,102,0.9672,0.0328,closed,0.9339,93.39,0.3705,10.74,15.76,3.11,7.93,0.0504,8.59,489.8,0.0027,0.0285,0.2072,0.2449,0,204.56,208.23,374.6,57,0.0029,203.74,144,0.0658
live_ep_000028_CPU_SATURATION,CPU_SATURATION,payment-service,python-simulator,22.5,1785952139.560643,160,0.9744,0.0256,closed,0.8704,87.04,0.4245,13.95,13.2,7.27,3.86,0.0422,12.18,514.5,0.0025,0.0206,0.1842,0.2201,2,202.9,358.36,376.19,51,0.0633,239.89,144,0.0348
live_ep_000028_CPU_SATURATION,CPU_SATURATION,payment-service,python-simulator,23.0,1785952140.0609033,126,0.947,0.053,closed,0.8829,88.29,0.3625,19.1,17.95,8.27,11.27,0.04,4.87,513.2,0.0119,0.0185,0.3445,0.2192,1,200.33,320.37,328.87,62,0.0404,221.9,139,0.0425
live_ep_000028_CPU_SATURATION,CPU_SATURATION,payment-service,python-simulator,23.5,1785952140.5609744,154,0.88,0.12,closed,0.8938,89.38,0.3983,11.0,23.51,3.11,5.06,0.0409,6.02,496.0,0.0102,0.0197,0.2677,0.219,1,202.63,349.24,374.34,46,0.0378,186.32,134,0.0404
live_ep_000028_CPU_SATURATION,CPU_SATURATION,payment-service,python-simulator,24.0,1785952141.0612516,105,0.9679,0.0321,closed,0.8803,88.03,0.4369,11.69,31.54,4.56,2.78,0.047,12.06,475.5,0.0013,0.0218,0.2531,0.213,3,178.96,256.88,312.31,54,0.0206,178.64,141,0.0401
live_ep_000028_CPU_SATURATION,CPU_SATURATION,payment-service,python-simulator,24.5,1785952141.5618672,65,0.99,0.01,closed,0.9025,90.25,0.6295,9.52,15.66,10.76,2.06,0.0544,2.0,507.3,0.016,0.0212,0.3029,0.2693,2,210.34,341.88,360.08,53,0.0799,198.99,146,0.0442
live_ep_000028_CPU_SATURATION,CPU_SATURATION,payment-service,python-simulator,25.0,1785952142.0622036,138,0.8984,0.1016,closed,0.9011,90.11,0.2564,19.59,11.25,4.46,6.71,0.0623,2.23,541.7,0.0069,0.0207,0.1632,0.2589,4,207.09,260.71,338.84,50,0.0126,192.29,144,0.0495
live_ep_000028_CPU_SATURATION,CPU_SATURATION,payment-service,python-simulator,25.5,1785952142.562358,80,0.899,0.101,closed,0.8892,88.92,0.3926,15.08,19.3,3.19,10.88,0.0605,10.47,501.2,0.0214,0.0207,0.321,0.284,4,197.61,284.41,325.12,44,0.0016,228.29,144,0.0428
live_ep_000028_CPU_SATURATION,CPU_SATURATION,payment-service,python-simulator,26.0,1785952143.0626435,65,0.99,0.01,closed,0.8607,86.07,0.22,10.11,22.35,3.19,10.46,0.0477,16.11,482.8,0.0152,0.0164,0.1766,0.2319,2,201.57,249.37,278.31,46,0.0477,218.59,137,0.0416
live_ep_000028_CPU_SATURATION,CPU_SATURATION,payment-service,python-simulator,26.5,1785952143.5630598,101,0.9797,0.0203,closed,0.9246,92.46,0.4327,13.01,20.08,3.11,10.56,0.0496,24.85,507.9,0.0044,0.0228,0.1957,0.244,4,200.49,308.27,380.59,47,0.0036,210.2,150,0.0522
live_ep_000028_CPU_SATURATION,CPU_SATURATION,payment-service,python-simulator,27.0,1785952144.0633194,136,0.9748,0.0252,closed,0.9084,90.84,0.3364,12.15,22.06,7.03,4.48,0.0847,24.38,502.3,0.0001,0.0211,0.3363,0.2594,0,196.48,250.18,362.56,52,0.0347,217.37,147,0.0438
live_ep_000028_CPU_SATURATION,CPU_SATURATION,payment-service,python-simulator,27.5,1785952144.5635257,156,0.88,0.12,closed,0.9219,92.19,0.4053,9.72,18.61,5.39,6.04,0.0616,47.91,550.1,0.0062,0.0228,0.3143,0.304,1,197.38,303.84,366.75,64,0.0455,153.36,150,0.0559
live_ep_000028_CPU_SATURATION,CPU_SATURATION,payment-service,python-simulator,28.0,1785952145.0637496,149,0.99,0.01,closed,0.8933,89.33,0.2037,9.43,40.45,2.13,4.66,0.0418,17.37,504.0,0.0118,0.0199,0.1467,0.3067,3,200.96,296.32,377.88,60,0.0437,176.12,135,0.0391
live_ep_000028_CPU_SATURATION,CPU_SATURATION,payment-service,python-simulator,28.5,1785952145.5655541,108,0.901,0.099,closed,0.852,85.2,0.2064,17.81,16.12,7.0,8.11,0.0467,19.88,497.4,0.0095,0.0168,0.2692,0.2069,1,211.17,220.1,284.32,58,0.1,226.68,137,0.0321
live_ep_000028_CPU_SATURATION,CPU_SATURATION,payment-service,python-simulator,29.0,1785952146.066121,82,0.9635,0.0365,closed,0.8824,88.24,0.2648,23.44,22.38,6.61,5.68,0.0468,9.63,470.7,0.001,0.0211,0.2111,0.2812,3,186.29,329.62,331.16,59,0.0163,167.98,136,0.0594
live_ep_000028_CPU_SATURATION,CPU_SATURATION,payment-service,python-simulator,29.5,1785952146.5680573,86,0.9281,0.0719,closed,0.9086,90.86,0.2953,20.7,17.97,5.63,7.83,0.0488,18.43,518.5,0.0015,0.0214,0.372,0.2551,4,199.53,223.08,329.68,59,0.0175,175.37,136,0.0459
live_ep_000028_CPU_SATURATION,CPU_SATURATION,payment-service,python-simulator,30.0,1785952147.0684738,154,0.9229,0.0771,closed,0.8859,88.59,0.4433,9.9,18.66,3.95,5.39,0.05,40.5,580.4,0.0026,0.0188,0.2851,0.3106,3,208.05,302.58,327.7,59,0.0275,218.51,133,0.0383
live_ep_000028_CPU_SATURATION,CPU_SATURATION,payment-service,python-simulator,30.5,1785952147.5686564,78,0.9839,0.0161,closed,0.8954,89.54,0.2292,21.21,17.85,3.75,3.97,0.0604,8.63,494.2,0.0001,0.0227,0.2707,0.2386,0,195.74,305.29,378.76,55,0.0466,175.54,145,0.0473
live_ep_000028_CPU_SATURATION,CPU_SATURATION,payment-service,python-simulator,31.0,1785952148.0691051,104,0.9211,0.0789,closed,0.8751,87.51,0.3897,10.43,15.5,4.38,5.04,0.0385,39.92,549.0,0.0065,0.0194,0.1879,0.3004,4,189.45,220.0,320.17,43,0.1,188.56,137,0.0444
live_ep_000028_CPU_SATURATION,CPU_SATURATION,payment-service,python-simulator,31.5,1785952148.5696282,155,0.9878,0.0122,closed,0.8629,86.29,0.5056,10.41,29.95,11.07,8.85,0.0491,31.57,513.9,0.0056,0.0177,0.2226,0.2608,0,202.5,277.54,294.69,46,0.0532,169.65,135,0.0331
live_ep_000028_CPU_SATURATION,CPU_SATURATION,payment-service,python-simulator,32.0,1785952149.0701015,99,0.8881,0.1119,closed,0.8691,86.91,0.3059,11.73,26.6,4.92,14.68,0.0418,20.47,539.0,0.0051,0.0183,0.246,0.2327,4,196.07,242.86,294.96,46,0.0287,177.91,134,0.0343
live_ep_000028_CPU_SATURATION,CPU_SATURATION,payment-service,python-simulator,32.5,1785952149.5703807,92,0.88,0.12,closed,0.8929,89.29,0.423,11.87,24.12,3.64,5.51,0.0479,3.18,543.5,0.0016,0.0201,0.2768,0.2609,3,203.02,320.91,387.01,56,0.0133,227.76,139,0.0408
live_ep_000028_CPU_SATURATION,CPU_SATURATION,payment-service,python-simulator,33.0,1785952150.070717,119,0.9756,0.0244,closed,0.8657,86.57,0.3899,15.33,21.43,2.38,5.6,0.0415,16.22,525.7,0.0043,0.0188,0.2075,0.2843,2,183.02,244.3,392.16,53,0.0165,208.62,132,0.0334
live_ep_000028_CPU_SATURATION,CPU_SATURATION,payment-service,python-simulator,33.5,1785952150.571025,65,0.99,0.01,closed,0.8066,80.66,0.3892,8.99,16.54,5.49,16.4,0.0331,29.31,548.0,0.0043,0.0119,0.2421,0.2412,0,189.61,213.09,270.44,42,0.0193,223.15,123,0.0329
live_ep_000028_CPU_SATURATION,CPU_SATURATION,payment-service,python-simulator,34.0,1785952151.071485,121,0.9051,0.0949,closed,0.92,92.0,0.5092,11.02,17.34,2.81,4.18,0.0488,2.0,505.6,0.0073,0.023,0.1598,0.2293,0,201.84,327.41,392.08,61,0.0329,180.58,140,0.0462
live_ep_000028_CPU_SATURATION,CPU_SATURATION,payment-service,python-simulator,34.5,1785952151.57174,139,0.8925,0.1075,closed,0.8863,88.63,0.3265,13.24,14.91,6.99,5.14,0.0427,23.4,513.4,0.008,0.0221,0.3533,0.258,0,184.19,380.77,404.51,56,0.0295,192.54,134,0.0393
live_ep_000028_CPU_SATURATION,CPU_SATURATION,payment-service,python-simulator,35.0,1785952152.0720732,161,0.9851,0.0149,closed,0.8513,85.13,0.431,13.98,18.29,4.08,3.29,0.036,2.0,529.2,0.0004,0.0163,0.2884,0.2821,3,175.19,309.84,389.3,57,0.0206,195.02,127,0.0497
live_ep_000028_CPU_SATURATION,CPU_SATURATION,payment-service,python-simulator,35.5,1785952152.572533,84,0.9665,0.0335,closed,0.8859,88.59,0.3066,12.11,22.24,10.91,6.1,0.0486,13.94,508.2,0.0016,0.0198,0.3333,0.2683,0,200.74,367.15,373.14,47,0.0184,167.56,144,0.0428
live_ep_000028_CPU_SATURATION,CPU_SATURATION,payment-service,python-simulator,36.0,1785952153.0729842,157,0.99,0.01,closed,0.8291,82.91,0.2929,11.62,23.72,2.12,2.53,0.0309,15.0,510.9,0.0083,0.0153,0.2851,0.2097,2,181.82,208.94,291.78,47,0.0243,158.17,131,0.0286
live_ep_000028_CPU_SATURATION,CPU_SATURATION,payment-service,python-simulator,36.5,1785952153.573375,102,0.982,0.018,closed,0.8397,83.97,0.2858,9.22,20.44,3.83,5.54,0.038,13.99,509.3,0.001,0.0222,0.368,0.2502,4,186.07,311.44,321.59,60,0.1,211.2,131,0.0321
live_ep_000028_CPU_SATURATION,CPU_SATURATION,payment-service,python-simulator,37.0,1785952154.073864,138,0.88,0.12,closed,0.9171,91.71,0.3239,15.7,16.2,6.48,3.1,0.0465,20.19,522.4,0.0029,0.022,0.2132,0.2392,4,203.77,276.32,341.3,52,0.0265,210.8,141,0.045
live_ep_000028_CPU_SATURATION,CPU_SATURATION,payment-service,python-simulator,37.5,1785952154.5741234,143,0.9672,0.0328,closed,0.8451,84.51,0.4149,12.01,16.17,4.46,3.84,0.0431,5.44,538.6,0.0088,0.0176,0.2374,0.2374,0,185.16,222.52,348.29,50,0.0125,196.57,128,0.0313
live_ep_000028_CPU_SATURATION,CPU_SATURATION,payment-service,python-simulator,38.0,1785952155.074577,79,0.9875,0.0125,closed,0.8676,86.76,0.3718,12.31,24.49,1.96,2.48,0.0401,11.27,510.7,0.0052,0.0212,0.2848,0.187,2,192.06,286.44,340.17,58,0.0292,209.67,134,0.0343
live_ep_000028_CPU_SATURATION,CPU_SATURATION,payment-service,python-simulator,38.5,1785952155.5755086,147,0.9163,0.0837,closed,0.885,88.5,0.3423,15.27,17.18,4.55,7.81,0.044,31.72,504.7,0.0218,0.0188,0.2432,0.2883,3,200.66,325.72,349.13,46,0.062,156.25,138,0.0453
live_ep_000028_CPU_SATURATION,CPU_SATURATION,payment-service,python-simulator,39.0,1785952156.076478,146,0.9833,0.0167,closed,0.8996,89.96,0.338,15.81,35.59,5.94,3.76,0.0467,2.0,489.1,0.0002,0.0209,0.2169,0.295,2,192.93,285.39,401.49,57,0.0201,211.25,137,0.0446
live_ep_000028_CPU_SATURATION,CPU_SATURATION,payment-service,python-simulator,39.5,1785952156.5769322,118,0.88,0.12,closed,0.8107,81.07,0.4611,9.83,33.25,3.59,14.34,0.0295,5.85,487.0,0.0101,0.0123,0.3079,0.2401,4,181.84,215.78,256.65,50,0.0005,162.43,131,0.0409
live_ep_000028_CPU_SATURATION,CPU_SATURATION,payment-service,python-simulator,40.0,1785952157.0770862,141,0.9431,0.0569,closed,0.9038,90.38,0.4033,14.05,23.36,6.68,11.37,0.0494,16.58,524.2,0.014,0.0207,0.2675,0.2242,3,184.23,269.6,297.58,61,0.1,236.3,143,0.0441
live_ep_000028_CPU_SATURATION,CPU_SATURATION,payment-service,python-simulator,40.5,1785952157.5775592,111,0.9623,0.0377,closed,0.8522,85.22,0.3641,34.04,16.13,2.97,3.6,0.0357,20.63,517.7,0.015,0.0159,0.1284,0.2679,3,190.18,227.44,252.87,52,0.0239,199.5,129,0.037
live_ep_000028_CPU_SATURATION,CPU_SATURATION,payment-service,python-simulator,41.0,1785952158.0779886,70,0.9664,0.0336,closed,0.9286,92.86,0.233,20.58,26.73,4.39,5.69,0.0502,2.0,520.4,0.0009,0.0229,0.25,0.2284,2,207.84,249.64,399.5,65,0.0022,225.22,144,0.0568
live_ep_000028_CPU_SATURATION,CPU_SATURATION,payment-service,python-simulator,41.5,1785952158.5785646,81,0.88,0.12,closed,0.8571,85.71,0.422,14.04,23.12,3.15,3.55,0.0474,27.78,498.3,0.0064,0.0159,0.2987,0.203,0,193.75,259.68,329.91,54,0.0306,180.72,138,0.0397
live_ep_000028_CPU_SATURATION,CPU_SATURATION,payment-service,python-simulator,42.0,1785952159.0786896,160,0.9799,0.0201,closed,0.8852,88.52,0.445,10.98,26.23,3.58,8.79,0.0471,9.73,533.6,0.0137,0.0194,0.2347,0.2088,0,199.23,249.96,297.88,49,0.0278,207.47,136,0.0398
live_ep_000028_CPU_SATURATION,CPU_SATURATION,payment-service,python-simulator,42.5,1785952159.5788906,125,0.99,0.01,closed,0.839,83.9,0.3215,11.51,13.2,10.56,10.27,0.0324,16.61,505.4,0.0076,0.0143,0.2298,0.1985,2,200.01,200.48,259.19,41,0.0801,185.68,129,0.0282
live_ep_000028_CPU_SATURATION,CPU_SATURATION,payment-service,python-simulator,43.0,1785952160.079115,160,0.88,0.12,closed,0.9434,94.34,0.4032,33.41,21.93,2.35,4.48,0.0656,60.0,513.7,0.0037,0.0261,0.273,0.248,2,207.83,342.52,386.6,64,0.1,184.95,152,0.0502
live_ep_000028_CPU_SATURATION,CPU_SATURATION,payment-service,python-simulator,43.5,1785952160.5793002,131,0.99,0.01,closed,0.9638,96.38,0.265,10.14,16.33,3.51,5.25,0.0651,9.83,511.5,0.0027,0.028,0.3048,0.2283,4,205.98,348.73,399.91,65,0.1,204.82,146,0.058
live_ep_000028_CPU_SATURATION,CPU_SATURATION,payment-service,python-simulator,44.0,1785952161.0795014,90,0.9356,0.0644,closed,0.8375,83.75,0.3204,10.23,18.16,6.4,10.98,0.0293,10.09,524.0,0.0015,0.018,0.223,0.2905,0,175.42,237.35,300.16,46,0.0001,209.97,130,0.0298
live_ep_000028_CPU_SATURATION,CPU_SATURATION,payment-service,python-simulator,44.5,1785952161.5796216,153,0.99,0.01,closed,0.944,94.4,0.4724,14.15,23.19,4.38,4.8,0.061,27.56,472.3,0.0112,0.0268,0.1956,0.2747,1,207.9,211.87,364.09,52,0.007,163.27,149,0.0502
live_ep_000028_CPU_SATURATION,CPU_SATURATION,payment-service,python-simulator,45.0,1785952162.0799758,113,0.9148,0.0852,closed,0.8512,85.12,0.4008,9.01,12.2,6.44,3.8,0.0502,2.0,530.0,0.0062,0.0161,0.0904,0.2919,4,181.56,260.8,290.34,46,0.0705,174.87,139,0.0425
live_ep_000028_CPU_SATURATION,CPU_SATURATION,payment-service,python-simulator,45.5,1785952162.5803182,145,0.99,0.01,closed,0.7769,77.69,0.2334,10.68,19.82,8.23,10.36,0.0167,9.55,518.1,0.0003,0.0117,0.2434,0.2525,2,173.42,192.41,309.85,46,0.0038,197.71,125,0.0156
live_ep_000028_CPU_SATURATION,CPU_SATURATION,payment-service,python-simulator,46.0,1785952163.080654,92,0.9806,0.0194,closed,0.9259,92.59,0.2995,12.54,31.98,2.99,5.86,0.0579,11.14,495.8,0.0021,0.0232,0.1972,0.3087,3,205.73,398.22,475.69,52,0.0108,213.7,150,0.0558
live_ep_000028_CPU_SATURATION,CPU_SATURATION,payment-service,python-simulator,46.5,1785952163.58086,128,0.88,0.12,closed,0.8736,87.36,0.3549,10.2,26.76,6.94,2.77,0.0585,28.4,490.7,0.0002,0.0182,0.1758,0.2115,0,183.64,216.39,313.18,43,0.1,208.36,133,0.0464
live_ep_000028_CPU_SATURATION,CPU_SATURATION,payment-service,python-simulator,47.0,1785952164.0810704,138,0.9816,0.0184,closed,0.8726,87.26,0.2143,11.1,14.75,3.43,10.11,0.0366,2.82,519.2,0.0008,0.0176,0.2325,0.2187,4,181.49,264.45,309.62,55,0.0572,192.31,139,0.0463
live_ep_000028_CPU_SATURATION,CPU_SATURATION,payment-service,python-simulator,47.5,1785952164.5813131,115,0.9551,0.0449,closed,0.8692,86.92,0.3201,13.96,11.6,5.05,3.3,0.0536,7.86,517.5,0.0032,0.0205,0.2883,0.2013,4,199.81,312.86,344.03,54,0.0125,205.2,133,0.0403
live_ep_000028_CPU_SATURATION,CPU_SATURATION,payment-service,python-simulator,48.0,1785952165.0816727,140,0.9463,0.0537,closed,0.8835,88.35,0.279,19.27,27.33,2.01,6.15,0.0443,27.67,471.8,0.0018,0.02,0.1804,0.2355,4,206.47,308.92,340.64,52,0.0262,175.15,146,0.0516
live_ep_000028_CPU_SATURATION,CPU_SATURATION,payment-service,python-simulator,48.5,1785952165.5819547,162,0.9287,0.0713,closed,0.9006,90.06,0.4683,12.94,15.36,4.8,6.99,0.0448,5.38,512.2,0.0026,0.0222,0.2797,0.2468,2,198.31,291.75,364.62,53,0.0424,208.89,141,0.0451
live_ep_000028_CPU_SATURATION,CPU_SATURATION,payment-service,python-simulator,49.0,1785952166.082468,94,0.99,0.01,closed,0.941,94.1,0.4582,28.25,15.94,3.91,5.0,0.0567,22.99,535.5,0.0026,0.0254,0.1752,0.255,4,210.48,274.31,376.59,51,0.0339,218.07,148,0.0551
live_ep_000028_CPU_SATURATION,CPU_SATURATION,payment-service,python-simulator,49.5,1785952166.582537,81,0.99,0.01,closed,0.9198,91.98,0.2895,10.69,24.71,2.83,4.26,0.0448,2.0,500.1,0.003,0.022,0.1591,0.245,2,202.13,205.71,369.35,49,0.003,201.85,137,0.0475
live_ep_000028_CPU_SATURATION,CPU_SATURATION,payment-service,python-simulator,50.0,1785952167.082742,153,0.979,0.021,closed,0.8515,85.15,0.2553,12.32,19.13,3.66,5.67,0.0404,29.18,509.9,0.0009,0.0161,0.3008,0.2771,3,188.53,199.4,284.18,54,0.0032,167.13,136,0.041
live_ep_000028_CPU_SATURATION,CPU_SATURATION,payment-service,python-simulator,50.5,1785952167.5849447,111,0.99,0.01,closed,0.8755,87.55,0.2295,25.17,20.25,11.77,4.4,0.0382,15.28,506.8,0.0005,0.0264,0.2787,0.2928,1,184.78,238.71,332.48,46,0.0042,162.7,140,0.0377
live_ep_000028_CPU_SATURATION,CPU_SATURATION,payment-service,python-simulator,51.0,1785952168.0852447,116,0.9313,0.0687,closed,0.908,90.8,0.4282,33.44,19.66,5.53,8.12,0.0438,10.35,506.0,0.0038,0.0221,0.264,0.2858,4,204.19,328.29,383.65,57,0.0319,203.36,147,0.0422
live_ep_000028_CPU_SATURATION,CPU_SATURATION,payment-service,python-simulator,51.5,1785952168.5858028,62,0.9504,0.0496,closed,0.8512,85.12,0.2618,9.14,10.56,3.53,2.71,0.0379,27.28,478.8,0.0006,0.0196,0.1274,0.2781,0,186.69,214.11,336.32,52,0.0289,219.97,139,0.0305
live_ep_000028_CPU_SATURATION,CPU_SATURATION,payment-service,python-simulator,52.0,1785952169.0871117,103,0.9525,0.0475,closed,0.8514,85.14,0.3614,10.75,20.73,7.27,7.04,0.0327,13.53,497.8,0.0004,0.0191,0.2126,0.2626,3,189.14,281.1,339.81,58,0.1,224.33,131,0.0319
live_ep_000028_CPU_SATURATION,CPU_SATURATION,payment-service,python-simulator,52.5,1785952169.5877159,156,0.9803,0.0197,closed,0.8977,89.77,0.3471,9.62,16.33,6.43,10.97,0.0434,14.84,539.1,0.0066,0.0265,0.3111,0.2382,4,211.46,216.81,328.85,54,0.008,213.29,137,0.0444
live_ep_000028_CPU_SATURATION,CPU_SATURATION,payment-service,python-simulator,53.0,1785952170.0879133,88,0.9862,0.0138,closed,0.8387,83.87,0.2775,14.67,23.81,3.83,2.73,0.0391,16.87,507.4,0.0042,0.014,0.1968,0.2214,1,194.71,219.14,269.64,43,0.004,182.01,136,0.0278
live_ep_000028_CPU_SATURATION,CPU_SATURATION,payment-service,python-simulator,53.5,1785952170.5884793,75,0.9321,0.0679,closed,0.8616,86.16,0.3987,11.05,14.49,11.83,5.29,0.0403,2.0,541.9,0.0016,0.0182,0.3208,0.2618,1,188.42,257.7,287.4,51,0.0086,198.1,140,0.0333
live_ep_000028_CPU_SATURATION,CPU_SATURATION,payment-service,python-simulator,54.0,1785952171.0951269,89,0.9554,0.0446,closed,0.8297,82.97,0.3489,15.98,19.19,5.53,5.27,0.044,56.62,508.0,0.0014,0.014,0.2763,0.242,0,187.5,200.23,251.46,50,0.0113,217.12,126,0.0296
live_ep_000028_CPU_SATURATION,CPU_SATURATION,payment-service,python-simulator,54.5,1785952171.5955055,104,0.9672,0.0328,closed,0.7914,79.14,0.4066,20.48,19.08,2.38,4.57,0.0213,15.41,535.5,0.0072,0.0164,0.3106,0.2358,0,170.21,184.89,325.68,53,0.0022,191.07,124,0.024
live_ep_000028_CPU_SATURATION,CPU_SATURATION,payment-service,python-simulator,55.0,1785952172.0963697,81,0.8987,0.1013,closed,0.8516,85.16,0.3098,10.69,15.46,8.91,4.04,0.039,6.83,514.9,0.0076,0.016,0.3231,0.2552,0,195.45,248.58,308.28,47,0.0008,203.57,136,0.0327
live_ep_000028_CPU_SATURATION,CPU_SATURATION,payment-service,python-simulator,55.5,1785952172.596775,87,0.9393,0.0607,closed,0.8426,84.26,0.4125,12.99,15.38,5.86,2.96,0.0366,3.68,541.4,0.0019,0.015,0.2274,0.2314,2,174.09,246.47,283.81,43,0.0207,217.33,126,0.0348
live_ep_000028_CPU_SATURATION,CPU_SATURATION,payment-service,python-simulator,56.0,1785952173.0972788,80,0.88,0.12,closed,0.8847,88.47,0.2941,24.04,25.88,2.71,5.09,0.0418,6.72,508.6,0.0013,0.022,0.2139,0.1905,0,196.89,299.18,358.37,49,0.0336,214.12,135,0.0382
live_ep_000028_CPU_SATURATION,CPU_SATURATION,payment-service,python-simulator,56.5,1785952173.5973744,144,0.9511,0.0489,closed,0.8166,81.66,0.2841,9.36,16.06,4.43,7.34,0.0249,8.07,507.4,0.0005,0.0118,0.2516,0.2357,4,178.46,199.66,268.14,45,0.0418,193.97,124,0.0236
live_ep_000028_CPU_SATURATION,CPU_SATURATION,payment-service,python-simulator,57.0,1785952174.0976534,104,0.9179,0.0821,closed,0.8979,89.79,0.3666,11.69,13.01,4.37,8.17,0.0419,16.21,519.6,0.0056,0.0199,0.3381,0.2876,1,200.86,266.03,330.34,48,0.0263,223.99,135,0.0508
live_ep_000028_CPU_SATURATION,CPU_SATURATION,payment-service,python-simulator,57.5,1785952174.5979328,153,0.99,0.01,closed,0.8667,86.67,0.4114,15.96,23.38,2.91,4.52,0.0424,2.11,517.4,0.0002,0.0187,0.2341,0.2242,4,178.49,267.56,320.65,54,0.0357,198.71,142,0.0336
live_ep_000028_CPU_SATURATION,CPU_SATURATION,payment-service,python-simulator,58.0,1785952175.0983293,139,0.9545,0.0455,closed,0.804,80.4,0.3327,10.71,20.8,3.28,8.03,0.0396,8.33,469.0,0.0069,0.0111,0.243,0.2484,3,184.5,270.29,288.62,56,0.1,193.75,132,0.0212
live_ep_000028_CPU_SATURATION,CPU_SATURATION,payment-service,python-simulator,58.5,1785952175.5987113,96,0.99,0.01,closed,0.9439,94.39,0.3874,20.11,17.47,3.18,7.01,0.0583,17.7,512.5,0.0065,0.0269,0.185,0.2597,0,212.66,297.98,407.19,56,0.0126,206.68,144,0.0642
live_ep_000028_CPU_SATURATION,CPU_SATURATION,payment-service,python-simulator,59.0,1785952176.0990858,107,0.9561,0.0439,closed,0.8908,89.08,0.1,9.5,15.14,3.44,11.71,0.0407,4.06,533.7,0.0038,0.0196,0.2455,0.2586,4,209.29,278.7,343.24,60,0.0483,167.5,144,0.0621
live_ep_000028_CPU_SATURATION,CPU_SATURATION,payment-service,python-simulator,59.5,1785952176.5996027,92,0.9747,0.0253,closed,0.9169,91.69,0.3123,12.46,32.08,2.58,5.03,0.0474,60.0,497.7,0.0015,0.0217,0.2275,0.2277,2,190.47,299.19,354.28,49,0.024,224.58,140,0.0465
live_ep_000029_RETRY_STORM,RETRY_STORM,order-service,python-simulator,0.0,1785952177.1033022,39,0.9008,0.0992,closed,0.3259,32.59,0.2268,3.0,25.11,2.86,7.47,0.0085,3.55,528.4,0.0038,0.001,0.2469,0.3003,3,87.51,130.95,138.13,16,0.0257,194.33,3,0.0068
live_ep_000029_RETRY_STORM,RETRY_STORM,order-service,python-simulator,0.5,1785952177.6035025,97,0.9779,0.0221,closed,0.318,31.8,0.2839,3.31,11.96,3.31,6.73,0.0165,11.76,532.6,0.0048,0.0006,0.2632,0.2347,1,90.35,99.51,113.22,12,0.0909,211.34,1,0.0057
live_ep_000029_RETRY_STORM,RETRY_STORM,order-service,python-simulator,1.0,1785952178.103848,92,0.9832,0.0168,closed,0.3138,31.38,0.388,3.82,23.82,3.46,5.63,0.0022,23.81,491.7,0.0013,0.0025,0.2262,0.2007,0,109.3,106.81,104.87,5,0.0192,182.64,10,0.0045
live_ep_000029_RETRY_STORM,RETRY_STORM,order-service,python-simulator,1.5,1785952178.6040852,107,0.9872,0.0128,closed,0.3903,39.03,0.3505,30.0,27.49,9.4,5.19,0.006,17.54,550.5,0.0037,0.0034,0.2207,0.268,1,102.76,122.62,127.61,7,0.1,216.08,14,0.0011
live_ep_000029_RETRY_STORM,RETRY_STORM,order-service,python-simulator,2.0,1785952179.1042333,56,0.9667,0.0333,closed,0.4202,42.02,0.4767,4.04,18.18,6.07,15.59,0.0004,2.26,504.0,0.0002,0.0029,0.2776,0.2436,3,94.33,106.69,108.87,4,0.0074,173.98,4,0.0055
live_ep_000029_RETRY_STORM,RETRY_STORM,order-service,python-simulator,2.5,1785952179.6046698,29,0.9323,0.0677,closed,0.3689,36.89,0.254,1.73,17.24,2.28,6.71,0.016,4.33,503.1,0.005,0.0057,0.3115,0.2007,4,83.3,92.56,118.96,16,0.0159,179.43,13,0.0008
live_ep_000029_RETRY_STORM,RETRY_STORM,order-service,python-simulator,3.0,1785952180.1048088,46,0.9306,0.0694,closed,0.6003,60.03,0.578,14.97,24.67,5.46,5.92,0.072,9.69,487.5,0.0139,0.028,0.251,0.233,10,97.8,107.63,251.06,78,0.6725,603.51,60,0.0338
live_ep_000029_RETRY_STORM,RETRY_STORM,order-service,python-simulator,3.5,1785952180.6052716,118,0.9872,0.0128,closed,0.5858,58.58,0.6241,13.36,26.68,5.61,5.57,0.0619,12.72,523.4,0.0073,0.0216,0.2451,0.2296,7,81.41,114.5,192.15,73,0.5802,548.09,54,0.0319
live_ep_000029_RETRY_STORM,RETRY_STORM,order-service,python-simulator,4.0,1785952181.106821,167,0.9542,0.0458,closed,0.464,46.4,0.4754,16.43,40.3,4.8,8.57,0.0674,19.8,513.1,0.0008,0.0204,0.2224,0.2488,8,81.68,167.9,213.5,58,0.5721,543.26,54,0.0336
live_ep_000029_RETRY_STORM,RETRY_STORM,order-service,python-simulator,4.5,1785952181.6071482,182,0.88,0.12,closed,0.5218,52.18,0.6547,19.17,38.15,5.4,7.09,0.0882,12.78,532.0,0.0047,0.0287,0.3303,0.2273,8,93.52,216.75,227.38,95,0.8009,680.52,68,0.0427
live_ep_000029_RETRY_STORM,RETRY_STORM,order-service,python-simulator,5.0,1785952182.1076214,105,0.88,0.12,closed,0.5123,51.23,0.5559,11.65,35.36,6.82,7.56,0.0603,5.82,514.3,0.0087,0.0221,0.2798,0.2071,7,83.4,106.93,178.91,69,0.5149,508.92,50,0.029
live_ep_000029_RETRY_STORM,RETRY_STORM,order-service,python-simulator,5.5,1785952182.6079383,43,0.88,0.12,closed,0.5195,51.95,0.5277,11.74,27.88,7.9,6.5,0.0453,13.03,530.5,0.0059,0.0139,0.1748,0.2973,7,101.6,103.64,155.33,45,0.4047,442.79,44,0.0208
live_ep_000029_RETRY_STORM,RETRY_STORM,order-service,python-simulator,6.0,1785952183.1091366,231,0.9043,0.0957,closed,0.6239,62.39,0.5742,17.92,33.07,4.95,6.43,0.0656,2.0,491.5,0.0025,0.0197,0.2386,0.2642,8,87.9,98.59,188.58,80,0.6364,581.85,58,0.0337
live_ep_000029_RETRY_STORM,RETRY_STORM,order-service,python-simulator,6.5,1785952183.6094325,231,0.88,0.12,closed,0.5223,52.23,0.6474,14.96,47.45,3.14,2.75,0.0769,20.15,498.1,0.0048,0.024,0.322,0.2761,9,90.46,140.27,191.21,74,0.7053,623.18,62,0.0544
live_ep_000029_RETRY_STORM,RETRY_STORM,order-service,python-simulator,7.0,1785952184.1098986,149,0.9879,0.0121,closed,0.5624,56.24,0.5962,17.92,37.58,7.93,3.15,0.0688,9.48,530.1,0.004,0.0213,0.216,0.2978,5,110.98,126.55,161.81,75,0.5703,542.17,54,0.0335
live_ep_000029_RETRY_STORM,RETRY_STORM,order-service,python-simulator,7.5,1785952184.6103964,186,0.971,0.029,closed,0.5131,51.31,0.5075,9.82,24.53,3.1,9.07,0.054,28.87,505.5,0.0115,0.0168,0.2021,0.2413,5,84.93,90.98,113.32,63,0.4627,477.61,47,0.0312
live_ep_000029_RETRY_STORM,RETRY_STORM,order-service,python-simulator,8.0,1785952185.1105793,237,0.9868,0.0132,closed,0.552,55.2,0.6704,17.58,29.22,3.41,4.19,0.0703,4.0,524.5,0.0095,0.0242,0.2362,0.2745,5,78.07,169.94,220.1,71,0.5909,554.53,55,0.0334
live_ep_000029_RETRY_STORM,RETRY_STORM,order-service,python-simulator,8.5,1785952185.6110082,278,0.9837,0.0163,closed,0.5912,59.12,0.8048,14.47,42.05,7.71,9.7,0.0855,30.0,510.6,0.0048,0.0267,0.1998,0.2904,7,96.57,156.1,267.19,78,0.6792,607.49,60,0.037
live_ep_000029_RETRY_STORM,RETRY_STORM,order-service,python-simulator,9.0,1785952186.113469,167,0.9741,0.0259,closed,0.5649,56.49,0.5179,18.87,20.0,4.92,5.16,0.0726,2.0,558.4,0.0158,0.0243,0.1915,0.2738,8,100.35,194.23,206.57,70,0.6456,587.38,58,0.0398
live_ep_000029_RETRY_STORM,RETRY_STORM,order-service,python-simulator,9.5,1785952186.616351,193,0.9019,0.0981,closed,0.5935,59.35,0.5907,27.5,34.93,3.86,13.8,0.0756,18.66,541.2,0.0035,0.0253,0.2741,0.283,6,90.24,117.63,235.4,67,0.6507,590.39,59,0.0374
live_ep_000029_RETRY_STORM,RETRY_STORM,order-service,python-simulator,10.0,1785952187.1169515,143,0.9305,0.0695,closed,0.4774,47.74,0.5489,40.78,29.31,5.78,4.59,0.0846,6.32,517.9,0.004,0.0301,0.2316,0.2962,6,73.47,97.06,208.08,64,0.5733,543.98,54,0.0351
live_ep_000029_RETRY_STORM,RETRY_STORM,order-service,python-simulator,10.5,1785952187.617405,228,0.9513,0.0487,closed,0.6109,61.09,0.4412,15.65,27.93,4.48,8.77,0.0595,2.0,500.6,0.0016,0.0187,0.2516,0.2706,9,84.17,124.86,168.65,70,0.5395,523.7,52,0.0294
live_ep_000029_RETRY_STORM,RETRY_STORM,order-service,python-simulator,11.0,1785952188.126333,192,0.99,0.01,closed,0.5407,54.07,0.7117,17.64,33.59,4.89,7.34,0.0748,35.03,504.6,0.0017,0.0239,0.3037,0.2626,6,79.17,84.2,186.37,68,0.6186,571.15,57,0.031
live_ep_000029_RETRY_STORM,RETRY_STORM,order-service,python-simulator,11.5,1785952188.6263807,139,0.9724,0.0276,closed,0.4439,44.39,0.558,9.13,44.7,4.44,3.56,0.0539,7.53,527.5,0.0007,0.0175,0.3139,0.2754,4,84.98,120.59,151.37,60,0.4317,459.01,45,0.0296
live_ep_000029_RETRY_STORM,RETRY_STORM,order-service,python-simulator,12.0,1785952189.1266665,224,0.9716,0.0284,closed,0.47,47.0,0.511,14.94,25.94,2.77,5.83,0.0671,6.79,546.5,0.0054,0.0224,0.3758,0.2329,7,91.02,113.17,149.95,77,0.644,586.38,58,0.0402
live_ep_000029_RETRY_STORM,RETRY_STORM,order-service,python-simulator,12.5,1785952189.6268692,72,0.9046,0.0954,closed,0.551,55.1,0.4847,13.15,20.0,8.62,7.41,0.0659,41.28,520.2,0.0068,0.0205,0.1753,0.2698,9,84.91,99.93,202.58,80,0.6313,578.8,57,0.0319
live_ep_000029_RETRY_STORM,RETRY_STORM,order-service,python-simulator,13.0,1785952190.1272345,199,0.9237,0.0763,closed,0.6512,65.12,0.5736,17.13,41.89,8.06,5.06,0.0883,3.12,515.7,0.0021,0.0276,0.1731,0.2383,7,69.14,143.77,205.21,88,0.7928,675.7,67,0.0435
live_ep_000029_RETRY_STORM,RETRY_STORM,order-service,python-simulator,13.5,1785952190.6276298,116,0.965,0.035,closed,0.5759,57.59,0.5918,16.83,28.31,4.32,5.06,0.0878,2.0,517.2,0.0041,0.0277,0.3458,0.2006,11,90.64,168.83,204.23,94,0.7671,660.28,66,0.0389
live_ep_000029_RETRY_STORM,RETRY_STORM,order-service,python-simulator,14.0,1785952191.1279304,288,0.9833,0.0167,closed,0.5813,58.13,0.7197,22.99,54.23,4.17,5.99,0.0835,4.55,523.3,0.0107,0.0251,0.159,0.299,10,79.31,187.48,243.49,89,0.7452,647.14,64,0.0484
live_ep_000029_RETRY_STORM,RETRY_STORM,order-service,python-simulator,14.5,1785952191.6280897,168,0.9777,0.0223,closed,0.6236,62.36,0.6947,20.92,34.11,5.9,2.88,0.0944,22.12,513.8,0.008,0.029,0.2653,0.2745,10,84.99,150.75,237.36,98,0.8591,715.46,71,0.0489
live_ep_000029_RETRY_STORM,RETRY_STORM,order-service,python-simulator,15.0,1785952192.1282084,134,0.9552,0.0448,closed,0.5645,56.45,0.6744,15.04,20.0,6.83,10.24,0.0643,45.76,485.3,0.0061,0.0218,0.2371,0.3134,5,95.89,144.45,161.8,65,0.5181,510.85,51,0.0311
live_ep_000029_RETRY_STORM,RETRY_STORM,order-service,python-simulator,15.5,1785952192.6285927,177,0.9399,0.0601,closed,0.484,48.4,0.6493,19.36,24.11,1.85,7.06,0.0921,4.87,510.2,0.0033,0.0281,0.2617,0.2139,11,85.17,155.85,210.99,85,0.8025,681.5,68,0.0401
live_ep_000029_RETRY_STORM,RETRY_STORM,order-service,python-simulator,16.0,1785952193.12871,226,0.9686,0.0314,closed,0.4732,47.32,0.4292,21.26,32.66,4.06,6.52,0.0698,4.62,543.5,0.0148,0.0218,0.2597,0.2693,6,80.97,141.79,246.46,70,0.5291,517.49,51,0.0322
live_ep_000029_RETRY_STORM,RETRY_STORM,order-service,python-simulator,16.5,1785952193.6290603,105,0.953,0.047,closed,0.5491,54.91,0.4341,31.26,22.37,4.64,3.57,0.0747,43.5,486.6,0.0116,0.0231,0.2543,0.2049,7,98.66,182.12,190.75,74,0.7024,621.45,62,0.0368
live_ep_000029_RETRY_STORM,RETRY_STORM,order-service,python-simulator,17.0,1785952194.1291554,60,0.9778,0.0222,closed,0.4643,46.43,0.605,14.58,35.32,6.67,4.39,0.0584,8.26,494.9,0.0002,0.0201,0.1916,0.2602,4,92.91,146.9,194.34,53,0.4498,469.87,46,0.0227
live_ep_000029_RETRY_STORM,RETRY_STORM,order-service,python-simulator,17.5,1785952194.6293778,187,0.99,0.01,closed,0.5025,50.25,0.382,9.4,26.35,5.53,7.15,0.0466,38.89,522.5,0.007,0.0143,0.1606,0.2533,4,90.58,126.73,131.63,55,0.4,440.0,44,0.0212
live_ep_000029_RETRY_STORM,RETRY_STORM,order-service,python-simulator,18.0,1785952195.1295836,125,0.9503,0.0497,closed,0.5882,58.82,0.6364,32.69,41.85,4.33,7.3,0.0828,4.2,511.6,0.0172,0.0299,0.1727,0.2926,9,93.17,153.54,225.08,96,0.8072,684.34,68,0.0445
live_ep_000029_RETRY_STORM,RETRY_STORM,order-service,python-simulator,18.5,1785952195.6299858,137,0.9391,0.0609,closed,0.578,57.8,0.6948,17.63,29.44,6.42,4.42,0.0997,23.91,534.5,0.0021,0.0331,0.29,0.2195,8,76.59,178.39,265.14,81,0.8176,690.53,69,0.0467
live_ep_000029_RETRY_STORM,RETRY_STORM,order-service,python-simulator,19.0,1785952196.130104,220,0.9362,0.0638,closed,0.5142,51.42,0.6032,36.99,20.0,10.18,5.57,0.0934,3.29,525.0,0.0071,0.0292,0.1898,0.2594,9,100.12,190.96,191.56,77,0.7139,628.35,62,0.0375
live_ep_000029_RETRY_STORM,RETRY_STORM,order-service,python-simulator,19.5,1785952196.630239,203,0.9515,0.0485,closed,0.453,45.3,0.5522,11.92,23.64,6.34,6.99,0.0426,41.42,501.1,0.006,0.0155,0.2762,0.264,5,108.49,112.59,148.02,46,0.4009,440.53,44,0.0245
live_ep_000029_RETRY_STORM,RETRY_STORM,order-service,python-simulator,20.0,1785952197.1304717,219,0.88,0.12,closed,0.5583,55.83,0.5455,16.28,68.0,4.92,4.69,0.0755,24.3,503.4,0.0011,0.025,0.284,0.1673,10,86.48,142.89,248.06,64,0.6105,566.29,56,0.0372
live_ep_000029_RETRY_STORM,RETRY_STORM,order-service,python-simulator,20.5,1785952197.6309478,86,0.984,0.016,closed,0.5868,58.68,0.5816,18.29,43.09,6.65,6.14,0.0819,9.68,471.7,0.0016,0.0266,0.2679,0.2113,10,95.63,205.21,218.78,89,0.7793,667.57,66,0.0438
live_ep_000029_RETRY_STORM,RETRY_STORM,order-service,python-simulator,21.0,1785952198.1312873,215,0.99,0.01,closed,0.3872,38.72,0.5963,22.41,71.14,2.03,13.52,0.0701,22.6,512.2,0.0088,0.0221,0.1697,0.2355,9,92.58,154.53,197.51,74,0.6717,603.0,60,0.0343
live_ep_000029_RETRY_STORM,RETRY_STORM,order-service,python-simulator,21.5,1785952198.6339881,240,0.88,0.12,closed,0.556,55.6,0.623,17.91,33.08,5.17,7.01,0.0755,7.11,484.9,0.0002,0.0231,0.3989,0.2469,8,84.93,103.86,159.96,75,0.691,614.59,61,0.0399
live_ep_000029_RETRY_STORM,RETRY_STORM,order-service,python-simulator,22.0,1785952199.134367,230,0.9882,0.0118,closed,0.4559,45.59,0.5584,17.5,26.29,3.11,6.54,0.0576,12.86,530.8,0.0018,0.0186,0.2414,0.1933,6,82.61,114.13,138.86,60,0.4923,495.39,49,0.0273
live_ep_000029_RETRY_STORM,RETRY_STORM,order-service,python-simulator,22.5,1785952199.6348748,197,0.8953,0.1047,closed,0.5391,53.91,0.4391,11.83,23.0,4.99,8.42,0.085,21.96,536.6,0.0093,0.0279,0.2338,0.2598,6,91.63,128.37,158.11,66,0.5624,537.44,53,0.0308
live_ep_000029_RETRY_STORM,RETRY_STORM,order-service,python-simulator,23.0,1785952200.135444,219,0.9781,0.0219,closed,0.4987,49.87,0.6033,20.97,40.53,5.85,4.76,0.0714,20.24,510.4,0.004,0.0238,0.2785,0.2142,8,76.53,104.25,175.22,70,0.6187,571.21,57,0.0318
live_ep_000029_RETRY_STORM,RETRY_STORM,order-service,python-simulator,23.5,1785952200.6356554,200,0.8808,0.1192,closed,0.5705,57.05,0.6059,15.91,34.16,3.66,7.35,0.088,2.0,487.6,0.0016,0.0268,0.2994,0.2681,7,87.89,230.93,254.91,90,0.7352,641.1,64,0.0371
live_ep_000029_RETRY_STORM,RETRY_STORM,order-service,python-simulator,24.0,1785952201.1357772,254,0.9266,0.0734,closed,0.6038,60.38,0.61,13.82,36.12,7.08,16.47,0.0588,5.5,527.0,0.0025,0.0178,0.1607,0.3087,9,92.11,170.94,197.0,62,0.5685,541.11,54,0.0304
live_ep_000029_RETRY_STORM,RETRY_STORM,order-service,python-simulator,24.5,1785952201.6359966,60,0.99,0.01,closed,0.4975,49.75,0.6271,13.16,26.75,5.49,4.7,0.0745,2.0,493.1,0.0017,0.0265,0.2347,0.2821,8,87.81,119.51,213.44,72,0.5835,550.07,55,0.0321
live_ep_000029_RETRY_STORM,RETRY_STORM,order-service,python-simulator,25.0,1785952202.1365347,216,0.9315,0.0685,closed,0.6183,61.83,0.8309,27.63,34.9,5.23,8.98,0.087,15.93,495.6,0.0013,0.0279,0.244,0.2314,9,88.58,243.29,248.34,81,0.8194,691.61,69,0.0541
live_ep_000029_RETRY_STORM,RETRY_STORM,order-service,python-simulator,25.5,1785952202.6368637,239,0.99,0.01,closed,0.6053,60.53,0.7375,32.52,70.12,8.67,5.82,0.0921,21.61,505.8,0.0025,0.0277,0.2214,0.2389,8,82.77,167.1,236.36,104,0.8634,718.07,71,0.0436
live_ep_000029_RETRY_STORM,RETRY_STORM,order-service,python-simulator,26.0,1785952203.1371748,263,0.887,0.113,closed,0.6248,62.48,0.5736,21.05,44.81,5.99,4.67,0.0899,26.38,515.6,0.0019,0.0328,0.1958,0.2706,9,99.55,128.84,199.87,88,0.767,660.18,66,0.0385
live_ep_000029_RETRY_STORM,RETRY_STORM,order-service,python-simulator,26.5,1785952203.6372907,65,0.99,0.01,closed,0.5217,52.17,0.6543,17.36,27.36,4.16,10.22,0.0644,11.19,493.2,0.0108,0.0231,0.171,0.2201,7,90.99,141.53,185.24,76,0.5946,556.76,55,0.0401
live_ep_000029_RETRY_STORM,RETRY_STORM,order-service,python-simulator,27.0,1785952204.1378586,108,0.9418,0.0582,closed,0.6181,61.81,0.6228,19.76,35.21,5.11,5.34,0.0698,13.43,519.6,0.0038,0.0218,0.322,0.2762,6,93.27,113.94,182.18,67,0.629,577.42,57,0.0319
live_ep_000029_RETRY_STORM,RETRY_STORM,order-service,python-simulator,27.5,1785952204.6380603,60,0.937,0.063,closed,0.6144,61.44,0.6503,16.36,28.94,4.44,6.11,0.0723,25.54,526.1,0.0029,0.0249,0.3841,0.3237,10,111.8,182.86,212.43,78,0.7067,624.03,62,0.0377
live_ep_000029_RETRY_STORM,RETRY_STORM,order-service,python-simulator,28.0,1785952205.1383095,179,0.88,0.12,closed,0.5315,53.15,0.5742,18.69,44.08,5.44,4.28,0.0839,6.51,504.6,0.0005,0.0267,0.2485,0.1909,7,82.91,106.19,208.79,68,0.6244,574.64,57,0.0372
live_ep_000029_RETRY_STORM,RETRY_STORM,order-service,python-simulator,28.5,1785952205.6388497,135,0.88,0.12,closed,0.6392,63.92,0.6845,16.8,27.49,3.75,16.34,0.0835,2.13,492.1,0.0042,0.0272,0.097,0.231,9,86.16,144.04,254.35,86,0.7822,669.33,66,0.0411
live_ep_000029_RETRY_STORM,RETRY_STORM,order-service,python-simulator,29.0,1785952206.1391518,237,0.9184,0.0816,closed,0.5358,53.58,0.6554,16.36,44.3,3.39,8.9,0.0817,5.21,529.6,0.0043,0.0248,0.3986,0.2335,10,88.95,98.67,203.33,76,0.7526,651.57,65,0.0387
live_ep_000029_RETRY_STORM,RETRY_STORM,order-service,python-simulator,29.5,1785952206.6394405,177,0.9843,0.0157,closed,0.5683,56.83,0.6322,18.92,22.74,4.03,4.61,0.0909,9.64,524.8,0.0053,0.0285,0.2559,0.2262,11,97.38,170.83,205.53,89,0.7667,660.0,65,0.0384
live_ep_000029_RETRY_STORM,RETRY_STORM,order-service,python-simulator,30.0,1785952207.1400115,177,0.9855,0.0145,closed,0.565,56.5,0.5234,15.93,52.86,1.54,6.56,0.0758,20.51,528.2,0.006,0.0246,0.3213,0.2114,7,92.25,206.21,226.71,75,0.6849,610.94,61,0.0357
live_ep_000029_RETRY_STORM,RETRY_STORM,order-service,python-simulator,30.5,1785952207.6404731,88,0.99,0.01,closed,0.549,54.9,0.5503,21.58,30.19,5.14,3.17,0.077,6.06,480.5,0.0062,0.0249,0.2939,0.2146,11,102.78,225.67,257.21,73,0.7305,638.28,63,0.0386
live_ep_000029_RETRY_STORM,RETRY_STORM,order-service,python-simulator,31.0,1785952208.1406608,263,0.9438,0.0562,closed,0.5755,57.55,0.6856,17.64,33.12,4.33,4.63,0.0824,5.66,528.2,0.001,0.0266,0.1833,0.2258,7,77.67,130.39,255.04,81,0.765,659.0,65,0.0407
live_ep_000029_RETRY_STORM,RETRY_STORM,order-service,python-simulator,31.5,1785952208.6409624,202,0.9354,0.0646,closed,0.5371,53.71,0.4941,19.16,24.74,1.96,12.55,0.0581,19.56,531.8,0.0017,0.0207,0.2159,0.2821,5,88.4,90.18,164.92,60,0.5206,512.34,51,0.0327
live_ep_000029_RETRY_STORM,RETRY_STORM,order-service,python-simulator,32.0,1785952209.14104,118,0.9113,0.0887,closed,0.5331,53.31,0.5312,12.95,29.56,3.68,8.98,0.0709,2.0,503.6,0.0009,0.0229,0.2289,0.2026,9,98.6,147.55,216.23,66,0.599,559.4,55,0.0315
live_ep_000029_RETRY_STORM,RETRY_STORM,order-service,python-simulator,32.5,1785952209.6412632,201,0.963,0.037,closed,0.5569,55.69,0.6316,15.34,34.42,3.6,4.57,0.0821,21.03,500.5,0.0033,0.0259,0.3654,0.2358,7,89.39,93.15,198.52,93,0.7421,645.26,64,0.0416
live_ep_000029_RETRY_STORM,RETRY_STORM,order-service,python-simulator,33.0,1785952210.1415575,98,0.9584,0.0416,closed,0.5938,59.38,0.4349,23.92,28.03,4.62,3.1,0.0704,8.35,507.8,0.0042,0.0231,0.2107,0.2468,7,76.98,88.82,213.89,78,0.6445,586.72,58,0.033
live_ep_000029_RETRY_STORM,RETRY_STORM,order-service,python-simulator,33.5,1785952210.641971,95,0.99,0.01,closed,0.5893,58.93,0.642,27.67,27.47,5.84,3.83,0.1002,3.09,520.8,0.0005,0.0302,0.1823,0.2822,9,88.16,239.57,241.9,91,0.8213,692.81,69,0.0427
live_ep_000029_RETRY_STORM,RETRY_STORM,order-service,python-simulator,34.0,1785952211.1423948,202,0.9878,0.0122,closed,0.5263,52.63,0.5488,18.47,39.53,6.98,7.97,0.0921,14.96,515.5,0.0009,0.0282,0.2935,0.2805,11,88.04,177.49,219.56,82,0.7682,660.93,66,0.0404
live_ep_000029_RETRY_STORM,RETRY_STORM,order-service,python-simulator,34.5,1785952211.6429267,150,0.9368,0.0632,closed,0.5585,55.85,0.7031,30.56,20.0,10.87,5.42,0.0892,12.19,489.2,0.0014,0.0271,0.2644,0.2853,8,80.4,152.29,216.5,77,0.7734,664.03,66,0.0402
live_ep_000029_RETRY_STORM,RETRY_STORM,order-service,python-simulator,35.0,1785952212.1431909,104,0.99,0.01,closed,0.4636,46.36,0.6078,26.82,29.29,6.93,6.56,0.0596,3.78,506.3,0.0026,0.02,0.3034,0.2748,8,91.06,120.91,206.09,73,0.5851,551.06,55,0.0479
live_ep_000029_RETRY_STORM,RETRY_STORM,order-service,python-simulator,35.5,1785952212.6435153,154,0.9602,0.0398,closed,0.4804,48.04,0.4861,14.26,33.7,3.46,3.76,0.0549,2.0,532.6,0.0231,0.0169,0.2369,0.2027,8,94.96,98.27,99.49,56,0.5141,508.45,50,0.0264
live_ep_000029_RETRY_STORM,RETRY_STORM,order-service,python-simulator,36.0,1785952213.143973,143,0.9615,0.0385,closed,0.5255,52.55,0.5727,26.62,40.77,3.28,3.93,0.0921,4.73,471.8,0.0037,0.0302,0.1623,0.2524,6,96.96,130.44,174.16,67,0.6795,607.71,60,0.0375
live_ep_000029_RETRY_STORM,RETRY_STORM,order-service,python-simulator,36.5,1785952213.6440797,104,0.99,0.01,closed,0.5673,56.73,0.7768,19.93,44.05,3.56,3.57,0.0846,2.35,488.4,0.0005,0.026,0.3296,0.2348,8,83.98,163.88,212.37,83,0.7705,662.29,66,0.0414
live_ep_000029_RETRY_STORM,RETRY_STORM,order-service,python-simulator,37.0,1785952214.1443877,252,0.9075,0.0925,closed,0.5938,59.38,0.5994,13.28,20.0,3.67,6.37,0.0769,2.0,499.2,0.0005,0.0234,0.1893,0.2859,8,86.63,166.93,217.9,73,0.6388,583.26,58,0.0349
live_ep_000029_RETRY_STORM,RETRY_STORM,order-service,python-simulator,37.5,1785952214.6448517,133,0.9326,0.0674,closed,0.5165,51.65,0.4928,18.57,20.0,2.8,7.5,0.0697,18.32,526.7,0.0061,0.0212,0.2323,0.2498,8,98.59,112.99,176.56,58,0.5439,526.32,52,0.0288
live_ep_000029_RETRY_STORM,RETRY_STORM,order-service,python-simulator,38.0,1785952215.1451507,289,0.9077,0.0923,closed,0.4795,47.95,0.5842,16.31,55.72,5.87,6.98,0.1038,23.87,536.4,0.0038,0.0328,0.2684,0.218,10,89.21,143.03,219.45,94,0.7906,674.37,67,0.0434
live_ep_000029_RETRY_STORM,RETRY_STORM,order-service,python-simulator,38.5,1785952215.6452577,144,0.88,0.12,closed,0.4489,44.89,0.7648,12.64,35.85,1.95,14.05,0.0684,7.96,523.8,0.0004,0.0229,0.2864,0.2493,7,85.98,164.65,184.0,60,0.5946,556.74,55,0.0386
live_ep_000029_RETRY_STORM,RETRY_STORM,order-service,python-simulator,39.0,1785952216.1462135,90,0.99,0.01,closed,0.5659,56.59,0.5457,17.56,30.23,4.09,4.24,0.0888,6.53,519.2,0.0017,0.0284,0.2976,0.2819,9,95.78,97.96,262.77,97,0.7995,679.68,67,0.0419
live_ep_000029_RETRY_STORM,RETRY_STORM,order-service,python-simulator,39.5,1785952216.6463742,277,0.9135,0.0865,closed,0.651,65.1,0.6167,18.81,35.29,5.11,6.5,0.0801,8.24,512.6,0.0046,0.0268,0.3697,0.2302,9,78.23,103.36,242.14,72,0.6971,618.29,61,0.0389
live_ep_000029_RETRY_STORM,RETRY_STORM,order-service,python-simulator,40.0,1785952217.1466677,179,0.8898,0.1102,closed,0.6235,62.35,0.6103,14.46,20.94,2.64,4.63,0.0775,13.07,514.5,0.0045,0.0256,0.2397,0.2814,9,93.91,109.49,202.51,79,0.6824,609.43,60,0.0576
live_ep_000029_RETRY_STORM,RETRY_STORM,order-service,python-simulator,40.5,1785952217.647005,96,0.88,0.12,closed,0.5067,50.67,0.6173,21.37,26.26,15.59,11.93,0.0702,9.94,536.7,0.0054,0.026,0.2815,0.25,8,73.97,95.64,203.27,79,0.6499,589.94,58,0.0335
live_ep_000029_RETRY_STORM,RETRY_STORM,order-service,python-simulator,41.0,1785952218.1475508,195,0.975,0.025,closed,0.5774,57.74,0.5282,19.4,24.37,3.23,5.8,0.0675,9.44,466.4,0.0103,0.0238,0.1281,0.27,10,89.82,186.14,212.35,66,0.634,580.43,58,0.0341
live_ep_000029_RETRY_STORM,RETRY_STORM,order-service,python-simulator,41.5,1785952218.6489108,51,0.9836,0.0164,closed,0.5424,54.24,0.5095,30.53,56.57,2.98,7.37,0.0782,20.91,517.5,0.0059,0.0239,0.3153,0.2363,9,91.01,131.52,219.75,67,0.6242,574.54,57,0.0346
live_ep_000029_RETRY_STORM,RETRY_STORM,order-service,python-simulator,42.0,1785952219.1494105,177,0.99,0.01,closed,0.5541,55.41,0.7233,19.09,27.94,2.72,7.33,0.1167,2.0,509.4,0.0019,0.0357,0.1778,0.1783,9,101.34,120.74,196.61,92,0.8425,705.5,70,0.0476
live_ep_000029_RETRY_STORM,RETRY_STORM,order-service,python-simulator,42.5,1785952219.6500232,161,0.99,0.01,closed,0.5208,52.08,0.6739,17.15,31.4,4.32,4.82,0.0797,60.0,540.3,0.0063,0.0243,0.2103,0.3408,10,80.33,175.0,295.74,89,0.7387,643.24,64,0.0411
live_ep_000029_RETRY_STORM,RETRY_STORM,order-service,python-simulator,43.0,1785952220.150871,143,0.88,0.12,closed,0.5417,54.17,0.6384,15.56,20.0,4.73,12.42,0.0739,3.07,526.9,0.0076,0.0235,0.2702,0.2485,10,92.86,128.81,192.98,68,0.6761,605.68,60,0.0353
live_ep_000029_RETRY_STORM,RETRY_STORM,order-service,python-simulator,43.5,1785952220.6511905,99,0.9721,0.0279,closed,0.511,51.1,0.4503,15.48,30.06,4.4,5.63,0.0752,60.0,536.8,0.0017,0.0297,0.4081,0.2523,6,96.24,132.73,254.62,67,0.6598,595.86,59,0.035
live_ep_000029_RETRY_STORM,RETRY_STORM,order-service,python-simulator,44.0,1785952221.1516001,186,0.9449,0.0551,closed,0.465,46.5,0.7169,18.53,39.14,4.6,5.7,0.0793,29.81,521.7,0.0066,0.0246,0.1633,0.2324,10,82.73,128.5,252.11,94,0.762,657.23,65,0.0438
live_ep_000029_RETRY_STORM,RETRY_STORM,order-service,python-simulator,44.5,1785952221.6519694,113,0.9517,0.0483,closed,0.5572,55.72,0.511,21.85,53.87,10.78,3.17,0.0815,2.61,476.2,0.0044,0.0248,0.3196,0.2288,7,78.69,151.39,204.43,75,0.656,593.58,59,0.0423
live_ep_000029_RETRY_STORM,RETRY_STORM,order-service,python-simulator,45.0,1785952222.1522706,233,0.99,0.01,closed,0.5159,51.59,0.6211,28.27,40.76,3.73,4.06,0.0711,9.4,492.0,0.0034,0.0218,0.2957,0.261,8,84.18,110.07,196.85,79,0.655,592.97,59,0.0365
live_ep_000029_RETRY_STORM,RETRY_STORM,order-service,python-simulator,45.5,1785952222.652823,144,0.9883,0.0117,closed,0.5098,50.98,0.4978,14.97,20.0,8.38,16.57,0.0815,2.0,499.3,0.0009,0.0247,0.1933,0.265,7,88.27,93.85,214.22,78,0.7009,620.53,62,0.0389
live_ep_000029_RETRY_STORM,RETRY_STORM,order-service,python-simulator,46.0,1785952223.1531503,83,0.97,0.03,closed,0.6185,61.85,0.5764,37.06,43.17,7.75,9.93,0.077,2.14,481.1,0.0004,0.0235,0.259,0.3023,10,77.75,201.13,205.76,76,0.7249,634.96,63,0.0386
live_ep_000029_RETRY_STORM,RETRY_STORM,order-service,python-simulator,46.5,1785952223.6536078,107,0.9819,0.0181,closed,0.63,63.0,0.6608,17.71,25.59,4.1,9.22,0.0766,11.62,524.7,0.0005,0.028,0.3702,0.2224,7,95.41,220.6,272.83,82,0.746,647.62,64,0.0436
live_ep_000029_RETRY_STORM,RETRY_STORM,order-service,python-simulator,47.0,1785952224.154057,122,0.99,0.01,closed,0.4859,48.59,0.5681,13.08,27.57,3.85,8.01,0.0672,26.83,547.6,0.0086,0.0203,0.2245,0.2529,7,90.56,133.61,172.48,66,0.6128,567.68,56,0.0373
live_ep_000029_RETRY_STORM,RETRY_STORM,order-service,python-simulator,47.5,1785952224.6544166,211,0.99,0.01,closed,0.6121,61.21,0.5392,23.8,59.62,8.41,6.58,0.1129,37.17,521.1,0.0029,0.0382,0.3641,0.2471,9,94.23,94.8,197.98,75,0.7573,654.39,65,0.0394
live_ep_000029_RETRY_STORM,RETRY_STORM,order-service,python-simulator,48.0,1785952225.1547985,221,0.9098,0.0902,closed,0.6213,62.13,0.7256,33.75,45.39,7.53,6.6,0.0772,22.98,526.8,0.0065,0.025,0.1961,0.2461,9,98.65,151.51,218.57,85,0.7577,654.63,65,0.0516
live_ep_000029_RETRY_STORM,RETRY_STORM,order-service,python-simulator,48.5,1785952225.6552346,223,0.9204,0.0796,closed,0.4493,44.93,0.5186,24.14,20.0,4.05,6.97,0.0715,14.28,518.3,0.0007,0.0272,0.1305,0.2709,10,96.89,115.96,185.22,74,0.6191,571.47,57,0.0415
live_ep_000029_RETRY_STORM,RETRY_STORM,order-service,python-simulator,49.0,1785952226.1553807,141,0.9644,0.0356,closed,0.6521,65.21,0.5533,13.55,29.79,5.35,8.82,0.0627,4.64,507.7,0.0029,0.0238,0.2815,0.2409,9,88.66,91.13,239.85,71,0.6017,561.01,56,0.0336
live_ep_000029_RETRY_STORM,RETRY_STORM,order-service,python-simulator,49.5,1785952226.6558511,108,0.99,0.01,closed,0.4849,48.49,0.4862,12.14,47.1,7.11,5.31,0.0661,29.17,508.8,0.0016,0.0249,0.2659,0.2638,7,85.79,87.97,111.84,59,0.5014,500.86,50,0.0266
live_ep_000029_RETRY_STORM,RETRY_STORM,order-service,python-simulator,50.0,1785952227.1563525,192,0.99,0.01,closed,0.5409,54.09,0.587,16.18,21.83,2.81,4.35,0.0797,10.95,503.9,0.0061,0.0245,0.1658,0.2802,9,85.38,149.69,202.05,77,0.618,570.78,57,0.0311
live_ep_000029_RETRY_STORM,RETRY_STORM,order-service,python-simulator,50.5,1785952227.656504,262,0.99,0.01,closed,0.6255,62.55,0.6697,15.75,58.85,5.03,2.22,0.082,2.0,496.6,0.0068,0.0289,0.2876,0.229,10,74.69,136.24,256.5,89,0.7625,657.48,65,0.04
live_ep_000029_RETRY_STORM,RETRY_STORM,order-service,python-simulator,51.0,1785952228.1567776,297,0.9614,0.0386,closed,0.5312,53.12,0.6377,22.3,32.95,3.45,4.09,0.0882,11.27,541.6,0.0022,0.0317,0.3058,0.2347,10,79.99,89.91,260.87,85,0.8503,710.15,71,0.0451
live_ep_000029_RETRY_STORM,RETRY_STORM,order-service,python-simulator,51.5,1785952228.658057,83,0.88,0.12,closed,0.4727,47.27,0.5407,11.78,34.18,6.25,5.49,0.0682,25.37,498.5,0.0128,0.0205,0.223,0.2467,9,86.91,102.58,172.48,69,0.5642,538.51,53,0.0337
live_ep_000029_RETRY_STORM,RETRY_STORM,order-service,python-simulator,52.0,1785952229.1586962,139,0.99,0.01,closed,0.5297,52.97,0.6133,19.24,42.98,3.64,3.24,0.0686,4.63,526.2,0.0039,0.0209,0.2997,0.254,8,94.69,221.01,224.48,69,0.6414,584.84,58,0.0402
live_ep_000029_RETRY_STORM,RETRY_STORM,order-service,python-simulator,52.5,1785952229.6588962,219,0.99,0.01,closed,0.5283,52.83,0.4735,14.29,46.46,7.21,3.96,0.0741,60.0,537.0,0.0029,0.0261,0.2332,0.2414,8,85.76,121.26,226.98,78,0.6544,592.65,59,0.0386
live_ep_000029_RETRY_STORM,RETRY_STORM,order-service,python-simulator,53.0,1785952230.159088,209,0.99,0.01,closed,0.5135,51.35,0.4961,16.88,24.97,3.01,8.22,0.0915,16.63,485.8,0.0083,0.0283,0.2882,0.2034,6,87.56,100.53,196.61,66,0.6009,560.54,56,0.0482
live_ep_000029_RETRY_STORM,RETRY_STORM,order-service,python-simulator,53.5,1785952230.6591861,115,0.9178,0.0822,closed,0.5838,58.38,0.5407,18.23,60.38,5.41,2.65,0.0804,55.57,503.3,0.0168,0.0261,0.2234,0.2281,8,83.56,227.21,264.49,87,0.7603,656.2,65,0.0423
live_ep_000029_RETRY_STORM,RETRY_STORM,order-service,python-simulator,54.0,1785952231.1593251,260,0.99,0.01,closed,0.5956,59.56,0.7907,19.28,30.65,4.08,4.94,0.0726,45.76,487.1,0.0067,0.0223,0.2628,0.2472,7,95.01,114.18,239.72,84,0.6959,617.56,61,0.0389
live_ep_000029_RETRY_STORM,RETRY_STORM,order-service,python-simulator,54.5,1785952231.659607,262,0.99,0.01,closed,0.5471,54.71,0.4993,20.03,21.52,5.69,5.65,0.0656,3.48,491.5,0.0021,0.0214,0.3226,0.2758,9,72.47,175.04,205.95,75,0.6427,585.6,58,0.0342
live_ep_000029_RETRY_STORM,RETRY_STORM,order-service,python-simulator,55.0,1785952232.1599672,207,0.99,0.01,closed,0.5993,59.93,0.6506,13.61,20.0,3.72,3.88,0.0742,6.65,517.0,0.0037,0.0265,0.1649,0.1979,10,89.86,153.61,166.02,71,0.6513,590.78,59,0.0367
live_ep_000029_RETRY_STORM,RETRY_STORM,order-service,python-simulator,55.5,1785952232.6601875,248,0.9817,0.0183,closed,0.6311,63.11,0.6515,23.17,36.79,3.89,3.44,0.075,5.67,492.8,0.0025,0.0259,0.3629,0.2307,11,98.07,181.7,281.29,85,0.7321,639.25,63,0.0378
live_ep_000029_RETRY_STORM,RETRY_STORM,order-service,python-simulator,56.0,1785952233.1606643,70,0.9028,0.0972,closed,0.6005,60.05,0.5708,14.21,20.21,4.66,7.5,0.0834,5.15,487.9,0.0078,0.0291,0.2712,0.2518,9,97.19,129.17,145.5,78,0.6832,609.9,60,0.0426
live_ep_000029_RETRY_STORM,RETRY_STORM,order-service,python-simulator,56.5,1785952233.660947,131,0.88,0.12,closed,0.5775,57.75,0.6788,13.11,21.58,5.29,5.1,0.0763,10.17,481.7,0.0036,0.0245,0.1715,0.2684,6,78.65,99.47,208.47,68,0.6306,578.35,57,0.0362
live_ep_000029_RETRY_STORM,RETRY_STORM,order-service,python-simulator,57.0,1785952234.161109,94,0.958,0.042,closed,0.5499,54.99,0.5892,14.42,39.44,2.44,4.65,0.0882,12.0,528.1,0.0022,0.0272,0.1815,0.2682,7,94.66,129.5,164.99,67,0.652,591.19,59,0.0332
live_ep_000029_RETRY_STORM,RETRY_STORM,order-service,python-simulator,57.5,1785952234.6615725,77,0.99,0.01,closed,0.4495,44.95,0.4932,13.53,32.72,4.9,3.61,0.0764,30.01,524.7,0.0106,0.0245,0.2337,0.2516,8,87.91,126.57,245.35,72,0.6373,582.35,58,0.0331
live_ep_000029_RETRY_STORM,RETRY_STORM,order-service,python-simulator,58.0,1785952235.161905,209,0.99,0.01,closed,0.4774,47.74,0.6309,12.79,25.2,3.48,9.11,0.0729,7.53,516.3,0.032,0.0258,0.3723,0.2704,6,93.32,159.01,159.41,75,0.6144,568.62,56,0.0372
live_ep_000029_RETRY_STORM,RETRY_STORM,order-service,python-simulator,58.5,1785952235.6621265,163,0.9811,0.0189,closed,0.6266,62.66,0.5668,31.2,25.42,3.96,3.71,0.0738,3.56,526.1,0.0021,0.0232,0.272,0.2925,8,81.94,130.11,171.97,66,0.6502,590.12,59,0.0353
live_ep_000029_RETRY_STORM,RETRY_STORM,order-service,python-simulator,59.0,1785952236.1626112,133,0.9686,0.0314,closed,0.5225,52.25,0.6975,20.26,37.65,3.2,8.25,0.0895,23.36,529.3,0.0006,0.0271,0.3355,0.3129,11,84.38,95.45,266.71,92,0.8055,683.33,68,0.045
live_ep_000029_RETRY_STORM,RETRY_STORM,order-service,python-simulator,59.5,1785952236.6628768,234,0.9802,0.0198,closed,0.64,64.0,0.6617,19.9,34.56,3.49,4.89,0.0681,11.81,485.3,0.0127,0.0228,0.1805,0.1976,7,84.67,116.34,209.8,82,0.6726,603.55,60,0.0372
live_ep_000030_NONE,NONE,inventory-service,python-simulator,0.0,1785952237.1651962,22,0.9589,0.0411,closed,0.4003,40.03,0.3153,5.38,28.06,3.61,4.62,0.0053,2.0,521.3,0.0008,0.0006,0.24,0.2346,0,86.57,98.29,143.26,13,0.081,185.04,6,0.0014
live_ep_000030_NONE,NONE,inventory-service,python-simulator,0.5,1785952237.6655247,68,0.9835,0.0165,closed,0.3467,34.67,0.4565,11.24,22.18,5.59,10.14,0.013,7.2,480.3,0.0019,0.001,0.2294,0.1908,4,90.97,92.31,93.24,5,0.0141,200.09,9,0.0084
live_ep_000030_NONE,NONE,inventory-service,python-simulator,1.0,1785952238.1660607,89,0.99,0.01,closed,0.3861,38.61,0.3365,8.11,22.53,3.91,3.85,0.0143,2.0,521.0,0.0043,0.0,0.2075,0.234,0,81.16,88.18,122.31,0,0.0134,167.88,3,0.0042
live_ep_000030_NONE,NONE,inventory-service,python-simulator,1.5,1785952238.6664984,30,0.9865,0.0135,closed,0.3378,33.78,0.2417,4.27,40.04,2.94,4.47,0.0093,21.0,523.4,0.0151,0.0028,0.2272,0.1964,3,105.93,116.64,124.23,5,0.021,199.9,3,0.0067
live_ep_000030_NONE,NONE,inventory-service,python-simulator,2.0,1785952239.1670277,58,0.9869,0.0131,closed,0.3307,33.07,0.4243,10.64,14.07,4.14,7.48,0.0088,4.43,524.8,0.0009,0.0009,0.2305,0.2845,2,80.35,82.95,111.35,18,0.046,180.2,12,0.0093
live_ep_000030_NONE,NONE,inventory-service,python-simulator,2.5,1785952239.6671278,50,0.9751,0.0249,closed,0.2627,26.27,0.4011,12.43,24.71,5.69,6.97,0.0038,59.43,506.7,0.0037,0.0007,0.2422,0.2467,4,86.65,116.02,134.81,19,0.0196,190.91,5,0.0007
live_ep_000030_NONE,NONE,inventory-service,python-simulator,3.0,1785952240.167737,42,0.9155,0.0845,closed,0.2868,28.68,0.4492,16.76,15.28,4.12,3.19,0.0057,5.67,487.6,0.0134,0.0013,0.3167,0.1918,4,85.53,116.38,137.58,9,0.0786,217.2,4,0.0072
live_ep_000030_NONE,NONE,inventory-service,python-simulator,3.5,1785952240.667904,117,0.99,0.01,closed,0.2956,29.56,0.4711,2.44,20.49,4.14,5.33,0.0099,18.37,520.6,0.0003,0.0039,0.4476,0.2563,3,77.88,117.19,118.58,7,0.0306,225.9,0,0.0123
live_ep_000030_NONE,NONE,inventory-service,python-simulator,4.0,1785952241.1683915,81,0.9509,0.0491,closed,0.3579,35.79,0.3928,2.54,27.22,3.66,6.33,0.003,2.0,497.7,0.0005,0.0008,0.2865,0.2636,1,91.52,99.98,103.69,19,0.0528,225.98,8,0.0043
live_ep_000030_NONE,NONE,inventory-service,python-simulator,4.5,1785952241.6685803,103,0.9283,0.0717,closed,0.3754,37.54,0.434,1.93,21.32,2.3,5.22,0.0111,35.14,512.0,0.0026,0.001,0.213,0.2469,0,73.97,82.81,112.28,5,0.0061,204.75,7,0.0007
live_ep_000030_NONE,NONE,inventory-service,python-simulator,5.0,1785952242.169467,94,0.9772,0.0228,closed,0.3436,34.36,0.3183,3.62,15.04,6.22,5.82,0.0108,5.1,506.4,0.002,0.0015,0.2439,0.2531,0,86.16,91.94,109.12,8,0.0092,219.3,11,0.0005
live_ep_000030_NONE,NONE,inventory-service,python-simulator,5.5,1785952242.6698895,31,0.9384,0.0616,closed,0.3495,34.95,0.31,5.51,19.47,5.59,7.52,0.0032,31.78,534.2,0.0051,0.002,0.2511,0.2522,3,79.38,99.27,102.15,15,0.0419,215.83,10,0.0102
live_ep_000030_NONE,NONE,inventory-service,python-simulator,6.0,1785952243.1703105,58,0.9891,0.0109,closed,0.3843,38.43,0.383,0.5,33.0,5.13,6.01,0.0066,2.75,496.8,0.0047,0.0007,0.1819,0.2757,4,87.15,94.0,130.21,13,0.0069,202.54,3,0.0088
live_ep_000030_NONE,NONE,inventory-service,python-simulator,6.5,1785952243.6704144,55,0.9812,0.0188,closed,0.333,33.3,0.2958,7.55,19.91,3.97,8.18,0.0055,22.2,541.6,0.0078,0.0042,0.2501,0.2606,3,91.14,92.75,124.96,12,0.0094,198.77,14,0.0038
live_ep_000030_NONE,NONE,inventory-service,python-simulator,7.0,1785952244.171018,91,0.9857,0.0143,closed,0.4154,41.54,0.3569,5.05,33.38,2.6,6.89,0.0135,5.5,521.2,0.013,0.0015,0.2045,0.1937,0,92.61,112.05,130.15,19,0.0166,216.86,14,0.0119
live_ep_000030_NONE,NONE,inventory-service,python-simulator,7.5,1785952244.6713314,27,0.9741,0.0259,closed,0.3574,35.74,0.3004,1.6,28.93,2.61,7.47,0.0039,15.76,515.7,0.0007,0.0003,0.2641,0.1933,3,90.43,111.33,138.52,10,0.1,207.98,7,0.0186
live_ep_000030_NONE,NONE,inventory-service,python-simulator,8.0,1785952245.1725426,79,0.99,0.01,closed,0.3902,39.02,0.4211,1.0,20.38,3.93,10.5,0.0035,12.71,519.6,0.0029,0.0009,0.2064,0.2044,0,100.54,108.15,117.41,17,0.0612,210.79,5,0.0038
live_ep_000030_NONE,NONE,inventory-service,python-simulator,8.5,1785952245.6728377,70,0.9505,0.0495,closed,0.3891,38.91,0.2766,3.31,15.37,6.38,8.02,0.0104,10.94,502.7,0.0004,0.0068,0.3497,0.2189,0,99.17,99.76,110.36,0,0.0262,227.84,13,0.0045
live_ep_000030_NONE,NONE,inventory-service,python-simulator,9.0,1785952246.1733067,108,0.99,0.01,closed,0.3533,35.33,0.345,0.74,23.86,4.45,7.67,0.0031,4.51,512.5,0.0065,0.0,0.2281,0.2364,0,102.7,104.29,121.39,5,0.0654,151.8,9,0.0032
live_ep_000030_NONE,NONE,inventory-service,python-simulator,9.5,1785952246.6734767,26,0.9819,0.0181,closed,0.2848,28.48,0.3014,1.2,16.82,5.67,5.01,0.0081,2.09,536.3,0.0124,0.0016,0.2803,0.2993,2,89.57,104.85,137.36,18,0.0958,154.79,3,0.0065
live_ep_000030_NONE,NONE,inventory-service,python-simulator,10.0,1785952247.1740203,71,0.9869,0.0131,closed,0.4068,40.68,0.306,7.62,13.3,2.59,4.69,0.0043,2.4,499.9,0.002,0.005,0.347,0.2541,3,90.23,99.33,117.54,5,0.0111,191.93,9,0.0012
live_ep_000030_NONE,NONE,inventory-service,python-simulator,10.5,1785952247.674237,49,0.9849,0.0151,closed,0.3267,32.67,0.4122,1.28,20.28,4.96,7.44,0.0051,6.43,517.1,0.0071,0.0032,0.2086,0.2108,2,95.76,123.02,126.45,0,0.0366,184.8,12,0.0057
live_ep_000030_NONE,NONE,inventory-service,python-simulator,11.0,1785952248.1744013,95,0.99,0.01,closed,0.3799,37.99,0.4049,3.02,24.27,3.31,5.34,0.0085,8.55,529.3,0.0013,0.0018,0.1662,0.2199,3,93.82,126.48,127.01,14,0.0282,214.2,5,0.004
live_ep_000030_NONE,NONE,inventory-service,python-simulator,11.5,1785952248.6750133,88,0.9873,0.0127,closed,0.4098,40.98,0.3537,8.52,15.54,3.29,6.93,0.0059,13.18,520.5,0.0018,0.0019,0.2275,0.2752,4,77.48,92.16,122.62,14,0.0473,182.05,4,0.0004
live_ep_000030_NONE,NONE,inventory-service,python-simulator,12.0,1785952249.1753736,35,0.944,0.056,closed,0.3024,30.24,0.2537,0.52,20.74,4.54,6.9,0.0046,60.0,512.5,0.0099,0.0021,0.2025,0.2282,0,87.99,141.62,142.58,16,0.0492,203.46,10,0.0004
live_ep_000030_NONE,NONE,inventory-service,python-simulator,12.5,1785952249.6758392,96,0.9524,0.0476,closed,0.2437,24.37,0.2073,1.15,24.89,3.61,7.59,0.0033,11.34,479.2,0.003,0.0065,0.2571,0.2107,1,92.7,114.92,125.77,0,0.0119,220.55,2,0.0008
live_ep_000030_NONE,NONE,inventory-service,python-simulator,13.0,1785952250.176406,99,0.9379,0.0621,closed,0.2938,29.38,0.2989,0.5,22.19,4.58,4.15,0.0153,27.23,500.6,0.0067,0.0031,0.2586,0.265,4,80.75,92.33,98.84,1,0.0415,222.26,12,0.0041
live_ep_000030_NONE,NONE,inventory-service,python-simulator,13.5,1785952250.6767933,75,0.9632,0.0368,closed,0.3371,33.71,0.448,11.87,26.73,6.31,10.11,0.0005,5.08,513.1,0.0026,0.0016,0.2012,0.2977,2,91.88,105.49,122.37,2,0.0132,183.41,2,0.0009
live_ep_000030_NONE,NONE,inventory-service,python-simulator,14.0,1785952251.177325,117,0.9793,0.0207,closed,0.3328,33.28,0.2907,2.28,23.35,6.92,2.0,0.0077,19.16,538.3,0.001,0.0022,0.2048,0.2503,1,91.05,112.75,142.95,19,0.0439,177.98,5,0.0083
live_ep_000030_NONE,NONE,inventory-service,python-simulator,14.5,1785952251.6778862,43,0.9369,0.0631,closed,0.3699,36.99,0.5463,2.6,27.82,7.56,8.59,0.0075,12.93,540.4,0.0021,0.0015,0.1591,0.2149,4,84.37,108.88,118.84,13,0.1,175.49,4,0.003
live_ep_000030_NONE,NONE,inventory-service,python-simulator,15.0,1785952252.1785069,93,0.9705,0.0295,closed,0.4161,41.61,0.3168,5.29,28.26,2.26,6.73,0.0042,36.35,507.7,0.0019,0.0017,0.2849,0.2759,3,89.13,97.13,142.93,1,0.0011,233.53,1,0.0021
live_ep_000030_NONE,NONE,inventory-service,python-simulator,15.5,1785952252.6789238,52,0.9104,0.0896,closed,0.3792,37.92,0.2991,13.89,20.09,2.51,2.43,0.0074,32.37,504.7,0.0002,0.0009,0.3711,0.2261,2,101.13,132.22,150.4,1,0.0171,192.75,1,0.0015
live_ep_000030_NONE,NONE,inventory-service,python-simulator,16.0,1785952253.179093,70,0.88,0.12,closed,0.3313,33.13,0.1882,0.5,20.94,9.18,9.43,0.0113,4.61,496.2,0.0029,0.0003,0.2279,0.2733,0,76.51,137.11,148.93,16,0.0105,211.77,12,0.0009
live_ep_000030_NONE,NONE,inventory-service,python-simulator,16.5,1785952253.679321,29,0.99,0.01,closed,0.2995,29.95,0.1946,5.8,23.06,3.99,10.13,0.0268,2.0,489.7,0.0008,0.0021,0.2218,0.2364,1,85.35,90.11,95.45,6,0.0165,155.84,1,0.004
live_ep_000030_NONE,NONE,inventory-service,python-simulator,17.0,1785952254.1809394,73,0.9766,0.0234,closed,0.2989,29.89,0.293,19.48,26.84,6.45,5.11,0.0089,8.0,480.7,0.0004,0.0009,0.2998,0.2521,0,94.13,109.19,111.98,5,0.0298,200.46,3,0.0029
live_ep_000030_NONE,NONE,inventory-service,python-simulator,17.5,1785952254.6811485,67,0.9768,0.0232,closed,0.322,32.2,0.3703,24.73,11.25,5.1,7.77,0.0038,40.33,503.5,0.0085,0.0015,0.1742,0.2655,3,86.14,125.39,137.37,5,0.0028,222.13,0,0.0067
live_ep_000030_NONE,NONE,inventory-service,python-simulator,18.0,1785952255.1814787,117,0.9867,0.0133,closed,0.3299,32.99,0.2249,2.13,27.06,7.83,4.43,0.0043,4.55,518.2,0.0009,0.001,0.3218,0.2396,3,74.35,131.13,133.23,3,0.0451,176.6,11,0.0042
live_ep_000030_NONE,NONE,inventory-service,python-simulator,18.5,1785952255.6820548,56,0.939,0.061,closed,0.4362,43.62,0.2576,3.73,9.61,6.96,5.02,0.006,4.82,525.2,0.0055,0.0002,0.3297,0.2617,1,90.33,91.68,109.87,18,0.0251,188.87,12,0.0
live_ep_000030_NONE,NONE,inventory-service,python-simulator,19.0,1785952256.182295,20,0.98,0.02,closed,0.3355,33.55,0.3713,4.77,22.58,10.2,4.13,0.0087,22.36,519.3,0.0045,0.0029,0.2405,0.2715,1,99.23,109.58,112.05,6,0.0834,182.09,14,0.0013
live_ep_000030_NONE,NONE,inventory-service,python-simulator,19.5,1785952256.6826818,66,0.9679,0.0321,closed,0.4643,46.43,0.2797,10.57,25.02,4.14,9.03,0.0151,2.0,515.5,0.0049,0.0041,0.1819,0.2967,0,83.18,108.32,131.97,12,0.013,205.83,13,0.0024
live_ep_000030_NONE,NONE,inventory-service,python-simulator,20.0,1785952257.1841526,46,0.9639,0.0361,closed,0.2426,24.26,0.3641,8.06,32.81,2.78,6.06,0.0073,2.0,479.7,0.0016,0.0008,0.1601,0.2534,0,85.05,96.62,124.97,0,0.0139,191.3,11,0.0048
live_ep_000030_NONE,NONE,inventory-service,python-simulator,20.5,1785952257.6846366,25,0.9659,0.0341,closed,0.3341,33.41,0.1985,1.5,15.65,4.57,4.29,0.0086,3.81,545.5,0.0054,0.0006,0.1857,0.2674,1,105.19,105.56,105.73,3,0.014,189.1,2,0.0014
live_ep_000030_NONE,NONE,inventory-service,python-simulator,21.0,1785952258.1847446,29,0.99,0.01,closed,0.3462,34.62,0.5246,0.8,19.0,4.19,4.3,0.0146,2.45,535.7,0.0093,0.0044,0.1396,0.2359,0,101.21,111.84,113.44,2,0.1,186.45,8,0.0007
live_ep_000030_NONE,NONE,inventory-service,python-simulator,21.5,1785952258.685301,21,0.9061,0.0939,closed,0.3255,32.55,0.4196,5.86,23.35,4.74,9.94,0.0058,13.3,493.5,0.0001,0.0007,0.2949,0.2244,4,92.65,117.17,135.76,8,0.0043,211.96,1,0.0155
live_ep_000030_NONE,NONE,inventory-service,python-simulator,22.0,1785952259.1857708,79,0.9686,0.0314,closed,0.3963,39.63,0.2053,14.76,18.89,8.4,5.65,0.0059,27.3,504.5,0.0058,0.0027,0.2067,0.3153,0,90.0,96.18,112.05,13,0.0111,181.76,1,0.004
live_ep_000030_NONE,NONE,inventory-service,python-simulator,22.5,1785952259.685898,101,0.9591,0.0409,closed,0.3827,38.27,0.3088,6.31,21.02,3.37,8.15,0.0063,2.21,493.8,0.001,0.0012,0.1752,0.2371,1,87.59,94.29,97.76,14,0.0006,220.22,13,0.0007
live_ep_000030_NONE,NONE,inventory-service,python-simulator,23.0,1785952260.1862578,110,0.9729,0.0271,closed,0.3641,36.41,0.3676,19.35,25.43,11.17,8.02,0.0211,10.97,518.3,0.0031,0.003,0.194,0.2424,1,77.92,90.56,136.5,8,0.0226,176.97,5,0.0057
live_ep_000030_NONE,NONE,inventory-service,python-simulator,23.5,1785952260.6865199,47,0.9645,0.0355,closed,0.3603,36.03,0.3951,3.98,26.22,2.84,4.33,0.0054,6.89,504.5,0.0032,0.0022,0.237,0.2346,1,99.14,100.92,117.2,4,0.1,237.84,0,0.005
live_ep_000030_NONE,NONE,inventory-service,python-simulator,24.0,1785952261.1866891,37,0.99,0.01,closed,0.293,29.3,0.2783,1.69,29.28,5.23,7.59,0.0103,7.28,508.6,0.006,0.0039,0.2163,0.2592,2,89.75,91.33,128.34,0,0.024,203.32,10,0.0043
live_ep_000030_NONE,NONE,inventory-service,python-simulator,24.5,1785952261.686902,83,0.9462,0.0538,closed,0.3772,37.72,0.3649,10.0,15.15,4.68,8.0,0.0391,4.87,499.5,0.0044,0.0067,0.261,0.2776,4,96.3,102.19,122.47,16,0.005,157.72,0,0.0005
live_ep_000030_NONE,NONE,inventory-service,python-simulator,25.0,1785952262.187127,73,0.9621,0.0379,closed,0.2578,25.78,0.3372,0.64,18.89,5.11,3.91,0.0313,2.0,505.8,0.0042,0.0011,0.2269,0.2033,2,88.17,118.36,119.26,16,0.0036,168.57,0,0.0019
live_ep_000030_NONE,NONE,inventory-service,python-simulator,25.5,1785952262.6873922,67,0.984,0.016,closed,0.3019,30.19,0.4104,0.5,12.94,5.43,8.36,0.0127,7.14,504.2,0.0239,0.0013,0.3132,0.2649,1,98.37,146.06,149.53,10,0.0074,217.2,3,0.0071
live_ep_000030_NONE,NONE,inventory-service,python-simulator,26.0,1785952263.1874907,96,0.9894,0.0106,closed,0.2426,24.26,0.3719,1.31,21.84,4.16,2.8,0.012,44.32,523.1,0.0037,0.0029,0.1891,0.3017,4,95.3,105.22,107.58,8,0.0133,218.21,6,0.01
live_ep_000030_NONE,NONE,inventory-service,python-simulator,26.5,1785952263.6878233,36,0.88,0.12,closed,0.3077,30.77,0.4093,2.06,14.32,7.89,4.77,0.0075,6.04,510.8,0.0067,0.0018,0.2945,0.2813,1,77.83,108.42,152.44,8,0.0374,203.6,7,0.0064
live_ep_000030_NONE,NONE,inventory-service,python-simulator,27.0,1785952264.1879296,75,0.9704,0.0296,closed,0.3334,33.34,0.2454,0.5,18.1,3.39,9.33,0.0307,9.61,538.1,0.0019,0.0038,0.2674,0.2411,3,102.67,106.33,114.73,18,0.0228,208.3,4,0.0095
live_ep_000030_NONE,NONE,inventory-service,python-simulator,27.5,1785952264.687984,112,0.9739,0.0261,closed,0.4162,41.62,0.2725,0.5,22.33,2.17,7.55,0.0094,5.5,505.3,0.0042,0.0023,0.3029,0.2611,3,83.45,87.45,138.03,12,0.0265,215.05,1,0.0026
live_ep_000030_NONE,NONE,inventory-service,python-simulator,28.0,1785952265.1884878,69,0.88,0.12,closed,0.2755,27.55,0.2947,0.62,36.54,10.67,4.04,0.014,23.99,507.7,0.0067,0.003,0.3198,0.2369,3,95.13,108.04,114.17,5,0.0307,229.49,8,0.0034
live_ep_000030_NONE,NONE,inventory-service,python-simulator,28.5,1785952265.6887658,95,0.99,0.01,closed,0.3927,39.27,0.3644,10.81,29.56,7.69,5.93,0.0057,22.22,503.4,0.0006,0.0015,0.2808,0.234,3,90.6,105.21,121.86,2,0.0034,188.3,0,0.0014
live_ep_000030_NONE,NONE,inventory-service,python-simulator,29.0,1785952266.1892045,58,0.9459,0.0541,closed,0.3972,39.72,0.5468,1.24,25.85,4.8,4.51,0.0086,13.97,522.9,0.002,0.001,0.2302,0.2549,0,92.71,96.83,126.53,5,0.0016,183.36,10,0.0012
live_ep_000030_NONE,NONE,inventory-service,python-simulator,29.5,1785952266.6897087,48,0.9758,0.0242,closed,0.355,35.5,0.4094,5.69,26.19,5.19,8.6,0.0069,12.43,484.8,0.0015,0.0023,0.2195,0.2039,1,84.81,88.12,90.65,10,0.0337,178.7,1,0.0009
live_ep_000030_NONE,NONE,inventory-service,python-simulator,30.0,1785952267.1902168,49,0.99,0.01,closed,0.3357,33.57,0.3938,2.48,12.21,6.02,9.13,0.0053,7.12,509.8,0.0032,0.0047,0.233,0.264,2,103.02,97.9,95.75,16,0.0354,217.5,12,0.0077
live_ep_000030_NONE,NONE,inventory-service,python-simulator,30.5,1785952267.6907232,81,0.97,0.03,closed,0.4112,41.12,0.404,0.73,15.32,3.77,8.02,0.0172,34.62,508.3,0.0045,0.0045,0.2474,0.238,3,87.74,104.46,129.18,4,0.0004,203.98,10,0.0091
live_ep_000030_NONE,NONE,inventory-service,python-simulator,31.0,1785952268.1909635,96,0.9409,0.0591,closed,0.2962,29.62,0.3209,1.26,14.74,6.02,10.62,0.004,6.26,497.0,0.0007,0.0007,0.1782,0.2701,1,109.49,110.08,112.54,18,0.0553,206.21,9,0.002
live_ep_000030_NONE,NONE,inventory-service,python-simulator,31.5,1785952268.691214,75,0.9559,0.0441,closed,0.2805,28.05,0.4871,4.04,8.58,3.84,4.24,0.0057,14.82,533.3,0.0016,0.0021,0.3517,0.2319,0,97.65,105.25,110.47,3,0.0028,204.97,0,0.0044
live_ep_000030_NONE,NONE,inventory-service,python-simulator,32.0,1785952269.1914873,109,0.9838,0.0162,closed,0.4467,44.67,0.3737,1.09,20.84,2.61,5.53,0.0122,20.2,540.8,0.0004,0.0002,0.1747,0.2861,2,87.29,88.52,88.96,7,0.0102,184.1,2,0.0054
live_ep_000030_NONE,NONE,inventory-service,python-simulator,32.5,1785952269.691999,66,0.8989,0.1011,closed,0.4159,41.59,0.4163,6.14,27.17,7.54,3.72,0.0091,22.79,491.2,0.0019,0.0015,0.1624,0.2502,2,97.23,118.56,118.67,16,0.1,180.0,7,0.0006
live_ep_000030_NONE,NONE,inventory-service,python-simulator,33.0,1785952270.19247,73,0.9855,0.0145,closed,0.305,30.5,0.3809,8.85,23.22,2.8,4.63,0.0017,10.49,492.7,0.0015,0.0003,0.2433,0.252,0,87.29,108.71,128.44,19,0.0216,222.16,12,0.0022
live_ep_000030_NONE,NONE,inventory-service,python-simulator,33.5,1785952270.6926858,32,0.9899,0.0101,closed,0.3259,32.59,0.3073,6.9,22.66,13.77,5.63,0.0038,34.91,467.7,0.0007,0.0011,0.2217,0.2418,1,85.71,107.58,121.7,10,0.0305,228.55,13,0.0053
live_ep_000030_NONE,NONE,inventory-service,python-simulator,34.0,1785952271.193107,34,0.9297,0.0703,closed,0.3586,35.86,0.3272,1.64,18.65,7.49,5.95,0.0107,6.43,514.0,0.0013,0.0015,0.2548,0.2325,4,99.35,143.68,168.89,10,0.0431,203.37,10,0.0045
live_ep_000030_NONE,NONE,inventory-service,python-simulator,34.5,1785952271.693383,99,0.9515,0.0485,closed,0.4552,45.52,0.2979,0.97,18.09,7.07,3.1,0.003,16.09,494.7,0.0017,0.0041,0.1712,0.2423,4,87.96,96.35,115.41,14,0.0668,200.77,12,0.002
live_ep_000030_NONE,NONE,inventory-service,python-simulator,35.0,1785952272.1935222,84,0.979,0.021,closed,0.3623,36.23,0.3385,4.84,12.69,4.7,7.17,0.0081,18.59,533.0,0.0003,0.0008,0.1923,0.2575,1,79.98,85.3,104.07,18,0.0652,182.84,8,0.002
live_ep_000030_NONE,NONE,inventory-service,python-simulator,35.5,1785952272.6940844,54,0.99,0.01,closed,0.3241,32.41,0.5762,2.21,13.08,4.13,7.58,0.0208,30.54,513.8,0.0216,0.0008,0.297,0.2525,2,79.29,112.88,120.56,15,0.07,198.44,11,0.0035
live_ep_000030_NONE,NONE,inventory-service,python-simulator,36.0,1785952273.1944337,95,0.9798,0.0202,closed,0.3383,33.83,0.2042,4.11,41.14,6.11,2.71,0.0055,3.34,509.0,0.0036,0.0003,0.3118,0.236,2,89.38,111.49,140.59,2,0.0543,231.85,14,0.0044
live_ep_000030_NONE,NONE,inventory-service,python-simulator,36.5,1785952273.694779,96,0.99,0.01,closed,0.3696,36.96,0.2752,2.02,14.73,3.92,2.87,0.0029,38.16,533.0,0.0004,0.0065,0.265,0.2558,2,93.35,111.67,115.75,16,0.1,187.52,11,0.0064
live_ep_000030_NONE,NONE,inventory-service,python-simulator,37.0,1785952274.1950493,79,0.9149,0.0851,closed,0.278,27.8,0.2908,1.87,18.13,5.5,8.6,0.0012,37.73,542.1,0.0104,0.0015,0.24,0.2272,3,99.76,102.84,128.34,19,0.0009,206.15,6,0.0038
live_ep_000030_NONE,NONE,inventory-service,python-simulator,37.5,1785952274.6954122,61,0.9212,0.0788,closed,0.3342,33.42,0.2583,0.67,15.62,5.85,10.4,0.0075,12.12,513.4,0.0042,0.0002,0.2786,0.2814,0,92.86,103.16,127.68,5,0.0126,214.44,0,0.0072
live_ep_000030_NONE,NONE,inventory-service,python-simulator,38.0,1785952275.1956475,42,0.88,0.12,closed,0.3924,39.24,0.4839,18.31,15.1,7.87,4.44,0.0163,10.08,544.1,0.0149,0.0102,0.2864,0.3415,1,95.72,116.59,124.17,3,0.0469,208.19,1,0.0086
live_ep_000030_NONE,NONE,inventory-service,python-simulator,38.5,1785952275.695818,77,0.9385,0.0615,closed,0.332,33.2,0.4053,9.91,20.47,1.74,6.83,0.0028,11.59,473.8,0.0015,0.0017,0.3028,0.2431,4,97.02,104.57,129.42,17,0.0105,210.23,13,0.0035
live_ep_000030_NONE,NONE,inventory-service,python-simulator,39.0,1785952276.1960664,88,0.88,0.12,closed,0.3411,34.11,0.403,8.21,43.46,3.09,7.52,0.0093,23.81,544.3,0.0022,0.0008,0.2048,0.2431,1,69.95,107.48,132.54,15,0.0684,230.16,10,0.0073
live_ep_000030_NONE,NONE,inventory-service,python-simulator,39.5,1785952276.6962473,113,0.957,0.043,closed,0.3421,34.21,0.3769,1.5,17.82,7.83,7.81,0.0097,12.53,507.4,0.0054,0.0021,0.3452,0.2581,1,104.19,104.2,104.72,13,0.0522,200.32,8,0.0013
live_ep_000030_NONE,NONE,inventory-service,python-simulator,40.0,1785952277.1964114,99,0.99,0.01,closed,0.2693,26.93,0.319,7.91,15.73,5.05,6.92,0.0053,14.98,508.5,0.004,0.0006,0.1483,0.2478,1,96.69,97.97,129.35,10,0.0808,216.38,0,0.0
live_ep_000030_NONE,NONE,inventory-service,python-simulator,40.5,1785952277.696714,61,0.99,0.01,closed,0.3755,37.55,0.2691,6.8,24.67,2.55,4.98,0.0119,9.57,514.9,0.0025,0.0027,0.2853,0.2605,0,84.91,88.27,129.53,1,0.0044,185.63,14,0.0011
live_ep_000030_NONE,NONE,inventory-service,python-simulator,41.0,1785952278.1972551,92,0.9275,0.0725,closed,0.3921,39.21,0.432,5.44,17.74,2.93,2.8,0.0041,56.39,502.4,0.0031,0.0005,0.2212,0.2827,0,86.45,106.88,110.52,2,0.0341,196.54,1,0.0084
live_ep_000030_NONE,NONE,inventory-service,python-simulator,41.5,1785952278.6974034,67,0.99,0.01,closed,0.3205,32.05,0.3103,0.85,37.22,4.23,7.36,0.0216,7.84,510.7,0.0102,0.0011,0.2048,0.1582,2,81.08,92.88,114.63,10,0.0013,163.38,3,0.0026
live_ep_000030_NONE,NONE,inventory-service,python-simulator,42.0,1785952279.197626,65,0.88,0.12,closed,0.3306,33.06,0.2835,4.01,24.31,1.97,7.0,0.0077,2.0,526.6,0.009,0.0007,0.2017,0.2785,0,80.6,91.57,110.67,16,0.0639,177.82,1,0.007
live_ep_000030_NONE,NONE,inventory-service,python-simulator,42.5,1785952279.698177,111,0.9364,0.0636,closed,0.187,18.7,0.3995,5.31,21.61,5.2,8.95,0.0073,48.85,494.3,0.0013,0.0012,0.2162,0.2234,1,81.4,111.13,121.98,18,0.0203,198.09,1,0.0041
live_ep_000030_NONE,NONE,inventory-service,python-simulator,43.0,1785952280.198296,21,0.9576,0.0424,closed,0.3587,35.87,0.3075,4.97,28.11,2.9,5.58,0.005,6.7,523.3,0.0027,0.001,0.1513,0.1896,2,95.82,110.97,115.26,5,0.0316,206.68,13,0.0069
live_ep_000030_NONE,NONE,inventory-service,python-simulator,43.5,1785952280.6983428,80,0.9764,0.0236,closed,0.3015,30.15,0.3684,11.27,10.8,3.49,5.92,0.0064,9.25,506.7,0.0014,0.0048,0.3732,0.2427,2,79.92,106.04,116.82,18,0.0373,198.28,8,0.0077
live_ep_000030_NONE,NONE,inventory-service,python-simulator,44.0,1785952281.1987395,51,0.9847,0.0153,closed,0.3534,35.34,0.4183,3.03,23.95,2.85,8.6,0.0079,6.73,501.3,0.0043,0.0046,0.2877,0.2882,2,95.88,99.92,124.35,2,0.0238,207.56,7,0.0043
live_ep_000030_NONE,NONE,inventory-service,python-simulator,44.5,1785952281.6991951,100,0.99,0.01,closed,0.3457,34.57,0.3818,5.74,12.23,2.34,7.59,0.0114,5.68,519.1,0.003,0.0026,0.2785,0.2709,2,76.43,88.12,123.71,4,0.0054,202.31,7,0.0019
live_ep_000030_NONE,NONE,inventory-service,python-simulator,45.0,1785952282.199601,96,0.887,0.113,closed,0.4394,43.94,0.4686,10.53,29.3,9.04,4.09,0.0121,11.32,531.4,0.0154,0.0072,0.1348,0.2167,1,90.15,102.7,138.76,3,0.0202,187.06,4,0.008
live_ep_000030_NONE,NONE,inventory-service,python-simulator,45.5,1785952282.6996527,81,0.9656,0.0344,closed,0.3769,37.69,0.2417,0.74,18.65,2.47,5.21,0.0032,5.66,509.7,0.0013,0.0037,0.1602,0.2841,3,93.39,105.92,120.81,10,0.0353,247.44,0,0.0011
live_ep_000030_NONE,NONE,inventory-service,python-simulator,46.0,1785952283.199864,84,0.9703,0.0297,closed,0.2905,29.05,0.3608,10.12,22.73,4.31,6.5,0.003,34.59,493.9,0.0039,0.0032,0.2545,0.2479,0,95.67,102.77,103.93,4,0.01,172.29,8,0.0008
live_ep_000030_NONE,NONE,inventory-service,python-simulator,46.5,1785952283.7002654,106,0.9126,0.0874,closed,0.2698,26.98,0.3264,0.5,11.4,6.21,5.05,0.0021,2.36,504.0,0.0014,0.0,0.3486,0.2968,1,71.48,90.68,115.22,5,0.0551,187.82,8,0.0038
live_ep_000030_NONE,NONE,inventory-service,python-simulator,47.0,1785952284.2004027,47,0.9681,0.0319,closed,0.4021,40.21,0.4886,4.05,35.76,9.93,8.98,0.0134,10.99,542.3,0.0102,0.0013,0.3738,0.2541,1,93.22,99.39,103.64,13,0.018,205.42,2,0.009
live_ep_000030_NONE,NONE,inventory-service,python-simulator,47.5,1785952284.7005389,114,0.9534,0.0466,closed,0.3646,36.46,0.3004,3.54,22.11,4.2,6.87,0.0044,2.0,516.2,0.0046,0.003,0.2612,0.281,4,86.23,90.48,112.44,16,0.0719,146.31,6,0.003
live_ep_000030_NONE,NONE,inventory-service,python-simulator,48.0,1785952285.2010624,60,0.9614,0.0386,closed,0.3293,32.93,0.2918,5.08,11.06,9.25,7.09,0.0262,54.1,503.1,0.0022,0.0051,0.3118,0.2513,4,106.94,107.08,118.51,2,0.0025,172.79,2,0.0081
live_ep_000030_NONE,NONE,inventory-service,python-simulator,48.5,1785952285.701506,48,0.9194,0.0806,closed,0.2839,28.39,0.3273,2.85,19.66,3.71,7.13,0.0061,2.0,542.9,0.0009,0.0004,0.1962,0.3569,1,101.03,115.36,127.44,5,0.0331,170.47,11,0.0005
live_ep_000030_NONE,NONE,inventory-service,python-simulator,49.0,1785952286.2017198,35,0.99,0.01,closed,0.3506,35.06,0.2573,0.5,18.55,7.71,6.68,0.0063,25.66,488.7,0.0131,0.0045,0.3145,0.2604,3,75.86,107.18,129.95,3,0.0578,201.65,14,0.0072
live_ep_000030_NONE,NONE,inventory-service,python-simulator,49.5,1785952286.7022862,85,0.9296,0.0704,closed,0.3295,32.95,0.3285,0.5,20.58,3.42,3.78,0.0242,8.4,516.4,0.0007,0.0028,0.3253,0.241,3,83.58,84.97,119.13,9,0.0167,190.36,8,0.0005
live_ep_000030_NONE,NONE,inventory-service,python-simulator,50.0,1785952287.202844,63,0.9817,0.0183,closed,0.3185,31.85,0.3446,0.5,13.5,2.81,4.74,0.0113,10.75,519.7,0.0082,0.0047,0.1879,0.2529,4,84.18,105.72,124.45,0,0.0119,206.31,0,0.0019
live_ep_000030_NONE,NONE,inventory-service,python-simulator,50.5,1785952287.7034168,110,0.9512,0.0488,closed,0.4635,46.35,0.3013,5.33,31.78,3.05,9.32,0.0067,10.51,513.5,0.0068,0.0053,0.3458,0.2824,3,100.29,121.4,125.09,19,0.0244,232.38,12,0.0088
live_ep_000030_NONE,NONE,inventory-service,python-simulator,51.0,1785952288.2038467,94,0.9822,0.0178,closed,0.3097,30.97,0.2784,12.14,14.84,3.8,2.6,0.0189,2.0,505.5,0.0063,0.0027,0.2049,0.2484,2,84.26,117.0,130.02,1,0.0229,203.84,11,0.0001
live_ep_000030_NONE,NONE,inventory-service,python-simulator,51.5,1785952288.704116,59,0.9472,0.0528,closed,0.3991,39.91,0.3426,5.73,17.15,6.43,2.0,0.0042,25.1,518.2,0.0048,0.0065,0.2125,0.2586,4,84.15,113.28,122.38,16,0.0359,197.27,10,0.0104
live_ep_000030_NONE,NONE,inventory-service,python-simulator,52.0,1785952289.204252,57,0.9151,0.0849,closed,0.322,32.2,0.2904,1.38,28.33,2.71,6.38,0.0053,15.14,487.9,0.0095,0.0039,0.2459,0.2047,2,95.21,123.29,129.26,19,0.0447,214.12,1,0.0026
live_ep_000030_NONE,NONE,inventory-service,python-simulator,52.5,1785952289.7044818,20,0.9151,0.0849,closed,0.4707,47.07,0.3729,2.95,22.64,4.13,4.96,0.0073,3.13,502.5,0.0045,0.0005,0.3053,0.2056,4,85.05,95.21,142.36,4,0.0142,215.53,11,0.0062
live_ep_000030_NONE,NONE,inventory-service,python-simulator,53.0,1785952290.2056708,70,0.99,0.01,closed,0.2951,29.51,0.3587,10.04,20.9,6.66,8.07,0.0017,13.14,519.6,0.0045,0.0061,0.1369,0.2537,2,75.5,89.75,89.89,6,0.065,212.88,13,0.0023
live_ep_000030_NONE,NONE,inventory-service,python-simulator,53.5,1785952290.7059548,50,0.9781,0.0219,closed,0.3449,34.49,0.4408,0.5,17.75,2.52,4.45,0.0135,19.17,498.7,0.0076,0.0009,0.126,0.2718,3,103.62,107.85,121.96,0,0.0082,148.46,5,0.001
live_ep_000030_NONE,NONE,inventory-service,python-simulator,54.0,1785952291.206417,48,0.9893,0.0107,closed,0.3312,33.12,0.3077,5.44,16.13,5.4,5.84,0.0094,21.97,532.2,0.0064,0.0006,0.2401,0.32,1,83.77,96.94,104.7,9,0.0576,220.65,5,0.0016
live_ep_000030_NONE,NONE,inventory-service,python-simulator,54.5,1785952291.7075155,43,0.922,0.078,closed,0.3433,34.33,0.4199,5.13,23.23,4.76,3.94,0.0211,10.98,516.4,0.0071,0.0002,0.196,0.2233,3,90.23,91.72,99.95,0,0.0109,233.71,3,0.0003
live_ep_000030_NONE,NONE,inventory-service,python-simulator,55.0,1785952292.2076945,80,0.9862,0.0138,closed,0.3893,38.93,0.4263,1.05,25.62,2.24,5.71,0.0263,4.21,491.4,0.0016,0.0003,0.1952,0.261,2,87.28,117.86,134.71,0,0.0016,143.77,9,0.0137
live_ep_000030_NONE,NONE,inventory-service,python-simulator,55.5,1785952292.7080925,108,0.983,0.017,closed,0.3893,38.93,0.3218,17.72,20.82,3.34,4.63,0.0036,3.16,490.9,0.0215,0.0016,0.2347,0.2622,4,84.82,109.16,110.39,14,0.0272,224.51,4,0.0043
live_ep_000030_NONE,NONE,inventory-service,python-simulator,56.0,1785952293.2082026,109,0.99,0.01,closed,0.3174,31.74,0.3027,11.12,12.69,2.35,7.47,0.0113,22.63,461.3,0.0,0.001,0.1879,0.2147,3,80.68,88.46,129.36,1,0.048,215.0,5,0.0015
live_ep_000030_NONE,NONE,inventory-service,python-simulator,56.5,1785952293.7083282,52,0.9534,0.0466,closed,0.2911,29.11,0.3114,6.02,17.36,1.78,7.32,0.0136,10.71,523.9,0.0079,0.0025,0.3139,0.2876,4,90.86,113.88,119.04,15,0.0384,223.53,9,0.001
live_ep_000030_NONE,NONE,inventory-service,python-simulator,57.0,1785952294.208434,50,0.88,0.12,closed,0.3641,36.41,0.3865,2.07,24.79,3.76,6.89,0.0011,15.5,483.5,0.0258,0.0003,0.2213,0.2316,4,105.68,127.05,135.8,1,0.0566,217.86,2,0.0006
live_ep_000030_NONE,NONE,inventory-service,python-simulator,57.5,1785952294.7086334,71,0.9878,0.0122,closed,0.3082,30.82,0.354,1.3,20.48,8.33,6.09,0.0223,9.82,524.9,0.019,0.0008,0.2812,0.3025,3,88.97,131.61,147.39,7,0.0087,212.03,4,0.0024
live_ep_000030_NONE,NONE,inventory-service,python-simulator,58.0,1785952295.2089593,56,0.9275,0.0725,closed,0.3363,33.63,0.2575,1.3,15.8,3.9,5.69,0.0087,4.26,564.2,0.0055,0.001,0.2747,0.238,2,90.42,92.52,104.19,16,0.0435,192.67,6,0.0067
live_ep_000030_NONE,NONE,inventory-service,python-simulator,58.5,1785952295.7093487,109,0.9408,0.0592,closed,0.2966,29.66,0.3371,3.47,26.29,10.72,3.64,0.0041,40.0,515.3,0.0005,0.0066,0.4466,0.3113,2,99.38,118.28,125.72,12,0.0858,169.03,0,0.0002
live_ep_000030_NONE,NONE,inventory-service,python-simulator,59.0,1785952296.209851,84,0.9799,0.0201,closed,0.4001,40.01,0.3541,0.5,37.2,3.58,5.38,0.0216,3.93,514.8,0.0085,0.0035,0.233,0.2495,3,90.16,97.39,112.87,9,0.0186,221.56,1,0.0027
live_ep_000030_NONE,NONE,inventory-service,python-simulator,59.5,1785952296.7100554,117,0.9791,0.0209,closed,0.346,34.6,0.3592,9.77,18.39,4.25,5.73,0.0015,6.87,508.3,0.0047,0.0075,0.2801,0.2311,1,93.74,119.18,141.19,4,0.1,204.36,8,0.0004
live_ep_000031_NONE,NONE,inventory-service,python-simulator,0.0,1785952297.2108116,109,0.9478,0.0522,closed,0.3737,37.37,0.2069,1.42,18.19,4.64,6.04,0.01,20.95,496.8,0.0025,0.0002,0.2185,0.2617,3,93.99,107.88,131.3,2,0.0385,175.29,7,0.0
live_ep_000031_NONE,NONE,inventory-service,python-simulator,0.5,1785952297.7128272,48,0.88,0.12,closed,0.3081,30.81,0.3279,7.13,15.01,2.33,4.76,0.0024,2.0,485.0,0.0005,0.0029,0.3024,0.2506,4,104.54,112.0,119.37,1,0.0064,188.57,14,0.0015
live_ep_000031_NONE,NONE,inventory-service,python-simulator,1.0,1785952298.2137876,22,0.9575,0.0425,closed,0.3802,38.02,0.3871,2.11,23.15,3.97,4.47,0.0204,34.89,497.3,0.0053,0.0024,0.2309,0.2508,0,85.53,126.09,132.09,7,0.0008,194.76,4,0.0048
live_ep_000031_NONE,NONE,inventory-service,python-simulator,1.5,1785952298.714237,43,0.9835,0.0165,closed,0.3507,35.07,0.3653,17.39,17.51,4.43,11.11,0.0145,5.79,497.4,0.001,0.0002,0.2899,0.1951,0,93.06,101.13,111.69,4,0.0051,212.23,7,0.0042
live_ep_000031_NONE,NONE,inventory-service,python-simulator,2.0,1785952299.21441,44,0.9696,0.0304,closed,0.4476,44.76,0.3086,0.5,24.19,5.32,3.97,0.0051,12.44,509.3,0.0029,0.0051,0.2614,0.2336,3,100.93,105.99,115.06,7,0.0031,182.64,12,0.0047
live_ep_000031_NONE,NONE,inventory-service,python-simulator,2.5,1785952299.7149305,39,0.9297,0.0703,closed,0.4483,44.83,0.3888,5.18,17.23,5.05,10.35,0.0103,16.63,517.6,0.0144,0.0018,0.2445,0.1994,4,89.48,93.57,100.27,13,0.0133,180.63,8,0.0016
live_ep_000031_NONE,NONE,inventory-service,python-simulator,3.0,1785952300.2153645,95,0.9476,0.0524,closed,0.2933,29.33,0.3363,2.17,19.44,3.03,8.79,0.0077,10.56,482.7,0.001,0.0013,0.3301,0.2349,2,90.65,90.75,114.92,8,0.0656,180.2,9,0.0002
live_ep_000031_NONE,NONE,inventory-service,python-simulator,3.5,1785952300.715531,32,0.88,0.12,closed,0.4029,40.29,0.2765,8.18,13.81,3.74,4.19,0.0099,6.89,468.2,0.004,0.0034,0.1731,0.1872,0,87.96,108.43,118.21,17,0.0324,195.7,3,0.0017
live_ep_000031_NONE,NONE,inventory-service,python-simulator,4.0,1785952301.215963,53,0.9086,0.0914,closed,0.266,26.6,0.5319,1.15,22.08,3.6,2.27,0.0038,7.94,521.3,0.0178,0.0022,0.1996,0.2439,4,80.13,111.68,112.67,1,0.0111,194.61,14,0.0021
live_ep_000031_NONE,NONE,inventory-service,python-simulator,4.5,1785952301.7161655,29,0.8965,0.1035,closed,0.4481,44.81,0.3249,11.12,20.8,4.15,8.15,0.0177,10.27,535.7,0.0078,0.0009,0.2601,0.292,0,89.63,101.14,122.42,4,0.0094,173.51,8,0.0136
live_ep_000031_NONE,NONE,inventory-service,python-simulator,5.0,1785952302.216555,61,0.9183,0.0817,closed,0.2632,26.32,0.2426,2.47,14.92,3.93,13.67,0.0039,2.0,507.5,0.0069,0.0015,0.1719,0.2232,1,107.57,104.35,102.94,7,0.032,217.56,14,0.0011
live_ep_000031_NONE,NONE,inventory-service,python-simulator,5.5,1785952302.7170055,23,0.99,0.01,closed,0.3774,37.74,0.2175,1.52,18.19,6.09,5.79,0.0034,17.92,500.1,0.0027,0.0002,0.2305,0.1946,4,75.75,91.99,107.1,8,0.0008,196.75,11,0.0102
live_ep_000031_NONE,NONE,inventory-service,python-simulator,6.0,1785952303.2174516,38,0.9883,0.0117,closed,0.3575,35.75,0.2862,3.51,14.19,4.92,7.55,0.0138,12.98,536.4,0.0018,0.0003,0.1431,0.3104,2,94.44,115.71,147.71,1,0.0038,190.26,2,0.0066
live_ep_000031_NONE,NONE,inventory-service,python-simulator,6.5,1785952303.7177746,44,0.99,0.01,closed,0.3176,31.76,0.4277,9.21,16.6,4.37,8.79,0.0027,20.56,510.8,0.0073,0.0025,0.274,0.2937,0,85.2,88.16,121.86,17,0.0102,210.55,9,0.0035
live_ep_000031_NONE,NONE,inventory-service,python-simulator,7.0,1785952304.2180116,109,0.88,0.12,closed,0.3037,30.37,0.2708,3.21,20.04,3.44,4.41,0.0047,2.0,490.8,0.0129,0.0014,0.2206,0.1861,1,84.36,97.62,112.4,14,0.1,200.09,11,0.0035
live_ep_000031_NONE,NONE,inventory-service,python-simulator,7.5,1785952304.7180808,81,0.954,0.046,closed,0.3227,32.27,0.3699,5.13,25.48,2.93,9.12,0.0022,21.46,485.8,0.0114,0.0041,0.2546,0.2537,4,90.51,95.27,111.71,18,0.0365,184.53,9,0.0001
live_ep_000031_NONE,NONE,inventory-service,python-simulator,8.0,1785952305.2183056,89,0.88,0.12,closed,0.3456,34.56,0.2801,3.14,19.19,4.39,8.69,0.0041,15.5,512.1,0.0001,0.001,0.3112,0.283,3,85.34,90.06,117.86,0,0.0096,212.12,14,0.0043
live_ep_000031_NONE,NONE,inventory-service,python-simulator,8.5,1785952305.7183733,55,0.954,0.046,closed,0.389,38.9,0.449,0.5,18.77,3.84,8.06,0.0117,37.65,496.4,0.004,0.0017,0.2718,0.2429,2,89.27,106.8,121.72,19,0.0163,209.33,9,0.0001
live_ep_000031_NONE,NONE,inventory-service,python-simulator,9.0,1785952306.2187843,116,0.99,0.01,closed,0.2767,27.67,0.4265,1.51,13.25,4.34,5.66,0.0043,12.55,498.4,0.0005,0.0033,0.2938,0.2687,3,89.52,93.0,99.82,18,0.0108,244.09,2,0.0062
live_ep_000031_NONE,NONE,inventory-service,python-simulator,9.5,1785952306.718969,73,0.954,0.046,closed,0.4005,40.05,0.2725,4.72,16.54,7.2,3.06,0.0063,25.0,511.0,0.0001,0.0021,0.2357,0.23,4,89.38,96.32,109.18,13,0.0554,184.27,7,0.0006
live_ep_000031_NONE,NONE,inventory-service,python-simulator,10.0,1785952307.2194657,87,0.9586,0.0414,closed,0.4526,45.26,0.3655,0.79,30.25,9.25,9.41,0.0056,13.69,551.1,0.0014,0.0055,0.2399,0.2402,4,79.68,79.87,97.35,17,0.0077,220.05,11,0.0028
live_ep_000031_NONE,NONE,inventory-service,python-simulator,10.5,1785952307.7198234,33,0.99,0.01,closed,0.2854,28.54,0.2974,2.71,12.41,5.6,7.93,0.0045,3.35,507.3,0.0003,0.0007,0.184,0.2535,2,77.78,99.76,112.83,19,0.1,201.76,5,0.0041
live_ep_000031_NONE,NONE,inventory-service,python-simulator,11.0,1785952308.2201746,93,0.88,0.12,closed,0.3458,34.58,0.3059,18.08,30.36,4.82,6.54,0.0165,10.03,483.9,0.0001,0.0016,0.2914,0.2258,3,81.94,85.77,112.13,18,0.1,197.24,1,0.0049
live_ep_000031_NONE,NONE,inventory-service,python-simulator,11.5,1785952308.7206671,118,0.9077,0.0923,closed,0.3676,36.76,0.4376,8.21,20.51,6.11,8.97,0.0125,2.0,495.5,0.0003,0.0038,0.241,0.2127,3,85.69,89.39,115.45,17,0.0164,187.51,1,0.0002
live_ep_000031_NONE,NONE,inventory-service,python-simulator,12.0,1785952309.2208555,67,0.9854,0.0146,closed,0.3236,32.36,0.528,8.21,16.04,2.28,2.13,0.002,24.56,534.1,0.0084,0.0001,0.312,0.2618,4,94.66,116.63,126.12,0,0.0209,233.86,8,0.0026
live_ep_000031_NONE,NONE,inventory-service,python-simulator,12.5,1785952309.7212834,115,0.9604,0.0396,closed,0.3995,39.95,0.2987,3.96,10.7,5.11,8.14,0.0087,13.98,528.0,0.0065,0.0003,0.2885,0.2726,0,88.78,102.66,109.84,7,0.0142,184.94,7,0.0074
live_ep_000031_NONE,NONE,inventory-service,python-simulator,13.0,1785952310.2213528,59,0.9159,0.0841,closed,0.3537,35.37,0.4867,1.55,15.72,4.09,13.51,0.0161,13.95,496.3,0.0033,0.0018,0.2708,0.2141,0,93.37,102.62,105.66,7,0.0073,173.26,3,0.0003
live_ep_000031_NONE,NONE,inventory-service,python-simulator,13.5,1785952310.7218704,51,0.9843,0.0157,closed,0.366,36.6,0.3996,4.83,16.41,5.22,5.93,0.0122,5.12,516.0,0.006,0.0003,0.1876,0.2641,3,95.46,140.0,141.59,17,0.0001,197.61,11,0.001
live_ep_000031_NONE,NONE,inventory-service,python-simulator,14.0,1785952311.222293,79,0.9433,0.0567,closed,0.3565,35.65,0.2501,1.05,14.83,7.48,3.0,0.0139,2.0,518.3,0.0025,0.0076,0.2397,0.3131,1,82.53,105.11,110.91,9,0.0272,197.32,12,0.0064
live_ep_000031_NONE,NONE,inventory-service,python-simulator,14.5,1785952311.7227912,95,0.99,0.01,closed,0.351,35.1,0.3826,8.71,17.5,3.63,9.66,0.0107,14.29,510.8,0.0066,0.0023,0.2582,0.2735,0,87.96,101.12,103.98,17,0.0337,195.46,9,0.0004
live_ep_000031_NONE,NONE,inventory-service,python-simulator,15.0,1785952312.223215,79,0.9619,0.0381,closed,0.3452,34.52,0.2425,6.75,25.82,3.01,4.12,0.0035,16.29,448.1,0.0001,0.0064,0.2777,0.169,0,83.41,89.36,129.24,18,0.0839,211.02,3,0.0016
live_ep_000031_NONE,NONE,inventory-service,python-simulator,15.5,1785952312.7235672,46,0.9681,0.0319,closed,0.3354,33.54,0.3657,3.59,28.99,3.08,7.45,0.0032,2.0,511.0,0.0009,0.0129,0.2403,0.2553,4,88.05,166.43,171.81,15,0.0768,210.44,2,0.0027
live_ep_000031_NONE,NONE,inventory-service,python-simulator,16.0,1785952313.2240982,39,0.9732,0.0268,closed,0.2432,24.32,0.3897,1.45,22.09,6.48,8.06,0.007,2.0,502.0,0.0117,0.0015,0.2293,0.2473,3,91.79,93.94,101.1,19,0.0166,195.68,5,0.0142
live_ep_000031_NONE,NONE,inventory-service,python-simulator,16.5,1785952313.7241757,115,0.9754,0.0246,closed,0.3018,30.18,0.3307,1.76,10.0,6.81,6.73,0.0022,39.55,477.2,0.0001,0.0014,0.2241,0.2562,2,94.62,104.57,106.3,8,0.0122,219.85,1,0.0002
live_ep_000031_NONE,NONE,inventory-service,python-simulator,17.0,1785952314.2246587,47,0.99,0.01,closed,0.3911,39.11,0.3935,6.58,20.2,3.38,6.22,0.0055,5.62,513.1,0.0078,0.0004,0.195,0.2834,3,103.44,126.28,129.99,13,0.0043,190.03,12,0.0019
live_ep_000031_NONE,NONE,inventory-service,python-simulator,17.5,1785952314.7251425,84,0.9657,0.0343,closed,0.4021,40.21,0.2851,0.62,24.63,7.48,7.37,0.0081,2.0,520.7,0.0025,0.0059,0.2971,0.1947,4,106.62,109.24,119.36,19,0.029,230.04,4,0.017
live_ep_000031_NONE,NONE,inventory-service,python-simulator,18.0,1785952315.2253773,95,0.9209,0.0791,closed,0.4046,40.46,0.5052,0.5,18.04,6.12,4.9,0.01,2.0,511.0,0.0109,0.007,0.2586,0.208,2,80.44,90.6,100.07,7,0.0037,204.87,6,0.0161
live_ep_000031_NONE,NONE,inventory-service,python-simulator,18.5,1785952315.7254736,68,0.9583,0.0417,closed,0.3367,33.67,0.3592,5.84,21.04,2.08,9.77,0.0072,3.3,528.0,0.0016,0.0,0.1771,0.2177,3,84.64,87.06,111.08,14,0.0306,187.53,5,0.002
live_ep_000031_NONE,NONE,inventory-service,python-simulator,19.0,1785952316.2259603,105,0.936,0.064,closed,0.284,28.4,0.3981,0.69,14.67,4.66,7.18,0.0172,15.32,518.4,0.0088,0.0001,0.2136,0.2411,0,95.19,108.5,122.57,0,0.0541,205.43,6,0.0027
live_ep_000031_NONE,NONE,inventory-service,python-simulator,19.5,1785952316.7260873,49,0.958,0.042,closed,0.358,35.8,0.311,0.5,13.06,3.31,5.07,0.0104,60.0,509.5,0.0084,0.0002,0.2759,0.2541,4,82.19,89.32,107.12,10,0.0093,186.02,12,0.0004
live_ep_000031_NONE,NONE,inventory-service,python-simulator,20.0,1785952317.246848,21,0.9808,0.0192,closed,0.2628,26.28,0.3918,0.5,19.45,4.84,3.82,0.0041,4.61,519.4,0.0123,0.0011,0.1867,0.2878,0,104.57,104.81,105.09,2,0.015,187.34,11,0.0035
live_ep_000031_NONE,NONE,inventory-service,python-simulator,20.5,1785952317.7471302,95,0.8931,0.1069,closed,0.3011,30.11,0.3178,10.2,13.17,4.54,7.17,0.0148,7.91,541.9,0.0093,0.0052,0.1908,0.2727,1,88.9,123.0,123.72,11,0.0121,163.92,9,0.0141
live_ep_000031_NONE,NONE,inventory-service,python-simulator,21.0,1785952318.2476335,65,0.88,0.12,closed,0.4145,41.45,0.3756,0.5,18.37,8.99,4.39,0.0076,26.94,503.1,0.0121,0.0,0.2785,0.239,4,95.01,115.54,127.55,5,0.0129,204.97,7,0.004
live_ep_000031_NONE,NONE,inventory-service,python-simulator,21.5,1785952318.7480423,93,0.985,0.015,closed,0.3883,38.83,0.2002,4.74,17.91,2.48,6.47,0.0067,19.26,519.6,0.0005,0.0007,0.2781,0.2651,0,80.11,127.97,151.83,13,0.1,179.06,5,0.0083
live_ep_000031_NONE,NONE,inventory-service,python-simulator,22.0,1785952319.2483342,30,0.88,0.12,closed,0.3023,30.23,0.3177,0.85,17.52,2.26,4.13,0.0027,40.62,513.6,0.0001,0.0002,0.3186,0.2306,4,89.5,90.27,99.8,3,0.0166,181.33,12,0.0127
live_ep_000031_NONE,NONE,inventory-service,python-simulator,22.5,1785952319.7486506,73,0.99,0.01,closed,0.2585,25.85,0.2759,0.5,22.66,2.92,13.91,0.0087,2.0,518.8,0.0124,0.0063,0.3128,0.2038,4,78.52,86.85,91.22,18,0.0154,195.73,8,0.0057
live_ep_000031_NONE,NONE,inventory-service,python-simulator,23.0,1785952320.249165,64,0.99,0.01,closed,0.4297,42.97,0.3328,0.5,20.39,3.59,4.09,0.0033,7.93,535.3,0.0054,0.0002,0.2082,0.2383,4,104.74,109.33,111.32,2,0.0023,179.13,8,0.0017
live_ep_000031_NONE,NONE,inventory-service,python-simulator,23.5,1785952320.7532718,89,0.88,0.12,closed,0.4633,46.33,0.3963,0.73,17.2,6.6,2.47,0.0053,12.35,525.5,0.0018,0.0005,0.2286,0.2274,3,84.03,108.59,116.2,5,0.0009,202.74,4,0.0077
live_ep_000031_NONE,NONE,inventory-service,python-simulator,24.0,1785952321.253855,97,0.9367,0.0633,closed,0.2987,29.87,0.2763,3.25,31.44,8.47,5.59,0.0016,2.0,505.7,0.0008,0.0008,0.3154,0.2694,4,91.31,104.92,127.19,19,0.0207,179.79,9,0.0047
live_ep_000031_NONE,NONE,inventory-service,python-simulator,24.5,1785952321.7539504,59,0.9257,0.0743,closed,0.3851,38.51,0.268,1.43,18.37,9.55,7.2,0.0116,12.41,543.4,0.0017,0.0014,0.3208,0.3129,2,90.67,99.68,117.09,2,0.0187,164.01,8,0.0023
live_ep_000031_NONE,NONE,inventory-service,python-simulator,25.0,1785952322.254335,82,0.9517,0.0483,closed,0.3703,37.03,0.4474,7.49,13.08,1.76,4.83,0.0088,2.0,525.4,0.0002,0.0006,0.2802,0.2434,3,88.57,104.16,112.8,7,0.0162,196.71,10,0.0035
live_ep_000031_NONE,NONE,inventory-service,python-simulator,25.5,1785952322.754657,46,0.9815,0.0185,closed,0.3255,32.55,0.3244,3.45,24.69,6.42,5.54,0.009,46.67,504.5,0.0083,0.0001,0.3181,0.2125,2,97.95,102.3,128.9,3,0.0452,237.46,7,0.0073
live_ep_000031_NONE,NONE,inventory-service,python-simulator,26.0,1785952323.2546928,113,0.8812,0.1188,closed,0.3699,36.99,0.3276,3.88,16.87,4.97,5.04,0.0015,13.31,503.8,0.002,0.0007,0.3059,0.2681,2,92.8,118.39,130.94,6,0.0632,209.44,4,0.0011
live_ep_000031_NONE,NONE,inventory-service,python-simulator,26.5,1785952323.754835,32,0.949,0.051,closed,0.3009,30.09,0.3708,5.61,22.25,3.55,10.69,0.0007,5.0,534.1,0.0066,0.0001,0.2546,0.2301,1,103.75,109.18,117.16,14,0.1,193.85,13,0.018
live_ep_000031_NONE,NONE,inventory-service,python-simulator,27.0,1785952324.2552621,44,0.9809,0.0191,closed,0.3033,30.33,0.2978,0.59,16.31,2.94,4.93,0.002,2.0,514.8,0.009,0.0036,0.2678,0.24,4,81.49,100.0,104.93,16,0.0175,215.77,9,0.0024
live_ep_000031_NONE,NONE,inventory-service,python-simulator,27.5,1785952324.7555537,39,0.9194,0.0806,closed,0.2208,22.08,0.3871,2.41,19.59,7.04,9.54,0.0206,40.57,554.4,0.0023,0.0012,0.1978,0.3155,0,85.48,118.28,132.39,6,0.0454,199.15,0,0.0012
live_ep_000031_NONE,NONE,inventory-service,python-simulator,28.0,1785952325.2560527,116,0.9766,0.0234,closed,0.3378,33.78,0.3796,0.87,14.86,5.39,5.56,0.0159,4.67,510.2,0.0069,0.0013,0.2018,0.2122,2,88.0,96.31,125.8,3,0.0458,212.47,2,0.0016
live_ep_000031_NONE,NONE,inventory-service,python-simulator,28.5,1785952325.756465,100,0.9659,0.0341,closed,0.3535,35.35,0.4073,2.81,17.31,2.86,4.26,0.009,22.43,524.3,0.0006,0.0013,0.2972,0.2116,0,100.94,102.5,117.8,9,0.0353,232.02,14,0.0007
live_ep_000031_NONE,NONE,inventory-service,python-simulator,29.0,1785952326.256907,114,0.9207,0.0793,closed,0.3822,38.22,0.4292,4.55,24.14,5.18,7.13,0.0158,17.96,482.5,0.0001,0.0002,0.1204,0.2831,2,95.69,103.82,104.36,10,0.0874,211.27,3,0.0033
live_ep_000031_NONE,NONE,inventory-service,python-simulator,29.5,1785952326.7574642,79,0.9454,0.0546,closed,0.3433,34.33,0.2847,29.4,26.28,3.47,4.61,0.017,2.0,499.6,0.0265,0.0013,0.193,0.2347,1,83.5,88.62,111.73,17,0.0415,230.88,10,0.0042
live_ep_000031_NONE,NONE,inventory-service,python-simulator,30.0,1785952327.2581532,58,0.9837,0.0163,closed,0.3237,32.37,0.3583,1.74,22.94,7.7,7.21,0.0081,6.35,514.4,0.0027,0.0012,0.2582,0.2673,2,92.97,95.42,104.92,10,0.0074,219.52,1,0.0167
live_ep_000031_NONE,NONE,inventory-service,python-simulator,30.5,1785952327.7582808,83,0.99,0.01,closed,0.4452,44.52,0.3428,3.73,14.68,5.79,12.76,0.0145,13.36,522.9,0.0037,0.0002,0.3257,0.2475,0,80.21,107.05,137.65,0,0.1,212.74,8,0.0115
live_ep_000031_NONE,NONE,inventory-service,python-simulator,31.0,1785952328.2587154,22,0.9689,0.0311,closed,0.4177,41.77,0.3941,10.23,27.0,3.89,5.63,0.0038,8.46,492.7,0.0058,0.0006,0.1889,0.2834,1,89.71,141.65,142.32,6,0.0354,186.5,6,0.0028
live_ep_000031_NONE,NONE,inventory-service,python-simulator,31.5,1785952328.7591934,70,0.9846,0.0154,closed,0.3423,34.23,0.4631,11.1,18.34,1.58,3.96,0.0225,2.0,534.8,0.0008,0.0008,0.1757,0.1991,2,94.17,123.63,138.41,15,0.0047,193.71,14,0.002
live_ep_000031_NONE,NONE,inventory-service,python-simulator,32.0,1785952329.2593126,57,0.9266,0.0734,closed,0.3184,31.84,0.295,1.88,16.59,5.94,2.64,0.022,3.91,540.6,0.0015,0.0054,0.2154,0.2156,4,86.64,107.39,143.62,19,0.0085,196.97,5,0.0107
live_ep_000031_NONE,NONE,inventory-service,python-simulator,32.5,1785952329.7596138,74,0.9838,0.0162,closed,0.3897,38.97,0.3866,6.45,25.42,3.79,9.2,0.0017,9.06,526.4,0.011,0.0015,0.2164,0.2616,1,86.33,90.69,112.31,2,0.0268,179.01,10,0.0015
live_ep_000031_NONE,NONE,inventory-service,python-simulator,33.0,1785952330.2600944,118,0.99,0.01,closed,0.3146,31.46,0.1802,11.96,16.48,7.95,5.28,0.0123,28.7,506.5,0.0025,0.0003,0.2356,0.2317,2,87.05,105.93,133.34,9,0.0316,165.39,1,0.0086
live_ep_000031_NONE,NONE,inventory-service,python-simulator,33.5,1785952330.760457,113,0.9102,0.0898,closed,0.3551,35.51,0.3426,5.4,21.9,12.05,10.91,0.0033,15.82,497.5,0.0125,0.0007,0.2691,0.2412,3,98.77,112.05,127.38,14,0.0524,188.49,9,0.0001
live_ep_000031_NONE,NONE,inventory-service,python-simulator,34.0,1785952331.2609155,51,0.949,0.051,closed,0.3819,38.19,0.354,2.47,13.76,1.59,5.77,0.0057,21.35,514.3,0.0054,0.0021,0.2451,0.313,0,93.75,99.78,114.53,6,0.0212,191.52,7,0.0064
live_ep_000031_NONE,NONE,inventory-service,python-simulator,34.5,1785952331.7613049,56,0.9389,0.0611,closed,0.2832,28.32,0.4646,8.35,31.48,3.11,10.84,0.0067,52.44,517.6,0.0017,0.0008,0.2546,0.2086,0,84.92,123.18,147.15,5,0.0084,200.8,8,0.0169
live_ep_000031_NONE,NONE,inventory-service,python-simulator,35.0,1785952332.2617881,114,0.9435,0.0565,closed,0.3541,35.41,0.4193,2.36,17.53,6.05,7.48,0.0027,44.59,482.8,0.0006,0.0008,0.2501,0.2346,0,91.06,119.37,130.74,1,0.1,147.49,9,0.0007
live_ep_000031_NONE,NONE,inventory-service,python-simulator,35.5,1785952332.7627861,67,0.9447,0.0553,closed,0.3585,35.85,0.5362,10.32,28.09,5.27,4.71,0.0051,25.24,490.8,0.0179,0.001,0.2088,0.2158,2,86.27,91.09,96.6,14,0.028,187.67,1,0.0002
live_ep_000031_NONE,NONE,inventory-service,python-simulator,36.0,1785952333.2631586,39,0.9347,0.0653,closed,0.3212,32.12,0.4104,4.43,24.28,4.96,6.41,0.003,19.53,526.9,0.0001,0.0006,0.283,0.2551,2,94.3,100.93,115.74,9,0.0128,209.6,11,0.0017
live_ep_000031_NONE,NONE,inventory-service,python-simulator,36.5,1785952333.7632976,117,0.9318,0.0682,closed,0.367,36.7,0.2966,14.51,19.07,8.45,7.25,0.0069,7.06,503.6,0.0085,0.0007,0.2751,0.2271,2,82.07,103.18,125.3,14,0.012,229.12,3,0.0056
live_ep_000031_NONE,NONE,inventory-service,python-simulator,37.0,1785952334.2638316,72,0.8827,0.1173,closed,0.2921,29.21,0.5363,3.04,10.0,7.48,9.55,0.0039,49.14,528.3,0.0045,0.0004,0.3504,0.2608,0,99.08,110.74,147.93,2,0.0521,216.74,6,0.0123
live_ep_000031_NONE,NONE,inventory-service,python-simulator,37.5,1785952334.7653873,40,0.99,0.01,closed,0.3754,37.54,0.2885,1.08,21.53,5.05,10.9,0.0033,18.01,466.1,0.0162,0.0015,0.3826,0.239,2,100.03,125.94,133.49,5,0.0099,234.89,7,0.0122
live_ep_000031_NONE,NONE,inventory-service,python-simulator,38.0,1785952335.2654996,38,0.9882,0.0118,closed,0.3387,33.87,0.2991,3.18,14.43,6.9,6.02,0.001,5.11,503.3,0.003,0.0002,0.3154,0.2124,1,85.25,127.81,130.68,5,0.0293,171.63,8,0.0024
live_ep_000031_NONE,NONE,inventory-service,python-simulator,38.5,1785952335.7656448,59,0.9549,0.0451,closed,0.3175,31.75,0.3948,4.94,20.22,3.49,6.71,0.02,10.14,495.1,0.0116,0.0015,0.3482,0.1867,2,99.48,107.69,111.77,13,0.0233,202.45,5,0.0034
live_ep_000031_NONE,NONE,inventory-service,python-simulator,39.0,1785952336.265881,67,0.9759,0.0241,closed,0.3332,33.32,0.3577,0.5,15.87,7.5,10.57,0.0144,2.0,499.6,0.0013,0.0006,0.2711,0.1801,2,77.92,88.11,104.75,18,0.026,216.9,4,0.0001
live_ep_000031_NONE,NONE,inventory-service,python-simulator,39.5,1785952336.7662725,110,0.9426,0.0574,closed,0.2625,26.25,0.2156,0.5,20.52,3.75,4.09,0.0093,28.15,484.4,0.0052,0.0005,0.3127,0.2278,1,89.25,100.84,111.46,5,0.0037,221.4,10,0.0043
live_ep_000031_NONE,NONE,inventory-service,python-simulator,40.0,1785952337.266594,41,0.9676,0.0324,closed,0.4272,42.72,0.3065,1.64,23.58,4.16,7.1,0.0091,2.0,496.3,0.0111,0.0006,0.231,0.2227,3,98.02,120.2,121.09,18,0.0466,194.08,9,0.0007
live_ep_000031_NONE,NONE,inventory-service,python-simulator,40.5,1785952337.7685688,27,0.944,0.056,closed,0.3815,38.15,0.3053,0.5,22.09,3.8,2.83,0.0084,2.04,505.9,0.0001,0.0017,0.3906,0.2539,1,103.9,118.35,147.07,3,0.0048,200.48,5,0.0075
live_ep_000031_NONE,NONE,inventory-service,python-simulator,41.0,1785952338.268669,72,0.88,0.12,closed,0.3754,37.54,0.2792,14.35,10.38,2.98,9.87,0.0055,19.31,475.2,0.0046,0.0032,0.2714,0.2452,4,89.14,135.73,136.26,6,0.0044,220.23,2,0.0091
live_ep_000031_NONE,NONE,inventory-service,python-simulator,41.5,1785952338.7693925,119,0.9776,0.0224,closed,0.3563,35.63,0.4954,9.43,21.77,6.45,4.63,0.0145,4.55,508.5,0.0087,0.0018,0.414,0.2787,3,85.52,122.11,123.69,7,0.03,242.63,13,0.0022
live_ep_000031_NONE,NONE,inventory-service,python-simulator,42.0,1785952339.2699153,94,0.9156,0.0844,closed,0.3407,34.07,0.3177,11.71,18.35,5.7,7.97,0.0049,15.15,511.2,0.0067,0.0001,0.2541,0.2623,1,96.89,95.85,95.6,8,0.1,197.17,4,0.0036
live_ep_000031_NONE,NONE,inventory-service,python-simulator,42.5,1785952339.7702963,34,0.9649,0.0351,closed,0.3472,34.72,0.3176,9.55,26.17,9.88,9.2,0.0079,3.15,536.0,0.0017,0.0042,0.3578,0.252,4,95.64,128.43,142.87,18,0.0402,204.52,9,0.0027
live_ep_000031_NONE,NONE,inventory-service,python-simulator,43.0,1785952340.2716937,98,0.9791,0.0209,closed,0.3262,32.62,0.3943,9.11,15.43,4.86,9.7,0.0165,10.07,512.7,0.0102,0.0002,0.2013,0.2466,4,85.85,121.94,124.79,0,0.1,194.32,5,0.003
live_ep_000031_NONE,NONE,inventory-service,python-simulator,43.5,1785952340.772245,118,0.9236,0.0764,closed,0.3312,33.12,0.2974,5.76,39.0,3.57,6.06,0.0179,9.24,511.0,0.0027,0.0011,0.2284,0.2579,3,80.72,84.22,134.89,11,0.0735,223.95,1,0.0028
live_ep_000031_NONE,NONE,inventory-service,python-simulator,44.0,1785952341.272785,81,0.9323,0.0677,closed,0.3767,37.67,0.3963,3.95,20.76,8.34,6.54,0.014,13.24,512.3,0.0006,0.003,0.3017,0.231,2,99.29,115.14,121.3,4,0.0016,218.28,14,0.0057
live_ep_000031_NONE,NONE,inventory-service,python-simulator,44.5,1785952341.773576,81,0.99,0.01,closed,0.313,31.3,0.3472,0.87,21.68,3.26,9.4,0.0074,9.97,491.7,0.0077,0.0006,0.3326,0.2426,3,85.5,98.48,105.54,18,0.045,188.17,8,0.0059
live_ep_000031_NONE,NONE,inventory-service,python-simulator,45.0,1785952342.2763898,21,0.9214,0.0786,closed,0.2927,29.27,0.3218,8.93,27.5,10.91,3.09,0.0162,2.0,516.8,0.002,0.0014,0.2367,0.2532,4,72.84,125.76,140.85,18,0.0141,206.38,6,0.0035
live_ep_000031_NONE,NONE,inventory-service,python-simulator,45.5,1785952342.776669,76,0.8842,0.1158,closed,0.3653,36.53,0.3304,1.5,26.94,4.31,5.56,0.0177,41.5,528.6,0.0056,0.0005,0.3498,0.2132,2,98.55,102.16,120.81,19,0.0136,202.38,4,0.0026
live_ep_000031_NONE,NONE,inventory-service,python-simulator,46.0,1785952343.2770083,45,0.9515,0.0485,closed,0.2806,28.06,0.2445,3.24,29.93,6.78,4.12,0.0113,34.38,508.3,0.0097,0.0015,0.2168,0.2083,4,92.2,98.54,153.03,5,0.0325,197.36,14,0.0098
live_ep_000031_NONE,NONE,inventory-service,python-simulator,46.5,1785952343.777532,98,0.9704,0.0296,closed,0.4027,40.27,0.3976,0.5,23.97,4.34,5.56,0.0037,21.07,518.8,0.0091,0.0017,0.2507,0.3075,0,85.28,88.31,125.87,11,0.0662,207.76,9,0.0001
live_ep_000031_NONE,NONE,inventory-service,python-simulator,47.0,1785952344.2776384,110,0.9352,0.0648,closed,0.4391,43.91,0.3584,1.05,11.18,4.24,6.42,0.0094,7.68,514.3,0.0038,0.0036,0.259,0.2367,3,80.84,81.06,104.77,9,0.0972,198.93,9,0.0006
live_ep_000031_NONE,NONE,inventory-service,python-simulator,47.5,1785952344.7781384,45,0.9852,0.0148,closed,0.3345,33.45,0.3713,1.78,15.86,4.62,5.27,0.0038,25.3,486.2,0.0119,0.0027,0.291,0.2427,4,93.63,113.99,115.97,15,0.057,184.36,11,0.0028
live_ep_000031_NONE,NONE,inventory-service,python-simulator,48.0,1785952345.2792177,105,0.9533,0.0467,closed,0.3608,36.08,0.4845,7.78,21.44,2.57,10.97,0.0158,11.63,506.1,0.0032,0.0015,0.2868,0.276,1,77.83,141.42,144.83,15,0.0125,199.14,11,0.0037
live_ep_000031_NONE,NONE,inventory-service,python-simulator,48.5,1785952345.779558,56,0.9852,0.0148,closed,0.3802,38.02,0.3915,2.09,23.79,5.4,3.25,0.0135,3.64,549.8,0.0021,0.006,0.2443,0.2572,0,89.31,107.31,124.57,15,0.0319,227.67,1,0.0037
live_ep_000031_NONE,NONE,inventory-service,python-simulator,49.0,1785952346.279653,32,0.99,0.01,closed,0.3612,36.12,0.4526,3.53,18.49,5.07,11.61,0.0114,20.59,491.4,0.0011,0.0023,0.2281,0.27,1,100.14,120.77,146.99,17,0.0123,214.76,5,0.002
live_ep_000031_NONE,NONE,inventory-service,python-simulator,49.5,1785952346.7799993,118,0.938,0.062,closed,0.2764,27.64,0.3951,2.46,17.78,7.39,7.43,0.0032,11.71,538.9,0.0064,0.0015,0.3272,0.2966,0,87.84,101.35,126.91,14,0.0168,189.92,13,0.002
live_ep_000031_NONE,NONE,inventory-service,python-simulator,50.0,1785952347.2800703,119,0.9658,0.0342,closed,0.3822,38.22,0.2425,11.72,25.44,5.06,3.78,0.0091,4.64,500.3,0.01,0.0019,0.2942,0.2628,2,98.68,116.64,131.92,10,0.0324,208.42,12,0.006
live_ep_000031_NONE,NONE,inventory-service,python-simulator,50.5,1785952347.780641,69,0.8881,0.1119,closed,0.4061,40.61,0.1854,3.76,14.59,5.13,8.38,0.0102,5.07,507.4,0.0016,0.0021,0.2838,0.2241,1,99.41,98.4,97.96,19,0.0236,227.52,14,0.0022
live_ep_000031_NONE,NONE,inventory-service,python-simulator,51.0,1785952348.2811005,41,0.9338,0.0662,closed,0.3499,34.99,0.2666,8.88,13.11,4.3,4.32,0.003,6.71,514.9,0.0105,0.0012,0.3365,0.2719,0,74.12,98.47,143.36,15,0.0374,207.32,13,0.0022
live_ep_000031_NONE,NONE,inventory-service,python-simulator,51.5,1785952348.7811599,59,0.99,0.01,closed,0.3939,39.39,0.3557,1.56,22.02,2.35,5.26,0.009,39.44,470.4,0.0015,0.0014,0.2563,0.2777,2,91.1,103.3,127.87,15,0.0329,228.82,3,0.0107
live_ep_000031_NONE,NONE,inventory-service,python-simulator,52.0,1785952349.2814844,73,0.8968,0.1032,closed,0.4155,41.55,0.4028,11.89,20.97,2.54,7.0,0.0063,14.35,537.5,0.0052,0.003,0.1401,0.2641,1,105.09,119.4,120.19,18,0.0333,168.66,7,0.0035
live_ep_000031_NONE,NONE,inventory-service,python-simulator,52.5,1785952349.7816637,100,0.9891,0.0109,closed,0.3017,30.17,0.3041,3.07,19.07,4.65,4.5,0.0074,4.72,512.0,0.0,0.001,0.1913,0.2356,1,93.02,95.33,100.68,4,0.0531,182.81,3,0.0165
live_ep_000031_NONE,NONE,inventory-service,python-simulator,53.0,1785952350.282158,50,0.8963,0.1037,closed,0.4073,40.73,0.2814,2.99,20.41,6.29,3.26,0.0088,60.0,534.5,0.005,0.0017,0.2334,0.251,2,92.03,114.96,126.59,16,0.0337,181.22,10,0.0069
live_ep_000031_NONE,NONE,inventory-service,python-simulator,53.5,1785952350.7833402,61,0.9837,0.0163,closed,0.5022,50.22,0.4268,3.15,14.03,4.57,4.41,0.0015,16.04,512.5,0.0024,0.0043,0.3444,0.2549,0,90.74,95.08,115.51,8,0.0097,204.93,4,0.0002
live_ep_000031_NONE,NONE,inventory-service,python-simulator,54.0,1785952351.2837985,107,0.9504,0.0496,closed,0.3077,30.77,0.3236,2.77,16.31,3.95,5.8,0.0112,5.78,520.9,0.001,0.0012,0.2568,0.2564,1,89.39,141.79,156.3,0,0.0228,181.25,13,0.0063
live_ep_000031_NONE,NONE,inventory-service,python-simulator,54.5,1785952351.784289,71,0.8983,0.1017,closed,0.3646,36.46,0.2083,0.54,21.63,6.54,5.07,0.0209,34.52,511.5,0.0018,0.0016,0.2693,0.2436,4,98.09,105.65,135.36,10,0.0016,188.11,11,0.0017
live_ep_000031_NONE,NONE,inventory-service,python-simulator,55.0,1785952352.2848122,86,0.923,0.077,closed,0.3102,31.02,0.2783,2.8,14.62,8.29,8.75,0.0229,2.0,502.8,0.0012,0.0004,0.2639,0.2937,1,74.71,74.78,109.11,0,0.0101,207.4,8,0.0013
live_ep_000031_NONE,NONE,inventory-service,python-simulator,55.5,1785952352.7849958,104,0.9885,0.0115,closed,0.4419,44.19,0.3471,2.17,16.95,7.62,3.43,0.0091,3.21,510.2,0.002,0.0027,0.2366,0.2504,4,78.6,103.43,107.99,0,0.006,186.28,9,0.0037
live_ep_000031_NONE,NONE,inventory-service,python-simulator,56.0,1785952353.2851315,108,0.99,0.01,closed,0.2936,29.36,0.4313,5.13,13.57,2.21,5.54,0.0034,2.0,529.0,0.0001,0.0014,0.241,0.2543,2,100.48,99.24,90.72,9,0.0663,177.17,1,0.0088
live_ep_000031_NONE,NONE,inventory-service,python-simulator,56.5,1785952353.7855833,50,0.9781,0.0219,closed,0.3579,35.79,0.4035,2.35,13.58,3.08,5.07,0.0129,29.35,502.4,0.0081,0.0039,0.3111,0.2267,2,84.66,84.74,121.66,9,0.0005,182.98,7,0.0037
live_ep_000031_NONE,NONE,inventory-service,python-simulator,57.0,1785952354.2860918,97,0.9038,0.0962,closed,0.3295,32.95,0.3164,0.65,19.7,2.9,7.89,0.004,2.0,514.9,0.001,0.0008,0.2787,0.3171,1,95.65,115.24,115.68,3,0.0327,231.17,13,0.0043
live_ep_000031_NONE,NONE,inventory-service,python-simulator,57.5,1785952354.7861512,39,0.9247,0.0753,closed,0.3164,31.64,0.3707,0.67,17.49,5.83,11.27,0.0176,33.37,503.2,0.0016,0.0012,0.1622,0.3043,2,83.12,123.35,129.68,10,0.0055,188.88,14,0.003
live_ep_000031_NONE,NONE,inventory-service,python-simulator,58.0,1785952355.286339,118,0.8919,0.1081,closed,0.2745,27.45,0.3341,17.93,26.1,4.12,5.72,0.0365,10.02,510.7,0.007,0.0006,0.2393,0.2618,1,97.98,128.08,130.81,6,0.0147,240.2,4,0.0004
live_ep_000031_NONE,NONE,inventory-service,python-simulator,58.5,1785952355.7872725,49,0.9742,0.0258,closed,0.3695,36.95,0.5407,8.41,15.71,3.85,7.38,0.0015,9.93,511.1,0.0106,0.0006,0.2405,0.2329,2,86.25,87.21,88.46,12,0.087,221.05,2,0.0003
live_ep_000031_NONE,NONE,inventory-service,python-simulator,59.0,1785952356.2881615,74,0.9076,0.0924,closed,0.2518,25.18,0.3014,4.29,28.45,4.18,5.46,0.0225,5.7,504.3,0.0145,0.003,0.2136,0.2588,0,114.52,118.04,127.94,4,0.1,183.25,14,0.0012
live_ep_000031_NONE,NONE,inventory-service,python-simulator,59.5,1785952356.7888339,48,0.9343,0.0657,closed,0.3065,30.65,0.2852,1.54,26.65,3.79,8.63,0.0089,48.05,506.9,0.0034,0.0017,0.2268,0.2949,0,92.58,95.4,97.78,16,0.0809,184.14,3,0.0001
live_ep_000032_NONE,NONE,order-service,python-simulator,0.0,1785952357.2904239,109,0.99,0.01,closed,0.3257,32.57,0.1976,0.65,31.62,2.71,11.93,0.0301,45.75,535.2,0.0021,0.0056,0.3307,0.2385,0,86.88,103.56,109.69,0,0.0239,168.84,0,0.01
live_ep_000032_NONE,NONE,order-service,python-simulator,0.5,1785952357.791035,119,0.924,0.076,closed,0.5217,52.17,0.3554,0.5,19.27,5.17,5.2,0.009,3.73,492.7,0.0016,0.0005,0.1101,0.2534,0,96.09,116.01,140.25,17,0.0013,211.98,13,0.005
live_ep_000032_NONE,NONE,order-service,python-simulator,1.0,1785952358.291574,21,0.99,0.01,closed,0.274,27.4,0.325,5.98,24.7,5.12,9.77,0.0007,14.65,531.2,0.0017,0.0031,0.2534,0.2158,2,92.72,121.04,128.72,13,0.0016,190.83,14,0.0043
live_ep_000032_NONE,NONE,order-service,python-simulator,1.5,1785952358.7926002,72,0.9595,0.0405,closed,0.3909,39.09,0.4056,5.99,20.95,4.68,6.17,0.0168,28.55,535.9,0.0041,0.0006,0.2307,0.2699,4,81.45,108.55,134.17,7,0.0061,221.17,2,0.0034
live_ep_000032_NONE,NONE,order-service,python-simulator,2.0,1785952359.2931242,101,0.9598,0.0402,closed,0.3213,32.13,0.3376,11.18,20.6,5.76,4.64,0.001,6.14,527.6,0.004,0.002,0.2275,0.2485,0,83.17,84.4,113.28,12,0.1,191.55,13,0.0013
live_ep_000032_NONE,NONE,order-service,python-simulator,2.5,1785952359.7934215,114,0.9698,0.0302,closed,0.2578,25.78,0.3021,11.7,15.67,9.2,3.24,0.0052,22.38,535.6,0.0137,0.0003,0.326,0.2434,3,112.7,113.83,114.54,14,0.0061,193.88,14,0.0133
live_ep_000032_NONE,NONE,order-service,python-simulator,3.0,1785952360.2936552,55,0.9813,0.0187,closed,0.3811,38.11,0.3475,0.6,30.51,3.65,3.59,0.0065,3.06,510.5,0.0019,0.0011,0.1862,0.2611,3,85.53,86.79,102.98,5,0.0531,168.55,3,0.01
live_ep_000032_NONE,NONE,order-service,python-simulator,3.5,1785952360.7941806,35,0.9661,0.0339,closed,0.3048,30.48,0.385,0.5,30.67,4.36,9.12,0.0042,6.76,535.2,0.0003,0.0031,0.2037,0.2142,2,93.53,125.55,127.29,13,0.0168,190.24,12,0.0207
live_ep_000032_NONE,NONE,order-service,python-simulator,4.0,1785952361.2948246,51,0.99,0.01,closed,0.3081,30.81,0.2682,0.5,13.59,3.78,8.64,0.007,27.83,495.5,0.0001,0.0019,0.2499,0.2241,3,94.24,102.8,126.08,6,0.0224,208.11,2,0.0015
live_ep_000032_NONE,NONE,order-service,python-simulator,4.5,1785952361.794903,32,0.9353,0.0647,closed,0.3436,34.36,0.2494,17.81,18.19,8.31,4.22,0.0091,8.15,563.1,0.0024,0.0004,0.2965,0.2696,4,90.34,94.98,112.55,7,0.0014,213.65,11,0.0187
live_ep_000032_NONE,NONE,order-service,python-simulator,5.0,1785952362.295234,108,0.99,0.01,closed,0.3329,33.29,0.2493,1.85,24.97,3.08,6.51,0.0298,36.81,522.5,0.0034,0.0026,0.2738,0.239,1,101.69,108.67,116.75,18,0.0431,213.6,4,0.0028
live_ep_000032_NONE,NONE,order-service,python-simulator,5.5,1785952362.795998,57,0.99,0.01,closed,0.3653,36.53,0.45,16.55,32.41,4.6,6.98,0.0048,12.42,563.4,0.0028,0.0,0.1884,0.213,0,91.3,119.0,131.11,10,0.0187,177.8,14,0.0015
live_ep_000032_NONE,NONE,order-service,python-simulator,6.0,1785952363.2961376,111,0.99,0.01,closed,0.4392,43.92,0.4375,4.04,31.19,2.98,6.89,0.0119,2.0,494.2,0.0011,0.0024,0.2812,0.2272,2,87.36,104.39,105.63,8,0.0105,190.86,9,0.0025
live_ep_000032_NONE,NONE,order-service,python-simulator,6.5,1785952363.7963026,28,0.9838,0.0162,closed,0.4075,40.75,0.3177,5.13,20.97,5.23,2.25,0.0087,2.0,540.3,0.0124,0.0032,0.2544,0.2835,4,98.26,100.45,105.4,5,0.0003,165.79,6,0.0032
live_ep_000032_NONE,NONE,order-service,python-simulator,7.0,1785952364.2966464,31,0.99,0.01,closed,0.3393,33.93,0.4138,1.4,14.72,4.06,21.16,0.0087,7.6,508.4,0.0071,0.001,0.3758,0.2424,3,84.01,84.86,111.33,11,0.0108,166.95,8,0.0016
live_ep_000032_NONE,NONE,order-service,python-simulator,7.5,1785952364.7970533,76,0.9795,0.0205,closed,0.4575,45.75,0.4118,3.01,22.35,4.53,4.53,0.014,14.86,508.8,0.0057,0.0018,0.0988,0.2279,3,93.61,108.99,128.71,7,0.0289,200.49,7,0.0016
live_ep_000032_NONE,NONE,order-service,python-simulator,8.0,1785952365.297287,104,0.9524,0.0476,closed,0.2556,25.56,0.3232,3.74,36.17,2.74,10.31,0.0029,5.99,560.3,0.0001,0.0005,0.2531,0.2774,4,111.52,116.28,118.12,5,0.0178,206.29,12,0.001
live_ep_000032_NONE,NONE,order-service,python-simulator,8.5,1785952365.7976708,21,0.99,0.01,closed,0.4129,41.29,0.3761,4.58,20.24,7.29,5.69,0.0018,2.0,497.4,0.0034,0.0033,0.1871,0.1913,2,96.37,96.94,98.02,18,0.0121,214.61,8,0.0018
live_ep_000032_NONE,NONE,order-service,python-simulator,9.0,1785952366.2979145,117,0.9481,0.0519,closed,0.4515,45.15,0.3152,6.4,18.23,4.39,7.72,0.0027,13.15,522.1,0.0041,0.0001,0.2882,0.2604,2,96.88,101.08,109.56,12,0.0122,223.89,3,0.0001
live_ep_000032_NONE,NONE,order-service,python-simulator,9.5,1785952366.7983425,27,0.9568,0.0432,closed,0.2952,29.52,0.2944,4.07,14.38,4.62,6.56,0.0139,32.69,516.6,0.0089,0.0002,0.1922,0.2652,4,90.83,108.93,131.82,11,0.041,234.04,0,0.0003
live_ep_000032_NONE,NONE,order-service,python-simulator,10.0,1785952367.2984629,70,0.9619,0.0381,closed,0.3474,34.74,0.2921,5.86,24.87,8.19,6.95,0.021,20.16,532.9,0.0034,0.0101,0.2048,0.2655,0,101.33,104.5,118.1,0,0.1,196.05,13,0.0143
live_ep_000032_NONE,NONE,order-service,python-simulator,10.5,1785952367.7989132,107,0.9579,0.0421,closed,0.3482,34.82,0.4715,1.03,12.17,4.42,6.8,0.002,33.16,550.4,0.0103,0.0,0.345,0.2393,2,98.7,94.55,93.08,17,0.0093,170.4,3,0.0129
live_ep_000032_NONE,NONE,order-service,python-simulator,11.0,1785952368.29919,87,0.88,0.12,closed,0.3841,38.41,0.2849,1.05,33.33,7.31,4.71,0.0042,13.0,546.2,0.0106,0.0022,0.2151,0.2563,0,92.48,96.0,113.76,17,0.0386,196.66,13,0.0041
live_ep_000032_NONE,NONE,order-service,python-simulator,11.5,1785952368.799691,56,0.9729,0.0271,closed,0.4189,41.89,0.4526,5.52,27.35,2.65,4.07,0.0031,19.2,516.7,0.0001,0.0058,0.2504,0.2601,4,86.28,116.46,126.58,7,0.012,185.6,13,0.0002
live_ep_000032_NONE,NONE,order-service,python-simulator,12.0,1785952369.299812,47,0.99,0.01,closed,0.2817,28.17,0.3646,0.84,25.32,9.33,5.68,0.0173,2.13,488.8,0.0012,0.0024,0.2598,0.249,3,112.65,107.89,100.9,0,0.0277,207.13,5,0.0067
live_ep_000032_NONE,NONE,order-service,python-simulator,12.5,1785952369.800409,30,0.9862,0.0138,closed,0.2667,26.67,0.3697,13.55,20.15,9.23,6.37,0.0119,4.42,513.6,0.0078,0.001,0.3886,0.2796,1,90.99,97.02,132.76,2,0.0403,180.52,4,0.012
live_ep_000032_NONE,NONE,order-service,python-simulator,13.0,1785952370.3009481,73,0.9883,0.0117,closed,0.3249,32.49,0.4613,1.5,34.69,2.48,7.56,0.0124,39.46,543.2,0.0014,0.0013,0.2042,0.2461,4,96.25,114.43,130.88,13,0.017,202.51,0,0.0043
live_ep_000032_NONE,NONE,order-service,python-simulator,13.5,1785952370.8011036,30,0.9579,0.0421,closed,0.3478,34.78,0.4781,12.24,14.15,6.12,6.73,0.0162,5.92,532.0,0.0038,0.0002,0.3064,0.2324,4,88.93,131.18,159.51,1,0.0044,244.98,1,0.0065
live_ep_000032_NONE,NONE,order-service,python-simulator,14.0,1785952371.3028116,36,0.99,0.01,closed,0.4059,40.59,0.3067,10.82,19.01,5.0,4.74,0.0111,8.97,523.7,0.0045,0.0026,0.2591,0.238,1,98.34,99.59,145.9,17,0.0153,218.29,4,0.007
live_ep_000032_NONE,NONE,order-service,python-simulator,14.5,1785952371.8032246,52,0.9837,0.0163,closed,0.3709,37.09,0.2765,5.44,25.47,10.24,5.64,0.0103,11.65,496.0,0.0035,0.0025,0.1763,0.2452,2,87.29,105.98,127.65,4,0.0177,188.1,1,0.0052
live_ep_000032_NONE,NONE,order-service,python-simulator,15.0,1785952372.3033385,82,0.88,0.12,closed,0.3312,33.12,0.3307,12.85,16.54,2.22,4.92,0.0204,2.0,502.2,0.0,0.0084,0.2376,0.2784,4,97.13,104.29,134.34,7,0.0436,194.99,8,0.0097
live_ep_000032_NONE,NONE,order-service,python-simulator,15.5,1785952372.8036425,101,0.96,0.04,closed,0.3572,35.72,0.5162,0.94,29.28,3.71,6.64,0.0018,51.3,507.1,0.003,0.0052,0.2985,0.2569,4,81.31,129.49,135.26,15,0.087,215.76,2,0.0001
live_ep_000032_NONE,NONE,order-service,python-simulator,16.0,1785952373.3038015,118,0.9127,0.0873,closed,0.3594,35.94,0.4315,1.82,21.41,5.55,7.21,0.0005,7.35,515.7,0.0033,0.001,0.2827,0.2737,2,99.65,100.53,115.43,3,0.0018,187.34,8,0.0007
live_ep_000032_NONE,NONE,order-service,python-simulator,16.5,1785952373.8041396,116,0.9881,0.0119,closed,0.2725,27.25,0.4325,0.5,17.43,6.15,5.09,0.0097,13.49,478.4,0.0075,0.0026,0.2411,0.2493,2,80.23,96.74,122.64,10,0.032,204.13,10,0.0011
live_ep_000032_NONE,NONE,order-service,python-simulator,17.0,1785952374.3045006,49,0.9693,0.0307,closed,0.348,34.8,0.4749,12.53,24.16,3.37,5.27,0.0039,16.27,529.0,0.0012,0.0003,0.3235,0.2835,1,105.89,105.92,106.21,15,0.0043,178.52,5,0.0006
live_ep_000032_NONE,NONE,order-service,python-simulator,17.5,1785952374.8052175,26,0.9756,0.0244,closed,0.3259,32.59,0.3358,6.23,20.16,5.75,6.78,0.0038,2.0,560.3,0.0017,0.0014,0.221,0.2546,3,102.03,138.23,142.14,16,0.053,198.14,14,0.003
live_ep_000032_NONE,NONE,order-service,python-simulator,18.0,1785952375.3059032,55,0.99,0.01,closed,0.3757,37.57,0.3966,8.25,33.47,5.33,10.31,0.0267,13.88,537.0,0.0052,0.0006,0.2673,0.2725,1,90.38,105.04,115.54,7,0.0313,185.72,14,0.0012
live_ep_000032_NONE,NONE,order-service,python-simulator,18.5,1785952375.8086607,56,0.99,0.01,closed,0.3149,31.49,0.3154,4.11,27.85,7.14,2.89,0.0027,39.57,508.5,0.0099,0.0028,0.2123,0.2726,1,93.35,101.19,103.89,19,0.001,221.48,0,0.0105
live_ep_000032_NONE,NONE,order-service,python-simulator,19.0,1785952376.3094387,25,0.9588,0.0412,closed,0.408,40.8,0.2137,2.07,20.67,5.97,6.33,0.0054,17.85,517.3,0.0034,0.0008,0.2799,0.2689,2,90.49,87.37,81.85,13,0.0442,201.24,9,0.0115
live_ep_000032_NONE,NONE,order-service,python-simulator,19.5,1785952376.8100078,99,0.9719,0.0281,closed,0.418,41.8,0.3148,2.14,12.57,4.79,8.57,0.0033,9.91,505.1,0.0058,0.0002,0.282,0.2584,3,89.92,101.03,144.57,2,0.022,172.35,2,0.0017
live_ep_000032_NONE,NONE,order-service,python-simulator,20.0,1785952377.3100898,88,0.9781,0.0219,closed,0.3744,37.44,0.3606,11.11,16.45,3.17,11.95,0.0068,6.13,527.0,0.0064,0.0011,0.1818,0.2541,4,93.78,105.12,120.07,7,0.0096,203.22,10,0.0085
live_ep_000032_NONE,NONE,order-service,python-simulator,20.5,1785952377.8103406,26,0.9759,0.0241,closed,0.3003,30.03,0.2764,6.92,28.16,5.6,4.23,0.0069,2.37,514.9,0.0011,0.0005,0.2444,0.263,3,75.54,104.46,151.38,4,0.0375,208.53,6,0.0135
live_ep_000032_NONE,NONE,order-service,python-simulator,21.0,1785952378.3104131,64,0.9437,0.0563,closed,0.2487,24.87,0.4029,5.92,25.02,2.67,5.34,0.0077,14.75,523.8,0.0028,0.0008,0.2706,0.2666,2,103.05,107.88,115.8,2,0.0116,229.45,8,0.0073
live_ep_000032_NONE,NONE,order-service,python-simulator,21.5,1785952378.810913,111,0.88,0.12,closed,0.3421,34.21,0.3055,5.82,13.07,3.7,4.84,0.0092,14.24,520.1,0.0,0.0014,0.2717,0.2313,2,100.4,100.94,101.01,5,0.0105,235.1,0,0.0091
live_ep_000032_NONE,NONE,order-service,python-simulator,22.0,1785952379.3112068,99,0.99,0.01,closed,0.3633,36.33,0.2968,9.14,18.43,4.2,4.26,0.0082,17.36,514.5,0.0043,0.0012,0.2944,0.2592,0,93.14,115.76,120.3,8,0.0278,180.96,1,0.0085
live_ep_000032_NONE,NONE,order-service,python-simulator,22.5,1785952379.8116422,48,0.99,0.01,closed,0.2637,26.37,0.3912,2.06,24.79,3.31,7.79,0.0099,23.35,507.7,0.0035,0.0018,0.2275,0.3152,2,82.38,96.93,139.51,19,0.0223,193.86,13,0.0036
live_ep_000032_NONE,NONE,order-service,python-simulator,23.0,1785952380.312106,103,0.88,0.12,closed,0.3632,36.32,0.368,9.41,16.52,5.01,4.13,0.0106,14.0,494.4,0.017,0.0024,0.2098,0.2332,3,68.15,74.58,116.37,12,0.0342,202.87,1,0.0033
live_ep_000032_NONE,NONE,order-service,python-simulator,23.5,1785952380.8123329,107,0.9261,0.0739,closed,0.3446,34.46,0.5252,12.97,16.27,3.83,6.72,0.0087,2.0,517.8,0.0029,0.0021,0.2213,0.221,3,98.26,116.24,131.19,18,0.0195,220.75,13,0.002
live_ep_000032_NONE,NONE,order-service,python-simulator,24.0,1785952381.3125825,48,0.9343,0.0657,closed,0.3916,39.16,0.3497,18.64,8.32,3.43,4.1,0.0115,23.49,493.9,0.0019,0.0022,0.2603,0.2855,0,84.25,106.67,112.71,11,0.052,217.22,9,0.0034
live_ep_000032_NONE,NONE,order-service,python-simulator,24.5,1785952381.8129766,56,0.9772,0.0228,closed,0.3056,30.56,0.4,0.76,25.12,2.63,4.09,0.0074,6.55,493.9,0.006,0.0001,0.2181,0.1832,1,95.11,99.11,111.44,4,0.0067,202.93,1,0.0027
live_ep_000032_NONE,NONE,order-service,python-simulator,25.0,1785952382.3133194,51,0.9506,0.0494,closed,0.3822,38.22,0.3908,6.08,17.31,6.35,2.83,0.0069,17.12,525.2,0.0064,0.0009,0.2781,0.2694,2,95.65,103.07,112.56,10,0.0459,179.65,14,0.0005
live_ep_000032_NONE,NONE,order-service,python-simulator,25.5,1785952382.8136442,70,0.88,0.12,closed,0.3807,38.07,0.2704,4.5,12.57,4.85,5.51,0.0073,12.08,509.1,0.0051,0.0009,0.1929,0.2259,4,92.63,99.8,112.06,7,0.0417,217.35,11,0.0017
live_ep_000032_NONE,NONE,order-service,python-simulator,26.0,1785952383.3142219,79,0.9425,0.0575,closed,0.2931,29.31,0.2111,2.16,23.3,8.48,4.41,0.0077,2.99,504.8,0.0002,0.0001,0.2184,0.2855,1,70.15,111.25,122.9,19,0.0398,199.22,1,0.0014
live_ep_000032_NONE,NONE,order-service,python-simulator,26.5,1785952383.8149269,106,0.9845,0.0155,closed,0.3298,32.98,0.3769,6.47,21.48,3.22,7.62,0.0003,45.57,493.5,0.0095,0.0013,0.3101,0.2769,4,94.55,113.38,120.64,6,0.1,203.89,2,0.0133
live_ep_000032_NONE,NONE,order-service,python-simulator,27.0,1785952384.3153074,63,0.99,0.01,closed,0.3918,39.18,0.3486,1.71,27.84,5.98,5.75,0.009,5.0,514.1,0.0011,0.0036,0.261,0.2149,4,96.39,107.52,119.57,2,0.025,176.14,2,0.0004
live_ep_000032_NONE,NONE,order-service,python-simulator,27.5,1785952384.8154893,61,0.9627,0.0373,closed,0.3532,35.32,0.4518,3.6,41.89,5.58,6.37,0.0054,25.11,502.0,0.0023,0.0015,0.2972,0.2638,2,83.84,97.15,122.59,10,0.0225,192.71,6,0.0036
live_ep_000032_NONE,NONE,order-service,python-simulator,28.0,1785952385.3161762,60,0.99,0.01,closed,0.3684,36.84,0.3919,0.61,28.74,13.88,5.75,0.0126,10.45,526.7,0.0039,0.0034,0.2716,0.2943,3,91.9,114.25,114.31,2,0.0019,187.57,4,0.0035
live_ep_000032_NONE,NONE,order-service,python-simulator,28.5,1785952385.8189833,33,0.99,0.01,closed,0.3285,32.85,0.3804,1.94,16.14,4.43,2.64,0.0082,8.91,508.4,0.0007,0.0014,0.298,0.2752,1,93.5,108.02,122.86,7,0.0809,201.58,4,0.0003
live_ep_000032_NONE,NONE,order-service,python-simulator,29.0,1785952386.3195865,88,0.9367,0.0633,closed,0.407,40.7,0.3609,17.63,15.23,5.53,4.58,0.0044,42.65,517.6,0.0025,0.0008,0.3037,0.2138,4,91.49,101.49,104.13,14,0.0166,206.61,13,0.0152
live_ep_000032_NONE,NONE,order-service,python-simulator,29.5,1785952386.8201737,44,0.88,0.12,closed,0.3262,32.62,0.4761,7.54,16.14,4.34,3.38,0.0066,28.09,503.8,0.0246,0.0,0.2609,0.1837,2,87.84,125.8,135.88,12,0.1,235.15,8,0.0005
live_ep_000032_NONE,NONE,order-service,python-simulator,30.0,1785952387.3204052,68,0.9696,0.0304,closed,0.304,30.4,0.3325,0.58,12.88,6.92,5.3,0.0093,2.21,499.5,0.0051,0.0019,0.2451,0.2246,3,90.84,91.55,125.65,17,0.0272,189.57,13,0.0035
live_ep_000032_NONE,NONE,order-service,python-simulator,30.5,1785952387.8207388,97,0.9742,0.0258,closed,0.3822,38.22,0.3654,10.4,18.69,4.56,3.05,0.0058,2.0,501.5,0.0011,0.0004,0.4217,0.2725,0,97.57,118.62,119.97,13,0.0572,201.89,5,0.0074
live_ep_000032_NONE,NONE,order-service,python-simulator,31.0,1785952388.3212173,90,0.99,0.01,closed,0.4017,40.17,0.382,8.84,19.7,4.63,4.09,0.0146,4.65,579.0,0.0023,0.002,0.2396,0.2845,3,98.4,121.35,136.24,18,0.0774,213.4,8,0.0037
live_ep_000032_NONE,NONE,order-service,python-simulator,31.5,1785952388.8216763,39,0.9375,0.0625,closed,0.2599,25.99,0.4807,3.05,20.68,5.57,10.17,0.0061,14.02,519.4,0.0025,0.0009,0.2265,0.2423,1,83.86,114.54,118.64,2,0.0149,163.67,4,0.0038
live_ep_000032_NONE,NONE,order-service,python-simulator,32.0,1785952389.3221018,68,0.9503,0.0497,closed,0.238,23.8,0.3422,5.22,20.92,5.05,6.45,0.0039,4.4,544.7,0.0048,0.0006,0.1828,0.2844,4,81.34,95.38,130.09,9,0.0886,185.73,10,0.0028
live_ep_000032_NONE,NONE,order-service,python-simulator,32.5,1785952389.8224733,78,0.99,0.01,closed,0.3468,34.68,0.3632,3.8,34.2,7.36,10.21,0.0054,60.0,503.9,0.0048,0.001,0.3841,0.2148,1,93.58,109.06,124.58,5,0.0299,211.06,7,0.0019
live_ep_000032_NONE,NONE,order-service,python-simulator,33.0,1785952390.3229523,52,0.9642,0.0358,closed,0.4375,43.75,0.2253,6.02,26.13,5.48,9.86,0.013,8.59,524.7,0.0004,0.0033,0.2873,0.2301,3,97.03,100.89,115.17,8,0.0599,205.03,5,0.0013
live_ep_000032_NONE,NONE,order-service,python-simulator,33.5,1785952390.823304,20,0.88,0.12,closed,0.3527,35.27,0.2997,10.81,27.55,10.83,7.23,0.0014,11.08,515.3,0.0038,0.0015,0.3676,0.2617,3,89.61,90.77,104.37,2,0.1,202.25,2,0.0086
live_ep_000032_NONE,NONE,order-service,python-simulator,34.0,1785952391.3237562,55,0.9889,0.0111,closed,0.3548,35.48,0.2731,4.53,41.7,2.34,4.07,0.0049,11.42,498.6,0.0049,0.0056,0.2408,0.2826,4,88.43,92.83,125.64,2,0.0236,178.52,9,0.0128
live_ep_000032_NONE,NONE,order-service,python-simulator,34.5,1785952391.8242404,58,0.9598,0.0402,closed,0.3286,32.86,0.4286,2.59,16.92,3.59,5.51,0.0044,2.0,532.4,0.0063,0.0044,0.2737,0.1974,4,79.39,82.31,109.27,6,0.0064,209.36,0,0.0001
live_ep_000032_NONE,NONE,order-service,python-simulator,35.0,1785952392.3243816,78,0.9593,0.0407,closed,0.3729,37.29,0.3616,3.66,26.36,3.18,3.99,0.0123,5.28,516.0,0.0025,0.0014,0.1735,0.2556,4,100.41,112.25,127.77,14,0.073,188.18,8,0.0043
live_ep_000032_NONE,NONE,order-service,python-simulator,35.5,1785952392.824738,76,0.9571,0.0429,closed,0.3689,36.89,0.3099,11.81,19.11,3.83,3.19,0.0257,3.38,516.6,0.0029,0.0013,0.2625,0.327,1,77.78,101.49,102.43,10,0.0087,192.18,12,0.0044
live_ep_000032_NONE,NONE,order-service,python-simulator,36.0,1785952393.3260543,49,0.99,0.01,closed,0.3988,39.88,0.411,10.35,18.76,2.62,6.17,0.0099,7.6,499.0,0.0024,0.0042,0.1895,0.2307,4,92.45,93.73,113.03,12,0.0098,184.48,1,0.0203
live_ep_000032_NONE,NONE,order-service,python-simulator,36.5,1785952393.8265088,24,0.8805,0.1195,closed,0.3318,33.18,0.3254,0.95,17.52,4.23,4.75,0.0076,3.38,505.6,0.0039,0.0022,0.2468,0.221,3,75.9,89.45,105.21,17,0.0486,203.85,10,0.0182
live_ep_000032_NONE,NONE,order-service,python-simulator,37.0,1785952394.3265798,94,0.88,0.12,closed,0.3549,35.49,0.3366,0.5,18.7,5.41,9.05,0.0012,7.51,509.3,0.0012,0.0094,0.2706,0.2127,1,98.72,101.75,102.55,5,0.0223,208.07,0,0.0063
live_ep_000032_NONE,NONE,order-service,python-simulator,37.5,1785952394.8268256,20,0.99,0.01,closed,0.2771,27.71,0.3261,3.97,22.28,6.72,6.77,0.0018,42.61,519.4,0.0016,0.0,0.1976,0.3003,3,93.75,98.43,106.49,10,0.0595,218.46,1,0.0072
live_ep_000032_NONE,NONE,order-service,python-simulator,38.0,1785952395.3270683,33,0.99,0.01,closed,0.3749,37.49,0.3368,4.06,15.78,7.48,8.07,0.0101,26.89,498.9,0.0108,0.0018,0.2424,0.2536,0,84.51,91.22,100.2,6,0.0526,178.08,11,0.0027
live_ep_000032_NONE,NONE,order-service,python-simulator,38.5,1785952395.8276398,88,0.9812,0.0188,closed,0.3461,34.61,0.3042,3.67,26.86,4.78,4.89,0.0233,34.12,497.8,0.0067,0.0016,0.3317,0.2715,3,81.01,91.21,121.87,19,0.0608,201.25,9,0.0056
live_ep_000032_NONE,NONE,order-service,python-simulator,39.0,1785952396.3279595,95,0.9578,0.0422,closed,0.3231,32.31,0.4502,13.13,17.84,7.49,5.95,0.0092,11.09,487.5,0.0003,0.0005,0.2455,0.2109,3,87.71,90.39,108.02,6,0.0097,234.59,8,0.0065
live_ep_000032_NONE,NONE,order-service,python-simulator,39.5,1785952396.8282616,107,0.88,0.12,closed,0.3745,37.45,0.4672,12.67,18.61,3.71,8.02,0.0219,18.28,533.8,0.0013,0.0112,0.2178,0.2792,2,88.22,87.07,86.63,12,0.0205,190.18,8,0.0002
live_ep_000032_NONE,NONE,order-service,python-simulator,40.0,1785952397.3283978,108,0.91,0.09,closed,0.4032,40.32,0.312,0.5,36.54,6.49,4.94,0.0091,47.47,498.8,0.0195,0.0044,0.1815,0.2346,4,87.61,93.09,102.26,0,0.0648,194.16,2,0.0081
live_ep_000032_NONE,NONE,order-service,python-simulator,40.5,1785952397.8287606,36,0.9641,0.0359,closed,0.3481,34.81,0.3139,2.06,16.31,5.62,7.54,0.0049,49.55,512.7,0.0006,0.0031,0.2022,0.258,0,106.18,106.27,111.46,8,0.0507,177.12,2,0.0013
live_ep_000032_NONE,NONE,order-service,python-simulator,41.0,1785952398.3293006,32,0.9852,0.0148,closed,0.3163,31.63,0.5545,1.74,25.55,4.85,6.24,0.0167,3.49,515.2,0.0028,0.0001,0.3035,0.2476,0,98.48,101.62,122.7,0,0.0595,157.82,14,0.0032
live_ep_000032_NONE,NONE,order-service,python-simulator,41.5,1785952398.8293471,67,0.9862,0.0138,closed,0.3485,34.85,0.4649,10.09,24.5,3.62,11.84,0.0046,7.32,520.1,0.0017,0.0003,0.3045,0.2038,3,97.31,99.48,102.49,2,0.0277,190.29,4,0.0052
live_ep_000032_NONE,NONE,order-service,python-simulator,42.0,1785952399.329765,45,0.99,0.01,closed,0.3637,36.37,0.3297,3.25,20.67,3.48,6.33,0.0035,4.13,489.5,0.0035,0.0001,0.2253,0.2373,2,87.92,103.51,107.88,0,0.0124,188.79,6,0.0015
live_ep_000032_NONE,NONE,order-service,python-simulator,42.5,1785952399.830198,23,0.9897,0.0103,closed,0.3909,39.09,0.3394,1.86,25.76,7.33,7.47,0.0048,9.47,504.7,0.0118,0.0018,0.2081,0.2222,3,89.2,99.85,104.56,8,0.0241,210.27,9,0.0146
live_ep_000032_NONE,NONE,order-service,python-simulator,43.0,1785952400.3311658,110,0.9684,0.0316,closed,0.3596,35.96,0.5218,0.5,27.02,9.69,4.97,0.0119,2.0,545.1,0.0204,0.0012,0.2149,0.2888,0,80.34,89.79,107.32,9,0.0495,201.11,10,0.0028
live_ep_000032_NONE,NONE,order-service,python-simulator,43.5,1785952400.8316011,56,0.9774,0.0226,closed,0.3396,33.96,0.2617,0.9,27.06,2.92,7.51,0.0132,3.41,517.8,0.0144,0.003,0.2829,0.189,3,89.04,95.49,107.77,5,0.0114,152.05,14,0.0086
live_ep_000032_NONE,NONE,order-service,python-simulator,44.0,1785952401.3319592,71,0.9393,0.0607,closed,0.4106,41.06,0.4062,1.68,18.31,4.36,7.02,0.0074,10.74,504.5,0.0028,0.0143,0.2846,0.2012,0,86.33,102.34,107.8,0,0.064,213.54,8,0.0246
live_ep_000032_NONE,NONE,order-service,python-simulator,44.5,1785952401.8321111,21,0.9111,0.0889,closed,0.3229,32.29,0.2772,6.71,17.95,5.51,4.64,0.005,6.06,527.1,0.012,0.0003,0.2897,0.2728,2,96.54,100.68,114.58,11,0.0136,216.13,7,0.0027
live_ep_000032_NONE,NONE,order-service,python-simulator,45.0,1785952402.3323898,28,0.9468,0.0532,closed,0.3621,36.21,0.4146,5.88,25.49,3.19,6.81,0.0166,13.31,514.6,0.0061,0.004,0.3152,0.3117,2,85.6,86.37,116.75,15,0.0414,211.39,2,0.0016
live_ep_000032_NONE,NONE,order-service,python-simulator,45.5,1785952402.8329136,47,0.9758,0.0242,closed,0.1919,19.19,0.2478,3.75,24.21,2.54,8.38,0.0015,5.26,507.7,0.0024,0.0001,0.2207,0.263,1,81.61,90.07,116.26,3,0.0156,204.38,6,0.003
live_ep_000032_NONE,NONE,order-service,python-simulator,46.0,1785952403.3332615,38,0.9173,0.0827,closed,0.3741,37.41,0.4313,1.21,30.65,2.59,7.25,0.012,6.58,486.2,0.0008,0.0036,0.237,0.2224,1,97.62,98.57,129.56,14,0.0969,179.52,10,0.0016
live_ep_000032_NONE,NONE,order-service,python-simulator,46.5,1785952403.833652,104,0.9801,0.0199,closed,0.4077,40.77,0.4309,1.09,16.49,7.68,6.25,0.0099,28.2,489.5,0.0025,0.0003,0.1509,0.2692,4,88.67,158.92,159.2,4,0.023,169.88,9,0.0063
live_ep_000032_NONE,NONE,order-service,python-simulator,47.0,1785952404.33417,116,0.9688,0.0312,closed,0.4613,46.13,0.2385,5.68,14.82,4.78,6.27,0.0319,10.96,493.1,0.0022,0.0023,0.3105,0.2398,4,96.03,122.57,124.55,17,0.0004,209.68,5,0.0003
live_ep_000032_NONE,NONE,order-service,python-simulator,47.5,1785952404.834606,110,0.8803,0.1197,closed,0.3762,37.62,0.2685,0.5,10.92,2.89,6.13,0.0031,12.76,577.4,0.0003,0.0011,0.2625,0.2816,0,90.97,106.77,108.33,2,0.078,178.51,1,0.0009
live_ep_000032_NONE,NONE,order-service,python-simulator,48.0,1785952405.3348293,36,0.9843,0.0157,closed,0.2908,29.08,0.3195,1.18,20.03,2.14,7.12,0.0076,10.66,529.4,0.0003,0.0006,0.1188,0.2607,2,79.64,96.56,137.87,13,0.038,196.31,4,0.0019
live_ep_000032_NONE,NONE,order-service,python-simulator,48.5,1785952405.8350055,105,0.99,0.01,closed,0.3887,38.87,0.3934,3.26,23.7,2.97,5.33,0.0364,10.13,553.4,0.0027,0.0039,0.2309,0.2387,4,79.97,118.48,119.16,0,0.0287,190.91,2,0.0032
live_ep_000032_NONE,NONE,order-service,python-simulator,49.0,1785952406.335542,107,0.965,0.035,closed,0.2887,28.87,0.3521,3.85,13.76,6.19,5.78,0.0121,3.67,508.1,0.0006,0.0005,0.2491,0.2518,0,95.18,129.55,148.3,13,0.0375,190.5,8,0.0017
live_ep_000032_NONE,NONE,order-service,python-simulator,49.5,1785952406.8356814,23,0.9316,0.0684,closed,0.4099,40.99,0.2454,12.68,18.92,6.72,4.79,0.0301,2.0,544.4,0.0028,0.0031,0.3008,0.2725,4,99.46,143.68,153.46,3,0.0031,199.62,4,0.0107
live_ep_000032_NONE,NONE,order-service,python-simulator,50.0,1785952407.3361201,43,0.9708,0.0292,closed,0.3762,37.62,0.4057,9.29,32.36,4.09,3.47,0.0044,19.83,542.8,0.0003,0.0004,0.1694,0.2514,0,95.66,103.5,112.35,12,0.1,195.14,3,0.0073
live_ep_000032_NONE,NONE,order-service,python-simulator,50.5,1785952407.8363214,33,0.99,0.01,closed,0.2978,29.78,0.2166,4.91,17.95,5.49,3.88,0.0126,6.31,472.9,0.009,0.0027,0.187,0.2122,3,88.87,112.11,117.96,6,0.0641,214.64,1,0.0022
live_ep_000032_NONE,NONE,order-service,python-simulator,51.0,1785952408.336816,114,0.9255,0.0745,closed,0.3863,38.63,0.3295,11.81,20.89,2.96,7.7,0.0115,11.31,524.6,0.0169,0.0009,0.3104,0.2783,2,80.4,85.1,134.1,15,0.0272,213.16,8,0.0145
live_ep_000032_NONE,NONE,order-service,python-simulator,51.5,1785952408.8373296,103,0.9508,0.0492,closed,0.3422,34.22,0.301,2.18,15.65,3.07,4.4,0.0088,14.59,501.9,0.002,0.0019,0.2564,0.2563,2,92.97,93.98,110.48,10,0.0604,209.74,12,0.0031
live_ep_000032_NONE,NONE,order-service,python-simulator,52.0,1785952409.3376403,82,0.9255,0.0745,closed,0.2842,28.42,0.28,1.59,14.57,1.0,8.68,0.0117,3.82,520.5,0.0093,0.001,0.1882,0.2488,4,85.45,124.16,129.68,6,0.0524,173.05,11,0.0006
live_ep_000032_NONE,NONE,order-service,python-simulator,52.5,1785952409.8388267,48,0.963,0.037,closed,0.3175,31.75,0.3637,0.5,16.92,3.47,5.37,0.0229,2.0,527.1,0.0279,0.0009,0.2919,0.2328,4,80.72,112.28,127.18,18,0.0094,198.93,1,0.001
live_ep_000032_NONE,NONE,order-service,python-simulator,53.0,1785952410.3392222,50,0.9815,0.0185,closed,0.3917,39.17,0.3212,4.68,23.41,2.66,10.23,0.004,4.5,508.1,0.0128,0.0002,0.144,0.2377,2,79.45,86.7,96.33,2,0.0244,213.04,13,0.0008
live_ep_000032_NONE,NONE,order-service,python-simulator,53.5,1785952410.8396626,94,0.9587,0.0413,closed,0.4174,41.74,0.448,5.92,19.76,2.25,3.93,0.0105,13.76,502.3,0.0041,0.0035,0.2571,0.2319,4,95.69,113.92,117.85,14,0.0038,178.46,12,0.0015
live_ep_000032_NONE,NONE,order-service,python-simulator,54.0,1785952411.3399773,49,0.9487,0.0513,closed,0.3616,36.16,0.3145,2.5,22.73,2.26,9.75,0.012,25.46,531.0,0.0159,0.004,0.2129,0.2728,3,101.48,104.31,127.98,16,0.028,178.25,3,0.0008
live_ep_000032_NONE,NONE,order-service,python-simulator,54.5,1785952411.8405633,114,0.9223,0.0777,closed,0.3868,38.68,0.2456,7.84,20.22,4.0,2.0,0.0039,11.59,470.7,0.0032,0.0025,0.2207,0.1945,0,82.81,100.37,107.25,1,0.0232,207.49,2,0.0044
live_ep_000032_NONE,NONE,order-service,python-simulator,55.0,1785952412.3410773,66,0.9235,0.0765,closed,0.3379,33.79,0.3177,4.97,28.88,3.05,6.01,0.0192,9.15,517.7,0.0022,0.0015,0.2603,0.2212,3,94.41,97.17,106.23,15,0.0036,183.27,7,0.0159
live_ep_000032_NONE,NONE,order-service,python-simulator,55.5,1785952412.8415866,20,0.9783,0.0217,closed,0.3268,32.68,0.3494,0.91,10.48,3.93,5.89,0.0105,31.92,494.4,0.0013,0.005,0.2054,0.2705,0,107.18,111.26,111.63,10,0.0586,189.3,1,0.0163
live_ep_000032_NONE,NONE,order-service,python-simulator,56.0,1785952413.3418553,22,0.9651,0.0349,closed,0.3977,39.77,0.3266,6.1,30.6,2.71,4.45,0.0187,3.08,469.9,0.0033,0.0021,0.2093,0.2679,3,84.99,98.08,105.48,16,0.0292,174.73,11,0.0013
live_ep_000032_NONE,NONE,order-service,python-simulator,56.5,1785952413.8423228,99,0.88,0.12,closed,0.4575,45.75,0.2691,4.44,12.72,7.52,6.56,0.0084,15.13,510.3,0.0019,0.0014,0.2916,0.2525,0,85.88,117.16,146.31,3,0.0837,203.62,12,0.0022
live_ep_000032_NONE,NONE,order-service,python-simulator,57.0,1785952414.3429139,56,0.9322,0.0678,closed,0.4102,41.02,0.3034,1.55,28.19,5.0,8.14,0.008,7.37,516.6,0.002,0.0001,0.1628,0.2319,0,79.72,129.97,134.84,7,0.1,202.48,3,0.0027
live_ep_000032_NONE,NONE,order-service,python-simulator,57.5,1785952414.842973,36,0.9729,0.0271,closed,0.3699,36.99,0.4045,3.39,19.0,11.68,5.85,0.0088,20.96,484.3,0.0052,0.003,0.1635,0.2007,4,81.65,126.73,144.2,0,0.0306,182.84,3,0.0003
live_ep_000032_NONE,NONE,order-service,python-simulator,58.0,1785952415.3433146,97,0.9667,0.0333,closed,0.3017,30.17,0.433,27.16,14.1,7.55,6.88,0.0039,6.38,463.7,0.0033,0.0017,0.2726,0.2017,3,84.8,98.61,123.62,5,0.0579,202.59,12,0.0019
live_ep_000032_NONE,NONE,order-service,python-simulator,58.5,1785952415.8435585,62,0.9695,0.0305,closed,0.4172,41.72,0.2196,9.71,11.48,9.64,4.87,0.0006,19.55,540.3,0.0,0.0009,0.295,0.2815,3,87.35,120.04,127.59,16,0.0877,211.81,9,0.0211
live_ep_000032_NONE,NONE,order-service,python-simulator,59.0,1785952416.3438268,95,0.9419,0.0581,closed,0.4017,40.17,0.4047,8.58,13.14,3.06,5.19,0.016,6.86,525.9,0.0109,0.0011,0.1181,0.2847,1,97.06,106.43,122.96,11,0.0103,202.3,11,0.0064
live_ep_000032_NONE,NONE,order-service,python-simulator,59.5,1785952416.8440714,118,0.9836,0.0164,closed,0.3059,30.59,0.3121,0.73,28.05,3.03,7.84,0.0275,7.42,528.8,0.0,0.0013,0.2768,0.2841,0,85.23,90.01,105.06,16,0.0104,241.64,10,0.0028
live_ep_000033_BAD_DEPLOY,BAD_DEPLOY,inventory-service,python-simulator,0.0,1785952417.3461223,24,0.9526,0.0474,closed,0.3044,30.44,0.2779,0.61,23.72,4.94,4.69,0.0066,50.0,527.7,0.0025,0.0023,0.1705,0.2611,0,96.84,115.45,124.98,3,0.0019,203.94,6,0.0098
live_ep_000033_BAD_DEPLOY,BAD_DEPLOY,inventory-service,python-simulator,0.5,1785952417.8463829,65,0.8997,0.1003,closed,0.3798,37.98,0.2826,13.84,12.09,4.53,4.32,0.0098,8.5,527.9,0.0043,0.0085,0.2973,0.2899,2,79.73,107.01,114.59,15,0.0448,183.59,14,0.0035
live_ep_000033_BAD_DEPLOY,BAD_DEPLOY,inventory-service,python-simulator,1.0,1785952418.346516,31,0.99,0.01,closed,0.449,44.9,0.2157,12.26,25.67,3.41,5.81,0.0099,2.0,502.0,0.0067,0.0023,0.2578,0.301,4,78.66,83.38,85.6,2,0.0574,183.87,11,0.0057
live_ep_000033_BAD_DEPLOY,BAD_DEPLOY,inventory-service,python-simulator,1.5,1785952418.8467777,88,0.9502,0.0498,closed,0.3728,37.28,0.354,0.5,16.61,4.9,4.81,0.0112,9.29,508.2,0.0095,0.0003,0.3095,0.2455,3,91.64,104.79,145.54,11,0.1,171.11,10,0.0018
live_ep_000033_BAD_DEPLOY,BAD_DEPLOY,inventory-service,python-simulator,2.0,1785952419.3473032,29,0.9129,0.0871,closed,0.297,29.7,0.2791,4.39,19.13,7.22,7.82,0.0082,15.63,480.9,0.0031,0.0011,0.1768,0.2295,3,83.83,92.35,105.81,8,0.0033,215.71,13,0.0007
live_ep_000033_BAD_DEPLOY,BAD_DEPLOY,inventory-service,python-simulator,2.5,1785952419.8473988,61,0.9589,0.0411,closed,0.3822,38.22,0.2551,10.41,20.37,4.67,2.21,0.0076,19.58,530.1,0.0042,0.002,0.1667,0.2683,4,77.88,87.01,103.53,14,0.0662,201.83,12,0.0019
live_ep_000033_BAD_DEPLOY,BAD_DEPLOY,inventory-service,python-simulator,3.0,1785952420.3475182,65,0.907,0.093,closed,0.3051,30.51,0.3213,13.27,15.72,5.79,5.3,0.0065,3.44,547.8,0.0193,0.0002,0.2307,0.2967,1,80.12,91.47,113.19,8,0.1,187.85,11,0.0017
live_ep_000033_BAD_DEPLOY,BAD_DEPLOY,inventory-service,python-simulator,3.5,1785952420.8478043,34,0.9588,0.0412,open,0.3804,38.04,0.3189,0.86,20.21,4.44,8.23,0.5462,2.83,528.5,0.2185,0.3277,0.2885,0.2724,10,86.82,158.93,172.84,15,0.2185,187.43,6,0.0085
live_ep_000033_BAD_DEPLOY,BAD_DEPLOY,inventory-service,python-simulator,4.0,1785952421.3481574,51,0.9664,0.0336,open,0.3186,31.86,0.3769,1.51,16.9,1.82,5.3,0.6209,2.0,523.6,0.2483,0.3725,0.2957,0.2291,13,99.75,128.83,177.34,13,0.2483,202.42,7,0.0004
live_ep_000033_BAD_DEPLOY,BAD_DEPLOY,inventory-service,python-simulator,4.5,1785952421.8486733,24,0.9646,0.0354,open,0.3542,35.42,0.4027,5.19,25.96,2.9,7.58,0.4481,4.42,499.1,0.1793,0.2689,0.2333,0.2219,11,93.73,95.6,141.91,16,0.1793,207.69,3,0.0016
live_ep_000033_BAD_DEPLOY,BAD_DEPLOY,inventory-service,python-simulator,5.0,1785952422.348977,59,0.9818,0.0182,open,0.3895,38.95,0.4068,7.59,17.35,4.21,4.77,0.4897,11.46,497.9,0.1959,0.2938,0.2386,0.2948,10,84.28,130.82,170.37,4,0.1959,201.01,13,0.0016
live_ep_000033_BAD_DEPLOY,BAD_DEPLOY,inventory-service,python-simulator,5.5,1785952422.849525,97,0.99,0.01,open,0.3178,31.78,0.3734,8.21,15.06,2.12,4.26,0.7298,18.12,527.6,0.2919,0.4379,0.2001,0.2352,18,93.36,175.28,188.31,14,0.2919,212.31,1,0.0021
live_ep_000033_BAD_DEPLOY,BAD_DEPLOY,inventory-service,python-simulator,6.0,1785952423.3500788,22,0.99,0.01,open,0.2854,28.54,0.3135,3.99,17.54,3.0,6.59,0.7787,19.46,498.1,0.3115,0.4672,0.2478,0.2051,18,97.44,97.67,197.14,8,0.3115,179.41,9,0.0029
live_ep_000033_BAD_DEPLOY,BAD_DEPLOY,inventory-service,python-simulator,6.5,1785952423.8507078,87,0.958,0.042,open,0.3406,34.06,0.3431,2.02,9.45,5.51,7.86,0.5456,11.62,535.5,0.2182,0.3274,0.3601,0.2886,11,95.11,98.14,136.79,0,0.2182,151.36,0,0.0042
live_ep_000033_BAD_DEPLOY,BAD_DEPLOY,inventory-service,python-simulator,7.0,1785952424.351207,79,0.99,0.01,open,0.3209,32.09,0.524,13.25,29.06,4.49,5.83,0.795,37.22,513.3,0.318,0.477,0.3662,0.2945,16,87.41,132.14,146.75,12,0.318,169.16,14,0.006
live_ep_000033_BAD_DEPLOY,BAD_DEPLOY,inventory-service,python-simulator,7.5,1785952424.851489,78,0.99,0.01,open,0.3907,39.07,0.4765,0.91,16.23,3.85,4.8,0.6943,6.79,511.5,0.2777,0.4166,0.244,0.1922,14,105.42,133.27,145.9,14,0.2777,224.02,4,0.0047
live_ep_000033_BAD_DEPLOY,BAD_DEPLOY,inventory-service,python-simulator,8.0,1785952425.35206,113,0.8847,0.1153,open,0.4205,42.05,0.3532,2.15,22.18,4.84,6.39,0.6073,28.84,498.3,0.2429,0.3644,0.2412,0.2747,14,98.92,100.58,149.95,4,0.2429,216.06,9,0.0035
live_ep_000033_BAD_DEPLOY,BAD_DEPLOY,inventory-service,python-simulator,8.5,1785952425.8525934,25,0.9215,0.0785,open,0.3844,38.44,0.4254,0.59,18.6,2.42,4.11,0.8,2.72,497.5,0.32,0.48,0.2896,0.2852,19,90.07,99.53,122.98,1,0.32,217.77,6,0.0014
live_ep_000033_BAD_DEPLOY,BAD_DEPLOY,inventory-service,python-simulator,9.0,1785952426.3527327,105,0.9892,0.0108,open,0.3286,32.86,0.2877,12.65,17.03,7.0,8.25,0.6447,2.0,469.4,0.2579,0.3868,0.3039,0.1834,15,81.61,100.37,146.19,4,0.2579,212.13,3,0.005
live_ep_000033_BAD_DEPLOY,BAD_DEPLOY,inventory-service,python-simulator,9.5,1785952426.8532054,54,0.88,0.12,open,0.3459,34.59,0.4257,8.31,11.98,3.77,3.25,0.5016,5.47,510.5,0.2006,0.301,0.3332,0.251,12,90.36,108.25,124.17,5,0.2006,204.86,10,0.01
live_ep_000033_BAD_DEPLOY,BAD_DEPLOY,inventory-service,python-simulator,10.0,1785952427.3533268,118,0.9484,0.0516,open,0.3343,33.43,0.5461,3.72,35.16,7.39,7.13,0.6888,17.11,506.3,0.2755,0.4133,0.2133,0.2512,17,74.47,83.55,157.79,6,0.2755,168.46,8,0.0154
live_ep_000033_BAD_DEPLOY,BAD_DEPLOY,inventory-service,python-simulator,10.5,1785952427.853659,94,0.9454,0.0546,open,0.3989,39.89,0.4325,0.65,17.94,2.85,9.23,0.7985,15.53,503.3,0.3194,0.4791,0.2822,0.2344,15,87.51,113.11,142.19,0,0.3194,213.28,12,0.0002
live_ep_000033_BAD_DEPLOY,BAD_DEPLOY,inventory-service,python-simulator,11.0,1785952428.3540933,47,0.989,0.011,open,0.3496,34.96,0.3747,3.08,27.79,6.09,9.76,0.6561,2.18,529.2,0.2624,0.3937,0.2013,0.2002,14,83.59,107.67,154.7,16,0.2624,183.66,3,0.0045
live_ep_000033_BAD_DEPLOY,BAD_DEPLOY,inventory-service,python-simulator,11.5,1785952428.8544626,31,0.99,0.01,open,0.3422,34.22,0.4028,1.1,29.86,2.57,4.18,0.7397,11.63,477.6,0.2959,0.4438,0.2585,0.2439,15,99.63,100.93,136.03,16,0.2959,187.88,7,0.0136
live_ep_000033_BAD_DEPLOY,BAD_DEPLOY,inventory-service,python-simulator,12.0,1785952429.3547392,102,0.9617,0.0383,open,0.3663,36.63,0.4111,0.63,25.56,6.01,3.67,0.6236,2.0,482.9,0.2494,0.3741,0.2768,0.2502,16,81.82,116.39,128.46,7,0.2494,228.15,0,0.0028
live_ep_000033_BAD_DEPLOY,BAD_DEPLOY,inventory-service,python-simulator,12.5,1785952429.8552592,57,0.88,0.12,open,0.2843,28.43,0.2835,1.34,24.19,3.87,4.68,0.5374,18.08,505.3,0.215,0.3224,0.2718,0.2708,13,86.22,130.39,158.97,0,0.215,204.45,12,0.007
live_ep_000033_BAD_DEPLOY,BAD_DEPLOY,inventory-service,python-simulator,13.0,1785952430.3557322,90,0.9493,0.0507,open,0.3742,37.42,0.3201,5.85,32.99,4.04,14.91,0.6446,14.89,479.7,0.2579,0.3868,0.1887,0.2251,16,74.55,161.76,176.43,10,0.2579,174.06,12,0.0094
live_ep_000033_BAD_DEPLOY,BAD_DEPLOY,inventory-service,python-simulator,13.5,1785952430.856088,119,0.9706,0.0294,half-open,0.3841,38.41,0.4024,5.54,23.38,3.7,5.76,0.3492,2.67,515.9,0.1397,0.2095,0.2576,0.2526,6,87.69,144.26,156.09,9,0.1397,194.23,4,0.0063
live_ep_000033_BAD_DEPLOY,BAD_DEPLOY,inventory-service,python-simulator,14.0,1785952431.3565116,118,0.9176,0.0824,open,0.3665,36.65,0.3337,5.42,24.28,2.1,7.02,0.5875,2.2,514.8,0.235,0.3525,0.2731,0.2333,11,97.77,102.6,149.2,5,0.235,212.29,1,0.0
live_ep_000033_BAD_DEPLOY,BAD_DEPLOY,inventory-service,python-simulator,14.5,1785952431.8567874,114,0.9716,0.0284,open,0.4409,44.09,0.3963,2.45,14.21,3.54,4.89,0.5273,31.24,484.3,0.2109,0.3164,0.3021,0.2613,10,79.71,136.73,160.17,16,0.2109,197.18,5,0.0017
live_ep_000033_BAD_DEPLOY,BAD_DEPLOY,inventory-service,python-simulator,15.0,1785952432.3571334,34,0.9789,0.0211,open,0.2778,27.78,0.2699,8.17,22.99,8.22,9.57,0.8,3.53,533.3,0.32,0.48,0.2663,0.1648,20,73.77,145.25,153.28,2,0.32,204.62,10,0.0029
live_ep_000033_BAD_DEPLOY,BAD_DEPLOY,inventory-service,python-simulator,15.5,1785952432.857238,76,0.99,0.01,open,0.3414,34.14,0.4483,0.94,13.45,5.75,6.02,0.4692,11.02,483.7,0.1877,0.2815,0.2001,0.2355,13,88.49,132.78,164.27,4,0.1877,245.51,14,0.0063
live_ep_000033_BAD_DEPLOY,BAD_DEPLOY,inventory-service,python-simulator,16.0,1785952433.357439,115,0.9604,0.0396,open,0.3441,34.41,0.2913,21.08,20.56,6.6,2.72,0.5994,8.99,492.5,0.2397,0.3596,0.262,0.2447,12,89.35,116.38,144.72,13,0.2397,168.26,11,0.0339
live_ep_000033_BAD_DEPLOY,BAD_DEPLOY,inventory-service,python-simulator,16.5,1785952433.8577461,114,0.9831,0.0169,open,0.3714,37.14,0.4319,5.22,15.74,11.23,2.73,0.5154,4.14,525.3,0.2061,0.3092,0.1756,0.275,14,90.52,139.25,146.16,9,0.2061,222.21,9,0.0036
live_ep_000033_BAD_DEPLOY,BAD_DEPLOY,inventory-service,python-simulator,17.0,1785952434.357816,35,0.9828,0.0172,open,0.3404,34.04,0.3708,11.44,22.21,7.07,4.18,0.6079,4.03,521.8,0.2432,0.3648,0.2305,0.2505,15,83.44,105.36,153.51,16,0.2432,168.79,5,0.0066
live_ep_000033_BAD_DEPLOY,BAD_DEPLOY,inventory-service,python-simulator,17.5,1785952434.858183,116,0.9884,0.0116,open,0.3701,37.01,0.3416,3.18,17.45,3.89,5.31,0.6279,40.64,497.1,0.2512,0.3768,0.2544,0.2166,14,88.12,101.79,173.5,19,0.2512,208.7,13,0.0008
live_ep_000033_BAD_DEPLOY,BAD_DEPLOY,inventory-service,python-simulator,18.0,1785952435.3584046,114,0.99,0.01,open,0.367,36.7,0.2788,5.57,21.72,5.21,12.18,0.7102,30.05,495.3,0.2841,0.4261,0.2207,0.243,17,75.74,84.28,134.62,0,0.2841,231.52,7,0.0019
live_ep_000033_BAD_DEPLOY,BAD_DEPLOY,inventory-service,python-simulator,18.5,1785952435.8585994,100,0.99,0.01,open,0.4033,40.33,0.264,1.34,21.77,2.11,4.33,0.7883,14.75,519.1,0.3153,0.473,0.2071,0.2637,19,87.0,95.37,133.42,8,0.3153,212.95,8,0.0056
live_ep_000033_BAD_DEPLOY,BAD_DEPLOY,inventory-service,python-simulator,19.0,1785952436.35915,29,0.9697,0.0303,open,0.3285,32.85,0.3377,2.25,15.94,3.1,14.3,0.7607,10.65,471.6,0.3043,0.4564,0.236,0.2366,19,78.73,108.88,154.24,9,0.3043,215.93,3,0.0016
live_ep_000033_BAD_DEPLOY,BAD_DEPLOY,inventory-service,python-simulator,19.5,1785952436.8592255,99,0.9204,0.0796,open,0.3477,34.77,0.3367,1.06,13.92,3.64,12.24,0.5183,8.93,496.5,0.2073,0.311,0.2167,0.2314,11,102.9,108.35,127.03,5,0.2073,217.08,2,0.0056
live_ep_000033_BAD_DEPLOY,BAD_DEPLOY,inventory-service,python-simulator,20.0,1785952437.3597555,82,0.9204,0.0796,half-open,0.277,27.7,0.4153,9.26,17.68,4.27,8.06,0.3513,2.0,518.5,0.1405,0.2108,0.3053,0.3099,8,91.21,151.67,167.71,18,0.1405,214.11,5,0.0023
live_ep_000033_BAD_DEPLOY,BAD_DEPLOY,inventory-service,python-simulator,20.5,1785952437.86017,88,0.9435,0.0565,open,0.3657,36.57,0.3541,0.83,23.73,2.31,3.62,0.4228,14.65,539.5,0.1691,0.2537,0.2928,0.3146,10,99.02,141.24,175.6,5,0.1691,213.51,4,0.002
live_ep_000033_BAD_DEPLOY,BAD_DEPLOY,inventory-service,python-simulator,21.0,1785952438.3604598,72,0.904,0.096,open,0.3731,37.31,0.1931,1.07,12.38,1.75,8.75,0.6385,20.24,549.1,0.2554,0.3831,0.2889,0.2703,12,99.39,128.21,199.6,0,0.2554,198.19,13,0.0037
live_ep_000033_BAD_DEPLOY,BAD_DEPLOY,inventory-service,python-simulator,21.5,1785952438.8608124,95,0.88,0.12,open,0.3155,31.55,0.3151,0.54,17.73,5.76,7.51,0.6557,2.0,516.5,0.2623,0.3934,0.14,0.2762,14,88.34,90.34,100.0,2,0.2623,173.75,6,0.0038
live_ep_000033_BAD_DEPLOY,BAD_DEPLOY,inventory-service,python-simulator,22.0,1785952439.3613803,40,0.9884,0.0116,open,0.3756,37.56,0.1882,3.26,14.44,3.37,6.82,0.5892,10.76,539.8,0.2357,0.3535,0.3376,0.2698,14,73.43,109.25,125.89,6,0.2357,162.92,4,0.0003
live_ep_000033_BAD_DEPLOY,BAD_DEPLOY,inventory-service,python-simulator,22.5,1785952439.8616498,118,0.9136,0.0864,open,0.3253,32.53,0.3791,3.88,15.24,4.18,3.61,0.5608,48.43,529.2,0.2243,0.3365,0.2407,0.2533,13,92.57,104.25,161.69,0,0.2243,209.6,5,0.0024
live_ep_000033_BAD_DEPLOY,BAD_DEPLOY,inventory-service,python-simulator,23.0,1785952440.362071,61,0.9856,0.0144,open,0.3694,36.94,0.4975,20.01,22.17,6.94,4.25,0.5912,2.0,526.6,0.2365,0.3547,0.2293,0.2562,14,79.39,119.88,146.76,11,0.2365,170.97,11,0.0104
live_ep_000033_BAD_DEPLOY,BAD_DEPLOY,inventory-service,python-simulator,23.5,1785952440.8625262,34,0.9861,0.0139,open,0.4232,42.32,0.1985,4.48,19.03,6.49,4.98,0.6372,23.07,486.8,0.2549,0.3823,0.2513,0.1906,14,94.91,127.65,133.95,2,0.2549,212.79,8,0.0033
live_ep_000033_BAD_DEPLOY,BAD_DEPLOY,inventory-service,python-simulator,24.0,1785952441.3634634,47,0.99,0.01,open,0.3783,37.83,0.4411,7.78,19.63,2.22,3.25,0.6671,16.57,505.9,0.2668,0.4003,0.3396,0.2385,13,91.44,112.47,120.63,13,0.2668,210.79,12,0.0047
live_ep_000033_BAD_DEPLOY,BAD_DEPLOY,inventory-service,python-simulator,24.5,1785952441.8637006,91,0.99,0.01,open,0.3517,35.17,0.4705,1.28,16.04,2.29,9.23,0.5373,19.39,494.1,0.2149,0.3224,0.2533,0.2647,13,105.28,111.99,131.94,2,0.2149,178.6,3,0.0127
live_ep_000033_BAD_DEPLOY,BAD_DEPLOY,inventory-service,python-simulator,25.0,1785952442.3641026,114,0.9763,0.0237,open,0.3944,39.44,0.4172,0.5,25.77,5.48,4.43,0.4693,24.06,487.5,0.1877,0.2816,0.2763,0.2539,9,86.04,136.95,166.16,0,0.1877,188.97,12,0.0
live_ep_000033_BAD_DEPLOY,BAD_DEPLOY,inventory-service,python-simulator,25.5,1785952442.864669,47,0.88,0.12,half-open,0.3083,30.83,0.4167,2.49,35.95,1.9,5.71,0.3621,5.18,511.7,0.1448,0.2173,0.1159,0.2117,7,86.48,96.87,151.69,16,0.1448,227.61,14,0.0062
live_ep_000033_BAD_DEPLOY,BAD_DEPLOY,inventory-service,python-simulator,26.0,1785952443.3651383,103,0.88,0.12,open,0.3496,34.96,0.2568,2.23,25.56,5.67,5.9,0.65,6.22,524.5,0.26,0.39,0.2284,0.2802,12,80.47,84.33,174.64,12,0.26,248.31,3,0.0011
live_ep_000033_BAD_DEPLOY,BAD_DEPLOY,inventory-service,python-simulator,26.5,1785952443.8652465,27,0.925,0.075,open,0.3693,36.93,0.3775,1.88,23.58,9.95,9.9,0.6845,42.66,508.4,0.2738,0.4107,0.2077,0.2972,14,97.72,111.04,140.53,7,0.2738,217.42,3,0.0
live_ep_000033_BAD_DEPLOY,BAD_DEPLOY,inventory-service,python-simulator,27.0,1785952444.365568,95,0.9747,0.0253,open,0.3866,38.66,0.3119,1.18,27.28,3.9,5.84,0.4131,9.09,519.3,0.1653,0.2479,0.3659,0.2478,11,99.5,102.33,139.2,6,0.1653,200.69,8,0.0008
live_ep_000033_BAD_DEPLOY,BAD_DEPLOY,inventory-service,python-simulator,27.5,1785952444.865973,87,0.9242,0.0758,open,0.3286,32.86,0.2589,2.95,12.33,5.77,8.49,0.6922,14.15,536.4,0.2769,0.4153,0.2382,0.3081,15,89.16,132.56,184.97,9,0.2769,215.74,9,0.0001
live_ep_000033_BAD_DEPLOY,BAD_DEPLOY,inventory-service,python-simulator,28.0,1785952445.3661172,96,0.9884,0.0116,open,0.3015,30.15,0.4365,2.49,12.21,6.96,5.21,0.5717,24.06,503.8,0.2287,0.343,0.2463,0.1839,15,80.83,166.96,168.57,8,0.2287,189.74,9,0.0065
live_ep_000033_BAD_DEPLOY,BAD_DEPLOY,inventory-service,python-simulator,28.5,1785952445.8663616,75,0.99,0.01,open,0.3358,33.58,0.3922,10.88,19.66,2.43,5.76,0.7913,2.0,496.4,0.3165,0.4748,0.3099,0.2265,17,81.46,118.76,127.49,12,0.3165,184.62,0,0.0011
live_ep_000033_BAD_DEPLOY,BAD_DEPLOY,inventory-service,python-simulator,29.0,1785952446.3666005,41,0.9707,0.0293,open,0.4247,42.47,0.3095,4.7,20.91,5.15,7.55,0.7399,48.65,519.0,0.296,0.444,0.1772,0.2811,17,91.44,123.01,136.92,17,0.296,205.7,6,0.0048
live_ep_000033_BAD_DEPLOY,BAD_DEPLOY,inventory-service,python-simulator,29.5,1785952446.867081,48,0.9482,0.0518,open,0.3739,37.39,0.2908,4.52,18.34,6.87,3.59,0.4721,36.81,504.1,0.1888,0.2832,0.2975,0.2125,12,102.14,123.08,135.04,16,0.1888,208.52,1,0.0056
live_ep_000033_BAD_DEPLOY,BAD_DEPLOY,inventory-service,python-simulator,30.0,1785952447.3675568,75,0.9369,0.0631,open,0.2807,28.07,0.5214,0.5,30.48,8.07,3.18,0.6352,39.21,520.2,0.2541,0.3811,0.3126,0.2459,12,103.41,108.53,151.7,1,0.2541,200.78,14,0.001
live_ep_000033_BAD_DEPLOY,BAD_DEPLOY,inventory-service,python-simulator,30.5,1785952447.8679023,43,0.99,0.01,open,0.3228,32.28,0.2937,2.52,21.54,3.73,7.74,0.4241,6.97,519.2,0.1696,0.2545,0.257,0.2879,10,98.78,126.86,141.76,4,0.1696,212.58,0,0.0076
live_ep_000033_BAD_DEPLOY,BAD_DEPLOY,inventory-service,python-simulator,31.0,1785952448.3682337,68,0.88,0.12,open,0.2977,29.77,0.3627,4.84,19.7,6.67,7.74,0.5597,24.93,528.5,0.2239,0.3358,0.2586,0.3148,11,98.67,140.85,181.66,13,0.2239,199.91,13,0.0049
live_ep_000033_BAD_DEPLOY,BAD_DEPLOY,inventory-service,python-simulator,31.5,1785952448.8683648,98,0.9361,0.0639,open,0.2804,28.04,0.2318,3.22,24.76,2.37,6.04,0.5572,4.72,545.6,0.2229,0.3343,0.2124,0.2493,12,93.0,124.57,142.01,18,0.2229,167.45,13,0.0024
live_ep_000033_BAD_DEPLOY,BAD_DEPLOY,inventory-service,python-simulator,32.0,1785952449.3689594,26,0.9788,0.0212,open,0.295,29.5,0.2925,16.26,15.22,3.82,6.46,0.4705,28.13,497.4,0.1882,0.2823,0.1523,0.2367,11,86.61,103.88,167.67,16,0.1882,181.73,6,0.0081
live_ep_000033_BAD_DEPLOY,BAD_DEPLOY,inventory-service,python-simulator,32.5,1785952449.8690643,110,0.9364,0.0636,open,0.3268,32.68,0.2761,4.32,36.36,4.46,13.33,0.4522,4.13,543.6,0.1809,0.2713,0.2545,0.2931,10,95.25,99.62,119.55,2,0.1809,207.16,9,0.0066
live_ep_000033_BAD_DEPLOY,BAD_DEPLOY,inventory-service,python-simulator,33.0,1785952450.3695421,49,0.9833,0.0167,open,0.2887,28.87,0.3155,5.19,35.67,1.48,5.24,0.7641,2.0,507.7,0.3057,0.4585,0.258,0.2232,15,85.53,137.85,149.89,7,0.3057,193.36,14,0.014
live_ep_000033_BAD_DEPLOY,BAD_DEPLOY,inventory-service,python-simulator,33.5,1785952450.8698711,85,0.9482,0.0518,open,0.2763,27.63,0.1462,1.43,10.45,2.84,8.69,0.7246,2.0,510.7,0.2899,0.4348,0.2966,0.2907,14,89.61,138.68,151.13,3,0.2899,205.83,8,0.0059
live_ep_000033_BAD_DEPLOY,BAD_DEPLOY,inventory-service,python-simulator,34.0,1785952451.3701138,79,0.99,0.01,open,0.2924,29.24,0.158,2.95,22.28,4.24,4.21,0.6135,6.14,517.8,0.2454,0.3681,0.2007,0.2694,16,87.17,127.4,185.27,2,0.2454,204.72,2,0.0013
live_ep_000033_BAD_DEPLOY,BAD_DEPLOY,inventory-service,python-simulator,34.5,1785952451.870461,28,0.9507,0.0493,open,0.2807,28.07,0.256,13.43,29.32,4.11,9.17,0.5119,7.21,500.4,0.2048,0.3071,0.2692,0.2119,13,95.15,133.51,136.64,17,0.2048,197.08,5,0.0021
live_ep_000033_BAD_DEPLOY,BAD_DEPLOY,inventory-service,python-simulator,35.0,1785952452.3708832,62,0.958,0.042,open,0.3413,34.13,0.3174,4.18,12.03,8.04,9.39,0.7304,16.23,491.0,0.2921,0.4382,0.2322,0.2253,16,90.94,121.65,150.79,9,0.2921,226.17,13,0.0139
live_ep_000033_BAD_DEPLOY,BAD_DEPLOY,inventory-service,python-simulator,35.5,1785952452.8713493,111,0.9253,0.0747,open,0.2974,29.74,0.4612,9.84,17.0,7.07,3.62,0.6471,16.87,535.0,0.2589,0.3883,0.2537,0.2259,14,101.34,150.2,168.49,0,0.2589,222.42,4,0.0005
live_ep_000033_BAD_DEPLOY,BAD_DEPLOY,inventory-service,python-simulator,36.0,1785952453.3716242,54,0.8875,0.1125,open,0.3611,36.11,0.5133,0.5,27.06,5.99,5.57,0.5634,7.14,514.5,0.2253,0.338,0.295,0.2105,11,85.14,106.51,166.52,1,0.2253,177.96,14,0.0008
live_ep_000033_BAD_DEPLOY,BAD_DEPLOY,inventory-service,python-simulator,36.5,1785952453.8717008,32,0.9339,0.0661,open,0.3796,37.96,0.4617,2.01,19.72,5.73,5.91,0.5372,30.71,560.7,0.2149,0.3223,0.1842,0.2674,10,95.91,112.04,136.57,10,0.2149,206.13,1,0.0019
live_ep_000033_BAD_DEPLOY,BAD_DEPLOY,inventory-service,python-simulator,37.0,1785952454.3717754,57,0.99,0.01,open,0.2798,27.98,0.3202,17.98,29.42,5.38,7.1,0.6625,14.18,551.2,0.265,0.3975,0.2483,0.2335,17,83.83,92.16,128.37,2,0.265,182.37,9,0.0005
live_ep_000033_BAD_DEPLOY,BAD_DEPLOY,inventory-service,python-simulator,37.5,1785952454.8719015,28,0.9895,0.0105,open,0.433,43.3,0.3868,3.24,12.71,6.81,10.0,0.674,19.52,538.3,0.2696,0.4044,0.2307,0.2627,14,101.06,168.67,182.7,4,0.2696,195.37,5,0.0068
live_ep_000033_BAD_DEPLOY,BAD_DEPLOY,inventory-service,python-simulator,38.0,1785952455.3721256,38,0.9194,0.0806,open,0.356,35.6,0.2408,6.58,22.75,6.4,9.45,0.7518,10.01,506.0,0.3007,0.4511,0.3385,0.2945,17,101.23,125.46,139.04,0,0.3007,167.46,9,0.0025
live_ep_000033_BAD_DEPLOY,BAD_DEPLOY,inventory-service,python-simulator,38.5,1785952455.8722563,80,0.9853,0.0147,open,0.3974,39.74,0.2312,2.29,35.64,4.87,4.32,0.6636,6.19,534.1,0.2654,0.3981,0.258,0.2836,17,95.55,119.68,153.19,10,0.2654,205.41,7,0.0048
live_ep_000033_BAD_DEPLOY,BAD_DEPLOY,inventory-service,python-simulator,39.0,1785952456.3726292,55,0.99,0.01,open,0.3468,34.68,0.4136,2.63,27.83,2.81,8.8,0.7017,60.0,525.8,0.2807,0.421,0.3353,0.1988,14,92.9,176.81,193.19,17,0.2807,171.26,12,0.0068
live_ep_000033_BAD_DEPLOY,BAD_DEPLOY,inventory-service,python-simulator,39.5,1785952456.8730278,100,0.9878,0.0122,open,0.2939,29.39,0.2402,1.07,20.56,6.96,5.49,0.5972,2.04,484.3,0.2389,0.3583,0.2973,0.2901,12,93.04,157.85,172.44,1,0.2389,205.48,0,0.0171
live_ep_000033_BAD_DEPLOY,BAD_DEPLOY,inventory-service,python-simulator,40.0,1785952457.3732228,25,0.8971,0.1029,open,0.4063,40.63,0.2961,4.52,11.9,13.71,3.68,0.7283,44.21,516.4,0.2913,0.437,0.3048,0.255,17,92.05,109.16,160.23,11,0.2913,186.88,3,0.0021
live_ep_000033_BAD_DEPLOY,BAD_DEPLOY,inventory-service,python-simulator,40.5,1785952457.873631,104,0.8833,0.1167,open,0.4337,43.37,0.4304,2.24,22.34,9.26,7.76,0.4433,11.85,548.6,0.1773,0.266,0.2339,0.3174,8,97.88,135.2,164.3,19,0.1773,197.35,0,0.0037
live_ep_000033_BAD_DEPLOY,BAD_DEPLOY,inventory-service,python-simulator,41.0,1785952458.373901,28,0.9837,0.0163,open,0.2536,25.36,0.3107,1.5,23.26,3.8,5.29,0.6888,33.22,511.3,0.2755,0.4133,0.3612,0.2954,16,93.18,126.65,134.34,13,0.2755,203.94,7,0.011
live_ep_000033_BAD_DEPLOY,BAD_DEPLOY,inventory-service,python-simulator,41.5,1785952458.8740187,91,0.9565,0.0435,open,0.4213,42.13,0.4148,2.88,28.67,3.86,7.74,0.5184,2.0,507.6,0.2073,0.311,0.2146,0.29,11,86.99,98.81,114.11,12,0.2073,194.17,11,0.0002
live_ep_000033_BAD_DEPLOY,BAD_DEPLOY,inventory-service,python-simulator,42.0,1785952459.3741245,75,0.99,0.01,open,0.3444,34.44,0.409,0.5,24.47,4.89,9.64,0.4958,34.24,525.7,0.1983,0.2975,0.2513,0.2738,9,86.0,116.15,146.16,13,0.1983,200.12,5,0.0017
live_ep_000033_BAD_DEPLOY,BAD_DEPLOY,inventory-service,python-simulator,42.5,1785952459.8744273,54,0.962,0.038,open,0.4471,44.71,0.4221,10.81,20.18,3.78,3.78,0.6817,60.0,550.6,0.2727,0.409,0.2872,0.2801,15,102.9,115.45,143.67,13,0.2727,213.86,14,0.0015
live_ep_000033_BAD_DEPLOY,BAD_DEPLOY,inventory-service,python-simulator,43.0,1785952460.374756,85,0.99,0.01,open,0.3262,32.62,0.3659,4.75,18.95,3.72,2.83,0.7456,17.98,489.4,0.2983,0.4474,0.1461,0.229,18,95.27,116.46,163.9,18,0.2983,234.78,3,0.0028
live_ep_000033_BAD_DEPLOY,BAD_DEPLOY,inventory-service,python-simulator,43.5,1785952460.8750463,88,0.99,0.01,open,0.331,33.1,0.2184,6.19,18.0,5.54,7.26,0.6184,60.0,523.5,0.2474,0.371,0.1964,0.2127,15,89.65,104.51,107.1,6,0.2474,165.57,0,0.0044
live_ep_000033_BAD_DEPLOY,BAD_DEPLOY,inventory-service,python-simulator,44.0,1785952461.3752193,58,0.9342,0.0658,open,0.4173,41.73,0.4212,1.8,15.25,5.89,6.9,0.5653,11.54,509.2,0.2261,0.3392,0.2544,0.2208,13,97.83,126.54,181.79,18,0.2261,202.7,12,0.0093
live_ep_000033_BAD_DEPLOY,BAD_DEPLOY,inventory-service,python-simulator,44.5,1785952461.8758082,78,0.9387,0.0613,open,0.3334,33.34,0.3508,2.06,29.7,2.44,2.46,0.8,2.12,478.7,0.32,0.48,0.2935,0.2561,20,88.77,163.28,176.06,2,0.32,194.1,8,0.0019
live_ep_000033_BAD_DEPLOY,BAD_DEPLOY,inventory-service,python-simulator,45.0,1785952462.375965,97,0.9479,0.0521,open,0.3796,37.96,0.3913,6.4,18.74,7.32,5.8,0.8,5.73,476.5,0.32,0.48,0.1748,0.2456,19,92.28,167.9,184.92,17,0.32,180.26,5,0.0045
live_ep_000033_BAD_DEPLOY,BAD_DEPLOY,inventory-service,python-simulator,45.5,1785952462.8764787,80,0.8931,0.1069,open,0.4454,44.54,0.2273,10.03,19.22,7.45,4.58,0.5367,45.14,496.4,0.2147,0.322,0.3382,0.2816,10,102.8,118.46,150.49,11,0.2147,197.65,10,0.0014
live_ep_000033_BAD_DEPLOY,BAD_DEPLOY,inventory-service,python-simulator,46.0,1785952463.3767266,54,0.88,0.12,open,0.3858,38.58,0.3157,0.5,33.99,5.93,3.7,0.5565,3.16,549.0,0.2226,0.3339,0.2463,0.2446,11,79.83,122.74,168.0,17,0.2226,216.81,10,0.0028
live_ep_000033_BAD_DEPLOY,BAD_DEPLOY,inventory-service,python-simulator,46.5,1785952463.8771884,68,0.9127,0.0873,open,0.3344,33.44,0.3649,7.15,22.29,3.08,8.62,0.5103,2.0,550.5,0.2041,0.3062,0.2046,0.2946,13,97.14,179.72,184.65,0,0.2041,212.11,7,0.0025
live_ep_000033_BAD_DEPLOY,BAD_DEPLOY,inventory-service,python-simulator,47.0,1785952464.3774362,75,0.9563,0.0437,open,0.3731,37.31,0.463,0.88,21.22,5.34,4.64,0.6507,10.43,480.7,0.2603,0.3904,0.2133,0.2233,14,87.68,142.3,159.24,16,0.2603,183.22,7,0.003
live_ep_000033_BAD_DEPLOY,BAD_DEPLOY,inventory-service,python-simulator,47.5,1785952464.8774924,66,0.9569,0.0431,open,0.3624,36.24,0.3115,0.82,23.04,3.26,6.23,0.6523,3.95,478.9,0.2609,0.3914,0.2498,0.2683,16,91.29,133.71,151.5,2,0.2609,194.54,8,0.0007
live_ep_000033_BAD_DEPLOY,BAD_DEPLOY,inventory-service,python-simulator,48.0,1785952465.3778944,62,0.88,0.12,open,0.419,41.9,0.3626,0.84,20.89,5.07,6.48,0.5344,5.34,507.7,0.2138,0.3207,0.2113,0.2126,12,93.9,129.74,161.47,8,0.2138,223.56,2,0.0009
live_ep_000033_BAD_DEPLOY,BAD_DEPLOY,inventory-service,python-simulator,48.5,1785952465.8788583,52,0.99,0.01,open,0.3719,37.19,0.4649,7.79,14.95,3.45,6.53,0.6099,15.73,496.6,0.244,0.366,0.2938,0.2577,15,78.27,78.28,140.76,17,0.244,198.19,12,0.0077
live_ep_000033_BAD_DEPLOY,BAD_DEPLOY,inventory-service,python-simulator,49.0,1785952466.3792503,44,0.9204,0.0796,open,0.2988,29.88,0.1674,4.48,25.7,6.04,3.77,0.534,8.9,505.2,0.2136,0.3204,0.2406,0.2796,11,87.39,123.72,193.58,15,0.2136,218.06,4,0.0048
live_ep_000033_BAD_DEPLOY,BAD_DEPLOY,inventory-service,python-simulator,49.5,1785952466.8798382,38,0.9101,0.0899,open,0.2818,28.18,0.4715,9.68,20.7,7.57,5.87,0.6625,6.71,540.9,0.265,0.3975,0.3138,0.2692,16,73.32,109.13,153.41,5,0.265,186.95,7,0.0043
live_ep_000033_BAD_DEPLOY,BAD_DEPLOY,inventory-service,python-simulator,50.0,1785952467.380405,116,0.99,0.01,open,0.4174,41.74,0.24,8.54,33.23,2.78,14.75,0.4859,44.19,538.8,0.1943,0.2915,0.171,0.2819,11,84.15,92.97,126.13,12,0.1943,192.05,0,0.0023
live_ep_000033_BAD_DEPLOY,BAD_DEPLOY,inventory-service,python-simulator,50.5,1785952467.8812063,88,0.9304,0.0696,open,0.3417,34.17,0.3247,0.5,15.84,4.45,6.32,0.5764,17.44,489.4,0.2306,0.3458,0.1964,0.2091,14,100.68,125.49,130.46,3,0.2306,183.81,11,0.0033
live_ep_000033_BAD_DEPLOY,BAD_DEPLOY,inventory-service,python-simulator,51.0,1785952468.3815267,54,0.9571,0.0429,open,0.3861,38.61,0.4526,1.19,24.44,5.22,2.73,0.6269,3.86,489.2,0.2508,0.3762,0.2481,0.2268,16,91.9,149.47,155.18,14,0.2508,200.05,11,0.0083
live_ep_000033_BAD_DEPLOY,BAD_DEPLOY,inventory-service,python-simulator,51.5,1785952468.881877,108,0.9767,0.0233,open,0.3858,38.58,0.3735,3.65,16.38,9.31,8.03,0.6148,2.0,516.0,0.2459,0.3689,0.2499,0.2731,16,87.88,114.14,172.16,15,0.2459,207.42,6,0.0054
live_ep_000033_BAD_DEPLOY,BAD_DEPLOY,inventory-service,python-simulator,52.0,1785952469.3820033,99,0.9894,0.0106,open,0.4012,40.12,0.3638,11.45,22.23,4.41,4.81,0.4389,12.07,527.9,0.1756,0.2634,0.2572,0.3187,10,94.99,124.13,134.54,0,0.1756,164.99,10,0.0035
live_ep_000033_BAD_DEPLOY,BAD_DEPLOY,inventory-service,python-simulator,52.5,1785952469.8821814,37,0.9808,0.0192,open,0.3973,39.73,0.2385,0.5,19.01,5.2,4.1,0.5643,18.84,480.6,0.2257,0.3386,0.2241,0.1895,12,81.14,116.96,127.15,5,0.2257,195.39,4,0.0047
live_ep_000033_BAD_DEPLOY,BAD_DEPLOY,inventory-service,python-simulator,53.0,1785952470.3823254,25,0.9473,0.0527,open,0.4123,41.23,0.2526,3.42,15.68,6.84,9.99,0.6903,25.08,521.3,0.2761,0.4142,0.1324,0.2416,14,78.7,124.71,136.79,0,0.2761,259.3,11,0.0019
live_ep_000033_BAD_DEPLOY,BAD_DEPLOY,inventory-service,python-simulator,53.5,1785952470.882962,83,0.9459,0.0541,open,0.3289,32.89,0.3917,0.96,38.64,8.62,4.01,0.4427,25.47,512.5,0.1771,0.2656,0.2691,0.1986,8,76.28,78.2,160.29,5,0.1771,182.37,12,0.0177
live_ep_000033_BAD_DEPLOY,BAD_DEPLOY,inventory-service,python-simulator,54.0,1785952471.383154,93,0.99,0.01,open,0.3564,35.64,0.4143,2.61,27.66,4.68,5.71,0.4621,16.73,514.6,0.1848,0.2772,0.3437,0.2933,11,73.83,123.04,160.0,13,0.1848,178.12,1,0.0009
live_ep_000033_BAD_DEPLOY,BAD_DEPLOY,inventory-service,python-simulator,54.5,1785952471.8832662,71,0.99,0.01,open,0.3268,32.68,0.2853,3.27,19.1,5.49,8.87,0.7176,19.71,511.3,0.287,0.4305,0.2185,0.2632,18,96.31,149.82,171.16,0,0.287,163.49,8,0.0006
live_ep_000033_BAD_DEPLOY,BAD_DEPLOY,inventory-service,python-simulator,55.0,1785952472.3836606,74,0.99,0.01,open,0.3523,35.23,0.3501,5.26,16.65,4.8,6.37,0.733,5.43,528.2,0.2932,0.4398,0.4022,0.2713,17,106.45,112.64,118.64,16,0.2932,206.96,3,0.0083
live_ep_000033_BAD_DEPLOY,BAD_DEPLOY,inventory-service,python-simulator,55.5,1785952472.8840642,46,0.99,0.01,open,0.2583,25.83,0.1634,5.86,16.11,6.05,9.41,0.6128,16.08,507.5,0.2451,0.3677,0.3139,0.2065,13,89.11,138.24,155.59,0,0.2451,191.62,12,0.0115
live_ep_000033_BAD_DEPLOY,BAD_DEPLOY,inventory-service,python-simulator,56.0,1785952473.385411,85,0.899,0.101,open,0.3695,36.95,0.459,0.93,20.98,5.56,4.23,0.6712,10.51,480.9,0.2685,0.4027,0.2302,0.2455,14,83.09,102.36,145.18,4,0.2685,228.45,13,0.0023
live_ep_000033_BAD_DEPLOY,BAD_DEPLOY,inventory-service,python-simulator,56.5,1785952473.8855689,20,0.9819,0.0181,open,0.3312,33.12,0.4124,13.92,26.14,2.37,5.66,0.5272,2.0,488.4,0.2109,0.3163,0.2463,0.2126,12,94.41,132.02,155.92,9,0.2109,219.33,1,0.0156
live_ep_000033_BAD_DEPLOY,BAD_DEPLOY,inventory-service,python-simulator,57.0,1785952474.385995,40,0.9138,0.0862,open,0.3392,33.92,0.3509,20.52,10.61,4.34,3.5,0.5757,15.32,501.6,0.2303,0.3454,0.1636,0.2322,11,77.36,103.64,125.87,10,0.2303,188.41,9,0.0001
live_ep_000033_BAD_DEPLOY,BAD_DEPLOY,inventory-service,python-simulator,57.5,1785952474.8861892,46,0.968,0.032,open,0.3152,31.52,0.3166,9.96,15.18,4.71,6.59,0.6073,18.02,493.0,0.2429,0.3644,0.2268,0.2669,13,84.78,88.11,132.47,12,0.2429,200.55,4,0.0038
live_ep_000033_BAD_DEPLOY,BAD_DEPLOY,inventory-service,python-simulator,58.0,1785952475.3869205,49,0.88,0.12,open,0.3505,35.05,0.3383,11.19,14.81,3.87,4.89,0.6299,8.06,497.6,0.252,0.3779,0.1256,0.2318,15,99.72,130.71,159.19,7,0.252,179.55,7,0.0039
live_ep_000033_BAD_DEPLOY,BAD_DEPLOY,inventory-service,python-simulator,58.5,1785952475.8875456,107,0.9637,0.0363,open,0.2848,28.48,0.2778,6.79,18.62,5.1,8.61,0.6294,15.79,518.2,0.2518,0.3776,0.1885,0.2777,12,82.25,87.56,159.46,14,0.2518,196.35,13,0.0011
live_ep_000033_BAD_DEPLOY,BAD_DEPLOY,inventory-service,python-simulator,59.0,1785952476.3879588,38,0.8886,0.1114,open,0.258,25.8,0.3839,5.49,15.66,6.71,3.78,0.5288,2.0,529.0,0.2115,0.3173,0.3189,0.2654,13,85.27,128.0,137.23,6,0.2115,199.91,4,0.0039
live_ep_000033_BAD_DEPLOY,BAD_DEPLOY,inventory-service,python-simulator,59.5,1785952476.8885338,55,0.88,0.12,open,0.36,36.0,0.3998,4.95,15.15,4.45,8.81,0.5966,2.79,481.5,0.2386,0.358,0.2574,0.2498,13,93.99,143.26,160.88,6,0.2386,169.19,14,0.0156
live_ep_000034_NONE,NONE,payment-service,python-simulator,0.0,1785952477.3899498,30,0.88,0.12,closed,0.3309,33.09,0.3352,1.76,18.77,4.42,6.33,0.002,7.09,520.1,0.0021,0.0013,0.2557,0.2338,1,95.71,102.9,114.99,10,0.1,191.74,0,0.0018
live_ep_000034_NONE,NONE,payment-service,python-simulator,0.5,1785952477.890073,30,0.963,0.037,closed,0.2897,28.97,0.3379,9.88,19.24,3.02,5.98,0.0053,25.93,513.8,0.0189,0.0012,0.2204,0.2377,3,85.11,85.14,85.17,1,0.013,169.71,4,0.0055
live_ep_000034_NONE,NONE,payment-service,python-simulator,1.0,1785952478.3905022,117,0.99,0.01,closed,0.3882,38.82,0.4009,13.04,24.52,3.27,9.91,0.019,3.48,510.6,0.0012,0.0029,0.299,0.231,0,81.58,109.56,122.17,18,0.002,207.59,5,0.0001
live_ep_000034_NONE,NONE,payment-service,python-simulator,1.5,1785952478.8906064,51,0.99,0.01,closed,0.4279,42.79,0.3927,7.23,16.81,8.1,8.24,0.0126,2.9,527.1,0.0002,0.0002,0.2707,0.2282,0,98.01,111.8,126.32,14,0.092,193.21,14,0.0037
live_ep_000034_NONE,NONE,payment-service,python-simulator,2.0,1785952479.3908672,29,0.99,0.01,closed,0.3803,38.03,0.2735,2.06,21.04,2.92,6.7,0.012,2.16,515.1,0.0029,0.0001,0.3269,0.2982,1,104.33,118.72,123.33,11,0.0144,219.39,4,0.0006
live_ep_000034_NONE,NONE,payment-service,python-simulator,2.5,1785952479.8913558,115,0.99,0.01,closed,0.2952,29.52,0.2438,1.06,23.64,4.35,8.12,0.0085,3.24,469.9,0.0088,0.0032,0.3014,0.1985,4,96.12,97.44,97.54,0,0.0009,202.56,3,0.0092
live_ep_000034_NONE,NONE,payment-service,python-simulator,3.0,1785952480.3916137,82,0.99,0.01,closed,0.3901,39.01,0.5395,1.14,26.74,5.79,9.35,0.0191,6.9,485.8,0.006,0.0049,0.253,0.2788,0,75.77,108.77,127.42,8,0.1,198.23,11,0.0086
live_ep_000034_NONE,NONE,payment-service,python-simulator,3.5,1785952480.8919487,97,0.88,0.12,closed,0.3367,33.67,0.4006,10.26,16.73,2.45,6.19,0.0046,2.0,494.9,0.0023,0.0037,0.2569,0.2485,3,91.64,93.98,113.84,11,0.1,180.49,3,0.0039
live_ep_000034_NONE,NONE,payment-service,python-simulator,4.0,1785952481.392483,33,0.99,0.01,closed,0.3127,31.27,0.3315,6.04,29.09,4.74,5.39,0.0126,2.0,485.6,0.0006,0.0101,0.3164,0.2117,2,80.77,95.1,126.99,7,0.0488,203.33,6,0.0029
live_ep_000034_NONE,NONE,payment-service,python-simulator,4.5,1785952481.8926876,94,0.962,0.038,closed,0.4113,41.13,0.4725,7.53,22.95,4.38,4.05,0.0036,23.49,494.9,0.0044,0.0011,0.2015,0.2077,4,88.91,102.95,113.76,1,0.1,208.81,14,0.0088
live_ep_000034_NONE,NONE,payment-service,python-simulator,5.0,1785952482.392927,52,0.99,0.01,closed,0.4433,44.33,0.4101,8.46,20.71,6.69,6.43,0.0169,17.4,503.2,0.0187,0.0023,0.2593,0.2515,3,75.81,111.64,134.85,19,0.0318,239.96,0,0.0013
live_ep_000034_NONE,NONE,payment-service,python-simulator,5.5,1785952482.893124,108,0.99,0.01,closed,0.2996,29.96,0.4835,5.33,35.84,4.04,7.26,0.0004,26.28,508.4,0.0006,0.006,0.3686,0.2842,0,101.01,113.14,134.01,11,0.0544,218.21,10,0.0047
live_ep_000034_NONE,NONE,payment-service,python-simulator,6.0,1785952483.3932781,101,0.9151,0.0849,closed,0.396,39.6,0.3208,3.38,21.36,5.71,9.9,0.001,10.47,554.7,0.0015,0.004,0.3488,0.2879,1,96.45,97.85,99.09,7,0.0043,181.33,14,0.0049
live_ep_000034_NONE,NONE,payment-service,python-simulator,6.5,1785952483.8935328,33,0.9213,0.0787,closed,0.3042,30.42,0.3662,0.71,14.67,2.4,5.77,0.0119,9.32,483.3,0.0059,0.0012,0.3116,0.2564,1,90.53,103.72,115.24,10,0.0372,198.54,10,0.0015
live_ep_000034_NONE,NONE,payment-service,python-simulator,7.0,1785952484.3938944,38,0.88,0.12,closed,0.2585,25.85,0.4267,1.32,27.16,4.74,5.87,0.0038,21.38,542.2,0.0059,0.0014,0.1873,0.2476,0,95.32,110.3,127.11,15,0.0277,208.14,4,0.0187
live_ep_000034_NONE,NONE,payment-service,python-simulator,7.5,1785952484.8942273,112,0.99,0.01,closed,0.3926,39.26,0.427,7.68,15.66,7.25,12.05,0.0123,12.9,530.3,0.0024,0.0012,0.1691,0.2822,2,80.22,97.04,143.59,13,0.0277,159.82,9,0.0176
live_ep_000034_NONE,NONE,payment-service,python-simulator,8.0,1785952485.3947976,90,0.951,0.049,closed,0.3443,34.43,0.3439,1.55,17.73,3.21,9.35,0.0046,8.39,507.6,0.0011,0.0018,0.2277,0.2647,0,103.77,103.92,105.27,0,0.0116,204.59,0,0.004
live_ep_000034_NONE,NONE,payment-service,python-simulator,8.5,1785952485.895118,102,0.931,0.069,closed,0.3314,33.14,0.4371,4.78,20.47,3.6,9.37,0.0062,17.51,511.2,0.0083,0.0003,0.2717,0.2524,3,80.29,91.0,100.04,6,0.0249,191.63,11,0.0159
live_ep_000034_NONE,NONE,payment-service,python-simulator,9.0,1785952486.3951747,45,0.9332,0.0668,closed,0.4568,45.68,0.465,1.33,24.53,5.9,11.5,0.0271,17.62,531.8,0.0112,0.0001,0.3132,0.2333,3,91.09,116.71,120.91,4,0.0684,166.75,9,0.0036
live_ep_000034_NONE,NONE,payment-service,python-simulator,9.5,1785952486.8953176,51,0.9547,0.0453,closed,0.2805,28.05,0.2674,20.56,15.02,8.45,5.13,0.0084,28.2,492.4,0.0012,0.0004,0.2562,0.2649,1,92.76,97.66,117.04,13,0.0097,183.05,6,0.0067
live_ep_000034_NONE,NONE,payment-service,python-simulator,10.0,1785952487.3955002,118,0.99,0.01,closed,0.3689,36.89,0.3412,4.98,14.5,4.94,4.26,0.0149,5.71,528.0,0.0009,0.0007,0.2463,0.2539,0,93.26,101.18,107.21,5,0.0245,172.52,2,0.0098
live_ep_000034_NONE,NONE,payment-service,python-simulator,10.5,1785952487.895932,92,0.8863,0.1137,closed,0.3333,33.33,0.462,3.6,33.09,6.18,4.58,0.0115,2.64,465.1,0.005,0.0003,0.2519,0.265,4,96.23,97.55,105.36,8,0.0453,164.8,14,0.0003
live_ep_000034_NONE,NONE,payment-service,python-simulator,11.0,1785952488.396353,78,0.981,0.019,closed,0.3499,34.99,0.42,9.14,18.76,6.6,9.97,0.0224,3.45,539.8,0.0051,0.0008,0.2464,0.2924,0,78.22,89.92,112.86,17,0.0327,199.09,14,0.0011
live_ep_000034_NONE,NONE,payment-service,python-simulator,11.5,1785952488.8966584,105,0.9505,0.0495,closed,0.4031,40.31,0.386,11.17,21.7,3.46,4.18,0.0167,2.0,526.3,0.0117,0.0008,0.2593,0.2747,3,80.42,114.99,129.64,15,0.0146,216.33,8,0.0041
live_ep_000034_NONE,NONE,payment-service,python-simulator,12.0,1785952489.39744,116,0.9154,0.0846,closed,0.3747,37.47,0.407,5.63,11.03,4.5,8.44,0.0135,10.53,496.9,0.0063,0.0044,0.3096,0.2711,4,92.53,112.36,121.01,17,0.0588,184.02,8,0.0229
live_ep_000034_NONE,NONE,payment-service,python-simulator,12.5,1785952489.897503,81,0.9306,0.0694,closed,0.3114,31.14,0.2941,2.15,22.78,7.74,6.06,0.02,3.39,517.2,0.0124,0.0002,0.3423,0.2253,2,86.11,128.71,136.01,19,0.0476,180.66,0,0.0006
live_ep_000034_NONE,NONE,payment-service,python-simulator,13.0,1785952490.3979821,67,0.9819,0.0181,closed,0.4065,40.65,0.3212,0.5,17.57,2.75,2.82,0.0111,3.24,533.8,0.0118,0.0014,0.2725,0.2413,4,80.13,132.85,139.17,16,0.0013,230.2,10,0.0003
live_ep_000034_NONE,NONE,payment-service,python-simulator,13.5,1785952490.898595,23,0.9253,0.0747,closed,0.3669,36.69,0.3456,5.57,33.72,4.64,5.95,0.0068,36.97,508.0,0.0001,0.0009,0.3249,0.2289,4,93.98,113.08,118.72,10,0.001,194.72,13,0.0119
live_ep_000034_NONE,NONE,payment-service,python-simulator,14.0,1785952491.3990219,62,0.9725,0.0275,closed,0.2728,27.28,0.3884,3.07,31.04,4.02,2.8,0.0095,22.07,495.8,0.0073,0.0017,0.2865,0.2192,4,94.34,104.25,127.59,12,0.0474,180.93,9,0.0006
live_ep_000034_NONE,NONE,payment-service,python-simulator,14.5,1785952491.8994298,40,0.8925,0.1075,closed,0.3412,34.12,0.3574,9.05,20.62,3.86,4.01,0.026,13.34,523.6,0.0003,0.0043,0.3354,0.2446,1,94.61,111.72,130.12,1,0.0602,169.86,12,0.0079
live_ep_000034_NONE,NONE,payment-service,python-simulator,15.0,1785952492.3999207,52,0.9684,0.0316,closed,0.3802,38.02,0.3831,0.5,17.11,4.65,5.39,0.0105,2.0,524.5,0.0049,0.0008,0.2655,0.2276,0,79.91,109.46,114.61,10,0.0994,201.24,8,0.0018
live_ep_000034_NONE,NONE,payment-service,python-simulator,15.5,1785952492.9002473,112,0.9476,0.0524,closed,0.298,29.8,0.4482,8.9,14.55,3.45,5.67,0.0042,4.63,544.5,0.0065,0.0051,0.3065,0.2442,4,73.36,76.41,116.05,19,0.1,185.35,9,0.0064
live_ep_000034_NONE,NONE,payment-service,python-simulator,16.0,1785952493.4005687,117,0.9694,0.0306,closed,0.3278,32.78,0.3024,0.65,30.81,8.0,4.7,0.0104,57.18,535.0,0.003,0.0007,0.3211,0.2878,1,80.96,95.38,134.47,1,0.036,195.58,9,0.0049
live_ep_000034_NONE,NONE,payment-service,python-simulator,16.5,1785952493.9011464,119,0.9811,0.0189,closed,0.2988,29.88,0.3727,10.88,16.29,3.24,7.38,0.0015,19.68,519.8,0.0008,0.0004,0.3843,0.2581,0,88.18,105.65,130.01,14,0.007,211.38,7,0.0122
live_ep_000034_NONE,NONE,payment-service,python-simulator,17.0,1785952494.4015214,60,0.88,0.12,closed,0.3475,34.75,0.3417,14.8,22.95,3.0,11.51,0.0103,2.52,467.0,0.0134,0.0011,0.1704,0.2684,2,106.09,108.51,115.7,7,0.1,200.3,10,0.0006
live_ep_000034_NONE,NONE,payment-service,python-simulator,17.5,1785952494.928957,72,0.9538,0.0462,closed,0.4188,41.88,0.263,0.66,26.41,1.94,8.77,0.019,20.57,492.9,0.001,0.0026,0.1511,0.1912,3,96.83,104.84,120.9,10,0.0535,190.15,13,0.0043
live_ep_000034_NONE,NONE,payment-service,python-simulator,18.0,1785952495.4292243,113,0.9894,0.0106,closed,0.2927,29.27,0.442,3.12,13.13,3.88,3.93,0.0154,2.0,471.3,0.0029,0.0013,0.1951,0.1906,4,89.71,85.71,76.27,12,0.0679,213.6,0,0.0085
live_ep_000034_NONE,NONE,payment-service,python-simulator,18.5,1785952495.9296403,89,0.9791,0.0209,closed,0.3291,32.91,0.2743,3.23,13.25,4.05,4.52,0.0083,3.47,517.0,0.0039,0.0025,0.1534,0.2358,4,98.33,126.28,136.43,3,0.0179,194.28,9,0.0006
live_ep_000034_NONE,NONE,payment-service,python-simulator,19.0,1785952496.4302177,82,0.9222,0.0778,closed,0.4354,43.54,0.3309,2.38,31.47,5.54,6.11,0.0029,9.8,535.6,0.0066,0.0004,0.1956,0.2327,1,93.8,97.72,105.36,14,0.0606,210.87,14,0.0056
live_ep_000034_NONE,NONE,payment-service,python-simulator,19.5,1785952496.9307191,39,0.9775,0.0225,closed,0.3943,39.43,0.3504,10.15,30.29,5.46,4.47,0.0192,29.21,524.1,0.0046,0.0019,0.2786,0.29,0,89.72,92.74,106.95,13,0.0152,216.33,8,0.002
live_ep_000034_NONE,NONE,payment-service,python-simulator,20.0,1785952497.4308696,97,0.9664,0.0336,closed,0.3712,37.12,0.3648,2.89,23.66,3.17,5.01,0.0056,22.01,491.1,0.0031,0.0004,0.4004,0.2272,0,103.49,106.32,119.06,8,0.0677,195.89,8,0.015
live_ep_000034_NONE,NONE,payment-service,python-simulator,20.5,1785952497.931301,48,0.9438,0.0562,closed,0.3779,37.79,0.4168,0.51,31.89,4.05,5.53,0.0083,4.83,472.2,0.0025,0.0037,0.162,0.3062,0,105.75,106.35,117.21,15,0.0153,205.27,13,0.0068
live_ep_000034_NONE,NONE,payment-service,python-simulator,21.0,1785952498.4313776,72,0.99,0.01,closed,0.4616,46.16,0.3309,0.77,19.2,4.68,5.68,0.0149,5.93,489.7,0.0022,0.0008,0.2618,0.2485,1,95.45,105.42,127.06,18,0.0893,192.37,5,0.0014
live_ep_000034_NONE,NONE,payment-service,python-simulator,21.5,1785952498.931685,51,0.9588,0.0412,closed,0.2953,29.53,0.4203,30.0,16.27,3.95,4.43,0.0208,2.0,474.5,0.0032,0.0041,0.3061,0.2031,0,100.68,97.49,96.08,8,0.0755,200.12,14,0.0008
live_ep_000034_NONE,NONE,payment-service,python-simulator,22.0,1785952499.432197,68,0.99,0.01,closed,0.3294,32.94,0.3642,1.28,16.76,6.04,4.41,0.0262,10.08,517.1,0.0024,0.0012,0.261,0.2662,0,81.29,81.31,130.7,7,0.026,187.53,0,0.0
live_ep_000034_NONE,NONE,payment-service,python-simulator,22.5,1785952499.932567,36,0.88,0.12,closed,0.3297,32.97,0.4037,1.92,13.92,3.92,5.28,0.0241,12.71,542.1,0.0003,0.0003,0.2808,0.322,0,80.94,89.73,100.44,11,0.0049,183.86,6,0.0049
live_ep_000034_NONE,NONE,payment-service,python-simulator,23.0,1785952500.4326756,73,0.988,0.012,closed,0.4101,41.01,0.4763,6.21,25.1,7.33,6.91,0.0034,2.0,488.6,0.0011,0.0059,0.2307,0.2531,0,82.65,123.6,144.3,16,0.0849,240.44,9,0.0032
live_ep_000034_NONE,NONE,payment-service,python-simulator,23.5,1785952500.9328535,49,0.88,0.12,closed,0.3968,39.68,0.3844,13.33,17.45,4.36,6.45,0.0051,6.32,539.7,0.0038,0.0022,0.2484,0.2876,1,90.3,102.76,111.3,10,0.0192,219.99,14,0.005
live_ep_000034_NONE,NONE,payment-service,python-simulator,24.0,1785952501.4355989,25,0.921,0.079,closed,0.3129,31.29,0.4095,4.52,17.7,8.2,4.54,0.0048,18.39,544.2,0.0158,0.0049,0.2684,0.2756,4,89.75,103.37,111.68,10,0.0631,174.59,9,0.0011
live_ep_000034_NONE,NONE,payment-service,python-simulator,24.5,1785952501.9360266,101,0.99,0.01,closed,0.3555,35.55,0.3516,0.5,19.61,4.1,5.86,0.0198,5.81,497.5,0.0023,0.0001,0.2468,0.2827,2,75.94,85.16,122.34,0,0.0208,198.69,6,0.0011
live_ep_000034_NONE,NONE,payment-service,python-simulator,25.0,1785952502.4366443,88,0.88,0.12,closed,0.3093,30.93,0.3342,2.8,13.45,3.34,7.42,0.0047,13.98,484.8,0.0014,0.0006,0.2544,0.2441,0,84.14,96.25,122.48,19,0.0034,209.08,9,0.0054
live_ep_000034_NONE,NONE,payment-service,python-simulator,25.5,1785952502.9372463,59,0.9881,0.0119,closed,0.4022,40.22,0.3622,1.05,29.51,5.5,6.53,0.0068,20.57,521.2,0.0087,0.0003,0.2609,0.2324,3,80.8,102.56,133.41,8,0.0301,200.77,7,0.0078
live_ep_000034_NONE,NONE,payment-service,python-simulator,26.0,1785952503.437498,52,0.88,0.12,closed,0.3087,30.87,0.2554,0.95,18.32,6.54,3.78,0.0107,12.73,472.3,0.0007,0.0014,0.2396,0.1971,1,81.81,112.47,126.36,6,0.0618,229.52,14,0.0188
live_ep_000034_NONE,NONE,payment-service,python-simulator,26.5,1785952503.9379053,98,0.945,0.055,closed,0.3484,34.84,0.17,4.32,17.26,5.56,6.9,0.0071,53.61,497.6,0.0072,0.0039,0.3182,0.3035,1,89.12,89.62,125.67,19,0.0643,147.03,12,0.0012
live_ep_000034_NONE,NONE,payment-service,python-simulator,27.0,1785952504.438213,33,0.88,0.12,closed,0.2673,26.73,0.3555,0.89,27.55,3.16,2.74,0.0193,25.18,516.6,0.0022,0.0004,0.3003,0.2276,4,90.81,101.93,114.25,3,0.0099,208.96,5,0.0152
live_ep_000034_NONE,NONE,payment-service,python-simulator,27.5,1785952504.9382923,21,0.99,0.01,closed,0.4,40.0,0.2541,0.56,24.97,1.93,2.55,0.0114,2.0,516.1,0.0214,0.0001,0.2788,0.2362,0,86.77,132.08,134.1,19,0.1,208.24,4,0.0005
live_ep_000034_NONE,NONE,payment-service,python-simulator,28.0,1785952505.438657,79,0.9759,0.0241,closed,0.3741,37.41,0.2687,0.5,20.63,5.75,4.7,0.0151,2.0,482.6,0.0016,0.0035,0.2896,0.2413,1,84.43,107.79,135.32,5,0.0119,215.68,8,0.0044
live_ep_000034_NONE,NONE,payment-service,python-simulator,28.5,1785952505.939221,108,0.97,0.03,closed,0.3671,36.71,0.2744,0.81,14.35,7.91,8.37,0.0069,7.93,477.4,0.0008,0.002,0.309,0.2704,2,91.56,97.78,112.78,13,0.1,206.89,8,0.0021
live_ep_000034_NONE,NONE,payment-service,python-simulator,29.0,1785952506.4396975,54,0.9689,0.0311,closed,0.338,33.8,0.319,1.05,21.1,3.35,5.41,0.0125,13.39,503.8,0.0013,0.0021,0.2342,0.2465,4,95.54,103.64,139.13,4,0.0185,210.25,13,0.02
live_ep_000034_NONE,NONE,payment-service,python-simulator,29.5,1785952506.9399674,80,0.99,0.01,closed,0.3535,35.35,0.3494,4.86,40.58,4.87,12.82,0.0044,36.76,544.4,0.0083,0.0008,0.2004,0.2391,2,90.3,95.08,100.53,5,0.0263,176.9,7,0.0025
live_ep_000034_NONE,NONE,payment-service,python-simulator,30.0,1785952507.4402258,87,0.9602,0.0398,closed,0.3525,35.25,0.4622,1.7,19.88,4.62,8.72,0.0092,7.83,510.7,0.0149,0.0033,0.1824,0.2078,1,80.46,85.32,126.48,6,0.0573,170.6,12,0.004
live_ep_000034_NONE,NONE,payment-service,python-simulator,30.5,1785952507.9403267,70,0.99,0.01,closed,0.3656,36.56,0.2606,14.35,21.75,2.83,5.68,0.004,9.5,529.6,0.0005,0.0045,0.1808,0.2922,0,96.43,97.24,126.27,1,0.0102,208.81,2,0.0122
live_ep_000034_NONE,NONE,payment-service,python-simulator,31.0,1785952508.440681,106,0.99,0.01,closed,0.3761,37.61,0.3608,0.59,13.9,4.67,5.94,0.0163,7.07,544.7,0.0037,0.001,0.1981,0.2643,0,85.6,102.33,120.66,9,0.0462,213.61,1,0.0097
live_ep_000034_NONE,NONE,payment-service,python-simulator,31.5,1785952508.940885,53,0.99,0.01,closed,0.3078,30.78,0.3229,7.08,21.41,4.86,10.93,0.0031,29.8,538.1,0.0071,0.0008,0.2933,0.2782,3,90.32,100.05,103.86,4,0.0407,221.12,5,0.0173
live_ep_000034_NONE,NONE,payment-service,python-simulator,32.0,1785952509.4411368,59,0.9125,0.0875,closed,0.3667,36.67,0.5158,1.56,16.71,3.03,11.57,0.0038,7.11,548.4,0.0002,0.0012,0.3521,0.2557,4,97.13,118.43,131.16,13,0.0182,211.93,8,0.0028
live_ep_000034_NONE,NONE,payment-service,python-simulator,32.5,1785952509.9414444,74,0.9637,0.0363,closed,0.3325,33.25,0.2687,3.13,20.48,2.83,4.03,0.0052,3.31,521.0,0.0055,0.0005,0.2435,0.226,3,94.36,105.0,128.64,17,0.0035,187.4,5,0.0159
live_ep_000034_NONE,NONE,payment-service,python-simulator,33.0,1785952510.4422405,45,0.9294,0.0706,closed,0.3223,32.23,0.3325,2.61,18.08,5.52,4.59,0.0083,7.85,510.4,0.0108,0.0004,0.154,0.2661,0,100.96,98.02,83.76,14,0.0123,180.65,13,0.0016
live_ep_000034_NONE,NONE,payment-service,python-simulator,33.5,1785952510.9427779,102,0.9733,0.0267,closed,0.3931,39.31,0.3276,2.29,17.58,4.73,6.67,0.0078,15.67,486.0,0.0045,0.0034,0.1802,0.2272,3,74.85,88.23,129.47,19,0.0232,178.11,8,0.0055
live_ep_000034_NONE,NONE,payment-service,python-simulator,34.0,1785952511.4439945,107,0.9888,0.0112,closed,0.2832,28.32,0.2179,6.13,21.76,4.84,4.15,0.0157,5.49,506.2,0.0051,0.0095,0.3727,0.2732,4,100.73,114.53,131.69,2,0.0859,198.4,1,0.003
live_ep_000034_NONE,NONE,payment-service,python-simulator,34.5,1785952511.9444468,110,0.9723,0.0277,closed,0.3387,33.87,0.4017,4.44,22.25,5.54,10.18,0.0197,13.97,540.7,0.0006,0.0003,0.2069,0.2538,2,83.71,147.83,155.69,3,0.0076,181.87,0,0.001
live_ep_000034_NONE,NONE,payment-service,python-simulator,35.0,1785952512.4463437,35,0.9895,0.0105,closed,0.2927,29.27,0.3889,6.59,15.39,2.56,7.0,0.0113,13.48,514.3,0.0049,0.0066,0.0889,0.2834,3,91.47,92.1,112.49,15,0.0455,218.4,3,0.0014
live_ep_000034_NONE,NONE,payment-service,python-simulator,35.5,1785952512.9467356,66,0.9896,0.0104,closed,0.3921,39.21,0.3456,3.91,17.17,4.49,5.76,0.0307,27.27,526.1,0.0115,0.0038,0.2468,0.2774,4,82.24,94.66,106.2,1,0.016,166.32,11,0.0055
live_ep_000034_NONE,NONE,payment-service,python-simulator,36.0,1785952513.4635446,27,0.9614,0.0386,closed,0.3216,32.16,0.335,2.13,19.53,6.45,7.33,0.0087,8.53,498.2,0.0048,0.005,0.301,0.2382,2,89.13,92.92,125.32,3,0.0095,202.47,10,0.004
live_ep_000034_NONE,NONE,payment-service,python-simulator,36.5,1785952513.963727,38,0.88,0.12,closed,0.3439,34.39,0.382,4.23,30.91,5.72,9.45,0.0077,15.41,514.7,0.0018,0.0005,0.2771,0.2165,2,95.78,131.16,139.52,8,0.1,226.17,2,0.0035
live_ep_000034_NONE,NONE,payment-service,python-simulator,37.0,1785952514.4642057,78,0.88,0.12,closed,0.3841,38.41,0.3438,0.5,25.75,5.24,3.25,0.0134,12.83,491.3,0.0034,0.0009,0.3345,0.1922,2,89.84,115.55,152.32,14,0.0132,189.89,12,0.0029
live_ep_000034_NONE,NONE,payment-service,python-simulator,37.5,1785952514.964839,30,0.99,0.01,closed,0.2803,28.03,0.3081,5.41,18.68,5.18,3.77,0.0032,28.6,522.7,0.0048,0.0008,0.1745,0.2161,1,92.42,117.44,125.54,9,0.0256,205.51,13,0.012
live_ep_000034_NONE,NONE,payment-service,python-simulator,38.0,1785952515.4654114,111,0.9713,0.0287,closed,0.3947,39.47,0.3535,1.34,20.41,3.99,4.98,0.0159,3.34,518.9,0.0059,0.0004,0.2775,0.2717,0,97.28,111.08,112.39,18,0.0443,190.2,8,0.0117
live_ep_000034_NONE,NONE,payment-service,python-simulator,38.5,1785952515.9657874,40,0.9411,0.0589,closed,0.3981,39.81,0.3122,5.39,18.89,4.68,3.97,0.0029,2.0,502.3,0.0018,0.0007,0.2557,0.2513,0,92.18,100.32,120.78,19,0.0058,220.47,12,0.003
live_ep_000034_NONE,NONE,payment-service,python-simulator,39.0,1785952516.4716227,25,0.88,0.12,closed,0.2866,28.66,0.4393,2.91,28.52,2.82,6.79,0.0105,2.0,514.1,0.0156,0.0009,0.3045,0.2406,4,97.37,110.81,115.17,16,0.0144,183.12,10,0.0153
live_ep_000034_NONE,NONE,payment-service,python-simulator,39.5,1785952516.9723158,97,0.9772,0.0228,closed,0.2901,29.01,0.2713,1.64,22.22,7.0,6.71,0.0056,14.04,491.0,0.0046,0.0011,0.2087,0.2475,4,88.06,90.28,111.23,11,0.0546,194.02,7,0.0017
live_ep_000034_NONE,NONE,payment-service,python-simulator,40.0,1785952517.472783,26,0.9657,0.0343,closed,0.3525,35.25,0.4037,3.06,21.42,4.12,6.69,0.013,2.0,509.5,0.0003,0.0004,0.1804,0.2248,2,92.85,114.85,116.02,3,0.0083,216.49,1,0.0008
live_ep_000034_NONE,NONE,payment-service,python-simulator,40.5,1785952517.9729476,47,0.9555,0.0445,closed,0.3295,32.95,0.3476,23.52,21.93,3.29,5.24,0.0039,7.59,505.6,0.0022,0.0011,0.3112,0.2558,4,84.18,99.9,132.59,18,0.0419,216.52,12,0.0161
live_ep_000034_NONE,NONE,payment-service,python-simulator,41.0,1785952518.4730747,98,0.9631,0.0369,closed,0.325,32.5,0.2186,1.91,36.24,10.88,7.51,0.0123,2.0,498.4,0.0016,0.0,0.2408,0.2748,1,86.92,100.37,113.79,10,0.0289,207.92,8,0.0016
live_ep_000034_NONE,NONE,payment-service,python-simulator,41.5,1785952518.9740324,79,0.9364,0.0636,closed,0.3769,37.69,0.3027,3.37,20.66,5.03,6.15,0.0037,15.94,483.3,0.0026,0.0014,0.3513,0.2156,3,100.69,96.09,93.06,0,0.0058,231.97,7,0.0033
live_ep_000034_NONE,NONE,payment-service,python-simulator,42.0,1785952519.4744692,28,0.9033,0.0967,closed,0.3215,32.15,0.4583,5.44,22.25,3.79,7.25,0.0042,9.1,493.1,0.0146,0.0007,0.2023,0.2226,1,91.91,104.81,115.56,10,0.0353,195.04,11,0.0008
live_ep_000034_NONE,NONE,payment-service,python-simulator,42.5,1785952519.9748757,114,0.9339,0.0661,closed,0.283,28.3,0.475,0.56,19.39,2.74,12.25,0.0039,2.0,514.4,0.0011,0.0043,0.2942,0.2308,0,76.83,93.01,131.69,13,0.1,193.97,5,0.0232
live_ep_000034_NONE,NONE,payment-service,python-simulator,43.0,1785952520.4749835,39,0.9533,0.0467,closed,0.4309,43.09,0.2827,1.42,13.71,2.93,4.69,0.0067,3.91,529.0,0.0095,0.0003,0.295,0.2731,0,82.3,103.81,109.28,2,0.0364,224.89,13,0.0002
live_ep_000034_NONE,NONE,payment-service,python-simulator,43.5,1785952520.9753036,61,0.99,0.01,closed,0.393,39.3,0.3907,3.21,15.75,4.59,8.47,0.005,17.35,508.0,0.0,0.0062,0.2325,0.2881,0,84.24,96.68,102.89,7,0.0397,194.59,12,0.0004
live_ep_000034_NONE,NONE,payment-service,python-simulator,44.0,1785952521.4758184,112,0.9039,0.0961,closed,0.305,30.5,0.2289,0.5,36.57,5.0,5.45,0.0033,2.19,542.0,0.0053,0.0013,0.1933,0.2589,0,94.78,104.74,119.61,18,0.1,151.05,8,0.0094
live_ep_000034_NONE,NONE,payment-service,python-simulator,44.5,1785952521.9763236,60,0.99,0.01,closed,0.3061,30.61,0.3382,0.5,20.78,3.06,5.28,0.0116,22.98,509.6,0.0012,0.0042,0.1935,0.1821,0,86.0,97.35,113.86,9,0.0442,216.48,13,0.0318
live_ep_000034_NONE,NONE,payment-service,python-simulator,45.0,1785952522.4766676,80,0.9587,0.0413,closed,0.333,33.3,0.3289,3.02,23.47,3.87,5.68,0.0035,9.38,492.2,0.0013,0.0027,0.2158,0.2618,2,95.5,99.6,113.36,14,0.1,184.58,10,0.0048
live_ep_000034_NONE,NONE,payment-service,python-simulator,45.5,1785952522.9769905,109,0.9315,0.0685,closed,0.2666,26.66,0.35,1.37,25.0,3.75,7.97,0.0057,10.88,524.7,0.0001,0.0008,0.3554,0.2937,3,95.96,95.26,94.12,3,0.0103,169.73,13,0.0147
live_ep_000034_NONE,NONE,payment-service,python-simulator,46.0,1785952523.477332,55,0.9577,0.0423,closed,0.3755,37.55,0.2485,4.92,17.15,4.02,5.23,0.0337,38.01,533.9,0.0,0.0003,0.293,0.2295,0,96.84,117.32,122.35,9,0.0136,210.42,7,0.0045
live_ep_000034_NONE,NONE,payment-service,python-simulator,46.5,1785952523.9774263,113,0.88,0.12,closed,0.3184,31.84,0.4859,3.32,16.57,4.93,5.04,0.0096,6.84,487.3,0.0006,0.0017,0.2145,0.2113,0,81.76,91.53,94.39,5,0.0004,193.17,8,0.0027
live_ep_000034_NONE,NONE,payment-service,python-simulator,47.0,1785952524.4776816,95,0.9736,0.0264,closed,0.3185,31.85,0.2136,0.5,19.3,6.58,4.94,0.0081,13.91,532.2,0.0118,0.0043,0.3559,0.1804,4,94.69,102.68,135.15,2,0.0138,213.14,9,0.02
live_ep_000034_NONE,NONE,payment-service,python-simulator,47.5,1785952524.977845,21,0.9691,0.0309,closed,0.3749,37.49,0.3668,4.15,13.91,2.06,3.43,0.0069,2.0,493.5,0.0005,0.0027,0.3222,0.2194,1,99.57,120.46,120.8,15,0.1,154.74,10,0.0006
live_ep_000034_NONE,NONE,payment-service,python-simulator,48.0,1785952525.477996,111,0.9726,0.0274,closed,0.3194,31.94,0.3263,6.39,22.14,6.86,6.01,0.0345,18.15,500.3,0.0024,0.0042,0.2184,0.2168,4,82.4,90.3,122.18,11,0.0113,236.09,4,0.0079
live_ep_000034_NONE,NONE,payment-service,python-simulator,48.5,1785952525.9781897,22,0.88,0.12,closed,0.3549,35.49,0.3324,0.74,23.8,7.38,7.31,0.0052,24.94,494.1,0.0107,0.002,0.2586,0.2791,2,90.48,95.5,131.45,12,0.0778,193.34,6,0.0095
live_ep_000034_NONE,NONE,payment-service,python-simulator,49.0,1785952526.4787223,82,0.9665,0.0335,closed,0.3752,37.52,0.1,2.71,28.25,7.5,3.55,0.0003,2.0,525.1,0.0002,0.0066,0.1951,0.2937,2,88.8,95.46,122.66,1,0.0002,220.14,6,0.0092
live_ep_000034_NONE,NONE,payment-service,python-simulator,49.5,1785952526.9789855,50,0.9654,0.0346,closed,0.3662,36.62,0.3766,3.82,19.29,7.19,7.01,0.007,2.0,533.4,0.005,0.0027,0.3098,0.2453,0,91.54,95.49,115.4,14,0.0147,169.6,11,0.0004
live_ep_000034_NONE,NONE,payment-service,python-simulator,50.0,1785952527.479491,43,0.9544,0.0456,closed,0.2851,28.51,0.5123,14.02,25.38,1.88,6.4,0.0212,15.63,504.0,0.0017,0.0014,0.1867,0.2002,4,101.37,105.79,105.99,12,0.0,177.86,10,0.0078
live_ep_000034_NONE,NONE,payment-service,python-simulator,50.5,1785952527.979546,113,0.9727,0.0273,closed,0.3788,37.88,0.4345,0.86,27.16,3.33,3.77,0.0086,4.96,504.2,0.0295,0.0003,0.2839,0.2619,0,104.73,98.42,93.06,10,0.0188,190.45,9,0.0058
live_ep_000034_NONE,NONE,payment-service,python-simulator,51.0,1785952528.4797132,26,0.99,0.01,closed,0.4282,42.82,0.366,2.22,22.85,3.39,4.42,0.005,49.8,525.7,0.0152,0.0002,0.1808,0.2341,0,89.86,95.88,96.54,14,0.0155,212.98,6,0.0035
live_ep_000034_NONE,NONE,payment-service,python-simulator,51.5,1785952528.9801507,113,0.9647,0.0353,closed,0.3464,34.64,0.4085,7.15,17.87,4.64,8.2,0.0039,49.21,466.4,0.0013,0.0013,0.1665,0.2455,3,105.71,120.39,120.64,3,0.0352,208.56,13,0.0033
live_ep_000034_NONE,NONE,payment-service,python-simulator,52.0,1785952529.4804506,21,0.9276,0.0724,closed,0.2854,28.54,0.3384,19.13,23.25,6.13,5.15,0.0029,8.17,522.4,0.0233,0.003,0.2478,0.3102,1,95.67,96.88,134.94,13,0.0487,203.22,1,0.0172
live_ep_000034_NONE,NONE,payment-service,python-simulator,52.5,1785952529.9806423,77,0.9616,0.0384,closed,0.3559,35.59,0.3982,7.93,26.4,4.66,6.95,0.0133,8.05,499.0,0.0016,0.0004,0.3433,0.2274,2,81.05,81.83,125.53,1,0.0101,229.88,7,0.003
live_ep_000034_NONE,NONE,payment-service,python-simulator,53.0,1785952530.4807055,74,0.9823,0.0177,closed,0.3815,38.15,0.4928,9.64,18.77,12.74,3.99,0.0036,12.17,509.7,0.0076,0.0027,0.284,0.2841,1,97.64,114.65,121.61,6,0.0574,165.09,2,0.0151
live_ep_000034_NONE,NONE,payment-service,python-simulator,53.5,1785952530.9809847,111,0.8979,0.1021,closed,0.366,36.6,0.3814,3.54,8.12,3.87,5.03,0.0037,2.46,523.8,0.0034,0.0024,0.1694,0.2829,4,77.42,103.24,114.04,5,0.0454,189.76,12,0.0062
live_ep_000034_NONE,NONE,payment-service,python-simulator,54.0,1785952531.482841,78,0.9195,0.0805,closed,0.4692,46.92,0.2897,3.73,18.11,3.92,8.85,0.0049,30.0,500.8,0.0012,0.001,0.2639,0.2489,0,92.94,95.15,116.35,14,0.0422,204.98,12,0.0011
live_ep_000034_NONE,NONE,payment-service,python-simulator,54.5,1785952531.9890358,99,0.9503,0.0497,closed,0.3499,34.99,0.3195,0.73,10.72,4.17,2.65,0.0149,4.61,516.3,0.0025,0.0001,0.2861,0.2264,1,89.28,104.82,114.15,11,0.0217,196.65,6,0.0032
live_ep_000034_NONE,NONE,payment-service,python-simulator,55.0,1785952532.4967916,81,0.9148,0.0852,closed,0.2644,26.44,0.2605,0.83,24.58,4.03,6.73,0.0205,16.82,521.2,0.0029,0.001,0.2777,0.2405,3,76.27,128.24,138.43,10,0.0306,213.42,5,0.0017
live_ep_000034_NONE,NONE,payment-service,python-simulator,55.5,1785952532.999305,22,0.9837,0.0163,closed,0.3815,38.15,0.4664,7.5,11.11,3.64,6.28,0.0034,15.74,513.5,0.0015,0.0026,0.2844,0.2541,4,81.94,86.4,88.43,18,0.0308,228.83,14,0.0043
live_ep_000034_NONE,NONE,payment-service,python-simulator,56.0,1785952533.4994447,104,0.9324,0.0676,closed,0.4417,44.17,0.4259,2.63,38.64,8.98,4.55,0.0115,6.54,554.7,0.0025,0.0058,0.3114,0.275,1,95.17,97.78,110.46,6,0.0269,208.71,3,0.0055
live_ep_000034_NONE,NONE,payment-service,python-simulator,56.5,1785952534.0016925,58,0.8826,0.1174,closed,0.2955,29.55,0.4114,3.47,17.15,5.43,4.49,0.007,40.65,517.9,0.0014,0.0027,0.3306,0.2777,0,95.66,121.71,122.12,18,0.03,194.71,0,0.002
live_ep_000034_NONE,NONE,payment-service,python-simulator,57.0,1785952534.5019858,37,0.99,0.01,closed,0.3558,35.58,0.4156,7.1,20.53,4.19,4.26,0.0033,60.0,524.0,0.0047,0.0001,0.2941,0.2663,4,87.36,87.76,88.94,17,0.0092,209.15,10,0.0133
live_ep_000034_NONE,NONE,payment-service,python-simulator,57.5,1785952535.0038714,97,0.99,0.01,closed,0.2735,27.35,0.4095,3.94,17.69,4.98,6.64,0.0124,18.01,491.5,0.0129,0.0005,0.2571,0.2562,3,83.8,94.81,105.81,18,0.0638,188.96,7,0.0016
live_ep_000034_NONE,NONE,payment-service,python-simulator,58.0,1785952535.5040815,29,0.958,0.042,closed,0.3085,30.85,0.3634,5.65,15.18,4.52,3.34,0.004,7.64,516.6,0.002,0.005,0.2378,0.2808,1,86.68,98.4,119.6,13,0.1,180.74,0,0.0023
live_ep_000034_NONE,NONE,payment-service,python-simulator,58.5,1785952536.0042458,79,0.9773,0.0227,closed,0.3413,34.13,0.3591,4.59,19.37,5.21,8.21,0.0083,15.6,528.8,0.0043,0.0006,0.311,0.2448,4,91.33,104.94,124.46,12,0.0035,217.52,7,0.0074
live_ep_000034_NONE,NONE,payment-service,python-simulator,59.0,1785952536.5043948,84,0.9521,0.0479,closed,0.4111,41.11,0.343,1.02,19.87,9.54,3.49,0.0021,32.19,532.8,0.007,0.0013,0.1782,0.2685,1,76.0,76.54,79.58,17,0.1,218.86,14,0.0062
live_ep_000034_NONE,NONE,payment-service,python-simulator,59.5,1785952537.007042,102,0.9364,0.0636,closed,0.2802,28.02,0.3523,1.4,18.37,7.15,5.46,0.005,12.51,512.8,0.0009,0.0007,0.3821,0.2239,3,85.29,89.91,104.09,18,0.0511,210.81,5,0.0052
live_ep_000035_LATENCY_SPIKE,LATENCY_SPIKE,inventory-service,python-simulator,0.0,1785952537.509976,99,0.9451,0.0549,closed,0.299,29.9,0.4224,6.29,16.5,4.06,6.62,0.0304,3.36,500.0,0.0004,0.0025,0.2498,0.2671,2,96.51,98.81,123.87,7,0.0556,206.73,14,0.0013
live_ep_000035_LATENCY_SPIKE,LATENCY_SPIKE,inventory-service,python-simulator,0.5,1785952538.0100834,32,0.9808,0.0192,closed,0.3185,31.85,0.1906,2.42,14.66,6.27,10.93,0.0407,346.65,510.5,0.0019,0.0025,0.2511,0.2445,1,86.72,244.41,369.01,16,0.001,225.02,8,0.0005
live_ep_000035_LATENCY_SPIKE,LATENCY_SPIKE,inventory-service,python-simulator,1.0,1785952538.5105245,71,0.9561,0.0439,closed,0.3536,35.36,0.3111,0.94,13.35,4.11,5.68,0.0203,7.95,535.9,0.0116,0.0017,0.244,0.297,3,105.79,109.24,127.48,2,0.0032,190.71,6,0.0092
live_ep_000035_LATENCY_SPIKE,LATENCY_SPIKE,inventory-service,python-simulator,1.5,1785952539.0106726,48,0.9614,0.0386,closed,0.3878,38.78,0.2683,5.35,19.94,3.24,6.91,0.0019,8.8,517.6,0.0044,0.0067,0.2692,0.2138,3,87.06,87.59,140.07,7,0.015,217.88,11,0.0016
live_ep_000035_LATENCY_SPIKE,LATENCY_SPIKE,inventory-service,python-simulator,2.0,1785952539.5111415,64,0.9464,0.0536,closed,0.2927,29.27,0.3495,1.64,22.31,3.27,6.16,0.0081,5.57,489.3,0.0088,0.0035,0.2151,0.1898,2,103.05,105.91,124.22,3,0.0449,197.78,11,0.0014
live_ep_000035_LATENCY_SPIKE,LATENCY_SPIKE,inventory-service,python-simulator,2.5,1785952540.0115757,92,0.99,0.01,closed,0.3913,39.13,0.4204,6.21,37.07,3.9,10.22,0.0296,238.55,471.8,0.0025,0.002,0.3183,0.172,1,96.88,218.35,337.16,5,0.0604,165.27,0,0.0024
live_ep_000035_LATENCY_SPIKE,LATENCY_SPIKE,inventory-service,python-simulator,3.0,1785952540.5121486,101,0.9878,0.0122,closed,0.3515,35.15,0.3078,3.1,14.16,5.48,8.03,0.0025,2.0,536.0,0.0097,0.0002,0.2574,0.2623,4,82.46,101.66,120.93,18,0.046,163.64,4,0.0025
live_ep_000035_LATENCY_SPIKE,LATENCY_SPIKE,inventory-service,python-simulator,3.5,1785952541.0126774,69,0.88,0.12,closed,0.3518,35.18,0.4906,18.58,17.27,2.53,11.89,0.0023,9.8,508.4,0.0043,0.0003,0.3215,0.2444,2,92.26,105.44,132.09,16,0.0086,202.02,12,0.0098
live_ep_000035_LATENCY_SPIKE,LATENCY_SPIKE,inventory-service,python-simulator,4.0,1785952541.5132308,116,0.9663,0.0337,closed,0.3828,38.28,0.301,5.16,23.7,3.49,9.78,0.0231,2.0,509.7,0.0105,0.0034,0.2598,0.2895,1,101.97,117.25,123.54,13,0.0139,207.29,1,0.0005
live_ep_000035_LATENCY_SPIKE,LATENCY_SPIKE,inventory-service,python-simulator,4.5,1785952542.0137572,22,0.9585,0.0415,closed,0.3313,33.13,0.4051,0.5,6.97,4.36,4.6,0.0223,8.42,537.1,0.0005,0.0058,0.1578,0.2867,3,87.55,94.28,104.24,14,0.0399,189.56,4,0.0081
live_ep_000035_LATENCY_SPIKE,LATENCY_SPIKE,inventory-service,python-simulator,5.0,1785952542.5139892,119,0.8977,0.1023,closed,0.3189,31.89,0.3128,5.34,21.27,4.03,3.72,0.0041,5.26,521.9,0.0108,0.0021,0.3253,0.2921,3,74.15,84.96,95.82,9,0.0349,222.17,9,0.0034
live_ep_000035_LATENCY_SPIKE,LATENCY_SPIKE,inventory-service,python-simulator,5.5,1785952543.01415,72,0.9839,0.0161,closed,0.2646,26.46,0.3192,6.1,17.23,5.5,4.76,0.039,467.34,499.6,0.0001,0.0066,0.281,0.2796,0,90.22,459.35,474.84,7,0.0123,231.3,1,0.0099
live_ep_000035_LATENCY_SPIKE,LATENCY_SPIKE,inventory-service,python-simulator,6.0,1785952543.5143895,93,0.9378,0.0622,closed,0.4577,45.77,0.285,1.57,15.05,4.36,3.48,0.0098,4.73,489.6,0.003,0.0005,0.2917,0.2377,1,100.36,109.96,131.04,16,0.1,182.62,13,0.0065
live_ep_000035_LATENCY_SPIKE,LATENCY_SPIKE,inventory-service,python-simulator,6.5,1785952544.0149293,24,0.9777,0.0223,closed,0.3702,37.02,0.3223,5.43,20.15,3.66,3.82,0.0095,2.0,470.1,0.0008,0.0029,0.204,0.2339,3,101.4,98.17,96.73,1,0.0195,201.91,6,0.0023
live_ep_000035_LATENCY_SPIKE,LATENCY_SPIKE,inventory-service,python-simulator,7.0,1785952544.5151181,80,0.9819,0.0181,closed,0.3387,33.87,0.3942,2.35,23.71,7.03,7.44,0.0045,2.0,512.3,0.0018,0.0053,0.255,0.2576,4,95.69,112.8,122.2,0,0.0317,169.61,4,0.006
live_ep_000035_LATENCY_SPIKE,LATENCY_SPIKE,inventory-service,python-simulator,7.5,1785952545.0155275,44,0.9603,0.0397,closed,0.3281,32.81,0.3035,2.48,26.26,3.56,3.87,0.0037,4.44,498.9,0.0021,0.0007,0.2573,0.2523,3,89.59,92.99,102.56,14,0.003,182.55,12,0.0048
live_ep_000035_LATENCY_SPIKE,LATENCY_SPIKE,inventory-service,python-simulator,8.0,1785952545.515705,88,0.9485,0.0515,closed,0.4967,49.67,0.4935,5.71,24.5,5.78,5.02,0.0066,7.24,527.3,0.004,0.006,0.2569,0.2643,0,74.81,77.34,125.19,7,0.1,193.37,2,0.0005
live_ep_000035_LATENCY_SPIKE,LATENCY_SPIKE,inventory-service,python-simulator,8.5,1785952546.0158489,26,0.9808,0.0192,closed,0.3203,32.03,0.2683,1.01,14.76,3.91,9.2,0.0072,2.0,517.1,0.0017,0.0021,0.2461,0.2217,0,73.35,121.22,132.26,6,0.0055,211.89,8,0.0027
live_ep_000035_LATENCY_SPIKE,LATENCY_SPIKE,inventory-service,python-simulator,9.0,1785952546.516163,62,0.9453,0.0547,closed,0.352,35.2,0.2699,2.35,23.95,6.14,9.23,0.0024,2.4,456.7,0.0136,0.0035,0.1831,0.22,2,82.14,134.05,145.93,15,0.0635,240.16,9,0.0031
live_ep_000035_LATENCY_SPIKE,LATENCY_SPIKE,inventory-service,python-simulator,9.5,1785952547.0163264,72,0.9871,0.0129,closed,0.3638,36.38,0.4414,5.41,20.46,10.25,6.01,0.016,5.46,510.1,0.0112,0.0036,0.1955,0.2214,3,83.84,96.11,133.17,17,0.0268,172.39,3,0.0006
live_ep_000035_LATENCY_SPIKE,LATENCY_SPIKE,inventory-service,python-simulator,10.0,1785952547.5164902,22,0.918,0.082,closed,0.2372,23.72,0.3433,1.39,19.69,4.16,15.99,0.0066,12.29,503.6,0.0046,0.0011,0.2243,0.2942,2,88.3,88.63,116.43,10,0.0045,210.77,4,0.0001
live_ep_000035_LATENCY_SPIKE,LATENCY_SPIKE,inventory-service,python-simulator,10.5,1785952548.0168326,36,0.99,0.01,closed,0.3627,36.27,0.3148,11.12,18.12,3.48,5.82,0.0009,2.24,518.1,0.0005,0.0003,0.2092,0.2376,3,75.33,89.91,134.5,5,0.0083,166.11,14,0.0023
live_ep_000035_LATENCY_SPIKE,LATENCY_SPIKE,inventory-service,python-simulator,11.0,1785952548.51746,91,0.9669,0.0331,closed,0.4815,48.15,0.3866,8.75,27.76,4.52,9.39,0.0249,50.19,483.5,0.004,0.0031,0.2494,0.2267,3,75.1,138.23,177.01,2,0.0424,193.09,3,0.0244
live_ep_000035_LATENCY_SPIKE,LATENCY_SPIKE,inventory-service,python-simulator,11.5,1785952549.0176427,97,0.9646,0.0354,closed,0.2778,27.78,0.4158,11.0,20.5,4.48,5.51,0.0107,2.0,500.5,0.0043,0.002,0.2467,0.2523,2,97.07,100.08,111.98,9,0.0499,196.21,14,0.0014
live_ep_000035_LATENCY_SPIKE,LATENCY_SPIKE,inventory-service,python-simulator,12.0,1785952549.5186121,106,0.9847,0.0153,closed,0.3861,38.61,0.4537,4.88,19.8,3.98,7.4,0.0067,16.98,519.9,0.0325,0.0022,0.2506,0.245,0,87.94,101.6,112.28,2,0.0072,184.01,8,0.0051
live_ep_000035_LATENCY_SPIKE,LATENCY_SPIKE,inventory-service,python-simulator,12.5,1785952550.0188866,77,0.9655,0.0345,closed,0.3956,39.56,0.3166,6.76,15.3,3.17,7.68,0.0039,19.31,502.0,0.0011,0.0011,0.319,0.2571,4,87.14,81.86,80.01,15,0.0052,190.57,6,0.0219
live_ep_000035_LATENCY_SPIKE,LATENCY_SPIKE,inventory-service,python-simulator,13.0,1785952550.5195835,108,0.99,0.01,closed,0.343,34.3,0.348,7.24,19.89,4.16,6.9,0.0055,9.32,478.8,0.0107,0.0034,0.2993,0.1866,3,86.29,89.48,109.46,7,0.0265,218.16,7,0.0022
live_ep_000035_LATENCY_SPIKE,LATENCY_SPIKE,inventory-service,python-simulator,13.5,1785952551.0214617,112,0.88,0.12,closed,0.2796,27.96,0.4316,3.51,17.59,6.64,3.39,0.0092,2.0,505.2,0.0091,0.0018,0.2336,0.2255,3,75.27,118.55,143.4,11,0.054,214.46,1,0.005
live_ep_000035_LATENCY_SPIKE,LATENCY_SPIKE,inventory-service,python-simulator,14.0,1785952551.522413,72,0.9235,0.0765,closed,0.3036,30.36,0.4336,3.09,20.5,5.97,5.85,0.0112,15.72,529.3,0.0092,0.0023,0.2548,0.2598,1,97.11,140.54,162.72,17,0.0379,210.34,9,0.0016
live_ep_000035_LATENCY_SPIKE,LATENCY_SPIKE,inventory-service,python-simulator,14.5,1785952552.0228226,46,0.9629,0.0371,closed,0.2792,27.92,0.2825,3.84,19.79,5.04,4.67,0.0162,17.24,508.2,0.0016,0.0053,0.2479,0.2083,3,96.28,130.12,137.86,5,0.0197,191.22,14,0.0064
live_ep_000035_LATENCY_SPIKE,LATENCY_SPIKE,inventory-service,python-simulator,15.0,1785952552.5236087,42,0.88,0.12,closed,0.3386,33.86,0.453,1.35,20.29,3.43,3.99,0.0057,12.1,532.3,0.0023,0.0006,0.2378,0.2518,4,86.41,91.19,93.67,5,0.0288,214.03,7,0.0025
live_ep_000035_LATENCY_SPIKE,LATENCY_SPIKE,inventory-service,python-simulator,15.5,1785952553.0240583,59,0.99,0.01,closed,0.3417,34.17,0.1296,0.65,19.15,5.24,12.54,0.0421,282.2,478.0,0.0012,0.003,0.2256,0.2627,3,88.5,120.08,317.34,9,0.0407,171.06,2,0.0043
live_ep_000035_LATENCY_SPIKE,LATENCY_SPIKE,inventory-service,python-simulator,16.0,1785952553.524231,24,0.9173,0.0827,closed,0.4208,42.08,0.3789,5.21,22.55,4.26,10.47,0.0284,18.93,528.7,0.002,0.004,0.2844,0.2051,1,95.78,128.72,138.71,17,0.0526,161.25,4,0.0055
live_ep_000035_LATENCY_SPIKE,LATENCY_SPIKE,inventory-service,python-simulator,16.5,1785952554.0246418,21,0.9368,0.0632,closed,0.4127,41.27,0.3474,0.5,26.6,3.83,5.34,0.0024,7.13,506.1,0.0071,0.0048,0.2031,0.2827,1,83.47,94.67,96.1,18,0.0256,163.21,2,0.0017
live_ep_000035_LATENCY_SPIKE,LATENCY_SPIKE,inventory-service,python-simulator,17.0,1785952554.5249493,65,0.956,0.044,closed,0.3813,38.13,0.3819,3.28,12.03,3.9,6.35,0.0227,4.4,547.7,0.0014,0.0036,0.2031,0.229,0,78.97,117.94,127.02,9,0.0296,234.69,2,0.0127
live_ep_000035_LATENCY_SPIKE,LATENCY_SPIKE,inventory-service,python-simulator,17.5,1785952555.0252557,29,0.977,0.023,closed,0.2855,28.55,0.2915,14.12,18.66,5.18,12.53,0.0183,2.98,529.2,0.0051,0.0037,0.2457,0.2656,1,98.64,105.8,149.52,2,0.0126,206.66,9,0.0037
live_ep_000035_LATENCY_SPIKE,LATENCY_SPIKE,inventory-service,python-simulator,18.0,1785952555.5257673,39,0.9664,0.0336,closed,0.307,30.7,0.2977,0.5,15.93,4.81,6.13,0.006,2.0,519.9,0.0052,0.0017,0.1285,0.2847,0,96.64,102.26,116.84,2,0.0092,223.91,9,0.0022
live_ep_000035_LATENCY_SPIKE,LATENCY_SPIKE,inventory-service,python-simulator,18.5,1785952556.0260935,97,0.9292,0.0708,closed,0.4116,41.16,0.3056,0.5,20.76,4.3,5.62,0.0105,11.93,519.5,0.0178,0.0007,0.2676,0.3005,2,83.68,134.17,152.6,14,0.0078,206.34,3,0.003
live_ep_000035_LATENCY_SPIKE,LATENCY_SPIKE,inventory-service,python-simulator,19.0,1785952556.5262058,118,0.8984,0.1016,closed,0.309,30.9,0.4913,1.51,30.77,5.45,5.93,0.0032,5.67,504.4,0.0026,0.001,0.1907,0.2823,2,90.54,110.02,146.65,3,0.0647,210.39,1,0.0035
live_ep_000035_LATENCY_SPIKE,LATENCY_SPIKE,inventory-service,python-simulator,19.5,1785952557.0265462,26,0.99,0.01,closed,0.3014,30.14,0.3668,3.7,20.44,3.49,7.28,0.0102,2.0,468.7,0.0039,0.0032,0.3463,0.2587,0,101.03,102.69,105.47,14,0.0413,201.15,9,0.0112
live_ep_000035_LATENCY_SPIKE,LATENCY_SPIKE,inventory-service,python-simulator,20.0,1785952557.5267477,106,0.99,0.01,closed,0.2977,29.77,0.2979,2.93,19.47,4.16,6.38,0.0127,8.63,517.4,0.0019,0.0029,0.3074,0.2419,4,86.55,119.07,134.54,11,0.0166,207.58,3,0.0006
live_ep_000035_LATENCY_SPIKE,LATENCY_SPIKE,inventory-service,python-simulator,20.5,1785952558.0271282,20,0.9485,0.0515,closed,0.3781,37.81,0.29,1.48,18.36,2.92,7.33,0.0067,10.02,518.7,0.0013,0.0024,0.3213,0.2369,4,74.7,84.81,121.96,0,0.003,217.56,4,0.0041
live_ep_000035_LATENCY_SPIKE,LATENCY_SPIKE,inventory-service,python-simulator,21.0,1785952558.527666,78,0.9543,0.0457,closed,0.4118,41.18,0.2512,0.82,13.8,4.65,5.92,0.0148,245.8,508.8,0.0105,0.0029,0.1635,0.2362,0,94.3,160.96,338.74,0,0.0644,235.62,5,0.0021
live_ep_000035_LATENCY_SPIKE,LATENCY_SPIKE,inventory-service,python-simulator,21.5,1785952559.0279524,59,0.99,0.01,closed,0.4751,47.51,0.2766,2.63,24.38,4.14,6.62,0.0011,2.9,529.4,0.0021,0.0002,0.2819,0.2816,4,98.58,114.95,135.64,4,0.0102,215.06,4,0.0011
live_ep_000035_LATENCY_SPIKE,LATENCY_SPIKE,inventory-service,python-simulator,22.0,1785952559.5281725,53,0.9646,0.0354,closed,0.3484,34.84,0.3961,3.55,17.57,4.77,9.53,0.0179,7.89,495.8,0.005,0.0013,0.1823,0.1978,4,90.97,108.92,115.65,10,0.0366,171.8,11,0.0028
live_ep_000035_LATENCY_SPIKE,LATENCY_SPIKE,inventory-service,python-simulator,22.5,1785952560.0283499,70,0.986,0.014,closed,0.3568,35.68,0.5149,8.89,15.39,7.54,8.37,0.0282,8.17,528.3,0.0,0.0036,0.369,0.2138,4,94.98,114.8,144.65,12,0.0055,211.59,1,0.0005
live_ep_000035_LATENCY_SPIKE,LATENCY_SPIKE,inventory-service,python-simulator,23.0,1785952560.5288591,28,0.99,0.01,closed,0.4912,49.12,0.3836,1.39,11.22,5.75,4.88,0.0027,6.4,570.3,0.0177,0.0041,0.3118,0.2725,3,84.42,88.21,119.5,0,0.0332,231.74,6,0.0055
live_ep_000035_LATENCY_SPIKE,LATENCY_SPIKE,inventory-service,python-simulator,23.5,1785952561.0290346,111,0.918,0.082,closed,0.3995,39.95,0.4127,11.26,25.57,8.16,4.71,0.0091,14.69,512.9,0.0093,0.0012,0.2325,0.2468,0,88.05,120.06,128.31,6,0.0346,192.53,3,0.0131
live_ep_000035_LATENCY_SPIKE,LATENCY_SPIKE,inventory-service,python-simulator,24.0,1785952561.5293794,48,0.99,0.01,closed,0.324,32.4,0.2212,2.88,20.68,7.03,8.33,0.0034,19.95,517.9,0.0052,0.0046,0.3119,0.2758,3,93.67,128.57,132.93,5,0.079,251.71,9,0.0019
live_ep_000035_LATENCY_SPIKE,LATENCY_SPIKE,inventory-service,python-simulator,24.5,1785952562.030088,28,0.99,0.01,closed,0.3291,32.91,0.2639,1.19,23.31,4.02,5.08,0.0057,59.72,480.2,0.0005,0.0007,0.3607,0.2353,1,78.88,86.62,102.38,12,0.1,190.19,6,0.0073
live_ep_000035_LATENCY_SPIKE,LATENCY_SPIKE,inventory-service,python-simulator,25.0,1785952562.530305,33,0.9687,0.0313,closed,0.3651,36.51,0.3132,5.5,18.87,5.73,8.24,0.0084,8.71,528.5,0.0,0.0029,0.3302,0.3098,3,99.35,131.11,137.75,11,0.0776,243.24,7,0.0042
live_ep_000035_LATENCY_SPIKE,LATENCY_SPIKE,inventory-service,python-simulator,25.5,1785952563.0305362,110,0.99,0.01,closed,0.3022,30.22,0.3736,1.77,17.24,6.44,7.59,0.0067,8.93,492.8,0.0023,0.0014,0.3034,0.2139,4,87.9,124.09,124.61,9,0.0055,197.55,0,0.0085
live_ep_000035_LATENCY_SPIKE,LATENCY_SPIKE,inventory-service,python-simulator,26.0,1785952563.5307236,98,0.9106,0.0894,closed,0.2387,23.87,0.4,2.12,28.67,4.02,3.73,0.004,2.0,502.7,0.0019,0.0075,0.226,0.1958,3,84.92,97.56,117.7,3,0.0723,220.02,2,0.0031
live_ep_000035_LATENCY_SPIKE,LATENCY_SPIKE,inventory-service,python-simulator,26.5,1785952564.0312245,82,0.9404,0.0596,closed,0.2587,25.87,0.4457,1.06,27.05,3.15,6.13,0.0062,22.63,524.4,0.0108,0.003,0.2295,0.2003,3,83.91,89.96,115.53,6,0.008,210.26,6,0.0023
live_ep_000035_LATENCY_SPIKE,LATENCY_SPIKE,inventory-service,python-simulator,27.0,1785952564.5313752,99,0.9396,0.0604,closed,0.3097,30.97,0.4176,2.44,23.38,5.13,15.41,0.0024,2.0,502.5,0.0036,0.0028,0.1795,0.2601,4,85.55,126.11,152.07,19,0.091,188.68,8,0.0034
live_ep_000035_LATENCY_SPIKE,LATENCY_SPIKE,inventory-service,python-simulator,27.5,1785952565.0319064,86,0.9867,0.0133,closed,0.3785,37.85,0.215,16.98,15.6,4.33,22.62,0.0109,44.73,480.2,0.0052,0.0058,0.2973,0.2456,1,75.65,100.89,109.95,6,0.0098,176.11,11,0.0056
live_ep_000035_LATENCY_SPIKE,LATENCY_SPIKE,inventory-service,python-simulator,28.0,1785952565.532005,108,0.9452,0.0548,closed,0.2841,28.41,0.3879,5.49,35.69,2.19,6.72,0.0091,36.44,500.3,0.002,0.0006,0.2888,0.2471,2,89.7,99.15,109.62,5,0.0264,210.99,11,0.0045
live_ep_000035_LATENCY_SPIKE,LATENCY_SPIKE,inventory-service,python-simulator,28.5,1785952566.0324986,42,0.9307,0.0693,closed,0.3592,35.92,0.1949,2.8,23.42,4.28,10.56,0.0317,12.67,518.6,0.0065,0.0024,0.2324,0.2744,3,78.11,78.14,127.51,13,0.0292,147.13,5,0.0059
live_ep_000035_LATENCY_SPIKE,LATENCY_SPIKE,inventory-service,python-simulator,29.0,1785952566.5325801,55,0.9701,0.0299,closed,0.3415,34.15,0.2743,4.37,22.95,10.35,10.13,0.0166,45.61,533.0,0.0083,0.0017,0.2722,0.3137,4,94.09,119.98,123.17,17,0.0227,187.85,12,0.0001
live_ep_000035_LATENCY_SPIKE,LATENCY_SPIKE,inventory-service,python-simulator,29.5,1785952567.0330856,66,0.975,0.025,closed,0.3859,38.59,0.3718,3.16,17.54,4.76,3.67,0.0247,23.05,507.3,0.0006,0.0084,0.3131,0.2584,1,95.95,96.91,120.0,2,0.0315,189.22,4,0.0024
live_ep_000035_LATENCY_SPIKE,LATENCY_SPIKE,inventory-service,python-simulator,30.0,1785952567.5332172,81,0.9354,0.0646,closed,0.3565,35.65,0.3977,4.41,33.59,2.38,4.36,0.0041,2.0,521.0,0.0033,0.0017,0.1702,0.2393,2,101.81,108.11,114.7,11,0.0646,192.02,8,0.0053
live_ep_000035_LATENCY_SPIKE,LATENCY_SPIKE,inventory-service,python-simulator,30.5,1785952568.0333486,75,0.9853,0.0147,closed,0.337,33.7,0.3235,7.72,17.06,3.39,3.53,0.0129,28.99,542.1,0.0016,0.0007,0.256,0.2692,4,89.04,88.64,88.63,12,0.0368,217.73,6,0.0003
live_ep_000035_LATENCY_SPIKE,LATENCY_SPIKE,inventory-service,python-simulator,31.0,1785952568.5339067,24,0.88,0.12,closed,0.4555,45.55,0.2004,0.9,20.58,10.74,3.44,0.0104,10.34,487.2,0.0081,0.003,0.2704,0.1626,4,91.34,129.0,131.3,11,0.0145,200.35,4,0.0134
live_ep_000035_LATENCY_SPIKE,LATENCY_SPIKE,inventory-service,python-simulator,31.5,1785952569.0344076,35,0.9789,0.0211,closed,0.312,31.2,0.413,3.65,28.28,2.72,4.29,0.0054,8.55,539.3,0.0016,0.0021,0.1916,0.254,4,84.24,99.97,140.86,5,0.1,166.95,12,0.0021
live_ep_000035_LATENCY_SPIKE,LATENCY_SPIKE,inventory-service,python-simulator,32.0,1785952569.5347493,81,0.9531,0.0469,closed,0.347,34.7,0.3634,0.89,19.38,2.46,2.96,0.0034,5.46,546.6,0.0032,0.0015,0.2096,0.2847,4,92.72,125.05,130.31,5,0.1,222.76,3,0.0187
live_ep_000035_LATENCY_SPIKE,LATENCY_SPIKE,inventory-service,python-simulator,32.5,1785952570.035008,83,0.9653,0.0347,closed,0.3596,35.96,0.2551,3.76,21.16,5.99,8.42,0.0238,7.99,512.1,0.0037,0.0013,0.2636,0.2555,0,89.77,109.68,112.86,16,0.0442,204.29,1,0.003
live_ep_000035_LATENCY_SPIKE,LATENCY_SPIKE,inventory-service,python-simulator,33.0,1785952570.5351393,23,0.9417,0.0583,closed,0.4116,41.16,0.4751,0.5,31.93,4.78,7.55,0.0077,10.26,541.7,0.0022,0.0049,0.3309,0.2752,0,98.25,104.21,108.19,3,0.0949,195.2,11,0.0211
live_ep_000035_LATENCY_SPIKE,LATENCY_SPIKE,inventory-service,python-simulator,33.5,1785952571.0356202,63,0.9695,0.0305,closed,0.2869,28.69,0.3588,2.88,12.32,6.76,6.48,0.0027,45.98,530.4,0.0305,0.0003,0.2706,0.2676,4,74.6,92.7,106.8,16,0.0125,195.9,9,0.0221
live_ep_000035_LATENCY_SPIKE,LATENCY_SPIKE,inventory-service,python-simulator,34.0,1785952571.5361412,63,0.9685,0.0315,closed,0.3982,39.82,0.4862,2.59,19.82,5.67,7.54,0.0034,4.89,494.3,0.0009,0.0018,0.233,0.2469,2,101.6,118.32,140.27,19,0.0157,240.27,4,0.0106
live_ep_000035_LATENCY_SPIKE,LATENCY_SPIKE,inventory-service,python-simulator,34.5,1785952572.036471,38,0.9888,0.0112,closed,0.3664,36.64,0.2784,2.79,22.8,8.35,6.61,0.0023,2.0,520.4,0.0002,0.0032,0.2665,0.2919,1,96.88,102.64,108.81,1,0.0119,209.94,10,0.0018
live_ep_000035_LATENCY_SPIKE,LATENCY_SPIKE,inventory-service,python-simulator,35.0,1785952572.539466,60,0.9638,0.0362,closed,0.3549,35.49,0.1864,1.7,31.04,4.57,9.21,0.0089,29.6,500.2,0.017,0.0013,0.3725,0.188,1,94.02,94.79,134.22,15,0.0039,189.29,2,0.0006
live_ep_000035_LATENCY_SPIKE,LATENCY_SPIKE,inventory-service,python-simulator,35.5,1785952573.0399644,114,0.9876,0.0124,closed,0.3737,37.37,0.4046,0.51,25.05,4.83,7.09,0.0011,8.19,514.7,0.0015,0.0006,0.2837,0.2936,0,78.42,90.81,115.9,15,0.0181,222.49,10,0.0087
live_ep_000035_LATENCY_SPIKE,LATENCY_SPIKE,inventory-service,python-simulator,36.0,1785952573.5401623,45,0.8823,0.1177,closed,0.2893,28.93,0.2845,12.73,26.09,4.15,3.79,0.0044,3.36,527.1,0.0,0.0009,0.2615,0.2266,2,82.29,84.45,105.4,18,0.1,183.64,12,0.0002
live_ep_000035_LATENCY_SPIKE,LATENCY_SPIKE,inventory-service,python-simulator,36.5,1785952574.0407145,35,0.9734,0.0266,closed,0.3536,35.36,0.3062,8.84,14.84,3.69,3.75,0.0115,2.47,483.7,0.0026,0.0006,0.1253,0.2059,1,87.54,103.6,118.2,3,0.0032,176.67,3,0.0005
live_ep_000035_LATENCY_SPIKE,LATENCY_SPIKE,inventory-service,python-simulator,37.0,1785952574.5412912,103,0.88,0.12,closed,0.3007,30.07,0.4253,2.65,15.74,5.14,4.26,0.0037,34.52,518.3,0.0032,0.0027,0.349,0.2741,3,75.76,84.81,86.59,14,0.1,202.05,14,0.0097
live_ep_000035_LATENCY_SPIKE,LATENCY_SPIKE,inventory-service,python-simulator,37.5,1785952575.0418677,58,0.99,0.01,closed,0.3096,30.96,0.3914,1.66,20.97,5.18,5.5,0.0051,4.67,503.8,0.0025,0.003,0.2312,0.2661,2,93.65,129.42,155.85,11,0.0548,191.27,0,0.0039
live_ep_000035_LATENCY_SPIKE,LATENCY_SPIKE,inventory-service,python-simulator,38.0,1785952575.5420032,109,0.9881,0.0119,closed,0.4074,40.74,0.3715,0.5,29.03,4.46,4.85,0.0044,15.43,511.5,0.0036,0.0015,0.2062,0.2338,3,94.18,108.07,133.72,12,0.0147,194.89,14,0.002
live_ep_000035_LATENCY_SPIKE,LATENCY_SPIKE,inventory-service,python-simulator,38.5,1785952576.0420847,58,0.9398,0.0602,closed,0.3087,30.87,0.4513,1.5,17.21,4.73,11.34,0.0076,3.5,492.1,0.0048,0.0011,0.2833,0.2385,0,90.68,93.56,130.58,9,0.0016,204.62,3,0.0018
live_ep_000035_LATENCY_SPIKE,LATENCY_SPIKE,inventory-service,python-simulator,39.0,1785952576.5424142,108,0.9139,0.0861,closed,0.3465,34.65,0.4503,3.58,15.02,3.69,5.39,0.0094,2.74,502.0,0.0024,0.0036,0.2437,0.1806,4,87.9,90.06,108.98,10,0.0045,202.54,8,0.0007
live_ep_000035_LATENCY_SPIKE,LATENCY_SPIKE,inventory-service,python-simulator,39.5,1785952577.0426815,62,0.99,0.01,closed,0.3392,33.92,0.213,8.74,24.99,5.64,7.78,0.0104,3.28,517.8,0.0038,0.0034,0.3006,0.2754,3,95.41,120.64,126.0,1,0.0218,204.92,11,0.0003
live_ep_000035_LATENCY_SPIKE,LATENCY_SPIKE,inventory-service,python-simulator,40.0,1785952577.5429552,110,0.99,0.01,closed,0.2505,25.05,0.3984,6.49,24.2,4.8,8.45,0.0159,4.69,500.3,0.0131,0.0018,0.224,0.2578,0,84.6,131.85,155.09,15,0.0215,202.6,10,0.0036
live_ep_000035_LATENCY_SPIKE,LATENCY_SPIKE,inventory-service,python-simulator,40.5,1785952578.043383,22,0.88,0.12,closed,0.3406,34.06,0.3686,5.85,34.55,1.74,4.89,0.0339,352.2,485.1,0.0051,0.0022,0.2254,0.228,4,89.72,137.89,342.59,5,0.0041,183.19,12,0.0034
live_ep_000035_LATENCY_SPIKE,LATENCY_SPIKE,inventory-service,python-simulator,41.0,1785952578.5438743,88,0.9275,0.0725,closed,0.3022,30.22,0.2705,1.74,19.71,3.69,8.31,0.0165,2.0,526.6,0.0071,0.003,0.2128,0.2705,2,95.21,115.18,124.26,0,0.0355,210.01,12,0.0
live_ep_000035_LATENCY_SPIKE,LATENCY_SPIKE,inventory-service,python-simulator,41.5,1785952579.0443273,93,0.9287,0.0713,closed,0.3361,33.61,0.3986,3.26,11.98,4.19,12.89,0.0067,10.6,487.0,0.0058,0.011,0.2574,0.197,2,79.78,92.44,108.41,10,0.0019,204.92,0,0.0017
live_ep_000035_LATENCY_SPIKE,LATENCY_SPIKE,inventory-service,python-simulator,42.0,1785952579.5449104,40,0.984,0.016,closed,0.3507,35.07,0.4063,3.06,16.48,3.73,12.03,0.0126,4.94,526.3,0.0025,0.0026,0.2713,0.2748,1,75.45,90.68,110.28,16,0.0196,189.0,12,0.001
live_ep_000035_LATENCY_SPIKE,LATENCY_SPIKE,inventory-service,python-simulator,42.5,1785952580.0451968,35,0.9881,0.0119,closed,0.364,36.4,0.3734,2.68,38.74,2.14,8.94,0.0059,2.0,526.2,0.0011,0.0007,0.1476,0.2614,3,93.76,112.59,163.04,12,0.0183,197.5,3,0.0012
live_ep_000035_LATENCY_SPIKE,LATENCY_SPIKE,inventory-service,python-simulator,43.0,1785952580.5454254,50,0.9602,0.0398,closed,0.3605,36.05,0.3856,23.2,17.52,5.43,14.25,0.0044,2.0,509.7,0.0007,0.0022,0.3041,0.2785,1,77.36,90.87,113.55,19,0.0026,190.65,1,0.0034
live_ep_000035_LATENCY_SPIKE,LATENCY_SPIKE,inventory-service,python-simulator,43.5,1785952581.046027,112,0.9624,0.0376,closed,0.3707,37.07,0.2399,0.5,28.61,4.91,5.02,0.0079,31.35,515.5,0.0013,0.0013,0.1467,0.3004,4,87.39,87.83,121.0,11,0.0882,215.01,12,0.0005
live_ep_000035_LATENCY_SPIKE,LATENCY_SPIKE,inventory-service,python-simulator,44.0,1785952581.5463724,50,0.9418,0.0582,closed,0.322,32.2,0.2831,3.39,11.91,4.87,13.88,0.007,7.94,519.6,0.0069,0.0004,0.2754,0.2398,1,72.42,86.15,114.68,1,0.0089,187.07,4,0.0033
live_ep_000035_LATENCY_SPIKE,LATENCY_SPIKE,inventory-service,python-simulator,44.5,1785952582.0472524,91,0.9888,0.0112,closed,0.3476,34.76,0.4067,0.5,28.73,4.53,6.51,0.0055,7.34,519.8,0.0071,0.0033,0.1932,0.2598,1,92.34,98.57,120.13,1,0.0447,198.24,9,0.006
live_ep_000035_LATENCY_SPIKE,LATENCY_SPIKE,inventory-service,python-simulator,45.0,1785952582.5475383,31,0.8892,0.1108,closed,0.3556,35.56,0.3354,5.4,25.78,3.42,10.44,0.0291,14.27,513.7,0.0038,0.0024,0.2708,0.2388,4,93.71,100.05,117.85,3,0.0203,212.06,4,0.0023
live_ep_000035_LATENCY_SPIKE,LATENCY_SPIKE,inventory-service,python-simulator,45.5,1785952583.047759,72,0.9065,0.0935,closed,0.3892,38.92,0.2234,6.28,23.73,1.89,4.59,0.0014,7.06,515.0,0.0005,0.0007,0.3351,0.2875,2,109.06,108.31,100.5,16,0.0164,207.03,8,0.0002
live_ep_000035_LATENCY_SPIKE,LATENCY_SPIKE,inventory-service,python-simulator,46.0,1785952583.5484307,27,0.9394,0.0606,closed,0.3754,37.54,0.2945,15.4,13.97,3.52,5.41,0.0047,7.43,482.3,0.002,0.0109,0.2373,0.2008,2,83.57,93.77,104.97,19,0.061,233.65,4,0.0023
live_ep_000035_LATENCY_SPIKE,LATENCY_SPIKE,inventory-service,python-simulator,46.5,1785952584.0488598,41,0.9396,0.0604,closed,0.3495,34.95,0.326,0.5,16.74,3.41,2.28,0.0054,10.72,497.7,0.0059,0.0007,0.2242,0.24,0,97.49,104.23,115.18,14,0.034,209.78,6,0.001
live_ep_000035_LATENCY_SPIKE,LATENCY_SPIKE,inventory-service,python-simulator,47.0,1785952584.5491254,108,0.9706,0.0294,closed,0.3467,34.67,0.3322,6.97,15.91,4.63,6.63,0.0045,26.51,492.2,0.0044,0.0008,0.2642,0.2016,1,83.07,103.83,105.56,16,0.0164,188.4,8,0.0028
live_ep_000035_LATENCY_SPIKE,LATENCY_SPIKE,inventory-service,python-simulator,47.5,1785952585.049366,75,0.961,0.039,closed,0.3497,34.97,0.2555,0.96,21.84,4.16,6.12,0.018,21.93,516.6,0.0067,0.0022,0.22,0.2395,3,84.88,104.21,124.47,13,0.0365,223.05,10,0.005
live_ep_000035_LATENCY_SPIKE,LATENCY_SPIKE,inventory-service,python-simulator,48.0,1785952585.5499396,20,0.9576,0.0424,closed,0.3762,37.62,0.3315,2.37,12.12,2.76,10.31,0.0071,3.46,545.3,0.0019,0.0023,0.2848,0.2909,4,88.46,97.06,130.27,16,0.0077,154.7,4,0.0025
live_ep_000035_LATENCY_SPIKE,LATENCY_SPIKE,inventory-service,python-simulator,48.5,1785952586.0502868,80,0.99,0.01,closed,0.332,33.2,0.2293,6.86,14.63,3.9,5.75,0.0272,8.12,514.7,0.0072,0.0033,0.278,0.2174,1,93.91,101.58,126.73,17,0.0219,211.68,8,0.002
live_ep_000035_LATENCY_SPIKE,LATENCY_SPIKE,inventory-service,python-simulator,49.0,1785952586.550693,93,0.968,0.032,closed,0.4751,47.51,0.2418,6.29,26.43,3.03,5.47,0.0167,13.7,522.5,0.0027,0.0019,0.2377,0.3015,0,108.14,112.37,113.11,4,0.0206,202.42,2,0.0285
live_ep_000035_LATENCY_SPIKE,LATENCY_SPIKE,inventory-service,python-simulator,49.5,1785952587.051075,47,0.99,0.01,closed,0.3503,35.03,0.3178,0.5,24.9,3.95,6.17,0.0055,59.42,523.7,0.005,0.0035,0.2148,0.1908,1,92.08,100.44,135.27,10,0.0535,204.34,6,0.0021
live_ep_000035_LATENCY_SPIKE,LATENCY_SPIKE,inventory-service,python-simulator,50.0,1785952587.5514784,110,0.9783,0.0217,closed,0.3234,32.34,0.5428,14.02,16.66,3.74,2.69,0.0102,10.82,509.5,0.0063,0.0022,0.2253,0.2444,0,79.77,115.21,141.15,11,0.0208,192.25,14,0.0059
live_ep_000035_LATENCY_SPIKE,LATENCY_SPIKE,inventory-service,python-simulator,50.5,1785952588.0518408,81,0.9474,0.0526,closed,0.2963,29.63,0.3777,6.88,27.8,7.21,8.68,0.0268,6.86,490.6,0.0092,0.0032,0.2867,0.2122,4,97.61,127.04,131.02,4,0.0942,188.32,9,0.0046
live_ep_000035_LATENCY_SPIKE,LATENCY_SPIKE,inventory-service,python-simulator,51.0,1785952588.5548565,90,0.914,0.086,closed,0.3682,36.82,0.403,2.7,18.54,4.12,5.55,0.0173,4.75,508.1,0.004,0.004,0.2574,0.2634,3,98.59,112.74,114.55,14,0.0318,224.61,13,0.0093
live_ep_000035_LATENCY_SPIKE,LATENCY_SPIKE,inventory-service,python-simulator,51.5,1785952589.0552409,96,0.9319,0.0681,closed,0.4443,44.43,0.3339,7.47,24.46,4.62,6.6,0.007,14.46,507.6,0.0075,0.0033,0.3265,0.2219,3,85.6,96.76,117.15,6,0.0019,196.82,0,0.0021
live_ep_000035_LATENCY_SPIKE,LATENCY_SPIKE,inventory-service,python-simulator,52.0,1785952589.562958,69,0.9429,0.0571,closed,0.3586,35.86,0.355,0.5,16.39,4.49,4.1,0.0026,18.54,493.8,0.0057,0.0051,0.2654,0.2298,0,84.48,90.19,107.96,15,0.0843,180.22,8,0.0084
live_ep_000035_LATENCY_SPIKE,LATENCY_SPIKE,inventory-service,python-simulator,52.5,1785952590.0632348,59,0.9043,0.0957,closed,0.2888,28.88,0.3675,6.08,25.59,4.85,7.69,0.0131,2.0,534.6,0.0004,0.004,0.2337,0.1744,3,92.42,127.0,142.32,1,0.0093,164.88,12,0.004
live_ep_000035_LATENCY_SPIKE,LATENCY_SPIKE,inventory-service,python-simulator,53.0,1785952590.5636258,27,0.9423,0.0577,closed,0.4374,43.74,0.3539,0.5,12.38,9.69,3.87,0.0304,24.8,518.3,0.0059,0.0041,0.1968,0.2356,3,86.22,95.3,119.06,16,0.022,222.34,10,0.0031
live_ep_000035_LATENCY_SPIKE,LATENCY_SPIKE,inventory-service,python-simulator,53.5,1785952591.0641048,26,0.9876,0.0124,closed,0.3635,36.35,0.3309,23.82,26.48,2.77,5.5,0.0148,8.12,494.0,0.0083,0.0021,0.3683,0.2373,3,95.06,110.28,131.28,13,0.0243,180.61,4,0.0154
live_ep_000035_LATENCY_SPIKE,LATENCY_SPIKE,inventory-service,python-simulator,54.0,1785952591.5643964,68,0.952,0.048,closed,0.3394,33.94,0.3079,1.15,12.2,2.99,4.42,0.0545,256.41,463.8,0.0045,0.0036,0.2631,0.214,3,97.46,162.78,306.92,6,0.1,194.84,12,0.0039
live_ep_000035_LATENCY_SPIKE,LATENCY_SPIKE,inventory-service,python-simulator,54.5,1785952592.064737,82,0.9285,0.0715,closed,0.3018,30.18,0.3666,2.95,14.33,6.55,8.74,0.0124,9.25,481.0,0.0117,0.0007,0.3112,0.2248,4,88.03,150.79,151.34,1,0.0039,204.52,8,0.002
live_ep_000035_LATENCY_SPIKE,LATENCY_SPIKE,inventory-service,python-simulator,55.0,1785952592.5648863,47,0.99,0.01,closed,0.2942,29.42,0.4283,13.81,21.91,6.45,8.55,0.007,2.95,499.7,0.0017,0.0027,0.2255,0.2272,4,94.78,103.48,116.4,19,0.0569,199.25,3,0.0036
live_ep_000035_LATENCY_SPIKE,LATENCY_SPIKE,inventory-service,python-simulator,55.5,1785952593.0692565,112,0.8822,0.1178,closed,0.3233,32.33,0.3992,0.5,17.34,8.46,4.27,0.0068,8.58,540.3,0.0045,0.0037,0.2471,0.2908,1,94.96,99.59,107.56,19,0.0388,203.39,4,0.0117
live_ep_000035_LATENCY_SPIKE,LATENCY_SPIKE,inventory-service,python-simulator,56.0,1785952593.569651,66,0.9891,0.0109,closed,0.3365,33.65,0.3523,5.57,16.33,4.45,8.15,0.002,23.13,527.0,0.002,0.001,0.2718,0.2246,3,92.12,99.05,130.62,11,0.0002,220.76,8,0.0044
live_ep_000035_LATENCY_SPIKE,LATENCY_SPIKE,inventory-service,python-simulator,56.5,1785952594.0698485,76,0.88,0.12,closed,0.4465,44.65,0.4817,12.91,19.38,3.71,5.19,0.0184,6.8,547.3,0.0007,0.0012,0.2287,0.2804,1,91.57,103.9,109.75,8,0.0104,228.17,5,0.0037
live_ep_000035_LATENCY_SPIKE,LATENCY_SPIKE,inventory-service,python-simulator,57.0,1785952594.570362,115,0.88,0.12,closed,0.4658,46.58,0.309,2.52,16.53,3.39,7.66,0.0146,6.89,518.9,0.0028,0.0032,0.1778,0.2492,3,94.05,114.39,133.07,11,0.0432,213.98,6,0.0056
live_ep_000035_LATENCY_SPIKE,LATENCY_SPIKE,inventory-service,python-simulator,57.5,1785952595.0708086,108,0.9545,0.0455,closed,0.4204,42.04,0.3011,0.5,18.39,7.37,10.98,0.0043,60.0,520.4,0.0013,0.0006,0.2484,0.2486,1,90.4,123.14,141.87,4,0.0429,216.36,2,0.0031
live_ep_000035_LATENCY_SPIKE,LATENCY_SPIKE,inventory-service,python-simulator,58.0,1785952595.5712743,24,0.99,0.01,closed,0.3052,30.52,0.337,1.98,15.8,5.2,7.67,0.006,7.74,492.7,0.0001,0.0056,0.2493,0.2342,3,87.83,110.3,128.43,6,0.0464,185.54,12,0.0029
live_ep_000035_LATENCY_SPIKE,LATENCY_SPIKE,inventory-service,python-simulator,58.5,1785952596.0717254,79,0.9605,0.0395,closed,0.3153,31.53,0.4272,4.52,14.26,4.96,6.1,0.0054,8.11,529.7,0.0073,0.0011,0.1767,0.2626,2,76.91,88.42,107.87,19,0.0394,160.17,6,0.0031
live_ep_000035_LATENCY_SPIKE,LATENCY_SPIKE,inventory-service,python-simulator,59.0,1785952596.5719051,103,0.9577,0.0423,closed,0.3578,35.78,0.2328,4.72,16.37,2.37,4.66,0.031,232.87,510.4,0.0249,0.0033,0.3235,0.3108,1,95.14,121.7,339.35,2,0.0268,212.43,0,0.0036
live_ep_000035_LATENCY_SPIKE,LATENCY_SPIKE,inventory-service,python-simulator,59.5,1785952597.0727618,43,0.8938,0.1062,closed,0.381,38.1,0.3034,4.89,25.48,4.31,5.53,0.0402,537.7,456.7,0.0067,0.0023,0.2752,0.2471,2,92.58,431.35,624.96,5,0.0468,194.63,12,0.0043
live_ep_000036_LATENCY_SPIKE,LATENCY_SPIKE,auth-service,python-simulator,0.0,1785952597.5741758,67,0.9592,0.0408,closed,0.4287,42.87,0.2875,16.27,23.75,3.19,4.34,0.0131,13.61,514.8,0.0117,0.0017,0.2978,0.26,0,85.82,112.32,115.16,5,0.0004,191.94,9,0.0029
live_ep_000036_LATENCY_SPIKE,LATENCY_SPIKE,auth-service,python-simulator,0.5,1785952598.0766456,28,0.9825,0.0175,closed,0.4313,43.13,0.3448,0.5,15.11,2.52,6.25,0.0131,2.0,499.4,0.0014,0.001,0.2194,0.2236,0,92.05,95.09,103.38,5,0.1,206.71,14,0.0021
live_ep_000036_LATENCY_SPIKE,LATENCY_SPIKE,auth-service,python-simulator,1.0,1785952598.576804,36,0.9783,0.0217,closed,0.3344,33.44,0.3716,5.03,10.21,4.05,8.92,0.0117,24.79,460.2,0.0003,0.0044,0.0936,0.2674,0,85.37,126.79,130.89,0,0.0186,192.33,13,0.0098
live_ep_000036_LATENCY_SPIKE,LATENCY_SPIKE,auth-service,python-simulator,1.5,1785952599.077005,116,0.9871,0.0129,closed,0.3428,34.28,0.3545,8.93,21.88,4.17,4.39,0.0198,16.61,523.7,0.0029,0.0037,0.3603,0.296,4,84.2,143.13,150.36,18,0.0067,208.48,5,0.001
live_ep_000036_LATENCY_SPIKE,LATENCY_SPIKE,auth-service,python-simulator,2.0,1785952599.5771294,80,0.977,0.023,closed,0.4187,41.87,0.4175,9.45,16.22,11.03,7.81,0.0012,28.89,489.9,0.0013,0.0029,0.297,0.2498,4,76.92,78.43,160.71,19,0.1,236.94,0,0.0036
live_ep_000036_LATENCY_SPIKE,LATENCY_SPIKE,auth-service,python-simulator,2.5,1785952600.077303,59,0.9799,0.0201,closed,0.3077,30.77,0.4308,1.6,20.81,2.11,3.83,0.0078,2.33,523.8,0.0096,0.0007,0.2317,0.2489,2,91.83,92.52,98.11,4,0.0269,187.99,13,0.005
live_ep_000036_LATENCY_SPIKE,LATENCY_SPIKE,auth-service,python-simulator,3.0,1785952600.5775647,93,0.9699,0.0301,closed,0.3794,37.94,0.4163,0.5,20.41,5.56,5.76,0.0054,5.36,506.1,0.0067,0.0017,0.2774,0.2619,3,87.77,122.37,123.57,14,0.0058,186.51,1,0.0083
live_ep_000036_LATENCY_SPIKE,LATENCY_SPIKE,auth-service,python-simulator,3.5,1785952601.0789332,80,0.9114,0.0886,closed,0.4061,40.61,0.4147,5.44,10.62,6.85,5.45,0.0021,4.5,532.8,0.0034,0.0021,0.2825,0.2587,2,92.72,103.51,110.87,4,0.0201,215.63,6,0.0026
live_ep_000036_LATENCY_SPIKE,LATENCY_SPIKE,auth-service,python-simulator,4.0,1785952601.5794094,34,0.88,0.12,closed,0.3914,39.14,0.3728,0.5,18.93,3.43,4.42,0.0299,14.66,504.9,0.0012,0.0042,0.1884,0.2433,0,80.23,108.93,130.19,2,0.0769,215.09,6,0.0027
live_ep_000036_LATENCY_SPIKE,LATENCY_SPIKE,auth-service,python-simulator,4.5,1785952602.0797613,89,0.9303,0.0697,closed,0.3276,32.76,0.4635,3.08,21.78,4.15,7.21,0.0119,2.17,501.5,0.0046,0.0029,0.2537,0.2535,1,85.67,88.26,117.78,6,0.0766,191.48,9,0.001
live_ep_000036_LATENCY_SPIKE,LATENCY_SPIKE,auth-service,python-simulator,5.0,1785952602.5798256,70,0.9423,0.0577,closed,0.3444,34.44,0.2799,3.5,17.69,5.45,4.22,0.0171,6.28,498.2,0.005,0.0023,0.1658,0.2924,0,88.0,98.56,102.49,5,0.067,203.67,11,0.0051
live_ep_000036_LATENCY_SPIKE,LATENCY_SPIKE,auth-service,python-simulator,5.5,1785952603.0800705,74,0.9549,0.0451,closed,0.3445,34.45,0.2682,0.95,13.19,7.83,7.7,0.0144,11.58,480.1,0.0023,0.0048,0.1557,0.2545,3,95.91,108.93,122.16,0,0.0123,205.74,14,0.0018
live_ep_000036_LATENCY_SPIKE,LATENCY_SPIKE,auth-service,python-simulator,6.0,1785952603.5805314,33,0.955,0.045,closed,0.3231,32.31,0.4265,4.73,12.24,11.78,5.6,0.0408,390.57,489.4,0.0021,0.0052,0.2942,0.2589,2,83.28,368.55,533.69,4,0.0791,227.41,5,0.0099
live_ep_000036_LATENCY_SPIKE,LATENCY_SPIKE,auth-service,python-simulator,6.5,1785952604.0809472,46,0.99,0.01,closed,0.3871,38.71,0.3655,0.5,20.8,1.98,6.83,0.0075,30.05,528.6,0.0025,0.0024,0.2783,0.27,2,93.19,117.8,124.66,2,0.0236,212.34,13,0.0027
live_ep_000036_LATENCY_SPIKE,LATENCY_SPIKE,auth-service,python-simulator,7.0,1785952604.5810232,95,0.9841,0.0159,closed,0.3645,36.45,0.4001,4.74,17.3,2.85,5.14,0.032,8.61,509.3,0.0016,0.0023,0.2888,0.2571,3,90.39,99.62,122.59,3,0.0042,201.12,10,0.0028
live_ep_000036_LATENCY_SPIKE,LATENCY_SPIKE,auth-service,python-simulator,7.5,1785952605.0813951,23,0.99,0.01,closed,0.333,33.3,0.4517,1.11,26.99,3.36,3.84,0.0038,2.0,511.5,0.0048,0.0012,0.2418,0.2265,0,98.68,111.08,126.21,19,0.0981,175.85,9,0.0015
live_ep_000036_LATENCY_SPIKE,LATENCY_SPIKE,auth-service,python-simulator,8.0,1785952605.5815296,117,0.99,0.01,closed,0.3645,36.45,0.2969,3.34,25.9,7.78,5.0,0.0286,175.82,509.5,0.0015,0.0034,0.2609,0.2891,1,90.77,115.59,272.46,18,0.0657,179.51,0,0.0056
live_ep_000036_LATENCY_SPIKE,LATENCY_SPIKE,auth-service,python-simulator,8.5,1785952606.082012,103,0.99,0.01,closed,0.3216,32.16,0.266,11.1,30.27,3.0,8.75,0.0213,229.07,553.7,0.007,0.0024,0.2382,0.2781,2,96.04,316.38,390.13,11,0.0162,222.68,8,0.0019
live_ep_000036_LATENCY_SPIKE,LATENCY_SPIKE,auth-service,python-simulator,9.0,1785952606.5822916,85,0.9846,0.0154,closed,0.3593,35.93,0.3193,4.1,19.53,4.1,4.33,0.0228,7.08,486.6,0.0053,0.0085,0.2927,0.264,4,82.1,85.44,150.73,13,0.0438,193.45,11,0.0041
live_ep_000036_LATENCY_SPIKE,LATENCY_SPIKE,auth-service,python-simulator,9.5,1785952607.0829382,104,0.9732,0.0268,closed,0.3392,33.92,0.2684,1.86,21.69,1.8,5.43,0.0241,84.27,514.0,0.0005,0.0031,0.2283,0.2538,3,91.87,148.17,223.44,18,0.011,215.52,0,0.0064
live_ep_000036_LATENCY_SPIKE,LATENCY_SPIKE,auth-service,python-simulator,10.0,1785952607.5831532,51,0.9076,0.0924,closed,0.308,30.8,0.1,3.91,13.59,2.09,3.35,0.0086,6.3,523.7,0.0144,0.0027,0.1833,0.2921,3,76.87,110.42,129.85,6,0.035,195.96,9,0.0122
live_ep_000036_LATENCY_SPIKE,LATENCY_SPIKE,auth-service,python-simulator,10.5,1785952608.0836105,34,0.9133,0.0867,closed,0.3437,34.37,0.3813,26.8,20.97,2.67,6.64,0.0155,55.25,508.9,0.0043,0.0022,0.3326,0.2386,0,104.38,109.14,124.38,0,0.0542,193.71,12,0.0016
live_ep_000036_LATENCY_SPIKE,LATENCY_SPIKE,auth-service,python-simulator,11.0,1785952608.59863,25,0.88,0.12,closed,0.3311,33.11,0.4341,0.8,18.61,6.24,7.8,0.0111,2.0,501.8,0.0109,0.0044,0.1449,0.2548,2,90.62,98.33,122.93,1,0.0666,214.08,10,0.0046
live_ep_000036_LATENCY_SPIKE,LATENCY_SPIKE,auth-service,python-simulator,11.5,1785952609.098939,90,0.99,0.01,closed,0.3115,31.15,0.2856,0.5,14.82,8.85,5.75,0.008,7.93,511.0,0.0016,0.0054,0.2242,0.2742,2,80.11,97.02,98.34,16,0.0158,192.04,5,0.0036
live_ep_000036_LATENCY_SPIKE,LATENCY_SPIKE,auth-service,python-simulator,12.0,1785952609.5993023,80,0.9314,0.0686,closed,0.3366,33.66,0.3349,8.82,24.17,5.91,5.85,0.0195,39.49,530.2,0.0063,0.0016,0.2706,0.2282,2,87.76,104.52,111.66,4,0.0325,202.82,4,0.0087
live_ep_000036_LATENCY_SPIKE,LATENCY_SPIKE,auth-service,python-simulator,12.5,1785952610.1417766,116,0.9256,0.0744,closed,0.3405,34.05,0.1874,12.71,19.82,4.53,8.39,0.0097,9.71,520.5,0.0002,0.0005,0.2031,0.2267,2,92.61,98.15,119.38,10,0.0218,229.85,8,0.0103
live_ep_000036_LATENCY_SPIKE,LATENCY_SPIKE,auth-service,python-simulator,13.0,1785952610.642053,102,0.916,0.084,closed,0.3064,30.64,0.3898,6.79,18.98,4.26,5.99,0.0146,5.28,510.6,0.0089,0.0028,0.2572,0.26,2,96.61,150.35,155.62,11,0.0949,226.16,4,0.0124
live_ep_000036_LATENCY_SPIKE,LATENCY_SPIKE,auth-service,python-simulator,13.5,1785952611.1497664,117,0.88,0.12,closed,0.3439,34.39,0.2259,0.55,13.48,3.47,3.54,0.0266,185.59,535.7,0.0022,0.0025,0.1382,0.2585,4,88.02,256.42,263.78,15,0.0992,199.04,13,0.0041
live_ep_000036_LATENCY_SPIKE,LATENCY_SPIKE,auth-service,python-simulator,14.0,1785952611.6641486,73,0.99,0.01,closed,0.3528,35.28,0.3754,5.31,32.46,3.97,12.55,0.0325,177.07,541.3,0.0028,0.0035,0.3354,0.2977,3,97.29,168.15,251.53,1,0.0056,180.55,14,0.0003
live_ep_000036_LATENCY_SPIKE,LATENCY_SPIKE,auth-service,python-simulator,14.5,1785952612.2160563,43,0.979,0.021,closed,0.3448,34.48,0.4651,11.54,19.58,3.1,2.52,0.0071,3.01,480.9,0.0128,0.0013,0.176,0.2214,0,83.86,85.38,93.46,16,0.0511,194.01,9,0.0025
live_ep_000036_LATENCY_SPIKE,LATENCY_SPIKE,auth-service,python-simulator,15.0,1785952612.717564,32,0.9651,0.0349,closed,0.3124,31.24,0.4494,0.94,19.15,5.69,8.61,0.007,7.27,543.7,0.0041,0.0041,0.1845,0.2835,4,97.41,129.21,144.45,10,0.0581,211.95,6,0.0095
live_ep_000036_LATENCY_SPIKE,LATENCY_SPIKE,auth-service,python-simulator,15.5,1785952613.2210217,46,0.8803,0.1197,closed,0.3545,35.45,0.3582,2.15,21.95,11.63,6.79,0.0125,3.76,509.3,0.0017,0.0014,0.3811,0.2028,0,94.98,120.19,122.04,11,0.0694,215.55,1,0.0042
live_ep_000036_LATENCY_SPIKE,LATENCY_SPIKE,auth-service,python-simulator,16.0,1785952613.7281506,68,0.951,0.049,closed,0.3129,31.29,0.3828,5.44,17.51,4.05,5.39,0.0203,19.07,535.5,0.0023,0.0013,0.2093,0.2518,4,90.13,100.93,119.97,14,0.0188,176.92,3,0.0201
live_ep_000036_LATENCY_SPIKE,LATENCY_SPIKE,auth-service,python-simulator,16.5,1785952614.2287996,48,0.9569,0.0431,closed,0.3905,39.05,0.3177,0.5,25.9,2.7,5.08,0.0136,4.11,499.3,0.0061,0.0019,0.294,0.2227,2,86.75,93.99,120.15,12,0.0856,233.02,11,0.017
live_ep_000036_LATENCY_SPIKE,LATENCY_SPIKE,auth-service,python-simulator,17.0,1785952614.7306986,116,0.9881,0.0119,closed,0.2546,25.46,0.2442,3.93,13.0,4.05,5.22,0.0027,3.68,499.3,0.0066,0.0015,0.1965,0.1878,3,98.92,115.79,120.65,5,0.0287,223.55,3,0.0016
live_ep_000036_LATENCY_SPIKE,LATENCY_SPIKE,auth-service,python-simulator,17.5,1785952615.2357912,110,0.9338,0.0662,closed,0.3319,33.19,0.395,5.28,19.66,5.37,10.28,0.0009,18.34,504.1,0.0009,0.0007,0.2609,0.2253,4,79.85,98.37,114.44,9,0.0128,196.41,12,0.0312
live_ep_000036_LATENCY_SPIKE,LATENCY_SPIKE,auth-service,python-simulator,18.0,1785952615.7361372,99,0.88,0.12,closed,0.3594,35.94,0.4009,0.56,31.37,8.07,3.71,0.0021,7.2,482.6,0.0019,0.0017,0.2874,0.22,0,91.56,126.97,127.78,3,0.1,175.46,2,0.0026
live_ep_000036_LATENCY_SPIKE,LATENCY_SPIKE,auth-service,python-simulator,18.5,1785952616.2364845,75,0.9161,0.0839,closed,0.3932,39.32,0.4128,1.14,12.6,5.87,5.39,0.04,3.0,474.3,0.0049,0.0038,0.2747,0.2196,2,94.77,104.41,108.8,14,0.0676,232.82,5,0.0048
live_ep_000036_LATENCY_SPIKE,LATENCY_SPIKE,auth-service,python-simulator,19.0,1785952616.7376597,103,0.9579,0.0421,closed,0.2713,27.13,0.1855,0.5,16.84,3.63,7.43,0.0172,346.85,496.0,0.0025,0.0042,0.1981,0.2716,1,94.08,206.59,390.21,12,0.0249,184.75,1,0.0019
live_ep_000036_LATENCY_SPIKE,LATENCY_SPIKE,auth-service,python-simulator,19.5,1785952617.2404816,37,0.99,0.01,closed,0.3363,33.63,0.2023,2.72,22.31,7.65,6.29,0.0172,3.62,502.5,0.0041,0.0011,0.2054,0.2357,3,86.07,109.06,119.49,12,0.0088,205.64,13,0.0024
live_ep_000036_LATENCY_SPIKE,LATENCY_SPIKE,auth-service,python-simulator,20.0,1785952617.7422068,32,0.99,0.01,closed,0.3768,37.68,0.29,10.81,27.16,4.93,5.25,0.0437,402.43,538.7,0.0013,0.0035,0.3357,0.2613,2,88.55,286.6,459.19,5,0.0159,186.48,6,0.0021
live_ep_000036_LATENCY_SPIKE,LATENCY_SPIKE,auth-service,python-simulator,20.5,1785952618.2480361,39,0.99,0.01,closed,0.3498,34.98,0.2825,6.28,16.52,3.24,6.59,0.0027,3.99,505.3,0.022,0.0033,0.301,0.2071,1,97.7,108.33,128.89,5,0.1,210.39,4,0.0051
live_ep_000036_LATENCY_SPIKE,LATENCY_SPIKE,auth-service,python-simulator,21.0,1785952618.7484763,110,0.9618,0.0382,closed,0.3691,36.91,0.3429,13.07,14.71,2.37,5.07,0.0104,9.48,495.3,0.0163,0.0007,0.2836,0.2483,0,88.61,98.05,116.76,3,0.0401,212.18,14,0.0016
live_ep_000036_LATENCY_SPIKE,LATENCY_SPIKE,auth-service,python-simulator,21.5,1785952619.2488678,22,0.9322,0.0678,closed,0.2811,28.11,0.4502,1.04,16.71,6.73,4.74,0.002,38.46,491.9,0.0052,0.0022,0.2641,0.2957,0,90.82,113.46,113.75,5,0.023,168.51,9,0.0019
live_ep_000036_LATENCY_SPIKE,LATENCY_SPIKE,auth-service,python-simulator,22.0,1785952619.7491837,95,0.99,0.01,closed,0.308,30.8,0.3676,10.35,15.97,2.23,8.53,0.0107,18.07,496.4,0.0039,0.0017,0.1737,0.2413,1,73.27,75.59,108.75,8,0.0236,190.4,4,0.0018
live_ep_000036_LATENCY_SPIKE,LATENCY_SPIKE,auth-service,python-simulator,22.5,1785952620.2506664,52,0.9865,0.0135,closed,0.4625,46.25,0.3152,1.35,21.34,2.56,5.15,0.0254,254.81,535.6,0.0019,0.0037,0.2858,0.2777,0,82.08,275.06,313.08,15,0.0438,217.55,7,0.0043
live_ep_000036_LATENCY_SPIKE,LATENCY_SPIKE,auth-service,python-simulator,23.0,1785952620.7584968,115,0.9012,0.0988,closed,0.3633,36.33,0.2735,2.45,18.59,3.78,5.84,0.0084,2.0,546.7,0.0052,0.0004,0.1665,0.2564,1,91.09,116.36,122.0,18,0.007,192.09,12,0.0046
live_ep_000036_LATENCY_SPIKE,LATENCY_SPIKE,auth-service,python-simulator,23.5,1785952621.2588062,106,0.88,0.12,closed,0.2966,29.66,0.4653,0.5,14.56,5.44,5.31,0.0519,294.57,515.4,0.0171,0.0054,0.2481,0.237,1,99.84,199.46,395.21,12,0.0738,168.06,2,0.0018
live_ep_000036_LATENCY_SPIKE,LATENCY_SPIKE,auth-service,python-simulator,24.0,1785952621.7592075,56,0.9778,0.0222,closed,0.3697,36.97,0.3076,1.88,31.99,6.2,4.84,0.0093,2.89,505.1,0.0003,0.0041,0.2702,0.2085,0,83.47,102.41,120.8,12,0.0062,200.83,13,0.0005
live_ep_000036_LATENCY_SPIKE,LATENCY_SPIKE,auth-service,python-simulator,24.5,1785952622.2597246,48,0.9449,0.0551,closed,0.4223,42.23,0.3326,12.24,24.01,4.8,5.45,0.018,18.56,500.3,0.0076,0.0018,0.2574,0.1935,3,73.68,89.92,103.78,1,0.0114,231.7,14,0.0002
live_ep_000036_LATENCY_SPIKE,LATENCY_SPIKE,auth-service,python-simulator,25.0,1785952622.7600896,52,0.9662,0.0338,closed,0.3832,38.32,0.3488,18.85,25.95,2.61,4.55,0.0127,3.26,501.6,0.0013,0.0009,0.1842,0.2451,1,91.53,102.25,104.06,8,0.0072,225.16,3,0.0043
live_ep_000036_LATENCY_SPIKE,LATENCY_SPIKE,auth-service,python-simulator,25.5,1785952623.2604232,90,0.9359,0.0641,closed,0.4289,42.89,0.4481,4.12,18.62,5.81,6.91,0.0085,4.71,483.7,0.0019,0.0012,0.176,0.2195,2,83.16,92.25,140.3,6,0.0035,150.53,11,0.0026
live_ep_000036_LATENCY_SPIKE,LATENCY_SPIKE,auth-service,python-simulator,26.0,1785952623.7609608,80,0.9736,0.0264,closed,0.2588,25.88,0.2634,0.85,13.02,4.34,8.46,0.0132,286.57,487.0,0.0015,0.0015,0.2673,0.2516,3,93.27,185.49,393.48,10,0.018,201.94,5,0.0087
live_ep_000036_LATENCY_SPIKE,LATENCY_SPIKE,auth-service,python-simulator,26.5,1785952624.2612474,60,0.9797,0.0203,closed,0.3191,31.91,0.3005,3.59,22.72,5.06,6.51,0.0025,11.04,559.5,0.0007,0.0018,0.1818,0.2257,0,95.86,122.62,137.14,14,0.0101,186.83,9,0.0013
live_ep_000036_LATENCY_SPIKE,LATENCY_SPIKE,auth-service,python-simulator,27.0,1785952624.761697,28,0.9892,0.0108,closed,0.3543,35.43,0.2386,7.82,15.11,3.97,2.99,0.0081,13.35,505.4,0.0018,0.0056,0.1031,0.2582,3,80.76,83.52,109.88,10,0.012,176.13,3,0.0036
live_ep_000036_LATENCY_SPIKE,LATENCY_SPIKE,auth-service,python-simulator,27.5,1785952625.261885,62,0.9782,0.0218,closed,0.3545,35.45,0.3423,0.85,34.78,10.62,8.18,0.0131,11.78,519.5,0.0221,0.004,0.2792,0.2352,3,84.47,85.48,119.72,2,0.0191,188.15,6,0.0014
live_ep_000036_LATENCY_SPIKE,LATENCY_SPIKE,auth-service,python-simulator,28.0,1785952625.7631776,38,0.9513,0.0487,closed,0.2764,27.64,0.4543,1.58,21.62,1.76,5.08,0.0047,5.47,535.5,0.0029,0.0003,0.141,0.2569,0,88.25,123.67,129.91,3,0.0077,193.63,0,0.0037
live_ep_000036_LATENCY_SPIKE,LATENCY_SPIKE,auth-service,python-simulator,28.5,1785952626.265058,85,0.9183,0.0817,closed,0.3642,36.42,0.2787,0.5,19.24,5.72,14.26,0.0303,417.76,532.6,0.0009,0.0025,0.2798,0.2379,3,90.76,329.8,475.02,11,0.0134,181.92,12,0.0038
live_ep_000036_LATENCY_SPIKE,LATENCY_SPIKE,auth-service,python-simulator,29.0,1785952626.7654686,26,0.99,0.01,closed,0.3317,33.17,0.4848,1.19,25.85,4.93,5.33,0.0093,38.61,526.3,0.0029,0.0011,0.3004,0.2638,0,96.39,103.21,123.77,17,0.0054,230.69,6,0.0043
live_ep_000036_LATENCY_SPIKE,LATENCY_SPIKE,auth-service,python-simulator,29.5,1785952627.265749,62,0.88,0.12,closed,0.2652,26.52,0.305,7.02,20.28,2.39,8.25,0.0058,2.86,532.3,0.0002,0.0085,0.3068,0.2795,4,85.63,88.65,97.62,18,0.0194,204.5,8,0.0238
live_ep_000036_LATENCY_SPIKE,LATENCY_SPIKE,auth-service,python-simulator,30.0,1785952627.7663074,89,0.88,0.12,closed,0.4183,41.83,0.3353,15.86,17.31,2.08,6.97,0.0109,34.39,496.4,0.0033,0.0017,0.2524,0.2348,4,91.06,117.9,119.89,5,0.0209,201.85,5,0.0084
live_ep_000036_LATENCY_SPIKE,LATENCY_SPIKE,auth-service,python-simulator,30.5,1785952628.266626,96,0.9652,0.0348,closed,0.2534,25.34,0.3063,1.63,23.82,2.79,11.36,0.0074,21.96,503.8,0.0039,0.0013,0.2564,0.1873,1,100.55,144.15,158.83,13,0.0103,192.28,9,0.0096
live_ep_000036_LATENCY_SPIKE,LATENCY_SPIKE,auth-service,python-simulator,31.0,1785952628.7667413,113,0.99,0.01,closed,0.4351,43.51,0.4361,0.63,19.06,5.52,4.24,0.0029,2.34,501.5,0.0077,0.006,0.2581,0.2096,4,92.17,92.82,100.86,14,0.0042,239.23,10,0.0046
live_ep_000036_LATENCY_SPIKE,LATENCY_SPIKE,auth-service,python-simulator,31.5,1785952629.2672832,44,0.99,0.01,closed,0.3739,37.39,0.3583,5.42,32.12,4.45,9.34,0.013,4.43,547.5,0.0025,0.0027,0.2127,0.2622,1,82.05,108.53,116.03,10,0.0214,208.92,12,0.0028
live_ep_000036_LATENCY_SPIKE,LATENCY_SPIKE,auth-service,python-simulator,32.0,1785952629.7674649,20,0.88,0.12,closed,0.3746,37.46,0.2725,0.5,19.8,4.6,8.21,0.0043,2.0,508.4,0.0023,0.001,0.3025,0.2483,1,83.75,86.99,103.79,13,0.0269,233.98,3,0.0003
live_ep_000036_LATENCY_SPIKE,LATENCY_SPIKE,auth-service,python-simulator,32.5,1785952630.2675889,116,0.9489,0.0511,closed,0.3454,34.54,0.3478,6.42,25.51,5.09,6.91,0.0179,2.0,512.5,0.011,0.001,0.3385,0.2539,1,71.29,75.48,95.49,19,0.0518,240.91,4,0.0056
live_ep_000036_LATENCY_SPIKE,LATENCY_SPIKE,auth-service,python-simulator,33.0,1785952630.7680893,62,0.9126,0.0874,closed,0.3492,34.92,0.333,0.5,17.92,5.86,5.35,0.0117,38.18,501.4,0.0026,0.0006,0.3737,0.2067,2,85.18,91.23,102.29,19,0.0031,203.98,4,0.0067
live_ep_000036_LATENCY_SPIKE,LATENCY_SPIKE,auth-service,python-simulator,33.5,1785952631.2684183,67,0.9738,0.0262,closed,0.334,33.4,0.3195,3.45,16.2,4.85,5.04,0.0298,20.33,486.5,0.0019,0.0018,0.1664,0.235,0,99.65,100.88,103.75,3,0.1,177.52,7,0.0003
live_ep_000036_LATENCY_SPIKE,LATENCY_SPIKE,auth-service,python-simulator,34.0,1785952631.7685466,75,0.99,0.01,closed,0.3967,39.67,0.5294,9.15,16.82,2.11,7.52,0.0113,13.26,457.5,0.0016,0.002,0.2397,0.2218,3,84.85,98.91,121.33,14,0.0252,193.2,9,0.0116
live_ep_000036_LATENCY_SPIKE,LATENCY_SPIKE,auth-service,python-simulator,34.5,1785952632.2818186,82,0.9845,0.0155,closed,0.4795,47.95,0.4177,6.66,27.48,2.99,13.02,0.008,12.88,534.6,0.0004,0.0063,0.3365,0.2718,1,85.19,141.04,142.87,11,0.0975,162.13,11,0.0048
live_ep_000036_LATENCY_SPIKE,LATENCY_SPIKE,auth-service,python-simulator,35.0,1785952632.78288,82,0.9841,0.0159,closed,0.3744,37.44,0.3407,0.63,22.04,4.81,7.32,0.0239,222.22,551.9,0.0008,0.0021,0.2958,0.3036,0,93.43,169.18,374.19,9,0.028,229.5,6,0.002
live_ep_000036_LATENCY_SPIKE,LATENCY_SPIKE,auth-service,python-simulator,35.5,1785952633.2834227,100,0.9515,0.0485,closed,0.3972,39.72,0.4675,1.95,10.34,2.51,9.93,0.0051,40.42,498.0,0.0012,0.0004,0.1458,0.2507,3,88.85,90.29,139.76,6,0.0405,195.05,6,0.0023
live_ep_000036_LATENCY_SPIKE,LATENCY_SPIKE,auth-service,python-simulator,36.0,1785952633.783998,26,0.952,0.048,closed,0.3511,35.11,0.2691,1.56,12.27,4.51,6.27,0.0106,5.3,541.3,0.0064,0.0007,0.3159,0.2641,1,96.39,97.8,99.59,17,0.0269,204.59,0,0.0064
live_ep_000036_LATENCY_SPIKE,LATENCY_SPIKE,auth-service,python-simulator,36.5,1785952634.2845798,106,0.9666,0.0334,closed,0.3264,32.64,0.3621,11.42,20.12,4.45,4.99,0.0027,12.59,533.5,0.0007,0.0005,0.2269,0.2724,3,105.27,103.26,95.3,6,0.0231,177.08,6,0.0005
live_ep_000036_LATENCY_SPIKE,LATENCY_SPIKE,auth-service,python-simulator,37.0,1785952634.784995,97,0.99,0.01,closed,0.3153,31.53,0.3658,4.7,15.24,4.66,8.97,0.0052,10.75,498.7,0.0087,0.0046,0.2894,0.2928,0,95.88,101.76,112.35,10,0.0676,225.63,9,0.0035
live_ep_000036_LATENCY_SPIKE,LATENCY_SPIKE,auth-service,python-simulator,37.5,1785952635.2858071,58,0.9455,0.0545,closed,0.3295,32.95,0.5305,8.93,17.6,2.53,5.36,0.004,12.68,527.2,0.005,0.0022,0.3077,0.2763,1,84.11,98.15,107.85,10,0.0514,188.75,11,0.0034
live_ep_000036_LATENCY_SPIKE,LATENCY_SPIKE,auth-service,python-simulator,38.0,1785952635.786007,55,0.9096,0.0904,closed,0.2908,29.08,0.3746,24.45,34.03,4.48,6.74,0.019,2.0,539.4,0.0008,0.0029,0.2819,0.3001,2,97.27,112.45,114.46,15,0.0153,193.8,8,0.004
live_ep_000036_LATENCY_SPIKE,LATENCY_SPIKE,auth-service,python-simulator,38.5,1785952636.2861674,89,0.88,0.12,closed,0.3183,31.83,0.3913,2.53,23.33,6.48,5.2,0.0091,3.01,501.7,0.0041,0.0012,0.2207,0.2298,0,93.73,120.92,132.67,9,0.0449,209.24,7,0.0094
live_ep_000036_LATENCY_SPIKE,LATENCY_SPIKE,auth-service,python-simulator,39.0,1785952636.7863445,80,0.9892,0.0108,closed,0.3813,38.13,0.3893,2.71,15.46,7.69,4.82,0.0173,17.94,436.8,0.0044,0.0021,0.2383,0.1649,2,78.66,96.48,120.56,7,0.0769,230.16,4,0.009
live_ep_000036_LATENCY_SPIKE,LATENCY_SPIKE,auth-service,python-simulator,39.5,1785952637.286678,70,0.9815,0.0185,closed,0.3338,33.38,0.4344,0.6,22.34,3.45,4.16,0.0418,311.09,496.7,0.0006,0.0023,0.332,0.326,4,81.05,329.18,397.37,15,0.033,190.85,14,0.0025
live_ep_000036_LATENCY_SPIKE,LATENCY_SPIKE,auth-service,python-simulator,40.0,1785952637.7871387,89,0.9701,0.0299,closed,0.3377,33.77,0.3508,0.5,21.77,6.85,6.81,0.0042,6.31,526.3,0.0007,0.0031,0.2963,0.2648,3,93.69,99.11,111.75,13,0.0268,196.6,4,0.003
live_ep_000036_LATENCY_SPIKE,LATENCY_SPIKE,auth-service,python-simulator,40.5,1785952638.287625,48,0.9854,0.0146,closed,0.4282,42.82,0.3614,8.84,28.14,3.88,8.96,0.0226,40.02,473.7,0.0025,0.0018,0.289,0.2517,1,82.61,87.09,103.0,6,0.031,180.57,7,0.0055
live_ep_000036_LATENCY_SPIKE,LATENCY_SPIKE,auth-service,python-simulator,41.0,1785952638.7881582,96,0.9791,0.0209,closed,0.2827,28.27,0.325,4.44,20.48,3.54,7.94,0.0017,2.0,506.8,0.0032,0.0012,0.294,0.2809,3,98.93,109.16,140.03,15,0.0034,167.88,7,0.0074
live_ep_000036_LATENCY_SPIKE,LATENCY_SPIKE,auth-service,python-simulator,41.5,1785952639.2888758,47,0.9595,0.0405,closed,0.4212,42.12,0.5162,3.14,20.01,5.34,7.44,0.0019,23.53,535.3,0.0033,0.0083,0.1608,0.2011,0,105.59,107.64,116.35,18,0.0006,206.69,8,0.0038
live_ep_000036_LATENCY_SPIKE,LATENCY_SPIKE,auth-service,python-simulator,42.0,1785952639.7890563,63,0.9266,0.0734,closed,0.3209,32.09,0.3466,5.53,24.78,5.82,4.23,0.003,2.0,521.6,0.0003,0.0003,0.2206,0.2496,0,83.19,83.59,107.76,3,0.0451,188.3,5,0.0016
live_ep_000036_LATENCY_SPIKE,LATENCY_SPIKE,auth-service,python-simulator,42.5,1785952640.289578,112,0.9836,0.0164,closed,0.3423,34.23,0.4834,1.59,25.52,3.31,9.38,0.0363,166.07,543.8,0.001,0.0018,0.3011,0.2882,2,85.69,213.38,262.17,9,0.1,150.6,12,0.0001
live_ep_000036_LATENCY_SPIKE,LATENCY_SPIKE,auth-service,python-simulator,43.0,1785952640.7903028,42,0.9861,0.0139,closed,0.3058,30.58,0.5256,0.5,19.3,4.95,8.14,0.0194,266.32,511.3,0.0052,0.0012,0.2595,0.2307,4,100.34,103.02,344.62,11,0.0323,222.06,2,0.0093
live_ep_000036_LATENCY_SPIKE,LATENCY_SPIKE,auth-service,python-simulator,43.5,1785952641.290762,26,0.88,0.12,closed,0.3481,34.81,0.311,11.8,16.0,4.11,7.28,0.0087,16.39,465.4,0.0041,0.0007,0.2577,0.2369,1,82.3,99.64,118.02,15,0.0258,201.25,11,0.0068
live_ep_000036_LATENCY_SPIKE,LATENCY_SPIKE,auth-service,python-simulator,44.0,1785952641.791002,84,0.9324,0.0676,closed,0.4073,40.73,0.3483,5.07,21.32,2.51,9.12,0.0078,2.0,505.0,0.0069,0.0008,0.3862,0.2169,4,82.57,113.63,118.27,13,0.0315,190.12,13,0.0088
live_ep_000036_LATENCY_SPIKE,LATENCY_SPIKE,auth-service,python-simulator,44.5,1785952642.2913387,115,0.909,0.091,closed,0.4198,41.98,0.4286,13.14,44.46,8.39,8.22,0.0034,12.32,496.2,0.0025,0.0021,0.2884,0.2127,3,98.37,100.48,132.11,5,0.0415,188.77,7,0.0014
live_ep_000036_LATENCY_SPIKE,LATENCY_SPIKE,auth-service,python-simulator,45.0,1785952642.8183959,89,0.99,0.01,closed,0.3418,34.18,0.3154,6.06,21.85,4.24,5.01,0.0123,18.98,484.8,0.0015,0.0025,0.2172,0.2291,3,76.72,112.29,130.12,13,0.1,215.66,8,0.0005
live_ep_000036_LATENCY_SPIKE,LATENCY_SPIKE,auth-service,python-simulator,45.5,1785952643.3295903,41,0.9647,0.0353,closed,0.34,34.0,0.4092,6.57,22.75,4.82,5.0,0.0099,2.0,524.3,0.0086,0.0017,0.2812,0.2319,2,85.49,87.56,132.63,14,0.0557,175.1,0,0.0003
live_ep_000036_LATENCY_SPIKE,LATENCY_SPIKE,auth-service,python-simulator,46.0,1785952643.830009,30,0.982,0.018,closed,0.3416,34.16,0.31,6.03,18.62,4.32,5.57,0.0094,2.0,530.1,0.0017,0.0023,0.2666,0.271,3,96.76,109.88,111.82,10,0.0064,214.79,0,0.0023
live_ep_000036_LATENCY_SPIKE,LATENCY_SPIKE,auth-service,python-simulator,46.5,1785952644.3304255,92,0.9516,0.0484,closed,0.3828,38.28,0.3056,5.52,18.89,6.46,9.27,0.0146,4.85,534.5,0.0185,0.0016,0.2432,0.2604,3,94.46,113.55,133.43,8,0.0822,214.24,7,0.0038
live_ep_000036_LATENCY_SPIKE,LATENCY_SPIKE,auth-service,python-simulator,47.0,1785952644.8305743,119,0.88,0.12,closed,0.3364,33.64,0.3539,6.45,22.87,3.59,3.6,0.0159,19.69,504.0,0.0007,0.0058,0.2721,0.3011,1,86.14,95.5,116.32,9,0.0755,198.95,4,0.0201
live_ep_000036_LATENCY_SPIKE,LATENCY_SPIKE,auth-service,python-simulator,47.5,1785952645.331045,112,0.973,0.027,closed,0.3554,35.54,0.3202,11.57,28.41,6.94,5.48,0.0291,8.55,459.6,0.0044,0.0027,0.241,0.218,3,75.93,98.68,121.07,4,0.0186,180.3,1,0.0011
live_ep_000036_LATENCY_SPIKE,LATENCY_SPIKE,auth-service,python-simulator,48.0,1785952645.8313448,38,0.9282,0.0718,closed,0.3203,32.03,0.4742,1.22,9.06,3.41,4.77,0.0116,16.84,491.8,0.0014,0.0046,0.2454,0.2352,2,85.92,118.84,132.22,19,0.0147,155.35,14,0.0047
live_ep_000036_LATENCY_SPIKE,LATENCY_SPIKE,auth-service,python-simulator,48.5,1785952646.3318098,115,0.99,0.01,closed,0.2585,25.85,0.4104,1.99,15.92,7.12,5.61,0.0071,2.0,510.9,0.0028,0.0006,0.3481,0.2656,4,78.0,88.82,111.04,11,0.0217,210.1,4,0.0005
live_ep_000036_LATENCY_SPIKE,LATENCY_SPIKE,auth-service,python-simulator,49.0,1785952646.831942,58,0.953,0.047,closed,0.3896,38.96,0.3481,3.42,21.52,8.37,7.41,0.0075,60.0,498.6,0.0119,0.0032,0.2061,0.2101,0,85.16,91.52,97.49,19,0.0129,201.16,3,0.0062
live_ep_000036_LATENCY_SPIKE,LATENCY_SPIKE,auth-service,python-simulator,49.5,1785952647.3322427,33,0.9673,0.0327,closed,0.4,40.0,0.4411,0.5,9.98,6.51,4.77,0.0152,16.24,502.6,0.0002,0.0041,0.3381,0.248,0,103.49,112.85,126.71,18,0.006,219.95,5,0.0
live_ep_000036_LATENCY_SPIKE,LATENCY_SPIKE,auth-service,python-simulator,50.0,1785952647.8323932,47,0.903,0.097,closed,0.2791,27.91,0.4045,0.5,16.04,4.54,7.86,0.0086,16.93,496.6,0.0005,0.004,0.3805,0.3129,4,86.2,109.96,110.14,16,0.0415,222.03,5,0.0021
live_ep_000036_LATENCY_SPIKE,LATENCY_SPIKE,auth-service,python-simulator,50.5,1785952648.3326628,36,0.9179,0.0821,closed,0.3148,31.48,0.2838,3.83,24.26,4.41,4.89,0.0081,12.74,528.0,0.0001,0.0014,0.2143,0.3185,1,87.58,103.57,106.33,4,0.0041,206.04,6,0.0022
live_ep_000036_LATENCY_SPIKE,LATENCY_SPIKE,auth-service,python-simulator,51.0,1785952648.8331306,87,0.9753,0.0247,closed,0.395,39.5,0.3252,7.69,28.77,4.64,2.0,0.0187,5.44,513.9,0.0093,0.0039,0.2353,0.2604,4,85.43,89.47,139.46,2,0.0106,223.72,9,0.0065
live_ep_000036_LATENCY_SPIKE,LATENCY_SPIKE,auth-service,python-simulator,51.5,1785952649.333427,29,0.9757,0.0243,closed,0.3589,35.89,0.3514,0.6,17.51,4.31,7.7,0.0219,60.0,523.7,0.0155,0.0033,0.2928,0.2014,1,86.04,113.63,123.15,10,0.0094,209.8,8,0.0057
live_ep_000036_LATENCY_SPIKE,LATENCY_SPIKE,auth-service,python-simulator,52.0,1785952649.8337746,38,0.9623,0.0377,closed,0.2859,28.59,0.3049,19.39,22.43,4.38,14.1,0.0185,30.73,520.1,0.0052,0.0026,0.2953,0.2556,0,93.38,101.67,118.5,17,0.041,237.8,4,0.0026
live_ep_000036_LATENCY_SPIKE,LATENCY_SPIKE,auth-service,python-simulator,52.5,1785952650.3342156,42,0.8928,0.1072,closed,0.3594,35.94,0.1808,0.5,13.29,5.16,5.69,0.0062,10.01,467.4,0.0044,0.0009,0.1939,0.2206,3,96.29,130.61,131.26,9,0.002,164.74,4,0.0007
live_ep_000036_LATENCY_SPIKE,LATENCY_SPIKE,auth-service,python-simulator,53.0,1785952650.8346565,52,0.9889,0.0111,closed,0.3398,33.98,0.3303,1.24,17.34,3.78,4.93,0.0118,16.71,532.9,0.0023,0.0013,0.1681,0.2314,2,95.05,114.31,133.59,13,0.0078,195.69,7,0.0065
live_ep_000036_LATENCY_SPIKE,LATENCY_SPIKE,auth-service,python-simulator,53.5,1785952651.3382425,113,0.9778,0.0222,closed,0.3317,33.17,0.3526,1.16,49.36,2.51,6.01,0.0068,2.57,526.1,0.0051,0.0032,0.1885,0.249,3,85.88,132.25,140.96,19,0.0096,236.87,7,0.0007
live_ep_000036_LATENCY_SPIKE,LATENCY_SPIKE,auth-service,python-simulator,54.0,1785952651.8385708,86,0.99,0.01,closed,0.4022,40.22,0.2513,1.72,29.12,4.72,4.64,0.0012,7.66,532.1,0.0058,0.0023,0.2831,0.2913,4,83.69,109.05,158.33,3,0.0367,199.52,0,0.0023
live_ep_000036_LATENCY_SPIKE,LATENCY_SPIKE,auth-service,python-simulator,54.5,1785952652.338986,41,0.9436,0.0564,closed,0.286,28.6,0.174,4.09,12.98,5.9,8.31,0.009,8.35,536.9,0.0009,0.0012,0.2346,0.2492,1,85.47,95.6,136.75,14,0.0323,197.44,5,0.0011
live_ep_000036_LATENCY_SPIKE,LATENCY_SPIKE,auth-service,python-simulator,55.0,1785952652.8393533,38,0.9612,0.0388,closed,0.314,31.4,0.4432,3.4,29.99,6.05,6.49,0.0196,4.66,513.5,0.009,0.0012,0.3592,0.2654,3,71.13,83.92,124.81,12,0.0193,171.13,14,0.0058
live_ep_000036_LATENCY_SPIKE,LATENCY_SPIKE,auth-service,python-simulator,55.5,1785952653.3395417,78,0.9275,0.0725,closed,0.3612,36.12,0.397,0.78,23.97,5.7,7.18,0.012,7.49,533.1,0.0027,0.0058,0.2624,0.2374,4,80.78,94.74,123.09,16,0.0486,203.23,4,0.0012
live_ep_000036_LATENCY_SPIKE,LATENCY_SPIKE,auth-service,python-simulator,56.0,1785952653.8399732,118,0.9675,0.0325,closed,0.2688,26.88,0.4094,1.13,16.1,2.78,13.69,0.0028,16.97,518.9,0.0009,0.0002,0.3341,0.2218,3,92.85,94.12,114.01,3,0.0204,210.29,11,0.0124
live_ep_000036_LATENCY_SPIKE,LATENCY_SPIKE,auth-service,python-simulator,56.5,1785952654.3400395,39,0.9492,0.0508,closed,0.3442,34.42,0.4217,11.59,28.1,3.42,6.84,0.0071,2.0,503.4,0.0002,0.0004,0.2711,0.2599,1,80.81,85.83,114.94,1,0.0068,170.27,14,0.0009
live_ep_000036_LATENCY_SPIKE,LATENCY_SPIKE,auth-service,python-simulator,57.0,1785952654.840211,108,0.9486,0.0514,closed,0.3032,30.32,0.3076,21.76,16.27,3.16,7.79,0.005,43.63,507.7,0.0055,0.0006,0.2088,0.2546,1,84.61,102.91,108.82,13,0.0211,167.61,3,0.0032
live_ep_000036_LATENCY_SPIKE,LATENCY_SPIKE,auth-service,python-simulator,57.5,1785952655.3404486,90,0.9746,0.0254,closed,0.3603,36.03,0.3695,6.19,20.73,8.57,7.68,0.011,21.34,488.7,0.0054,0.0019,0.1573,0.1828,2,85.99,105.96,119.65,14,0.0309,236.46,13,0.0012
live_ep_000036_LATENCY_SPIKE,LATENCY_SPIKE,auth-service,python-simulator,58.0,1785952655.8408437,105,0.9289,0.0711,closed,0.4091,40.91,0.3322,2.56,22.97,4.61,5.69,0.0104,9.33,460.1,0.019,0.003,0.224,0.1746,0,83.71,96.77,107.52,4,0.033,234.74,8,0.0159
live_ep_000036_LATENCY_SPIKE,LATENCY_SPIKE,auth-service,python-simulator,58.5,1785952656.3412352,77,0.9795,0.0205,closed,0.4879,48.79,0.2898,0.5,17.9,4.33,6.8,0.0101,2.0,466.4,0.0074,0.0019,0.3321,0.1859,4,82.07,97.22,101.75,4,0.0211,198.52,2,0.0002
live_ep_000036_LATENCY_SPIKE,LATENCY_SPIKE,auth-service,python-simulator,59.0,1785952656.842171,90,0.9194,0.0806,closed,0.2282,22.82,0.3118,1.31,17.35,3.44,5.79,0.0078,14.98,503.1,0.0013,0.0011,0.1405,0.2495,3,81.98,100.79,144.83,9,0.046,197.57,12,0.0001
live_ep_000036_LATENCY_SPIKE,LATENCY_SPIKE,auth-service,python-simulator,59.5,1785952657.3423426,26,0.9578,0.0422,closed,0.3582,35.82,0.4851,0.5,16.29,8.09,6.22,0.0484,336.48,499.6,0.0019,0.003,0.263,0.2215,3,87.96,276.2,349.44,11,0.0175,205.55,5,0.0032
live_ep_000037_LATENCY_SPIKE,LATENCY_SPIKE,payment-service,python-simulator,0.0,1785952657.8449378,53,0.9876,0.0124,closed,0.3683,36.83,0.3327,2.07,12.38,2.35,8.67,0.013,2.0,532.9,0.0002,0.0021,0.1998,0.2712,0,100.41,104.88,110.46,19,0.044,199.4,1,0.0078
live_ep_000037_LATENCY_SPIKE,LATENCY_SPIKE,payment-service,python-simulator,0.5,1785952658.3450806,50,0.9467,0.0533,closed,0.3235,32.35,0.3993,0.91,22.11,3.35,6.24,0.0124,10.92,496.3,0.0033,0.0031,0.2231,0.2543,3,92.2,100.32,101.58,17,0.0786,173.93,8,0.0041
live_ep_000037_LATENCY_SPIKE,LATENCY_SPIKE,payment-service,python-simulator,1.0,1785952658.8459442,86,0.99,0.01,closed,0.3103,31.03,0.3536,8.45,18.65,5.11,2.14,0.0073,14.94,513.5,0.0007,0.0019,0.3067,0.2596,0,90.09,118.47,144.28,15,0.0155,252.19,8,0.0103
live_ep_000037_LATENCY_SPIKE,LATENCY_SPIKE,payment-service,python-simulator,1.5,1785952659.346201,99,0.9841,0.0159,closed,0.3533,35.33,0.368,21.92,17.98,6.53,4.79,0.0199,20.09,517.4,0.0015,0.0016,0.2477,0.2062,4,91.49,100.12,108.03,17,0.1,210.77,10,0.0038
live_ep_000037_LATENCY_SPIKE,LATENCY_SPIKE,payment-service,python-simulator,2.0,1785952659.8466961,29,0.9588,0.0412,closed,0.3734,37.34,0.3088,2.26,17.19,5.41,14.53,0.0072,18.68,499.7,0.0152,0.0009,0.2611,0.2174,2,74.48,84.86,90.55,15,0.013,165.55,8,0.0049
live_ep_000037_LATENCY_SPIKE,LATENCY_SPIKE,payment-service,python-simulator,2.5,1785952660.347022,116,0.9642,0.0358,closed,0.2921,29.21,0.4154,4.78,25.48,5.65,13.43,0.0047,11.03,554.1,0.009,0.0042,0.2321,0.2519,4,90.85,91.59,93.76,15,0.0214,222.97,14,0.0116
live_ep_000037_LATENCY_SPIKE,LATENCY_SPIKE,payment-service,python-simulator,3.0,1785952660.847174,32,0.88,0.12,closed,0.3234,32.34,0.3892,2.92,25.18,5.5,3.81,0.0036,60.0,509.1,0.0092,0.0014,0.2381,0.2427,4,86.85,106.05,124.04,9,0.0433,201.46,9,0.0053
live_ep_000037_LATENCY_SPIKE,LATENCY_SPIKE,payment-service,python-simulator,3.5,1785952661.3474355,112,0.9835,0.0165,closed,0.4221,42.21,0.2784,3.77,15.27,9.82,9.51,0.0036,24.43,494.3,0.0075,0.0008,0.2953,0.2026,1,96.59,102.04,109.62,16,0.0021,182.09,4,0.0014
live_ep_000037_LATENCY_SPIKE,LATENCY_SPIKE,payment-service,python-simulator,4.0,1785952661.8476183,72,0.9647,0.0353,closed,0.3564,35.64,0.1726,0.83,30.65,4.14,6.49,0.014,7.6,536.3,0.0002,0.0038,0.2624,0.2417,0,108.14,113.74,115.57,18,0.0029,223.29,14,0.0001
live_ep_000037_LATENCY_SPIKE,LATENCY_SPIKE,payment-service,python-simulator,4.5,1785952662.348736,74,0.88,0.12,closed,0.3627,36.27,0.3605,3.49,26.73,2.07,4.07,0.0129,51.93,518.5,0.0036,0.001,0.3055,0.281,0,79.42,85.98,100.88,9,0.1,181.87,7,0.004
live_ep_000037_LATENCY_SPIKE,LATENCY_SPIKE,payment-service,python-simulator,5.0,1785952662.849007,82,0.9078,0.0922,closed,0.3476,34.76,0.3754,6.5,23.75,2.0,11.75,0.0083,40.4,503.2,0.0121,0.0024,0.3158,0.2828,2,92.94,111.39,121.36,2,0.024,209.4,2,0.0038
live_ep_000037_LATENCY_SPIKE,LATENCY_SPIKE,payment-service,python-simulator,5.5,1785952663.349671,67,0.9196,0.0804,closed,0.3777,37.77,0.4589,1.88,24.58,3.99,7.5,0.0222,167.77,529.8,0.0044,0.0026,0.3107,0.2312,4,89.76,90.22,246.94,5,0.0142,164.16,5,0.0032
live_ep_000037_LATENCY_SPIKE,LATENCY_SPIKE,payment-service,python-simulator,6.0,1785952663.8500283,64,0.9739,0.0261,closed,0.4244,42.44,0.2426,0.55,23.67,4.83,14.3,0.0142,7.91,511.4,0.0033,0.0024,0.3233,0.2632,3,92.46,138.17,160.03,13,0.0188,206.48,13,0.0004
live_ep_000037_LATENCY_SPIKE,LATENCY_SPIKE,payment-service,python-simulator,6.5,1785952664.351846,89,0.88,0.12,closed,0.3994,39.94,0.3181,1.43,26.42,5.49,8.11,0.0016,8.8,518.4,0.0038,0.0006,0.2116,0.2366,4,88.56,106.74,113.97,7,0.1,198.74,14,0.0166
live_ep_000037_LATENCY_SPIKE,LATENCY_SPIKE,payment-service,python-simulator,7.0,1785952664.852474,105,0.88,0.12,closed,0.3859,38.59,0.3896,3.81,20.04,6.28,7.12,0.0061,60.0,501.0,0.003,0.0067,0.3009,0.2565,1,87.64,125.75,137.98,10,0.0118,199.56,12,0.0075
live_ep_000037_LATENCY_SPIKE,LATENCY_SPIKE,payment-service,python-simulator,7.5,1785952665.3737798,57,0.9874,0.0126,closed,0.3722,37.22,0.3699,0.61,21.08,1.63,5.61,0.0105,2.0,499.0,0.0257,0.0007,0.2263,0.2683,2,86.3,89.28,114.14,18,0.0359,201.52,3,0.0007
live_ep_000037_LATENCY_SPIKE,LATENCY_SPIKE,payment-service,python-simulator,8.0,1785952665.8745086,59,0.9698,0.0302,closed,0.3306,33.06,0.3775,8.43,30.34,7.65,4.96,0.0103,34.03,514.0,0.003,0.0017,0.217,0.2494,0,103.53,113.59,123.71,10,0.048,199.4,0,0.015
live_ep_000037_LATENCY_SPIKE,LATENCY_SPIKE,payment-service,python-simulator,8.5,1785952666.3787823,98,0.908,0.092,closed,0.3143,31.43,0.5188,1.43,20.63,3.07,3.03,0.0039,2.89,516.8,0.0067,0.0011,0.306,0.2555,1,80.24,86.12,108.38,9,0.0015,227.62,3,0.0018
live_ep_000037_LATENCY_SPIKE,LATENCY_SPIKE,payment-service,python-simulator,9.0,1785952666.8793316,102,0.9656,0.0344,closed,0.3012,30.12,0.2977,14.85,12.25,3.43,11.58,0.0139,14.32,494.3,0.0044,0.0027,0.3285,0.2131,3,93.34,95.58,109.12,1,0.0264,204.56,11,0.0008
live_ep_000037_LATENCY_SPIKE,LATENCY_SPIKE,payment-service,python-simulator,9.5,1785952667.4041116,114,0.88,0.12,closed,0.3651,36.51,0.2994,9.72,41.37,4.61,5.08,0.0085,10.88,508.4,0.0,0.0004,0.254,0.2553,0,87.56,113.54,144.97,14,0.1,182.21,3,0.0027
live_ep_000037_LATENCY_SPIKE,LATENCY_SPIKE,payment-service,python-simulator,10.0,1785952667.9049249,76,0.99,0.01,closed,0.3038,30.38,0.3908,6.61,24.18,2.04,9.28,0.002,15.81,551.3,0.0081,0.0009,0.1252,0.2833,4,92.8,102.06,114.42,13,0.0024,199.74,5,0.0034
live_ep_000037_LATENCY_SPIKE,LATENCY_SPIKE,payment-service,python-simulator,10.5,1785952668.405302,87,0.88,0.12,closed,0.348,34.8,0.1413,5.3,30.18,3.57,7.37,0.0048,20.27,501.8,0.0033,0.0035,0.2571,0.2372,0,67.98,83.84,128.06,18,0.0581,216.81,13,0.0024
live_ep_000037_LATENCY_SPIKE,LATENCY_SPIKE,payment-service,python-simulator,11.0,1785952668.911218,80,0.99,0.01,closed,0.3216,32.16,0.2258,0.71,28.45,4.49,4.33,0.0243,23.1,462.5,0.0043,0.0012,0.2555,0.2054,3,92.93,103.59,106.25,12,0.0188,176.98,6,0.0002
live_ep_000037_LATENCY_SPIKE,LATENCY_SPIKE,payment-service,python-simulator,11.5,1785952669.4118392,91,0.9543,0.0457,closed,0.3427,34.27,0.3136,14.62,17.82,6.85,2.83,0.0141,14.69,476.6,0.0155,0.0018,0.2479,0.274,1,94.54,117.79,137.55,13,0.0143,198.91,3,0.008
live_ep_000037_LATENCY_SPIKE,LATENCY_SPIKE,payment-service,python-simulator,12.0,1785952669.9124527,22,0.9477,0.0523,closed,0.3462,34.62,0.3505,12.53,18.57,3.65,9.66,0.0039,31.58,528.9,0.0197,0.0048,0.2078,0.2768,1,68.96,90.57,111.98,4,0.0287,208.45,1,0.0036
live_ep_000037_LATENCY_SPIKE,LATENCY_SPIKE,payment-service,python-simulator,12.5,1785952670.4129689,32,0.88,0.12,closed,0.3714,37.14,0.2686,13.55,19.57,4.75,10.95,0.0116,7.25,528.4,0.0023,0.0036,0.2887,0.2929,4,85.28,135.52,148.69,7,0.0225,146.64,6,0.0057
live_ep_000037_LATENCY_SPIKE,LATENCY_SPIKE,payment-service,python-simulator,13.0,1785952670.913126,38,0.9887,0.0113,closed,0.3081,30.81,0.3135,0.9,17.57,3.97,5.68,0.0121,32.82,499.2,0.0093,0.0035,0.2174,0.2133,0,98.22,136.84,144.43,8,0.0034,220.62,8,0.0151
live_ep_000037_LATENCY_SPIKE,LATENCY_SPIKE,payment-service,python-simulator,13.5,1785952671.4136674,38,0.889,0.111,closed,0.3276,32.76,0.2221,3.47,19.94,2.38,7.04,0.0167,5.88,550.2,0.0031,0.0037,0.1832,0.2962,2,97.31,112.66,120.59,15,0.011,191.28,14,0.0018
live_ep_000037_LATENCY_SPIKE,LATENCY_SPIKE,payment-service,python-simulator,14.0,1785952671.9148693,95,0.99,0.01,closed,0.3256,32.56,0.3267,1.2,11.84,8.86,4.25,0.0062,2.0,515.4,0.0098,0.0021,0.2773,0.2228,4,97.77,117.02,134.4,7,0.0895,230.59,14,0.0139
live_ep_000037_LATENCY_SPIKE,LATENCY_SPIKE,payment-service,python-simulator,14.5,1785952672.4150958,86,0.9656,0.0344,closed,0.4003,40.03,0.4262,11.01,21.1,4.6,10.1,0.0087,2.0,533.2,0.001,0.0018,0.2166,0.2488,2,81.82,83.76,120.88,13,0.068,152.54,1,0.0082
live_ep_000037_LATENCY_SPIKE,LATENCY_SPIKE,payment-service,python-simulator,15.0,1785952672.9153268,42,0.908,0.092,closed,0.2627,26.27,0.243,5.9,17.16,5.02,6.22,0.0038,23.8,507.1,0.0082,0.0003,0.2293,0.2514,0,95.99,110.24,115.02,8,0.0326,162.39,12,0.0053
live_ep_000037_LATENCY_SPIKE,LATENCY_SPIKE,payment-service,python-simulator,15.5,1785952673.4158258,104,0.88,0.12,closed,0.3252,32.52,0.2881,6.25,35.95,2.0,7.87,0.0061,22.02,528.0,0.0053,0.0014,0.3579,0.2512,4,99.35,106.15,107.46,13,0.0729,242.35,7,0.0031
live_ep_000037_LATENCY_SPIKE,LATENCY_SPIKE,payment-service,python-simulator,16.0,1785952673.9159596,56,0.963,0.037,closed,0.3684,36.84,0.2996,0.5,21.0,4.0,7.05,0.0021,15.83,499.8,0.0096,0.0003,0.2644,0.2711,3,89.1,101.18,130.83,13,0.0065,204.22,9,0.0013
live_ep_000037_LATENCY_SPIKE,LATENCY_SPIKE,payment-service,python-simulator,16.5,1785952674.4169867,32,0.9374,0.0626,closed,0.3689,36.89,0.3602,4.76,15.49,3.7,6.73,0.0275,231.6,512.0,0.0072,0.0026,0.2569,0.1898,3,92.5,111.24,295.78,4,0.0005,216.56,12,0.0035
live_ep_000037_LATENCY_SPIKE,LATENCY_SPIKE,payment-service,python-simulator,17.0,1785952674.9176505,84,0.9443,0.0557,closed,0.3045,30.45,0.461,18.13,34.37,4.74,8.94,0.0149,27.69,517.0,0.0126,0.0014,0.2985,0.237,3,86.25,87.95,107.13,17,0.0791,194.94,10,0.028
live_ep_000037_LATENCY_SPIKE,LATENCY_SPIKE,payment-service,python-simulator,17.5,1785952675.4181347,116,0.989,0.011,closed,0.3092,30.92,0.4179,2.48,25.12,4.7,6.22,0.01,19.67,497.7,0.0037,0.0025,0.166,0.2492,3,98.59,111.57,139.01,8,0.0011,178.11,3,0.0095
live_ep_000037_LATENCY_SPIKE,LATENCY_SPIKE,payment-service,python-simulator,18.0,1785952675.9185555,119,0.9843,0.0157,closed,0.3511,35.11,0.4394,0.5,17.74,3.61,7.89,0.0076,11.32,524.1,0.0075,0.0119,0.2449,0.2808,0,78.92,84.14,135.21,2,0.0071,215.85,8,0.0056
live_ep_000037_LATENCY_SPIKE,LATENCY_SPIKE,payment-service,python-simulator,18.5,1785952676.418967,71,0.9619,0.0381,closed,0.3643,36.43,0.1891,2.71,26.79,2.24,9.51,0.0104,16.4,513.2,0.0193,0.0071,0.332,0.2309,0,88.25,107.48,126.34,11,0.0261,260.7,1,0.004
live_ep_000037_LATENCY_SPIKE,LATENCY_SPIKE,payment-service,python-simulator,19.0,1785952676.9193375,48,0.9832,0.0168,closed,0.2621,26.21,0.4343,0.5,16.2,15.69,9.17,0.0201,15.03,490.8,0.0015,0.0015,0.2462,0.29,4,84.93,108.86,115.08,17,0.0504,215.66,14,0.0063
live_ep_000037_LATENCY_SPIKE,LATENCY_SPIKE,payment-service,python-simulator,19.5,1785952677.419924,65,0.8953,0.1047,closed,0.2995,29.95,0.2745,4.49,32.67,3.57,9.03,0.0422,128.85,509.9,0.0025,0.0031,0.226,0.2163,2,92.34,165.59,200.0,13,0.0126,204.97,7,0.0217
live_ep_000037_LATENCY_SPIKE,LATENCY_SPIKE,payment-service,python-simulator,20.0,1785952677.920217,116,0.9378,0.0622,closed,0.3675,36.75,0.4353,2.82,25.82,1.45,8.99,0.0072,28.74,525.1,0.0033,0.0015,0.2179,0.2921,2,100.81,104.75,107.4,5,0.0329,190.69,4,0.0019
live_ep_000037_LATENCY_SPIKE,LATENCY_SPIKE,payment-service,python-simulator,20.5,1785952678.4218721,50,0.9626,0.0374,closed,0.3451,34.51,0.3152,0.5,22.17,3.58,7.12,0.0386,434.21,539.9,0.0018,0.0043,0.1805,0.3077,1,92.88,344.54,570.18,16,0.0243,218.47,5,0.0036
live_ep_000037_LATENCY_SPIKE,LATENCY_SPIKE,payment-service,python-simulator,21.0,1785952678.924757,42,0.9295,0.0705,closed,0.3702,37.02,0.332,5.81,22.93,8.29,6.73,0.0179,7.24,529.0,0.0037,0.0012,0.1688,0.2857,1,102.61,108.42,109.28,11,0.0046,214.91,4,0.0024
live_ep_000037_LATENCY_SPIKE,LATENCY_SPIKE,payment-service,python-simulator,21.5,1785952679.426549,84,0.9764,0.0236,closed,0.2922,29.22,0.3611,1.66,41.23,7.49,4.03,0.0137,18.49,536.3,0.0024,0.0027,0.1765,0.2788,2,96.25,100.77,117.98,19,0.0231,179.06,5,0.014
live_ep_000037_LATENCY_SPIKE,LATENCY_SPIKE,payment-service,python-simulator,22.0,1785952679.928149,62,0.9302,0.0698,closed,0.3926,39.26,0.353,4.9,36.5,3.95,15.61,0.004,22.13,495.9,0.0001,0.0023,0.3194,0.2176,4,97.41,105.72,124.44,15,0.0103,161.21,3,0.0054
live_ep_000037_LATENCY_SPIKE,LATENCY_SPIKE,payment-service,python-simulator,22.5,1785952680.4286373,20,0.9435,0.0565,closed,0.3507,35.07,0.3545,4.77,24.09,6.1,6.69,0.0093,36.43,497.6,0.0011,0.0031,0.2163,0.2439,1,91.41,116.16,134.63,9,0.1,196.8,3,0.0016
live_ep_000037_LATENCY_SPIKE,LATENCY_SPIKE,payment-service,python-simulator,23.0,1785952680.9288228,23,0.9415,0.0585,closed,0.4404,44.04,0.2546,0.5,13.56,5.08,7.03,0.0056,2.0,514.7,0.0063,0.0049,0.1392,0.2416,3,77.4,111.65,119.41,8,0.1,165.34,1,0.0002
live_ep_000037_LATENCY_SPIKE,LATENCY_SPIKE,payment-service,python-simulator,23.5,1785952681.4291003,21,0.9881,0.0119,closed,0.4285,42.85,0.2144,5.82,30.14,3.91,5.3,0.0234,44.01,517.9,0.0035,0.0019,0.2279,0.3128,4,84.73,96.1,134.66,16,0.0329,223.71,1,0.0048
live_ep_000037_LATENCY_SPIKE,LATENCY_SPIKE,payment-service,python-simulator,24.0,1785952681.9304972,69,0.8871,0.1129,closed,0.2722,27.22,0.3079,1.44,22.72,5.13,3.1,0.008,4.32,525.4,0.0012,0.0025,0.2665,0.2615,1,93.82,120.42,128.32,0,0.1,196.49,7,0.003
live_ep_000037_LATENCY_SPIKE,LATENCY_SPIKE,payment-service,python-simulator,24.5,1785952682.4306529,77,0.9806,0.0194,closed,0.2877,28.77,0.3456,0.56,29.74,2.12,3.06,0.0083,2.0,540.0,0.0008,0.0007,0.3389,0.2865,2,97.4,105.08,108.05,8,0.0011,206.28,6,0.0148
live_ep_000037_LATENCY_SPIKE,LATENCY_SPIKE,payment-service,python-simulator,25.0,1785952682.9311974,111,0.8996,0.1004,closed,0.3636,36.36,0.2712,9.95,13.11,4.76,6.9,0.0006,40.72,543.1,0.0072,0.0026,0.1878,0.2635,1,99.48,106.31,149.09,17,0.011,218.67,0,0.004
live_ep_000037_LATENCY_SPIKE,LATENCY_SPIKE,payment-service,python-simulator,25.5,1785952683.4314492,113,0.99,0.01,closed,0.3241,32.41,0.3626,1.56,25.75,3.88,3.5,0.0357,474.7,505.5,0.0117,0.0027,0.1398,0.2702,1,93.35,463.29,499.08,9,0.1,208.41,7,0.0022
live_ep_000037_LATENCY_SPIKE,LATENCY_SPIKE,payment-service,python-simulator,26.0,1785952683.9320817,95,0.9837,0.0163,closed,0.2577,25.77,0.322,7.12,13.39,1.8,7.77,0.0116,8.11,503.8,0.0003,0.0011,0.2184,0.2769,0,89.29,91.29,108.39,3,0.0206,229.44,3,0.001
live_ep_000037_LATENCY_SPIKE,LATENCY_SPIKE,payment-service,python-simulator,26.5,1785952684.4324787,104,0.9251,0.0749,closed,0.3639,36.39,0.2986,4.93,11.67,3.48,5.59,0.0063,12.33,539.5,0.0121,0.002,0.1717,0.3194,3,83.33,120.17,129.53,14,0.006,223.47,6,0.0011
live_ep_000037_LATENCY_SPIKE,LATENCY_SPIKE,payment-service,python-simulator,27.0,1785952684.9330373,32,0.9702,0.0298,closed,0.3694,36.94,0.4373,4.11,13.6,2.43,6.39,0.0046,20.55,530.0,0.001,0.0027,0.2493,0.2264,0,86.78,99.71,122.6,16,0.0348,172.03,14,0.0004
live_ep_000037_LATENCY_SPIKE,LATENCY_SPIKE,payment-service,python-simulator,27.5,1785952685.4334936,35,0.985,0.015,closed,0.4098,40.98,0.305,0.5,22.59,6.61,5.54,0.0088,3.2,549.9,0.0094,0.0027,0.3495,0.2978,4,86.61,89.66,143.08,10,0.0166,164.54,7,0.0003
live_ep_000037_LATENCY_SPIKE,LATENCY_SPIKE,payment-service,python-simulator,28.0,1785952685.933679,103,0.9631,0.0369,closed,0.4612,46.12,0.4179,3.49,19.39,3.69,5.67,0.0071,33.49,512.1,0.0056,0.001,0.275,0.2163,2,90.65,120.51,133.73,19,0.0642,190.58,11,0.002
live_ep_000037_LATENCY_SPIKE,LATENCY_SPIKE,payment-service,python-simulator,28.5,1785952686.434182,83,0.9704,0.0296,closed,0.3534,35.34,0.3478,1.47,20.86,2.4,4.43,0.0107,37.75,501.1,0.0037,0.0061,0.2867,0.2689,1,103.21,108.75,111.05,8,0.0157,194.38,4,0.0018
live_ep_000037_LATENCY_SPIKE,LATENCY_SPIKE,payment-service,python-simulator,29.0,1785952686.9346282,77,0.9532,0.0468,closed,0.371,37.1,0.4345,8.59,18.86,5.61,6.11,0.0092,2.0,513.9,0.0019,0.0071,0.2452,0.2902,4,92.07,121.08,130.21,1,0.0176,201.12,5,0.0146
live_ep_000037_LATENCY_SPIKE,LATENCY_SPIKE,payment-service,python-simulator,29.5,1785952687.4348476,91,0.9694,0.0306,closed,0.3793,37.93,0.394,1.25,10.69,4.01,2.71,0.0052,7.38,505.3,0.0017,0.0015,0.3434,0.2388,0,93.08,112.0,120.97,3,0.0443,179.52,5,0.0126
live_ep_000037_LATENCY_SPIKE,LATENCY_SPIKE,payment-service,python-simulator,30.0,1785952687.9351878,37,0.9504,0.0496,closed,0.3804,38.04,0.1918,9.42,29.76,7.37,7.47,0.0101,3.2,515.9,0.0124,0.0006,0.1945,0.2341,4,87.0,121.28,124.33,0,0.0114,203.6,7,0.0096
live_ep_000037_LATENCY_SPIKE,LATENCY_SPIKE,payment-service,python-simulator,30.5,1785952688.435803,54,0.88,0.12,closed,0.3956,39.56,0.3915,12.11,25.42,8.09,3.49,0.0077,23.08,473.4,0.003,0.0012,0.158,0.2508,0,90.62,101.0,113.91,14,0.0086,194.92,14,0.0031
live_ep_000037_LATENCY_SPIKE,LATENCY_SPIKE,payment-service,python-simulator,31.0,1785952688.9385693,49,0.9391,0.0609,closed,0.2932,29.32,0.3507,14.48,18.68,6.61,6.52,0.0388,174.45,481.3,0.008,0.0047,0.2155,0.2337,4,92.51,206.79,235.11,8,0.0123,198.8,11,0.0061
live_ep_000037_LATENCY_SPIKE,LATENCY_SPIKE,payment-service,python-simulator,31.5,1785952689.4390314,108,0.9093,0.0907,closed,0.3749,37.49,0.4373,7.21,19.9,9.05,7.9,0.0039,13.99,475.6,0.0019,0.0021,0.226,0.251,3,83.92,114.95,132.48,9,0.0008,178.28,4,0.0074
live_ep_000037_LATENCY_SPIKE,LATENCY_SPIKE,payment-service,python-simulator,32.0,1785952689.9397774,70,0.989,0.011,closed,0.5026,50.26,0.3466,8.72,23.6,5.25,3.27,0.0132,27.56,511.8,0.0079,0.0043,0.1064,0.2535,1,98.92,104.63,106.38,12,0.0679,142.07,2,0.0056
live_ep_000037_LATENCY_SPIKE,LATENCY_SPIKE,payment-service,python-simulator,32.5,1785952690.4401186,37,0.9066,0.0934,closed,0.2915,29.15,0.2554,1.12,16.31,8.69,3.0,0.0291,202.62,498.2,0.0008,0.0046,0.2408,0.2998,1,92.7,98.2,298.27,11,0.0116,201.06,9,0.005
live_ep_000037_LATENCY_SPIKE,LATENCY_SPIKE,payment-service,python-simulator,33.0,1785952690.9405782,48,0.99,0.01,closed,0.3946,39.46,0.4912,0.92,16.6,4.87,5.62,0.0446,184.82,527.6,0.0003,0.0114,0.2289,0.2524,0,89.77,132.18,231.93,1,0.0147,184.17,11,0.0009
live_ep_000037_LATENCY_SPIKE,LATENCY_SPIKE,payment-service,python-simulator,33.5,1785952691.4411137,59,0.9451,0.0549,closed,0.3831,38.31,0.2997,4.74,17.3,3.77,4.75,0.0052,21.13,514.3,0.0008,0.0005,0.1183,0.2481,0,101.43,104.95,107.19,12,0.0018,178.98,14,0.0006
live_ep_000037_LATENCY_SPIKE,LATENCY_SPIKE,payment-service,python-simulator,34.0,1785952691.941575,114,0.9556,0.0444,closed,0.3221,32.21,0.4011,5.83,18.86,5.46,7.83,0.0068,3.87,504.3,0.0048,0.0017,0.2959,0.2469,4,91.39,114.81,123.28,10,0.0684,208.8,3,0.0136
live_ep_000037_LATENCY_SPIKE,LATENCY_SPIKE,payment-service,python-simulator,34.5,1785952692.4420617,67,0.9586,0.0414,closed,0.3815,38.15,0.3641,8.47,22.93,2.97,10.71,0.0237,315.44,555.8,0.002,0.0024,0.3469,0.2456,3,90.23,410.44,432.46,16,0.0103,224.43,11,0.0041
live_ep_000037_LATENCY_SPIKE,LATENCY_SPIKE,payment-service,python-simulator,35.0,1785952692.9422014,110,0.9644,0.0356,closed,0.2886,28.86,0.4059,3.33,22.04,4.24,4.03,0.0034,13.99,549.7,0.0049,0.0007,0.2317,0.2716,1,90.96,115.87,134.72,3,0.0279,227.41,9,0.0014
live_ep_000037_LATENCY_SPIKE,LATENCY_SPIKE,payment-service,python-simulator,35.5,1785952693.4429042,80,0.99,0.01,closed,0.3637,36.37,0.286,6.97,16.83,6.43,7.73,0.0142,3.02,536.3,0.0007,0.0019,0.2185,0.219,2,97.1,101.99,114.38,11,0.0169,213.38,0,0.0132
live_ep_000037_LATENCY_SPIKE,LATENCY_SPIKE,payment-service,python-simulator,36.0,1785952693.9450936,96,0.971,0.029,closed,0.2629,26.29,0.4738,7.01,29.21,3.99,12.39,0.0175,60.0,483.1,0.0069,0.0011,0.2212,0.2252,0,88.55,88.88,96.15,1,0.0036,223.46,10,0.0005
live_ep_000037_LATENCY_SPIKE,LATENCY_SPIKE,payment-service,python-simulator,36.5,1785952694.448234,35,0.9667,0.0333,closed,0.389,38.9,0.3861,4.19,23.8,5.57,5.05,0.0011,2.0,461.1,0.0108,0.0002,0.1702,0.2336,2,96.94,117.46,126.71,3,0.1,236.74,2,0.0009
live_ep_000037_LATENCY_SPIKE,LATENCY_SPIKE,payment-service,python-simulator,37.0,1785952694.9485166,59,0.9397,0.0603,closed,0.3327,33.27,0.3491,3.64,18.86,7.16,3.56,0.0133,30.66,528.2,0.0016,0.0034,0.2056,0.2431,4,87.39,102.09,108.16,15,0.1,190.28,2,0.0035
live_ep_000037_LATENCY_SPIKE,LATENCY_SPIKE,payment-service,python-simulator,37.5,1785952695.4488804,72,0.8988,0.1012,closed,0.4146,41.46,0.4858,1.41,20.54,5.65,4.84,0.0336,293.98,513.7,0.0077,0.0054,0.3008,0.2821,3,95.47,370.33,391.72,1,0.0037,205.42,12,0.0023
live_ep_000037_LATENCY_SPIKE,LATENCY_SPIKE,payment-service,python-simulator,38.0,1785952695.9489338,32,0.9802,0.0198,closed,0.3358,33.58,0.2851,7.07,23.81,6.22,5.96,0.0204,2.09,506.0,0.006,0.0022,0.3165,0.3144,4,75.81,93.61,96.53,6,0.0382,211.09,9,0.0009
live_ep_000037_LATENCY_SPIKE,LATENCY_SPIKE,payment-service,python-simulator,38.5,1785952696.4492857,94,0.88,0.12,closed,0.3614,36.14,0.393,2.21,18.66,3.87,5.07,0.0016,34.27,505.9,0.0094,0.0009,0.1903,0.2097,1,86.43,100.07,121.91,4,0.0268,199.64,8,0.0043
live_ep_000037_LATENCY_SPIKE,LATENCY_SPIKE,payment-service,python-simulator,39.0,1785952696.9497678,82,0.8934,0.1066,closed,0.3381,33.81,0.4409,11.31,15.94,3.92,4.73,0.0067,2.55,530.0,0.0127,0.0047,0.2668,0.2487,4,97.3,119.15,119.45,1,0.0188,211.01,11,0.0138
live_ep_000037_LATENCY_SPIKE,LATENCY_SPIKE,payment-service,python-simulator,39.5,1785952697.4503496,28,0.8891,0.1109,closed,0.3356,33.56,0.2245,0.5,23.97,5.32,2.48,0.0125,6.04,492.1,0.007,0.0007,0.163,0.2726,4,80.66,108.67,134.65,19,0.0539,214.43,14,0.0018
live_ep_000037_LATENCY_SPIKE,LATENCY_SPIKE,payment-service,python-simulator,40.0,1785952697.9506605,103,0.99,0.01,closed,0.3523,35.23,0.3721,2.68,16.33,2.49,6.48,0.0097,2.73,512.3,0.0025,0.0008,0.2032,0.2451,2,89.77,103.62,124.48,17,0.0045,175.39,8,0.0129
live_ep_000037_LATENCY_SPIKE,LATENCY_SPIKE,payment-service,python-simulator,40.5,1785952698.4510033,92,0.9878,0.0122,closed,0.3659,36.59,0.4044,7.88,14.37,2.9,4.05,0.043,358.89,508.8,0.0029,0.0046,0.2826,0.2525,4,83.66,117.37,380.01,18,0.0081,211.75,6,0.0027
live_ep_000037_LATENCY_SPIKE,LATENCY_SPIKE,payment-service,python-simulator,41.0,1785952698.9512334,91,0.9784,0.0216,closed,0.3844,38.44,0.5079,0.98,11.78,2.98,8.12,0.0029,3.39,488.8,0.0006,0.0009,0.2434,0.2553,0,95.24,98.86,105.27,6,0.0429,191.43,9,0.0006
live_ep_000037_LATENCY_SPIKE,LATENCY_SPIKE,payment-service,python-simulator,41.5,1785952699.4522252,43,0.9461,0.0539,closed,0.2933,29.33,0.341,10.01,10.72,3.33,5.68,0.0039,36.78,521.5,0.0013,0.0007,0.095,0.2525,0,90.9,94.32,98.87,8,0.0285,195.97,1,0.0032
live_ep_000037_LATENCY_SPIKE,LATENCY_SPIKE,payment-service,python-simulator,42.0,1785952699.9532824,113,0.9742,0.0258,closed,0.3852,38.52,0.2971,6.31,22.47,4.01,4.72,0.0113,15.28,514.0,0.0092,0.0008,0.2571,0.2969,2,90.3,104.16,132.83,14,0.0021,190.88,12,0.0005
live_ep_000037_LATENCY_SPIKE,LATENCY_SPIKE,payment-service,python-simulator,42.5,1785952700.4532816,83,0.9531,0.0469,closed,0.3588,35.88,0.4035,2.86,20.23,5.13,5.56,0.0149,10.9,494.7,0.0043,0.0014,0.1994,0.2709,3,83.72,109.33,124.03,19,0.0358,201.94,14,0.0008
live_ep_000037_LATENCY_SPIKE,LATENCY_SPIKE,payment-service,python-simulator,43.0,1785952700.9540644,40,0.895,0.105,closed,0.3328,33.28,0.2968,0.92,25.68,4.86,4.81,0.0048,7.09,506.8,0.0009,0.0006,0.1772,0.2134,1,74.69,111.67,155.83,13,0.0221,195.59,3,0.0141
live_ep_000037_LATENCY_SPIKE,LATENCY_SPIKE,payment-service,python-simulator,43.5,1785952701.455126,78,0.99,0.01,closed,0.4048,40.48,0.2524,10.04,16.56,6.63,3.76,0.0054,10.24,490.2,0.0075,0.0008,0.3104,0.2231,2,88.41,97.9,129.62,15,0.0407,194.47,1,0.007
live_ep_000037_LATENCY_SPIKE,LATENCY_SPIKE,payment-service,python-simulator,44.0,1785952701.9554968,85,0.9809,0.0191,closed,0.3592,35.92,0.3991,0.5,16.56,8.3,15.66,0.0154,14.14,528.5,0.0108,0.0096,0.202,0.2919,1,86.82,90.43,110.27,13,0.0497,218.04,9,0.0168
live_ep_000037_LATENCY_SPIKE,LATENCY_SPIKE,payment-service,python-simulator,44.5,1785952702.4556148,83,0.99,0.01,closed,0.403,40.3,0.2898,1.48,16.05,3.61,5.45,0.0076,23.41,519.6,0.0016,0.0023,0.1924,0.2409,0,91.0,95.62,105.22,13,0.0656,217.71,5,0.0079
live_ep_000037_LATENCY_SPIKE,LATENCY_SPIKE,payment-service,python-simulator,45.0,1785952702.9557238,114,0.99,0.01,closed,0.3095,30.95,0.2767,9.72,25.3,3.47,6.34,0.0086,14.9,550.2,0.0049,0.0015,0.2388,0.2393,2,80.16,112.36,128.35,16,0.0412,205.14,6,0.001
live_ep_000037_LATENCY_SPIKE,LATENCY_SPIKE,payment-service,python-simulator,45.5,1785952703.4562933,42,0.99,0.01,closed,0.2001,20.01,0.4419,2.63,22.93,1.68,7.71,0.0108,22.27,540.1,0.003,0.0029,0.2977,0.2399,0,90.52,97.4,110.68,13,0.003,185.82,14,0.0176
live_ep_000037_LATENCY_SPIKE,LATENCY_SPIKE,payment-service,python-simulator,46.0,1785952703.9566524,79,0.88,0.12,closed,0.3457,34.57,0.3818,6.9,28.21,2.34,8.29,0.0038,2.0,537.0,0.0055,0.0037,0.2377,0.2248,2,96.85,111.2,133.73,17,0.0569,150.67,13,0.0032
live_ep_000037_LATENCY_SPIKE,LATENCY_SPIKE,payment-service,python-simulator,46.5,1785952704.4572039,31,0.9613,0.0387,closed,0.3767,37.67,0.3792,1.96,20.53,4.06,11.25,0.0192,6.34,479.5,0.0023,0.0063,0.2397,0.2343,3,82.81,100.55,127.82,0,0.1,171.63,1,0.0025
live_ep_000037_LATENCY_SPIKE,LATENCY_SPIKE,payment-service,python-simulator,47.0,1785952704.9576244,25,0.9608,0.0392,closed,0.2909,29.09,0.2944,12.67,18.81,2.93,5.76,0.0062,20.6,525.8,0.0069,0.0024,0.1792,0.2295,3,89.12,99.46,104.47,11,0.0069,199.54,13,0.0028
live_ep_000037_LATENCY_SPIKE,LATENCY_SPIKE,payment-service,python-simulator,47.5,1785952705.4583986,53,0.9873,0.0127,closed,0.2632,26.32,0.2816,6.76,14.19,3.94,9.64,0.0069,32.99,528.5,0.0196,0.0014,0.346,0.2439,4,81.92,97.6,113.94,10,0.0057,211.32,4,0.0031
live_ep_000037_LATENCY_SPIKE,LATENCY_SPIKE,payment-service,python-simulator,48.0,1785952705.9585433,44,0.9207,0.0793,closed,0.2767,27.67,0.3452,0.5,16.24,2.42,3.04,0.0011,8.5,474.8,0.0039,0.0003,0.3325,0.2403,3,92.42,94.31,98.72,10,0.1,218.84,7,0.0103
live_ep_000037_LATENCY_SPIKE,LATENCY_SPIKE,payment-service,python-simulator,48.5,1785952706.4586267,96,0.99,0.01,closed,0.2946,29.46,0.4521,4.64,17.18,3.67,4.22,0.0083,6.75,474.0,0.0113,0.0019,0.2,0.2201,4,108.59,104.93,98.54,4,0.0038,184.79,14,0.0056
live_ep_000037_LATENCY_SPIKE,LATENCY_SPIKE,payment-service,python-simulator,49.0,1785952706.9592078,86,0.9341,0.0659,closed,0.3868,38.68,0.2657,8.92,26.3,3.46,8.73,0.0244,51.58,509.5,0.001,0.002,0.3375,0.2534,2,95.98,97.28,106.02,5,0.0596,228.68,6,0.0026
live_ep_000037_LATENCY_SPIKE,LATENCY_SPIKE,payment-service,python-simulator,49.5,1785952707.4597344,30,0.9603,0.0397,closed,0.3666,36.66,0.4707,0.73,12.87,5.28,4.58,0.0046,2.0,481.2,0.0016,0.0019,0.2577,0.3115,3,93.39,124.39,125.61,4,0.0297,212.14,0,0.0027
live_ep_000037_LATENCY_SPIKE,LATENCY_SPIKE,payment-service,python-simulator,50.0,1785952707.9601228,101,0.99,0.01,closed,0.3535,35.35,0.3218,1.81,15.99,4.35,4.64,0.015,50.66,504.9,0.0024,0.0019,0.1866,0.2054,3,93.59,96.52,100.38,19,0.0505,149.83,8,0.0023
live_ep_000037_LATENCY_SPIKE,LATENCY_SPIKE,payment-service,python-simulator,50.5,1785952708.4603992,67,0.9074,0.0926,closed,0.3695,36.95,0.2479,11.91,24.07,2.95,4.57,0.0069,3.16,542.1,0.0092,0.0008,0.2273,0.2292,4,84.43,86.25,97.32,2,0.0312,230.34,0,0.0163
live_ep_000037_LATENCY_SPIKE,LATENCY_SPIKE,payment-service,python-simulator,51.0,1785952708.9608104,54,0.9615,0.0385,closed,0.3149,31.49,0.284,0.87,18.17,4.41,3.38,0.007,22.12,519.1,0.0003,0.0031,0.2501,0.2473,2,94.56,125.25,131.68,13,0.0174,216.7,6,0.006
live_ep_000037_LATENCY_SPIKE,LATENCY_SPIKE,payment-service,python-simulator,51.5,1785952709.4615939,44,0.9847,0.0153,closed,0.212,21.2,0.3076,8.92,25.88,2.23,6.64,0.0041,14.47,512.2,0.0022,0.0006,0.1803,0.2609,4,82.55,92.03,116.1,1,0.0624,220.22,13,0.0039
live_ep_000037_LATENCY_SPIKE,LATENCY_SPIKE,payment-service,python-simulator,52.0,1785952709.9620457,32,0.9658,0.0342,closed,0.2547,25.47,0.2292,1.5,20.47,4.61,2.57,0.0088,30.03,490.0,0.004,0.0069,0.1573,0.1775,1,90.26,101.77,125.56,13,0.0735,179.76,7,0.002
live_ep_000037_LATENCY_SPIKE,LATENCY_SPIKE,payment-service,python-simulator,52.5,1785952710.463041,37,0.9622,0.0378,closed,0.3106,31.06,0.2904,2.94,24.9,3.96,7.67,0.0082,40.31,491.4,0.0016,0.0051,0.1659,0.2246,0,94.69,95.29,112.84,2,0.0138,182.89,14,0.0002
live_ep_000037_LATENCY_SPIKE,LATENCY_SPIKE,payment-service,python-simulator,53.0,1785952710.9633808,50,0.9567,0.0433,closed,0.4114,41.14,0.2897,1.8,33.04,2.37,6.14,0.0092,7.36,502.5,0.0036,0.0008,0.229,0.3049,3,83.09,95.51,134.07,12,0.0065,195.6,13,0.0006
live_ep_000037_LATENCY_SPIKE,LATENCY_SPIKE,payment-service,python-simulator,53.5,1785952711.4635932,20,0.99,0.01,closed,0.3216,32.16,0.3026,1.84,13.15,5.62,5.71,0.0134,2.37,501.8,0.0038,0.0024,0.3075,0.2356,4,96.1,109.73,125.12,3,0.0343,217.9,13,0.002
live_ep_000037_LATENCY_SPIKE,LATENCY_SPIKE,payment-service,python-simulator,54.0,1785952711.9640882,20,0.99,0.01,closed,0.3107,31.07,0.3124,2.55,15.04,2.99,5.27,0.0159,13.97,506.6,0.0015,0.0026,0.3306,0.2563,4,95.18,97.68,125.55,18,0.0191,203.43,2,0.0042
live_ep_000037_LATENCY_SPIKE,LATENCY_SPIKE,payment-service,python-simulator,54.5,1785952712.4641864,20,0.99,0.01,closed,0.3498,34.98,0.3538,2.48,19.89,4.3,4.55,0.0229,16.59,493.2,0.0007,0.0012,0.3426,0.2573,3,93.78,105.16,110.92,7,0.0406,196.42,4,0.0012
live_ep_000037_LATENCY_SPIKE,LATENCY_SPIKE,payment-service,python-simulator,55.0,1785952712.964278,68,0.9466,0.0534,closed,0.356,35.6,0.3235,3.92,21.48,5.73,9.4,0.0098,26.58,529.3,0.0059,0.0091,0.308,0.2723,4,91.85,106.84,113.49,4,0.0128,187.01,3,0.0174
live_ep_000037_LATENCY_SPIKE,LATENCY_SPIKE,payment-service,python-simulator,55.5,1785952713.4649303,70,0.9868,0.0132,closed,0.3601,36.01,0.3468,3.55,20.45,9.6,4.84,0.0012,32.04,535.0,0.0012,0.0009,0.269,0.2506,2,83.29,93.84,104.69,16,0.0338,216.26,14,0.014
live_ep_000037_LATENCY_SPIKE,LATENCY_SPIKE,payment-service,python-simulator,56.0,1785952713.965653,65,0.88,0.12,closed,0.3044,30.44,0.3577,4.41,16.95,6.77,4.47,0.0056,32.96,548.8,0.001,0.0004,0.278,0.253,2,96.48,122.33,131.16,18,0.0347,190.42,7,0.0096
live_ep_000037_LATENCY_SPIKE,LATENCY_SPIKE,payment-service,python-simulator,56.5,1785952714.4687886,36,0.9494,0.0506,closed,0.3958,39.58,0.188,3.8,19.89,3.39,10.14,0.0118,2.0,478.6,0.0006,0.0048,0.2677,0.2703,3,89.52,106.78,114.46,2,0.0117,192.16,0,0.0007
live_ep_000037_LATENCY_SPIKE,LATENCY_SPIKE,payment-service,python-simulator,57.0,1785952714.9694703,45,0.99,0.01,closed,0.3029,30.29,0.3613,2.81,17.14,2.97,6.46,0.0099,19.68,486.7,0.0008,0.0008,0.2411,0.1758,2,96.55,96.57,97.99,2,0.0236,208.18,14,0.0052
live_ep_000037_LATENCY_SPIKE,LATENCY_SPIKE,payment-service,python-simulator,57.5,1785952715.4697256,102,0.9431,0.0569,closed,0.3593,35.93,0.3239,5.04,25.72,10.55,2.69,0.0127,31.06,535.9,0.0114,0.002,0.2833,0.2624,0,92.68,93.55,120.85,16,0.0285,230.15,12,0.0008
live_ep_000037_LATENCY_SPIKE,LATENCY_SPIKE,payment-service,python-simulator,58.0,1785952715.9699366,83,0.9773,0.0227,closed,0.3415,34.15,0.259,5.05,20.94,4.18,3.74,0.0081,18.78,524.0,0.0103,0.0084,0.2668,0.2048,4,89.76,106.03,127.89,12,0.0093,193.61,6,0.0017
live_ep_000037_LATENCY_SPIKE,LATENCY_SPIKE,payment-service,python-simulator,58.5,1785952716.4703698,104,0.88,0.12,closed,0.2604,26.04,0.4384,2.65,21.59,4.7,4.24,0.0094,8.69,538.1,0.0012,0.0037,0.2661,0.2363,4,93.97,163.15,163.98,10,0.0576,178.38,2,0.0102
live_ep_000037_LATENCY_SPIKE,LATENCY_SPIKE,payment-service,python-simulator,59.0,1785952716.9707234,85,0.8878,0.1122,closed,0.3867,38.67,0.3015,1.37,15.35,4.75,2.93,0.0323,184.15,490.5,0.0112,0.0018,0.2099,0.2219,0,93.21,237.03,245.92,18,0.025,190.36,0,0.0085
live_ep_000037_LATENCY_SPIKE,LATENCY_SPIKE,payment-service,python-simulator,59.5,1785952717.4709754,78,0.924,0.076,closed,0.3343,33.43,0.2627,13.61,17.74,3.68,3.95,0.0044,10.04,517.8,0.0047,0.0009,0.2473,0.2068,3,94.66,96.18,106.68,3,0.0377,175.8,10,0.0066
live_ep_000038_NONE,NONE,inventory-service,python-simulator,0.0,1785952717.9739506,88,0.99,0.01,closed,0.3115,31.15,0.5264,5.28,9.93,3.34,6.41,0.0059,18.52,502.3,0.0068,0.0023,0.2697,0.2321,2,92.91,94.42,122.99,16,0.0739,211.61,5,0.0026
live_ep_000038_NONE,NONE,inventory-service,python-simulator,0.5,1785952718.476228,106,0.9087,0.0913,closed,0.342,34.2,0.4046,1.24,18.28,7.07,9.4,0.0088,15.94,499.1,0.0199,0.0001,0.283,0.2239,3,97.46,109.7,122.57,3,0.0022,178.39,5,0.0046
live_ep_000038_NONE,NONE,inventory-service,python-simulator,1.0,1785952718.9771562,40,0.956,0.044,closed,0.432,43.2,0.2883,0.5,18.8,7.37,4.34,0.0048,10.8,492.7,0.0022,0.0018,0.2556,0.2215,4,86.45,90.77,109.16,16,0.0189,199.47,0,0.0015
live_ep_000038_NONE,NONE,inventory-service,python-simulator,1.5,1785952719.4791048,23,0.99,0.01,closed,0.3355,33.55,0.4288,9.2,18.27,3.91,11.77,0.0147,8.11,523.2,0.0005,0.0005,0.359,0.1955,3,92.22,114.81,122.78,5,0.0174,241.74,11,0.0027
live_ep_000038_NONE,NONE,inventory-service,python-simulator,2.0,1785952719.9793653,76,0.9876,0.0124,closed,0.376,37.6,0.2287,1.42,13.16,5.11,7.49,0.0278,6.28,510.6,0.0059,0.0045,0.2568,0.2177,2,99.36,94.6,85.42,11,0.0216,213.86,0,0.0036
live_ep_000038_NONE,NONE,inventory-service,python-simulator,2.5,1785952720.4855936,106,0.9492,0.0508,closed,0.3148,31.48,0.3709,1.08,28.39,4.59,5.2,0.0115,60.0,478.5,0.0005,0.0063,0.1847,0.2579,2,84.78,85.27,85.6,12,0.0138,216.06,2,0.0036
live_ep_000038_NONE,NONE,inventory-service,python-simulator,3.0,1785952720.9858181,43,0.8859,0.1141,closed,0.4522,45.22,0.3341,7.87,20.31,4.26,6.69,0.0136,5.83,534.8,0.0023,0.001,0.3056,0.317,2,104.05,107.01,111.39,2,0.0579,170.41,6,0.0039
live_ep_000038_NONE,NONE,inventory-service,python-simulator,3.5,1785952721.4862702,32,0.99,0.01,closed,0.4537,45.37,0.2251,1.96,17.62,3.83,13.42,0.0103,4.67,536.6,0.0043,0.0061,0.1704,0.2152,2,93.14,103.39,104.84,3,0.002,170.99,10,0.0043
live_ep_000038_NONE,NONE,inventory-service,python-simulator,4.0,1785952721.9864979,69,0.9847,0.0153,closed,0.3186,31.86,0.1845,6.69,18.64,5.96,10.39,0.0047,16.42,510.1,0.0021,0.0086,0.1845,0.2684,3,73.71,131.79,139.26,2,0.061,185.79,5,0.004
live_ep_000038_NONE,NONE,inventory-service,python-simulator,4.5,1785952722.486876,34,0.9727,0.0273,closed,0.2954,29.54,0.3014,1.4,23.15,5.38,8.56,0.0045,17.72,507.0,0.0042,0.0003,0.2598,0.2188,2,96.95,112.88,118.13,0,0.0755,185.34,8,0.0076
live_ep_000038_NONE,NONE,inventory-service,python-simulator,5.0,1785952722.9870887,55,0.88,0.12,closed,0.3495,34.95,0.4279,3.87,32.23,4.45,9.44,0.0009,8.36,512.4,0.0017,0.004,0.222,0.2329,2,91.31,122.06,152.81,11,0.0469,178.81,14,0.0059
live_ep_000038_NONE,NONE,inventory-service,python-simulator,5.5,1785952723.487513,99,0.9704,0.0296,closed,0.3596,35.96,0.4783,13.18,14.49,2.04,8.44,0.0017,6.84,505.2,0.0013,0.0011,0.3471,0.2824,4,99.28,119.5,121.25,16,0.0129,185.73,4,0.0004
live_ep_000038_NONE,NONE,inventory-service,python-simulator,6.0,1785952723.9877553,55,0.9747,0.0253,closed,0.3209,32.09,0.2873,3.48,32.06,3.94,6.18,0.01,4.71,498.9,0.0032,0.0039,0.2528,0.316,2,102.14,108.57,122.8,8,0.031,201.44,11,0.0024
live_ep_000038_NONE,NONE,inventory-service,python-simulator,6.5,1785952724.4885864,86,0.9354,0.0646,closed,0.3089,30.89,0.3696,1.45,24.76,5.34,9.35,0.0056,2.0,474.6,0.0005,0.0006,0.1563,0.2381,0,85.48,89.03,90.96,7,0.0373,197.71,10,0.0011
live_ep_000038_NONE,NONE,inventory-service,python-simulator,7.0,1785952724.988945,54,0.88,0.12,closed,0.4428,44.28,0.453,1.35,18.76,4.27,7.34,0.0068,11.13,528.0,0.0027,0.0024,0.3355,0.2427,0,95.3,109.15,126.37,7,0.0015,207.84,12,0.0005
live_ep_000038_NONE,NONE,inventory-service,python-simulator,7.5,1785952725.4893572,119,0.9647,0.0353,closed,0.3858,38.58,0.3824,1.94,27.06,1.91,8.59,0.003,2.0,532.5,0.0006,0.0008,0.333,0.3029,0,78.94,94.18,105.6,5,0.0067,177.3,0,0.0041
live_ep_000038_NONE,NONE,inventory-service,python-simulator,8.0,1785952725.989928,93,0.9761,0.0239,closed,0.3026,30.26,0.3873,1.82,23.11,10.08,10.12,0.0058,7.38,516.3,0.0016,0.0,0.1952,0.2583,0,93.8,99.33,135.99,4,0.0492,201.58,2,0.006
live_ep_000038_NONE,NONE,inventory-service,python-simulator,8.5,1785952726.4903302,24,0.88,0.12,closed,0.3879,38.79,0.3487,11.63,30.29,3.74,5.17,0.0143,22.51,514.6,0.0009,0.0078,0.1717,0.2236,4,82.19,95.08,109.7,19,0.0442,205.81,1,0.0005
live_ep_000038_NONE,NONE,inventory-service,python-simulator,9.0,1785952726.9908109,119,0.9728,0.0272,closed,0.2939,29.39,0.326,10.75,30.15,3.03,6.84,0.0058,14.16,505.0,0.0054,0.0013,0.2809,0.2633,1,106.15,110.05,123.69,13,0.1,183.74,5,0.0024
live_ep_000038_NONE,NONE,inventory-service,python-simulator,9.5,1785952727.4914997,85,0.966,0.034,closed,0.4265,42.65,0.2477,6.55,33.29,5.84,4.85,0.0031,4.54,512.2,0.0157,0.0002,0.2007,0.2473,3,79.17,119.29,136.89,18,0.1,236.23,1,0.0098
live_ep_000038_NONE,NONE,inventory-service,python-simulator,10.0,1785952727.9920108,118,0.99,0.01,closed,0.4374,43.74,0.3174,3.79,14.18,3.66,5.65,0.0072,26.64,529.3,0.0034,0.0014,0.1905,0.2583,3,94.25,130.06,135.67,8,0.0169,175.35,3,0.0015
live_ep_000038_NONE,NONE,inventory-service,python-simulator,10.5,1785952728.4926863,80,0.932,0.068,closed,0.2902,29.02,0.4484,6.65,13.66,6.72,7.46,0.0068,6.22,517.0,0.0149,0.0019,0.1824,0.2058,2,91.66,117.12,122.49,6,0.0287,224.64,12,0.0118
live_ep_000038_NONE,NONE,inventory-service,python-simulator,11.0,1785952728.9932349,47,0.9755,0.0245,closed,0.3956,39.56,0.384,7.56,20.84,4.66,4.98,0.0093,2.0,494.9,0.0025,0.0012,0.1863,0.2613,1,93.08,93.6,94.75,1,0.0974,214.1,10,0.0031
live_ep_000038_NONE,NONE,inventory-service,python-simulator,11.5,1785952729.4938526,109,0.99,0.01,closed,0.3131,31.31,0.3517,1.04,20.35,7.37,9.74,0.0107,3.6,487.8,0.0026,0.0011,0.3287,0.1995,1,97.88,98.88,105.85,18,0.1,200.77,14,0.0023
live_ep_000038_NONE,NONE,inventory-service,python-simulator,12.0,1785952729.9943106,82,0.9752,0.0248,closed,0.3765,37.65,0.4534,0.5,20.23,8.65,5.3,0.0127,21.87,514.0,0.012,0.0004,0.2757,0.1944,1,84.78,96.65,128.24,15,0.0423,195.85,14,0.0049
live_ep_000038_NONE,NONE,inventory-service,python-simulator,12.5,1785952730.4943871,78,0.9704,0.0296,closed,0.2838,28.38,0.2365,1.19,35.27,9.14,9.45,0.0101,17.28,519.4,0.0038,0.0005,0.2516,0.2901,2,100.25,124.39,131.95,17,0.0107,181.46,9,0.006
live_ep_000038_NONE,NONE,inventory-service,python-simulator,13.0,1785952730.994747,62,0.9809,0.0191,closed,0.2964,29.64,0.4008,4.92,11.16,3.24,4.12,0.0063,2.84,462.0,0.0015,0.0006,0.2629,0.2477,1,73.67,94.28,100.47,6,0.0919,196.16,5,0.003
live_ep_000038_NONE,NONE,inventory-service,python-simulator,13.5,1785952731.4948087,108,0.9747,0.0253,closed,0.3901,39.01,0.419,3.17,15.58,6.38,7.77,0.0126,6.85,517.6,0.011,0.0032,0.3812,0.3053,3,91.48,105.71,107.9,9,0.0035,186.89,14,0.0002
live_ep_000038_NONE,NONE,inventory-service,python-simulator,14.0,1785952732.006221,59,0.9474,0.0526,closed,0.3636,36.36,0.4135,2.04,10.9,3.33,13.12,0.0142,8.11,530.7,0.0019,0.0038,0.3141,0.2527,1,90.56,104.74,113.49,5,0.0695,191.39,14,0.001
live_ep_000038_NONE,NONE,inventory-service,python-simulator,14.5,1785952732.5060773,22,0.9128,0.0872,closed,0.3347,33.47,0.4354,2.07,24.91,2.93,3.98,0.0034,2.0,514.3,0.0105,0.0007,0.3037,0.2694,3,87.03,87.45,89.33,18,0.0118,199.17,1,0.0157
live_ep_000038_NONE,NONE,inventory-service,python-simulator,15.0,1785952733.0064716,100,0.9266,0.0734,closed,0.4211,42.11,0.3099,7.24,19.91,7.54,4.91,0.0126,11.2,513.4,0.0017,0.0001,0.3954,0.2611,0,96.22,97.24,127.61,2,0.0402,197.11,1,0.0077
live_ep_000038_NONE,NONE,inventory-service,python-simulator,15.5,1785952733.5077996,44,0.9375,0.0625,closed,0.421,42.1,0.388,1.59,18.76,3.49,10.38,0.0024,7.4,492.8,0.0109,0.0039,0.3078,0.2877,2,96.9,101.73,104.01,17,0.0009,204.19,11,0.0003
live_ep_000038_NONE,NONE,inventory-service,python-simulator,16.0,1785952734.0087552,20,0.9253,0.0747,closed,0.346,34.6,0.2158,4.85,18.95,5.44,5.66,0.0102,2.16,500.6,0.0011,0.0018,0.261,0.2561,3,85.87,92.74,97.82,13,0.0256,181.94,4,0.0043
live_ep_000038_NONE,NONE,inventory-service,python-simulator,16.5,1785952734.5091486,94,0.9863,0.0137,closed,0.3262,32.62,0.3678,4.07,13.41,6.24,5.82,0.0013,2.0,507.3,0.0014,0.0002,0.2067,0.2023,4,96.06,112.66,114.88,6,0.0023,187.22,4,0.0073
live_ep_000038_NONE,NONE,inventory-service,python-simulator,17.0,1785952735.0097122,78,0.99,0.01,closed,0.3948,39.48,0.1567,6.5,32.82,5.3,5.21,0.0027,15.97,535.5,0.0007,0.0003,0.3098,0.2635,1,97.71,109.21,135.01,10,0.0374,186.73,3,0.0073
live_ep_000038_NONE,NONE,inventory-service,python-simulator,17.5,1785952735.5104454,109,0.99,0.01,closed,0.3518,35.18,0.4025,9.64,29.51,4.77,3.67,0.0032,2.0,521.4,0.0048,0.0,0.2596,0.2693,4,88.77,111.04,124.09,17,0.0375,219.18,13,0.0018
live_ep_000038_NONE,NONE,inventory-service,python-simulator,18.0,1785952736.0108464,89,0.925,0.075,closed,0.3698,36.98,0.3186,2.33,16.72,2.23,4.61,0.0091,7.15,514.6,0.0084,0.0051,0.1762,0.2264,3,77.6,105.91,111.97,9,0.0134,183.61,2,0.0017
live_ep_000038_NONE,NONE,inventory-service,python-simulator,18.5,1785952736.512105,57,0.9793,0.0207,closed,0.2857,28.57,0.312,6.21,20.36,4.44,9.1,0.0042,2.0,549.1,0.0056,0.004,0.2557,0.2638,4,91.08,99.13,154.03,12,0.1,213.55,7,0.0072
live_ep_000038_NONE,NONE,inventory-service,python-simulator,19.0,1785952737.0122793,73,0.9738,0.0262,closed,0.2698,26.98,0.5291,1.92,14.05,8.21,3.82,0.0061,30.46,506.7,0.0009,0.0101,0.1788,0.2364,4,91.41,94.75,122.99,17,0.0106,208.43,0,0.0007
live_ep_000038_NONE,NONE,inventory-service,python-simulator,19.5,1785952737.5127623,81,0.88,0.12,closed,0.2828,28.28,0.3495,10.32,15.37,3.82,3.57,0.002,22.87,516.2,0.0099,0.0097,0.1845,0.2668,2,88.12,119.62,129.52,8,0.0915,167.73,7,0.0045
live_ep_000038_NONE,NONE,inventory-service,python-simulator,20.0,1785952738.0134552,81,0.99,0.01,closed,0.3348,33.48,0.5181,2.13,13.21,7.36,6.36,0.0085,13.09,510.8,0.0086,0.0054,0.2568,0.2571,4,98.28,100.15,110.66,5,0.0026,233.64,11,0.0105
live_ep_000038_NONE,NONE,inventory-service,python-simulator,20.5,1785952738.513574,69,0.9604,0.0396,closed,0.3973,39.73,0.3148,3.81,12.06,3.34,3.61,0.0105,16.63,543.5,0.0008,0.0031,0.2663,0.2754,1,96.08,104.14,129.75,14,0.0299,239.03,2,0.0085
live_ep_000038_NONE,NONE,inventory-service,python-simulator,21.0,1785952739.013676,102,0.9372,0.0628,closed,0.369,36.9,0.4508,9.67,15.14,6.29,11.15,0.0039,17.51,504.9,0.0045,0.0048,0.3711,0.1753,1,84.62,97.63,137.68,15,0.0257,164.43,1,0.0006
live_ep_000038_NONE,NONE,inventory-service,python-simulator,21.5,1785952739.518454,46,0.99,0.01,closed,0.2846,28.46,0.3633,2.89,18.76,4.97,3.66,0.0068,2.0,483.5,0.0096,0.0011,0.241,0.2712,0,86.43,90.61,117.87,3,0.0685,190.92,13,0.0041
live_ep_000038_NONE,NONE,inventory-service,python-simulator,22.0,1785952740.0261283,76,0.9258,0.0742,closed,0.3153,31.53,0.317,0.5,16.72,4.41,6.5,0.0043,17.66,520.6,0.0129,0.0011,0.2366,0.2651,3,91.87,132.31,137.77,10,0.0465,202.22,6,0.002
live_ep_000038_NONE,NONE,inventory-service,python-simulator,22.5,1785952740.5266528,71,0.99,0.01,closed,0.4032,40.32,0.3214,9.42,23.44,4.92,4.27,0.012,5.88,507.3,0.0172,0.0092,0.3867,0.1862,2,93.94,128.61,133.41,7,0.0369,195.53,1,0.003
live_ep_000038_NONE,NONE,inventory-service,python-simulator,23.0,1785952741.027216,104,0.99,0.01,closed,0.3845,38.45,0.2296,9.29,36.83,1.58,10.07,0.0109,2.0,502.2,0.005,0.0016,0.2068,0.2581,4,93.28,96.35,102.22,6,0.0075,185.23,9,0.001
live_ep_000038_NONE,NONE,inventory-service,python-simulator,23.5,1785952741.5274582,44,0.99,0.01,closed,0.3923,39.23,0.3084,2.2,13.67,3.15,6.37,0.0071,17.66,502.2,0.0069,0.0019,0.2993,0.3002,2,97.7,115.05,115.34,7,0.0128,215.72,7,0.0037
live_ep_000038_NONE,NONE,inventory-service,python-simulator,24.0,1785952742.027657,107,0.99,0.01,closed,0.3337,33.37,0.3757,0.88,17.97,5.14,4.33,0.0109,38.91,527.9,0.0054,0.0029,0.2873,0.3156,2,83.46,93.22,111.58,0,0.0807,225.21,3,0.0049
live_ep_000038_NONE,NONE,inventory-service,python-simulator,24.5,1785952742.5283766,104,0.9397,0.0603,closed,0.3707,37.07,0.3896,8.87,43.12,4.32,5.43,0.0139,17.49,504.5,0.0046,0.0006,0.2754,0.2488,0,96.45,121.71,133.44,17,0.0358,208.79,8,0.0028
live_ep_000038_NONE,NONE,inventory-service,python-simulator,25.0,1785952743.028799,80,0.9801,0.0199,closed,0.3653,36.53,0.2596,1.68,24.14,3.36,4.52,0.0122,6.79,562.3,0.0028,0.0028,0.1972,0.3323,0,87.24,90.2,92.75,2,0.0054,182.94,6,0.0065
live_ep_000038_NONE,NONE,inventory-service,python-simulator,25.5,1785952743.5290918,34,0.9325,0.0675,closed,0.3295,32.95,0.5266,2.62,17.01,4.75,5.88,0.0133,15.73,530.1,0.0149,0.0019,0.2778,0.2955,3,89.9,89.48,86.81,10,0.086,203.1,6,0.0087
live_ep_000038_NONE,NONE,inventory-service,python-simulator,26.0,1785952744.0293827,36,0.99,0.01,closed,0.3528,35.28,0.3075,7.23,21.58,3.4,8.24,0.0019,4.12,522.7,0.0001,0.0001,0.23,0.2195,3,86.52,111.47,121.55,9,0.0522,186.49,8,0.0175
live_ep_000038_NONE,NONE,inventory-service,python-simulator,26.5,1785952744.5295095,110,0.98,0.02,closed,0.3037,30.37,0.2552,3.49,26.94,2.18,5.99,0.0038,7.91,542.6,0.0004,0.001,0.2893,0.2663,2,87.99,107.01,121.53,5,0.0258,167.35,11,0.0116
live_ep_000038_NONE,NONE,inventory-service,python-simulator,27.0,1785952745.0298166,118,0.9754,0.0246,closed,0.3763,37.63,0.422,5.18,10.52,6.82,5.51,0.0135,2.0,533.1,0.0028,0.0077,0.3397,0.2805,2,93.37,102.53,125.37,6,0.0758,163.44,3,0.0001
live_ep_000038_NONE,NONE,inventory-service,python-simulator,27.5,1785952745.5302432,47,0.99,0.01,closed,0.3469,34.69,0.3903,2.82,15.36,2.8,3.25,0.0093,21.03,507.0,0.0065,0.0005,0.3535,0.2824,0,90.88,141.46,145.89,14,0.0019,226.17,7,0.0075
live_ep_000038_NONE,NONE,inventory-service,python-simulator,28.0,1785952746.0309367,119,0.99,0.01,closed,0.3146,31.46,0.3334,19.49,30.97,2.95,6.57,0.0191,7.86,509.0,0.0159,0.002,0.2248,0.241,4,84.82,85.22,123.73,11,0.0854,195.46,12,0.008
live_ep_000038_NONE,NONE,inventory-service,python-simulator,28.5,1785952746.5314217,24,0.9527,0.0473,closed,0.3411,34.11,0.4095,9.98,26.25,4.12,5.2,0.0056,9.21,526.5,0.0078,0.0046,0.2952,0.2239,2,92.94,110.23,125.01,5,0.1,191.85,3,0.01
live_ep_000038_NONE,NONE,inventory-service,python-simulator,29.0,1785952747.0318701,20,0.9875,0.0125,closed,0.4045,40.45,0.1815,1.53,12.33,4.3,7.04,0.0127,24.95,485.2,0.0205,0.0013,0.3035,0.2468,2,76.39,130.63,134.69,18,0.0688,186.89,1,0.0006
live_ep_000038_NONE,NONE,inventory-service,python-simulator,29.5,1785952747.5320804,35,0.973,0.027,closed,0.3332,33.32,0.4308,1.42,23.7,3.24,7.9,0.015,45.51,527.9,0.0028,0.0031,0.2621,0.3396,4,102.68,115.21,116.45,6,0.0297,202.52,5,0.0043
live_ep_000038_NONE,NONE,inventory-service,python-simulator,30.0,1785952748.0321448,21,0.99,0.01,closed,0.3946,39.46,0.3623,8.27,18.23,3.14,10.52,0.021,30.29,513.2,0.0001,0.0026,0.2931,0.2586,3,101.58,101.77,129.03,10,0.0202,216.0,6,0.0183
live_ep_000038_NONE,NONE,inventory-service,python-simulator,30.5,1785952748.5324926,79,0.9525,0.0475,closed,0.3314,33.14,0.2155,2.58,14.29,7.41,13.51,0.0074,18.91,485.3,0.0071,0.0001,0.3605,0.2628,1,76.25,83.87,95.79,13,0.0472,180.94,7,0.0008
live_ep_000038_NONE,NONE,inventory-service,python-simulator,31.0,1785952749.0330515,97,0.9606,0.0394,closed,0.4017,40.17,0.3222,3.72,11.74,4.75,6.62,0.0062,21.86,491.7,0.0058,0.0004,0.2295,0.285,1,88.99,121.08,134.48,16,0.0251,197.31,3,0.0003
live_ep_000038_NONE,NONE,inventory-service,python-simulator,31.5,1785952749.5392642,45,0.99,0.01,closed,0.4682,46.82,0.448,5.23,32.79,2.75,3.86,0.0052,2.0,504.8,0.0087,0.0004,0.1745,0.2446,3,88.08,108.06,111.37,9,0.0157,183.67,3,0.0011
live_ep_000038_NONE,NONE,inventory-service,python-simulator,32.0,1785952750.0394452,58,0.9128,0.0872,closed,0.3242,32.42,0.4748,2.37,33.81,3.63,9.18,0.0055,18.98,495.5,0.0123,0.0046,0.1696,0.257,0,90.38,121.11,142.64,9,0.0034,174.49,11,0.0008
live_ep_000038_NONE,NONE,inventory-service,python-simulator,32.5,1785952750.5398364,44,0.99,0.01,closed,0.3617,36.17,0.4692,5.14,12.25,6.21,9.4,0.0053,5.09,497.4,0.0167,0.0007,0.2438,0.1869,4,89.81,106.77,116.65,9,0.1,181.23,9,0.005
live_ep_000038_NONE,NONE,inventory-service,python-simulator,33.0,1785952751.040268,93,0.9076,0.0924,closed,0.285,28.5,0.3055,1.02,36.93,4.88,10.85,0.0319,2.0,497.0,0.0157,0.0009,0.3342,0.2967,0,92.95,94.53,159.28,18,0.0438,164.04,0,0.0052
live_ep_000038_NONE,NONE,inventory-service,python-simulator,33.5,1785952751.5409048,30,0.99,0.01,closed,0.3865,38.65,0.3781,3.26,14.96,4.33,10.35,0.0052,9.93,505.0,0.0092,0.0014,0.2795,0.2785,3,100.35,112.57,115.21,7,0.0195,190.95,0,0.0026
live_ep_000038_NONE,NONE,inventory-service,python-simulator,34.0,1785952752.041038,68,0.9461,0.0539,closed,0.3345,33.45,0.2567,0.5,24.1,4.81,8.44,0.01,31.25,560.1,0.0062,0.0009,0.2693,0.2495,3,88.61,122.17,127.5,1,0.0154,200.74,10,0.0023
live_ep_000038_NONE,NONE,inventory-service,python-simulator,34.5,1785952752.541473,44,0.99,0.01,closed,0.3218,32.18,0.2891,20.92,22.84,3.32,2.7,0.0158,2.58,519.9,0.005,0.0033,0.2592,0.2469,1,79.39,111.11,129.37,1,0.1,182.96,3,0.0317
live_ep_000038_NONE,NONE,inventory-service,python-simulator,35.0,1785952753.042028,112,0.88,0.12,closed,0.3806,38.06,0.2722,12.63,14.43,3.39,2.99,0.009,27.52,490.1,0.0014,0.0002,0.2417,0.2493,4,82.21,96.19,115.7,4,0.0727,221.5,14,0.0008
live_ep_000038_NONE,NONE,inventory-service,python-simulator,35.5,1785952753.5422094,51,0.99,0.01,closed,0.3919,39.19,0.4026,11.13,22.59,1.52,8.82,0.0152,37.73,526.1,0.0015,0.0001,0.1934,0.3057,2,83.57,97.24,110.08,4,0.0878,239.44,9,0.0142
live_ep_000038_NONE,NONE,inventory-service,python-simulator,36.0,1785952754.0424159,37,0.9739,0.0261,closed,0.3106,31.06,0.3143,6.05,13.86,4.08,8.76,0.0089,24.75,520.4,0.0007,0.0009,0.2762,0.2573,4,86.64,111.12,111.35,6,0.0517,194.23,1,0.0123
live_ep_000038_NONE,NONE,inventory-service,python-simulator,36.5,1785952754.54278,24,0.88,0.12,closed,0.4582,45.82,0.2471,9.58,32.39,6.0,4.26,0.0149,30.28,518.6,0.0004,0.0007,0.2345,0.2408,0,89.39,96.47,130.92,15,0.0413,200.52,10,0.0052
live_ep_000038_NONE,NONE,inventory-service,python-simulator,37.0,1785952755.0429778,67,0.9397,0.0603,closed,0.2954,29.54,0.3153,3.56,25.79,5.2,15.99,0.0189,26.71,521.0,0.0056,0.003,0.2906,0.2741,4,93.17,109.96,119.79,15,0.0722,190.81,7,0.0119
live_ep_000038_NONE,NONE,inventory-service,python-simulator,37.5,1785952755.5433586,98,0.99,0.01,closed,0.3346,33.46,0.3554,10.94,15.44,6.96,5.86,0.0055,8.6,528.8,0.0009,0.0022,0.2243,0.2471,4,81.34,90.99,122.27,9,0.0502,207.25,1,0.0105
live_ep_000038_NONE,NONE,inventory-service,python-simulator,38.0,1785952756.0435054,77,0.9579,0.0421,closed,0.3551,35.51,0.3948,4.03,15.56,2.64,15.53,0.0097,33.12,519.9,0.0013,0.0008,0.288,0.2769,4,96.15,100.13,128.3,11,0.0132,243.75,8,0.0018
live_ep_000038_NONE,NONE,inventory-service,python-simulator,38.5,1785952756.5437074,106,0.9776,0.0224,closed,0.2688,26.88,0.3967,8.56,21.01,4.26,7.26,0.0005,22.91,516.8,0.0038,0.001,0.2292,0.2819,1,93.77,93.86,94.48,13,0.0035,190.7,2,0.0026
live_ep_000038_NONE,NONE,inventory-service,python-simulator,39.0,1785952757.0441246,62,0.9399,0.0601,closed,0.31,31.0,0.46,2.27,21.97,4.72,8.79,0.0097,2.56,528.2,0.0016,0.0106,0.2457,0.2657,0,76.71,104.53,117.31,8,0.0509,215.16,14,0.003
live_ep_000038_NONE,NONE,inventory-service,python-simulator,39.5,1785952757.544634,39,0.99,0.01,closed,0.3585,35.85,0.4088,11.06,25.11,3.15,2.32,0.0046,6.91,491.6,0.004,0.0005,0.2728,0.1604,3,94.76,127.68,137.46,9,0.0143,198.27,5,0.0183
live_ep_000038_NONE,NONE,inventory-service,python-simulator,40.0,1785952758.044772,47,0.9858,0.0142,closed,0.3323,33.23,0.3737,30.0,24.59,7.54,6.21,0.0212,2.0,508.1,0.0022,0.0084,0.2636,0.2692,2,81.44,100.27,117.45,3,0.0087,188.27,13,0.0013
live_ep_000038_NONE,NONE,inventory-service,python-simulator,40.5,1785952758.5451736,38,0.9852,0.0148,closed,0.3525,35.25,0.3573,4.14,10.65,3.45,6.13,0.0093,5.97,504.4,0.0003,0.0008,0.2815,0.2143,3,84.05,89.07,118.13,12,0.0295,229.15,14,0.0153
live_ep_000038_NONE,NONE,inventory-service,python-simulator,41.0,1785952759.04564,78,0.99,0.01,closed,0.4295,42.95,0.1938,0.79,15.25,9.28,7.05,0.001,18.84,538.6,0.0066,0.0017,0.3101,0.258,3,100.08,122.03,138.3,4,0.0061,202.16,2,0.0043
live_ep_000038_NONE,NONE,inventory-service,python-simulator,41.5,1785952759.546183,117,0.99,0.01,closed,0.3712,37.12,0.2292,5.0,16.38,4.44,6.7,0.0147,24.65,487.0,0.0009,0.0004,0.2118,0.2531,4,87.1,101.19,112.99,15,0.069,184.78,9,0.0008
live_ep_000038_NONE,NONE,inventory-service,python-simulator,42.0,1785952760.046762,25,0.99,0.01,closed,0.3489,34.89,0.3325,0.5,16.0,4.02,3.93,0.01,13.42,535.8,0.0022,0.0019,0.1025,0.2868,0,97.65,97.96,102.58,10,0.0368,194.58,0,0.0033
live_ep_000038_NONE,NONE,inventory-service,python-simulator,42.5,1785952760.5473213,41,0.9825,0.0175,closed,0.398,39.8,0.2533,3.16,14.24,2.58,8.23,0.0067,9.75,532.1,0.0067,0.0004,0.1836,0.2796,4,82.06,82.44,106.47,5,0.039,209.26,0,0.0049
live_ep_000038_NONE,NONE,inventory-service,python-simulator,43.0,1785952761.0482802,108,0.9894,0.0106,closed,0.3183,31.83,0.5434,2.17,33.03,3.28,8.01,0.0139,2.0,541.2,0.0006,0.0011,0.2387,0.2666,2,78.64,118.51,131.4,4,0.0662,164.61,6,0.0032
live_ep_000038_NONE,NONE,inventory-service,python-simulator,43.5,1785952761.5496256,25,0.9771,0.0229,closed,0.4227,42.27,0.2002,11.53,14.27,5.93,7.36,0.0062,3.21,514.1,0.0067,0.0012,0.1826,0.2619,1,92.6,93.47,93.64,13,0.0234,206.12,1,0.0242
live_ep_000038_NONE,NONE,inventory-service,python-simulator,44.0,1785952762.0497735,92,0.9692,0.0308,closed,0.2994,29.94,0.293,1.6,17.99,4.1,26.28,0.0176,15.14,524.0,0.002,0.002,0.2814,0.2479,2,86.32,92.38,94.45,14,0.0201,182.17,8,0.0088
live_ep_000038_NONE,NONE,inventory-service,python-simulator,44.5,1785952762.550271,40,0.9836,0.0164,closed,0.3761,37.61,0.4102,4.45,27.44,8.08,5.51,0.0088,23.33,515.6,0.0009,0.0014,0.2639,0.3166,1,86.76,114.61,115.88,3,0.1,197.27,11,0.0053
live_ep_000038_NONE,NONE,inventory-service,python-simulator,45.0,1785952763.0510056,80,0.99,0.01,closed,0.3825,38.25,0.4725,28.76,14.66,6.55,7.36,0.008,55.18,535.7,0.001,0.0016,0.2207,0.2625,1,89.19,94.25,114.16,4,0.0625,220.59,11,0.0016
live_ep_000038_NONE,NONE,inventory-service,python-simulator,45.5,1785952763.5511634,53,0.934,0.066,closed,0.3342,33.42,0.4264,18.14,18.01,5.61,8.88,0.0025,35.72,485.6,0.0026,0.0025,0.1837,0.2347,1,79.48,96.8,108.59,7,0.0481,192.45,3,0.0097
live_ep_000038_NONE,NONE,inventory-service,python-simulator,46.0,1785952764.052179,74,0.912,0.088,closed,0.4129,41.29,0.2665,1.36,29.62,4.94,8.28,0.0135,55.68,533.1,0.0184,0.0022,0.1296,0.2466,3,95.46,118.34,133.19,13,0.0253,214.35,14,0.0002
live_ep_000038_NONE,NONE,inventory-service,python-simulator,46.5,1785952764.5538864,29,0.88,0.12,closed,0.3566,35.66,0.4634,14.33,31.95,6.77,6.96,0.0096,11.95,530.3,0.0014,0.0023,0.2213,0.3017,3,105.54,118.47,127.48,13,0.0422,156.65,0,0.0017
live_ep_000038_NONE,NONE,inventory-service,python-simulator,47.0,1785952765.0541956,106,0.88,0.12,closed,0.2925,29.25,0.4551,2.29,24.99,3.17,7.38,0.0069,13.2,511.1,0.006,0.0036,0.2261,0.2155,3,87.17,106.85,121.17,6,0.021,197.53,3,0.0013
live_ep_000038_NONE,NONE,inventory-service,python-simulator,47.5,1785952765.554308,87,0.9574,0.0426,closed,0.4702,47.02,0.253,2.62,27.85,4.76,6.72,0.0048,8.0,511.6,0.0005,0.0013,0.3156,0.2373,0,94.41,155.73,161.16,3,0.1,192.43,12,0.0006
live_ep_000038_NONE,NONE,inventory-service,python-simulator,48.0,1785952766.0548742,67,0.99,0.01,closed,0.3399,33.99,0.309,5.04,13.4,3.31,7.08,0.0084,8.6,548.3,0.0076,0.0068,0.1761,0.2694,0,82.02,88.2,104.61,2,0.0193,181.48,8,0.0051
live_ep_000038_NONE,NONE,inventory-service,python-simulator,48.5,1785952766.555102,62,0.88,0.12,closed,0.3962,39.62,0.4484,3.34,18.64,1.94,4.67,0.0268,12.51,510.4,0.0043,0.008,0.2524,0.2678,2,81.64,105.95,113.74,2,0.0318,175.7,14,0.0045
live_ep_000038_NONE,NONE,inventory-service,python-simulator,49.0,1785952767.0555904,63,0.99,0.01,closed,0.3652,36.52,0.3752,2.06,34.33,3.44,6.5,0.0171,2.7,486.9,0.0011,0.0012,0.1721,0.2466,2,101.5,102.16,129.17,10,0.0823,228.1,5,0.0081
live_ep_000038_NONE,NONE,inventory-service,python-simulator,49.5,1785952767.555991,116,0.9744,0.0256,closed,0.3989,39.89,0.4224,0.5,22.61,3.44,6.37,0.0029,9.64,483.9,0.0069,0.0013,0.3687,0.2259,3,94.16,114.24,143.28,12,0.0704,200.38,8,0.0005
live_ep_000038_NONE,NONE,inventory-service,python-simulator,50.0,1785952768.0564666,54,0.9725,0.0275,closed,0.4062,40.62,0.4571,9.84,13.49,7.27,7.02,0.007,2.0,510.9,0.0034,0.0006,0.2963,0.2913,0,90.83,91.85,123.99,1,0.0422,216.95,3,0.0049
live_ep_000038_NONE,NONE,inventory-service,python-simulator,50.5,1785952768.589702,64,0.9293,0.0707,closed,0.4522,45.22,0.3323,6.61,15.86,4.85,5.04,0.01,24.62,486.7,0.0048,0.0002,0.4397,0.2269,2,92.68,99.7,130.63,4,0.0031,199.27,3,0.017
live_ep_000038_NONE,NONE,inventory-service,python-simulator,51.0,1785952769.0900402,61,0.9236,0.0764,closed,0.323,32.3,0.4823,17.06,21.2,3.17,7.85,0.0029,5.45,511.5,0.0004,0.0008,0.3222,0.2909,2,88.38,98.33,127.07,1,0.053,203.94,4,0.0011
live_ep_000038_NONE,NONE,inventory-service,python-simulator,51.5,1785952769.5902898,108,0.9423,0.0577,closed,0.3393,33.93,0.3072,2.16,21.68,2.82,4.64,0.0128,2.0,461.3,0.001,0.0025,0.2493,0.2437,3,87.47,95.51,98.49,3,0.0209,214.01,4,0.0065
live_ep_000038_NONE,NONE,inventory-service,python-simulator,52.0,1785952770.090538,39,0.9124,0.0876,closed,0.3821,38.21,0.3813,7.57,20.67,2.93,5.67,0.0011,2.0,508.2,0.0045,0.0053,0.2349,0.2466,2,77.85,133.57,152.92,12,0.0458,177.1,5,0.0023
live_ep_000038_NONE,NONE,inventory-service,python-simulator,52.5,1785952770.5908515,23,0.9575,0.0425,closed,0.3878,38.78,0.444,2.86,23.37,5.06,2.73,0.0016,36.15,475.0,0.0005,0.0002,0.2914,0.2176,3,88.47,99.1,123.68,7,0.0074,201.89,6,0.0071
live_ep_000038_NONE,NONE,inventory-service,python-simulator,53.0,1785952771.0911233,102,0.9701,0.0299,closed,0.3376,33.76,0.3648,0.5,22.53,4.48,5.61,0.0166,37.63,529.7,0.0055,0.002,0.2756,0.2748,4,85.35,89.93,95.31,14,0.0089,217.84,3,0.0062
live_ep_000038_NONE,NONE,inventory-service,python-simulator,53.5,1785952771.5917392,43,0.9294,0.0706,closed,0.315,31.5,0.3052,0.5,29.76,3.45,4.2,0.0141,26.29,491.3,0.0019,0.0002,0.2443,0.2057,1,110.73,112.19,123.05,0,0.0073,198.44,0,0.0126
live_ep_000038_NONE,NONE,inventory-service,python-simulator,54.0,1785952772.0919237,63,0.9617,0.0383,closed,0.3314,33.14,0.1932,0.5,34.52,8.15,3.63,0.0083,27.74,537.2,0.0041,0.0014,0.247,0.2577,0,74.77,151.77,164.48,12,0.0166,171.57,0,0.0023
live_ep_000038_NONE,NONE,inventory-service,python-simulator,54.5,1785952772.592324,105,0.972,0.028,closed,0.3728,37.28,0.2942,3.11,13.21,4.14,5.78,0.0009,13.51,522.2,0.015,0.0009,0.3032,0.2399,2,83.78,88.42,96.67,17,0.0434,201.37,14,0.0108
live_ep_000038_NONE,NONE,inventory-service,python-simulator,55.0,1785952773.09261,71,0.9314,0.0686,closed,0.3341,33.41,0.3122,5.98,25.13,2.1,5.6,0.016,15.21,501.3,0.006,0.0003,0.165,0.1924,0,91.53,101.07,125.19,13,0.0792,215.45,14,0.0054
live_ep_000038_NONE,NONE,inventory-service,python-simulator,55.5,1785952773.5927567,35,0.9506,0.0494,closed,0.3861,38.61,0.2652,7.89,33.11,2.22,4.99,0.0052,2.0,497.9,0.0138,0.0024,0.2199,0.3319,0,87.26,96.33,131.38,13,0.019,165.0,13,0.0054
live_ep_000038_NONE,NONE,inventory-service,python-simulator,56.0,1785952774.0931263,20,0.974,0.026,closed,0.3304,33.04,0.3101,7.61,27.6,5.16,9.75,0.0121,15.57,523.2,0.0014,0.0003,0.3064,0.2926,4,109.08,116.86,128.82,10,0.0339,186.91,10,0.0053
live_ep_000038_NONE,NONE,inventory-service,python-simulator,56.5,1785952774.5934687,70,0.9491,0.0509,closed,0.3601,36.01,0.2179,10.5,21.17,3.88,5.59,0.008,38.78,481.8,0.0022,0.0007,0.262,0.26,0,90.84,99.21,110.94,14,0.0005,185.67,7,0.0115
live_ep_000038_NONE,NONE,inventory-service,python-simulator,57.0,1785952775.0938966,60,0.985,0.015,closed,0.3461,34.61,0.2642,6.49,17.09,6.78,5.27,0.0113,28.0,512.3,0.0007,0.0015,0.2682,0.2374,1,99.46,99.52,114.36,5,0.0006,177.48,8,0.0054
live_ep_000038_NONE,NONE,inventory-service,python-simulator,57.5,1785952775.5941417,103,0.9272,0.0728,closed,0.3761,37.61,0.3701,1.74,17.54,2.95,12.37,0.0023,13.32,499.9,0.0115,0.001,0.2679,0.2281,3,82.47,96.33,111.35,14,0.0052,185.4,5,0.01
live_ep_000038_NONE,NONE,inventory-service,python-simulator,58.0,1785952776.0953765,22,0.88,0.12,closed,0.2802,28.02,0.4898,2.68,29.66,5.45,6.47,0.002,20.21,483.8,0.0014,0.002,0.1427,0.2161,2,91.69,92.83,122.69,8,0.0799,214.69,8,0.0001
live_ep_000038_NONE,NONE,inventory-service,python-simulator,58.5,1785952776.595973,67,0.99,0.01,closed,0.3248,32.48,0.2039,0.5,17.39,4.8,4.91,0.0024,16.03,520.7,0.0004,0.0028,0.1762,0.2307,2,73.35,93.9,106.28,19,0.0015,189.69,12,0.0053
live_ep_000038_NONE,NONE,inventory-service,python-simulator,59.0,1785952777.0960274,102,0.9815,0.0185,closed,0.3372,33.72,0.3654,16.61,17.82,3.47,5.16,0.0028,36.49,530.3,0.0009,0.0024,0.4015,0.2962,0,81.95,82.56,109.93,0,0.0196,212.23,4,0.0059
live_ep_000038_NONE,NONE,inventory-service,python-simulator,59.5,1785952777.5967734,71,0.9543,0.0457,closed,0.2927,29.27,0.3485,2.18,15.27,3.68,7.14,0.0049,3.3,503.7,0.0042,0.0062,0.3603,0.2357,3,89.44,105.68,109.95,12,0.0621,195.95,4,0.0024
live_ep_000039_NONE,NONE,payment-service,python-simulator,0.0,1785952778.1006553,55,0.9521,0.0479,closed,0.3303,33.03,0.5314,2.07,22.64,2.94,4.73,0.0221,12.54,492.6,0.0042,0.0035,0.1288,0.2701,3,87.14,105.29,126.77,4,0.0221,193.31,12,0.0098
live_ep_000039_NONE,NONE,payment-service,python-simulator,0.5,1785952778.6010804,106,0.9458,0.0542,closed,0.3832,38.32,0.2436,3.55,14.23,7.5,5.77,0.0145,41.9,494.7,0.0261,0.0014,0.2991,0.2581,3,83.3,91.18,130.55,5,0.0367,228.04,0,0.0029
live_ep_000039_NONE,NONE,payment-service,python-simulator,1.0,1785952779.1013038,67,0.99,0.01,closed,0.3175,31.75,0.3532,2.11,16.76,4.34,7.01,0.0131,3.82,528.5,0.0089,0.0003,0.2699,0.2738,2,77.2,137.61,137.71,1,0.0369,244.73,6,0.0085
live_ep_000039_NONE,NONE,payment-service,python-simulator,1.5,1785952779.601667,65,0.9592,0.0408,closed,0.3349,33.49,0.2961,9.52,24.69,4.21,9.21,0.003,7.07,524.5,0.0168,0.0031,0.2006,0.2951,1,89.47,102.69,127.67,0,0.0208,199.54,0,0.0171
live_ep_000039_NONE,NONE,payment-service,python-simulator,2.0,1785952780.1019535,89,0.9495,0.0505,closed,0.2366,23.66,0.2941,6.82,20.39,3.05,5.47,0.0058,2.28,497.3,0.011,0.0007,0.1523,0.2575,1,88.66,95.49,121.81,13,0.0106,195.2,7,0.0059
live_ep_000039_NONE,NONE,payment-service,python-simulator,2.5,1785952780.6021583,34,0.9356,0.0644,closed,0.3203,32.03,0.3518,5.35,24.64,2.89,5.21,0.0054,2.8,506.2,0.001,0.003,0.2979,0.2202,3,93.74,137.4,144.29,3,0.0111,189.14,11,0.0002
live_ep_000039_NONE,NONE,payment-service,python-simulator,3.0,1785952781.102484,21,0.88,0.12,closed,0.3346,33.46,0.419,9.43,10.9,5.63,6.18,0.0109,8.45,504.0,0.0101,0.0008,0.1944,0.2826,0,105.2,95.24,90.66,12,0.0105,201.22,8,0.0002
live_ep_000039_NONE,NONE,payment-service,python-simulator,3.5,1785952781.6025758,95,0.9221,0.0779,closed,0.3123,31.23,0.2484,9.49,18.76,1.66,4.28,0.007,7.76,522.8,0.0009,0.0043,0.2873,0.2488,2,97.23,99.39,102.33,8,0.0125,214.32,4,0.001
live_ep_000039_NONE,NONE,payment-service,python-simulator,4.0,1785952782.1027408,32,0.8852,0.1148,closed,0.3632,36.32,0.4226,2.32,35.7,6.11,8.41,0.0058,10.73,528.6,0.0089,0.0001,0.2356,0.2796,0,89.89,93.2,112.96,4,0.0155,196.1,12,0.0087
live_ep_000039_NONE,NONE,payment-service,python-simulator,4.5,1785952782.603004,20,0.9691,0.0309,closed,0.3703,37.03,0.3014,6.74,32.36,1.83,4.54,0.0107,2.0,468.4,0.0022,0.0007,0.2456,0.2673,0,88.79,111.36,129.01,3,0.0107,180.22,14,0.0149
live_ep_000039_NONE,NONE,payment-service,python-simulator,5.0,1785952783.103586,62,0.9525,0.0475,closed,0.3303,33.03,0.395,0.5,12.28,2.78,9.14,0.014,12.01,527.6,0.0101,0.0019,0.2857,0.1809,2,79.93,114.85,124.46,13,0.0598,203.03,3,0.0002
live_ep_000039_NONE,NONE,payment-service,python-simulator,5.5,1785952783.604078,51,0.9731,0.0269,closed,0.2695,26.95,0.3441,1.62,26.6,2.96,13.01,0.0033,10.49,517.7,0.0233,0.0025,0.141,0.2566,0,103.51,111.1,137.7,19,0.0695,212.22,11,0.0022
live_ep_000039_NONE,NONE,payment-service,python-simulator,6.0,1785952784.1046097,109,0.9436,0.0564,closed,0.442,44.2,0.3686,10.29,29.26,6.7,6.95,0.0055,6.39,547.7,0.0017,0.0095,0.3688,0.259,3,96.78,115.46,115.92,13,0.0182,166.29,5,0.0274
live_ep_000039_NONE,NONE,payment-service,python-simulator,6.5,1785952784.604819,35,0.9514,0.0486,closed,0.3969,39.69,0.3633,1.34,23.31,2.15,3.38,0.0074,2.0,504.6,0.0045,0.0025,0.2411,0.2266,4,82.61,86.21,109.92,12,0.1,188.37,14,0.014
live_ep_000039_NONE,NONE,payment-service,python-simulator,7.0,1785952785.1048992,49,0.9667,0.0333,closed,0.3141,31.41,0.2572,7.87,23.74,2.43,12.7,0.0026,2.0,539.4,0.004,0.0002,0.3561,0.2174,3,94.86,136.09,146.13,13,0.0362,211.09,6,0.0036
live_ep_000039_NONE,NONE,payment-service,python-simulator,7.5,1785952785.6055324,54,0.99,0.01,closed,0.4055,40.55,0.3032,6.03,21.56,3.54,2.85,0.0069,8.91,489.6,0.007,0.0059,0.1638,0.2351,0,80.5,105.54,129.36,16,0.1,190.63,3,0.0047
live_ep_000039_NONE,NONE,payment-service,python-simulator,8.0,1785952786.1055963,92,0.99,0.01,closed,0.4582,45.82,0.4102,7.91,18.44,3.5,8.6,0.0034,2.0,540.3,0.0109,0.0023,0.3518,0.2457,0,88.18,106.55,106.98,3,0.0918,190.82,4,0.0103
live_ep_000039_NONE,NONE,payment-service,python-simulator,8.5,1785952786.6060138,73,0.8832,0.1168,closed,0.3931,39.31,0.4007,5.96,14.02,2.17,5.22,0.0045,23.26,516.7,0.0005,0.0019,0.2938,0.1823,1,92.75,97.33,102.54,1,0.0152,162.02,7,0.0014
live_ep_000039_NONE,NONE,payment-service,python-simulator,9.0,1785952787.1065047,42,0.9156,0.0844,closed,0.387,38.7,0.3656,15.1,25.48,5.21,5.71,0.0186,12.46,500.9,0.0041,0.0013,0.239,0.2239,0,80.21,96.51,102.23,10,0.009,225.66,14,0.0078
live_ep_000039_NONE,NONE,payment-service,python-simulator,9.5,1785952787.607062,112,0.977,0.023,closed,0.29,29.0,0.2298,19.36,22.96,4.81,3.88,0.007,31.21,492.6,0.0007,0.0015,0.2109,0.1997,3,97.48,105.19,116.98,3,0.0042,171.08,1,0.011
live_ep_000039_NONE,NONE,payment-service,python-simulator,10.0,1785952788.107451,65,0.9543,0.0457,closed,0.3529,35.29,0.3406,1.95,34.59,3.97,3.68,0.0047,4.65,532.6,0.0034,0.0028,0.3833,0.2658,4,96.14,98.72,108.49,1,0.0064,202.65,14,0.0063
live_ep_000039_NONE,NONE,payment-service,python-simulator,10.5,1785952788.608027,49,0.9836,0.0164,closed,0.3384,33.84,0.4117,4.89,23.92,4.02,9.59,0.0253,2.0,509.0,0.0044,0.0009,0.3003,0.2436,1,100.71,101.16,101.18,0,0.0215,210.16,0,0.0008
live_ep_000039_NONE,NONE,payment-service,python-simulator,11.0,1785952789.108315,20,0.9805,0.0195,closed,0.2316,23.16,0.4009,6.63,23.88,8.66,4.72,0.0087,14.03,514.8,0.0004,0.0023,0.1574,0.2272,3,96.05,99.75,107.38,10,0.0251,195.34,7,0.0142
live_ep_000039_NONE,NONE,payment-service,python-simulator,11.5,1785952789.616242,108,0.9434,0.0566,closed,0.2412,24.12,0.403,4.78,12.74,2.8,12.83,0.0014,5.75,524.5,0.0069,0.0004,0.2766,0.2077,1,75.3,82.31,103.93,10,0.0765,249.47,2,0.0068
live_ep_000039_NONE,NONE,payment-service,python-simulator,12.0,1785952790.1166558,100,0.99,0.01,closed,0.2351,23.51,0.2312,16.36,41.66,8.35,11.21,0.028,49.3,469.4,0.004,0.0,0.2738,0.2349,4,86.37,113.38,114.96,1,0.0442,189.83,7,0.0
live_ep_000039_NONE,NONE,payment-service,python-simulator,12.5,1785952790.6170812,100,0.9519,0.0481,closed,0.3478,34.78,0.3314,1.83,27.54,4.88,3.74,0.0061,2.0,529.7,0.0007,0.0,0.23,0.2188,1,73.98,95.86,104.13,2,0.0105,233.13,5,0.0031
live_ep_000039_NONE,NONE,payment-service,python-simulator,13.0,1785952791.1175745,94,0.88,0.12,closed,0.3925,39.25,0.378,2.9,15.05,2.59,10.94,0.0095,10.64,470.6,0.0048,0.0028,0.2405,0.2704,3,93.11,104.49,113.67,9,0.0033,185.23,6,0.0045
live_ep_000039_NONE,NONE,payment-service,python-simulator,13.5,1785952791.6351745,87,0.99,0.01,closed,0.3656,36.56,0.3226,7.21,24.68,5.17,9.01,0.0149,16.69,531.5,0.0013,0.0006,0.2274,0.2372,2,103.94,127.34,131.53,18,0.0228,219.67,6,0.0011
live_ep_000039_NONE,NONE,payment-service,python-simulator,14.0,1785952792.1353712,52,0.9835,0.0165,closed,0.3016,30.16,0.4516,12.47,21.3,6.97,5.03,0.021,7.07,543.9,0.0013,0.0011,0.3014,0.2422,0,98.76,105.82,108.44,19,0.0283,225.63,4,0.0069
live_ep_000039_NONE,NONE,payment-service,python-simulator,14.5,1785952792.6356702,43,0.8893,0.1107,closed,0.2961,29.61,0.4044,4.43,31.77,9.9,5.92,0.0091,24.12,486.1,0.002,0.0011,0.1524,0.2442,1,81.36,89.22,116.26,13,0.0125,193.19,13,0.0014
