episode_id,failure_mode,service,source,elapsed_s,timestamp,active_connections,cache_hit_rate,cache_miss_rate,circuit_breaker_state,cpu_saturation,cpu_utilization,db_connection_pool,db_connection_wait,db_p99,disk_read_latency,disk_write_latency,error_rate,gc_pause_p99,heap_mb,http_4xx_rate,http_5xx_rate,iops_utilization,memory_utilization,network_errors,p50_latency,p95_latency,p99_latency,queue_lag,retry_count_per_request,rps,thread_pool_queue,upstream_timeout_rate
live_ep_000041_DB_SLOWDOWN,DB_SLOWDOWN,order-service,python-simulator,0.0,1785987808.048335,111,0.99,0.01,closed,0.366,36.6,0.4413,5.38,20.0,3.23,7.78,0.0002,28.17,515.9,0.0046,0.0003,0.2915,0.2728,2,90.43,41.04,30.0,10,0.062,164.77,9,0.0213
live_ep_000041_DB_SLOWDOWN,DB_SLOWDOWN,order-service,python-simulator,0.5,1785987808.548435,66,0.9456,0.0544,closed,0.3779,37.79,0.3507,1.0,20.0,3.43,8.2,0.0,2.0,507.6,0.0016,0.0011,0.1785,0.1864,3,103.22,75.51,30.0,13,0.0009,175.3,2,0.0023
live_ep_000041_DB_SLOWDOWN,DB_SLOWDOWN,order-service,python-simulator,1.0,1785987809.0489514,34,0.9401,0.0599,closed,0.3531,35.31,0.4561,14.88,28.42,5.98,5.73,0.0092,2.0,526.5,0.0039,0.0053,0.2212,0.21,0,88.13,77.25,42.63,14,0.0276,193.42,13,0.0321
live_ep_000041_DB_SLOWDOWN,DB_SLOWDOWN,order-service,python-simulator,1.5,1785987809.549243,69,0.9607,0.0393,closed,0.4115,41.15,0.3197,19.69,20.0,5.87,6.62,0.0222,16.45,514.5,0.0005,0.0117,0.1984,0.2149,2,85.05,81.19,30.0,8,0.0155,176.7,0,0.0158
live_ep_000041_DB_SLOWDOWN,DB_SLOWDOWN,order-service,python-simulator,2.0,1785987810.0497005,52,0.9608,0.0392,closed,0.3465,34.65,0.1396,18.77,20.0,2.55,4.0,0.0,9.56,493.8,0.0031,0.0006,0.3061,0.2328,3,81.24,34.95,30.0,8,0.0139,164.21,11,0.0125
live_ep_000041_DB_SLOWDOWN,DB_SLOWDOWN,order-service,python-simulator,2.5,1785987810.550056,92,0.9557,0.0443,closed,0.3554,35.54,0.3107,5.94,21.06,6.08,5.92,0.007,5.68,525.1,0.0005,0.0039,0.2179,0.2561,4,94.12,93.79,31.6,5,0.0231,198.34,13,0.0035
live_ep_000041_DB_SLOWDOWN,DB_SLOWDOWN,order-service,python-simulator,3.0,1785987811.050628,29,0.9234,0.0766,closed,0.3517,35.17,0.3144,19.33,20.0,4.42,5.02,0.0055,35.58,528.1,0.006,0.0081,0.1929,0.2221,1,93.88,42.09,30.0,15,0.0396,201.28,10,0.0023
live_ep_000041_DB_SLOWDOWN,DB_SLOWDOWN,order-service,python-simulator,3.5,1785987811.5511365,25,0.986,0.014,closed,0.3511,35.11,0.3083,1.0,25.41,2.27,4.13,0.0009,10.83,497.3,0.0019,0.0082,0.2351,0.1996,3,93.29,70.88,35.93,14,0.0059,184.36,2,0.0032
live_ep_000041_DB_SLOWDOWN,DB_SLOWDOWN,order-service,python-simulator,4.0,1785987812.0521088,111,0.8936,0.1064,closed,0.3634,36.34,0.3241,3.23,25.05,4.93,12.52,0.0,7.42,528.5,0.0027,0.002,0.2087,0.2672,3,98.61,62.89,37.58,2,0.0587,166.38,9,0.0051
live_ep_000041_DB_SLOWDOWN,DB_SLOWDOWN,order-service,python-simulator,4.5,1785987812.5522847,95,0.88,0.12,closed,0.3918,39.18,0.2513,14.45,32.92,4.79,6.22,0.0,2.53,529.3,0.0038,0.0025,0.276,0.2573,2,95.76,59.4,49.38,15,0.0216,144.9,5,0.0099
live_ep_000041_DB_SLOWDOWN,DB_SLOWDOWN,order-service,python-simulator,5.0,1785987813.0525486,116,0.9895,0.0105,closed,0.3528,35.28,0.4552,9.19,31.67,2.82,11.77,0.0,13.34,530.3,0.0199,0.0,0.2968,0.2206,4,97.53,72.31,47.5,12,0.1,208.92,12,0.0037
live_ep_000041_DB_SLOWDOWN,DB_SLOWDOWN,order-service,python-simulator,5.5,1785987813.5527363,119,0.9668,0.0332,closed,0.3121,31.21,0.3411,24.8,20.54,5.44,5.3,0.0005,7.35,528.6,0.0042,0.0009,0.2456,0.2487,2,85.52,36.7,30.81,11,0.0493,200.55,5,0.0116
live_ep_000041_DB_SLOWDOWN,DB_SLOWDOWN,order-service,python-simulator,6.0,1785987814.0528092,62,0.9232,0.0768,closed,0.3281,32.81,0.4358,5.84,33.43,3.93,8.19,0.0092,10.34,548.8,0.008,0.0063,0.2283,0.2446,1,91.85,84.87,50.15,16,0.0565,175.13,10,0.0076
live_ep_000041_DB_SLOWDOWN,DB_SLOWDOWN,order-service,python-simulator,6.5,1785987814.5528538,96,0.9482,0.0518,closed,0.4795,47.95,0.2854,1.0,23.42,4.23,4.6,0.0,18.25,515.0,0.0023,0.0029,0.3067,0.198,4,84.23,77.11,35.13,16,0.0052,213.42,11,0.005
live_ep_000041_DB_SLOWDOWN,DB_SLOWDOWN,order-service,python-simulator,7.0,1785987815.0529642,66,0.99,0.01,closed,0.3441,34.41,0.4566,28.34,27.64,4.28,3.83,0.0,41.52,523.0,0.0132,0.0023,0.4025,0.3222,3,96.21,57.92,41.46,16,0.031,211.97,1,0.0045
live_ep_000041_DB_SLOWDOWN,DB_SLOWDOWN,order-service,python-simulator,7.5,1785987815.5534701,42,0.893,0.107,closed,0.3691,36.91,0.5146,3.53,37.82,6.66,6.89,0.0,2.0,484.9,0.003,0.0031,0.1579,0.2588,2,82.26,80.76,56.73,19,0.006,165.58,3,0.0093
live_ep_000041_DB_SLOWDOWN,DB_SLOWDOWN,order-service,python-simulator,8.0,1785987816.0537424,117,0.99,0.01,closed,0.3526,35.26,0.2791,1.0,23.84,4.08,4.17,0.0,60.0,511.7,0.0065,0.0055,0.1918,0.2586,4,92.42,87.85,35.77,9,0.0042,140.16,1,0.0114
live_ep_000041_DB_SLOWDOWN,DB_SLOWDOWN,order-service,python-simulator,8.5,1785987816.5537925,111,0.99,0.01,closed,0.3507,35.07,0.2787,5.61,27.26,2.64,5.42,0.0019,41.18,513.5,0.0022,0.0013,0.303,0.1992,0,81.65,70.9,40.9,7,0.0396,192.81,12,0.0033
live_ep_000041_DB_SLOWDOWN,DB_SLOWDOWN,order-service,python-simulator,9.0,1785987817.0542755,108,0.99,0.01,closed,0.3716,37.16,0.4314,18.0,23.34,5.92,4.03,0.0,46.71,515.8,0.0032,0.0052,0.3499,0.2607,4,98.26,90.66,35.01,0,0.0013,164.56,11,0.0154
live_ep_000041_DB_SLOWDOWN,DB_SLOWDOWN,order-service,python-simulator,9.5,1785987817.5549674,38,0.9813,0.0187,closed,0.3612,36.12,0.281,12.86,35.46,4.18,5.31,0.0,26.21,543.9,0.0053,0.001,0.2709,0.2531,0,74.32,70.42,53.2,1,0.0886,215.36,7,0.0044
live_ep_000041_DB_SLOWDOWN,DB_SLOWDOWN,order-service,python-simulator,10.0,1785987818.0566568,59,0.988,0.012,closed,0.3484,34.84,0.3259,1.0,20.0,3.87,5.43,0.0,4.76,512.3,0.0058,0.0,0.1609,0.2393,4,87.7,32.39,30.0,18,0.0255,182.1,12,0.0041
live_ep_000041_DB_SLOWDOWN,DB_SLOWDOWN,order-service,python-simulator,10.5,1785987818.5570965,106,0.9823,0.0177,closed,0.3304,33.04,0.3851,22.33,51.84,3.63,8.75,0.0129,8.68,517.4,0.0086,0.0084,0.2693,0.2292,1,91.06,88.97,77.77,15,0.1,225.17,9,0.0074
live_ep_000041_DB_SLOWDOWN,DB_SLOWDOWN,order-service,python-simulator,11.0,1785987819.057586,66,0.9231,0.0769,closed,0.3484,34.84,0.3871,23.06,35.35,8.32,6.06,0.0004,22.51,506.7,0.011,0.0013,0.3127,0.2912,0,99.75,83.89,53.02,4,0.018,180.81,14,0.0053
live_ep_000041_DB_SLOWDOWN,DB_SLOWDOWN,order-service,python-simulator,11.5,1785987819.5579762,117,0.99,0.01,closed,0.3414,34.14,0.3822,5.94,45.82,5.62,6.06,0.0094,15.28,565.2,0.0005,0.0072,0.3039,0.2487,4,100.18,70.55,68.73,2,0.0097,259.6,1,0.0064
live_ep_000041_DB_SLOWDOWN,DB_SLOWDOWN,order-service,python-simulator,12.0,1785987820.0583448,97,0.9463,0.0537,closed,0.3027,30.27,0.3722,10.91,42.75,9.16,4.71,0.0084,2.22,524.3,0.0082,0.0062,0.1038,0.2879,0,80.79,69.69,64.12,0,0.013,228.45,14,0.01
live_ep_000041_DB_SLOWDOWN,DB_SLOWDOWN,order-service,python-simulator,12.5,1785987820.558576,23,0.9824,0.0176,closed,0.2699,26.99,0.3739,1.0,23.71,4.42,5.87,0.0,15.76,538.1,0.0013,0.02,0.2491,0.2605,4,103.07,62.8,35.57,1,0.059,185.7,12,0.0055
live_ep_000041_DB_SLOWDOWN,DB_SLOWDOWN,order-service,python-simulator,13.0,1785987821.0587482,38,0.9377,0.0623,closed,0.3814,38.14,0.3736,1.0,30.2,2.51,7.29,0.0,25.5,535.3,0.0142,0.0016,0.2697,0.2623,2,104.57,98.56,45.29,0,0.0265,191.32,2,0.0053
live_ep_000041_DB_SLOWDOWN,DB_SLOWDOWN,order-service,python-simulator,13.5,1785987821.56021,92,0.9896,0.0104,closed,0.2896,28.96,0.377,7.37,26.95,1.9,12.58,0.0,9.55,490.3,0.0059,0.0006,0.2711,0.2233,0,98.08,89.19,40.42,10,0.0045,184.2,14,0.0027
live_ep_000041_DB_SLOWDOWN,DB_SLOWDOWN,order-service,python-simulator,14.0,1785987822.062686,73,0.9788,0.0212,closed,0.4481,44.81,0.4516,1.0,57.24,3.06,4.67,0.0061,42.08,547.1,0.0005,0.0053,0.1727,0.2331,2,89.57,86.57,85.86,6,0.1,184.34,13,0.0081
live_ep_000041_DB_SLOWDOWN,DB_SLOWDOWN,order-service,python-simulator,14.5,1785987822.5631223,69,0.9839,0.0161,closed,0.3213,32.13,0.38,17.34,39.98,3.73,8.63,0.0082,43.96,499.0,0.0026,0.0047,0.3554,0.2495,4,92.76,60.06,59.96,17,0.0876,225.85,13,0.0054
live_ep_000041_DB_SLOWDOWN,DB_SLOWDOWN,order-service,python-simulator,15.0,1785987823.0636013,71,0.9862,0.0138,closed,0.3384,33.84,0.371,10.4,37.86,5.66,7.92,0.0209,2.0,518.5,0.0052,0.0132,0.3074,0.2565,1,82.88,70.73,56.79,1,0.0334,196.81,3,0.0042
live_ep_000041_DB_SLOWDOWN,DB_SLOWDOWN,order-service,python-simulator,15.5,1785987823.6175437,56,0.9522,0.0478,closed,0.3365,33.65,0.5031,1.0,20.65,3.57,3.16,0.0,2.0,518.0,0.0069,0.0076,0.1726,0.2417,4,76.86,35.07,30.97,17,0.1,192.29,1,0.0065
live_ep_000041_DB_SLOWDOWN,DB_SLOWDOWN,order-service,python-simulator,16.0,1785987824.11804,106,0.978,0.022,closed,0.2716,27.16,0.3676,13.49,40.82,5.28,9.67,0.0028,19.79,511.7,0.0017,0.0054,0.3223,0.1999,0,89.75,62.82,61.24,8,0.0754,197.38,13,0.0057
live_ep_000041_DB_SLOWDOWN,DB_SLOWDOWN,order-service,python-simulator,16.5,1785987824.6195357,25,0.9533,0.0467,closed,0.4383,43.83,0.3976,1.0,36.35,3.14,12.22,0.0,10.83,503.5,0.0049,0.001,0.3148,0.2279,4,88.35,59.57,54.52,17,0.0906,211.08,8,0.0049
live_ep_000041_DB_SLOWDOWN,DB_SLOWDOWN,order-service,python-simulator,17.0,1785987825.123227,57,0.9086,0.0914,closed,0.4241,42.41,0.4717,26.43,35.86,8.38,9.9,0.0013,9.32,551.2,0.0008,0.0021,0.1917,0.277,3,92.01,74.91,53.79,2,0.0864,239.32,0,0.005
live_ep_000041_DB_SLOWDOWN,DB_SLOWDOWN,order-service,python-simulator,17.5,1785987825.6268916,99,0.9728,0.0272,closed,0.3733,37.33,0.3346,10.86,30.34,2.54,7.68,0.0,52.45,513.7,0.0026,0.0,0.2326,0.2775,4,93.15,69.63,45.51,5,0.0011,203.27,0,0.0051
live_ep_000041_DB_SLOWDOWN,DB_SLOWDOWN,order-service,python-simulator,18.0,1785987826.1270397,68,0.9799,0.0201,closed,0.321,32.1,0.3276,13.9,49.05,6.0,7.07,0.0,12.63,516.2,0.006,0.0015,0.2461,0.2757,0,98.8,83.04,73.58,18,0.0161,178.02,8,0.0196
live_ep_000041_DB_SLOWDOWN,DB_SLOWDOWN,order-service,python-simulator,18.5,1785987826.6277268,56,0.8862,0.1138,closed,0.3366,33.66,0.3366,24.56,55.7,3.75,7.2,0.0109,22.32,534.1,0.006,0.0056,0.1246,0.2649,4,92.08,89.27,83.54,16,0.0549,167.03,11,0.0216
live_ep_000041_DB_SLOWDOWN,DB_SLOWDOWN,order-service,python-simulator,19.0,1785987827.145711,68,0.9466,0.0534,closed,0.2402,24.02,0.2556,12.37,26.82,6.27,5.97,0.0011,12.62,548.7,0.0035,0.0044,0.293,0.2202,4,90.18,73.67,40.23,2,0.0248,202.48,1,0.0094
live_ep_000041_DB_SLOWDOWN,DB_SLOWDOWN,order-service,python-simulator,19.5,1785987827.647367,111,0.9472,0.0528,closed,0.3475,34.75,0.4795,17.68,49.63,9.54,8.3,0.0197,24.6,525.2,0.0,0.01,0.2291,0.2711,1,76.25,74.48,74.45,13,0.0394,182.81,8,0.011
live_ep_000041_DB_SLOWDOWN,DB_SLOWDOWN,order-service,python-simulator,20.0,1785987828.1478922,104,0.9753,0.0247,closed,0.2973,29.73,0.3513,10.02,44.49,4.29,6.78,0.0061,7.23,529.2,0.0005,0.0058,0.2614,0.2746,3,76.09,66.13,65.51,4,0.0658,169.14,5,0.0102
live_ep_000041_DB_SLOWDOWN,DB_SLOWDOWN,order-service,python-simulator,20.5,1785987828.6479847,118,0.9132,0.0868,closed,0.2807,28.07,0.3765,24.78,44.84,5.62,5.5,0.0047,12.96,517.1,0.0007,0.0028,0.3575,0.2093,2,90.44,69.5,67.26,15,0.0722,207.27,10,0.0074
live_ep_000041_DB_SLOWDOWN,DB_SLOWDOWN,order-service,python-simulator,21.0,1785987829.148149,23,0.9829,0.0171,closed,0.3828,38.28,0.3594,8.52,46.14,4.04,7.82,0.002,3.09,529.9,0.0054,0.0014,0.1717,0.201,3,77.6,73.0,69.21,2,0.0221,217.58,5,0.0052
live_ep_000041_DB_SLOWDOWN,DB_SLOWDOWN,order-service,python-simulator,21.5,1785987829.6486907,54,0.9826,0.0174,closed,0.3778,37.78,0.3524,28.97,39.07,5.94,4.19,0.0105,5.4,478.6,0.0011,0.0089,0.2752,0.2046,0,91.96,82.83,58.61,11,0.017,199.52,7,0.0106
live_ep_000041_DB_SLOWDOWN,DB_SLOWDOWN,order-service,python-simulator,22.0,1785987830.1490498,69,0.9395,0.0605,closed,0.3469,34.69,0.3615,12.89,38.22,4.18,11.92,0.0,15.8,505.0,0.0017,0.0008,0.3388,0.232,2,91.93,64.04,57.33,19,0.035,203.34,7,0.0236
live_ep_000041_DB_SLOWDOWN,DB_SLOWDOWN,order-service,python-simulator,22.5,1785987830.6492648,83,0.88,0.12,closed,0.4179,41.79,0.3487,28.52,65.81,3.28,7.94,0.0098,2.15,525.2,0.0074,0.0074,0.2045,0.304,3,87.44,92.75,94.69,3,0.0305,153.37,3,0.0098
live_ep_000041_DB_SLOWDOWN,DB_SLOWDOWN,order-service,python-simulator,23.0,1785987831.149441,40,0.88,0.12,closed,0.237,23.7,0.3178,28.8,50.0,4.65,5.33,0.0139,26.6,527.2,0.0005,0.0089,0.2836,0.2477,1,91.3,83.97,75.01,12,0.0027,170.03,4,0.0081
live_ep_000041_DB_SLOWDOWN,DB_SLOWDOWN,order-service,python-simulator,23.5,1785987831.6517854,101,0.8851,0.1149,closed,0.4326,43.26,0.3827,14.59,54.44,7.06,3.55,0.0,38.34,541.8,0.0125,0.0018,0.295,0.2815,1,73.82,79.53,81.67,0,0.1,206.35,14,0.0094
live_ep_000041_DB_SLOWDOWN,DB_SLOWDOWN,order-service,python-simulator,24.0,1785987832.15202,82,0.8935,0.1065,closed,0.3682,36.82,0.3748,3.16,31.78,2.67,7.92,0.0,7.0,509.1,0.0016,0.0042,0.2125,0.2108,0,97.88,58.95,47.66,6,0.0354,199.75,12,0.0107
live_ep_000041_DB_SLOWDOWN,DB_SLOWDOWN,order-service,python-simulator,24.5,1785987832.65213,42,0.9665,0.0335,closed,0.3357,33.57,0.2678,35.5,60.59,5.06,3.51,0.0119,53.98,508.7,0.0019,0.0069,0.2726,0.2673,3,95.44,93.4,90.89,10,0.0051,185.6,14,0.0153
live_ep_000041_DB_SLOWDOWN,DB_SLOWDOWN,order-service,python-simulator,25.0,1785987833.1522071,97,0.88,0.12,closed,0.3101,31.01,0.3158,51.89,65.04,3.43,4.03,0.0031,22.07,518.0,0.0025,0.003,0.2497,0.2167,3,95.68,97.33,97.57,0,0.0267,188.89,6,0.0067
live_ep_000041_DB_SLOWDOWN,DB_SLOWDOWN,order-service,python-simulator,25.5,1785987833.6524491,120,0.88,0.12,closed,0.3148,31.48,0.3732,12.35,45.52,4.93,5.52,0.0,5.96,477.2,0.0018,0.0004,0.3559,0.1761,1,81.48,70.39,68.28,8,0.0452,161.56,14,0.0104
live_ep_000041_DB_SLOWDOWN,DB_SLOWDOWN,order-service,python-simulator,26.0,1785987834.1529572,86,0.9729,0.0271,closed,0.44,44.0,0.3337,5.66,44.32,5.73,6.02,0.0,5.04,499.6,0.0074,0.001,0.235,0.2535,0,92.85,86.19,66.49,9,0.0283,169.9,12,0.0153
live_ep_000041_DB_SLOWDOWN,DB_SLOWDOWN,order-service,python-simulator,26.5,1785987834.6532261,88,0.88,0.12,closed,0.3239,32.39,0.2809,15.67,76.15,6.31,5.52,0.0026,16.25,576.9,0.0005,0.0061,0.3184,0.3446,4,84.28,95.62,114.23,6,0.0065,218.95,6,0.0086
live_ep_000041_DB_SLOWDOWN,DB_SLOWDOWN,order-service,python-simulator,27.0,1785987835.153356,92,0.9891,0.0109,closed,0.2974,29.74,0.3235,5.28,64.13,5.28,7.47,0.001,7.9,526.9,0.0003,0.0011,0.2405,0.2312,0,91.9,92.44,96.19,15,0.0108,171.08,0,0.0093
live_ep_000041_DB_SLOWDOWN,DB_SLOWDOWN,order-service,python-simulator,27.5,1785987835.6536453,108,0.9635,0.0365,closed,0.387,38.7,0.3451,17.19,47.61,3.05,5.51,0.0,20.25,539.8,0.0131,0.0024,0.2782,0.2302,1,93.83,89.6,71.41,1,0.0802,207.54,0,0.0102
live_ep_000041_DB_SLOWDOWN,DB_SLOWDOWN,order-service,python-simulator,28.0,1785987836.1541038,35,0.99,0.01,closed,0.3322,33.22,0.4234,19.19,43.74,3.5,8.61,0.0271,15.26,517.4,0.0018,0.0142,0.3443,0.2122,1,96.35,88.89,65.6,9,0.0199,215.32,1,0.0055
live_ep_000041_DB_SLOWDOWN,DB_SLOWDOWN,order-service,python-simulator,28.5,1785987836.6544304,103,0.9136,0.0864,closed,0.3024,30.24,0.4217,17.43,60.51,5.78,4.2,0.0034,11.92,524.5,0.0069,0.0058,0.3488,0.2445,4,96.7,91.72,90.76,1,0.019,185.0,14,0.0065
live_ep_000041_DB_SLOWDOWN,DB_SLOWDOWN,order-service,python-simulator,29.0,1785987837.1546772,43,0.9444,0.0556,closed,0.4387,43.87,0.3543,9.13,70.89,4.77,8.9,0.0137,5.56,486.9,0.0211,0.0086,0.3166,0.1848,3,105.67,105.94,106.33,3,0.0019,202.07,10,0.017
live_ep_000041_DB_SLOWDOWN,DB_SLOWDOWN,order-service,python-simulator,29.5,1785987837.6550548,87,0.88,0.12,closed,0.4217,42.17,0.3712,18.48,53.13,4.64,9.8,0.0,11.98,481.2,0.0085,0.001,0.2438,0.2605,1,88.57,84.66,79.7,19,0.0037,193.61,6,0.0059
live_ep_000041_DB_SLOWDOWN,DB_SLOWDOWN,order-service,python-simulator,30.0,1785987838.1556206,119,0.9757,0.0243,closed,0.2463,24.63,0.479,27.33,62.28,5.1,3.99,0.0023,11.16,516.5,0.0022,0.0016,0.2349,0.2415,0,88.57,92.09,93.41,7,0.029,204.72,12,0.0063
live_ep_000041_DB_SLOWDOWN,DB_SLOWDOWN,order-service,python-simulator,30.5,1785987838.6561131,119,0.9722,0.0278,closed,0.3865,38.65,0.4528,10.2,55.47,4.19,4.52,0.0072,29.03,506.7,0.0047,0.0073,0.254,0.2933,3,84.43,84.03,83.21,9,0.0102,208.82,2,0.0104
live_ep_000041_DB_SLOWDOWN,DB_SLOWDOWN,order-service,python-simulator,31.0,1785987839.1563218,72,0.967,0.033,closed,0.4657,46.57,0.4566,5.59,42.92,3.38,14.08,0.0032,13.97,519.2,0.007,0.0094,0.2435,0.2268,0,86.52,73.79,64.38,14,0.0022,201.21,11,0.0059
live_ep_000041_DB_SLOWDOWN,DB_SLOWDOWN,order-service,python-simulator,31.5,1785987839.6567829,69,0.9651,0.0349,closed,0.347,34.7,0.3264,15.63,91.95,2.34,5.4,0.0144,13.5,526.3,0.0139,0.0079,0.2844,0.2335,0,96.45,133.73,137.92,16,0.0059,175.89,0,0.0124
live_ep_000041_DB_SLOWDOWN,DB_SLOWDOWN,order-service,python-simulator,32.0,1785987840.1574783,36,0.88,0.12,closed,0.3383,33.83,0.385,12.51,54.03,5.28,5.86,0.001,21.76,510.7,0.0068,0.0014,0.3889,0.2843,3,81.52,81.05,81.05,16,0.0345,219.42,4,0.0065
live_ep_000041_DB_SLOWDOWN,DB_SLOWDOWN,order-service,python-simulator,32.5,1785987840.6577885,120,0.9758,0.0242,closed,0.344,34.4,0.4017,8.65,38.76,7.58,6.62,0.0032,5.23,545.8,0.0027,0.0059,0.2757,0.2667,1,77.99,63.39,58.14,9,0.0058,225.69,2,0.0075
live_ep_000041_DB_SLOWDOWN,DB_SLOWDOWN,order-service,python-simulator,33.0,1785987841.1581933,95,0.9544,0.0456,closed,0.3261,32.61,0.3782,20.94,40.21,4.48,5.87,0.0,2.0,520.3,0.0026,0.0007,0.151,0.1811,4,102.63,79.33,60.31,10,0.0704,200.1,8,0.0136
live_ep_000041_DB_SLOWDOWN,DB_SLOWDOWN,order-service,python-simulator,33.5,1785987841.6587293,25,0.9892,0.0108,closed,0.3422,34.22,0.4284,11.08,72.49,3.57,7.68,0.0471,2.0,521.9,0.0069,0.0238,0.2608,0.2451,1,91.1,91.16,108.74,14,0.1,178.65,6,0.0081
live_ep_000041_DB_SLOWDOWN,DB_SLOWDOWN,order-service,python-simulator,34.0,1785987842.1592848,95,0.99,0.01,closed,0.3628,36.28,0.3496,17.22,59.01,3.8,9.75,0.0036,13.14,496.4,0.0028,0.0057,0.2859,0.2711,0,94.76,94.48,88.52,17,0.0152,202.94,14,0.0072
live_ep_000041_DB_SLOWDOWN,DB_SLOWDOWN,order-service,python-simulator,34.5,1785987842.6594381,38,0.9146,0.0854,closed,0.3435,34.35,0.3524,21.91,74.66,3.39,5.08,0.005,2.21,504.4,0.006,0.0025,0.1927,0.2251,1,90.78,96.68,107.87,11,0.0701,211.71,0,0.0151
live_ep_000041_DB_SLOWDOWN,DB_SLOWDOWN,order-service,python-simulator,35.0,1785987843.1597168,82,0.8981,0.1019,closed,0.3791,37.91,0.4542,34.4,56.65,4.01,13.51,0.0093,2.35,489.3,0.0105,0.0056,0.379,0.2185,3,90.8,86.29,84.97,19,0.0307,187.75,1,0.0071
live_ep_000041_DB_SLOWDOWN,DB_SLOWDOWN,order-service,python-simulator,35.5,1785987843.6600094,49,0.8802,0.1198,closed,0.3224,32.24,0.39,57.43,114.16,5.74,9.27,0.02,14.26,496.7,0.0037,0.0121,0.2732,0.2211,3,91.24,161.6,162.41,10,0.0083,187.0,6,0.017
live_ep_000041_DB_SLOWDOWN,DB_SLOWDOWN,order-service,python-simulator,36.0,1785987844.1600997,43,0.9723,0.0277,closed,0.3216,32.16,0.4036,28.49,96.8,3.84,10.26,0.0152,17.22,505.3,0.001,0.0083,0.2239,0.1957,2,86.02,127.47,145.2,3,0.0533,179.3,9,0.0171
live_ep_000041_DB_SLOWDOWN,DB_SLOWDOWN,order-service,python-simulator,36.5,1785987844.6604068,75,0.99,0.01,closed,0.3699,36.99,0.3765,6.0,67.74,3.24,4.71,0.0041,5.52,536.9,0.0005,0.0054,0.3859,0.2415,3,82.22,95.2,101.61,9,0.0528,169.08,10,0.0103
live_ep_000041_DB_SLOWDOWN,DB_SLOWDOWN,order-service,python-simulator,37.0,1785987845.1644132,27,0.8979,0.1021,closed,0.397,39.7,0.3375,2.84,43.77,3.72,7.94,0.0037,8.3,505.3,0.0008,0.002,0.2082,0.2883,1,92.84,87.47,65.66,9,0.0854,216.32,12,0.0044
live_ep_000041_DB_SLOWDOWN,DB_SLOWDOWN,order-service,python-simulator,37.5,1785987845.6647584,107,0.9753,0.0247,closed,0.4465,44.65,0.357,42.23,60.8,3.17,7.22,0.0086,49.29,522.0,0.0043,0.0084,0.2568,0.2437,4,99.51,94.36,91.2,4,0.0256,210.97,6,0.0076
live_ep_000041_DB_SLOWDOWN,DB_SLOWDOWN,order-service,python-simulator,38.0,1785987846.164917,49,0.8828,0.1172,closed,0.3881,38.81,0.2144,12.16,73.39,3.3,5.12,0.004,9.15,540.7,0.0012,0.0068,0.1989,0.2943,2,80.96,107.53,110.09,17,0.0016,208.01,14,0.0123
live_ep_000041_DB_SLOWDOWN,DB_SLOWDOWN,order-service,python-simulator,38.5,1785987846.6654563,102,0.9683,0.0317,closed,0.3447,34.47,0.4088,22.63,60.1,2.68,5.79,0.0153,6.43,490.7,0.0055,0.0096,0.1695,0.1954,3,90.4,90.3,90.15,10,0.0047,192.27,12,0.0095
live_ep_000041_DB_SLOWDOWN,DB_SLOWDOWN,order-service,python-simulator,39.0,1785987847.1658676,48,0.8815,0.1185,closed,0.4478,44.78,0.2958,24.79,68.76,2.83,3.41,0.0087,25.6,506.2,0.0025,0.0051,0.2898,0.226,0,87.67,96.26,103.14,0,0.0125,201.36,3,0.0091
live_ep_000041_DB_SLOWDOWN,DB_SLOWDOWN,order-service,python-simulator,39.5,1785987847.6661494,78,0.9756,0.0244,closed,0.28,28.0,0.3975,24.25,79.04,3.43,2.98,0.0049,4.12,513.9,0.0094,0.0028,0.2813,0.2415,4,92.36,116.83,118.56,19,0.0107,222.63,11,0.0128
live_ep_000041_DB_SLOWDOWN,DB_SLOWDOWN,order-service,python-simulator,40.0,1785987848.166323,114,0.9664,0.0336,closed,0.3044,30.44,0.3274,43.83,72.98,9.31,3.53,0.0035,20.18,523.5,0.0102,0.0024,0.1778,0.2803,1,94.67,107.5,109.47,5,0.004,207.73,11,0.0082
live_ep_000041_DB_SLOWDOWN,DB_SLOWDOWN,order-service,python-simulator,40.5,1785987848.6668618,101,0.99,0.01,closed,0.3536,35.36,0.3277,28.02,82.83,3.35,6.89,0.0211,2.79,507.8,0.0225,0.0147,0.2818,0.2909,4,80.83,108.55,124.24,5,0.0188,216.28,0,0.027
live_ep_000041_DB_SLOWDOWN,DB_SLOWDOWN,order-service,python-simulator,41.0,1785987849.1673567,53,0.99,0.01,closed,0.4037,40.37,0.3271,15.5,36.86,6.84,3.55,0.0,11.53,500.9,0.0001,0.0036,0.2714,0.2221,4,80.82,68.56,55.29,7,0.0747,185.87,2,0.0135
live_ep_000041_DB_SLOWDOWN,DB_SLOWDOWN,order-service,python-simulator,41.5,1785987849.6675878,111,0.9676,0.0324,closed,0.3905,39.05,0.4177,8.18,71.56,3.19,11.27,0.004,12.07,510.3,0.0069,0.0045,0.3795,0.2327,4,95.37,105.07,107.34,8,0.0603,230.53,10,0.0113
live_ep_000041_DB_SLOWDOWN,DB_SLOWDOWN,order-service,python-simulator,42.0,1785987850.167948,58,0.9642,0.0358,closed,0.3165,31.65,0.3469,20.2,87.37,10.45,5.71,0.02,2.0,521.2,0.0021,0.0126,0.3331,0.2316,1,104.25,109.09,131.05,17,0.0033,171.61,7,0.0225
live_ep_000041_DB_SLOWDOWN,DB_SLOWDOWN,order-service,python-simulator,42.5,1785987850.6682258,74,0.88,0.12,closed,0.3971,39.71,0.5576,13.12,54.48,4.73,7.17,0.0,34.54,496.8,0.0019,0.0003,0.2607,0.2407,0,80.62,80.71,81.72,4,0.0039,186.72,2,0.0061
live_ep_000041_DB_SLOWDOWN,DB_SLOWDOWN,order-service,python-simulator,43.0,1785987851.1683638,92,0.9171,0.0829,closed,0.3897,38.97,0.4374,18.6,67.48,3.43,11.52,0.0011,2.68,483.4,0.0063,0.0006,0.1397,0.2636,2,94.67,94.67,94.88,9,0.0742,176.48,0,0.0149
live_ep_000041_DB_SLOWDOWN,DB_SLOWDOWN,order-service,python-simulator,43.5,1785987851.6686895,94,0.9884,0.0116,closed,0.3781,37.81,0.4166,24.46,91.58,5.71,10.49,0.0166,18.81,519.3,0.003,0.0105,0.2744,0.2401,0,97.94,125.78,137.36,9,0.0593,224.98,14,0.0158
live_ep_000041_DB_SLOWDOWN,DB_SLOWDOWN,order-service,python-simulator,44.0,1785987852.171904,71,0.9663,0.0337,closed,0.3843,38.43,0.433,29.0,91.53,4.73,6.27,0.0037,19.21,512.1,0.0109,0.0022,0.3425,0.2661,2,95.3,122.04,132.77,15,0.0249,233.43,8,0.0152
live_ep_000041_DB_SLOWDOWN,DB_SLOWDOWN,order-service,python-simulator,44.5,1785987852.6721566,108,0.9836,0.0164,closed,0.4162,41.62,0.3874,28.0,88.33,11.88,4.92,0.0087,6.69,528.6,0.0054,0.0044,0.3212,0.2409,1,92.98,98.19,126.6,5,0.0278,167.49,0,0.0113
live_ep_000041_DB_SLOWDOWN,DB_SLOWDOWN,order-service,python-simulator,45.0,1785987853.1726415,88,0.9822,0.0178,closed,0.3772,37.72,0.3291,30.6,84.36,4.08,7.17,0.0102,2.66,514.6,0.0,0.0064,0.2661,0.2066,4,73.88,108.74,126.54,13,0.0573,201.28,3,0.0244
live_ep_000041_DB_SLOWDOWN,DB_SLOWDOWN,order-service,python-simulator,45.5,1785987853.6729264,59,0.99,0.01,closed,0.3791,37.91,0.3337,51.4,80.23,1.9,4.59,0.0156,17.88,506.6,0.0001,0.0109,0.2294,0.2481,3,104.17,115.7,120.35,13,0.0215,198.61,9,0.0118
live_ep_000041_DB_SLOWDOWN,DB_SLOWDOWN,order-service,python-simulator,46.0,1785987854.1732378,34,0.9547,0.0453,closed,0.3237,32.37,0.2462,14.46,57.09,4.52,10.87,0.0068,8.67,499.5,0.0169,0.0054,0.3187,0.2254,1,95.59,88.34,85.63,19,0.0244,223.58,3,0.008
live_ep_000041_DB_SLOWDOWN,DB_SLOWDOWN,order-service,python-simulator,46.5,1785987854.6737523,112,0.9613,0.0387,closed,0.3619,36.19,0.3738,19.37,103.7,4.1,5.17,0.0153,2.0,500.2,0.0057,0.0086,0.3213,0.2562,3,92.57,104.49,155.55,18,0.0217,204.71,13,0.0107
live_ep_000041_DB_SLOWDOWN,DB_SLOWDOWN,order-service,python-simulator,47.0,1785987855.1738527,99,0.9883,0.0117,closed,0.405,40.5,0.4725,43.53,61.79,4.91,5.95,0.0022,21.05,524.0,0.0008,0.0025,0.2694,0.2301,0,94.98,94.27,92.69,6,0.0614,169.41,6,0.0063
live_ep_000041_DB_SLOWDOWN,DB_SLOWDOWN,order-service,python-simulator,47.5,1785987855.6739833,54,0.9809,0.0191,closed,0.3209,32.09,0.4084,34.43,90.81,5.31,14.12,0.0108,2.79,499.2,0.0195,0.0135,0.2405,0.2721,3,89.64,107.83,134.23,12,0.0407,223.59,1,0.0159
live_ep_000041_DB_SLOWDOWN,DB_SLOWDOWN,order-service,python-simulator,48.0,1785987856.1745272,63,0.9747,0.0253,closed,0.4151,41.51,0.4433,1.0,62.5,7.2,7.03,0.0038,42.85,517.0,0.0016,0.0052,0.233,0.2534,3,68.76,91.41,93.75,2,0.0671,187.7,2,0.0125
live_ep_000041_DB_SLOWDOWN,DB_SLOWDOWN,order-service,python-simulator,48.5,1785987856.6749465,83,0.9658,0.0342,closed,0.2819,28.19,0.3104,30.1,75.52,6.52,8.61,0.0017,36.59,533.0,0.0038,0.0069,0.3117,0.263,3,84.11,89.71,106.8,19,0.0154,179.02,10,0.0248
live_ep_000041_DB_SLOWDOWN,DB_SLOWDOWN,order-service,python-simulator,49.0,1785987857.175294,26,0.9344,0.0656,closed,0.3135,31.35,0.4406,28.72,119.85,3.44,6.26,0.0156,11.07,527.6,0.0014,0.0118,0.3289,0.2735,4,94.62,96.95,170.33,19,0.0473,209.95,9,0.0164
live_ep_000041_DB_SLOWDOWN,DB_SLOWDOWN,order-service,python-simulator,49.5,1785987857.67569,119,0.9405,0.0595,closed,0.3723,37.23,0.3374,48.08,88.65,3.85,10.53,0.004,41.03,503.9,0.0069,0.0057,0.2651,0.2553,1,86.34,119.47,131.43,17,0.0071,175.24,11,0.025
live_ep_000041_DB_SLOWDOWN,DB_SLOWDOWN,order-service,python-simulator,50.0,1785987858.175943,116,0.9754,0.0246,closed,0.4249,42.49,0.398,18.27,94.59,7.33,6.87,0.0141,16.88,505.9,0.0024,0.0075,0.2431,0.279,3,79.41,122.23,135.4,0,0.0263,167.17,13,0.0109
live_ep_000041_DB_SLOWDOWN,DB_SLOWDOWN,order-service,python-simulator,50.5,1785987858.676239,67,0.9821,0.0179,closed,0.2741,27.41,0.4312,21.49,76.05,5.77,4.32,0.0086,45.07,494.7,0.0035,0.0065,0.2605,0.221,0,88.25,90.38,98.84,10,0.064,196.86,13,0.0151
live_ep_000041_DB_SLOWDOWN,DB_SLOWDOWN,order-service,python-simulator,51.0,1785987859.1766856,50,0.9646,0.0354,closed,0.3426,34.26,0.334,28.47,94.6,3.72,6.08,0.0139,5.78,518.4,0.0011,0.0132,0.2555,0.2609,4,82.42,97.69,141.9,0,0.0385,182.0,13,0.018
live_ep_000041_DB_SLOWDOWN,DB_SLOWDOWN,order-service,python-simulator,51.5,1785987859.6771407,57,0.967,0.033,closed,0.3865,38.65,0.2844,45.94,120.71,2.06,6.0,0.0448,7.0,525.4,0.0135,0.0238,0.3099,0.2935,4,90.18,102.96,177.75,6,0.0906,172.15,9,0.0134
live_ep_000041_DB_SLOWDOWN,DB_SLOWDOWN,order-service,python-simulator,52.0,1785987860.177269,58,0.9808,0.0192,closed,0.2863,28.63,0.4217,34.39,88.08,3.96,5.4,0.0221,5.14,480.1,0.0036,0.0124,0.2396,0.2121,4,90.22,108.6,132.11,0,0.0151,209.04,13,0.0142
live_ep_000041_DB_SLOWDOWN,DB_SLOWDOWN,order-service,python-simulator,52.5,1785987860.6774282,123,0.9694,0.0306,closed,0.3682,36.82,0.3069,31.4,81.95,4.21,6.2,0.0208,19.7,498.0,0.0062,0.0162,0.229,0.1947,0,80.77,103.44,122.92,17,0.0015,195.3,10,0.0083
live_ep_000041_DB_SLOWDOWN,DB_SLOWDOWN,order-service,python-simulator,53.0,1785987861.1777458,58,0.9553,0.0447,closed,0.3329,33.29,0.5153,40.04,89.82,5.13,20.05,0.0098,2.0,519.0,0.0015,0.0063,0.3327,0.2449,3,87.26,117.1,119.8,2,0.031,208.65,1,0.0154
live_ep_000041_DB_SLOWDOWN,DB_SLOWDOWN,order-service,python-simulator,53.5,1785987861.6779864,35,0.986,0.014,closed,0.4254,42.54,0.5141,33.42,70.69,6.75,15.71,0.0035,9.59,503.4,0.0017,0.0055,0.2015,0.2689,1,89.4,97.33,106.03,0,0.0284,171.41,3,0.025
live_ep_000041_DB_SLOWDOWN,DB_SLOWDOWN,order-service,python-simulator,54.0,1785987862.1781504,44,0.9809,0.0191,closed,0.3221,32.21,0.4425,46.23,135.7,8.61,6.68,0.0224,11.41,537.6,0.002,0.0237,0.2924,0.2844,4,81.96,126.35,203.54,11,0.0229,219.4,4,0.0174
live_ep_000041_DB_SLOWDOWN,DB_SLOWDOWN,order-service,python-simulator,54.5,1785987862.6785321,34,0.9315,0.0685,closed,0.3878,38.78,0.3918,19.89,71.68,4.6,7.69,0.0182,3.19,481.6,0.0049,0.0122,0.1867,0.2337,0,86.78,88.03,107.53,15,0.0024,186.5,9,0.0083
live_ep_000041_DB_SLOWDOWN,DB_SLOWDOWN,order-service,python-simulator,55.0,1785987863.1787174,113,0.9536,0.0464,closed,0.3549,35.49,0.3041,27.94,91.91,10.49,7.04,0.0084,2.0,515.5,0.0006,0.0074,0.234,0.2218,0,89.0,111.7,137.86,10,0.0788,213.15,5,0.0143
live_ep_000041_DB_SLOWDOWN,DB_SLOWDOWN,order-service,python-simulator,55.5,1785987863.678966,70,0.9751,0.0249,closed,0.3903,39.03,0.433,20.81,78.57,2.98,10.93,0.0117,2.0,483.6,0.001,0.0087,0.2496,0.2542,1,83.72,111.3,114.65,3,0.0918,196.92,11,0.0171
live_ep_000041_DB_SLOWDOWN,DB_SLOWDOWN,order-service,python-simulator,56.0,1785987864.1793694,45,0.9237,0.0763,closed,0.2548,25.48,0.4769,35.08,121.43,5.75,13.59,0.0111,4.93,503.7,0.0082,0.0072,0.2169,0.2355,4,71.15,120.9,182.14,1,0.0012,193.99,12,0.0133
live_ep_000041_DB_SLOWDOWN,DB_SLOWDOWN,order-service,python-simulator,56.5,1785987864.6798942,36,0.9068,0.0932,closed,0.4252,42.52,0.3875,7.51,59.03,3.08,3.51,0.0075,7.86,519.8,0.0024,0.0047,0.2695,0.2763,2,85.69,88.36,88.55,16,0.097,217.46,9,0.0075
live_ep_000041_DB_SLOWDOWN,DB_SLOWDOWN,order-service,python-simulator,57.0,1785987865.1804495,105,0.962,0.038,closed,0.3652,36.52,0.4406,14.69,60.72,9.6,4.69,0.0075,8.23,510.2,0.0056,0.01,0.258,0.2648,4,95.95,94.31,91.08,14,0.0428,215.04,12,0.0108
live_ep_000041_DB_SLOWDOWN,DB_SLOWDOWN,order-service,python-simulator,57.5,1785987865.6806185,123,0.9896,0.0104,closed,0.3868,38.68,0.4511,19.41,89.94,5.47,9.23,0.0322,30.44,507.0,0.0069,0.0168,0.2352,0.2832,4,86.07,126.19,134.92,0,0.0671,175.43,8,0.0136
live_ep_000041_DB_SLOWDOWN,DB_SLOWDOWN,order-service,python-simulator,58.0,1785987866.1809103,24,0.99,0.01,closed,0.3977,39.77,0.3254,37.45,96.83,6.24,8.19,0.006,23.29,521.1,0.0023,0.0047,0.3466,0.2617,0,94.96,139.13,145.25,13,0.0123,192.36,13,0.0244
live_ep_000041_DB_SLOWDOWN,DB_SLOWDOWN,order-service,python-simulator,58.5,1785987866.6814713,103,0.9158,0.0842,closed,0.3464,34.64,0.5536,22.75,93.09,1.32,4.04,0.0194,2.0,529.7,0.0054,0.0098,0.2238,0.2597,2,86.77,138.3,139.64,11,0.0448,166.53,4,0.0135
live_ep_000041_DB_SLOWDOWN,DB_SLOWDOWN,order-service,python-simulator,59.0,1785987867.1819205,36,0.9654,0.0346,closed,0.4005,40.05,0.3482,29.93,96.17,3.22,8.71,0.0241,2.83,522.2,0.0075,0.0148,0.2698,0.2671,1,90.95,130.36,138.46,14,0.036,211.78,1,0.0113
live_ep_000041_DB_SLOWDOWN,DB_SLOWDOWN,order-service,python-simulator,59.5,1785987867.682245,39,0.9321,0.0679,closed,0.2665,26.65,0.3201,42.56,99.46,10.39,12.64,0.0077,2.0,513.5,0.0003,0.0106,0.3295,0.2146,0,98.23,145.69,147.03,17,0.0218,189.77,13,0.0117
live_ep_000042_CASCADING_FAILURE,CASCADING_FAILURE,inventory-service,python-simulator,0.0,1785987868.1835182,81,0.946,0.054,closed,0.3128,31.28,0.2495,6.38,24.94,5.5,3.74,0.0015,12.75,518.7,0.0037,0.0012,0.1643,0.23,0,107.45,116.65,143.85,2,0.0053,214.88,9,0.0054
live_ep_000042_CASCADING_FAILURE,CASCADING_FAILURE,inventory-service,python-simulator,0.5,1785987868.683862,35,0.99,0.01,closed,0.3521,35.21,0.4384,1.74,25.94,5.18,6.0,0.0057,13.78,487.0,0.0001,0.0022,0.2227,0.22,4,97.87,118.04,122.38,0,0.0068,188.7,2,0.0013
live_ep_000042_CASCADING_FAILURE,CASCADING_FAILURE,inventory-service,python-simulator,1.0,1785987869.184022,56,0.9541,0.0459,closed,0.3533,35.33,0.3452,10.79,15.13,4.81,5.91,0.0275,24.0,524.5,0.003,0.0001,0.2027,0.2529,2,92.84,106.02,132.51,12,0.0177,199.11,11,0.0052
live_ep_000042_CASCADING_FAILURE,CASCADING_FAILURE,inventory-service,python-simulator,1.5,1785987869.6843226,109,0.9689,0.0311,closed,0.4083,40.83,0.4743,13.46,26.6,3.94,4.89,0.0097,7.54,500.6,0.0015,0.0001,0.2272,0.2591,0,101.6,101.84,108.41,14,0.0787,177.05,9,0.0148
live_ep_000042_CASCADING_FAILURE,CASCADING_FAILURE,inventory-service,python-simulator,2.0,1785987870.1844642,96,0.9839,0.0161,closed,0.3425,34.25,0.2948,3.83,29.88,4.0,5.69,0.0088,11.88,498.5,0.0117,0.0036,0.1238,0.2671,3,73.96,84.14,127.41,16,0.0438,206.83,4,0.0012
live_ep_000042_CASCADING_FAILURE,CASCADING_FAILURE,inventory-service,python-simulator,2.5,1785987870.684793,57,0.9657,0.0343,closed,0.3098,30.98,0.2617,0.5,20.68,5.29,5.23,0.0056,25.75,532.1,0.0117,0.0046,0.2335,0.2225,1,96.25,106.82,107.54,6,0.0199,181.51,11,0.0088
live_ep_000042_CASCADING_FAILURE,CASCADING_FAILURE,inventory-service,python-simulator,3.0,1785987871.1852748,65,0.9355,0.0645,closed,0.5092,50.92,0.368,0.5,24.52,8.07,4.56,0.0023,19.27,510.1,0.0023,0.0059,0.2911,0.2145,1,96.73,112.36,116.95,19,0.0054,198.8,5,0.0026
live_ep_000042_CASCADING_FAILURE,CASCADING_FAILURE,inventory-service,python-simulator,3.5,1785987871.6856837,25,0.9894,0.0106,closed,0.3934,39.34,0.3161,0.92,15.45,4.41,4.23,0.0027,2.91,545.7,0.0003,0.0006,0.2715,0.2239,0,77.08,101.04,126.09,15,0.0095,200.3,6,0.0004
live_ep_000042_CASCADING_FAILURE,CASCADING_FAILURE,inventory-service,python-simulator,4.0,1785987872.1860938,74,0.931,0.069,closed,0.4504,45.04,0.3877,1.48,11.7,5.13,3.88,0.0047,19.12,518.4,0.0003,0.003,0.339,0.2798,2,95.7,118.12,129.1,13,0.019,190.65,0,0.004
live_ep_000042_CASCADING_FAILURE,CASCADING_FAILURE,inventory-service,python-simulator,4.5,1785987872.6866918,90,0.9677,0.0323,closed,0.3242,32.42,0.2859,3.69,15.84,5.7,5.15,0.0173,47.35,486.8,0.0024,0.004,0.2859,0.1899,1,75.3,82.32,136.84,4,0.0179,224.32,9,0.0041
live_ep_000042_CASCADING_FAILURE,CASCADING_FAILURE,inventory-service,python-simulator,5.0,1785987873.187377,108,0.9587,0.0413,closed,0.2856,28.56,0.2772,1.3,25.05,9.49,6.44,0.0078,2.0,527.0,0.0084,0.0024,0.1706,0.2546,3,86.65,94.85,134.11,13,0.0033,182.03,12,0.0045
live_ep_000042_CASCADING_FAILURE,CASCADING_FAILURE,inventory-service,python-simulator,5.5,1785987873.6878717,98,0.984,0.016,closed,0.2597,25.97,0.4549,4.22,20.37,2.71,5.53,0.0241,9.59,525.2,0.0007,0.0112,0.2885,0.2252,2,95.79,102.88,105.61,12,0.0276,214.3,9,0.0019
live_ep_000042_CASCADING_FAILURE,CASCADING_FAILURE,inventory-service,python-simulator,6.0,1785987874.188326,97,0.99,0.01,closed,0.3213,32.13,0.4725,3.78,28.14,2.9,4.79,0.02,2.0,517.8,0.0007,0.0056,0.2755,0.3064,2,96.31,103.25,115.47,14,0.0525,172.64,6,0.0024
live_ep_000042_CASCADING_FAILURE,CASCADING_FAILURE,inventory-service,python-simulator,6.5,1785987874.6888883,53,0.99,0.01,closed,0.4009,40.09,0.1966,0.5,13.09,4.82,4.36,0.002,60.0,493.0,0.0119,0.0045,0.284,0.2378,4,105.53,109.27,110.64,15,0.0156,200.02,10,0.0126
live_ep_000042_CASCADING_FAILURE,CASCADING_FAILURE,inventory-service,python-simulator,7.0,1785987875.1891963,305,0.88,0.12,closed,0.8477,84.77,0.6015,8.0,20.0,5.52,4.8,0.0014,186.83,670.6,0.0038,0.0009,0.1465,0.381,3,80.43,1480.59,1643.6,254,0.0009,189.95,432,0.0036
live_ep_000042_CASCADING_FAILURE,CASCADING_FAILURE,inventory-service,python-simulator,7.5,1785987875.6896813,310,0.9744,0.0256,closed,0.8358,83.58,0.2751,8.0,20.0,5.59,7.0,0.0068,184.57,690.5,0.0027,0.0054,0.2579,0.3414,4,99.43,1394.94,1467.89,250,0.0041,221.35,430,0.0038
live_ep_000042_CASCADING_FAILURE,CASCADING_FAILURE,inventory-service,python-simulator,8.0,1785987876.1898007,322,0.9849,0.0151,closed,0.7944,79.44,0.3545,8.66,21.64,3.92,7.4,0.0228,163.69,682.2,0.0048,0.0129,0.2657,0.333,1,91.5,319.88,1486.63,238,0.0137,215.6,402,0.0074
live_ep_000042_CASCADING_FAILURE,CASCADING_FAILURE,inventory-service,python-simulator,8.5,1785987876.6899242,341,0.99,0.01,closed,0.823,82.3,0.3312,8.0,20.0,3.99,4.29,0.0063,166.61,689.8,0.0046,0.0038,0.2833,0.3091,2,80.23,541.89,1391.14,246,0.0038,214.96,414,0.0025
live_ep_000042_CASCADING_FAILURE,CASCADING_FAILURE,inventory-service,python-simulator,9.0,1785987877.1904285,296,0.88,0.12,closed,0.8217,82.17,0.4993,8.0,20.0,5.5,11.15,0.0135,171.22,626.3,0.0032,0.0068,0.2461,0.2761,3,80.0,1261.71,1501.54,246,0.0081,187.87,412,0.0097
live_ep_000042_CASCADING_FAILURE,CASCADING_FAILURE,inventory-service,python-simulator,9.5,1785987877.6907654,362,0.9624,0.0376,closed,0.8845,88.45,0.2683,8.0,20.0,7.52,3.37,0.0159,183.17,698.9,0.0036,0.0099,0.2707,0.2986,2,82.3,379.77,1405.03,265,0.0095,214.1,456,0.0053
live_ep_000042_CASCADING_FAILURE,CASCADING_FAILURE,inventory-service,python-simulator,10.0,1785987878.1909423,301,0.9663,0.0337,closed,0.7966,79.66,0.378,11.2,27.99,9.26,4.56,0.0121,163.1,668.2,0.0075,0.0066,0.3286,0.3255,0,81.29,645.4,1642.5,238,0.0073,211.38,403,0.0045
live_ep_000042_CASCADING_FAILURE,CASCADING_FAILURE,inventory-service,python-simulator,10.5,1785987878.6913207,299,0.99,0.01,closed,0.9144,91.44,0.3486,9.34,23.35,6.12,3.43,0.0151,184.88,665.5,0.0032,0.0079,0.2208,0.3138,4,84.57,1267.97,1511.98,274,0.0091,205.07,457,0.0094
live_ep_000042_CASCADING_FAILURE,CASCADING_FAILURE,inventory-service,python-simulator,11.0,1785987879.1916401,357,0.99,0.01,closed,0.7971,79.71,0.3311,9.21,23.03,3.47,9.78,0.0079,186.6,663.0,0.0017,0.0042,0.1786,0.3123,2,86.2,107.22,1278.04,239,0.0047,213.06,407,0.0053
live_ep_000042_CASCADING_FAILURE,CASCADING_FAILURE,inventory-service,python-simulator,11.5,1785987879.692206,348,0.9293,0.0707,closed,0.8692,86.92,0.5396,9.33,23.33,8.88,4.19,0.0096,176.74,686.9,0.0075,0.0065,0.2429,0.364,0,107.55,1004.51,1400.78,260,0.0058,212.0,443,0.0181
live_ep_000042_CASCADING_FAILURE,CASCADING_FAILURE,inventory-service,python-simulator,12.0,1785987880.1946623,333,0.9872,0.0128,closed,0.8327,83.27,0.3852,9.31,23.26,5.02,7.48,0.0272,168.54,707.2,0.0209,0.0161,0.2593,0.3265,1,91.4,743.14,1573.2,249,0.0163,165.43,420,0.009
live_ep_000042_CASCADING_FAILURE,CASCADING_FAILURE,inventory-service,python-simulator,12.5,1785987880.6950047,305,0.99,0.01,closed,0.8874,88.74,0.4187,10.02,25.04,5.07,2.42,0.0243,182.88,694.2,0.0074,0.0146,0.2828,0.2756,2,104.79,1495.52,1666.6,266,0.0146,180.51,445,0.0139
live_ep_000042_CASCADING_FAILURE,CASCADING_FAILURE,inventory-service,python-simulator,13.0,1785987881.1953182,345,0.9826,0.0174,closed,0.878,87.8,0.4181,12.2,30.49,5.72,9.01,0.0223,179.71,691.8,0.0045,0.0117,0.2224,0.3537,1,97.56,1398.5,1555.38,263,0.0134,184.58,443,0.0119
live_ep_000042_CASCADING_FAILURE,CASCADING_FAILURE,inventory-service,python-simulator,13.5,1785987881.6956723,302,0.99,0.01,closed,0.7915,79.15,0.4418,8.0,20.0,3.37,3.13,0.0171,163.58,646.3,0.0051,0.0094,0.2064,0.3139,0,80.5,1132.07,1468.55,237,0.0103,192.54,401,0.0208
live_ep_000042_CASCADING_FAILURE,CASCADING_FAILURE,inventory-service,python-simulator,14.0,1785987882.1960998,324,0.9602,0.0398,closed,0.9883,98.83,0.3554,17.13,42.81,5.46,4.53,0.0134,205.34,710.0,0.0181,0.0081,0.3571,0.378,3,101.31,443.15,1621.82,296,0.008,202.37,500,0.0206
live_ep_000042_CASCADING_FAILURE,CASCADING_FAILURE,inventory-service,python-simulator,14.5,1785987882.696288,330,0.9811,0.0189,closed,0.765,76.5,0.4255,8.0,20.0,4.41,8.51,0.0152,168.47,674.5,0.0033,0.0085,0.2983,0.3708,3,93.65,252.6,1413.18,229,0.0091,198.5,394,0.0058
live_ep_000042_CASCADING_FAILURE,CASCADING_FAILURE,inventory-service,python-simulator,15.0,1785987883.196773,333,0.9099,0.0901,closed,0.8375,83.75,0.4482,13.61,34.03,4.0,4.63,0.0195,183.66,681.0,0.0107,0.0209,0.2292,0.2867,3,96.18,1432.24,1609.73,251,0.0117,210.17,418,0.0104
live_ep_000042_CASCADING_FAILURE,CASCADING_FAILURE,inventory-service,python-simulator,15.5,1785987883.6969852,284,0.9541,0.0459,closed,0.8259,82.59,0.2939,11.29,28.22,5.51,5.26,0.025,195.83,675.2,0.0061,0.0132,0.1572,0.2862,2,97.1,1572.23,1623.61,247,0.015,172.54,419,0.0161
live_ep_000042_CASCADING_FAILURE,CASCADING_FAILURE,inventory-service,python-simulator,16.0,1785987884.1970687,332,0.9417,0.0583,closed,0.8953,89.53,0.5224,9.28,23.21,6.42,9.16,0.0213,181.06,701.3,0.0102,0.0109,0.0961,0.3377,2,99.45,1370.81,1468.05,268,0.0128,206.66,461,0.0102
live_ep_000042_CASCADING_FAILURE,CASCADING_FAILURE,inventory-service,python-simulator,16.5,1785987884.6975436,271,0.967,0.033,closed,0.7644,76.44,0.378,12.13,30.32,5.8,9.95,0.017,163.8,683.0,0.0158,0.0102,0.1958,0.3319,1,96.58,966.67,1308.9,229,0.0102,222.47,390,0.0063
live_ep_000042_CASCADING_FAILURE,CASCADING_FAILURE,inventory-service,python-simulator,17.0,1785987885.1977327,288,0.9732,0.0268,closed,0.8525,85.25,0.2597,9.39,23.49,8.09,4.45,0.0239,181.96,658.5,0.0057,0.0128,0.1831,0.3233,2,113.2,1100.6,1487.2,255,0.0143,192.14,433,0.0073
live_ep_000042_CASCADING_FAILURE,CASCADING_FAILURE,inventory-service,python-simulator,17.5,1785987885.698247,285,0.99,0.01,closed,0.823,82.3,0.5,11.7,29.26,3.69,8.33,0.0272,170.28,671.3,0.0108,0.0157,0.3085,0.3524,5,88.42,202.13,1535.57,246,0.0163,198.5,424,0.0115
live_ep_000042_CASCADING_FAILURE,CASCADING_FAILURE,inventory-service,python-simulator,18.0,1785987886.1987333,289,0.8904,0.1096,closed,0.7994,79.94,0.3163,15.32,38.29,5.39,5.87,0.0203,176.88,658.9,0.0221,0.0107,0.2594,0.2971,1,92.46,1136.53,1423.01,239,0.0122,230.9,406,0.0071
live_ep_000042_CASCADING_FAILURE,CASCADING_FAILURE,inventory-service,python-simulator,18.5,1785987886.6992426,341,0.9868,0.0132,closed,0.8623,86.23,0.281,13.22,33.06,3.0,3.53,0.0183,197.78,660.2,0.0052,0.0113,0.318,0.3365,1,109.72,699.55,1513.06,258,0.011,216.5,437,0.0212
live_ep_000042_CASCADING_FAILURE,CASCADING_FAILURE,inventory-service,python-simulator,19.0,1785987887.1994028,349,0.9506,0.0494,closed,0.9788,97.88,0.2265,8.88,22.2,3.75,5.38,0.0319,211.88,734.2,0.017,0.0176,0.218,0.3726,5,96.34,107.13,1632.17,293,0.0192,209.63,492,0.0105
live_ep_000042_CASCADING_FAILURE,CASCADING_FAILURE,inventory-service,python-simulator,19.5,1785987887.6995738,345,0.99,0.01,closed,0.777,77.7,0.2045,14.53,36.33,3.25,8.12,0.0439,184.28,667.5,0.0115,0.022,0.2821,0.3731,5,102.51,331.9,1337.12,233,0.0263,202.53,392,0.0223
live_ep_000042_CASCADING_FAILURE,CASCADING_FAILURE,inventory-service,python-simulator,20.0,1785987888.1996722,291,0.9818,0.0182,closed,0.8248,82.48,0.4929,8.59,21.48,6.86,6.6,0.0299,173.11,699.3,0.0077,0.0163,0.2648,0.4035,5,101.09,873.35,1351.24,247,0.0179,219.1,425,0.0111
live_ep_000042_CASCADING_FAILURE,CASCADING_FAILURE,inventory-service,python-simulator,20.5,1785987888.7000017,363,0.99,0.01,closed,0.8298,82.98,0.2449,17.04,42.59,2.99,3.55,0.0353,169.27,693.2,0.0095,0.0177,0.3076,0.2985,5,97.94,1386.62,1551.67,248,0.0212,202.82,420,0.0122
live_ep_000042_CASCADING_FAILURE,CASCADING_FAILURE,inventory-service,python-simulator,21.0,1785987889.2005033,334,0.99,0.01,closed,0.7895,78.95,0.3251,10.3,25.74,6.8,5.01,0.0313,171.31,662.5,0.0074,0.0182,0.1922,0.2897,4,103.96,1333.65,1461.56,236,0.0188,244.08,402,0.0176
live_ep_000042_CASCADING_FAILURE,CASCADING_FAILURE,inventory-service,python-simulator,21.5,1785987889.7010524,290,0.88,0.12,closed,0.8657,86.57,0.5402,10.75,26.87,8.47,7.3,0.025,175.13,683.3,0.0124,0.0172,0.2272,0.2746,3,101.92,1550.17,1671.46,259,0.015,179.82,435,0.0204
live_ep_000042_CASCADING_FAILURE,CASCADING_FAILURE,inventory-service,python-simulator,22.0,1785987890.2020836,356,0.981,0.019,closed,0.8456,84.56,0.2973,12.23,30.57,3.15,4.6,0.0359,175.04,671.7,0.0083,0.0185,0.2387,0.3289,1,93.29,1489.76,1490.17,253,0.0215,176.78,422,0.0235
live_ep_000042_CASCADING_FAILURE,CASCADING_FAILURE,inventory-service,python-simulator,22.5,1785987890.7030253,380,0.9009,0.0991,closed,0.932,93.2,0.5805,12.37,30.93,4.43,6.56,0.04,205.94,707.1,0.025,0.0254,0.2089,0.2784,2,104.76,1055.97,1596.41,279,0.024,228.65,473,0.022
live_ep_000042_CASCADING_FAILURE,CASCADING_FAILURE,inventory-service,python-simulator,23.0,1785987891.2034051,302,0.9734,0.0266,closed,0.8331,83.31,0.3439,24.9,62.26,4.75,3.86,0.0479,168.61,677.1,0.0132,0.031,0.1863,0.3251,2,103.71,997.49,1498.74,249,0.0287,178.49,419,0.0146
live_ep_000042_CASCADING_FAILURE,CASCADING_FAILURE,inventory-service,python-simulator,23.5,1785987891.7037613,337,0.9644,0.0356,closed,0.8318,83.18,0.2514,20.06,50.16,2.15,6.44,0.0352,201.58,677.8,0.0132,0.0188,0.369,0.3111,1,96.81,1082.21,1395.83,249,0.0211,219.79,422,0.0122
live_ep_000042_CASCADING_FAILURE,CASCADING_FAILURE,inventory-service,python-simulator,24.0,1785987892.2041116,277,0.8829,0.1171,closed,0.8571,85.71,0.3007,18.68,46.69,8.77,8.38,0.0414,177.54,655.0,0.0127,0.0248,0.2141,0.3436,4,116.1,352.96,1478.97,257,0.0248,250.19,430,0.017
live_ep_000042_CASCADING_FAILURE,CASCADING_FAILURE,inventory-service,python-simulator,24.5,1785987892.7043967,289,0.9838,0.0162,closed,0.8511,85.11,0.3397,9.32,23.29,4.36,5.03,0.0284,187.46,701.3,0.0117,0.0172,0.2934,0.384,2,110.24,1353.73,1367.9,255,0.017,184.63,432,0.0107
live_ep_000042_CASCADING_FAILURE,CASCADING_FAILURE,inventory-service,python-simulator,25.0,1785987893.2051256,248,0.9333,0.0667,closed,0.7551,75.51,0.3636,11.03,27.57,5.8,4.84,0.0338,153.01,637.3,0.0093,0.0185,0.2931,0.3304,5,95.94,727.01,1357.34,226,0.0203,226.36,379,0.0128
live_ep_000042_CASCADING_FAILURE,CASCADING_FAILURE,inventory-service,python-simulator,25.5,1785987893.7054193,302,0.99,0.01,closed,0.8638,86.38,0.352,13.38,33.46,7.96,5.18,0.0446,227.19,652.7,0.0171,0.023,0.2567,0.3498,3,101.94,1251.65,1438.94,259,0.0268,214.36,442,0.0211
live_ep_000042_CASCADING_FAILURE,CASCADING_FAILURE,inventory-service,python-simulator,26.0,1785987894.205788,340,0.88,0.12,closed,0.7535,75.35,0.324,13.44,33.6,4.88,5.58,0.0377,155.49,635.0,0.019,0.0238,0.1387,0.3599,3,104.43,1126.14,1358.78,226,0.0226,232.22,379,0.0128
live_ep_000042_CASCADING_FAILURE,CASCADING_FAILURE,inventory-service,python-simulator,26.5,1785987894.7062504,304,0.9343,0.0657,closed,0.8339,83.39,0.4591,18.74,46.85,7.45,9.78,0.0386,179.61,725.3,0.0197,0.0238,0.2819,0.3464,5,111.85,1476.66,1561.95,250,0.0231,254.68,420,0.0142
live_ep_000042_CASCADING_FAILURE,CASCADING_FAILURE,inventory-service,python-simulator,27.0,1785987895.206663,302,0.88,0.12,closed,0.8251,82.51,0.4478,17.41,43.52,3.5,7.67,0.0394,175.43,676.1,0.0143,0.0226,0.2622,0.3827,4,115.35,458.71,1587.36,247,0.0236,183.71,424,0.0289
live_ep_000042_CASCADING_FAILURE,CASCADING_FAILURE,inventory-service,python-simulator,27.5,1785987895.7068274,334,0.9587,0.0413,closed,0.851,85.1,0.3614,19.16,47.89,4.23,5.11,0.0435,182.3,700.7,0.0115,0.022,0.1831,0.3102,2,113.62,923.01,1568.53,255,0.0261,218.53,439,0.02
live_ep_000042_CASCADING_FAILURE,CASCADING_FAILURE,inventory-service,python-simulator,28.0,1785987896.207083,293,0.99,0.01,closed,0.7693,76.93,0.3639,16.31,40.76,4.59,4.5,0.0345,167.64,660.1,0.0084,0.0176,0.2061,0.284,5,111.86,1455.91,1601.29,230,0.0207,241.05,390,0.0194
live_ep_000042_CASCADING_FAILURE,CASCADING_FAILURE,inventory-service,python-simulator,28.5,1785987896.7074988,318,0.9805,0.0195,closed,0.8697,86.97,0.5024,10.08,25.21,6.52,7.79,0.0333,177.07,662.8,0.0096,0.0176,0.1724,0.3131,2,115.13,224.14,1600.83,260,0.02,209.52,446,0.0197
live_ep_000042_CASCADING_FAILURE,CASCADING_FAILURE,inventory-service,python-simulator,29.0,1785987897.2077222,318,0.9715,0.0285,closed,0.7846,78.46,0.5139,16.14,40.34,7.38,8.97,0.0365,165.0,667.9,0.0176,0.021,0.2513,0.3294,3,109.94,370.01,1464.75,235,0.0219,217.36,393,0.012
live_ep_000042_CASCADING_FAILURE,CASCADING_FAILURE,inventory-service,python-simulator,29.5,1785987897.7082236,251,0.949,0.051,closed,0.7712,77.12,0.328,15.29,38.23,5.31,9.01,0.0383,157.76,663.9,0.0123,0.0208,0.2127,0.3076,2,101.32,315.55,1358.3,231,0.023,243.34,391,0.0162
live_ep_000042_CASCADING_FAILURE,CASCADING_FAILURE,inventory-service,python-simulator,30.0,1785987898.2084606,246,0.953,0.047,closed,0.7129,71.29,0.3759,9.62,24.06,5.82,5.55,0.0376,155.05,652.1,0.0118,0.0215,0.4049,0.3135,3,109.38,969.39,1278.71,213,0.0226,227.19,361,0.0223
live_ep_000042_CASCADING_FAILURE,CASCADING_FAILURE,inventory-service,python-simulator,30.5,1785987898.708618,330,0.979,0.021,closed,0.7514,75.14,0.39,11.3,28.25,2.9,8.7,0.0403,172.48,698.9,0.0081,0.0202,0.3003,0.3343,4,110.02,739.68,1327.75,225,0.0242,218.33,389,0.0162
live_ep_000042_CASCADING_FAILURE,CASCADING_FAILURE,inventory-service,python-simulator,31.0,1785987899.209082,330,0.9539,0.0461,closed,0.9454,94.54,0.3771,12.49,31.23,4.78,4.34,0.0389,197.31,705.5,0.0306,0.0221,0.2811,0.3592,1,111.43,1043.69,1763.86,283,0.0233,229.46,473,0.0402
live_ep_000042_CASCADING_FAILURE,CASCADING_FAILURE,inventory-service,python-simulator,31.5,1785987899.70947,339,0.9631,0.0369,closed,0.8768,87.68,0.1431,11.94,29.85,4.34,3.83,0.0361,186.09,729.1,0.0074,0.0207,0.3468,0.3891,4,103.41,1425.77,1741.16,263,0.0217,206.69,451,0.0265
live_ep_000042_CASCADING_FAILURE,CASCADING_FAILURE,inventory-service,python-simulator,32.0,1785987900.2099226,346,0.9459,0.0541,closed,0.7612,76.12,0.3684,12.42,31.05,5.64,7.54,0.0582,154.25,656.4,0.0184,0.0327,0.1093,0.2972,2,129.55,1462.06,1509.85,228,0.0349,193.05,384,0.0195
live_ep_000042_CASCADING_FAILURE,CASCADING_FAILURE,inventory-service,python-simulator,32.5,1785987900.7103624,338,0.88,0.12,closed,0.7861,78.61,0.359,13.13,32.82,3.13,4.68,0.0459,217.22,660.3,0.0138,0.0233,0.1844,0.323,5,119.75,1492.4,1603.49,235,0.0275,202.34,395,0.0142
live_ep_000042_CASCADING_FAILURE,CASCADING_FAILURE,inventory-service,python-simulator,33.0,1785987901.2106104,346,0.943,0.057,closed,0.8996,89.96,0.2935,17.14,42.85,7.09,3.82,0.0524,199.25,688.7,0.0107,0.0276,0.1614,0.3263,2,116.73,1453.01,1474.08,269,0.0314,205.4,454,0.026
live_ep_000042_CASCADING_FAILURE,CASCADING_FAILURE,inventory-service,python-simulator,33.5,1785987901.7111363,292,0.9727,0.0273,closed,0.7566,75.66,0.3948,14.15,35.38,3.33,3.42,0.0456,161.98,728.7,0.0104,0.0247,0.173,0.411,4,94.82,517.29,1399.53,226,0.0274,222.43,387,0.0231
live_ep_000042_CASCADING_FAILURE,CASCADING_FAILURE,inventory-service,python-simulator,34.0,1785987902.2113807,340,0.9192,0.0808,closed,0.8181,81.81,0.4959,17.65,44.13,8.12,3.46,0.0468,177.53,653.3,0.0094,0.0245,0.2036,0.3119,3,126.07,1123.41,1503.37,245,0.0281,195.09,415,0.0237
live_ep_000042_CASCADING_FAILURE,CASCADING_FAILURE,inventory-service,python-simulator,34.5,1785987902.7116978,273,0.9119,0.0881,closed,0.8238,82.38,0.3049,18.33,45.82,5.6,5.18,0.045,176.82,694.2,0.0192,0.0255,0.2714,0.3539,1,119.8,479.01,1543.4,247,0.027,192.04,412,0.0177
live_ep_000042_CASCADING_FAILURE,CASCADING_FAILURE,inventory-service,python-simulator,35.0,1785987903.2119844,326,0.9494,0.0506,closed,0.7774,77.74,0.2626,15.0,37.51,6.04,5.21,0.0534,169.06,661.4,0.0135,0.0297,0.2453,0.3445,3,113.45,242.61,1495.61,233,0.032,169.19,389,0.0171
live_ep_000042_CASCADING_FAILURE,CASCADING_FAILURE,inventory-service,python-simulator,35.5,1785987903.7123945,310,0.88,0.12,closed,0.8143,81.43,0.5001,11.97,29.93,7.19,11.08,0.0471,205.04,645.3,0.018,0.0256,0.0962,0.279,3,130.54,1069.9,1384.95,244,0.0282,182.64,408,0.0167
live_ep_000042_CASCADING_FAILURE,CASCADING_FAILURE,inventory-service,python-simulator,36.0,1785987904.2126062,284,0.9179,0.0821,closed,0.8296,82.96,0.3252,25.48,63.7,2.01,5.01,0.0446,169.88,675.2,0.0106,0.0223,0.2067,0.3609,5,107.79,1173.52,1549.44,248,0.0268,217.07,415,0.0169
live_ep_000042_CASCADING_FAILURE,CASCADING_FAILURE,inventory-service,python-simulator,36.5,1785987904.7129033,293,0.9573,0.0427,closed,0.744,74.4,0.389,12.28,30.7,7.07,11.82,0.0455,150.8,659.9,0.0116,0.0241,0.2422,0.3474,5,114.56,1411.1,1428.9,223,0.0273,191.56,381,0.0177
live_ep_000042_CASCADING_FAILURE,CASCADING_FAILURE,inventory-service,python-simulator,37.0,1785987905.2130506,288,0.9789,0.0211,closed,0.7209,72.09,0.4176,15.26,38.14,4.63,2.0,0.0516,149.85,619.6,0.0137,0.028,0.2687,0.3286,6,120.45,352.76,1234.12,216,0.031,191.93,360,0.0304
live_ep_000042_CASCADING_FAILURE,CASCADING_FAILURE,inventory-service,python-simulator,37.5,1785987905.7131913,304,0.9833,0.0167,closed,0.8658,86.58,0.3582,10.15,25.37,5.34,7.27,0.0557,176.97,694.6,0.0119,0.029,0.2499,0.3363,3,117.61,845.08,1333.13,259,0.0334,186.61,437,0.0225
live_ep_000042_CASCADING_FAILURE,CASCADING_FAILURE,inventory-service,python-simulator,38.0,1785987906.213293,298,0.99,0.01,closed,0.8059,80.59,0.3351,11.52,28.79,3.04,7.96,0.0497,163.75,684.1,0.0211,0.0257,0.2487,0.3445,4,136.47,520.33,1451.08,241,0.0298,168.3,407,0.0152
live_ep_000042_CASCADING_FAILURE,CASCADING_FAILURE,inventory-service,python-simulator,38.5,1785987906.7139049,319,0.99,0.01,closed,0.8486,84.86,0.3782,11.05,27.61,4.99,9.32,0.0612,203.74,689.1,0.0146,0.0309,0.321,0.2876,3,133.05,1233.33,1379.28,254,0.0367,168.29,428,0.0186
live_ep_000042_CASCADING_FAILURE,CASCADING_FAILURE,inventory-service,python-simulator,39.0,1785987907.2143307,298,0.99,0.01,closed,0.9102,91.02,0.2802,14.7,36.76,5.91,8.03,0.0508,190.01,691.3,0.0115,0.026,0.2973,0.3624,2,124.34,1295.98,1379.4,273,0.0305,205.97,468,0.016
live_ep_000042_CASCADING_FAILURE,CASCADING_FAILURE,inventory-service,python-simulator,39.5,1785987907.7146301,349,0.9596,0.0404,closed,0.7682,76.82,0.3046,9.61,24.03,5.66,11.95,0.0541,166.32,655.4,0.0112,0.0285,0.2928,0.2558,3,139.08,1354.03,1507.28,230,0.0325,214.63,396,0.0165
live_ep_000042_CASCADING_FAILURE,CASCADING_FAILURE,inventory-service,python-simulator,40.0,1785987908.2149184,319,0.979,0.021,closed,0.8434,84.34,0.4901,23.94,59.86,3.94,7.38,0.0626,180.66,694.2,0.0154,0.0321,0.2279,0.3383,2,124.67,474.31,1537.63,253,0.0375,259.48,427,0.0273
live_ep_000042_CASCADING_FAILURE,CASCADING_FAILURE,inventory-service,python-simulator,40.5,1785987908.7152371,323,0.9684,0.0316,closed,0.7356,73.56,0.3541,31.69,79.23,6.71,3.77,0.0624,156.1,705.2,0.022,0.0322,0.277,0.3383,3,108.72,362.53,1539.81,220,0.0374,198.69,368,0.0415
live_ep_000042_CASCADING_FAILURE,CASCADING_FAILURE,inventory-service,python-simulator,41.0,1785987909.2349594,295,0.8896,0.1104,closed,0.7663,76.63,0.3901,21.08,52.71,4.66,4.75,0.0539,155.72,661.9,0.0212,0.0289,0.2039,0.3059,4,126.2,756.94,1269.64,229,0.0324,242.32,393,0.0179
live_ep_000042_CASCADING_FAILURE,CASCADING_FAILURE,inventory-service,python-simulator,41.5,1785987909.7351482,287,0.9786,0.0214,closed,0.8127,81.27,0.3174,16.53,41.34,3.04,4.15,0.0628,167.35,668.0,0.0184,0.0359,0.2869,0.3593,4,117.62,192.33,1643.83,243,0.0377,239.87,406,0.0324
live_ep_000042_CASCADING_FAILURE,CASCADING_FAILURE,inventory-service,python-simulator,42.0,1785987910.235314,304,0.9355,0.0645,closed,0.8209,82.09,0.3215,28.92,72.3,4.32,6.78,0.0532,166.19,701.6,0.0276,0.0272,0.2402,0.4078,3,127.13,340.0,1499.62,246,0.0319,173.49,423,0.0194
live_ep_000042_CASCADING_FAILURE,CASCADING_FAILURE,inventory-service,python-simulator,42.5,1785987910.735393,324,0.9865,0.0135,closed,0.7126,71.26,0.3227,19.44,48.6,3.72,3.91,0.0618,144.51,670.1,0.0224,0.0311,0.2585,0.2616,6,114.05,633.12,1315.93,213,0.0371,194.03,361,0.0194
live_ep_000042_CASCADING_FAILURE,CASCADING_FAILURE,inventory-service,python-simulator,43.0,1785987911.2359009,365,0.88,0.12,closed,0.8567,85.67,0.3568,20.48,51.19,8.34,8.75,0.0607,173.33,656.0,0.0169,0.0323,0.3172,0.337,5,124.73,629.34,1380.9,257,0.0364,229.27,437,0.0212
live_ep_000042_CASCADING_FAILURE,CASCADING_FAILURE,inventory-service,python-simulator,43.5,1785987911.7364063,279,0.9282,0.0718,closed,0.8002,80.02,0.3634,19.89,49.72,6.51,5.58,0.0645,173.37,687.3,0.0195,0.0328,0.2722,0.2939,3,126.04,651.46,1311.99,240,0.0387,208.02,402,0.0241
live_ep_000042_CASCADING_FAILURE,CASCADING_FAILURE,inventory-service,python-simulator,44.0,1785987912.2368584,290,0.99,0.01,closed,0.7978,79.78,0.4672,15.76,39.4,4.69,5.61,0.058,161.57,693.1,0.0147,0.0294,0.1707,0.3609,5,141.36,230.21,1409.1,239,0.0348,186.81,412,0.0197
live_ep_000042_CASCADING_FAILURE,CASCADING_FAILURE,inventory-service,python-simulator,44.5,1785987912.7372262,333,0.9803,0.0197,closed,0.7695,76.95,0.4853,20.35,50.88,2.21,13.25,0.0595,157.07,647.4,0.0133,0.0345,0.2219,0.3499,2,128.65,316.9,1499.02,230,0.0357,191.22,388,0.0204
live_ep_000042_CASCADING_FAILURE,CASCADING_FAILURE,inventory-service,python-simulator,45.0,1785987913.2372675,358,0.9707,0.0293,closed,0.889,88.9,0.3114,54.03,135.06,6.16,7.34,0.0639,186.06,715.0,0.0164,0.0338,0.2477,0.3655,6,125.87,632.14,1575.66,266,0.0383,206.84,446,0.0194
live_ep_000042_CASCADING_FAILURE,CASCADING_FAILURE,inventory-service,python-simulator,45.5,1785987913.737323,262,0.99,0.01,closed,0.7712,77.12,0.4584,22.42,56.05,3.3,11.29,0.0597,174.98,641.2,0.0163,0.0301,0.1063,0.3126,2,128.14,995.96,1595.07,231,0.0358,233.93,390,0.0477
live_ep_000042_CASCADING_FAILURE,CASCADING_FAILURE,inventory-service,python-simulator,46.0,1785987914.237434,363,0.9551,0.0449,closed,0.9462,94.62,0.3856,20.51,51.28,7.02,6.23,0.067,212.43,753.8,0.0303,0.0335,0.337,0.4002,6,131.78,778.51,1553.98,283,0.0402,207.0,480,0.0215
live_ep_000042_CASCADING_FAILURE,CASCADING_FAILURE,inventory-service,python-simulator,46.5,1785987914.7378159,361,0.8852,0.1148,closed,0.8954,89.54,0.436,26.51,66.28,3.34,4.67,0.0835,188.66,731.3,0.0238,0.0447,0.3363,0.401,6,138.05,755.88,1538.39,268,0.0501,218.21,447,0.0338
live_ep_000042_CASCADING_FAILURE,CASCADING_FAILURE,inventory-service,python-simulator,47.0,1785987915.2382276,388,0.946,0.054,closed,0.9277,92.77,0.5049,13.97,34.93,8.21,4.06,0.0616,193.6,708.9,0.0137,0.0403,0.2496,0.3307,2,135.83,1153.47,1339.37,278,0.037,175.13,477,0.0241
live_ep_000042_CASCADING_FAILURE,CASCADING_FAILURE,inventory-service,python-simulator,47.5,1785987915.7413769,265,0.9462,0.0538,closed,0.7581,75.81,0.3697,33.07,82.67,3.54,6.14,0.0629,177.03,661.6,0.0146,0.0335,0.1895,0.3361,5,145.89,167.97,1367.32,227,0.0378,212.61,391,0.0231
live_ep_000042_CASCADING_FAILURE,CASCADING_FAILURE,inventory-service,python-simulator,48.0,1785987916.2418702,357,0.9796,0.0204,closed,0.8017,80.17,0.3621,23.59,58.98,5.63,8.19,0.0677,174.39,669.4,0.0178,0.0358,0.336,0.3498,3,143.91,1410.13,1475.37,240,0.0406,225.73,406,0.0415
live_ep_000042_CASCADING_FAILURE,CASCADING_FAILURE,inventory-service,python-simulator,48.5,1785987916.7419631,367,0.88,0.12,closed,0.8607,86.07,0.4197,21.31,53.27,4.91,5.93,0.0639,178.13,697.2,0.0243,0.0324,0.1718,0.3195,2,126.32,1120.44,1533.44,258,0.0383,173.67,435,0.028
live_ep_000042_CASCADING_FAILURE,CASCADING_FAILURE,inventory-service,python-simulator,49.0,1785987917.2423153,271,0.88,0.12,closed,0.8137,81.37,0.521,26.86,67.14,3.31,4.63,0.0707,196.15,684.4,0.0186,0.0392,0.1259,0.2921,2,153.37,873.43,1510.32,244,0.0424,186.01,413,0.0241
live_ep_000042_CASCADING_FAILURE,CASCADING_FAILURE,inventory-service,python-simulator,49.5,1785987917.7426386,312,0.963,0.037,closed,0.8562,85.62,0.4881,25.31,63.28,5.01,6.79,0.0662,182.77,695.0,0.0165,0.0394,0.2982,0.3488,4,127.59,1351.68,1524.61,256,0.0397,190.26,429,0.0276
live_ep_000042_CASCADING_FAILURE,CASCADING_FAILURE,inventory-service,python-simulator,50.0,1785987918.243064,295,0.9606,0.0394,closed,0.7211,72.11,0.2906,31.69,79.23,3.85,5.09,0.069,195.03,660.8,0.016,0.0379,0.306,0.3232,2,127.9,674.04,1307.51,216,0.0414,196.95,370,0.0267
live_ep_000042_CASCADING_FAILURE,CASCADING_FAILURE,inventory-service,python-simulator,50.5,1785987918.743489,325,0.9895,0.0105,closed,0.8386,83.86,0.3636,12.66,31.65,4.82,8.75,0.0687,187.03,676.5,0.0148,0.0358,0.2453,0.3235,6,131.53,1233.04,1396.18,251,0.0412,202.72,419,0.028
live_ep_000042_CASCADING_FAILURE,CASCADING_FAILURE,inventory-service,python-simulator,51.0,1785987919.2436666,328,0.99,0.01,closed,0.8416,84.16,0.3073,19.35,48.37,4.73,3.99,0.0763,176.97,675.0,0.0163,0.0421,0.2574,0.3185,6,128.76,626.22,1592.66,252,0.0458,206.56,420,0.0244
live_ep_000042_CASCADING_FAILURE,CASCADING_FAILURE,inventory-service,python-simulator,51.5,1785987919.7439167,292,0.99,0.01,closed,0.8779,87.79,0.3862,33.67,84.17,6.91,9.02,0.0781,196.08,692.8,0.0207,0.0402,0.2664,0.3733,6,131.8,183.73,1548.26,263,0.0468,181.92,450,0.0288
live_ep_000042_CASCADING_FAILURE,CASCADING_FAILURE,inventory-service,python-simulator,52.0,1785987920.2443745,323,0.9257,0.0743,closed,0.8122,81.22,0.4024,20.24,50.6,7.26,9.99,0.088,171.29,671.1,0.0363,0.0444,0.2728,0.3137,5,118.05,583.45,1492.55,243,0.0528,184.06,408,0.0292
live_ep_000042_CASCADING_FAILURE,CASCADING_FAILURE,inventory-service,python-simulator,52.5,1785987920.7444322,276,0.9882,0.0118,closed,0.8546,85.46,0.3617,20.83,52.08,5.12,7.9,0.0803,177.72,694.3,0.0167,0.0416,0.227,0.3645,7,130.64,956.39,1503.22,256,0.0482,205.0,434,0.0246
live_ep_000042_CASCADING_FAILURE,CASCADING_FAILURE,inventory-service,python-simulator,53.0,1785987921.2449167,327,0.98,0.02,closed,0.7602,76.02,0.4518,18.87,47.17,3.43,7.43,0.0786,165.39,694.7,0.017,0.0494,0.3616,0.3831,5,134.23,933.41,1400.42,228,0.0472,221.08,390,0.0319
live_ep_000042_CASCADING_FAILURE,CASCADING_FAILURE,inventory-service,python-simulator,53.5,1785987921.7450385,365,0.987,0.013,closed,0.8785,87.85,0.3705,24.93,62.33,6.34,7.72,0.0832,201.46,635.0,0.0187,0.0423,0.3801,0.3077,7,148.26,1223.83,1315.98,263,0.0499,219.62,443,0.0431
live_ep_000042_CASCADING_FAILURE,CASCADING_FAILURE,inventory-service,python-simulator,54.0,1785987922.2456572,356,0.9735,0.0265,closed,0.8256,82.56,0.2047,30.84,77.1,3.28,4.41,0.0827,186.69,669.7,0.0206,0.0419,0.2221,0.3066,7,135.57,528.85,1475.01,247,0.0496,174.63,425,0.0251
live_ep_000042_CASCADING_FAILURE,CASCADING_FAILURE,inventory-service,python-simulator,54.5,1785987922.7458572,389,0.958,0.042,closed,0.9088,90.88,0.2567,17.69,44.24,5.65,10.68,0.0703,195.47,725.4,0.0159,0.0359,0.1227,0.3823,4,133.24,457.27,1489.72,272,0.0422,182.88,461,0.0213
live_ep_000042_CASCADING_FAILURE,CASCADING_FAILURE,inventory-service,python-simulator,55.0,1785987923.2463923,250,0.9548,0.0452,closed,0.7508,75.08,0.4088,21.86,54.65,4.37,4.14,0.0773,153.41,643.4,0.0163,0.0387,0.2286,0.2496,4,141.01,1053.97,1282.5,225,0.0464,197.6,378,0.031
live_ep_000042_CASCADING_FAILURE,CASCADING_FAILURE,inventory-service,python-simulator,55.5,1785987923.746521,371,0.9834,0.0166,closed,0.9346,93.46,0.2523,22.88,57.21,10.31,5.72,0.0804,201.29,712.4,0.0205,0.0405,0.2123,0.324,4,136.38,438.36,1610.36,280,0.0483,233.53,469,0.0242
live_ep_000042_CASCADING_FAILURE,CASCADING_FAILURE,inventory-service,python-simulator,56.0,1785987924.2470753,274,0.9875,0.0125,closed,0.7348,73.48,0.3751,31.13,77.82,5.8,6.63,0.083,160.75,630.6,0.0195,0.0417,0.2284,0.3333,5,125.37,1342.83,1385.2,220,0.0498,234.46,376,0.0332
live_ep_000042_CASCADING_FAILURE,CASCADING_FAILURE,inventory-service,python-simulator,56.5,1785987924.7472637,351,0.88,0.12,closed,0.7761,77.61,0.3718,22.07,55.18,4.92,4.75,0.079,168.29,636.4,0.0296,0.041,0.3314,0.2674,4,117.19,242.86,1518.41,232,0.0474,169.61,393,0.0271
live_ep_000042_CASCADING_FAILURE,CASCADING_FAILURE,inventory-service,python-simulator,57.0,1785987925.2473812,278,0.9793,0.0207,closed,0.7584,75.84,0.4006,19.48,48.7,2.76,8.42,0.0893,166.18,674.6,0.0191,0.0448,0.2154,0.3628,6,140.34,287.43,1364.29,227,0.0536,173.99,392,0.0276
live_ep_000042_CASCADING_FAILURE,CASCADING_FAILURE,inventory-service,python-simulator,57.5,1785987925.7474918,292,0.88,0.12,closed,0.7025,70.25,0.4085,26.11,65.27,5.91,3.22,0.0775,152.32,690.6,0.0155,0.0411,0.2677,0.3236,7,151.73,1391.33,1443.21,210,0.0465,227.56,352,0.0235
live_ep_000042_CASCADING_FAILURE,CASCADING_FAILURE,inventory-service,python-simulator,58.0,1785987926.2478492,326,0.9523,0.0477,closed,0.8502,85.02,0.4806,32.63,81.57,2.34,3.49,0.0788,179.19,719.6,0.0171,0.041,0.322,0.341,5,133.45,1527.74,1572.35,255,0.0473,212.51,432,0.0277
live_ep_000042_CASCADING_FAILURE,CASCADING_FAILURE,inventory-service,python-simulator,58.5,1785987926.748338,294,0.9511,0.0489,closed,0.691,69.1,0.3546,26.98,67.44,5.28,10.46,0.0873,198.21,632.4,0.0255,0.0445,0.2952,0.3409,5,136.44,372.57,1497.87,207,0.0524,197.33,359,0.0302
live_ep_000042_CASCADING_FAILURE,CASCADING_FAILURE,inventory-service,python-simulator,59.0,1785987927.248649,315,0.3681,0.6319,closed,0.7175,71.75,0.6079,25.84,64.59,2.41,7.89,0.0918,148.63,674.2,0.027,0.0464,0.3765,0.3173,5,132.03,206.08,1453.46,215,0.0551,162.13,372,0.036
live_ep_000042_CASCADING_FAILURE,CASCADING_FAILURE,inventory-service,python-simulator,59.5,1785987927.7489035,322,0.28,0.72,closed,0.7722,77.22,0.8406,30.63,76.57,6.12,8.28,0.0856,180.03,646.5,0.0178,0.0438,0.2697,0.2934,6,141.18,747.94,1310.76,231,0.0513,192.59,388,0.0263
live_ep_000043_CPU_SATURATION,CPU_SATURATION,inventory-service,python-simulator,0.0,1785987928.2504818,109,0.88,0.12,closed,0.2911,29.11,0.2644,2.66,12.81,3.35,6.48,0.0037,2.0,524.9,0.0025,0.0005,0.2588,0.2534,1,89.1,101.36,123.81,0,0.0023,198.7,4,0.0016
live_ep_000043_CPU_SATURATION,CPU_SATURATION,inventory-service,python-simulator,0.5,1785987928.750537,98,0.9588,0.0412,closed,0.3798,37.98,0.2979,3.2,19.72,8.76,5.9,0.0048,2.0,501.6,0.0078,0.004,0.2479,0.2315,2,93.68,96.02,96.12,3,0.0249,164.23,6,0.0085
live_ep_000043_CPU_SATURATION,CPU_SATURATION,inventory-service,python-simulator,1.0,1785987929.2510145,42,0.9353,0.0647,closed,0.3413,34.13,0.3804,2.31,13.22,4.26,5.25,0.01,7.06,540.9,0.0004,0.0011,0.2671,0.2807,1,84.8,106.04,121.0,14,0.0394,179.98,11,0.0004
live_ep_000043_CPU_SATURATION,CPU_SATURATION,inventory-service,python-simulator,1.5,1785987929.751442,44,0.972,0.028,closed,0.3487,34.87,0.4822,9.54,20.64,5.1,7.26,0.0151,24.32,500.9,0.0007,0.0,0.2836,0.2513,3,94.83,125.15,139.09,14,0.0577,222.82,11,0.0054
live_ep_000043_CPU_SATURATION,CPU_SATURATION,inventory-service,python-simulator,2.0,1785987930.251529,68,0.9186,0.0814,closed,0.4054,40.54,0.1487,1.7,22.97,3.41,6.3,0.0101,35.13,517.1,0.0004,0.0018,0.2643,0.2855,1,83.1,86.15,127.57,6,0.0406,179.53,4,0.0018
live_ep_000043_CPU_SATURATION,CPU_SATURATION,inventory-service,python-simulator,2.5,1785987930.751615,40,0.88,0.12,closed,0.4349,43.49,0.419,6.47,15.29,2.39,2.35,0.0078,2.0,525.0,0.0008,0.0083,0.3258,0.2719,4,80.47,99.59,107.58,19,0.0945,207.16,2,0.0021
live_ep_000043_CPU_SATURATION,CPU_SATURATION,inventory-service,python-simulator,3.0,1785987931.2521152,106,0.9683,0.0317,closed,0.384,38.4,0.1908,3.4,28.44,4.87,7.26,0.0094,3.56,521.6,0.0049,0.0018,0.2653,0.2099,4,87.14,88.71,93.12,9,0.07,241.81,14,0.0027
live_ep_000043_CPU_SATURATION,CPU_SATURATION,inventory-service,python-simulator,3.5,1785987931.7523677,113,0.88,0.12,closed,0.3445,34.45,0.2872,0.93,16.43,2.32,8.32,0.0051,2.0,505.4,0.0047,0.0045,0.2341,0.2499,0,96.42,129.53,158.86,14,0.0131,226.78,2,0.0093
live_ep_000043_CPU_SATURATION,CPU_SATURATION,inventory-service,python-simulator,4.0,1785987932.2528176,75,0.99,0.01,closed,0.3109,31.09,0.2723,0.5,26.85,6.76,7.26,0.0062,11.12,497.7,0.0039,0.0003,0.2985,0.2561,1,103.86,121.87,123.63,8,0.0056,196.07,8,0.0017
live_ep_000043_CPU_SATURATION,CPU_SATURATION,inventory-service,python-simulator,4.5,1785987932.7531455,82,0.9758,0.0242,closed,0.3478,34.78,0.4274,6.6,9.94,5.54,6.47,0.0041,2.0,515.9,0.0008,0.0019,0.3686,0.2486,3,92.31,112.04,121.92,9,0.0206,219.31,0,0.0196
live_ep_000043_CPU_SATURATION,CPU_SATURATION,inventory-service,python-simulator,5.0,1785987933.2580936,81,0.88,0.12,closed,0.3694,36.94,0.4922,0.5,14.32,6.13,5.03,0.0119,3.57,539.6,0.0033,0.0025,0.2984,0.2183,0,81.13,86.94,107.29,1,0.0258,209.09,1,0.0028
live_ep_000043_CPU_SATURATION,CPU_SATURATION,inventory-service,python-simulator,5.5,1785987933.7583566,70,0.9853,0.0147,closed,0.3446,34.46,0.4826,0.86,10.18,4.43,3.99,0.0069,4.05,524.1,0.0028,0.0001,0.1907,0.3075,0,79.11,127.54,138.23,4,0.0867,189.22,2,0.0024
live_ep_000043_CPU_SATURATION,CPU_SATURATION,inventory-service,python-simulator,6.0,1785987934.258941,99,0.99,0.01,closed,0.9134,91.34,0.3828,18.44,18.8,5.38,10.99,0.0451,2.0,519.2,0.0042,0.023,0.3076,0.2267,1,196.85,351.35,375.86,50,0.0025,200.22,148,0.0496
live_ep_000043_CPU_SATURATION,CPU_SATURATION,inventory-service,python-simulator,6.5,1785987934.7590716,91,0.9349,0.0651,closed,0.8258,82.58,0.302,17.05,14.02,1.96,3.04,0.0266,26.3,493.2,0.0011,0.0144,0.3278,0.2438,1,191.86,225.26,303.64,48,0.1,223.69,123,0.0256
live_ep_000043_CPU_SATURATION,CPU_SATURATION,inventory-service,python-simulator,7.0,1785987935.259602,161,0.948,0.052,closed,0.8716,87.16,0.4644,10.28,18.98,6.01,6.92,0.0401,12.08,440.5,0.0019,0.0201,0.2705,0.2023,3,202.21,294.43,303.6,61,0.0088,207.89,135,0.0376
live_ep_000043_CPU_SATURATION,CPU_SATURATION,inventory-service,python-simulator,7.5,1785987935.7598648,126,0.9033,0.0967,closed,0.8557,85.57,0.3866,16.4,22.08,2.8,7.64,0.064,6.69,499.1,0.0119,0.0183,0.2722,0.1994,3,192.45,274.83,280.04,44,0.0421,210.99,138,0.0342
live_ep_000043_CPU_SATURATION,CPU_SATURATION,inventory-service,python-simulator,8.0,1785987936.2602448,144,0.9701,0.0299,closed,0.9092,90.92,0.3715,9.86,10.38,5.33,2.23,0.0462,2.09,525.7,0.0007,0.021,0.2085,0.2665,3,193.46,206.85,369.02,57,0.0533,185.13,138,0.0457
live_ep_000043_CPU_SATURATION,CPU_SATURATION,inventory-service,python-simulator,8.5,1785987936.760602,126,0.9462,0.0538,closed,0.8672,86.72,0.3705,9.85,24.22,3.49,16.6,0.042,8.18,546.3,0.0016,0.018,0.2311,0.3284,4,192.17,277.69,310.18,59,0.0654,183.05,141,0.0365
live_ep_000043_CPU_SATURATION,CPU_SATURATION,inventory-service,python-simulator,9.0,1785987937.2609868,105,0.9836,0.0164,closed,0.8338,83.38,0.3285,12.35,18.79,2.78,4.15,0.0391,16.0,502.1,0.0002,0.0158,0.4405,0.2237,1,179.54,205.48,298.03,56,0.1,188.8,138,0.0306
live_ep_000043_CPU_SATURATION,CPU_SATURATION,inventory-service,python-simulator,9.5,1785987937.7615867,105,0.88,0.12,closed,0.8764,87.64,0.4123,12.08,27.1,6.39,4.2,0.0416,3.03,534.5,0.0087,0.0207,0.2211,0.2741,0,191.14,326.93,352.19,49,0.1,169.15,134,0.0432
live_ep_000043_CPU_SATURATION,CPU_SATURATION,inventory-service,python-simulator,10.0,1785987938.2629466,78,0.99,0.01,closed,0.8285,82.85,0.3839,12.36,40.56,8.71,8.75,0.0308,21.01,486.0,0.012,0.0158,0.2561,0.2118,0,179.84,235.6,281.58,42,0.0011,193.19,134,0.0337
live_ep_000043_CPU_SATURATION,CPU_SATURATION,inventory-service,python-simulator,10.5,1785987938.7631602,75,0.9482,0.0518,closed,0.8689,86.89,0.4428,11.12,15.9,3.31,7.0,0.0429,2.0,485.6,0.0059,0.0258,0.1875,0.2684,0,181.05,295.18,306.55,53,0.0401,197.47,138,0.0346
live_ep_000043_CPU_SATURATION,CPU_SATURATION,inventory-service,python-simulator,11.0,1785987939.2637146,159,0.9503,0.0497,closed,0.9229,92.29,0.333,18.18,21.14,2.05,6.81,0.0498,40.24,504.1,0.0035,0.0224,0.3425,0.2326,0,218.42,287.66,410.35,48,0.0386,229.42,143,0.0548
live_ep_000043_CPU_SATURATION,CPU_SATURATION,inventory-service,python-simulator,11.5,1785987939.763827,75,0.88,0.12,closed,0.9265,92.65,0.4565,19.03,19.67,4.23,3.11,0.0612,60.0,531.1,0.0131,0.0233,0.2829,0.2462,0,207.12,256.21,401.93,52,0.0098,231.66,151,0.051
live_ep_000043_CPU_SATURATION,CPU_SATURATION,inventory-service,python-simulator,12.0,1785987940.2641358,163,0.9803,0.0197,closed,0.9389,93.89,0.2454,17.75,25.73,3.75,7.76,0.0818,11.79,517.0,0.0027,0.0253,0.162,0.212,0,206.89,342.37,373.58,47,0.011,198.35,152,0.0511
live_ep_000043_CPU_SATURATION,CPU_SATURATION,inventory-service,python-simulator,12.5,1785987940.7646124,134,0.99,0.01,closed,0.935,93.5,0.2844,12.44,16.97,3.71,4.07,0.0645,3.57,505.1,0.0038,0.024,0.2455,0.2812,3,200.63,306.8,369.95,64,0.0468,170.17,148,0.0495
live_ep_000043_CPU_SATURATION,CPU_SATURATION,inventory-service,python-simulator,13.0,1785987941.264951,159,0.9766,0.0234,closed,0.9236,92.36,0.3632,11.66,12.77,4.58,4.08,0.0559,2.7,516.8,0.0172,0.025,0.1933,0.1909,3,199.12,220.52,355.98,59,0.0094,197.17,152,0.047
live_ep_000043_CPU_SATURATION,CPU_SATURATION,inventory-service,python-simulator,13.5,1785987941.765469,129,0.99,0.01,closed,0.9386,93.86,0.3462,9.91,22.57,1.92,4.75,0.0597,12.92,502.1,0.0048,0.0257,0.1596,0.2356,1,223.03,342.76,386.59,62,0.0094,186.61,153,0.0603
live_ep_000043_CPU_SATURATION,CPU_SATURATION,inventory-service,python-simulator,14.0,1785987942.2658994,138,0.8934,0.1066,closed,0.8173,81.73,0.3371,18.74,19.18,2.95,2.81,0.0273,8.26,506.0,0.0015,0.0118,0.2338,0.2767,0,185.5,281.35,282.0,48,0.0203,222.3,124,0.0309
live_ep_000043_CPU_SATURATION,CPU_SATURATION,inventory-service,python-simulator,14.5,1785987942.766015,117,0.9701,0.0299,closed,0.8957,89.57,0.3465,9.46,16.99,3.21,3.81,0.0444,60.0,502.9,0.0012,0.0205,0.3406,0.2509,2,179.12,266.83,393.2,50,0.0711,208.08,139,0.0423
live_ep_000043_CPU_SATURATION,CPU_SATURATION,inventory-service,python-simulator,15.0,1785987943.2663548,141,0.9526,0.0474,closed,0.8964,89.64,0.2806,10.1,19.38,4.78,8.45,0.041,6.44,521.7,0.0057,0.0207,0.3262,0.2812,4,200.38,344.12,356.0,49,0.0426,229.47,142,0.0475
live_ep_000043_CPU_SATURATION,CPU_SATURATION,inventory-service,python-simulator,15.5,1785987943.7667313,160,0.98,0.02,closed,0.8718,87.18,0.2874,9.22,14.7,6.2,6.17,0.0483,24.17,485.0,0.0092,0.02,0.2205,0.2533,3,191.36,250.11,325.66,49,0.0596,208.31,137,0.0344
live_ep_000043_CPU_SATURATION,CPU_SATURATION,inventory-service,python-simulator,16.0,1785987944.2671087,88,0.9827,0.0173,closed,0.8724,87.24,0.2118,11.68,18.79,2.61,6.15,0.0388,15.89,518.7,0.0094,0.0189,0.2227,0.2483,1,183.97,203.71,351.47,55,0.0672,179.9,140,0.0424
live_ep_000043_CPU_SATURATION,CPU_SATURATION,inventory-service,python-simulator,16.5,1785987944.767562,142,0.9551,0.0449,closed,0.8893,88.93,0.3466,9.39,24.77,3.52,7.06,0.0518,18.39,537.7,0.0014,0.0193,0.2195,0.245,1,189.14,286.7,345.43,57,0.1,183.69,137,0.0414
live_ep_000043_CPU_SATURATION,CPU_SATURATION,inventory-service,python-simulator,17.0,1785987945.2677343,66,0.9575,0.0425,closed,0.7953,79.53,0.2838,15.34,27.63,3.65,6.44,0.0251,2.0,518.8,0.0016,0.0177,0.2657,0.2771,1,185.29,239.45,292.08,52,0.0397,213.58,126,0.0254
live_ep_000043_CPU_SATURATION,CPU_SATURATION,inventory-service,python-simulator,17.5,1785987945.7685828,158,0.9701,0.0299,closed,0.8173,81.73,0.3082,15.22,21.34,5.69,5.35,0.0266,3.92,501.8,0.0071,0.013,0.2394,0.2091,4,188.16,298.95,322.21,58,0.0065,197.22,127,0.0304
live_ep_000043_CPU_SATURATION,CPU_SATURATION,inventory-service,python-simulator,18.0,1785987946.2687316,103,0.9318,0.0682,closed,0.889,88.9,0.3441,9.66,18.69,3.31,7.42,0.0568,2.0,513.7,0.0004,0.0213,0.3317,0.2081,0,191.89,225.59,381.99,48,0.0229,183.82,146,0.0406
live_ep_000043_CPU_SATURATION,CPU_SATURATION,inventory-service,python-simulator,18.5,1785987946.7691677,123,0.88,0.12,closed,0.9056,90.56,0.3087,11.27,15.87,4.1,5.51,0.0506,2.0,505.8,0.0049,0.021,0.3604,0.2579,1,205.77,378.68,378.93,49,0.0137,185.79,149,0.054
live_ep_000043_CPU_SATURATION,CPU_SATURATION,inventory-service,python-simulator,19.0,1785987947.2699397,103,0.9899,0.0101,closed,0.8114,81.14,0.3908,16.63,15.47,6.58,5.31,0.039,32.62,538.6,0.001,0.0114,0.3031,0.2635,2,176.92,231.77,278.39,46,0.0035,209.47,133,0.0297
live_ep_000043_CPU_SATURATION,CPU_SATURATION,inventory-service,python-simulator,19.5,1785987947.770175,82,0.981,0.019,closed,0.8962,89.62,0.3103,17.21,16.3,4.33,4.26,0.0513,24.65,520.9,0.0003,0.0212,0.219,0.258,4,206.17,261.21,364.28,62,0.0093,203.14,139,0.0474
live_ep_000043_CPU_SATURATION,CPU_SATURATION,inventory-service,python-simulator,20.0,1785987948.2703228,133,0.975,0.025,closed,0.8574,85.74,0.2978,9.38,25.28,6.39,6.77,0.0425,44.79,514.9,0.003,0.0163,0.3388,0.2441,1,193.96,209.28,295.34,47,0.02,167.94,136,0.0437
live_ep_000043_CPU_SATURATION,CPU_SATURATION,inventory-service,python-simulator,20.5,1785987948.770587,88,0.9682,0.0318,closed,0.8256,82.56,0.2844,13.7,20.25,3.45,6.55,0.0336,6.93,480.7,0.0016,0.0141,0.2588,0.2618,3,190.46,308.98,322.41,46,0.0392,233.76,128,0.0302
live_ep_000043_CPU_SATURATION,CPU_SATURATION,inventory-service,python-simulator,21.0,1785987949.2710845,113,0.9233,0.0767,closed,0.7639,76.39,0.4117,33.22,16.21,3.91,4.38,0.0207,16.2,500.0,0.0121,0.0083,0.3685,0.2285,3,168.3,247.95,270.48,57,0.0744,182.24,115,0.0194
live_ep_000043_CPU_SATURATION,CPU_SATURATION,inventory-service,python-simulator,21.5,1785987949.7713697,75,0.99,0.01,closed,0.9072,90.72,0.5296,17.23,19.47,6.09,7.67,0.0522,2.59,504.8,0.0092,0.0252,0.2948,0.2218,0,194.93,253.75,324.29,59,0.0683,180.78,142,0.0448
live_ep_000043_CPU_SATURATION,CPU_SATURATION,inventory-service,python-simulator,22.0,1785987950.2717316,152,0.9507,0.0493,closed,0.8857,88.57,0.2755,9.36,15.94,10.07,7.32,0.0444,14.27,472.7,0.0039,0.0192,0.3728,0.2407,0,209.5,340.35,361.57,61,0.0166,214.0,134,0.042
live_ep_000043_CPU_SATURATION,CPU_SATURATION,inventory-service,python-simulator,22.5,1785987950.7721899,91,0.9878,0.0122,closed,0.8479,84.79,0.2907,8.98,19.38,4.91,4.52,0.0357,52.03,506.3,0.0053,0.0164,0.2808,0.1828,0,189.77,287.98,336.4,46,0.1,201.02,141,0.0381
live_ep_000043_CPU_SATURATION,CPU_SATURATION,inventory-service,python-simulator,23.0,1785987951.2725406,79,0.88,0.12,closed,0.8544,85.44,0.5555,11.45,15.11,4.68,8.96,0.0541,4.84,551.0,0.0033,0.0158,0.1937,0.2612,0,202.82,280.04,330.34,54,0.0024,236.46,129,0.0397
live_ep_000043_CPU_SATURATION,CPU_SATURATION,inventory-service,python-simulator,23.5,1785987951.7729688,100,0.9562,0.0438,closed,0.9391,93.91,0.3858,13.1,15.94,4.99,4.9,0.054,4.63,493.2,0.0014,0.026,0.2632,0.2167,2,204.3,295.5,392.72,52,0.019,238.85,148,0.0484
live_ep_000043_CPU_SATURATION,CPU_SATURATION,inventory-service,python-simulator,24.0,1785987952.2747989,138,0.99,0.01,closed,0.8199,81.99,0.4613,20.38,19.86,5.93,12.08,0.03,19.79,464.5,0.0126,0.0136,0.2101,0.1882,1,183.22,239.18,366.44,57,0.0089,201.03,123,0.025
live_ep_000043_CPU_SATURATION,CPU_SATURATION,inventory-service,python-simulator,24.5,1785987952.775329,154,0.9151,0.0849,closed,0.8706,87.06,0.295,10.38,16.16,5.45,5.64,0.0552,9.72,500.3,0.0053,0.0193,0.2121,0.2667,0,193.17,297.56,307.45,43,0.0455,188.66,138,0.0353
live_ep_000043_CPU_SATURATION,CPU_SATURATION,inventory-service,python-simulator,25.0,1785987953.2754052,107,0.9628,0.0372,closed,0.8495,84.95,0.3921,9.36,17.08,4.68,8.67,0.0329,21.4,526.2,0.0,0.0159,0.1949,0.2108,4,213.16,296.07,297.73,57,0.0227,210.08,127,0.0318
live_ep_000043_CPU_SATURATION,CPU_SATURATION,inventory-service,python-simulator,25.5,1785987953.7756321,89,0.9387,0.0613,closed,0.914,91.4,0.478,13.28,20.18,4.31,5.84,0.0503,5.93,531.4,0.0034,0.0224,0.4018,0.2596,2,215.41,222.69,336.81,58,0.0146,197.33,145,0.0528
live_ep_000043_CPU_SATURATION,CPU_SATURATION,inventory-service,python-simulator,26.0,1785987954.2759438,95,0.921,0.079,closed,0.9008,90.08,0.3189,9.59,38.09,5.41,6.24,0.047,16.39,546.4,0.0047,0.0236,0.1397,0.28,3,208.33,289.25,394.07,49,0.0517,231.79,135,0.0476
live_ep_000043_CPU_SATURATION,CPU_SATURATION,inventory-service,python-simulator,26.5,1785987954.776298,150,0.88,0.12,closed,0.9257,92.57,0.3904,18.9,19.32,3.3,4.73,0.0477,18.06,508.6,0.0081,0.0235,0.286,0.2617,1,219.37,261.71,410.11,65,0.0601,166.78,143,0.0515
live_ep_000043_CPU_SATURATION,CPU_SATURATION,inventory-service,python-simulator,27.0,1785987955.2767699,92,0.9713,0.0287,closed,0.8657,86.57,0.3091,9.66,27.63,4.49,3.22,0.0367,58.83,525.9,0.0033,0.0179,0.2548,0.2848,4,199.58,255.89,334.32,54,0.0042,230.45,131,0.0499
live_ep_000043_CPU_SATURATION,CPU_SATURATION,inventory-service,python-simulator,27.5,1785987955.7775059,126,0.9541,0.0459,closed,0.8856,88.56,0.3088,10.32,17.53,6.16,3.93,0.0469,19.68,493.0,0.0002,0.0222,0.2271,0.215,3,186.32,276.87,354.34,50,0.0774,162.56,139,0.0415
live_ep_000043_CPU_SATURATION,CPU_SATURATION,inventory-service,python-simulator,28.0,1785987956.277749,74,0.9884,0.0116,closed,0.7938,79.38,0.3322,9.24,20.38,7.01,4.72,0.0376,21.35,500.8,0.0006,0.0106,0.2159,0.2671,4,178.21,183.79,227.71,39,0.0082,216.02,123,0.0256
live_ep_000043_CPU_SATURATION,CPU_SATURATION,inventory-service,python-simulator,28.5,1785987956.7782505,158,0.9846,0.0154,closed,0.8942,89.42,0.3251,9.86,13.1,8.19,8.59,0.0474,9.51,537.2,0.0039,0.0198,0.3591,0.2725,4,188.1,237.39,361.25,51,0.0625,177.38,142,0.0408
live_ep_000043_CPU_SATURATION,CPU_SATURATION,inventory-service,python-simulator,29.0,1785987957.2787824,104,0.99,0.01,closed,0.8769,87.69,0.5625,9.27,18.95,5.65,8.31,0.0426,41.07,513.5,0.0002,0.0199,0.1838,0.2791,0,181.02,285.46,314.01,46,0.0688,197.59,133,0.0467
live_ep_000043_CPU_SATURATION,CPU_SATURATION,inventory-service,python-simulator,29.5,1785987957.7812912,111,0.99,0.01,closed,0.8111,81.11,0.4224,9.98,21.27,2.79,10.43,0.0488,4.01,527.0,0.0095,0.0142,0.3129,0.2801,0,184.87,207.37,268.3,51,0.1,168.42,122,0.0238
live_ep_000043_CPU_SATURATION,CPU_SATURATION,inventory-service,python-simulator,30.0,1785987958.2815516,145,0.9695,0.0305,closed,0.91,91.0,0.253,10.62,27.92,3.81,4.22,0.0483,3.2,524.3,0.0043,0.023,0.1627,0.2572,1,198.23,378.6,393.56,61,0.0601,206.46,146,0.0427
live_ep_000043_CPU_SATURATION,CPU_SATURATION,inventory-service,python-simulator,30.5,1785987958.7819054,136,0.9678,0.0322,closed,0.8895,88.95,0.3993,15.55,17.73,5.12,10.01,0.0384,6.95,531.7,0.0014,0.0202,0.1857,0.2731,3,179.47,299.58,338.97,59,0.0165,190.87,140,0.0395
live_ep_000043_CPU_SATURATION,CPU_SATURATION,inventory-service,python-simulator,31.0,1785987959.2822394,66,0.9688,0.0312,closed,0.9066,90.66,0.4124,20.35,14.54,4.57,10.07,0.0527,6.41,528.2,0.0033,0.0248,0.1941,0.25,4,200.14,349.99,352.56,52,0.0425,191.57,144,0.0438
live_ep_000043_CPU_SATURATION,CPU_SATURATION,inventory-service,python-simulator,31.5,1785987959.7824762,102,0.88,0.12,closed,0.8454,84.54,0.3711,19.83,24.05,5.65,5.32,0.0342,39.73,520.2,0.0152,0.0179,0.1897,0.2395,2,196.02,223.42,283.21,44,0.0109,243.67,131,0.0564
live_ep_000043_CPU_SATURATION,CPU_SATURATION,inventory-service,python-simulator,32.0,1785987960.2829092,81,0.899,0.101,closed,0.9092,90.92,0.4753,11.66,19.09,5.0,6.57,0.0435,24.39,522.3,0.0023,0.0217,0.2034,0.3196,4,201.92,354.29,379.17,51,0.1,218.8,147,0.0438
live_ep_000043_CPU_SATURATION,CPU_SATURATION,inventory-service,python-simulator,32.5,1785987960.783324,147,0.9012,0.0988,closed,0.882,88.2,0.1818,11.18,20.08,2.69,10.97,0.0601,31.71,515.2,0.0011,0.0191,0.2952,0.2484,3,212.64,312.66,325.93,59,0.0144,235.33,145,0.0371
live_ep_000043_CPU_SATURATION,CPU_SATURATION,inventory-service,python-simulator,33.0,1785987961.283864,133,0.88,0.12,closed,0.9539,95.39,0.3125,10.32,16.85,3.74,4.05,0.0572,33.79,523.6,0.0101,0.0267,0.268,0.2861,1,225.26,391.76,436.52,58,0.0149,225.68,145,0.0509
live_ep_000043_CPU_SATURATION,CPU_SATURATION,inventory-service,python-simulator,33.5,1785987961.7843125,142,0.88,0.12,closed,0.8921,89.21,0.4439,14.14,17.63,2.94,3.51,0.0443,33.45,521.5,0.0129,0.0204,0.1663,0.2539,3,203.32,261.35,357.87,47,0.0819,196.07,145,0.0424
live_ep_000043_CPU_SATURATION,CPU_SATURATION,inventory-service,python-simulator,34.0,1785987962.2848895,124,0.88,0.12,closed,0.8801,88.01,0.4111,14.79,23.45,2.34,7.3,0.0401,5.67,545.3,0.0022,0.0183,0.1762,0.2897,3,208.8,344.64,352.74,59,0.035,191.93,138,0.0362
live_ep_000043_CPU_SATURATION,CPU_SATURATION,inventory-service,python-simulator,34.5,1785987962.7850602,138,0.9823,0.0177,closed,0.8974,89.74,0.3974,13.78,16.91,5.1,3.28,0.0414,8.39,541.1,0.0015,0.0212,0.1588,0.2313,1,214.45,320.49,379.12,47,0.0017,179.86,146,0.044
live_ep_000043_CPU_SATURATION,CPU_SATURATION,inventory-service,python-simulator,35.0,1785987963.2853422,160,0.9759,0.0241,closed,0.8403,84.03,0.4022,8.9,31.01,4.7,6.68,0.037,16.38,526.3,0.0008,0.0157,0.214,0.2627,4,199.0,242.74,305.31,61,0.0764,229.77,131,0.0361
live_ep_000043_CPU_SATURATION,CPU_SATURATION,inventory-service,python-simulator,35.5,1785987963.7854,120,0.88,0.12,closed,0.8794,87.94,0.2275,11.33,13.71,4.23,7.34,0.0561,8.43,524.7,0.0001,0.0208,0.3324,0.2421,0,195.2,326.33,362.96,49,0.0056,190.76,139,0.0385
live_ep_000043_CPU_SATURATION,CPU_SATURATION,inventory-service,python-simulator,36.0,1785987964.285888,149,0.9549,0.0451,closed,0.9066,90.66,0.4005,13.8,14.89,3.96,3.01,0.0509,2.0,542.4,0.001,0.0234,0.3111,0.2549,3,191.76,235.48,324.09,63,0.1,207.09,144,0.048
live_ep_000043_CPU_SATURATION,CPU_SATURATION,inventory-service,python-simulator,36.5,1785987964.786007,151,0.9774,0.0226,closed,0.8641,86.41,0.4178,11.01,13.74,3.98,4.01,0.0382,28.64,536.9,0.0098,0.0187,0.2787,0.2633,3,198.61,317.43,319.16,49,0.0096,209.7,132,0.0387
live_ep_000043_CPU_SATURATION,CPU_SATURATION,inventory-service,python-simulator,37.0,1785987965.286496,138,0.99,0.01,closed,0.8649,86.49,0.3604,12.51,26.72,5.37,5.87,0.0435,15.81,496.8,0.0022,0.018,0.2739,0.234,1,201.19,321.83,322.28,54,0.0605,196.21,138,0.0339
live_ep_000043_CPU_SATURATION,CPU_SATURATION,inventory-service,python-simulator,37.5,1785987965.7869391,88,0.9805,0.0195,closed,0.9005,90.05,0.4012,12.57,36.52,3.34,7.48,0.0525,24.07,543.5,0.0076,0.0205,0.3175,0.24,4,206.02,259.26,396.68,61,0.0156,196.02,143,0.0461
live_ep_000043_CPU_SATURATION,CPU_SATURATION,inventory-service,python-simulator,38.0,1785987966.287478,101,0.904,0.096,closed,0.9572,95.72,0.3337,10.07,21.71,2.75,7.44,0.057,24.01,485.0,0.0005,0.0263,0.2751,0.1899,0,209.26,341.56,367.67,54,0.1,205.31,149,0.0549
live_ep_000043_CPU_SATURATION,CPU_SATURATION,inventory-service,python-simulator,38.5,1785987966.7878256,144,0.884,0.116,closed,0.9703,97.03,0.405,11.79,18.71,3.86,11.71,0.0635,18.89,500.3,0.0022,0.0276,0.3686,0.2143,0,211.48,221.29,413.11,53,0.0036,203.43,147,0.0618
live_ep_000043_CPU_SATURATION,CPU_SATURATION,inventory-service,python-simulator,39.0,1785987967.2882268,128,0.99,0.01,closed,0.8693,86.93,0.4563,17.51,22.35,2.45,6.91,0.0537,60.0,542.1,0.0134,0.017,0.3244,0.2389,2,207.22,213.58,339.24,46,0.041,223.08,133,0.0359
live_ep_000043_CPU_SATURATION,CPU_SATURATION,inventory-service,python-simulator,39.5,1785987967.7886527,159,0.99,0.01,closed,0.8892,88.92,0.4732,15.14,16.73,8.3,8.25,0.0499,42.0,500.0,0.0153,0.0203,0.228,0.2474,2,198.57,295.18,338.07,49,0.1,192.28,140,0.038
live_ep_000043_CPU_SATURATION,CPU_SATURATION,inventory-service,python-simulator,40.0,1785987968.2888892,71,0.9437,0.0563,closed,0.9015,90.15,0.2643,12.54,26.17,4.28,4.7,0.0477,5.21,474.3,0.0028,0.0226,0.1737,0.1915,4,197.74,302.54,342.44,51,0.0795,186.97,140,0.0411
live_ep_000043_CPU_SATURATION,CPU_SATURATION,inventory-service,python-simulator,40.5,1785987968.7890296,144,0.9889,0.0111,closed,0.937,93.7,0.3269,10.28,15.14,6.17,3.75,0.0559,2.6,512.2,0.001,0.0247,0.2865,0.2711,1,213.15,297.47,350.67,62,0.0309,188.36,149,0.0481
live_ep_000043_CPU_SATURATION,CPU_SATURATION,inventory-service,python-simulator,41.0,1785987969.289351,150,0.9434,0.0566,closed,0.9091,90.91,0.3376,21.88,14.88,2.56,7.14,0.0449,7.69,560.1,0.0003,0.023,0.3204,0.2557,2,206.15,288.7,321.39,59,0.1,199.41,146,0.0437
live_ep_000043_CPU_SATURATION,CPU_SATURATION,inventory-service,python-simulator,41.5,1785987969.7894626,155,0.9219,0.0781,closed,0.9645,96.45,0.2743,16.31,22.51,3.31,4.98,0.0546,4.01,483.3,0.0006,0.0272,0.223,0.2448,1,204.46,363.48,383.73,55,0.1,181.2,155,0.0699
live_ep_000043_CPU_SATURATION,CPU_SATURATION,inventory-service,python-simulator,42.0,1785987970.289786,110,0.9801,0.0199,closed,0.8355,83.55,0.4396,12.1,12.08,1.45,5.65,0.0286,8.84,527.1,0.0051,0.0139,0.1661,0.2334,0,178.73,259.82,308.22,47,0.0096,199.95,126,0.0335
live_ep_000043_CPU_SATURATION,CPU_SATURATION,inventory-service,python-simulator,42.5,1785987970.7903326,73,0.9313,0.0687,closed,0.8767,87.67,0.2235,12.66,16.84,3.05,5.57,0.044,19.28,484.4,0.0009,0.0181,0.1394,0.1952,3,192.54,260.25,340.14,54,0.0084,190.09,139,0.0375
live_ep_000043_CPU_SATURATION,CPU_SATURATION,inventory-service,python-simulator,43.0,1785987971.294614,147,0.9727,0.0273,closed,0.8514,85.14,0.2151,12.48,20.66,5.21,7.47,0.0524,2.0,515.4,0.0011,0.0156,0.2303,0.2211,1,191.53,241.52,350.55,53,0.0036,199.39,129,0.0305
live_ep_000043_CPU_SATURATION,CPU_SATURATION,inventory-service,python-simulator,43.5,1785987971.7971008,147,0.9804,0.0196,closed,0.8319,83.19,0.429,11.61,19.06,6.33,5.3,0.047,13.99,506.5,0.0068,0.0132,0.4172,0.3087,2,194.25,262.52,302.92,55,0.0914,171.06,129,0.0299
live_ep_000043_CPU_SATURATION,CPU_SATURATION,inventory-service,python-simulator,44.0,1785987972.2981946,147,0.927,0.073,closed,0.831,83.1,0.256,10.8,24.24,3.81,6.41,0.0408,4.56,527.0,0.0003,0.0149,0.2825,0.2458,2,179.42,264.59,323.02,48,0.0016,166.41,134,0.0351
live_ep_000043_CPU_SATURATION,CPU_SATURATION,inventory-service,python-simulator,44.5,1785987972.799642,92,0.9615,0.0385,closed,0.9221,92.21,0.2539,22.39,22.45,4.18,4.33,0.0497,8.43,493.3,0.003,0.0233,0.1387,0.1927,2,200.57,377.47,378.18,47,0.0004,189.84,139,0.0496
live_ep_000043_CPU_SATURATION,CPU_SATURATION,inventory-service,python-simulator,45.0,1785987973.3016539,84,0.9571,0.0429,closed,0.8905,89.05,0.3333,10.36,14.54,5.89,11.36,0.0414,13.2,488.5,0.0031,0.0192,0.2621,0.2128,0,203.3,293.07,296.17,51,0.0402,201.09,144,0.0434
live_ep_000043_CPU_SATURATION,CPU_SATURATION,inventory-service,python-simulator,45.5,1785987973.8018622,81,0.9897,0.0103,closed,0.815,81.5,0.499,14.18,27.53,2.3,9.87,0.0297,3.35,514.0,0.0069,0.0192,0.2147,0.2528,1,181.96,194.3,281.56,55,0.0038,189.49,133,0.0267
live_ep_000043_CPU_SATURATION,CPU_SATURATION,inventory-service,python-simulator,46.0,1785987974.3023968,97,0.9636,0.0364,closed,0.8285,82.85,0.4021,17.62,25.69,5.54,5.52,0.0333,3.59,526.9,0.0014,0.0131,0.2712,0.2136,0,197.76,258.46,283.32,46,0.0008,217.93,125,0.026
live_ep_000043_CPU_SATURATION,CPU_SATURATION,inventory-service,python-simulator,46.5,1785987974.8025792,101,0.9713,0.0287,closed,0.8527,85.27,0.3182,9.4,15.79,3.41,8.05,0.0342,21.18,515.8,0.0202,0.0158,0.2492,0.223,3,186.32,187.43,287.67,60,0.0009,166.83,137,0.0329
live_ep_000043_CPU_SATURATION,CPU_SATURATION,inventory-service,python-simulator,47.0,1785987975.303035,129,0.9678,0.0322,closed,0.9284,92.84,0.3243,15.27,12.13,4.65,7.46,0.0501,40.07,472.6,0.0054,0.0272,0.2434,0.2607,3,213.03,357.39,392.37,61,0.0115,186.54,151,0.0484
live_ep_000043_CPU_SATURATION,CPU_SATURATION,inventory-service,python-simulator,47.5,1785987975.8036807,80,0.9239,0.0761,closed,0.8712,87.12,0.3201,9.89,15.18,5.57,18.04,0.0442,6.02,506.6,0.0002,0.02,0.3181,0.2213,2,174.87,176.56,296.91,56,0.0059,229.04,132,0.0384
live_ep_000043_CPU_SATURATION,CPU_SATURATION,inventory-service,python-simulator,48.0,1785987976.3041499,65,0.88,0.12,closed,0.8879,88.79,0.5438,11.6,27.69,3.25,8.26,0.0382,22.11,540.6,0.0043,0.0209,0.2434,0.2751,2,199.59,254.88,333.74,56,0.0063,192.28,143,0.0392
live_ep_000043_CPU_SATURATION,CPU_SATURATION,inventory-service,python-simulator,48.5,1785987976.8047059,145,0.99,0.01,closed,0.8984,89.84,0.3201,9.48,20.11,5.13,8.93,0.0416,11.25,517.4,0.0032,0.0208,0.2208,0.232,4,204.42,227.32,360.33,61,0.001,210.56,147,0.0448
live_ep_000043_CPU_SATURATION,CPU_SATURATION,inventory-service,python-simulator,49.0,1785987977.3071191,109,0.9297,0.0703,closed,0.9108,91.08,0.4014,13.17,24.85,3.95,8.1,0.0553,10.35,522.0,0.0018,0.0212,0.1892,0.2622,2,192.31,318.26,374.54,55,0.0234,195.16,150,0.0468
live_ep_000043_CPU_SATURATION,CPU_SATURATION,inventory-service,python-simulator,49.5,1785987977.8072364,83,0.9857,0.0143,closed,0.8819,88.19,0.2358,12.31,14.99,6.69,4.99,0.0438,2.0,532.9,0.0061,0.021,0.3765,0.2523,2,194.69,210.24,342.5,57,0.0165,228.65,135,0.0397
live_ep_000043_CPU_SATURATION,CPU_SATURATION,inventory-service,python-simulator,50.0,1785987978.3073103,70,0.99,0.01,closed,0.9321,93.21,0.4156,12.59,27.94,4.5,3.26,0.0516,2.53,502.6,0.0092,0.0245,0.1815,0.259,2,200.81,245.49,380.41,60,0.0115,179.89,151,0.0482
live_ep_000043_CPU_SATURATION,CPU_SATURATION,inventory-service,python-simulator,50.5,1785987978.8075151,152,0.989,0.011,closed,0.8723,87.23,0.4613,10.85,11.06,3.44,5.78,0.0356,8.44,484.4,0.0015,0.0192,0.2466,0.2139,0,181.74,260.5,335.36,58,0.0071,174.75,135,0.042
live_ep_000043_CPU_SATURATION,CPU_SATURATION,inventory-service,python-simulator,51.0,1785987979.307669,146,0.99,0.01,closed,0.9564,95.64,0.3999,15.52,20.27,3.5,6.78,0.0558,5.65,532.6,0.0002,0.0258,0.1894,0.2766,0,221.71,279.57,407.87,50,0.0518,191.01,147,0.0566
live_ep_000043_CPU_SATURATION,CPU_SATURATION,inventory-service,python-simulator,51.5,1785987979.8128831,146,0.987,0.013,closed,0.873,87.3,0.3884,14.49,17.75,3.91,10.8,0.0418,20.23,488.7,0.0017,0.0194,0.2651,0.2389,0,188.96,226.72,344.79,51,0.0002,182.68,141,0.0404
live_ep_000043_CPU_SATURATION,CPU_SATURATION,inventory-service,python-simulator,52.0,1785987980.313367,148,0.9635,0.0365,closed,0.8463,84.63,0.2758,15.21,22.27,4.58,7.26,0.0531,51.43,526.1,0.0137,0.0226,0.2318,0.2469,2,200.98,236.06,299.56,59,0.0683,202.13,138,0.0425
live_ep_000043_CPU_SATURATION,CPU_SATURATION,inventory-service,python-simulator,52.5,1785987980.8134723,104,0.8889,0.1111,closed,0.8513,85.13,0.1717,9.99,22.48,2.41,5.59,0.0388,13.0,502.0,0.0018,0.0183,0.3107,0.2189,3,197.95,329.66,339.49,54,0.0317,199.85,141,0.0456
live_ep_000043_CPU_SATURATION,CPU_SATURATION,inventory-service,python-simulator,53.0,1785987981.3137958,84,0.9521,0.0479,closed,0.8667,86.67,0.3682,16.85,18.94,8.84,6.65,0.037,31.17,486.0,0.0112,0.021,0.2561,0.2417,4,211.65,275.02,293.47,44,0.1,211.64,143,0.0343
live_ep_000043_CPU_SATURATION,CPU_SATURATION,inventory-service,python-simulator,53.5,1785987981.8140755,94,0.9347,0.0653,closed,0.8833,88.33,0.3858,13.63,18.63,4.56,10.49,0.047,14.73,516.7,0.0077,0.019,0.2968,0.222,1,197.96,323.61,386.6,57,0.0273,205.47,136,0.038
live_ep_000043_CPU_SATURATION,CPU_SATURATION,inventory-service,python-simulator,54.0,1785987982.314532,119,0.9078,0.0922,closed,0.9072,90.72,0.4137,11.36,18.98,3.69,4.5,0.0432,15.94,518.5,0.0037,0.0208,0.2221,0.2167,2,213.18,264.14,385.18,56,0.0098,182.42,143,0.0426
live_ep_000043_CPU_SATURATION,CPU_SATURATION,inventory-service,python-simulator,54.5,1785987982.815152,66,0.9879,0.0121,closed,0.9125,91.25,0.4479,13.16,29.01,3.19,4.33,0.0537,11.26,519.0,0.0056,0.0249,0.2906,0.2743,2,212.75,292.83,336.88,57,0.0082,218.72,147,0.045
live_ep_000043_CPU_SATURATION,CPU_SATURATION,inventory-service,python-simulator,55.0,1785987983.3153353,71,0.9843,0.0157,closed,0.8523,85.23,0.3505,18.01,15.79,3.38,6.4,0.0395,31.78,495.7,0.0023,0.0177,0.232,0.2416,1,186.33,323.09,331.04,46,0.0051,232.58,135,0.0382
live_ep_000043_CPU_SATURATION,CPU_SATURATION,inventory-service,python-simulator,55.5,1785987983.815831,122,0.936,0.064,closed,0.9333,93.33,0.4083,14.94,22.46,2.52,3.75,0.0473,12.87,500.5,0.0115,0.0242,0.2548,0.2422,3,193.53,305.96,378.31,54,0.0349,184.25,148,0.0547
live_ep_000043_CPU_SATURATION,CPU_SATURATION,inventory-service,python-simulator,56.0,1785987984.3159735,82,0.99,0.01,closed,0.8344,83.44,0.2612,9.88,15.44,5.89,2.87,0.0488,2.0,526.4,0.0185,0.0156,0.3094,0.2709,0,184.05,201.43,265.74,41,0.0224,205.39,125,0.0293
live_ep_000043_CPU_SATURATION,CPU_SATURATION,inventory-service,python-simulator,56.5,1785987984.8164942,115,0.95,0.05,closed,0.9504,95.04,0.2805,14.3,16.85,5.88,4.9,0.0667,6.73,522.7,0.003,0.0273,0.169,0.2651,3,210.58,363.83,468.13,50,0.0154,173.33,148,0.0576
live_ep_000043_CPU_SATURATION,CPU_SATURATION,inventory-service,python-simulator,57.0,1785987985.3178513,133,0.88,0.12,closed,0.876,87.6,0.1979,38.76,36.77,5.53,6.03,0.0508,4.25,492.5,0.0039,0.0186,0.3034,0.2757,0,202.36,204.23,334.71,47,0.0511,210.52,131,0.0397
live_ep_000043_CPU_SATURATION,CPU_SATURATION,inventory-service,python-simulator,57.5,1785987985.8183494,161,0.99,0.01,closed,0.8821,88.21,0.1929,11.43,18.59,3.34,2.09,0.0414,8.34,544.9,0.0007,0.0234,0.2719,0.2596,1,185.03,238.04,325.95,56,0.0104,180.32,134,0.0393
live_ep_000043_CPU_SATURATION,CPU_SATURATION,inventory-service,python-simulator,58.0,1785987986.3247247,105,0.9501,0.0499,closed,0.8212,82.12,0.1013,13.91,14.73,7.14,5.98,0.0561,2.0,509.3,0.0083,0.0126,0.3031,0.2668,1,185.99,210.42,278.54,50,0.0343,203.38,131,0.0304
live_ep_000043_CPU_SATURATION,CPU_SATURATION,inventory-service,python-simulator,58.5,1785987986.8248255,145,0.9704,0.0296,closed,0.9161,91.61,0.2724,14.9,19.87,2.34,2.93,0.0459,7.69,513.7,0.014,0.0246,0.3165,0.301,4,195.87,350.55,363.97,52,0.0234,182.85,141,0.0508
live_ep_000043_CPU_SATURATION,CPU_SATURATION,inventory-service,python-simulator,59.0,1785987987.3252766,74,0.9883,0.0117,closed,0.8586,85.86,0.4146,11.18,16.63,3.24,2.48,0.0435,8.17,502.2,0.0018,0.016,0.1803,0.2512,4,193.36,245.38,307.08,45,0.0157,207.51,129,0.0317
live_ep_000043_CPU_SATURATION,CPU_SATURATION,inventory-service,python-simulator,59.5,1785987987.8278155,111,0.9054,0.0946,closed,0.834,83.4,0.3508,9.75,30.24,5.76,3.01,0.0328,20.35,501.4,0.0066,0.018,0.0961,0.259,2,178.49,302.72,339.65,59,0.0043,192.92,131,0.028
live_ep_000044_RETRY_STORM,RETRY_STORM,inventory-service,python-simulator,0.0,1785987988.33286,38,0.9015,0.0985,closed,0.4229,42.29,0.4019,13.41,37.86,2.94,7.89,0.0115,7.3,492.6,0.0021,0.0079,0.1563,0.1833,2,86.81,102.08,120.23,7,0.0405,180.04,9,0.0054
live_ep_000044_RETRY_STORM,RETRY_STORM,inventory-service,python-simulator,0.5,1785987988.8334131,28,0.9595,0.0405,closed,0.2843,28.43,0.3913,0.5,29.42,2.59,4.38,0.0075,30.68,517.9,0.0167,0.001,0.236,0.2573,2,94.76,105.84,142.92,16,0.0417,183.65,0,0.0011
live_ep_000044_RETRY_STORM,RETRY_STORM,inventory-service,python-simulator,1.0,1785987989.3336325,93,0.9717,0.0283,closed,0.3785,37.85,0.3059,4.99,13.56,6.62,4.56,0.0018,4.46,534.0,0.0019,0.0072,0.2172,0.2373,2,93.87,118.54,122.55,17,0.0742,218.58,8,0.0014
live_ep_000044_RETRY_STORM,RETRY_STORM,inventory-service,python-simulator,1.5,1785987989.8350217,50,0.9055,0.0945,closed,0.3167,31.67,0.3363,7.2,15.52,9.25,8.38,0.0073,24.46,542.8,0.0026,0.0031,0.25,0.2873,1,102.19,109.95,134.66,17,0.0913,213.68,9,0.0068
live_ep_000044_RETRY_STORM,RETRY_STORM,inventory-service,python-simulator,2.0,1785987990.3354003,52,0.9554,0.0446,closed,0.3705,37.05,0.2473,6.53,24.23,3.73,2.57,0.0075,14.01,504.2,0.0107,0.0035,0.2063,0.2619,0,91.48,103.82,116.37,8,0.007,182.68,13,0.0025
live_ep_000044_RETRY_STORM,RETRY_STORM,inventory-service,python-simulator,2.5,1785987990.8362648,87,0.9395,0.0605,closed,0.2581,25.81,0.4326,3.69,22.77,11.97,5.54,0.0032,9.06,492.6,0.002,0.0059,0.3563,0.2186,4,85.68,93.23,104.73,6,0.0004,234.35,12,0.0013
live_ep_000044_RETRY_STORM,RETRY_STORM,inventory-service,python-simulator,3.0,1785987991.336444,51,0.905,0.095,closed,0.3449,34.49,0.4148,3.78,16.24,2.77,7.08,0.0072,2.28,522.1,0.0035,0.0001,0.2022,0.2516,4,92.6,103.29,117.12,5,0.0104,235.27,9,0.0099
live_ep_000044_RETRY_STORM,RETRY_STORM,inventory-service,python-simulator,3.5,1785987991.8411555,177,0.8966,0.1034,closed,0.5968,59.68,0.4837,11.42,21.45,8.5,6.82,0.0641,2.0,508.2,0.0141,0.0216,0.3396,0.266,7,93.12,184.34,193.76,66,0.546,527.61,52,0.0285
live_ep_000044_RETRY_STORM,RETRY_STORM,inventory-service,python-simulator,4.0,1785987992.341651,62,0.9361,0.0639,closed,0.5313,53.13,0.5774,26.43,48.17,2.31,5.39,0.0727,15.57,520.4,0.0065,0.0249,0.1655,0.2811,8,95.8,131.77,188.69,70,0.6117,567.03,56,0.0418
live_ep_000044_RETRY_STORM,RETRY_STORM,inventory-service,python-simulator,4.5,1785987992.841905,96,0.9872,0.0128,closed,0.5988,59.88,0.5527,17.46,43.34,5.56,9.89,0.0847,2.0,533.5,0.0076,0.0284,0.2652,0.262,6,98.7,196.58,212.18,74,0.6786,607.14,60,0.0374
live_ep_000044_RETRY_STORM,RETRY_STORM,inventory-service,python-simulator,5.0,1785987993.3510768,286,0.9594,0.0406,closed,0.5729,57.29,0.536,20.03,41.77,4.0,6.62,0.0884,47.08,545.4,0.0014,0.0284,0.2805,0.2781,9,95.96,106.84,228.65,90,0.734,640.43,64,0.0386
live_ep_000044_RETRY_STORM,RETRY_STORM,inventory-service,python-simulator,5.5,1785987993.871937,192,0.9053,0.0947,closed,0.5658,56.58,0.6559,16.02,39.03,2.59,6.15,0.0852,9.61,504.4,0.0085,0.0264,0.3536,0.2302,7,88.44,89.95,158.06,60,0.6076,564.58,56,0.0369
live_ep_000044_RETRY_STORM,RETRY_STORM,inventory-service,python-simulator,6.0,1785987994.3721728,218,0.88,0.12,closed,0.5924,59.24,0.6978,20.9,36.9,5.54,6.67,0.0724,22.92,484.9,0.0092,0.0233,0.3417,0.273,7,73.35,144.83,200.24,72,0.6616,596.95,59,0.0409
live_ep_000044_RETRY_STORM,RETRY_STORM,inventory-service,python-simulator,6.5,1785987994.8726294,276,0.9168,0.0832,closed,0.4766,47.66,0.7614,14.09,25.91,3.01,6.35,0.0704,24.78,522.2,0.0049,0.0277,0.2519,0.2161,7,84.94,103.69,235.56,72,0.6797,607.84,60,0.0454
live_ep_000044_RETRY_STORM,RETRY_STORM,inventory-service,python-simulator,7.0,1785987995.3728266,265,0.9885,0.0115,closed,0.4909,49.09,0.5873,15.78,58.78,8.66,6.16,0.0985,38.95,522.0,0.0017,0.0301,0.2596,0.1696,11,87.58,180.84,299.22,82,0.7409,644.53,64,0.0435
live_ep_000044_RETRY_STORM,RETRY_STORM,inventory-service,python-simulator,7.5,1785987995.8732054,246,0.99,0.01,closed,0.5796,57.96,0.6772,20.0,47.37,8.82,9.26,0.0902,14.06,566.9,0.003,0.0315,0.1422,0.2279,8,85.41,189.78,226.5,72,0.6948,616.86,61,0.039
live_ep_000044_RETRY_STORM,RETRY_STORM,inventory-service,python-simulator,8.0,1785987996.3735023,105,0.8924,0.1076,closed,0.5944,59.44,0.634,19.45,40.68,8.96,6.4,0.0799,2.51,525.5,0.0112,0.0245,0.2505,0.2949,10,82.78,176.96,194.39,85,0.7287,637.21,63,0.0413
live_ep_000044_RETRY_STORM,RETRY_STORM,inventory-service,python-simulator,8.5,1785987996.8738914,112,0.99,0.01,closed,0.4457,44.57,0.5556,13.06,33.93,5.41,7.34,0.0645,12.7,496.7,0.0009,0.0198,0.1927,0.2316,7,93.59,130.92,185.5,56,0.5611,536.68,53,0.0297
live_ep_000044_RETRY_STORM,RETRY_STORM,inventory-service,python-simulator,9.0,1785987997.377516,195,0.88,0.12,closed,0.534,53.4,0.5127,11.07,31.95,3.88,4.54,0.07,7.08,515.4,0.0033,0.0222,0.3642,0.2204,8,90.84,95.17,156.59,48,0.477,486.2,48,0.0256
live_ep_000044_RETRY_STORM,RETRY_STORM,inventory-service,python-simulator,9.5,1785987997.877914,90,0.99,0.01,closed,0.5284,52.84,0.5349,17.44,27.24,9.49,6.34,0.0582,2.0,509.6,0.0043,0.0205,0.2224,0.2773,5,82.65,118.98,132.78,60,0.5336,520.16,52,0.0341
live_ep_000044_RETRY_STORM,RETRY_STORM,inventory-service,python-simulator,10.0,1785987998.3784556,97,0.9606,0.0394,closed,0.5402,54.02,0.4292,15.55,35.37,4.76,5.64,0.0611,19.26,488.2,0.0001,0.0201,0.1746,0.263,7,75.6,81.02,192.42,66,0.581,548.61,54,0.0436
live_ep_000044_RETRY_STORM,RETRY_STORM,inventory-service,python-simulator,10.5,1785987998.8789823,107,0.9839,0.0161,closed,0.5787,57.87,0.6215,13.32,23.99,10.57,5.46,0.0626,6.9,494.6,0.0031,0.019,0.3282,0.2527,7,92.77,171.85,207.32,67,0.6009,560.56,56,0.0305
live_ep_000044_RETRY_STORM,RETRY_STORM,inventory-service,python-simulator,11.0,1785987999.3792622,72,0.8927,0.1073,closed,0.5188,51.88,0.7555,15.32,23.46,3.48,6.64,0.0638,6.53,508.7,0.0036,0.021,0.1961,0.1821,6,82.87,134.45,182.86,58,0.5358,521.51,52,0.0275
live_ep_000044_RETRY_STORM,RETRY_STORM,inventory-service,python-simulator,11.5,1785987999.8797724,214,0.9759,0.0241,closed,0.4534,45.34,0.5887,21.96,35.17,5.43,5.69,0.0672,11.04,472.2,0.0096,0.0227,0.1718,0.2155,9,94.37,182.98,183.89,66,0.5627,537.61,53,0.029
live_ep_000044_RETRY_STORM,RETRY_STORM,inventory-service,python-simulator,12.0,1785988000.379957,148,0.9158,0.0842,closed,0.7108,71.08,0.724,19.54,45.7,2.6,5.31,0.0978,20.15,549.2,0.0001,0.0351,0.2741,0.2765,9,78.43,239.13,293.86,95,0.8526,711.56,71,0.0722
live_ep_000044_RETRY_STORM,RETRY_STORM,inventory-service,python-simulator,12.5,1785988000.8805895,213,0.9315,0.0685,closed,0.5604,56.04,0.7616,22.35,38.92,5.54,7.5,0.0765,2.0,501.8,0.002,0.0246,0.1816,0.2888,9,86.53,221.58,293.37,75,0.7407,644.4,64,0.0465
live_ep_000044_RETRY_STORM,RETRY_STORM,inventory-service,python-simulator,13.0,1785988001.3811686,126,0.88,0.12,closed,0.4809,48.09,0.6494,8.79,25.5,4.12,4.07,0.0472,3.27,543.8,0.0035,0.015,0.1796,0.2774,6,103.43,146.43,193.31,60,0.4143,448.6,44,0.0248
live_ep_000044_RETRY_STORM,RETRY_STORM,inventory-service,python-simulator,13.5,1785988001.8815224,94,0.9604,0.0396,closed,0.5852,58.52,0.5672,19.32,41.65,5.76,4.36,0.0787,60.0,513.5,0.0029,0.024,0.177,0.2323,9,87.65,112.93,240.02,87,0.6866,611.98,61,0.0358
live_ep_000044_RETRY_STORM,RETRY_STORM,inventory-service,python-simulator,14.0,1785988002.3819804,227,0.9691,0.0309,closed,0.5152,51.52,0.6343,15.29,24.4,6.7,12.59,0.0709,51.78,538.5,0.0012,0.0218,0.2326,0.258,7,85.12,195.63,261.81,72,0.687,612.19,61,0.0391
live_ep_000044_RETRY_STORM,RETRY_STORM,inventory-service,python-simulator,14.5,1785988002.8823278,119,0.9873,0.0127,closed,0.604,60.4,0.6118,26.4,72.01,3.5,5.17,0.0792,9.85,481.8,0.0035,0.0274,0.2037,0.2582,10,112.4,192.05,215.77,87,0.7482,648.94,64,0.0377
live_ep_000044_RETRY_STORM,RETRY_STORM,inventory-service,python-simulator,15.0,1785988003.382575,42,0.9673,0.0327,closed,0.5852,58.52,0.3203,13.89,30.91,3.47,9.16,0.0611,10.12,532.4,0.0031,0.0188,0.233,0.2488,7,96.37,186.75,189.95,67,0.5506,530.38,53,0.0289
live_ep_000044_RETRY_STORM,RETRY_STORM,inventory-service,python-simulator,15.5,1785988003.88358,107,0.953,0.047,closed,0.5356,53.56,0.6456,14.04,31.27,3.2,8.53,0.0715,12.36,522.6,0.0012,0.0215,0.2203,0.288,9,88.61,164.19,220.3,75,0.6403,584.21,58,0.0362
live_ep_000044_RETRY_STORM,RETRY_STORM,inventory-service,python-simulator,16.0,1785988004.3836994,217,0.9776,0.0224,closed,0.6368,63.68,0.6092,18.1,31.27,2.02,6.13,0.0716,24.99,523.0,0.005,0.0222,0.1946,0.2465,9,93.21,170.24,174.89,78,0.6699,601.96,60,0.0337
live_ep_000044_RETRY_STORM,RETRY_STORM,inventory-service,python-simulator,16.5,1785988004.884247,239,0.8976,0.1024,closed,0.6323,63.23,0.5818,26.69,40.99,8.69,7.72,0.0909,2.25,465.2,0.0007,0.0311,0.4033,0.1586,12,89.47,89.5,273.29,104,0.8597,715.83,71,0.0433
live_ep_000044_RETRY_STORM,RETRY_STORM,inventory-service,python-simulator,17.0,1785988005.3843572,254,0.88,0.12,closed,0.6104,61.04,0.6753,19.64,38.3,4.15,7.51,0.1,12.95,507.2,0.0042,0.0302,0.2227,0.2175,13,91.71,247.59,261.93,105,0.9,740.0,74,0.0518
live_ep_000044_RETRY_STORM,RETRY_STORM,inventory-service,python-simulator,17.5,1785988005.8844388,194,0.88,0.12,closed,0.5159,51.59,0.6321,37.38,48.71,3.52,5.66,0.0628,17.3,476.0,0.0048,0.0225,0.1638,0.2219,9,101.09,134.7,148.29,56,0.5263,515.78,51,0.0269
live_ep_000044_RETRY_STORM,RETRY_STORM,inventory-service,python-simulator,18.0,1785988006.3850806,277,0.9562,0.0438,closed,0.5858,58.58,0.6544,22.23,33.59,4.98,17.96,0.0911,18.08,504.9,0.0081,0.0278,0.2614,0.2778,8,90.94,132.59,231.65,93,0.7634,658.04,65,0.0402
live_ep_000044_RETRY_STORM,RETRY_STORM,inventory-service,python-simulator,18.5,1785988006.885493,122,0.99,0.01,closed,0.5658,56.58,0.5732,16.08,68.28,4.25,7.09,0.0733,60.0,502.7,0.007,0.0226,0.2851,0.258,9,104.05,168.67,223.36,88,0.6978,618.68,61,0.0372
live_ep_000044_RETRY_STORM,RETRY_STORM,inventory-service,python-simulator,19.0,1785988007.3860064,174,0.9081,0.0919,closed,0.4694,46.94,0.714,15.43,24.55,6.61,2.68,0.0765,2.0,495.2,0.0019,0.0255,0.1775,0.2373,8,91.37,186.05,232.13,78,0.6607,596.41,59,0.0369
live_ep_000044_RETRY_STORM,RETRY_STORM,inventory-service,python-simulator,19.5,1785988007.8864672,142,0.9865,0.0135,closed,0.5718,57.18,0.6457,28.5,52.88,1.72,10.23,0.0766,7.15,520.1,0.0021,0.0249,0.2348,0.2531,10,97.41,208.43,215.62,78,0.6888,613.25,61,0.0394
live_ep_000044_RETRY_STORM,RETRY_STORM,inventory-service,python-simulator,20.0,1785988008.386668,92,0.9718,0.0282,closed,0.5856,58.56,0.6121,15.56,42.66,6.88,4.85,0.0841,2.0,516.7,0.0057,0.0277,0.247,0.2444,10,76.39,119.04,225.78,90,0.7529,651.72,65,0.0395
live_ep_000044_RETRY_STORM,RETRY_STORM,inventory-service,python-simulator,20.5,1785988008.8872256,57,0.9759,0.0241,closed,0.458,45.8,0.564,11.78,20.0,3.6,8.12,0.0554,35.08,509.2,0.0025,0.0203,0.1194,0.2585,8,100.68,162.37,225.56,57,0.5269,516.15,51,0.0356
live_ep_000044_RETRY_STORM,RETRY_STORM,inventory-service,python-simulator,21.0,1785988009.3874295,67,0.96,0.04,closed,0.5581,55.81,0.5775,17.26,37.53,2.09,5.3,0.0748,40.78,554.7,0.0003,0.0285,0.259,0.2473,10,89.67,173.45,210.1,77,0.662,597.18,59,0.036
live_ep_000044_RETRY_STORM,RETRY_STORM,inventory-service,python-simulator,21.5,1785988009.8878639,245,0.99,0.01,closed,0.6255,62.55,0.6681,13.66,28.04,4.95,11.83,0.0682,49.24,500.2,0.0071,0.0214,0.2693,0.2452,9,103.04,167.16,178.47,72,0.6579,594.71,59,0.0482
live_ep_000044_RETRY_STORM,RETRY_STORM,inventory-service,python-simulator,22.0,1785988010.3881514,231,0.9718,0.0282,closed,0.5821,58.21,0.5751,20.41,52.59,6.4,10.22,0.0939,2.89,503.8,0.0096,0.0291,0.2321,0.1745,8,89.21,162.09,203.33,84,0.7421,645.26,64,0.0425
live_ep_000044_RETRY_STORM,RETRY_STORM,inventory-service,python-simulator,22.5,1785988010.8918357,146,0.88,0.12,closed,0.5348,53.48,0.6297,19.63,34.58,4.47,7.93,0.1014,3.95,536.3,0.0044,0.0331,0.2352,0.2454,12,99.02,154.52,270.51,85,0.8274,696.47,69,0.0451
live_ep_000044_RETRY_STORM,RETRY_STORM,inventory-service,python-simulator,23.0,1785988011.392215,93,0.914,0.086,closed,0.4499,44.99,0.5642,17.55,34.06,3.23,3.63,0.0831,11.54,496.3,0.0048,0.0283,0.2155,0.2382,7,84.42,217.9,223.03,72,0.7293,637.58,63,0.0424
live_ep_000044_RETRY_STORM,RETRY_STORM,inventory-service,python-simulator,23.5,1785988011.8923962,56,0.88,0.12,closed,0.4889,48.89,0.5341,11.68,31.32,3.26,12.93,0.0648,28.11,498.1,0.0034,0.0225,0.2439,0.2672,9,97.34,222.08,230.06,62,0.5434,526.04,52,0.0338
live_ep_000044_RETRY_STORM,RETRY_STORM,inventory-service,python-simulator,24.0,1785988012.3926423,289,0.9763,0.0237,closed,0.6371,63.71,0.5219,16.94,37.2,4.11,7.51,0.0864,21.82,539.0,0.0056,0.031,0.2149,0.2611,11,78.6,129.88,186.37,93,0.7699,661.93,66,0.0447
live_ep_000044_RETRY_STORM,RETRY_STORM,inventory-service,python-simulator,24.5,1785988012.8932478,276,0.99,0.01,closed,0.6089,60.89,0.4968,23.54,36.13,3.49,8.93,0.0712,30.78,504.0,0.0048,0.0214,0.2995,0.2477,7,107.52,194.65,195.23,82,0.6638,598.26,59,0.0389
live_ep_000044_RETRY_STORM,RETRY_STORM,inventory-service,python-simulator,25.0,1785988013.3935728,168,0.9644,0.0356,closed,0.5211,52.11,0.6465,18.89,29.53,3.08,5.91,0.0811,5.72,518.9,0.0047,0.0252,0.3014,0.2664,7,108.39,161.85,228.54,86,0.7193,631.58,63,0.0384
live_ep_000044_RETRY_STORM,RETRY_STORM,inventory-service,python-simulator,25.5,1785988013.8937948,304,0.8998,0.1002,closed,0.5946,59.46,0.5066,17.9,38.12,6.65,5.21,0.0958,46.41,521.0,0.0021,0.029,0.3144,0.2794,10,81.97,221.22,302.88,106,0.8701,722.04,72,0.0469
live_ep_000044_RETRY_STORM,RETRY_STORM,inventory-service,python-simulator,26.0,1785988014.3940578,104,0.99,0.01,closed,0.5542,55.42,0.5206,19.23,31.66,4.33,7.76,0.0634,3.59,500.1,0.0012,0.0226,0.1937,0.2982,7,95.35,133.35,154.36,56,0.486,491.61,49,0.0266
live_ep_000044_RETRY_STORM,RETRY_STORM,inventory-service,python-simulator,26.5,1785988014.8946388,50,0.88,0.12,closed,0.5114,51.14,0.5506,14.9,43.44,9.2,6.67,0.0706,37.89,492.2,0.0007,0.0215,0.2382,0.2317,8,80.07,100.52,226.13,71,0.6551,593.05,59,0.0529
live_ep_000044_RETRY_STORM,RETRY_STORM,inventory-service,python-simulator,27.0,1785988015.4000192,80,0.88,0.12,closed,0.5092,50.92,0.6565,13.07,47.95,4.06,5.73,0.0746,2.0,499.3,0.0061,0.0252,0.2422,0.2365,7,93.71,130.36,205.79,66,0.6173,570.39,57,0.0357
live_ep_000044_RETRY_STORM,RETRY_STORM,inventory-service,python-simulator,27.5,1785988015.9004931,116,0.9893,0.0107,closed,0.547,54.7,0.717,16.84,35.47,4.25,4.18,0.0778,22.26,520.7,0.0017,0.0267,0.2539,0.2769,9,88.34,140.88,188.88,67,0.6399,583.91,58,0.0345
live_ep_000044_RETRY_STORM,RETRY_STORM,inventory-service,python-simulator,28.0,1785988016.4010682,184,0.9468,0.0532,closed,0.5553,55.53,0.5558,30.62,26.5,2.2,4.26,0.0792,2.0,500.1,0.0064,0.0278,0.2167,0.2023,6,88.83,137.68,281.44,76,0.6557,593.39,59,0.047
live_ep_000044_RETRY_STORM,RETRY_STORM,inventory-service,python-simulator,28.5,1785988016.9015982,168,0.9882,0.0118,closed,0.5789,57.89,0.569,13.53,23.22,4.77,5.77,0.0848,2.0,523.0,0.0034,0.0254,0.1823,0.217,8,92.88,105.74,247.71,74,0.6513,590.79,59,0.0371
live_ep_000044_RETRY_STORM,RETRY_STORM,inventory-service,python-simulator,29.0,1785988017.4021957,103,0.9828,0.0172,closed,0.5412,54.12,0.6603,20.98,28.47,3.23,5.62,0.0764,2.0,504.3,0.0025,0.0293,0.2715,0.2854,9,75.93,193.08,198.25,67,0.654,592.38,59,0.0356
live_ep_000044_RETRY_STORM,RETRY_STORM,inventory-service,python-simulator,29.5,1785988017.902603,308,0.9195,0.0805,closed,0.6086,60.86,0.6407,17.31,34.1,4.09,12.23,0.0973,14.82,499.7,0.0009,0.0323,0.1623,0.2239,8,99.79,180.92,335.61,88,0.8403,704.19,70,0.0445
live_ep_000044_RETRY_STORM,RETRY_STORM,inventory-service,python-simulator,30.0,1785988018.4028494,196,0.8936,0.1064,closed,0.4432,44.32,0.7052,26.07,35.38,3.28,5.57,0.0631,15.5,507.1,0.0026,0.0206,0.275,0.1927,5,91.97,142.52,218.76,62,0.5256,515.36,51,0.027
live_ep_000044_RETRY_STORM,RETRY_STORM,inventory-service,python-simulator,30.5,1785988018.9033332,41,0.9213,0.0787,closed,0.533,53.3,0.476,15.8,37.38,3.42,5.62,0.0631,9.64,513.2,0.0027,0.0197,0.4364,0.2532,9,76.93,207.74,209.25,60,0.5428,525.71,52,0.0277
live_ep_000044_RETRY_STORM,RETRY_STORM,inventory-service,python-simulator,31.0,1785988019.40371,103,0.9708,0.0292,closed,0.541,54.1,0.7339,27.95,63.43,2.49,6.39,0.1094,2.32,518.6,0.0051,0.0331,0.1408,0.2177,9,101.25,177.43,208.92,95,0.7903,674.18,67,0.0426
live_ep_000044_RETRY_STORM,RETRY_STORM,inventory-service,python-simulator,31.5,1785988019.9039264,49,0.99,0.01,closed,0.5317,53.17,0.4732,15.67,43.79,4.61,4.07,0.0499,4.95,545.1,0.0022,0.0151,0.1932,0.2522,8,91.16,123.37,176.16,66,0.4846,490.77,49,0.0257
live_ep_000044_RETRY_STORM,RETRY_STORM,inventory-service,python-simulator,32.0,1785988020.4080198,195,0.88,0.12,closed,0.5968,59.68,0.7228,23.85,34.85,2.34,4.21,0.0693,47.45,503.9,0.002,0.0235,0.246,0.2635,10,100.7,150.46,203.76,75,0.6112,566.74,56,0.0326
live_ep_000044_RETRY_STORM,RETRY_STORM,inventory-service,python-simulator,32.5,1785988020.9083004,246,0.88,0.12,closed,0.6025,60.25,0.5245,16.72,35.41,4.62,4.35,0.0665,9.49,480.3,0.0057,0.0232,0.2653,0.206,9,96.46,190.53,196.22,70,0.6634,598.05,59,0.035
live_ep_000044_RETRY_STORM,RETRY_STORM,inventory-service,python-simulator,33.0,1785988021.4085274,125,0.9339,0.0661,closed,0.5694,56.94,0.6586,16.16,39.38,2.72,3.67,0.0896,6.5,492.0,0.0039,0.0273,0.3292,0.2248,9,101.14,144.71,240.7,79,0.7785,667.12,66,0.0458
live_ep_000044_RETRY_STORM,RETRY_STORM,inventory-service,python-simulator,33.5,1785988021.9090023,51,0.9682,0.0318,closed,0.4872,48.72,0.6988,26.9,57.11,4.62,17.14,0.0867,38.52,510.3,0.0097,0.029,0.2595,0.2747,7,86.37,146.56,207.87,67,0.6643,598.6,59,0.0435
live_ep_000044_RETRY_STORM,RETRY_STORM,inventory-service,python-simulator,34.0,1785988022.4091456,291,0.9551,0.0449,closed,0.5782,57.82,0.7179,24.49,42.79,7.35,8.78,0.0989,15.79,516.6,0.0097,0.031,0.3417,0.2166,9,89.01,182.2,220.23,85,0.8349,700.93,70,0.0448
live_ep_000044_RETRY_STORM,RETRY_STORM,inventory-service,python-simulator,34.5,1785988022.9095895,188,0.9297,0.0703,closed,0.5869,58.69,0.728,16.29,62.28,2.09,2.9,0.0969,14.43,534.4,0.0031,0.0292,0.3536,0.2227,8,84.42,282.8,308.4,83,0.7896,673.75,67,0.0402
live_ep_000044_RETRY_STORM,RETRY_STORM,inventory-service,python-simulator,35.0,1785988023.4101326,88,0.945,0.055,closed,0.5292,52.92,0.5824,14.82,20.0,4.42,7.2,0.075,6.52,525.1,0.004,0.0253,0.2714,0.233,7,100.1,139.33,261.17,74,0.6406,584.38,58,0.037
live_ep_000044_RETRY_STORM,RETRY_STORM,inventory-service,python-simulator,35.5,1785988023.9105456,149,0.9727,0.0273,closed,0.7161,71.61,0.6323,18.92,51.51,4.67,8.58,0.0933,24.12,511.1,0.0007,0.0303,0.2792,0.2671,10,103.66,215.5,288.05,89,0.8839,730.36,73,0.0442
live_ep_000044_RETRY_STORM,RETRY_STORM,inventory-service,python-simulator,36.0,1785988024.4111936,222,0.9056,0.0944,closed,0.5648,56.48,0.6187,16.36,54.23,3.34,6.2,0.0821,2.0,522.1,0.0017,0.0272,0.3263,0.2479,7,91.41,198.09,267.99,81,0.7932,675.92,67,0.0532
live_ep_000044_RETRY_STORM,RETRY_STORM,inventory-service,python-simulator,36.5,1785988024.9168062,175,0.9758,0.0242,closed,0.5688,56.88,0.6402,17.28,30.54,5.53,2.18,0.0795,27.45,458.1,0.0006,0.0266,0.2694,0.1804,8,81.2,209.18,218.26,85,0.7175,630.48,63,0.0383
live_ep_000044_RETRY_STORM,RETRY_STORM,inventory-service,python-simulator,37.0,1785988025.418425,133,0.9137,0.0863,closed,0.6134,61.34,0.6305,16.38,28.35,3.01,5.59,0.0862,15.38,499.2,0.0013,0.0286,0.2471,0.2135,10,87.43,188.73,201.46,95,0.7838,670.31,67,0.041
live_ep_000044_RETRY_STORM,RETRY_STORM,inventory-service,python-simulator,37.5,1785988025.9188325,162,0.99,0.01,closed,0.5626,56.26,0.6051,14.81,37.8,9.13,4.51,0.0853,11.32,497.3,0.0009,0.0267,0.2111,0.2248,8,87.49,103.78,239.98,85,0.7156,629.34,62,0.0439
live_ep_000044_RETRY_STORM,RETRY_STORM,inventory-service,python-simulator,38.0,1785988026.419112,299,0.99,0.01,closed,0.6172,61.72,0.6038,17.89,31.28,3.85,8.19,0.1006,42.2,533.3,0.0138,0.0305,0.2513,0.2685,12,83.53,218.82,249.12,87,0.8375,702.5,70,0.054
live_ep_000044_RETRY_STORM,RETRY_STORM,inventory-service,python-simulator,38.5,1785988026.9191983,178,0.99,0.01,closed,0.5233,52.33,0.599,15.07,31.3,2.95,6.16,0.0669,54.92,495.7,0.002,0.0208,0.2081,0.2627,6,95.44,138.3,192.92,66,0.6312,578.72,57,0.0381
live_ep_000044_RETRY_STORM,RETRY_STORM,inventory-service,python-simulator,39.0,1785988027.4195194,232,0.9607,0.0393,closed,0.5171,51.71,0.6145,24.22,38.04,3.05,14.01,0.0836,25.67,523.3,0.0007,0.0266,0.3009,0.2866,11,91.75,129.72,225.49,77,0.7111,626.68,62,0.0433
live_ep_000044_RETRY_STORM,RETRY_STORM,inventory-service,python-simulator,39.5,1785988027.9206948,91,0.8944,0.1056,closed,0.4974,49.74,0.5806,19.05,29.49,3.64,7.63,0.0736,21.85,509.9,0.0038,0.0226,0.2616,0.235,9,89.04,173.59,224.4,70,0.6779,606.76,60,0.0357
live_ep_000044_RETRY_STORM,RETRY_STORM,inventory-service,python-simulator,40.0,1785988028.421258,70,0.9546,0.0454,closed,0.4972,49.72,0.6903,13.19,70.17,2.27,5.85,0.0753,2.11,484.7,0.0003,0.0303,0.2169,0.2153,8,95.05,147.46,227.95,72,0.6319,579.17,57,0.0317
live_ep_000044_RETRY_STORM,RETRY_STORM,inventory-service,python-simulator,40.5,1785988028.92143,160,0.99,0.01,closed,0.6001,60.01,0.6926,26.22,24.21,2.85,6.28,0.0767,2.0,477.1,0.003,0.0237,0.2584,0.2269,8,81.61,194.91,215.1,71,0.6824,609.44,60,0.0428
live_ep_000044_RETRY_STORM,RETRY_STORM,inventory-service,python-simulator,41.0,1785988029.4220757,200,0.955,0.045,closed,0.6833,68.33,0.6807,17.31,61.78,5.81,3.51,0.0834,37.09,530.2,0.0196,0.0281,0.1953,0.2676,8,98.2,209.26,215.91,99,0.8036,682.15,68,0.0507
live_ep_000044_RETRY_STORM,RETRY_STORM,inventory-service,python-simulator,41.5,1785988029.923061,187,0.9433,0.0567,closed,0.572,57.2,0.7484,16.51,38.82,5.25,7.53,0.0778,17.26,526.1,0.0018,0.0257,0.2795,0.3065,9,99.8,116.36,201.12,78,0.7312,638.74,63,0.0384
live_ep_000044_RETRY_STORM,RETRY_STORM,inventory-service,python-simulator,42.0,1785988030.42383,74,0.99,0.01,closed,0.5159,51.59,0.8465,14.45,34.04,3.6,8.57,0.0688,4.25,496.9,0.0007,0.0264,0.2503,0.2722,9,98.16,173.22,221.96,80,0.6662,599.69,59,0.0396
live_ep_000044_RETRY_STORM,RETRY_STORM,inventory-service,python-simulator,42.5,1785988030.9243073,134,0.9717,0.0283,closed,0.687,68.7,0.6083,16.34,22.8,4.27,7.0,0.0891,14.93,488.9,0.0027,0.0284,0.2006,0.204,9,89.05,189.03,227.85,88,0.7731,663.85,66,0.0476
live_ep_000044_RETRY_STORM,RETRY_STORM,inventory-service,python-simulator,43.0,1785988031.4252238,91,0.9206,0.0794,closed,0.5799,57.99,0.5548,24.44,37.19,8.93,2.76,0.096,4.79,472.0,0.0086,0.0296,0.3512,0.2415,11,100.47,182.9,221.5,88,0.7683,661.01,66,0.042
live_ep_000044_RETRY_STORM,RETRY_STORM,inventory-service,python-simulator,43.5,1785988031.925408,272,0.9715,0.0285,closed,0.6156,61.56,0.824,17.04,31.12,4.52,4.88,0.08,2.57,506.2,0.0028,0.024,0.2304,0.2526,11,91.98,97.08,229.32,85,0.7281,636.86,63,0.0425
live_ep_000044_RETRY_STORM,RETRY_STORM,inventory-service,python-simulator,44.0,1785988032.425682,159,0.9516,0.0484,closed,0.6256,62.56,0.6731,21.19,51.3,1.65,10.58,0.0855,18.89,528.2,0.0054,0.0279,0.275,0.1858,8,84.81,184.79,208.25,92,0.7478,648.69,64,0.0391
live_ep_000044_RETRY_STORM,RETRY_STORM,inventory-service,python-simulator,44.5,1785988032.926006,230,0.9412,0.0588,closed,0.5526,55.26,0.61,18.49,65.33,5.89,13.06,0.0947,16.01,480.7,0.0005,0.0341,0.2523,0.256,8,85.67,244.96,245.37,99,0.8231,693.85,69,0.0579
live_ep_000044_RETRY_STORM,RETRY_STORM,inventory-service,python-simulator,45.0,1785988033.4261637,184,0.99,0.01,closed,0.5954,59.54,0.5691,13.91,70.07,5.93,4.04,0.0789,4.79,522.1,0.008,0.0238,0.2318,0.2856,6,86.74,130.4,151.17,81,0.6705,602.28,60,0.0343
live_ep_000044_RETRY_STORM,RETRY_STORM,inventory-service,python-simulator,45.5,1785988033.9270766,181,0.9813,0.0187,closed,0.5203,52.03,0.6208,15.49,36.66,2.98,3.59,0.0836,16.86,548.0,0.0144,0.0265,0.283,0.2805,10,98.11,228.38,230.09,85,0.6797,607.82,60,0.0429
live_ep_000044_RETRY_STORM,RETRY_STORM,inventory-service,python-simulator,46.0,1785988034.4274898,186,0.88,0.12,closed,0.4781,47.81,0.6046,28.85,47.15,5.23,6.81,0.0749,14.31,555.5,0.0072,0.0254,0.2283,0.26,7,85.49,156.89,205.85,81,0.6524,591.47,59,0.0338
live_ep_000044_RETRY_STORM,RETRY_STORM,inventory-service,python-simulator,46.5,1785988034.9278474,178,0.9448,0.0552,closed,0.4758,47.58,0.6514,12.55,20.84,7.67,11.06,0.0611,24.54,515.5,0.0051,0.0188,0.3512,0.2034,8,73.52,160.5,178.45,61,0.6027,561.61,56,0.0348
live_ep_000044_RETRY_STORM,RETRY_STORM,inventory-service,python-simulator,47.0,1785988035.4301345,59,0.9675,0.0325,closed,0.5229,52.29,0.5218,17.89,20.0,3.97,5.47,0.0579,17.31,509.8,0.0001,0.0182,0.122,0.2479,9,82.06,116.63,225.22,59,0.5642,538.53,53,0.0428
live_ep_000044_RETRY_STORM,RETRY_STORM,inventory-service,python-simulator,47.5,1785988035.9303963,150,0.9811,0.0189,closed,0.6953,69.53,0.6606,18.89,31.58,2.45,5.63,0.078,21.14,481.9,0.0064,0.0245,0.2125,0.1684,9,87.09,139.71,187.8,88,0.7362,641.7,64,0.0432
live_ep_000044_RETRY_STORM,RETRY_STORM,inventory-service,python-simulator,48.0,1785988036.430761,166,0.9204,0.0796,closed,0.5147,51.47,0.6873,14.06,32.21,2.45,6.28,0.0698,17.18,555.5,0.0018,0.0219,0.3758,0.2854,8,89.81,218.87,225.22,74,0.6247,574.85,57,0.0406
live_ep_000044_RETRY_STORM,RETRY_STORM,inventory-service,python-simulator,48.5,1785988036.9312766,197,0.99,0.01,closed,0.5763,57.63,0.7414,21.99,35.27,8.04,2.56,0.0757,10.57,476.8,0.0014,0.0252,0.2931,0.2713,6,100.45,131.65,194.98,66,0.6334,580.01,58,0.0317
live_ep_000044_RETRY_STORM,RETRY_STORM,inventory-service,python-simulator,49.0,1785988037.4317844,321,0.9647,0.0353,closed,0.6251,62.51,0.6451,20.04,36.36,3.08,5.34,0.0933,3.01,510.3,0.0051,0.0335,0.2101,0.2013,9,74.18,95.91,240.62,94,0.8505,710.32,71,0.045
live_ep_000044_RETRY_STORM,RETRY_STORM,inventory-service,python-simulator,49.5,1785988037.9319923,138,0.9078,0.0922,closed,0.4353,43.53,0.5173,15.56,22.15,2.11,15.09,0.0776,5.54,519.8,0.0008,0.0233,0.3211,0.297,5,86.56,169.64,176.96,73,0.5981,558.86,55,0.031
live_ep_000044_RETRY_STORM,RETRY_STORM,inventory-service,python-simulator,50.0,1785988038.4324985,263,0.8913,0.1087,closed,0.5505,55.05,0.6188,16.18,26.07,2.66,8.91,0.0674,7.47,493.3,0.0014,0.0219,0.3609,0.2156,9,98.21,118.1,233.14,77,0.6446,586.76,58,0.0337
live_ep_000044_RETRY_STORM,RETRY_STORM,inventory-service,python-simulator,50.5,1785988038.9330711,301,0.9462,0.0538,closed,0.6055,60.55,0.7003,21.49,33.32,6.03,9.09,0.1086,52.16,499.8,0.0033,0.0326,0.2662,0.2655,12,96.07,102.9,253.82,83,0.8006,680.38,68,0.0413
live_ep_000044_RETRY_STORM,RETRY_STORM,inventory-service,python-simulator,51.0,1785988039.4350147,127,0.9817,0.0183,closed,0.6101,61.01,0.7034,20.33,92.32,4.35,8.47,0.091,9.08,517.7,0.0048,0.0291,0.2416,0.2303,11,95.56,125.89,249.02,94,0.8326,699.54,69,0.0499
live_ep_000044_RETRY_STORM,RETRY_STORM,inventory-service,python-simulator,51.5,1785988039.93529,259,0.9546,0.0454,closed,0.5294,52.94,0.5285,27.47,20.0,2.63,2.81,0.0666,60.0,506.4,0.0013,0.0225,0.2085,0.2901,6,86.58,101.86,187.82,68,0.6099,565.93,56,0.0376
live_ep_000044_RETRY_STORM,RETRY_STORM,inventory-service,python-simulator,52.0,1785988040.4355814,257,0.9721,0.0279,closed,0.561,56.1,0.5316,14.51,39.51,3.14,10.12,0.0913,22.01,488.7,0.0029,0.0296,0.1502,0.2844,10,100.98,152.8,178.52,79,0.6911,614.67,61,0.0394
live_ep_000044_RETRY_STORM,RETRY_STORM,inventory-service,python-simulator,52.5,1785988040.936147,204,0.9268,0.0732,closed,0.4721,47.21,0.6242,15.89,20.0,5.67,4.41,0.0615,2.25,487.5,0.0075,0.0185,0.2532,0.2518,9,93.59,150.41,178.71,63,0.5672,540.34,54,0.0324
live_ep_000044_RETRY_STORM,RETRY_STORM,inventory-service,python-simulator,53.0,1785988041.4363637,124,0.9723,0.0277,closed,0.6719,67.19,0.7416,21.15,31.34,4.96,8.92,0.1006,7.8,554.6,0.0007,0.0319,0.1936,0.2217,11,105.01,110.35,175.34,92,0.8496,709.77,70,0.0444
live_ep_000044_RETRY_STORM,RETRY_STORM,inventory-service,python-simulator,53.5,1785988041.936971,128,0.9807,0.0193,closed,0.6278,62.78,0.5754,22.82,41.45,6.88,5.22,0.093,33.68,526.9,0.0062,0.0303,0.3743,0.2343,8,86.8,100.81,247.92,88,0.8137,688.22,68,0.0418
live_ep_000044_RETRY_STORM,RETRY_STORM,inventory-service,python-simulator,54.0,1785988042.437264,102,0.9854,0.0146,closed,0.5953,59.53,0.6932,16.23,33.03,4.98,7.19,0.0867,26.37,518.7,0.0002,0.0332,0.2714,0.2789,8,94.39,136.77,277.39,86,0.7819,669.15,66,0.0393
live_ep_000044_RETRY_STORM,RETRY_STORM,inventory-service,python-simulator,54.5,1785988042.9377363,274,0.9637,0.0363,closed,0.6062,60.62,0.769,14.7,41.15,8.33,9.58,0.1104,29.03,496.9,0.019,0.0351,0.2173,0.2377,11,84.2,90.74,297.29,79,0.7042,622.52,62,0.0381
live_ep_000044_RETRY_STORM,RETRY_STORM,inventory-service,python-simulator,55.0,1785988043.4380496,90,0.99,0.01,closed,0.5189,51.89,0.6687,14.99,43.43,6.76,3.98,0.0817,55.31,472.8,0.005,0.025,0.1906,0.2243,9,94.99,260.28,293.35,85,0.7244,634.65,63,0.0423
live_ep_000044_RETRY_STORM,RETRY_STORM,inventory-service,python-simulator,55.5,1785988043.9382403,184,0.9836,0.0164,closed,0.5965,59.65,0.7428,15.49,27.21,9.42,4.8,0.0621,4.26,512.8,0.0007,0.0202,0.192,0.27,7,83.67,115.24,231.78,65,0.5711,542.68,54,0.0296
live_ep_000044_RETRY_STORM,RETRY_STORM,inventory-service,python-simulator,56.0,1785988044.4387417,157,0.88,0.12,closed,0.5437,54.37,0.7964,23.35,28.89,4.26,8.27,0.1154,2.5,498.0,0.0014,0.0351,0.3009,0.2395,8,76.02,142.25,206.3,77,0.767,660.18,66,0.0436
live_ep_000044_RETRY_STORM,RETRY_STORM,inventory-service,python-simulator,56.5,1785988044.9391835,156,0.9034,0.0966,closed,0.5939,59.39,0.7193,20.87,30.56,6.11,7.17,0.0906,3.29,480.6,0.0018,0.0276,0.1545,0.2634,8,89.46,149.16,257.89,103,0.87,721.98,72,0.044
live_ep_000044_RETRY_STORM,RETRY_STORM,inventory-service,python-simulator,57.0,1785988045.4397771,175,0.99,0.01,closed,0.6101,61.01,0.5077,26.08,24.55,5.26,6.28,0.0898,22.5,492.7,0.0064,0.0278,0.265,0.2479,8,87.64,203.37,262.12,77,0.6538,592.31,59,0.0393
live_ep_000044_RETRY_STORM,RETRY_STORM,inventory-service,python-simulator,57.5,1785988045.9402897,168,0.9253,0.0747,closed,0.5876,58.76,0.639,13.78,39.16,5.25,6.79,0.0722,2.0,521.3,0.0003,0.0241,0.3046,0.2544,10,96.93,131.74,207.94,76,0.6566,593.95,59,0.0467
live_ep_000044_RETRY_STORM,RETRY_STORM,inventory-service,python-simulator,58.0,1785988046.4405687,136,0.9255,0.0745,closed,0.5449,54.49,0.5873,19.79,47.93,2.61,3.84,0.0823,3.08,514.2,0.0117,0.0272,0.2699,0.2439,11,75.4,204.63,253.93,73,0.7012,620.75,62,0.0406
live_ep_000044_RETRY_STORM,RETRY_STORM,inventory-service,python-simulator,58.5,1785988046.9408715,244,0.88,0.12,closed,0.6118,61.18,0.6409,31.31,46.77,8.85,4.91,0.0711,33.51,496.5,0.0053,0.0215,0.2747,0.2252,7,94.54,180.44,208.96,66,0.6649,598.93,59,0.0534
live_ep_000044_RETRY_STORM,RETRY_STORM,inventory-service,python-simulator,59.0,1785988047.4414282,190,0.9663,0.0337,closed,0.4985,49.85,0.4976,18.51,20.0,4.35,7.19,0.0698,2.0,510.3,0.0027,0.0227,0.2428,0.2344,6,90.25,176.91,271.33,65,0.6069,564.15,56,0.032
live_ep_000044_RETRY_STORM,RETRY_STORM,inventory-service,python-simulator,59.5,1785988047.9418027,179,0.9771,0.0229,closed,0.6246,62.46,0.6304,14.96,20.11,4.12,4.45,0.0791,4.93,528.0,0.0061,0.0245,0.1373,0.2761,8,81.58,116.75,214.01,83,0.6652,599.09,59,0.0382
live_ep_000045_CPU_SATURATION,CPU_SATURATION,inventory-service,python-simulator,0.0,1785988048.4450464,77,0.9173,0.0827,closed,0.375,37.5,0.3864,6.89,27.41,4.86,3.82,0.0093,2.0,506.9,0.0086,0.0015,0.3324,0.2627,4,80.3,89.85,101.64,4,0.0119,180.53,14,0.0033
live_ep_000045_CPU_SATURATION,CPU_SATURATION,inventory-service,python-simulator,0.5,1785988048.9456198,110,0.9366,0.0634,closed,0.3105,31.05,0.2889,8.74,14.14,6.85,5.96,0.002,37.54,530.8,0.0188,0.0007,0.3003,0.2304,3,93.69,96.67,106.75,10,0.0261,207.75,13,0.0069
live_ep_000045_CPU_SATURATION,CPU_SATURATION,inventory-service,python-simulator,1.0,1785988049.4459696,79,0.9837,0.0163,closed,0.3752,37.52,0.2985,12.58,20.06,6.61,5.17,0.0135,3.14,524.3,0.0068,0.0054,0.1964,0.2465,1,90.81,95.93,127.53,15,0.0193,214.61,5,0.0012
live_ep_000045_CPU_SATURATION,CPU_SATURATION,inventory-service,python-simulator,1.5,1785988049.9461164,28,0.99,0.01,closed,0.4141,41.41,0.3593,1.03,21.13,3.83,9.83,0.0072,2.0,507.8,0.0055,0.0025,0.2211,0.2798,4,91.92,97.58,138.58,10,0.1,205.75,11,0.0137
live_ep_000045_CPU_SATURATION,CPU_SATURATION,inventory-service,python-simulator,2.0,1785988050.4464965,96,0.9007,0.0993,closed,0.2781,27.81,0.4162,6.2,14.55,4.22,6.41,0.0046,2.0,544.6,0.0039,0.0012,0.2131,0.2706,1,89.49,100.5,130.05,18,0.0384,209.07,14,0.0002
live_ep_000045_CPU_SATURATION,CPU_SATURATION,inventory-service,python-simulator,2.5,1785988050.9469864,84,0.9334,0.0666,closed,0.3189,31.89,0.2777,10.21,35.49,4.26,5.41,0.0106,16.53,533.4,0.0019,0.0015,0.1977,0.225,3,79.62,83.83,96.79,0,0.0142,188.07,10,0.0002
live_ep_000045_CPU_SATURATION,CPU_SATURATION,inventory-service,python-simulator,3.0,1785988051.447108,98,0.9165,0.0835,closed,0.3596,35.96,0.363,5.53,21.82,3.15,2.0,0.0277,19.57,475.5,0.0152,0.0025,0.2347,0.2863,0,94.76,101.43,119.2,10,0.0493,166.05,12,0.008
live_ep_000045_CPU_SATURATION,CPU_SATURATION,inventory-service,python-simulator,3.5,1785988051.94732,31,0.99,0.01,closed,0.2967,29.67,0.5225,2.95,25.83,4.92,6.93,0.0089,21.45,505.9,0.0024,0.005,0.1108,0.2654,1,89.33,100.79,113.63,6,0.0039,172.43,2,0.0009
live_ep_000045_CPU_SATURATION,CPU_SATURATION,inventory-service,python-simulator,4.0,1785988052.447507,122,0.9672,0.0328,closed,0.8735,87.35,0.3745,10.13,13.99,5.54,8.53,0.0438,9.61,516.8,0.0018,0.0198,0.2618,0.2748,0,195.6,315.48,332.23,60,0.0788,250.92,142,0.0358
live_ep_000045_CPU_SATURATION,CPU_SATURATION,inventory-service,python-simulator,4.5,1785988052.9476085,147,0.9439,0.0561,closed,0.9166,91.66,0.316,10.68,22.72,6.51,5.14,0.0504,5.0,512.6,0.0101,0.024,0.3772,0.23,4,197.54,269.27,364.48,45,0.0089,179.97,151,0.0452
live_ep_000045_CPU_SATURATION,CPU_SATURATION,inventory-service,python-simulator,5.0,1785988053.4478242,102,0.9822,0.0178,closed,0.8027,80.27,0.3496,12.45,18.74,3.62,8.98,0.0295,5.62,512.9,0.0009,0.0111,0.1729,0.2312,4,180.7,237.23,311.08,54,0.0078,224.94,125,0.0276
live_ep_000045_CPU_SATURATION,CPU_SATURATION,inventory-service,python-simulator,5.5,1785988053.9481409,76,0.8849,0.1151,closed,0.841,84.1,0.4434,8.91,18.02,5.02,8.52,0.0402,2.0,536.9,0.002,0.016,0.2409,0.2646,0,180.0,337.78,353.92,53,0.0015,196.45,126,0.0352
live_ep_000045_CPU_SATURATION,CPU_SATURATION,inventory-service,python-simulator,6.0,1785988054.4485555,117,0.9654,0.0346,closed,0.8716,87.16,0.3042,13.6,15.05,4.98,2.54,0.0416,2.0,536.8,0.0044,0.0221,0.2236,0.2609,2,199.77,300.81,310.82,56,0.0347,229.74,140,0.0366
live_ep_000045_CPU_SATURATION,CPU_SATURATION,inventory-service,python-simulator,6.5,1785988054.9487374,96,0.99,0.01,closed,0.8578,85.78,0.2643,11.15,16.3,7.6,4.02,0.0466,37.74,511.6,0.0222,0.0233,0.2537,0.2014,0,190.19,274.55,304.36,50,0.0875,207.72,131,0.0328
live_ep_000045_CPU_SATURATION,CPU_SATURATION,inventory-service,python-simulator,7.0,1785988055.4490547,147,0.99,0.01,closed,0.8824,88.24,0.3006,9.71,26.16,3.68,7.8,0.0575,16.08,520.5,0.0049,0.0184,0.2736,0.3179,2,191.6,258.94,298.56,49,0.0124,179.2,141,0.0369
live_ep_000045_CPU_SATURATION,CPU_SATURATION,inventory-service,python-simulator,7.5,1785988055.9495156,125,0.9545,0.0455,closed,0.8609,86.09,0.3823,9.35,19.97,5.02,8.36,0.0414,12.87,505.5,0.0007,0.0162,0.3864,0.2576,3,195.38,203.82,327.56,45,0.0176,212.18,142,0.0399
live_ep_000045_CPU_SATURATION,CPU_SATURATION,inventory-service,python-simulator,8.0,1785988056.449833,118,0.9471,0.0529,closed,0.9464,94.64,0.3402,16.11,31.14,2.58,3.61,0.057,3.76,520.7,0.0016,0.0266,0.2491,0.2903,0,213.59,344.76,399.5,53,0.0434,185.88,154,0.0538
live_ep_000045_CPU_SATURATION,CPU_SATURATION,inventory-service,python-simulator,8.5,1785988056.950033,63,0.9271,0.0729,closed,0.8576,85.76,0.3459,12.34,17.01,3.52,5.37,0.0335,38.25,500.9,0.003,0.0159,0.2124,0.2357,3,206.52,240.32,336.43,43,0.0086,204.24,141,0.0359
live_ep_000045_CPU_SATURATION,CPU_SATURATION,inventory-service,python-simulator,9.0,1785988057.4502883,119,0.9814,0.0186,closed,0.8183,81.83,0.277,9.66,27.62,3.65,4.28,0.0404,6.47,504.7,0.003,0.0134,0.2153,0.2252,1,170.37,207.45,320.95,47,0.0092,167.59,125,0.0371
live_ep_000045_CPU_SATURATION,CPU_SATURATION,inventory-service,python-simulator,9.5,1785988057.9504886,66,0.9358,0.0642,closed,0.8936,89.36,0.2989,13.79,19.28,5.58,10.14,0.0514,4.91,500.5,0.0055,0.0207,0.1158,0.3177,3,196.87,201.9,327.97,51,0.0039,190.86,136,0.0397
live_ep_000045_CPU_SATURATION,CPU_SATURATION,inventory-service,python-simulator,10.0,1785988058.4509482,108,0.9193,0.0807,closed,0.8693,86.93,0.347,17.3,15.55,1.75,7.75,0.0622,2.0,475.7,0.0054,0.0171,0.3735,0.1925,0,190.44,220.7,294.67,48,0.0638,238.87,131,0.0411
live_ep_000045_CPU_SATURATION,CPU_SATURATION,inventory-service,python-simulator,10.5,1785988058.9512014,117,0.9076,0.0924,closed,0.9132,91.32,0.2392,17.46,32.29,4.86,8.39,0.051,4.87,517.3,0.0001,0.0215,0.3095,0.3005,0,199.86,234.92,341.8,61,0.0139,173.29,140,0.0446
live_ep_000045_CPU_SATURATION,CPU_SATURATION,inventory-service,python-simulator,11.0,1785988059.4514194,152,0.9598,0.0402,closed,0.9797,97.97,0.2692,13.07,20.58,3.16,8.92,0.0647,28.97,505.5,0.0001,0.0286,0.1852,0.2486,3,224.69,332.03,358.71,52,0.0378,156.01,149,0.0607
live_ep_000045_CPU_SATURATION,CPU_SATURATION,inventory-service,python-simulator,11.5,1785988059.9546666,67,0.9383,0.0617,closed,0.9172,91.72,0.4683,9.72,14.32,5.45,6.06,0.0511,11.58,484.7,0.0023,0.022,0.3189,0.2424,3,205.01,335.54,362.07,54,0.0188,209.4,144,0.0566
live_ep_000045_CPU_SATURATION,CPU_SATURATION,inventory-service,python-simulator,12.0,1785988060.4551487,79,0.99,0.01,closed,0.8662,86.62,0.3423,16.3,24.86,4.91,5.72,0.0479,9.04,507.7,0.0003,0.0176,0.2273,0.25,3,185.88,369.08,401.53,53,0.0139,194.16,136,0.0397
live_ep_000045_CPU_SATURATION,CPU_SATURATION,inventory-service,python-simulator,12.5,1785988060.9557443,130,0.9133,0.0867,closed,0.875,87.5,0.2691,9.51,15.09,3.89,7.4,0.042,9.66,523.7,0.0207,0.0176,0.3591,0.2895,0,190.61,254.23,299.18,50,0.0123,223.8,138,0.0371
live_ep_000045_CPU_SATURATION,CPU_SATURATION,inventory-service,python-simulator,13.0,1785988061.4558625,110,0.9066,0.0934,closed,0.8809,88.09,0.3859,9.72,22.78,3.26,4.59,0.0461,13.71,512.6,0.0039,0.0216,0.1217,0.2335,4,207.46,272.57,341.93,60,0.0323,236.66,145,0.0393
live_ep_000045_CPU_SATURATION,CPU_SATURATION,inventory-service,python-simulator,13.5,1785988061.9564726,62,0.8943,0.1057,closed,0.8105,81.05,0.4262,11.95,32.0,2.49,6.9,0.0362,15.65,520.1,0.0092,0.0161,0.2365,0.2666,3,183.89,203.44,295.36,53,0.0264,178.29,123,0.0251
live_ep_000045_CPU_SATURATION,CPU_SATURATION,inventory-service,python-simulator,14.0,1785988062.4570158,77,0.9687,0.0313,closed,0.9406,94.06,0.2576,13.48,17.18,5.32,11.6,0.055,29.08,532.7,0.0046,0.0248,0.2896,0.2619,4,213.97,416.44,417.36,48,0.0488,203.27,141,0.0555
live_ep_000045_CPU_SATURATION,CPU_SATURATION,inventory-service,python-simulator,14.5,1785988062.961452,86,0.88,0.12,closed,0.9535,95.35,0.315,12.2,14.31,2.66,4.39,0.0531,15.97,488.9,0.005,0.0261,0.2439,0.2418,3,210.9,334.63,392.33,56,0.0016,188.41,148,0.0561
live_ep_000045_CPU_SATURATION,CPU_SATURATION,inventory-service,python-simulator,15.0,1785988063.4619787,96,0.99,0.01,closed,0.8969,89.69,0.1292,15.5,16.19,4.61,10.55,0.0548,20.4,486.0,0.0105,0.0203,0.2761,0.2138,4,187.65,287.63,301.8,49,0.0004,182.52,137,0.0438
live_ep_000045_CPU_SATURATION,CPU_SATURATION,inventory-service,python-simulator,15.5,1785988063.9620965,154,0.961,0.039,closed,0.7872,78.72,0.3421,21.2,16.4,7.14,5.13,0.024,26.09,540.7,0.0011,0.0096,0.2522,0.2427,4,178.51,224.04,298.25,50,0.0421,185.46,129,0.018
live_ep_000045_CPU_SATURATION,CPU_SATURATION,inventory-service,python-simulator,16.0,1785988064.4622235,124,0.88,0.12,closed,0.832,83.2,0.3765,10.73,12.11,4.72,11.83,0.034,7.14,480.7,0.0015,0.0143,0.3091,0.241,0,181.32,186.63,239.34,41,0.0082,182.28,135,0.0277
live_ep_000045_CPU_SATURATION,CPU_SATURATION,inventory-service,python-simulator,16.5,1785988064.9625525,116,0.9486,0.0514,closed,0.8619,86.19,0.3174,31.79,14.23,5.35,7.52,0.0467,43.39,469.7,0.0004,0.0175,0.1451,0.2212,2,207.67,223.39,321.04,45,0.0088,234.05,136,0.041
live_ep_000045_CPU_SATURATION,CPU_SATURATION,inventory-service,python-simulator,17.0,1785988065.4628985,123,0.9816,0.0184,closed,0.8656,86.56,0.3139,14.15,20.81,3.24,10.96,0.0353,10.98,534.0,0.0006,0.0223,0.2638,0.2704,2,196.72,242.46,381.74,59,0.0122,178.39,132,0.035
live_ep_000045_CPU_SATURATION,CPU_SATURATION,inventory-service,python-simulator,17.5,1785988065.9631543,85,0.88,0.12,closed,0.9078,90.78,0.3321,18.86,18.43,3.82,3.26,0.0589,33.78,479.0,0.0034,0.0233,0.2566,0.2383,4,213.81,225.2,428.75,50,0.0343,164.41,139,0.0439
live_ep_000045_CPU_SATURATION,CPU_SATURATION,inventory-service,python-simulator,18.0,1785988066.4634333,60,0.9624,0.0376,closed,0.7524,75.24,0.3672,10.02,16.08,5.91,12.38,0.0153,21.95,526.0,0.0019,0.0058,0.1963,0.2406,0,177.34,188.76,241.98,46,0.0284,215.59,124,0.0127
live_ep_000045_CPU_SATURATION,CPU_SATURATION,inventory-service,python-simulator,18.5,1785988066.9640715,77,0.99,0.01,closed,0.9495,94.95,0.2361,12.1,17.5,2.3,5.41,0.0704,24.64,497.3,0.001,0.0262,0.1956,0.2788,4,212.85,215.29,405.82,55,0.0748,196.5,155,0.0591
live_ep_000045_CPU_SATURATION,CPU_SATURATION,inventory-service,python-simulator,19.0,1785988067.4644637,146,0.99,0.01,closed,0.8152,81.52,0.3904,13.0,30.71,3.88,5.52,0.0339,2.11,493.6,0.0014,0.0118,0.1829,0.3108,1,175.66,216.46,251.92,48,0.0624,226.9,131,0.0387
live_ep_000045_CPU_SATURATION,CPU_SATURATION,inventory-service,python-simulator,19.5,1785988067.9651394,63,0.9681,0.0319,closed,0.8267,82.67,0.4218,14.71,19.45,2.54,9.55,0.0314,2.0,542.5,0.0017,0.018,0.2538,0.2265,1,198.91,328.08,332.72,50,0.0085,203.98,125,0.0256
live_ep_000045_CPU_SATURATION,CPU_SATURATION,inventory-service,python-simulator,20.0,1785988068.4661202,131,0.9876,0.0124,closed,0.9724,97.24,0.3523,11.23,16.54,6.64,6.52,0.0677,24.66,515.1,0.0034,0.0281,0.3554,0.2747,1,215.36,267.82,414.38,59,0.0042,209.4,145,0.058
live_ep_000045_CPU_SATURATION,CPU_SATURATION,inventory-service,python-simulator,20.5,1785988068.9665382,131,0.9196,0.0804,closed,0.887,88.7,0.1594,10.68,16.7,5.57,5.35,0.0486,11.32,506.3,0.01,0.0187,0.2387,0.2278,1,191.21,327.23,328.65,60,0.0722,207.54,135,0.0475
live_ep_000045_CPU_SATURATION,CPU_SATURATION,inventory-service,python-simulator,21.0,1785988069.4669824,94,0.8843,0.1157,closed,0.8374,83.74,0.2816,18.85,21.43,5.91,4.54,0.0464,28.63,523.8,0.004,0.0152,0.3026,0.239,1,175.22,276.11,298.57,60,0.0126,224.8,128,0.029
live_ep_000045_CPU_SATURATION,CPU_SATURATION,inventory-service,python-simulator,21.5,1785988069.9672768,70,0.88,0.12,closed,0.8317,83.17,0.251,10.8,18.05,3.55,11.02,0.0304,2.0,518.6,0.0014,0.0135,0.3356,0.272,2,196.04,254.09,259.57,49,0.0505,185.69,136,0.0324
live_ep_000045_CPU_SATURATION,CPU_SATURATION,inventory-service,python-simulator,22.0,1785988070.4676652,132,0.9684,0.0316,closed,0.8867,88.67,0.4425,20.13,16.19,5.13,11.02,0.0442,47.32,552.9,0.0043,0.0211,0.2437,0.2784,4,200.94,320.65,337.79,59,0.0077,190.19,138,0.0381
live_ep_000045_CPU_SATURATION,CPU_SATURATION,inventory-service,python-simulator,22.5,1785988070.9681487,139,0.9063,0.0937,closed,0.8806,88.06,0.4835,10.51,19.68,3.85,9.93,0.0414,9.78,485.8,0.0097,0.0185,0.2603,0.2506,1,199.85,292.77,355.11,47,0.0051,198.78,133,0.0392
live_ep_000045_CPU_SATURATION,CPU_SATURATION,inventory-service,python-simulator,23.0,1785988071.4687328,146,0.8825,0.1175,closed,0.8549,85.49,0.2076,11.12,18.56,4.26,4.73,0.0399,22.12,522.8,0.0032,0.0174,0.3025,0.3442,0,185.23,302.13,311.68,48,0.0082,222.12,139,0.0313
live_ep_000045_CPU_SATURATION,CPU_SATURATION,inventory-service,python-simulator,23.5,1785988071.9690788,162,0.9735,0.0265,closed,0.9022,90.22,0.419,13.19,13.74,4.47,3.81,0.0414,32.11,492.3,0.0069,0.0209,0.2434,0.237,3,196.6,223.06,358.17,56,0.035,179.34,141,0.0453
live_ep_000045_CPU_SATURATION,CPU_SATURATION,inventory-service,python-simulator,24.0,1785988072.4693973,94,0.9119,0.0881,closed,0.85,85.0,0.3587,10.72,18.12,5.07,8.41,0.0465,20.79,483.5,0.0176,0.0155,0.3291,0.2308,2,200.42,256.02,273.16,50,0.0177,184.91,134,0.0357
live_ep_000045_CPU_SATURATION,CPU_SATURATION,inventory-service,python-simulator,24.5,1785988072.9697676,161,0.9593,0.0407,closed,0.8888,88.88,0.2743,12.01,28.51,3.98,12.27,0.0404,14.56,542.9,0.0008,0.0204,0.2757,0.2114,0,206.58,227.28,387.64,62,0.032,218.69,134,0.0386
live_ep_000045_CPU_SATURATION,CPU_SATURATION,inventory-service,python-simulator,25.0,1785988073.4703104,76,0.9329,0.0671,closed,0.9028,90.28,0.5006,10.78,21.43,5.56,7.19,0.047,5.58,499.1,0.0059,0.0215,0.2196,0.2693,3,195.54,253.3,322.39,59,0.0383,211.15,138,0.0447
live_ep_000045_CPU_SATURATION,CPU_SATURATION,inventory-service,python-simulator,25.5,1785988073.9706244,136,0.9853,0.0147,closed,0.8947,89.47,0.205,22.1,14.19,6.83,6.64,0.0437,5.57,495.0,0.0079,0.0221,0.1776,0.2539,2,211.91,368.64,374.21,45,0.1,206.74,139,0.0402
live_ep_000045_CPU_SATURATION,CPU_SATURATION,inventory-service,python-simulator,26.0,1785988074.4710324,102,0.99,0.01,closed,0.8623,86.23,0.1154,20.64,20.33,3.99,9.58,0.0504,2.25,508.4,0.0053,0.0214,0.3009,0.2584,3,199.33,337.86,356.38,49,0.0216,174.16,132,0.033
live_ep_000045_CPU_SATURATION,CPU_SATURATION,inventory-service,python-simulator,26.5,1785988074.9713967,145,0.9852,0.0148,closed,0.8671,86.71,0.3112,12.09,11.88,6.66,9.29,0.0568,23.25,527.2,0.0074,0.0184,0.2532,0.2474,1,198.49,237.16,347.7,58,0.1,160.24,137,0.036
live_ep_000045_CPU_SATURATION,CPU_SATURATION,inventory-service,python-simulator,27.0,1785988075.471647,152,0.9603,0.0397,closed,0.9096,90.96,0.2656,22.29,18.93,5.96,3.93,0.0471,17.01,502.5,0.0008,0.0324,0.2016,0.2111,3,221.6,362.36,387.5,51,0.009,196.05,142,0.0427
live_ep_000045_CPU_SATURATION,CPU_SATURATION,inventory-service,python-simulator,27.5,1785988075.9717288,89,0.88,0.12,closed,0.8371,83.71,0.3687,12.52,33.92,5.71,3.04,0.0379,3.55,517.8,0.0208,0.0139,0.1928,0.2666,3,176.83,191.64,316.12,47,0.0165,172.32,139,0.0279
live_ep_000045_CPU_SATURATION,CPU_SATURATION,inventory-service,python-simulator,28.0,1785988076.4718163,158,0.891,0.109,closed,0.8235,82.35,0.3667,14.64,17.92,4.44,9.38,0.0428,3.49,552.0,0.002,0.0135,0.2586,0.2474,4,177.95,226.51,278.86,55,0.0592,191.15,123,0.0258
live_ep_000045_CPU_SATURATION,CPU_SATURATION,inventory-service,python-simulator,28.5,1785988076.9718971,65,0.99,0.01,closed,0.823,82.3,0.3541,21.71,19.78,1.77,3.62,0.0456,4.48,497.5,0.0027,0.0133,0.2742,0.1872,1,191.28,225.12,254.99,43,0.0178,232.34,136,0.0266
live_ep_000045_CPU_SATURATION,CPU_SATURATION,inventory-service,python-simulator,29.0,1785988077.4724643,164,0.9561,0.0439,closed,0.915,91.5,0.3695,10.38,16.5,12.26,4.88,0.0585,58.56,498.0,0.0014,0.0238,0.2334,0.2461,1,200.73,340.49,374.16,52,0.1,219.04,144,0.0532
live_ep_000045_CPU_SATURATION,CPU_SATURATION,inventory-service,python-simulator,29.5,1785988077.972939,152,0.8973,0.1027,closed,0.8595,85.95,0.507,9.85,24.5,3.94,10.65,0.034,2.6,507.1,0.0013,0.0163,0.2861,0.2313,0,187.31,230.01,340.28,58,0.1,184.63,128,0.0406
live_ep_000045_CPU_SATURATION,CPU_SATURATION,inventory-service,python-simulator,30.0,1785988078.4731786,152,0.88,0.12,closed,0.9441,94.41,0.4644,10.35,16.32,5.26,10.72,0.0671,2.0,518.0,0.003,0.0252,0.1956,0.3099,3,213.95,352.16,388.73,65,0.0368,221.57,148,0.0502
live_ep_000045_CPU_SATURATION,CPU_SATURATION,inventory-service,python-simulator,30.5,1785988078.9733121,91,0.9783,0.0217,closed,0.8554,85.54,0.2543,9.05,26.18,3.44,8.04,0.0328,30.1,557.2,0.0103,0.0157,0.2978,0.2498,4,191.64,244.57,325.8,46,0.0131,193.08,136,0.0365
live_ep_000045_CPU_SATURATION,CPU_SATURATION,inventory-service,python-simulator,31.0,1785988079.4738023,94,0.95,0.05,closed,0.8668,86.68,0.3148,9.75,16.91,3.64,6.95,0.0405,16.17,505.3,0.0076,0.0178,0.2348,0.2603,4,164.18,324.8,367.15,60,0.0836,208.82,144,0.0444
live_ep_000045_CPU_SATURATION,CPU_SATURATION,inventory-service,python-simulator,31.5,1785988079.9739652,67,0.9502,0.0498,closed,0.8369,83.69,0.3777,15.64,21.97,3.69,3.54,0.0363,2.0,511.0,0.0015,0.0156,0.1085,0.2061,4,186.74,244.91,334.1,58,0.0523,184.22,131,0.03
live_ep_000045_CPU_SATURATION,CPU_SATURATION,inventory-service,python-simulator,32.0,1785988080.474453,141,0.9473,0.0527,closed,0.8914,89.14,0.2303,17.31,20.12,4.59,7.04,0.0596,5.83,523.0,0.0073,0.0252,0.306,0.2408,0,200.83,226.1,324.14,48,0.0806,156.35,145,0.0414
live_ep_000045_CPU_SATURATION,CPU_SATURATION,inventory-service,python-simulator,32.5,1785988080.9749343,105,0.8834,0.1166,closed,0.8889,88.89,0.3485,10.7,28.73,3.13,8.06,0.0551,38.39,469.0,0.0001,0.0211,0.2609,0.2273,2,199.37,271.51,354.48,62,0.059,172.68,136,0.0568
live_ep_000045_CPU_SATURATION,CPU_SATURATION,inventory-service,python-simulator,33.0,1785988081.4753613,142,0.9654,0.0346,closed,0.7938,79.38,0.2836,21.05,20.33,5.99,6.03,0.024,33.59,539.6,0.0158,0.0097,0.27,0.2542,1,182.87,220.81,298.99,58,0.031,169.12,128,0.0234
live_ep_000045_CPU_SATURATION,CPU_SATURATION,inventory-service,python-simulator,33.5,1785988081.9759378,88,0.9869,0.0131,closed,0.9139,91.39,0.3767,11.65,22.13,2.54,9.27,0.049,14.45,545.7,0.0007,0.0239,0.2663,0.2662,0,201.04,354.67,378.2,56,0.0247,169.23,142,0.0433
live_ep_000045_CPU_SATURATION,CPU_SATURATION,inventory-service,python-simulator,34.0,1785988082.4761612,70,0.9802,0.0198,closed,0.9262,92.62,0.3299,29.69,16.28,4.11,6.84,0.0886,9.86,560.5,0.0072,0.0241,0.2404,0.2747,0,199.14,312.04,383.03,59,0.0482,177.05,146,0.0486
live_ep_000045_CPU_SATURATION,CPU_SATURATION,inventory-service,python-simulator,34.5,1785988082.9768178,124,0.99,0.01,closed,0.8608,86.08,0.2491,16.66,15.4,5.69,7.13,0.0707,3.05,493.5,0.0184,0.0168,0.3126,0.1973,3,188.96,191.32,310.11,46,0.0469,206.33,139,0.0326
live_ep_000045_CPU_SATURATION,CPU_SATURATION,inventory-service,python-simulator,35.0,1785988083.4772797,142,0.99,0.01,closed,0.8779,87.79,0.3517,16.36,35.83,4.65,5.6,0.0376,46.8,503.4,0.0169,0.0197,0.3501,0.2519,1,211.56,222.44,344.68,57,0.0127,198.77,138,0.0378
live_ep_000045_CPU_SATURATION,CPU_SATURATION,inventory-service,python-simulator,35.5,1785988083.977758,132,0.9326,0.0674,closed,0.8399,83.99,0.2942,18.43,29.1,8.9,7.97,0.0387,3.49,518.9,0.0006,0.0141,0.2907,0.2549,0,209.45,285.45,296.08,59,0.0718,208.52,129,0.0347
live_ep_000045_CPU_SATURATION,CPU_SATURATION,inventory-service,python-simulator,36.0,1785988084.4783537,149,0.99,0.01,closed,0.9025,90.25,0.4426,9.71,14.7,4.73,7.18,0.0431,9.3,473.0,0.0138,0.0232,0.2465,0.2396,1,206.25,220.68,336.55,52,0.0097,175.33,146,0.0449
live_ep_000045_CPU_SATURATION,CPU_SATURATION,inventory-service,python-simulator,36.5,1785988084.978665,123,0.88,0.12,closed,0.8649,86.49,0.3621,16.66,17.72,4.17,3.16,0.0343,2.0,503.7,0.0021,0.0182,0.2785,0.258,2,199.03,208.12,297.47,62,0.0119,182.3,138,0.0465
live_ep_000045_CPU_SATURATION,CPU_SATURATION,inventory-service,python-simulator,37.0,1785988085.4791152,119,0.9485,0.0515,closed,0.8362,83.62,0.3496,9.12,24.16,3.14,3.33,0.0324,8.37,505.2,0.0012,0.0142,0.3141,0.2362,2,172.7,247.04,303.57,46,0.0258,226.05,125,0.0287
live_ep_000045_CPU_SATURATION,CPU_SATURATION,inventory-service,python-simulator,37.5,1785988085.9794543,148,0.99,0.01,closed,0.8883,88.83,0.2811,10.45,21.91,3.05,2.63,0.045,10.78,538.8,0.0062,0.0197,0.2718,0.2477,1,194.77,260.4,381.37,44,0.0573,217.14,142,0.0442
live_ep_000045_CPU_SATURATION,CPU_SATURATION,inventory-service,python-simulator,38.0,1785988086.4800272,154,0.9866,0.0134,closed,0.8043,80.43,0.3228,17.6,19.4,3.76,4.34,0.0325,19.24,506.4,0.0045,0.0132,0.3059,0.2847,4,198.04,298.5,322.45,41,0.0101,200.5,120,0.0214
live_ep_000045_CPU_SATURATION,CPU_SATURATION,inventory-service,python-simulator,38.5,1785988086.98028,70,0.9739,0.0261,closed,0.8956,89.56,0.298,11.76,19.95,2.01,5.86,0.0547,6.06,495.0,0.0024,0.0233,0.2057,0.2207,3,208.12,229.29,344.93,52,0.0244,177.04,144,0.0468
live_ep_000045_CPU_SATURATION,CPU_SATURATION,inventory-service,python-simulator,39.0,1785988087.480493,161,0.8897,0.1103,closed,0.9034,90.34,0.3614,10.67,20.81,3.71,9.52,0.0564,2.0,543.0,0.0067,0.0211,0.2146,0.3178,1,202.57,212.98,291.5,48,0.0158,207.11,147,0.0415
live_ep_000045_CPU_SATURATION,CPU_SATURATION,inventory-service,python-simulator,39.5,1785988087.9809535,88,0.9673,0.0327,closed,0.912,91.2,0.2948,19.63,14.53,8.66,13.43,0.0482,32.76,505.2,0.0011,0.0219,0.2938,0.2286,1,213.51,328.98,389.59,48,0.011,195.48,141,0.0476
live_ep_000045_CPU_SATURATION,CPU_SATURATION,inventory-service,python-simulator,40.0,1785988088.4815361,122,0.9491,0.0509,closed,0.8719,87.19,0.3618,12.73,16.52,3.24,5.74,0.0388,8.34,507.9,0.0018,0.018,0.1987,0.2716,2,205.64,276.09,325.09,45,0.0097,189.21,144,0.0349
live_ep_000045_CPU_SATURATION,CPU_SATURATION,inventory-service,python-simulator,40.5,1785988088.981735,135,0.9832,0.0168,closed,0.9022,90.22,0.3196,9.52,15.67,5.86,10.53,0.0671,8.22,505.1,0.0062,0.0214,0.3107,0.2846,4,195.72,259.89,381.71,54,0.0688,199.42,135,0.0441
live_ep_000045_CPU_SATURATION,CPU_SATURATION,inventory-service,python-simulator,41.0,1785988089.4819298,105,0.9614,0.0386,closed,0.8795,87.95,0.3613,34.54,26.9,3.04,9.21,0.0696,2.0,475.9,0.0008,0.0234,0.2141,0.2498,3,187.13,234.99,315.56,45,0.0246,165.8,142,0.0516
live_ep_000045_CPU_SATURATION,CPU_SATURATION,inventory-service,python-simulator,41.5,1785988089.982492,135,0.99,0.01,closed,0.831,83.1,0.2405,9.81,38.77,4.06,5.13,0.0419,13.12,508.7,0.0041,0.0134,0.173,0.217,0,185.31,230.62,275.39,52,0.1,198.08,131,0.0314
live_ep_000045_CPU_SATURATION,CPU_SATURATION,inventory-service,python-simulator,42.0,1785988090.4826484,122,0.99,0.01,closed,0.916,91.6,0.3038,34.0,17.13,7.18,4.56,0.0455,15.39,518.9,0.0062,0.022,0.3064,0.2366,4,200.99,272.26,359.73,47,0.009,237.97,139,0.0442
live_ep_000045_CPU_SATURATION,CPU_SATURATION,inventory-service,python-simulator,42.5,1785988090.9836085,127,0.976,0.024,closed,0.908,90.8,0.2908,9.58,23.83,3.4,2.86,0.0441,4.33,463.5,0.003,0.0226,0.2072,0.2368,4,208.88,281.19,412.16,48,0.0644,212.3,141,0.0438
live_ep_000045_CPU_SATURATION,CPU_SATURATION,inventory-service,python-simulator,43.0,1785988091.4841733,104,0.88,0.12,closed,0.9286,92.86,0.376,10.8,20.89,2.96,4.08,0.0475,4.92,508.6,0.0045,0.0258,0.2135,0.1851,1,210.58,315.6,342.79,65,0.0004,184.86,151,0.0458
live_ep_000045_CPU_SATURATION,CPU_SATURATION,inventory-service,python-simulator,43.5,1785988091.9845316,80,0.9792,0.0208,closed,0.8273,82.73,0.3147,18.49,26.84,5.13,12.56,0.0536,11.41,497.5,0.0078,0.0147,0.2344,0.2678,1,176.15,199.2,283.33,45,0.0561,222.8,124,0.0324
live_ep_000045_CPU_SATURATION,CPU_SATURATION,inventory-service,python-simulator,44.0,1785988092.4850223,105,0.9121,0.0879,closed,0.8396,83.96,0.3657,10.94,19.83,5.73,4.08,0.0282,2.0,533.0,0.0052,0.0156,0.2979,0.256,4,194.44,239.8,307.18,54,0.0125,218.87,135,0.0285
live_ep_000045_CPU_SATURATION,CPU_SATURATION,inventory-service,python-simulator,44.5,1785988092.9855802,138,0.9748,0.0252,closed,0.8286,82.86,0.2936,8.79,17.58,2.71,5.42,0.0321,7.64,518.2,0.0014,0.0162,0.2778,0.2625,1,171.97,278.5,298.86,50,0.0062,214.3,129,0.0271
live_ep_000045_CPU_SATURATION,CPU_SATURATION,inventory-service,python-simulator,45.0,1785988093.48585,146,0.892,0.108,closed,0.8576,85.76,0.4841,10.68,20.63,4.9,6.9,0.0344,5.35,487.5,0.0034,0.0164,0.2068,0.2556,3,206.91,254.22,332.15,45,0.0535,195.71,135,0.0335
live_ep_000045_CPU_SATURATION,CPU_SATURATION,inventory-service,python-simulator,45.5,1785988093.9859972,135,0.9671,0.0329,closed,0.8817,88.17,0.2695,14.38,48.26,3.01,3.7,0.0476,41.87,535.9,0.005,0.0227,0.1624,0.2531,0,183.67,263.11,377.84,60,0.031,203.83,132,0.0414
live_ep_000045_CPU_SATURATION,CPU_SATURATION,inventory-service,python-simulator,46.0,1785988094.486753,128,0.88,0.12,closed,0.898,89.8,0.5604,11.27,17.13,8.42,6.23,0.0435,27.28,542.6,0.0003,0.0202,0.2578,0.2567,2,194.84,215.29,376.83,60,0.0146,257.78,142,0.0397
live_ep_000045_CPU_SATURATION,CPU_SATURATION,inventory-service,python-simulator,46.5,1785988094.9872663,117,0.88,0.12,closed,0.9687,96.87,0.3982,11.19,15.5,6.5,4.47,0.0563,9.9,518.5,0.0031,0.0285,0.2776,0.2372,3,202.29,309.74,355.38,62,0.0919,209.78,151,0.0572
live_ep_000045_CPU_SATURATION,CPU_SATURATION,inventory-service,python-simulator,47.0,1785988095.4878378,115,0.9887,0.0113,closed,0.9081,90.81,0.368,9.73,21.21,4.46,3.13,0.0581,2.0,533.8,0.008,0.0274,0.2888,0.2955,4,198.16,236.83,369.25,60,0.0149,204.79,150,0.046
live_ep_000045_CPU_SATURATION,CPU_SATURATION,inventory-service,python-simulator,47.5,1785988095.9880376,101,0.99,0.01,closed,0.8826,88.26,0.3899,13.61,29.11,3.12,9.18,0.0507,4.97,526.1,0.0004,0.0185,0.3149,0.2673,4,206.89,248.01,324.46,57,0.0132,211.22,143,0.0379
live_ep_000045_CPU_SATURATION,CPU_SATURATION,inventory-service,python-simulator,48.0,1785988096.4881406,151,0.9819,0.0181,closed,0.784,78.4,0.3393,10.31,19.11,9.15,8.21,0.0197,27.11,540.0,0.0012,0.0131,0.144,0.2846,1,171.53,184.33,236.16,39,0.0733,202.49,127,0.0196
live_ep_000045_CPU_SATURATION,CPU_SATURATION,inventory-service,python-simulator,48.5,1785988096.9886482,84,0.9822,0.0178,closed,0.912,91.2,0.4009,12.97,18.84,7.16,5.67,0.0521,2.0,522.8,0.0116,0.0214,0.1476,0.2862,3,195.16,195.51,413.12,55,0.1,198.75,146,0.0424
live_ep_000045_CPU_SATURATION,CPU_SATURATION,inventory-service,python-simulator,49.0,1785988097.4889522,157,0.99,0.01,closed,0.8802,88.02,0.4108,17.91,16.19,5.26,16.88,0.0463,15.27,526.0,0.012,0.0183,0.2867,0.188,3,192.87,231.77,406.58,60,0.0129,169.12,135,0.0471
live_ep_000045_CPU_SATURATION,CPU_SATURATION,inventory-service,python-simulator,49.5,1785988097.9891088,95,0.9895,0.0105,closed,0.9292,92.92,0.4849,10.86,17.6,7.36,8.44,0.0674,17.49,516.7,0.0032,0.0267,0.2387,0.2519,0,198.37,333.12,380.42,59,0.0101,210.56,141,0.0527
live_ep_000045_CPU_SATURATION,CPU_SATURATION,inventory-service,python-simulator,50.0,1785988098.4892998,109,0.904,0.096,closed,0.9033,90.33,0.3905,10.55,18.46,4.86,4.14,0.0466,32.9,501.6,0.0125,0.0216,0.2657,0.2408,1,204.04,254.59,384.61,45,0.0016,201.33,143,0.0477
live_ep_000045_CPU_SATURATION,CPU_SATURATION,inventory-service,python-simulator,50.5,1785988098.9895058,146,0.88,0.12,closed,0.9169,91.69,0.3247,12.6,27.15,4.63,5.44,0.0522,22.86,497.0,0.0009,0.0246,0.1799,0.2541,3,194.65,324.7,329.98,63,0.0149,169.43,146,0.0455
live_ep_000045_CPU_SATURATION,CPU_SATURATION,inventory-service,python-simulator,51.0,1785988099.4899638,96,0.99,0.01,closed,0.8509,85.09,0.302,11.27,29.33,3.53,6.17,0.055,16.64,529.4,0.0121,0.0167,0.2266,0.2212,1,198.37,247.67,311.49,49,0.0305,169.19,135,0.0404
live_ep_000045_CPU_SATURATION,CPU_SATURATION,inventory-service,python-simulator,51.5,1785988099.9902418,117,0.9808,0.0192,closed,0.8737,87.37,0.36,13.47,15.24,6.29,6.51,0.0374,2.79,555.7,0.0006,0.0188,0.3851,0.2608,4,197.14,273.34,309.94,48,0.0179,217.39,137,0.0443
live_ep_000045_CPU_SATURATION,CPU_SATURATION,inventory-service,python-simulator,52.0,1785988100.4905317,76,0.9709,0.0291,closed,0.8015,80.15,0.275,8.82,29.01,2.47,5.97,0.0224,6.84,505.8,0.0049,0.0102,0.1411,0.2877,4,175.06,279.43,309.56,42,0.0054,246.78,123,0.0249
live_ep_000045_CPU_SATURATION,CPU_SATURATION,inventory-service,python-simulator,52.5,1785988100.990637,117,0.9657,0.0343,closed,0.8753,87.53,0.2523,19.18,24.33,7.08,3.09,0.0462,38.9,536.6,0.0077,0.0186,0.2918,0.241,2,192.65,211.61,291.25,44,0.0842,234.47,145,0.0364
live_ep_000045_CPU_SATURATION,CPU_SATURATION,inventory-service,python-simulator,53.0,1785988101.491147,101,0.9869,0.0131,closed,0.8944,89.44,0.3599,12.33,11.91,10.2,6.2,0.0475,60.0,517.7,0.0095,0.0222,0.1864,0.2436,0,196.03,426.52,430.2,53,0.0581,173.71,143,0.0415
live_ep_000045_CPU_SATURATION,CPU_SATURATION,inventory-service,python-simulator,53.5,1785988101.9917176,118,0.9254,0.0746,closed,0.9192,91.92,0.3789,9.86,33.87,5.16,6.21,0.0467,40.49,537.2,0.0014,0.0226,0.2816,0.2222,4,192.6,216.35,346.46,64,0.0139,177.4,137,0.0489
live_ep_000045_CPU_SATURATION,CPU_SATURATION,inventory-service,python-simulator,54.0,1785988102.5236359,83,0.9882,0.0118,closed,0.9022,90.22,0.3689,10.81,22.54,9.2,7.77,0.0509,11.97,506.4,0.0081,0.0204,0.2136,0.1642,0,192.5,276.57,381.5,56,0.0169,171.1,135,0.0441
live_ep_000045_CPU_SATURATION,CPU_SATURATION,inventory-service,python-simulator,54.5,1785988103.023728,100,0.9632,0.0368,closed,0.9314,93.14,0.4005,10.47,24.5,1.97,5.4,0.0587,6.4,461.6,0.0005,0.0243,0.2232,0.187,3,201.68,399.1,423.29,63,0.0043,196.45,152,0.0536
live_ep_000045_CPU_SATURATION,CPU_SATURATION,inventory-service,python-simulator,55.0,1785988103.5247288,66,0.8963,0.1037,closed,0.8682,86.82,0.4091,15.53,19.48,2.91,4.53,0.0351,11.08,454.2,0.0019,0.0195,0.2941,0.2272,4,189.4,217.3,331.45,50,0.0231,180.43,143,0.0442
live_ep_000045_CPU_SATURATION,CPU_SATURATION,inventory-service,python-simulator,55.5,1785988104.025079,136,0.9894,0.0106,closed,0.8423,84.23,0.2071,13.16,22.54,3.46,4.51,0.0472,14.19,516.9,0.0025,0.0184,0.2585,0.276,3,184.02,286.55,357.91,56,0.0037,233.6,138,0.0286
live_ep_000045_CPU_SATURATION,CPU_SATURATION,inventory-service,python-simulator,56.0,1785988104.5262372,117,0.9882,0.0118,closed,0.8708,87.08,0.478,9.91,16.0,1.78,6.33,0.0366,2.0,560.0,0.0058,0.0211,0.191,0.355,3,194.15,248.77,286.17,56,0.0307,191.27,133,0.0385
live_ep_000045_CPU_SATURATION,CPU_SATURATION,inventory-service,python-simulator,56.5,1785988105.0264041,107,0.9482,0.0518,closed,0.9099,90.99,0.4151,10.21,15.13,2.94,4.55,0.0526,6.61,494.3,0.0046,0.0226,0.1998,0.2335,0,205.8,392.55,400.95,51,0.0324,172.45,136,0.0486
live_ep_000045_CPU_SATURATION,CPU_SATURATION,inventory-service,python-simulator,57.0,1785988105.526825,106,0.99,0.01,closed,0.8804,88.04,0.483,9.87,22.27,5.68,3.1,0.0457,3.82,512.3,0.0043,0.0186,0.2832,0.3084,4,198.75,326.26,366.35,44,0.003,221.34,144,0.0363
live_ep_000045_CPU_SATURATION,CPU_SATURATION,inventory-service,python-simulator,57.5,1785988106.0271108,81,0.9385,0.0615,closed,0.87,87.0,0.1472,9.2,22.86,5.71,12.79,0.0371,2.0,511.8,0.0333,0.0178,0.1935,0.2519,2,197.51,264.23,376.39,51,0.1,210.54,139,0.0383
live_ep_000045_CPU_SATURATION,CPU_SATURATION,inventory-service,python-simulator,58.0,1785988106.5275884,134,0.99,0.01,closed,0.8872,88.72,0.3356,9.87,19.35,3.12,6.42,0.0411,14.81,474.4,0.0081,0.019,0.3244,0.246,1,196.71,320.22,353.51,54,0.0909,174.44,147,0.0414
live_ep_000045_CPU_SATURATION,CPU_SATURATION,inventory-service,python-simulator,58.5,1785988107.027753,160,0.9081,0.0919,closed,0.8567,85.67,0.3368,21.65,23.25,3.1,4.99,0.0329,2.0,502.9,0.0065,0.0164,0.204,0.264,1,195.71,246.83,323.74,48,0.0181,195.36,139,0.0328
live_ep_000045_CPU_SATURATION,CPU_SATURATION,inventory-service,python-simulator,59.0,1785988107.5296245,143,0.9115,0.0885,closed,0.9094,90.94,0.4361,24.77,25.46,4.92,6.2,0.0543,20.91,491.8,0.0012,0.0214,0.2552,0.288,4,198.85,234.4,345.22,61,0.0193,187.17,145,0.0433
live_ep_000045_CPU_SATURATION,CPU_SATURATION,inventory-service,python-simulator,59.5,1785988108.0298865,142,0.88,0.12,closed,0.8722,87.22,0.3538,14.93,23.66,11.05,6.29,0.0478,16.14,520.3,0.0011,0.018,0.2391,0.2622,2,211.54,269.1,325.95,49,0.1,205.27,142,0.0375
live_ep_000046_CASCADING_FAILURE,CASCADING_FAILURE,payment-service,python-simulator,0.0,1785988108.5315971,65,0.88,0.12,closed,0.2911,29.11,0.3733,3.91,19.18,4.28,4.54,0.0113,31.12,533.2,0.0029,0.001,0.2796,0.2617,0,74.53,117.2,125.82,13,0.1,217.29,1,0.0011
live_ep_000046_CASCADING_FAILURE,CASCADING_FAILURE,payment-service,python-simulator,0.5,1785988109.0318015,21,0.9201,0.0799,closed,0.2298,22.98,0.2748,6.8,28.03,4.35,4.39,0.0131,9.81,527.5,0.0049,0.0012,0.2385,0.2736,1,91.13,116.29,122.36,13,0.0546,201.16,8,0.0134
live_ep_000046_CASCADING_FAILURE,CASCADING_FAILURE,payment-service,python-simulator,1.0,1785988109.5320005,111,0.9441,0.0559,closed,0.3788,37.88,0.3463,1.81,14.66,3.77,4.75,0.0177,17.64,544.5,0.0044,0.0009,0.1977,0.2432,3,106.54,110.37,117.53,7,0.1,231.88,8,0.0049
live_ep_000046_CASCADING_FAILURE,CASCADING_FAILURE,payment-service,python-simulator,1.5,1785988110.0325801,116,0.9734,0.0266,closed,0.3717,37.17,0.4793,6.85,14.88,6.94,3.74,0.0082,3.02,495.1,0.0009,0.0002,0.3562,0.144,3,88.99,105.9,116.62,10,0.0587,232.05,7,0.0081
live_ep_000046_CASCADING_FAILURE,CASCADING_FAILURE,payment-service,python-simulator,2.0,1785988110.5331316,104,0.99,0.01,closed,0.3891,38.91,0.4412,0.67,18.1,4.69,4.8,0.0193,10.12,515.8,0.0184,0.0022,0.2644,0.2531,3,73.19,108.51,110.82,4,0.0026,208.71,2,0.0052
live_ep_000046_CASCADING_FAILURE,CASCADING_FAILURE,payment-service,python-simulator,2.5,1785988111.0406985,112,0.9301,0.0699,closed,0.44,44.0,0.5728,1.12,26.97,3.66,5.08,0.0149,17.72,534.6,0.009,0.0016,0.235,0.3146,0,95.84,110.42,116.03,15,0.0244,186.01,12,0.0072
live_ep_000046_CASCADING_FAILURE,CASCADING_FAILURE,payment-service,python-simulator,3.0,1785988111.5410886,109,0.9627,0.0373,closed,0.3997,39.97,0.3778,2.81,16.37,3.65,5.77,0.0162,7.92,542.0,0.0039,0.0016,0.3004,0.2944,3,91.13,101.9,107.39,7,0.0424,184.53,7,0.0048
live_ep_000046_CASCADING_FAILURE,CASCADING_FAILURE,payment-service,python-simulator,3.5,1785988112.0412207,31,0.9763,0.0237,closed,0.354,35.4,0.3485,3.02,13.69,3.76,4.21,0.027,6.74,502.0,0.0004,0.0001,0.2782,0.2567,2,85.46,126.16,132.67,9,0.1,196.48,14,0.005
live_ep_000046_CASCADING_FAILURE,CASCADING_FAILURE,payment-service,python-simulator,4.0,1785988112.5420072,31,0.99,0.01,closed,0.3295,32.95,0.421,13.7,19.03,2.31,7.5,0.0108,56.18,489.7,0.006,0.0005,0.2913,0.2641,1,78.07,94.15,112.93,6,0.0203,224.36,9,0.0036
live_ep_000046_CASCADING_FAILURE,CASCADING_FAILURE,payment-service,python-simulator,4.5,1785988113.0421576,53,0.9468,0.0532,closed,0.289,28.9,0.2743,3.23,13.47,2.91,6.93,0.0231,31.4,503.0,0.0076,0.0002,0.2495,0.2334,3,97.66,95.03,92.38,19,0.0113,225.09,8,0.0001
live_ep_000046_CASCADING_FAILURE,CASCADING_FAILURE,payment-service,python-simulator,5.0,1785988113.5423994,95,0.88,0.12,closed,0.2901,29.01,0.2895,3.25,17.43,3.08,8.96,0.0025,2.0,491.5,0.0001,0.0023,0.1313,0.3328,4,95.69,106.13,119.19,4,0.0166,185.57,13,0.0021
live_ep_000046_CASCADING_FAILURE,CASCADING_FAILURE,payment-service,python-simulator,5.5,1785988114.0425825,79,0.99,0.01,closed,0.455,45.5,0.3163,6.93,22.93,5.51,3.07,0.0232,2.12,538.8,0.0033,0.0011,0.2998,0.2844,4,89.72,112.51,116.09,17,0.018,208.43,7,0.0003
live_ep_000046_CASCADING_FAILURE,CASCADING_FAILURE,payment-service,python-simulator,6.0,1785988114.5482645,328,0.9752,0.0248,closed,0.8069,80.69,0.505,8.0,20.0,4.53,4.2,0.0055,166.96,686.0,0.0044,0.0059,0.2554,0.4156,3,81.23,1455.43,1487.65,242,0.0033,169.64,403,0.0052
live_ep_000046_CASCADING_FAILURE,CASCADING_FAILURE,payment-service,python-simulator,6.5,1785988115.0484052,259,0.8978,0.1022,closed,0.7517,75.17,0.3244,8.0,20.0,3.31,6.5,0.0073,164.32,695.6,0.0147,0.0057,0.2634,0.3559,0,92.65,265.16,1469.48,225,0.0044,224.73,388,0.0036
live_ep_000046_CASCADING_FAILURE,CASCADING_FAILURE,payment-service,python-simulator,7.0,1785988115.548494,372,0.9692,0.0308,closed,0.87,87.0,0.2392,9.44,23.61,2.94,7.35,0.0151,188.61,709.5,0.0165,0.0078,0.2017,0.351,0,98.8,880.41,1331.56,261,0.0091,183.5,436,0.0059
live_ep_000046_CASCADING_FAILURE,CASCADING_FAILURE,payment-service,python-simulator,7.5,1785988116.0488412,280,0.88,0.12,closed,0.8535,85.35,0.2768,8.35,20.88,5.26,3.95,0.0043,174.93,696.4,0.0024,0.0065,0.2533,0.3669,4,106.42,906.19,1536.76,256,0.0026,230.11,429,0.0058
live_ep_000046_CASCADING_FAILURE,CASCADING_FAILURE,payment-service,python-simulator,8.0,1785988116.549361,312,0.9097,0.0903,closed,0.7849,78.49,0.384,8.63,21.57,3.94,7.88,0.0083,158.98,658.3,0.0071,0.0053,0.2284,0.3418,3,84.6,241.82,1539.78,235,0.005,174.54,399,0.0098
live_ep_000046_CASCADING_FAILURE,CASCADING_FAILURE,payment-service,python-simulator,8.5,1785988117.0498827,326,0.9661,0.0339,closed,0.8565,85.65,0.2527,9.89,24.73,6.28,2.32,0.0219,191.0,703.9,0.005,0.0178,0.2011,0.3934,3,83.97,156.57,1599.99,256,0.0132,176.69,429,0.0133
live_ep_000046_CASCADING_FAILURE,CASCADING_FAILURE,payment-service,python-simulator,9.0,1785988117.5502987,308,0.99,0.01,closed,0.7936,79.36,0.4268,11.06,27.64,2.45,2.63,0.0216,182.79,655.6,0.006,0.0149,0.2482,0.3191,4,89.51,488.37,1405.32,238,0.0129,189.12,397,0.0076
live_ep_000046_CASCADING_FAILURE,CASCADING_FAILURE,payment-service,python-simulator,9.5,1785988118.0505192,287,0.99,0.01,closed,0.7677,76.77,0.3452,8.75,21.87,4.01,7.12,0.0233,201.63,669.7,0.0196,0.0127,0.2616,0.3069,4,92.65,944.49,1297.81,230,0.014,189.96,383,0.0079
live_ep_000046_CASCADING_FAILURE,CASCADING_FAILURE,payment-service,python-simulator,10.0,1785988118.5508764,382,0.9083,0.0917,closed,0.907,90.7,0.5604,10.5,26.24,2.77,4.32,0.01,188.16,670.9,0.0053,0.0084,0.2497,0.274,1,104.0,907.26,1480.2,272,0.006,219.99,457,0.0095
live_ep_000046_CASCADING_FAILURE,CASCADING_FAILURE,payment-service,python-simulator,10.5,1785988119.0514596,326,0.9791,0.0209,closed,0.8585,85.85,0.388,8.0,20.0,6.41,7.87,0.0242,175.99,683.0,0.0082,0.016,0.311,0.2887,4,87.19,116.87,1664.96,257,0.0145,182.89,432,0.022
live_ep_000046_CASCADING_FAILURE,CASCADING_FAILURE,payment-service,python-simulator,11.0,1785988119.5517263,309,0.9104,0.0896,closed,0.8802,88.02,0.3851,8.0,20.0,5.41,5.01,0.0081,178.04,695.6,0.0042,0.0059,0.2144,0.3832,0,80.0,503.89,1431.05,264,0.0049,201.54,441,0.0054
live_ep_000046_CASCADING_FAILURE,CASCADING_FAILURE,payment-service,python-simulator,11.5,1785988120.0518503,318,0.9867,0.0133,closed,0.8209,82.09,0.4874,11.13,27.83,4.47,4.7,0.0072,185.59,654.8,0.0044,0.0037,0.2565,0.3533,2,91.47,659.03,1419.64,246,0.0043,182.22,416,0.0049
live_ep_000046_CASCADING_FAILURE,CASCADING_FAILURE,payment-service,python-simulator,12.0,1785988120.5523424,378,0.971,0.029,closed,0.8794,87.94,0.3915,10.76,26.9,3.68,9.56,0.033,180.87,701.1,0.0071,0.0209,0.2493,0.4177,5,91.16,1466.76,1700.11,263,0.0198,187.72,451,0.0141
live_ep_000046_CASCADING_FAILURE,CASCADING_FAILURE,payment-service,python-simulator,12.5,1785988121.0528588,362,0.99,0.01,closed,0.9036,90.36,0.4373,9.87,24.68,4.88,5.73,0.0126,240.13,682.6,0.0028,0.0075,0.3264,0.3743,1,114.73,895.69,1568.33,271,0.0076,204.59,460,0.0071
live_ep_000046_CASCADING_FAILURE,CASCADING_FAILURE,payment-service,python-simulator,13.0,1785988121.5537262,283,0.9108,0.0892,closed,0.8292,82.92,0.4883,8.0,20.0,2.26,3.57,0.0147,168.98,682.1,0.004,0.0093,0.3488,0.3046,1,99.13,388.12,1447.72,248,0.0088,188.03,418,0.0063
live_ep_000046_CASCADING_FAILURE,CASCADING_FAILURE,payment-service,python-simulator,13.5,1785988122.053968,322,0.9629,0.0371,closed,0.8887,88.87,0.4989,23.92,59.81,4.74,7.24,0.0124,187.07,661.2,0.0122,0.0076,0.2446,0.3189,4,103.97,1214.54,1498.74,266,0.0075,177.44,457,0.0049
live_ep_000046_CASCADING_FAILURE,CASCADING_FAILURE,payment-service,python-simulator,14.0,1785988122.554523,342,0.984,0.016,closed,0.8047,80.47,0.41,12.68,31.7,6.13,7.11,0.0197,164.14,649.6,0.0049,0.0105,0.3158,0.3064,0,110.31,416.18,1596.87,241,0.0118,206.82,415,0.0069
live_ep_000046_CASCADING_FAILURE,CASCADING_FAILURE,payment-service,python-simulator,14.5,1785988123.0547545,280,0.9301,0.0699,closed,0.8536,85.36,0.329,15.56,38.91,8.0,5.22,0.0156,190.48,712.0,0.009,0.0087,0.2585,0.3635,0,86.18,1105.51,1447.51,256,0.0094,215.77,429,0.0047
live_ep_000046_CASCADING_FAILURE,CASCADING_FAILURE,payment-service,python-simulator,15.0,1785988123.5553935,384,0.99,0.01,closed,0.8835,88.35,0.3407,10.16,25.4,4.9,11.49,0.0203,184.29,724.5,0.007,0.0121,0.2535,0.3537,0,90.46,883.04,1483.69,265,0.0122,178.1,454,0.0102
live_ep_000046_CASCADING_FAILURE,CASCADING_FAILURE,payment-service,python-simulator,15.5,1785988124.0555756,260,0.9731,0.0269,closed,0.785,78.5,0.3897,17.89,44.72,5.26,4.24,0.0254,170.68,653.5,0.0221,0.0132,0.2709,0.3207,3,98.37,887.25,1582.71,235,0.0152,176.97,402,0.0097
live_ep_000046_CASCADING_FAILURE,CASCADING_FAILURE,payment-service,python-simulator,16.0,1785988124.5557086,336,0.9657,0.0343,closed,0.7956,79.56,0.387,11.51,28.78,6.21,3.79,0.025,161.12,646.4,0.0062,0.0129,0.2323,0.313,3,103.96,1207.42,1435.77,238,0.015,185.74,398,0.008
live_ep_000046_CASCADING_FAILURE,CASCADING_FAILURE,payment-service,python-simulator,16.5,1785988125.0562358,301,0.9853,0.0147,closed,0.8535,85.35,0.2924,11.37,28.42,2.91,4.65,0.0178,175.95,703.7,0.0139,0.0095,0.2006,0.3285,1,106.95,215.83,1438.69,256,0.0107,193.43,427,0.0071
live_ep_000046_CASCADING_FAILURE,CASCADING_FAILURE,payment-service,python-simulator,17.0,1785988125.5563648,346,0.9754,0.0246,closed,0.7857,78.57,0.303,12.33,30.82,1.69,4.16,0.0184,159.14,677.4,0.0048,0.0131,0.2506,0.2496,4,86.92,460.92,1267.88,235,0.011,179.97,401,0.0064
live_ep_000046_CASCADING_FAILURE,CASCADING_FAILURE,payment-service,python-simulator,17.5,1785988126.0564787,318,0.9882,0.0118,closed,0.7958,79.58,0.4097,8.0,20.0,4.0,6.19,0.0182,170.19,659.1,0.0053,0.0093,0.2656,0.3663,2,110.19,564.17,1321.76,238,0.0109,174.71,402,0.0154
live_ep_000046_CASCADING_FAILURE,CASCADING_FAILURE,payment-service,python-simulator,18.0,1785988126.55677,280,0.9502,0.0498,closed,0.8506,85.06,0.2121,9.81,24.52,4.19,3.92,0.0419,229.3,682.8,0.0103,0.023,0.2842,0.3395,5,122.37,369.44,1581.26,255,0.0251,177.05,427,0.013
live_ep_000046_CASCADING_FAILURE,CASCADING_FAILURE,payment-service,python-simulator,18.5,1785988127.0570261,303,0.88,0.12,closed,0.8443,84.43,0.543,12.92,32.3,2.45,6.8,0.0261,173.16,672.0,0.0079,0.0153,0.2862,0.3082,3,101.29,1089.86,1549.51,253,0.0157,206.56,436,0.0187
live_ep_000046_CASCADING_FAILURE,CASCADING_FAILURE,payment-service,python-simulator,19.0,1785988127.557517,338,0.9607,0.0393,closed,0.7901,79.01,0.3711,9.88,24.7,2.58,8.11,0.0223,188.66,695.2,0.0068,0.0138,0.218,0.3038,2,95.91,854.49,1348.2,237,0.0134,218.9,400,0.0142
live_ep_000046_CASCADING_FAILURE,CASCADING_FAILURE,payment-service,python-simulator,19.5,1785988128.0578697,299,0.9389,0.0611,closed,0.7639,76.39,0.3096,13.24,33.1,7.26,8.82,0.021,154.79,688.3,0.0221,0.0112,0.265,0.3708,0,107.71,911.98,1283.35,229,0.0126,195.6,384,0.0156
live_ep_000046_CASCADING_FAILURE,CASCADING_FAILURE,payment-service,python-simulator,20.0,1785988128.5582042,310,0.9635,0.0365,closed,0.8365,83.65,0.3566,12.08,30.2,4.84,3.88,0.0452,172.13,699.9,0.0121,0.024,0.3568,0.3574,4,110.2,1045.74,1419.37,250,0.0271,180.04,429,0.0146
live_ep_000046_CASCADING_FAILURE,CASCADING_FAILURE,payment-service,python-simulator,20.5,1785988129.0584953,328,0.9784,0.0216,closed,0.9208,92.08,0.2168,15.58,38.95,5.4,7.47,0.0325,200.87,723.6,0.0077,0.0173,0.2294,0.3642,2,105.52,1075.0,1486.41,276,0.0195,203.88,462,0.0214
live_ep_000046_CASCADING_FAILURE,CASCADING_FAILURE,payment-service,python-simulator,21.0,1785988129.5587714,312,0.9862,0.0138,closed,0.777,77.7,0.3758,19.02,47.54,2.31,7.33,0.0331,169.08,675.1,0.0202,0.0203,0.2916,0.329,1,100.12,361.33,1442.13,233,0.0199,203.35,399,0.0118
live_ep_000046_CASCADING_FAILURE,CASCADING_FAILURE,payment-service,python-simulator,21.5,1785988130.0590057,323,0.8986,0.1014,closed,0.8476,84.76,0.4475,15.71,39.27,9.37,4.36,0.027,183.82,710.4,0.0067,0.0162,0.219,0.3764,4,89.88,940.68,1568.37,254,0.0162,181.21,424,0.0095
live_ep_000046_CASCADING_FAILURE,CASCADING_FAILURE,payment-service,python-simulator,22.0,1785988130.5595858,313,0.9409,0.0591,closed,0.7677,76.77,0.3273,14.27,35.69,10.1,6.53,0.0254,158.08,682.3,0.0076,0.0137,0.2874,0.3287,2,109.13,644.69,1418.29,230,0.0152,190.26,394,0.0089
live_ep_000046_CASCADING_FAILURE,CASCADING_FAILURE,payment-service,python-simulator,22.5,1785988131.0601103,317,0.9201,0.0799,closed,0.7928,79.28,0.1636,14.04,35.1,2.38,8.56,0.0352,161.26,616.7,0.0083,0.0215,0.1806,0.3646,4,116.37,631.84,1418.77,237,0.0211,219.46,401,0.0148
live_ep_000046_CASCADING_FAILURE,CASCADING_FAILURE,payment-service,python-simulator,23.0,1785988131.5606508,249,0.9399,0.0601,closed,0.7526,75.26,0.4945,19.21,48.02,3.89,5.87,0.0259,152.51,679.5,0.0092,0.0142,0.2166,0.3324,3,109.23,1059.26,1435.36,225,0.0156,220.26,384,0.0157
live_ep_000046_CASCADING_FAILURE,CASCADING_FAILURE,payment-service,python-simulator,23.5,1785988132.0609148,317,0.9567,0.0433,closed,0.8099,80.99,0.4128,8.0,20.0,12.05,6.64,0.0292,170.51,696.8,0.0091,0.0146,0.2475,0.3226,5,115.94,1203.09,1250.69,242,0.0175,235.93,408,0.0106
live_ep_000046_CASCADING_FAILURE,CASCADING_FAILURE,payment-service,python-simulator,24.0,1785988132.5610871,254,0.88,0.12,closed,0.7803,78.03,0.4815,20.15,50.37,4.14,7.79,0.0403,158.07,643.0,0.0105,0.0215,0.3181,0.3163,1,102.88,990.99,1303.78,234,0.0242,230.43,401,0.0126
live_ep_000046_CASCADING_FAILURE,CASCADING_FAILURE,payment-service,python-simulator,24.5,1785988133.0616593,308,0.99,0.01,closed,0.83,83.0,0.3732,27.07,67.68,7.94,3.58,0.0373,182.24,685.2,0.0103,0.0191,0.2115,0.3336,3,111.55,433.82,1577.25,249,0.0224,232.99,423,0.017
live_ep_000046_CASCADING_FAILURE,CASCADING_FAILURE,payment-service,python-simulator,25.0,1785988133.562215,328,0.8901,0.1099,closed,0.8945,89.45,0.417,13.86,34.66,10.09,10.04,0.0359,204.82,699.1,0.0084,0.0181,0.1373,0.287,5,98.93,966.33,1451.12,268,0.0216,191.14,451,0.0188
live_ep_000046_CASCADING_FAILURE,CASCADING_FAILURE,payment-service,python-simulator,25.5,1785988134.0625377,328,0.9877,0.0123,closed,0.8582,85.82,0.2022,13.55,33.87,2.44,6.42,0.0493,230.17,669.7,0.0104,0.0265,0.1542,0.2857,2,102.47,792.55,1737.39,257,0.0296,236.97,437,0.0193
live_ep_000046_CASCADING_FAILURE,CASCADING_FAILURE,payment-service,python-simulator,26.0,1785988134.5630982,263,0.9876,0.0124,closed,0.7586,75.86,0.2953,14.64,36.6,3.69,4.63,0.0314,193.54,628.2,0.0088,0.0159,0.3128,0.3533,5,109.84,447.49,1381.88,227,0.0188,207.37,383,0.0128
live_ep_000046_CASCADING_FAILURE,CASCADING_FAILURE,payment-service,python-simulator,26.5,1785988135.063262,339,0.9802,0.0198,closed,0.8104,81.04,0.376,27.77,69.43,5.51,5.99,0.0487,183.47,694.7,0.0172,0.0259,0.1998,0.3276,3,120.81,801.85,1272.33,243,0.0292,217.4,406,0.0146
live_ep_000046_CASCADING_FAILURE,CASCADING_FAILURE,payment-service,python-simulator,27.0,1785988135.6176476,308,0.9704,0.0296,closed,0.8353,83.53,0.3634,14.69,36.72,4.04,6.37,0.0437,170.43,727.4,0.0167,0.0226,0.2141,0.3082,5,113.61,579.95,1579.11,250,0.0262,236.87,431,0.0192
live_ep_000046_CASCADING_FAILURE,CASCADING_FAILURE,payment-service,python-simulator,27.5,1785988136.1177092,381,0.9899,0.0101,closed,0.8738,87.38,0.391,10.74,26.86,4.66,3.2,0.0443,181.57,687.6,0.0161,0.0229,0.29,0.2966,3,115.88,945.02,1458.01,262,0.0266,230.58,448,0.0172
live_ep_000046_CASCADING_FAILURE,CASCADING_FAILURE,payment-service,python-simulator,28.0,1785988136.6180463,280,0.9873,0.0127,closed,0.791,79.1,0.4968,17.24,43.11,4.05,6.64,0.0455,212.06,672.7,0.0099,0.0255,0.2917,0.2751,3,107.31,1332.86,1337.43,237,0.0273,230.53,403,0.0166
live_ep_000046_CASCADING_FAILURE,CASCADING_FAILURE,payment-service,python-simulator,28.5,1785988137.1186023,369,0.9833,0.0167,closed,0.8413,84.13,0.3089,14.55,36.38,3.95,5.44,0.0431,173.95,656.0,0.0092,0.0266,0.176,0.3629,1,123.68,720.87,1503.24,252,0.0259,211.47,427,0.0179
live_ep_000046_CASCADING_FAILURE,CASCADING_FAILURE,payment-service,python-simulator,29.0,1785988137.6188593,332,0.88,0.12,closed,0.8658,86.58,0.4184,16.1,40.25,6.64,4.98,0.0414,188.68,663.1,0.0091,0.0211,0.226,0.294,5,96.16,1275.5,1344.28,259,0.0249,196.36,433,0.0204
live_ep_000046_CASCADING_FAILURE,CASCADING_FAILURE,payment-service,python-simulator,29.5,1785988138.1190927,269,0.9884,0.0116,closed,0.757,75.7,0.2082,10.22,25.55,5.65,5.2,0.0379,162.36,635.2,0.0176,0.022,0.3116,0.2949,3,113.21,1071.3,1499.58,227,0.0227,211.31,380,0.013
live_ep_000046_CASCADING_FAILURE,CASCADING_FAILURE,payment-service,python-simulator,30.0,1785988138.6195126,327,0.9402,0.0598,closed,0.7529,75.29,0.3062,24.42,61.06,4.79,6.37,0.0446,182.9,681.8,0.0141,0.0227,0.101,0.3497,5,101.77,663.99,1493.9,225,0.0268,176.2,380,0.0148
live_ep_000046_CASCADING_FAILURE,CASCADING_FAILURE,payment-service,python-simulator,30.5,1785988139.120065,280,0.99,0.01,closed,0.7204,72.04,0.3037,15.54,38.86,2.27,6.55,0.0519,170.9,655.9,0.0131,0.0267,0.2119,0.3015,6,115.33,1322.82,1405.03,216,0.0312,199.0,366,0.0158
live_ep_000046_CASCADING_FAILURE,CASCADING_FAILURE,payment-service,python-simulator,31.0,1785988139.6206026,345,0.9393,0.0607,closed,0.7906,79.06,0.4464,12.56,31.4,9.22,3.6,0.0505,163.69,672.6,0.0177,0.0273,0.1246,0.2438,5,107.08,1316.18,1457.67,237,0.0303,211.2,409,0.0258
live_ep_000046_CASCADING_FAILURE,CASCADING_FAILURE,payment-service,python-simulator,31.5,1785988140.1211789,322,0.99,0.01,closed,0.8399,83.99,0.3461,26.97,67.42,2.52,5.43,0.047,169.97,675.2,0.0209,0.0248,0.3386,0.3277,4,118.65,1002.79,1624.69,251,0.0282,239.43,421,0.0184
live_ep_000046_CASCADING_FAILURE,CASCADING_FAILURE,payment-service,python-simulator,32.0,1785988140.6215146,318,0.9711,0.0289,closed,0.7615,76.15,0.3501,12.09,30.23,5.66,6.82,0.0442,159.47,656.0,0.0104,0.0256,0.3026,0.3547,3,123.85,1308.28,1546.33,228,0.0265,202.53,389,0.018
live_ep_000046_CASCADING_FAILURE,CASCADING_FAILURE,payment-service,python-simulator,32.5,1785988141.1222556,309,0.9744,0.0256,closed,0.8208,82.08,0.4226,22.28,55.71,2.11,11.11,0.0418,190.68,683.3,0.0119,0.021,0.3855,0.3457,1,113.27,676.75,1336.05,246,0.0251,163.28,423,0.0417
live_ep_000046_CASCADING_FAILURE,CASCADING_FAILURE,payment-service,python-simulator,33.0,1785988141.6223564,354,0.9527,0.0473,closed,0.7907,79.07,0.4569,13.75,34.36,8.27,7.88,0.043,160.33,682.0,0.0118,0.0246,0.2538,0.3062,2,120.54,261.04,1599.65,237,0.0258,212.42,398,0.0217
live_ep_000046_CASCADING_FAILURE,CASCADING_FAILURE,payment-service,python-simulator,33.5,1785988142.1228647,325,0.891,0.109,closed,0.7618,76.18,0.3087,12.42,31.06,3.63,8.89,0.0434,193.85,687.2,0.009,0.0235,0.1744,0.3266,3,110.99,1309.54,1399.72,228,0.026,236.7,382,0.0145
live_ep_000046_CASCADING_FAILURE,CASCADING_FAILURE,payment-service,python-simulator,34.0,1785988142.6242707,351,0.9459,0.0541,closed,0.89,89.0,0.2703,14.63,36.57,6.71,4.21,0.0498,188.09,678.3,0.0188,0.0277,0.2569,0.3776,3,114.08,1112.17,1671.34,266,0.0299,225.8,451,0.0225
live_ep_000046_CASCADING_FAILURE,CASCADING_FAILURE,payment-service,python-simulator,34.5,1785988143.1246445,318,0.9685,0.0315,closed,0.8009,80.09,0.3043,11.25,28.13,8.06,4.9,0.0456,170.63,673.1,0.0116,0.0264,0.222,0.3416,1,116.9,621.4,1564.04,240,0.0273,172.84,402,0.0269
live_ep_000046_CASCADING_FAILURE,CASCADING_FAILURE,payment-service,python-simulator,35.0,1785988143.6250737,283,0.982,0.018,closed,0.7543,75.43,0.2256,12.22,30.56,4.36,10.21,0.0671,174.49,667.3,0.0169,0.0355,0.1818,0.3558,6,130.17,531.26,1453.16,226,0.0403,221.29,385,0.0208
live_ep_000046_CASCADING_FAILURE,CASCADING_FAILURE,payment-service,python-simulator,35.5,1785988144.1270294,328,0.88,0.12,closed,0.7727,77.27,0.413,12.14,30.36,2.69,4.64,0.0539,180.92,637.5,0.0111,0.0304,0.2267,0.3078,3,128.55,142.98,1483.43,231,0.0323,189.6,397,0.0204
live_ep_000046_CASCADING_FAILURE,CASCADING_FAILURE,payment-service,python-simulator,36.0,1785988144.6272216,326,0.9643,0.0357,closed,0.7781,77.81,0.3621,33.33,83.32,3.15,10.28,0.0529,171.99,673.6,0.0143,0.0268,0.284,0.2703,3,129.67,317.27,1399.03,233,0.0318,195.71,398,0.0163
live_ep_000046_CASCADING_FAILURE,CASCADING_FAILURE,payment-service,python-simulator,36.5,1785988145.127994,251,0.885,0.115,closed,0.7413,74.13,0.3868,28.81,72.02,4.09,3.57,0.0539,182.36,660.6,0.0123,0.027,0.2805,0.3267,2,128.46,660.39,1259.06,222,0.0323,193.29,374,0.0194
live_ep_000046_CASCADING_FAILURE,CASCADING_FAILURE,payment-service,python-simulator,37.0,1785988145.6284938,358,0.88,0.12,closed,0.8089,80.89,0.382,24.72,61.79,6.11,4.4,0.0497,164.63,678.2,0.014,0.0267,0.2729,0.3974,4,98.71,236.77,1630.47,242,0.0298,153.07,416,0.0204
live_ep_000046_CASCADING_FAILURE,CASCADING_FAILURE,payment-service,python-simulator,37.5,1785988146.1290133,286,0.99,0.01,closed,0.8025,80.25,0.3377,26.2,65.5,3.46,5.86,0.0517,174.99,656.3,0.0107,0.0301,0.1936,0.3491,2,119.14,497.95,1578.27,240,0.031,179.16,411,0.0182
live_ep_000046_CASCADING_FAILURE,CASCADING_FAILURE,payment-service,python-simulator,38.0,1785988146.6295743,314,0.9527,0.0473,closed,0.7976,79.76,0.3377,29.11,72.77,3.27,8.62,0.0568,176.58,690.2,0.0117,0.0284,0.2762,0.35,3,129.21,838.17,1428.63,239,0.0341,223.71,399,0.0188
live_ep_000046_CASCADING_FAILURE,CASCADING_FAILURE,payment-service,python-simulator,38.5,1785988147.1299639,302,0.9123,0.0877,closed,0.862,86.2,0.4612,25.38,63.45,2.79,3.88,0.0701,179.84,675.1,0.0222,0.0355,0.1521,0.3135,5,116.49,319.93,1482.91,258,0.042,197.79,433,0.0277
live_ep_000046_CASCADING_FAILURE,CASCADING_FAILURE,payment-service,python-simulator,39.0,1785988147.6302078,360,0.9733,0.0267,closed,1.0,100.0,0.353,14.17,35.43,4.24,5.41,0.0594,205.66,725.5,0.0119,0.0299,0.3064,0.3624,2,116.44,356.05,1671.24,300,0.0357,217.45,506,0.0232
live_ep_000046_CASCADING_FAILURE,CASCADING_FAILURE,payment-service,python-simulator,39.5,1785988148.1305728,326,0.9604,0.0396,closed,0.8271,82.71,0.3939,18.46,46.14,3.43,5.42,0.0533,167.42,693.6,0.0111,0.0284,0.1921,0.2838,5,112.43,1164.97,1445.9,248,0.032,238.05,423,0.0176
live_ep_000046_CASCADING_FAILURE,CASCADING_FAILURE,payment-service,python-simulator,40.0,1785988148.631327,344,0.892,0.108,closed,0.8754,87.54,0.444,16.01,40.02,5.86,7.72,0.0659,181.33,668.3,0.0236,0.0332,0.3065,0.2972,5,131.18,884.63,1437.41,262,0.0396,153.37,437,0.0274
live_ep_000046_CASCADING_FAILURE,CASCADING_FAILURE,payment-service,python-simulator,40.5,1785988149.1317356,314,0.9504,0.0496,closed,0.8641,86.41,0.3171,16.3,40.75,3.1,3.44,0.0537,181.94,630.2,0.0123,0.0311,0.3059,0.3358,3,135.39,816.04,1320.86,259,0.0322,181.88,437,0.0223
live_ep_000046_CASCADING_FAILURE,CASCADING_FAILURE,payment-service,python-simulator,41.0,1785988149.6322482,268,0.99,0.01,closed,0.7847,78.47,0.365,10.74,26.85,3.79,3.83,0.0533,180.11,708.6,0.0108,0.0268,0.2396,0.2837,2,134.4,923.77,1406.54,235,0.032,199.99,402,0.0393
live_ep_000046_CASCADING_FAILURE,CASCADING_FAILURE,payment-service,python-simulator,41.5,1785988150.1325583,341,0.99,0.01,closed,0.7428,74.28,0.1589,14.39,35.96,4.48,6.62,0.0547,150.57,659.7,0.0281,0.0289,0.273,0.348,5,132.47,860.34,1277.18,222,0.0328,194.45,378,0.0195
live_ep_000046_CASCADING_FAILURE,CASCADING_FAILURE,payment-service,python-simulator,42.0,1785988150.633929,348,0.9325,0.0675,closed,0.8205,82.05,0.4947,27.95,69.88,2.27,7.74,0.0857,179.09,698.5,0.018,0.0438,0.168,0.341,3,119.52,838.61,1363.74,246,0.0514,170.46,423,0.0259
live_ep_000046_CASCADING_FAILURE,CASCADING_FAILURE,payment-service,python-simulator,42.5,1785988151.1344705,323,0.9755,0.0245,closed,0.8876,88.76,0.438,25.34,63.35,8.24,11.53,0.0677,184.2,691.8,0.0173,0.0401,0.1561,0.3478,3,114.42,527.08,1470.43,266,0.0406,180.89,448,0.0214
live_ep_000046_CASCADING_FAILURE,CASCADING_FAILURE,payment-service,python-simulator,43.0,1785988151.6346204,335,0.9849,0.0151,closed,0.8381,83.81,0.393,15.79,39.49,5.7,5.6,0.0636,169.65,641.6,0.0161,0.032,0.2089,0.3171,5,117.96,1026.85,1628.37,251,0.0382,236.8,421,0.0202
live_ep_000046_CASCADING_FAILURE,CASCADING_FAILURE,payment-service,python-simulator,43.5,1785988152.1350853,295,0.99,0.01,closed,0.7195,71.95,0.4566,18.47,46.17,4.71,8.07,0.0615,163.31,620.7,0.0283,0.0324,0.3393,0.2708,4,144.91,697.1,1374.96,215,0.0369,156.23,363,0.0185
live_ep_000046_CASCADING_FAILURE,CASCADING_FAILURE,payment-service,python-simulator,44.0,1785988152.6351314,352,0.9456,0.0544,closed,0.8421,84.21,0.342,14.85,37.12,9.7,11.61,0.0735,170.42,687.1,0.0174,0.0382,0.2503,0.3927,5,129.49,220.49,1549.21,252,0.0441,186.27,427,0.0244
live_ep_000046_CASCADING_FAILURE,CASCADING_FAILURE,payment-service,python-simulator,44.5,1785988153.1354582,358,0.9827,0.0173,closed,0.8303,83.03,0.5663,16.32,40.81,3.15,7.02,0.0599,182.12,680.7,0.0167,0.0303,0.2833,0.3816,5,114.82,1380.76,1518.79,249,0.0359,186.56,427,0.0186
live_ep_000046_CASCADING_FAILURE,CASCADING_FAILURE,payment-service,python-simulator,45.0,1785988153.6358192,368,0.9703,0.0297,closed,0.8312,83.12,0.2875,15.01,37.53,1.8,7.94,0.0684,181.62,681.2,0.0143,0.037,0.2996,0.3199,6,116.51,1225.29,1375.52,249,0.041,198.5,425,0.0206
live_ep_000046_CASCADING_FAILURE,CASCADING_FAILURE,payment-service,python-simulator,45.5,1785988154.1364863,283,0.979,0.021,closed,0.7182,71.82,0.3358,16.8,42.01,7.01,5.18,0.0632,164.72,635.2,0.025,0.0323,0.2096,0.3209,3,132.6,1006.24,1496.85,215,0.0379,199.91,363,0.0255
live_ep_000046_CASCADING_FAILURE,CASCADING_FAILURE,payment-service,python-simulator,46.0,1785988154.636722,310,0.9883,0.0117,closed,0.9115,91.15,0.3614,16.05,40.13,5.27,5.75,0.0774,184.3,711.2,0.0159,0.0388,0.29,0.3782,6,119.29,1504.23,1601.64,273,0.0464,201.54,463,0.0271
live_ep_000046_CASCADING_FAILURE,CASCADING_FAILURE,payment-service,python-simulator,46.5,1785988155.1370103,292,0.9645,0.0355,closed,0.6923,69.23,0.3646,26.97,67.44,4.14,4.49,0.0975,149.2,709.4,0.0215,0.0502,0.2101,0.3176,4,129.39,235.87,1317.11,207,0.0585,178.05,352,0.0302
live_ep_000046_CASCADING_FAILURE,CASCADING_FAILURE,payment-service,python-simulator,47.0,1785988155.6375785,304,0.9635,0.0365,closed,0.8108,81.08,0.488,22.13,55.33,4.29,2.87,0.0682,164.15,650.8,0.0146,0.0349,0.1456,0.3157,3,131.07,1057.28,1651.3,243,0.0409,172.11,408,0.025
live_ep_000046_CASCADING_FAILURE,CASCADING_FAILURE,payment-service,python-simulator,47.5,1785988156.137999,262,0.9505,0.0495,closed,0.7709,77.09,0.4292,21.43,53.58,7.65,8.87,0.0687,164.81,643.9,0.016,0.0367,0.2088,0.3143,5,136.19,526.65,1319.38,231,0.0412,222.7,393,0.0352
live_ep_000046_CASCADING_FAILURE,CASCADING_FAILURE,payment-service,python-simulator,48.0,1785988156.6382515,361,0.99,0.01,closed,0.8904,89.04,0.1868,32.5,81.24,6.57,8.78,0.0812,191.17,714.4,0.0201,0.0428,0.2267,0.3976,5,126.8,197.8,1564.97,267,0.0487,224.71,452,0.0295
live_ep_000046_CASCADING_FAILURE,CASCADING_FAILURE,payment-service,python-simulator,48.5,1785988157.141093,318,0.88,0.12,closed,0.8528,85.28,0.417,14.57,36.42,6.49,3.77,0.0693,202.97,678.4,0.0143,0.0348,0.2378,0.3403,4,139.87,549.01,1270.45,255,0.0416,186.56,435,0.0218
live_ep_000046_CASCADING_FAILURE,CASCADING_FAILURE,payment-service,python-simulator,49.0,1785988157.6416204,266,0.9797,0.0203,closed,0.8206,82.06,0.3266,24.1,60.25,5.17,3.24,0.0734,176.15,663.2,0.0185,0.0382,0.3547,0.3429,3,127.52,798.73,1573.46,246,0.0441,237.12,423,0.0227
live_ep_000046_CASCADING_FAILURE,CASCADING_FAILURE,payment-service,python-simulator,49.5,1785988158.1418579,299,0.9599,0.0401,closed,0.9305,93.05,0.2896,23.36,58.41,4.02,5.62,0.0806,201.45,684.9,0.0164,0.045,0.1604,0.347,3,119.15,527.6,1575.47,279,0.0484,174.84,476,0.0375
live_ep_000046_CASCADING_FAILURE,CASCADING_FAILURE,payment-service,python-simulator,50.0,1785988158.642357,271,0.99,0.01,closed,0.7262,72.62,0.2803,35.95,89.89,5.29,8.23,0.0714,150.61,643.7,0.02,0.0388,0.279,0.3301,6,142.34,904.48,1438.38,217,0.0428,190.42,372,0.0216
live_ep_000046_CASCADING_FAILURE,CASCADING_FAILURE,payment-service,python-simulator,50.5,1785988159.1424913,296,0.99,0.01,closed,0.8443,84.43,0.2378,21.33,53.32,9.76,4.2,0.0759,179.07,680.9,0.0322,0.0413,0.323,0.3355,3,145.13,833.47,1619.12,253,0.0456,179.18,427,0.0247
live_ep_000046_CASCADING_FAILURE,CASCADING_FAILURE,payment-service,python-simulator,51.0,1785988159.642959,306,0.99,0.01,closed,0.8303,83.03,0.3132,18.02,45.06,5.34,3.19,0.0716,195.97,666.4,0.0161,0.0423,0.2861,0.3448,3,133.1,1298.04,1387.91,249,0.043,186.95,426,0.029
live_ep_000046_CASCADING_FAILURE,CASCADING_FAILURE,payment-service,python-simulator,51.5,1785988160.143517,306,0.8903,0.1097,closed,0.8778,87.78,0.3921,23.63,59.08,2.85,4.83,0.0919,183.24,688.3,0.0189,0.053,0.2025,0.3659,5,136.44,407.24,1675.1,263,0.0551,217.38,452,0.0282
live_ep_000046_CASCADING_FAILURE,CASCADING_FAILURE,payment-service,python-simulator,52.0,1785988160.6440039,291,0.9532,0.0468,closed,0.8047,80.47,0.4465,20.34,50.86,4.11,5.06,0.0722,198.02,648.7,0.0196,0.0386,0.26,0.3163,5,129.69,524.17,1375.77,241,0.0433,192.82,416,0.0252
live_ep_000046_CASCADING_FAILURE,CASCADING_FAILURE,payment-service,python-simulator,52.5,1785988161.1441586,288,0.9659,0.0341,closed,0.7474,74.74,0.406,26.31,65.78,3.28,6.45,0.0879,151.47,671.4,0.0183,0.044,0.3505,0.4101,5,138.07,1051.41,1311.28,224,0.0528,215.72,378,0.0266
live_ep_000046_CASCADING_FAILURE,CASCADING_FAILURE,payment-service,python-simulator,53.0,1785988161.6443582,345,0.9872,0.0128,closed,0.7806,78.06,0.3434,30.78,76.94,3.15,6.44,0.0716,168.0,654.0,0.0244,0.0375,0.3217,0.3522,6,136.46,310.96,1382.14,234,0.043,199.65,390,0.0233
live_ep_000046_CASCADING_FAILURE,CASCADING_FAILURE,payment-service,python-simulator,53.5,1785988162.145354,280,0.9881,0.0119,closed,0.8042,80.42,0.2836,15.05,37.63,3.79,4.07,0.0919,166.08,632.3,0.0185,0.0469,0.1741,0.3108,5,130.61,1377.2,1524.84,241,0.0551,190.3,407,0.0458
live_ep_000046_CASCADING_FAILURE,CASCADING_FAILURE,payment-service,python-simulator,54.0,1785988162.645547,323,0.9336,0.0664,closed,0.8155,81.55,0.3472,26.46,66.14,4.33,6.16,0.0796,223.1,644.7,0.02,0.0443,0.1514,0.3491,7,134.85,728.09,1433.34,244,0.0478,158.69,408,0.0292
live_ep_000046_CASCADING_FAILURE,CASCADING_FAILURE,payment-service,python-simulator,54.5,1785988163.1456568,263,0.9796,0.0204,closed,0.7988,79.88,0.2168,22.11,55.27,3.73,6.95,0.0852,178.7,686.7,0.0206,0.0433,0.1578,0.3045,6,154.69,327.51,1549.47,239,0.0511,210.32,403,0.0269
live_ep_000046_CASCADING_FAILURE,CASCADING_FAILURE,payment-service,python-simulator,55.0,1785988163.645819,273,0.9707,0.0293,closed,0.7904,79.04,0.6062,19.78,49.45,6.14,4.71,0.0763,170.23,697.5,0.0177,0.0393,0.2138,0.3513,3,131.26,1096.17,1501.0,237,0.0458,202.49,408,0.0276
live_ep_000046_CASCADING_FAILURE,CASCADING_FAILURE,payment-service,python-simulator,55.5,1785988164.1460004,286,0.9742,0.0258,closed,0.8135,81.35,0.3646,26.26,65.64,5.69,3.45,0.0773,222.7,671.0,0.0185,0.0471,0.2601,0.3535,5,126.25,724.47,1488.7,244,0.0464,216.32,407,0.0252
live_ep_000046_CASCADING_FAILURE,CASCADING_FAILURE,payment-service,python-simulator,56.0,1785988164.6462934,299,0.9854,0.0146,closed,0.7498,74.98,0.3994,19.68,49.19,5.37,6.09,0.0811,154.43,666.8,0.0312,0.0412,0.2882,0.3758,7,155.92,992.37,1466.58,224,0.0487,224.21,387,0.03
live_ep_000046_CASCADING_FAILURE,CASCADING_FAILURE,payment-service,python-simulator,56.5,1785988165.146774,274,0.88,0.12,closed,0.8399,83.99,0.3183,21.92,54.8,3.91,6.02,0.0913,193.45,681.6,0.0185,0.0484,0.2503,0.3617,5,143.26,493.5,1553.43,251,0.0548,177.46,421,0.0276
live_ep_000046_CASCADING_FAILURE,CASCADING_FAILURE,payment-service,python-simulator,57.0,1785988165.646944,331,0.9672,0.0328,closed,0.7987,79.87,0.3322,25.48,63.71,4.74,7.1,0.0794,180.39,662.1,0.02,0.0415,0.2045,0.312,5,148.57,207.4,1649.9,239,0.0476,174.05,408,0.0255
live_ep_000046_CASCADING_FAILURE,CASCADING_FAILURE,payment-service,python-simulator,57.5,1785988166.147459,236,0.99,0.01,closed,0.7104,71.04,0.1907,31.39,78.49,11.85,7.25,0.0766,198.3,654.6,0.0199,0.0388,0.2697,0.3016,7,127.97,284.07,1677.35,213,0.0459,220.17,364,0.0321
live_ep_000046_CASCADING_FAILURE,CASCADING_FAILURE,payment-service,python-simulator,58.0,1785988166.647552,330,0.28,0.72,closed,0.8786,87.86,0.7441,21.68,54.2,8.15,4.67,0.0839,182.81,716.7,0.0181,0.0442,0.3416,0.3279,7,136.46,1029.38,1503.78,263,0.0503,202.94,447,0.0278
live_ep_000046_CASCADING_FAILURE,CASCADING_FAILURE,payment-service,python-simulator,58.5,1785988167.1479259,271,0.28,0.72,closed,0.7718,77.18,0.8231,21.34,53.35,4.82,4.02,0.0883,207.55,674.1,0.0213,0.0505,0.2008,0.3306,5,153.34,936.77,1464.84,231,0.053,209.83,396,0.0395
live_ep_000046_CASCADING_FAILURE,CASCADING_FAILURE,payment-service,python-simulator,59.0,1785988167.6481826,328,0.3045,0.6955,closed,0.7694,76.94,0.6735,11.85,29.62,6.57,4.67,0.0902,182.24,645.5,0.0199,0.0456,0.2182,0.3547,4,146.32,742.19,1387.69,230,0.0541,223.58,388,0.0325
live_ep_000046_CASCADING_FAILURE,CASCADING_FAILURE,payment-service,python-simulator,59.5,1785988168.1484036,333,0.347,0.653,closed,0.856,85.6,0.7111,18.22,45.55,3.82,11.99,0.0864,177.44,661.5,0.0234,0.0447,0.2251,0.2953,4,138.89,219.37,1420.21,256,0.0518,191.24,434,0.0264
live_ep_000047_NONE,NONE,inventory-service,python-simulator,0.0,1785988168.6525042,21,0.9632,0.0368,closed,0.4025,40.25,0.2971,6.38,28.84,3.59,6.72,0.0062,12.06,491.2,0.0031,0.0039,0.2891,0.3152,1,79.81,86.87,101.78,11,0.021,236.14,9,0.0016
live_ep_000047_NONE,NONE,inventory-service,python-simulator,0.5,1785988169.1525748,75,0.9712,0.0288,closed,0.3943,39.43,0.4047,2.49,24.21,7.63,9.09,0.0114,2.0,540.8,0.0072,0.0017,0.2229,0.2865,1,80.59,92.34,134.13,18,0.0337,198.16,4,0.0008
live_ep_000047_NONE,NONE,inventory-service,python-simulator,1.0,1785988169.6530902,26,0.9895,0.0105,closed,0.3631,36.31,0.3017,13.45,27.71,5.09,3.61,0.0094,53.05,529.6,0.011,0.0008,0.2276,0.2489,3,95.29,120.75,123.9,12,0.1,166.59,6,0.0058
live_ep_000047_NONE,NONE,inventory-service,python-simulator,1.5,1785988170.1536088,87,0.9444,0.0556,closed,0.3868,38.68,0.4119,13.78,14.14,3.27,9.33,0.0156,39.82,529.9,0.0046,0.003,0.2109,0.2283,1,89.15,96.92,108.26,11,0.0276,236.91,12,0.0063
live_ep_000047_NONE,NONE,inventory-service,python-simulator,2.0,1785988170.6538777,77,0.981,0.019,closed,0.3401,34.01,0.246,5.11,16.35,6.26,6.54,0.0039,3.41,510.8,0.0073,0.0025,0.3173,0.2112,0,87.32,102.67,121.4,9,0.0158,183.86,0,0.017
live_ep_000047_NONE,NONE,inventory-service,python-simulator,2.5,1785988171.154144,59,0.9661,0.0339,closed,0.3084,30.84,0.4274,2.28,16.97,2.21,6.59,0.0191,21.88,545.8,0.0015,0.0057,0.2816,0.2521,3,79.45,81.54,93.05,5,0.0076,198.5,9,0.0008
live_ep_000047_NONE,NONE,inventory-service,python-simulator,3.0,1785988171.6543767,106,0.99,0.01,closed,0.3349,33.49,0.3963,1.43,19.0,3.51,3.24,0.0122,12.52,548.0,0.0033,0.001,0.2159,0.2436,2,99.1,124.46,125.33,18,0.0319,192.6,2,0.0023
live_ep_000047_NONE,NONE,inventory-service,python-simulator,3.5,1785988172.1549006,114,0.9116,0.0884,closed,0.3748,37.48,0.3339,1.49,22.67,4.98,4.58,0.0043,17.82,509.2,0.0032,0.002,0.1818,0.2148,3,88.48,99.66,101.33,16,0.0492,189.56,9,0.0057
live_ep_000047_NONE,NONE,inventory-service,python-simulator,4.0,1785988172.6549938,56,0.9245,0.0755,closed,0.3862,38.62,0.2094,17.45,34.34,3.75,17.4,0.0089,4.46,507.9,0.0003,0.0005,0.2643,0.2219,3,84.11,120.79,127.05,6,0.0067,215.97,11,0.0117
live_ep_000047_NONE,NONE,inventory-service,python-simulator,4.5,1785988173.1551526,100,0.9095,0.0905,closed,0.3806,38.06,0.374,2.85,24.02,3.21,2.95,0.007,2.82,483.0,0.0031,0.0004,0.1948,0.2806,1,102.48,103.47,130.82,19,0.1,256.27,0,0.0052
live_ep_000047_NONE,NONE,inventory-service,python-simulator,5.0,1785988173.6585817,37,0.989,0.011,closed,0.3483,34.83,0.2637,5.59,25.73,2.95,11.02,0.008,60.0,501.1,0.005,0.0006,0.1846,0.2327,3,92.73,93.15,102.79,11,0.0538,198.35,0,0.0044
live_ep_000047_NONE,NONE,inventory-service,python-simulator,5.5,1785988174.15889,93,0.9556,0.0444,closed,0.2403,24.03,0.3352,1.95,25.11,5.01,4.99,0.0058,21.1,500.5,0.0065,0.0019,0.2705,0.2685,3,74.74,77.44,106.5,1,0.1,226.03,2,0.0033
live_ep_000047_NONE,NONE,inventory-service,python-simulator,6.0,1785988174.6590457,92,0.9666,0.0334,closed,0.3661,36.61,0.3399,0.5,31.77,6.93,6.91,0.0083,55.08,507.4,0.0035,0.0005,0.1745,0.2428,0,83.93,93.72,153.78,14,0.0162,195.94,8,0.0
live_ep_000047_NONE,NONE,inventory-service,python-simulator,6.5,1785988175.15929,41,0.9563,0.0437,closed,0.3021,30.21,0.3853,5.59,22.85,5.34,6.2,0.0274,3.38,531.4,0.0018,0.0001,0.2349,0.2583,2,92.59,116.76,122.57,1,0.0049,209.68,4,0.0016
live_ep_000047_NONE,NONE,inventory-service,python-simulator,7.0,1785988175.6595612,63,0.9871,0.0129,closed,0.2716,27.16,0.3535,3.93,24.21,5.83,5.14,0.0081,5.85,506.8,0.0024,0.0017,0.2693,0.1737,1,88.35,126.7,143.58,16,0.0116,201.8,11,0.0026
live_ep_000047_NONE,NONE,inventory-service,python-simulator,7.5,1785988176.1600132,99,0.9281,0.0719,closed,0.3958,39.58,0.4016,8.12,14.13,4.28,3.0,0.0219,15.85,533.5,0.0018,0.0005,0.1551,0.2101,4,89.79,96.39,105.25,10,0.0364,170.15,6,0.0016
live_ep_000047_NONE,NONE,inventory-service,python-simulator,8.0,1785988176.6603553,28,0.99,0.01,closed,0.2356,23.56,0.3507,10.06,15.48,2.98,4.73,0.0074,25.5,508.5,0.0024,0.0038,0.266,0.1693,3,83.11,86.21,114.33,1,0.0351,179.48,10,0.0039
live_ep_000047_NONE,NONE,inventory-service,python-simulator,8.5,1785988177.160753,94,0.9891,0.0109,closed,0.3671,36.71,0.3344,1.14,12.73,4.73,6.1,0.0039,51.59,517.8,0.0144,0.0014,0.2301,0.2465,2,99.97,118.6,128.2,15,0.1,198.85,9,0.0039
live_ep_000047_NONE,NONE,inventory-service,python-simulator,9.0,1785988177.6609142,89,0.99,0.01,closed,0.3011,30.11,0.3358,0.5,10.68,10.1,7.95,0.0169,2.0,511.1,0.0066,0.0002,0.1934,0.2445,1,91.81,96.84,110.23,12,0.0777,211.45,9,0.0039
live_ep_000047_NONE,NONE,inventory-service,python-simulator,9.5,1785988178.1610372,68,0.9433,0.0567,closed,0.3051,30.51,0.3487,1.08,12.43,2.78,5.48,0.0439,10.75,524.7,0.012,0.0072,0.3768,0.2352,4,94.75,96.8,114.52,7,0.0056,220.69,11,0.0004
live_ep_000047_NONE,NONE,inventory-service,python-simulator,10.0,1785988178.6612954,24,0.99,0.01,closed,0.3787,37.87,0.3437,0.83,15.77,3.49,6.26,0.0022,29.41,530.2,0.0006,0.0007,0.2923,0.2932,2,81.57,106.01,113.11,14,0.0038,191.63,10,0.0091
live_ep_000047_NONE,NONE,inventory-service,python-simulator,10.5,1785988179.1614397,71,0.9842,0.0158,closed,0.3885,38.85,0.4583,2.54,11.97,2.51,5.11,0.0118,6.14,505.6,0.0013,0.0007,0.1456,0.2166,2,87.65,97.22,124.72,11,0.0043,205.44,13,0.0039
live_ep_000047_NONE,NONE,inventory-service,python-simulator,11.0,1785988179.6753547,94,0.99,0.01,closed,0.398,39.8,0.2773,4.02,19.43,7.32,4.49,0.005,2.31,483.7,0.0051,0.0048,0.2883,0.239,0,98.18,110.32,110.96,9,0.0009,234.37,12,0.0001
live_ep_000047_NONE,NONE,inventory-service,python-simulator,11.5,1785988180.1761036,62,0.9315,0.0685,closed,0.3661,36.61,0.4513,1.55,25.07,3.32,5.39,0.012,2.0,494.5,0.0183,0.0009,0.2596,0.2191,3,89.16,98.44,129.37,5,0.0422,202.11,8,0.0011
live_ep_000047_NONE,NONE,inventory-service,python-simulator,12.0,1785988180.8934336,49,0.9514,0.0486,closed,0.3719,37.19,0.2857,2.82,17.06,3.88,4.95,0.0279,10.47,509.1,0.0042,0.0003,0.2508,0.2328,3,83.01,95.43,125.35,10,0.0032,165.65,9,0.0043
live_ep_000047_NONE,NONE,inventory-service,python-simulator,12.5,1785988181.6260457,94,0.9704,0.0296,closed,0.3067,30.67,0.3171,14.48,24.94,5.37,4.83,0.0289,17.04,533.3,0.0003,0.0018,0.1429,0.2884,2,93.49,111.61,115.95,17,0.0197,206.05,0,0.0105
live_ep_000047_NONE,NONE,inventory-service,python-simulator,13.0,1785988182.353369,91,0.9898,0.0102,closed,0.3738,37.38,0.3552,4.3,23.33,2.38,7.46,0.0051,24.92,539.2,0.0008,0.0007,0.2743,0.2675,2,87.8,104.91,128.54,9,0.0309,228.36,13,0.0028
live_ep_000047_NONE,NONE,inventory-service,python-simulator,13.5,1785988182.8653345,119,0.9604,0.0396,closed,0.3227,32.27,0.3919,1.35,28.05,5.35,10.3,0.006,22.72,529.8,0.0014,0.0026,0.2825,0.2925,2,99.83,116.14,117.17,13,0.0439,210.12,7,0.0006
live_ep_000047_NONE,NONE,inventory-service,python-simulator,14.0,1785988183.3809292,93,0.99,0.01,closed,0.4026,40.26,0.3988,0.55,15.02,5.37,4.85,0.0098,34.72,496.7,0.0011,0.0003,0.1588,0.2366,3,80.52,118.95,120.89,13,0.0038,177.56,9,0.015
live_ep_000047_NONE,NONE,inventory-service,python-simulator,14.5,1785988183.884745,49,0.9168,0.0832,closed,0.4069,40.69,0.4646,0.5,21.32,4.61,10.28,0.0186,28.81,498.3,0.0073,0.0019,0.2172,0.2411,2,99.94,95.99,89.15,15,0.0351,193.12,0,0.0008
live_ep_000047_NONE,NONE,inventory-service,python-simulator,15.0,1785988184.3849146,109,0.99,0.01,closed,0.3291,32.91,0.4328,4.36,16.72,4.65,8.82,0.0115,60.0,505.0,0.006,0.0041,0.2034,0.2,2,92.57,134.04,134.33,7,0.0025,189.99,4,0.0009
live_ep_000047_NONE,NONE,inventory-service,python-simulator,15.5,1785988184.8878517,29,0.9416,0.0584,closed,0.3833,38.33,0.5284,0.5,28.26,3.5,6.15,0.0117,28.52,471.2,0.0028,0.0008,0.2639,0.2579,3,90.95,118.11,120.21,2,0.0067,223.84,2,0.0007
live_ep_000047_NONE,NONE,inventory-service,python-simulator,16.0,1785988185.3884022,105,0.9438,0.0562,closed,0.3456,34.56,0.3212,6.91,26.29,6.43,4.82,0.0112,9.2,527.1,0.0003,0.0009,0.3519,0.2896,4,86.91,88.76,110.96,2,0.0244,202.92,14,0.0019
live_ep_000047_NONE,NONE,inventory-service,python-simulator,16.5,1785988185.888883,110,0.9711,0.0289,closed,0.307,30.7,0.4206,8.95,15.62,6.15,8.21,0.0121,4.36,536.2,0.0032,0.008,0.2183,0.2656,0,98.18,105.27,132.38,6,0.0422,217.97,13,0.002
live_ep_000047_NONE,NONE,inventory-service,python-simulator,17.0,1785988186.3889918,59,0.9876,0.0124,closed,0.4138,41.38,0.4176,11.99,18.63,2.8,9.71,0.0062,27.55,486.5,0.0104,0.0015,0.2093,0.1966,2,94.01,122.03,146.9,14,0.0218,187.05,13,0.0045
live_ep_000047_NONE,NONE,inventory-service,python-simulator,17.5,1785988186.8892643,46,0.9179,0.0821,closed,0.3767,37.67,0.343,0.97,12.73,5.44,3.84,0.0068,4.1,498.2,0.0023,0.0025,0.1631,0.261,0,94.83,96.89,128.93,4,0.0569,213.32,5,0.0003
live_ep_000047_NONE,NONE,inventory-service,python-simulator,18.0,1785988187.3897398,68,0.9277,0.0723,closed,0.2623,26.23,0.2609,0.5,12.44,3.44,4.56,0.0043,11.77,496.2,0.005,0.0013,0.2822,0.2431,0,105.01,110.24,126.27,16,0.0707,207.09,11,0.0079
live_ep_000047_NONE,NONE,inventory-service,python-simulator,18.5,1785988187.8898547,56,0.9436,0.0564,closed,0.3044,30.44,0.2832,0.5,14.62,2.45,4.04,0.0079,17.82,500.8,0.0102,0.0015,0.2137,0.2382,0,101.92,102.71,106.66,5,0.009,210.43,12,0.0028
live_ep_000047_NONE,NONE,inventory-service,python-simulator,19.0,1785988188.3903651,111,0.9236,0.0764,closed,0.3648,36.48,0.2963,2.6,12.88,4.71,2.79,0.0124,2.2,502.2,0.0007,0.0033,0.1997,0.2253,2,92.47,103.11,107.62,17,0.0069,192.67,8,0.0257
live_ep_000047_NONE,NONE,inventory-service,python-simulator,19.5,1785988188.890817,53,0.9861,0.0139,closed,0.3852,38.52,0.3475,27.93,14.46,3.75,5.46,0.0165,2.0,480.3,0.0077,0.0091,0.168,0.2472,3,82.85,104.18,133.41,3,0.0124,201.96,4,0.0028
live_ep_000047_NONE,NONE,inventory-service,python-simulator,20.0,1785988189.3909104,119,0.88,0.12,closed,0.4254,42.54,0.3492,8.54,15.18,5.27,4.08,0.0095,11.5,549.0,0.0027,0.0012,0.2497,0.1916,1,87.06,91.21,123.48,0,0.0201,188.03,6,0.0112
live_ep_000047_NONE,NONE,inventory-service,python-simulator,20.5,1785988189.8914418,102,0.9609,0.0391,closed,0.3354,33.54,0.4681,3.82,23.14,3.95,5.89,0.0088,47.16,501.2,0.0036,0.003,0.2286,0.254,0,94.07,111.83,113.32,15,0.0032,214.11,14,0.0002
live_ep_000047_NONE,NONE,inventory-service,python-simulator,21.0,1785988190.39202,96,0.99,0.01,closed,0.4334,43.34,0.4399,3.6,28.54,5.77,6.2,0.0114,11.24,549.8,0.001,0.0005,0.3028,0.2915,4,78.47,82.75,100.94,19,0.0589,217.46,8,0.0025
live_ep_000047_NONE,NONE,inventory-service,python-simulator,21.5,1785988190.8925428,100,0.99,0.01,closed,0.3383,33.83,0.3466,5.65,21.97,8.21,3.07,0.0163,2.16,484.0,0.0033,0.0032,0.3583,0.2213,3,95.29,105.48,114.79,14,0.0327,166.9,1,0.005
live_ep_000047_NONE,NONE,inventory-service,python-simulator,22.0,1785988191.3926785,83,0.9852,0.0148,closed,0.4388,43.88,0.355,15.28,16.68,3.45,9.12,0.0069,7.95,517.3,0.0105,0.0024,0.24,0.1979,0,87.33,112.04,137.64,2,0.0556,162.94,7,0.002
live_ep_000047_NONE,NONE,inventory-service,python-simulator,22.5,1785988191.8930917,110,0.9383,0.0617,closed,0.309,30.9,0.3424,13.57,26.34,3.69,4.24,0.0135,12.5,498.7,0.0004,0.0007,0.2163,0.266,2,110.03,106.98,106.11,19,0.0449,210.72,2,0.0079
live_ep_000047_NONE,NONE,inventory-service,python-simulator,23.0,1785988192.3934925,79,0.99,0.01,closed,0.2829,28.29,0.1757,0.5,20.79,5.08,5.85,0.0036,20.79,545.7,0.0004,0.0035,0.3302,0.2628,2,87.98,96.38,96.67,1,0.0497,224.39,3,0.0192
live_ep_000047_NONE,NONE,inventory-service,python-simulator,23.5,1785988192.893714,106,0.9704,0.0296,closed,0.3851,38.51,0.3118,5.4,20.74,4.35,7.78,0.016,19.79,542.4,0.0029,0.0023,0.3608,0.2433,3,101.44,103.1,104.35,16,0.0283,223.59,9,0.008
live_ep_000047_NONE,NONE,inventory-service,python-simulator,24.0,1785988193.3937998,116,0.9875,0.0125,closed,0.293,29.3,0.5021,0.5,21.43,8.15,8.16,0.0058,25.66,500.6,0.0018,0.0042,0.161,0.268,3,86.56,98.7,101.26,13,0.0356,179.55,13,0.004
live_ep_000047_NONE,NONE,inventory-service,python-simulator,24.5,1785988193.8942122,82,0.9742,0.0258,closed,0.2226,22.26,0.4215,13.17,21.78,4.12,6.88,0.0073,60.0,537.0,0.0032,0.0071,0.2855,0.2768,4,89.69,117.89,124.82,16,0.067,227.08,8,0.0019
live_ep_000047_NONE,NONE,inventory-service,python-simulator,25.0,1785988194.3944483,26,0.88,0.12,closed,0.3504,35.04,0.3128,2.5,10.8,5.29,4.25,0.0067,17.53,510.7,0.0013,0.0024,0.2769,0.2263,4,94.29,95.09,115.64,10,0.0719,208.02,9,0.0027
live_ep_000047_NONE,NONE,inventory-service,python-simulator,25.5,1785988194.8946168,119,0.9899,0.0101,closed,0.3974,39.74,0.4109,5.66,13.13,6.11,6.56,0.0015,14.86,514.1,0.006,0.0009,0.2718,0.2499,0,78.77,84.85,108.32,2,0.0101,200.13,9,0.003
live_ep_000047_NONE,NONE,inventory-service,python-simulator,26.0,1785988195.394721,114,0.88,0.12,closed,0.3257,32.57,0.3547,6.11,21.47,3.13,5.2,0.0057,2.57,515.6,0.004,0.0049,0.3899,0.2607,0,84.82,102.83,113.08,2,0.048,218.85,1,0.0016
live_ep_000047_NONE,NONE,inventory-service,python-simulator,26.5,1785988195.8951576,38,0.9613,0.0387,closed,0.3164,31.64,0.2125,1.97,22.42,7.07,4.49,0.0203,20.12,499.7,0.0058,0.008,0.2394,0.2264,4,88.28,89.79,114.42,14,0.1,208.95,10,0.0207
live_ep_000047_NONE,NONE,inventory-service,python-simulator,27.0,1785988196.395274,60,0.9847,0.0153,closed,0.3198,31.98,0.2525,8.05,25.78,5.39,8.66,0.0091,24.5,561.8,0.0107,0.0044,0.3309,0.2955,0,100.43,109.47,113.61,14,0.0084,211.69,8,0.0036
live_ep_000047_NONE,NONE,inventory-service,python-simulator,27.5,1785988196.895722,85,0.9207,0.0793,closed,0.2812,28.12,0.3273,1.32,27.56,2.22,4.76,0.0154,2.0,499.9,0.0073,0.0016,0.2282,0.2759,1,76.66,123.06,125.24,3,0.0755,202.31,10,0.0029
live_ep_000047_NONE,NONE,inventory-service,python-simulator,28.0,1785988197.3960958,92,0.9048,0.0952,closed,0.4168,41.68,0.2525,0.77,21.66,3.97,9.72,0.0038,9.2,486.5,0.0014,0.0013,0.2786,0.255,1,89.45,91.02,92.11,11,0.0686,193.95,1,0.0
live_ep_000047_NONE,NONE,inventory-service,python-simulator,28.5,1785988197.896486,117,0.88,0.12,closed,0.3854,38.54,0.3611,3.85,16.35,5.83,12.04,0.0094,21.27,528.6,0.001,0.0019,0.2966,0.2369,2,103.43,115.56,119.12,2,0.001,163.37,0,0.0005
live_ep_000047_NONE,NONE,inventory-service,python-simulator,29.0,1785988198.3968554,98,0.9852,0.0148,closed,0.3838,38.38,0.3296,8.92,14.26,3.85,5.93,0.0027,5.7,516.6,0.0083,0.0008,0.2256,0.2585,4,95.36,134.34,140.09,6,0.0044,186.86,12,0.0002
live_ep_000047_NONE,NONE,inventory-service,python-simulator,29.5,1785988198.8976836,48,0.9706,0.0294,closed,0.3734,37.34,0.4255,5.29,20.17,5.69,5.36,0.0075,25.53,507.8,0.0118,0.0002,0.1503,0.2583,0,85.03,131.45,133.74,14,0.0035,204.31,2,0.0108
live_ep_000047_NONE,NONE,inventory-service,python-simulator,30.0,1785988199.3978143,23,0.99,0.01,closed,0.3256,32.56,0.3507,1.06,9.56,4.04,4.55,0.0148,5.6,513.7,0.0021,0.0008,0.2928,0.2864,4,92.39,99.15,100.04,1,0.1,166.41,5,0.0068
live_ep_000047_NONE,NONE,inventory-service,python-simulator,30.5,1785988199.8980618,75,0.965,0.035,closed,0.4147,41.47,0.3416,4.5,43.98,3.8,5.64,0.0031,6.34,520.4,0.0043,0.0012,0.2789,0.2596,2,94.55,100.12,127.73,1,0.0405,212.38,14,0.0047
live_ep_000047_NONE,NONE,inventory-service,python-simulator,31.0,1785988200.3981893,41,0.99,0.01,closed,0.2575,25.75,0.4319,4.19,15.84,4.16,4.76,0.0109,37.54,527.6,0.0141,0.0002,0.292,0.2885,3,92.36,114.25,126.88,1,0.0106,205.22,14,0.0046
live_ep_000047_NONE,NONE,inventory-service,python-simulator,31.5,1785988200.8984942,52,0.9806,0.0194,closed,0.4238,42.38,0.3456,8.91,16.88,4.41,12.67,0.0025,2.0,517.1,0.0005,0.0068,0.2994,0.2449,4,73.72,89.36,111.21,1,0.0346,220.46,9,0.0034
live_ep_000047_NONE,NONE,inventory-service,python-simulator,32.0,1785988201.398846,62,0.8868,0.1132,closed,0.3528,35.28,0.352,1.94,16.64,2.92,2.21,0.0064,34.53,512.4,0.0066,0.0045,0.3166,0.1978,3,105.88,109.34,151.94,6,0.0066,192.14,1,0.0049
live_ep_000047_NONE,NONE,inventory-service,python-simulator,32.5,1785988201.8990629,26,0.9804,0.0196,closed,0.3097,30.97,0.2794,4.38,21.78,5.95,5.15,0.0055,32.84,494.7,0.0029,0.0044,0.2164,0.2377,0,87.06,107.32,135.74,17,0.0043,174.5,0,0.0282
live_ep_000047_NONE,NONE,inventory-service,python-simulator,33.0,1785988202.3995986,95,0.912,0.088,closed,0.3354,33.54,0.295,5.52,11.79,4.29,3.99,0.014,23.82,504.5,0.0028,0.0016,0.231,0.2898,0,99.71,112.27,125.91,9,0.0211,205.53,1,0.0028
live_ep_000047_NONE,NONE,inventory-service,python-simulator,33.5,1785988202.899738,97,0.9048,0.0952,closed,0.2977,29.77,0.3894,2.94,22.33,5.49,6.3,0.0056,7.66,529.8,0.002,0.0007,0.2483,0.2671,4,91.04,105.84,120.95,2,0.011,239.55,11,0.0056
live_ep_000047_NONE,NONE,inventory-service,python-simulator,34.0,1785988203.4003162,69,0.9167,0.0833,closed,0.3638,36.38,0.3485,2.32,26.03,3.72,3.83,0.0047,12.08,508.8,0.0001,0.0052,0.198,0.2249,3,88.83,100.74,113.63,16,0.0314,151.38,14,0.0075
live_ep_000047_NONE,NONE,inventory-service,python-simulator,34.5,1785988203.9007797,85,0.9738,0.0262,closed,0.3019,30.19,0.4437,5.26,19.07,3.78,4.73,0.0181,21.82,510.3,0.0122,0.0001,0.2054,0.2326,3,84.47,101.83,105.17,10,0.0249,187.94,1,0.002
live_ep_000047_NONE,NONE,inventory-service,python-simulator,35.0,1785988204.400899,92,0.99,0.01,closed,0.3475,34.75,0.4583,2.07,34.38,1.95,8.17,0.006,28.2,515.8,0.0105,0.0015,0.2518,0.2199,4,79.92,97.72,145.22,15,0.0643,202.67,8,0.0023
live_ep_000047_NONE,NONE,inventory-service,python-simulator,35.5,1785988204.90136,95,0.99,0.01,closed,0.2922,29.22,0.2332,1.35,15.98,2.78,5.71,0.0168,17.25,525.8,0.0005,0.0015,0.21,0.2395,3,90.52,117.25,125.73,11,0.0417,204.35,6,0.0037
live_ep_000047_NONE,NONE,inventory-service,python-simulator,36.0,1785988205.4016047,37,0.9892,0.0108,closed,0.3595,35.95,0.4689,3.62,14.12,9.02,9.18,0.0126,33.31,514.7,0.0046,0.0004,0.2065,0.248,2,91.31,124.1,129.38,10,0.0279,170.67,7,0.0071
live_ep_000047_NONE,NONE,inventory-service,python-simulator,36.5,1785988205.901682,69,0.9421,0.0579,closed,0.3283,32.83,0.2522,0.5,20.16,2.48,5.12,0.0141,13.29,495.5,0.0008,0.0015,0.2469,0.2764,1,84.94,90.12,92.97,8,0.0201,175.54,3,0.0012
live_ep_000047_NONE,NONE,inventory-service,python-simulator,37.0,1785988206.402055,119,0.9541,0.0459,closed,0.2193,21.93,0.3958,4.55,14.87,3.17,3.8,0.0079,2.0,512.5,0.0045,0.0002,0.3459,0.2499,2,92.18,92.94,96.83,12,0.0117,176.05,1,0.0003
live_ep_000047_NONE,NONE,inventory-service,python-simulator,37.5,1785988206.9024694,52,0.9632,0.0368,closed,0.3345,33.45,0.4281,2.11,25.28,3.58,4.7,0.0018,20.12,499.6,0.008,0.0068,0.2534,0.2195,1,98.01,100.6,104.56,6,0.0601,183.96,5,0.0006
live_ep_000047_NONE,NONE,inventory-service,python-simulator,38.0,1785988207.402841,99,0.95,0.05,closed,0.3822,38.22,0.4378,2.97,24.66,5.68,7.02,0.0073,2.3,530.6,0.0062,0.002,0.2019,0.2087,3,81.34,84.89,131.02,19,0.0032,201.67,3,0.0194
live_ep_000047_NONE,NONE,inventory-service,python-simulator,38.5,1785988207.905315,49,0.9061,0.0939,closed,0.3607,36.07,0.3935,2.84,21.42,6.57,3.27,0.0088,2.0,495.9,0.0018,0.0021,0.2186,0.2741,0,101.86,104.36,114.0,5,0.0088,185.0,10,0.0014
live_ep_000047_NONE,NONE,inventory-service,python-simulator,39.0,1785988208.4058259,83,0.9597,0.0403,closed,0.2676,26.76,0.3383,2.35,20.6,5.96,10.19,0.0097,8.65,492.5,0.0001,0.0008,0.2582,0.2467,3,83.48,128.36,131.91,15,0.1,215.66,11,0.0004
live_ep_000047_NONE,NONE,inventory-service,python-simulator,39.5,1785988208.906373,84,0.9445,0.0555,closed,0.2244,22.44,0.3524,0.61,11.76,2.87,5.2,0.0065,2.0,525.1,0.0195,0.0005,0.217,0.2623,3,82.62,119.41,130.96,16,0.0054,204.49,2,0.0029
live_ep_000047_NONE,NONE,inventory-service,python-simulator,40.0,1785988209.4068568,66,0.894,0.106,closed,0.3762,37.62,0.3141,1.39,12.59,3.18,3.64,0.002,7.04,492.7,0.0007,0.0,0.3076,0.1839,3,98.5,110.34,119.2,15,0.0058,199.58,12,0.0017
live_ep_000047_NONE,NONE,inventory-service,python-simulator,40.5,1785988209.9070196,46,0.9139,0.0861,closed,0.3211,32.11,0.1525,0.5,35.88,5.1,4.47,0.0025,2.73,497.8,0.0031,0.003,0.355,0.2615,2,89.81,111.51,120.56,4,0.1,194.48,3,0.0004
live_ep_000047_NONE,NONE,inventory-service,python-simulator,41.0,1785988210.407439,111,0.931,0.069,closed,0.2163,21.63,0.3959,1.62,19.44,5.53,9.06,0.0083,20.86,529.0,0.0115,0.0009,0.2589,0.2649,3,76.27,95.91,105.65,7,0.0574,216.29,5,0.0017
live_ep_000047_NONE,NONE,inventory-service,python-simulator,41.5,1785988210.9077437,79,0.9581,0.0419,closed,0.2423,24.23,0.298,1.79,17.26,3.73,6.69,0.0073,5.04,510.1,0.0005,0.0079,0.3159,0.2915,0,94.06,108.88,113.19,11,0.0033,180.42,3,0.0162
live_ep_000047_NONE,NONE,inventory-service,python-simulator,42.0,1785988211.4082227,55,0.9711,0.0289,closed,0.3462,34.62,0.3469,1.87,26.29,3.27,7.25,0.0037,3.3,490.0,0.0136,0.0097,0.2293,0.2455,2,96.82,113.78,126.97,9,0.0278,232.13,10,0.0004
live_ep_000047_NONE,NONE,inventory-service,python-simulator,42.5,1785988211.9083097,101,0.99,0.01,closed,0.3996,39.96,0.4591,3.59,37.76,3.74,7.31,0.0199,28.55,526.3,0.0078,0.0003,0.2196,0.2399,3,87.5,121.53,136.11,13,0.0583,139.51,14,0.0035
live_ep_000047_NONE,NONE,inventory-service,python-simulator,43.0,1785988212.4097726,26,0.9034,0.0966,closed,0.3182,31.82,0.3444,6.21,19.74,6.94,12.16,0.0039,2.0,506.7,0.0044,0.0003,0.2141,0.2563,0,71.43,73.38,121.09,9,0.0395,191.03,9,0.0096
live_ep_000047_NONE,NONE,inventory-service,python-simulator,43.5,1785988212.9099019,60,0.977,0.023,closed,0.336,33.6,0.3675,5.17,33.06,2.66,2.4,0.0056,8.74,502.2,0.0038,0.0,0.2505,0.2929,2,96.48,136.11,139.71,1,0.0633,204.78,7,0.0
live_ep_000047_NONE,NONE,inventory-service,python-simulator,44.0,1785988213.4100735,83,0.9177,0.0823,closed,0.4068,40.68,0.4086,1.77,17.26,2.16,3.85,0.0034,58.1,505.5,0.0007,0.0041,0.2722,0.2407,1,100.69,104.83,112.46,9,0.0344,187.3,2,0.0063
live_ep_000047_NONE,NONE,inventory-service,python-simulator,44.5,1785988213.910418,119,0.9842,0.0158,closed,0.3248,32.48,0.3246,2.7,16.28,5.04,8.66,0.0059,6.94,523.5,0.0122,0.0004,0.2893,0.2893,3,88.02,105.33,146.05,2,0.0507,183.95,5,0.0019
live_ep_000047_NONE,NONE,inventory-service,python-simulator,45.0,1785988214.4110029,70,0.9655,0.0345,closed,0.4188,41.88,0.3129,0.5,13.79,9.02,6.57,0.014,4.2,521.7,0.0045,0.0007,0.3178,0.2364,0,87.63,104.78,105.81,15,0.025,207.24,4,0.0003
live_ep_000047_NONE,NONE,inventory-service,python-simulator,45.5,1785988214.911333,23,0.938,0.062,closed,0.2943,29.43,0.2845,2.63,17.98,1.65,14.48,0.0032,39.95,489.6,0.0003,0.005,0.1476,0.2547,3,90.1,102.7,109.17,5,0.001,185.38,8,0.0019
live_ep_000047_NONE,NONE,inventory-service,python-simulator,46.0,1785988215.411714,88,0.946,0.054,closed,0.3263,32.63,0.2898,1.86,36.71,5.73,4.78,0.0102,2.0,515.3,0.0008,0.0002,0.3047,0.2147,2,84.42,97.67,132.86,10,0.0276,186.76,8,0.0023
live_ep_000047_NONE,NONE,inventory-service,python-simulator,46.5,1785988215.9122,101,0.9843,0.0157,closed,0.3265,32.65,0.323,1.86,23.08,5.7,3.34,0.0056,2.0,539.7,0.0011,0.006,0.1805,0.2761,4,92.43,123.74,129.89,13,0.0219,176.68,12,0.0008
live_ep_000047_NONE,NONE,inventory-service,python-simulator,47.0,1785988216.4127533,53,0.9619,0.0381,closed,0.3583,35.83,0.3814,0.7,26.17,3.68,6.89,0.0079,47.41,518.3,0.0049,0.0089,0.3512,0.2976,1,101.82,105.58,108.4,10,0.0511,173.47,0,0.0214
live_ep_000047_NONE,NONE,inventory-service,python-simulator,47.5,1785988216.913034,117,0.9696,0.0304,closed,0.3034,30.34,0.3092,5.2,15.11,4.11,3.77,0.0113,13.55,495.3,0.0102,0.0,0.1765,0.1869,3,101.22,103.37,110.4,14,0.0053,185.21,7,0.0065
live_ep_000047_NONE,NONE,inventory-service,python-simulator,48.0,1785988217.4136608,94,0.99,0.01,closed,0.3408,34.08,0.3775,2.78,41.87,4.16,2.58,0.0105,31.39,503.4,0.0087,0.0021,0.1826,0.287,3,86.59,86.76,86.84,17,0.0076,174.75,7,0.0043
live_ep_000047_NONE,NONE,inventory-service,python-simulator,48.5,1785988217.913821,60,0.9885,0.0115,closed,0.398,39.8,0.4578,12.23,29.12,6.12,4.63,0.0033,17.45,492.2,0.0022,0.0001,0.3785,0.2612,1,87.36,114.15,121.48,8,0.009,167.16,3,0.0096
live_ep_000047_NONE,NONE,inventory-service,python-simulator,49.0,1785988218.4145632,35,0.9718,0.0282,closed,0.2589,25.89,0.3519,2.48,26.35,3.65,4.41,0.0118,12.88,494.6,0.0106,0.0015,0.2432,0.2412,1,97.39,100.81,103.08,19,0.0879,202.83,3,0.0029
live_ep_000047_NONE,NONE,inventory-service,python-simulator,49.5,1785988218.9149175,110,0.9557,0.0443,closed,0.2953,29.53,0.3554,1.24,16.39,4.64,8.45,0.0065,39.23,508.3,0.0002,0.0002,0.2221,0.2315,3,82.46,119.9,122.94,2,0.1,192.14,2,0.0081
live_ep_000047_NONE,NONE,inventory-service,python-simulator,50.0,1785988219.415183,50,0.99,0.01,closed,0.3637,36.37,0.4766,1.91,15.44,5.16,10.5,0.0053,15.07,529.7,0.0037,0.0007,0.2502,0.2528,1,81.11,101.9,106.74,16,0.0066,209.98,13,0.0095
live_ep_000047_NONE,NONE,inventory-service,python-simulator,50.5,1785988219.9153514,107,0.9657,0.0343,closed,0.225,22.5,0.4383,0.52,25.38,7.15,7.81,0.033,5.52,520.2,0.0028,0.0003,0.1814,0.2176,3,87.96,90.37,92.46,17,0.026,199.79,9,0.0032
live_ep_000047_NONE,NONE,inventory-service,python-simulator,51.0,1785988220.415936,95,0.9652,0.0348,closed,0.3169,31.69,0.3881,0.5,15.03,3.86,3.82,0.0079,2.0,533.6,0.0002,0.0003,0.2334,0.2216,4,94.71,97.55,138.76,6,0.0239,176.0,4,0.0101
live_ep_000047_NONE,NONE,inventory-service,python-simulator,51.5,1785988220.91637,20,0.9196,0.0804,closed,0.3481,34.81,0.4971,14.68,16.24,2.87,5.04,0.0055,14.84,528.2,0.0295,0.0075,0.2695,0.2575,3,95.24,105.44,109.86,17,0.0575,185.43,0,0.0056
live_ep_000047_NONE,NONE,inventory-service,python-simulator,52.0,1785988221.4167206,43,0.99,0.01,closed,0.3273,32.73,0.4219,7.01,20.26,5.93,9.27,0.0202,10.23,505.4,0.0102,0.0,0.1686,0.2855,1,104.39,102.18,92.69,9,0.1,167.12,12,0.0021
live_ep_000047_NONE,NONE,inventory-service,python-simulator,52.5,1785988221.9172728,115,0.99,0.01,closed,0.3623,36.23,0.2859,0.54,20.27,6.01,5.95,0.0103,39.51,537.3,0.0027,0.0017,0.276,0.2994,2,78.78,88.33,122.46,7,0.0647,176.53,6,0.0251
live_ep_000047_NONE,NONE,inventory-service,python-simulator,53.0,1785988222.4178333,24,0.9799,0.0201,closed,0.4162,41.62,0.2387,10.36,27.19,3.22,7.08,0.0085,20.5,496.8,0.0034,0.0045,0.3265,0.3102,3,89.55,112.77,130.01,15,0.0825,233.97,7,0.0047
live_ep_000047_NONE,NONE,inventory-service,python-simulator,53.5,1785988222.9181345,49,0.9002,0.0998,closed,0.2761,27.61,0.3903,0.5,10.64,6.32,8.01,0.0094,8.92,460.0,0.0093,0.0003,0.1757,0.1939,2,84.69,107.09,115.5,1,0.0315,181.36,10,0.0028
live_ep_000047_NONE,NONE,inventory-service,python-simulator,54.0,1785988223.4184196,56,0.9864,0.0136,closed,0.3159,31.59,0.3689,1.76,25.25,5.14,4.73,0.0093,2.0,482.8,0.0039,0.0008,0.273,0.2222,2,80.13,103.69,114.45,7,0.0489,203.47,2,0.0041
live_ep_000047_NONE,NONE,inventory-service,python-simulator,54.5,1785988223.9189034,55,0.8856,0.1144,closed,0.3691,36.91,0.3847,0.53,19.66,2.44,4.52,0.005,8.92,531.7,0.0017,0.0018,0.2151,0.2452,1,89.35,97.41,113.75,4,0.0547,234.38,13,0.0047
live_ep_000047_NONE,NONE,inventory-service,python-simulator,55.0,1785988224.4191866,105,0.99,0.01,closed,0.3066,30.66,0.3764,2.22,16.26,6.96,5.74,0.0059,10.76,533.4,0.0006,0.0006,0.3048,0.2422,2,99.8,102.0,118.49,5,0.0511,215.91,2,0.0139
live_ep_000047_NONE,NONE,inventory-service,python-simulator,55.5,1785988224.919477,54,0.923,0.077,closed,0.4633,46.33,0.2954,9.95,30.02,4.64,9.73,0.0052,12.46,528.2,0.0085,0.0016,0.2685,0.2957,4,88.18,112.96,118.33,4,0.1,239.11,11,0.009
live_ep_000047_NONE,NONE,inventory-service,python-simulator,56.0,1785988225.419947,96,0.88,0.12,closed,0.3846,38.46,0.3204,2.08,25.61,2.66,11.12,0.0107,44.2,492.3,0.0098,0.0012,0.1596,0.2449,2,100.71,112.06,146.47,0,0.0176,214.05,14,0.0007
live_ep_000047_NONE,NONE,inventory-service,python-simulator,56.5,1785988225.9201705,23,0.99,0.01,closed,0.302,30.2,0.4232,10.76,16.03,3.51,3.89,0.0109,15.44,481.8,0.0348,0.0008,0.3036,0.277,4,90.8,102.82,111.24,0,0.0504,189.23,4,0.0034
live_ep_000047_NONE,NONE,inventory-service,python-simulator,57.0,1785988226.4203823,55,0.9691,0.0309,closed,0.3288,32.88,0.3381,0.54,13.0,4.4,7.91,0.0173,6.02,525.2,0.0036,0.0004,0.2874,0.234,4,91.81,87.74,84.5,14,0.0052,187.34,10,0.0042
live_ep_000047_NONE,NONE,inventory-service,python-simulator,57.5,1785988226.9208415,64,0.9878,0.0122,closed,0.3735,37.35,0.3711,1.89,28.32,4.14,10.03,0.0137,27.31,530.1,0.0029,0.002,0.2378,0.2167,0,97.87,112.55,120.57,19,0.0254,185.31,12,0.002
live_ep_000047_NONE,NONE,inventory-service,python-simulator,58.0,1785988227.4211352,31,0.99,0.01,closed,0.4127,41.27,0.2535,7.25,19.9,2.94,6.0,0.0238,26.91,505.8,0.007,0.0024,0.229,0.2223,0,93.66,93.02,85.45,17,0.0016,244.84,10,0.0058
live_ep_000047_NONE,NONE,inventory-service,python-simulator,58.5,1785988227.9219706,27,0.9343,0.0657,closed,0.3384,33.84,0.4365,6.42,11.0,4.25,8.02,0.0282,11.69,469.0,0.0074,0.0013,0.1763,0.2258,2,79.26,112.01,148.79,19,0.0483,164.98,1,0.0079
live_ep_000047_NONE,NONE,inventory-service,python-simulator,59.0,1785988228.4224038,93,0.99,0.01,closed,0.3518,35.18,0.3659,0.76,12.16,2.99,3.73,0.0194,7.97,487.4,0.0009,0.0001,0.2472,0.1857,2,106.09,113.33,120.41,0,0.0786,222.79,14,0.0006
live_ep_000047_NONE,NONE,inventory-service,python-simulator,59.5,1785988228.9226892,80,0.88,0.12,closed,0.264,26.4,0.3926,7.44,11.66,5.08,6.92,0.0089,2.09,490.0,0.0003,0.0005,0.152,0.2146,3,85.48,126.1,141.19,18,0.0391,186.26,2,0.0006
live_ep_000048_NONE,NONE,payment-service,python-simulator,0.0,1785988229.4261677,66,0.9013,0.0987,closed,0.3826,38.26,0.2944,0.78,17.87,3.52,6.11,0.0153,21.35,516.9,0.0046,0.0004,0.1899,0.2398,4,88.74,91.07,101.97,2,0.0982,196.29,7,0.0017
live_ep_000048_NONE,NONE,payment-service,python-simulator,0.5,1785988229.9266903,40,0.9372,0.0628,closed,0.3127,31.27,0.2094,1.71,23.52,5.04,7.95,0.0063,4.39,514.3,0.0091,0.0098,0.2695,0.263,0,92.4,112.07,135.86,9,0.0373,232.27,12,0.0097
live_ep_000048_NONE,NONE,payment-service,python-simulator,1.0,1785988230.4271386,99,0.9861,0.0139,closed,0.3433,34.33,0.2809,4.92,15.34,2.55,4.01,0.0136,5.09,486.4,0.0052,0.0027,0.1941,0.2492,4,62.8,81.25,132.88,0,0.0622,190.61,2,0.0125
live_ep_000048_NONE,NONE,payment-service,python-simulator,1.5,1785988230.9276025,86,0.99,0.01,closed,0.3794,37.94,0.3124,9.64,9.99,5.64,7.3,0.014,13.02,537.0,0.0008,0.0022,0.2434,0.2597,1,85.3,93.62,104.92,15,0.0774,203.33,0,0.0048
live_ep_000048_NONE,NONE,payment-service,python-simulator,2.0,1785988231.4279587,40,0.9749,0.0251,closed,0.375,37.5,0.4497,0.53,19.03,1.61,3.42,0.0041,5.0,462.2,0.0014,0.0008,0.2853,0.2157,2,87.85,110.85,115.05,5,0.0574,207.14,12,0.0076
live_ep_000048_NONE,NONE,payment-service,python-simulator,2.5,1785988231.9280891,33,0.9276,0.0724,closed,0.3932,39.32,0.3049,6.31,21.87,6.01,5.05,0.0166,18.8,496.9,0.0003,0.0011,0.2571,0.1962,1,86.99,100.89,106.55,9,0.0083,191.7,11,0.0031
live_ep_000048_NONE,NONE,payment-service,python-simulator,3.0,1785988232.428218,115,0.99,0.01,closed,0.2308,23.08,0.2317,9.85,25.15,6.31,3.7,0.0037,25.92,523.5,0.0053,0.0001,0.2068,0.3388,0,92.05,98.05,112.94,15,0.0588,177.62,12,0.0029
live_ep_000048_NONE,NONE,payment-service,python-simulator,3.5,1785988232.9287493,83,0.88,0.12,closed,0.39,39.0,0.4523,4.87,24.75,5.48,6.49,0.0033,5.0,486.5,0.001,0.0006,0.3488,0.2434,2,98.54,105.97,111.02,11,0.0675,145.9,10,0.0045
live_ep_000048_NONE,NONE,payment-service,python-simulator,4.0,1785988233.4291549,26,0.9136,0.0864,closed,0.3429,34.29,0.5502,3.23,14.71,2.03,7.12,0.0113,12.14,513.8,0.0006,0.0012,0.3205,0.2364,0,96.45,130.09,138.69,18,0.1,183.8,14,0.0007
live_ep_000048_NONE,NONE,payment-service,python-simulator,4.5,1785988233.929464,93,0.99,0.01,closed,0.2932,29.32,0.3569,12.36,24.8,1.72,7.2,0.0035,28.62,509.0,0.0001,0.0008,0.1455,0.2012,3,79.67,101.52,120.3,19,0.0305,169.78,3,0.0033
live_ep_000048_NONE,NONE,payment-service,python-simulator,5.0,1785988234.4297786,75,0.9236,0.0764,closed,0.4117,41.17,0.4409,1.9,20.16,3.31,4.33,0.0181,5.47,517.1,0.0066,0.003,0.2599,0.2542,0,82.27,119.37,148.81,18,0.0538,201.76,10,0.0
live_ep_000048_NONE,NONE,payment-service,python-simulator,5.5,1785988234.9299622,101,0.9243,0.0757,closed,0.2734,27.34,0.4051,6.19,22.0,6.38,4.76,0.0206,38.55,503.5,0.0052,0.0064,0.2914,0.2797,4,91.01,91.83,93.15,17,0.018,214.52,5,0.0026
live_ep_000048_NONE,NONE,payment-service,python-simulator,6.0,1785988235.4301658,101,0.9217,0.0783,closed,0.3393,33.93,0.4018,5.34,15.13,5.56,11.16,0.0128,13.21,492.3,0.0012,0.003,0.2579,0.2669,0,106.47,105.22,104.71,11,0.0154,173.43,2,0.0008
live_ep_000048_NONE,NONE,payment-service,python-simulator,6.5,1785988235.934106,33,0.88,0.12,closed,0.3176,31.76,0.3388,2.73,16.18,5.86,9.54,0.0079,10.63,505.0,0.0074,0.0019,0.3057,0.2516,1,88.25,99.7,121.17,12,0.0157,220.13,11,0.0093
live_ep_000048_NONE,NONE,payment-service,python-simulator,7.0,1785988236.4347162,48,0.9819,0.0181,closed,0.3531,35.31,0.3649,1.55,33.64,2.33,3.91,0.0092,34.11,512.5,0.002,0.0012,0.2038,0.2375,4,101.79,120.09,140.89,17,0.0134,224.41,6,0.0248
live_ep_000048_NONE,NONE,payment-service,python-simulator,7.5,1785988236.9350994,114,0.9298,0.0702,closed,0.2707,27.07,0.3309,4.24,16.58,4.34,4.47,0.0483,2.0,543.6,0.0006,0.0021,0.2098,0.3174,1,89.42,100.59,111.54,11,0.042,221.09,3,0.0031
live_ep_000048_NONE,NONE,payment-service,python-simulator,8.0,1785988237.4353564,71,0.8976,0.1024,closed,0.3215,32.15,0.3178,11.86,23.1,3.85,8.69,0.0159,8.58,519.3,0.0068,0.0006,0.2921,0.2622,3,81.23,114.62,117.26,2,0.0166,193.95,6,0.0006
live_ep_000048_NONE,NONE,payment-service,python-simulator,8.5,1785988237.935524,73,0.9527,0.0473,closed,0.2239,22.39,0.2728,2.87,19.75,2.01,10.24,0.015,36.38,571.3,0.0096,0.0013,0.2028,0.2553,0,88.51,105.79,107.46,3,0.0107,232.39,13,0.0167
live_ep_000048_NONE,NONE,payment-service,python-simulator,9.0,1785988238.4359045,35,0.99,0.01,closed,0.3297,32.97,0.2959,6.34,12.26,4.3,8.64,0.0018,4.97,515.8,0.0009,0.0005,0.1967,0.2321,1,94.98,95.52,107.14,15,0.0699,197.0,4,0.0078
live_ep_000048_NONE,NONE,payment-service,python-simulator,9.5,1785988238.936318,93,0.9044,0.0956,closed,0.4119,41.19,0.3358,0.58,11.15,2.34,5.83,0.0173,18.72,532.5,0.0018,0.0012,0.3124,0.246,2,88.57,108.91,118.46,9,0.066,192.57,13,0.0006
live_ep_000048_NONE,NONE,payment-service,python-simulator,10.0,1785988239.436686,113,0.88,0.12,closed,0.3191,31.91,0.2732,0.5,19.4,4.34,5.88,0.0066,7.2,538.4,0.0008,0.0031,0.2778,0.2591,1,103.29,103.69,108.17,9,0.0179,196.15,2,0.006
live_ep_000048_NONE,NONE,payment-service,python-simulator,10.5,1785988239.9372196,34,0.93,0.07,closed,0.4243,42.43,0.3507,8.0,19.42,7.01,3.98,0.0138,4.31,519.6,0.0024,0.0012,0.3353,0.199,2,88.63,89.83,102.1,14,0.0315,196.4,6,0.0111
live_ep_000048_NONE,NONE,payment-service,python-simulator,11.0,1785988240.4377925,94,0.99,0.01,closed,0.4073,40.73,0.3011,4.93,19.86,5.18,4.23,0.0062,44.84,510.4,0.0015,0.0002,0.28,0.1724,1,92.56,128.98,130.66,3,0.0564,201.76,14,0.0053
live_ep_000048_NONE,NONE,payment-service,python-simulator,11.5,1785988240.938144,99,0.99,0.01,closed,0.3323,33.23,0.3885,3.56,20.5,1.97,4.75,0.0045,29.48,519.3,0.0051,0.001,0.2765,0.2803,0,96.38,99.44,107.32,18,0.0747,232.01,6,0.0123
live_ep_000048_NONE,NONE,payment-service,python-simulator,12.0,1785988241.4385746,86,0.88,0.12,closed,0.3698,36.98,0.3179,3.4,15.7,5.99,7.26,0.005,4.36,492.9,0.008,0.0004,0.3164,0.2229,3,100.57,113.39,127.25,8,0.0183,198.53,14,0.0161
live_ep_000048_NONE,NONE,payment-service,python-simulator,12.5,1785988241.9391665,77,0.9878,0.0122,closed,0.3745,37.45,0.3569,4.73,22.87,5.43,4.93,0.0289,33.81,500.9,0.0009,0.0024,0.1993,0.281,4,90.13,109.09,129.84,9,0.0458,170.54,14,0.0065
live_ep_000048_NONE,NONE,payment-service,python-simulator,13.0,1785988242.4396288,79,0.9387,0.0613,closed,0.3223,32.23,0.3197,1.87,22.43,4.05,10.87,0.0008,9.3,494.1,0.0106,0.0026,0.2441,0.2926,2,100.4,109.48,146.62,13,0.0769,191.93,5,0.0039
live_ep_000048_NONE,NONE,payment-service,python-simulator,13.5,1785988242.940269,57,0.952,0.048,closed,0.3477,34.77,0.3443,5.67,18.77,7.25,3.65,0.0131,26.56,473.1,0.0032,0.0023,0.2732,0.2083,3,94.34,119.79,124.57,13,0.1,229.03,7,0.0034
live_ep_000048_NONE,NONE,payment-service,python-simulator,14.0,1785988243.4412818,74,0.99,0.01,closed,0.3091,30.91,0.3148,4.9,20.41,3.98,6.24,0.005,60.0,504.7,0.0038,0.0006,0.2786,0.2466,3,98.93,120.44,121.64,4,0.1,191.97,11,0.0026
live_ep_000048_NONE,NONE,payment-service,python-simulator,14.5,1785988243.9414802,53,0.943,0.057,closed,0.3547,35.47,0.3835,3.31,13.56,3.61,7.9,0.0039,13.17,495.5,0.0017,0.0011,0.1906,0.2209,3,84.29,104.33,114.98,19,0.0102,183.36,0,0.0102
live_ep_000048_NONE,NONE,payment-service,python-simulator,15.0,1785988244.4456182,43,0.9006,0.0994,closed,0.3607,36.07,0.3284,4.54,12.51,8.26,4.53,0.0105,2.0,529.9,0.0,0.0007,0.2671,0.2818,4,95.74,115.52,124.36,2,0.0045,172.86,12,0.0045
live_ep_000048_NONE,NONE,payment-service,python-simulator,15.5,1785988244.9460526,35,0.99,0.01,closed,0.3442,34.42,0.3545,0.5,19.02,4.15,6.9,0.0043,25.65,545.1,0.0067,0.0011,0.2784,0.3301,3,95.22,99.9,99.96,18,0.0231,180.39,6,0.0043
live_ep_000048_NONE,NONE,payment-service,python-simulator,16.0,1785988245.4462802,32,0.99,0.01,closed,0.3397,33.97,0.3908,3.17,20.16,3.97,8.11,0.016,8.01,518.4,0.0037,0.0008,0.2628,0.271,4,84.24,111.82,114.43,13,0.0058,181.54,2,0.0023
live_ep_000048_NONE,NONE,payment-service,python-simulator,16.5,1785988245.9466882,26,0.9819,0.0181,closed,0.3785,37.85,0.3087,6.54,19.0,3.74,5.82,0.0088,3.51,479.8,0.0025,0.0032,0.2616,0.2578,1,87.08,106.64,117.66,8,0.0318,203.07,6,0.0018
live_ep_000048_NONE,NONE,payment-service,python-simulator,17.0,1785988246.447186,59,0.9133,0.0867,closed,0.3899,38.99,0.2973,0.66,17.84,4.69,4.7,0.0192,12.13,511.8,0.0066,0.0008,0.3044,0.2922,3,98.31,96.36,90.92,0,0.0054,170.98,6,0.0028
live_ep_000048_NONE,NONE,payment-service,python-simulator,17.5,1785988246.9476633,103,0.88,0.12,closed,0.478,47.8,0.4478,1.55,21.17,7.99,5.33,0.014,8.49,537.5,0.0032,0.0098,0.2345,0.2756,2,87.85,99.33,109.22,1,0.0361,225.12,12,0.0005
live_ep_000048_NONE,NONE,payment-service,python-simulator,18.0,1785988247.4482272,71,0.9842,0.0158,closed,0.3429,34.29,0.2416,7.94,25.46,5.44,9.3,0.0093,4.7,518.6,0.0082,0.0007,0.2431,0.3023,2,90.99,91.62,126.46,2,0.0038,242.23,2,0.0009
live_ep_000048_NONE,NONE,payment-service,python-simulator,18.5,1785988247.9487119,75,0.984,0.016,closed,0.3433,34.33,0.321,5.22,14.25,2.7,19.4,0.0084,27.81,542.0,0.0043,0.0001,0.1909,0.2908,3,95.48,99.53,102.63,6,0.0938,215.02,5,0.0007
live_ep_000048_NONE,NONE,payment-service,python-simulator,19.0,1785988248.4490926,44,0.94,0.06,closed,0.3293,32.93,0.2767,1.38,18.67,7.02,6.7,0.0134,41.98,538.6,0.008,0.0015,0.2446,0.2246,1,80.87,120.23,137.87,19,0.0012,220.8,10,0.0061
live_ep_000048_NONE,NONE,payment-service,python-simulator,19.5,1785988248.9492314,25,0.9443,0.0557,closed,0.3272,32.72,0.2219,21.22,11.54,2.54,3.53,0.0058,17.58,561.5,0.0028,0.0009,0.2017,0.2774,2,97.97,99.32,99.83,1,0.0568,210.08,14,0.0016
live_ep_000048_NONE,NONE,payment-service,python-simulator,20.0,1785988249.449321,94,0.9783,0.0217,closed,0.3876,38.76,0.2498,4.63,20.97,6.07,8.52,0.0046,5.66,515.0,0.0041,0.0009,0.2189,0.2626,2,91.21,98.54,106.2,10,0.0318,227.39,2,0.0006
live_ep_000048_NONE,NONE,payment-service,python-simulator,20.5,1785988249.949455,28,0.9826,0.0174,closed,0.219,21.9,0.4455,13.11,16.71,4.17,4.97,0.0122,35.28,480.4,0.0014,0.0036,0.3617,0.2213,1,75.08,115.76,122.71,12,0.0191,189.79,2,0.0031
live_ep_000048_NONE,NONE,payment-service,python-simulator,21.0,1785988250.4495637,37,0.88,0.12,closed,0.2601,26.01,0.2666,0.5,27.87,5.13,3.69,0.0039,5.4,516.3,0.0055,0.0005,0.4015,0.229,1,95.73,99.16,110.52,0,0.0125,208.2,2,0.0064
live_ep_000048_NONE,NONE,payment-service,python-simulator,21.5,1785988250.9497933,81,0.9438,0.0562,closed,0.309,30.9,0.3955,1.85,23.2,4.7,14.5,0.0079,6.58,520.2,0.0046,0.0008,0.2091,0.2841,2,87.63,106.68,110.73,15,0.0626,214.58,4,0.0053
live_ep_000048_NONE,NONE,payment-service,python-simulator,22.0,1785988251.4502711,82,0.9656,0.0344,closed,0.2797,27.97,0.2399,13.44,16.45,5.06,3.8,0.0118,60.0,526.1,0.0069,0.0012,0.1736,0.3118,0,92.8,96.54,131.42,14,0.0136,204.56,12,0.0035
live_ep_000048_NONE,NONE,payment-service,python-simulator,22.5,1785988251.9505546,60,0.977,0.023,closed,0.3648,36.48,0.3889,2.62,20.97,4.77,4.89,0.0069,20.9,518.6,0.0024,0.0007,0.3024,0.2162,4,82.46,95.2,103.72,7,0.0087,194.8,6,0.0059
live_ep_000048_NONE,NONE,payment-service,python-simulator,23.0,1785988252.451329,62,0.9823,0.0177,closed,0.2616,26.16,0.4625,0.86,24.75,2.58,9.66,0.0214,3.44,496.4,0.0001,0.0002,0.2684,0.2419,4,81.47,111.05,124.28,7,0.0419,176.27,13,0.0069
live_ep_000048_NONE,NONE,payment-service,python-simulator,23.5,1785988252.952565,48,0.9759,0.0241,closed,0.319,31.9,0.321,9.69,16.96,2.19,11.86,0.0085,12.21,524.6,0.0115,0.0004,0.1368,0.2276,0,84.13,87.69,120.97,14,0.0135,238.48,4,0.0031
live_ep_000048_NONE,NONE,payment-service,python-simulator,24.0,1785988253.453126,90,0.9659,0.0341,closed,0.4181,41.81,0.2455,11.21,21.33,5.79,4.85,0.0137,5.24,520.8,0.0024,0.0007,0.1151,0.2487,0,105.35,106.24,107.93,10,0.0023,196.1,0,0.0181
live_ep_000048_NONE,NONE,payment-service,python-simulator,24.5,1785988253.9534347,64,0.88,0.12,closed,0.4435,44.35,0.2904,10.21,23.49,3.73,5.54,0.0017,44.36,531.3,0.0005,0.0016,0.3086,0.252,0,94.85,105.18,128.67,15,0.0437,175.12,9,0.0077
live_ep_000048_NONE,NONE,payment-service,python-simulator,25.0,1785988254.453602,53,0.99,0.01,closed,0.2922,29.22,0.3337,3.52,22.14,2.46,8.06,0.006,23.66,505.4,0.0016,0.0,0.2594,0.2081,3,91.75,111.88,132.44,14,0.0472,178.16,13,0.0013
live_ep_000048_NONE,NONE,payment-service,python-simulator,25.5,1785988254.9537408,73,0.99,0.01,closed,0.3637,36.37,0.3481,9.3,13.62,4.19,7.3,0.0144,21.39,510.0,0.0045,0.0033,0.2807,0.2011,3,87.07,88.67,100.69,8,0.0323,205.02,14,0.0006
live_ep_000048_NONE,NONE,payment-service,python-simulator,26.0,1785988255.4565697,72,0.99,0.01,closed,0.3086,30.86,0.4111,6.73,17.0,5.41,5.73,0.009,10.75,505.8,0.0015,0.0002,0.2484,0.3216,2,70.83,95.02,107.75,17,0.0117,218.03,10,0.0037
live_ep_000048_NONE,NONE,payment-service,python-simulator,26.5,1785988255.957014,64,0.9803,0.0197,closed,0.343,34.3,0.2562,4.3,22.16,5.52,2.36,0.0071,8.91,501.5,0.0041,0.0005,0.1741,0.2053,4,106.81,109.82,138.33,13,0.0676,194.49,0,0.0139
live_ep_000048_NONE,NONE,payment-service,python-simulator,27.0,1785988256.4571006,81,0.9173,0.0827,closed,0.375,37.5,0.3714,4.1,28.59,3.6,4.34,0.0088,2.11,528.4,0.0004,0.0025,0.2486,0.2664,3,89.75,113.76,137.89,19,0.0562,176.25,13,0.0026
live_ep_000048_NONE,NONE,payment-service,python-simulator,27.5,1785988256.9574287,109,0.886,0.114,closed,0.3488,34.88,0.2543,0.96,25.02,5.26,10.85,0.0024,9.52,494.0,0.0065,0.0028,0.1985,0.209,4,96.4,143.96,145.57,7,0.0325,227.7,4,0.0131
live_ep_000048_NONE,NONE,payment-service,python-simulator,28.0,1785988257.457676,63,0.9597,0.0403,closed,0.4159,41.59,0.3084,9.43,15.24,7.01,3.87,0.0036,4.73,512.0,0.0022,0.0017,0.2363,0.2296,0,87.23,88.89,91.38,19,0.0187,201.24,8,0.0037
live_ep_000048_NONE,NONE,payment-service,python-simulator,28.5,1785988257.957869,96,0.9285,0.0715,closed,0.3717,37.17,0.3346,0.9,24.53,2.07,8.09,0.0043,9.62,475.5,0.0011,0.0005,0.176,0.2101,4,72.98,98.33,123.67,11,0.0117,200.12,5,0.0085
live_ep_000048_NONE,NONE,payment-service,python-simulator,29.0,1785988258.4581707,51,0.9592,0.0408,closed,0.3716,37.16,0.3905,1.31,15.2,3.04,9.98,0.0193,10.52,532.1,0.0035,0.0035,0.3597,0.2324,4,77.91,120.91,122.84,1,0.0225,229.12,2,0.0135
live_ep_000048_NONE,NONE,payment-service,python-simulator,29.5,1785988258.9586134,90,0.9877,0.0123,closed,0.312,31.2,0.3863,20.58,19.45,3.2,2.08,0.0038,33.32,522.4,0.0005,0.004,0.2648,0.2965,3,84.88,143.31,144.27,19,0.047,204.05,9,0.0027
live_ep_000048_NONE,NONE,payment-service,python-simulator,30.0,1785988259.4591064,22,0.99,0.01,closed,0.4038,40.38,0.3328,0.5,15.22,9.94,6.87,0.0106,20.75,514.7,0.0024,0.0047,0.1745,0.2603,1,97.1,125.7,126.71,6,0.012,210.26,11,0.0086
live_ep_000048_NONE,NONE,payment-service,python-simulator,30.5,1785988259.9595509,63,0.9366,0.0634,closed,0.3284,32.84,0.3252,16.21,19.26,4.69,7.58,0.0246,19.59,476.2,0.0079,0.007,0.362,0.2858,2,107.67,113.87,115.48,11,0.0063,195.3,6,0.0007
live_ep_000048_NONE,NONE,payment-service,python-simulator,31.0,1785988260.4599128,22,0.9493,0.0507,closed,0.3265,32.65,0.3953,4.34,24.74,5.47,14.19,0.0089,18.75,478.8,0.0018,0.0011,0.333,0.2712,3,96.52,107.47,108.01,1,0.0264,181.63,14,0.004
live_ep_000048_NONE,NONE,payment-service,python-simulator,31.5,1785988260.9603426,102,0.99,0.01,closed,0.3237,32.37,0.1897,0.62,13.24,5.73,2.49,0.0118,8.53,535.4,0.0001,0.0041,0.4231,0.2405,3,98.38,133.94,138.22,10,0.0299,209.66,0,0.0001
live_ep_000048_NONE,NONE,payment-service,python-simulator,32.0,1785988261.4608347,37,0.9616,0.0384,closed,0.3409,34.09,0.4226,0.5,29.5,2.7,3.41,0.0042,6.92,509.1,0.0008,0.0006,0.296,0.2613,1,90.32,117.83,130.25,17,0.0098,183.86,1,0.0018
live_ep_000048_NONE,NONE,payment-service,python-simulator,32.5,1785988261.9611223,53,0.88,0.12,closed,0.3256,32.56,0.3631,4.2,20.53,5.76,5.67,0.0139,2.0,526.5,0.0018,0.002,0.4152,0.2782,4,79.57,81.84,99.52,0,0.0692,230.41,12,0.0069
live_ep_000048_NONE,NONE,payment-service,python-simulator,33.0,1785988262.4614446,50,0.989,0.011,closed,0.3172,31.72,0.336,9.65,25.15,4.55,3.93,0.0186,11.4,518.4,0.0031,0.0035,0.1921,0.2036,1,80.15,104.81,141.54,9,0.0074,224.75,12,0.003
live_ep_000048_NONE,NONE,payment-service,python-simulator,33.5,1785988262.9617617,118,0.9319,0.0681,closed,0.3206,32.06,0.2616,2.07,23.13,6.27,3.53,0.0022,16.48,503.4,0.0062,0.0025,0.2935,0.2328,4,85.4,90.41,121.11,18,0.0448,159.86,6,0.0084
live_ep_000048_NONE,NONE,payment-service,python-simulator,34.0,1785988263.4623299,57,0.9853,0.0147,closed,0.2576,25.76,0.2973,12.02,23.64,2.63,6.12,0.0025,60.0,521.1,0.0108,0.0027,0.2277,0.2609,3,95.61,124.12,128.17,7,0.0347,167.19,5,0.0078
live_ep_000048_NONE,NONE,payment-service,python-simulator,34.5,1785988263.9627786,70,0.9476,0.0524,closed,0.3955,39.55,0.2563,8.48,15.53,4.26,4.11,0.0021,7.96,519.9,0.002,0.0023,0.3076,0.2534,3,81.03,131.5,135.66,5,0.0148,187.96,3,0.0006
live_ep_000048_NONE,NONE,payment-service,python-simulator,35.0,1785988264.4630065,81,0.99,0.01,closed,0.3793,37.93,0.2661,8.66,20.8,7.64,5.44,0.0053,4.51,519.6,0.0004,0.0028,0.1189,0.2503,4,96.99,110.59,119.37,9,0.0611,232.42,4,0.0003
live_ep_000048_NONE,NONE,payment-service,python-simulator,35.5,1785988264.9632287,66,0.92,0.08,closed,0.4462,44.62,0.437,3.57,25.78,5.47,4.52,0.0106,2.21,506.1,0.0044,0.0006,0.2366,0.2499,2,102.84,129.4,130.76,11,0.1,197.34,12,0.0063
live_ep_000048_NONE,NONE,payment-service,python-simulator,36.0,1785988265.46374,66,0.9778,0.0222,closed,0.3487,34.87,0.2717,2.38,24.08,7.77,4.23,0.0109,2.0,523.6,0.0002,0.0024,0.2606,0.2462,3,85.07,100.99,109.71,15,0.0187,236.13,11,0.0086
live_ep_000048_NONE,NONE,payment-service,python-simulator,36.5,1785988265.9640322,70,0.9576,0.0424,closed,0.3134,31.34,0.331,3.82,24.24,4.17,6.25,0.0034,16.29,498.3,0.0037,0.0049,0.2544,0.1687,4,96.99,104.93,130.1,2,0.0457,202.66,10,0.0069
live_ep_000048_NONE,NONE,payment-service,python-simulator,37.0,1785988266.4643736,24,0.9855,0.0145,closed,0.3602,36.02,0.3895,2.56,10.98,4.21,7.87,0.0118,5.69,530.0,0.0024,0.002,0.2165,0.293,0,89.07,110.68,127.01,14,0.0296,172.91,1,0.0108
live_ep_000048_NONE,NONE,payment-service,python-simulator,37.5,1785988266.964782,46,0.9476,0.0524,closed,0.3501,35.01,0.321,3.75,18.42,5.79,6.19,0.0005,2.0,489.0,0.0003,0.0008,0.2481,0.2747,2,98.73,99.75,103.1,5,0.0103,201.88,14,0.0052
live_ep_000048_NONE,NONE,payment-service,python-simulator,38.0,1785988267.4648519,80,0.9314,0.0686,closed,0.3439,34.39,0.3502,7.57,13.43,3.71,4.95,0.0059,44.45,487.8,0.0002,0.0006,0.1874,0.2753,4,83.6,122.48,127.7,8,0.0055,201.62,12,0.0004
live_ep_000048_NONE,NONE,payment-service,python-simulator,38.5,1785988267.9653702,66,0.9393,0.0607,closed,0.2825,28.25,0.2874,6.32,12.9,5.33,4.78,0.0052,6.37,496.7,0.0037,0.0006,0.2754,0.2392,1,85.89,92.77,123.17,19,0.0245,212.28,12,0.0015
live_ep_000048_NONE,NONE,payment-service,python-simulator,39.0,1785988268.4662738,117,0.99,0.01,closed,0.2875,28.75,0.4165,1.31,19.09,7.11,3.75,0.0053,41.95,524.6,0.0025,0.0004,0.1919,0.2406,1,84.95,96.29,96.66,19,0.0602,180.95,0,0.0137
live_ep_000048_NONE,NONE,payment-service,python-simulator,39.5,1785988268.9665177,99,0.9831,0.0169,closed,0.3694,36.94,0.357,1.04,28.59,5.68,4.76,0.0068,19.01,499.0,0.0044,0.0025,0.2751,0.1999,0,88.25,101.09,119.66,16,0.0373,211.14,3,0.0001
live_ep_000048_NONE,NONE,payment-service,python-simulator,40.0,1785988269.466905,100,0.99,0.01,closed,0.3797,37.97,0.3997,4.49,24.48,4.7,4.06,0.0083,49.26,528.6,0.0033,0.0007,0.3019,0.2295,0,94.5,101.39,107.83,9,0.1,218.6,4,0.0021
live_ep_000048_NONE,NONE,payment-service,python-simulator,40.5,1785988269.9670904,69,0.9389,0.0611,closed,0.3282,32.82,0.3805,1.38,16.77,4.66,9.15,0.01,8.45,554.6,0.0006,0.0014,0.2087,0.2587,2,78.01,103.72,120.89,3,0.0153,209.04,7,0.0007
live_ep_000048_NONE,NONE,payment-service,python-simulator,41.0,1785988270.4679005,93,0.88,0.12,closed,0.3919,39.19,0.4161,0.69,30.43,3.94,3.86,0.0082,16.04,536.6,0.008,0.0021,0.3425,0.2455,2,96.01,132.35,140.85,18,0.0128,217.31,10,0.0012
live_ep_000048_NONE,NONE,payment-service,python-simulator,41.5,1785988270.9700572,77,0.9835,0.0165,closed,0.2639,26.39,0.3703,5.52,10.93,5.37,8.08,0.0081,2.0,479.9,0.0077,0.0002,0.2707,0.2274,3,76.06,102.38,113.49,14,0.0541,200.19,12,0.005
live_ep_000048_NONE,NONE,payment-service,python-simulator,42.0,1785988271.470289,44,0.9713,0.0287,closed,0.3508,35.08,0.4805,1.5,13.34,2.58,3.9,0.0068,58.66,537.2,0.0072,0.0006,0.2665,0.2876,3,97.01,108.09,113.43,8,0.0111,233.69,4,0.0036
live_ep_000048_NONE,NONE,payment-service,python-simulator,42.5,1785988271.9706156,41,0.88,0.12,closed,0.3901,39.01,0.3088,1.51,18.4,7.04,4.13,0.0048,59.76,501.3,0.0028,0.0032,0.2295,0.2201,0,88.08,93.97,127.77,17,0.0114,229.51,9,0.0014
live_ep_000048_NONE,NONE,payment-service,python-simulator,43.0,1785988272.4724224,50,0.9211,0.0789,closed,0.4365,43.65,0.3862,2.15,24.63,2.72,8.26,0.0077,26.75,538.7,0.0014,0.0005,0.2735,0.3004,3,96.18,97.27,122.42,13,0.0342,198.63,6,0.0021
live_ep_000048_NONE,NONE,payment-service,python-simulator,43.5,1785988272.9726133,58,0.9746,0.0254,closed,0.3633,36.33,0.4049,3.54,23.27,8.65,9.41,0.0075,16.7,502.1,0.0009,0.0004,0.2754,0.2694,0,95.9,113.59,118.86,10,0.018,213.31,10,0.0015
live_ep_000048_NONE,NONE,payment-service,python-simulator,44.0,1785988273.4729557,110,0.9891,0.0109,closed,0.3739,37.39,0.4049,10.09,13.14,6.25,7.0,0.0036,18.95,496.6,0.0017,0.0019,0.3046,0.2786,1,91.04,92.21,101.45,2,0.0057,231.32,8,0.0019
live_ep_000048_NONE,NONE,payment-service,python-simulator,44.5,1785988273.9732754,118,0.9878,0.0122,closed,0.4184,41.84,0.2801,4.05,24.47,5.0,6.29,0.0161,19.4,511.9,0.0009,0.002,0.2938,0.2298,1,81.7,124.15,137.67,12,0.1,193.94,5,0.0168
live_ep_000048_NONE,NONE,payment-service,python-simulator,45.0,1785988274.4736161,92,0.9537,0.0463,closed,0.2971,29.71,0.5007,4.56,26.5,9.45,9.14,0.0142,2.0,505.1,0.0071,0.0083,0.2737,0.2662,4,88.08,106.14,115.06,4,0.0049,174.19,10,0.0104
live_ep_000048_NONE,NONE,payment-service,python-simulator,45.5,1785988274.9760754,109,0.99,0.01,closed,0.3214,32.14,0.3686,5.54,17.41,3.54,5.39,0.013,10.05,522.8,0.0061,0.0009,0.1906,0.2381,2,86.4,120.08,133.61,7,0.0033,188.52,4,0.0068
live_ep_000048_NONE,NONE,payment-service,python-simulator,46.0,1785988275.4762564,28,0.984,0.016,closed,0.3829,38.29,0.3259,3.06,28.29,4.97,7.39,0.0028,2.0,503.1,0.0041,0.0003,0.1692,0.2524,0,83.86,116.97,128.68,0,0.0437,188.72,3,0.0079
live_ep_000048_NONE,NONE,payment-service,python-simulator,46.5,1785988275.9766586,71,0.88,0.12,closed,0.3517,35.17,0.4042,10.55,23.19,7.47,4.72,0.0216,5.0,495.5,0.0001,0.0019,0.2838,0.2544,1,98.63,103.76,108.57,7,0.0019,209.7,3,0.0073
live_ep_000048_NONE,NONE,payment-service,python-simulator,47.0,1785988276.4771473,64,0.99,0.01,closed,0.2344,23.44,0.3124,3.66,21.81,6.91,8.47,0.0059,32.32,480.4,0.0101,0.0001,0.2805,0.2093,3,96.51,96.65,96.96,2,0.0536,214.96,10,0.0017
live_ep_000048_NONE,NONE,payment-service,python-simulator,47.5,1785988276.9775703,54,0.9576,0.0424,closed,0.3451,34.51,0.3238,0.94,14.12,6.55,4.12,0.0054,11.82,541.2,0.0021,0.0002,0.1177,0.2074,4,86.49,108.58,131.62,8,0.0359,210.65,5,0.003
live_ep_000048_NONE,NONE,payment-service,python-simulator,48.0,1785988277.4778543,55,0.99,0.01,closed,0.4289,42.89,0.216,1.07,21.13,3.21,6.51,0.0309,25.65,540.2,0.0031,0.005,0.2126,0.2891,3,92.11,109.14,120.18,7,0.0001,200.85,10,0.0039
live_ep_000048_NONE,NONE,payment-service,python-simulator,48.5,1785988277.9779444,86,0.9233,0.0767,closed,0.3497,34.97,0.3956,2.46,13.47,4.76,18.31,0.0035,3.56,500.8,0.0015,0.0013,0.2224,0.2399,1,99.27,128.65,135.5,3,0.0334,195.12,1,0.0077
live_ep_000048_NONE,NONE,payment-service,python-simulator,49.0,1785988278.4784443,114,0.9469,0.0531,closed,0.3692,36.92,0.4544,1.92,27.43,7.29,6.25,0.0228,23.8,483.2,0.0007,0.0006,0.4176,0.2382,4,87.32,112.18,117.88,17,0.009,214.84,12,0.008
live_ep_000048_NONE,NONE,payment-service,python-simulator,49.5,1785988278.9787772,91,0.9219,0.0781,closed,0.3404,34.04,0.2318,6.57,27.4,3.22,3.54,0.0186,10.82,491.8,0.0016,0.0001,0.1771,0.2962,1,79.45,104.26,106.28,19,0.0179,201.26,10,0.0025
live_ep_000048_NONE,NONE,payment-service,python-simulator,50.0,1785988279.4790702,90,0.99,0.01,closed,0.2543,25.43,0.3903,1.41,27.68,4.15,4.43,0.0037,10.28,524.5,0.0011,0.0018,0.3505,0.3032,4,90.12,104.54,112.24,17,0.0444,211.25,12,0.0001
live_ep_000048_NONE,NONE,payment-service,python-simulator,50.5,1785988279.9795358,67,0.99,0.01,closed,0.4037,40.37,0.3414,3.8,18.64,5.28,2.07,0.0207,23.17,502.6,0.0021,0.0016,0.2212,0.2413,0,94.77,108.67,116.95,18,0.0256,256.51,11,0.0017
live_ep_000048_NONE,NONE,payment-service,python-simulator,51.0,1785988280.4795876,64,0.9743,0.0257,closed,0.4202,42.02,0.4027,5.75,24.95,2.47,7.6,0.0038,43.59,492.2,0.0023,0.0013,0.3335,0.2358,3,95.68,137.52,140.2,9,0.0026,199.27,10,0.0183
live_ep_000048_NONE,NONE,payment-service,python-simulator,51.5,1785988280.9801002,63,0.9344,0.0656,closed,0.2913,29.13,0.3819,1.69,26.01,6.05,5.42,0.003,11.72,462.1,0.0001,0.0016,0.271,0.2105,2,105.88,107.91,133.15,19,0.0362,205.75,12,0.0028
live_ep_000048_NONE,NONE,payment-service,python-simulator,52.0,1785988281.4911983,82,0.99,0.01,closed,0.4021,40.21,0.4199,6.58,20.43,2.52,8.91,0.0044,3.94,481.2,0.0032,0.0013,0.3959,0.2252,4,77.03,91.6,131.1,15,0.1,219.32,9,0.0136
live_ep_000048_NONE,NONE,payment-service,python-simulator,52.5,1785988281.9977078,71,0.9862,0.0138,closed,0.3159,31.59,0.312,7.91,26.18,4.46,5.18,0.0096,13.31,491.3,0.0027,0.0025,0.2122,0.2952,1,74.87,94.46,102.53,6,0.0437,191.62,8,0.0031
live_ep_000048_NONE,NONE,payment-service,python-simulator,53.0,1785988282.4978158,68,0.9337,0.0663,closed,0.3832,38.32,0.4192,2.95,17.95,1.97,2.95,0.0123,8.92,507.6,0.0102,0.0012,0.3054,0.2502,0,84.81,120.52,133.69,17,0.0558,183.32,12,0.0006
live_ep_000048_NONE,NONE,payment-service,python-simulator,53.5,1785988282.998036,65,0.9659,0.0341,closed,0.4058,40.58,0.392,8.93,12.04,9.68,9.71,0.0053,2.68,528.1,0.0106,0.0068,0.2656,0.2294,0,100.62,111.16,138.7,3,0.0465,200.63,11,0.0027
live_ep_000048_NONE,NONE,payment-service,python-simulator,54.0,1785988283.4986103,111,0.9476,0.0524,closed,0.3201,32.01,0.2433,20.38,16.68,3.02,7.26,0.0063,44.77,514.1,0.0031,0.0036,0.3188,0.2458,3,85.77,94.83,129.44,10,0.0686,204.79,13,0.0039
live_ep_000048_NONE,NONE,payment-service,python-simulator,54.5,1785988283.9988608,115,0.88,0.12,closed,0.4738,47.38,0.3177,2.34,20.64,12.05,7.69,0.008,2.53,543.7,0.0006,0.0002,0.2154,0.272,0,100.42,120.93,127.59,4,0.0915,241.43,9,0.0213
live_ep_000048_NONE,NONE,payment-service,python-simulator,55.0,1785988284.4992015,115,0.9203,0.0797,closed,0.4429,44.29,0.4607,5.63,13.57,5.32,7.09,0.0082,3.64,506.6,0.0101,0.0017,0.1159,0.2321,0,91.98,120.11,125.96,13,0.0442,190.63,8,0.015
live_ep_000048_NONE,NONE,payment-service,python-simulator,55.5,1785988285.0000598,108,0.9728,0.0272,closed,0.2711,27.11,0.3995,0.5,11.25,3.0,3.43,0.0034,4.51,503.2,0.0078,0.0013,0.2335,0.2289,3,84.6,94.23,102.14,1,0.0112,151.23,13,0.008
live_ep_000048_NONE,NONE,payment-service,python-simulator,56.0,1785988285.5006328,52,0.946,0.054,closed,0.3377,33.77,0.3431,1.27,24.06,6.15,3.37,0.0136,14.56,506.5,0.0105,0.0027,0.3759,0.2443,3,86.55,95.23,116.14,12,0.0532,215.84,14,0.0084
live_ep_000048_NONE,NONE,payment-service,python-simulator,56.5,1785988286.000904,51,0.972,0.028,closed,0.3829,38.29,0.3755,10.99,13.8,3.71,4.65,0.0197,35.5,529.1,0.0104,0.0012,0.2254,0.2565,3,83.76,90.77,93.12,14,0.0086,181.67,1,0.0007
live_ep_000048_NONE,NONE,payment-service,python-simulator,57.0,1785988286.5012774,109,0.9066,0.0934,closed,0.3022,30.22,0.3923,6.41,23.56,5.9,8.99,0.012,20.91,490.4,0.0095,0.0006,0.2644,0.2346,2,92.93,112.09,120.99,16,0.055,213.8,1,0.0036
live_ep_000048_NONE,NONE,payment-service,python-simulator,57.5,1785988287.0017939,30,0.88,0.12,closed,0.378,37.8,0.3442,6.45,29.38,3.55,8.52,0.0057,60.0,517.9,0.0161,0.0004,0.2648,0.2185,0,93.8,94.2,100.61,18,0.0006,202.1,9,0.012
live_ep_000048_NONE,NONE,payment-service,python-simulator,58.0,1785988287.5020337,74,0.99,0.01,closed,0.2627,26.27,0.2916,8.03,17.36,3.89,6.92,0.0196,59.2,509.9,0.0,0.001,0.1573,0.2594,4,87.32,110.14,112.15,13,0.046,195.28,9,0.0031
live_ep_000048_NONE,NONE,payment-service,python-simulator,58.5,1785988288.0028129,83,0.88,0.12,closed,0.3612,36.12,0.4187,2.41,11.51,4.14,2.75,0.0327,2.0,522.8,0.0026,0.0009,0.2543,0.3335,4,99.31,111.03,114.71,13,0.0068,215.2,2,0.0002
live_ep_000048_NONE,NONE,payment-service,python-simulator,59.0,1785988288.5030866,75,0.9625,0.0375,closed,0.3437,34.37,0.3485,3.89,14.92,3.91,14.98,0.0044,12.09,510.9,0.001,0.0029,0.2524,0.2085,2,92.44,105.33,108.9,13,0.0172,194.7,0,0.0025
live_ep_000048_NONE,NONE,payment-service,python-simulator,59.5,1785988289.0040176,116,0.9692,0.0308,closed,0.3373,33.73,0.3404,5.65,27.85,2.09,3.96,0.0103,2.14,501.5,0.0147,0.0018,0.2495,0.1975,4,96.75,99.3,126.81,14,0.0073,220.53,4,0.0041
live_ep_000049_LATENCY_SPIKE,LATENCY_SPIKE,auth-service,python-simulator,0.0,1785988289.5093777,60,0.9681,0.0319,closed,0.3038,30.38,0.3619,1.23,14.34,4.1,5.54,0.0157,37.66,516.3,0.006,0.0013,0.2297,0.2161,2,96.68,96.84,120.44,6,0.1,228.24,6,0.0012
live_ep_000049_LATENCY_SPIKE,LATENCY_SPIKE,auth-service,python-simulator,0.5,1785988290.009815,74,0.9795,0.0205,closed,0.3432,34.32,0.2996,3.18,13.6,5.74,7.01,0.0071,18.73,551.7,0.0004,0.0012,0.2814,0.2634,3,82.39,110.92,136.94,16,0.0141,187.6,7,0.0082
live_ep_000049_LATENCY_SPIKE,LATENCY_SPIKE,auth-service,python-simulator,1.0,1785988290.5113893,69,0.99,0.01,closed,0.3204,32.04,0.4972,3.51,16.28,3.88,7.05,0.0047,12.18,509.7,0.0125,0.0046,0.2306,0.2364,4,101.54,111.32,130.37,0,0.0045,217.78,0,0.0057
live_ep_000049_LATENCY_SPIKE,LATENCY_SPIKE,auth-service,python-simulator,1.5,1785988291.0117638,80,0.9173,0.0827,closed,0.3926,39.26,0.2772,0.5,11.68,2.86,8.12,0.0058,5.96,501.4,0.0028,0.0006,0.2156,0.2199,0,85.11,127.06,138.3,4,0.0673,216.58,6,0.0025
live_ep_000049_LATENCY_SPIKE,LATENCY_SPIKE,auth-service,python-simulator,2.0,1785988291.512036,97,0.99,0.01,closed,0.3099,30.99,0.3229,0.9,31.2,6.32,4.33,0.0086,6.45,522.8,0.0002,0.0015,0.2751,0.2919,3,94.38,96.67,100.39,19,0.0293,195.09,11,0.0002
live_ep_000049_LATENCY_SPIKE,LATENCY_SPIKE,auth-service,python-simulator,2.5,1785988292.0124,68,0.9844,0.0156,closed,0.3346,33.46,0.4243,4.62,16.88,2.49,15.84,0.0112,6.55,483.2,0.0198,0.0016,0.1836,0.2308,0,96.78,99.92,135.74,9,0.0425,217.69,7,0.001
live_ep_000049_LATENCY_SPIKE,LATENCY_SPIKE,auth-service,python-simulator,3.0,1785988292.51399,84,0.9502,0.0498,closed,0.4315,43.15,0.3962,7.26,20.76,4.7,3.57,0.0169,60.0,522.8,0.0008,0.0027,0.2413,0.2528,3,95.73,116.04,131.98,2,0.0732,205.29,11,0.0057
live_ep_000049_LATENCY_SPIKE,LATENCY_SPIKE,auth-service,python-simulator,3.5,1785988293.0142355,115,0.9671,0.0329,closed,0.3286,32.86,0.1782,4.41,18.87,3.47,5.78,0.0066,16.28,514.3,0.0016,0.0008,0.2515,0.2432,2,89.66,103.61,117.36,5,0.0506,212.61,13,0.0008
live_ep_000049_LATENCY_SPIKE,LATENCY_SPIKE,auth-service,python-simulator,4.0,1785988293.5145783,70,0.9874,0.0126,closed,0.3459,34.59,0.3647,1.99,17.52,3.5,4.9,0.0146,9.62,516.9,0.0077,0.0009,0.2888,0.2922,1,85.13,101.85,104.33,14,0.0352,181.16,9,0.0017
live_ep_000049_LATENCY_SPIKE,LATENCY_SPIKE,auth-service,python-simulator,4.5,1785988294.0151265,119,0.971,0.029,closed,0.305,30.5,0.2461,2.63,17.67,6.06,8.12,0.0095,24.37,466.6,0.0032,0.0024,0.333,0.2057,2,103.25,103.32,103.66,13,0.014,179.69,7,0.0091
live_ep_000049_LATENCY_SPIKE,LATENCY_SPIKE,auth-service,python-simulator,5.0,1785988294.5154493,86,0.9282,0.0718,closed,0.3969,39.69,0.3621,0.5,14.34,4.77,6.24,0.0522,224.7,554.5,0.0021,0.0029,0.1947,0.2988,4,100.72,168.0,302.82,9,0.0285,209.71,9,0.0005
live_ep_000049_LATENCY_SPIKE,LATENCY_SPIKE,auth-service,python-simulator,5.5,1785988295.0159726,85,0.8931,0.1069,closed,0.3128,31.28,0.3405,2.24,15.12,4.27,3.27,0.0045,10.34,526.3,0.0026,0.0007,0.2161,0.2833,4,111.63,105.56,99.72,2,0.006,173.28,13,0.0045
live_ep_000049_LATENCY_SPIKE,LATENCY_SPIKE,auth-service,python-simulator,6.0,1785988295.5163605,56,0.9308,0.0692,closed,0.2973,29.73,0.4429,5.55,18.83,2.97,5.91,0.0162,9.16,529.7,0.0019,0.0025,0.2306,0.2216,1,79.59,125.61,136.33,13,0.0168,233.46,2,0.0042
live_ep_000049_LATENCY_SPIKE,LATENCY_SPIKE,auth-service,python-simulator,6.5,1785988296.0170066,96,0.965,0.035,closed,0.3491,34.91,0.469,11.43,22.34,10.49,7.17,0.0075,5.13,520.0,0.0021,0.0016,0.2229,0.2142,0,77.58,97.16,116.74,10,0.0166,175.13,10,0.0066
live_ep_000049_LATENCY_SPIKE,LATENCY_SPIKE,auth-service,python-simulator,7.0,1785988296.5176773,30,0.9821,0.0179,closed,0.3198,31.98,0.5318,7.99,15.78,6.46,5.7,0.0124,7.83,509.4,0.0077,0.0043,0.2078,0.2794,4,80.75,128.17,136.07,9,0.0491,247.21,5,0.0042
live_ep_000049_LATENCY_SPIKE,LATENCY_SPIKE,auth-service,python-simulator,7.5,1785988297.0211966,103,0.9861,0.0139,closed,0.3492,34.92,0.3701,7.6,21.38,2.26,6.1,0.0162,41.88,531.7,0.0029,0.0018,0.2635,0.2854,4,83.98,92.77,117.21,2,0.1,190.82,5,0.0027
live_ep_000049_LATENCY_SPIKE,LATENCY_SPIKE,auth-service,python-simulator,8.0,1785988297.5216546,103,0.9331,0.0669,closed,0.3812,38.12,0.3262,3.87,15.31,7.29,5.51,0.0048,2.0,496.2,0.0008,0.0035,0.2813,0.2207,2,82.81,84.33,108.14,17,0.0253,189.32,14,0.0119
live_ep_000049_LATENCY_SPIKE,LATENCY_SPIKE,auth-service,python-simulator,8.5,1785988298.0218496,54,0.88,0.12,closed,0.3438,34.38,0.4596,0.82,23.58,2.69,5.26,0.0119,4.8,538.2,0.0094,0.006,0.2154,0.2774,4,93.51,101.66,106.61,1,0.032,204.16,0,0.0004
live_ep_000049_LATENCY_SPIKE,LATENCY_SPIKE,auth-service,python-simulator,9.0,1785988298.5227044,28,0.99,0.01,closed,0.3617,36.17,0.2764,1.86,19.34,7.2,4.4,0.042,280.03,475.7,0.0053,0.0023,0.167,0.2951,1,93.28,310.67,348.41,9,0.0063,198.52,0,0.006
live_ep_000049_LATENCY_SPIKE,LATENCY_SPIKE,auth-service,python-simulator,9.5,1785988299.0229201,35,0.9778,0.0222,closed,0.2978,29.78,0.389,1.27,27.52,5.64,5.35,0.0213,7.15,498.2,0.0022,0.0015,0.1787,0.2477,2,80.76,115.8,122.79,6,0.1,231.57,11,0.0066
live_ep_000049_LATENCY_SPIKE,LATENCY_SPIKE,auth-service,python-simulator,10.0,1785988299.523957,33,0.88,0.12,closed,0.3927,39.27,0.3066,18.02,32.83,6.2,3.8,0.0057,13.68,550.7,0.0018,0.0015,0.2942,0.259,1,81.96,91.46,109.58,5,0.013,186.92,14,0.0068
live_ep_000049_LATENCY_SPIKE,LATENCY_SPIKE,auth-service,python-simulator,10.5,1785988300.0240786,54,0.9615,0.0385,closed,0.4787,47.87,0.396,11.34,15.03,7.15,3.43,0.0215,4.72,504.9,0.0117,0.0022,0.2333,0.2228,0,81.8,139.18,145.78,9,0.0585,195.3,9,0.0061
live_ep_000049_LATENCY_SPIKE,LATENCY_SPIKE,auth-service,python-simulator,11.0,1785988300.524401,60,0.988,0.012,closed,0.4314,43.14,0.4289,5.81,12.46,3.96,7.94,0.0026,3.94,471.5,0.0145,0.0075,0.3092,0.2309,2,98.09,111.43,128.84,0,0.0503,216.59,2,0.0002
live_ep_000049_LATENCY_SPIKE,LATENCY_SPIKE,auth-service,python-simulator,11.5,1785988301.0245605,56,0.99,0.01,closed,0.3626,36.26,0.4306,3.15,8.69,5.4,2.55,0.0024,29.48,522.5,0.0106,0.0013,0.2227,0.2075,4,81.63,97.17,113.93,4,0.0079,246.71,4,0.0106
live_ep_000049_LATENCY_SPIKE,LATENCY_SPIKE,auth-service,python-simulator,12.0,1785988301.524865,31,0.9603,0.0397,closed,0.3988,39.88,0.3249,2.05,15.17,9.86,4.61,0.0049,6.38,511.0,0.0171,0.0015,0.2579,0.2446,4,85.89,89.2,97.29,10,0.0594,207.58,13,0.0039
live_ep_000049_LATENCY_SPIKE,LATENCY_SPIKE,auth-service,python-simulator,12.5,1785988302.0253253,102,0.99,0.01,closed,0.4485,44.85,0.2471,4.09,16.38,6.61,12.79,0.0071,27.53,529.8,0.0136,0.0008,0.2141,0.2318,4,97.82,113.69,120.83,10,0.0321,245.85,0,0.0027
live_ep_000049_LATENCY_SPIKE,LATENCY_SPIKE,auth-service,python-simulator,13.0,1785988302.5254772,85,0.9375,0.0625,closed,0.4101,41.01,0.2446,3.91,23.37,9.26,3.6,0.0204,19.35,554.6,0.0101,0.0021,0.2193,0.2659,3,97.46,96.6,92.5,2,0.0103,193.86,2,0.0013
live_ep_000049_LATENCY_SPIKE,LATENCY_SPIKE,auth-service,python-simulator,13.5,1785988303.025669,102,0.9324,0.0676,closed,0.4057,40.57,0.3744,3.93,14.99,3.97,5.05,0.0247,8.62,520.6,0.0011,0.0028,0.3393,0.2648,0,78.4,83.16,88.01,9,0.091,195.28,14,0.0038
live_ep_000049_LATENCY_SPIKE,LATENCY_SPIKE,auth-service,python-simulator,14.0,1785988303.526,96,0.9863,0.0137,closed,0.3058,30.58,0.3187,12.52,21.08,2.44,12.01,0.011,6.99,515.0,0.0008,0.0011,0.264,0.2118,2,79.82,89.59,95.67,11,0.1,195.11,4,0.002
live_ep_000049_LATENCY_SPIKE,LATENCY_SPIKE,auth-service,python-simulator,14.5,1785988304.0264947,45,0.8908,0.1092,closed,0.3242,32.42,0.4366,0.72,22.87,5.63,4.19,0.0072,4.84,525.0,0.0012,0.004,0.2711,0.2279,0,94.16,99.24,132.08,3,0.0026,207.69,2,0.0074
live_ep_000049_LATENCY_SPIKE,LATENCY_SPIKE,auth-service,python-simulator,15.0,1785988304.5270085,38,0.99,0.01,closed,0.2102,21.02,0.3614,4.31,26.86,3.99,8.68,0.0087,2.0,515.7,0.0015,0.0075,0.2232,0.2881,3,85.23,97.26,140.08,2,0.0467,181.02,11,0.0071
live_ep_000049_LATENCY_SPIKE,LATENCY_SPIKE,auth-service,python-simulator,15.5,1785988305.0275135,103,0.88,0.12,closed,0.3293,32.93,0.3544,0.51,35.9,6.82,6.3,0.014,10.01,481.9,0.0014,0.0049,0.2634,0.2757,4,88.33,95.23,115.89,13,0.0474,172.78,3,0.0001
live_ep_000049_LATENCY_SPIKE,LATENCY_SPIKE,auth-service,python-simulator,16.0,1785988305.5278625,105,0.9821,0.0179,closed,0.3149,31.49,0.513,3.73,28.01,3.76,3.1,0.0096,12.3,516.0,0.0039,0.0025,0.2797,0.2352,1,85.42,89.39,93.76,2,0.0746,238.45,10,0.0162
live_ep_000049_LATENCY_SPIKE,LATENCY_SPIKE,auth-service,python-simulator,16.5,1785988306.0282388,62,0.99,0.01,closed,0.3241,32.41,0.2277,4.71,25.21,4.71,7.26,0.0015,17.13,516.0,0.0058,0.0066,0.2767,0.2586,0,84.87,88.45,120.87,12,0.0304,237.36,13,0.006
live_ep_000049_LATENCY_SPIKE,LATENCY_SPIKE,auth-service,python-simulator,17.0,1785988306.5284681,112,0.916,0.084,closed,0.3029,30.29,0.2096,10.39,16.92,3.5,9.04,0.0039,18.1,518.8,0.0046,0.0012,0.1052,0.2388,1,78.52,97.43,123.82,3,0.1,208.3,13,0.0013
live_ep_000049_LATENCY_SPIKE,LATENCY_SPIKE,auth-service,python-simulator,17.5,1785988307.0287757,93,0.88,0.12,closed,0.3202,32.02,0.2439,0.5,11.75,2.66,5.94,0.0025,26.75,480.4,0.0094,0.0005,0.214,0.2114,2,87.39,87.66,87.68,5,0.0261,174.19,11,0.0095
live_ep_000049_LATENCY_SPIKE,LATENCY_SPIKE,auth-service,python-simulator,18.0,1785988307.5289488,31,0.99,0.01,closed,0.3514,35.14,0.3915,2.01,27.73,5.23,3.52,0.0122,15.9,481.2,0.0045,0.0092,0.3187,0.1748,0,95.9,121.53,121.84,6,0.0185,223.93,3,0.0079
live_ep_000049_LATENCY_SPIKE,LATENCY_SPIKE,auth-service,python-simulator,18.5,1785988308.0291457,98,0.9739,0.0261,closed,0.3452,34.52,0.4269,9.0,15.34,4.01,6.37,0.0034,15.3,485.5,0.0028,0.0003,0.2223,0.1955,3,88.84,93.43,101.06,7,0.0497,199.16,9,0.0007
live_ep_000049_LATENCY_SPIKE,LATENCY_SPIKE,auth-service,python-simulator,19.0,1785988308.5292132,117,0.99,0.01,closed,0.3831,38.31,0.3248,2.75,14.12,4.29,5.87,0.0398,287.03,471.9,0.0015,0.0041,0.2168,0.2401,2,89.26,230.28,383.72,3,0.0191,185.14,3,0.0004
live_ep_000049_LATENCY_SPIKE,LATENCY_SPIKE,auth-service,python-simulator,19.5,1785988309.0293245,89,0.9585,0.0415,closed,0.3829,38.29,0.3848,1.37,22.52,4.13,10.78,0.0084,6.64,543.1,0.001,0.0026,0.264,0.2394,0,101.71,115.34,120.33,3,0.0014,222.11,2,0.0014
live_ep_000049_LATENCY_SPIKE,LATENCY_SPIKE,auth-service,python-simulator,20.0,1785988309.529411,82,0.8924,0.1076,closed,0.2606,26.06,0.2469,3.75,26.07,3.21,3.84,0.0095,4.46,495.3,0.0066,0.002,0.2064,0.2761,4,93.24,102.79,118.43,18,0.0235,196.1,3,0.0064
live_ep_000049_LATENCY_SPIKE,LATENCY_SPIKE,auth-service,python-simulator,20.5,1785988310.0298753,24,0.9788,0.0212,closed,0.3489,34.89,0.4972,6.5,28.59,4.33,2.6,0.0038,15.0,509.9,0.0105,0.0018,0.1662,0.2231,2,80.23,106.98,109.19,12,0.0011,238.48,1,0.001
live_ep_000049_LATENCY_SPIKE,LATENCY_SPIKE,auth-service,python-simulator,21.0,1785988310.5302331,78,0.9856,0.0144,closed,0.2683,26.83,0.242,8.78,25.37,5.27,4.6,0.0106,21.07,496.2,0.0066,0.0016,0.3832,0.2878,2,84.41,115.04,115.14,12,0.0035,175.11,1,0.0049
live_ep_000049_LATENCY_SPIKE,LATENCY_SPIKE,auth-service,python-simulator,21.5,1785988311.0304363,31,0.9773,0.0227,closed,0.4438,44.38,0.3491,0.68,26.67,7.61,11.9,0.0143,14.31,527.4,0.006,0.0022,0.2391,0.2149,0,83.41,113.47,133.55,19,0.0325,178.76,1,0.004
live_ep_000049_LATENCY_SPIKE,LATENCY_SPIKE,auth-service,python-simulator,22.0,1785988311.5309353,96,0.9334,0.0666,closed,0.3499,34.99,0.3157,8.34,18.58,5.81,7.54,0.0082,60.0,497.6,0.0043,0.0016,0.224,0.2396,2,80.93,116.6,123.73,6,0.0122,182.08,6,0.0103
live_ep_000049_LATENCY_SPIKE,LATENCY_SPIKE,auth-service,python-simulator,22.5,1785988312.031406,70,0.9608,0.0392,closed,0.3318,33.18,0.4196,3.12,12.97,3.23,4.84,0.011,20.17,512.7,0.0014,0.0011,0.2728,0.2402,3,85.52,101.98,116.26,6,0.0856,229.29,4,0.0013
live_ep_000049_LATENCY_SPIKE,LATENCY_SPIKE,auth-service,python-simulator,23.0,1785988312.53193,116,0.953,0.047,closed,0.267,26.7,0.3413,2.25,27.22,5.03,5.77,0.009,2.0,538.9,0.009,0.0029,0.2977,0.2812,2,79.81,80.73,119.22,7,0.0045,200.83,7,0.0079
live_ep_000049_LATENCY_SPIKE,LATENCY_SPIKE,auth-service,python-simulator,23.5,1785988313.0320947,54,0.88,0.12,closed,0.3252,32.52,0.2881,5.89,17.74,4.37,4.8,0.0044,11.42,524.3,0.0006,0.0035,0.2869,0.3096,0,89.59,122.75,135.91,1,0.1,221.67,8,0.0114
live_ep_000049_LATENCY_SPIKE,LATENCY_SPIKE,auth-service,python-simulator,24.0,1785988313.5328362,86,0.9812,0.0188,closed,0.4314,43.14,0.325,1.48,15.09,6.41,8.0,0.0128,2.66,511.3,0.0025,0.0012,0.2774,0.2307,2,88.46,113.76,122.54,8,0.0028,209.29,9,0.0016
live_ep_000049_LATENCY_SPIKE,LATENCY_SPIKE,auth-service,python-simulator,24.5,1785988314.0330088,73,0.88,0.12,closed,0.3521,35.21,0.4405,3.89,20.48,2.32,5.87,0.0206,6.67,519.6,0.0053,0.0033,0.1933,0.2678,1,84.28,95.28,103.37,12,0.0559,200.6,0,0.0116
live_ep_000049_LATENCY_SPIKE,LATENCY_SPIKE,auth-service,python-simulator,25.0,1785988314.5332792,92,0.9732,0.0268,closed,0.3878,38.78,0.323,2.94,23.72,6.51,5.41,0.0023,42.09,520.6,0.0012,0.001,0.2658,0.2442,3,88.39,103.63,115.86,7,0.0111,210.64,12,0.0044
live_ep_000049_LATENCY_SPIKE,LATENCY_SPIKE,auth-service,python-simulator,25.5,1785988315.0335445,67,0.99,0.01,closed,0.4094,40.94,0.4101,1.7,18.07,6.64,5.29,0.0235,2.36,489.4,0.0073,0.0022,0.2642,0.249,2,99.51,99.93,104.22,7,0.0834,175.33,4,0.0008
live_ep_000049_LATENCY_SPIKE,LATENCY_SPIKE,auth-service,python-simulator,26.0,1785988315.533771,38,0.9348,0.0652,closed,0.3009,30.09,0.2322,1.29,23.15,5.49,7.03,0.0018,46.23,498.9,0.0076,0.0008,0.3208,0.2349,0,82.3,115.25,122.72,8,0.0108,228.06,14,0.0053
live_ep_000049_LATENCY_SPIKE,LATENCY_SPIKE,auth-service,python-simulator,26.5,1785988316.0343258,116,0.969,0.031,closed,0.3303,33.03,0.3103,0.5,26.46,7.0,3.49,0.0056,11.24,496.0,0.0068,0.0004,0.2901,0.2393,2,83.77,100.06,101.69,0,0.0047,191.61,13,0.0043
live_ep_000049_LATENCY_SPIKE,LATENCY_SPIKE,auth-service,python-simulator,27.0,1785988316.534624,49,0.9848,0.0152,closed,0.3815,38.15,0.28,5.44,8.77,8.64,6.52,0.0012,19.45,528.6,0.0153,0.0011,0.327,0.2654,0,92.71,92.72,104.04,4,0.0582,166.83,0,0.0012
live_ep_000049_LATENCY_SPIKE,LATENCY_SPIKE,auth-service,python-simulator,27.5,1785988317.0350494,112,0.9778,0.0222,closed,0.3252,32.52,0.3383,0.98,23.88,6.65,7.57,0.0034,17.03,503.1,0.0239,0.0021,0.2551,0.2615,2,87.05,91.83,98.39,9,0.0164,215.4,8,0.0013
live_ep_000049_LATENCY_SPIKE,LATENCY_SPIKE,auth-service,python-simulator,28.0,1785988317.535326,52,0.9565,0.0435,closed,0.4213,42.13,0.4273,5.27,14.06,3.16,5.83,0.0177,7.89,525.9,0.0003,0.0023,0.214,0.2363,4,87.93,90.71,127.21,7,0.0493,183.79,3,0.0011
live_ep_000049_LATENCY_SPIKE,LATENCY_SPIKE,auth-service,python-simulator,28.5,1785988318.035737,94,0.99,0.01,closed,0.3371,33.71,0.3025,7.74,17.33,3.63,8.28,0.0057,20.47,524.7,0.0084,0.0092,0.1675,0.291,3,93.14,95.75,127.07,8,0.0361,189.59,3,0.0114
live_ep_000049_LATENCY_SPIKE,LATENCY_SPIKE,auth-service,python-simulator,29.0,1785988318.536174,64,0.99,0.01,closed,0.378,37.8,0.3439,4.44,12.15,1.89,5.28,0.0099,6.47,502.4,0.0,0.0027,0.0641,0.2293,2,80.79,96.06,119.04,17,0.0397,186.17,9,0.0092
live_ep_000049_LATENCY_SPIKE,LATENCY_SPIKE,auth-service,python-simulator,29.5,1785988319.036583,93,0.99,0.01,closed,0.3378,33.78,0.4301,5.2,33.86,3.04,3.08,0.0027,60.0,539.3,0.0049,0.0044,0.2355,0.3039,3,94.95,95.34,113.82,8,0.1,155.32,13,0.0032
live_ep_000049_LATENCY_SPIKE,LATENCY_SPIKE,auth-service,python-simulator,30.0,1785988319.537162,41,0.9405,0.0595,closed,0.3749,37.49,0.3415,0.5,22.81,5.15,6.37,0.0377,329.57,538.5,0.0031,0.0043,0.2468,0.2295,0,93.12,209.88,437.62,18,0.0853,200.95,5,0.0131
live_ep_000049_LATENCY_SPIKE,LATENCY_SPIKE,auth-service,python-simulator,30.5,1785988320.0373166,31,0.9658,0.0342,closed,0.3898,38.98,0.4073,5.49,27.1,8.98,6.37,0.0071,39.82,547.1,0.0009,0.0027,0.1648,0.2721,4,90.63,92.28,126.92,17,0.1,193.27,10,0.0014
live_ep_000049_LATENCY_SPIKE,LATENCY_SPIKE,auth-service,python-simulator,31.0,1785988320.5376036,103,0.9341,0.0659,closed,0.2541,25.41,0.3529,7.96,26.91,4.47,6.63,0.0327,274.97,505.6,0.0124,0.0107,0.3717,0.204,3,96.77,172.26,359.48,12,0.1,211.81,14,0.0183
live_ep_000049_LATENCY_SPIKE,LATENCY_SPIKE,auth-service,python-simulator,31.5,1785988321.0380242,93,0.99,0.01,closed,0.3739,37.39,0.4514,3.46,25.19,3.3,2.61,0.0071,11.73,512.1,0.0006,0.0043,0.3718,0.2378,4,94.51,127.51,147.93,0,0.007,170.4,8,0.0047
live_ep_000049_LATENCY_SPIKE,LATENCY_SPIKE,auth-service,python-simulator,32.0,1785988321.5385845,75,0.9496,0.0504,closed,0.4104,41.04,0.2749,1.53,29.74,5.22,6.13,0.0405,302.97,488.6,0.0003,0.0088,0.3088,0.2304,2,93.29,121.51,451.64,17,0.031,208.57,7,0.0023
live_ep_000049_LATENCY_SPIKE,LATENCY_SPIKE,auth-service,python-simulator,32.5,1785988322.0389674,21,0.99,0.01,closed,0.3141,31.41,0.3318,5.46,16.79,6.38,6.21,0.0119,5.98,491.0,0.0001,0.0027,0.2548,0.2474,2,69.82,103.22,124.07,10,0.0945,209.08,0,0.0058
live_ep_000049_LATENCY_SPIKE,LATENCY_SPIKE,auth-service,python-simulator,33.0,1785988322.539423,26,0.9697,0.0303,closed,0.3357,33.57,0.4228,2.33,13.04,4.82,2.59,0.013,10.11,495.9,0.0039,0.0041,0.1901,0.2633,1,86.35,103.8,114.5,18,0.0194,225.41,11,0.0045
live_ep_000049_LATENCY_SPIKE,LATENCY_SPIKE,auth-service,python-simulator,33.5,1785988323.0396726,83,0.9157,0.0843,closed,0.2681,26.81,0.3252,3.59,9.81,9.37,5.28,0.0139,5.53,494.4,0.0059,0.0107,0.2096,0.2288,3,87.23,94.49,105.17,15,0.0936,210.93,13,0.0138
live_ep_000049_LATENCY_SPIKE,LATENCY_SPIKE,auth-service,python-simulator,34.0,1785988323.5401256,82,0.88,0.12,closed,0.3813,38.13,0.1732,1.58,18.16,4.21,4.94,0.0089,25.65,512.3,0.0018,0.003,0.28,0.3145,0,89.69,115.17,124.73,0,0.0554,234.85,7,0.0044
live_ep_000049_LATENCY_SPIKE,LATENCY_SPIKE,auth-service,python-simulator,34.5,1785988324.0403311,25,0.9611,0.0389,closed,0.2389,23.89,0.2961,7.27,15.04,5.28,5.86,0.0251,3.15,489.9,0.0211,0.0042,0.1453,0.2212,0,93.06,94.43,110.98,12,0.0475,196.63,2,0.0012
live_ep_000049_LATENCY_SPIKE,LATENCY_SPIKE,auth-service,python-simulator,35.0,1785988324.540548,41,0.99,0.01,closed,0.3335,33.35,0.3179,9.44,29.64,8.7,6.18,0.0145,5.17,480.9,0.0005,0.0028,0.1208,0.2814,4,84.86,96.28,136.49,6,0.008,247.9,12,0.0055
live_ep_000049_LATENCY_SPIKE,LATENCY_SPIKE,auth-service,python-simulator,35.5,1785988325.0409229,82,0.9445,0.0555,closed,0.2997,29.97,0.336,3.14,31.98,4.29,3.75,0.0032,6.35,500.7,0.0032,0.0002,0.1073,0.2443,0,91.68,105.34,108.47,16,0.0772,150.12,12,0.0117
live_ep_000049_LATENCY_SPIKE,LATENCY_SPIKE,auth-service,python-simulator,36.0,1785988325.541456,78,0.99,0.01,closed,0.4715,47.15,0.3868,4.9,23.23,5.46,3.36,0.001,9.36,509.3,0.0005,0.0001,0.2773,0.2545,3,93.71,113.07,123.66,6,0.0002,191.41,4,0.0029
live_ep_000049_LATENCY_SPIKE,LATENCY_SPIKE,auth-service,python-simulator,36.5,1785988326.041558,77,0.9656,0.0344,closed,0.408,40.8,0.2779,3.69,15.66,3.41,8.36,0.0097,12.53,503.1,0.0019,0.0014,0.3333,0.2878,4,86.77,87.78,120.06,3,0.0286,205.04,7,0.0004
live_ep_000049_LATENCY_SPIKE,LATENCY_SPIKE,auth-service,python-simulator,37.0,1785988326.541953,98,0.88,0.12,closed,0.3433,34.33,0.2064,1.48,20.93,2.52,7.19,0.0041,5.74,483.8,0.0011,0.0019,0.2174,0.2315,0,97.36,113.3,114.52,13,0.1,223.26,5,0.0111
live_ep_000049_LATENCY_SPIKE,LATENCY_SPIKE,auth-service,python-simulator,37.5,1785988327.042035,51,0.9854,0.0146,closed,0.2476,24.76,0.2547,10.19,29.22,8.52,5.4,0.0162,6.48,516.0,0.0024,0.0015,0.2121,0.2081,1,98.08,127.23,132.07,3,0.017,189.92,14,0.013
live_ep_000049_LATENCY_SPIKE,LATENCY_SPIKE,auth-service,python-simulator,38.0,1785988327.5423057,34,0.9899,0.0101,closed,0.3903,39.03,0.3454,5.81,15.46,4.1,4.1,0.0039,6.95,498.9,0.0194,0.001,0.1611,0.2561,2,89.35,106.25,124.9,7,0.0915,194.6,1,0.0026
live_ep_000049_LATENCY_SPIKE,LATENCY_SPIKE,auth-service,python-simulator,38.5,1785988328.0427375,39,0.99,0.01,closed,0.342,34.2,0.2433,10.65,18.86,7.35,4.17,0.0079,11.41,524.4,0.0018,0.0044,0.2449,0.2546,4,83.86,94.16,146.34,5,0.0009,169.35,4,0.0112
live_ep_000049_LATENCY_SPIKE,LATENCY_SPIKE,auth-service,python-simulator,39.0,1785988328.543344,57,0.9852,0.0148,closed,0.3774,37.74,0.3228,6.96,27.73,2.84,6.01,0.0077,18.56,540.6,0.0029,0.0012,0.3132,0.2395,4,88.68,87.78,86.27,17,0.0464,190.55,13,0.0004
live_ep_000049_LATENCY_SPIKE,LATENCY_SPIKE,auth-service,python-simulator,39.5,1785988329.0437863,62,0.9746,0.0254,closed,0.2678,26.78,0.3617,3.89,13.28,5.26,11.02,0.004,2.04,534.5,0.0082,0.0074,0.2396,0.2696,3,90.76,130.52,142.76,0,0.0503,192.64,14,0.0005
live_ep_000049_LATENCY_SPIKE,LATENCY_SPIKE,auth-service,python-simulator,40.0,1785988329.544016,112,0.9304,0.0696,closed,0.2939,29.39,0.3418,6.79,10.82,3.34,7.08,0.0103,17.97,508.8,0.0074,0.0037,0.1721,0.2869,1,89.68,91.03,92.12,4,0.0512,186.3,5,0.0099
live_ep_000049_LATENCY_SPIKE,LATENCY_SPIKE,auth-service,python-simulator,40.5,1785988330.0450718,106,0.9454,0.0546,closed,0.3305,33.05,0.4609,1.02,14.97,5.65,7.55,0.0151,7.51,516.0,0.0311,0.0039,0.3065,0.267,1,89.08,89.88,117.56,19,0.0749,195.24,1,0.0058
live_ep_000049_LATENCY_SPIKE,LATENCY_SPIKE,auth-service,python-simulator,41.0,1785988330.5451987,111,0.9009,0.0991,closed,0.2884,28.84,0.2969,2.35,16.49,2.86,4.45,0.0026,3.38,508.8,0.0056,0.0024,0.2027,0.2254,3,86.81,99.81,112.48,11,0.0035,189.78,8,0.0007
live_ep_000049_LATENCY_SPIKE,LATENCY_SPIKE,auth-service,python-simulator,41.5,1785988331.045614,97,0.99,0.01,closed,0.3162,31.62,0.2704,3.05,14.43,9.79,11.07,0.0109,7.9,521.2,0.0024,0.001,0.2848,0.2305,2,89.35,99.12,120.53,19,0.0257,201.16,9,0.004
live_ep_000049_LATENCY_SPIKE,LATENCY_SPIKE,auth-service,python-simulator,42.0,1785988331.5468905,106,0.9232,0.0768,closed,0.3236,32.36,0.4504,7.91,15.3,1.56,3.64,0.0179,40.66,510.6,0.0022,0.0042,0.2292,0.332,1,87.06,109.28,115.84,8,0.0196,179.9,13,0.0086
live_ep_000049_LATENCY_SPIKE,LATENCY_SPIKE,auth-service,python-simulator,42.5,1785988332.0474317,118,0.9863,0.0137,closed,0.3451,34.51,0.483,5.96,15.43,6.0,4.69,0.0018,13.15,489.9,0.0031,0.0015,0.3572,0.265,4,88.82,92.27,98.36,1,0.0512,168.61,7,0.0092
live_ep_000049_LATENCY_SPIKE,LATENCY_SPIKE,auth-service,python-simulator,43.0,1785988332.5475767,69,0.8926,0.1074,closed,0.352,35.2,0.3081,6.95,13.39,2.81,3.48,0.0119,10.1,536.4,0.0036,0.0031,0.289,0.2407,2,81.63,103.47,123.76,15,0.0036,195.62,10,0.0072
live_ep_000049_LATENCY_SPIKE,LATENCY_SPIKE,auth-service,python-simulator,43.5,1785988333.048092,80,0.88,0.12,closed,0.2854,28.54,0.361,3.19,17.77,3.9,10.32,0.0152,3.61,471.3,0.0055,0.0016,0.2246,0.175,2,86.76,127.6,155.3,4,0.0025,182.82,11,0.0025
live_ep_000049_LATENCY_SPIKE,LATENCY_SPIKE,auth-service,python-simulator,44.0,1785988333.5486395,32,0.9777,0.0223,closed,0.378,37.8,0.3034,6.03,25.09,6.07,8.88,0.0189,13.9,514.1,0.0007,0.0028,0.2785,0.2814,2,85.05,85.32,121.64,16,0.0347,169.2,12,0.0011
live_ep_000049_LATENCY_SPIKE,LATENCY_SPIKE,auth-service,python-simulator,44.5,1785988334.049073,87,0.99,0.01,closed,0.3595,35.95,0.241,3.72,28.36,9.93,10.59,0.0192,9.09,533.4,0.0023,0.0031,0.2884,0.2704,1,88.68,96.47,109.32,8,0.0173,183.91,5,0.0024
live_ep_000049_LATENCY_SPIKE,LATENCY_SPIKE,auth-service,python-simulator,45.0,1785988334.5495799,96,0.9481,0.0519,closed,0.3563,35.63,0.3568,2.57,13.97,4.94,5.83,0.0393,151.09,523.4,0.0006,0.003,0.2143,0.2771,4,90.53,192.04,243.29,19,0.0313,182.52,3,0.0035
live_ep_000049_LATENCY_SPIKE,LATENCY_SPIKE,auth-service,python-simulator,45.5,1785988335.0499399,111,0.99,0.01,closed,0.4188,41.88,0.2112,6.08,20.53,3.96,8.52,0.011,11.3,509.1,0.0071,0.0006,0.2939,0.3009,4,92.96,95.64,135.72,11,0.0597,228.93,14,0.007
live_ep_000049_LATENCY_SPIKE,LATENCY_SPIKE,auth-service,python-simulator,46.0,1785988335.5501685,116,0.9749,0.0251,closed,0.3085,30.85,0.4433,6.08,22.15,6.14,6.2,0.0192,4.16,490.9,0.0078,0.0044,0.2823,0.238,4,86.14,94.9,100.18,0,0.0959,196.69,0,0.0006
live_ep_000049_LATENCY_SPIKE,LATENCY_SPIKE,auth-service,python-simulator,46.5,1785988336.0506306,52,0.9052,0.0948,closed,0.3117,31.17,0.528,1.06,28.0,4.66,11.8,0.0066,60.0,513.9,0.0079,0.0038,0.3342,0.2594,1,87.15,108.56,116.82,18,0.0202,195.6,12,0.0098
live_ep_000049_LATENCY_SPIKE,LATENCY_SPIKE,auth-service,python-simulator,47.0,1785988336.5507019,81,0.9895,0.0105,closed,0.4165,41.65,0.2694,7.91,26.07,2.81,12.57,0.056,234.56,544.9,0.0134,0.0039,0.2106,0.2525,1,83.27,165.95,248.56,7,0.0219,222.66,3,0.0027
live_ep_000049_LATENCY_SPIKE,LATENCY_SPIKE,auth-service,python-simulator,47.5,1785988337.0511284,22,0.9347,0.0653,closed,0.346,34.6,0.3634,30.0,10.01,6.29,5.18,0.0076,18.99,557.2,0.0006,0.0029,0.2739,0.2055,0,87.11,90.49,108.89,17,0.1,187.97,3,0.0004
live_ep_000049_LATENCY_SPIKE,LATENCY_SPIKE,auth-service,python-simulator,48.0,1785988337.5513604,41,0.9725,0.0275,closed,0.3249,32.49,0.3965,13.85,16.12,4.23,4.05,0.0039,43.74,490.6,0.011,0.0016,0.1676,0.2886,0,94.17,99.2,108.33,5,0.0389,187.95,14,0.0015
live_ep_000049_LATENCY_SPIKE,LATENCY_SPIKE,auth-service,python-simulator,48.5,1785988338.0517547,119,0.9476,0.0524,closed,0.3974,39.74,0.4021,14.01,14.02,5.86,3.54,0.0038,2.0,513.6,0.0,0.0004,0.2143,0.2787,3,88.44,111.27,151.16,7,0.0225,195.23,9,0.0012
live_ep_000049_LATENCY_SPIKE,LATENCY_SPIKE,auth-service,python-simulator,49.0,1785988338.5520866,86,0.88,0.12,closed,0.4193,41.93,0.2757,1.18,19.09,5.26,5.12,0.0137,18.99,506.6,0.0022,0.0024,0.2813,0.2847,4,90.48,114.62,132.71,1,0.005,216.49,9,0.0028
live_ep_000049_LATENCY_SPIKE,LATENCY_SPIKE,auth-service,python-simulator,49.5,1785988339.052657,97,0.9746,0.0254,closed,0.3959,39.59,0.3655,3.71,18.67,3.91,6.49,0.012,32.56,499.8,0.0032,0.0012,0.3541,0.2823,1,91.83,123.52,128.62,16,0.0092,205.76,7,0.0001
live_ep_000049_LATENCY_SPIKE,LATENCY_SPIKE,auth-service,python-simulator,50.0,1785988339.5528245,55,0.9743,0.0257,closed,0.2829,28.29,0.301,4.95,23.31,3.18,6.64,0.0282,201.8,499.7,0.005,0.0031,0.2597,0.2877,2,91.53,176.02,236.99,5,0.074,213.2,10,0.0005
live_ep_000049_LATENCY_SPIKE,LATENCY_SPIKE,auth-service,python-simulator,50.5,1785988340.0531948,104,0.9781,0.0219,closed,0.34,34.0,0.3063,2.18,18.03,3.64,4.3,0.0044,18.69,486.5,0.0004,0.0009,0.195,0.2528,4,84.15,96.27,115.59,13,0.039,207.6,2,0.0008
live_ep_000049_LATENCY_SPIKE,LATENCY_SPIKE,auth-service,python-simulator,51.0,1785988340.5534546,45,0.88,0.12,closed,0.3773,37.73,0.3798,0.5,31.73,3.18,6.59,0.0031,12.93,506.2,0.0093,0.0014,0.2095,0.226,2,80.46,95.9,141.02,0,0.0417,191.02,13,0.0023
live_ep_000049_LATENCY_SPIKE,LATENCY_SPIKE,auth-service,python-simulator,51.5,1785988341.0536542,50,0.88,0.12,closed,0.4028,40.28,0.3899,6.39,34.4,5.27,5.77,0.0084,27.14,531.4,0.003,0.0008,0.3118,0.2249,1,82.38,117.54,132.85,13,0.0832,168.53,11,0.002
live_ep_000049_LATENCY_SPIKE,LATENCY_SPIKE,auth-service,python-simulator,52.0,1785988341.5537894,80,0.9659,0.0341,closed,0.3854,38.54,0.4469,4.5,35.86,4.57,7.89,0.0016,19.07,509.5,0.0044,0.0003,0.2849,0.2482,3,86.53,90.45,104.91,18,0.0299,183.18,1,0.0046
live_ep_000049_LATENCY_SPIKE,LATENCY_SPIKE,auth-service,python-simulator,52.5,1785988342.0541918,57,0.99,0.01,closed,0.3527,35.27,0.3301,2.18,28.94,3.23,14.36,0.0287,177.98,511.1,0.0109,0.0055,0.2344,0.2419,0,97.33,101.32,295.2,12,0.0064,198.36,8,0.0016
live_ep_000049_LATENCY_SPIKE,LATENCY_SPIKE,auth-service,python-simulator,53.0,1785988342.5544477,94,0.9587,0.0413,closed,0.4033,40.33,0.4513,2.6,17.1,7.1,3.05,0.0095,17.07,489.6,0.0288,0.001,0.2266,0.2272,0,97.43,100.22,120.37,3,0.1,214.48,1,0.0032
live_ep_000049_LATENCY_SPIKE,LATENCY_SPIKE,auth-service,python-simulator,53.5,1785988343.0548813,70,0.956,0.044,closed,0.3918,39.18,0.2594,1.62,18.28,3.7,7.62,0.0033,27.29,523.1,0.0033,0.005,0.2841,0.2852,1,91.98,114.94,127.63,11,0.0117,199.48,9,0.0026
live_ep_000049_LATENCY_SPIKE,LATENCY_SPIKE,auth-service,python-simulator,54.0,1785988343.5553896,82,0.9751,0.0249,closed,0.3755,37.55,0.34,15.51,33.4,4.36,9.94,0.0172,18.15,537.6,0.0017,0.003,0.1845,0.2568,2,87.35,91.42,127.46,3,0.0169,182.95,13,0.0006
live_ep_000049_LATENCY_SPIKE,LATENCY_SPIKE,auth-service,python-simulator,54.5,1785988344.0559633,74,0.9528,0.0472,closed,0.4075,40.75,0.4251,8.34,16.11,3.55,4.77,0.0067,2.0,512.0,0.002,0.0005,0.2885,0.2316,0,90.38,95.03,111.39,18,0.1,193.96,2,0.0031
live_ep_000049_LATENCY_SPIKE,LATENCY_SPIKE,auth-service,python-simulator,55.0,1785988344.5560994,49,0.9888,0.0112,closed,0.3734,37.34,0.3795,2.73,28.82,6.3,10.44,0.0069,11.76,555.1,0.0001,0.0004,0.2479,0.2697,1,85.6,89.32,92.65,7,0.0502,193.28,1,0.0021
live_ep_000049_LATENCY_SPIKE,LATENCY_SPIKE,auth-service,python-simulator,55.5,1785988345.0564597,87,0.9875,0.0125,closed,0.4127,41.27,0.2923,3.72,15.9,4.56,3.51,0.0037,15.25,514.6,0.0062,0.0011,0.2216,0.2508,0,91.11,100.61,121.68,17,0.0264,194.3,8,0.0082
live_ep_000049_LATENCY_SPIKE,LATENCY_SPIKE,auth-service,python-simulator,56.0,1785988345.556674,51,0.9183,0.0817,closed,0.3058,30.58,0.4528,1.99,24.35,7.06,4.52,0.0089,26.45,491.3,0.0031,0.0055,0.257,0.1737,1,88.2,96.56,123.48,2,0.0119,199.9,5,0.0016
live_ep_000049_LATENCY_SPIKE,LATENCY_SPIKE,auth-service,python-simulator,56.5,1785988346.056811,83,0.99,0.01,closed,0.3268,32.68,0.2632,1.32,19.33,4.75,5.56,0.0309,46.28,483.3,0.0013,0.0023,0.18,0.2125,0,85.57,96.67,111.42,11,0.0368,209.29,2,0.0023
live_ep_000049_LATENCY_SPIKE,LATENCY_SPIKE,auth-service,python-simulator,57.0,1785988346.5569272,22,0.9646,0.0354,closed,0.3239,32.39,0.3491,3.38,18.83,1.81,6.35,0.0162,4.03,476.9,0.0092,0.0009,0.3239,0.217,0,92.35,112.8,137.52,5,0.0123,206.51,11,0.012
live_ep_000049_LATENCY_SPIKE,LATENCY_SPIKE,auth-service,python-simulator,57.5,1785988347.0570545,69,0.88,0.12,closed,0.3888,38.88,0.3985,3.9,30.2,2.28,7.88,0.0062,8.15,503.0,0.0007,0.0046,0.2752,0.2284,2,87.7,118.69,127.35,4,0.0602,200.64,11,0.0173
live_ep_000049_LATENCY_SPIKE,LATENCY_SPIKE,auth-service,python-simulator,58.0,1785988347.557659,111,0.9516,0.0484,closed,0.2056,20.56,0.3327,7.13,23.79,2.61,4.73,0.0089,15.58,477.9,0.0018,0.0006,0.2706,0.2548,1,73.91,128.89,137.38,4,0.0003,181.47,6,0.0007
live_ep_000049_LATENCY_SPIKE,LATENCY_SPIKE,auth-service,python-simulator,58.5,1785988348.0581377,102,0.9577,0.0423,closed,0.4013,40.13,0.2311,6.82,16.11,4.59,10.54,0.0254,16.28,520.8,0.0016,0.0063,0.1416,0.2355,1,102.5,119.91,143.88,9,0.052,160.18,4,0.0076
live_ep_000049_LATENCY_SPIKE,LATENCY_SPIKE,auth-service,python-simulator,59.0,1785988348.558684,59,0.9815,0.0185,closed,0.3367,33.67,0.3205,2.43,23.44,4.97,3.85,0.0071,25.23,523.0,0.004,0.0072,0.2035,0.2176,1,92.42,109.94,124.82,16,0.0398,234.57,10,0.01
live_ep_000049_LATENCY_SPIKE,LATENCY_SPIKE,auth-service,python-simulator,59.5,1785988349.059098,71,0.9824,0.0176,closed,0.4377,43.77,0.3149,5.29,22.22,4.41,2.38,0.0079,2.0,538.5,0.0064,0.0022,0.2826,0.2701,1,93.0,94.22,105.27,1,0.0728,204.46,8,0.0024
live_ep_000050_DB_SLOWDOWN,DB_SLOWDOWN,inventory-service,python-simulator,0.0,1785988349.5610852,96,0.9018,0.0982,closed,0.3361,33.61,0.3107,0.72,19.17,4.56,3.75,0.0098,11.42,546.7,0.0067,0.0004,0.2648,0.2824,4,81.32,96.96,103.95,16,0.0481,206.22,7,0.0028
live_ep_000050_DB_SLOWDOWN,DB_SLOWDOWN,inventory-service,python-simulator,0.5,1785988350.0611577,90,0.9014,0.0986,closed,0.2435,24.35,0.3442,0.71,20.76,4.56,6.32,0.0104,2.0,495.6,0.0052,0.0005,0.2499,0.1936,2,92.73,121.38,121.8,5,0.0184,194.81,13,0.0082
live_ep_000050_DB_SLOWDOWN,DB_SLOWDOWN,inventory-service,python-simulator,1.0,1785988350.5614166,117,0.99,0.01,closed,0.4375,43.75,0.3011,17.84,20.08,6.71,4.6,0.0133,3.19,510.0,0.0022,0.0019,0.2904,0.2506,3,80.21,100.72,117.06,8,0.1,198.09,14,0.0016
live_ep_000050_DB_SLOWDOWN,DB_SLOWDOWN,inventory-service,python-simulator,1.5,1785988351.061554,110,0.9885,0.0115,closed,0.4062,40.62,0.4493,0.5,30.79,2.91,5.31,0.0103,5.28,475.2,0.0022,0.0005,0.146,0.2346,0,85.7,114.43,126.14,0,0.0206,214.29,2,0.001
live_ep_000050_DB_SLOWDOWN,DB_SLOWDOWN,inventory-service,python-simulator,2.0,1785988351.5618994,117,0.962,0.038,closed,0.3562,35.62,0.418,12.06,23.22,6.08,6.61,0.007,14.61,479.2,0.0033,0.001,0.242,0.2465,3,96.12,96.48,142.7,0,0.1,239.57,8,0.0092
live_ep_000050_DB_SLOWDOWN,DB_SLOWDOWN,inventory-service,python-simulator,2.5,1785988352.062289,103,0.895,0.105,closed,0.3349,33.49,0.3913,8.37,22.8,4.05,6.6,0.0069,5.72,523.2,0.0045,0.0018,0.3219,0.2572,1,91.85,103.88,115.74,15,0.0316,195.97,8,0.0053
live_ep_000050_DB_SLOWDOWN,DB_SLOWDOWN,inventory-service,python-simulator,3.0,1785988352.5628574,108,0.969,0.031,closed,0.3998,39.98,0.3175,0.5,17.37,7.14,4.4,0.0173,39.94,514.2,0.0013,0.001,0.1727,0.2132,4,77.79,109.72,114.48,5,0.0954,187.02,8,0.0115
live_ep_000050_DB_SLOWDOWN,DB_SLOWDOWN,inventory-service,python-simulator,3.5,1785988353.063111,67,0.9299,0.0701,closed,0.3632,36.32,0.3289,14.08,18.59,5.89,6.78,0.0009,32.82,525.3,0.0048,0.0001,0.2927,0.2844,1,88.55,92.12,102.78,6,0.01,194.36,7,0.0016
live_ep_000050_DB_SLOWDOWN,DB_SLOWDOWN,inventory-service,python-simulator,4.0,1785988353.5635388,97,0.99,0.01,closed,0.3132,31.32,0.3629,11.1,20.32,3.99,2.58,0.0065,46.62,543.3,0.0035,0.0005,0.3235,0.2366,0,89.61,93.96,94.86,8,0.0118,235.53,0,0.0014
live_ep_000050_DB_SLOWDOWN,DB_SLOWDOWN,inventory-service,python-simulator,4.5,1785988354.064003,109,0.99,0.01,closed,0.3597,35.97,0.2082,18.38,15.55,4.11,5.76,0.0118,12.96,503.3,0.004,0.0002,0.2766,0.2431,4,97.14,140.5,147.93,12,0.0727,168.34,7,0.0153
live_ep_000050_DB_SLOWDOWN,DB_SLOWDOWN,inventory-service,python-simulator,5.0,1785988354.5643075,60,0.9866,0.0134,closed,0.3093,30.93,0.3759,8.45,22.77,6.48,8.32,0.0073,50.63,509.9,0.003,0.0008,0.1563,0.2403,4,91.01,96.09,114.96,17,0.0443,173.65,8,0.003
live_ep_000050_DB_SLOWDOWN,DB_SLOWDOWN,inventory-service,python-simulator,5.5,1785988355.0647123,29,0.97,0.03,closed,0.4079,40.79,0.3752,15.69,13.46,3.39,8.77,0.0046,2.0,512.4,0.0002,0.0021,0.2662,0.2619,2,89.33,96.35,106.77,5,0.0074,159.29,5,0.0034
live_ep_000050_DB_SLOWDOWN,DB_SLOWDOWN,inventory-service,python-simulator,6.0,1785988355.5651996,42,0.99,0.01,closed,0.4009,40.09,0.3047,12.86,24.33,5.02,9.52,0.0114,50.67,521.3,0.0032,0.0009,0.3036,0.3134,3,85.23,89.59,113.51,12,0.0193,207.16,14,0.006
live_ep_000050_DB_SLOWDOWN,DB_SLOWDOWN,inventory-service,python-simulator,6.5,1785988356.0656793,118,0.913,0.087,closed,0.3723,37.23,0.3238,4.94,25.23,9.62,4.87,0.0117,2.0,513.1,0.0005,0.0038,0.3434,0.2632,1,77.32,92.41,108.77,14,0.0062,227.07,7,0.0002
live_ep_000050_DB_SLOWDOWN,DB_SLOWDOWN,inventory-service,python-simulator,7.0,1785988356.5660105,26,0.9701,0.0299,closed,0.4173,41.73,0.4031,0.5,17.0,2.98,2.0,0.0138,23.8,500.7,0.0049,0.0001,0.3405,0.2695,4,87.2,112.46,122.74,17,0.0874,246.11,12,0.0097
live_ep_000050_DB_SLOWDOWN,DB_SLOWDOWN,inventory-service,python-simulator,7.5,1785988357.0661786,50,0.99,0.01,closed,0.329,32.9,0.3612,0.5,21.28,2.16,10.61,0.0057,29.03,528.7,0.0012,0.0023,0.2554,0.3464,3,88.24,90.54,110.64,17,0.0034,187.48,0,0.0003
live_ep_000050_DB_SLOWDOWN,DB_SLOWDOWN,inventory-service,python-simulator,8.0,1785988357.56631,29,0.99,0.01,closed,0.3711,37.11,0.3975,2.61,15.76,3.84,4.45,0.011,2.0,538.1,0.002,0.0036,0.2724,0.2649,0,96.36,86.99,84.0,15,0.0031,195.36,0,0.0055
live_ep_000050_DB_SLOWDOWN,DB_SLOWDOWN,inventory-service,python-simulator,8.5,1785988358.0664375,46,0.99,0.01,closed,0.343,34.3,0.3191,3.91,18.81,8.33,6.0,0.0134,5.67,469.9,0.0114,0.0011,0.1829,0.1926,0,100.44,111.52,123.48,18,0.0507,171.74,1,0.0032
live_ep_000050_DB_SLOWDOWN,DB_SLOWDOWN,inventory-service,python-simulator,9.0,1785988358.5665436,81,0.9712,0.0288,closed,0.3672,36.72,0.3042,3.42,24.95,4.78,4.54,0.0126,12.22,519.8,0.0025,0.0007,0.4078,0.2348,1,96.43,100.73,118.67,14,0.0097,203.51,5,0.0031
live_ep_000050_DB_SLOWDOWN,DB_SLOWDOWN,inventory-service,python-simulator,9.5,1785988359.0670598,83,0.9807,0.0193,closed,0.311,31.1,0.3986,5.12,30.84,2.28,4.84,0.0041,17.15,497.5,0.0097,0.0022,0.3286,0.2295,1,93.61,98.92,100.62,8,0.1,196.54,5,0.0045
live_ep_000050_DB_SLOWDOWN,DB_SLOWDOWN,inventory-service,python-simulator,10.0,1785988359.5675035,23,0.99,0.01,closed,0.3765,37.65,0.4513,0.97,20.26,5.09,5.57,0.0169,51.56,525.3,0.0012,0.0001,0.2605,0.2667,2,80.89,84.78,87.48,7,0.0855,180.84,8,0.0051
live_ep_000050_DB_SLOWDOWN,DB_SLOWDOWN,inventory-service,python-simulator,10.5,1785988360.0678377,78,0.9717,0.0283,closed,0.3077,30.77,0.265,6.55,26.76,4.69,3.91,0.0057,3.63,535.0,0.0055,0.0001,0.2694,0.2702,3,90.68,96.64,98.97,6,0.0112,205.95,4,0.01
live_ep_000050_DB_SLOWDOWN,DB_SLOWDOWN,inventory-service,python-simulator,11.0,1785988360.568419,105,0.9267,0.0733,closed,0.4021,40.21,0.5041,1.36,20.5,2.51,4.89,0.0104,2.0,521.4,0.0059,0.0008,0.2285,0.2226,2,77.48,82.22,112.68,16,0.0394,194.96,3,0.0028
live_ep_000050_DB_SLOWDOWN,DB_SLOWDOWN,inventory-service,python-simulator,11.5,1785988361.0689442,75,0.99,0.01,closed,0.2843,28.43,0.3898,8.61,12.71,5.51,11.05,0.016,21.48,483.4,0.0003,0.0023,0.2494,0.2262,3,102.52,106.01,115.04,15,0.1,190.98,3,0.009
live_ep_000050_DB_SLOWDOWN,DB_SLOWDOWN,inventory-service,python-simulator,12.0,1785988361.569371,41,0.9648,0.0352,closed,0.3873,38.73,0.4604,2.12,25.76,7.87,5.65,0.0207,45.3,493.3,0.0021,0.0032,0.2472,0.1667,4,89.5,108.94,111.3,6,0.0448,214.82,5,0.0018
live_ep_000050_DB_SLOWDOWN,DB_SLOWDOWN,inventory-service,python-simulator,12.5,1785988362.0697327,62,0.9867,0.0133,closed,0.3039,30.39,0.2492,0.5,20.4,8.43,5.29,0.0037,3.7,525.1,0.008,0.0022,0.2971,0.3,2,99.23,94.07,73.84,3,0.0081,195.75,10,0.0007
live_ep_000050_DB_SLOWDOWN,DB_SLOWDOWN,inventory-service,python-simulator,13.0,1785988362.5700347,63,0.9864,0.0136,closed,0.3793,37.93,0.4177,2.77,18.78,6.34,7.18,0.0063,4.87,545.2,0.0085,0.0011,0.2264,0.2807,4,85.4,87.26,109.65,12,0.0071,201.2,3,0.0109
live_ep_000050_DB_SLOWDOWN,DB_SLOWDOWN,inventory-service,python-simulator,13.5,1785988363.0704794,81,0.9868,0.0132,closed,0.3882,38.82,0.3849,1.52,10.75,8.81,5.48,0.0174,11.31,533.1,0.0046,0.0011,0.2626,0.2691,0,82.21,87.51,125.09,18,0.0262,174.27,12,0.0046
live_ep_000050_DB_SLOWDOWN,DB_SLOWDOWN,inventory-service,python-simulator,14.0,1785988363.5709097,22,0.9397,0.0603,closed,0.2826,28.26,0.2369,2.18,26.31,6.65,4.54,0.0042,24.71,522.8,0.0062,0.0045,0.2289,0.2609,4,86.39,93.45,106.15,12,0.0038,208.11,7,0.0018
live_ep_000050_DB_SLOWDOWN,DB_SLOWDOWN,inventory-service,python-simulator,14.5,1785988364.0710387,34,0.9734,0.0266,closed,0.3811,38.11,0.3479,16.69,41.97,3.81,3.42,0.0121,3.21,539.0,0.0006,0.0008,0.2147,0.2684,2,93.78,93.21,92.75,2,0.1,171.77,4,0.011
live_ep_000050_DB_SLOWDOWN,DB_SLOWDOWN,inventory-service,python-simulator,15.0,1785988364.5712678,80,0.9622,0.0378,closed,0.3624,36.24,0.3571,9.17,14.92,4.26,6.0,0.0084,24.25,498.8,0.0004,0.0025,0.3693,0.2521,4,81.36,136.24,141.11,2,0.0218,208.42,11,0.0027
live_ep_000050_DB_SLOWDOWN,DB_SLOWDOWN,inventory-service,python-simulator,15.5,1785988365.0716016,88,0.9344,0.0656,closed,0.375,37.5,0.3873,1.27,25.21,3.99,7.95,0.0041,2.0,528.4,0.0018,0.0051,0.2155,0.2437,2,102.91,96.08,95.38,13,0.05,164.15,8,0.0064
live_ep_000050_DB_SLOWDOWN,DB_SLOWDOWN,inventory-service,python-simulator,16.0,1785988365.5717587,68,0.9797,0.0203,closed,0.2686,26.86,0.2997,2.64,13.87,4.82,7.35,0.0123,10.44,503.4,0.0041,0.0026,0.274,0.227,1,85.86,112.0,118.56,9,0.0497,204.49,0,0.0074
live_ep_000050_DB_SLOWDOWN,DB_SLOWDOWN,inventory-service,python-simulator,16.5,1785988366.0719442,71,0.9111,0.0889,closed,0.3213,32.13,0.2915,2.79,23.95,4.08,6.68,0.0115,8.26,525.5,0.0047,0.0033,0.2067,0.2627,1,93.25,108.45,112.43,2,0.0076,206.98,1,0.0042
live_ep_000050_DB_SLOWDOWN,DB_SLOWDOWN,inventory-service,python-simulator,17.0,1785988366.5722578,35,0.88,0.12,closed,0.3457,34.57,0.3087,9.27,33.62,6.03,7.75,0.017,14.39,523.1,0.0011,0.0007,0.2793,0.2632,1,84.35,122.18,147.98,1,0.0647,180.61,1,0.0064
live_ep_000050_DB_SLOWDOWN,DB_SLOWDOWN,inventory-service,python-simulator,17.5,1785988367.072574,49,0.9377,0.0623,closed,0.4038,40.38,0.378,15.28,13.64,4.9,5.27,0.0122,2.0,489.6,0.0009,0.0009,0.2923,0.2128,0,89.48,90.43,113.54,16,0.0192,191.99,12,0.0002
live_ep_000050_DB_SLOWDOWN,DB_SLOWDOWN,inventory-service,python-simulator,18.0,1785988367.5728197,116,0.9867,0.0133,closed,0.2848,28.48,0.3292,0.5,25.44,5.91,8.28,0.0024,8.18,483.3,0.0047,0.005,0.2065,0.2789,1,86.35,89.92,127.06,5,0.0394,193.87,14,0.0059
live_ep_000050_DB_SLOWDOWN,DB_SLOWDOWN,inventory-service,python-simulator,18.5,1785988368.0732398,83,0.97,0.03,closed,0.4239,42.39,0.3096,1.64,39.93,2.23,6.88,0.0172,6.45,515.4,0.0002,0.0003,0.2343,0.2376,1,101.24,117.82,135.37,12,0.01,182.38,1,0.0098
live_ep_000050_DB_SLOWDOWN,DB_SLOWDOWN,inventory-service,python-simulator,19.0,1785988368.573499,107,0.9486,0.0514,closed,0.4121,41.21,0.3176,5.53,21.53,5.96,3.65,0.0218,26.07,488.7,0.0105,0.0021,0.2323,0.2471,3,92.54,101.86,124.98,16,0.013,178.18,12,0.0009
live_ep_000050_DB_SLOWDOWN,DB_SLOWDOWN,inventory-service,python-simulator,19.5,1785988369.0735981,82,0.88,0.12,closed,0.3332,33.32,0.2463,5.34,28.56,5.52,4.0,0.0063,23.19,496.9,0.0006,0.002,0.2337,0.3058,1,85.83,94.8,98.9,15,0.0246,172.9,14,0.0113
live_ep_000050_DB_SLOWDOWN,DB_SLOWDOWN,inventory-service,python-simulator,20.0,1785988369.5737162,88,0.9097,0.0903,closed,0.4464,44.64,0.3652,2.12,25.08,5.24,5.25,0.0064,10.28,522.5,0.0103,0.003,0.1933,0.2572,1,92.3,96.66,102.79,4,0.0677,222.52,10,0.0012
live_ep_000050_DB_SLOWDOWN,DB_SLOWDOWN,inventory-service,python-simulator,20.5,1785988370.0741646,89,0.9262,0.0738,closed,0.2933,29.33,0.4375,7.61,23.85,1.1,2.82,0.008,21.42,506.7,0.0013,0.0008,0.2081,0.2667,1,82.24,92.62,135.03,0,0.1,205.9,12,0.0153
live_ep_000050_DB_SLOWDOWN,DB_SLOWDOWN,inventory-service,python-simulator,21.0,1785988370.5743797,23,0.99,0.01,closed,0.3051,30.51,0.4416,4.09,20.46,3.66,3.55,0.0024,20.48,496.0,0.007,0.0013,0.1519,0.2594,1,95.21,124.61,128.34,11,0.0428,178.47,5,0.0057
live_ep_000050_DB_SLOWDOWN,DB_SLOWDOWN,inventory-service,python-simulator,21.5,1785988371.074691,73,0.9747,0.0253,closed,0.4045,40.45,0.4218,4.23,26.04,4.32,3.99,0.0067,2.0,505.5,0.0002,0.0002,0.3054,0.2305,1,91.24,101.03,115.4,4,0.0036,193.15,9,0.0293
live_ep_000050_DB_SLOWDOWN,DB_SLOWDOWN,inventory-service,python-simulator,22.0,1785988371.5751104,46,0.9581,0.0419,closed,0.3653,36.53,0.365,8.34,23.14,6.78,10.94,0.0115,11.57,512.7,0.0012,0.001,0.1347,0.2527,2,90.51,99.32,119.51,15,0.1,208.05,8,0.005
live_ep_000050_DB_SLOWDOWN,DB_SLOWDOWN,inventory-service,python-simulator,22.5,1785988372.0753498,63,0.9846,0.0154,closed,0.3841,38.41,0.3162,5.02,16.02,4.3,11.54,0.0108,15.55,519.5,0.0052,0.0005,0.2558,0.2363,4,91.24,99.94,112.68,16,0.011,194.26,14,0.0004
live_ep_000050_DB_SLOWDOWN,DB_SLOWDOWN,inventory-service,python-simulator,23.0,1785988372.5754907,114,0.8851,0.1149,closed,0.3645,36.45,0.1681,2.52,21.54,6.61,2.26,0.0092,60.0,528.7,0.0045,0.0001,0.1993,0.2854,0,77.75,109.1,118.29,11,0.0349,181.46,2,0.0032
live_ep_000050_DB_SLOWDOWN,DB_SLOWDOWN,inventory-service,python-simulator,23.5,1785988373.0757213,46,0.9834,0.0166,closed,0.3365,33.65,0.2952,3.61,20.16,5.44,12.26,0.0013,10.72,493.6,0.0058,0.0042,0.1988,0.2696,1,86.94,112.34,128.71,13,0.0037,213.38,8,0.0004
live_ep_000050_DB_SLOWDOWN,DB_SLOWDOWN,inventory-service,python-simulator,24.0,1785988373.575847,61,0.9135,0.0865,closed,0.3381,33.81,0.467,21.44,24.99,3.68,6.58,0.0095,4.98,514.2,0.0172,0.0003,0.2872,0.2725,3,94.34,104.41,137.12,3,0.0837,162.17,6,0.0185
live_ep_000050_DB_SLOWDOWN,DB_SLOWDOWN,inventory-service,python-simulator,24.5,1785988374.0760345,33,0.9445,0.0555,closed,0.361,36.1,0.504,0.61,12.34,6.77,7.39,0.0066,8.68,505.3,0.0001,0.0007,0.2339,0.1967,2,94.02,97.35,100.84,13,0.1,221.57,9,0.0034
live_ep_000050_DB_SLOWDOWN,DB_SLOWDOWN,inventory-service,python-simulator,25.0,1785988374.5764716,43,0.99,0.01,closed,0.4544,45.44,0.2829,3.35,11.14,4.1,8.23,0.0047,5.6,506.6,0.0078,0.0015,0.2085,0.24,0,93.08,108.1,108.38,8,0.0312,206.69,4,0.0051
live_ep_000050_DB_SLOWDOWN,DB_SLOWDOWN,inventory-service,python-simulator,25.5,1785988375.0769033,103,0.9478,0.0522,closed,0.317,31.7,0.4015,1.0,20.0,2.74,6.08,0.0037,2.0,498.8,0.005,0.0018,0.1551,0.2139,4,78.93,71.41,30.0,0,0.0303,211.58,13,0.009
live_ep_000050_DB_SLOWDOWN,DB_SLOWDOWN,inventory-service,python-simulator,26.0,1785988375.5772107,40,0.9002,0.0998,closed,0.3434,34.34,0.3138,11.19,24.71,3.53,5.67,0.0,7.42,495.4,0.0001,0.0027,0.242,0.2545,2,81.68,42.63,37.06,6,0.0442,226.88,4,0.0034
live_ep_000050_DB_SLOWDOWN,DB_SLOWDOWN,inventory-service,python-simulator,26.5,1785988376.0776916,40,0.88,0.12,closed,0.3445,34.45,0.458,1.0,25.82,4.0,9.8,0.0,30.57,534.5,0.0038,0.0019,0.3217,0.2537,2,101.97,39.83,38.72,17,0.0036,224.67,0,0.0087
live_ep_000050_DB_SLOWDOWN,DB_SLOWDOWN,inventory-service,python-simulator,27.0,1785988376.5780275,94,0.99,0.01,closed,0.3853,38.53,0.4171,1.0,21.48,4.15,6.81,0.0,15.38,528.4,0.0085,0.0005,0.2866,0.2944,2,79.77,67.03,32.22,16,0.0153,180.02,4,0.0058
live_ep_000050_DB_SLOWDOWN,DB_SLOWDOWN,inventory-service,python-simulator,27.5,1785988377.0780725,75,0.9506,0.0494,closed,0.3358,33.58,0.44,16.69,30.15,3.76,6.44,0.0,13.15,504.8,0.0053,0.0019,0.2207,0.2488,4,103.32,47.12,45.22,2,0.0053,177.78,7,0.0049
live_ep_000050_DB_SLOWDOWN,DB_SLOWDOWN,inventory-service,python-simulator,28.0,1785988377.5782158,69,0.99,0.01,closed,0.343,34.3,0.356,1.0,20.14,7.84,9.31,0.009,34.18,509.9,0.0008,0.0054,0.2033,0.2675,3,102.94,74.35,30.21,10,0.0523,191.93,13,0.0075
live_ep_000050_DB_SLOWDOWN,DB_SLOWDOWN,inventory-service,python-simulator,28.5,1785988378.0784495,31,0.9714,0.0286,closed,0.2766,27.66,0.3544,7.26,21.85,3.89,3.64,0.0,36.5,456.3,0.0178,0.0041,0.2208,0.2318,2,87.6,42.66,32.77,17,0.0857,191.12,3,0.0125
live_ep_000050_DB_SLOWDOWN,DB_SLOWDOWN,inventory-service,python-simulator,29.0,1785988378.5786958,84,0.9837,0.0163,closed,0.2846,28.46,0.3794,1.0,23.18,3.94,4.89,0.0,25.11,533.5,0.0033,0.0011,0.174,0.2901,0,99.31,52.0,34.77,8,0.0379,162.95,0,0.0069
live_ep_000050_DB_SLOWDOWN,DB_SLOWDOWN,inventory-service,python-simulator,29.5,1785988379.078904,70,0.99,0.01,closed,0.3164,31.64,0.303,1.0,21.16,4.68,6.62,0.0,19.27,511.1,0.0042,0.0006,0.3354,0.2326,2,94.51,79.29,31.73,19,0.1,202.94,14,0.0036
live_ep_000050_DB_SLOWDOWN,DB_SLOWDOWN,inventory-service,python-simulator,30.0,1785988379.5790632,70,0.99,0.01,closed,0.3402,34.02,0.4451,21.03,20.17,3.38,3.48,0.003,10.53,520.6,0.0018,0.0021,0.2582,0.231,3,100.5,48.46,30.26,10,0.0047,196.27,8,0.0126
live_ep_000050_DB_SLOWDOWN,DB_SLOWDOWN,inventory-service,python-simulator,30.5,1785988380.0791392,89,0.99,0.01,closed,0.3886,38.86,0.373,15.55,30.54,7.29,11.56,0.0,16.04,512.3,0.0159,0.0026,0.1822,0.2682,2,72.19,49.42,45.81,6,0.0299,212.24,12,0.0158
live_ep_000050_DB_SLOWDOWN,DB_SLOWDOWN,inventory-service,python-simulator,31.0,1785988380.5791998,51,0.88,0.12,closed,0.3565,35.65,0.4467,7.36,37.24,5.49,5.35,0.0142,28.91,478.5,0.0065,0.0092,0.2403,0.2075,2,85.33,76.86,55.86,3,0.0185,195.89,3,0.0092
live_ep_000050_DB_SLOWDOWN,DB_SLOWDOWN,inventory-service,python-simulator,31.5,1785988381.0794344,29,0.9371,0.0629,closed,0.2961,29.61,0.3696,1.0,29.03,9.03,5.42,0.0,4.42,510.0,0.0011,0.0015,0.3578,0.2301,2,83.01,49.75,43.55,18,0.0979,229.14,0,0.0074
live_ep_000050_DB_SLOWDOWN,DB_SLOWDOWN,inventory-service,python-simulator,32.0,1785988381.57968,35,0.9426,0.0574,closed,0.4353,43.53,0.3375,13.33,29.39,5.97,4.67,0.0026,2.0,510.8,0.0148,0.0017,0.2236,0.2527,0,73.13,58.84,32.55,13,0.0068,207.96,6,0.0137
live_ep_000050_DB_SLOWDOWN,DB_SLOWDOWN,inventory-service,python-simulator,32.5,1785988382.0799499,41,0.9114,0.0886,closed,0.3297,32.97,0.2281,7.23,26.08,7.0,5.11,0.0,2.0,487.3,0.0045,0.003,0.3248,0.2392,2,87.01,76.77,39.12,12,0.0412,188.96,12,0.0078
live_ep_000050_DB_SLOWDOWN,DB_SLOWDOWN,inventory-service,python-simulator,33.0,1785988382.5804396,65,0.9856,0.0144,closed,0.3399,33.99,0.3699,17.52,31.56,4.0,10.76,0.0029,8.61,519.3,0.0005,0.0033,0.3081,0.2639,1,91.19,78.01,47.33,0,0.0374,197.95,10,0.0036
live_ep_000050_DB_SLOWDOWN,DB_SLOWDOWN,inventory-service,python-simulator,33.5,1785988383.0807965,96,0.9349,0.0651,closed,0.2609,26.09,0.2625,1.0,20.0,2.76,6.2,0.0,6.96,549.7,0.0016,0.0007,0.2835,0.2643,0,92.89,64.22,30.0,6,0.0169,241.7,5,0.0079
live_ep_000050_DB_SLOWDOWN,DB_SLOWDOWN,inventory-service,python-simulator,34.0,1785988383.5809486,24,0.99,0.01,closed,0.3027,30.27,0.5344,20.88,36.67,2.32,4.51,0.0,15.91,502.2,0.0013,0.0033,0.3334,0.2747,4,80.15,57.43,55.0,1,0.0157,176.93,8,0.0037
live_ep_000050_DB_SLOWDOWN,DB_SLOWDOWN,inventory-service,python-simulator,34.5,1785988384.081163,102,0.88,0.12,closed,0.3349,33.49,0.3952,1.0,36.1,4.08,8.46,0.0,23.76,493.7,0.0081,0.0019,0.1677,0.2207,2,93.48,80.22,48.49,17,0.0041,169.07,4,0.01
live_ep_000050_DB_SLOWDOWN,DB_SLOWDOWN,inventory-service,python-simulator,35.0,1785988384.5816317,91,0.9064,0.0936,closed,0.338,33.8,0.4027,23.94,51.15,7.96,8.33,0.0014,55.9,538.9,0.0009,0.0066,0.2,0.259,0,83.76,82.52,76.73,13,0.0221,208.32,0,0.0087
live_ep_000050_DB_SLOWDOWN,DB_SLOWDOWN,inventory-service,python-simulator,35.5,1785988385.0818932,94,0.9246,0.0754,closed,0.2975,29.75,0.4727,1.0,40.56,2.05,5.38,0.0,3.13,519.9,0.0019,0.0024,0.2385,0.2872,3,97.31,75.65,60.84,17,0.0104,224.14,6,0.0099
live_ep_000050_DB_SLOWDOWN,DB_SLOWDOWN,inventory-service,python-simulator,36.0,1785988385.582155,56,0.9897,0.0103,closed,0.3506,35.06,0.2149,22.28,42.99,3.01,7.49,0.0,9.52,488.7,0.0015,0.001,0.281,0.2362,1,77.92,64.89,64.48,1,0.0063,212.14,2,0.0129
live_ep_000050_DB_SLOWDOWN,DB_SLOWDOWN,inventory-service,python-simulator,36.5,1785988386.0822365,105,0.9516,0.0484,closed,0.327,32.7,0.4036,1.0,22.1,2.88,3.63,0.0,8.41,486.3,0.0083,0.0019,0.3671,0.1732,0,91.18,34.26,33.15,14,0.0065,216.44,8,0.006
live_ep_000050_DB_SLOWDOWN,DB_SLOWDOWN,inventory-service,python-simulator,37.0,1785988386.5828452,35,0.979,0.021,closed,0.3363,33.63,0.3481,20.54,49.75,6.68,4.36,0.0,30.18,499.9,0.0129,0.0026,0.2842,0.2083,4,85.08,77.22,74.62,15,0.0304,217.26,8,0.0059
live_ep_000050_DB_SLOWDOWN,DB_SLOWDOWN,inventory-service,python-simulator,37.5,1785988387.0831044,80,0.9886,0.0114,closed,0.3607,36.07,0.2458,27.6,36.65,2.61,5.81,0.008,17.9,481.8,0.0021,0.0112,0.1814,0.248,1,73.93,59.45,54.97,16,0.0224,204.73,11,0.0037
live_ep_000050_DB_SLOWDOWN,DB_SLOWDOWN,inventory-service,python-simulator,38.0,1785988387.5834074,112,0.9047,0.0953,closed,0.33,33.0,0.2375,5.72,45.48,6.11,9.12,0.0,25.05,528.8,0.0055,0.0007,0.3294,0.2557,2,79.88,75.71,68.23,16,0.1,170.1,6,0.0046
live_ep_000050_DB_SLOWDOWN,DB_SLOWDOWN,inventory-service,python-simulator,38.5,1785988388.0837803,37,0.88,0.12,closed,0.2889,28.89,0.2606,15.48,20.5,2.67,5.28,0.0,3.07,523.4,0.0154,0.0003,0.2251,0.2499,4,102.69,66.28,30.75,19,0.0021,194.14,3,0.0117
live_ep_000050_DB_SLOWDOWN,DB_SLOWDOWN,inventory-service,python-simulator,39.0,1785988388.5841892,111,0.9613,0.0387,closed,0.3072,30.72,0.2815,3.45,27.45,1.97,5.65,0.0,2.0,503.2,0.0011,0.0008,0.2073,0.2666,0,99.7,49.57,41.18,6,0.0306,220.31,4,0.0055
live_ep_000050_DB_SLOWDOWN,DB_SLOWDOWN,inventory-service,python-simulator,39.5,1785988389.0844219,92,0.9399,0.0601,closed,0.3278,32.78,0.4587,11.76,54.61,3.67,5.43,0.0,13.31,472.1,0.008,0.0059,0.2362,0.2336,4,96.1,83.86,81.91,7,0.0224,205.98,2,0.0057
live_ep_000050_DB_SLOWDOWN,DB_SLOWDOWN,inventory-service,python-simulator,40.0,1785988389.584817,32,0.99,0.01,closed,0.3395,33.95,0.4215,1.0,23.25,9.65,11.99,0.0,6.58,548.9,0.0086,0.0011,0.2569,0.2327,3,82.41,45.05,34.88,12,0.0429,169.67,6,0.0096
live_ep_000050_DB_SLOWDOWN,DB_SLOWDOWN,inventory-service,python-simulator,40.5,1785988390.0848837,88,0.8845,0.1155,closed,0.3169,31.69,0.4671,1.0,44.18,6.27,4.46,0.0187,7.84,523.0,0.0019,0.012,0.3059,0.2069,2,89.81,80.41,66.27,17,0.024,212.28,2,0.0069
live_ep_000050_DB_SLOWDOWN,DB_SLOWDOWN,inventory-service,python-simulator,41.0,1785988390.5850253,65,0.9808,0.0192,closed,0.3527,35.27,0.4005,1.36,45.98,4.3,4.68,0.0016,19.6,511.2,0.0058,0.0019,0.1248,0.2474,1,84.22,78.66,68.97,12,0.1,180.21,0,0.0091
live_ep_000050_DB_SLOWDOWN,DB_SLOWDOWN,inventory-service,python-simulator,41.5,1785988391.0855846,46,0.9829,0.0171,closed,0.4051,40.51,0.4026,8.49,38.78,2.69,8.45,0.0091,4.82,526.6,0.0006,0.0064,0.3733,0.282,3,96.3,78.31,58.16,15,0.0411,165.03,11,0.0084
live_ep_000050_DB_SLOWDOWN,DB_SLOWDOWN,inventory-service,python-simulator,42.0,1785988391.585928,71,0.99,0.01,closed,0.317,31.7,0.4492,18.22,36.06,3.38,6.41,0.0046,23.49,500.5,0.0016,0.0028,0.2505,0.2084,1,101.91,79.53,54.1,1,0.0573,183.38,12,0.004
live_ep_000050_DB_SLOWDOWN,DB_SLOWDOWN,inventory-service,python-simulator,42.5,1785988392.0863554,80,0.9686,0.0314,closed,0.4066,40.66,0.2731,23.56,33.53,3.49,5.57,0.0002,2.26,513.3,0.0031,0.0027,0.2358,0.2369,0,82.58,71.22,50.3,15,0.0722,195.49,8,0.0051
live_ep_000050_DB_SLOWDOWN,DB_SLOWDOWN,inventory-service,python-simulator,43.0,1785988392.586513,69,0.9312,0.0688,closed,0.3469,34.69,0.2951,23.2,43.87,6.71,9.4,0.0002,7.82,502.5,0.0018,0.0036,0.1237,0.2467,1,93.97,87.54,65.8,9,0.0419,207.4,9,0.0141
live_ep_000050_DB_SLOWDOWN,DB_SLOWDOWN,inventory-service,python-simulator,43.5,1785988393.086847,114,0.99,0.01,closed,0.4053,40.53,0.3607,12.65,20.0,6.31,9.27,0.0,24.58,518.6,0.0056,0.0031,0.1397,0.2744,3,90.98,73.91,30.0,19,0.0258,190.64,8,0.0061
live_ep_000050_DB_SLOWDOWN,DB_SLOWDOWN,inventory-service,python-simulator,44.0,1785988393.5873523,94,0.9264,0.0736,closed,0.2761,27.61,0.2734,12.94,38.98,3.61,4.04,0.0,12.21,468.9,0.0004,0.0003,0.1987,0.2572,1,85.31,58.58,58.47,10,0.0048,190.94,10,0.0127
live_ep_000050_DB_SLOWDOWN,DB_SLOWDOWN,inventory-service,python-simulator,44.5,1785988394.0876946,53,0.9658,0.0342,closed,0.3517,35.17,0.3726,12.29,35.42,3.66,7.81,0.0,6.64,493.8,0.0111,0.0002,0.191,0.2381,2,87.96,74.73,53.13,16,0.0112,196.33,5,0.0044
live_ep_000050_DB_SLOWDOWN,DB_SLOWDOWN,inventory-service,python-simulator,45.0,1785988394.5879931,89,0.9666,0.0334,closed,0.3075,30.75,0.4381,5.67,38.15,2.34,8.56,0.0026,21.86,523.7,0.0024,0.0024,0.2124,0.2571,4,98.13,84.75,57.23,12,0.0713,151.74,7,0.0106
live_ep_000050_DB_SLOWDOWN,DB_SLOWDOWN,inventory-service,python-simulator,45.5,1785988395.088456,94,0.977,0.023,closed,0.4144,41.44,0.481,16.62,48.16,5.17,7.55,0.0,31.67,493.5,0.0035,0.0014,0.3034,0.2038,3,71.62,72.23,72.24,0,0.0303,230.27,6,0.0092
live_ep_000050_DB_SLOWDOWN,DB_SLOWDOWN,inventory-service,python-simulator,46.0,1785988395.5890028,78,0.9239,0.0761,closed,0.3181,31.81,0.349,3.74,28.09,3.16,4.06,0.0,2.0,495.1,0.0026,0.0021,0.2201,0.2538,1,82.87,42.95,42.14,6,0.0272,202.73,1,0.0097
live_ep_000050_DB_SLOWDOWN,DB_SLOWDOWN,inventory-service,python-simulator,46.5,1785988396.0895588,114,0.9686,0.0314,closed,0.3841,38.41,0.4553,4.07,40.93,7.08,5.58,0.0,19.55,473.7,0.0009,0.0021,0.1539,0.2496,3,88.96,76.81,61.4,0,0.0108,192.98,6,0.0061
live_ep_000050_DB_SLOWDOWN,DB_SLOWDOWN,inventory-service,python-simulator,47.0,1785988396.5900776,27,0.99,0.01,closed,0.3392,33.92,0.235,1.0,44.28,5.45,3.71,0.0,39.6,493.7,0.0188,0.0054,0.3361,0.259,0,102.92,93.21,66.42,6,0.0083,188.13,13,0.0046
live_ep_000050_DB_SLOWDOWN,DB_SLOWDOWN,inventory-service,python-simulator,47.5,1785988397.0902102,121,0.9787,0.0213,closed,0.3717,37.17,0.3565,2.71,40.48,5.4,5.0,0.0,60.0,547.0,0.0109,0.0002,0.1957,0.2984,1,95.51,78.43,60.73,13,0.0053,222.39,8,0.0151
live_ep_000050_DB_SLOWDOWN,DB_SLOWDOWN,inventory-service,python-simulator,48.0,1785988397.590589,120,0.8821,0.1179,closed,0.29,29.0,0.4747,29.03,64.85,3.8,4.96,0.01,10.46,484.8,0.0011,0.0074,0.3036,0.2745,0,87.09,96.7,97.27,15,0.0128,200.42,10,0.0107
live_ep_000050_DB_SLOWDOWN,DB_SLOWDOWN,inventory-service,python-simulator,48.5,1785988398.0910625,36,0.9862,0.0138,closed,0.3735,37.35,0.3665,8.96,46.17,7.51,5.06,0.0,34.01,518.7,0.0077,0.0017,0.1978,0.2825,0,93.1,84.2,69.26,14,0.0202,209.65,12,0.0046
live_ep_000050_DB_SLOWDOWN,DB_SLOWDOWN,inventory-service,python-simulator,49.0,1785988398.5914054,81,0.88,0.12,closed,0.2661,26.61,0.4322,8.82,56.62,7.28,6.74,0.0155,27.16,507.0,0.002,0.0108,0.2541,0.2865,2,92.59,90.66,84.93,18,0.008,211.81,3,0.0149
live_ep_000050_DB_SLOWDOWN,DB_SLOWDOWN,inventory-service,python-simulator,49.5,1785988399.0916529,91,0.9262,0.0738,closed,0.2353,23.53,0.4064,12.45,40.38,6.55,8.65,0.0077,9.93,518.7,0.0015,0.0057,0.1868,0.223,0,97.95,64.27,60.56,0,0.005,222.25,11,0.0049
live_ep_000050_DB_SLOWDOWN,DB_SLOWDOWN,inventory-service,python-simulator,50.0,1785988399.5918257,85,0.9404,0.0596,closed,0.319,31.9,0.1512,3.79,27.34,2.5,9.54,0.0024,5.13,526.2,0.0162,0.0017,0.1456,0.2532,1,96.0,64.58,41.01,0,0.0488,171.08,14,0.0137
live_ep_000050_DB_SLOWDOWN,DB_SLOWDOWN,inventory-service,python-simulator,50.5,1785988400.0922198,82,0.9833,0.0167,closed,0.3125,31.25,0.3721,30.48,58.45,8.02,6.89,0.0217,16.26,516.8,0.004,0.0149,0.2174,0.2969,2,87.66,87.68,87.68,7,0.0511,229.18,2,0.0099
live_ep_000050_DB_SLOWDOWN,DB_SLOWDOWN,inventory-service,python-simulator,51.0,1785988400.5925949,48,0.88,0.12,closed,0.3139,31.39,0.3291,5.85,30.56,7.92,3.31,0.0,7.17,555.6,0.0008,0.0009,0.3833,0.3013,2,85.56,68.26,45.83,16,0.0757,219.45,7,0.0066
live_ep_000050_DB_SLOWDOWN,DB_SLOWDOWN,inventory-service,python-simulator,51.5,1785988401.0929222,69,0.9652,0.0348,closed,0.3477,34.77,0.3378,20.31,41.89,2.69,6.66,0.0,6.62,494.2,0.0012,0.0011,0.2526,0.2144,2,86.94,65.4,62.83,11,0.0401,216.49,12,0.0044
live_ep_000050_DB_SLOWDOWN,DB_SLOWDOWN,inventory-service,python-simulator,52.0,1785988401.5930007,65,0.9344,0.0656,closed,0.3275,32.75,0.325,39.2,78.16,5.19,7.7,0.0068,13.12,484.0,0.002,0.0054,0.3339,0.2244,1,99.65,116.94,117.24,17,0.0075,193.87,11,0.0086
live_ep_000050_DB_SLOWDOWN,DB_SLOWDOWN,inventory-service,python-simulator,52.5,1785988402.0931227,43,0.9748,0.0252,closed,0.3401,34.01,0.3961,17.7,74.91,4.47,6.99,0.0061,17.55,485.3,0.0061,0.0034,0.2981,0.2563,0,86.03,92.9,112.37,2,0.0243,187.07,4,0.01
live_ep_000050_DB_SLOWDOWN,DB_SLOWDOWN,inventory-service,python-simulator,53.0,1785988402.5933874,54,0.9845,0.0155,closed,0.3432,34.32,0.4034,29.43,38.52,7.25,9.65,0.0015,14.83,538.4,0.0003,0.002,0.1745,0.1865,4,92.65,74.86,57.78,11,0.0873,169.1,7,0.0043
live_ep_000050_DB_SLOWDOWN,DB_SLOWDOWN,inventory-service,python-simulator,53.5,1785988403.0934932,93,0.9877,0.0123,closed,0.3549,35.49,0.4934,12.96,44.99,8.62,4.01,0.0,37.28,526.4,0.0031,0.0042,0.1946,0.2387,2,85.5,83.91,67.48,6,0.0016,212.67,9,0.0047
live_ep_000050_DB_SLOWDOWN,DB_SLOWDOWN,inventory-service,python-simulator,54.0,1785988403.5938368,98,0.9433,0.0567,closed,0.2929,29.29,0.4088,10.67,86.35,6.06,6.56,0.0085,23.17,503.3,0.0011,0.0043,0.3591,0.25,0,103.01,104.57,129.52,2,0.0233,173.29,0,0.0101
live_ep_000050_DB_SLOWDOWN,DB_SLOWDOWN,inventory-service,python-simulator,54.5,1785988404.094329,24,0.9598,0.0402,closed,0.4368,43.68,0.5132,19.04,51.08,2.49,5.98,0.0,10.75,535.2,0.0016,0.001,0.2772,0.298,0,75.73,76.49,76.63,5,0.0141,174.79,3,0.0068
live_ep_000050_DB_SLOWDOWN,DB_SLOWDOWN,inventory-service,python-simulator,55.0,1785988404.5947855,102,0.9343,0.0657,closed,0.3595,35.95,0.6399,20.64,62.99,6.08,9.64,0.0014,23.73,515.5,0.0025,0.0011,0.303,0.1847,4,93.47,94.32,94.49,18,0.0181,218.6,5,0.0072
live_ep_000050_DB_SLOWDOWN,DB_SLOWDOWN,inventory-service,python-simulator,55.5,1785988405.094992,119,0.9757,0.0243,closed,0.2839,28.39,0.4763,10.53,52.43,3.62,4.77,0.0056,16.47,511.1,0.0167,0.0034,0.3439,0.3055,3,87.67,76.52,75.89,4,0.0221,213.21,10,0.0086
live_ep_000050_DB_SLOWDOWN,DB_SLOWDOWN,inventory-service,python-simulator,56.0,1785988405.5951707,87,0.9799,0.0201,closed,0.2562,25.62,0.3669,23.66,51.48,5.2,7.96,0.0,55.59,492.2,0.0148,0.0017,0.1768,0.206,4,91.34,87.76,77.22,5,0.0187,185.52,3,0.0089
live_ep_000050_DB_SLOWDOWN,DB_SLOWDOWN,inventory-service,python-simulator,56.5,1785988406.095337,49,0.9884,0.0116,closed,0.339,33.9,0.4886,10.13,55.06,2.56,10.31,0.0075,3.83,521.1,0.002,0.0064,0.3051,0.2495,4,102.61,95.97,82.59,11,0.026,169.72,10,0.0133
live_ep_000050_DB_SLOWDOWN,DB_SLOWDOWN,inventory-service,python-simulator,57.0,1785988406.5954778,118,0.99,0.01,closed,0.3059,30.59,0.3032,5.52,44.3,3.24,9.27,0.0118,6.33,485.9,0.0044,0.0101,0.3193,0.2367,1,94.01,68.06,66.46,10,0.0199,210.94,3,0.0052
live_ep_000050_DB_SLOWDOWN,DB_SLOWDOWN,inventory-service,python-simulator,57.5,1785988407.095882,54,0.9462,0.0538,closed,0.3439,34.39,0.3661,21.51,74.08,3.48,10.25,0.0085,24.44,496.7,0.0011,0.0043,0.3098,0.2717,4,85.13,89.76,111.12,4,0.0213,185.67,12,0.0085
live_ep_000050_DB_SLOWDOWN,DB_SLOWDOWN,inventory-service,python-simulator,58.0,1785988407.5963233,61,0.99,0.01,closed,0.4517,45.17,0.4527,1.47,62.52,3.92,5.64,0.0016,5.97,508.1,0.0071,0.001,0.3687,0.2177,3,88.96,89.3,93.78,12,0.0569,163.52,8,0.0197
live_ep_000050_DB_SLOWDOWN,DB_SLOWDOWN,inventory-service,python-simulator,58.5,1785988408.0964015,38,0.9635,0.0365,closed,0.286,28.6,0.409,17.45,66.36,6.36,5.36,0.0002,5.23,480.7,0.0041,0.0014,0.233,0.223,1,87.01,87.48,96.0,4,0.0896,208.3,7,0.0152
live_ep_000050_DB_SLOWDOWN,DB_SLOWDOWN,inventory-service,python-simulator,59.0,1785988408.5965512,103,0.9513,0.0487,closed,0.261,26.1,0.3546,18.84,49.08,4.37,5.12,0.0129,2.27,511.8,0.0005,0.0117,0.2959,0.241,0,88.65,74.41,73.62,10,0.0059,190.05,11,0.0105
live_ep_000050_DB_SLOWDOWN,DB_SLOWDOWN,inventory-service,python-simulator,59.5,1785988409.097004,44,0.88,0.12,closed,0.3741,37.41,0.3416,15.19,61.52,4.89,3.86,0.016,3.84,490.0,0.0048,0.0096,0.288,0.2726,3,97.31,93.98,92.28,7,0.0121,210.87,0,0.0077
live_ep_000051_CASCADING_FAILURE,CASCADING_FAILURE,order-service,python-simulator,0.0,1785988409.5985258,109,0.9543,0.0457,closed,0.4109,41.09,0.2487,0.86,19.83,1.81,6.73,0.0201,2.0,524.8,0.012,0.0013,0.178,0.2776,3,96.8,100.94,104.42,2,0.0513,178.62,4,0.0061
live_ep_000051_CASCADING_FAILURE,CASCADING_FAILURE,order-service,python-simulator,0.5,1785988410.0986233,52,0.9503,0.0497,closed,0.3756,37.56,0.2409,1.08,15.71,10.29,12.4,0.0094,3.51,462.6,0.0033,0.003,0.3094,0.2432,1,103.28,107.93,137.45,11,0.0195,189.67,13,0.0081
live_ep_000051_CASCADING_FAILURE,CASCADING_FAILURE,order-service,python-simulator,1.0,1785988410.599142,49,0.9728,0.0272,closed,0.4272,42.72,0.4024,4.5,10.97,5.06,8.08,0.0146,15.83,514.7,0.0009,0.0002,0.3751,0.2589,2,88.9,99.62,133.29,15,0.0041,190.84,3,0.0079
live_ep_000051_CASCADING_FAILURE,CASCADING_FAILURE,order-service,python-simulator,1.5,1785988411.0997448,50,0.9751,0.0249,closed,0.4198,41.98,0.2409,0.5,13.61,6.68,3.18,0.0124,18.8,513.7,0.0128,0.0048,0.1496,0.2503,1,91.67,94.96,114.5,6,0.0371,223.33,5,0.0168
live_ep_000051_CASCADING_FAILURE,CASCADING_FAILURE,order-service,python-simulator,2.0,1785988411.5999842,58,0.9289,0.0711,closed,0.3004,30.04,0.3746,0.5,10.59,3.88,9.85,0.0154,10.7,522.5,0.0048,0.0001,0.2752,0.2251,3,93.19,116.57,127.32,15,0.0152,162.76,11,0.0021
live_ep_000051_CASCADING_FAILURE,CASCADING_FAILURE,order-service,python-simulator,2.5,1785988412.1004217,80,0.9736,0.0264,closed,0.4722,47.22,0.2275,1.26,14.9,4.71,7.41,0.0041,2.0,501.7,0.0008,0.0009,0.2261,0.204,4,95.12,109.03,140.38,3,0.0148,230.96,4,0.0064
live_ep_000051_CASCADING_FAILURE,CASCADING_FAILURE,order-service,python-simulator,3.0,1785988412.6008046,98,0.9748,0.0252,closed,0.2869,28.69,0.3985,1.71,22.09,5.55,5.51,0.0107,45.7,492.9,0.001,0.0012,0.2327,0.3067,0,93.88,101.59,118.92,7,0.0322,175.74,4,0.0183
live_ep_000051_CASCADING_FAILURE,CASCADING_FAILURE,order-service,python-simulator,3.5,1785988413.1012483,71,0.88,0.12,closed,0.3028,30.28,0.3274,7.59,16.31,2.61,4.01,0.006,18.34,536.2,0.0002,0.001,0.3697,0.3082,1,89.57,91.73,95.2,18,0.0125,189.19,4,0.0068
live_ep_000051_CASCADING_FAILURE,CASCADING_FAILURE,order-service,python-simulator,4.0,1785988413.6015196,54,0.99,0.01,closed,0.3642,36.42,0.3743,1.32,19.14,11.26,5.71,0.0097,7.62,508.3,0.0019,0.0013,0.2526,0.2985,2,83.74,120.75,142.0,15,0.0186,203.0,9,0.0019
live_ep_000051_CASCADING_FAILURE,CASCADING_FAILURE,order-service,python-simulator,4.5,1785988414.1015966,75,0.9525,0.0475,closed,0.368,36.8,0.3227,6.02,26.4,2.92,3.95,0.0051,40.37,490.2,0.0092,0.0003,0.332,0.249,2,85.23,85.26,142.7,8,0.0009,206.88,0,0.0043
live_ep_000051_CASCADING_FAILURE,CASCADING_FAILURE,order-service,python-simulator,5.0,1785988414.6017218,80,0.9832,0.0168,closed,0.4055,40.55,0.3585,1.35,13.92,8.5,3.02,0.0055,10.37,529.0,0.0074,0.0102,0.2915,0.279,2,93.72,130.82,139.32,14,0.0222,196.4,12,0.0055
live_ep_000051_CASCADING_FAILURE,CASCADING_FAILURE,order-service,python-simulator,5.5,1785988415.101876,293,0.88,0.12,closed,0.812,81.2,0.4405,8.0,20.0,3.95,7.16,0.013,202.81,698.4,0.0138,0.0069,0.3377,0.3148,4,90.66,447.1,1555.28,243,0.0078,186.64,416,0.0078
live_ep_000051_CASCADING_FAILURE,CASCADING_FAILURE,order-service,python-simulator,6.0,1785988415.6025667,359,0.8826,0.1174,closed,0.8118,81.18,0.5067,8.62,21.54,7.01,5.8,0.0104,192.6,690.2,0.012,0.0054,0.259,0.3801,2,106.21,755.04,1253.3,243,0.0063,187.4,411,0.0042
live_ep_000051_CASCADING_FAILURE,CASCADING_FAILURE,order-service,python-simulator,6.5,1785988416.1027381,301,0.9683,0.0317,closed,0.8446,84.46,0.5008,8.0,20.0,5.1,8.52,0.0155,175.46,622.6,0.0034,0.0122,0.3488,0.366,3,102.97,659.38,1534.76,253,0.0093,206.22,433,0.0085
live_ep_000051_CASCADING_FAILURE,CASCADING_FAILURE,order-service,python-simulator,7.0,1785988416.6029613,283,0.9795,0.0205,closed,0.7828,78.28,0.2833,8.0,20.0,6.12,6.08,0.0061,176.18,663.6,0.0036,0.0038,0.2434,0.3466,4,88.9,225.66,1351.62,234,0.0036,235.95,400,0.0099
live_ep_000051_CASCADING_FAILURE,CASCADING_FAILURE,order-service,python-simulator,7.5,1785988417.103306,296,0.9728,0.0272,closed,0.8442,84.42,0.5038,8.0,20.0,2.09,5.25,0.0238,171.19,687.5,0.0125,0.0163,0.2788,0.3657,2,95.35,1408.16,1457.92,253,0.0143,197.46,422,0.0108
live_ep_000051_CASCADING_FAILURE,CASCADING_FAILURE,order-service,python-simulator,8.0,1785988417.6035583,290,0.9889,0.0111,closed,0.7774,77.74,0.3759,9.73,24.33,4.19,6.0,0.0163,183.05,652.2,0.0054,0.0082,0.2952,0.3297,3,87.03,612.92,1486.41,233,0.0098,190.21,395,0.0122
live_ep_000051_CASCADING_FAILURE,CASCADING_FAILURE,order-service,python-simulator,8.5,1785988418.1036468,279,0.9049,0.0951,closed,0.8139,81.39,0.5231,8.0,20.0,2.76,3.14,0.0045,178.52,649.5,0.0064,0.0069,0.3105,0.2949,0,85.42,1410.01,1440.5,244,0.0027,197.31,410,0.0049
live_ep_000051_CASCADING_FAILURE,CASCADING_FAILURE,order-service,python-simulator,9.0,1785988418.6037621,346,0.9167,0.0833,closed,0.7787,77.87,0.3619,8.0,20.0,4.34,4.11,0.0044,180.06,677.1,0.0125,0.004,0.2595,0.3479,0,91.52,287.61,1450.52,233,0.0026,196.87,398,0.0024
live_ep_000051_CASCADING_FAILURE,CASCADING_FAILURE,order-service,python-simulator,9.5,1785988419.1041577,345,0.99,0.01,closed,0.8363,83.63,0.369,8.09,20.22,4.04,10.29,0.0107,189.3,691.6,0.0025,0.0058,0.1867,0.3692,1,83.34,584.46,1363.3,250,0.0064,170.46,419,0.0049
live_ep_000051_CASCADING_FAILURE,CASCADING_FAILURE,order-service,python-simulator,10.0,1785988419.6045682,314,0.9504,0.0496,closed,0.8,80.0,0.351,11.72,29.31,5.32,3.36,0.0105,168.15,680.5,0.0034,0.0053,0.2168,0.3484,2,97.78,209.42,1341.65,240,0.0063,179.5,408,0.007
live_ep_000051_CASCADING_FAILURE,CASCADING_FAILURE,order-service,python-simulator,10.5,1785988420.1047313,351,0.99,0.01,closed,0.8214,82.14,0.2179,8.0,20.0,2.86,5.85,0.0112,186.13,680.5,0.026,0.0056,0.269,0.3581,1,87.67,949.15,1447.71,246,0.0067,245.9,413,0.0035
live_ep_000051_CASCADING_FAILURE,CASCADING_FAILURE,order-service,python-simulator,11.0,1785988420.6050591,329,0.9706,0.0294,closed,0.8876,88.76,0.2589,13.67,34.18,3.04,3.74,0.0142,202.88,693.7,0.004,0.015,0.3376,0.305,3,90.44,161.61,1580.39,266,0.0085,219.68,455,0.0116
live_ep_000051_CASCADING_FAILURE,CASCADING_FAILURE,order-service,python-simulator,11.5,1785988421.105156,306,0.88,0.12,closed,0.7972,79.72,0.3348,9.06,22.65,4.82,8.44,0.0348,178.54,683.0,0.0126,0.0184,0.1721,0.3426,2,99.52,652.99,1546.1,239,0.0209,148.09,404,0.0237
live_ep_000051_CASCADING_FAILURE,CASCADING_FAILURE,order-service,python-simulator,12.0,1785988421.6052525,355,0.9846,0.0154,closed,0.8408,84.08,0.4568,9.29,23.22,8.03,7.03,0.0131,170.73,695.5,0.0148,0.007,0.2418,0.2944,0,110.85,1124.65,1445.09,252,0.0078,224.39,431,0.0092
live_ep_000051_CASCADING_FAILURE,CASCADING_FAILURE,order-service,python-simulator,12.5,1785988422.1056447,281,0.8821,0.1179,closed,0.7926,79.26,0.4525,8.0,20.0,4.76,7.1,0.0115,161.94,686.4,0.005,0.0082,0.275,0.319,3,80.41,616.57,1411.36,237,0.0069,225.16,406,0.0065
live_ep_000051_CASCADING_FAILURE,CASCADING_FAILURE,order-service,python-simulator,13.0,1785988422.6061356,321,0.99,0.01,closed,0.805,80.5,0.142,8.48,21.2,10.69,8.05,0.0155,181.99,677.9,0.0064,0.0121,0.2576,0.3353,4,93.45,947.9,1455.35,241,0.0093,192.35,416,0.0085
live_ep_000051_CASCADING_FAILURE,CASCADING_FAILURE,order-service,python-simulator,13.5,1785988423.1067245,292,0.976,0.024,closed,0.8161,81.61,0.1874,11.77,29.43,3.97,7.83,0.0135,168.51,718.7,0.0142,0.0093,0.24,0.3473,0,81.95,530.17,1451.88,244,0.0081,186.48,417,0.0108
live_ep_000051_CASCADING_FAILURE,CASCADING_FAILURE,order-service,python-simulator,14.0,1785988423.6071055,369,0.99,0.01,closed,0.8456,84.56,0.4229,8.88,22.2,10.44,5.1,0.0183,171.11,700.1,0.0099,0.0102,0.2317,0.3529,3,93.15,581.43,1630.58,253,0.011,198.76,425,0.0078
live_ep_000051_CASCADING_FAILURE,CASCADING_FAILURE,order-service,python-simulator,14.5,1785988424.1072564,294,0.99,0.01,closed,0.7798,77.98,0.1796,8.9,22.25,7.98,5.3,0.0254,204.48,673.5,0.0203,0.0166,0.1477,0.363,3,99.85,369.05,1523.02,233,0.0152,157.51,398,0.0084
live_ep_000051_CASCADING_FAILURE,CASCADING_FAILURE,order-service,python-simulator,15.0,1785988424.6076148,338,0.99,0.01,closed,0.797,79.7,0.2854,9.07,22.66,2.39,4.3,0.0174,199.86,666.4,0.0071,0.0149,0.1511,0.3907,0,102.21,470.62,1541.01,239,0.0105,206.83,411,0.0114
live_ep_000051_CASCADING_FAILURE,CASCADING_FAILURE,order-service,python-simulator,15.5,1785988425.107932,249,0.8824,0.1176,closed,0.7291,72.91,0.4191,11.2,28.0,12.17,16.74,0.0164,154.32,663.6,0.0118,0.0084,0.256,0.3199,0,97.92,749.81,1522.48,218,0.0098,179.01,365,0.0089
live_ep_000051_CASCADING_FAILURE,CASCADING_FAILURE,order-service,python-simulator,16.0,1785988425.608486,311,0.99,0.01,closed,0.813,81.3,0.3417,8.67,21.67,4.35,9.39,0.0194,173.51,677.1,0.011,0.0098,0.1885,0.3287,3,105.49,656.48,1434.09,243,0.0117,207.37,418,0.0105
live_ep_000051_CASCADING_FAILURE,CASCADING_FAILURE,order-service,python-simulator,16.5,1785988426.1092608,287,0.88,0.12,closed,0.8118,81.18,0.37,14.52,36.3,5.61,4.87,0.024,164.35,697.9,0.005,0.0158,0.2796,0.3159,0,108.69,476.57,1539.93,243,0.0144,201.65,418,0.0103
live_ep_000051_CASCADING_FAILURE,CASCADING_FAILURE,order-service,python-simulator,17.0,1785988426.6098313,306,0.9681,0.0319,closed,0.8232,82.32,0.3176,8.89,22.22,5.82,8.76,0.0356,166.64,644.3,0.014,0.0184,0.3584,0.303,1,93.26,1112.16,1331.42,246,0.0214,205.28,416,0.0134
live_ep_000051_CASCADING_FAILURE,CASCADING_FAILURE,order-service,python-simulator,17.5,1785988427.1100879,298,0.9061,0.0939,closed,0.7939,79.39,0.4165,16.57,41.43,4.16,6.07,0.0359,160.78,682.5,0.0126,0.02,0.3459,0.3478,3,107.79,644.31,1130.69,238,0.0216,161.43,397,0.0115
live_ep_000051_CASCADING_FAILURE,CASCADING_FAILURE,order-service,python-simulator,18.0,1785988427.6102529,294,0.99,0.01,closed,0.8667,86.67,0.4522,14.17,35.42,5.84,4.28,0.0238,179.16,669.1,0.0139,0.0129,0.2167,0.3548,0,96.27,1173.54,1467.61,260,0.0143,196.44,445,0.0111
live_ep_000051_CASCADING_FAILURE,CASCADING_FAILURE,order-service,python-simulator,18.5,1785988428.1107337,266,0.953,0.047,closed,0.7615,76.15,0.2317,12.99,32.48,4.24,3.98,0.0245,157.52,640.4,0.0054,0.0125,0.2438,0.3308,2,109.19,715.2,1410.41,228,0.0147,159.4,386,0.0133
live_ep_000051_CASCADING_FAILURE,CASCADING_FAILURE,order-service,python-simulator,19.0,1785988428.6112225,334,0.99,0.01,closed,0.8104,81.04,0.3669,8.0,20.0,1.04,10.09,0.0277,164.09,667.6,0.0179,0.0153,0.2875,0.3179,1,112.97,1071.84,1435.43,243,0.0166,171.19,409,0.0187
live_ep_000051_CASCADING_FAILURE,CASCADING_FAILURE,order-service,python-simulator,19.5,1785988429.1115084,324,0.99,0.01,closed,0.8692,86.92,0.3064,11.71,29.27,1.97,3.93,0.023,178.97,672.6,0.0281,0.0118,0.2009,0.3172,2,103.02,911.92,1465.22,260,0.0138,172.52,447,0.0079
live_ep_000051_CASCADING_FAILURE,CASCADING_FAILURE,order-service,python-simulator,20.0,1785988429.6116202,270,0.9133,0.0867,closed,0.7859,78.59,0.413,13.26,33.16,8.51,6.06,0.0241,163.05,668.3,0.0104,0.0159,0.1545,0.282,3,106.23,1109.75,1635.63,235,0.0144,147.62,404,0.0203
live_ep_000051_CASCADING_FAILURE,CASCADING_FAILURE,order-service,python-simulator,20.5,1785988430.1117074,348,0.9267,0.0733,closed,0.7809,78.09,0.2866,21.39,53.48,3.31,11.24,0.0348,174.76,673.3,0.0252,0.0175,0.2381,0.2915,4,117.82,1513.31,1559.94,234,0.0209,206.11,390,0.0122
live_ep_000051_CASCADING_FAILURE,CASCADING_FAILURE,order-service,python-simulator,21.0,1785988430.6122456,341,0.9753,0.0247,closed,0.8751,87.51,0.3549,18.19,45.47,4.76,5.88,0.0256,186.16,689.5,0.0058,0.0129,0.3088,0.3788,4,109.11,1203.41,1506.17,262,0.0153,179.62,441,0.0088
live_ep_000051_CASCADING_FAILURE,CASCADING_FAILURE,order-service,python-simulator,21.5,1785988431.1124508,294,0.989,0.011,closed,0.8997,89.97,0.3527,10.68,26.7,3.76,5.13,0.0341,217.5,708.2,0.0085,0.0192,0.2198,0.3521,1,98.03,160.82,1651.31,269,0.0205,225.39,456,0.0165
live_ep_000051_CASCADING_FAILURE,CASCADING_FAILURE,order-service,python-simulator,22.0,1785988431.612882,282,0.9515,0.0485,closed,0.781,78.1,0.48,14.99,37.48,3.91,20.79,0.027,164.39,627.5,0.0127,0.0156,0.2704,0.3344,5,104.79,1273.81,1477.66,234,0.0162,209.17,398,0.0111
live_ep_000051_CASCADING_FAILURE,CASCADING_FAILURE,order-service,python-simulator,22.5,1785988432.1132693,307,0.9892,0.0108,closed,0.8506,85.06,0.3759,23.98,59.94,5.42,7.33,0.0272,177.37,702.1,0.0117,0.0151,0.2251,0.3823,3,111.17,848.39,1380.1,255,0.0163,199.58,425,0.0189
live_ep_000051_CASCADING_FAILURE,CASCADING_FAILURE,order-service,python-simulator,23.0,1785988432.6134064,295,0.958,0.042,closed,0.6965,69.65,0.4393,13.14,32.86,4.92,4.02,0.0356,161.12,649.5,0.011,0.0185,0.2523,0.3698,2,112.33,1292.89,1520.29,208,0.0214,227.76,352,0.015
live_ep_000051_CASCADING_FAILURE,CASCADING_FAILURE,order-service,python-simulator,23.5,1785988433.1135292,367,0.99,0.01,closed,0.8381,83.81,0.3892,11.21,28.03,3.14,6.19,0.0346,181.52,688.1,0.0149,0.0224,0.2412,0.3338,3,102.65,402.44,1359.63,251,0.0207,208.44,423,0.0164
live_ep_000051_CASCADING_FAILURE,CASCADING_FAILURE,order-service,python-simulator,24.0,1785988433.6140864,348,0.965,0.035,closed,0.7669,76.69,0.3711,8.44,21.1,3.93,8.0,0.0361,171.44,676.6,0.0169,0.0183,0.2435,0.3588,3,116.57,482.16,1551.08,230,0.0216,201.29,383,0.0207
live_ep_000051_CASCADING_FAILURE,CASCADING_FAILURE,order-service,python-simulator,24.5,1785988434.1144323,363,0.9583,0.0417,closed,0.9117,91.17,0.2968,9.44,23.59,6.3,2.99,0.0346,196.45,710.0,0.0089,0.0175,0.2245,0.3408,3,109.38,543.27,1539.36,273,0.0208,195.23,468,0.0334
live_ep_000051_CASCADING_FAILURE,CASCADING_FAILURE,order-service,python-simulator,25.0,1785988434.6147535,353,0.99,0.01,closed,0.8058,80.58,0.5207,13.15,32.88,3.39,13.85,0.0433,181.11,713.9,0.0101,0.0224,0.3609,0.3543,1,113.27,212.75,1393.81,241,0.026,237.53,404,0.0149
live_ep_000051_CASCADING_FAILURE,CASCADING_FAILURE,order-service,python-simulator,25.5,1785988435.1150222,283,0.9693,0.0307,closed,0.8791,87.91,0.375,23.68,59.21,6.18,8.73,0.0354,204.14,686.9,0.0189,0.0194,0.2918,0.2958,4,123.89,571.77,1463.82,263,0.0213,190.6,453,0.0151
live_ep_000051_CASCADING_FAILURE,CASCADING_FAILURE,order-service,python-simulator,26.0,1785988435.6152918,284,0.9671,0.0329,closed,0.7688,76.88,0.3966,9.15,22.88,5.97,5.86,0.033,155.76,661.7,0.0156,0.0195,0.1767,0.3582,1,120.25,1278.16,1374.75,230,0.0198,184.78,385,0.0127
live_ep_000051_CASCADING_FAILURE,CASCADING_FAILURE,order-service,python-simulator,26.5,1785988436.1156774,247,0.88,0.12,closed,0.7394,73.94,0.4361,16.75,41.87,3.33,5.95,0.0368,150.1,686.1,0.0141,0.0203,0.2705,0.3302,4,118.04,807.82,1357.15,221,0.0221,176.97,374,0.0132
live_ep_000051_CASCADING_FAILURE,CASCADING_FAILURE,order-service,python-simulator,27.0,1785988436.61604,331,0.9765,0.0235,closed,0.7645,76.45,0.2395,19.28,48.21,5.66,4.43,0.0356,166.49,654.8,0.0079,0.0206,0.3404,0.3414,2,121.45,1062.64,1415.6,229,0.0214,207.21,382,0.0147
live_ep_000051_CASCADING_FAILURE,CASCADING_FAILURE,order-service,python-simulator,27.5,1785988437.1165476,312,0.9834,0.0166,closed,0.7891,78.91,0.2327,16.71,41.77,5.27,5.4,0.0461,159.83,660.8,0.0096,0.0237,0.341,0.3441,1,118.26,1187.32,1301.17,236,0.0277,174.13,402,0.0238
live_ep_000051_CASCADING_FAILURE,CASCADING_FAILURE,order-service,python-simulator,28.0,1785988437.6167157,280,0.9434,0.0566,closed,0.8443,84.43,0.472,12.69,31.72,5.2,5.36,0.0367,195.52,649.9,0.0102,0.0191,0.2305,0.3186,2,109.57,1162.41,1402.04,253,0.022,216.39,431,0.0174
live_ep_000051_CASCADING_FAILURE,CASCADING_FAILURE,order-service,python-simulator,28.5,1785988438.1171021,303,0.9395,0.0605,closed,0.8001,80.01,0.2177,23.44,58.59,3.29,4.73,0.0442,167.87,625.1,0.0119,0.0223,0.2455,0.291,4,121.63,530.38,1308.55,240,0.0265,187.37,403,0.0155
live_ep_000051_CASCADING_FAILURE,CASCADING_FAILURE,order-service,python-simulator,29.0,1785988438.6172338,322,0.99,0.01,closed,0.8013,80.13,0.3897,15.68,39.21,3.83,10.06,0.0442,163.38,688.8,0.0244,0.0233,0.3233,0.3782,1,113.24,1208.37,1496.39,240,0.0265,191.35,410,0.02
live_ep_000051_CASCADING_FAILURE,CASCADING_FAILURE,order-service,python-simulator,29.5,1785988439.1174703,307,0.9592,0.0408,closed,0.8058,80.58,0.4477,15.56,38.91,4.97,12.17,0.0393,174.6,677.0,0.009,0.021,0.3038,0.2864,1,115.05,1432.2,1472.83,241,0.0236,192.87,405,0.0144
live_ep_000051_CASCADING_FAILURE,CASCADING_FAILURE,order-service,python-simulator,30.0,1785988439.6178463,329,0.9784,0.0216,closed,0.8947,89.47,0.5046,18.84,47.09,4.99,4.17,0.0411,191.54,680.4,0.0113,0.0222,0.2859,0.3235,4,117.57,1460.92,1564.4,268,0.0246,187.35,456,0.0163
live_ep_000051_CASCADING_FAILURE,CASCADING_FAILURE,order-service,python-simulator,30.5,1785988440.1179185,362,0.9472,0.0528,closed,0.8872,88.72,0.3601,20.29,50.71,4.76,7.62,0.0378,179.93,683.8,0.0098,0.0195,0.3268,0.321,3,116.04,1011.79,1493.97,266,0.0227,205.74,455,0.0128
live_ep_000051_CASCADING_FAILURE,CASCADING_FAILURE,order-service,python-simulator,31.0,1785988440.6182492,289,0.9048,0.0952,closed,0.8839,88.39,0.5266,12.94,32.35,4.28,11.2,0.0377,195.37,667.2,0.0091,0.0209,0.3692,0.3186,3,112.16,760.75,1526.05,265,0.0226,196.04,453,0.0136
live_ep_000051_CASCADING_FAILURE,CASCADING_FAILURE,order-service,python-simulator,31.5,1785988441.118346,286,0.99,0.01,closed,0.859,85.9,0.3349,13.64,34.09,2.16,3.58,0.0452,182.52,692.4,0.0125,0.0256,0.2517,0.3604,3,121.32,892.89,1591.79,257,0.0271,195.62,435,0.017
live_ep_000051_CASCADING_FAILURE,CASCADING_FAILURE,order-service,python-simulator,32.0,1785988441.6187959,298,0.99,0.01,closed,0.7827,78.27,0.4273,19.8,49.51,1.67,9.68,0.0708,161.35,670.9,0.0199,0.0366,0.418,0.3249,5,116.16,1419.42,1605.95,234,0.0425,207.59,396,0.0338
live_ep_000051_CASCADING_FAILURE,CASCADING_FAILURE,order-service,python-simulator,32.5,1785988442.1188889,348,0.9771,0.0229,closed,0.7894,78.94,0.3885,18.52,46.31,6.84,8.59,0.0441,165.39,649.7,0.01,0.0271,0.2607,0.341,1,107.86,988.18,1480.65,236,0.0264,202.84,405,0.0144
live_ep_000051_CASCADING_FAILURE,CASCADING_FAILURE,order-service,python-simulator,33.0,1785988442.6190183,405,0.99,0.01,closed,0.9695,96.95,0.3304,21.15,52.88,2.95,6.39,0.057,203.2,700.9,0.0137,0.0286,0.2918,0.3483,3,119.8,737.16,1492.79,290,0.0342,198.29,491,0.0242
live_ep_000051_CASCADING_FAILURE,CASCADING_FAILURE,order-service,python-simulator,33.5,1785988443.11962,380,0.9859,0.0141,closed,0.8705,87.05,0.4368,25.86,64.64,2.91,7.23,0.0511,180.93,667.0,0.0146,0.0279,0.1604,0.308,3,130.9,1380.17,1678.68,261,0.0307,204.95,441,0.0187
live_ep_000051_CASCADING_FAILURE,CASCADING_FAILURE,order-service,python-simulator,34.0,1785988443.619833,388,0.9693,0.0307,closed,0.9052,90.52,0.3695,19.71,49.28,8.54,6.39,0.0449,185.42,659.7,0.0123,0.0243,0.2761,0.3609,1,118.51,656.47,1675.43,271,0.0269,161.04,459,0.0141
live_ep_000051_CASCADING_FAILURE,CASCADING_FAILURE,order-service,python-simulator,34.5,1785988444.120083,286,0.98,0.02,closed,0.8133,81.33,0.4114,12.08,30.2,3.34,7.85,0.0482,177.47,677.6,0.0117,0.0246,0.1882,0.3918,4,124.12,199.39,1534.63,243,0.0289,175.72,407,0.016
live_ep_000051_CASCADING_FAILURE,CASCADING_FAILURE,order-service,python-simulator,35.0,1785988444.6205862,299,0.9359,0.0641,closed,0.7909,79.09,0.4941,28.8,72.0,4.3,3.33,0.049,163.6,667.7,0.0179,0.0251,0.2938,0.3921,1,125.57,664.93,1554.99,237,0.0294,202.75,409,0.0266
live_ep_000051_CASCADING_FAILURE,CASCADING_FAILURE,order-service,python-simulator,35.5,1785988445.1211517,280,0.99,0.01,closed,0.815,81.5,0.1593,17.77,44.41,8.66,3.84,0.0589,169.22,664.7,0.0228,0.0304,0.2502,0.2664,3,118.01,548.83,1374.08,244,0.0354,193.06,418,0.0221
live_ep_000051_CASCADING_FAILURE,CASCADING_FAILURE,order-service,python-simulator,36.0,1785988445.6212802,288,0.88,0.12,closed,0.7662,76.62,0.4583,15.05,37.63,5.55,8.11,0.0486,155.23,664.4,0.0214,0.0245,0.2928,0.3427,3,115.49,346.9,1480.47,229,0.0291,212.6,394,0.0202
live_ep_000051_CASCADING_FAILURE,CASCADING_FAILURE,order-service,python-simulator,36.5,1785988446.1213372,314,0.9639,0.0361,closed,0.8427,84.27,0.3668,11.92,29.81,8.09,5.28,0.0516,190.87,656.1,0.0184,0.0261,0.3183,0.2991,3,115.1,520.79,1240.53,252,0.031,175.91,423,0.0278
live_ep_000051_CASCADING_FAILURE,CASCADING_FAILURE,order-service,python-simulator,37.0,1785988446.621521,345,0.9629,0.0371,closed,0.7736,77.36,0.393,25.1,62.74,8.47,4.78,0.0454,214.72,666.3,0.0147,0.0276,0.2265,0.3161,1,107.35,244.37,1348.8,232,0.0273,182.9,390,0.0251
live_ep_000051_CASCADING_FAILURE,CASCADING_FAILURE,order-service,python-simulator,37.5,1785988447.1219008,308,0.9805,0.0195,closed,0.7482,74.82,0.3996,23.74,59.36,3.8,10.11,0.0545,154.47,662.4,0.0216,0.0296,0.2169,0.2896,2,116.52,284.36,1395.53,224,0.0327,217.88,383,0.0171
live_ep_000051_CASCADING_FAILURE,CASCADING_FAILURE,order-service,python-simulator,38.0,1785988447.622434,366,0.8939,0.1061,closed,0.8439,84.39,0.5526,20.64,51.59,4.37,3.36,0.0687,171.3,702.4,0.0155,0.0346,0.2558,0.3601,6,121.75,1436.9,1548.87,253,0.0412,189.46,422,0.0211
live_ep_000051_CASCADING_FAILURE,CASCADING_FAILURE,order-service,python-simulator,38.5,1785988448.1229055,317,0.9025,0.0975,closed,0.7988,79.88,0.6028,16.92,42.29,5.32,6.89,0.0601,164.42,649.3,0.0154,0.0306,0.2802,0.2956,4,121.01,183.95,1274.97,239,0.0361,204.48,413,0.0189
live_ep_000051_CASCADING_FAILURE,CASCADING_FAILURE,order-service,python-simulator,39.0,1785988448.6231394,315,0.9511,0.0489,closed,0.6923,69.23,0.1822,22.49,56.23,4.46,6.54,0.0567,157.24,626.6,0.0155,0.0285,0.2277,0.2748,4,128.3,850.11,1230.6,207,0.034,191.94,352,0.0291
live_ep_000051_CASCADING_FAILURE,CASCADING_FAILURE,order-service,python-simulator,39.5,1785988449.1236157,332,0.9816,0.0184,closed,0.8202,82.02,0.4616,19.73,49.34,7.92,5.46,0.0573,171.35,632.3,0.0117,0.0304,0.2911,0.3168,2,126.58,695.4,1384.88,246,0.0344,235.32,414,0.0193
live_ep_000051_CASCADING_FAILURE,CASCADING_FAILURE,order-service,python-simulator,40.0,1785988449.6237135,357,0.9245,0.0755,closed,0.8932,89.32,0.3385,14.83,37.08,3.01,5.97,0.0577,184.44,676.7,0.0132,0.0291,0.286,0.3336,5,118.47,349.35,1585.51,267,0.0346,200.47,460,0.0242
live_ep_000051_CASCADING_FAILURE,CASCADING_FAILURE,order-service,python-simulator,40.5,1785988450.1239455,271,0.9698,0.0302,closed,0.8157,81.57,0.4598,35.62,89.05,5.31,4.74,0.0745,173.84,673.4,0.0184,0.0373,0.1737,0.3135,5,127.1,303.83,1456.41,244,0.0447,166.52,414,0.0237
live_ep_000051_CASCADING_FAILURE,CASCADING_FAILURE,order-service,python-simulator,41.0,1785988450.6242518,254,0.9868,0.0132,closed,0.7788,77.88,0.3207,14.4,36.01,1.99,2.96,0.0659,159.1,681.3,0.0185,0.0366,0.2376,0.3778,6,124.26,763.41,1375.35,233,0.0395,190.33,396,0.0231
live_ep_000051_CASCADING_FAILURE,CASCADING_FAILURE,order-service,python-simulator,41.5,1785988451.1246514,308,0.9688,0.0312,closed,0.7416,74.16,0.2014,36.01,90.03,3.47,6.23,0.0597,159.93,634.0,0.0135,0.0304,0.1931,0.3176,2,142.24,243.94,1397.92,222,0.0358,205.15,381,0.0186
live_ep_000051_CASCADING_FAILURE,CASCADING_FAILURE,order-service,python-simulator,42.0,1785988451.6249964,308,0.9517,0.0483,closed,0.7685,76.85,0.5871,27.43,68.58,5.44,5.05,0.0698,166.96,678.1,0.0257,0.035,0.2311,0.309,6,125.42,935.72,1518.09,230,0.0419,244.24,398,0.0285
live_ep_000051_CASCADING_FAILURE,CASCADING_FAILURE,order-service,python-simulator,42.5,1785988452.1251402,309,0.988,0.012,closed,0.7424,74.24,0.2185,26.84,67.1,4.69,3.06,0.0672,150.47,645.3,0.0183,0.0368,0.3033,0.2763,6,130.68,414.06,1439.8,222,0.0403,184.99,378,0.0243
live_ep_000051_CASCADING_FAILURE,CASCADING_FAILURE,order-service,python-simulator,43.0,1785988452.6253946,330,0.9767,0.0233,closed,0.8188,81.88,0.3148,15.13,37.82,4.3,3.66,0.0746,173.31,662.6,0.0225,0.0412,0.2349,0.3516,5,110.65,828.03,1382.41,245,0.0448,194.04,416,0.0244
live_ep_000051_CASCADING_FAILURE,CASCADING_FAILURE,order-service,python-simulator,43.5,1785988453.1258078,287,0.9368,0.0632,closed,0.8691,86.91,0.3483,50.81,127.01,4.99,4.97,0.069,191.83,701.2,0.0151,0.0378,0.2252,0.3716,4,124.56,1399.91,1572.55,260,0.0414,198.57,440,0.024
live_ep_000051_CASCADING_FAILURE,CASCADING_FAILURE,order-service,python-simulator,44.0,1785988453.6263177,294,0.9363,0.0637,closed,0.768,76.8,0.5394,30.48,76.19,5.29,8.05,0.058,161.55,659.4,0.0178,0.0317,0.2971,0.384,5,126.04,632.51,1455.81,230,0.0348,181.43,392,0.0268
live_ep_000051_CASCADING_FAILURE,CASCADING_FAILURE,order-service,python-simulator,44.5,1785988454.1263936,317,0.99,0.01,closed,0.7308,73.08,0.4009,30.9,77.25,5.19,5.37,0.0792,166.56,665.8,0.0182,0.0405,0.2844,0.3243,6,129.89,557.65,1317.93,219,0.0475,212.94,376,0.0255
live_ep_000051_CASCADING_FAILURE,CASCADING_FAILURE,order-service,python-simulator,45.0,1785988454.6268547,365,0.9298,0.0702,closed,0.8883,88.83,0.3741,16.88,42.2,3.77,9.25,0.0661,180.53,702.7,0.0203,0.0349,0.215,0.3213,6,148.51,624.11,1461.1,266,0.0397,212.81,453,0.0236
live_ep_000051_CASCADING_FAILURE,CASCADING_FAILURE,order-service,python-simulator,45.5,1785988455.1271698,288,0.9192,0.0808,closed,0.7696,76.96,0.3631,32.56,81.4,5.84,6.67,0.0789,167.98,679.6,0.0173,0.0429,0.371,0.3277,4,130.16,1535.83,1598.69,230,0.0473,205.28,398,0.028
live_ep_000051_CASCADING_FAILURE,CASCADING_FAILURE,order-service,python-simulator,46.0,1785988455.627277,284,0.9635,0.0365,closed,0.7733,77.33,0.4511,12.79,31.97,3.3,3.23,0.0639,181.59,651.4,0.0146,0.0427,0.3667,0.307,6,128.7,975.37,1469.61,232,0.0383,207.5,386,0.0381
live_ep_000051_CASCADING_FAILURE,CASCADING_FAILURE,order-service,python-simulator,46.5,1785988456.1277206,275,0.9591,0.0409,closed,0.8284,82.84,0.4314,19.33,48.33,5.29,6.34,0.0697,184.06,678.8,0.0237,0.0363,0.2162,0.3494,4,131.9,902.18,1501.69,248,0.0418,210.29,414,0.0256
live_ep_000051_CASCADING_FAILURE,CASCADING_FAILURE,order-service,python-simulator,47.0,1785988456.6281924,372,0.88,0.12,closed,0.8522,85.22,0.4434,20.89,52.23,3.73,6.09,0.0665,185.67,729.9,0.0171,0.0386,0.2287,0.3632,3,140.38,1579.04,1694.9,255,0.0399,209.26,427,0.0294
live_ep_000051_CASCADING_FAILURE,CASCADING_FAILURE,order-service,python-simulator,47.5,1785988457.1286066,341,0.88,0.12,closed,0.7756,77.56,0.3868,27.72,69.31,4.38,3.35,0.0681,165.22,692.1,0.0194,0.0367,0.3338,0.3585,2,142.78,1159.62,1537.71,232,0.0409,218.4,397,0.0244
live_ep_000051_CASCADING_FAILURE,CASCADING_FAILURE,order-service,python-simulator,48.0,1785988457.629255,281,0.9835,0.0165,closed,0.8313,83.13,0.4476,22.94,57.36,5.46,5.15,0.083,172.01,689.8,0.0221,0.0444,0.3118,0.2821,3,132.41,720.86,1633.02,249,0.0498,227.81,419,0.0314
live_ep_000051_CASCADING_FAILURE,CASCADING_FAILURE,order-service,python-simulator,48.5,1785988458.1297839,353,0.99,0.01,closed,0.8457,84.57,0.3524,22.27,55.67,6.45,5.31,0.0888,176.52,684.5,0.0233,0.0476,0.1912,0.3328,3,134.26,553.94,1539.45,253,0.0533,187.42,431,0.0369
live_ep_000051_CASCADING_FAILURE,CASCADING_FAILURE,order-service,python-simulator,49.0,1785988458.630338,361,0.9024,0.0976,closed,0.8484,84.84,0.3468,32.35,80.88,4.92,12.78,0.0858,171.68,696.8,0.0219,0.0436,0.2577,0.3321,5,132.2,1116.3,1533.21,254,0.0515,194.4,427,0.0281
live_ep_000051_CASCADING_FAILURE,CASCADING_FAILURE,order-service,python-simulator,49.5,1785988459.1307387,348,0.99,0.01,closed,0.8107,81.07,0.3652,18.57,46.41,4.24,9.54,0.0909,183.45,677.5,0.0236,0.046,0.305,0.3614,7,137.65,575.39,1407.92,243,0.0545,190.65,411,0.0428
live_ep_000051_CASCADING_FAILURE,CASCADING_FAILURE,order-service,python-simulator,50.0,1785988459.6308784,297,0.99,0.01,closed,0.8933,89.33,0.2975,31.76,79.39,4.97,11.25,0.0735,192.13,674.3,0.0157,0.0378,0.2182,0.3086,2,132.8,663.4,1642.49,267,0.0441,157.08,449,0.0223
live_ep_000051_CASCADING_FAILURE,CASCADING_FAILURE,order-service,python-simulator,50.5,1785988460.131074,251,0.9492,0.0508,closed,0.7177,71.77,0.4331,28.29,70.72,1.76,3.5,0.072,154.56,656.4,0.019,0.0364,0.2491,0.339,6,135.67,914.89,1229.66,215,0.0432,187.77,371,0.0217
live_ep_000051_CASCADING_FAILURE,CASCADING_FAILURE,order-service,python-simulator,51.0,1785988460.631387,327,0.9825,0.0175,closed,0.818,81.8,0.4104,24.8,62.0,9.33,6.4,0.0864,181.62,683.2,0.0207,0.044,0.2869,0.3277,4,128.22,1265.91,1478.8,245,0.0519,180.93,410,0.0273
live_ep_000051_CASCADING_FAILURE,CASCADING_FAILURE,order-service,python-simulator,51.5,1785988461.1317816,369,0.935,0.065,closed,0.8543,85.43,0.3262,13.06,32.66,5.17,8.05,0.0745,185.06,710.6,0.0197,0.0377,0.2063,0.3248,3,135.58,930.56,1517.09,256,0.0447,207.85,431,0.0296
live_ep_000051_CASCADING_FAILURE,CASCADING_FAILURE,order-service,python-simulator,52.0,1785988461.632125,251,0.9805,0.0195,closed,0.7144,71.44,0.3049,15.25,38.13,6.61,7.72,0.0859,147.33,665.5,0.0199,0.048,0.2146,0.3621,4,128.21,271.22,1294.64,214,0.0515,163.14,371,0.0336
live_ep_000051_CASCADING_FAILURE,CASCADING_FAILURE,order-service,python-simulator,52.5,1785988462.1323912,306,0.9645,0.0355,closed,0.7328,73.28,0.4033,24.67,61.67,14.63,5.71,0.0711,161.41,640.8,0.016,0.0359,0.2775,0.352,2,134.56,340.82,1323.92,219,0.0427,218.42,370,0.0224
live_ep_000051_CASCADING_FAILURE,CASCADING_FAILURE,order-service,python-simulator,53.0,1785988462.6327791,287,0.9513,0.0487,closed,0.7541,75.41,0.3053,29.18,72.95,4.58,6.7,0.0797,192.9,624.6,0.017,0.042,0.2939,0.3076,5,133.22,306.26,1383.27,226,0.0478,225.13,383,0.0307
live_ep_000051_CASCADING_FAILURE,CASCADING_FAILURE,order-service,python-simulator,53.5,1785988463.1331177,347,0.99,0.01,closed,0.8115,81.15,0.4448,28.15,70.38,11.07,6.26,0.081,164.3,692.4,0.0172,0.0413,0.2532,0.3118,7,133.36,163.01,1551.11,243,0.0486,186.28,417,0.0432
live_ep_000051_CASCADING_FAILURE,CASCADING_FAILURE,order-service,python-simulator,54.0,1785988463.6334445,253,0.88,0.12,closed,0.7621,76.21,0.3711,22.62,56.55,5.1,4.23,0.0751,156.06,696.8,0.0183,0.0399,0.1936,0.3619,4,121.57,1225.04,1579.64,228,0.0451,151.87,386,0.0246
live_ep_000051_CASCADING_FAILURE,CASCADING_FAILURE,order-service,python-simulator,54.5,1785988464.13354,354,0.8865,0.1135,closed,0.8435,84.35,0.2906,33.84,84.59,2.97,5.07,0.0766,173.08,696.0,0.0237,0.0391,0.2069,0.2753,4,141.63,1109.66,1402.99,253,0.046,196.58,422,0.0244
live_ep_000051_CASCADING_FAILURE,CASCADING_FAILURE,order-service,python-simulator,55.0,1785988464.6337895,343,0.9083,0.0917,closed,0.8053,80.53,0.4809,27.6,69.01,3.97,10.36,0.0786,173.7,686.7,0.0191,0.0431,0.2993,0.3653,3,138.43,1059.22,1334.54,241,0.0471,203.74,412,0.0251
live_ep_000051_CASCADING_FAILURE,CASCADING_FAILURE,order-service,python-simulator,55.5,1785988465.1344233,344,0.949,0.051,closed,0.7661,76.61,0.342,28.23,70.58,3.56,7.37,0.1059,165.33,680.9,0.0281,0.055,0.2842,0.3105,4,135.56,529.77,1426.42,229,0.0635,213.71,384,0.0373
live_ep_000051_CASCADING_FAILURE,CASCADING_FAILURE,order-service,python-simulator,56.0,1785988465.635027,288,0.9464,0.0536,closed,0.7447,74.47,0.4384,22.33,55.82,2.47,2.0,0.0813,156.66,674.2,0.0282,0.0407,0.2919,0.3613,3,153.3,1296.72,1360.28,223,0.0488,216.22,379,0.0393
live_ep_000051_CASCADING_FAILURE,CASCADING_FAILURE,order-service,python-simulator,56.5,1785988466.1352723,325,0.9878,0.0122,closed,0.821,82.1,0.3052,32.33,80.83,3.28,5.7,0.0769,173.96,701.4,0.0197,0.0403,0.2574,0.3641,7,147.93,398.65,1590.03,246,0.0462,176.23,411,0.0252
live_ep_000051_CASCADING_FAILURE,CASCADING_FAILURE,order-service,python-simulator,57.0,1785988466.6353998,294,0.9819,0.0181,closed,0.8576,85.76,0.3733,20.47,51.18,3.65,5.97,0.0864,202.68,675.5,0.0289,0.0433,0.1809,0.2998,6,148.22,503.04,1547.68,257,0.0519,206.05,440,0.0381
live_ep_000051_CASCADING_FAILURE,CASCADING_FAILURE,order-service,python-simulator,57.5,1785988467.1357598,313,0.39,0.61,closed,0.8068,80.68,0.5683,26.31,65.77,5.53,4.52,0.0932,181.98,679.8,0.0195,0.048,0.223,0.3267,3,143.55,1362.44,1579.03,242,0.0559,207.95,404,0.0358
live_ep_000051_CASCADING_FAILURE,CASCADING_FAILURE,order-service,python-simulator,58.0,1785988467.6361327,302,0.39,0.61,closed,0.7652,76.52,0.6401,20.64,51.59,3.48,9.46,0.098,166.79,690.0,0.0208,0.0493,0.315,0.3508,5,147.7,836.07,1399.1,229,0.0588,201.92,383,0.0399
live_ep_000051_CASCADING_FAILURE,CASCADING_FAILURE,order-service,python-simulator,58.5,1785988468.1362648,309,0.28,0.72,closed,0.8637,86.37,0.8118,23.93,59.82,6.04,8.46,0.0816,180.53,689.4,0.0178,0.0413,0.2355,0.3093,6,145.99,1148.7,1471.58,259,0.0489,205.34,444,0.0282
live_ep_000051_CASCADING_FAILURE,CASCADING_FAILURE,order-service,python-simulator,59.0,1785988468.6364875,305,0.3872,0.6128,closed,0.8737,87.37,0.5047,14.93,37.33,3.03,4.27,0.0797,176.75,706.7,0.0291,0.045,0.2945,0.3423,4,156.52,575.0,1630.39,262,0.0478,231.94,442,0.0308
live_ep_000051_CASCADING_FAILURE,CASCADING_FAILURE,order-service,python-simulator,59.5,1785988469.1366374,344,0.3076,0.6924,closed,0.8931,89.31,0.6266,36.56,91.39,3.9,14.12,0.0874,186.53,713.4,0.0212,0.0488,0.2404,0.361,3,149.0,1236.2,1485.58,267,0.0524,197.96,452,0.0333
live_ep_000052_NONE,NONE,auth-service,python-simulator,0.0,1785988469.6377974,84,0.8884,0.1116,closed,0.2836,28.36,0.4746,8.19,30.76,7.2,9.22,0.0064,3.52,515.8,0.0066,0.0031,0.2508,0.1938,1,97.58,99.19,111.35,15,0.0313,210.74,13,0.0009
live_ep_000052_NONE,NONE,auth-service,python-simulator,0.5,1785988470.1380258,101,0.9695,0.0305,closed,0.3258,32.58,0.38,22.41,24.76,4.39,3.21,0.0091,4.01,501.4,0.005,0.0015,0.144,0.2307,0,85.62,87.68,90.4,5,0.0092,193.51,0,0.0176
live_ep_000052_NONE,NONE,auth-service,python-simulator,1.0,1785988470.638457,62,0.88,0.12,closed,0.3616,36.16,0.3755,0.83,21.66,7.22,12.57,0.0279,10.19,500.1,0.0162,0.0012,0.3075,0.25,1,91.07,104.04,117.0,1,0.1,179.61,14,0.0055
live_ep_000052_NONE,NONE,auth-service,python-simulator,1.5,1785988471.1386483,106,0.9345,0.0655,closed,0.3645,36.45,0.2285,13.42,15.47,3.69,9.9,0.0123,2.0,537.7,0.0092,0.0016,0.218,0.2873,1,90.76,102.03,123.79,12,0.1,211.21,10,0.0009
live_ep_000052_NONE,NONE,auth-service,python-simulator,2.0,1785988471.639434,74,0.941,0.059,closed,0.4174,41.74,0.2208,5.53,38.23,6.13,3.33,0.0088,2.01,540.0,0.01,0.0039,0.1944,0.2312,1,89.36,90.93,102.63,7,0.0154,199.49,7,0.0089
live_ep_000052_NONE,NONE,auth-service,python-simulator,2.5,1785988472.13991,96,0.9019,0.0981,closed,0.4075,40.75,0.3528,3.03,15.49,2.79,10.2,0.0073,46.24,502.4,0.0082,0.0002,0.3203,0.2318,4,85.43,101.46,134.19,15,0.0519,189.53,13,0.0142
live_ep_000052_NONE,NONE,auth-service,python-simulator,3.0,1785988472.6404054,81,0.99,0.01,closed,0.3665,36.65,0.4917,0.76,29.95,6.12,12.27,0.0173,23.68,524.8,0.0143,0.0002,0.2655,0.2449,1,96.75,126.14,128.79,19,0.0017,213.36,13,0.0045
live_ep_000052_NONE,NONE,auth-service,python-simulator,3.5,1785988473.1410227,87,0.9741,0.0259,closed,0.3831,38.31,0.2824,17.33,25.27,4.9,5.22,0.0208,5.97,511.0,0.0061,0.0,0.2087,0.246,4,90.94,100.09,106.07,4,0.0173,192.22,7,0.0001
live_ep_000052_NONE,NONE,auth-service,python-simulator,4.0,1785988473.64144,114,0.99,0.01,closed,0.3741,37.41,0.4119,5.44,13.04,4.32,3.77,0.0073,15.97,508.6,0.0015,0.004,0.2857,0.2357,0,100.18,108.5,119.3,3,0.0427,180.3,10,0.0028
live_ep_000052_NONE,NONE,auth-service,python-simulator,4.5,1785988474.1420002,28,0.9823,0.0177,closed,0.3618,36.18,0.3572,0.95,15.51,3.0,10.8,0.0181,44.06,535.2,0.0046,0.0009,0.2331,0.2568,0,85.39,110.58,113.68,11,0.0321,205.93,10,0.001
live_ep_000052_NONE,NONE,auth-service,python-simulator,5.0,1785988474.6425,67,0.9671,0.0329,closed,0.2714,27.14,0.4212,0.5,29.83,3.35,9.35,0.0104,10.57,523.1,0.0088,0.0002,0.2754,0.2397,3,89.18,95.02,98.25,4,0.0412,207.31,1,0.0034
live_ep_000052_NONE,NONE,auth-service,python-simulator,5.5,1785988475.1428392,109,0.9887,0.0113,closed,0.4027,40.27,0.3512,0.5,30.79,5.94,3.15,0.0218,5.9,512.5,0.0023,0.0002,0.242,0.2357,4,82.51,119.18,132.35,9,0.0454,178.01,9,0.0055
live_ep_000052_NONE,NONE,auth-service,python-simulator,6.0,1785988475.6432915,119,0.9446,0.0554,closed,0.3781,37.81,0.4046,4.26,21.65,6.1,4.24,0.0091,8.3,499.2,0.0009,0.0061,0.2169,0.2609,2,91.81,92.54,138.2,0,0.0502,195.29,1,0.0039
live_ep_000052_NONE,NONE,auth-service,python-simulator,6.5,1785988476.1438956,68,0.9812,0.0188,closed,0.3535,35.35,0.2654,2.81,17.07,4.73,5.51,0.0023,13.49,512.3,0.0099,0.0005,0.145,0.2848,3,91.13,126.29,129.02,15,0.0093,196.18,4,0.0091
live_ep_000052_NONE,NONE,auth-service,python-simulator,7.0,1785988476.6446579,100,0.99,0.01,closed,0.3318,33.18,0.2696,1.49,17.37,3.03,6.05,0.003,6.04,523.3,0.0049,0.0002,0.1963,0.2415,1,102.33,102.53,102.97,9,0.0263,207.81,2,0.0051
live_ep_000052_NONE,NONE,auth-service,python-simulator,7.5,1785988477.1447914,100,0.9745,0.0255,closed,0.3301,33.01,0.4324,0.5,27.55,4.82,5.63,0.0018,2.0,492.1,0.0034,0.0053,0.2966,0.2574,1,106.39,123.47,152.17,7,0.013,179.96,2,0.0085
live_ep_000052_NONE,NONE,auth-service,python-simulator,8.0,1785988477.6451454,58,0.9482,0.0518,closed,0.2688,26.88,0.2692,4.14,20.41,3.55,9.63,0.0052,12.05,512.0,0.0058,0.002,0.2043,0.187,1,74.58,96.3,127.53,13,0.0748,208.93,4,0.0014
live_ep_000052_NONE,NONE,auth-service,python-simulator,8.5,1785988478.1456997,97,0.9492,0.0508,closed,0.3063,30.63,0.351,0.75,18.6,5.29,2.76,0.0068,2.05,501.9,0.0071,0.0008,0.3388,0.2377,2,100.64,120.28,124.13,11,0.0108,228.46,4,0.0021
live_ep_000052_NONE,NONE,auth-service,python-simulator,9.0,1785988478.6459484,20,0.9809,0.0191,closed,0.3812,38.12,0.2571,1.96,28.27,3.0,5.15,0.0284,9.08,507.7,0.007,0.0025,0.1893,0.3033,3,88.84,110.37,140.52,16,0.0305,164.75,3,0.0075
live_ep_000052_NONE,NONE,auth-service,python-simulator,9.5,1785988479.146171,61,0.99,0.01,closed,0.3721,37.21,0.2543,1.89,31.63,4.76,3.26,0.0088,54.14,495.3,0.0199,0.0028,0.1716,0.2435,2,106.94,106.75,104.05,11,0.0135,241.48,2,0.002
live_ep_000052_NONE,NONE,auth-service,python-simulator,10.0,1785988479.6463969,63,0.9866,0.0134,closed,0.3678,36.78,0.3811,0.5,16.46,6.21,4.77,0.0039,18.65,514.7,0.0012,0.0034,0.3541,0.3053,2,90.62,90.63,118.87,7,0.0164,213.11,1,0.0079
live_ep_000052_NONE,NONE,auth-service,python-simulator,10.5,1785988480.1464977,34,0.88,0.12,closed,0.3596,35.96,0.3658,1.44,16.58,5.57,3.24,0.0056,20.88,484.3,0.0022,0.0022,0.1828,0.2394,3,90.96,96.87,103.95,18,0.0489,189.47,14,0.0009
live_ep_000052_NONE,NONE,auth-service,python-simulator,11.0,1785988480.6470182,46,0.88,0.12,closed,0.3616,36.16,0.2566,1.13,40.83,5.82,4.01,0.0109,10.96,487.4,0.0035,0.0014,0.1985,0.2128,3,96.6,102.16,141.61,11,0.0446,217.02,13,0.0006
live_ep_000052_NONE,NONE,auth-service,python-simulator,11.5,1785988481.147427,61,0.985,0.015,closed,0.2958,29.58,0.3007,1.36,17.03,6.71,5.72,0.0074,9.04,503.8,0.0054,0.0021,0.1884,0.2431,0,91.74,100.5,116.57,2,0.0007,221.91,1,0.008
live_ep_000052_NONE,NONE,auth-service,python-simulator,12.0,1785988481.6478598,59,0.8999,0.1001,closed,0.3838,38.38,0.4614,3.56,17.02,4.64,9.67,0.0007,3.17,468.5,0.0077,0.0005,0.1682,0.2433,1,85.74,116.31,133.3,16,0.0193,178.78,4,0.0016
live_ep_000052_NONE,NONE,auth-service,python-simulator,12.5,1785988482.1481721,44,0.9189,0.0811,closed,0.3352,33.52,0.3079,20.15,9.96,3.79,12.35,0.0073,9.1,501.1,0.0042,0.0043,0.1955,0.2637,2,88.14,116.87,121.86,1,0.0381,161.97,5,0.0046
live_ep_000052_NONE,NONE,auth-service,python-simulator,13.0,1785988482.648438,119,0.9814,0.0186,closed,0.2234,22.34,0.3491,5.25,19.62,4.17,10.17,0.0069,34.34,535.5,0.0035,0.0029,0.2378,0.219,0,94.63,79.2,78.61,10,0.1,214.62,8,0.0059
live_ep_000052_NONE,NONE,auth-service,python-simulator,13.5,1785988483.148559,65,0.911,0.089,closed,0.3051,30.51,0.1783,0.5,14.95,5.12,11.89,0.0098,17.07,501.3,0.0057,0.0076,0.2502,0.2926,3,89.78,92.96,119.55,0,0.0486,161.21,2,0.0102
live_ep_000052_NONE,NONE,auth-service,python-simulator,14.0,1785988483.6486557,110,0.9699,0.0301,closed,0.3548,35.48,0.4403,0.57,22.62,4.28,5.52,0.0156,2.0,495.2,0.0076,0.0029,0.2798,0.2361,3,88.76,90.74,96.66,18,0.026,227.01,2,0.0023
live_ep_000052_NONE,NONE,auth-service,python-simulator,14.5,1785988484.1491454,100,0.9573,0.0427,closed,0.3827,38.27,0.3182,1.71,25.71,8.35,4.18,0.0019,8.64,507.1,0.0034,0.002,0.2341,0.2202,1,97.98,103.24,103.52,4,0.009,222.97,8,0.0076
live_ep_000052_NONE,NONE,auth-service,python-simulator,15.0,1785988484.6494555,82,0.9683,0.0317,closed,0.343,34.3,0.3754,1.99,21.35,7.34,5.16,0.0208,2.0,514.7,0.0031,0.0021,0.3003,0.2864,3,98.8,133.06,134.27,11,0.0569,209.7,14,0.0032
live_ep_000052_NONE,NONE,auth-service,python-simulator,15.5,1785988485.150034,32,0.99,0.01,closed,0.4588,45.88,0.3715,0.8,27.77,6.0,5.08,0.0075,20.95,473.9,0.0007,0.0028,0.2934,0.2248,2,79.27,98.52,100.51,15,0.0539,174.64,7,0.0074
live_ep_000052_NONE,NONE,auth-service,python-simulator,16.0,1785988485.650436,86,0.9636,0.0364,closed,0.2686,26.86,0.4193,6.07,37.52,2.25,10.29,0.0259,3.67,528.6,0.0004,0.0018,0.1697,0.228,2,74.39,92.13,97.12,5,0.0007,204.28,4,0.0014
live_ep_000052_NONE,NONE,auth-service,python-simulator,16.5,1785988486.1509423,104,0.99,0.01,closed,0.3991,39.91,0.3499,11.8,11.88,4.66,5.1,0.0097,22.36,490.6,0.0031,0.0007,0.1884,0.2522,4,83.92,87.21,92.57,12,0.0235,197.74,14,0.0134
live_ep_000052_NONE,NONE,auth-service,python-simulator,17.0,1785988486.651158,106,0.9442,0.0558,closed,0.439,43.9,0.2897,6.36,20.0,3.23,12.07,0.0064,2.39,511.8,0.0041,0.0018,0.2524,0.2519,0,91.59,99.59,108.17,18,0.0495,155.27,5,0.0118
live_ep_000052_NONE,NONE,auth-service,python-simulator,17.5,1785988487.1513157,28,0.9259,0.0741,closed,0.3486,34.86,0.3177,4.75,24.31,4.61,7.2,0.0117,56.1,499.1,0.0096,0.0007,0.308,0.1795,2,85.12,102.4,124.48,17,0.038,217.47,5,0.0137
live_ep_000052_NONE,NONE,auth-service,python-simulator,18.0,1785988487.6515722,99,0.99,0.01,closed,0.3155,31.55,0.2234,0.97,19.72,5.69,5.54,0.0196,2.0,532.3,0.0137,0.0001,0.2263,0.2638,4,84.57,90.62,104.25,19,0.0214,187.9,1,0.0055
live_ep_000052_NONE,NONE,auth-service,python-simulator,18.5,1785988488.1517632,79,0.9821,0.0179,closed,0.4164,41.64,0.395,0.5,18.9,7.1,13.19,0.005,10.6,508.4,0.0039,0.0002,0.3361,0.2317,0,87.9,96.95,109.07,9,0.0354,200.69,10,0.0045
live_ep_000052_NONE,NONE,auth-service,python-simulator,19.0,1785988488.6521654,58,0.99,0.01,closed,0.4141,41.41,0.4311,9.9,20.16,4.08,6.04,0.0048,2.0,525.9,0.0008,0.0065,0.223,0.2616,3,92.51,118.93,129.54,9,0.1,203.35,1,0.0097
live_ep_000052_NONE,NONE,auth-service,python-simulator,19.5,1785988489.152403,72,0.9501,0.0499,closed,0.2999,29.99,0.4327,4.33,21.54,6.51,7.71,0.0174,2.98,506.4,0.0049,0.0007,0.2454,0.2388,0,90.68,113.51,115.1,13,0.0007,186.88,9,0.0042
live_ep_000052_NONE,NONE,auth-service,python-simulator,20.0,1785988489.6528833,44,0.9834,0.0166,closed,0.2706,27.06,0.3168,1.17,33.42,3.91,5.18,0.0037,15.41,491.5,0.0084,0.0027,0.2233,0.2237,0,83.1,95.88,116.88,12,0.1,183.47,10,0.0101
live_ep_000052_NONE,NONE,auth-service,python-simulator,20.5,1785988490.1533916,117,0.9536,0.0464,closed,0.2502,25.02,0.3864,5.77,17.49,3.01,4.58,0.0248,4.13,512.3,0.0043,0.0032,0.1978,0.2776,1,105.89,115.93,127.18,13,0.0112,204.78,9,0.0037
live_ep_000052_NONE,NONE,auth-service,python-simulator,21.0,1785988490.6539445,50,0.99,0.01,closed,0.3474,34.74,0.315,4.92,35.35,2.45,4.27,0.0362,29.3,567.6,0.0096,0.0008,0.2461,0.2746,1,91.26,109.08,109.57,10,0.0228,232.71,6,0.001
live_ep_000052_NONE,NONE,auth-service,python-simulator,21.5,1785988491.1543074,84,0.99,0.01,closed,0.3492,34.92,0.3884,2.16,23.15,4.72,10.47,0.0126,60.0,498.9,0.0039,0.0021,0.0951,0.2304,3,75.1,104.73,140.59,7,0.1,167.18,3,0.0002
live_ep_000052_NONE,NONE,auth-service,python-simulator,22.0,1785988491.6547399,114,0.9437,0.0563,closed,0.2935,29.35,0.3539,1.13,32.03,9.75,4.25,0.0011,2.0,503.4,0.0042,0.0014,0.1731,0.2387,1,82.11,109.58,123.59,11,0.0103,159.88,8,0.007
live_ep_000052_NONE,NONE,auth-service,python-simulator,22.5,1785988492.1549346,74,0.99,0.01,closed,0.4512,45.12,0.3488,19.38,21.82,9.96,5.3,0.0051,35.6,537.1,0.0004,0.0016,0.1586,0.2855,2,101.07,108.94,121.37,8,0.0361,217.18,0,0.0089
live_ep_000052_NONE,NONE,auth-service,python-simulator,23.0,1785988492.6553144,37,0.9507,0.0493,closed,0.3378,33.78,0.3124,1.87,24.39,4.78,4.27,0.0044,27.66,511.9,0.0078,0.0004,0.2849,0.2488,2,93.4,93.52,98.92,11,0.0048,190.29,8,0.0084
live_ep_000052_NONE,NONE,auth-service,python-simulator,23.5,1785988493.1555617,82,0.9529,0.0471,closed,0.332,33.2,0.2929,1.21,14.74,6.24,5.29,0.0015,2.36,515.0,0.0005,0.0008,0.2376,0.2537,2,90.12,107.49,139.14,1,0.0236,242.81,6,0.0029
live_ep_000052_NONE,NONE,auth-service,python-simulator,24.0,1785988493.65587,39,0.99,0.01,closed,0.3676,36.76,0.3047,1.43,24.55,2.26,6.69,0.0252,8.18,529.6,0.0009,0.0026,0.2809,0.2465,4,95.93,101.82,104.8,14,0.0297,214.93,1,0.0017
live_ep_000052_NONE,NONE,auth-service,python-simulator,24.5,1785988494.1560032,94,0.9696,0.0304,closed,0.3675,36.75,0.2402,12.38,15.82,6.3,5.95,0.0071,30.66,512.1,0.0041,0.0009,0.2516,0.1826,4,108.95,135.33,135.43,19,0.0292,201.35,1,0.0159
live_ep_000052_NONE,NONE,auth-service,python-simulator,25.0,1785988494.6564603,89,0.88,0.12,closed,0.387,38.7,0.3663,1.32,43.5,4.69,3.35,0.0056,3.77,509.9,0.0008,0.0022,0.2786,0.2777,0,89.41,89.56,109.64,9,0.0364,222.26,0,0.0067
live_ep_000052_NONE,NONE,auth-service,python-simulator,25.5,1785988495.1566813,116,0.9749,0.0251,closed,0.4542,45.42,0.3122,7.24,27.75,3.78,5.2,0.0149,23.18,494.0,0.0024,0.0002,0.1475,0.2476,0,87.83,95.84,108.17,3,0.0304,235.55,2,0.0001
live_ep_000052_NONE,NONE,auth-service,python-simulator,26.0,1785988495.6567717,83,0.9828,0.0172,closed,0.2972,29.72,0.4726,3.63,10.78,3.12,3.8,0.0142,2.82,527.0,0.0011,0.0002,0.2646,0.2769,2,75.71,105.03,105.15,7,0.1,179.63,8,0.0005
live_ep_000052_NONE,NONE,auth-service,python-simulator,26.5,1785988496.1572723,35,0.9577,0.0423,closed,0.3601,36.01,0.3071,2.86,17.01,3.66,8.7,0.0021,2.38,492.2,0.0011,0.0015,0.2244,0.262,0,100.41,108.06,115.09,10,0.0068,199.3,2,0.0129
live_ep_000052_NONE,NONE,auth-service,python-simulator,27.0,1785988496.6574435,37,0.933,0.067,closed,0.3834,38.34,0.3317,2.52,30.43,3.84,17.0,0.0036,16.64,493.7,0.0006,0.0006,0.2311,0.2192,3,85.62,89.49,138.28,15,0.0659,184.39,5,0.0028
live_ep_000052_NONE,NONE,auth-service,python-simulator,27.5,1785988497.1575544,89,0.9366,0.0634,closed,0.4004,40.04,0.3816,11.43,16.86,6.95,5.11,0.0051,38.86,471.3,0.0023,0.0002,0.272,0.2428,2,97.35,134.65,138.88,19,0.1,191.07,5,0.0224
live_ep_000052_NONE,NONE,auth-service,python-simulator,28.0,1785988497.657713,73,0.99,0.01,closed,0.3878,38.78,0.3749,1.49,34.57,3.27,6.88,0.0167,2.53,536.7,0.0032,0.0023,0.2095,0.2145,0,77.25,75.02,73.68,5,0.0741,195.5,0,0.0082
live_ep_000052_NONE,NONE,auth-service,python-simulator,28.5,1785988498.1579392,33,0.9596,0.0404,closed,0.33,33.0,0.4574,8.81,21.89,2.56,4.59,0.0203,6.42,534.1,0.0003,0.0002,0.0952,0.25,1,93.21,118.93,119.89,17,0.0444,197.12,6,0.0014
live_ep_000052_NONE,NONE,auth-service,python-simulator,29.0,1785988498.6584907,54,0.987,0.013,closed,0.4227,42.27,0.333,1.43,21.5,4.2,7.89,0.0028,19.43,529.9,0.0019,0.002,0.2604,0.2895,3,94.33,109.33,109.69,3,0.0929,204.4,10,0.001
live_ep_000052_NONE,NONE,auth-service,python-simulator,29.5,1785988499.1589673,71,0.9687,0.0313,closed,0.3103,31.03,0.3204,9.73,26.69,4.38,7.09,0.0035,2.86,484.2,0.0014,0.0023,0.2954,0.2248,0,89.37,91.31,99.44,1,0.0874,206.2,4,0.0094
live_ep_000052_NONE,NONE,auth-service,python-simulator,30.0,1785988499.6591334,82,0.9474,0.0526,closed,0.4345,43.45,0.3277,9.8,25.08,2.12,8.09,0.0077,9.18,469.7,0.0001,0.0045,0.2725,0.2002,3,112.69,113.93,120.87,10,0.0433,244.51,9,0.0025
live_ep_000052_NONE,NONE,auth-service,python-simulator,30.5,1785988500.1593058,77,0.9656,0.0344,closed,0.3332,33.32,0.3151,0.74,23.78,2.85,12.23,0.0203,16.99,512.6,0.0061,0.004,0.2788,0.2405,4,78.68,105.96,109.35,9,0.0077,185.32,5,0.0044
live_ep_000052_NONE,NONE,auth-service,python-simulator,31.0,1785988500.659482,97,0.99,0.01,closed,0.2881,28.81,0.5655,1.54,13.39,4.44,4.7,0.0253,42.85,502.9,0.0002,0.0011,0.2511,0.23,4,103.77,108.83,124.56,3,0.0439,182.58,11,0.0001
live_ep_000052_NONE,NONE,auth-service,python-simulator,31.5,1785988501.1599195,45,0.9821,0.0179,closed,0.283,28.3,0.3444,6.3,18.29,4.26,4.48,0.0073,2.0,508.5,0.0117,0.0009,0.2547,0.2796,1,84.1,99.28,114.49,4,0.0174,212.99,14,0.0076
live_ep_000052_NONE,NONE,auth-service,python-simulator,32.0,1785988501.6605005,50,0.99,0.01,closed,0.4134,41.34,0.4818,1.11,21.83,4.76,8.68,0.0245,40.18,494.7,0.0008,0.0001,0.196,0.2773,0,83.88,85.84,124.95,15,0.0041,185.72,6,0.0013
live_ep_000052_NONE,NONE,auth-service,python-simulator,32.5,1785988502.1608121,59,0.9679,0.0321,closed,0.3548,35.48,0.3275,1.74,18.29,2.64,3.92,0.0095,41.75,515.9,0.0034,0.0023,0.2454,0.299,2,89.96,98.23,115.12,1,0.0018,229.47,3,0.0057
live_ep_000052_NONE,NONE,auth-service,python-simulator,33.0,1785988502.6612968,39,0.8894,0.1106,closed,0.2958,29.58,0.4662,2.59,15.81,6.7,9.24,0.0373,12.7,528.3,0.0092,0.0007,0.2586,0.2451,1,93.12,93.96,98.02,6,0.0068,216.39,0,0.0092
live_ep_000052_NONE,NONE,auth-service,python-simulator,33.5,1785988503.1616771,39,0.9848,0.0152,closed,0.2812,28.12,0.2868,5.68,33.11,4.26,8.75,0.0037,17.74,519.2,0.0107,0.0001,0.3329,0.2937,0,99.55,100.47,105.43,2,0.0621,198.71,4,0.0157
live_ep_000052_NONE,NONE,auth-service,python-simulator,34.0,1785988503.6620307,79,0.99,0.01,closed,0.3406,34.06,0.2472,0.5,16.99,2.01,3.97,0.0025,6.09,512.1,0.0065,0.004,0.2656,0.2535,3,96.85,106.23,116.77,18,0.0857,225.38,14,0.0055
live_ep_000052_NONE,NONE,auth-service,python-simulator,34.5,1785988504.162306,24,0.9781,0.0219,closed,0.3411,34.11,0.2557,1.52,19.38,3.08,2.46,0.009,2.0,513.2,0.0002,0.0013,0.3315,0.2721,2,80.53,101.54,132.15,19,0.0129,194.86,5,0.0016
live_ep_000052_NONE,NONE,auth-service,python-simulator,35.0,1785988504.6627314,72,0.9825,0.0175,closed,0.4298,42.98,0.3594,4.53,10.14,4.7,4.21,0.0106,23.09,490.6,0.0035,0.0034,0.2557,0.2513,4,98.23,107.99,123.11,14,0.0309,183.94,13,0.0019
live_ep_000052_NONE,NONE,auth-service,python-simulator,35.5,1785988505.1629758,37,0.9331,0.0669,closed,0.3897,38.97,0.2331,24.13,19.29,6.61,8.78,0.0184,35.74,504.4,0.0037,0.0057,0.3167,0.2664,4,70.6,85.44,135.14,4,0.0018,188.17,4,0.006
live_ep_000052_NONE,NONE,auth-service,python-simulator,36.0,1785988505.6631947,34,0.99,0.01,closed,0.3621,36.21,0.3771,5.87,13.36,12.13,8.57,0.0133,22.02,542.1,0.0014,0.0007,0.1398,0.249,3,79.41,107.93,143.16,3,0.012,173.85,14,0.0005
live_ep_000052_NONE,NONE,auth-service,python-simulator,36.5,1785988506.1634133,64,0.99,0.01,closed,0.3755,37.55,0.4193,0.5,19.25,3.51,5.03,0.033,25.68,515.7,0.0155,0.0016,0.2946,0.269,4,96.17,101.46,129.26,7,0.0712,181.59,2,0.0008
live_ep_000052_NONE,NONE,auth-service,python-simulator,37.0,1785988506.6639183,28,0.958,0.042,closed,0.3722,37.22,0.3225,4.74,19.05,3.75,5.76,0.0058,7.63,548.6,0.0024,0.0029,0.3008,0.2705,0,90.59,111.72,118.89,18,0.0506,185.64,8,0.0031
live_ep_000052_NONE,NONE,auth-service,python-simulator,37.5,1785988507.164404,87,0.9367,0.0633,closed,0.3787,37.87,0.4403,5.39,26.23,4.65,5.52,0.0074,7.08,515.0,0.0022,0.0045,0.1675,0.2065,4,101.49,113.97,122.69,16,0.0001,211.71,8,0.006
live_ep_000052_NONE,NONE,auth-service,python-simulator,38.0,1785988507.6647964,77,0.9522,0.0478,closed,0.3217,32.17,0.3842,0.5,17.05,5.38,2.92,0.0178,22.29,507.8,0.004,0.0022,0.2778,0.2312,1,95.16,115.74,130.86,0,0.0749,201.57,13,0.0004
live_ep_000052_NONE,NONE,auth-service,python-simulator,38.5,1785988508.165243,107,0.9798,0.0202,closed,0.3901,39.01,0.2862,2.51,32.64,11.09,5.53,0.0039,3.12,491.3,0.0073,0.0021,0.2834,0.2141,0,87.15,108.44,114.99,5,0.088,197.38,1,0.0137
live_ep_000052_NONE,NONE,auth-service,python-simulator,39.0,1785988508.6655092,105,0.9813,0.0187,closed,0.3515,35.15,0.3921,8.98,14.25,2.96,4.54,0.018,2.74,529.0,0.0105,0.0014,0.2536,0.276,0,85.31,105.34,114.27,17,0.0633,204.14,2,0.0063
live_ep_000052_NONE,NONE,auth-service,python-simulator,39.5,1785988509.1656818,106,0.9463,0.0537,closed,0.405,40.5,0.3015,1.93,13.16,7.2,5.32,0.0154,3.02,547.2,0.0025,0.0022,0.2313,0.2462,0,105.33,110.83,111.95,13,0.0473,196.63,1,0.0044
live_ep_000052_NONE,NONE,auth-service,python-simulator,40.0,1785988509.6660569,50,0.8874,0.1126,closed,0.3876,38.76,0.4469,5.57,17.2,1.93,9.73,0.0133,12.34,550.5,0.0032,0.0,0.3032,0.3264,1,85.16,89.06,105.15,13,0.0734,182.77,4,0.0022
live_ep_000052_NONE,NONE,auth-service,python-simulator,40.5,1785988510.1661947,73,0.9572,0.0428,closed,0.4138,41.38,0.4869,1.17,19.21,3.25,4.06,0.0317,8.87,517.0,0.0068,0.0018,0.2561,0.23,0,90.69,125.77,140.74,3,0.0187,191.24,7,0.0037
live_ep_000052_NONE,NONE,auth-service,python-simulator,41.0,1785988510.6665998,106,0.9392,0.0608,closed,0.4474,44.74,0.4257,9.2,18.51,4.02,4.22,0.0025,34.97,480.0,0.0069,0.0001,0.1822,0.2455,4,91.85,109.57,127.24,1,0.0127,218.32,6,0.0071
live_ep_000052_NONE,NONE,auth-service,python-simulator,41.5,1785988511.1667242,119,0.9745,0.0255,closed,0.2958,29.58,0.3922,0.83,25.13,5.59,5.23,0.0022,4.88,501.6,0.0115,0.0021,0.306,0.2569,0,74.63,106.92,119.21,18,0.0264,173.48,2,0.0006
live_ep_000052_NONE,NONE,auth-service,python-simulator,42.0,1785988511.666999,38,0.9608,0.0392,closed,0.2452,24.52,0.4053,2.84,21.9,3.77,4.84,0.015,22.03,528.0,0.0002,0.0044,0.1498,0.2788,0,87.89,117.26,127.11,3,0.005,207.07,1,0.0017
live_ep_000052_NONE,NONE,auth-service,python-simulator,42.5,1785988512.1671767,77,0.9364,0.0636,closed,0.3796,37.96,0.2901,1.51,30.47,6.36,7.01,0.004,9.4,493.2,0.0003,0.0005,0.2634,0.229,3,73.92,112.95,113.01,15,0.0847,169.72,9,0.0054
live_ep_000052_NONE,NONE,auth-service,python-simulator,43.0,1785988512.6675568,117,0.88,0.12,closed,0.344,34.4,0.2776,13.14,18.29,2.45,5.25,0.0025,2.0,488.2,0.0012,0.0011,0.2493,0.2391,2,83.4,88.75,102.86,5,0.0497,196.21,12,0.0184
live_ep_000052_NONE,NONE,auth-service,python-simulator,43.5,1785988513.1677868,109,0.9862,0.0138,closed,0.3138,31.38,0.4332,12.14,12.15,4.87,4.03,0.041,2.0,511.2,0.0059,0.0049,0.1906,0.2651,1,101.7,104.9,125.05,18,0.0242,200.59,8,0.006
live_ep_000052_NONE,NONE,auth-service,python-simulator,44.0,1785988513.6683688,109,0.9666,0.0334,closed,0.3885,38.85,0.36,1.44,18.34,4.39,3.69,0.0065,7.88,524.8,0.0003,0.0004,0.273,0.2522,3,92.26,93.48,108.0,10,0.0221,184.31,11,0.0156
live_ep_000052_NONE,NONE,auth-service,python-simulator,44.5,1785988514.1685765,27,0.9579,0.0421,closed,0.3299,32.99,0.1463,0.67,36.74,4.47,9.53,0.0058,21.1,537.5,0.0072,0.0018,0.2373,0.2863,1,92.33,93.16,113.14,0,0.0215,212.32,8,0.0012
live_ep_000052_NONE,NONE,auth-service,python-simulator,45.0,1785988514.6687834,97,0.9394,0.0606,closed,0.3139,31.39,0.4009,5.6,27.6,3.69,4.2,0.0153,2.0,545.5,0.0005,0.0021,0.2803,0.2632,1,102.06,120.4,121.06,19,0.0057,179.58,9,0.0094
live_ep_000052_NONE,NONE,auth-service,python-simulator,45.5,1785988515.1690066,26,0.9712,0.0288,closed,0.2605,26.05,0.2193,0.5,21.36,8.46,6.49,0.0057,4.95,497.7,0.0091,0.0015,0.179,0.2513,3,86.6,116.88,126.26,7,0.0574,170.7,8,0.008
live_ep_000052_NONE,NONE,auth-service,python-simulator,46.0,1785988515.6691499,28,0.9092,0.0908,closed,0.3557,35.57,0.4418,0.5,22.16,6.71,5.25,0.019,5.89,507.2,0.0061,0.0006,0.2308,0.248,3,101.39,126.77,130.28,7,0.1,223.56,12,0.0026
live_ep_000052_NONE,NONE,auth-service,python-simulator,46.5,1785988516.1693318,26,0.9549,0.0451,closed,0.3187,31.87,0.2765,0.74,20.36,4.69,3.23,0.0029,11.93,525.0,0.0063,0.0022,0.2206,0.264,0,86.71,135.32,135.6,7,0.0247,182.98,3,0.0006
live_ep_000052_NONE,NONE,auth-service,python-simulator,47.0,1785988516.6696465,74,0.9086,0.0914,closed,0.2555,25.55,0.3907,10.16,18.56,2.51,3.8,0.0078,60.0,514.8,0.0045,0.0037,0.2033,0.2563,2,96.24,108.17,128.66,12,0.0013,188.91,6,0.0004
live_ep_000052_NONE,NONE,auth-service,python-simulator,47.5,1785988517.1699796,53,0.9865,0.0135,closed,0.2556,25.56,0.3251,2.65,9.52,2.9,6.2,0.0151,22.0,524.9,0.0008,0.0011,0.2428,0.2588,0,93.71,95.41,95.9,9,0.0285,199.39,4,0.0068
live_ep_000052_NONE,NONE,auth-service,python-simulator,48.0,1785988517.6701076,35,0.9469,0.0531,closed,0.4094,40.94,0.2808,2.36,19.99,4.94,6.9,0.0036,31.87,507.0,0.0049,0.0011,0.3257,0.2902,2,89.37,126.39,127.13,11,0.0365,222.44,5,0.0028
live_ep_000052_NONE,NONE,auth-service,python-simulator,48.5,1785988518.170311,114,0.99,0.01,closed,0.3819,38.19,0.3328,7.04,22.05,4.9,7.12,0.0098,2.2,483.9,0.0026,0.0013,0.2776,0.2432,4,89.13,95.66,140.58,6,0.0087,181.67,11,0.0142
live_ep_000052_NONE,NONE,auth-service,python-simulator,49.0,1785988518.6724768,35,0.9117,0.0883,closed,0.3344,33.44,0.3141,5.35,18.48,5.76,4.91,0.0081,2.01,500.2,0.0045,0.0059,0.2068,0.155,0,75.72,127.72,128.73,12,0.0074,192.05,14,0.0015
live_ep_000052_NONE,NONE,auth-service,python-simulator,49.5,1785988519.1729543,116,0.88,0.12,closed,0.3687,36.87,0.3842,13.75,22.3,5.45,10.62,0.0167,15.18,519.9,0.0046,0.0008,0.3225,0.2484,2,93.36,109.02,122.04,9,0.0672,196.13,2,0.0037
live_ep_000052_NONE,NONE,auth-service,python-simulator,50.0,1785988519.6730747,32,0.88,0.12,closed,0.3656,36.56,0.3405,2.52,19.04,2.17,5.68,0.0073,21.83,501.4,0.0105,0.0024,0.327,0.2276,1,87.39,100.32,132.59,12,0.1,200.51,3,0.0028
live_ep_000052_NONE,NONE,auth-service,python-simulator,50.5,1785988520.1735964,75,0.9894,0.0106,closed,0.2606,26.06,0.4488,9.32,14.91,6.57,5.7,0.0168,2.0,507.5,0.0112,0.0004,0.2822,0.2287,4,95.59,96.68,119.67,16,0.0113,202.89,11,0.0013
live_ep_000052_NONE,NONE,auth-service,python-simulator,51.0,1785988520.673927,33,0.8934,0.1066,closed,0.2697,26.97,0.4188,3.05,15.06,3.87,7.63,0.0041,2.0,512.9,0.0014,0.0021,0.2615,0.2052,2,88.64,101.45,126.62,9,0.0141,184.75,10,0.0008
live_ep_000052_NONE,NONE,auth-service,python-simulator,51.5,1785988521.1742716,86,0.9417,0.0583,closed,0.3336,33.36,0.3585,4.25,18.84,6.45,6.16,0.0047,7.27,525.1,0.0015,0.0012,0.2915,0.2594,4,94.47,98.24,125.57,15,0.0274,210.51,13,0.0066
live_ep_000052_NONE,NONE,auth-service,python-simulator,52.0,1785988521.6745498,104,0.932,0.068,closed,0.3315,33.15,0.2854,20.89,21.72,5.88,7.15,0.0047,11.06,538.2,0.0036,0.0006,0.2992,0.2808,1,80.34,93.7,110.23,2,0.0653,218.23,4,0.0015
live_ep_000052_NONE,NONE,auth-service,python-simulator,52.5,1785988522.175193,39,0.9095,0.0905,closed,0.425,42.5,0.4499,3.39,20.95,8.38,6.6,0.0075,33.16,526.1,0.0033,0.0004,0.1327,0.2201,2,94.49,100.71,117.56,14,0.0214,226.66,12,0.0062
live_ep_000052_NONE,NONE,auth-service,python-simulator,53.0,1785988522.6753478,119,0.99,0.01,closed,0.3666,36.66,0.2949,11.15,16.51,4.26,8.86,0.0063,5.16,509.7,0.0043,0.0006,0.2747,0.1955,1,99.22,109.81,118.7,3,0.0223,223.71,14,0.0039
live_ep_000052_NONE,NONE,auth-service,python-simulator,53.5,1785988523.1757698,36,0.88,0.12,closed,0.3476,34.76,0.4186,1.92,32.93,5.43,4.01,0.011,5.19,510.7,0.0045,0.0032,0.1671,0.2844,2,90.63,101.19,102.06,10,0.0753,203.32,14,0.0065
live_ep_000052_NONE,NONE,auth-service,python-simulator,54.0,1785988523.6763043,119,0.9478,0.0522,closed,0.3423,34.23,0.2788,0.67,22.88,4.22,5.53,0.0067,12.91,535.6,0.011,0.0022,0.3062,0.2747,0,89.87,96.21,118.55,13,0.0926,199.94,7,0.0028
live_ep_000052_NONE,NONE,auth-service,python-simulator,54.5,1785988524.1765,89,0.9791,0.0209,closed,0.3331,33.31,0.2989,1.09,21.55,1.87,14.51,0.0175,3.59,512.6,0.003,0.0008,0.3004,0.2979,3,85.41,90.32,93.31,19,0.0793,192.66,2,0.0033
live_ep_000052_NONE,NONE,auth-service,python-simulator,55.0,1785988524.6767547,26,0.9613,0.0387,closed,0.3971,39.71,0.5096,1.58,11.73,4.88,4.08,0.0176,5.67,488.1,0.0027,0.0018,0.3569,0.2085,2,91.51,94.53,121.81,5,0.063,180.52,3,0.0173
live_ep_000052_NONE,NONE,auth-service,python-simulator,55.5,1785988525.1789322,35,0.9035,0.0965,closed,0.396,39.6,0.3152,15.15,22.84,3.89,6.99,0.0101,19.29,534.1,0.003,0.0016,0.2087,0.2706,4,89.07,87.96,85.68,3,0.0945,209.95,6,0.0005
live_ep_000052_NONE,NONE,auth-service,python-simulator,56.0,1785988525.6792383,27,0.9709,0.0291,closed,0.2401,24.01,0.1684,3.88,23.61,3.94,3.95,0.0123,12.03,521.0,0.0032,0.0014,0.212,0.2177,0,105.01,111.78,122.52,3,0.013,216.11,9,0.002
live_ep_000052_NONE,NONE,auth-service,python-simulator,56.5,1785988526.1803772,77,0.9618,0.0382,closed,0.3431,34.31,0.4042,4.77,24.76,6.31,6.52,0.0085,2.84,513.1,0.0129,0.0022,0.0973,0.2214,4,88.64,126.03,140.92,10,0.0233,209.73,6,0.0073
live_ep_000052_NONE,NONE,auth-service,python-simulator,57.0,1785988526.680587,71,0.9251,0.0749,closed,0.4326,43.26,0.4524,3.94,23.04,5.59,7.09,0.0065,3.66,511.2,0.003,0.0004,0.2094,0.2695,3,92.76,105.49,105.65,16,0.0286,191.6,14,0.0082
live_ep_000052_NONE,NONE,auth-service,python-simulator,57.5,1785988527.1807315,53,0.935,0.065,closed,0.3931,39.31,0.2534,3.11,28.65,3.49,10.05,0.0197,5.12,500.8,0.0028,0.0046,0.3,0.235,2,90.07,113.24,119.76,6,0.0127,177.23,12,0.0013
live_ep_000052_NONE,NONE,auth-service,python-simulator,58.0,1785988527.681039,111,0.9762,0.0238,closed,0.2787,27.87,0.2624,4.24,15.16,5.24,9.16,0.0067,12.51,513.7,0.0058,0.0002,0.2213,0.2328,1,84.99,96.62,128.28,4,0.0703,204.5,12,0.0005
live_ep_000052_NONE,NONE,auth-service,python-simulator,58.5,1785988528.181486,68,0.9531,0.0469,closed,0.3411,34.11,0.4245,3.05,33.07,5.88,8.32,0.002,34.73,516.7,0.0011,0.0004,0.3402,0.2261,3,103.01,109.67,138.55,12,0.0221,178.86,12,0.0084
live_ep_000052_NONE,NONE,auth-service,python-simulator,59.0,1785988528.6816182,105,0.9581,0.0419,closed,0.3085,30.85,0.3564,4.01,21.95,5.37,8.19,0.0045,7.18,505.1,0.0029,0.0022,0.2402,0.2246,1,87.41,91.92,102.78,3,0.0013,222.9,4,0.0004
live_ep_000052_NONE,NONE,auth-service,python-simulator,59.5,1785988529.18197,79,0.9415,0.0585,closed,0.3803,38.03,0.3014,0.72,19.89,3.04,6.93,0.0054,2.13,520.1,0.0081,0.0063,0.2345,0.243,0,84.08,90.77,91.91,0,0.062,213.89,0,0.0115
live_ep_000053_QUEUE_BACKUP,QUEUE_BACKUP,payment-service,python-simulator,0.0,1785988529.6853185,65,0.9894,0.0106,closed,0.3882,38.82,0.3341,0.5,21.28,5.89,3.16,0.0008,11.48,506.2,0.0007,0.003,0.3082,0.2225,3,95.65,101.07,112.12,4,0.0069,198.43,4,0.0072
live_ep_000053_QUEUE_BACKUP,QUEUE_BACKUP,payment-service,python-simulator,0.5,1785988530.1855338,111,0.951,0.049,closed,0.4248,42.48,0.3153,0.57,20.05,3.55,8.68,0.0071,21.56,503.6,0.0076,0.0012,0.2578,0.2659,3,100.17,101.14,101.83,6,0.019,202.21,1,0.0034
live_ep_000053_QUEUE_BACKUP,QUEUE_BACKUP,payment-service,python-simulator,1.0,1785988530.6856437,87,0.9154,0.0846,closed,0.3815,38.15,0.3399,3.73,18.67,3.76,5.0,0.0076,2.0,497.0,0.0056,0.0012,0.377,0.2368,0,92.9,122.21,125.01,18,0.0548,201.35,13,0.0011
live_ep_000053_QUEUE_BACKUP,QUEUE_BACKUP,payment-service,python-simulator,1.5,1785988531.1858892,34,0.9531,0.0469,closed,0.3704,37.04,0.3992,2.03,19.45,4.27,9.77,0.0064,3.06,468.7,0.0185,0.0009,0.269,0.2312,1,85.82,124.96,128.7,6,0.0196,200.83,11,0.0019
live_ep_000053_QUEUE_BACKUP,QUEUE_BACKUP,payment-service,python-simulator,2.0,1785988531.686112,98,0.9765,0.0235,closed,0.4064,40.64,0.3653,11.19,22.17,3.65,8.39,0.0063,7.92,504.2,0.009,0.0,0.2393,0.251,1,82.51,88.85,131.3,14,0.0254,189.03,13,0.0007
live_ep_000053_QUEUE_BACKUP,QUEUE_BACKUP,payment-service,python-simulator,2.5,1785988532.1865146,63,0.983,0.017,closed,0.3882,38.82,0.3042,2.17,25.34,7.45,7.5,0.0253,2.0,495.2,0.0002,0.0001,0.3002,0.2458,4,103.7,110.01,124.03,6,0.0035,169.98,3,0.0003
live_ep_000053_QUEUE_BACKUP,QUEUE_BACKUP,payment-service,python-simulator,3.0,1785988532.6867495,80,0.8894,0.1106,closed,0.307,30.7,0.3901,7.2,25.35,5.53,5.0,0.0031,12.2,527.6,0.002,0.0011,0.1588,0.2565,1,93.93,95.69,107.7,11,0.0142,174.8,10,0.0037
live_ep_000053_QUEUE_BACKUP,QUEUE_BACKUP,payment-service,python-simulator,3.5,1785988533.1872265,64,0.9691,0.0309,closed,0.3618,36.18,0.2597,5.98,24.06,8.3,6.63,0.0066,3.93,499.7,0.0038,0.0005,0.2148,0.2409,0,97.28,99.48,155.76,21,0.0571,198.25,42,0.0006
live_ep_000053_QUEUE_BACKUP,QUEUE_BACKUP,payment-service,python-simulator,4.0,1785988533.6875274,76,0.9576,0.0424,closed,0.3225,32.25,0.3962,4.72,16.74,3.51,5.49,0.0279,2.26,535.0,0.0044,0.0024,0.3275,0.2296,1,114.82,107.68,85.86,14,0.013,196.29,28,0.0017
live_ep_000053_QUEUE_BACKUP,QUEUE_BACKUP,payment-service,python-simulator,4.5,1785988534.18816,124,0.88,0.12,closed,0.3447,34.47,0.3787,9.88,26.92,3.32,2.96,0.0094,4.11,488.5,0.0064,0.0004,0.3085,0.2397,4,85.62,113.0,129.41,13,0.0844,185.18,26,0.0003
live_ep_000053_QUEUE_BACKUP,QUEUE_BACKUP,payment-service,python-simulator,5.0,1785988534.6883612,97,0.9525,0.0475,closed,0.3351,33.51,0.2105,4.42,27.91,3.55,8.65,0.0147,13.74,556.8,0.0077,0.0009,0.2893,0.2902,4,91.33,93.68,101.74,13,0.0976,197.24,26,0.0086
live_ep_000053_QUEUE_BACKUP,QUEUE_BACKUP,payment-service,python-simulator,5.5,1785988535.1888397,103,0.88,0.12,closed,0.3907,39.07,0.4336,6.5,33.91,3.77,6.57,0.0049,2.0,507.6,0.0048,0.0009,0.2358,0.315,2,107.77,117.03,122.15,30,0.0423,213.95,60,0.0056
live_ep_000053_QUEUE_BACKUP,QUEUE_BACKUP,payment-service,python-simulator,6.0,1785988535.6891868,98,0.9448,0.0552,closed,0.3142,31.42,0.2459,7.77,16.25,4.37,8.32,0.0048,2.09,507.8,0.0136,0.0003,0.1882,0.1956,3,93.39,104.21,116.24,24,0.0228,223.11,48,0.0042
live_ep_000053_QUEUE_BACKUP,QUEUE_BACKUP,payment-service,python-simulator,6.5,1785988536.189636,84,0.88,0.12,closed,0.3993,39.93,0.2893,3.71,21.82,4.54,2.95,0.0073,7.98,539.7,0.0037,0.0002,0.2977,0.2945,3,89.38,87.52,80.0,13,0.0149,209.28,26,0.003
live_ep_000053_QUEUE_BACKUP,QUEUE_BACKUP,payment-service,python-simulator,7.0,1785988536.6898358,66,0.9515,0.0485,closed,0.2751,27.51,0.3802,19.94,14.89,9.54,7.05,0.0043,27.03,497.5,0.0044,0.0039,0.3581,0.2682,4,102.19,116.41,141.33,33,0.0242,174.03,66,0.0027
live_ep_000053_QUEUE_BACKUP,QUEUE_BACKUP,payment-service,python-simulator,7.5,1785988537.1903205,51,0.946,0.054,closed,0.4281,42.81,0.4179,7.17,17.35,4.46,8.4,0.0167,3.11,524.0,0.0175,0.0041,0.1305,0.2822,4,98.63,99.85,132.88,29,0.0488,210.51,58,0.0245
live_ep_000053_QUEUE_BACKUP,QUEUE_BACKUP,payment-service,python-simulator,8.0,1785988537.690582,50,0.8912,0.1088,closed,0.3008,30.08,0.2495,9.43,29.01,4.25,7.27,0.0014,2.0,532.2,0.0014,0.0023,0.1695,0.2518,3,95.71,139.91,162.22,25,0.0317,185.63,50,0.0022
live_ep_000053_QUEUE_BACKUP,QUEUE_BACKUP,payment-service,python-simulator,8.5,1785988538.1910415,61,0.88,0.12,closed,0.3414,34.14,0.3103,13.3,15.51,3.87,3.04,0.0023,2.0,547.1,0.0017,0.0005,0.2637,0.2611,1,88.06,88.55,133.36,14,0.0311,227.13,28,0.0013
live_ep_000053_QUEUE_BACKUP,QUEUE_BACKUP,payment-service,python-simulator,9.0,1785988538.6911106,48,0.99,0.01,closed,0.3097,30.97,0.4147,8.52,20.09,7.79,5.17,0.0109,2.24,513.5,0.0117,0.0012,0.2771,0.2517,2,96.27,100.91,103.06,28,0.1,191.09,56,0.0038
live_ep_000053_QUEUE_BACKUP,QUEUE_BACKUP,payment-service,python-simulator,9.5,1785988539.191563,114,0.9864,0.0136,closed,0.3939,39.39,0.3832,8.95,18.9,4.13,7.4,0.0073,2.0,509.5,0.0297,0.0005,0.2415,0.1718,4,89.64,92.37,115.52,21,0.1,197.86,42,0.0052
live_ep_000053_QUEUE_BACKUP,QUEUE_BACKUP,payment-service,python-simulator,10.0,1785988539.6917531,77,0.9071,0.0929,closed,0.3406,34.06,0.4122,5.67,20.39,6.63,7.79,0.009,6.54,473.4,0.0053,0.0028,0.2516,0.2408,4,80.0,110.12,111.05,14,0.0757,173.23,28,0.0068
live_ep_000053_QUEUE_BACKUP,QUEUE_BACKUP,payment-service,python-simulator,10.5,1785988540.1919606,99,0.983,0.017,closed,0.3221,32.21,0.3708,11.92,28.72,2.96,4.26,0.009,7.26,522.9,0.0089,0.0002,0.2188,0.3069,4,87.66,96.53,144.88,33,0.0074,206.94,66,0.0026
live_ep_000053_QUEUE_BACKUP,QUEUE_BACKUP,payment-service,python-simulator,11.0,1785988540.6923184,36,0.9819,0.0181,closed,0.3565,35.65,0.3454,5.7,17.16,7.43,6.99,0.0343,2.46,485.7,0.009,0.0032,0.2038,0.2503,3,95.21,97.18,166.64,26,0.0502,182.34,52,0.0056
live_ep_000053_QUEUE_BACKUP,QUEUE_BACKUP,payment-service,python-simulator,11.5,1785988541.19253,100,0.88,0.12,closed,0.3536,35.36,0.4382,12.75,26.65,6.27,6.01,0.0089,2.0,517.4,0.0016,0.0012,0.2166,0.2235,1,96.06,106.36,106.56,16,0.0022,210.53,32,0.0248
live_ep_000053_QUEUE_BACKUP,QUEUE_BACKUP,payment-service,python-simulator,12.0,1785988541.693082,48,0.99,0.01,closed,0.4063,40.63,0.1598,21.79,19.72,6.48,7.81,0.0037,39.27,506.3,0.0066,0.0006,0.2411,0.237,1,114.76,120.09,164.71,25,0.008,195.75,50,0.0104
live_ep_000053_QUEUE_BACKUP,QUEUE_BACKUP,payment-service,python-simulator,12.5,1785988542.1935956,93,0.9462,0.0538,closed,0.3619,36.19,0.2926,23.41,25.02,3.28,7.83,0.0118,2.0,530.6,0.0002,0.0053,0.2147,0.3139,1,99.75,122.03,130.2,43,0.0255,205.87,86,0.0006
live_ep_000053_QUEUE_BACKUP,QUEUE_BACKUP,payment-service,python-simulator,13.0,1785988542.6939216,113,0.9511,0.0489,closed,0.3569,35.69,0.2989,5.75,26.97,2.75,4.57,0.0125,17.56,503.9,0.0014,0.0003,0.2712,0.2425,0,102.14,102.53,103.41,24,0.0146,218.78,48,0.0022
live_ep_000053_QUEUE_BACKUP,QUEUE_BACKUP,payment-service,python-simulator,13.5,1785988543.194214,79,0.9381,0.0619,closed,0.2747,27.47,0.403,11.93,15.65,4.67,4.05,0.0302,10.97,543.1,0.0061,0.0015,0.1942,0.2997,0,107.89,122.87,130.95,40,0.0329,190.61,80,0.0017
live_ep_000053_QUEUE_BACKUP,QUEUE_BACKUP,payment-service,python-simulator,14.0,1785988543.6945953,83,0.88,0.12,closed,0.3088,30.88,0.3028,16.14,18.36,3.21,15.82,0.0073,23.03,508.7,0.0008,0.0014,0.1825,0.2599,4,101.09,114.59,179.52,44,0.0037,194.34,88,0.0289
live_ep_000053_QUEUE_BACKUP,QUEUE_BACKUP,payment-service,python-simulator,14.5,1785988544.1950717,87,0.9196,0.0804,closed,0.3536,35.36,0.3599,15.22,28.01,4.18,5.63,0.0043,48.24,511.0,0.0026,0.001,0.2141,0.2666,3,110.3,114.46,131.36,42,0.0059,198.67,84,0.0009
live_ep_000053_QUEUE_BACKUP,QUEUE_BACKUP,payment-service,python-simulator,15.0,1785988544.6955423,137,0.99,0.01,closed,0.3501,35.01,0.4998,9.12,26.85,2.7,5.62,0.0072,18.02,521.2,0.0007,0.0009,0.3632,0.255,2,110.56,146.1,161.96,39,0.0037,195.42,78,0.0009
live_ep_000053_QUEUE_BACKUP,QUEUE_BACKUP,payment-service,python-simulator,15.5,1785988545.195991,118,0.942,0.058,closed,0.3147,31.47,0.3068,12.15,23.21,8.31,5.69,0.0062,6.42,530.7,0.0034,0.0007,0.2893,0.2833,3,97.15,141.51,151.17,35,0.0051,214.08,70,0.0168
live_ep_000053_QUEUE_BACKUP,QUEUE_BACKUP,payment-service,python-simulator,16.0,1785988545.696299,53,0.9111,0.0889,closed,0.4158,41.58,0.3455,6.95,21.58,5.48,5.29,0.0123,51.86,491.7,0.0038,0.0017,0.1568,0.2438,4,108.94,119.27,133.81,29,0.0322,206.82,58,0.0078
live_ep_000053_QUEUE_BACKUP,QUEUE_BACKUP,payment-service,python-simulator,16.5,1785988546.1964655,122,0.9517,0.0483,closed,0.3707,37.07,0.4102,10.79,11.09,3.62,4.7,0.0045,36.55,493.1,0.0011,0.0027,0.201,0.2487,4,89.97,110.99,129.5,47,0.0041,175.23,94,0.0136
live_ep_000053_QUEUE_BACKUP,QUEUE_BACKUP,payment-service,python-simulator,17.0,1785988546.696714,120,0.99,0.01,closed,0.4076,40.76,0.4195,10.9,20.89,3.4,6.75,0.0032,24.03,513.8,0.0018,0.0005,0.1674,0.2776,0,85.74,119.56,126.41,26,0.04,203.55,52,0.0064
live_ep_000053_QUEUE_BACKUP,QUEUE_BACKUP,payment-service,python-simulator,17.5,1785988547.1971273,102,0.88,0.12,closed,0.3071,30.71,0.3956,9.81,16.08,4.97,7.89,0.013,10.87,509.8,0.0009,0.0003,0.297,0.2296,2,97.84,106.43,148.82,40,0.025,181.02,80,0.0097
live_ep_000053_QUEUE_BACKUP,QUEUE_BACKUP,payment-service,python-simulator,18.0,1785988547.6976132,115,0.99,0.01,closed,0.406,40.6,0.3732,22.29,24.4,5.29,7.32,0.0102,13.8,531.7,0.0008,0.0011,0.2967,0.2211,4,105.64,153.55,158.14,43,0.1,258.78,86,0.0007
live_ep_000053_QUEUE_BACKUP,QUEUE_BACKUP,payment-service,python-simulator,18.5,1785988548.198053,105,0.88,0.12,closed,0.4303,43.03,0.2109,25.27,24.29,2.85,4.76,0.0061,14.52,508.5,0.0098,0.0059,0.2048,0.2528,3,104.52,111.66,178.03,50,0.0686,217.45,100,0.003
live_ep_000053_QUEUE_BACKUP,QUEUE_BACKUP,payment-service,python-simulator,19.0,1785988548.6982784,66,0.9766,0.0234,closed,0.3235,32.35,0.5688,16.36,21.56,9.11,10.03,0.0043,21.68,541.8,0.0034,0.0004,0.3036,0.2494,1,93.63,179.75,186.54,55,0.0315,213.53,110,0.0099
live_ep_000053_QUEUE_BACKUP,QUEUE_BACKUP,payment-service,python-simulator,19.5,1785988549.1985815,48,0.99,0.01,closed,0.3659,36.59,0.4855,14.65,17.23,4.2,4.51,0.0091,12.64,506.7,0.0023,0.0004,0.2297,0.2599,1,103.33,113.07,137.14,42,0.0296,180.29,84,0.0008
live_ep_000053_QUEUE_BACKUP,QUEUE_BACKUP,payment-service,python-simulator,20.0,1785988549.698919,136,0.9414,0.0586,closed,0.3736,37.36,0.2417,11.83,22.19,6.34,3.94,0.0103,12.94,512.9,0.0092,0.0002,0.1747,0.2597,1,94.53,144.07,151.72,50,0.0027,169.12,100,0.0002
live_ep_000053_QUEUE_BACKUP,QUEUE_BACKUP,payment-service,python-simulator,20.5,1785988550.1994345,127,0.9678,0.0322,closed,0.3138,31.38,0.4361,21.37,28.59,7.29,6.98,0.0275,8.5,475.1,0.007,0.0003,0.2291,0.2251,1,98.0,121.56,138.67,46,0.053,210.76,92,0.0046
live_ep_000053_QUEUE_BACKUP,QUEUE_BACKUP,payment-service,python-simulator,21.0,1785988550.699868,42,0.9844,0.0156,closed,0.3627,36.27,0.2464,8.82,24.44,4.2,13.31,0.0047,15.54,526.7,0.0013,0.0009,0.2329,0.2823,0,111.7,111.71,142.04,36,0.0316,243.45,72,0.0
live_ep_000053_QUEUE_BACKUP,QUEUE_BACKUP,payment-service,python-simulator,21.5,1785988551.2003508,63,0.9728,0.0272,closed,0.3314,33.14,0.4538,8.9,27.85,6.23,4.41,0.0127,56.47,526.7,0.0008,0.0013,0.302,0.2495,3,100.36,142.19,142.23,35,0.0316,161.55,70,0.0009
live_ep_000053_QUEUE_BACKUP,QUEUE_BACKUP,payment-service,python-simulator,22.0,1785988551.7006173,70,0.9182,0.0818,closed,0.3415,34.15,0.3744,9.3,20.06,6.26,3.57,0.0114,2.37,507.5,0.0097,0.0006,0.2164,0.2222,1,111.97,124.16,159.52,37,0.0146,170.42,74,0.0013
live_ep_000053_QUEUE_BACKUP,QUEUE_BACKUP,payment-service,python-simulator,22.5,1785988552.200866,114,0.9821,0.0179,closed,0.305,30.5,0.3094,8.59,22.38,5.05,6.23,0.0093,11.8,552.2,0.0014,0.0021,0.211,0.3506,0,107.4,124.14,126.8,39,0.0023,232.68,78,0.0026
live_ep_000053_QUEUE_BACKUP,QUEUE_BACKUP,payment-service,python-simulator,23.0,1785988552.7012794,80,0.99,0.01,closed,0.3771,37.71,0.2362,11.88,26.43,2.77,7.53,0.0099,3.24,540.6,0.0015,0.0037,0.2971,0.2031,0,91.23,155.08,172.66,42,0.0159,220.12,84,0.0069
live_ep_000053_QUEUE_BACKUP,QUEUE_BACKUP,payment-service,python-simulator,23.5,1785988553.2016573,56,0.9584,0.0416,closed,0.3317,33.17,0.3754,16.4,19.39,7.13,4.66,0.0137,42.67,509.8,0.0016,0.0029,0.2513,0.2987,4,105.57,108.65,191.87,54,0.0712,188.35,108,0.0121
live_ep_000053_QUEUE_BACKUP,QUEUE_BACKUP,payment-service,python-simulator,24.0,1785988553.7020085,113,0.99,0.01,closed,0.3624,36.24,0.3344,10.42,17.91,5.87,3.56,0.0098,60.0,501.9,0.0003,0.0015,0.2824,0.2553,0,94.52,112.93,129.75,37,0.0567,193.88,74,0.0005
live_ep_000053_QUEUE_BACKUP,QUEUE_BACKUP,payment-service,python-simulator,24.5,1785988554.2022521,81,0.99,0.01,closed,0.3509,35.09,0.4331,17.63,28.35,4.81,10.92,0.0012,2.78,527.9,0.0067,0.0029,0.1437,0.2205,4,117.66,133.27,162.69,44,0.002,225.61,88,0.0008
live_ep_000053_QUEUE_BACKUP,QUEUE_BACKUP,payment-service,python-simulator,25.0,1785988554.702983,51,0.9847,0.0153,closed,0.2938,29.38,0.4011,12.61,21.28,4.07,3.37,0.0082,3.98,510.1,0.0061,0.0024,0.3649,0.2337,4,107.38,120.2,174.95,46,0.0653,157.26,92,0.0008
live_ep_000053_QUEUE_BACKUP,QUEUE_BACKUP,payment-service,python-simulator,25.5,1785988555.2032204,119,0.88,0.12,closed,0.3524,35.24,0.3476,23.05,21.43,3.5,6.06,0.0171,3.26,507.5,0.0055,0.002,0.2181,0.2072,1,117.0,146.01,166.01,58,0.0109,196.04,116,0.0012
live_ep_000053_QUEUE_BACKUP,QUEUE_BACKUP,payment-service,python-simulator,26.0,1785988555.703316,136,0.9644,0.0356,closed,0.4597,45.97,0.2012,26.27,21.69,6.15,10.52,0.0108,6.61,509.9,0.0207,0.0017,0.1503,0.3194,2,106.89,141.94,173.27,61,0.0204,216.22,122,0.0015
live_ep_000053_QUEUE_BACKUP,QUEUE_BACKUP,payment-service,python-simulator,26.5,1785988556.2037666,68,0.9748,0.0252,closed,0.3488,34.88,0.3537,14.95,18.38,2.98,5.14,0.0109,22.48,532.1,0.0014,0.0022,0.2756,0.1943,2,119.6,154.23,173.48,60,0.0152,244.3,120,0.0102
live_ep_000053_QUEUE_BACKUP,QUEUE_BACKUP,payment-service,python-simulator,27.0,1785988556.7049975,56,0.9492,0.0508,closed,0.3754,37.54,0.2174,11.83,19.73,8.69,4.73,0.0088,4.74,483.5,0.0078,0.0011,0.1619,0.2411,4,100.21,118.39,169.57,52,0.0863,189.39,104,0.0027
live_ep_000053_QUEUE_BACKUP,QUEUE_BACKUP,payment-service,python-simulator,27.5,1785988557.2055314,91,0.9043,0.0957,closed,0.4372,43.72,0.3267,13.27,18.52,3.67,7.48,0.0105,9.68,503.4,0.011,0.0021,0.2649,0.2805,2,107.52,145.86,166.9,62,0.0022,181.05,124,0.0006
live_ep_000053_QUEUE_BACKUP,QUEUE_BACKUP,payment-service,python-simulator,28.0,1785988557.7059026,139,0.9279,0.0721,closed,0.2894,28.94,0.3601,17.19,33.07,5.74,4.45,0.0116,33.21,549.2,0.0016,0.0008,0.3131,0.2777,1,118.34,129.46,145.69,73,0.0035,164.31,146,0.0124
live_ep_000053_QUEUE_BACKUP,QUEUE_BACKUP,payment-service,python-simulator,28.5,1785988558.2062993,131,0.9846,0.0154,closed,0.446,44.6,0.3251,20.47,21.94,6.74,7.86,0.0037,12.55,472.8,0.0027,0.0068,0.2009,0.2203,0,116.37,137.86,225.64,72,0.0178,194.17,144,0.0008
live_ep_000053_QUEUE_BACKUP,QUEUE_BACKUP,payment-service,python-simulator,29.0,1785988558.70661,145,0.9391,0.0609,closed,0.3569,35.69,0.3265,14.1,24.12,2.42,10.59,0.0204,42.71,516.0,0.0032,0.0039,0.1867,0.2025,0,108.02,122.32,144.5,68,0.0305,223.87,136,0.0011
live_ep_000053_QUEUE_BACKUP,QUEUE_BACKUP,payment-service,python-simulator,29.5,1785988559.2070074,76,0.9596,0.0404,closed,0.2684,26.84,0.1776,13.32,22.23,6.92,6.23,0.0306,60.0,523.6,0.0016,0.0001,0.3337,0.2529,0,109.64,126.24,131.47,51,0.0629,187.86,102,0.0042
live_ep_000053_QUEUE_BACKUP,QUEUE_BACKUP,payment-service,python-simulator,30.0,1785988559.7072885,125,0.9732,0.0268,closed,0.1962,19.62,0.1795,14.05,31.1,2.73,8.3,0.0098,2.61,491.2,0.0033,0.0002,0.2472,0.2729,1,100.51,148.37,157.53,59,0.0423,164.03,118,0.0017
live_ep_000053_QUEUE_BACKUP,QUEUE_BACKUP,payment-service,python-simulator,30.5,1785988560.2076418,129,0.9518,0.0482,closed,0.2835,28.35,0.3602,16.98,21.33,5.67,5.27,0.0107,15.01,491.7,0.0028,0.0002,0.1898,0.2078,0,107.39,137.67,139.35,55,0.019,193.88,110,0.0075
live_ep_000053_QUEUE_BACKUP,QUEUE_BACKUP,payment-service,python-simulator,31.0,1785988560.7079413,80,0.9193,0.0807,closed,0.368,36.8,0.3306,25.64,14.46,7.97,6.77,0.0122,3.37,510.8,0.0067,0.0004,0.322,0.2446,2,129.75,130.37,161.54,70,0.0178,221.36,140,0.0003
live_ep_000053_QUEUE_BACKUP,QUEUE_BACKUP,payment-service,python-simulator,31.5,1785988561.2080507,130,0.9051,0.0949,closed,0.3532,35.32,0.4234,16.1,18.51,6.61,6.09,0.0062,9.37,506.2,0.0047,0.001,0.1751,0.2623,1,112.0,197.97,221.54,78,0.0094,198.14,156,0.0086
live_ep_000053_QUEUE_BACKUP,QUEUE_BACKUP,payment-service,python-simulator,32.0,1785988561.708368,151,0.9145,0.0855,closed,0.3313,33.13,0.2968,15.78,24.36,2.15,10.11,0.0069,39.95,494.7,0.0102,0.0001,0.2923,0.2033,2,100.86,114.17,195.31,66,0.0568,195.21,132,0.0032
live_ep_000053_QUEUE_BACKUP,QUEUE_BACKUP,payment-service,python-simulator,32.5,1785988562.2088633,64,0.9701,0.0299,closed,0.3844,38.44,0.2639,22.58,27.39,5.35,4.86,0.0084,9.44,507.4,0.0114,0.0013,0.2176,0.262,2,103.37,122.84,192.72,60,0.0476,232.38,120,0.0004
live_ep_000053_QUEUE_BACKUP,QUEUE_BACKUP,payment-service,python-simulator,33.0,1785988562.7089896,132,0.88,0.12,closed,0.4173,41.73,0.4464,24.47,41.61,9.84,7.91,0.0068,26.8,506.9,0.0021,0.0026,0.3097,0.2738,3,111.88,146.98,191.75,72,0.0397,168.9,144,0.0035
live_ep_000053_QUEUE_BACKUP,QUEUE_BACKUP,payment-service,python-simulator,33.5,1785988563.2091095,97,0.9888,0.0112,closed,0.3369,33.69,0.3139,21.13,13.81,7.29,3.59,0.0048,5.93,507.3,0.0062,0.0018,0.1385,0.2212,3,106.59,189.74,209.86,76,0.0529,212.91,152,0.0001
live_ep_000053_QUEUE_BACKUP,QUEUE_BACKUP,payment-service,python-simulator,34.0,1785988563.709694,145,0.9854,0.0146,closed,0.4055,40.55,0.1849,19.68,35.31,5.72,14.24,0.0019,6.7,504.8,0.0051,0.0064,0.1569,0.2347,0,111.28,180.76,184.04,69,0.0242,253.07,138,0.0063
live_ep_000053_QUEUE_BACKUP,QUEUE_BACKUP,payment-service,python-simulator,34.5,1785988564.2102485,123,0.945,0.055,closed,0.3225,32.25,0.4401,13.7,21.51,6.47,4.78,0.0161,19.37,498.8,0.0048,0.0067,0.1259,0.2338,0,102.7,161.55,198.35,66,0.0664,182.61,132,0.0062
live_ep_000053_QUEUE_BACKUP,QUEUE_BACKUP,payment-service,python-simulator,35.0,1785988564.710494,97,0.9789,0.0211,closed,0.3906,39.06,0.282,16.1,17.05,6.87,8.83,0.0091,8.15,527.7,0.0117,0.0028,0.2936,0.2217,2,112.32,154.53,250.26,78,0.1,199.42,156,0.0109
live_ep_000053_QUEUE_BACKUP,QUEUE_BACKUP,payment-service,python-simulator,35.5,1785988565.21117,92,0.9888,0.0112,closed,0.2967,29.67,0.435,18.88,18.07,6.89,9.88,0.0116,11.3,501.5,0.0027,0.0033,0.1419,0.2566,1,110.69,161.46,203.46,85,0.02,232.49,170,0.0006
live_ep_000053_QUEUE_BACKUP,QUEUE_BACKUP,payment-service,python-simulator,36.0,1785988565.7113953,119,0.99,0.01,closed,0.3992,39.92,0.4458,31.18,17.09,5.95,6.45,0.0135,43.25,519.6,0.0254,0.006,0.3521,0.1512,2,124.06,190.74,202.47,68,0.0203,204.98,136,0.003
live_ep_000053_QUEUE_BACKUP,QUEUE_BACKUP,payment-service,python-simulator,36.5,1785988566.2118123,144,0.97,0.03,closed,0.3444,34.44,0.3728,18.83,33.96,5.99,7.57,0.0105,2.0,476.8,0.0059,0.0028,0.173,0.2342,4,121.43,141.79,246.31,84,0.0063,219.52,168,0.0064
live_ep_000053_QUEUE_BACKUP,QUEUE_BACKUP,payment-service,python-simulator,37.0,1785988566.7120054,146,0.9381,0.0619,closed,0.3367,33.67,0.3667,20.11,33.81,2.71,5.41,0.0038,2.0,520.1,0.0014,0.0011,0.338,0.2484,4,91.57,170.61,189.26,71,0.0019,205.77,142,0.0087
live_ep_000053_QUEUE_BACKUP,QUEUE_BACKUP,payment-service,python-simulator,37.5,1785988567.212548,158,0.979,0.021,closed,0.3663,36.63,0.2749,18.3,20.04,2.3,12.75,0.0022,12.04,513.4,0.004,0.0012,0.1633,0.2964,2,109.01,141.59,236.89,89,0.0013,173.57,178,0.0078
live_ep_000053_QUEUE_BACKUP,QUEUE_BACKUP,payment-service,python-simulator,38.0,1785988567.712684,80,0.9737,0.0263,closed,0.371,37.1,0.3126,24.16,17.7,5.11,6.17,0.0073,60.0,483.9,0.0036,0.0042,0.3184,0.263,2,116.25,207.33,228.48,89,0.0169,204.59,178,0.0069
live_ep_000053_QUEUE_BACKUP,QUEUE_BACKUP,payment-service,python-simulator,38.5,1785988568.2129908,104,0.9806,0.0194,closed,0.3588,35.88,0.3406,18.93,18.82,2.48,9.3,0.0115,2.0,527.2,0.0019,0.0006,0.2889,0.2572,2,108.66,226.25,235.31,79,0.0788,200.81,158,0.0053
live_ep_000053_QUEUE_BACKUP,QUEUE_BACKUP,payment-service,python-simulator,39.0,1785988568.7131782,140,0.9524,0.0476,closed,0.3937,39.37,0.3938,18.08,21.28,3.57,3.3,0.0017,11.15,500.5,0.006,0.0022,0.236,0.3097,3,112.16,220.13,220.18,82,0.0063,221.78,164,0.0007
live_ep_000053_QUEUE_BACKUP,QUEUE_BACKUP,payment-service,python-simulator,39.5,1785988569.2134295,147,0.9361,0.0639,closed,0.4292,42.92,0.384,23.79,18.94,7.29,5.47,0.0084,60.0,534.3,0.0019,0.0011,0.2519,0.2841,1,109.39,162.61,246.88,93,0.0777,196.91,186,0.0024
live_ep_000053_QUEUE_BACKUP,QUEUE_BACKUP,payment-service,python-simulator,40.0,1785988569.7148342,85,0.99,0.01,closed,0.3453,34.53,0.4444,16.9,37.49,7.99,2.33,0.0178,5.85,475.8,0.0088,0.0005,0.1976,0.2136,4,112.39,191.59,237.51,82,0.0104,225.25,164,0.0002
live_ep_000053_QUEUE_BACKUP,QUEUE_BACKUP,payment-service,python-simulator,40.5,1785988570.2152035,122,0.9438,0.0562,closed,0.2476,24.76,0.4439,27.56,23.43,5.0,8.77,0.0083,54.92,540.5,0.0023,0.0045,0.166,0.2261,0,121.88,203.7,204.05,90,0.0094,222.42,180,0.0001
live_ep_000053_QUEUE_BACKUP,QUEUE_BACKUP,payment-service,python-simulator,41.0,1785988570.7155304,58,0.9809,0.0191,closed,0.3344,33.44,0.5058,14.1,23.1,3.3,9.49,0.0094,28.2,484.9,0.0008,0.0009,0.2894,0.2348,0,103.48,124.87,202.31,68,0.0557,203.19,136,0.0178
live_ep_000053_QUEUE_BACKUP,QUEUE_BACKUP,payment-service,python-simulator,41.5,1785988571.215916,104,0.99,0.01,closed,0.3501,35.01,0.3571,25.35,19.85,2.43,8.77,0.0004,9.64,505.8,0.004,0.003,0.1701,0.2028,1,128.17,241.59,267.83,95,0.0227,190.14,190,0.0048
live_ep_000053_QUEUE_BACKUP,QUEUE_BACKUP,payment-service,python-simulator,42.0,1785988571.7161372,113,0.937,0.063,closed,0.4232,42.32,0.4061,16.44,17.91,3.68,3.75,0.0042,6.9,519.5,0.0039,0.0015,0.3092,0.2135,0,119.51,159.31,215.45,70,0.0051,233.24,140,0.0044
live_ep_000053_QUEUE_BACKUP,QUEUE_BACKUP,payment-service,python-simulator,42.5,1785988572.2166314,159,0.9652,0.0348,closed,0.3762,37.62,0.497,22.23,19.29,3.54,11.54,0.016,27.89,530.0,0.0093,0.0015,0.2632,0.2916,0,130.75,210.3,258.61,100,0.0148,219.03,200,0.0043
live_ep_000053_QUEUE_BACKUP,QUEUE_BACKUP,payment-service,python-simulator,43.0,1785988572.7172081,145,0.99,0.01,closed,0.4406,44.06,0.2547,17.1,17.88,4.71,9.51,0.0212,9.12,461.5,0.0188,0.0118,0.3396,0.2418,1,121.58,200.95,255.3,83,0.0348,163.4,166,0.0013
live_ep_000053_QUEUE_BACKUP,QUEUE_BACKUP,payment-service,python-simulator,43.5,1785988573.2176483,153,0.99,0.01,closed,0.3675,36.75,0.4833,15.3,31.58,5.63,6.76,0.0054,47.98,541.7,0.0034,0.0026,0.1954,0.3006,2,106.68,169.95,186.06,74,0.0544,189.43,148,0.0157
live_ep_000053_QUEUE_BACKUP,QUEUE_BACKUP,payment-service,python-simulator,44.0,1785988573.7178285,126,0.9039,0.0961,closed,0.3555,35.55,0.4354,16.5,21.3,2.34,5.01,0.0043,2.0,472.6,0.0006,0.0031,0.244,0.2198,0,118.33,137.35,241.26,80,0.0501,211.89,160,0.011
live_ep_000053_QUEUE_BACKUP,QUEUE_BACKUP,payment-service,python-simulator,44.5,1785988574.2179909,121,0.9721,0.0279,closed,0.4131,41.31,0.2465,19.51,11.5,4.67,4.15,0.0138,2.0,525.7,0.0045,0.0001,0.2475,0.2266,0,112.37,157.4,234.04,84,0.035,157.31,168,0.0006
live_ep_000053_QUEUE_BACKUP,QUEUE_BACKUP,payment-service,python-simulator,45.0,1785988574.7184463,109,0.9401,0.0599,closed,0.4059,40.59,0.4688,18.31,16.56,6.11,7.13,0.0012,8.64,530.4,0.0017,0.0014,0.2901,0.2663,3,108.16,211.92,214.16,86,0.028,176.15,172,0.0014
live_ep_000053_QUEUE_BACKUP,QUEUE_BACKUP,payment-service,python-simulator,45.5,1785988575.2185833,117,0.9676,0.0324,closed,0.3921,39.21,0.3491,18.93,17.48,3.75,6.84,0.0071,28.48,539.4,0.0176,0.0014,0.2832,0.2796,2,118.98,132.22,181.22,90,0.071,240.13,180,0.0006
live_ep_000053_QUEUE_BACKUP,QUEUE_BACKUP,payment-service,python-simulator,46.0,1785988575.718703,99,0.88,0.12,closed,0.3781,37.81,0.3962,17.39,16.01,4.49,7.79,0.03,15.74,527.8,0.0047,0.0002,0.2327,0.2382,3,117.21,176.08,206.24,84,0.1,153.04,168,0.0051
live_ep_000053_QUEUE_BACKUP,QUEUE_BACKUP,payment-service,python-simulator,46.5,1785988576.2190468,144,0.9601,0.0399,closed,0.3693,36.93,0.4494,25.32,12.48,10.78,4.64,0.0029,34.6,516.2,0.0012,0.0033,0.2119,0.2399,1,118.91,217.04,252.06,99,0.0284,195.44,198,0.0003
live_ep_000053_QUEUE_BACKUP,QUEUE_BACKUP,payment-service,python-simulator,47.0,1785988576.7191718,63,0.88,0.12,closed,0.2827,28.27,0.3176,17.49,22.04,4.25,3.97,0.0057,2.0,498.2,0.006,0.0025,0.272,0.2871,3,117.27,229.98,238.78,84,0.0055,222.29,168,0.0048
live_ep_000053_QUEUE_BACKUP,QUEUE_BACKUP,payment-service,python-simulator,47.5,1785988577.2196708,159,0.9136,0.0864,closed,0.2725,27.25,0.2764,22.6,19.31,6.22,5.82,0.0012,10.45,508.8,0.0096,0.0016,0.1452,0.218,4,122.37,174.71,231.23,94,0.0624,199.31,188,0.0
live_ep_000053_QUEUE_BACKUP,QUEUE_BACKUP,payment-service,python-simulator,48.0,1785988577.7197676,90,0.9861,0.0139,closed,0.3457,34.57,0.4097,16.95,27.85,4.91,3.72,0.0125,3.11,507.3,0.0019,0.0017,0.3252,0.2524,0,128.28,157.72,242.08,82,0.1,214.7,164,0.0005
live_ep_000053_QUEUE_BACKUP,QUEUE_BACKUP,payment-service,python-simulator,48.5,1785988578.220241,131,0.9169,0.0831,closed,0.3757,37.57,0.3035,29.16,25.27,3.92,4.12,0.0248,11.88,535.0,0.0096,0.0001,0.1808,0.2342,3,126.64,156.03,258.58,94,0.0243,174.12,188,0.0009
live_ep_000053_QUEUE_BACKUP,QUEUE_BACKUP,payment-service,python-simulator,49.0,1785988578.7204523,160,0.88,0.12,closed,0.403,40.3,0.3451,37.66,26.47,7.21,9.5,0.0093,4.46,499.2,0.004,0.0007,0.2045,0.2819,0,136.04,166.18,202.38,89,0.016,194.48,178,0.0099
live_ep_000053_QUEUE_BACKUP,QUEUE_BACKUP,payment-service,python-simulator,49.5,1785988579.220579,117,0.9373,0.0627,closed,0.2999,29.99,0.4381,41.13,14.66,7.25,11.91,0.0057,2.43,464.0,0.003,0.0022,0.3002,0.2466,0,111.02,120.3,235.9,92,0.0779,197.17,184,0.0136
live_ep_000053_QUEUE_BACKUP,QUEUE_BACKUP,payment-service,python-simulator,50.0,1785988579.7212374,166,0.9892,0.0108,closed,0.3303,33.03,0.36,23.39,13.18,5.04,5.25,0.0027,2.0,543.0,0.0122,0.0014,0.2824,0.2921,1,119.78,144.51,224.69,94,0.0295,186.94,188,0.0081
live_ep_000053_QUEUE_BACKUP,QUEUE_BACKUP,payment-service,python-simulator,50.5,1785988580.2216108,159,0.9761,0.0239,closed,0.3147,31.47,0.3857,25.18,23.78,2.27,6.56,0.0077,2.0,522.7,0.0001,0.0001,0.2512,0.258,2,111.35,161.4,238.02,107,0.0081,235.56,214,0.0028
live_ep_000053_QUEUE_BACKUP,QUEUE_BACKUP,payment-service,python-simulator,51.0,1785988580.7221117,121,0.99,0.01,closed,0.3507,35.07,0.3415,24.0,22.06,5.62,6.59,0.019,35.08,540.1,0.0035,0.0005,0.215,0.2432,3,108.5,215.62,238.09,91,0.025,212.45,182,0.0029
live_ep_000053_QUEUE_BACKUP,QUEUE_BACKUP,payment-service,python-simulator,51.5,1785988581.2226677,116,0.9334,0.0666,closed,0.2684,26.84,0.3201,38.71,12.32,4.49,6.73,0.0159,17.66,518.1,0.0131,0.0041,0.2495,0.2609,3,125.87,198.24,249.76,100,0.1,208.53,200,0.0001
live_ep_000053_QUEUE_BACKUP,QUEUE_BACKUP,payment-service,python-simulator,52.0,1785988581.722864,84,0.9171,0.0829,closed,0.3399,33.99,0.3033,32.17,28.87,2.08,8.68,0.0104,3.2,513.5,0.0003,0.0036,0.1308,0.2199,4,111.56,171.23,235.38,107,0.0618,197.21,214,0.0152
live_ep_000053_QUEUE_BACKUP,QUEUE_BACKUP,payment-service,python-simulator,52.5,1785988582.223291,124,0.9751,0.0249,closed,0.3003,30.03,0.3693,24.83,14.72,6.45,3.27,0.0161,44.09,527.5,0.0103,0.0056,0.3166,0.2877,2,137.28,186.66,237.94,116,0.0456,240.32,232,0.0168
live_ep_000053_QUEUE_BACKUP,QUEUE_BACKUP,payment-service,python-simulator,53.0,1785988582.7236829,82,0.9701,0.0299,closed,0.33,33.0,0.3352,27.53,26.02,2.63,4.99,0.0229,15.81,498.7,0.0013,0.0007,0.2366,0.2046,2,122.08,280.38,285.95,112,0.0934,189.53,224,0.0012
live_ep_000053_QUEUE_BACKUP,QUEUE_BACKUP,payment-service,python-simulator,53.5,1785988583.22408,150,0.88,0.12,closed,0.4012,40.12,0.3223,41.4,16.63,2.64,3.39,0.0058,2.0,498.6,0.0063,0.003,0.1755,0.2396,3,122.77,202.8,254.14,95,0.0307,196.36,190,0.009
live_ep_000053_QUEUE_BACKUP,QUEUE_BACKUP,payment-service,python-simulator,54.0,1785988583.7242024,103,0.984,0.016,closed,0.3546,35.46,0.4519,26.36,16.4,2.05,9.33,0.0032,18.75,506.2,0.0003,0.0046,0.2407,0.2301,0,135.32,245.81,260.45,118,0.0064,194.86,236,0.0012
live_ep_000053_QUEUE_BACKUP,QUEUE_BACKUP,payment-service,python-simulator,54.5,1785988584.224711,105,0.9717,0.0283,closed,0.4341,43.41,0.3354,24.8,14.46,3.4,2.0,0.003,2.0,523.6,0.0051,0.0007,0.2492,0.2149,3,125.27,153.69,255.55,119,0.0449,190.05,238,0.0233
live_ep_000053_QUEUE_BACKUP,QUEUE_BACKUP,payment-service,python-simulator,55.0,1785988584.7250524,97,0.9483,0.0517,closed,0.3047,30.47,0.3621,20.83,14.62,2.44,4.05,0.0056,2.0,497.0,0.0142,0.0019,0.2561,0.2522,0,125.45,139.96,243.35,100,0.0354,206.09,200,0.0011
live_ep_000053_QUEUE_BACKUP,QUEUE_BACKUP,payment-service,python-simulator,55.5,1785988585.2251134,86,0.8802,0.1198,closed,0.2931,29.31,0.2612,30.32,20.25,3.03,4.41,0.0007,5.88,515.5,0.0025,0.0002,0.1646,0.2915,4,131.08,173.91,307.52,115,0.0512,193.2,230,0.002
live_ep_000053_QUEUE_BACKUP,QUEUE_BACKUP,payment-service,python-simulator,56.0,1785988585.7252412,105,0.8912,0.1088,closed,0.24,24.0,0.4212,27.96,11.35,7.26,4.9,0.004,22.4,517.3,0.0105,0.0013,0.2545,0.2012,3,115.13,157.07,254.79,111,0.0047,200.69,222,0.001
live_ep_000053_QUEUE_BACKUP,QUEUE_BACKUP,payment-service,python-simulator,56.5,1785988586.2257195,154,0.9223,0.0777,closed,0.4233,42.33,0.4012,23.56,28.28,3.98,8.0,0.0151,8.14,533.6,0.002,0.0035,0.2897,0.2998,1,113.63,203.15,245.07,112,0.0297,223.17,224,0.0143
live_ep_000053_QUEUE_BACKUP,QUEUE_BACKUP,payment-service,python-simulator,57.0,1785988586.726016,103,0.9752,0.0248,closed,0.237,23.7,0.2539,22.7,23.77,2.16,3.94,0.0145,2.94,502.6,0.0152,0.0071,0.3479,0.2572,0,120.4,222.95,261.46,111,0.0027,219.55,222,0.0017
live_ep_000053_QUEUE_BACKUP,QUEUE_BACKUP,payment-service,python-simulator,57.5,1785988587.22645,104,0.88,0.12,closed,0.4473,44.73,0.3584,39.96,17.66,8.2,9.86,0.0175,21.85,557.3,0.0078,0.0016,0.3506,0.2919,2,125.13,186.36,259.32,120,0.0572,191.64,240,0.0061
live_ep_000053_QUEUE_BACKUP,QUEUE_BACKUP,payment-service,python-simulator,58.0,1785988587.7266304,113,0.9616,0.0384,closed,0.3919,39.19,0.2147,24.36,30.42,4.81,5.17,0.0092,3.3,548.0,0.0045,0.0007,0.1923,0.28,1,122.06,125.24,281.36,110,0.0247,201.01,220,0.0118
live_ep_000053_QUEUE_BACKUP,QUEUE_BACKUP,payment-service,python-simulator,58.5,1785988588.2272148,176,0.9083,0.0917,closed,0.3313,33.13,0.2336,30.06,16.79,3.74,5.57,0.0183,9.67,502.3,0.0082,0.0017,0.2908,0.2242,1,130.38,170.07,282.04,117,0.0738,196.95,234,0.0063
live_ep_000053_QUEUE_BACKUP,QUEUE_BACKUP,payment-service,python-simulator,59.0,1785988588.7276893,170,0.99,0.01,closed,0.4025,40.25,0.3276,31.44,17.5,4.65,8.12,0.015,32.53,530.2,0.0004,0.0061,0.3307,0.2478,2,131.01,195.51,277.82,121,0.1,181.34,242,0.0026
live_ep_000053_QUEUE_BACKUP,QUEUE_BACKUP,payment-service,python-simulator,59.5,1785988589.2281263,176,0.9404,0.0596,closed,0.4119,41.19,0.3521,37.6,21.3,4.71,11.01,0.0099,39.7,499.3,0.0127,0.0043,0.2803,0.2843,3,109.17,251.22,284.44,126,0.0115,180.93,252,0.0087
live_ep_000054_CPU_SATURATION,CPU_SATURATION,order-service,python-simulator,0.0,1785988589.7331893,56,0.9294,0.0706,closed,0.3761,37.61,0.3177,1.4,27.41,7.62,7.99,0.0166,17.76,482.7,0.0038,0.0006,0.1952,0.2749,4,99.3,121.13,127.72,18,0.0115,179.67,0,0.0024
live_ep_000054_CPU_SATURATION,CPU_SATURATION,order-service,python-simulator,0.5,1785988590.2334676,62,0.88,0.12,closed,0.3021,30.21,0.2747,3.03,18.53,1.67,7.85,0.0092,12.41,496.8,0.0072,0.0022,0.2376,0.2578,3,93.91,117.84,132.31,7,0.0155,178.74,13,0.0086
live_ep_000054_CPU_SATURATION,CPU_SATURATION,order-service,python-simulator,1.0,1785988590.7337818,26,0.9891,0.0109,closed,0.4227,42.27,0.4448,3.23,25.35,2.4,5.33,0.0049,60.0,504.5,0.0082,0.0039,0.2614,0.2571,4,94.41,118.34,126.09,17,0.0572,188.17,14,0.0055
live_ep_000054_CPU_SATURATION,CPU_SATURATION,order-service,python-simulator,1.5,1785988591.2342038,64,0.9413,0.0587,closed,0.3058,30.58,0.3227,4.27,23.33,4.49,8.95,0.0085,14.93,522.8,0.0054,0.0015,0.2138,0.2722,3,104.27,119.07,119.27,18,0.0417,186.38,10,0.0056
live_ep_000054_CPU_SATURATION,CPU_SATURATION,order-service,python-simulator,2.0,1785988591.7343225,88,0.9274,0.0726,closed,0.374,37.4,0.3334,1.0,24.33,6.28,7.16,0.0203,12.61,513.6,0.0035,0.0033,0.2049,0.2653,1,101.14,116.58,143.96,10,0.0271,192.4,14,0.0008
live_ep_000054_CPU_SATURATION,CPU_SATURATION,order-service,python-simulator,2.5,1785988592.2348833,49,0.88,0.12,closed,0.2294,22.94,0.3539,5.52,27.84,2.76,6.28,0.0022,4.64,513.0,0.0023,0.0003,0.3277,0.2024,3,91.42,93.55,100.39,5,0.0196,165.04,9,0.0044
live_ep_000054_CPU_SATURATION,CPU_SATURATION,order-service,python-simulator,3.0,1785988592.7353141,29,0.88,0.12,closed,0.3544,35.44,0.3574,3.8,19.2,6.73,6.25,0.0077,9.65,529.4,0.0047,0.0004,0.2839,0.2474,3,93.79,95.37,105.35,0,0.0346,178.84,2,0.0064
live_ep_000054_CPU_SATURATION,CPU_SATURATION,order-service,python-simulator,3.5,1785988593.235601,98,0.903,0.097,closed,0.8486,84.86,0.5066,14.29,20.05,2.66,4.88,0.0322,52.82,507.1,0.0001,0.0151,0.2253,0.2442,3,213.88,261.57,319.53,43,0.0081,175.81,134,0.033
live_ep_000054_CPU_SATURATION,CPU_SATURATION,order-service,python-simulator,4.0,1785988593.7357726,89,0.972,0.028,closed,0.9429,94.29,0.2595,13.4,22.94,5.0,5.62,0.0679,33.98,527.8,0.0013,0.0279,0.327,0.2864,0,218.17,358.63,422.43,54,0.0119,181.52,147,0.057
live_ep_000054_CPU_SATURATION,CPU_SATURATION,order-service,python-simulator,4.5,1785988594.2359178,64,0.99,0.01,closed,0.8281,82.81,0.4974,11.54,17.41,4.89,6.11,0.0301,24.5,512.8,0.0006,0.013,0.3403,0.2393,4,183.79,291.0,332.51,52,0.0039,175.36,126,0.026
live_ep_000054_CPU_SATURATION,CPU_SATURATION,order-service,python-simulator,5.0,1785988594.7362618,115,0.9671,0.0329,closed,0.8626,86.26,0.2701,14.38,16.18,7.11,11.51,0.0431,5.35,526.6,0.0095,0.0184,0.2913,0.3228,2,205.88,315.7,350.68,49,0.0609,188.62,141,0.0391
live_ep_000054_CPU_SATURATION,CPU_SATURATION,order-service,python-simulator,5.5,1785988595.2364857,159,0.9403,0.0597,closed,0.8582,85.82,0.3545,15.88,11.82,4.64,4.16,0.0342,2.0,525.0,0.0063,0.0238,0.2765,0.2586,4,202.53,214.19,281.63,42,0.0077,217.71,140,0.0366
live_ep_000054_CPU_SATURATION,CPU_SATURATION,order-service,python-simulator,6.0,1785988595.7368057,90,0.9774,0.0226,closed,0.913,91.3,0.3718,10.57,34.05,5.45,10.86,0.0473,26.61,527.0,0.0001,0.0222,0.3743,0.2207,0,206.99,303.41,348.67,60,0.0015,198.02,150,0.0435
live_ep_000054_CPU_SATURATION,CPU_SATURATION,order-service,python-simulator,6.5,1785988596.2373557,73,0.9119,0.0881,closed,0.8748,87.48,0.3721,13.32,32.11,5.63,8.66,0.0464,13.53,519.8,0.0018,0.0192,0.259,0.2624,2,194.94,267.75,295.37,55,0.0108,200.08,139,0.041
live_ep_000054_CPU_SATURATION,CPU_SATURATION,order-service,python-simulator,7.0,1785988596.737846,67,0.9808,0.0192,closed,0.8942,89.42,0.4492,9.95,26.25,7.89,4.42,0.0578,4.74,510.4,0.0026,0.0201,0.2365,0.2698,1,211.6,233.77,326.58,49,0.1,215.84,147,0.0508
live_ep_000054_CPU_SATURATION,CPU_SATURATION,order-service,python-simulator,7.5,1785988597.2383842,117,0.9376,0.0624,closed,0.8449,84.49,0.169,9.75,20.07,15.67,3.51,0.0367,20.3,534.9,0.0036,0.0163,0.3494,0.2565,4,192.25,238.26,359.16,56,0.0237,207.71,136,0.0296
live_ep_000054_CPU_SATURATION,CPU_SATURATION,order-service,python-simulator,8.0,1785988597.738927,145,0.9895,0.0105,closed,0.8978,89.78,0.3676,11.79,13.11,2.17,3.39,0.0483,10.74,508.0,0.0129,0.0207,0.3322,0.2425,3,198.73,210.58,389.47,55,0.002,194.91,143,0.0402
live_ep_000054_CPU_SATURATION,CPU_SATURATION,order-service,python-simulator,8.5,1785988598.2393258,101,0.9859,0.0141,closed,0.823,82.3,0.3344,11.93,20.94,4.94,8.49,0.0362,29.21,509.1,0.0088,0.013,0.2405,0.2458,1,174.2,253.78,264.44,41,0.0443,207.2,123,0.028
live_ep_000054_CPU_SATURATION,CPU_SATURATION,order-service,python-simulator,9.0,1785988598.7395456,98,0.9491,0.0509,closed,0.8403,84.03,0.2843,8.9,18.91,2.89,6.19,0.0351,9.5,529.7,0.0001,0.0159,0.2084,0.2984,1,183.31,313.57,314.51,45,0.062,190.17,131,0.0362
live_ep_000054_CPU_SATURATION,CPU_SATURATION,order-service,python-simulator,9.5,1785988599.2398787,67,0.9577,0.0423,closed,0.8163,81.63,0.4066,17.58,15.75,6.49,9.54,0.0306,21.48,520.1,0.0039,0.0138,0.3298,0.2026,4,190.73,266.19,267.52,48,0.0174,187.5,127,0.0382
live_ep_000054_CPU_SATURATION,CPU_SATURATION,order-service,python-simulator,10.0,1785988599.7400172,141,0.99,0.01,closed,0.7765,77.65,0.3348,10.32,18.83,4.27,8.47,0.0185,33.87,519.8,0.0063,0.0083,0.1476,0.2475,1,178.44,228.42,235.74,42,0.0251,182.89,126,0.0189
live_ep_000054_CPU_SATURATION,CPU_SATURATION,order-service,python-simulator,10.5,1785988600.2405686,146,0.9587,0.0413,closed,0.8647,86.47,0.4482,15.12,24.4,2.28,3.44,0.036,12.08,511.9,0.0088,0.0177,0.3101,0.2494,0,187.67,264.0,325.14,61,0.1,194.82,135,0.0349
live_ep_000054_CPU_SATURATION,CPU_SATURATION,order-service,python-simulator,11.0,1785988600.7409523,62,0.9839,0.0161,closed,0.8589,85.89,0.4011,15.32,18.06,6.47,6.4,0.0409,2.0,511.8,0.0002,0.0231,0.1585,0.2556,4,190.49,266.86,273.23,55,0.0102,185.72,129,0.0318
live_ep_000054_CPU_SATURATION,CPU_SATURATION,order-service,python-simulator,11.5,1785988601.2412214,108,0.9583,0.0417,closed,0.9201,92.01,0.3498,12.28,17.6,5.81,11.27,0.0554,14.02,531.7,0.0003,0.0344,0.284,0.2794,3,197.95,334.11,380.8,56,0.0516,203.34,142,0.0466
live_ep_000054_CPU_SATURATION,CPU_SATURATION,order-service,python-simulator,12.0,1785988601.7415218,151,0.88,0.12,closed,0.8571,85.71,0.2602,12.12,24.4,3.79,11.05,0.0358,2.07,482.0,0.0038,0.0169,0.2433,0.2193,3,188.28,298.77,409.69,48,0.0639,216.81,128,0.0337
live_ep_000054_CPU_SATURATION,CPU_SATURATION,order-service,python-simulator,12.5,1785988602.2417092,147,0.8866,0.1134,closed,0.8336,83.36,0.3573,13.7,13.88,5.76,5.14,0.0462,32.59,521.5,0.008,0.017,0.2019,0.2159,3,201.59,224.25,333.58,47,0.0432,187.59,137,0.0287
live_ep_000054_CPU_SATURATION,CPU_SATURATION,order-service,python-simulator,13.0,1785988602.7421284,164,0.9839,0.0161,closed,0.9458,94.58,0.4532,10.11,19.45,4.32,7.45,0.0525,17.42,530.4,0.0027,0.0253,0.2213,0.3329,2,200.84,309.31,392.24,52,0.0596,226.77,148,0.0536
live_ep_000054_CPU_SATURATION,CPU_SATURATION,order-service,python-simulator,13.5,1785988603.2425253,76,0.9261,0.0739,closed,0.9071,90.71,0.3967,10.71,15.41,4.75,5.42,0.0431,11.29,487.2,0.0004,0.0208,0.272,0.2332,0,193.78,203.24,316.1,63,0.0725,208.08,137,0.049
live_ep_000054_CPU_SATURATION,CPU_SATURATION,order-service,python-simulator,14.0,1785988603.743011,127,0.9092,0.0908,closed,0.8945,89.45,0.3268,19.17,17.78,5.6,4.86,0.0407,9.68,495.9,0.0017,0.02,0.2172,0.2921,2,199.83,351.71,402.37,58,0.035,200.59,148,0.046
live_ep_000054_CPU_SATURATION,CPU_SATURATION,order-service,python-simulator,14.5,1785988604.2432098,83,0.9624,0.0376,closed,0.9075,90.75,0.4011,13.75,18.71,7.73,5.79,0.0442,3.01,505.9,0.0247,0.0237,0.2287,0.2639,3,185.59,283.17,338.47,56,0.0065,183.64,140,0.05
live_ep_000054_CPU_SATURATION,CPU_SATURATION,order-service,python-simulator,15.0,1785988604.7435331,63,0.9475,0.0525,closed,0.8343,83.43,0.3081,14.07,18.66,2.89,5.66,0.0316,5.55,518.6,0.0025,0.0142,0.191,0.2666,0,188.33,192.75,265.12,53,0.0447,202.84,126,0.046
live_ep_000054_CPU_SATURATION,CPU_SATURATION,order-service,python-simulator,15.5,1785988605.2439342,73,0.8806,0.1194,closed,0.916,91.6,0.4811,12.93,16.65,3.05,4.25,0.0511,14.54,493.0,0.0017,0.0245,0.3432,0.2724,1,206.72,323.17,363.74,52,0.027,202.32,148,0.0481
live_ep_000054_CPU_SATURATION,CPU_SATURATION,order-service,python-simulator,16.0,1785988605.7440917,83,0.9759,0.0241,closed,0.8117,81.17,0.4436,9.81,17.21,3.51,5.77,0.0265,28.13,524.9,0.0047,0.0112,0.1329,0.2393,2,191.83,229.7,266.66,41,0.0596,207.42,124,0.0256
live_ep_000054_CPU_SATURATION,CPU_SATURATION,order-service,python-simulator,16.5,1785988606.244298,98,0.9112,0.0888,closed,0.8276,82.76,0.4136,17.22,20.97,12.33,2.47,0.0296,20.39,500.3,0.0038,0.0174,0.2052,0.2478,2,178.92,192.8,272.12,47,0.0151,160.32,132,0.0295
live_ep_000054_CPU_SATURATION,CPU_SATURATION,order-service,python-simulator,17.0,1785988606.744847,70,0.99,0.01,closed,0.9013,90.13,0.4245,10.24,34.45,3.49,7.05,0.0501,22.7,528.8,0.0205,0.0212,0.2384,0.2944,3,198.76,359.04,365.09,53,0.0424,203.13,148,0.0515
live_ep_000054_CPU_SATURATION,CPU_SATURATION,order-service,python-simulator,17.5,1785988607.2450197,120,0.99,0.01,closed,0.8531,85.31,0.5058,9.86,22.04,4.93,7.79,0.063,2.0,476.6,0.0068,0.0201,0.2687,0.2563,0,198.94,229.5,285.23,48,0.0222,215.69,130,0.042
live_ep_000054_CPU_SATURATION,CPU_SATURATION,order-service,python-simulator,18.0,1785988607.7453902,147,0.99,0.01,closed,0.8489,84.89,0.4762,15.11,25.82,6.18,14.54,0.044,12.32,492.3,0.011,0.0165,0.3211,0.263,0,201.68,258.16,376.22,47,0.0423,179.9,133,0.0319
live_ep_000054_CPU_SATURATION,CPU_SATURATION,order-service,python-simulator,18.5,1785988608.2472885,64,0.9263,0.0737,closed,0.8856,88.56,0.3888,12.61,22.34,5.32,5.51,0.0375,29.74,530.8,0.0001,0.019,0.2419,0.275,1,205.99,225.28,341.4,59,0.0261,199.4,141,0.0559
live_ep_000054_CPU_SATURATION,CPU_SATURATION,order-service,python-simulator,19.0,1785988608.7478623,63,0.9188,0.0812,closed,0.8729,87.29,0.4557,13.08,11.89,3.43,2.68,0.041,33.4,526.1,0.0038,0.0206,0.2225,0.2003,3,191.67,362.12,386.11,50,0.0365,202.78,135,0.0375
live_ep_000054_CPU_SATURATION,CPU_SATURATION,order-service,python-simulator,19.5,1785988609.254677,111,0.9253,0.0747,closed,0.8494,84.94,0.3462,10.42,11.8,5.6,7.46,0.0351,2.0,503.2,0.0009,0.0169,0.1542,0.2458,1,175.3,215.8,356.37,53,0.0112,219.49,139,0.04
live_ep_000054_CPU_SATURATION,CPU_SATURATION,order-service,python-simulator,20.0,1785988609.7550588,129,0.9883,0.0117,closed,0.8988,89.88,0.3183,12.37,15.62,3.52,9.01,0.0449,60.0,500.2,0.006,0.0218,0.2246,0.1887,4,196.27,302.69,353.73,60,0.0442,197.33,147,0.0433
live_ep_000054_CPU_SATURATION,CPU_SATURATION,order-service,python-simulator,20.5,1785988610.2615762,92,0.8815,0.1185,closed,0.871,87.1,0.284,9.91,19.95,3.21,3.68,0.0469,14.29,515.2,0.0021,0.0178,0.2828,0.1946,1,193.16,307.99,413.72,61,0.0055,206.25,130,0.037
live_ep_000054_CPU_SATURATION,CPU_SATURATION,order-service,python-simulator,21.0,1785988610.7620687,66,0.99,0.01,closed,0.8709,87.09,0.2885,10.02,20.56,3.09,2.97,0.0496,24.43,500.8,0.0045,0.019,0.2711,0.2449,4,189.15,292.75,368.74,48,0.0717,191.7,137,0.0518
live_ep_000054_CPU_SATURATION,CPU_SATURATION,order-service,python-simulator,21.5,1785988611.265705,160,0.99,0.01,closed,0.8637,86.37,0.236,9.14,40.08,4.8,4.67,0.0423,20.82,535.3,0.0009,0.0189,0.2108,0.2737,3,197.66,300.75,344.06,57,0.1,242.06,134,0.04
live_ep_000054_CPU_SATURATION,CPU_SATURATION,order-service,python-simulator,22.0,1785988611.7702756,145,0.9854,0.0146,closed,0.8475,84.75,0.2153,9.07,31.8,4.98,3.55,0.0363,13.27,507.2,0.0097,0.0163,0.2409,0.2656,0,197.12,284.49,308.13,42,0.0307,209.51,128,0.0392
live_ep_000054_CPU_SATURATION,CPU_SATURATION,order-service,python-simulator,22.5,1785988612.2903113,124,0.99,0.01,closed,0.8617,86.17,0.415,9.87,29.3,3.83,7.11,0.0488,3.16,506.0,0.002,0.0193,0.2477,0.2247,2,195.18,259.64,312.56,53,0.0668,199.37,134,0.0343
live_ep_000054_CPU_SATURATION,CPU_SATURATION,order-service,python-simulator,23.0,1785988612.8079522,144,0.9308,0.0692,closed,0.8151,81.51,0.4655,20.13,13.5,7.37,5.74,0.0459,35.08,497.5,0.0018,0.0127,0.2279,0.2267,2,183.09,274.54,294.2,48,0.0576,207.81,135,0.0309
live_ep_000054_CPU_SATURATION,CPU_SATURATION,order-service,python-simulator,23.5,1785988613.3112621,75,0.8982,0.1018,closed,0.8694,86.94,0.3858,19.12,16.3,2.74,6.17,0.0449,6.78,507.4,0.0041,0.0178,0.2706,0.2443,4,185.34,261.55,351.85,61,0.1,216.96,133,0.0364
live_ep_000054_CPU_SATURATION,CPU_SATURATION,order-service,python-simulator,24.0,1785988613.8247766,72,0.971,0.029,closed,0.8338,83.38,0.3449,9.04,20.47,5.42,3.5,0.0289,2.11,489.9,0.0037,0.017,0.3946,0.2097,0,187.32,230.55,330.27,46,0.0572,172.3,129,0.0402
live_ep_000054_CPU_SATURATION,CPU_SATURATION,order-service,python-simulator,24.5,1785988614.3258064,119,0.9511,0.0489,closed,0.8723,87.23,0.4456,9.39,13.21,5.27,3.86,0.0372,3.6,520.3,0.004,0.0178,0.2377,0.2199,3,192.64,254.91,267.86,55,0.0011,176.32,138,0.0437
live_ep_000054_CPU_SATURATION,CPU_SATURATION,order-service,python-simulator,25.0,1785988614.8319516,86,0.9059,0.0941,closed,0.9524,95.24,0.3067,12.91,17.59,2.76,5.07,0.057,17.91,497.4,0.0027,0.0281,0.3016,0.2651,4,210.54,318.16,408.23,49,0.0392,202.54,145,0.0525
live_ep_000054_CPU_SATURATION,CPU_SATURATION,order-service,python-simulator,25.5,1785988615.3356364,67,0.891,0.109,closed,0.8742,87.42,0.358,18.18,18.0,3.76,5.0,0.0447,2.0,524.6,0.0011,0.0178,0.3156,0.2265,0,186.68,202.12,337.11,55,0.0211,210.16,143,0.0372
live_ep_000054_CPU_SATURATION,CPU_SATURATION,order-service,python-simulator,26.0,1785988615.8363416,126,0.99,0.01,closed,0.8669,86.69,0.2599,17.03,24.38,2.91,5.67,0.0366,16.03,547.6,0.0036,0.0173,0.3051,0.3058,0,190.56,307.26,362.66,51,0.035,238.53,141,0.0388
live_ep_000054_CPU_SATURATION,CPU_SATURATION,order-service,python-simulator,26.5,1785988616.345778,80,0.9525,0.0475,closed,0.8571,85.71,0.3369,11.66,26.73,9.35,5.43,0.0443,2.0,482.4,0.0019,0.0159,0.3658,0.2278,3,187.65,224.78,327.3,61,0.049,215.22,131,0.0439
live_ep_000054_CPU_SATURATION,CPU_SATURATION,order-service,python-simulator,27.0,1785988616.8464732,119,0.9132,0.0868,closed,0.865,86.5,0.3731,12.98,31.15,5.2,8.78,0.0363,3.63,517.6,0.0068,0.017,0.1871,0.1903,4,206.55,343.68,365.9,44,0.0049,205.52,142,0.0411
live_ep_000054_CPU_SATURATION,CPU_SATURATION,order-service,python-simulator,27.5,1785988617.349487,71,0.9085,0.0915,closed,0.8604,86.04,0.28,11.23,25.84,10.24,9.85,0.0369,46.46,499.8,0.0116,0.0163,0.3062,0.2616,1,189.92,319.3,349.12,54,0.0178,170.82,134,0.0355
live_ep_000054_CPU_SATURATION,CPU_SATURATION,order-service,python-simulator,28.0,1785988617.851726,161,0.9892,0.0108,closed,0.993,99.3,0.4029,10.78,21.51,3.55,4.53,0.0967,5.24,495.4,0.0004,0.0298,0.2097,0.197,3,218.94,302.18,405.41,50,0.1,188.81,156,0.0677
live_ep_000054_CPU_SATURATION,CPU_SATURATION,order-service,python-simulator,28.5,1785988618.3527315,91,0.9639,0.0361,closed,0.8962,89.62,0.3109,16.33,32.38,3.82,13.07,0.0502,4.51,518.4,0.0036,0.0207,0.1759,0.2559,4,197.79,309.35,327.61,53,0.0257,223.84,137,0.0498
live_ep_000054_CPU_SATURATION,CPU_SATURATION,order-service,python-simulator,29.0,1785988618.8561532,69,0.99,0.01,closed,0.9475,94.75,0.3813,15.79,21.25,5.03,6.25,0.0594,2.0,508.3,0.014,0.0254,0.2297,0.2684,1,213.56,306.63,363.74,63,0.0043,216.57,154,0.0501
live_ep_000054_CPU_SATURATION,CPU_SATURATION,order-service,python-simulator,29.5,1785988619.3648458,74,0.9116,0.0884,closed,0.8569,85.69,0.3605,19.95,14.62,7.48,3.65,0.0484,20.88,517.4,0.0139,0.0158,0.2453,0.2083,1,196.29,262.15,314.98,48,0.0299,187.01,137,0.0328
live_ep_000054_CPU_SATURATION,CPU_SATURATION,order-service,python-simulator,30.0,1785988619.8653035,107,0.8907,0.1093,closed,0.8711,87.11,0.2523,9.21,18.31,2.41,5.73,0.0426,12.91,521.4,0.0013,0.0186,0.306,0.2871,1,194.47,202.19,343.8,56,0.0176,207.13,140,0.039
live_ep_000054_CPU_SATURATION,CPU_SATURATION,order-service,python-simulator,30.5,1785988620.366751,109,0.99,0.01,closed,0.9002,90.02,0.3636,28.61,36.0,6.2,4.17,0.0489,16.21,533.2,0.0002,0.0293,0.2733,0.1973,1,192.23,287.4,349.67,61,0.1,204.25,147,0.0413
live_ep_000054_CPU_SATURATION,CPU_SATURATION,order-service,python-simulator,31.0,1785988620.8823862,131,0.9731,0.0269,closed,0.9012,90.12,0.5036,16.51,24.84,4.37,3.34,0.0506,2.0,527.3,0.0065,0.023,0.2702,0.2891,3,202.47,302.32,405.78,60,0.0941,231.17,147,0.0406
live_ep_000054_CPU_SATURATION,CPU_SATURATION,order-service,python-simulator,31.5,1785988621.3971782,156,0.99,0.01,closed,0.8752,87.52,0.4516,10.85,19.44,4.8,6.34,0.0362,2.0,518.3,0.0016,0.0234,0.0992,0.2307,2,209.01,242.39,317.41,62,0.0027,204.47,136,0.0351
live_ep_000054_CPU_SATURATION,CPU_SATURATION,order-service,python-simulator,32.0,1785988621.9073627,82,0.9551,0.0449,closed,0.8523,85.23,0.3841,15.04,16.62,3.66,11.12,0.0435,21.27,497.5,0.0013,0.016,0.238,0.2785,3,190.57,235.56,328.03,59,0.0099,204.55,133,0.0323
live_ep_000054_CPU_SATURATION,CPU_SATURATION,order-service,python-simulator,32.5,1785988622.4239678,87,0.9623,0.0377,closed,0.8076,80.76,0.391,8.84,20.19,5.68,2.66,0.0291,60.0,498.9,0.0015,0.0114,0.2686,0.2504,1,180.06,214.14,281.06,54,0.0181,212.6,135,0.0241
live_ep_000054_CPU_SATURATION,CPU_SATURATION,order-service,python-simulator,33.0,1785988622.9263158,149,0.907,0.093,closed,0.921,92.1,0.2704,15.15,27.56,5.75,4.82,0.0627,24.79,502.1,0.0147,0.0239,0.173,0.2709,1,212.21,362.55,374.99,63,0.1,173.71,140,0.0548
live_ep_000054_CPU_SATURATION,CPU_SATURATION,order-service,python-simulator,33.5,1785988623.4548237,81,0.9394,0.0606,closed,0.9378,93.78,0.3763,19.81,15.61,5.07,7.9,0.0526,2.32,506.0,0.0038,0.0252,0.2067,0.1697,0,203.92,286.98,416.64,51,0.003,211.79,146,0.0479
live_ep_000054_CPU_SATURATION,CPU_SATURATION,order-service,python-simulator,34.0,1785988623.956512,159,0.9895,0.0105,closed,0.9154,91.54,0.3378,32.56,21.33,4.88,2.66,0.0548,30.38,486.7,0.0001,0.0227,0.2866,0.2017,1,206.58,353.79,358.34,47,0.0016,213.36,138,0.052
live_ep_000054_CPU_SATURATION,CPU_SATURATION,order-service,python-simulator,34.5,1785988624.4624736,113,0.9897,0.0103,closed,0.846,84.6,0.3201,16.81,31.16,6.16,9.7,0.0407,2.0,507.0,0.0023,0.0149,0.2021,0.303,4,193.97,194.44,326.19,59,0.0097,182.3,129,0.0389
live_ep_000054_CPU_SATURATION,CPU_SATURATION,order-service,python-simulator,35.0,1785988624.9693642,97,0.9863,0.0137,closed,0.8996,89.96,0.4872,10.5,14.26,5.02,5.49,0.0493,34.04,532.4,0.0047,0.0242,0.3282,0.268,2,203.02,343.45,404.11,52,0.042,192.44,136,0.0419
live_ep_000054_CPU_SATURATION,CPU_SATURATION,order-service,python-simulator,35.5,1785988625.4840448,81,0.88,0.12,closed,0.8801,88.01,0.4365,24.53,20.88,2.81,5.35,0.0431,12.4,497.3,0.0034,0.0191,0.2969,0.2431,3,194.06,279.95,330.33,49,0.0091,177.88,132,0.0361
live_ep_000054_CPU_SATURATION,CPU_SATURATION,order-service,python-simulator,36.0,1785988625.9883711,77,0.9561,0.0439,closed,0.8115,81.15,0.4273,16.16,29.44,5.65,6.23,0.0253,9.21,514.1,0.0275,0.0135,0.2995,0.2574,2,182.37,223.08,243.94,49,0.0299,179.35,122,0.0235
live_ep_000054_CPU_SATURATION,CPU_SATURATION,order-service,python-simulator,36.5,1785988626.4911346,98,0.88,0.12,closed,0.8845,88.45,0.4707,12.31,13.65,4.71,9.44,0.0395,20.97,491.3,0.0012,0.0211,0.2,0.2088,3,193.55,281.99,348.72,52,0.0038,193.24,140,0.0402
live_ep_000054_CPU_SATURATION,CPU_SATURATION,order-service,python-simulator,37.0,1785988626.991741,67,0.9477,0.0523,closed,0.8835,88.35,0.278,9.34,25.53,6.84,6.78,0.0514,24.4,514.9,0.0052,0.0216,0.2039,0.2282,4,210.94,216.88,250.04,51,0.0138,223.57,134,0.0522
live_ep_000054_CPU_SATURATION,CPU_SATURATION,order-service,python-simulator,37.5,1785988627.492299,84,0.9741,0.0259,closed,0.8605,86.05,0.4428,9.11,27.99,4.62,4.68,0.0365,3.29,533.1,0.0116,0.0182,0.2235,0.2621,0,190.93,231.86,321.89,60,0.0161,171.07,136,0.0448
live_ep_000054_CPU_SATURATION,CPU_SATURATION,order-service,python-simulator,38.0,1785988627.9941316,71,0.88,0.12,closed,0.8235,82.35,0.3624,17.57,30.03,5.21,8.47,0.0409,16.28,497.3,0.0012,0.0132,0.2943,0.2198,3,184.72,192.57,257.3,58,0.0396,200.83,134,0.032
live_ep_000054_CPU_SATURATION,CPU_SATURATION,order-service,python-simulator,38.5,1785988628.5002337,161,0.9364,0.0636,closed,0.9154,91.54,0.2553,9.65,21.55,3.43,11.72,0.0509,20.65,544.4,0.002,0.0287,0.2559,0.3091,1,203.57,345.38,366.76,58,0.0735,187.55,146,0.0449
live_ep_000054_CPU_SATURATION,CPU_SATURATION,order-service,python-simulator,39.0,1785988629.00054,111,0.9507,0.0493,closed,0.8245,82.45,0.3591,13.31,16.33,2.45,9.11,0.0355,8.1,525.4,0.0099,0.014,0.1974,0.2728,4,192.13,235.13,251.88,54,0.0384,207.68,126,0.0271
live_ep_000054_CPU_SATURATION,CPU_SATURATION,order-service,python-simulator,39.5,1785988629.500794,134,0.99,0.01,closed,0.851,85.1,0.3471,9.8,31.04,4.89,5.27,0.0324,29.09,495.0,0.0071,0.0199,0.2294,0.2794,1,184.45,283.86,289.26,54,0.0095,184.05,130,0.0317
live_ep_000054_CPU_SATURATION,CPU_SATURATION,order-service,python-simulator,40.0,1785988630.008178,163,0.9853,0.0147,closed,0.8955,89.55,0.3285,9.46,18.42,4.3,4.8,0.0513,11.83,484.2,0.0004,0.0238,0.2081,0.2339,3,195.52,200.67,317.36,63,0.1,192.78,137,0.0428
live_ep_000054_CPU_SATURATION,CPU_SATURATION,order-service,python-simulator,40.5,1785988630.513115,146,0.99,0.01,closed,0.8266,82.66,0.3581,10.02,25.18,5.77,5.2,0.046,27.65,516.2,0.037,0.0146,0.2134,0.2214,1,201.46,259.74,284.38,60,0.0586,220.32,126,0.0262
live_ep_000054_CPU_SATURATION,CPU_SATURATION,order-service,python-simulator,41.0,1785988631.0148234,142,0.9504,0.0496,closed,0.8612,86.12,0.2796,9.99,15.52,6.37,5.14,0.0392,2.0,524.9,0.0026,0.0181,0.2405,0.2723,4,211.49,340.87,345.38,45,0.0626,186.86,141,0.0351
live_ep_000054_CPU_SATURATION,CPU_SATURATION,order-service,python-simulator,41.5,1785988631.5158937,121,0.99,0.01,closed,0.8523,85.23,0.3875,9.25,17.74,3.28,2.0,0.0683,9.34,509.5,0.0021,0.0189,0.2737,0.2192,2,183.92,184.06,292.36,52,0.0279,172.3,135,0.0378
live_ep_000054_CPU_SATURATION,CPU_SATURATION,order-service,python-simulator,42.0,1785988632.0168211,137,0.9766,0.0234,closed,0.9434,94.34,0.3274,11.14,15.94,3.63,4.97,0.0743,2.14,500.6,0.0023,0.0288,0.1934,0.2491,1,191.8,210.51,398.34,52,0.003,168.97,145,0.0545
live_ep_000054_CPU_SATURATION,CPU_SATURATION,order-service,python-simulator,42.5,1785988632.5169487,109,0.9662,0.0338,closed,0.8711,87.11,0.2158,29.56,13.77,3.43,6.2,0.0449,8.76,516.2,0.001,0.0174,0.3442,0.2576,1,197.61,202.78,362.09,57,0.0854,237.71,144,0.0402
live_ep_000054_CPU_SATURATION,CPU_SATURATION,order-service,python-simulator,43.0,1785988633.017538,158,0.9529,0.0471,closed,0.8518,85.18,0.4923,16.08,14.85,5.44,4.75,0.0365,2.0,515.3,0.0084,0.0178,0.2658,0.2798,4,169.7,190.17,287.49,54,0.0175,173.98,140,0.0397
live_ep_000054_CPU_SATURATION,CPU_SATURATION,order-service,python-simulator,43.5,1785988633.51936,137,0.9708,0.0292,closed,0.8456,84.56,0.3633,18.08,11.95,3.11,4.55,0.034,25.5,516.1,0.004,0.0168,0.2646,0.2834,1,192.27,230.01,329.29,59,0.0133,183.11,130,0.0354
live_ep_000054_CPU_SATURATION,CPU_SATURATION,order-service,python-simulator,44.0,1785988634.0217524,74,0.9533,0.0467,closed,0.8696,86.96,0.3756,9.54,15.58,8.14,6.67,0.0407,7.81,505.9,0.0031,0.0184,0.2299,0.196,4,192.21,252.35,297.06,59,0.0576,187.66,137,0.0382
live_ep_000054_CPU_SATURATION,CPU_SATURATION,order-service,python-simulator,44.5,1785988634.5226774,136,0.9733,0.0267,closed,0.8957,89.57,0.3585,10.35,22.3,2.38,5.01,0.0508,4.2,498.4,0.0065,0.0211,0.2136,0.2527,4,200.2,338.42,376.9,50,0.1,190.59,138,0.0431
live_ep_000054_CPU_SATURATION,CPU_SATURATION,order-service,python-simulator,45.0,1785988635.0230136,157,0.9039,0.0961,closed,0.8566,85.66,0.2748,9.07,10.26,4.16,11.34,0.0369,5.98,534.2,0.0002,0.0177,0.3098,0.222,4,189.35,311.32,355.91,45,0.0628,201.52,128,0.0397
live_ep_000054_CPU_SATURATION,CPU_SATURATION,order-service,python-simulator,45.5,1785988635.5237348,150,0.99,0.01,closed,0.8612,86.12,0.3502,10.6,32.78,6.57,4.03,0.0335,13.24,488.4,0.0056,0.0169,0.2483,0.2505,1,208.12,308.28,381.87,50,0.0398,185.13,132,0.037
live_ep_000054_CPU_SATURATION,CPU_SATURATION,order-service,python-simulator,46.0,1785988636.0241976,147,0.99,0.01,closed,0.913,91.3,0.4517,10.48,23.39,4.63,9.31,0.0519,38.14,522.4,0.0011,0.0244,0.2689,0.2848,2,211.86,362.73,369.01,49,0.0034,223.26,136,0.0439
live_ep_000054_CPU_SATURATION,CPU_SATURATION,order-service,python-simulator,46.5,1785988636.5246768,117,0.8909,0.1091,closed,0.8118,81.18,0.3439,19.21,28.19,4.23,11.51,0.0291,19.32,525.7,0.0076,0.0113,0.1906,0.227,1,162.84,164.07,261.47,56,0.0041,228.94,132,0.034
live_ep_000054_CPU_SATURATION,CPU_SATURATION,order-service,python-simulator,47.0,1785988637.0249152,94,0.9895,0.0105,closed,0.8522,85.22,0.4248,10.12,16.78,3.92,9.42,0.047,40.29,529.1,0.0077,0.0271,0.1893,0.2664,3,195.54,277.92,346.67,53,0.0429,201.43,131,0.0327
live_ep_000054_CPU_SATURATION,CPU_SATURATION,order-service,python-simulator,47.5,1785988637.5266838,133,0.88,0.12,closed,0.8356,83.56,0.353,12.06,13.54,3.36,4.0,0.0508,15.79,535.3,0.0087,0.0149,0.237,0.3182,1,192.76,290.02,334.98,44,0.0506,204.55,129,0.03
live_ep_000054_CPU_SATURATION,CPU_SATURATION,order-service,python-simulator,48.0,1785988638.0272043,132,0.9872,0.0128,closed,0.8988,89.88,0.3328,11.31,27.96,4.78,3.43,0.0466,11.23,515.1,0.0035,0.02,0.1986,0.2757,3,203.33,229.48,362.97,58,0.0286,249.12,145,0.0486
live_ep_000054_CPU_SATURATION,CPU_SATURATION,order-service,python-simulator,48.5,1785988638.5361989,109,0.99,0.01,closed,0.8683,86.83,0.3324,18.94,21.31,4.66,12.01,0.0575,19.72,515.6,0.0069,0.0191,0.2391,0.2072,2,182.48,253.0,348.21,48,0.0129,186.68,138,0.0444
live_ep_000054_CPU_SATURATION,CPU_SATURATION,order-service,python-simulator,49.0,1785988639.03754,137,0.8881,0.1119,closed,0.908,90.8,0.157,14.59,18.09,4.23,10.77,0.0744,20.9,504.3,0.004,0.0234,0.209,0.2602,2,205.07,246.55,364.91,57,0.0628,198.84,139,0.0432
live_ep_000054_CPU_SATURATION,CPU_SATURATION,order-service,python-simulator,49.5,1785988639.5371206,88,0.88,0.12,closed,0.8724,87.24,0.2254,11.86,25.83,1.67,6.12,0.0468,2.0,525.7,0.0062,0.0175,0.2999,0.2641,1,191.49,362.52,384.16,51,0.0958,227.15,135,0.0493
live_ep_000054_CPU_SATURATION,CPU_SATURATION,order-service,python-simulator,50.0,1785988640.0524116,123,0.9018,0.0982,closed,0.7593,75.93,0.2925,19.81,14.25,6.2,3.47,0.0155,19.84,532.7,0.0057,0.0074,0.1677,0.2558,4,188.33,245.55,283.0,42,0.0034,217.33,114,0.0121
live_ep_000054_CPU_SATURATION,CPU_SATURATION,order-service,python-simulator,50.5,1785988640.5536828,113,0.9421,0.0579,closed,0.9388,93.88,0.3556,10.61,36.08,4.4,3.27,0.058,16.41,495.8,0.0035,0.0241,0.3137,0.2314,0,193.65,274.0,406.25,51,0.0357,213.3,148,0.0618
live_ep_000054_CPU_SATURATION,CPU_SATURATION,order-service,python-simulator,51.0,1785988641.0546386,96,0.9897,0.0103,closed,0.8419,84.19,0.451,11.41,21.91,3.41,3.72,0.0327,11.92,508.2,0.0159,0.0146,0.25,0.244,1,169.96,268.32,292.12,42,0.007,233.56,133,0.0284
live_ep_000054_CPU_SATURATION,CPU_SATURATION,order-service,python-simulator,51.5,1785988641.555857,132,0.9534,0.0466,closed,0.8808,88.08,0.2173,18.55,13.37,5.15,5.86,0.0599,9.02,505.4,0.0011,0.0223,0.2641,0.2782,4,196.94,289.63,397.03,50,0.0756,208.12,143,0.0389
live_ep_000054_CPU_SATURATION,CPU_SATURATION,order-service,python-simulator,52.0,1785988642.0559735,69,0.88,0.12,closed,0.8745,87.45,0.1916,9.61,19.63,5.6,4.81,0.0396,32.93,530.7,0.0116,0.0175,0.3826,0.2465,1,195.45,211.44,398.43,48,0.0017,191.1,133,0.0448
live_ep_000054_CPU_SATURATION,CPU_SATURATION,order-service,python-simulator,52.5,1785988642.55643,114,0.9656,0.0344,closed,0.8904,89.04,0.4125,10.65,14.33,4.74,9.4,0.0519,9.34,524.7,0.0065,0.0256,0.2105,0.2285,0,199.33,282.45,357.56,54,0.1,192.2,136,0.0414
live_ep_000054_CPU_SATURATION,CPU_SATURATION,order-service,python-simulator,53.0,1785988643.058332,68,0.9341,0.0659,closed,0.8137,81.37,0.4433,11.05,18.14,4.13,14.58,0.0413,3.8,540.9,0.006,0.0123,0.2788,0.2439,1,178.23,196.48,278.55,57,0.021,212.14,131,0.027
live_ep_000054_CPU_SATURATION,CPU_SATURATION,order-service,python-simulator,53.5,1785988643.55971,139,0.9107,0.0893,closed,0.8371,83.71,0.2438,8.87,15.93,7.09,14.37,0.0307,7.61,491.1,0.0002,0.0142,0.2103,0.2992,2,176.99,232.33,309.3,46,0.0142,195.41,127,0.0343
live_ep_000054_CPU_SATURATION,CPU_SATURATION,order-service,python-simulator,54.0,1785988644.0614474,114,0.9574,0.0426,closed,0.9351,93.51,0.1904,18.15,25.83,3.22,5.75,0.0524,11.19,493.4,0.004,0.0235,0.3909,0.2825,0,211.97,217.0,371.64,51,0.0027,196.97,154,0.0511
live_ep_000054_CPU_SATURATION,CPU_SATURATION,order-service,python-simulator,54.5,1785988644.5628004,85,0.9468,0.0532,closed,0.9252,92.52,0.566,9.75,33.35,3.06,9.03,0.0516,2.0,545.4,0.0001,0.0232,0.3585,0.2244,2,198.66,390.6,414.7,60,0.031,196.52,147,0.0611
live_ep_000054_CPU_SATURATION,CPU_SATURATION,order-service,python-simulator,55.0,1785988645.0630047,112,0.9836,0.0164,closed,0.8075,80.75,0.4539,17.17,35.18,10.95,3.25,0.0276,20.74,521.5,0.0006,0.0156,0.1596,0.2493,0,183.32,189.67,288.19,59,0.0289,190.37,126,0.0283
live_ep_000054_CPU_SATURATION,CPU_SATURATION,order-service,python-simulator,55.5,1785988645.566939,94,0.9566,0.0434,closed,0.8668,86.68,0.2342,11.34,15.48,2.57,4.75,0.0628,48.3,529.2,0.0023,0.0191,0.1607,0.2743,3,188.33,330.13,335.2,54,0.0433,181.88,140,0.0345
live_ep_000054_CPU_SATURATION,CPU_SATURATION,order-service,python-simulator,56.0,1785988646.0676908,147,0.99,0.01,closed,0.8105,81.05,0.2848,14.04,24.17,3.87,11.39,0.0331,5.32,519.5,0.0074,0.0112,0.156,0.2625,4,169.7,280.82,303.37,59,0.1,164.94,135,0.0251
live_ep_000054_CPU_SATURATION,CPU_SATURATION,order-service,python-simulator,56.5,1785988646.5693812,77,0.9178,0.0822,closed,0.8648,86.48,0.4167,13.41,14.75,3.05,9.13,0.0413,4.54,527.7,0.0235,0.0169,0.343,0.2699,3,200.47,305.63,308.32,45,0.0074,188.13,141,0.0352
live_ep_000054_CPU_SATURATION,CPU_SATURATION,order-service,python-simulator,57.0,1785988647.0723393,119,0.983,0.017,closed,0.8781,87.81,0.2958,10.29,14.59,4.0,4.39,0.0411,10.49,518.4,0.0038,0.019,0.2677,0.2363,0,199.56,239.95,339.33,62,0.0577,198.11,143,0.0368
live_ep_000054_CPU_SATURATION,CPU_SATURATION,order-service,python-simulator,57.5,1785988647.573825,68,0.99,0.01,closed,0.9141,91.41,0.4164,9.64,16.22,2.86,2.84,0.0488,32.0,535.2,0.0002,0.0248,0.3031,0.2452,3,198.07,236.26,393.61,58,0.013,207.91,143,0.0546
live_ep_000054_CPU_SATURATION,CPU_SATURATION,order-service,python-simulator,58.0,1785988648.0772986,70,0.9734,0.0266,closed,0.914,91.4,0.3638,9.83,16.8,3.62,3.31,0.0459,9.98,532.2,0.0007,0.0261,0.22,0.3402,3,207.96,388.72,403.51,50,0.0225,217.83,140,0.0492
live_ep_000054_CPU_SATURATION,CPU_SATURATION,order-service,python-simulator,58.5,1785988648.5782082,108,0.9186,0.0814,closed,0.8402,84.02,0.2494,10.61,18.46,3.94,6.66,0.0407,9.48,518.3,0.0062,0.0158,0.2284,0.2362,0,194.0,304.67,325.85,48,0.0043,215.2,137,0.0284
live_ep_000054_CPU_SATURATION,CPU_SATURATION,order-service,python-simulator,59.0,1785988649.0791776,128,0.9179,0.0821,closed,0.8455,84.55,0.3574,20.63,15.62,4.16,5.96,0.0339,2.0,516.5,0.0009,0.0152,0.251,0.212,4,177.4,194.14,338.19,47,0.016,178.38,129,0.0314
live_ep_000054_CPU_SATURATION,CPU_SATURATION,order-service,python-simulator,59.5,1785988649.592743,111,0.99,0.01,closed,0.8748,87.48,0.2742,20.68,29.15,3.49,4.47,0.0473,3.81,490.9,0.0006,0.0194,0.2416,0.2542,0,195.1,220.48,319.9,45,0.0999,187.56,141,0.0418
live_ep_000055_MEMORY_LEAK,MEMORY_LEAK,payment-service,python-simulator,0.0,1785988650.1193144,66,0.99,0.01,closed,0.3386,33.86,0.3779,2.17,24.84,6.34,5.27,0.0066,31.56,511.8,0.0028,0.004,0.2978,0.2507,0,88.34,122.83,178.82,8,0.016,170.94,1,0.0032
live_ep_000055_MEMORY_LEAK,MEMORY_LEAK,payment-service,python-simulator,0.5,1785988650.6197927,22,0.8943,0.1057,closed,0.3542,35.42,0.3366,13.01,21.55,2.16,7.1,0.0038,24.73,519.6,0.0003,0.0028,0.2295,0.2581,1,82.41,105.09,142.31,6,0.0014,208.0,3,0.0025
live_ep_000055_MEMORY_LEAK,MEMORY_LEAK,payment-service,python-simulator,1.0,1785988651.1205847,37,0.99,0.01,closed,0.3512,35.12,0.4671,1.98,19.39,4.94,3.07,0.0215,23.64,519.3,0.015,0.0046,0.33,0.2607,4,99.96,121.03,148.14,18,0.1,220.53,10,0.0015
live_ep_000055_MEMORY_LEAK,MEMORY_LEAK,payment-service,python-simulator,1.5,1785988651.6229656,68,0.9737,0.0263,closed,0.395,39.5,0.2124,6.71,26.02,7.47,7.27,0.0055,20.16,505.2,0.004,0.0022,0.098,0.1858,4,85.6,86.76,94.18,11,0.0741,191.87,6,0.0108
live_ep_000055_MEMORY_LEAK,MEMORY_LEAK,payment-service,python-simulator,2.0,1785988652.1316662,89,0.969,0.031,closed,0.369,36.9,0.4841,3.2,23.25,7.67,5.96,0.0128,15.45,508.2,0.0041,0.0023,0.3114,0.2083,4,87.32,106.82,129.89,12,0.0378,221.9,1,0.0059
live_ep_000055_MEMORY_LEAK,MEMORY_LEAK,payment-service,python-simulator,2.5,1785988652.6439185,101,0.988,0.012,closed,0.3074,30.74,0.4839,0.9,11.88,4.54,5.14,0.0018,13.8,513.0,0.0019,0.0019,0.2247,0.256,0,86.56,90.69,124.97,8,0.0201,172.1,4,0.0091
live_ep_000055_MEMORY_LEAK,MEMORY_LEAK,payment-service,python-simulator,3.0,1785988653.155789,97,0.9696,0.0304,closed,0.3841,38.41,0.4264,10.29,16.46,2.01,4.59,0.003,11.86,507.1,0.0007,0.0014,0.3567,0.2781,4,90.17,90.77,111.23,9,0.0164,231.94,3,0.003
live_ep_000055_MEMORY_LEAK,MEMORY_LEAK,payment-service,python-simulator,3.5,1785988653.6563165,57,0.917,0.083,closed,0.3334,33.34,0.3771,4.47,27.25,2.16,5.02,0.0086,11.76,512.9,0.0062,0.0033,0.3185,0.1806,4,83.98,89.84,94.3,16,0.0038,181.18,0,0.0037
live_ep_000055_MEMORY_LEAK,MEMORY_LEAK,payment-service,python-simulator,4.0,1785988654.157085,89,0.9657,0.0343,closed,0.3148,31.48,0.5026,1.03,17.14,6.0,14.44,0.0106,16.23,516.4,0.0098,0.0045,0.2662,0.2693,2,97.44,139.58,142.28,3,0.0796,198.29,7,0.006
live_ep_000055_MEMORY_LEAK,MEMORY_LEAK,payment-service,python-simulator,4.5,1785988654.663102,85,0.99,0.01,closed,0.41,41.0,0.6066,9.96,25.44,4.17,5.82,0.0115,12.76,500.3,0.0011,0.0045,0.3093,0.2518,3,82.69,107.44,111.9,13,0.1,217.84,0,0.0054
live_ep_000055_MEMORY_LEAK,MEMORY_LEAK,payment-service,python-simulator,5.0,1785988655.1636431,92,0.9001,0.0999,closed,0.389,38.9,0.3142,23.35,9.23,4.88,2.5,0.0026,14.37,521.2,0.0005,0.0037,0.2598,0.2366,4,72.57,90.28,104.32,14,0.0211,208.4,0,0.0014
live_ep_000055_MEMORY_LEAK,MEMORY_LEAK,payment-service,python-simulator,5.5,1785988655.66398,111,0.9579,0.0421,closed,0.3949,39.49,0.3187,8.06,17.46,3.52,7.02,0.0119,19.63,512.1,0.0019,0.0027,0.267,0.2904,2,87.88,100.66,132.86,3,0.0004,192.56,0,0.0118
live_ep_000055_MEMORY_LEAK,MEMORY_LEAK,payment-service,python-simulator,6.0,1785988656.1641915,25,0.9679,0.0321,closed,0.3371,33.71,0.5469,7.88,21.65,4.59,3.84,0.0322,16.22,512.2,0.0107,0.0017,0.3395,0.239,2,84.92,129.9,140.01,11,0.0091,188.44,13,0.0071
live_ep_000055_MEMORY_LEAK,MEMORY_LEAK,payment-service,python-simulator,6.5,1785988656.665814,64,0.9563,0.0437,closed,0.3194,31.94,0.3721,1.36,24.88,5.8,5.88,0.0075,8.78,510.7,0.0049,0.0023,0.2488,0.2792,1,85.96,111.76,130.88,12,0.0079,202.9,11,0.0091
live_ep_000055_MEMORY_LEAK,MEMORY_LEAK,payment-service,python-simulator,7.0,1785988657.1672,112,0.9841,0.0159,closed,0.4426,44.26,0.4115,9.23,15.31,3.42,2.62,0.0044,18.66,502.8,0.0116,0.0044,0.2812,0.2359,1,87.65,100.55,110.64,10,0.0005,218.25,12,0.0041
live_ep_000055_MEMORY_LEAK,MEMORY_LEAK,payment-service,python-simulator,7.5,1785988657.6677747,56,0.9691,0.0309,closed,0.4484,44.84,0.3851,0.5,14.75,3.02,7.43,0.0078,19.4,521.5,0.0003,0.0098,0.2582,0.3019,0,99.11,123.31,152.49,12,0.1,198.9,5,0.0091
live_ep_000055_MEMORY_LEAK,MEMORY_LEAK,payment-service,python-simulator,8.0,1785988658.168253,105,0.972,0.028,closed,0.273,27.3,0.3773,1.59,18.97,7.88,6.41,0.0031,15.26,518.7,0.0025,0.0079,0.2652,0.2767,4,102.67,128.16,146.29,18,0.0016,232.15,7,0.0017
live_ep_000055_MEMORY_LEAK,MEMORY_LEAK,payment-service,python-simulator,8.5,1785988658.6687102,64,0.99,0.01,closed,0.2624,26.24,0.3743,6.16,17.47,3.0,3.8,0.0081,14.99,512.9,0.0002,0.0022,0.3313,0.2243,3,91.89,100.93,112.69,5,0.006,196.99,14,0.0019
live_ep_000055_MEMORY_LEAK,MEMORY_LEAK,payment-service,python-simulator,9.0,1785988659.1688673,26,0.9812,0.0188,closed,0.4632,46.32,0.4326,3.94,28.57,4.25,11.45,0.0041,20.41,518.7,0.0034,0.0027,0.2059,0.2585,4,86.0,116.13,125.55,1,0.0156,186.46,13,0.0037
live_ep_000055_MEMORY_LEAK,MEMORY_LEAK,payment-service,python-simulator,9.5,1785988659.6702738,75,0.99,0.01,closed,0.3393,33.93,0.6043,0.5,19.95,2.6,3.61,0.0061,18.99,499.7,0.0038,0.0026,0.2808,0.2724,2,93.62,116.27,118.25,17,0.029,199.04,5,0.0031
live_ep_000055_MEMORY_LEAK,MEMORY_LEAK,payment-service,python-simulator,10.0,1785988660.170622,57,0.9809,0.0191,closed,0.2769,27.69,0.3637,1.12,20.38,4.8,4.5,0.008,21.08,514.7,0.0016,0.0027,0.2665,0.2493,1,83.05,112.42,118.36,11,0.0655,213.18,5,0.0084
live_ep_000055_MEMORY_LEAK,MEMORY_LEAK,payment-service,python-simulator,10.5,1785988660.6708708,74,0.9485,0.0515,closed,0.3522,35.22,0.461,9.4,17.38,2.32,7.52,0.0072,22.78,520.2,0.0117,0.0059,0.2617,0.3143,2,92.34,104.79,134.43,14,0.0196,182.37,1,0.0018
live_ep_000055_MEMORY_LEAK,MEMORY_LEAK,payment-service,python-simulator,11.0,1785988661.1736057,106,0.99,0.01,closed,0.2859,28.59,0.3771,2.2,31.62,5.66,5.54,0.0252,11.93,515.2,0.0032,0.0014,0.3427,0.2119,3,83.66,105.91,160.08,12,0.0016,183.62,2,0.0075
live_ep_000055_MEMORY_LEAK,MEMORY_LEAK,payment-service,python-simulator,11.5,1785988661.6749191,100,0.9578,0.0422,closed,0.3699,36.99,0.5094,2.56,14.05,8.99,10.97,0.0037,11.69,508.9,0.0023,0.0031,0.2833,0.2449,2,92.26,98.69,108.4,17,0.0368,211.58,2,0.0122
live_ep_000055_MEMORY_LEAK,MEMORY_LEAK,payment-service,python-simulator,12.0,1785988662.1755774,20,0.9895,0.0105,closed,0.3758,37.58,0.4972,2.03,13.86,9.48,5.68,0.0065,14.52,511.2,0.0045,0.004,0.3023,0.2509,1,88.38,116.9,128.79,5,0.0138,214.34,4,0.0069
live_ep_000055_MEMORY_LEAK,MEMORY_LEAK,payment-service,python-simulator,12.5,1785988662.6787298,59,0.99,0.01,closed,0.2811,28.11,0.4071,1.77,24.49,2.68,17.37,0.0179,24.92,509.2,0.0056,0.0047,0.2446,0.1722,4,79.39,104.96,139.02,8,0.0016,195.83,4,0.0121
live_ep_000055_MEMORY_LEAK,MEMORY_LEAK,payment-service,python-simulator,13.0,1785988663.182427,93,0.9454,0.0546,closed,0.3181,31.81,0.4266,9.84,20.32,5.87,9.28,0.0143,10.99,511.8,0.0078,0.0012,0.2537,0.2808,2,83.77,110.87,144.44,18,0.0138,226.59,7,0.0031
live_ep_000055_MEMORY_LEAK,MEMORY_LEAK,payment-service,python-simulator,13.5,1785988663.6842387,89,0.9308,0.0692,closed,0.2992,29.92,0.5377,6.31,16.47,3.33,5.27,0.004,14.79,525.4,0.0027,0.003,0.2821,0.2303,2,86.73,107.65,123.04,15,0.0125,233.73,6,0.0033
live_ep_000055_MEMORY_LEAK,MEMORY_LEAK,payment-service,python-simulator,14.0,1785988664.1986613,100,0.9243,0.0757,closed,0.3614,36.14,0.4594,5.96,18.18,8.27,3.63,0.003,21.82,521.6,0.0087,0.0024,0.2356,0.2164,2,86.37,116.35,138.97,4,0.0169,204.62,13,0.002
live_ep_000055_MEMORY_LEAK,MEMORY_LEAK,payment-service,python-simulator,14.5,1785988664.723415,24,0.9812,0.0188,closed,0.3278,32.78,0.4398,5.75,20.8,5.81,5.07,0.0042,8.18,502.5,0.0093,0.0057,0.225,0.2413,3,82.23,116.17,129.29,4,0.0301,179.75,13,0.0079
live_ep_000055_MEMORY_LEAK,MEMORY_LEAK,payment-service,python-simulator,15.0,1785988665.2323518,76,0.99,0.01,closed,0.2937,29.37,0.3143,0.5,15.12,4.54,6.88,0.0258,18.06,515.1,0.0034,0.0027,0.2441,0.2152,1,101.68,119.18,124.61,14,0.0126,229.64,2,0.0014
live_ep_000055_MEMORY_LEAK,MEMORY_LEAK,payment-service,python-simulator,15.5,1785988665.7373455,27,0.9843,0.0157,closed,0.4353,43.53,0.6367,13.29,25.79,4.69,12.88,0.0185,13.39,519.6,0.0054,0.0032,0.2898,0.2277,3,90.01,111.75,122.73,2,0.0205,227.46,3,0.0029
live_ep_000055_MEMORY_LEAK,MEMORY_LEAK,payment-service,python-simulator,16.0,1785988666.2400165,98,0.99,0.01,closed,0.2585,25.85,0.5977,2.15,21.13,3.64,5.76,0.0106,12.09,512.0,0.0227,0.0042,0.2401,0.2447,4,94.6,116.88,130.07,0,0.0221,173.96,4,0.0032
live_ep_000055_MEMORY_LEAK,MEMORY_LEAK,payment-service,python-simulator,16.5,1785988666.7466161,28,0.9851,0.0149,closed,0.3684,36.84,0.5488,0.5,17.28,8.42,7.54,0.018,11.26,512.4,0.0134,0.0017,0.2581,0.26,0,94.91,95.05,97.21,1,0.004,152.71,0,0.0103
live_ep_000055_MEMORY_LEAK,MEMORY_LEAK,payment-service,python-simulator,17.0,1785988667.252608,80,0.99,0.01,closed,0.3209,32.09,0.4541,5.08,19.81,4.35,4.83,0.0135,14.2,510.1,0.0133,0.0015,0.05,0.2396,4,88.5,106.48,116.17,10,0.0165,176.3,11,0.002
live_ep_000055_MEMORY_LEAK,MEMORY_LEAK,payment-service,python-simulator,17.5,1785988667.752939,67,0.8946,0.1054,closed,0.3078,30.78,0.4499,8.67,11.01,2.88,5.33,0.0204,18.91,517.2,0.005,0.0113,0.2664,0.2362,4,87.92,87.57,80.0,2,0.0318,204.03,14,0.0031
live_ep_000055_MEMORY_LEAK,MEMORY_LEAK,payment-service,python-simulator,18.0,1785988668.253324,44,0.9705,0.0295,closed,0.3295,32.95,0.4561,1.07,22.32,4.13,5.3,0.0131,11.47,512.8,0.0185,0.0034,0.1777,0.275,1,90.8,95.03,97.83,19,0.0655,195.34,3,0.0005
live_ep_000055_MEMORY_LEAK,MEMORY_LEAK,payment-service,python-simulator,18.5,1785988668.75407,89,0.99,0.01,closed,0.3324,33.24,0.4808,2.44,23.59,8.68,6.53,0.0028,10.97,518.1,0.0067,0.0043,0.1809,0.2755,1,98.9,120.97,128.55,15,0.0086,181.23,2,0.0006
live_ep_000055_MEMORY_LEAK,MEMORY_LEAK,payment-service,python-simulator,19.0,1785988669.2551832,60,0.929,0.071,closed,0.2741,27.41,0.6126,14.44,22.81,2.3,6.57,0.0197,12.02,506.7,0.0013,0.0034,0.2842,0.2505,3,101.98,111.37,116.35,2,0.0563,199.15,1,0.0083
live_ep_000055_MEMORY_LEAK,MEMORY_LEAK,payment-service,python-simulator,19.5,1785988669.7559245,45,0.99,0.01,closed,0.3604,36.04,0.3975,9.05,17.76,4.11,7.94,0.0065,16.52,522.5,0.001,0.0019,0.3127,0.2682,0,81.14,112.81,136.24,1,0.0393,168.04,6,0.0101
live_ep_000055_MEMORY_LEAK,MEMORY_LEAK,payment-service,python-simulator,20.0,1785988670.257858,82,0.9848,0.0152,closed,0.3589,35.89,0.4161,0.5,26.59,4.1,7.37,0.0098,26.55,520.8,0.0074,0.0063,0.1598,0.2666,2,89.1,117.24,136.93,2,0.0235,178.97,10,0.0053
live_ep_000055_MEMORY_LEAK,MEMORY_LEAK,payment-service,python-simulator,20.5,1785988670.7587059,35,0.979,0.021,closed,0.3242,32.42,0.4661,6.97,33.52,6.61,6.36,0.0028,22.9,517.9,0.0042,0.0056,0.2458,0.2728,4,92.06,114.35,128.66,16,0.0331,226.7,5,0.0038
live_ep_000055_MEMORY_LEAK,MEMORY_LEAK,payment-service,python-simulator,21.0,1785988671.2612944,38,0.9864,0.0136,closed,0.2742,27.42,0.5217,0.5,18.23,5.64,5.16,0.0122,14.99,506.9,0.0002,0.0026,0.2566,0.211,3,104.75,117.09,123.45,11,0.0659,200.62,5,0.005
live_ep_000055_MEMORY_LEAK,MEMORY_LEAK,payment-service,python-simulator,21.5,1785988671.7633195,53,0.9897,0.0103,closed,0.3881,38.81,0.3701,18.57,23.86,4.91,4.42,0.0226,22.21,511.3,0.0011,0.0033,0.1679,0.2938,4,89.42,116.33,126.05,9,0.002,209.07,9,0.0039
live_ep_000055_MEMORY_LEAK,MEMORY_LEAK,payment-service,python-simulator,22.0,1785988672.2639282,36,0.9351,0.0649,closed,0.4348,43.48,0.6678,2.97,17.62,4.7,6.24,0.0029,16.93,506.1,0.0197,0.0059,0.2686,0.2706,1,112.0,123.39,128.03,1,0.0235,171.0,4,0.0227
live_ep_000055_MEMORY_LEAK,MEMORY_LEAK,payment-service,python-simulator,22.5,1785988672.7659419,105,0.99,0.01,closed,0.4162,41.62,0.4361,8.11,13.78,4.57,2.0,0.0179,16.9,501.5,0.0099,0.0021,0.2462,0.2421,1,70.7,99.81,139.97,16,0.0234,183.35,6,0.0059
live_ep_000055_MEMORY_LEAK,MEMORY_LEAK,payment-service,python-simulator,23.0,1785988673.266891,78,0.9401,0.0599,closed,0.3468,34.68,0.6143,3.67,16.77,3.78,2.36,0.013,19.17,506.9,0.0025,0.0022,0.2229,0.249,0,99.68,130.31,132.47,6,0.0563,225.02,8,0.0041
live_ep_000055_MEMORY_LEAK,MEMORY_LEAK,payment-service,python-simulator,23.5,1785988673.767827,89,0.9882,0.0118,closed,0.366,36.6,0.481,0.5,20.61,6.84,3.84,0.0047,13.12,512.1,0.0045,0.0046,0.2714,0.2435,2,90.63,110.78,125.95,12,0.0053,230.27,9,0.0054
live_ep_000055_MEMORY_LEAK,MEMORY_LEAK,payment-service,python-simulator,24.0,1785988674.2683823,94,0.9602,0.0398,closed,0.3074,30.74,0.4584,0.89,9.36,6.44,9.08,0.0062,27.17,532.8,0.0007,0.005,0.2784,0.3052,1,95.58,96.75,119.74,3,0.0053,201.88,0,0.0022
live_ep_000055_MEMORY_LEAK,MEMORY_LEAK,payment-service,python-simulator,24.5,1785988674.7686307,62,0.9701,0.0299,closed,0.3706,37.06,0.4393,6.29,12.5,11.4,15.86,0.0183,14.58,516.0,0.0002,0.0015,0.2811,0.2669,1,87.58,100.82,109.21,1,0.0219,197.74,8,0.0031
live_ep_000055_MEMORY_LEAK,MEMORY_LEAK,payment-service,python-simulator,25.0,1785988675.2748015,44,0.99,0.01,closed,0.4724,47.24,0.5385,3.66,20.43,2.06,7.03,0.005,19.55,506.7,0.0077,0.0037,0.2313,0.2544,2,82.26,93.58,123.84,6,0.0227,210.02,1,0.0109
live_ep_000055_MEMORY_LEAK,MEMORY_LEAK,payment-service,python-simulator,25.5,1785988675.7808278,54,0.88,0.12,closed,0.4433,44.33,0.5225,1.27,22.52,4.17,11.15,0.0049,16.1,502.8,0.0016,0.0059,0.2609,0.2522,0,84.86,93.15,110.81,19,0.0087,194.36,9,0.0013
live_ep_000055_MEMORY_LEAK,MEMORY_LEAK,payment-service,python-simulator,26.0,1785988676.285112,119,0.9159,0.0841,closed,0.2209,22.09,0.4686,0.64,24.48,4.17,7.34,0.0091,17.35,527.6,0.0011,0.0037,0.2836,0.2563,3,80.77,116.57,136.46,11,0.0192,233.81,11,0.0043
live_ep_000055_MEMORY_LEAK,MEMORY_LEAK,payment-service,python-simulator,26.5,1785988676.78553,77,0.9812,0.0188,closed,0.4286,42.86,0.3659,6.56,11.4,3.27,9.07,0.0171,16.56,518.0,0.0047,0.0033,0.3223,0.2658,4,90.42,113.86,123.65,15,0.0289,178.95,0,0.0031
live_ep_000055_MEMORY_LEAK,MEMORY_LEAK,payment-service,python-simulator,27.0,1785988677.2944193,42,0.9523,0.0477,closed,0.3431,34.31,0.3913,2.86,18.86,4.05,7.95,0.0202,25.24,518.2,0.0032,0.0047,0.2682,0.2827,2,98.39,115.93,133.67,17,0.1,210.86,0,0.0033
live_ep_000055_MEMORY_LEAK,MEMORY_LEAK,payment-service,python-simulator,27.5,1785988677.795077,60,0.9788,0.0212,closed,0.3929,39.29,0.4158,2.65,16.07,5.03,4.77,0.0033,24.53,534.1,0.0072,0.0099,0.3389,0.2909,4,86.94,123.0,127.5,9,0.1,183.53,14,0.0049
live_ep_000055_MEMORY_LEAK,MEMORY_LEAK,payment-service,python-simulator,28.0,1785988678.2959044,35,0.99,0.01,closed,0.355,35.5,0.5007,3.89,16.57,4.68,6.55,0.0081,25.95,526.4,0.0017,0.0038,0.3747,0.2639,2,88.93,138.2,144.23,17,0.0113,225.8,8,0.0076
live_ep_000055_MEMORY_LEAK,MEMORY_LEAK,payment-service,python-simulator,28.5,1785988678.7964535,91,0.88,0.12,closed,0.4126,41.26,0.4729,2.84,12.77,5.37,4.32,0.0086,22.76,525.3,0.0013,0.0065,0.2686,0.24,0,90.84,135.21,142.29,19,0.0067,184.43,5,0.0087
live_ep_000055_MEMORY_LEAK,MEMORY_LEAK,payment-service,python-simulator,29.0,1785988679.2967772,107,0.9431,0.0569,closed,0.3168,31.68,0.4373,0.5,22.46,2.88,4.95,0.0389,16.64,513.2,0.001,0.0058,0.2581,0.1761,0,93.11,122.85,128.64,17,0.0111,177.53,2,0.0017
live_ep_000055_MEMORY_LEAK,MEMORY_LEAK,payment-service,python-simulator,29.5,1785988679.797607,71,0.9819,0.0181,closed,0.3755,37.55,0.4123,2.39,46.62,2.52,9.37,0.0111,29.97,526.6,0.0065,0.0049,0.2691,0.2081,4,99.67,102.89,133.26,8,0.0031,214.36,3,0.0044
live_ep_000055_MEMORY_LEAK,MEMORY_LEAK,payment-service,python-simulator,30.0,1785988680.2978182,27,0.9674,0.0326,closed,0.3,30.0,0.4225,5.57,22.42,3.15,5.3,0.0066,26.43,508.2,0.0016,0.0032,0.1436,0.2578,0,91.26,93.92,112.15,14,0.0486,174.84,12,0.0002
live_ep_000055_MEMORY_LEAK,MEMORY_LEAK,payment-service,python-simulator,30.5,1785988680.7981699,81,0.99,0.01,closed,0.3746,37.46,0.4689,1.76,22.21,4.22,7.6,0.0064,22.54,503.1,0.0056,0.0023,0.2641,0.2403,4,80.58,105.75,108.41,4,0.0516,184.14,5,0.0088
live_ep_000055_MEMORY_LEAK,MEMORY_LEAK,payment-service,python-simulator,31.0,1785988681.2986102,71,0.9771,0.0229,closed,0.3231,32.31,0.5318,6.02,22.83,8.69,4.68,0.0026,12.0,506.1,0.0017,0.0028,0.3647,0.2413,1,92.65,102.76,122.68,9,0.0011,196.17,14,0.0072
live_ep_000055_MEMORY_LEAK,MEMORY_LEAK,payment-service,python-simulator,31.5,1785988681.7987456,97,0.9133,0.0867,closed,0.3329,33.29,0.3863,5.68,25.33,3.05,8.98,0.0053,24.38,530.9,0.004,0.0028,0.292,0.2708,1,107.66,94.26,84.07,16,0.018,202.68,1,0.0115
live_ep_000055_MEMORY_LEAK,MEMORY_LEAK,payment-service,python-simulator,32.0,1785988682.2990773,61,0.936,0.064,closed,0.3967,39.67,0.5289,23.03,17.98,3.74,8.49,0.0073,24.56,507.1,0.0067,0.0036,0.147,0.2706,2,95.68,112.02,128.92,4,0.1,220.24,13,0.0118
live_ep_000055_MEMORY_LEAK,MEMORY_LEAK,payment-service,python-simulator,32.5,1785988682.7993152,118,0.9891,0.0109,closed,0.3219,32.19,0.4127,12.64,17.38,6.28,6.79,0.0106,12.08,505.6,0.002,0.0018,0.2429,0.2687,4,94.81,112.61,146.44,5,0.0112,193.11,7,0.0011
live_ep_000055_MEMORY_LEAK,MEMORY_LEAK,payment-service,python-simulator,33.0,1785988683.299446,110,0.9252,0.0748,closed,0.4,40.0,0.255,12.17,16.62,3.69,3.19,0.0054,14.45,515.9,0.0164,0.0015,0.3243,0.2694,4,79.15,81.14,111.58,6,0.0764,189.31,14,0.0192
live_ep_000055_MEMORY_LEAK,MEMORY_LEAK,payment-service,python-simulator,33.5,1785988683.799997,35,0.99,0.01,closed,0.412,41.2,0.3608,11.44,31.63,3.94,8.66,0.0078,24.16,508.1,0.0006,0.0068,0.2869,0.2866,0,100.33,121.61,139.42,19,0.1,175.01,3,0.0007
live_ep_000055_MEMORY_LEAK,MEMORY_LEAK,payment-service,python-simulator,34.0,1785988684.3004982,51,0.9601,0.0399,closed,0.3314,33.14,0.4249,0.7,18.37,3.1,13.11,0.0028,15.3,521.4,0.014,0.0019,0.2905,0.28,2,98.4,143.9,148.55,13,0.063,209.75,13,0.0149
live_ep_000055_MEMORY_LEAK,MEMORY_LEAK,payment-service,python-simulator,34.5,1785988684.8007224,35,0.9734,0.0266,closed,0.363,36.3,0.5847,3.01,19.12,4.37,6.67,0.0056,28.73,523.5,0.0124,0.0049,0.2349,0.283,1,93.42,104.7,139.8,6,0.0942,206.06,7,0.0084
live_ep_000055_MEMORY_LEAK,MEMORY_LEAK,payment-service,python-simulator,35.0,1785988685.3009226,46,0.9328,0.0672,closed,0.3293,32.93,0.5289,7.17,25.76,5.26,8.85,0.0037,14.86,516.1,0.014,0.0064,0.3414,0.2429,2,89.36,113.98,126.01,1,0.0835,200.5,14,0.0002
live_ep_000055_MEMORY_LEAK,MEMORY_LEAK,payment-service,python-simulator,35.5,1785988685.8015046,22,0.8951,0.1049,closed,0.3084,30.84,0.4113,3.47,19.91,5.68,3.72,0.0036,13.66,531.7,0.006,0.0014,0.1667,0.296,3,94.41,97.43,106.39,12,0.0069,165.73,12,0.0107
live_ep_000055_MEMORY_LEAK,MEMORY_LEAK,payment-service,python-simulator,36.0,1785988686.3019946,23,0.88,0.12,closed,0.335,33.5,0.3526,4.43,21.94,6.87,6.56,0.009,19.44,517.5,0.0026,0.0021,0.2799,0.2449,1,102.08,117.77,156.76,15,0.1,212.59,3,0.0101
live_ep_000055_MEMORY_LEAK,MEMORY_LEAK,payment-service,python-simulator,36.5,1785988686.8024757,87,0.9322,0.0678,closed,0.3669,36.69,0.4509,11.17,17.84,8.18,8.27,0.0018,16.92,525.7,0.0007,0.0038,0.2536,0.3267,4,98.75,114.07,150.96,4,0.0746,204.39,7,0.0358
live_ep_000055_MEMORY_LEAK,MEMORY_LEAK,payment-service,python-simulator,37.0,1785988687.3041534,65,0.9824,0.0176,closed,0.2942,29.42,0.5597,7.58,17.27,5.25,5.76,0.0221,50.04,528.9,0.0009,0.0059,0.2637,0.2408,3,87.58,97.43,139.07,2,0.0634,202.47,9,0.0025
live_ep_000055_MEMORY_LEAK,MEMORY_LEAK,payment-service,python-simulator,37.5,1785988687.8046527,112,0.9595,0.0405,closed,0.3541,35.41,0.37,0.5,12.96,5.7,6.38,0.0185,28.09,532.9,0.0001,0.0059,0.2287,0.2533,3,105.72,106.49,140.33,19,0.0107,214.91,12,0.0002
live_ep_000055_MEMORY_LEAK,MEMORY_LEAK,payment-service,python-simulator,38.0,1785988688.3047776,85,0.99,0.01,closed,0.4856,48.56,0.4226,0.95,16.71,5.29,8.74,0.0053,20.81,519.5,0.0124,0.0104,0.1876,0.2173,4,98.17,103.92,138.93,16,0.0644,177.85,11,0.0009
live_ep_000055_MEMORY_LEAK,MEMORY_LEAK,payment-service,python-simulator,38.5,1785988688.8050377,46,0.9801,0.0199,closed,0.3858,38.58,0.4114,1.57,17.58,4.14,3.09,0.0165,14.28,523.4,0.0022,0.0027,0.2697,0.2995,4,95.35,98.24,124.51,6,0.0137,224.43,14,0.0034
live_ep_000055_MEMORY_LEAK,MEMORY_LEAK,payment-service,python-simulator,39.0,1785988689.305447,43,0.99,0.01,closed,0.3487,34.87,0.4292,4.65,15.59,3.83,3.6,0.0067,28.13,529.4,0.0086,0.0069,0.2039,0.2509,4,84.84,113.15,138.38,9,0.0264,225.62,11,0.0009
live_ep_000055_MEMORY_LEAK,MEMORY_LEAK,payment-service,python-simulator,39.5,1785988689.805909,106,0.9778,0.0222,closed,0.3969,39.69,0.4793,3.01,27.29,2.61,8.18,0.0023,11.25,522.2,0.0023,0.0023,0.2028,0.2819,4,87.57,98.03,114.36,3,0.0154,206.31,7,0.0049
live_ep_000055_MEMORY_LEAK,MEMORY_LEAK,payment-service,python-simulator,40.0,1785988690.306415,36,0.9847,0.0153,closed,0.3754,37.54,0.4344,2.3,17.48,4.54,5.22,0.0046,9.77,511.2,0.0058,0.0017,0.2482,0.2543,0,90.54,87.57,87.54,15,0.0205,192.64,4,0.0022
live_ep_000055_MEMORY_LEAK,MEMORY_LEAK,payment-service,python-simulator,40.5,1785988690.8065145,34,0.99,0.01,closed,0.3574,35.74,0.3456,8.07,28.71,6.34,8.25,0.0037,11.25,511.6,0.0072,0.0025,0.179,0.2551,1,87.52,100.08,112.58,8,0.1,213.84,6,0.0017
live_ep_000055_MEMORY_LEAK,MEMORY_LEAK,payment-service,python-simulator,41.0,1785988691.3067226,54,0.9315,0.0685,closed,0.2922,29.22,0.5784,1.5,23.14,2.92,5.3,0.0234,17.05,530.2,0.0117,0.002,0.1962,0.2517,0,94.3,121.93,147.15,15,0.0944,179.97,14,0.0047
live_ep_000055_MEMORY_LEAK,MEMORY_LEAK,payment-service,python-simulator,41.5,1785988691.8069017,42,0.9783,0.0217,closed,0.3603,36.03,0.526,2.35,21.46,7.82,6.31,0.0041,21.99,521.3,0.0088,0.004,0.258,0.2673,4,96.55,97.24,127.34,3,0.0421,164.15,10,0.002
live_ep_000055_MEMORY_LEAK,MEMORY_LEAK,payment-service,python-simulator,42.0,1785988692.307206,70,0.9671,0.0329,closed,0.3135,31.35,0.4389,5.73,18.94,2.66,9.47,0.0062,16.94,521.5,0.0014,0.0034,0.289,0.3075,2,90.72,122.7,125.7,11,0.012,218.08,9,0.0028
live_ep_000055_MEMORY_LEAK,MEMORY_LEAK,payment-service,python-simulator,42.5,1785988692.8077815,106,0.99,0.01,closed,0.3834,38.34,0.5202,0.5,21.37,4.6,8.61,0.0088,49.9,527.4,0.0008,0.0083,0.2258,0.2532,1,85.01,143.45,173.13,12,0.0098,198.61,3,0.0043
live_ep_000055_MEMORY_LEAK,MEMORY_LEAK,payment-service,python-simulator,43.0,1785988693.3083405,80,0.9823,0.0177,closed,0.433,43.3,0.5605,0.69,18.3,7.43,5.79,0.0167,9.96,516.8,0.0085,0.0017,0.2019,0.2988,3,91.73,93.07,124.53,5,0.0121,219.77,5,0.0002
live_ep_000055_MEMORY_LEAK,MEMORY_LEAK,payment-service,python-simulator,43.5,1785988693.8088374,106,0.9632,0.0368,closed,0.3136,31.36,0.4861,2.47,25.05,4.07,5.86,0.0029,13.39,521.2,0.0008,0.0025,0.2959,0.3282,4,89.41,91.09,113.63,4,0.0469,171.75,8,0.0037
live_ep_000055_MEMORY_LEAK,MEMORY_LEAK,payment-service,python-simulator,44.0,1785988694.3093033,74,0.9885,0.0115,closed,0.3987,39.87,0.3917,12.43,18.76,2.75,11.93,0.0175,22.74,522.2,0.0099,0.0029,0.2333,0.22,0,96.17,115.04,127.42,9,0.0982,228.22,12,0.0048
live_ep_000055_MEMORY_LEAK,MEMORY_LEAK,payment-service,python-simulator,44.5,1785988694.809686,96,0.99,0.01,closed,0.3506,35.06,0.5293,5.38,13.98,4.19,15.95,0.0106,19.24,504.0,0.0001,0.0027,0.2231,0.2768,4,76.53,94.4,125.84,4,0.1,242.66,0,0.0003
live_ep_000055_MEMORY_LEAK,MEMORY_LEAK,payment-service,python-simulator,45.0,1785988695.309939,106,0.9726,0.0274,closed,0.4196,41.96,0.4487,1.66,23.17,5.32,5.2,0.028,29.31,531.9,0.0001,0.0058,0.2224,0.2592,4,86.31,98.25,126.22,3,0.0461,201.96,0,0.0019
live_ep_000055_MEMORY_LEAK,MEMORY_LEAK,payment-service,python-simulator,45.5,1785988695.8104382,111,0.9255,0.0745,closed,0.3284,32.84,0.4752,1.96,20.55,5.49,5.09,0.0065,12.21,519.6,0.0001,0.0013,0.3594,0.2776,4,77.52,78.52,136.89,18,0.01,211.09,14,0.0046
live_ep_000055_MEMORY_LEAK,MEMORY_LEAK,payment-service,python-simulator,46.0,1785988696.3105354,25,0.88,0.12,closed,0.3217,32.17,0.5404,2.56,18.74,2.04,10.68,0.0044,11.81,514.2,0.0048,0.0057,0.2601,0.2881,3,85.56,93.25,102.11,0,0.0621,230.1,0,0.023
live_ep_000055_MEMORY_LEAK,MEMORY_LEAK,payment-service,python-simulator,46.5,1785988696.811096,34,0.9553,0.0447,closed,0.2912,29.12,0.4815,14.35,12.51,6.8,4.82,0.0046,11.28,527.7,0.0034,0.0021,0.2556,0.2542,4,89.83,99.19,120.73,19,0.0144,219.8,4,0.0085
live_ep_000055_MEMORY_LEAK,MEMORY_LEAK,payment-service,python-simulator,47.0,1785988697.3113692,110,0.9869,0.0131,closed,0.4002,40.02,0.3669,3.05,50.71,3.48,8.88,0.0079,16.9,510.5,0.0039,0.0067,0.2247,0.1842,2,94.43,110.07,151.27,0,0.0788,216.92,6,0.0002
live_ep_000055_MEMORY_LEAK,MEMORY_LEAK,payment-service,python-simulator,47.5,1785988697.811709,71,0.9357,0.0643,closed,0.4105,41.05,0.4979,2.95,30.87,1.82,7.79,0.0039,17.8,528.0,0.0016,0.002,0.292,0.2688,3,81.11,125.05,133.2,8,0.0071,230.26,13,0.0003
live_ep_000055_MEMORY_LEAK,MEMORY_LEAK,payment-service,python-simulator,48.0,1785988698.312072,76,0.99,0.01,closed,0.3631,36.31,0.4833,3.03,22.32,8.61,6.54,0.0089,14.85,519.8,0.0036,0.0017,0.1128,0.2792,2,91.52,130.34,136.47,0,0.0872,216.25,9,0.0008
live_ep_000055_MEMORY_LEAK,MEMORY_LEAK,payment-service,python-simulator,48.5,1785988698.8125324,114,0.9628,0.0372,closed,0.3976,39.76,0.5259,1.37,17.03,5.7,5.14,0.0064,33.11,523.3,0.0038,0.0036,0.2747,0.2304,4,95.12,127.38,129.03,6,0.0792,207.2,3,0.0019
live_ep_000055_MEMORY_LEAK,MEMORY_LEAK,payment-service,python-simulator,49.0,1785988699.3126285,21,0.9038,0.0962,closed,0.3345,33.45,0.443,1.12,21.12,3.54,6.82,0.0049,11.9,516.9,0.0014,0.0015,0.2774,0.225,1,80.36,97.71,101.39,12,0.0191,188.14,4,0.0072
live_ep_000055_MEMORY_LEAK,MEMORY_LEAK,payment-service,python-simulator,49.5,1785988699.812882,68,0.9776,0.0224,closed,0.3602,36.02,0.5392,8.58,19.41,3.79,5.73,0.0183,12.54,510.5,0.0167,0.0023,0.1956,0.2461,2,85.66,103.54,125.97,18,0.0252,202.81,5,0.0028
live_ep_000055_MEMORY_LEAK,MEMORY_LEAK,payment-service,python-simulator,50.0,1785988700.3132248,34,0.978,0.022,closed,0.339,33.9,0.4499,0.83,25.65,4.59,4.52,0.0178,18.61,520.0,0.0035,0.0045,0.249,0.2481,4,78.18,127.6,128.28,7,0.0724,203.3,7,0.0036
live_ep_000055_MEMORY_LEAK,MEMORY_LEAK,payment-service,python-simulator,50.5,1785988700.8135633,28,0.9357,0.0643,closed,0.2558,25.58,0.5309,4.16,38.26,3.83,3.16,0.0154,12.78,508.9,0.0055,0.0018,0.2755,0.3041,0,87.95,113.19,117.69,0,0.0354,232.11,11,0.0053
live_ep_000055_MEMORY_LEAK,MEMORY_LEAK,payment-service,python-simulator,51.0,1785988701.3137863,95,0.8804,0.1196,closed,0.38,38.0,0.6224,0.88,43.85,9.12,6.67,0.0035,17.3,526.2,0.0037,0.0032,0.1336,0.2966,0,108.18,116.96,143.21,0,0.0402,202.7,13,0.005
live_ep_000055_MEMORY_LEAK,MEMORY_LEAK,payment-service,python-simulator,51.5,1785988701.814186,24,0.9194,0.0806,closed,0.3692,36.92,0.463,4.04,25.37,3.03,5.77,0.0122,17.7,521.5,0.0077,0.003,0.2516,0.2934,4,84.05,95.41,125.74,6,0.0234,182.88,2,0.0014
live_ep_000055_MEMORY_LEAK,MEMORY_LEAK,payment-service,python-simulator,52.0,1785988702.3143566,24,0.88,0.12,closed,0.3909,39.09,0.2998,1.82,19.39,6.16,4.91,0.0056,28.53,537.4,0.0034,0.0055,0.2295,0.2864,3,83.09,115.08,117.4,0,0.1,191.92,6,0.0255
live_ep_000055_MEMORY_LEAK,MEMORY_LEAK,payment-service,python-simulator,52.5,1785988702.8145065,30,0.9385,0.0615,closed,0.3072,30.72,0.4919,3.86,37.1,5.51,6.13,0.0153,17.22,526.1,0.0009,0.0054,0.2265,0.2677,4,86.36,86.56,135.48,15,0.039,197.0,13,0.0019
live_ep_000055_MEMORY_LEAK,MEMORY_LEAK,payment-service,python-simulator,53.0,1785988703.314931,54,0.9637,0.0363,closed,0.2737,27.37,0.4684,0.5,16.5,1.74,9.37,0.0111,13.37,524.1,0.0081,0.009,0.3411,0.2429,4,77.05,88.97,117.72,7,0.0705,202.45,7,0.0011
live_ep_000055_MEMORY_LEAK,MEMORY_LEAK,payment-service,python-simulator,53.5,1785988703.8150926,66,0.9728,0.0272,closed,0.3148,31.48,0.5397,1.46,17.44,3.11,3.0,0.0047,28.61,521.9,0.0068,0.0044,0.1819,0.2733,1,104.3,129.38,139.01,1,0.032,229.32,1,0.0017
live_ep_000055_MEMORY_LEAK,MEMORY_LEAK,payment-service,python-simulator,54.0,1785988704.3156188,35,0.99,0.01,closed,0.3548,35.48,0.5285,2.16,24.84,5.32,9.42,0.0033,21.41,514.2,0.0031,0.0035,0.2442,0.269,0,81.88,137.01,141.34,9,0.0294,201.6,5,0.0079
live_ep_000055_MEMORY_LEAK,MEMORY_LEAK,payment-service,python-simulator,54.5,1785988704.8159082,113,0.99,0.01,closed,0.2949,29.49,0.4829,5.25,14.72,3.79,6.48,0.0146,26.96,528.9,0.0016,0.005,0.2701,0.2539,0,84.63,126.15,137.53,10,0.0055,179.93,10,0.0051
live_ep_000055_MEMORY_LEAK,MEMORY_LEAK,payment-service,python-simulator,55.0,1785988705.316256,87,0.9656,0.0344,closed,0.3243,32.43,0.4776,18.87,17.31,6.23,5.56,0.0075,18.71,516.5,0.0005,0.002,0.2702,0.274,4,85.09,123.1,141.05,1,0.0627,195.17,9,0.0065
live_ep_000055_MEMORY_LEAK,MEMORY_LEAK,payment-service,python-simulator,55.5,1785988705.8166547,29,0.9104,0.0896,closed,0.4371,43.71,0.2439,20.68,12.1,5.26,10.43,0.0056,16.9,525.0,0.017,0.0081,0.2291,0.2482,3,91.66,100.66,126.03,13,0.0025,201.3,1,0.0013
live_ep_000055_MEMORY_LEAK,MEMORY_LEAK,payment-service,python-simulator,56.0,1785988706.317221,26,0.9691,0.0309,closed,0.3071,30.71,0.4219,8.29,26.78,7.36,4.25,0.0094,13.34,516.9,0.0118,0.0046,0.2605,0.2506,2,86.19,97.96,128.27,8,0.0154,197.68,13,0.0011
live_ep_000055_MEMORY_LEAK,MEMORY_LEAK,payment-service,python-simulator,56.5,1785988706.8174753,104,0.88,0.12,closed,0.3837,38.37,0.4535,5.6,19.8,5.08,4.48,0.0139,28.69,526.0,0.0063,0.0054,0.2574,0.2303,3,97.04,117.86,135.87,7,0.0156,230.35,11,0.0007
live_ep_000055_MEMORY_LEAK,MEMORY_LEAK,payment-service,python-simulator,57.0,1785988707.3177676,112,0.99,0.01,closed,0.3487,34.87,0.4497,9.11,16.17,6.4,8.9,0.0075,9.11,515.4,0.0024,0.003,0.2407,0.2555,4,92.22,92.44,99.27,9,0.002,237.05,5,0.0002
live_ep_000055_MEMORY_LEAK,MEMORY_LEAK,payment-service,python-simulator,57.5,1785988707.8180306,116,0.976,0.024,closed,0.3513,35.13,0.3948,3.07,23.9,6.4,6.9,0.0077,20.46,525.0,0.0068,0.0027,0.2568,0.3141,0,93.52,112.67,142.09,9,0.1,188.54,12,0.0017
live_ep_000055_MEMORY_LEAK,MEMORY_LEAK,payment-service,python-simulator,58.0,1785988708.318366,68,0.99,0.01,closed,0.3382,33.82,0.3937,1.53,68.62,7.13,20.91,0.0067,22.55,532.2,0.0035,0.0034,0.2359,0.2765,2,89.94,94.93,117.19,8,0.0465,179.8,7,0.006
live_ep_000055_MEMORY_LEAK,MEMORY_LEAK,payment-service,python-simulator,58.5,1785988708.8187027,69,0.9045,0.0955,closed,0.4061,40.61,0.5179,9.73,18.55,3.84,4.73,0.0032,10.07,514.0,0.0063,0.0024,0.2382,0.192,3,96.86,99.46,137.19,9,0.0204,224.8,1,0.0003
live_ep_000055_MEMORY_LEAK,MEMORY_LEAK,payment-service,python-simulator,59.0,1785988709.3190932,95,0.8844,0.1156,closed,0.3049,30.49,0.4327,5.97,36.55,3.54,4.24,0.0022,36.6,521.8,0.0016,0.0038,0.2112,0.3101,4,93.33,112.51,141.28,8,0.0123,194.43,8,0.0057
live_ep_000055_MEMORY_LEAK,MEMORY_LEAK,payment-service,python-simulator,59.5,1785988709.8192387,103,0.9828,0.0172,closed,0.3811,38.11,0.3855,0.79,19.58,3.79,3.53,0.0026,26.32,522.9,0.0055,0.0063,0.3102,0.2453,1,93.5,101.35,129.02,18,0.0071,199.02,0,0.0052
live_ep_000056_CPU_SATURATION,CPU_SATURATION,order-service,python-simulator,0.0,1785988710.3211253,47,0.9324,0.0676,closed,0.4217,42.17,0.2631,9.88,15.38,4.39,5.91,0.0244,8.71,535.1,0.0043,0.0022,0.3125,0.2482,1,80.36,82.33,130.81,8,0.0017,189.26,3,0.0025
live_ep_000056_CPU_SATURATION,CPU_SATURATION,order-service,python-simulator,0.5,1785988710.8212752,58,0.9847,0.0153,closed,0.2887,28.87,0.4409,1.2,32.31,2.36,12.6,0.0038,37.94,534.2,0.0073,0.0015,0.3676,0.219,3,86.92,133.32,135.98,5,0.013,179.84,1,0.0008
live_ep_000056_CPU_SATURATION,CPU_SATURATION,order-service,python-simulator,1.0,1785988711.321794,42,0.88,0.12,closed,0.3012,30.12,0.3622,7.75,28.82,6.73,4.14,0.0135,7.82,501.4,0.0038,0.0011,0.2935,0.2361,1,93.24,116.4,118.38,0,0.0116,184.41,13,0.0042
live_ep_000056_CPU_SATURATION,CPU_SATURATION,order-service,python-simulator,1.5,1785988711.8222067,56,0.9847,0.0153,closed,0.2714,27.14,0.3947,0.5,14.53,2.57,8.19,0.0169,20.74,477.4,0.001,0.001,0.209,0.2704,3,78.38,108.05,137.99,11,0.0045,193.15,12,0.0014
live_ep_000056_CPU_SATURATION,CPU_SATURATION,order-service,python-simulator,2.0,1785988712.3226783,115,0.99,0.01,closed,0.3787,37.87,0.385,2.84,24.5,6.65,4.9,0.0194,36.81,503.1,0.0106,0.0006,0.2984,0.2785,0,102.08,106.28,109.07,8,0.0223,210.16,8,0.0069
live_ep_000056_CPU_SATURATION,CPU_SATURATION,order-service,python-simulator,2.5,1785988712.8228538,64,0.99,0.01,closed,0.4373,43.73,0.3719,6.23,12.14,4.63,11.48,0.0067,7.74,529.1,0.0024,0.0005,0.2459,0.3081,4,81.23,92.17,94.38,1,0.082,178.55,11,0.0053
live_ep_000056_CPU_SATURATION,CPU_SATURATION,order-service,python-simulator,3.0,1785988713.3229861,39,0.9697,0.0303,closed,0.3831,38.31,0.3306,3.59,13.46,3.6,8.93,0.0025,11.04,520.1,0.0197,0.0021,0.2883,0.2778,1,94.44,107.83,128.2,7,0.0195,193.35,3,0.0008
live_ep_000056_CPU_SATURATION,CPU_SATURATION,order-service,python-simulator,3.5,1785988713.823102,97,0.99,0.01,closed,0.378,37.8,0.2058,0.51,40.1,3.44,5.35,0.0043,60.0,507.9,0.0008,0.0009,0.2433,0.2637,4,99.6,101.45,123.22,13,0.0264,205.29,5,0.0002
live_ep_000056_CPU_SATURATION,CPU_SATURATION,order-service,python-simulator,4.0,1785988714.3236692,112,0.88,0.12,closed,0.8595,85.95,0.3645,9.2,29.06,4.97,4.52,0.0355,2.14,512.6,0.0029,0.022,0.255,0.2933,0,203.32,236.52,346.25,45,0.0089,182.78,130,0.0395
live_ep_000056_CPU_SATURATION,CPU_SATURATION,order-service,python-simulator,4.5,1785988714.8239083,104,0.8916,0.1084,closed,0.9103,91.03,0.3333,10.77,22.43,5.28,5.81,0.0457,38.73,500.6,0.0047,0.0236,0.2615,0.2741,3,202.37,244.54,353.32,54,0.0251,197.28,143,0.0424
live_ep_000056_CPU_SATURATION,CPU_SATURATION,order-service,python-simulator,5.0,1785988715.3242693,72,0.9855,0.0145,closed,0.8541,85.41,0.4916,14.07,20.29,5.64,7.11,0.0373,3.53,525.0,0.0037,0.0163,0.1579,0.2035,4,180.7,291.43,340.93,61,0.0304,196.76,137,0.0319
live_ep_000056_CPU_SATURATION,CPU_SATURATION,order-service,python-simulator,5.5,1785988715.8248546,68,0.912,0.088,closed,0.881,88.1,0.3434,15.46,27.74,4.22,6.02,0.0552,9.7,489.3,0.0194,0.02,0.2585,0.2714,0,208.35,316.16,348.88,44,0.0015,206.11,137,0.0369
live_ep_000056_CPU_SATURATION,CPU_SATURATION,order-service,python-simulator,6.0,1785988716.3250642,78,0.9896,0.0104,closed,0.8473,84.73,0.2813,14.77,24.96,4.31,8.49,0.0409,26.42,498.1,0.0041,0.017,0.2464,0.2725,4,192.19,243.55,337.48,50,0.0263,225.87,127,0.0371
live_ep_000056_CPU_SATURATION,CPU_SATURATION,order-service,python-simulator,6.5,1785988716.8258457,95,0.99,0.01,closed,0.9168,91.68,0.4604,9.67,16.79,3.48,3.63,0.0539,2.54,539.7,0.0001,0.0232,0.1789,0.2934,2,191.22,263.09,389.28,45,0.028,211.74,151,0.0571
live_ep_000056_CPU_SATURATION,CPU_SATURATION,order-service,python-simulator,7.0,1785988717.3263395,135,0.9315,0.0685,closed,0.916,91.6,0.3477,9.96,16.82,6.82,12.87,0.0492,13.99,503.3,0.0036,0.0225,0.1801,0.2611,2,205.32,311.53,358.74,64,0.014,177.98,146,0.0477
live_ep_000056_CPU_SATURATION,CPU_SATURATION,order-service,python-simulator,7.5,1785988717.826804,78,0.99,0.01,closed,0.733,73.3,0.3086,8.51,14.16,4.08,7.08,0.0167,14.62,511.8,0.001,0.007,0.2253,0.2672,2,168.83,192.06,222.19,49,0.0204,185.58,120,0.0077
live_ep_000056_CPU_SATURATION,CPU_SATURATION,order-service,python-simulator,8.0,1785988718.327171,98,0.9682,0.0318,closed,0.8982,89.82,0.4014,18.36,16.74,3.04,7.65,0.0482,3.38,514.4,0.0003,0.0205,0.0818,0.2063,4,192.2,196.56,368.9,44,0.01,198.12,136,0.0525
live_ep_000056_CPU_SATURATION,CPU_SATURATION,order-service,python-simulator,8.5,1785988718.827379,154,0.9846,0.0154,closed,0.9524,95.24,0.416,10.23,15.38,8.26,9.6,0.0548,10.23,486.7,0.0119,0.0263,0.2976,0.2892,0,198.89,356.23,421.41,48,0.0524,194.73,151,0.0562
live_ep_000056_CPU_SATURATION,CPU_SATURATION,order-service,python-simulator,9.0,1785988719.327662,89,0.9549,0.0451,closed,0.913,91.3,0.3721,18.45,15.6,4.84,3.97,0.0562,26.81,515.9,0.0026,0.023,0.3953,0.3306,4,214.11,252.58,279.97,54,0.0497,211.1,143,0.0513
live_ep_000056_CPU_SATURATION,CPU_SATURATION,order-service,python-simulator,9.5,1785988719.8277724,69,0.9749,0.0251,closed,0.912,91.2,0.2431,12.34,13.52,2.64,5.75,0.0515,16.37,495.8,0.0005,0.0222,0.2307,0.2358,3,198.49,339.11,407.96,53,0.0184,164.5,145,0.0489
live_ep_000056_CPU_SATURATION,CPU_SATURATION,order-service,python-simulator,10.0,1785988720.3281438,161,0.9498,0.0502,closed,0.9168,91.68,0.2505,13.35,21.38,5.01,6.78,0.048,15.8,517.1,0.0053,0.0222,0.2738,0.2542,3,202.03,304.69,335.82,55,0.0114,209.59,147,0.0484
live_ep_000056_CPU_SATURATION,CPU_SATURATION,order-service,python-simulator,10.5,1785988720.8284616,127,0.9632,0.0368,closed,0.9011,90.11,0.2917,11.84,18.11,5.83,4.35,0.0424,16.08,500.7,0.0025,0.0206,0.2838,0.229,1,205.56,361.01,371.15,59,0.0249,200.97,145,0.0453
live_ep_000056_CPU_SATURATION,CPU_SATURATION,order-service,python-simulator,11.0,1785988721.3289926,67,0.88,0.12,closed,0.9168,91.68,0.2733,15.64,23.6,9.59,5.1,0.0478,7.15,538.5,0.008,0.0219,0.1405,0.2322,2,195.47,412.13,426.46,52,0.0592,217.4,148,0.0444
live_ep_000056_CPU_SATURATION,CPU_SATURATION,order-service,python-simulator,11.5,1785988721.829092,155,0.99,0.01,closed,0.9052,90.52,0.3465,13.93,15.07,8.0,7.78,0.0564,2.0,510.8,0.013,0.0218,0.3256,0.2425,4,205.66,295.04,349.32,64,0.0081,213.29,144,0.0413
live_ep_000056_CPU_SATURATION,CPU_SATURATION,order-service,python-simulator,12.0,1785988722.329793,150,0.9597,0.0403,closed,0.8263,82.63,0.2308,8.76,25.9,2.66,5.39,0.0269,8.27,501.1,0.0068,0.0166,0.228,0.2589,3,181.49,301.98,333.65,42,0.0328,206.49,132,0.0279
live_ep_000056_CPU_SATURATION,CPU_SATURATION,order-service,python-simulator,12.5,1785988722.8301816,151,0.9018,0.0982,closed,0.8773,87.73,0.271,13.46,20.48,3.49,8.16,0.0488,10.5,541.4,0.0024,0.0212,0.2289,0.2969,1,195.96,226.2,282.66,61,0.008,245.35,132,0.0425
live_ep_000056_CPU_SATURATION,CPU_SATURATION,order-service,python-simulator,13.0,1785988723.3303506,111,0.9715,0.0285,closed,0.8449,84.49,0.4028,17.78,8.18,6.78,5.25,0.0508,17.66,512.2,0.0169,0.018,0.2446,0.242,3,201.63,301.82,311.13,47,0.0784,192.55,131,0.0335
live_ep_000056_CPU_SATURATION,CPU_SATURATION,order-service,python-simulator,13.5,1785988723.830577,101,0.99,0.01,closed,0.9096,90.96,0.1809,20.88,13.39,5.37,6.76,0.0457,28.39,496.7,0.0055,0.0233,0.2216,0.2521,4,207.06,213.67,377.53,59,0.0328,209.02,136,0.0424
live_ep_000056_CPU_SATURATION,CPU_SATURATION,order-service,python-simulator,14.0,1785988724.3311093,142,0.9868,0.0132,closed,0.9413,94.13,0.4601,10.85,19.76,2.62,8.24,0.0508,19.74,519.7,0.0182,0.0247,0.1349,0.2263,2,192.17,346.29,381.08,51,0.0328,213.59,145,0.0512
live_ep_000056_CPU_SATURATION,CPU_SATURATION,order-service,python-simulator,14.5,1785988724.8313851,102,0.8877,0.1123,closed,0.9105,91.05,0.2904,12.36,20.98,8.54,7.17,0.0462,2.08,519.9,0.0154,0.0216,0.2238,0.2266,2,201.98,250.13,389.4,57,0.0014,229.4,138,0.0588
live_ep_000056_CPU_SATURATION,CPU_SATURATION,order-service,python-simulator,15.0,1785988725.3315341,116,0.9721,0.0279,closed,0.8111,81.11,0.3494,13.6,24.48,3.83,8.47,0.0288,5.88,548.7,0.0062,0.0145,0.2667,0.2468,2,187.57,246.7,284.51,49,0.0195,167.27,135,0.0323
live_ep_000056_CPU_SATURATION,CPU_SATURATION,order-service,python-simulator,15.5,1785988725.8316817,138,0.88,0.12,closed,0.841,84.1,0.3703,29.05,19.78,5.03,10.94,0.0314,27.23,525.0,0.0007,0.0203,0.1676,0.2705,1,194.34,211.09,313.18,46,0.0343,185.0,139,0.0283
live_ep_000056_CPU_SATURATION,CPU_SATURATION,order-service,python-simulator,16.0,1785988726.3322165,156,0.9574,0.0426,closed,0.8309,83.09,0.4343,8.81,25.33,3.62,12.99,0.0325,20.91,495.9,0.0075,0.0136,0.2663,0.2634,3,195.34,197.07,321.18,41,0.0059,191.77,125,0.0276
live_ep_000056_CPU_SATURATION,CPU_SATURATION,order-service,python-simulator,16.5,1785988726.8327396,70,0.9601,0.0399,closed,0.873,87.3,0.2183,11.73,18.14,4.19,6.43,0.0464,26.14,510.5,0.001,0.0177,0.2773,0.2276,2,197.95,353.3,377.22,52,0.0032,177.1,137,0.0403
live_ep_000056_CPU_SATURATION,CPU_SATURATION,order-service,python-simulator,17.0,1785988727.3330102,158,0.9639,0.0361,closed,0.904,90.4,0.3939,17.32,11.2,7.68,7.39,0.0493,8.14,543.6,0.0106,0.0213,0.2417,0.2852,2,191.73,206.73,339.8,60,0.0232,218.42,143,0.043
live_ep_000056_CPU_SATURATION,CPU_SATURATION,order-service,python-simulator,17.5,1785988727.83312,122,0.9531,0.0469,closed,0.8669,86.69,0.279,12.5,14.77,3.48,8.11,0.0422,60.0,545.5,0.0003,0.0168,0.2203,0.3159,0,194.85,230.64,327.65,43,0.0316,187.64,132,0.0357
live_ep_000056_CPU_SATURATION,CPU_SATURATION,order-service,python-simulator,18.0,1785988728.3336704,140,0.88,0.12,closed,0.9192,91.92,0.2791,13.97,23.48,6.14,9.02,0.0445,25.03,536.3,0.0012,0.027,0.1517,0.2556,0,201.15,361.77,379.65,56,0.1,209.11,143,0.0446
live_ep_000056_CPU_SATURATION,CPU_SATURATION,order-service,python-simulator,18.5,1785988728.8339393,158,0.9739,0.0261,closed,0.8793,87.93,0.3109,13.46,19.52,3.05,7.49,0.0654,2.0,500.1,0.0005,0.0193,0.247,0.2571,0,202.41,257.62,386.69,47,0.0021,218.21,141,0.0529
live_ep_000056_CPU_SATURATION,CPU_SATURATION,order-service,python-simulator,19.0,1785988729.334527,118,0.9308,0.0692,closed,0.962,96.2,0.3225,10.12,10.79,2.83,5.35,0.0737,11.89,529.0,0.0152,0.028,0.3207,0.2285,4,201.25,352.15,416.34,50,0.1,198.57,144,0.0652
live_ep_000056_CPU_SATURATION,CPU_SATURATION,order-service,python-simulator,19.5,1785988729.8348575,157,0.9337,0.0663,closed,0.885,88.5,0.2088,9.82,15.93,3.31,4.04,0.0406,6.43,546.0,0.0019,0.0208,0.1585,0.2682,0,208.06,278.05,365.77,57,0.0002,213.83,139,0.0498
live_ep_000056_CPU_SATURATION,CPU_SATURATION,order-service,python-simulator,20.0,1785988730.3353443,83,0.9672,0.0328,closed,0.8014,80.14,0.4818,9.08,16.1,2.56,4.77,0.0459,2.0,492.0,0.0019,0.0144,0.2065,0.2081,0,174.12,278.98,290.19,47,0.0929,183.19,124,0.0229
live_ep_000056_CPU_SATURATION,CPU_SATURATION,order-service,python-simulator,20.5,1785988730.8357952,65,0.88,0.12,closed,0.8816,88.16,0.4935,14.7,32.06,5.74,3.64,0.0394,14.15,520.7,0.0084,0.0252,0.3135,0.2231,4,198.02,319.87,382.9,58,0.0213,232.21,132,0.0377
live_ep_000056_CPU_SATURATION,CPU_SATURATION,order-service,python-simulator,21.0,1785988731.3360496,92,0.8944,0.1056,closed,0.8576,85.76,0.3024,25.33,24.27,6.15,5.7,0.0438,2.0,493.0,0.0038,0.0161,0.2912,0.2901,4,203.57,324.47,358.54,46,0.0408,166.72,138,0.0369
live_ep_000056_CPU_SATURATION,CPU_SATURATION,order-service,python-simulator,21.5,1785988731.8368886,102,0.88,0.12,closed,0.8997,89.97,0.1883,15.22,21.64,6.24,4.95,0.0455,33.0,504.8,0.0133,0.0209,0.2048,0.2297,2,201.41,224.57,362.43,54,0.0088,195.49,135,0.044
live_ep_000056_CPU_SATURATION,CPU_SATURATION,order-service,python-simulator,22.0,1785988732.3374236,91,0.969,0.031,closed,0.8602,86.02,0.3138,34.84,25.05,3.44,8.92,0.0455,8.24,497.9,0.0014,0.0175,0.1305,0.2791,4,183.48,279.45,281.51,49,0.0059,191.48,137,0.0333
live_ep_000056_CPU_SATURATION,CPU_SATURATION,order-service,python-simulator,22.5,1785988732.83755,74,0.9821,0.0179,closed,0.8839,88.39,0.3799,20.82,18.82,5.14,7.21,0.0425,13.06,541.3,0.0052,0.0231,0.2632,0.27,0,195.08,227.66,329.26,54,0.0018,188.08,144,0.0369
live_ep_000056_CPU_SATURATION,CPU_SATURATION,order-service,python-simulator,23.0,1785988733.338119,121,0.9131,0.0869,closed,0.8315,83.15,0.3165,13.95,19.42,6.0,4.45,0.0314,11.36,496.8,0.0011,0.0142,0.2875,0.1938,4,184.65,255.8,271.35,52,0.0803,205.67,130,0.0377
live_ep_000056_CPU_SATURATION,CPU_SATURATION,order-service,python-simulator,23.5,1785988733.8386295,125,0.88,0.12,closed,0.8866,88.66,0.2769,19.16,20.38,10.62,4.15,0.0428,34.31,508.7,0.0111,0.0196,0.2536,0.2602,4,191.25,323.5,344.89,46,0.1,217.29,136,0.0381
live_ep_000056_CPU_SATURATION,CPU_SATURATION,order-service,python-simulator,24.0,1785988734.3389933,81,0.9608,0.0392,closed,0.833,83.3,0.3313,14.02,22.07,5.26,6.82,0.0304,5.83,518.5,0.0058,0.0134,0.2932,0.2339,3,187.26,210.49,291.43,45,0.0387,177.37,126,0.0325
live_ep_000056_CPU_SATURATION,CPU_SATURATION,order-service,python-simulator,24.5,1785988734.839568,118,0.9819,0.0181,closed,0.8904,89.04,0.4228,9.4,20.9,9.82,10.07,0.0635,2.0,528.3,0.0004,0.0195,0.2467,0.2546,0,197.23,248.54,381.62,46,0.0077,211.1,146,0.0393
live_ep_000056_CPU_SATURATION,CPU_SATURATION,order-service,python-simulator,25.0,1785988735.339895,94,0.9867,0.0133,closed,0.9239,92.39,0.345,13.55,16.81,3.96,6.64,0.0572,2.0,541.5,0.0012,0.0291,0.2141,0.2642,0,214.67,298.74,374.41,53,0.0761,177.02,142,0.0472
live_ep_000056_CPU_SATURATION,CPU_SATURATION,order-service,python-simulator,25.5,1785988735.8402708,95,0.9703,0.0297,closed,0.8978,89.78,0.3494,11.56,25.77,3.92,8.14,0.0415,9.78,481.1,0.0023,0.0205,0.2818,0.3155,0,200.62,330.68,368.28,51,0.1,174.57,137,0.0504
live_ep_000056_CPU_SATURATION,CPU_SATURATION,order-service,python-simulator,26.0,1785988736.340837,130,0.9786,0.0214,closed,0.9136,91.36,0.3923,15.19,22.16,5.29,3.91,0.0561,2.0,473.3,0.0174,0.0227,0.2415,0.2049,1,194.03,328.11,364.46,49,0.0003,237.72,148,0.047
live_ep_000056_CPU_SATURATION,CPU_SATURATION,order-service,python-simulator,26.5,1785988736.8410327,101,0.9018,0.0982,closed,0.8472,84.72,0.2449,9.8,20.12,7.42,2.68,0.0386,19.38,492.4,0.0027,0.0176,0.2424,0.2313,1,178.13,309.42,341.99,51,0.0284,230.9,130,0.0315
live_ep_000056_CPU_SATURATION,CPU_SATURATION,order-service,python-simulator,27.0,1785988737.3413036,70,0.9162,0.0838,closed,0.8483,84.83,0.2879,20.41,12.64,2.07,2.73,0.0442,19.27,488.7,0.0005,0.0162,0.2378,0.266,0,194.99,204.64,263.35,46,0.0489,227.33,133,0.0325
live_ep_000056_CPU_SATURATION,CPU_SATURATION,order-service,python-simulator,27.5,1785988737.8418515,106,0.9884,0.0116,closed,0.8822,88.22,0.2317,9.32,51.52,2.81,4.58,0.077,6.04,472.2,0.0038,0.0188,0.2068,0.2221,0,194.52,236.39,363.02,48,0.0011,162.51,134,0.039
live_ep_000056_CPU_SATURATION,CPU_SATURATION,order-service,python-simulator,28.0,1785988738.3422055,144,0.9595,0.0405,closed,0.8582,85.82,0.226,16.92,32.2,5.0,12.44,0.0375,33.04,495.3,0.0004,0.0199,0.1936,0.2373,3,182.9,297.71,334.07,53,0.0578,162.01,135,0.0317
live_ep_000056_CPU_SATURATION,CPU_SATURATION,order-service,python-simulator,28.5,1785988738.8425322,65,0.99,0.01,closed,0.887,88.7,0.3498,9.37,19.53,3.36,12.58,0.0493,16.85,513.4,0.0067,0.0197,0.2914,0.2142,3,188.17,212.14,326.17,55,0.0131,180.21,133,0.0543
live_ep_000056_CPU_SATURATION,CPU_SATURATION,order-service,python-simulator,29.0,1785988739.3430655,109,0.9587,0.0413,closed,0.8702,87.02,0.4761,9.58,23.15,3.61,7.57,0.0351,21.75,557.3,0.0016,0.0239,0.2306,0.3128,1,190.26,266.71,331.04,51,0.0651,212.77,144,0.0368
live_ep_000056_CPU_SATURATION,CPU_SATURATION,order-service,python-simulator,29.5,1785988739.8437593,91,0.9273,0.0727,closed,0.8701,87.01,0.5222,17.64,19.49,8.85,3.23,0.0472,3.04,532.6,0.005,0.0193,0.314,0.2478,0,186.24,264.4,324.56,52,0.0101,205.72,131,0.0381
live_ep_000056_CPU_SATURATION,CPU_SATURATION,order-service,python-simulator,30.0,1785988740.344458,136,0.9309,0.0691,closed,0.8873,88.73,0.31,11.4,12.05,4.34,4.87,0.048,3.36,547.7,0.0021,0.0208,0.2479,0.2815,2,192.9,288.61,357.99,53,0.0406,202.81,147,0.0379
live_ep_000056_CPU_SATURATION,CPU_SATURATION,order-service,python-simulator,30.5,1785988740.8447952,138,0.9619,0.0381,closed,0.7969,79.69,0.46,9.94,25.97,7.31,8.1,0.0284,2.0,507.0,0.0029,0.0109,0.2951,0.2767,2,171.06,189.29,215.3,43,0.0957,171.41,121,0.02
live_ep_000056_CPU_SATURATION,CPU_SATURATION,order-service,python-simulator,31.0,1785988741.3450916,145,0.9047,0.0953,closed,0.8985,89.85,0.3304,16.54,15.56,3.29,4.53,0.0487,21.62,494.3,0.0251,0.0207,0.1225,0.1925,2,192.08,227.39,417.63,56,0.0633,216.8,140,0.0432
live_ep_000056_CPU_SATURATION,CPU_SATURATION,order-service,python-simulator,31.5,1785988741.845318,135,0.938,0.062,closed,0.925,92.5,0.343,9.75,16.33,5.91,7.68,0.0525,18.13,521.3,0.0013,0.0234,0.2127,0.2506,4,202.97,301.74,357.32,59,0.064,180.68,149,0.0456
live_ep_000056_CPU_SATURATION,CPU_SATURATION,order-service,python-simulator,32.0,1785988742.3454947,144,0.9373,0.0627,closed,0.9125,91.25,0.4853,10.73,17.8,7.12,6.15,0.0645,7.89,501.8,0.0023,0.0242,0.2962,0.2254,4,200.77,257.8,352.64,55,0.0579,179.97,148,0.0432
live_ep_000056_CPU_SATURATION,CPU_SATURATION,order-service,python-simulator,32.5,1785988742.8458207,128,0.957,0.043,closed,0.8513,85.13,0.363,10.68,21.84,7.23,5.59,0.0512,28.8,531.6,0.0039,0.0166,0.2477,0.2702,4,191.58,199.22,281.29,43,0.05,225.11,141,0.0396
live_ep_000056_CPU_SATURATION,CPU_SATURATION,order-service,python-simulator,33.0,1785988743.3461719,134,0.8902,0.1098,closed,0.8636,86.36,0.4547,21.94,17.17,4.18,11.21,0.0359,9.49,517.7,0.0013,0.018,0.1697,0.2008,3,198.08,285.66,341.51,60,0.0032,208.74,139,0.0437
live_ep_000056_CPU_SATURATION,CPU_SATURATION,order-service,python-simulator,33.5,1785988743.8467479,113,0.9612,0.0388,closed,0.9402,94.02,0.5276,9.9,14.17,4.95,3.81,0.0524,55.09,495.0,0.0011,0.0248,0.3288,0.2188,0,208.05,371.16,456.12,48,0.0182,186.67,147,0.0481
live_ep_000056_CPU_SATURATION,CPU_SATURATION,order-service,python-simulator,34.0,1785988744.3469796,151,0.9511,0.0489,closed,0.9008,90.08,0.4029,15.46,24.48,10.41,14.74,0.0507,7.32,522.8,0.007,0.0225,0.1585,0.2374,1,201.16,313.99,355.31,50,0.0173,176.85,148,0.0446
live_ep_000056_CPU_SATURATION,CPU_SATURATION,order-service,python-simulator,34.5,1785988744.8477068,67,0.9273,0.0727,closed,0.8218,82.18,0.319,25.23,8.81,3.34,2.0,0.045,5.5,552.6,0.0015,0.0122,0.3144,0.2951,1,186.06,264.67,281.89,52,0.002,212.34,127,0.0284
live_ep_000056_CPU_SATURATION,CPU_SATURATION,order-service,python-simulator,35.0,1785988745.3483047,116,0.9893,0.0107,closed,0.9409,94.09,0.3322,10.02,12.11,5.35,5.51,0.0508,6.73,534.7,0.0011,0.0252,0.2719,0.2858,2,224.2,339.89,358.8,47,0.0238,203.72,143,0.0497
live_ep_000056_CPU_SATURATION,CPU_SATURATION,order-service,python-simulator,35.5,1785988745.849313,83,0.9849,0.0151,closed,0.8954,89.54,0.2388,9.45,15.55,3.11,4.06,0.0721,5.55,463.7,0.0044,0.0226,0.2583,0.2389,1,200.54,285.78,331.95,45,0.007,201.44,137,0.0489
live_ep_000056_CPU_SATURATION,CPU_SATURATION,order-service,python-simulator,36.0,1785988746.3497188,113,0.9494,0.0506,closed,0.8495,84.95,0.321,14.33,17.62,1.57,6.35,0.0403,4.77,500.0,0.0012,0.0169,0.204,0.263,0,178.54,254.05,306.09,49,0.0112,174.37,136,0.0344
live_ep_000056_CPU_SATURATION,CPU_SATURATION,order-service,python-simulator,36.5,1785988746.8502572,64,0.9801,0.0199,closed,0.8914,89.14,0.3892,15.68,23.9,4.36,6.61,0.0558,2.22,515.5,0.0018,0.0195,0.2841,0.2457,3,196.13,212.02,342.99,51,0.0264,176.56,140,0.0407
live_ep_000056_CPU_SATURATION,CPU_SATURATION,order-service,python-simulator,37.0,1785988747.3506265,126,0.8918,0.1082,closed,0.9387,93.87,0.3652,9.92,28.99,5.86,7.16,0.0701,50.76,494.0,0.0011,0.0241,0.2124,0.2204,4,208.17,283.95,400.33,62,0.0141,213.82,148,0.0531
live_ep_000056_CPU_SATURATION,CPU_SATURATION,order-service,python-simulator,37.5,1785988747.8512561,100,0.8959,0.1041,closed,0.8927,89.27,0.4439,19.36,13.0,8.93,4.79,0.0407,20.52,501.3,0.0013,0.0219,0.3468,0.2535,0,193.01,224.09,306.87,62,0.0151,218.99,142,0.0388
live_ep_000056_CPU_SATURATION,CPU_SATURATION,order-service,python-simulator,38.0,1785988748.3517249,145,0.9806,0.0194,closed,0.882,88.2,0.3583,10.82,29.19,4.59,6.96,0.0458,28.31,520.8,0.001,0.0182,0.2468,0.2404,0,195.19,348.99,356.89,57,0.0009,207.83,135,0.0369
live_ep_000056_CPU_SATURATION,CPU_SATURATION,order-service,python-simulator,38.5,1785988748.8518555,141,0.99,0.01,closed,0.9499,94.99,0.3099,12.2,14.7,3.24,8.67,0.0566,29.91,521.2,0.0037,0.0265,0.2629,0.2125,2,211.77,416.67,428.86,58,0.0472,195.08,151,0.0532
live_ep_000056_CPU_SATURATION,CPU_SATURATION,order-service,python-simulator,39.0,1785988749.352296,108,0.99,0.01,closed,0.839,83.9,0.4614,20.74,22.63,5.1,8.4,0.0459,9.44,473.7,0.0014,0.0176,0.1127,0.2742,4,183.1,203.94,283.99,45,0.005,203.5,137,0.0292
live_ep_000056_CPU_SATURATION,CPU_SATURATION,order-service,python-simulator,39.5,1785988749.8525088,118,0.9435,0.0565,closed,0.8658,86.58,0.3324,9.16,16.29,5.64,8.23,0.0431,16.36,506.4,0.0049,0.0249,0.289,0.2298,0,194.13,243.02,331.59,48,0.0483,177.99,132,0.0361
live_ep_000056_CPU_SATURATION,CPU_SATURATION,order-service,python-simulator,40.0,1785988750.3526254,95,0.9575,0.0425,closed,0.8406,84.06,0.3489,13.61,22.78,2.78,4.54,0.0353,60.0,520.5,0.0055,0.0193,0.2802,0.2819,4,183.51,302.64,320.18,53,0.0706,179.72,138,0.0284
live_ep_000056_CPU_SATURATION,CPU_SATURATION,order-service,python-simulator,40.5,1785988750.85359,73,0.99,0.01,closed,0.8721,87.21,0.4271,9.45,21.22,3.1,7.44,0.0392,9.26,514.9,0.0092,0.0198,0.243,0.285,3,195.82,308.79,346.52,62,0.1,173.12,138,0.0376
live_ep_000056_CPU_SATURATION,CPU_SATURATION,order-service,python-simulator,41.0,1785988751.3539882,145,0.9114,0.0886,closed,0.8774,87.74,0.3017,9.41,16.62,2.6,7.92,0.0515,4.5,494.6,0.0054,0.0197,0.244,0.2605,2,194.03,287.08,362.75,43,0.0205,206.17,138,0.0356
live_ep_000056_CPU_SATURATION,CPU_SATURATION,order-service,python-simulator,41.5,1785988751.854506,144,0.9782,0.0218,closed,0.9386,93.86,0.3154,13.82,19.67,4.06,3.48,0.0536,12.13,491.3,0.0051,0.0242,0.2549,0.2593,1,205.32,243.85,379.96,61,0.0433,200.73,145,0.0488
live_ep_000056_CPU_SATURATION,CPU_SATURATION,order-service,python-simulator,42.0,1785988752.3550644,157,0.9745,0.0255,closed,0.8206,82.06,0.2504,8.71,25.48,4.36,6.84,0.0394,2.0,513.2,0.0163,0.0124,0.3113,0.265,4,176.62,266.38,321.82,41,0.0078,178.83,134,0.0243
live_ep_000056_CPU_SATURATION,CPU_SATURATION,order-service,python-simulator,42.5,1785988752.8554049,98,0.9574,0.0426,closed,0.9099,90.99,0.4381,22.21,22.31,4.49,6.78,0.0655,7.33,514.0,0.0066,0.0282,0.322,0.1638,2,204.91,268.59,361.59,63,0.1,190.65,142,0.0458
live_ep_000056_CPU_SATURATION,CPU_SATURATION,order-service,python-simulator,43.0,1785988753.3557806,123,0.9343,0.0657,closed,0.9533,95.33,0.3664,12.88,33.82,10.1,4.26,0.0727,4.8,480.8,0.0001,0.0259,0.2909,0.2462,3,213.19,420.98,472.35,58,0.0299,204.84,143,0.0525
live_ep_000056_CPU_SATURATION,CPU_SATURATION,order-service,python-simulator,43.5,1785988753.8562694,144,0.88,0.12,closed,0.8254,82.54,0.3599,9.76,26.03,4.9,10.66,0.031,15.45,524.0,0.0012,0.013,0.3122,0.2817,4,185.32,197.61,281.06,53,0.0228,234.42,130,0.0253
live_ep_000056_CPU_SATURATION,CPU_SATURATION,order-service,python-simulator,44.0,1785988754.3564582,102,0.9472,0.0528,closed,0.8916,89.16,0.1442,15.12,22.17,7.05,3.48,0.0472,9.13,521.4,0.0017,0.0202,0.2248,0.2395,3,207.64,336.36,379.96,54,0.0238,203.75,133,0.0394
live_ep_000056_CPU_SATURATION,CPU_SATURATION,order-service,python-simulator,44.5,1785988754.856643,81,0.9606,0.0394,closed,0.9202,92.02,0.3728,12.0,15.22,4.32,15.6,0.0482,7.89,561.0,0.0022,0.0226,0.3409,0.337,1,200.62,220.09,294.36,63,0.0227,191.27,145,0.0525
live_ep_000056_CPU_SATURATION,CPU_SATURATION,order-service,python-simulator,45.0,1785988755.3569067,143,0.9695,0.0305,closed,0.8748,87.48,0.3661,9.66,22.08,6.88,4.37,0.0545,31.07,488.2,0.0129,0.0184,0.2322,0.2325,1,190.6,242.97,331.16,60,0.0007,192.39,140,0.0511
live_ep_000056_CPU_SATURATION,CPU_SATURATION,order-service,python-simulator,45.5,1785988755.857525,91,0.9808,0.0192,closed,0.856,85.6,0.3446,11.22,13.3,2.98,8.55,0.0334,17.91,490.0,0.001,0.0161,0.2187,0.2511,4,181.8,196.06,361.31,45,0.1,183.03,133,0.0346
live_ep_000056_CPU_SATURATION,CPU_SATURATION,order-service,python-simulator,46.0,1785988756.3578048,95,0.9832,0.0168,closed,0.8726,87.26,0.4552,11.39,16.69,3.52,4.9,0.0528,35.77,508.3,0.0001,0.0207,0.1402,0.2273,0,193.37,204.99,327.19,44,0.0047,199.82,144,0.0357
live_ep_000056_CPU_SATURATION,CPU_SATURATION,order-service,python-simulator,46.5,1785988756.8583517,86,0.9275,0.0725,closed,0.8237,82.37,0.5366,12.9,22.59,3.09,7.09,0.0297,4.93,532.3,0.0066,0.013,0.2387,0.2159,1,190.48,215.03,283.95,44,0.0122,185.43,135,0.0249
live_ep_000056_CPU_SATURATION,CPU_SATURATION,order-service,python-simulator,47.0,1785988757.3588073,144,0.9531,0.0469,closed,0.9085,90.85,0.2263,12.15,24.17,4.19,5.18,0.0446,6.97,507.3,0.0041,0.0243,0.2119,0.2272,2,202.24,308.53,337.82,49,0.0114,191.64,144,0.0516
live_ep_000056_CPU_SATURATION,CPU_SATURATION,order-service,python-simulator,47.5,1785988757.8590722,91,0.9865,0.0135,closed,0.8865,88.65,0.4479,12.17,37.77,6.28,7.94,0.0507,18.88,529.9,0.0003,0.0204,0.2485,0.2678,4,206.33,239.73,341.25,56,0.0458,175.21,133,0.0384
live_ep_000056_CPU_SATURATION,CPU_SATURATION,order-service,python-simulator,48.0,1785988758.3595772,67,0.9867,0.0133,closed,0.9203,92.03,0.2575,10.39,9.72,5.79,3.73,0.0739,2.0,508.0,0.0046,0.0226,0.1123,0.2604,1,200.9,220.22,339.64,64,0.1,191.45,142,0.0482
live_ep_000056_CPU_SATURATION,CPU_SATURATION,order-service,python-simulator,48.5,1785988758.8596585,157,0.8903,0.1097,closed,0.8852,88.52,0.3054,9.9,18.59,3.84,7.35,0.0392,49.2,509.5,0.0048,0.0238,0.3506,0.2914,2,196.83,240.34,421.03,55,0.0062,178.81,134,0.0449
live_ep_000056_CPU_SATURATION,CPU_SATURATION,order-service,python-simulator,49.0,1785988759.3600464,65,0.9346,0.0654,closed,0.876,87.6,0.3386,10.89,14.33,3.16,3.98,0.0572,2.0,522.6,0.0009,0.0205,0.2214,0.2431,3,198.62,214.09,336.57,49,0.1,179.56,143,0.0471
live_ep_000056_CPU_SATURATION,CPU_SATURATION,order-service,python-simulator,49.5,1785988759.8605022,156,0.99,0.01,closed,0.8674,86.74,0.1751,10.01,29.92,4.26,4.6,0.058,60.0,528.7,0.0041,0.0222,0.2948,0.2504,4,190.98,193.44,341.08,48,0.0923,178.55,135,0.0362
live_ep_000056_CPU_SATURATION,CPU_SATURATION,order-service,python-simulator,50.0,1785988760.3609364,127,0.9824,0.0176,closed,0.9018,90.18,0.4415,11.33,16.56,3.77,5.27,0.05,4.63,492.5,0.0026,0.0202,0.1965,0.2273,4,213.86,309.55,314.99,50,0.0475,219.67,142,0.0412
live_ep_000056_CPU_SATURATION,CPU_SATURATION,order-service,python-simulator,50.5,1785988760.861307,154,0.99,0.01,closed,0.9131,91.31,0.4391,10.49,25.41,7.79,10.67,0.0449,16.8,529.8,0.0078,0.0215,0.2158,0.3019,0,195.85,263.08,284.66,53,0.0785,202.5,143,0.0536
live_ep_000056_CPU_SATURATION,CPU_SATURATION,order-service,python-simulator,51.0,1785988761.3614035,98,0.9333,0.0667,closed,0.8168,81.68,0.3783,14.11,11.45,5.74,7.9,0.044,13.02,482.5,0.0044,0.0131,0.2889,0.2325,4,178.47,255.93,306.07,52,0.0053,194.41,136,0.0364
live_ep_000056_CPU_SATURATION,CPU_SATURATION,order-service,python-simulator,51.5,1785988761.8615983,88,0.9364,0.0636,closed,0.9196,91.96,0.4255,11.97,39.14,5.68,3.33,0.0513,5.3,521.4,0.0,0.0242,0.3473,0.2881,1,197.12,328.91,384.6,61,0.0038,184.96,138,0.0729
live_ep_000056_CPU_SATURATION,CPU_SATURATION,order-service,python-simulator,52.0,1785988762.3620455,80,0.9836,0.0164,closed,0.8897,88.97,0.4221,9.63,27.57,3.69,3.57,0.048,2.37,533.4,0.0048,0.0196,0.3315,0.3065,1,204.74,323.01,407.24,58,0.0263,189.32,143,0.0407
live_ep_000056_CPU_SATURATION,CPU_SATURATION,order-service,python-simulator,52.5,1785988762.8622975,89,0.9839,0.0161,closed,0.8296,82.96,0.3286,11.77,19.6,6.25,7.02,0.0338,17.04,535.3,0.002,0.0134,0.2379,0.2474,2,192.45,216.7,312.98,55,0.1,215.21,130,0.0329
live_ep_000056_CPU_SATURATION,CPU_SATURATION,order-service,python-simulator,53.0,1785988763.3624506,130,0.88,0.12,closed,0.7815,78.15,0.4262,8.31,27.57,4.77,4.1,0.0277,42.13,538.6,0.015,0.0091,0.2181,0.2521,1,184.17,218.4,262.54,39,0.0123,208.1,126,0.0268
live_ep_000056_CPU_SATURATION,CPU_SATURATION,order-service,python-simulator,53.5,1785988763.8627822,125,0.88,0.12,closed,0.8512,85.12,0.4392,10.37,23.51,2.7,7.55,0.0534,13.42,525.5,0.0042,0.0161,0.2386,0.2447,2,193.45,203.96,335.9,52,0.0583,145.34,128,0.031
live_ep_000056_CPU_SATURATION,CPU_SATURATION,order-service,python-simulator,54.0,1785988764.363081,130,0.9715,0.0285,closed,0.9049,90.49,0.2817,12.29,19.4,5.35,6.35,0.0486,3.62,557.1,0.0045,0.028,0.1307,0.2571,2,211.05,244.83,339.15,55,0.0223,201.29,149,0.0544
live_ep_000056_CPU_SATURATION,CPU_SATURATION,order-service,python-simulator,54.5,1785988764.8634253,157,0.99,0.01,closed,0.9674,96.74,0.3761,11.96,11.81,5.89,8.42,0.0686,39.61,527.0,0.0051,0.0284,0.3408,0.2544,4,221.27,221.37,423.9,54,0.0414,236.38,151,0.0594
live_ep_000056_CPU_SATURATION,CPU_SATURATION,order-service,python-simulator,55.0,1785988765.3639288,134,0.9344,0.0656,closed,0.8672,86.72,0.3533,13.34,22.74,4.04,7.66,0.0555,5.64,507.0,0.0024,0.0176,0.2159,0.2902,0,208.99,235.57,245.72,51,0.0673,194.93,132,0.0352
live_ep_000056_CPU_SATURATION,CPU_SATURATION,order-service,python-simulator,55.5,1785988765.8644054,158,0.99,0.01,closed,0.9165,91.65,0.3695,11.38,15.55,3.81,7.8,0.0659,3.12,538.5,0.0023,0.0236,0.2514,0.3046,4,197.15,315.87,389.31,57,0.0219,198.15,144,0.0457
live_ep_000056_CPU_SATURATION,CPU_SATURATION,order-service,python-simulator,56.0,1785988766.3645468,65,0.9069,0.0931,closed,0.9111,91.11,0.4094,22.01,17.2,2.75,5.0,0.0587,2.0,471.8,0.0019,0.0216,0.2846,0.2495,3,211.36,267.1,391.96,52,0.0267,201.33,145,0.0556
live_ep_000056_CPU_SATURATION,CPU_SATURATION,order-service,python-simulator,56.5,1785988766.8651385,110,0.99,0.01,closed,0.9359,93.59,0.4705,11.7,13.96,5.67,3.33,0.0541,11.28,490.9,0.012,0.0293,0.2469,0.2248,4,182.34,302.61,373.81,56,0.0043,186.0,149,0.0547
live_ep_000056_CPU_SATURATION,CPU_SATURATION,order-service,python-simulator,57.0,1785988767.365458,108,0.938,0.062,closed,0.9051,90.51,0.2109,10.22,24.63,2.98,6.49,0.0426,3.01,545.8,0.0002,0.0237,0.2885,0.3098,0,208.1,244.01,287.83,62,0.0114,196.1,142,0.0424
live_ep_000056_CPU_SATURATION,CPU_SATURATION,order-service,python-simulator,57.5,1785988767.8660667,74,0.9132,0.0868,closed,0.9927,99.27,0.3924,14.59,29.71,9.55,5.17,0.0622,60.0,537.6,0.0018,0.0374,0.2904,0.2467,0,216.56,415.35,425.36,57,0.0741,196.0,149,0.0683
live_ep_000056_CPU_SATURATION,CPU_SATURATION,order-service,python-simulator,58.0,1785988768.366411,118,0.99,0.01,closed,0.8452,84.52,0.2453,11.17,20.85,6.16,4.39,0.0353,12.33,485.6,0.0006,0.0181,0.2985,0.2373,4,196.69,302.24,317.35,60,0.0695,195.06,126,0.031
live_ep_000056_CPU_SATURATION,CPU_SATURATION,order-service,python-simulator,58.5,1785988768.8669841,129,0.9291,0.0709,closed,0.9193,91.93,0.49,16.37,34.76,7.43,5.36,0.0461,8.11,524.5,0.0033,0.0227,0.2075,0.3035,1,214.36,232.17,374.23,59,0.0629,212.2,142,0.0457
live_ep_000056_CPU_SATURATION,CPU_SATURATION,order-service,python-simulator,59.0,1785988769.3671727,72,0.88,0.12,closed,0.8558,85.58,0.2546,10.24,10.84,1.35,5.81,0.0417,2.32,508.4,0.0028,0.0163,0.2099,0.2998,0,166.64,246.14,335.59,45,0.0426,220.1,131,0.0341
live_ep_000056_CPU_SATURATION,CPU_SATURATION,order-service,python-simulator,59.5,1785988769.8676484,147,0.9875,0.0125,closed,0.9061,90.61,0.3249,12.39,12.19,4.85,4.23,0.0462,29.95,533.8,0.0011,0.021,0.2271,0.2811,3,204.05,336.83,426.88,52,0.0172,184.74,144,0.0461
live_ep_000057_QUEUE_BACKUP,QUEUE_BACKUP,auth-service,python-simulator,0.0,1785988770.3709145,57,0.99,0.01,closed,0.3699,36.99,0.427,0.5,16.21,2.25,8.86,0.0044,15.04,502.4,0.0001,0.0008,0.298,0.2567,4,98.8,102.16,114.86,11,0.0944,232.16,5,0.0222
live_ep_000057_QUEUE_BACKUP,QUEUE_BACKUP,auth-service,python-simulator,0.5,1785988770.8712108,53,0.88,0.12,closed,0.3554,35.54,0.4326,1.89,8.85,3.21,8.2,0.0142,32.85,508.1,0.0038,0.0046,0.2901,0.2899,1,91.07,97.12,117.96,7,0.0152,195.37,9,0.006
live_ep_000057_QUEUE_BACKUP,QUEUE_BACKUP,auth-service,python-simulator,1.0,1785988771.3713152,99,0.99,0.01,closed,0.4616,46.16,0.3187,5.91,11.13,4.19,3.66,0.004,19.58,513.6,0.0062,0.0001,0.2261,0.2832,0,94.56,108.73,122.87,19,0.0133,203.93,12,0.0063
live_ep_000057_QUEUE_BACKUP,QUEUE_BACKUP,auth-service,python-simulator,1.5,1785988771.8717597,100,0.99,0.01,closed,0.1691,16.91,0.2544,0.65,19.26,5.66,7.94,0.018,3.46,514.6,0.0049,0.0008,0.1317,0.1816,1,96.51,96.58,134.5,2,0.0081,170.37,12,0.0096
live_ep_000057_QUEUE_BACKUP,QUEUE_BACKUP,auth-service,python-simulator,2.0,1785988772.372165,101,0.963,0.037,closed,0.2757,27.57,0.2974,0.61,17.79,3.91,6.0,0.0069,33.08,515.5,0.0077,0.003,0.2606,0.2545,3,89.29,92.06,135.06,1,0.0363,183.75,6,0.0035
live_ep_000057_QUEUE_BACKUP,QUEUE_BACKUP,auth-service,python-simulator,2.5,1785988772.8727155,82,0.9037,0.0963,closed,0.335,33.5,0.3836,2.07,15.31,3.73,4.28,0.0028,2.0,538.3,0.0134,0.0,0.1469,0.2479,1,80.92,99.46,113.98,6,0.0239,208.6,12,0.0185
live_ep_000057_QUEUE_BACKUP,QUEUE_BACKUP,auth-service,python-simulator,3.0,1785988773.3729286,106,0.99,0.01,closed,0.3744,37.44,0.4022,1.25,25.83,3.77,5.2,0.0096,14.83,513.9,0.0035,0.0005,0.2884,0.2011,0,86.22,123.57,143.83,15,0.0309,198.04,14,0.0064
live_ep_000057_QUEUE_BACKUP,QUEUE_BACKUP,auth-service,python-simulator,3.5,1785988773.8734825,60,0.9482,0.0518,closed,0.3938,39.38,0.2722,16.93,15.75,3.71,5.57,0.0207,21.8,493.9,0.0008,0.0007,0.3005,0.2272,4,84.44,119.06,141.62,16,0.0794,188.39,12,0.0142
live_ep_000057_QUEUE_BACKUP,QUEUE_BACKUP,auth-service,python-simulator,4.0,1785988774.3740036,34,0.9572,0.0428,closed,0.353,35.3,0.3837,4.53,14.0,5.53,4.59,0.0216,35.87,519.5,0.0001,0.0068,0.2397,0.2626,2,103.56,103.6,117.85,2,0.001,179.84,7,0.0013
live_ep_000057_QUEUE_BACKUP,QUEUE_BACKUP,auth-service,python-simulator,4.5,1785988774.874153,99,0.9672,0.0328,closed,0.3038,30.38,0.2223,15.19,24.82,3.13,9.09,0.0086,3.36,523.8,0.0026,0.0002,0.1927,0.2073,0,89.12,96.0,103.34,14,0.0,203.38,4,0.0203
live_ep_000057_QUEUE_BACKUP,QUEUE_BACKUP,auth-service,python-simulator,5.0,1785988775.3742216,117,0.9642,0.0358,closed,0.3224,32.24,0.5471,7.66,22.06,6.54,5.64,0.0033,4.98,497.8,0.001,0.0004,0.2709,0.2505,3,89.17,109.79,125.92,3,0.1,218.11,14,0.0
live_ep_000057_QUEUE_BACKUP,QUEUE_BACKUP,auth-service,python-simulator,5.5,1785988775.8747466,86,0.9854,0.0146,closed,0.3212,32.12,0.3646,0.5,23.2,2.14,6.26,0.0041,3.08,482.3,0.0005,0.0005,0.2977,0.2042,1,87.15,94.57,123.98,13,0.1,189.59,5,0.0069
live_ep_000057_QUEUE_BACKUP,QUEUE_BACKUP,auth-service,python-simulator,6.0,1785988776.3752875,68,0.9699,0.0301,closed,0.387,38.7,0.2664,4.31,11.27,4.67,5.53,0.0154,14.57,508.9,0.012,0.0001,0.2785,0.2287,0,74.99,110.7,111.16,12,0.0438,178.75,8,0.0054
live_ep_000057_QUEUE_BACKUP,QUEUE_BACKUP,auth-service,python-simulator,6.5,1785988776.8758838,44,0.99,0.01,closed,0.4601,46.01,0.2789,0.63,13.46,3.41,12.72,0.0021,18.18,533.7,0.0033,0.0044,0.1858,0.2748,1,86.82,88.44,98.01,14,0.0083,228.18,12,0.0022
live_ep_000057_QUEUE_BACKUP,QUEUE_BACKUP,auth-service,python-simulator,7.0,1785988777.376349,98,0.99,0.01,closed,0.3567,35.67,0.4699,12.65,14.39,3.07,5.97,0.0211,13.26,505.2,0.0032,0.0004,0.1621,0.1994,2,97.46,99.82,121.6,11,0.0033,238.23,8,0.0034
live_ep_000057_QUEUE_BACKUP,QUEUE_BACKUP,auth-service,python-simulator,7.5,1785988777.8766785,81,0.9661,0.0339,closed,0.4144,41.44,0.4932,0.99,11.8,2.93,7.91,0.0086,17.04,494.1,0.0004,0.0005,0.2664,0.2647,4,84.3,113.59,114.01,6,0.0388,184.31,11,0.0029
live_ep_000057_QUEUE_BACKUP,QUEUE_BACKUP,auth-service,python-simulator,8.0,1785988778.3768868,112,0.9138,0.0862,closed,0.396,39.6,0.3579,1.16,28.03,4.26,4.74,0.006,11.38,506.0,0.0027,0.0001,0.2243,0.2199,3,90.51,95.47,108.67,9,0.0751,222.82,7,0.0064
live_ep_000057_QUEUE_BACKUP,QUEUE_BACKUP,auth-service,python-simulator,8.5,1785988778.8772101,71,0.8997,0.1003,closed,0.3998,39.98,0.2613,1.98,22.76,3.79,4.3,0.0102,9.4,485.3,0.0009,0.0055,0.3362,0.2643,0,84.36,124.75,128.64,11,0.0373,174.44,11,0.0078
live_ep_000057_QUEUE_BACKUP,QUEUE_BACKUP,auth-service,python-simulator,9.0,1785988779.377753,25,0.9141,0.0859,closed,0.2708,27.08,0.2452,2.59,27.75,2.67,4.85,0.0083,4.25,498.2,0.0043,0.0028,0.2417,0.2267,4,93.8,139.06,143.65,9,0.0564,176.51,12,0.0055
live_ep_000057_QUEUE_BACKUP,QUEUE_BACKUP,auth-service,python-simulator,9.5,1785988779.8778443,121,0.88,0.12,closed,0.2897,28.97,0.3888,17.84,19.16,4.36,7.22,0.0002,4.54,510.9,0.0091,0.002,0.2681,0.2842,1,89.26,134.28,144.14,13,0.0077,220.82,26,0.0099
live_ep_000057_QUEUE_BACKUP,QUEUE_BACKUP,auth-service,python-simulator,10.0,1785988780.378189,93,0.88,0.12,closed,0.3928,39.28,0.304,7.45,17.56,5.03,4.51,0.0027,51.14,523.3,0.0,0.0125,0.2638,0.2582,3,108.46,118.46,128.25,29,0.0024,193.8,58,0.0024
live_ep_000057_QUEUE_BACKUP,QUEUE_BACKUP,auth-service,python-simulator,10.5,1785988780.8783524,56,0.9304,0.0696,closed,0.3392,33.92,0.4691,18.54,34.48,4.1,4.01,0.0072,6.21,526.8,0.0016,0.0,0.1482,0.2194,4,90.7,134.43,144.97,30,0.0484,228.0,60,0.0024
live_ep_000057_QUEUE_BACKUP,QUEUE_BACKUP,auth-service,python-simulator,11.0,1785988781.3785849,106,0.9456,0.0544,closed,0.3618,36.18,0.3137,6.56,25.27,6.13,7.13,0.0111,45.85,543.1,0.0013,0.0035,0.1756,0.2865,3,89.87,88.91,88.89,3,0.0024,213.63,6,0.0005
live_ep_000057_QUEUE_BACKUP,QUEUE_BACKUP,auth-service,python-simulator,11.5,1785988781.8789504,112,0.9573,0.0427,closed,0.4086,40.86,0.5948,4.02,16.4,5.74,4.91,0.0065,28.68,495.7,0.0102,0.0027,0.2758,0.2775,2,93.26,84.84,80.0,7,0.0006,181.36,14,0.0033
live_ep_000057_QUEUE_BACKUP,QUEUE_BACKUP,auth-service,python-simulator,12.0,1785988782.3794103,98,0.88,0.12,closed,0.3746,37.46,0.4546,3.78,22.15,5.25,5.42,0.0094,46.19,524.5,0.0055,0.0007,0.2263,0.2782,0,96.89,82.7,80.0,16,0.0066,205.99,32,0.0059
live_ep_000057_QUEUE_BACKUP,QUEUE_BACKUP,auth-service,python-simulator,12.5,1785988782.8797498,112,0.9539,0.0461,closed,0.4193,41.93,0.2882,21.92,21.99,11.57,5.57,0.0041,23.77,479.0,0.001,0.0004,0.3168,0.2501,1,98.1,149.28,159.42,32,0.0357,209.0,64,0.0104
live_ep_000057_QUEUE_BACKUP,QUEUE_BACKUP,auth-service,python-simulator,13.0,1785988783.3799763,26,0.9042,0.0958,closed,0.2462,24.62,0.3855,1.9,21.56,2.57,8.7,0.0007,12.87,493.3,0.0128,0.0021,0.3176,0.238,4,86.16,89.79,99.03,7,0.0138,166.39,14,0.003
live_ep_000057_QUEUE_BACKUP,QUEUE_BACKUP,auth-service,python-simulator,13.5,1785988783.8803601,41,0.99,0.01,closed,0.3518,35.18,0.3329,6.29,21.41,5.48,6.07,0.0083,14.51,543.2,0.0021,0.0005,0.2076,0.2095,0,94.51,95.06,129.46,15,0.0016,214.34,30,0.0001
live_ep_000057_QUEUE_BACKUP,QUEUE_BACKUP,auth-service,python-simulator,14.0,1785988784.3810227,58,0.99,0.01,closed,0.3534,35.34,0.41,2.5,27.99,8.42,5.62,0.0295,42.31,504.6,0.0027,0.0004,0.2641,0.2576,2,100.37,114.78,119.48,10,0.0146,216.26,20,0.0027
live_ep_000057_QUEUE_BACKUP,QUEUE_BACKUP,auth-service,python-simulator,14.5,1785988784.8814344,92,0.9195,0.0805,closed,0.3721,37.21,0.2788,5.1,13.92,4.64,3.44,0.0095,55.58,524.6,0.0022,0.0006,0.3513,0.2654,1,95.94,89.95,86.34,23,0.0027,196.66,46,0.01
live_ep_000057_QUEUE_BACKUP,QUEUE_BACKUP,auth-service,python-simulator,15.0,1785988785.381715,46,0.99,0.01,closed,0.3467,34.67,0.3942,16.48,25.59,4.93,5.88,0.0159,27.9,497.8,0.0022,0.0003,0.1247,0.2752,3,99.88,125.79,127.58,27,0.0084,225.77,54,0.0019
live_ep_000057_QUEUE_BACKUP,QUEUE_BACKUP,auth-service,python-simulator,15.5,1785988785.882711,74,0.88,0.12,closed,0.307,30.7,0.3914,7.58,18.22,2.91,9.63,0.0124,2.02,500.1,0.0046,0.0006,0.301,0.159,4,92.65,132.71,153.86,28,0.0046,187.9,56,0.004
live_ep_000057_QUEUE_BACKUP,QUEUE_BACKUP,auth-service,python-simulator,16.0,1785988786.3829892,107,0.9438,0.0562,closed,0.4226,42.26,0.3988,36.2,20.61,6.77,6.89,0.005,24.08,533.6,0.0051,0.0003,0.2123,0.2417,3,89.15,98.02,133.65,31,0.0339,200.24,62,0.0202
live_ep_000057_QUEUE_BACKUP,QUEUE_BACKUP,auth-service,python-simulator,16.5,1785988786.8833106,90,0.9798,0.0202,closed,0.2781,27.81,0.2899,9.01,26.92,3.54,4.66,0.0072,47.69,532.6,0.0,0.002,0.2476,0.2614,4,90.2,91.35,181.42,36,0.0839,226.12,72,0.0144
live_ep_000057_QUEUE_BACKUP,QUEUE_BACKUP,auth-service,python-simulator,17.0,1785988787.3837922,123,0.9337,0.0663,closed,0.2741,27.41,0.3838,8.04,17.55,2.83,2.0,0.0115,26.24,501.4,0.0064,0.0004,0.2289,0.2552,0,96.24,128.22,131.71,15,0.0466,193.97,30,0.0022
live_ep_000057_QUEUE_BACKUP,QUEUE_BACKUP,auth-service,python-simulator,17.5,1785988787.8842223,73,0.9765,0.0235,closed,0.2406,24.06,0.1931,12.91,17.38,2.36,8.49,0.0044,3.82,523.1,0.0047,0.0097,0.2705,0.2312,1,95.9,125.99,143.78,35,0.0114,186.52,70,0.0202
live_ep_000057_QUEUE_BACKUP,QUEUE_BACKUP,auth-service,python-simulator,18.0,1785988788.3843396,36,0.9877,0.0123,closed,0.3396,33.96,0.4817,5.86,23.3,4.88,7.82,0.0105,4.77,492.8,0.0043,0.0011,0.2492,0.1879,0,90.05,109.38,112.1,17,0.018,234.39,34,0.0097
live_ep_000057_QUEUE_BACKUP,QUEUE_BACKUP,auth-service,python-simulator,18.5,1785988788.8846586,105,0.941,0.059,closed,0.2477,24.77,0.4249,8.29,23.57,5.9,6.67,0.0015,2.0,527.0,0.0147,0.0035,0.2568,0.2546,3,100.23,116.2,133.69,26,0.0168,220.15,52,0.0047
live_ep_000057_QUEUE_BACKUP,QUEUE_BACKUP,auth-service,python-simulator,19.0,1785988789.3848794,89,0.8983,0.1017,closed,0.3117,31.17,0.4309,13.04,20.29,5.64,7.72,0.0022,3.78,530.9,0.0014,0.0035,0.2381,0.2882,2,94.91,125.79,167.94,35,0.0025,183.56,70,0.0084
live_ep_000057_QUEUE_BACKUP,QUEUE_BACKUP,auth-service,python-simulator,19.5,1785988789.885106,126,0.8881,0.1119,closed,0.3587,35.87,0.3559,10.43,20.89,8.53,6.89,0.0132,10.03,535.3,0.0015,0.0012,0.1925,0.255,1,92.65,103.52,158.68,33,0.0101,198.86,66,0.0097
live_ep_000057_QUEUE_BACKUP,QUEUE_BACKUP,auth-service,python-simulator,20.0,1785988790.385556,121,0.9601,0.0399,closed,0.2637,26.37,0.3181,7.5,15.13,6.34,6.73,0.0035,9.89,506.2,0.0,0.0091,0.2763,0.2688,2,101.31,103.58,108.5,35,0.006,180.56,70,0.0068
live_ep_000057_QUEUE_BACKUP,QUEUE_BACKUP,auth-service,python-simulator,20.5,1785988790.8856962,59,0.9881,0.0119,closed,0.3515,35.15,0.3929,13.1,21.14,3.49,7.17,0.0123,2.0,486.2,0.016,0.0041,0.3818,0.2234,2,94.69,115.82,118.76,28,0.0448,189.77,56,0.0024
live_ep_000057_QUEUE_BACKUP,QUEUE_BACKUP,auth-service,python-simulator,21.0,1785988791.3858423,65,0.9399,0.0601,closed,0.3715,37.15,0.3456,8.62,32.07,3.49,6.11,0.0128,2.0,507.3,0.0012,0.0035,0.3419,0.2747,3,94.76,122.45,135.63,26,0.0055,187.04,52,0.0007
live_ep_000057_QUEUE_BACKUP,QUEUE_BACKUP,auth-service,python-simulator,21.5,1785988791.886091,112,0.9434,0.0566,closed,0.3909,39.09,0.3636,8.55,15.93,6.36,9.06,0.0094,17.78,477.2,0.0071,0.0002,0.3064,0.1842,4,102.7,120.73,153.62,29,0.1,158.67,58,0.0022
live_ep_000057_QUEUE_BACKUP,QUEUE_BACKUP,auth-service,python-simulator,22.0,1785988792.3864698,116,0.954,0.046,closed,0.4763,47.63,0.4785,21.39,12.49,4.73,11.69,0.0162,4.44,509.9,0.0003,0.0006,0.3061,0.3036,1,110.3,114.11,147.84,46,0.0236,194.75,92,0.0033
live_ep_000057_QUEUE_BACKUP,QUEUE_BACKUP,auth-service,python-simulator,22.5,1785988792.8866756,117,0.9695,0.0305,closed,0.3502,35.02,0.3124,14.97,15.83,3.09,5.83,0.007,14.04,489.1,0.0032,0.0027,0.1795,0.2123,1,97.13,102.77,107.01,28,0.0073,193.32,56,0.0005
live_ep_000057_QUEUE_BACKUP,QUEUE_BACKUP,auth-service,python-simulator,23.0,1785988793.3872247,69,0.9677,0.0323,closed,0.38,38.0,0.2445,14.67,25.0,4.73,7.56,0.0078,14.1,498.1,0.0025,0.0023,0.2518,0.249,0,100.9,121.05,164.1,34,0.1,202.05,68,0.0159
live_ep_000057_QUEUE_BACKUP,QUEUE_BACKUP,auth-service,python-simulator,23.5,1785988793.887486,116,0.9145,0.0855,closed,0.3742,37.42,0.3566,11.1,9.88,5.31,5.27,0.005,19.65,535.4,0.0195,0.0082,0.3662,0.297,0,113.83,128.79,167.88,47,0.0374,180.99,94,0.0064
live_ep_000057_QUEUE_BACKUP,QUEUE_BACKUP,auth-service,python-simulator,24.0,1785988794.3876417,75,0.9602,0.0398,closed,0.267,26.7,0.3332,15.04,17.47,3.89,3.71,0.0047,2.18,513.2,0.0086,0.0009,0.2094,0.244,0,93.08,113.04,124.79,31,0.0272,199.27,62,0.01
live_ep_000057_QUEUE_BACKUP,QUEUE_BACKUP,auth-service,python-simulator,24.5,1785988794.8877995,38,0.9842,0.0158,closed,0.2747,27.47,0.3014,32.54,12.49,2.87,6.77,0.0022,2.83,513.9,0.0001,0.0,0.2979,0.2416,1,84.86,102.07,133.86,33,0.0594,234.99,66,0.0089
live_ep_000057_QUEUE_BACKUP,QUEUE_BACKUP,auth-service,python-simulator,25.0,1785988795.3882911,56,0.9183,0.0817,closed,0.3883,38.83,0.3389,19.51,23.05,7.64,7.42,0.0109,8.31,487.3,0.0015,0.0031,0.1938,0.2444,2,104.81,142.35,159.18,57,0.0101,203.57,114,0.0019
live_ep_000057_QUEUE_BACKUP,QUEUE_BACKUP,auth-service,python-simulator,25.5,1785988795.8887649,126,0.9257,0.0743,closed,0.4002,40.02,0.3827,17.11,22.81,4.73,6.72,0.0063,4.14,521.3,0.001,0.0009,0.181,0.1817,0,103.5,139.39,166.5,43,0.0094,181.76,86,0.0153
live_ep_000057_QUEUE_BACKUP,QUEUE_BACKUP,auth-service,python-simulator,26.0,1785988796.388869,115,0.99,0.01,closed,0.3812,38.12,0.4999,23.86,9.77,2.77,5.07,0.0022,2.23,503.2,0.009,0.005,0.2936,0.255,3,105.75,138.07,152.97,56,0.098,213.8,112,0.0003
live_ep_000057_QUEUE_BACKUP,QUEUE_BACKUP,auth-service,python-simulator,26.5,1785988796.8893018,97,0.88,0.12,closed,0.3044,30.44,0.3572,7.34,28.6,6.11,6.63,0.0233,24.12,507.5,0.0009,0.0,0.1903,0.2239,2,94.26,95.74,151.68,31,0.0013,208.14,62,0.0204
live_ep_000057_QUEUE_BACKUP,QUEUE_BACKUP,auth-service,python-simulator,27.0,1785988797.3894463,115,0.9849,0.0151,closed,0.3293,32.93,0.4042,8.38,14.99,4.64,4.82,0.0342,2.01,537.1,0.0279,0.0041,0.225,0.2698,1,110.65,119.76,168.8,37,0.0246,210.9,74,0.0043
live_ep_000057_QUEUE_BACKUP,QUEUE_BACKUP,auth-service,python-simulator,27.5,1785988797.8896074,105,0.9856,0.0144,closed,0.3455,34.55,0.3574,9.44,26.77,5.94,7.57,0.0152,8.18,505.0,0.0094,0.0023,0.1711,0.2972,3,93.71,93.84,129.53,35,0.0135,195.77,70,0.0099
live_ep_000057_QUEUE_BACKUP,QUEUE_BACKUP,auth-service,python-simulator,28.0,1785988798.3897798,122,0.99,0.01,closed,0.3537,35.37,0.4562,9.02,20.29,5.62,11.91,0.0027,28.58,513.6,0.0091,0.0003,0.1911,0.3122,3,104.89,126.88,153.72,38,0.0101,187.83,76,0.0014
live_ep_000057_QUEUE_BACKUP,QUEUE_BACKUP,auth-service,python-simulator,28.5,1785988798.8900766,111,0.9769,0.0231,closed,0.3273,32.73,0.4379,8.1,19.6,3.34,4.91,0.0064,11.13,522.6,0.0096,0.0011,0.159,0.268,0,93.01,101.89,143.14,38,0.013,192.41,76,0.0048
live_ep_000057_QUEUE_BACKUP,QUEUE_BACKUP,auth-service,python-simulator,29.0,1785988799.390531,139,0.9446,0.0554,closed,0.4158,41.58,0.3671,9.99,28.04,5.21,2.71,0.007,5.21,528.1,0.005,0.0039,0.2835,0.2404,0,93.92,107.92,119.34,40,0.0029,193.0,80,0.0016
live_ep_000057_QUEUE_BACKUP,QUEUE_BACKUP,auth-service,python-simulator,29.5,1785988799.891073,58,0.9326,0.0674,closed,0.4416,44.16,0.2795,23.79,16.75,12.77,3.47,0.0284,43.91,528.6,0.0141,0.003,0.2264,0.3087,4,106.57,133.32,156.78,48,0.0488,230.69,96,0.0264
live_ep_000057_QUEUE_BACKUP,QUEUE_BACKUP,auth-service,python-simulator,30.0,1785988800.3915682,78,0.9748,0.0252,closed,0.3592,35.92,0.2629,10.51,15.49,1.68,8.82,0.0046,9.56,480.7,0.0227,0.0003,0.2453,0.2328,2,119.74,138.1,152.55,46,0.0789,215.55,92,0.006
live_ep_000057_QUEUE_BACKUP,QUEUE_BACKUP,auth-service,python-simulator,30.5,1785988800.8920054,127,0.9674,0.0326,closed,0.3881,38.81,0.3562,19.14,19.4,3.51,3.07,0.0045,3.01,492.4,0.0023,0.0011,0.2798,0.2668,4,115.12,180.42,185.41,60,0.014,232.9,120,0.0015
live_ep_000057_QUEUE_BACKUP,QUEUE_BACKUP,auth-service,python-simulator,31.0,1785988801.3923523,56,0.99,0.01,closed,0.3201,32.01,0.4778,14.87,22.97,4.43,6.98,0.0122,10.63,485.2,0.0052,0.004,0.2535,0.2403,1,124.77,139.29,157.0,54,0.0445,195.9,108,0.0101
live_ep_000057_QUEUE_BACKUP,QUEUE_BACKUP,auth-service,python-simulator,31.5,1785988801.8924835,72,0.9274,0.0726,closed,0.4033,40.33,0.4005,33.61,26.02,12.03,7.32,0.0129,2.89,494.9,0.0042,0.0013,0.2802,0.2236,4,116.5,152.3,173.56,68,0.0088,197.05,136,0.0026
live_ep_000057_QUEUE_BACKUP,QUEUE_BACKUP,auth-service,python-simulator,32.0,1785988802.3929806,133,0.99,0.01,closed,0.279,27.9,0.385,17.39,16.1,7.34,7.93,0.0159,11.58,523.7,0.0126,0.003,0.2617,0.2453,3,107.28,121.8,197.44,61,0.0002,201.28,122,0.017
live_ep_000057_QUEUE_BACKUP,QUEUE_BACKUP,auth-service,python-simulator,32.5,1785988802.8932033,132,0.948,0.052,closed,0.3238,32.38,0.4641,11.48,22.4,9.81,5.2,0.0099,2.49,518.0,0.0049,0.0001,0.2398,0.246,2,100.41,159.75,165.88,52,0.0026,195.54,104,0.001
live_ep_000057_QUEUE_BACKUP,QUEUE_BACKUP,auth-service,python-simulator,33.0,1785988803.39331,137,0.99,0.01,closed,0.3658,36.58,0.3588,11.35,15.51,4.26,5.79,0.0094,12.49,506.8,0.0096,0.0001,0.2687,0.2578,2,106.58,138.22,164.58,46,0.004,208.89,92,0.0088
live_ep_000057_QUEUE_BACKUP,QUEUE_BACKUP,auth-service,python-simulator,33.5,1785988803.8933876,102,0.9172,0.0828,closed,0.354,35.4,0.4806,17.58,23.94,5.09,3.92,0.0041,8.11,500.0,0.0042,0.0007,0.2541,0.2437,3,97.88,106.79,170.2,59,0.0888,208.45,118,0.0016
live_ep_000057_QUEUE_BACKUP,QUEUE_BACKUP,auth-service,python-simulator,34.0,1785988804.3936064,93,0.9363,0.0637,closed,0.3547,35.47,0.4847,13.54,18.61,8.8,6.76,0.0056,3.11,523.5,0.0075,0.001,0.3293,0.3133,4,119.96,152.99,211.81,60,0.0012,207.5,120,0.0044
live_ep_000057_QUEUE_BACKUP,QUEUE_BACKUP,auth-service,python-simulator,34.5,1785988804.893896,138,0.981,0.019,closed,0.3908,39.08,0.4135,17.15,32.28,7.93,3.58,0.0063,16.4,520.3,0.0027,0.0006,0.2453,0.3136,0,122.81,129.25,194.02,68,0.0622,195.38,136,0.0061
live_ep_000057_QUEUE_BACKUP,QUEUE_BACKUP,auth-service,python-simulator,35.0,1785988805.3942354,79,0.9574,0.0426,closed,0.4019,40.19,0.5124,11.66,12.18,4.59,3.85,0.028,2.0,504.6,0.001,0.002,0.2545,0.2265,4,109.69,139.8,142.57,53,0.0387,201.97,106,0.0088
live_ep_000057_QUEUE_BACKUP,QUEUE_BACKUP,auth-service,python-simulator,35.5,1785988805.894884,55,0.9856,0.0144,closed,0.341,34.1,0.3419,20.16,14.02,4.55,5.95,0.0081,2.0,493.6,0.0012,0.0008,0.2319,0.2781,0,93.27,114.39,188.91,51,0.0023,214.62,102,0.0006
live_ep_000057_QUEUE_BACKUP,QUEUE_BACKUP,auth-service,python-simulator,36.0,1785988806.394996,77,0.9851,0.0149,closed,0.4049,40.49,0.4059,22.9,28.79,7.53,3.83,0.004,26.82,519.1,0.0005,0.0003,0.2474,0.3092,0,107.92,155.42,217.06,72,0.0081,177.44,144,0.0045
live_ep_000057_QUEUE_BACKUP,QUEUE_BACKUP,auth-service,python-simulator,36.5,1785988806.8951087,77,0.947,0.053,closed,0.327,32.7,0.3437,23.84,17.64,6.06,4.06,0.0046,17.31,495.5,0.0141,0.0004,0.2831,0.2746,1,110.89,118.02,147.08,64,0.0191,180.55,128,0.0103
live_ep_000057_QUEUE_BACKUP,QUEUE_BACKUP,auth-service,python-simulator,37.0,1785988807.3952744,70,0.9684,0.0316,closed,0.3343,33.43,0.4319,21.3,22.78,2.95,3.15,0.0044,23.78,520.4,0.0119,0.0007,0.2011,0.2329,3,115.11,169.2,232.01,64,0.0922,187.35,128,0.0157
live_ep_000057_QUEUE_BACKUP,QUEUE_BACKUP,auth-service,python-simulator,37.5,1785988807.8953874,73,0.9755,0.0245,closed,0.3106,31.06,0.5647,22.03,21.0,4.07,5.71,0.0073,6.04,521.6,0.0003,0.0,0.2263,0.2941,1,111.55,140.96,223.11,69,0.0425,200.68,138,0.0027
live_ep_000057_QUEUE_BACKUP,QUEUE_BACKUP,auth-service,python-simulator,38.0,1785988808.3959584,82,0.9505,0.0495,closed,0.3678,36.78,0.2377,14.39,14.85,4.11,11.62,0.0089,31.74,501.6,0.0087,0.0013,0.2744,0.1887,1,114.44,122.15,180.77,59,0.0289,199.55,118,0.0052
live_ep_000057_QUEUE_BACKUP,QUEUE_BACKUP,auth-service,python-simulator,38.5,1785988808.8960598,94,0.9573,0.0427,closed,0.3796,37.96,0.3918,37.83,24.34,2.93,3.39,0.011,2.41,529.5,0.0019,0.0007,0.2415,0.2475,1,119.11,132.78,204.5,79,0.0879,207.76,158,0.0013
live_ep_000057_QUEUE_BACKUP,QUEUE_BACKUP,auth-service,python-simulator,39.0,1785988809.3964636,63,0.9193,0.0807,closed,0.3261,32.61,0.2071,20.17,27.91,6.74,11.32,0.0017,2.0,506.4,0.0063,0.0008,0.192,0.2722,3,94.63,164.52,184.7,75,0.0955,206.73,150,0.0017
live_ep_000057_QUEUE_BACKUP,QUEUE_BACKUP,auth-service,python-simulator,39.5,1785988809.8967366,156,0.9836,0.0164,closed,0.3409,34.09,0.2685,21.41,20.93,4.57,10.62,0.0194,10.21,521.7,0.0072,0.0026,0.3233,0.2026,4,124.08,186.65,227.8,74,0.0083,181.82,148,0.0008
live_ep_000057_QUEUE_BACKUP,QUEUE_BACKUP,auth-service,python-simulator,40.0,1785988810.397079,118,0.9638,0.0362,closed,0.2904,29.04,0.3678,20.07,18.64,3.92,3.35,0.0014,12.95,525.1,0.0032,0.0009,0.2556,0.3495,0,117.11,151.52,160.17,59,0.0374,202.68,118,0.0001
live_ep_000057_QUEUE_BACKUP,QUEUE_BACKUP,auth-service,python-simulator,40.5,1785988810.8975797,90,0.9852,0.0148,closed,0.362,36.2,0.4461,24.57,16.12,4.49,2.56,0.0189,16.54,493.6,0.0051,0.0055,0.3742,0.2875,0,108.93,134.12,158.91,56,0.0163,205.04,112,0.0053
live_ep_000057_QUEUE_BACKUP,QUEUE_BACKUP,auth-service,python-simulator,41.0,1785988811.3981097,111,0.9455,0.0545,closed,0.2616,26.16,0.3515,17.83,15.54,3.26,6.18,0.009,7.38,496.7,0.018,0.0024,0.3158,0.2708,4,108.35,191.93,198.32,68,0.0344,193.11,136,0.0057
live_ep_000057_QUEUE_BACKUP,QUEUE_BACKUP,auth-service,python-simulator,41.5,1785988811.8984365,114,0.9651,0.0349,closed,0.3025,30.25,0.2572,12.81,19.25,2.93,3.83,0.0062,3.96,509.5,0.0031,0.0012,0.1955,0.2203,3,98.08,127.58,209.42,61,0.0109,214.35,122,0.0002
live_ep_000057_QUEUE_BACKUP,QUEUE_BACKUP,auth-service,python-simulator,42.0,1785988812.3987038,79,0.9838,0.0162,closed,0.3385,33.85,0.3636,20.5,19.74,6.68,5.9,0.0066,2.84,486.3,0.0053,0.0004,0.2792,0.2239,2,94.31,100.54,168.61,59,0.0134,153.22,118,0.0003
live_ep_000057_QUEUE_BACKUP,QUEUE_BACKUP,auth-service,python-simulator,42.5,1785988812.8990407,103,0.935,0.065,closed,0.2161,21.61,0.4316,16.62,16.89,5.16,7.12,0.0023,2.0,518.0,0.0071,0.0011,0.3131,0.2502,1,99.55,167.05,207.37,67,0.0485,203.54,134,0.0023
live_ep_000057_QUEUE_BACKUP,QUEUE_BACKUP,auth-service,python-simulator,43.0,1785988813.3992178,129,0.9067,0.0933,closed,0.3883,38.83,0.4948,19.77,20.16,2.99,5.72,0.011,7.15,486.2,0.0146,0.0009,0.2774,0.2339,2,109.8,111.64,195.49,66,0.0237,205.94,132,0.0018
live_ep_000057_QUEUE_BACKUP,QUEUE_BACKUP,auth-service,python-simulator,43.5,1785988813.8993576,128,0.9755,0.0245,closed,0.2657,26.57,0.4214,18.39,12.09,5.28,6.63,0.0056,28.23,485.7,0.0008,0.0013,0.3046,0.2373,2,112.08,137.61,226.1,87,0.0027,199.06,174,0.0033
live_ep_000057_QUEUE_BACKUP,QUEUE_BACKUP,auth-service,python-simulator,44.0,1785988814.3996613,80,0.9798,0.0202,closed,0.4007,40.07,0.3938,18.22,13.52,8.29,3.75,0.0215,56.31,543.5,0.0023,0.0046,0.2758,0.2409,0,111.22,119.62,235.37,77,0.003,194.39,154,0.0055
live_ep_000057_QUEUE_BACKUP,QUEUE_BACKUP,auth-service,python-simulator,44.5,1785988814.899783,141,0.9361,0.0639,closed,0.3969,39.69,0.3697,23.18,19.8,2.75,7.34,0.0146,2.0,506.3,0.0047,0.0008,0.2922,0.2584,3,115.78,158.3,216.19,88,0.0303,181.75,176,0.0077
live_ep_000057_QUEUE_BACKUP,QUEUE_BACKUP,auth-service,python-simulator,45.0,1785988815.400554,120,0.9359,0.0641,closed,0.3392,33.92,0.3776,21.03,18.56,3.72,6.11,0.0071,2.0,504.0,0.0008,0.0005,0.1348,0.2996,2,90.15,178.22,195.56,70,0.1,215.6,140,0.0024
live_ep_000057_QUEUE_BACKUP,QUEUE_BACKUP,auth-service,python-simulator,45.5,1785988815.900791,125,0.966,0.034,closed,0.4043,40.43,0.3092,21.33,10.03,5.03,5.06,0.0045,50.96,525.7,0.0022,0.0018,0.2795,0.2503,3,114.89,197.8,223.45,71,0.0272,181.74,142,0.0127
live_ep_000057_QUEUE_BACKUP,QUEUE_BACKUP,auth-service,python-simulator,46.0,1785988816.4013233,99,0.9431,0.0569,closed,0.3991,39.91,0.1192,15.5,14.85,4.8,4.9,0.0079,29.66,497.7,0.0012,0.0017,0.2588,0.2359,0,100.43,141.4,218.41,75,0.0177,245.2,150,0.005
live_ep_000057_QUEUE_BACKUP,QUEUE_BACKUP,auth-service,python-simulator,46.5,1785988816.9015884,127,0.928,0.072,closed,0.4133,41.33,0.3855,20.0,16.14,6.85,8.37,0.0258,2.0,522.3,0.0134,0.0005,0.2532,0.2363,3,115.87,176.14,206.78,91,0.0286,188.07,182,0.005
live_ep_000057_QUEUE_BACKUP,QUEUE_BACKUP,auth-service,python-simulator,47.0,1785988817.4017441,147,0.9303,0.0697,closed,0.308,30.8,0.3975,20.87,20.59,6.16,5.91,0.0039,10.64,498.6,0.0011,0.0017,0.3084,0.1937,3,123.41,141.29,192.86,78,0.0037,183.33,156,0.0082
live_ep_000057_QUEUE_BACKUP,QUEUE_BACKUP,auth-service,python-simulator,47.5,1785988817.9020712,132,0.9851,0.0149,closed,0.2477,24.77,0.1715,28.14,17.24,3.61,3.86,0.0205,12.6,505.3,0.0131,0.0001,0.1762,0.2156,0,125.76,134.1,227.1,89,0.0441,186.43,178,0.004
live_ep_000057_QUEUE_BACKUP,QUEUE_BACKUP,auth-service,python-simulator,48.0,1785988818.402603,130,0.99,0.01,closed,0.3681,36.81,0.2831,21.41,27.43,5.08,4.28,0.0008,2.0,509.9,0.0041,0.0011,0.1482,0.2537,3,123.67,153.04,229.58,86,0.0118,198.63,172,0.0036
live_ep_000057_QUEUE_BACKUP,QUEUE_BACKUP,auth-service,python-simulator,48.5,1785988818.9030967,136,0.9143,0.0857,closed,0.4182,41.82,0.3592,24.18,13.93,2.77,3.21,0.0079,51.74,517.7,0.0015,0.0032,0.2472,0.285,2,118.33,192.42,242.66,95,0.0024,208.08,190,0.0004
live_ep_000057_QUEUE_BACKUP,QUEUE_BACKUP,auth-service,python-simulator,49.0,1785988819.4033737,134,0.9317,0.0683,closed,0.3784,37.84,0.3008,24.13,19.15,2.46,10.6,0.0082,27.64,521.6,0.0028,0.0002,0.2302,0.2192,3,118.81,185.11,219.45,91,0.0328,219.93,182,0.0034
live_ep_000057_QUEUE_BACKUP,QUEUE_BACKUP,auth-service,python-simulator,49.5,1785988819.9038987,112,0.9609,0.0391,closed,0.4665,46.65,0.3604,15.1,20.43,2.12,6.25,0.0126,8.72,498.3,0.0001,0.0042,0.3026,0.2212,2,120.01,171.61,182.67,73,0.0417,214.6,146,0.0022
live_ep_000057_QUEUE_BACKUP,QUEUE_BACKUP,auth-service,python-simulator,50.0,1785988820.4043071,106,0.9756,0.0244,closed,0.3413,34.13,0.2153,21.05,12.88,1.73,8.37,0.0088,2.71,511.9,0.0044,0.0018,0.3496,0.2155,2,100.68,168.28,190.64,74,0.0035,189.86,148,0.007
live_ep_000057_QUEUE_BACKUP,QUEUE_BACKUP,auth-service,python-simulator,50.5,1785988820.9046025,105,0.9534,0.0466,closed,0.3659,36.59,0.1801,26.12,32.72,5.89,5.97,0.0025,13.99,515.8,0.0065,0.0002,0.3317,0.2402,0,124.83,238.82,263.77,95,0.0567,205.72,190,0.0008
live_ep_000057_QUEUE_BACKUP,QUEUE_BACKUP,auth-service,python-simulator,51.0,1785988821.4051397,126,0.8932,0.1068,closed,0.3215,32.15,0.2827,18.9,26.14,5.95,6.67,0.031,2.0,510.9,0.0019,0.0056,0.1887,0.2337,3,110.98,163.58,237.32,92,0.1,177.98,184,0.0071
live_ep_000057_QUEUE_BACKUP,QUEUE_BACKUP,auth-service,python-simulator,51.5,1785988821.9054666,97,0.9541,0.0459,closed,0.3384,33.84,0.3573,23.85,26.37,3.82,4.27,0.0083,39.51,528.2,0.0006,0.0025,0.2568,0.2967,0,111.12,186.73,199.87,91,0.0409,214.97,182,0.0053
live_ep_000057_QUEUE_BACKUP,QUEUE_BACKUP,auth-service,python-simulator,52.0,1785988822.4058785,59,0.88,0.12,closed,0.3884,38.84,0.3993,16.69,14.67,3.04,5.01,0.0138,21.49,521.1,0.0024,0.0006,0.2142,0.2196,1,106.06,114.12,212.58,79,0.0614,175.04,158,0.0004
live_ep_000057_QUEUE_BACKUP,QUEUE_BACKUP,auth-service,python-simulator,52.5,1785988822.906078,94,0.9736,0.0264,closed,0.4887,48.87,0.2607,22.08,10.06,5.99,4.1,0.0106,5.22,501.6,0.0097,0.0002,0.1682,0.2724,4,102.5,224.51,251.45,106,0.0965,201.57,212,0.0092
live_ep_000057_QUEUE_BACKUP,QUEUE_BACKUP,auth-service,python-simulator,53.0,1785988823.4066062,123,0.9818,0.0182,closed,0.4286,42.86,0.2403,35.83,23.36,5.91,8.05,0.0052,17.96,523.5,0.0047,0.0003,0.2863,0.2445,0,121.34,128.65,195.36,87,0.0387,182.63,174,0.0005
live_ep_000057_QUEUE_BACKUP,QUEUE_BACKUP,auth-service,python-simulator,53.5,1785988823.9073162,161,0.9482,0.0518,closed,0.3999,39.99,0.218,17.7,26.64,7.42,6.45,0.007,10.49,535.4,0.0097,0.0095,0.1461,0.2589,0,111.32,168.88,204.73,86,0.0517,170.19,172,0.0026
live_ep_000057_QUEUE_BACKUP,QUEUE_BACKUP,auth-service,python-simulator,54.0,1785988824.407394,133,0.9696,0.0304,closed,0.4326,43.26,0.265,18.86,21.21,8.46,11.32,0.0023,28.06,532.6,0.0018,0.0017,0.2187,0.2197,2,110.1,214.45,216.32,85,0.0202,229.51,170,0.0029
live_ep_000057_QUEUE_BACKUP,QUEUE_BACKUP,auth-service,python-simulator,54.5,1785988824.9076278,154,0.9571,0.0429,closed,0.3402,34.02,0.2985,32.21,15.88,4.22,6.8,0.0039,10.48,507.8,0.0015,0.0004,0.1627,0.2576,4,144.49,197.44,231.82,104,0.0951,162.11,208,0.0004
live_ep_000057_QUEUE_BACKUP,QUEUE_BACKUP,auth-service,python-simulator,55.0,1785988825.408014,150,0.99,0.01,closed,0.467,46.7,0.3371,32.75,38.05,4.37,5.53,0.0076,10.46,527.2,0.0061,0.0039,0.2105,0.253,0,107.14,154.01,257.89,111,0.0397,230.7,222,0.0013
live_ep_000057_QUEUE_BACKUP,QUEUE_BACKUP,auth-service,python-simulator,55.5,1785988825.9082806,116,0.99,0.01,closed,0.2857,28.57,0.4293,23.39,16.06,2.75,4.13,0.0005,2.0,527.8,0.0002,0.0093,0.2665,0.2331,0,115.41,144.47,268.55,106,0.0112,189.46,212,0.0067
live_ep_000057_QUEUE_BACKUP,QUEUE_BACKUP,auth-service,python-simulator,56.0,1785988826.4086306,149,0.955,0.045,closed,0.3228,32.28,0.1,22.75,14.5,3.78,6.64,0.009,2.71,519.4,0.0028,0.0011,0.4158,0.2461,0,128.28,154.02,260.96,106,0.1,197.51,212,0.0053
live_ep_000057_QUEUE_BACKUP,QUEUE_BACKUP,auth-service,python-simulator,56.5,1785988826.9089556,160,0.8934,0.1066,closed,0.4155,41.55,0.3602,23.17,20.21,2.72,2.73,0.0108,53.72,522.9,0.0097,0.0014,0.2027,0.2398,0,124.42,151.85,254.7,113,0.068,178.44,226,0.0004
live_ep_000057_QUEUE_BACKUP,QUEUE_BACKUP,auth-service,python-simulator,57.0,1785988827.4090607,132,0.9723,0.0277,closed,0.3339,33.39,0.5553,37.99,24.81,9.07,6.21,0.0067,9.01,522.6,0.0038,0.0019,0.2387,0.2724,4,110.25,185.28,277.46,113,0.0689,191.65,226,0.0046
live_ep_000057_QUEUE_BACKUP,QUEUE_BACKUP,auth-service,python-simulator,57.5,1785988827.9099863,83,0.9871,0.0129,closed,0.3557,35.57,0.4968,24.7,17.86,3.28,3.0,0.0053,4.06,507.7,0.015,0.002,0.2684,0.2542,2,136.9,249.0,279.33,114,0.0144,200.68,228,0.0003
live_ep_000057_QUEUE_BACKUP,QUEUE_BACKUP,auth-service,python-simulator,58.0,1785988828.4100876,104,0.99,0.01,closed,0.3199,31.99,0.4302,27.83,24.56,3.03,4.52,0.0035,21.16,499.9,0.003,0.0018,0.2632,0.2848,1,122.24,256.39,274.21,109,0.0266,177.15,218,0.0084
live_ep_000057_QUEUE_BACKUP,QUEUE_BACKUP,auth-service,python-simulator,58.5,1785988828.910329,117,0.9155,0.0845,closed,0.383,38.3,0.2468,21.27,11.81,4.82,4.77,0.0178,6.93,490.2,0.0064,0.0008,0.187,0.2542,3,133.86,202.54,252.03,103,0.0189,218.36,206,0.0004
live_ep_000057_QUEUE_BACKUP,QUEUE_BACKUP,auth-service,python-simulator,59.0,1785988829.4108183,164,0.9516,0.0484,closed,0.3113,31.13,0.3014,20.9,18.09,4.63,2.04,0.0075,18.45,511.8,0.0003,0.0032,0.1375,0.2667,4,123.62,201.1,260.38,102,0.1,202.29,204,0.0007
live_ep_000057_QUEUE_BACKUP,QUEUE_BACKUP,auth-service,python-simulator,59.5,1785988829.910987,105,0.88,0.12,closed,0.451,45.1,0.3427,34.29,14.4,5.46,9.38,0.0002,8.95,565.4,0.0025,0.0024,0.1808,0.2902,4,120.0,132.88,238.85,97,0.1,191.03,194,0.0007
live_ep_000058_QUEUE_BACKUP,QUEUE_BACKUP,auth-service,python-simulator,0.0,1785988830.4129293,89,0.9709,0.0291,closed,0.3281,32.81,0.3889,0.52,27.07,4.43,2.94,0.0223,2.22,499.4,0.0019,0.0004,0.31,0.245,1,84.07,107.21,122.51,2,0.0024,201.83,5,0.002
live_ep_000058_QUEUE_BACKUP,QUEUE_BACKUP,auth-service,python-simulator,0.5,1785988830.9133167,46,0.99,0.01,closed,0.3947,39.47,0.3826,1.24,20.85,2.68,6.58,0.0141,17.53,499.8,0.0022,0.0008,0.2829,0.2387,2,92.84,103.66,114.14,10,0.0139,183.78,7,0.0027
live_ep_000058_QUEUE_BACKUP,QUEUE_BACKUP,auth-service,python-simulator,1.0,1785988831.4140487,52,0.9229,0.0771,closed,0.3222,32.22,0.1914,9.01,16.83,4.43,5.67,0.0056,2.0,508.0,0.0033,0.0022,0.293,0.2218,4,94.9,97.31,122.05,2,0.0035,206.24,7,0.0001
live_ep_000058_QUEUE_BACKUP,QUEUE_BACKUP,auth-service,python-simulator,1.5,1785988831.9144175,29,0.9226,0.0774,closed,0.4113,41.13,0.349,5.83,26.9,6.43,5.86,0.014,9.15,534.5,0.005,0.0009,0.1082,0.2393,2,100.97,110.9,130.15,5,0.0502,215.57,12,0.0022
live_ep_000058_QUEUE_BACKUP,QUEUE_BACKUP,auth-service,python-simulator,2.0,1785988832.414592,71,0.99,0.01,closed,0.3183,31.83,0.4195,1.09,21.18,8.16,4.37,0.0091,11.39,500.7,0.0111,0.0005,0.339,0.2747,0,88.9,99.38,104.63,4,0.0478,240.49,2,0.0023
live_ep_000058_QUEUE_BACKUP,QUEUE_BACKUP,auth-service,python-simulator,2.5,1785988832.915002,72,0.9665,0.0335,closed,0.328,32.8,0.4179,15.54,33.46,2.53,6.63,0.0052,6.0,515.5,0.0096,0.0026,0.3241,0.2429,4,88.56,88.95,89.27,0,0.0354,231.75,0,0.0186
live_ep_000058_QUEUE_BACKUP,QUEUE_BACKUP,auth-service,python-simulator,3.0,1785988833.4154453,100,0.9177,0.0823,closed,0.3733,37.33,0.4038,2.1,15.32,3.64,4.94,0.0082,20.1,498.6,0.0071,0.0021,0.2462,0.2381,3,97.46,87.63,86.66,8,0.0728,214.44,16,0.0
live_ep_000058_QUEUE_BACKUP,QUEUE_BACKUP,auth-service,python-simulator,3.5,1785988833.9155293,86,0.99,0.01,closed,0.2912,29.12,0.1921,8.84,30.12,10.1,3.98,0.005,42.35,480.0,0.0003,0.0014,0.2216,0.2377,3,100.52,116.44,128.46,20,0.1,179.46,40,0.0016
live_ep_000058_QUEUE_BACKUP,QUEUE_BACKUP,auth-service,python-simulator,4.0,1785988834.4157326,110,0.99,0.01,closed,0.2828,28.28,0.3406,27.06,16.71,4.2,6.51,0.0052,7.44,556.1,0.0064,0.0002,0.2338,0.2878,0,80.0,103.04,122.69,6,0.0142,220.54,12,0.0011
live_ep_000058_QUEUE_BACKUP,QUEUE_BACKUP,auth-service,python-simulator,4.5,1785988834.9162407,111,0.9184,0.0816,closed,0.2233,22.33,0.4459,5.89,14.38,4.51,8.01,0.0021,15.65,494.2,0.0005,0.003,0.2816,0.2368,4,94.83,102.41,103.21,26,0.1,212.45,52,0.0067
live_ep_000058_QUEUE_BACKUP,QUEUE_BACKUP,auth-service,python-simulator,5.0,1785988835.4166195,120,0.88,0.12,closed,0.3508,35.08,0.5323,4.32,19.24,3.64,2.98,0.0217,22.45,483.7,0.0064,0.0065,0.2047,0.2284,2,80.0,80.84,94.52,6,0.0088,161.45,12,0.0057
live_ep_000058_QUEUE_BACKUP,QUEUE_BACKUP,auth-service,python-simulator,5.5,1785988835.9173706,111,0.9746,0.0254,closed,0.284,28.4,0.3197,5.32,12.25,3.76,10.5,0.0094,5.37,514.0,0.0147,0.0005,0.3095,0.2793,0,85.58,87.07,90.16,7,0.0074,189.3,14,0.0126
live_ep_000058_QUEUE_BACKUP,QUEUE_BACKUP,auth-service,python-simulator,6.0,1785988836.4178903,84,0.9635,0.0365,closed,0.3619,36.19,0.4225,15.22,16.53,3.18,5.3,0.0073,10.69,528.9,0.0054,0.003,0.2943,0.1995,0,108.99,112.14,114.85,14,0.0213,204.1,28,0.0009
live_ep_000058_QUEUE_BACKUP,QUEUE_BACKUP,auth-service,python-simulator,6.5,1785988836.9181406,113,0.9881,0.0119,closed,0.3837,38.37,0.4063,14.2,15.83,2.32,8.6,0.0074,3.07,525.3,0.0048,0.0014,0.2839,0.2339,2,83.73,124.53,129.7,31,0.0161,156.02,62,0.0004
live_ep_000058_QUEUE_BACKUP,QUEUE_BACKUP,auth-service,python-simulator,7.0,1785988837.4183545,126,0.99,0.01,closed,0.3456,34.56,0.2719,13.53,14.29,3.57,4.77,0.0039,14.1,489.8,0.0009,0.0018,0.214,0.2497,1,100.32,109.53,120.88,36,0.0821,155.88,72,0.0033
live_ep_000058_QUEUE_BACKUP,QUEUE_BACKUP,auth-service,python-simulator,7.5,1785988837.9188557,83,0.99,0.01,closed,0.3147,31.47,0.4003,8.01,18.06,4.57,5.84,0.0141,10.82,525.3,0.0013,0.0023,0.3056,0.2684,2,80.0,91.45,122.22,9,0.0446,239.08,18,0.0044
live_ep_000058_QUEUE_BACKUP,QUEUE_BACKUP,auth-service,python-simulator,8.0,1785988838.4192598,128,0.9832,0.0168,closed,0.317,31.7,0.295,16.31,26.34,7.14,10.83,0.0023,33.15,500.1,0.0042,0.0022,0.2464,0.2943,2,98.32,129.33,149.46,37,0.0393,198.54,74,0.015
live_ep_000058_QUEUE_BACKUP,QUEUE_BACKUP,auth-service,python-simulator,8.5,1785988838.919855,61,0.9297,0.0703,closed,0.3465,34.65,0.3685,8.52,9.45,5.55,10.57,0.0115,4.7,524.7,0.0041,0.0026,0.1245,0.2613,2,90.4,140.01,154.77,35,0.0138,189.79,70,0.0025
live_ep_000058_QUEUE_BACKUP,QUEUE_BACKUP,auth-service,python-simulator,9.0,1785988839.4201536,34,0.88,0.12,closed,0.3511,35.11,0.2828,6.03,23.12,4.51,3.89,0.0347,11.51,491.3,0.015,0.002,0.2892,0.218,3,85.26,92.16,114.37,24,0.0414,210.96,48,0.0121
live_ep_000058_QUEUE_BACKUP,QUEUE_BACKUP,auth-service,python-simulator,9.5,1785988839.9207108,73,0.99,0.01,closed,0.2975,29.75,0.4074,8.78,16.26,5.91,7.69,0.0077,3.11,517.2,0.0007,0.001,0.2098,0.2395,2,93.42,93.89,96.08,28,0.0078,204.31,56,0.0005
live_ep_000058_QUEUE_BACKUP,QUEUE_BACKUP,auth-service,python-simulator,10.0,1785988840.4210725,126,0.99,0.01,closed,0.3047,30.47,0.4571,19.88,24.4,2.36,11.35,0.0104,27.92,572.9,0.0004,0.0008,0.2487,0.2975,1,89.86,162.1,181.87,42,0.0081,208.17,84,0.0122
live_ep_000058_QUEUE_BACKUP,QUEUE_BACKUP,auth-service,python-simulator,10.5,1785988840.9216094,44,0.9678,0.0322,closed,0.3484,34.84,0.4051,13.76,25.12,4.63,4.29,0.0109,3.31,485.5,0.0007,0.0008,0.1057,0.2755,4,99.83,100.48,100.6,24,0.0207,181.86,48,0.0027
live_ep_000058_QUEUE_BACKUP,QUEUE_BACKUP,auth-service,python-simulator,11.0,1785988841.4221463,75,0.958,0.042,closed,0.2849,28.49,0.298,5.55,16.2,7.35,6.65,0.007,6.2,528.2,0.0014,0.0024,0.3069,0.2354,4,92.4,92.04,80.0,15,0.0353,207.02,30,0.0043
live_ep_000058_QUEUE_BACKUP,QUEUE_BACKUP,auth-service,python-simulator,11.5,1785988841.92257,116,0.88,0.12,closed,0.4824,48.24,0.1993,9.65,13.71,7.46,7.33,0.0091,7.74,503.1,0.0004,0.0039,0.2426,0.2017,0,99.2,104.07,120.31,27,0.0741,209.48,54,0.0008
live_ep_000058_QUEUE_BACKUP,QUEUE_BACKUP,auth-service,python-simulator,12.0,1785988842.4229698,117,0.99,0.01,closed,0.3355,33.55,0.2637,7.14,30.52,2.43,4.53,0.0089,6.86,488.0,0.0075,0.0004,0.1037,0.2129,0,88.92,119.86,124.54,30,0.0311,179.75,60,0.0021
live_ep_000058_QUEUE_BACKUP,QUEUE_BACKUP,auth-service,python-simulator,12.5,1785988842.9234762,51,0.9488,0.0512,closed,0.3448,34.48,0.3509,16.53,23.96,2.59,3.19,0.0147,13.43,485.0,0.0002,0.0009,0.2662,0.2197,1,103.63,121.57,142.86,41,0.0403,186.82,82,0.0014
live_ep_000058_QUEUE_BACKUP,QUEUE_BACKUP,auth-service,python-simulator,13.0,1785988843.4239037,140,0.9798,0.0202,closed,0.3291,32.91,0.3467,9.19,26.25,4.12,4.83,0.0024,10.85,494.5,0.0023,0.0017,0.2189,0.2275,3,102.28,111.5,142.71,42,0.008,230.25,84,0.0078
live_ep_000058_QUEUE_BACKUP,QUEUE_BACKUP,auth-service,python-simulator,13.5,1785988843.9244442,74,0.9798,0.0202,closed,0.4291,42.91,0.3336,9.05,20.44,9.26,5.19,0.0164,17.76,482.9,0.0101,0.0005,0.2563,0.2335,3,109.95,124.28,125.76,37,0.0051,191.38,74,0.0068
live_ep_000058_QUEUE_BACKUP,QUEUE_BACKUP,auth-service,python-simulator,14.0,1785988844.4247308,53,0.977,0.023,closed,0.3381,33.81,0.2387,7.98,25.63,2.66,9.72,0.0203,10.93,493.1,0.0036,0.0024,0.3244,0.2439,0,86.61,135.62,150.62,32,0.0253,210.02,64,0.0023
live_ep_000058_QUEUE_BACKUP,QUEUE_BACKUP,auth-service,python-simulator,14.5,1785988844.9251664,116,0.88,0.12,closed,0.2947,29.47,0.3341,12.2,20.7,3.02,6.12,0.0098,29.83,500.0,0.0032,0.0007,0.2276,0.1911,1,99.33,114.12,134.8,43,0.0092,218.98,86,0.0063
live_ep_000058_QUEUE_BACKUP,QUEUE_BACKUP,auth-service,python-simulator,15.0,1785988845.4255347,98,0.99,0.01,closed,0.3393,33.93,0.4571,14.59,17.22,7.38,2.66,0.0201,12.42,548.5,0.0018,0.0007,0.3436,0.232,2,94.62,134.97,180.77,51,0.0149,206.15,102,0.0043
live_ep_000058_QUEUE_BACKUP,QUEUE_BACKUP,auth-service,python-simulator,15.5,1785988845.925888,100,0.99,0.01,closed,0.3397,33.97,0.3567,5.1,24.54,7.41,5.83,0.0049,11.77,507.9,0.0002,0.0002,0.228,0.2508,1,102.3,109.82,111.72,23,0.0566,181.61,46,0.0038
live_ep_000058_QUEUE_BACKUP,QUEUE_BACKUP,auth-service,python-simulator,16.0,1785988846.4264472,69,0.88,0.12,closed,0.343,34.3,0.4015,8.7,18.95,8.94,7.45,0.0145,3.46,465.7,0.0023,0.0019,0.2994,0.2244,4,88.15,132.12,173.75,41,0.0745,192.85,82,0.0075
live_ep_000058_QUEUE_BACKUP,QUEUE_BACKUP,auth-service,python-simulator,16.5,1785988846.9270217,94,0.9084,0.0916,closed,0.2941,29.41,0.2894,18.01,13.92,5.36,5.03,0.011,23.25,513.6,0.002,0.0022,0.2689,0.2687,2,106.34,118.53,138.07,37,0.0736,181.09,74,0.0082
live_ep_000058_QUEUE_BACKUP,QUEUE_BACKUP,auth-service,python-simulator,17.0,1785988847.4271853,77,0.9491,0.0509,closed,0.4066,40.66,0.2298,14.58,24.22,4.9,4.35,0.0061,9.51,519.4,0.0006,0.0003,0.2087,0.2815,4,106.72,145.13,187.4,51,0.0516,210.03,102,0.0014
live_ep_000058_QUEUE_BACKUP,QUEUE_BACKUP,auth-service,python-simulator,17.5,1785988847.927754,77,0.9647,0.0353,closed,0.3605,36.05,0.4652,9.02,19.91,5.38,10.35,0.0025,15.12,516.4,0.0077,0.0004,0.3054,0.2922,2,94.51,120.58,162.59,39,0.0491,199.39,78,0.0052
live_ep_000058_QUEUE_BACKUP,QUEUE_BACKUP,auth-service,python-simulator,18.0,1785988848.4279282,131,0.9809,0.0191,closed,0.404,40.4,0.3054,14.73,13.42,3.99,7.86,0.0083,34.46,513.6,0.0004,0.0051,0.2369,0.2442,4,98.49,129.4,187.42,44,0.0342,197.52,88,0.0131
live_ep_000058_QUEUE_BACKUP,QUEUE_BACKUP,auth-service,python-simulator,18.5,1785988848.9280972,47,0.99,0.01,closed,0.3677,36.77,0.454,9.92,15.35,4.24,6.47,0.0183,2.0,511.8,0.0014,0.0016,0.2571,0.2223,2,84.93,135.77,146.58,31,0.024,225.63,62,0.0014
live_ep_000058_QUEUE_BACKUP,QUEUE_BACKUP,auth-service,python-simulator,19.0,1785988849.4286723,58,0.9011,0.0989,closed,0.4045,40.45,0.4627,15.93,31.08,2.43,6.38,0.0055,15.36,511.3,0.0043,0.0038,0.1856,0.2584,1,99.35,111.98,144.54,36,0.0457,188.92,72,0.0038
live_ep_000058_QUEUE_BACKUP,QUEUE_BACKUP,auth-service,python-simulator,19.5,1785988849.9291127,100,0.9525,0.0475,closed,0.3864,38.64,0.3698,20.87,17.49,2.41,7.93,0.0203,2.0,535.8,0.0054,0.0003,0.2498,0.2628,2,94.15,184.94,189.94,41,0.0225,199.14,82,0.0178
live_ep_000058_QUEUE_BACKUP,QUEUE_BACKUP,auth-service,python-simulator,20.0,1785988850.4291909,116,0.88,0.12,closed,0.3644,36.44,0.2997,12.64,10.8,2.36,5.36,0.0235,18.57,498.8,0.0164,0.0036,0.4264,0.2396,0,110.89,144.54,150.74,37,0.1,187.0,74,0.0019
live_ep_000058_QUEUE_BACKUP,QUEUE_BACKUP,auth-service,python-simulator,20.5,1785988850.9293382,114,0.9754,0.0246,closed,0.3747,37.47,0.5079,16.71,16.87,8.6,13.37,0.027,23.2,540.7,0.0026,0.0005,0.3646,0.276,2,86.24,100.53,120.07,49,0.0392,227.24,98,0.0027
live_ep_000058_QUEUE_BACKUP,QUEUE_BACKUP,auth-service,python-simulator,21.0,1785988851.429838,60,0.9172,0.0828,closed,0.3014,30.14,0.3706,16.5,19.08,5.6,5.37,0.0033,29.66,493.2,0.0004,0.0057,0.2469,0.2281,3,117.39,171.77,186.24,53,0.0206,204.66,106,0.0243
live_ep_000058_QUEUE_BACKUP,QUEUE_BACKUP,auth-service,python-simulator,21.5,1785988851.930109,132,0.9798,0.0202,closed,0.3258,32.58,0.3469,10.41,33.35,3.41,6.41,0.0064,7.95,521.5,0.0019,0.001,0.2144,0.2575,2,88.82,137.72,139.0,35,0.0028,205.06,70,0.002
live_ep_000058_QUEUE_BACKUP,QUEUE_BACKUP,auth-service,python-simulator,22.0,1785988852.4302838,95,0.9729,0.0271,closed,0.3478,34.78,0.4003,22.11,16.9,7.89,8.9,0.043,26.88,538.2,0.0202,0.0001,0.2648,0.3326,4,104.88,140.97,157.35,56,0.0003,206.87,112,0.0036
live_ep_000058_QUEUE_BACKUP,QUEUE_BACKUP,auth-service,python-simulator,22.5,1785988852.930852,125,0.88,0.12,closed,0.4653,46.53,0.2399,18.65,23.8,6.74,6.27,0.0052,15.35,513.5,0.0102,0.0059,0.1524,0.2622,0,97.9,118.82,139.08,58,0.0225,214.6,116,0.0002
live_ep_000058_QUEUE_BACKUP,QUEUE_BACKUP,auth-service,python-simulator,23.0,1785988853.4313338,42,0.9733,0.0267,closed,0.3566,35.66,0.4169,11.47,17.57,9.86,12.51,0.0136,2.0,535.9,0.0063,0.0038,0.2645,0.2624,0,104.01,104.17,107.44,45,0.0682,229.38,90,0.0063
live_ep_000058_QUEUE_BACKUP,QUEUE_BACKUP,auth-service,python-simulator,23.5,1785988853.931494,145,0.9649,0.0351,closed,0.3296,32.96,0.3538,14.25,28.95,4.98,11.26,0.0033,14.65,500.5,0.0122,0.003,0.1652,0.27,3,111.0,166.36,188.79,65,0.0016,180.53,130,0.0023
live_ep_000058_QUEUE_BACKUP,QUEUE_BACKUP,auth-service,python-simulator,24.0,1785988854.4318671,97,0.8843,0.1157,closed,0.3428,34.28,0.4283,9.7,20.95,3.86,5.12,0.0108,33.8,506.9,0.0029,0.0004,0.1309,0.3019,2,99.41,167.57,192.33,46,0.0189,237.34,92,0.0007
live_ep_000058_QUEUE_BACKUP,QUEUE_BACKUP,auth-service,python-simulator,24.5,1785988854.9323118,115,0.99,0.01,closed,0.3906,39.06,0.2838,17.41,14.74,5.01,5.43,0.0283,6.34,506.5,0.0271,0.0002,0.2896,0.2506,2,103.12,168.68,189.35,58,0.0083,233.01,116,0.0003
live_ep_000058_QUEUE_BACKUP,QUEUE_BACKUP,auth-service,python-simulator,25.0,1785988855.432663,117,0.8836,0.1164,closed,0.4355,43.55,0.208,19.07,23.2,4.55,2.0,0.0033,12.37,574.6,0.0061,0.0002,0.1805,0.2579,4,98.37,147.85,156.61,51,0.0374,206.35,102,0.0028
live_ep_000058_QUEUE_BACKUP,QUEUE_BACKUP,auth-service,python-simulator,25.5,1785988855.9330943,63,0.99,0.01,closed,0.4097,40.97,0.2879,14.99,20.2,11.63,4.88,0.003,2.76,499.4,0.0,0.0007,0.1839,0.2935,1,94.6,181.51,188.33,68,0.037,208.4,136,0.0001
live_ep_000058_QUEUE_BACKUP,QUEUE_BACKUP,auth-service,python-simulator,26.0,1785988856.4336658,137,0.9326,0.0674,closed,0.3308,33.08,0.3179,17.41,16.28,7.21,10.09,0.008,3.94,540.6,0.0099,0.0002,0.2826,0.296,0,118.67,137.89,160.02,42,0.0307,243.05,84,0.0005
live_ep_000058_QUEUE_BACKUP,QUEUE_BACKUP,auth-service,python-simulator,26.5,1785988856.934034,71,0.9893,0.0107,closed,0.3682,36.82,0.4153,10.18,23.03,2.97,7.13,0.0128,21.12,546.6,0.0014,0.0013,0.374,0.2761,0,112.93,137.48,164.56,46,0.0287,210.54,92,0.0004
live_ep_000058_QUEUE_BACKUP,QUEUE_BACKUP,auth-service,python-simulator,27.0,1785988857.434168,50,0.9624,0.0376,closed,0.33,33.0,0.4785,11.21,13.59,3.67,7.69,0.0024,36.75,473.1,0.0012,0.0003,0.3736,0.2356,0,102.76,114.2,156.13,47,0.0067,222.72,94,0.0001
live_ep_000058_QUEUE_BACKUP,QUEUE_BACKUP,auth-service,python-simulator,27.5,1785988857.934267,78,0.9034,0.0966,closed,0.361,36.1,0.3097,12.08,14.54,4.8,8.62,0.0138,2.0,526.3,0.0032,0.0004,0.2829,0.2982,3,107.37,129.69,167.19,55,0.0785,197.88,110,0.0002
live_ep_000058_QUEUE_BACKUP,QUEUE_BACKUP,auth-service,python-simulator,28.0,1785988858.4348228,130,0.9582,0.0418,closed,0.3769,37.69,0.4159,17.04,22.78,7.31,4.44,0.0058,17.58,526.1,0.0066,0.0002,0.1795,0.2537,1,114.34,129.13,173.29,65,0.0133,193.68,130,0.0007
live_ep_000058_QUEUE_BACKUP,QUEUE_BACKUP,auth-service,python-simulator,28.5,1785988858.9352067,136,0.9756,0.0244,closed,0.407,40.7,0.3869,14.27,13.86,2.41,2.6,0.0037,21.33,544.6,0.0001,0.0,0.2578,0.2668,3,112.46,165.62,204.14,51,0.1,214.68,102,0.0009
live_ep_000058_QUEUE_BACKUP,QUEUE_BACKUP,auth-service,python-simulator,29.0,1785988859.435381,113,0.9006,0.0994,closed,0.2868,28.68,0.247,15.3,18.85,7.3,8.41,0.0058,29.81,521.4,0.0116,0.0031,0.3138,0.242,0,121.24,197.42,201.51,74,0.0105,201.99,148,0.0017
live_ep_000058_QUEUE_BACKUP,QUEUE_BACKUP,auth-service,python-simulator,29.5,1785988859.9355807,119,0.8856,0.1144,closed,0.2918,29.18,0.2809,16.97,18.22,2.67,3.64,0.0048,14.88,509.1,0.0029,0.0006,0.268,0.241,3,98.23,123.65,171.58,56,0.061,204.28,112,0.0019
live_ep_000058_QUEUE_BACKUP,QUEUE_BACKUP,auth-service,python-simulator,30.0,1785988860.4361253,131,0.99,0.01,closed,0.3035,30.35,0.3888,16.39,13.49,5.33,6.16,0.0252,28.63,578.7,0.0068,0.0024,0.3349,0.2326,3,112.94,135.0,178.03,69,0.0368,214.33,138,0.0009
live_ep_000058_QUEUE_BACKUP,QUEUE_BACKUP,auth-service,python-simulator,30.5,1785988860.9369795,105,0.9639,0.0361,closed,0.3231,32.31,0.4186,17.29,20.03,4.88,3.28,0.0169,12.91,522.5,0.0018,0.0001,0.1464,0.256,1,114.79,192.77,207.57,75,0.0125,161.87,150,0.0039
live_ep_000058_QUEUE_BACKUP,QUEUE_BACKUP,auth-service,python-simulator,31.0,1785988861.4374273,52,0.99,0.01,closed,0.3225,32.25,0.5068,13.21,36.85,5.39,10.63,0.0198,16.39,508.6,0.0011,0.0004,0.2676,0.2712,1,87.55,154.79,190.68,58,0.0313,213.03,116,0.0047
live_ep_000058_QUEUE_BACKUP,QUEUE_BACKUP,auth-service,python-simulator,31.5,1785988861.9379582,113,0.932,0.068,closed,0.3395,33.95,0.3409,13.5,21.33,3.78,12.18,0.0049,2.0,505.9,0.0047,0.0018,0.1898,0.1978,0,108.84,153.14,168.39,65,0.0123,226.09,130,0.0011
live_ep_000058_QUEUE_BACKUP,QUEUE_BACKUP,auth-service,python-simulator,32.0,1785988862.4381032,95,0.99,0.01,closed,0.2802,28.02,0.4563,18.63,27.56,4.72,12.63,0.0206,10.21,530.8,0.0,0.0002,0.2123,0.2926,4,108.0,121.0,168.95,78,0.0772,194.4,156,0.0019
live_ep_000058_QUEUE_BACKUP,QUEUE_BACKUP,auth-service,python-simulator,32.5,1785988862.9381902,111,0.9171,0.0829,closed,0.3431,34.31,0.4097,19.75,17.97,5.22,7.26,0.0125,17.81,510.1,0.0095,0.001,0.1621,0.2119,1,110.22,124.8,202.7,69,0.002,202.73,138,0.0003
live_ep_000058_QUEUE_BACKUP,QUEUE_BACKUP,auth-service,python-simulator,33.0,1785988863.438751,102,0.99,0.01,closed,0.3377,33.77,0.378,24.47,18.96,8.97,9.91,0.011,13.79,510.1,0.0084,0.004,0.2704,0.308,0,119.79,161.4,237.01,83,0.0064,199.31,166,0.0071
live_ep_000058_QUEUE_BACKUP,QUEUE_BACKUP,auth-service,python-simulator,33.5,1785988863.9390986,72,0.9384,0.0616,closed,0.3584,35.84,0.2955,19.65,19.25,5.41,6.15,0.0077,22.84,508.1,0.0035,0.0012,0.1665,0.2906,4,103.8,120.57,205.42,65,0.0154,230.55,130,0.0049
live_ep_000058_QUEUE_BACKUP,QUEUE_BACKUP,auth-service,python-simulator,34.0,1785988864.439203,71,0.99,0.01,closed,0.3997,39.97,0.2508,18.73,16.57,3.21,11.95,0.0163,4.64,462.7,0.0037,0.0017,0.2936,0.243,2,100.75,147.66,161.71,64,0.0241,196.62,128,0.0203
live_ep_000058_QUEUE_BACKUP,QUEUE_BACKUP,auth-service,python-simulator,34.5,1785988864.939543,125,0.9603,0.0397,closed,0.2997,29.97,0.2553,17.35,9.43,6.13,3.76,0.0029,8.85,533.5,0.0101,0.0038,0.1956,0.2637,2,111.16,173.78,205.22,77,0.0462,186.06,154,0.0048
live_ep_000058_QUEUE_BACKUP,QUEUE_BACKUP,auth-service,python-simulator,35.0,1785988865.4399402,124,0.938,0.062,closed,0.2472,24.72,0.387,21.29,26.44,8.0,7.02,0.0063,10.69,523.0,0.0034,0.0015,0.2353,0.223,3,116.25,147.58,219.99,78,0.1,194.01,156,0.0005
live_ep_000058_QUEUE_BACKUP,QUEUE_BACKUP,auth-service,python-simulator,35.5,1785988865.9402652,139,0.9385,0.0615,closed,0.379,37.9,0.383,22.24,26.51,4.73,9.3,0.0077,26.84,513.1,0.0009,0.0037,0.2845,0.3006,0,100.13,166.58,211.62,82,0.0042,210.47,164,0.0025
live_ep_000058_QUEUE_BACKUP,QUEUE_BACKUP,auth-service,python-simulator,36.0,1785988866.440801,103,0.9845,0.0155,closed,0.2809,28.09,0.3145,16.23,25.01,3.67,7.57,0.0074,40.28,491.7,0.0013,0.0013,0.1827,0.1978,4,107.64,139.32,191.62,75,0.1,186.31,150,0.0106
live_ep_000058_QUEUE_BACKUP,QUEUE_BACKUP,auth-service,python-simulator,36.5,1785988866.941691,152,0.9216,0.0784,closed,0.3049,30.49,0.2686,18.81,23.06,2.48,3.96,0.0052,4.49,488.7,0.0012,0.0025,0.1492,0.2638,1,123.36,160.44,172.11,70,0.0404,202.33,140,0.0102
live_ep_000058_QUEUE_BACKUP,QUEUE_BACKUP,auth-service,python-simulator,37.0,1785988867.4421613,109,0.99,0.01,closed,0.4373,43.73,0.3934,18.22,15.85,2.85,2.82,0.0031,18.11,543.7,0.0088,0.001,0.2941,0.2343,4,114.7,201.84,242.84,83,0.0032,183.08,166,0.0063
live_ep_000058_QUEUE_BACKUP,QUEUE_BACKUP,auth-service,python-simulator,37.5,1785988867.9422977,77,0.9535,0.0465,closed,0.2721,27.21,0.3147,18.7,18.75,5.76,7.81,0.0084,8.57,505.0,0.0015,0.0048,0.241,0.1963,0,110.29,116.06,212.76,78,0.0117,178.01,156,0.0028
live_ep_000058_QUEUE_BACKUP,QUEUE_BACKUP,auth-service,python-simulator,38.0,1785988868.4423757,80,0.959,0.041,closed,0.4004,40.04,0.4257,16.73,15.48,3.54,4.02,0.0037,15.94,495.3,0.0029,0.0023,0.2111,0.2053,3,106.48,163.68,171.08,68,0.1,189.15,136,0.0001
live_ep_000058_QUEUE_BACKUP,QUEUE_BACKUP,auth-service,python-simulator,38.5,1785988868.9427254,67,0.9355,0.0645,closed,0.3755,37.55,0.3948,18.75,17.47,3.47,7.11,0.0031,2.17,509.2,0.0086,0.0012,0.1768,0.2237,0,106.95,147.43,189.5,71,0.1,224.42,142,0.0166
live_ep_000058_QUEUE_BACKUP,QUEUE_BACKUP,auth-service,python-simulator,39.0,1785988869.4431398,120,0.99,0.01,closed,0.3887,38.87,0.3563,21.75,25.73,5.27,6.51,0.0057,10.08,513.7,0.0012,0.0001,0.2724,0.2383,1,117.19,184.65,192.6,74,0.0093,180.35,148,0.0014
live_ep_000058_QUEUE_BACKUP,QUEUE_BACKUP,auth-service,python-simulator,39.5,1785988869.943237,130,0.9533,0.0467,closed,0.3131,31.31,0.4535,21.34,13.46,8.78,4.75,0.0111,34.97,505.8,0.0125,0.0002,0.3168,0.2413,3,123.63,197.88,227.05,92,0.0338,212.83,184,0.0013
live_ep_000058_QUEUE_BACKUP,QUEUE_BACKUP,auth-service,python-simulator,40.0,1785988870.4436069,151,0.9526,0.0474,closed,0.4027,40.27,0.5167,21.75,14.7,4.9,8.16,0.0111,3.41,535.6,0.0024,0.0029,0.2098,0.2795,4,129.54,229.63,244.81,94,0.0393,214.67,188,0.0001
live_ep_000058_QUEUE_BACKUP,QUEUE_BACKUP,auth-service,python-simulator,40.5,1785988870.9441943,109,0.9861,0.0139,closed,0.3092,30.92,0.3798,24.0,23.56,3.96,7.68,0.0097,22.13,490.0,0.0029,0.001,0.2036,0.2636,2,122.28,208.05,237.25,95,0.035,210.93,190,0.0004
live_ep_000058_QUEUE_BACKUP,QUEUE_BACKUP,auth-service,python-simulator,41.0,1785988871.444675,120,0.9833,0.0167,closed,0.3985,39.85,0.3001,24.74,27.4,2.37,6.68,0.0037,2.0,496.6,0.0211,0.0021,0.3649,0.2422,1,119.71,124.46,254.84,90,0.0101,177.16,180,0.0127
live_ep_000058_QUEUE_BACKUP,QUEUE_BACKUP,auth-service,python-simulator,41.5,1785988871.9450614,134,0.9876,0.0124,closed,0.3485,34.85,0.3702,23.18,17.18,4.79,8.37,0.0115,2.0,523.6,0.0002,0.0004,0.3127,0.2636,4,102.72,157.69,194.72,87,0.0892,199.07,174,0.0032
live_ep_000058_QUEUE_BACKUP,QUEUE_BACKUP,auth-service,python-simulator,42.0,1785988872.44586,73,0.9569,0.0431,closed,0.4039,40.39,0.453,19.56,16.13,7.79,9.5,0.0155,2.0,535.8,0.002,0.0003,0.1077,0.2153,3,107.62,114.94,220.62,85,0.0182,201.85,170,0.0106
live_ep_000058_QUEUE_BACKUP,QUEUE_BACKUP,auth-service,python-simulator,42.5,1785988872.9469545,136,0.8984,0.1016,closed,0.3953,39.53,0.2817,21.83,18.58,4.73,6.12,0.0089,60.0,517.3,0.0082,0.0004,0.198,0.3224,0,119.54,192.69,215.02,77,0.0023,165.46,154,0.0039
live_ep_000058_QUEUE_BACKUP,QUEUE_BACKUP,auth-service,python-simulator,43.0,1785988873.4471717,81,0.99,0.01,closed,0.3713,37.13,0.3641,17.5,24.42,6.52,4.67,0.0013,11.87,558.5,0.0038,0.0003,0.1125,0.2735,2,113.98,139.3,196.79,85,0.0898,183.32,170,0.0129
live_ep_000058_QUEUE_BACKUP,QUEUE_BACKUP,auth-service,python-simulator,43.5,1785988873.9473035,119,0.9832,0.0168,closed,0.3286,32.86,0.4604,31.88,22.85,5.41,7.12,0.0044,60.0,520.5,0.0002,0.0059,0.2211,0.2343,4,110.38,119.53,232.13,99,0.0027,185.53,198,0.0083
live_ep_000058_QUEUE_BACKUP,QUEUE_BACKUP,auth-service,python-simulator,44.0,1785988874.448192,101,0.99,0.01,closed,0.3946,39.46,0.3372,15.7,23.02,7.35,6.07,0.0142,9.65,497.5,0.0071,0.0008,0.2964,0.2178,2,129.97,199.78,217.27,76,0.0039,180.34,152,0.0029
live_ep_000058_QUEUE_BACKUP,QUEUE_BACKUP,auth-service,python-simulator,44.5,1785988874.9487906,91,0.938,0.062,closed,0.3036,30.36,0.3717,27.89,16.95,2.45,12.82,0.0038,2.35,490.9,0.0019,0.0045,0.2526,0.2277,2,114.4,182.66,236.04,93,0.0067,193.68,186,0.0068
live_ep_000058_QUEUE_BACKUP,QUEUE_BACKUP,auth-service,python-simulator,45.0,1785988875.4493344,153,0.99,0.01,closed,0.4432,44.32,0.3109,23.44,24.56,5.43,9.69,0.0104,3.67,523.0,0.0009,0.0039,0.1767,0.3007,3,129.97,200.59,223.02,91,0.0224,212.29,182,0.0019
live_ep_000058_QUEUE_BACKUP,QUEUE_BACKUP,auth-service,python-simulator,45.5,1785988875.9499567,123,0.9092,0.0908,closed,0.4238,42.38,0.2688,21.11,15.73,2.87,7.6,0.0087,25.85,517.0,0.0051,0.0036,0.2459,0.2092,0,139.57,162.29,218.63,101,0.0108,185.42,202,0.0017
live_ep_000058_QUEUE_BACKUP,QUEUE_BACKUP,auth-service,python-simulator,46.0,1785988876.4500833,169,0.99,0.01,closed,0.2449,24.49,0.4377,29.81,17.82,4.94,3.66,0.0155,3.11,508.9,0.0029,0.0059,0.1645,0.2514,3,118.84,141.16,222.16,100,0.0278,242.24,200,0.0109
live_ep_000058_QUEUE_BACKUP,QUEUE_BACKUP,auth-service,python-simulator,46.5,1785988876.95021,112,0.9009,0.0991,closed,0.3448,34.48,0.2855,35.86,30.69,3.49,8.05,0.009,3.71,519.3,0.001,0.0052,0.2013,0.3087,3,118.39,165.64,213.04,95,0.0226,192.34,190,0.0131
live_ep_000058_QUEUE_BACKUP,QUEUE_BACKUP,auth-service,python-simulator,47.0,1785988877.4508057,93,0.99,0.01,closed,0.2338,23.38,0.3499,35.82,37.65,6.18,6.33,0.0047,7.2,503.9,0.0002,0.0023,0.2057,0.2622,2,124.81,194.37,241.44,93,0.0384,216.77,186,0.0033
live_ep_000058_QUEUE_BACKUP,QUEUE_BACKUP,auth-service,python-simulator,47.5,1785988877.9510033,84,0.9216,0.0784,closed,0.3694,36.94,0.3619,26.5,21.31,5.95,7.78,0.0064,2.82,530.4,0.0022,0.0011,0.2654,0.2658,3,122.6,180.61,239.38,98,0.0916,193.56,196,0.0068
live_ep_000058_QUEUE_BACKUP,QUEUE_BACKUP,auth-service,python-simulator,48.0,1785988878.4514537,96,0.8875,0.1125,closed,0.3189,31.89,0.4252,17.7,26.88,3.28,6.88,0.0163,42.74,522.1,0.0003,0.0028,0.2246,0.2776,1,101.69,155.98,156.33,86,0.0634,170.74,172,0.0083
live_ep_000058_QUEUE_BACKUP,QUEUE_BACKUP,auth-service,python-simulator,48.5,1785988878.9517841,132,0.99,0.01,closed,0.285,28.5,0.3915,22.7,19.46,9.9,4.15,0.0061,20.21,526.7,0.0013,0.0011,0.2178,0.247,2,107.69,159.38,272.29,111,0.0163,187.21,222,0.0014
live_ep_000058_QUEUE_BACKUP,QUEUE_BACKUP,auth-service,python-simulator,49.0,1785988879.4519377,78,0.9348,0.0652,closed,0.3797,37.97,0.4263,23.5,29.06,4.78,7.18,0.0055,11.32,551.2,0.0182,0.0004,0.3563,0.3227,3,121.15,195.28,233.48,111,0.1,196.72,222,0.0087
live_ep_000058_QUEUE_BACKUP,QUEUE_BACKUP,auth-service,python-simulator,49.5,1785988879.9527946,146,0.9246,0.0754,closed,0.3031,30.31,0.4121,20.19,22.68,3.14,4.86,0.0064,25.21,486.6,0.0021,0.0036,0.1943,0.2262,4,120.67,148.54,230.13,86,0.0981,185.6,172,0.0003
live_ep_000058_QUEUE_BACKUP,QUEUE_BACKUP,auth-service,python-simulator,50.0,1785988880.4528587,102,0.9615,0.0385,closed,0.359,35.9,0.3813,21.68,29.65,5.87,8.5,0.0063,2.83,523.9,0.0079,0.0042,0.1753,0.3088,1,121.15,158.66,185.49,90,0.0111,190.97,180,0.017
live_ep_000058_QUEUE_BACKUP,QUEUE_BACKUP,auth-service,python-simulator,50.5,1785988880.953458,112,0.9898,0.0102,closed,0.3794,37.94,0.3602,22.92,14.86,2.76,3.43,0.0058,6.21,506.6,0.0118,0.0008,0.2767,0.2468,1,128.06,246.81,268.92,106,0.0042,225.49,212,0.0107
live_ep_000058_QUEUE_BACKUP,QUEUE_BACKUP,auth-service,python-simulator,51.0,1785988881.4540179,84,0.9438,0.0562,closed,0.4142,41.42,0.1807,27.48,31.44,4.27,6.11,0.0113,55.59,554.1,0.0001,0.0022,0.2103,0.25,3,126.38,160.1,274.37,114,0.0502,196.35,228,0.0
live_ep_000058_QUEUE_BACKUP,QUEUE_BACKUP,auth-service,python-simulator,51.5,1785988881.954358,140,0.9582,0.0418,closed,0.4427,44.27,0.3169,26.83,10.54,5.28,10.21,0.0127,9.92,530.4,0.0049,0.0019,0.265,0.3196,4,127.5,185.09,242.11,93,0.0136,221.21,186,0.0006
live_ep_000058_QUEUE_BACKUP,QUEUE_BACKUP,auth-service,python-simulator,52.0,1785988882.454683,148,0.9803,0.0197,closed,0.3284,32.84,0.2525,22.11,17.95,4.93,5.54,0.0032,7.2,497.4,0.0072,0.0003,0.1718,0.2736,3,121.25,162.1,249.45,95,0.0823,206.54,190,0.0012
live_ep_000058_QUEUE_BACKUP,QUEUE_BACKUP,auth-service,python-simulator,52.5,1785988882.9548998,113,0.9269,0.0731,closed,0.3383,33.83,0.3751,24.38,15.96,4.49,10.62,0.0066,13.55,498.6,0.0023,0.0041,0.3123,0.2031,0,132.7,244.9,251.31,112,0.0043,183.01,224,0.0123
live_ep_000058_QUEUE_BACKUP,QUEUE_BACKUP,auth-service,python-simulator,53.0,1785988883.4553185,100,0.954,0.046,closed,0.3751,37.51,0.4228,24.39,18.6,5.2,4.8,0.0104,8.41,500.3,0.004,0.0021,0.137,0.1897,4,118.15,122.86,196.31,92,0.0536,176.34,184,0.0008
live_ep_000058_QUEUE_BACKUP,QUEUE_BACKUP,auth-service,python-simulator,53.5,1785988883.955538,157,0.9019,0.0981,closed,0.3011,30.11,0.4546,20.61,41.01,3.13,5.45,0.0059,13.62,513.5,0.0031,0.0015,0.2898,0.2726,0,115.32,179.5,236.31,93,0.0276,208.97,186,0.0031
live_ep_000058_QUEUE_BACKUP,QUEUE_BACKUP,auth-service,python-simulator,54.0,1785988884.4556093,146,0.9399,0.0601,closed,0.3494,34.94,0.2716,20.45,16.6,10.55,3.73,0.0288,2.0,506.5,0.0069,0.0055,0.3001,0.2786,4,115.51,216.8,225.15,95,0.1,176.85,190,0.001
live_ep_000058_QUEUE_BACKUP,QUEUE_BACKUP,auth-service,python-simulator,54.5,1785988884.9561439,119,0.9836,0.0164,closed,0.3212,32.12,0.4719,24.1,13.21,2.78,5.79,0.0121,9.72,508.7,0.0054,0.0041,0.2784,0.2495,4,134.25,221.17,225.92,117,0.0298,212.77,234,0.0007
live_ep_000058_QUEUE_BACKUP,QUEUE_BACKUP,auth-service,python-simulator,55.0,1785988885.4567094,89,0.88,0.12,closed,0.4704,47.04,0.2911,26.03,31.32,3.92,5.78,0.0072,3.62,510.2,0.0019,0.0003,0.2959,0.2271,4,141.0,257.15,289.72,120,0.0418,214.5,240,0.0009
live_ep_000058_QUEUE_BACKUP,QUEUE_BACKUP,auth-service,python-simulator,55.5,1785988885.957046,166,0.99,0.01,closed,0.3526,35.26,0.3299,23.34,37.07,3.47,8.1,0.0039,9.19,504.5,0.0034,0.0049,0.2084,0.2276,0,113.89,295.99,298.85,111,0.0642,195.81,222,0.005
live_ep_000058_QUEUE_BACKUP,QUEUE_BACKUP,auth-service,python-simulator,56.0,1785988886.457738,161,0.9134,0.0866,closed,0.313,31.3,0.4068,29.32,19.66,2.63,4.13,0.0037,5.15,497.7,0.0012,0.0012,0.282,0.2493,1,129.2,238.73,258.84,124,0.0308,207.61,248,0.0066
live_ep_000058_QUEUE_BACKUP,QUEUE_BACKUP,auth-service,python-simulator,56.5,1785988886.9580078,79,0.99,0.01,closed,0.4317,43.17,0.4956,30.08,24.04,5.14,7.7,0.0189,19.67,498.9,0.0028,0.0043,0.1347,0.2526,0,121.27,133.58,238.26,114,0.0292,197.24,228,0.005
live_ep_000058_QUEUE_BACKUP,QUEUE_BACKUP,auth-service,python-simulator,57.0,1785988887.4585528,76,0.9632,0.0368,closed,0.3793,37.93,0.2395,24.59,14.61,2.17,5.39,0.0141,30.16,462.8,0.0017,0.0029,0.1924,0.2218,3,108.66,176.12,214.46,110,0.0236,182.83,220,0.0028
live_ep_000058_QUEUE_BACKUP,QUEUE_BACKUP,auth-service,python-simulator,57.5,1785988887.958757,162,0.9086,0.0914,closed,0.3491,34.91,0.3866,29.29,20.55,6.74,6.88,0.0018,5.85,528.1,0.0009,0.0014,0.3097,0.2833,0,128.61,169.12,257.85,124,0.0124,215.32,248,0.0005
live_ep_000058_QUEUE_BACKUP,QUEUE_BACKUP,auth-service,python-simulator,58.0,1785988888.4594333,101,0.99,0.01,closed,0.3681,36.81,0.331,23.77,12.02,1.86,3.06,0.006,10.21,504.8,0.0012,0.0001,0.1989,0.244,1,133.76,137.9,244.5,102,0.0065,218.96,204,0.0099
live_ep_000058_QUEUE_BACKUP,QUEUE_BACKUP,auth-service,python-simulator,58.5,1785988888.9598935,166,0.99,0.01,closed,0.286,28.6,0.2197,26.52,19.26,3.38,5.72,0.0135,4.91,541.1,0.0016,0.0002,0.2478,0.2707,4,123.57,123.9,249.75,118,0.005,181.92,236,0.0099
live_ep_000058_QUEUE_BACKUP,QUEUE_BACKUP,auth-service,python-simulator,59.0,1785988889.4603493,171,0.973,0.027,closed,0.3757,37.57,0.408,36.29,19.26,8.98,4.39,0.0076,16.1,512.5,0.0108,0.0003,0.2462,0.2654,2,112.4,115.26,297.02,126,0.0028,184.12,252,0.0072
live_ep_000058_QUEUE_BACKUP,QUEUE_BACKUP,auth-service,python-simulator,59.5,1785988889.960583,102,0.949,0.051,closed,0.3096,30.96,0.2342,30.71,14.73,4.99,5.52,0.008,4.5,509.3,0.0017,0.0002,0.2677,0.2399,4,115.2,196.18,261.57,118,0.0704,201.24,236,0.0009
live_ep_000059_RETRY_STORM,RETRY_STORM,inventory-service,python-simulator,0.0,1785988890.4625144,103,0.9016,0.0984,closed,0.3957,39.57,0.4016,12.65,19.03,7.08,5.7,0.0024,2.0,523.9,0.0148,0.0008,0.234,0.213,2,88.52,109.58,111.65,4,0.0135,179.64,12,0.003
live_ep_000059_RETRY_STORM,RETRY_STORM,inventory-service,python-simulator,0.5,1785988890.9628499,84,0.9744,0.0256,closed,0.6079,60.79,0.6485,15.46,31.2,4.69,4.19,0.0672,19.66,514.6,0.0051,0.028,0.199,0.2606,7,85.09,153.4,175.88,64,0.6184,571.03,57,0.0311
live_ep_000059_RETRY_STORM,RETRY_STORM,inventory-service,python-simulator,1.0,1785988891.4630842,80,0.9465,0.0535,closed,0.5394,53.94,0.5792,15.6,38.01,6.44,4.79,0.0696,9.93,499.6,0.002,0.0214,0.3238,0.222,6,85.69,216.76,232.02,81,0.6523,591.38,59,0.0416
live_ep_000059_RETRY_STORM,RETRY_STORM,inventory-service,python-simulator,1.5,1785988891.963338,184,0.9671,0.0329,closed,0.5824,58.24,0.6591,16.55,35.0,3.56,30.0,0.0811,10.55,508.3,0.0004,0.026,0.2023,0.2873,8,78.1,162.86,197.33,83,0.6501,590.04,59,0.0326
live_ep_000059_RETRY_STORM,RETRY_STORM,inventory-service,python-simulator,2.0,1785988892.4654698,131,0.9786,0.0214,closed,0.5598,55.98,0.5717,12.27,35.65,2.8,7.26,0.0625,31.93,523.5,0.0111,0.0188,0.2933,0.2829,8,77.95,93.99,178.36,68,0.5813,548.78,54,0.0299
live_ep_000059_RETRY_STORM,RETRY_STORM,inventory-service,python-simulator,2.5,1785988892.966006,133,0.99,0.01,closed,0.5506,55.06,0.3779,15.94,43.89,5.31,5.23,0.0957,2.88,525.8,0.0132,0.0289,0.358,0.2367,7,93.65,134.24,221.34,65,0.6536,592.15,59,0.0464
live_ep_000059_RETRY_STORM,RETRY_STORM,inventory-service,python-simulator,3.0,1785988893.4665158,107,0.9872,0.0128,closed,0.4417,44.17,0.5123,22.47,38.02,1.91,5.89,0.0579,26.44,516.0,0.0089,0.0182,0.2551,0.2336,8,94.6,145.23,191.13,47,0.4796,487.76,48,0.0244
live_ep_000059_RETRY_STORM,RETRY_STORM,inventory-service,python-simulator,3.5,1785988893.9668465,215,0.99,0.01,closed,0.5576,55.76,0.6555,16.27,32.87,10.1,4.1,0.0792,60.0,492.1,0.0046,0.0242,0.2426,0.2217,7,91.15,98.98,192.18,77,0.725,635.01,63,0.0484
live_ep_000059_RETRY_STORM,RETRY_STORM,inventory-service,python-simulator,4.0,1785988894.4672709,128,0.9594,0.0406,closed,0.5262,52.62,0.5458,27.8,27.25,2.57,5.32,0.0817,60.0,527.4,0.0208,0.0255,0.2824,0.2062,8,84.31,147.55,205.85,87,0.7615,656.88,65,0.0424
live_ep_000059_RETRY_STORM,RETRY_STORM,inventory-service,python-simulator,4.5,1785988894.967561,211,0.9877,0.0123,closed,0.5876,58.76,0.675,17.37,31.56,2.85,11.16,0.0808,2.0,569.3,0.0117,0.0251,0.2202,0.213,10,89.02,191.73,235.43,88,0.745,647.01,64,0.0428
live_ep_000059_RETRY_STORM,RETRY_STORM,inventory-service,python-simulator,5.0,1785988895.467857,95,0.99,0.01,closed,0.5038,50.38,0.6503,19.24,27.84,8.03,7.1,0.0681,5.37,498.3,0.0011,0.0206,0.3182,0.2682,6,85.17,117.14,154.09,74,0.6385,583.08,58,0.0375
live_ep_000059_RETRY_STORM,RETRY_STORM,inventory-service,python-simulator,5.5,1785988895.9681294,308,0.9066,0.0934,closed,0.5917,59.17,0.8013,18.08,31.93,5.97,7.72,0.1031,22.07,514.0,0.0031,0.0318,0.1769,0.2037,10,87.7,117.9,258.21,97,0.879,727.43,72,0.0446
live_ep_000059_RETRY_STORM,RETRY_STORM,inventory-service,python-simulator,6.0,1785988896.4683392,112,0.8908,0.1092,closed,0.5462,54.62,0.5451,17.86,35.93,3.16,9.63,0.0595,18.05,482.5,0.0023,0.0195,0.3393,0.2377,7,107.31,179.41,230.71,66,0.5631,537.86,53,0.0302
live_ep_000059_RETRY_STORM,RETRY_STORM,inventory-service,python-simulator,6.5,1785988896.9704854,202,0.99,0.01,closed,0.5666,56.66,0.575,21.98,37.09,4.61,16.78,0.0742,2.0,552.7,0.0109,0.0237,0.2171,0.2625,10,78.92,156.61,197.35,76,0.6774,606.46,60,0.0361
live_ep_000059_RETRY_STORM,RETRY_STORM,inventory-service,python-simulator,7.0,1785988897.4710512,201,0.9892,0.0108,closed,0.5234,52.34,0.6192,13.77,44.53,4.39,6.67,0.077,16.48,510.1,0.0001,0.0313,0.3404,0.243,8,95.04,102.64,196.42,69,0.5976,558.55,55,0.0338
live_ep_000059_RETRY_STORM,RETRY_STORM,inventory-service,python-simulator,7.5,1785988897.9715748,178,0.9638,0.0362,closed,0.5355,53.55,0.6225,18.78,47.31,3.79,6.54,0.0686,29.32,495.5,0.0001,0.0208,0.3407,0.3187,10,99.81,176.62,184.91,79,0.6004,560.26,56,0.0351
live_ep_000059_RETRY_STORM,RETRY_STORM,inventory-service,python-simulator,8.0,1785988898.4717817,84,0.9414,0.0586,closed,0.5736,57.36,0.7784,18.99,47.96,4.72,11.31,0.0978,20.54,492.0,0.003,0.0303,0.2703,0.2821,10,71.5,243.55,252.26,79,0.7361,641.68,64,0.0418
live_ep_000059_RETRY_STORM,RETRY_STORM,inventory-service,python-simulator,8.5,1785988898.9719508,190,0.9651,0.0349,closed,0.4499,44.99,0.5229,18.36,41.1,6.24,8.05,0.0795,31.16,522.4,0.0036,0.0258,0.1892,0.2507,10,98.03,101.97,164.96,76,0.6202,572.1,57,0.0347
live_ep_000059_RETRY_STORM,RETRY_STORM,inventory-service,python-simulator,9.0,1785988899.472228,55,0.9695,0.0305,closed,0.5071,50.71,0.7739,26.49,27.48,1.94,7.42,0.0668,24.36,536.0,0.009,0.0227,0.1197,0.2715,9,99.23,111.82,191.5,67,0.6113,566.81,56,0.031
live_ep_000059_RETRY_STORM,RETRY_STORM,inventory-service,python-simulator,9.5,1785988899.9723237,136,0.8871,0.1129,closed,0.5242,52.42,0.7373,26.71,53.22,3.59,9.97,0.0749,2.0,529.2,0.0001,0.0253,0.1733,0.2459,11,104.32,172.23,258.47,84,0.7391,643.49,64,0.0458
live_ep_000059_RETRY_STORM,RETRY_STORM,inventory-service,python-simulator,10.0,1785988900.4725897,48,0.9825,0.0175,closed,0.5281,52.81,0.6473,19.48,34.66,6.86,3.06,0.0655,28.36,495.2,0.0008,0.0232,0.2274,0.239,7,87.84,166.76,214.54,66,0.6015,560.89,56,0.0444
live_ep_000059_RETRY_STORM,RETRY_STORM,inventory-service,python-simulator,10.5,1785988900.9727411,226,0.9816,0.0184,closed,0.5443,54.43,0.497,14.08,29.85,3.77,2.98,0.0794,32.72,521.2,0.0018,0.0241,0.168,0.3415,8,96.61,114.67,267.21,77,0.6788,607.27,60,0.0369
live_ep_000059_RETRY_STORM,RETRY_STORM,inventory-service,python-simulator,11.0,1785988901.472828,83,0.9717,0.0283,closed,0.6275,62.75,0.6776,17.19,45.39,3.67,3.85,0.1005,60.0,507.4,0.0003,0.035,0.2694,0.2527,8,103.57,226.28,254.68,81,0.7601,656.08,65,0.051
live_ep_000059_RETRY_STORM,RETRY_STORM,inventory-service,python-simulator,11.5,1785988901.9732168,190,0.9803,0.0197,closed,0.4871,48.71,0.5568,10.81,32.81,3.53,7.78,0.0637,7.15,525.6,0.0025,0.0198,0.1532,0.2687,8,86.18,86.93,161.96,62,0.5004,500.22,50,0.0271
live_ep_000059_RETRY_STORM,RETRY_STORM,inventory-service,python-simulator,12.0,1785988902.4734204,266,0.9368,0.0632,closed,0.4609,46.09,0.7579,29.32,29.73,7.26,6.24,0.0796,34.41,517.4,0.001,0.0246,0.1718,0.2669,8,88.88,91.94,191.64,73,0.6778,606.69,60,0.0409
live_ep_000059_RETRY_STORM,RETRY_STORM,inventory-service,python-simulator,12.5,1785988902.9763365,187,0.931,0.069,closed,0.4987,49.87,0.4459,16.65,41.7,3.99,11.55,0.0867,9.24,517.3,0.0011,0.0276,0.2538,0.2591,8,89.94,152.54,267.37,85,0.6705,602.29,60,0.0456
live_ep_000059_RETRY_STORM,RETRY_STORM,inventory-service,python-simulator,13.0,1785988903.476853,61,0.9265,0.0735,closed,0.5442,54.42,0.5759,14.97,42.3,5.71,2.6,0.0745,2.55,495.1,0.0041,0.0243,0.2295,0.2757,7,99.29,105.91,177.12,56,0.5531,531.85,53,0.0279
live_ep_000059_RETRY_STORM,RETRY_STORM,inventory-service,python-simulator,13.5,1785988903.9772112,253,0.9454,0.0546,closed,0.5082,50.82,0.6345,15.89,28.89,6.11,5.89,0.105,5.4,462.1,0.0054,0.0317,0.2712,0.2112,7,85.19,100.54,209.81,80,0.7062,623.74,62,0.042
live_ep_000059_RETRY_STORM,RETRY_STORM,inventory-service,python-simulator,14.0,1785988904.478268,136,0.99,0.01,closed,0.5655,56.55,0.5678,13.02,25.09,4.07,5.58,0.0624,31.04,523.0,0.0007,0.0206,0.3203,0.2425,5,64.35,155.39,208.8,67,0.4901,494.07,49,0.0313
live_ep_000059_RETRY_STORM,RETRY_STORM,inventory-service,python-simulator,14.5,1785988904.9787543,204,0.9823,0.0177,closed,0.4699,46.99,0.4984,12.98,37.16,5.96,7.66,0.0735,3.12,561.4,0.0009,0.0221,0.3087,0.2792,9,82.8,113.01,227.21,66,0.6242,574.51,57,0.0377
live_ep_000059_RETRY_STORM,RETRY_STORM,inventory-service,python-simulator,15.0,1785988905.4789429,95,0.99,0.01,closed,0.4911,49.11,0.5072,13.89,40.91,2.93,7.32,0.0783,21.64,474.9,0.0078,0.0251,0.1352,0.2131,8,83.64,94.73,192.64,71,0.6694,601.63,60,0.0341
live_ep_000059_RETRY_STORM,RETRY_STORM,inventory-service,python-simulator,15.5,1785988905.97914,100,0.99,0.01,closed,0.4998,49.98,0.6497,14.54,20.0,2.9,5.55,0.0627,31.19,488.7,0.0007,0.0198,0.2911,0.2799,5,92.15,133.09,140.89,58,0.5432,525.93,52,0.029
live_ep_000059_RETRY_STORM,RETRY_STORM,inventory-service,python-simulator,16.0,1785988906.47936,329,0.9652,0.0348,closed,0.5604,56.04,0.595,18.53,81.58,5.83,8.8,0.0899,4.93,488.7,0.0035,0.0281,0.2893,0.2022,9,98.15,142.89,299.73,102,0.8862,731.7,73,0.0461
live_ep_000059_RETRY_STORM,RETRY_STORM,inventory-service,python-simulator,16.5,1785988906.9797657,234,0.9469,0.0531,closed,0.5367,53.67,0.6391,24.0,47.13,3.77,18.96,0.0732,60.0,493.0,0.0002,0.0226,0.1871,0.2351,9,86.88,175.13,221.37,78,0.6731,603.88,60,0.0374
live_ep_000059_RETRY_STORM,RETRY_STORM,inventory-service,python-simulator,17.0,1785988907.4801054,210,0.965,0.035,closed,0.4944,49.44,0.5385,17.58,20.0,3.92,7.71,0.0754,15.73,498.6,0.0045,0.0257,0.2978,0.266,5,93.18,148.52,192.44,71,0.5502,530.1,53,0.0335
live_ep_000059_RETRY_STORM,RETRY_STORM,inventory-service,python-simulator,17.5,1785988907.9803047,79,0.9642,0.0358,closed,0.5634,56.34,0.629,20.08,34.29,7.85,7.7,0.0727,19.19,557.4,0.0063,0.0218,0.2508,0.2517,6,95.54,123.26,192.35,73,0.6727,603.59,60,0.0338
live_ep_000059_RETRY_STORM,RETRY_STORM,inventory-service,python-simulator,18.0,1785988908.480449,88,0.9811,0.0189,closed,0.5926,59.26,0.7911,20.62,26.94,4.18,4.32,0.0866,10.74,545.7,0.0061,0.0262,0.2603,0.2366,11,95.5,108.81,258.84,87,0.8477,708.61,70,0.0436
live_ep_000059_RETRY_STORM,RETRY_STORM,inventory-service,python-simulator,18.5,1785988908.9808097,190,0.9747,0.0253,closed,0.5598,55.98,0.5545,21.73,25.11,5.9,4.4,0.0635,35.73,494.3,0.0022,0.0209,0.2549,0.2217,6,84.9,149.29,187.13,71,0.6219,573.13,57,0.0383
live_ep_000059_RETRY_STORM,RETRY_STORM,inventory-service,python-simulator,19.0,1785988909.4813483,52,0.957,0.043,closed,0.4737,47.37,0.635,14.81,20.0,2.57,7.22,0.0445,12.39,525.0,0.0183,0.0221,0.1583,0.2834,7,91.15,113.54,172.09,40,0.4026,441.56,44,0.0339
live_ep_000059_RETRY_STORM,RETRY_STORM,inventory-service,python-simulator,19.5,1785988909.9822145,145,0.9506,0.0494,closed,0.5161,51.61,0.6257,16.06,49.23,6.31,4.7,0.0706,6.81,536.6,0.006,0.0227,0.1627,0.2462,7,86.63,110.49,181.36,72,0.6017,561.04,56,0.0349
live_ep_000059_RETRY_STORM,RETRY_STORM,inventory-service,python-simulator,20.0,1785988910.4827526,48,0.8988,0.1012,closed,0.5023,50.23,0.533,12.44,52.6,7.1,6.35,0.0677,6.62,493.6,0.0006,0.0209,0.2323,0.2483,9,91.48,172.85,235.04,70,0.5969,558.13,55,0.0415
live_ep_000059_RETRY_STORM,RETRY_STORM,inventory-service,python-simulator,20.5,1785988910.9830434,123,0.99,0.01,closed,0.5628,56.28,0.7449,12.86,26.28,3.52,5.26,0.077,14.31,491.6,0.0053,0.0237,0.2958,0.2677,7,83.28,114.67,185.24,59,0.5817,549.03,54,0.0408
live_ep_000059_RETRY_STORM,RETRY_STORM,inventory-service,python-simulator,21.0,1785988911.4837594,68,0.933,0.067,closed,0.5608,56.08,0.5935,17.31,23.86,3.36,6.62,0.0817,14.82,555.7,0.0081,0.0295,0.2329,0.2261,10,93.42,94.49,263.21,90,0.7304,638.22,63,0.0369
live_ep_000059_RETRY_STORM,RETRY_STORM,inventory-service,python-simulator,21.5,1785988911.984124,46,0.99,0.01,closed,0.5347,53.47,0.6759,13.89,42.82,3.1,6.88,0.0678,33.08,522.1,0.0065,0.0217,0.3444,0.2806,6,89.83,135.94,183.71,84,0.6696,601.77,60,0.0335
live_ep_000059_RETRY_STORM,RETRY_STORM,inventory-service,python-simulator,22.0,1785988912.4846883,144,0.9728,0.0272,closed,0.5593,55.93,0.677,19.14,41.29,6.42,6.65,0.0658,5.96,506.3,0.0041,0.02,0.2383,0.2417,8,89.54,101.53,211.35,69,0.5938,556.28,55,0.0335
live_ep_000059_RETRY_STORM,RETRY_STORM,inventory-service,python-simulator,22.5,1785988912.9852047,98,0.88,0.12,closed,0.5005,50.05,0.5882,16.3,27.62,5.05,9.55,0.0818,2.0,551.0,0.0028,0.0266,0.2789,0.3258,10,95.05,145.27,245.13,89,0.7068,624.06,62,0.0493
live_ep_000059_RETRY_STORM,RETRY_STORM,inventory-service,python-simulator,23.0,1785988913.4859333,190,0.9898,0.0102,closed,0.6494,64.94,0.6421,22.87,32.74,3.33,5.47,0.0826,2.0,480.5,0.0117,0.0336,0.2431,0.238,9,96.25,192.69,291.95,91,0.7876,672.54,67,0.0458
live_ep_000059_RETRY_STORM,RETRY_STORM,inventory-service,python-simulator,23.5,1785988913.9863057,173,0.88,0.12,closed,0.5849,58.49,0.6104,18.67,30.28,4.45,7.22,0.0823,15.16,544.0,0.0047,0.0253,0.2203,0.2201,9,76.03,148.77,245.86,89,0.7183,631.01,63,0.0396
live_ep_000059_RETRY_STORM,RETRY_STORM,inventory-service,python-simulator,24.0,1785988914.4865265,193,0.944,0.056,closed,0.5157,51.57,0.61,16.53,22.37,5.11,7.79,0.0716,3.76,526.4,0.0012,0.0223,0.2335,0.2362,8,95.9,146.81,254.93,70,0.6945,616.69,61,0.0367
live_ep_000059_RETRY_STORM,RETRY_STORM,inventory-service,python-simulator,24.5,1785988914.9870057,185,0.9223,0.0777,closed,0.4857,48.57,0.6957,13.16,20.0,5.64,5.41,0.07,6.14,521.3,0.0056,0.0221,0.2161,0.2627,9,94.41,151.44,177.65,72,0.633,579.79,57,0.0366
live_ep_000059_RETRY_STORM,RETRY_STORM,inventory-service,python-simulator,25.0,1785988915.4875307,221,0.9545,0.0455,closed,0.5387,53.87,0.5398,15.77,25.61,4.75,3.5,0.0766,6.61,545.4,0.0024,0.0233,0.2353,0.2615,10,96.19,219.5,254.0,88,0.6921,615.25,61,0.0406
live_ep_000059_RETRY_STORM,RETRY_STORM,inventory-service,python-simulator,25.5,1785988915.9881485,172,0.9527,0.0473,closed,0.6425,64.25,0.5592,14.3,33.36,6.15,8.83,0.0726,3.55,514.1,0.0018,0.0267,0.3087,0.2085,6,87.31,105.31,248.62,83,0.6834,610.05,61,0.0385
live_ep_000059_RETRY_STORM,RETRY_STORM,inventory-service,python-simulator,26.0,1785988916.4887152,100,0.9356,0.0644,closed,0.4893,48.93,0.7757,15.29,87.1,4.78,8.7,0.0671,16.09,521.6,0.0043,0.0221,0.273,0.2378,9,89.76,94.59,139.12,70,0.6145,568.69,56,0.0319
live_ep_000059_RETRY_STORM,RETRY_STORM,inventory-service,python-simulator,26.5,1785988916.9888117,244,0.99,0.01,closed,0.5711,57.11,0.7484,16.77,72.77,2.55,3.39,0.0839,3.41,525.4,0.0015,0.0263,0.3354,0.2148,12,92.61,254.29,310.54,92,0.8133,687.98,68,0.0424
live_ep_000059_RETRY_STORM,RETRY_STORM,inventory-service,python-simulator,27.0,1785988917.4889185,47,0.99,0.01,closed,0.4534,45.34,0.5456,11.4,27.03,4.55,12.24,0.0655,3.84,489.4,0.0056,0.0202,0.1978,0.2361,7,81.3,100.78,179.48,59,0.484,490.37,49,0.0268
live_ep_000059_RETRY_STORM,RETRY_STORM,inventory-service,python-simulator,27.5,1785988917.989541,212,0.9899,0.0101,closed,0.6461,64.61,0.7728,46.92,35.76,2.81,6.36,0.0934,13.45,538.7,0.0034,0.0283,0.2499,0.2419,10,98.47,169.8,279.68,84,0.8459,707.53,70,0.0504
live_ep_000059_RETRY_STORM,RETRY_STORM,inventory-service,python-simulator,28.0,1785988918.4903343,260,0.99,0.01,closed,0.6377,63.77,0.6322,15.47,41.0,4.57,6.52,0.0794,3.57,506.7,0.0001,0.0262,0.2802,0.2488,9,90.49,96.99,233.43,85,0.6612,596.74,59,0.0336
live_ep_000059_RETRY_STORM,RETRY_STORM,inventory-service,python-simulator,28.5,1785988918.9904978,183,0.9319,0.0681,closed,0.5919,59.19,0.664,21.33,43.58,6.85,5.25,0.068,5.97,554.0,0.0034,0.0217,0.294,0.2468,7,98.18,200.46,210.79,69,0.6642,598.52,59,0.039
live_ep_000059_RETRY_STORM,RETRY_STORM,inventory-service,python-simulator,29.0,1785988919.490813,151,0.99,0.01,closed,0.4949,49.49,0.6667,13.16,29.38,8.78,5.1,0.073,2.0,500.8,0.0001,0.022,0.1422,0.2525,7,84.83,101.53,170.81,62,0.615,568.97,56,0.0318
live_ep_000059_RETRY_STORM,RETRY_STORM,inventory-service,python-simulator,29.5,1785988919.9910872,126,0.9857,0.0143,closed,0.4733,47.33,0.3445,20.62,35.46,4.49,11.23,0.0599,24.29,494.7,0.0017,0.019,0.2152,0.1957,4,101.01,113.79,149.94,52,0.4445,466.72,46,0.0244
live_ep_000059_RETRY_STORM,RETRY_STORM,inventory-service,python-simulator,30.0,1785988920.4914439,247,0.9879,0.0121,closed,0.5122,51.22,0.5563,13.02,42.95,5.79,7.34,0.0729,2.0,559.3,0.0002,0.0221,0.3631,0.2536,7,87.87,136.18,197.34,67,0.6136,568.17,56,0.039
live_ep_000059_RETRY_STORM,RETRY_STORM,inventory-service,python-simulator,30.5,1785988920.9918377,162,0.88,0.12,closed,0.5489,54.89,0.4967,22.3,22.02,2.54,4.48,0.0727,2.0,503.6,0.0022,0.026,0.2209,0.2196,9,84.46,167.44,174.4,71,0.6434,586.07,58,0.0328
live_ep_000059_RETRY_STORM,RETRY_STORM,inventory-service,python-simulator,31.0,1785988921.492203,267,0.99,0.01,closed,0.6271,62.71,0.4916,15.68,29.03,3.86,5.18,0.1142,27.76,491.5,0.0062,0.0353,0.294,0.2217,8,92.8,192.19,258.4,84,0.7487,649.21,64,0.0447
live_ep_000059_RETRY_STORM,RETRY_STORM,inventory-service,python-simulator,31.5,1785988921.9923038,124,0.99,0.01,closed,0.5298,52.98,0.4932,11.75,20.81,7.68,6.41,0.0572,6.43,518.3,0.0025,0.0195,0.1619,0.2238,6,90.66,171.72,175.5,58,0.5075,504.51,50,0.0265
live_ep_000059_RETRY_STORM,RETRY_STORM,inventory-service,python-simulator,32.0,1785988922.492881,75,0.9262,0.0738,closed,0.4605,46.05,0.6109,18.71,26.73,2.97,2.25,0.0777,20.65,516.5,0.0045,0.0235,0.2367,0.2708,7,89.74,131.59,241.1,78,0.6154,569.24,56,0.0371
live_ep_000059_RETRY_STORM,RETRY_STORM,inventory-service,python-simulator,32.5,1785988922.993259,148,0.9776,0.0224,closed,0.5806,58.06,0.6032,14.27,20.0,7.64,8.71,0.0815,5.84,493.0,0.0,0.0251,0.2635,0.2915,8,99.48,209.08,220.29,74,0.6409,584.53,58,0.0391
live_ep_000059_RETRY_STORM,RETRY_STORM,inventory-service,python-simulator,33.0,1785988923.4935,275,0.9573,0.0427,closed,0.6383,63.83,0.7612,16.16,51.89,3.88,8.22,0.0792,7.39,493.3,0.0002,0.024,0.2034,0.2723,11,89.42,117.12,229.87,87,0.7094,625.67,62,0.036
live_ep_000059_RETRY_STORM,RETRY_STORM,inventory-service,python-simulator,33.5,1785988923.9939423,103,0.9181,0.0819,closed,0.5555,55.55,0.6459,13.63,26.24,7.26,2.69,0.0723,2.0,503.7,0.0026,0.022,0.1989,0.236,6,83.55,127.08,183.9,68,0.6016,560.93,56,0.0405
live_ep_000059_RETRY_STORM,RETRY_STORM,inventory-service,python-simulator,34.0,1785988924.4943829,141,0.9707,0.0293,closed,0.6376,63.76,0.7529,25.39,21.05,2.32,4.02,0.092,9.16,513.5,0.0051,0.0277,0.123,0.2349,7,91.63,191.93,226.31,91,0.7378,642.68,64,0.0439
live_ep_000059_RETRY_STORM,RETRY_STORM,inventory-service,python-simulator,34.5,1785988924.9947855,92,0.9804,0.0196,closed,0.4857,48.57,0.5771,13.98,35.96,6.1,7.5,0.0588,7.07,534.3,0.0012,0.0185,0.2491,0.27,9,91.26,122.22,129.36,59,0.5562,533.71,53,0.0293
live_ep_000059_RETRY_STORM,RETRY_STORM,inventory-service,python-simulator,35.0,1785988925.4953194,74,0.9384,0.0616,closed,0.5876,58.76,0.5916,23.92,29.74,10.26,2.98,0.078,29.14,502.2,0.0021,0.0246,0.3114,0.2738,7,90.94,153.66,214.92,74,0.6676,600.57,60,0.0354
live_ep_000059_RETRY_STORM,RETRY_STORM,inventory-service,python-simulator,35.5,1785988925.9958794,104,0.88,0.12,closed,0.5498,54.98,0.6699,18.88,48.37,5.09,7.4,0.0845,17.52,498.7,0.0091,0.0277,0.2847,0.2663,8,85.03,140.34,267.04,78,0.7451,647.05,64,0.0373
live_ep_000059_RETRY_STORM,RETRY_STORM,inventory-service,python-simulator,36.0,1785988926.4960752,141,0.8926,0.1074,closed,0.6391,63.91,0.4923,15.84,20.0,5.66,8.46,0.0716,22.55,516.1,0.0024,0.0236,0.2464,0.3133,10,101.25,219.12,221.21,77,0.7002,620.12,62,0.0407
live_ep_000059_RETRY_STORM,RETRY_STORM,inventory-service,python-simulator,36.5,1785988926.9961805,118,0.9092,0.0908,closed,0.473,47.3,0.6998,28.52,41.69,4.95,5.97,0.0747,2.26,514.3,0.0108,0.0227,0.1685,0.2261,8,86.38,107.25,206.1,79,0.664,598.38,59,0.0456
live_ep_000059_RETRY_STORM,RETRY_STORM,inventory-service,python-simulator,37.0,1785988927.496365,295,0.88,0.12,closed,0.5341,53.41,0.7224,19.61,25.26,4.28,6.98,0.0921,25.73,511.2,0.0024,0.0289,0.1994,0.2656,10,95.44,204.24,264.06,81,0.7828,669.66,66,0.0408
live_ep_000059_RETRY_STORM,RETRY_STORM,inventory-service,python-simulator,37.5,1785988927.99681,156,0.9593,0.0407,closed,0.5516,55.16,0.681,16.28,46.34,2.91,4.17,0.0837,15.65,484.0,0.0129,0.0256,0.2358,0.275,7,88.81,100.5,164.01,81,0.704,622.38,62,0.0437
live_ep_000059_RETRY_STORM,RETRY_STORM,inventory-service,python-simulator,38.0,1785988928.4973025,280,0.9882,0.0118,closed,0.5927,59.27,0.5705,26.52,25.89,3.96,10.67,0.0835,17.45,510.2,0.0116,0.0296,0.1757,0.2175,11,65.05,81.12,233.36,96,0.7882,672.9,67,0.0438
live_ep_000059_RETRY_STORM,RETRY_STORM,inventory-service,python-simulator,38.5,1785988928.9976726,192,0.9746,0.0254,closed,0.5326,53.26,0.7201,18.78,31.77,3.11,6.65,0.0779,5.29,515.2,0.0004,0.0274,0.2315,0.2173,11,90.03,150.42,205.91,75,0.7039,622.34,62,0.0399
live_ep_000059_RETRY_STORM,RETRY_STORM,inventory-service,python-simulator,39.0,1785988929.4979026,269,0.99,0.01,closed,0.5856,58.56,0.4647,16.79,34.57,7.67,6.17,0.0775,2.0,545.9,0.0109,0.0234,0.2341,0.2049,6,92.67,123.89,200.92,69,0.6526,591.57,59,0.0377
live_ep_000059_RETRY_STORM,RETRY_STORM,inventory-service,python-simulator,39.5,1785988929.9983315,228,0.9843,0.0157,closed,0.5016,50.16,0.5578,26.28,27.52,3.98,6.65,0.082,4.65,507.1,0.0001,0.0261,0.2625,0.2814,9,81.91,107.1,203.51,86,0.7178,630.67,63,0.049
live_ep_000059_RETRY_STORM,RETRY_STORM,inventory-service,python-simulator,40.0,1785988930.4985065,201,0.9708,0.0292,closed,0.485,48.5,0.4909,11.16,31.44,5.65,4.62,0.068,9.94,549.1,0.0082,0.0219,0.2485,0.2343,6,99.37,133.15,159.09,64,0.5076,504.57,50,0.027
live_ep_000059_RETRY_STORM,RETRY_STORM,inventory-service,python-simulator,40.5,1785988930.998899,242,0.8979,0.1021,closed,0.5234,52.34,0.5854,27.57,34.56,6.84,6.29,0.0728,4.83,544.5,0.0191,0.0232,0.2896,0.2878,7,89.37,146.75,246.69,67,0.6655,599.31,59,0.0407
live_ep_000059_RETRY_STORM,RETRY_STORM,inventory-service,python-simulator,41.0,1785988931.4993026,137,0.9857,0.0143,closed,0.5364,53.64,0.7681,20.46,34.71,3.22,10.28,0.0982,5.33,527.7,0.0009,0.0331,0.3476,0.327,9,103.45,105.08,282.98,102,0.9,740.0,74,0.0462
live_ep_000059_RETRY_STORM,RETRY_STORM,inventory-service,python-simulator,41.5,1785988932.0022612,254,0.9664,0.0336,closed,0.6169,61.69,0.5972,20.51,36.29,2.45,3.51,0.0944,3.35,545.6,0.0054,0.0321,0.2954,0.2461,9,81.83,148.51,223.78,108,0.8984,739.07,73,0.0476
live_ep_000059_RETRY_STORM,RETRY_STORM,inventory-service,python-simulator,42.0,1785988932.502627,112,0.9223,0.0777,closed,0.5595,55.95,0.6632,13.89,26.19,2.47,4.35,0.066,2.0,516.3,0.0039,0.0246,0.143,0.281,7,96.1,165.02,259.2,65,0.6049,562.94,56,0.0348
live_ep_000059_RETRY_STORM,RETRY_STORM,inventory-service,python-simulator,42.5,1785988933.0028014,164,0.9876,0.0124,closed,0.6037,60.37,0.699,18.0,46.1,4.7,5.06,0.0782,21.11,518.5,0.0043,0.0235,0.1921,0.3202,8,89.51,186.11,210.77,77,0.7432,645.91,64,0.0416
live_ep_000059_RETRY_STORM,RETRY_STORM,inventory-service,python-simulator,43.0,1785988933.5031872,246,0.9396,0.0604,closed,0.586,58.6,0.4983,15.99,23.8,4.71,22.03,0.0725,36.88,540.0,0.0056,0.0267,0.2397,0.2479,10,95.25,154.4,252.33,86,0.672,603.17,60,0.0396
live_ep_000059_RETRY_STORM,RETRY_STORM,inventory-service,python-simulator,43.5,1785988934.0035722,57,0.9705,0.0295,closed,0.6707,67.07,0.7408,19.29,40.64,2.43,8.92,0.0879,6.49,492.6,0.0024,0.0266,0.3091,0.2434,10,87.37,162.87,198.35,81,0.7081,624.86,62,0.0411
live_ep_000059_RETRY_STORM,RETRY_STORM,inventory-service,python-simulator,44.0,1785988934.5036373,48,0.9078,0.0922,closed,0.6133,61.33,0.7092,18.48,31.38,6.68,4.78,0.067,54.09,520.9,0.001,0.0212,0.3085,0.2926,7,97.33,174.03,271.8,77,0.6549,592.93,59,0.0384
live_ep_000059_RETRY_STORM,RETRY_STORM,inventory-service,python-simulator,44.5,1785988935.0039642,195,0.9344,0.0656,closed,0.5458,54.58,0.4514,11.94,29.01,3.53,9.92,0.0681,6.87,554.7,0.0101,0.0276,0.3119,0.2778,6,84.24,117.59,128.43,76,0.5719,543.16,54,0.0303
live_ep_000059_RETRY_STORM,RETRY_STORM,inventory-service,python-simulator,45.0,1785988935.5045612,207,0.88,0.12,closed,0.5143,51.43,0.5615,12.98,41.4,5.38,3.0,0.0758,3.54,516.4,0.0062,0.0239,0.2366,0.2218,7,76.51,189.72,220.18,71,0.5699,541.94,54,0.0291
live_ep_000059_RETRY_STORM,RETRY_STORM,inventory-service,python-simulator,45.5,1785988936.0050976,117,0.9627,0.0373,closed,0.6028,60.28,0.6003,23.38,44.65,1.66,3.47,0.0863,2.0,428.8,0.0011,0.0265,0.2551,0.2391,10,83.72,168.93,222.39,78,0.7794,667.65,66,0.0561
live_ep_000059_RETRY_STORM,RETRY_STORM,inventory-service,python-simulator,46.0,1785988936.5056572,193,0.9709,0.0291,closed,0.516,51.6,0.5929,18.65,40.2,3.27,7.18,0.0635,31.18,538.4,0.0137,0.0235,0.1383,0.2587,8,85.22,210.29,221.49,60,0.6015,560.9,56,0.0438
live_ep_000059_RETRY_STORM,RETRY_STORM,inventory-service,python-simulator,46.5,1785988937.005922,87,0.9759,0.0241,closed,0.4604,46.04,0.4884,13.79,25.67,4.55,7.99,0.0638,2.0,513.1,0.0033,0.0204,0.3738,0.2715,5,90.82,97.46,208.32,68,0.5689,541.35,54,0.0445
live_ep_000059_RETRY_STORM,RETRY_STORM,inventory-service,python-simulator,47.0,1785988937.506494,141,0.9845,0.0155,closed,0.6572,65.72,0.8786,14.05,42.31,3.34,7.79,0.0768,20.2,545.1,0.0049,0.0254,0.3128,0.295,7,95.19,127.33,139.61,80,0.6776,606.59,60,0.0374
live_ep_000059_RETRY_STORM,RETRY_STORM,inventory-service,python-simulator,47.5,1785988938.0066762,170,0.9671,0.0329,closed,0.6239,62.39,0.5974,30.38,57.39,2.54,9.72,0.0929,20.36,513.7,0.0046,0.0292,0.1893,0.3057,10,88.67,160.88,272.9,98,0.8771,726.23,72,0.0557
live_ep_000059_RETRY_STORM,RETRY_STORM,inventory-service,python-simulator,48.0,1785988938.5068305,70,0.88,0.12,closed,0.5462,54.62,0.7073,17.15,35.37,4.21,6.86,0.0854,3.66,515.3,0.0005,0.0261,0.2601,0.2313,7,100.73,135.93,197.39,86,0.7506,650.35,65,0.0385
live_ep_000059_RETRY_STORM,RETRY_STORM,inventory-service,python-simulator,48.5,1785988939.0069246,178,0.9476,0.0524,closed,0.5872,58.72,0.7479,13.97,30.47,2.44,8.79,0.075,10.45,527.2,0.0278,0.023,0.3205,0.2518,9,99.18,118.27,219.95,73,0.6572,594.31,59,0.0338
live_ep_000059_RETRY_STORM,RETRY_STORM,inventory-service,python-simulator,49.0,1785988939.5072904,105,0.8886,0.1114,closed,0.5826,58.26,0.644,16.68,47.28,2.96,6.36,0.0816,18.19,492.9,0.0013,0.0264,0.2242,0.179,8,73.91,182.9,239.97,84,0.7559,653.53,65,0.0451
live_ep_000059_RETRY_STORM,RETRY_STORM,inventory-service,python-simulator,49.5,1785988940.0077426,288,0.99,0.01,closed,0.5113,51.13,0.8358,17.71,42.49,4.57,6.29,0.0914,6.53,507.2,0.0089,0.0312,0.3368,0.2651,12,90.37,156.81,235.88,91,0.8243,694.56,69,0.0416
live_ep_000059_RETRY_STORM,RETRY_STORM,inventory-service,python-simulator,50.0,1785988940.5078974,192,0.8982,0.1018,closed,0.472,47.2,0.5475,11.43,43.9,2.31,5.98,0.0536,12.22,559.3,0.0072,0.0177,0.1846,0.2441,8,76.6,121.1,161.56,70,0.5118,507.05,50,0.0423
live_ep_000059_RETRY_STORM,RETRY_STORM,inventory-service,python-simulator,50.5,1785988941.0083668,179,0.9622,0.0378,closed,0.4507,45.07,0.4254,11.6,22.59,5.3,3.45,0.0685,56.65,526.5,0.0027,0.0222,0.332,0.2584,9,90.19,119.36,137.75,71,0.5552,533.15,53,0.0315
live_ep_000059_RETRY_STORM,RETRY_STORM,inventory-service,python-simulator,51.0,1785988941.5087402,149,0.9772,0.0228,closed,0.4392,43.92,0.4995,15.76,30.31,4.51,4.35,0.0651,37.79,494.0,0.004,0.0218,0.1957,0.2192,6,85.85,99.26,239.09,72,0.5397,523.83,52,0.0351
live_ep_000059_RETRY_STORM,RETRY_STORM,inventory-service,python-simulator,51.5,1785988942.0091937,179,0.9831,0.0169,closed,0.5479,54.79,0.5027,14.48,29.46,9.22,5.86,0.0705,4.96,506.1,0.0074,0.0217,0.2223,0.2096,10,99.64,139.54,210.27,76,0.6675,600.48,60,0.0445
live_ep_000059_RETRY_STORM,RETRY_STORM,inventory-service,python-simulator,52.0,1785988942.5098171,159,0.9241,0.0759,closed,0.5297,52.97,0.6862,15.79,40.64,2.25,9.92,0.078,12.01,521.8,0.0028,0.0239,0.2045,0.2575,7,85.76,208.47,243.06,88,0.7643,658.57,65,0.0441
live_ep_000059_RETRY_STORM,RETRY_STORM,inventory-service,python-simulator,52.5,1785988943.0107682,128,0.99,0.01,closed,0.5691,56.91,0.697,24.23,39.38,5.0,6.49,0.0666,60.0,506.3,0.0075,0.0221,0.216,0.259,9,91.75,122.37,204.34,78,0.5916,554.95,55,0.0424
live_ep_000059_RETRY_STORM,RETRY_STORM,inventory-service,python-simulator,53.0,1785988943.511056,91,0.88,0.12,closed,0.6165,61.65,0.6388,22.37,27.79,6.95,11.48,0.0979,2.0,540.1,0.0018,0.0334,0.3106,0.2093,9,92.04,165.53,264.18,87,0.7372,642.31,64,0.0416
live_ep_000059_RETRY_STORM,RETRY_STORM,inventory-service,python-simulator,53.5,1785988944.0116549,282,0.99,0.01,closed,0.4914,49.14,0.7076,21.13,36.54,6.78,5.41,0.086,32.44,549.1,0.0066,0.0262,0.2667,0.2559,8,85.82,234.85,243.63,97,0.821,692.63,69,0.0419
live_ep_000059_RETRY_STORM,RETRY_STORM,inventory-service,python-simulator,54.0,1785988944.5119946,152,0.9388,0.0612,closed,0.5541,55.41,0.761,24.55,37.44,3.4,6.79,0.086,2.0,512.1,0.0022,0.0267,0.2086,0.2286,7,95.8,179.76,220.47,67,0.6763,605.8,60,0.0429
live_ep_000059_RETRY_STORM,RETRY_STORM,inventory-service,python-simulator,54.5,1785988945.0121052,63,0.99,0.01,closed,0.727,72.7,0.6558,18.76,28.27,3.95,6.27,0.0921,6.11,476.5,0.0056,0.0288,0.2928,0.2686,11,79.56,134.78,242.37,96,0.8727,723.6,72,0.0573
live_ep_000059_RETRY_STORM,RETRY_STORM,inventory-service,python-simulator,55.0,1785988945.5123575,79,0.99,0.01,closed,0.6015,60.15,0.5319,10.28,25.27,3.12,6.14,0.0585,5.8,514.2,0.0077,0.0253,0.2547,0.2294,5,79.27,168.52,196.18,58,0.4891,493.44,49,0.0302
live_ep_000059_RETRY_STORM,RETRY_STORM,inventory-service,python-simulator,55.5,1785988946.0129578,146,0.99,0.01,closed,0.4956,49.56,0.6211,13.5,20.0,2.44,12.57,0.0639,27.47,523.3,0.0039,0.0199,0.2776,0.2731,8,65.79,108.06,238.85,63,0.5306,518.37,51,0.0324
live_ep_000059_RETRY_STORM,RETRY_STORM,inventory-service,python-simulator,56.0,1785988946.5133474,256,0.9851,0.0149,closed,0.5745,57.45,0.8167,17.14,41.61,7.83,11.72,0.0734,43.04,532.9,0.009,0.0262,0.1624,0.2525,6,83.47,147.15,178.3,77,0.6755,605.32,60,0.0391
live_ep_000059_RETRY_STORM,RETRY_STORM,inventory-service,python-simulator,56.5,1785988947.0134418,126,0.9536,0.0464,closed,0.5526,55.26,0.6111,12.88,42.76,3.45,6.35,0.0816,60.0,546.1,0.0014,0.0246,0.2594,0.2824,6,92.12,108.68,154.68,71,0.5362,521.71,52,0.028
live_ep_000059_RETRY_STORM,RETRY_STORM,inventory-service,python-simulator,57.0,1785988947.513633,85,0.9383,0.0617,closed,0.6126,61.26,0.7439,15.3,31.52,1.77,4.83,0.0771,15.78,554.8,0.004,0.0265,0.2842,0.2507,8,87.34,199.91,234.27,76,0.7216,632.93,63,0.0474
live_ep_000059_RETRY_STORM,RETRY_STORM,inventory-service,python-simulator,57.5,1785988948.0138288,77,0.9041,0.0959,closed,0.5609,56.09,0.3789,13.15,41.75,5.21,8.18,0.0527,7.16,503.5,0.0037,0.017,0.2176,0.2983,7,86.19,130.61,187.95,53,0.4937,496.23,49,0.0309
live_ep_000059_RETRY_STORM,RETRY_STORM,inventory-service,python-simulator,58.0,1785988948.514044,130,0.9213,0.0787,closed,0.5651,56.51,0.5598,20.74,38.35,7.46,3.48,0.0689,3.06,487.4,0.0018,0.0242,0.1863,0.2206,10,84.91,104.92,160.02,76,0.6414,584.81,58,0.033
live_ep_000059_RETRY_STORM,RETRY_STORM,inventory-service,python-simulator,58.5,1785988949.0145142,81,0.9563,0.0437,closed,0.4433,44.33,0.5569,12.49,20.0,3.0,5.3,0.0648,6.55,477.5,0.0042,0.0239,0.2706,0.2493,8,83.27,93.9,131.99,47,0.4,440.0,44,0.0251
live_ep_000059_RETRY_STORM,RETRY_STORM,inventory-service,python-simulator,59.0,1785988949.5149074,168,0.9691,0.0309,closed,0.6098,60.98,0.7367,22.22,61.79,7.31,6.11,0.0767,3.46,533.5,0.0003,0.0244,0.1294,0.2776,7,82.21,165.38,170.15,69,0.6536,592.17,59,0.0335
live_ep_000059_RETRY_STORM,RETRY_STORM,inventory-service,python-simulator,59.5,1785988950.0153263,190,0.88,0.12,closed,0.5489,54.89,0.6297,38.37,49.44,6.03,6.51,0.0733,5.5,497.3,0.0031,0.0244,0.2748,0.2899,11,89.32,231.56,263.68,78,0.7074,624.42,62,0.0372
live_ep_000060_RETRY_STORM,RETRY_STORM,auth-service,python-simulator,0.0,1785988950.5177703,88,0.9283,0.0717,closed,0.3138,31.38,0.4383,4.56,18.51,16.84,4.8,0.0046,9.1,480.5,0.006,0.0062,0.2292,0.3008,2,87.89,122.77,126.42,7,0.0212,212.31,9,0.002
live_ep_000060_RETRY_STORM,RETRY_STORM,auth-service,python-simulator,0.5,1785988951.0188758,53,0.88,0.12,closed,0.3702,37.02,0.4143,1.59,25.48,4.04,6.18,0.0117,3.68,520.8,0.0077,0.0002,0.2419,0.2288,2,93.55,95.57,119.1,19,0.0033,188.77,3,0.0044
live_ep_000060_RETRY_STORM,RETRY_STORM,auth-service,python-simulator,1.0,1785988951.5193493,63,0.8898,0.1102,closed,0.3079,30.79,0.336,13.97,19.28,4.27,10.22,0.0129,2.0,490.0,0.0002,0.0009,0.1943,0.2085,4,99.78,129.41,135.66,12,0.0913,176.99,11,0.0024
live_ep_000060_RETRY_STORM,RETRY_STORM,auth-service,python-simulator,1.5,1785988952.019697,87,0.9608,0.0392,closed,0.2741,27.41,0.3558,2.1,13.29,3.06,3.15,0.017,2.0,498.2,0.0001,0.0041,0.2533,0.2566,3,85.76,114.28,126.23,17,0.0518,215.94,2,0.0043
live_ep_000060_RETRY_STORM,RETRY_STORM,auth-service,python-simulator,2.0,1785988952.5204346,75,0.99,0.01,closed,0.388,38.8,0.442,19.61,26.03,6.68,6.86,0.0116,5.77,509.1,0.0131,0.0034,0.2233,0.2748,2,86.04,86.54,112.59,12,0.0454,200.06,13,0.0027
live_ep_000060_RETRY_STORM,RETRY_STORM,auth-service,python-simulator,2.5,1785988953.0206606,49,0.9775,0.0225,closed,0.3586,35.86,0.3444,9.49,26.44,5.22,3.96,0.0144,14.14,499.2,0.0008,0.0028,0.3387,0.2317,3,92.54,95.19,124.01,8,0.0039,182.44,11,0.0001
live_ep_000060_RETRY_STORM,RETRY_STORM,auth-service,python-simulator,3.0,1785988953.5208561,118,0.9465,0.0535,closed,0.3336,33.36,0.1644,7.29,16.26,2.59,7.86,0.0137,15.36,512.4,0.0235,0.008,0.2769,0.2691,1,99.53,103.62,109.98,1,0.0011,219.63,14,0.0051
live_ep_000060_RETRY_STORM,RETRY_STORM,auth-service,python-simulator,3.5,1785988954.0209975,100,0.9689,0.0311,closed,0.2858,28.58,0.2837,2.6,28.21,10.53,8.84,0.0069,25.98,514.3,0.0016,0.0005,0.3481,0.2768,4,92.52,95.35,110.38,18,0.0197,197.4,13,0.0019
live_ep_000060_RETRY_STORM,RETRY_STORM,auth-service,python-simulator,4.0,1785988954.5215259,114,0.9349,0.0651,closed,0.2938,29.38,0.2776,5.13,26.93,6.83,7.51,0.0104,3.83,517.4,0.0124,0.0019,0.2289,0.217,2,88.02,100.64,106.91,9,0.061,227.98,10,0.0094
live_ep_000060_RETRY_STORM,RETRY_STORM,auth-service,python-simulator,4.5,1785988955.0220695,110,0.9618,0.0382,closed,0.3715,37.15,0.3272,2.15,26.99,3.02,11.45,0.0373,17.78,526.1,0.0035,0.0007,0.2072,0.2894,3,92.65,116.66,117.53,11,0.0836,223.04,14,0.0138
live_ep_000060_RETRY_STORM,RETRY_STORM,auth-service,python-simulator,5.0,1785988955.522337,22,0.9383,0.0617,closed,0.397,39.7,0.3525,7.59,29.81,1.7,4.61,0.0083,9.65,532.4,0.0053,0.004,0.279,0.2202,4,95.14,101.95,128.75,2,0.1,225.98,9,0.0072
live_ep_000060_RETRY_STORM,RETRY_STORM,auth-service,python-simulator,5.5,1785988956.0228717,95,0.9455,0.0545,closed,0.3117,31.17,0.345,11.22,17.15,3.05,2.42,0.007,21.83,508.5,0.002,0.0023,0.2376,0.2663,3,91.49,113.87,127.51,13,0.0675,222.24,0,0.0057
live_ep_000060_RETRY_STORM,RETRY_STORM,auth-service,python-simulator,6.0,1785988956.5232322,33,0.9805,0.0195,closed,0.317,31.7,0.3357,1.94,17.21,3.42,3.7,0.0161,2.0,473.9,0.0005,0.0014,0.1177,0.1869,4,88.11,89.12,119.15,16,0.0219,198.14,8,0.0027
live_ep_000060_RETRY_STORM,RETRY_STORM,auth-service,python-simulator,6.5,1785988957.0236964,119,0.88,0.12,closed,0.2518,25.18,0.1493,3.22,15.58,4.38,7.12,0.0134,4.1,488.8,0.0038,0.0016,0.2719,0.2741,3,85.15,116.77,122.17,17,0.0373,249.49,9,0.006
live_ep_000060_RETRY_STORM,RETRY_STORM,auth-service,python-simulator,7.0,1785988957.5240724,92,0.9368,0.0632,closed,0.3287,32.87,0.2658,4.87,17.23,4.36,6.39,0.005,21.18,497.4,0.0028,0.0047,0.2962,0.2576,2,82.05,109.48,119.01,6,0.0057,217.62,12,0.0007
live_ep_000060_RETRY_STORM,RETRY_STORM,auth-service,python-simulator,7.5,1785988958.0244963,28,0.99,0.01,closed,0.4725,47.25,0.4062,4.96,14.66,1.85,3.58,0.0201,14.26,504.6,0.0094,0.0039,0.184,0.282,2,88.41,121.05,124.57,9,0.018,195.01,13,0.0057
live_ep_000060_RETRY_STORM,RETRY_STORM,auth-service,python-simulator,8.0,1785988958.5250533,224,0.9619,0.0381,closed,0.6088,60.88,0.6497,21.16,41.48,4.51,4.84,0.0984,7.92,508.6,0.0002,0.0305,0.1672,0.225,12,103.17,221.38,251.85,103,0.8514,710.83,71,0.0493
live_ep_000060_RETRY_STORM,RETRY_STORM,auth-service,python-simulator,8.5,1785988959.0253718,88,0.99,0.01,closed,0.6111,61.11,0.7126,25.32,55.65,4.92,4.43,0.0848,16.46,503.4,0.0023,0.027,0.2299,0.3002,11,76.31,105.68,254.99,80,0.7321,639.26,63,0.0368
live_ep_000060_RETRY_STORM,RETRY_STORM,auth-service,python-simulator,9.0,1785988959.525907,180,0.949,0.051,closed,0.5759,57.59,0.6645,30.73,26.97,8.39,4.89,0.075,32.99,524.0,0.0007,0.0238,0.2383,0.2514,8,88.95,192.57,259.93,69,0.6877,612.6,61,0.0399
live_ep_000060_RETRY_STORM,RETRY_STORM,auth-service,python-simulator,9.5,1785988960.026155,131,0.99,0.01,closed,0.5821,58.21,0.5795,22.06,24.94,6.1,7.17,0.0749,17.01,531.3,0.0177,0.0231,0.294,0.2856,11,97.23,156.64,225.45,89,0.7148,628.88,62,0.0363
live_ep_000060_RETRY_STORM,RETRY_STORM,auth-service,python-simulator,10.0,1785988960.526549,235,0.9867,0.0133,closed,0.5399,53.99,0.6891,14.64,27.12,5.53,3.29,0.0806,10.75,546.9,0.008,0.0262,0.2338,0.2698,10,94.18,179.32,265.64,73,0.6665,599.91,59,0.0334
live_ep_000060_RETRY_STORM,RETRY_STORM,auth-service,python-simulator,10.5,1785988961.0300052,254,0.9426,0.0574,closed,0.5815,58.15,0.6371,15.28,44.01,4.77,11.08,0.0817,8.8,510.4,0.0099,0.0274,0.2599,0.2689,10,75.66,119.8,225.89,78,0.6687,601.22,60,0.0527
live_ep_000060_RETRY_STORM,RETRY_STORM,auth-service,python-simulator,11.0,1785988961.530224,236,0.88,0.12,closed,0.6089,60.89,0.7683,17.08,37.47,5.84,4.5,0.0883,15.96,494.2,0.0025,0.031,0.1476,0.2692,9,94.68,110.35,250.89,82,0.8291,697.45,69,0.0465
live_ep_000060_RETRY_STORM,RETRY_STORM,auth-service,python-simulator,11.5,1785988962.0305405,43,0.99,0.01,closed,0.6238,62.38,0.5475,19.15,26.08,5.15,4.72,0.0853,2.0,508.7,0.0057,0.0292,0.2545,0.2985,9,84.7,100.96,129.52,58,0.5457,527.42,52,0.0296
live_ep_000060_RETRY_STORM,RETRY_STORM,auth-service,python-simulator,12.0,1785988962.5309284,50,0.9727,0.0273,closed,0.4497,44.97,0.7708,13.43,25.71,8.04,2.99,0.0724,22.64,538.1,0.0018,0.0217,0.2209,0.2625,8,87.23,158.81,213.68,64,0.6464,587.83,58,0.0379
live_ep_000060_RETRY_STORM,RETRY_STORM,auth-service,python-simulator,12.5,1785988963.0317852,193,0.9293,0.0707,closed,0.605,60.5,0.6416,22.86,34.12,3.28,10.09,0.1102,8.32,520.1,0.0079,0.0335,0.2715,0.2417,10,85.28,173.68,217.5,74,0.6957,617.39,61,0.0352
live_ep_000060_RETRY_STORM,RETRY_STORM,auth-service,python-simulator,13.0,1785988963.5322886,163,0.9588,0.0412,closed,0.4496,44.96,0.4696,10.86,20.0,2.71,4.09,0.0542,2.0,504.7,0.0024,0.019,0.3528,0.2606,5,80.71,146.33,192.35,63,0.4981,498.86,49,0.0336
live_ep_000060_RETRY_STORM,RETRY_STORM,auth-service,python-simulator,13.5,1785988964.0325892,50,0.9692,0.0308,closed,0.609,60.9,0.6043,20.3,32.34,4.1,9.49,0.1005,15.36,494.7,0.0024,0.032,0.1883,0.278,7,79.54,234.92,275.62,77,0.7615,656.89,65,0.048
live_ep_000060_RETRY_STORM,RETRY_STORM,auth-service,python-simulator,14.0,1785988964.532837,237,0.9731,0.0269,closed,0.4976,49.76,0.5397,19.47,29.09,4.53,5.96,0.0662,2.21,514.2,0.0067,0.0207,0.1967,0.227,7,104.13,155.98,182.16,55,0.5599,535.93,53,0.0318
live_ep_000060_RETRY_STORM,RETRY_STORM,auth-service,python-simulator,14.5,1785988965.033294,116,0.9761,0.0239,closed,0.6169,61.69,0.6028,13.9,40.68,4.53,3.14,0.0713,2.0,538.7,0.0129,0.0242,0.2926,0.2448,7,81.26,193.63,249.23,65,0.6208,572.46,57,0.0377
live_ep_000060_RETRY_STORM,RETRY_STORM,auth-service,python-simulator,15.0,1785988965.5333521,272,0.9811,0.0189,closed,0.5707,57.07,0.6325,27.56,24.96,4.48,7.31,0.0725,12.18,543.8,0.0173,0.0223,0.228,0.2498,10,87.91,168.29,202.52,75,0.6953,617.2,61,0.045
live_ep_000060_RETRY_STORM,RETRY_STORM,auth-service,python-simulator,15.5,1785988966.0337777,139,0.915,0.085,closed,0.5512,55.12,0.5438,16.67,29.68,10.73,4.65,0.0842,19.31,518.8,0.019,0.0254,0.3412,0.2934,7,69.49,80.04,213.39,96,0.7705,662.31,66,0.0427
live_ep_000060_RETRY_STORM,RETRY_STORM,auth-service,python-simulator,16.0,1785988966.5342584,174,0.9577,0.0423,closed,0.4287,42.87,0.6485,16.16,32.79,3.96,13.69,0.0836,13.1,523.1,0.0088,0.0254,0.22,0.2529,7,76.04,121.51,182.17,77,0.6511,590.69,59,0.0368
live_ep_000060_RETRY_STORM,RETRY_STORM,auth-service,python-simulator,16.5,1785988967.0349517,67,0.9815,0.0185,closed,0.5764,57.64,0.6998,15.51,43.66,4.04,8.1,0.0741,2.0,471.7,0.0077,0.0224,0.1959,0.2353,9,85.06,225.76,251.67,70,0.7018,621.09,62,0.0404
live_ep_000060_RETRY_STORM,RETRY_STORM,auth-service,python-simulator,17.0,1785988967.5354164,139,0.99,0.01,closed,0.6169,61.69,0.6776,33.06,30.48,9.35,6.97,0.0789,33.99,497.6,0.0199,0.0239,0.096,0.2799,10,79.26,85.15,207.77,80,0.7252,635.15,63,0.041
live_ep_000060_RETRY_STORM,RETRY_STORM,auth-service,python-simulator,17.5,1785988968.0361598,249,0.99,0.01,closed,0.646,64.6,0.5517,18.97,54.58,2.94,4.16,0.0798,3.38,522.8,0.0051,0.027,0.2322,0.2871,10,81.92,209.11,269.59,92,0.7752,665.1,66,0.0414
live_ep_000060_RETRY_STORM,RETRY_STORM,auth-service,python-simulator,18.0,1785988968.5367374,170,0.929,0.071,closed,0.5979,59.79,0.6394,15.89,46.49,2.75,5.12,0.0831,10.42,486.8,0.0013,0.0259,0.388,0.2254,11,68.91,199.3,246.45,87,0.702,621.21,62,0.038
live_ep_000060_RETRY_STORM,RETRY_STORM,auth-service,python-simulator,18.5,1785988969.037454,213,0.9853,0.0147,closed,0.5682,56.82,0.6568,30.86,44.4,6.45,4.46,0.0982,12.07,497.6,0.0026,0.03,0.2572,0.2444,8,85.28,125.0,239.83,78,0.768,660.82,66,0.0385
live_ep_000060_RETRY_STORM,RETRY_STORM,auth-service,python-simulator,19.0,1785988969.5375454,251,0.99,0.01,closed,0.5703,57.03,0.7394,35.15,44.0,4.47,3.98,0.089,6.39,510.1,0.0047,0.0268,0.308,0.2219,8,83.16,140.93,190.04,85,0.6853,611.16,61,0.0451
live_ep_000060_RETRY_STORM,RETRY_STORM,auth-service,python-simulator,19.5,1785988970.0376482,136,0.8842,0.1158,closed,0.4902,49.02,0.6682,16.52,43.91,4.28,2.98,0.0786,13.46,516.2,0.0096,0.0241,0.2544,0.236,11,86.17,112.7,234.92,88,0.715,628.97,62,0.0408
live_ep_000060_RETRY_STORM,RETRY_STORM,auth-service,python-simulator,20.0,1785988970.5379932,226,0.99,0.01,closed,0.5481,54.81,0.4992,16.43,41.55,5.5,11.83,0.0717,7.63,533.5,0.0094,0.0217,0.2123,0.2355,9,99.15,103.93,217.31,79,0.7041,622.48,62,0.0397
live_ep_000060_RETRY_STORM,RETRY_STORM,auth-service,python-simulator,20.5,1785988971.038148,95,0.9617,0.0383,closed,0.6317,63.17,0.6493,16.47,42.04,5.58,9.42,0.0775,8.75,526.2,0.0043,0.0235,0.1995,0.2954,7,95.67,177.03,203.54,74,0.6608,596.45,59,0.0336
live_ep_000060_RETRY_STORM,RETRY_STORM,auth-service,python-simulator,21.0,1785988971.5386753,201,0.9704,0.0296,closed,0.5058,50.58,0.517,13.69,24.1,9.38,4.59,0.0625,9.69,467.5,0.0045,0.0191,0.2554,0.2504,6,80.98,138.75,232.0,55,0.5181,510.86,51,0.0445
live_ep_000060_RETRY_STORM,RETRY_STORM,auth-service,python-simulator,21.5,1785988972.0390947,59,0.9733,0.0267,closed,0.5296,52.96,0.6328,12.5,26.21,3.93,3.83,0.0667,31.78,516.0,0.0005,0.023,0.1122,0.2968,8,90.48,181.15,197.71,78,0.6001,560.04,56,0.0358
live_ep_000060_RETRY_STORM,RETRY_STORM,auth-service,python-simulator,22.0,1785988972.539372,62,0.9736,0.0264,closed,0.5329,53.29,0.6309,11.79,29.59,2.98,5.02,0.0687,30.71,521.7,0.0022,0.0231,0.3348,0.3025,5,91.74,157.36,202.58,60,0.5123,507.39,50,0.0305
live_ep_000060_RETRY_STORM,RETRY_STORM,auth-service,python-simulator,22.5,1785988973.0404277,130,0.9448,0.0552,closed,0.6252,62.52,0.5391,14.21,46.73,4.9,9.98,0.0813,46.51,529.3,0.0104,0.0287,0.2322,0.3176,7,91.88,190.73,195.84,70,0.6854,611.27,61,0.0393
live_ep_000060_RETRY_STORM,RETRY_STORM,auth-service,python-simulator,23.0,1785988973.5407338,84,0.9845,0.0155,closed,0.5664,56.64,0.7267,18.5,32.51,7.78,6.72,0.1013,14.95,501.7,0.0001,0.0331,0.2088,0.2598,10,95.12,146.89,266.56,95,0.9,740.0,74,0.0481
live_ep_000060_RETRY_STORM,RETRY_STORM,auth-service,python-simulator,23.5,1785988974.0409162,219,0.88,0.12,closed,0.5816,58.16,0.6464,16.37,49.62,2.43,5.88,0.082,2.0,524.6,0.0289,0.0262,0.2643,0.2051,9,95.87,150.65,298.66,79,0.7934,676.01,67,0.0527
live_ep_000060_RETRY_STORM,RETRY_STORM,auth-service,python-simulator,24.0,1785988974.5411868,106,0.99,0.01,closed,0.4517,45.17,0.497,12.84,23.64,5.47,19.17,0.0619,20.81,468.8,0.0001,0.0216,0.2705,0.2018,4,90.26,122.87,136.54,54,0.4656,479.36,47,0.0264
live_ep_000060_RETRY_STORM,RETRY_STORM,auth-service,python-simulator,24.5,1785988975.041461,296,0.9888,0.0112,closed,0.5817,58.17,0.7189,17.02,39.79,5.19,4.22,0.1002,2.0,529.0,0.0014,0.0346,0.1788,0.2836,10,82.47,209.19,249.29,95,0.8258,695.48,69,0.0426
live_ep_000060_RETRY_STORM,RETRY_STORM,auth-service,python-simulator,25.0,1785988975.541525,156,0.9642,0.0358,closed,0.5323,53.23,0.6084,23.69,35.1,6.02,7.86,0.0727,2.0,489.5,0.0018,0.0225,0.2435,0.2616,8,78.39,165.6,226.84,74,0.6504,590.23,59,0.035
live_ep_000060_RETRY_STORM,RETRY_STORM,auth-service,python-simulator,25.5,1785988976.0419047,117,0.99,0.01,closed,0.6357,63.57,0.6967,18.26,35.85,3.04,3.31,0.087,21.16,519.8,0.0008,0.0281,0.2227,0.2392,11,94.08,114.05,239.79,105,0.8606,716.37,71,0.0478
live_ep_000060_RETRY_STORM,RETRY_STORM,auth-service,python-simulator,26.0,1785988976.5433228,155,0.9509,0.0491,closed,0.5362,53.62,0.6756,15.51,40.62,4.46,9.53,0.0665,11.07,455.0,0.0003,0.022,0.184,0.2179,7,86.52,179.08,206.84,62,0.6121,567.24,56,0.034
live_ep_000060_RETRY_STORM,RETRY_STORM,auth-service,python-simulator,26.5,1785988977.0436187,280,0.9355,0.0645,closed,0.6413,64.13,0.781,15.61,34.65,5.17,7.32,0.0763,18.59,501.4,0.0028,0.0232,0.2576,0.26,11,100.96,126.42,204.89,77,0.7396,643.73,64,0.0393
live_ep_000060_RETRY_STORM,RETRY_STORM,auth-service,python-simulator,27.0,1785988977.5441883,257,0.99,0.01,closed,0.3586,35.86,0.6081,14.34,38.88,4.35,5.05,0.0647,17.76,463.5,0.0029,0.0196,0.3184,0.1587,10,99.52,112.59,142.39,62,0.6007,560.42,56,0.0343
live_ep_000060_RETRY_STORM,RETRY_STORM,auth-service,python-simulator,27.5,1785988978.0445418,71,0.9362,0.0638,closed,0.4976,49.76,0.4344,12.25,20.0,5.95,9.33,0.0656,13.51,504.0,0.0039,0.0199,0.3568,0.2493,8,91.21,109.12,210.5,74,0.5877,552.62,55,0.0318
live_ep_000060_RETRY_STORM,RETRY_STORM,auth-service,python-simulator,28.0,1785988978.5450675,206,0.9535,0.0465,closed,0.5822,58.22,0.7092,16.81,41.33,1.68,7.18,0.0909,2.0,500.5,0.0078,0.0282,0.3111,0.2227,10,79.91,151.31,297.08,93,0.8051,683.08,68,0.056
live_ep_000060_RETRY_STORM,RETRY_STORM,auth-service,python-simulator,28.5,1785988979.0452824,206,0.9846,0.0154,closed,0.5085,50.85,0.5939,17.45,56.24,3.36,6.08,0.075,5.12,493.4,0.0051,0.0243,0.3307,0.2285,11,84.54,155.82,236.86,86,0.7144,628.61,62,0.0378
live_ep_000060_RETRY_STORM,RETRY_STORM,auth-service,python-simulator,29.0,1785988979.5457997,66,0.88,0.12,closed,0.4833,48.33,0.5985,12.28,33.9,8.84,8.13,0.0758,9.55,501.3,0.0013,0.0244,0.2477,0.2479,8,84.07,160.66,222.48,61,0.5768,546.11,54,0.0337
live_ep_000060_RETRY_STORM,RETRY_STORM,auth-service,python-simulator,29.5,1785988980.0461469,59,0.99,0.01,closed,0.5975,59.75,0.7491,16.26,43.23,3.92,5.33,0.0796,4.58,483.5,0.001,0.0246,0.191,0.2978,9,94.59,119.98,214.49,88,0.73,637.98,63,0.0401
live_ep_000060_RETRY_STORM,RETRY_STORM,auth-service,python-simulator,30.0,1785988980.5466309,131,0.8803,0.1197,closed,0.5204,52.04,0.812,37.87,33.66,1.46,4.76,0.0816,60.0,510.4,0.0029,0.0259,0.2851,0.248,7,103.23,138.49,210.24,83,0.7216,632.94,63,0.0417
live_ep_000060_RETRY_STORM,RETRY_STORM,auth-service,python-simulator,30.5,1785988981.0469377,136,0.99,0.01,closed,0.5439,54.39,0.5687,13.63,28.97,3.23,8.4,0.0616,2.0,525.3,0.0001,0.0193,0.2465,0.2934,8,99.69,127.94,165.61,62,0.5696,541.75,54,0.0368
live_ep_000060_RETRY_STORM,RETRY_STORM,auth-service,python-simulator,31.0,1785988981.5470157,269,0.99,0.01,closed,0.5257,52.57,0.5695,15.15,88.94,3.21,5.16,0.0833,45.34,501.8,0.0053,0.025,0.2055,0.2833,10,98.18,127.57,233.96,89,0.7041,622.43,62,0.0395
live_ep_000060_RETRY_STORM,RETRY_STORM,auth-service,python-simulator,31.5,1785988982.0473626,60,0.9507,0.0493,closed,0.5383,53.83,0.5392,19.45,49.53,4.56,6.16,0.0654,2.0,548.7,0.0046,0.0212,0.2484,0.283,6,97.01,100.57,153.68,75,0.6276,576.53,57,0.0357
live_ep_000060_RETRY_STORM,RETRY_STORM,auth-service,python-simulator,32.0,1785988982.5474758,223,0.8988,0.1012,closed,0.6028,60.28,0.7227,19.3,40.06,4.91,5.11,0.1132,32.29,517.7,0.0001,0.0372,0.2579,0.2093,9,77.56,169.94,258.6,88,0.8632,717.89,71,0.0532
live_ep_000060_RETRY_STORM,RETRY_STORM,auth-service,python-simulator,32.5,1785988983.0478237,333,0.9848,0.0152,closed,0.5978,59.78,0.6329,18.93,25.31,2.92,11.8,0.0908,24.75,542.3,0.0058,0.0273,0.2026,0.274,9,98.96,193.49,221.97,100,0.9,740.0,74,0.0518
live_ep_000060_RETRY_STORM,RETRY_STORM,auth-service,python-simulator,33.0,1785988983.5480337,159,0.99,0.01,closed,0.6776,67.76,0.7289,21.32,52.37,8.41,9.54,0.0829,12.22,497.5,0.0062,0.0251,0.2146,0.2634,11,99.09,227.21,306.43,92,0.7834,670.06,67,0.0445
live_ep_000060_RETRY_STORM,RETRY_STORM,auth-service,python-simulator,33.5,1785988984.0484354,160,0.99,0.01,closed,0.5429,54.29,0.7539,18.91,45.45,4.36,5.52,0.0993,9.08,497.3,0.01,0.0352,0.1951,0.2642,12,91.26,220.75,325.12,97,0.8843,730.6,73,0.0462
live_ep_000060_RETRY_STORM,RETRY_STORM,auth-service,python-simulator,34.0,1785988984.5489664,112,0.9899,0.0101,closed,0.607,60.7,0.5375,13.56,43.1,11.55,3.86,0.0607,47.46,529.4,0.0005,0.019,0.2124,0.2512,9,90.18,170.57,191.67,71,0.5432,525.92,52,0.0316
live_ep_000060_RETRY_STORM,RETRY_STORM,auth-service,python-simulator,34.5,1785988985.049291,121,0.9128,0.0872,closed,0.4656,46.56,0.5279,18.19,24.03,2.32,11.45,0.0667,24.98,496.7,0.005,0.0212,0.2343,0.1929,9,81.11,166.29,175.77,64,0.5827,549.62,54,0.03
live_ep_000060_RETRY_STORM,RETRY_STORM,auth-service,python-simulator,35.0,1785988985.549477,60,0.9284,0.0716,closed,0.486,48.6,0.4992,16.36,41.51,4.37,5.0,0.0838,2.0,538.8,0.0001,0.0321,0.2009,0.2799,9,89.01,183.82,208.67,94,0.7566,653.98,65,0.0411
live_ep_000060_RETRY_STORM,RETRY_STORM,auth-service,python-simulator,35.5,1785988986.0495505,286,0.989,0.011,closed,0.6238,62.38,0.635,17.4,40.25,8.16,4.72,0.0896,2.0,533.1,0.0048,0.0321,0.275,0.2402,9,91.77,107.26,234.81,90,0.8144,688.61,68,0.0581
live_ep_000060_RETRY_STORM,RETRY_STORM,auth-service,python-simulator,36.0,1785988986.54976,165,0.9627,0.0373,closed,0.6011,60.11,0.5091,24.21,20.0,4.15,4.72,0.0751,2.78,497.5,0.0005,0.0288,0.3871,0.2138,7,96.1,206.33,231.66,80,0.6996,619.79,61,0.0455
live_ep_000060_RETRY_STORM,RETRY_STORM,auth-service,python-simulator,36.5,1785988987.0500908,115,0.9789,0.0211,closed,0.5689,56.89,0.5843,20.93,34.23,8.68,4.92,0.0834,19.29,501.3,0.0016,0.0257,0.1746,0.2652,10,85.91,93.1,283.55,80,0.7795,667.71,66,0.0539
live_ep_000060_RETRY_STORM,RETRY_STORM,auth-service,python-simulator,37.0,1785988987.5503345,78,0.9873,0.0127,closed,0.438,43.8,0.4633,13.14,24.09,4.35,4.95,0.0468,13.64,517.3,0.002,0.0148,0.1757,0.2598,6,64.59,138.71,199.79,52,0.4518,471.07,47,0.0249
live_ep_000060_RETRY_STORM,RETRY_STORM,auth-service,python-simulator,37.5,1785988988.050553,210,0.99,0.01,closed,0.5486,54.86,0.5201,25.64,31.61,2.95,6.6,0.0889,32.22,525.4,0.0065,0.0268,0.3525,0.2476,8,79.48,181.87,206.18,77,0.7249,634.91,63,0.0448
live_ep_000060_RETRY_STORM,RETRY_STORM,auth-service,python-simulator,38.0,1785988988.5511007,126,0.9735,0.0265,closed,0.5262,52.62,0.4954,14.38,20.0,3.93,5.5,0.0633,2.0,522.1,0.0067,0.0238,0.1376,0.2737,6,83.36,124.11,145.96,75,0.5727,543.62,54,0.0423
live_ep_000060_RETRY_STORM,RETRY_STORM,auth-service,python-simulator,38.5,1785988989.0516596,77,0.9479,0.0521,closed,0.4671,46.71,0.5515,15.41,31.85,2.73,11.01,0.0523,2.0,495.2,0.0054,0.0207,0.2004,0.26,8,96.8,143.92,177.93,62,0.489,493.39,49,0.0301
live_ep_000060_RETRY_STORM,RETRY_STORM,auth-service,python-simulator,39.0,1785988989.5518835,167,0.8888,0.1112,closed,0.5571,55.71,0.666,18.75,41.24,3.46,8.76,0.0899,26.99,538.4,0.0007,0.0282,0.2579,0.2825,9,96.75,206.33,237.11,91,0.7315,638.88,63,0.0394
live_ep_000060_RETRY_STORM,RETRY_STORM,auth-service,python-simulator,39.5,1785988990.0521338,59,0.9761,0.0239,closed,0.5923,59.23,0.7841,21.19,69.0,8.69,8.9,0.0922,40.39,498.6,0.0068,0.0281,0.1725,0.2847,10,79.22,245.04,274.17,92,0.8424,705.44,70,0.0445
live_ep_000060_RETRY_STORM,RETRY_STORM,auth-service,python-simulator,40.0,1785988990.5524487,60,0.9602,0.0398,closed,0.4489,44.89,0.6819,19.35,44.68,2.75,5.48,0.0615,51.82,513.6,0.0001,0.0199,0.2724,0.2037,8,93.16,148.5,155.67,69,0.5721,543.27,54,0.0292
live_ep_000060_RETRY_STORM,RETRY_STORM,auth-service,python-simulator,40.5,1785988991.0528867,79,0.9849,0.0151,closed,0.4765,47.65,0.5623,16.45,25.59,3.32,4.76,0.074,11.41,510.7,0.002,0.0259,0.2726,0.284,8,95.02,159.46,163.84,67,0.598,558.8,55,0.0315
live_ep_000060_RETRY_STORM,RETRY_STORM,auth-service,python-simulator,41.0,1785988991.5529554,266,0.9517,0.0483,closed,0.6145,61.45,0.6849,22.75,34.24,5.71,6.28,0.073,28.71,518.3,0.0081,0.0231,0.2522,0.2203,7,88.74,96.67,180.5,80,0.7114,626.84,62,0.0362
live_ep_000060_RETRY_STORM,RETRY_STORM,auth-service,python-simulator,41.5,1785988992.0533257,184,0.9687,0.0313,closed,0.552,55.2,0.6243,39.28,20.9,4.1,14.02,0.0864,2.0,500.9,0.0025,0.026,0.1413,0.2352,9,88.38,194.65,238.42,89,0.7476,648.58,64,0.0419
live_ep_000060_RETRY_STORM,RETRY_STORM,auth-service,python-simulator,42.0,1785988992.553492,248,0.9512,0.0488,closed,0.4804,48.04,0.7075,16.71,39.88,5.81,4.31,0.0834,2.0,516.3,0.001,0.0273,0.1795,0.2572,11,91.27,201.59,215.72,99,0.8103,686.16,68,0.0452
live_ep_000060_RETRY_STORM,RETRY_STORM,auth-service,python-simulator,42.5,1785988993.0538316,228,0.9537,0.0463,closed,0.5993,59.93,0.7203,13.58,34.73,5.87,5.39,0.0705,3.9,528.6,0.0121,0.0217,0.249,0.2403,7,87.63,139.4,186.86,81,0.6541,592.48,59,0.0338
live_ep_000060_RETRY_STORM,RETRY_STORM,auth-service,python-simulator,43.0,1785988993.5540092,187,0.975,0.025,closed,0.4914,49.14,0.5391,14.13,31.35,7.56,6.14,0.0717,2.0,526.3,0.0016,0.0247,0.2257,0.2299,7,91.34,112.21,196.68,78,0.6597,595.85,59,0.0393
live_ep_000060_RETRY_STORM,RETRY_STORM,auth-service,python-simulator,43.5,1785988994.0545762,65,0.9511,0.0489,closed,0.631,63.1,0.664,23.3,42.2,5.34,6.38,0.0838,33.85,507.5,0.0033,0.0255,0.1747,0.2584,8,93.93,104.39,243.57,83,0.8022,681.32,68,0.0568
live_ep_000060_RETRY_STORM,RETRY_STORM,auth-service,python-simulator,44.0,1785988994.5551386,254,0.9797,0.0203,closed,0.5412,54.12,0.582,14.1,31.13,7.37,8.1,0.0693,14.7,498.4,0.0171,0.0225,0.2581,0.2986,10,90.32,153.43,184.66,74,0.6801,608.07,60,0.0383
live_ep_000060_RETRY_STORM,RETRY_STORM,auth-service,python-simulator,44.5,1785988995.0555267,255,0.9283,0.0717,closed,0.5901,59.01,0.6234,19.28,48.96,3.52,8.93,0.1098,5.1,518.2,0.0075,0.0354,0.2944,0.2152,8,81.43,161.02,198.59,103,0.8749,724.95,72,0.0461
live_ep_000060_RETRY_STORM,RETRY_STORM,auth-service,python-simulator,45.0,1785988995.555993,206,0.9045,0.0955,closed,0.5589,55.89,0.6865,22.78,29.66,5.45,9.38,0.0716,17.99,508.7,0.0007,0.0224,0.3345,0.2571,10,85.74,158.42,171.59,81,0.6495,589.7,58,0.04
live_ep_000060_RETRY_STORM,RETRY_STORM,auth-service,python-simulator,45.5,1785988996.0561283,193,0.9607,0.0393,closed,0.5469,54.69,0.6217,11.3,21.6,3.02,7.15,0.0561,7.71,497.4,0.0008,0.0179,0.2442,0.1953,5,83.57,179.77,193.21,70,0.5396,523.79,52,0.0329
live_ep_000060_RETRY_STORM,RETRY_STORM,auth-service,python-simulator,46.0,1785988996.5562081,75,0.9635,0.0365,closed,0.578,57.8,0.7194,16.18,30.01,3.96,5.28,0.0986,10.26,527.1,0.0024,0.0302,0.2107,0.2504,11,82.14,91.06,185.68,83,0.7194,631.64,63,0.04
live_ep_000060_RETRY_STORM,RETRY_STORM,auth-service,python-simulator,46.5,1785988997.056697,233,0.895,0.105,closed,0.5541,55.41,0.4686,13.65,29.11,5.34,4.37,0.0779,31.24,524.1,0.0011,0.0234,0.3083,0.2344,9,79.45,136.69,251.38,81,0.6545,592.68,59,0.0397
live_ep_000060_RETRY_STORM,RETRY_STORM,auth-service,python-simulator,47.0,1785988997.5571358,136,0.9832,0.0168,closed,0.4458,44.58,0.5251,38.47,29.03,7.47,9.67,0.0782,2.0,489.9,0.0015,0.0259,0.3746,0.2101,5,98.59,133.52,195.3,59,0.5026,501.57,50,0.0275
live_ep_000060_RETRY_STORM,RETRY_STORM,auth-service,python-simulator,47.5,1785988998.0572412,166,0.9208,0.0792,closed,0.5035,50.35,0.7139,14.06,46.01,3.43,5.14,0.0719,2.0,532.5,0.0004,0.0252,0.2962,0.2835,9,103.74,106.72,227.73,75,0.67,601.99,60,0.0348
live_ep_000060_RETRY_STORM,RETRY_STORM,auth-service,python-simulator,48.0,1785988998.557412,174,0.9749,0.0251,closed,0.4755,47.55,0.5096,14.17,20.04,3.28,4.17,0.0655,3.82,524.9,0.0016,0.0231,0.2711,0.2283,7,92.78,147.45,178.72,71,0.5279,516.75,51,0.0307
live_ep_000060_RETRY_STORM,RETRY_STORM,auth-service,python-simulator,48.5,1785988999.0576239,172,0.9383,0.0617,closed,0.6282,62.82,0.6961,22.01,24.58,3.88,7.65,0.0882,43.72,521.1,0.0076,0.0271,0.2362,0.28,11,79.18,128.06,187.48,92,0.8055,683.33,68,0.0408
live_ep_000060_RETRY_STORM,RETRY_STORM,auth-service,python-simulator,49.0,1785988999.5578945,192,0.8943,0.1057,closed,0.6036,60.36,0.447,21.4,25.8,6.0,5.02,0.0665,19.91,519.8,0.0006,0.0222,0.1524,0.216,5,98.39,144.55,153.7,59,0.4904,494.22,49,0.027
live_ep_000060_RETRY_STORM,RETRY_STORM,auth-service,python-simulator,49.5,1785989000.0583756,102,0.88,0.12,closed,0.5766,57.66,0.5681,16.03,28.54,3.86,5.01,0.0695,17.7,542.4,0.0099,0.0241,0.2849,0.2334,10,91.78,131.77,197.92,78,0.6173,570.41,57,0.0317
live_ep_000060_RETRY_STORM,RETRY_STORM,auth-service,python-simulator,50.0,1785989000.5585089,219,0.9811,0.0189,closed,0.4631,46.31,0.6467,16.03,27.19,5.66,12.61,0.0635,2.0,521.8,0.0016,0.0228,0.2086,0.2913,5,86.35,129.37,253.48,70,0.5467,528.03,52,0.0366
live_ep_000060_RETRY_STORM,RETRY_STORM,auth-service,python-simulator,50.5,1785989001.0588567,239,0.9151,0.0849,closed,0.6219,62.19,0.6488,13.98,29.88,7.04,5.56,0.0755,36.98,553.5,0.0005,0.0232,0.1719,0.2784,6,83.42,163.73,219.04,69,0.6742,604.53,60,0.0409
live_ep_000060_RETRY_STORM,RETRY_STORM,auth-service,python-simulator,51.0,1785989001.559499,49,0.88,0.12,closed,0.4941,49.41,0.6323,14.25,27.31,2.65,10.81,0.0771,6.33,537.4,0.0015,0.0263,0.2461,0.287,7,89.06,114.78,190.55,68,0.6354,581.25,58,0.0346
live_ep_000060_RETRY_STORM,RETRY_STORM,auth-service,python-simulator,51.5,1785989002.0599923,82,0.9799,0.0201,closed,0.6016,60.16,0.6316,12.6,31.75,1.88,6.07,0.0727,35.28,521.7,0.0079,0.0223,0.1849,0.2763,6,80.57,131.81,167.21,62,0.5874,552.47,55,0.0323
live_ep_000060_RETRY_STORM,RETRY_STORM,auth-service,python-simulator,52.0,1785989002.5602396,103,0.99,0.01,closed,0.4486,44.86,0.6104,14.0,39.43,4.61,6.0,0.0699,13.42,532.7,0.0038,0.0224,0.3682,0.3045,7,92.13,190.13,190.75,75,0.6212,572.72,57,0.0337
live_ep_000060_RETRY_STORM,RETRY_STORM,auth-service,python-simulator,52.5,1785989003.0608594,123,0.9822,0.0178,closed,0.4851,48.51,0.5951,20.07,47.77,2.94,5.45,0.0706,4.33,494.1,0.0012,0.0226,0.2653,0.2584,7,98.21,101.68,194.58,79,0.6029,561.72,56,0.0303
live_ep_000060_RETRY_STORM,RETRY_STORM,auth-service,python-simulator,53.0,1785989003.5611496,105,0.9248,0.0752,closed,0.699,69.9,0.5669,14.64,55.11,6.37,9.35,0.0609,14.42,505.7,0.0099,0.0211,0.117,0.2238,7,90.49,111.19,172.02,69,0.5972,558.3,55,0.0326
live_ep_000060_RETRY_STORM,RETRY_STORM,auth-service,python-simulator,53.5,1785989004.0617876,125,0.88,0.12,closed,0.6093,60.93,0.6784,17.58,32.69,2.25,7.07,0.0988,21.41,509.9,0.003,0.0315,0.3151,0.2439,11,93.59,157.99,219.01,86,0.7514,650.82,65,0.0394
live_ep_000060_RETRY_STORM,RETRY_STORM,auth-service,python-simulator,54.0,1785989004.5621963,197,0.9556,0.0444,closed,0.637,63.7,0.6455,17.41,48.71,8.14,5.64,0.1153,8.02,513.3,0.0012,0.0368,0.1431,0.2829,7,84.24,212.84,260.29,82,0.763,657.83,65,0.0394
live_ep_000060_RETRY_STORM,RETRY_STORM,auth-service,python-simulator,54.5,1785989005.0627806,237,0.99,0.01,closed,0.5903,59.03,0.5023,15.14,42.3,3.82,6.76,0.0621,35.91,527.8,0.0044,0.0187,0.2202,0.2537,9,87.38,91.15,180.77,57,0.5676,540.57,54,0.0331
live_ep_000060_RETRY_STORM,RETRY_STORM,auth-service,python-simulator,55.0,1785989005.5632408,85,0.9896,0.0104,closed,0.5435,54.35,0.6604,17.23,56.27,3.37,2.9,0.0641,60.0,550.6,0.0022,0.0197,0.2243,0.2902,6,89.5,114.72,179.87,61,0.5972,558.32,55,0.0322
live_ep_000060_RETRY_STORM,RETRY_STORM,auth-service,python-simulator,55.5,1785989006.063343,55,0.981,0.019,closed,0.4773,47.73,0.4169,9.34,23.72,3.83,6.79,0.0424,12.38,510.6,0.0009,0.0169,0.3204,0.277,5,93.56,117.67,123.73,47,0.4,440.0,44,0.021
live_ep_000060_RETRY_STORM,RETRY_STORM,auth-service,python-simulator,56.0,1785989006.5634055,235,0.9821,0.0179,closed,0.573,57.3,0.7872,24.11,30.43,4.26,7.96,0.1184,2.0,533.1,0.0025,0.0356,0.2058,0.2469,12,81.3,187.42,279.12,94,0.9,740.0,74,0.0517
live_ep_000060_RETRY_STORM,RETRY_STORM,auth-service,python-simulator,56.5,1785989007.0639498,131,0.9342,0.0658,closed,0.5316,53.16,0.5205,17.6,56.64,4.25,8.72,0.0786,12.73,541.5,0.0007,0.0248,0.2277,0.2256,10,98.51,138.28,184.0,89,0.7179,630.76,63,0.0458
live_ep_000060_RETRY_STORM,RETRY_STORM,auth-service,python-simulator,57.0,1785989007.5641627,124,0.99,0.01,closed,0.5709,57.09,0.5396,16.26,39.3,3.73,8.18,0.0874,44.78,487.2,0.0015,0.0271,0.352,0.2796,6,76.22,193.46,250.79,77,0.591,554.57,55,0.0346
live_ep_000060_RETRY_STORM,RETRY_STORM,auth-service,python-simulator,57.5,1785989008.064702,238,0.99,0.01,closed,0.6108,61.08,0.8438,18.88,33.06,3.86,6.51,0.0724,3.42,515.0,0.0001,0.0226,0.3893,0.2367,5,96.6,168.24,180.79,62,0.5819,549.15,54,0.034
live_ep_000060_RETRY_STORM,RETRY_STORM,auth-service,python-simulator,58.0,1785989008.5654142,155,0.9889,0.0111,closed,0.5316,53.16,0.5783,13.0,22.29,2.64,4.83,0.0637,15.37,524.5,0.0085,0.0217,0.2756,0.2663,7,81.86,152.63,192.74,74,0.6245,574.73,57,0.0378
live_ep_000060_RETRY_STORM,RETRY_STORM,auth-service,python-simulator,58.5,1785989009.0654972,203,0.9761,0.0239,closed,0.5122,51.22,0.6322,14.78,63.89,8.01,9.26,0.0735,2.0,515.9,0.0136,0.0264,0.2178,0.2277,10,78.22,111.27,297.99,85,0.6957,617.43,61,0.0402
live_ep_000060_RETRY_STORM,RETRY_STORM,auth-service,python-simulator,59.0,1785989009.5660305,195,0.88,0.12,closed,0.4852,48.52,0.5799,13.9,22.02,4.17,8.27,0.0817,2.0,516.4,0.0034,0.0299,0.3133,0.2748,9,89.81,154.56,198.47,68,0.6094,565.64,56,0.0324
live_ep_000060_RETRY_STORM,RETRY_STORM,auth-service,python-simulator,59.5,1785989010.0663972,211,0.9005,0.0995,closed,0.6106,61.06,0.6028,16.69,22.41,7.49,9.1,0.0789,27.68,513.6,0.0073,0.0289,0.192,0.2986,10,89.4,104.52,229.83,67,0.6481,588.83,58,0.043
live_ep_000061_NONE,NONE,order-service,python-simulator,0.0,1785989010.568773,75,0.9146,0.0854,closed,0.2784,27.84,0.3155,4.93,12.69,5.47,5.7,0.003,27.8,510.6,0.0061,0.0039,0.3328,0.2181,0,79.01,103.99,108.91,18,0.0216,186.85,10,0.0089
live_ep_000061_NONE,NONE,order-service,python-simulator,0.5,1785989011.069273,77,0.99,0.01,closed,0.3192,31.92,0.4047,23.38,10.39,2.54,11.55,0.0091,10.1,492.1,0.0073,0.0005,0.2081,0.1901,1,107.68,121.92,123.46,16,0.013,203.98,2,0.0117
live_ep_000061_NONE,NONE,order-service,python-simulator,1.0,1785989011.569657,90,0.8909,0.1091,closed,0.3466,34.66,0.4527,3.51,21.25,2.34,10.09,0.0057,4.69,519.0,0.0061,0.0009,0.1342,0.2815,2,84.46,95.08,111.48,15,0.0246,202.93,6,0.0033
live_ep_000061_NONE,NONE,order-service,python-simulator,1.5,1785989012.0700624,109,0.9682,0.0318,closed,0.3401,34.01,0.3906,2.03,18.5,4.86,4.95,0.033,15.21,557.8,0.0004,0.0008,0.1855,0.2541,2,85.03,115.46,134.29,17,0.0432,167.69,12,0.0014
live_ep_000061_NONE,NONE,order-service,python-simulator,2.0,1785989012.570595,47,0.9403,0.0597,closed,0.3465,34.65,0.3216,4.36,27.2,3.06,6.4,0.0008,17.32,492.0,0.001,0.0007,0.291,0.2849,1,94.99,101.29,114.91,4,0.0321,202.04,4,0.0001
live_ep_000061_NONE,NONE,order-service,python-simulator,2.5,1785989013.0712223,29,0.9869,0.0131,closed,0.2476,24.76,0.4558,8.6,22.26,3.47,9.45,0.0019,39.85,554.7,0.0017,0.0039,0.3806,0.2448,1,89.19,119.5,132.01,13,0.0112,203.49,7,0.0008
live_ep_000061_NONE,NONE,order-service,python-simulator,3.0,1785989013.5715733,50,0.9094,0.0906,closed,0.3004,30.04,0.2296,13.81,27.71,5.96,5.85,0.0059,43.91,501.0,0.0063,0.0033,0.3152,0.2867,4,91.44,90.29,88.88,11,0.0062,184.62,5,0.0075
live_ep_000061_NONE,NONE,order-service,python-simulator,3.5,1785989014.0719342,110,0.9251,0.0749,closed,0.3629,36.29,0.397,5.27,18.72,3.35,9.4,0.0052,2.0,487.9,0.0072,0.001,0.2311,0.2207,2,88.11,91.15,103.38,9,0.1,201.26,11,0.0007
live_ep_000061_NONE,NONE,order-service,python-simulator,4.0,1785989014.5720558,26,0.88,0.12,closed,0.3385,33.85,0.4314,0.98,26.0,1.66,4.62,0.0102,2.0,492.2,0.0025,0.0016,0.2683,0.2337,0,98.32,101.4,105.77,14,0.0021,169.33,14,0.0028
live_ep_000061_NONE,NONE,order-service,python-simulator,4.5,1785989015.0723825,80,0.99,0.01,closed,0.2576,25.76,0.3232,0.5,24.01,8.19,7.03,0.0005,2.89,495.4,0.0046,0.0008,0.2945,0.271,3,96.9,118.72,128.14,16,0.0578,192.86,10,0.0018
live_ep_000061_NONE,NONE,order-service,python-simulator,5.0,1785989015.5725152,70,0.99,0.01,closed,0.3156,31.56,0.3345,6.26,25.91,3.88,12.92,0.0086,12.38,513.2,0.0011,0.0026,0.2263,0.2572,3,91.48,102.04,110.84,3,0.0068,189.86,0,0.0021
live_ep_000061_NONE,NONE,order-service,python-simulator,5.5,1785989016.0727963,47,0.9781,0.0219,closed,0.3388,33.88,0.3921,3.24,21.49,6.79,5.74,0.0311,4.77,500.1,0.0008,0.0005,0.145,0.2647,4,96.97,103.77,118.23,4,0.0148,185.95,2,0.002
live_ep_000061_NONE,NONE,order-service,python-simulator,6.0,1785989016.573109,78,0.9474,0.0526,closed,0.3125,31.25,0.2148,5.47,19.12,5.28,4.88,0.011,37.14,486.1,0.0063,0.0018,0.1461,0.2336,0,107.57,114.68,122.4,1,0.035,246.47,7,0.0013
live_ep_000061_NONE,NONE,order-service,python-simulator,6.5,1785989017.0732155,40,0.9742,0.0258,closed,0.4028,40.28,0.3341,4.47,14.81,3.37,5.8,0.0141,3.5,492.4,0.0024,0.0002,0.1517,0.2287,2,82.12,126.05,134.72,9,0.0782,175.81,13,0.0135
live_ep_000061_NONE,NONE,order-service,python-simulator,7.0,1785989017.5734444,114,0.99,0.01,closed,0.285,28.5,0.3823,4.94,16.24,2.75,6.33,0.0072,4.21,506.5,0.0087,0.0016,0.1631,0.2374,3,88.62,96.07,136.79,13,0.0137,209.08,14,0.0011
live_ep_000061_NONE,NONE,order-service,python-simulator,7.5,1785989018.0739763,98,0.9473,0.0527,closed,0.4992,49.92,0.3118,2.48,22.6,2.75,7.71,0.002,16.69,471.0,0.0005,0.0031,0.1119,0.211,2,77.69,94.76,101.59,15,0.0769,177.38,7,0.0005
live_ep_000061_NONE,NONE,order-service,python-simulator,8.0,1785989018.5743716,24,0.99,0.01,closed,0.351,35.1,0.3207,5.13,26.17,5.91,14.54,0.0061,10.21,534.2,0.0026,0.0002,0.2094,0.2672,4,88.62,88.72,89.07,6,0.0075,185.2,9,0.0051
live_ep_000061_NONE,NONE,order-service,python-simulator,8.5,1785989019.0746047,31,0.9843,0.0157,closed,0.2715,27.15,0.3298,4.52,21.1,5.28,8.02,0.0115,13.78,515.5,0.003,0.0002,0.2067,0.2502,2,105.77,110.31,123.1,1,0.0274,204.3,8,0.003
live_ep_000061_NONE,NONE,order-service,python-simulator,9.0,1785989019.5749447,88,0.8898,0.1102,closed,0.2926,29.26,0.2321,12.09,19.88,3.37,6.82,0.0125,6.61,500.9,0.0065,0.0002,0.2486,0.2939,0,74.62,107.93,108.69,9,0.1,223.58,10,0.0017
live_ep_000061_NONE,NONE,order-service,python-simulator,9.5,1785989020.0753171,70,0.9828,0.0172,closed,0.3191,31.91,0.3526,3.73,20.21,2.93,10.2,0.0192,2.0,501.2,0.0012,0.0002,0.2811,0.1914,4,85.09,103.37,117.34,15,0.0456,188.28,4,0.0019
live_ep_000061_NONE,NONE,order-service,python-simulator,10.0,1785989020.5756607,52,0.9559,0.0441,closed,0.2703,27.03,0.402,11.82,33.98,6.03,5.29,0.0113,20.78,507.0,0.0066,0.0002,0.2246,0.2549,3,75.12,107.43,126.28,10,0.0113,179.11,2,0.002
live_ep_000061_NONE,NONE,order-service,python-simulator,10.5,1785989021.0759013,94,0.8991,0.1009,closed,0.4181,41.81,0.3505,5.2,16.72,5.1,4.7,0.0112,9.87,497.0,0.01,0.0005,0.3288,0.1975,1,78.48,121.27,132.78,11,0.0179,197.19,12,0.0022
live_ep_000061_NONE,NONE,order-service,python-simulator,11.0,1785989021.5761397,63,0.9783,0.0217,closed,0.4633,46.33,0.4022,2.99,15.75,4.01,7.68,0.0095,2.0,510.6,0.002,0.0014,0.2285,0.2344,1,86.22,99.39,104.22,15,0.1,185.79,7,0.0057
live_ep_000061_NONE,NONE,order-service,python-simulator,11.5,1785989022.0763602,60,0.9677,0.0323,closed,0.3397,33.97,0.206,3.07,18.06,4.83,12.28,0.0022,29.85,525.0,0.0005,0.0035,0.1594,0.3189,1,85.68,86.15,118.56,16,0.0686,179.66,3,0.0035
live_ep_000061_NONE,NONE,order-service,python-simulator,12.0,1785989022.5765288,40,0.9188,0.0812,closed,0.3291,32.91,0.3736,0.5,19.83,3.43,6.8,0.027,34.26,526.1,0.0019,0.0019,0.2783,0.2777,3,83.12,104.45,119.47,3,0.0919,184.13,13,0.0032
live_ep_000061_NONE,NONE,order-service,python-simulator,12.5,1785989023.076708,26,0.9852,0.0148,closed,0.3307,33.07,0.3617,3.11,19.87,3.42,7.03,0.003,9.92,495.2,0.0092,0.0006,0.3079,0.2453,1,99.43,97.05,91.92,0,0.0654,206.19,2,0.0065
live_ep_000061_NONE,NONE,order-service,python-simulator,13.0,1785989023.5768862,103,0.9479,0.0521,closed,0.341,34.1,0.2885,4.01,18.74,2.93,5.81,0.0243,43.88,506.1,0.0,0.0023,0.3192,0.224,0,86.49,103.83,104.39,0,0.0485,180.3,14,0.01
live_ep_000061_NONE,NONE,order-service,python-simulator,13.5,1785989024.077285,92,0.9583,0.0417,closed,0.2421,24.21,0.2691,4.72,31.82,4.22,9.48,0.0043,2.0,509.5,0.0024,0.0012,0.2589,0.2608,3,92.78,107.71,117.8,13,0.1,201.9,12,0.0004
live_ep_000061_NONE,NONE,order-service,python-simulator,14.0,1785989024.5778184,103,0.9686,0.0314,closed,0.3169,31.69,0.3324,7.95,35.65,3.81,16.22,0.0152,3.98,469.6,0.0041,0.0013,0.1839,0.2606,2,74.84,93.31,129.78,2,0.0397,183.49,12,0.0079
live_ep_000061_NONE,NONE,order-service,python-simulator,14.5,1785989025.0781438,89,0.9801,0.0199,closed,0.3929,39.29,0.4102,8.52,21.37,2.57,13.39,0.0189,14.57,515.1,0.0073,0.0042,0.1234,0.2222,3,95.77,103.59,118.1,2,0.0016,186.46,13,0.0057
live_ep_000061_NONE,NONE,order-service,python-simulator,15.0,1785989025.5786123,36,0.9883,0.0117,closed,0.3208,32.08,0.262,0.5,17.26,3.84,15.04,0.0199,29.81,538.9,0.0019,0.0029,0.1394,0.3015,2,81.85,123.77,134.81,16,0.0036,197.19,1,0.0118
live_ep_000061_NONE,NONE,order-service,python-simulator,15.5,1785989026.0791419,78,0.9874,0.0126,closed,0.4149,41.49,0.457,5.83,19.85,3.96,4.82,0.0051,10.92,518.6,0.0054,0.0036,0.1605,0.2426,0,89.69,105.35,111.67,12,0.0706,192.99,4,0.0033
live_ep_000061_NONE,NONE,order-service,python-simulator,16.0,1785989026.5794263,67,0.9837,0.0163,closed,0.3125,31.25,0.476,1.77,14.56,4.12,9.29,0.0135,24.54,485.3,0.0003,0.0009,0.3935,0.2647,3,95.15,97.34,119.52,14,0.0163,225.69,3,0.0046
live_ep_000061_NONE,NONE,order-service,python-simulator,16.5,1785989027.079894,83,0.9426,0.0574,closed,0.4053,40.53,0.4554,2.04,22.67,6.75,11.6,0.0075,6.19,502.3,0.0135,0.0048,0.2524,0.2098,1,87.69,90.88,109.54,1,0.0102,222.96,2,0.0029
live_ep_000061_NONE,NONE,order-service,python-simulator,17.0,1785989027.5804358,77,0.9664,0.0336,closed,0.3561,35.61,0.4827,1.33,13.62,5.75,7.52,0.002,6.19,484.6,0.0207,0.0006,0.235,0.1924,3,94.2,125.64,126.58,7,0.0281,175.88,4,0.0032
live_ep_000061_NONE,NONE,order-service,python-simulator,17.5,1785989028.080765,40,0.9697,0.0303,closed,0.3321,33.21,0.2275,2.42,24.54,3.26,8.89,0.0127,14.57,523.2,0.0014,0.0005,0.1916,0.2676,2,86.63,108.59,110.1,16,0.0281,187.0,0,0.0049
live_ep_000061_NONE,NONE,order-service,python-simulator,18.0,1785989028.5811656,110,0.99,0.01,closed,0.2812,28.12,0.3124,11.05,11.72,3.48,5.36,0.0181,9.07,478.8,0.0023,0.0017,0.2296,0.1847,3,82.67,109.12,119.8,0,0.0019,218.66,1,0.0078
live_ep_000061_NONE,NONE,order-service,python-simulator,18.5,1785989029.081279,56,0.9873,0.0127,closed,0.3031,30.31,0.2265,1.06,19.95,3.86,7.3,0.0044,9.82,480.5,0.0031,0.0027,0.2149,0.2415,4,93.11,116.06,124.54,7,0.0152,188.92,1,0.0014
live_ep_000061_NONE,NONE,order-service,python-simulator,19.0,1785989029.5817971,65,0.99,0.01,closed,0.3399,33.99,0.364,9.94,26.62,3.21,4.88,0.0031,2.0,485.0,0.0419,0.0023,0.2604,0.2538,3,89.24,115.96,146.84,14,0.0404,179.23,14,0.0008
live_ep_000061_NONE,NONE,order-service,python-simulator,19.5,1785989030.0819318,115,0.88,0.12,closed,0.2478,24.78,0.1181,0.76,10.55,3.67,5.72,0.0102,8.55,495.4,0.0057,0.0044,0.3096,0.23,0,99.05,102.16,125.74,2,0.0007,218.6,11,0.0014
live_ep_000061_NONE,NONE,order-service,python-simulator,20.0,1785989030.5823963,62,0.99,0.01,closed,0.3304,33.04,0.4196,0.5,9.76,3.03,4.11,0.0087,10.27,554.6,0.0006,0.0039,0.2344,0.2981,4,98.74,127.21,130.49,0,0.0505,183.08,9,0.0003
live_ep_000061_NONE,NONE,order-service,python-simulator,20.5,1785989031.0825148,90,0.9847,0.0153,closed,0.3505,35.05,0.2569,2.33,12.43,3.43,8.33,0.0073,8.09,490.5,0.0025,0.0003,0.2291,0.2249,0,95.02,114.91,123.2,1,0.019,220.28,5,0.0006
live_ep_000061_NONE,NONE,order-service,python-simulator,21.0,1785989031.5826156,108,0.9703,0.0297,closed,0.4321,43.21,0.4075,3.18,12.3,4.45,6.84,0.0046,2.0,513.8,0.0032,0.0053,0.1757,0.199,4,78.04,85.2,121.18,14,0.0245,222.29,2,0.0028
live_ep_000061_NONE,NONE,order-service,python-simulator,21.5,1785989032.0827656,100,0.9501,0.0499,closed,0.3747,37.47,0.2724,7.5,28.42,2.0,6.76,0.0066,5.45,505.0,0.0019,0.0004,0.2389,0.2208,0,85.07,102.44,121.44,8,0.1,198.66,6,0.0036
live_ep_000061_NONE,NONE,order-service,python-simulator,22.0,1785989032.5832536,24,0.9544,0.0456,closed,0.4476,44.76,0.1503,0.57,15.66,5.97,6.21,0.0032,7.82,505.1,0.012,0.0009,0.2109,0.226,0,101.51,129.4,130.19,10,0.0182,197.91,9,0.0014
live_ep_000061_NONE,NONE,order-service,python-simulator,22.5,1785989033.0836556,82,0.895,0.105,closed,0.3255,32.55,0.4279,1.58,20.42,9.32,7.11,0.0024,2.59,501.5,0.0015,0.0011,0.2062,0.2213,2,89.46,92.27,137.36,14,0.0291,200.29,0,0.0028
live_ep_000061_NONE,NONE,order-service,python-simulator,23.0,1785989033.5839882,38,0.9716,0.0284,closed,0.3322,33.22,0.293,2.6,27.36,4.17,4.34,0.0052,23.07,504.8,0.0129,0.0016,0.2238,0.2507,1,83.22,102.22,105.28,17,0.039,224.05,7,0.0052
live_ep_000061_NONE,NONE,order-service,python-simulator,23.5,1785989034.0845613,112,0.99,0.01,closed,0.3874,38.74,0.3132,8.87,20.71,4.04,5.18,0.0036,20.47,516.3,0.001,0.0018,0.2504,0.2279,1,68.53,80.38,95.31,17,0.0224,185.41,9,0.0003
live_ep_000061_NONE,NONE,order-service,python-simulator,24.0,1785989034.5848203,53,0.9422,0.0578,closed,0.3189,31.89,0.4446,3.02,16.95,3.57,10.79,0.0073,7.08,487.7,0.0036,0.0017,0.3052,0.2053,1,92.07,115.76,129.0,14,0.0174,207.68,13,0.0033
live_ep_000061_NONE,NONE,order-service,python-simulator,24.5,1785989035.085232,92,0.919,0.081,closed,0.3705,37.05,0.3419,12.21,19.23,5.46,9.22,0.0338,2.0,532.0,0.0003,0.0002,0.2443,0.2293,2,92.02,109.74,115.39,3,0.0479,212.97,12,0.0157
live_ep_000061_NONE,NONE,order-service,python-simulator,25.0,1785989035.5858147,27,0.99,0.01,closed,0.3247,32.47,0.1751,0.97,17.42,7.9,5.35,0.0165,9.1,497.5,0.0039,0.0032,0.302,0.202,1,93.3,100.53,141.58,2,0.0586,195.8,6,0.0068
live_ep_000061_NONE,NONE,order-service,python-simulator,25.5,1785989036.0863242,81,0.8845,0.1155,closed,0.3286,32.86,0.3215,2.56,19.87,9.39,8.2,0.0058,35.1,461.5,0.0124,0.0006,0.2609,0.2266,4,66.8,104.1,113.64,18,0.1,221.13,0,0.012
live_ep_000061_NONE,NONE,order-service,python-simulator,26.0,1785989036.5867267,57,0.9896,0.0104,closed,0.3723,37.23,0.4099,5.09,29.91,5.59,8.39,0.0069,17.78,491.4,0.0099,0.0001,0.1992,0.3107,1,91.42,110.03,130.51,18,0.0156,215.1,5,0.0007
live_ep_000061_NONE,NONE,order-service,python-simulator,26.5,1785989037.0868213,88,0.9445,0.0555,closed,0.4411,44.11,0.2699,1.23,14.76,5.11,9.44,0.0099,21.48,528.5,0.0078,0.0009,0.1751,0.2134,3,91.05,127.35,148.15,15,0.1,201.3,3,0.011
live_ep_000061_NONE,NONE,order-service,python-simulator,27.0,1785989037.5870476,110,0.88,0.12,closed,0.413,41.3,0.3077,1.44,19.97,3.55,4.56,0.029,4.17,549.5,0.0011,0.0061,0.0833,0.212,4,87.4,109.71,114.0,18,0.0786,171.18,1,0.0002
live_ep_000061_NONE,NONE,order-service,python-simulator,27.5,1785989038.0872414,74,0.936,0.064,closed,0.3079,30.79,0.4616,2.01,23.68,7.0,5.04,0.0344,16.63,517.2,0.0065,0.0026,0.2079,0.3075,3,82.66,97.84,120.96,11,0.0224,167.64,11,0.0039
live_ep_000061_NONE,NONE,order-service,python-simulator,28.0,1785989038.587313,73,0.9437,0.0563,closed,0.4261,42.61,0.3319,11.6,22.84,3.76,11.02,0.008,34.8,523.1,0.0085,0.0032,0.1847,0.2201,1,86.45,92.28,126.35,18,0.0082,212.21,4,0.0011
live_ep_000061_NONE,NONE,order-service,python-simulator,28.5,1785989039.0878294,67,0.88,0.12,closed,0.309,30.9,0.43,3.38,31.72,4.84,9.28,0.0087,10.77,522.6,0.006,0.0004,0.2046,0.2465,4,107.13,107.12,105.45,8,0.0083,207.18,1,0.0029
live_ep_000061_NONE,NONE,order-service,python-simulator,29.0,1785989039.5880427,119,0.972,0.028,closed,0.2224,22.24,0.4541,2.02,31.22,5.23,5.35,0.0075,4.69,519.6,0.0043,0.0068,0.2372,0.2621,0,87.88,112.02,116.77,3,0.0504,232.16,14,0.0052
live_ep_000061_NONE,NONE,order-service,python-simulator,29.5,1785989040.0881505,114,0.99,0.01,closed,0.4026,40.26,0.3664,0.5,18.53,5.6,5.3,0.0091,16.6,515.1,0.0002,0.0015,0.1768,0.2857,1,91.64,100.03,120.86,17,0.0191,252.9,8,0.0063
live_ep_000061_NONE,NONE,order-service,python-simulator,30.0,1785989040.5886524,102,0.9431,0.0569,closed,0.1995,19.95,0.275,3.04,19.71,8.31,4.35,0.0062,8.83,498.3,0.0005,0.0013,0.2527,0.2188,2,94.26,99.24,123.34,10,0.0939,201.64,6,0.0023
live_ep_000061_NONE,NONE,order-service,python-simulator,30.5,1785989041.08888,55,0.9808,0.0192,closed,0.4212,42.12,0.4734,0.5,23.55,4.64,4.61,0.0152,9.13,548.7,0.0033,0.0019,0.368,0.2678,3,88.22,95.66,95.9,0,0.01,198.69,8,0.0044
live_ep_000061_NONE,NONE,order-service,python-simulator,31.0,1785989041.5890012,61,0.9518,0.0482,closed,0.3199,31.99,0.4017,13.4,26.19,6.7,8.06,0.0071,16.5,532.5,0.0089,0.0038,0.1553,0.3329,2,98.22,100.74,122.07,4,0.0553,209.31,12,0.0046
live_ep_000061_NONE,NONE,order-service,python-simulator,31.5,1785989042.0895007,81,0.967,0.033,closed,0.3745,37.45,0.3771,0.5,9.74,5.99,12.02,0.007,6.09,548.5,0.0077,0.0015,0.2891,0.226,3,100.28,99.27,95.38,15,0.0357,182.92,10,0.005
live_ep_000061_NONE,NONE,order-service,python-simulator,32.0,1785989042.5897675,87,0.9327,0.0673,closed,0.3531,35.31,0.4203,1.94,21.84,5.54,12.76,0.0135,4.1,504.3,0.0012,0.0002,0.2932,0.2386,3,99.94,109.7,115.44,6,0.0333,181.4,8,0.001
live_ep_000061_NONE,NONE,order-service,python-simulator,32.5,1785989043.0901675,109,0.99,0.01,closed,0.3572,35.72,0.3112,1.79,20.59,4.09,3.56,0.0064,39.29,477.5,0.0277,0.0,0.2587,0.2499,4,89.04,118.87,122.85,19,0.0484,164.22,12,0.005
live_ep_000061_NONE,NONE,order-service,python-simulator,33.0,1785989043.590353,84,0.88,0.12,closed,0.3703,37.03,0.427,0.5,17.03,2.2,11.84,0.0061,16.14,495.7,0.0014,0.0005,0.2394,0.2436,0,99.43,102.77,129.92,3,0.019,159.82,8,0.0038
live_ep_000061_NONE,NONE,order-service,python-simulator,33.5,1785989044.09063,112,0.99,0.01,closed,0.3345,33.45,0.3324,6.36,13.75,5.59,4.8,0.011,8.0,479.2,0.0,0.0006,0.2762,0.2362,4,96.62,134.1,144.71,10,0.0114,201.04,10,0.0034
live_ep_000061_NONE,NONE,order-service,python-simulator,34.0,1785989044.5910838,114,0.9096,0.0904,closed,0.3136,31.36,0.2555,1.8,35.53,6.14,6.26,0.0036,27.19,543.7,0.0017,0.0009,0.2676,0.2019,1,96.2,104.68,117.1,15,0.0388,204.12,4,0.0043
live_ep_000061_NONE,NONE,order-service,python-simulator,34.5,1785989045.0915701,91,0.9251,0.0749,closed,0.4262,42.62,0.331,23.48,17.25,4.21,4.1,0.0057,22.06,515.8,0.0072,0.0022,0.3147,0.2484,1,88.06,93.82,122.85,9,0.0028,235.62,7,0.0029
