episode_id,failure_mode,service,source,elapsed_s,timestamp,active_connections,cache_hit_rate,cache_miss_rate,circuit_breaker_state,cpu_saturation,cpu_utilization,db_connection_pool,db_connection_wait,db_p99,disk_read_latency,disk_write_latency,error_rate,gc_pause_p99,heap_mb,http_4xx_rate,http_5xx_rate,iops_utilization,memory_utilization,network_errors,p50_latency,p95_latency,p99_latency,queue_lag,retry_count_per_request,rps,thread_pool_queue,upstream_timeout_rate
live_ep_000013_BAD_DEPLOY,BAD_DEPLOY,inventory-service,python-simulator,0.0,1785925240.0532446,70,0.9045,0.0955,closed,0.3647,36.47,0.3522,0.5,20.04,5.81,9.76,0.0045,6.66,549.2,0.0089,0.0012,0.1833,0.2648,0,91.13,96.38,106.53,10,0.0337,164.4,5,0.0149
live_ep_000013_BAD_DEPLOY,BAD_DEPLOY,inventory-service,python-simulator,0.5,1785925240.5537093,28,0.9831,0.0169,closed,0.351,35.1,0.4054,1.32,27.51,2.48,6.59,0.0079,37.85,519.7,0.0051,0.0014,0.2321,0.2487,4,86.88,111.1,124.43,4,0.0047,212.89,13,0.0039
live_ep_000013_BAD_DEPLOY,BAD_DEPLOY,inventory-service,python-simulator,1.0,1785925241.0539067,75,0.969,0.031,closed,0.4124,41.24,0.3929,7.34,19.75,4.32,8.03,0.0129,12.57,510.8,0.005,0.0058,0.1274,0.2222,1,77.37,77.5,154.13,5,0.0631,182.8,13,0.0012
live_ep_000013_BAD_DEPLOY,BAD_DEPLOY,inventory-service,python-simulator,1.5,1785925241.5540376,55,0.99,0.01,closed,0.3233,32.33,0.3281,0.69,16.9,3.39,4.92,0.0025,11.48,503.2,0.0048,0.0009,0.2357,0.2895,3,83.34,89.42,96.18,17,0.0263,179.11,7,0.0004
live_ep_000013_BAD_DEPLOY,BAD_DEPLOY,inventory-service,python-simulator,2.0,1785925242.0541427,60,0.88,0.12,closed,0.3485,34.85,0.3575,2.57,10.48,4.24,3.65,0.0124,28.89,486.8,0.0015,0.0029,0.2921,0.2403,1,82.85,94.63,97.91,17,0.0527,224.08,11,0.0006
live_ep_000013_BAD_DEPLOY,BAD_DEPLOY,inventory-service,python-simulator,2.5,1785925242.5542428,88,0.9627,0.0373,closed,0.3138,31.38,0.4403,0.81,28.86,5.69,10.1,0.0063,49.12,496.6,0.0092,0.0026,0.202,0.2505,1,88.45,131.16,136.91,6,0.0283,203.94,1,0.0031
live_ep_000013_BAD_DEPLOY,BAD_DEPLOY,inventory-service,python-simulator,3.0,1785925243.054514,55,0.9381,0.0619,closed,0.4406,44.06,0.3684,5.87,14.41,2.64,7.22,0.0018,11.64,496.0,0.0036,0.002,0.1912,0.2513,3,91.59,104.5,122.69,14,0.0537,212.83,5,0.0007
live_ep_000013_BAD_DEPLOY,BAD_DEPLOY,inventory-service,python-simulator,3.5,1785925243.5550807,105,0.9068,0.0932,open,0.3795,37.95,0.2898,4.13,20.04,3.51,6.18,0.5755,4.65,521.9,0.2302,0.3453,0.2084,0.2888,12,94.69,148.28,156.35,18,0.2302,192.7,9,0.0066
live_ep_000013_BAD_DEPLOY,BAD_DEPLOY,inventory-service,python-simulator,4.0,1785925244.055562,84,0.9444,0.0556,open,0.3121,31.21,0.4626,3.34,19.4,6.07,14.19,0.5959,2.0,500.9,0.2384,0.3575,0.2836,0.2154,12,89.86,92.94,140.67,6,0.2384,194.89,4,0.0013
live_ep_000013_BAD_DEPLOY,BAD_DEPLOY,inventory-service,python-simulator,4.5,1785925244.556054,39,0.9799,0.0201,open,0.3003,30.03,0.433,2.08,22.62,3.44,12.82,0.6568,52.65,506.3,0.2627,0.3941,0.2619,0.2523,14,90.28,148.65,149.13,15,0.2627,218.66,8,0.0012
live_ep_000013_BAD_DEPLOY,BAD_DEPLOY,inventory-service,python-simulator,5.0,1785925245.0563898,76,0.983,0.017,open,0.276,27.6,0.613,2.82,26.61,3.25,6.86,0.644,12.74,534.9,0.2576,0.3864,0.1514,0.2625,15,89.92,118.53,127.19,11,0.2576,167.96,0,0.006
live_ep_000013_BAD_DEPLOY,BAD_DEPLOY,inventory-service,python-simulator,5.5,1785925245.5565412,117,0.9698,0.0302,open,0.4154,41.54,0.2501,6.49,12.58,3.34,6.24,0.5596,4.99,484.5,0.2238,0.3358,0.2853,0.1976,14,91.64,126.4,157.57,14,0.2238,196.44,13,0.014
live_ep_000013_BAD_DEPLOY,BAD_DEPLOY,inventory-service,python-simulator,6.0,1785925246.05714,48,0.981,0.019,open,0.4274,42.74,0.251,0.5,15.56,2.91,5.03,0.6748,23.82,539.7,0.2699,0.4049,0.2462,0.28,13,78.44,97.07,148.93,18,0.2699,192.84,9,0.0015
live_ep_000013_BAD_DEPLOY,BAD_DEPLOY,inventory-service,python-simulator,6.5,1785925246.55742,98,0.9764,0.0236,open,0.3617,36.17,0.3967,2.81,32.68,6.48,6.07,0.5338,46.65,486.3,0.2135,0.3203,0.3346,0.2202,13,85.55,121.84,146.77,13,0.2135,225.49,11,0.0001
live_ep_000013_BAD_DEPLOY,BAD_DEPLOY,inventory-service,python-simulator,7.0,1785925247.0577815,26,0.99,0.01,open,0.298,29.8,0.2346,0.56,30.33,5.4,6.66,0.6467,32.5,492.6,0.2587,0.388,0.1545,0.2821,12,83.29,125.84,139.74,1,0.2587,201.22,8,0.0018
live_ep_000013_BAD_DEPLOY,BAD_DEPLOY,inventory-service,python-simulator,7.5,1785925247.5580611,113,0.9774,0.0226,open,0.3223,32.23,0.3539,18.77,24.82,5.02,8.71,0.6802,26.26,518.3,0.2721,0.4081,0.2422,0.2333,13,81.24,111.01,112.38,18,0.2721,201.3,9,0.0103
live_ep_000013_BAD_DEPLOY,BAD_DEPLOY,inventory-service,python-simulator,8.0,1785925248.0585668,103,0.99,0.01,open,0.3137,31.37,0.313,5.94,12.3,4.4,4.7,0.7455,26.53,483.1,0.2982,0.4473,0.2538,0.2634,17,90.87,100.39,100.72,13,0.2982,194.63,9,0.0017
live_ep_000013_BAD_DEPLOY,BAD_DEPLOY,inventory-service,python-simulator,8.5,1785925248.5706265,112,0.88,0.12,open,0.3764,37.64,0.2596,5.41,13.31,3.5,4.07,0.5202,2.0,470.3,0.2081,0.3121,0.3129,0.1895,11,98.23,133.89,136.22,15,0.2081,189.3,11,0.0045
live_ep_000013_BAD_DEPLOY,BAD_DEPLOY,inventory-service,python-simulator,9.0,1785925249.0710278,113,0.9576,0.0424,open,0.3033,30.33,0.313,0.64,40.06,4.2,16.26,0.6381,52.48,536.3,0.2552,0.3828,0.2861,0.2205,15,119.38,138.16,144.59,0,0.2552,197.24,7,0.005
live_ep_000013_BAD_DEPLOY,BAD_DEPLOY,inventory-service,python-simulator,9.5,1785925249.5713956,40,0.9867,0.0133,open,0.3362,33.62,0.3679,0.8,17.73,4.0,5.58,0.6868,3.21,507.2,0.2747,0.4121,0.2972,0.2225,15,93.39,110.58,161.32,17,0.2747,213.32,10,0.0006
live_ep_000013_BAD_DEPLOY,BAD_DEPLOY,inventory-service,python-simulator,10.0,1785925250.0722585,47,0.9857,0.0143,open,0.2858,28.58,0.3339,0.96,18.05,5.24,8.52,0.4895,4.01,536.4,0.1958,0.2937,0.2583,0.2411,12,87.87,116.88,131.0,13,0.1958,212.69,0,0.0045
live_ep_000013_BAD_DEPLOY,BAD_DEPLOY,inventory-service,python-simulator,10.5,1785925250.5725079,80,0.927,0.073,open,0.3612,36.12,0.2704,0.5,15.77,6.71,6.24,0.6212,28.13,559.4,0.2485,0.3727,0.3238,0.2746,12,76.25,172.27,172.94,5,0.2485,195.27,1,0.0067
live_ep_000013_BAD_DEPLOY,BAD_DEPLOY,inventory-service,python-simulator,11.0,1785925251.072575,28,0.9731,0.0269,open,0.3257,32.57,0.2292,2.24,17.31,3.39,3.02,0.6439,17.76,540.8,0.2576,0.3864,0.1875,0.2314,12,83.14,83.7,148.11,13,0.2576,194.93,5,0.0053
live_ep_000013_BAD_DEPLOY,BAD_DEPLOY,inventory-service,python-simulator,11.5,1785925251.5730546,36,0.9152,0.0848,open,0.3494,34.94,0.3928,11.65,21.89,5.52,15.32,0.6532,29.3,533.4,0.2613,0.3919,0.3557,0.2734,14,86.55,111.92,142.8,19,0.2613,192.43,14,0.001
live_ep_000013_BAD_DEPLOY,BAD_DEPLOY,inventory-service,python-simulator,12.0,1785925252.0733988,73,0.9888,0.0112,open,0.3535,35.35,0.1686,5.0,18.12,2.88,5.24,0.6633,5.35,492.1,0.2653,0.398,0.2624,0.275,17,89.84,113.35,145.84,15,0.2653,155.53,6,0.0019
live_ep_000013_BAD_DEPLOY,BAD_DEPLOY,inventory-service,python-simulator,12.5,1785925252.5739625,112,0.9671,0.0329,open,0.3351,33.51,0.5173,1.12,14.29,3.62,9.97,0.6036,12.35,470.4,0.2414,0.3621,0.1844,0.2265,12,86.79,98.11,155.47,19,0.2414,194.85,13,0.0017
live_ep_000013_BAD_DEPLOY,BAD_DEPLOY,inventory-service,python-simulator,13.0,1785925253.0742457,42,0.9861,0.0139,open,0.4258,42.58,0.3912,5.11,22.15,3.28,3.65,0.5598,49.53,514.5,0.2239,0.3359,0.2761,0.2659,15,94.05,108.95,129.62,12,0.2239,189.92,5,0.0019
live_ep_000013_BAD_DEPLOY,BAD_DEPLOY,inventory-service,python-simulator,13.5,1785925253.5745993,61,0.9467,0.0533,open,0.3845,38.45,0.5307,5.84,17.81,3.65,8.75,0.544,20.15,516.9,0.2176,0.3264,0.2877,0.2098,12,93.22,125.2,143.02,18,0.2176,233.51,7,0.004
live_ep_000013_BAD_DEPLOY,BAD_DEPLOY,inventory-service,python-simulator,14.0,1785925254.074677,23,0.9367,0.0633,open,0.3356,33.56,0.2244,14.86,12.6,3.57,4.81,0.6349,37.03,536.1,0.254,0.381,0.2482,0.2692,12,90.6,104.63,120.38,3,0.254,224.48,5,0.0012
live_ep_000013_BAD_DEPLOY,BAD_DEPLOY,inventory-service,python-simulator,14.5,1785925254.575187,58,0.9421,0.0579,open,0.3739,37.39,0.3849,1.74,19.83,3.44,3.68,0.7157,22.9,492.3,0.2863,0.4294,0.3484,0.2335,15,72.09,82.73,120.77,13,0.2863,178.49,3,0.0002
live_ep_000013_BAD_DEPLOY,BAD_DEPLOY,inventory-service,python-simulator,15.0,1785925255.0758665,80,0.9426,0.0574,open,0.336,33.6,0.2828,0.5,19.41,4.97,14.74,0.4201,2.64,490.1,0.1681,0.2521,0.1493,0.2737,10,86.86,94.81,149.39,17,0.1681,191.93,13,0.0011
live_ep_000013_BAD_DEPLOY,BAD_DEPLOY,inventory-service,python-simulator,15.5,1785925255.576045,99,0.9518,0.0482,open,0.3671,36.71,0.3659,6.67,20.75,2.12,2.07,0.6867,41.21,522.6,0.2747,0.412,0.3116,0.2542,13,84.05,106.27,143.41,4,0.2747,211.74,9,0.0011
live_ep_000013_BAD_DEPLOY,BAD_DEPLOY,inventory-service,python-simulator,16.0,1785925256.0764227,67,0.9699,0.0301,half-open,0.2635,26.35,0.3882,6.12,18.27,7.17,5.78,0.3865,19.84,535.3,0.1546,0.2319,0.2797,0.2908,11,80.7,128.49,138.39,7,0.1546,226.13,6,0.0003
live_ep_000013_BAD_DEPLOY,BAD_DEPLOY,inventory-service,python-simulator,16.5,1785925256.5766094,89,0.88,0.12,open,0.4376,43.76,0.2956,20.33,17.78,3.5,14.54,0.7327,52.12,489.1,0.2931,0.4396,0.2151,0.222,18,96.7,124.11,132.66,11,0.2931,210.16,9,0.0141
live_ep_000013_BAD_DEPLOY,BAD_DEPLOY,inventory-service,python-simulator,17.0,1785925257.0768685,38,0.9795,0.0205,open,0.3151,31.51,0.4007,2.11,29.23,6.3,8.54,0.4415,24.61,514.1,0.1766,0.2649,0.1817,0.2224,12,93.24,132.2,150.11,15,0.1766,232.56,13,0.0012
live_ep_000013_BAD_DEPLOY,BAD_DEPLOY,inventory-service,python-simulator,17.5,1785925257.5772626,106,0.9877,0.0123,open,0.3555,35.55,0.3705,1.55,36.18,4.56,6.65,0.623,3.7,515.4,0.2492,0.3738,0.2864,0.2292,13,90.11,143.96,179.5,9,0.2492,177.83,7,0.0078
live_ep_000013_BAD_DEPLOY,BAD_DEPLOY,inventory-service,python-simulator,18.0,1785925258.0778098,26,0.99,0.01,open,0.3553,35.53,0.2732,5.88,9.98,5.34,5.83,0.7635,12.0,534.8,0.3054,0.4581,0.237,0.2725,18,91.73,155.22,156.46,7,0.3054,179.75,4,0.0004
live_ep_000013_BAD_DEPLOY,BAD_DEPLOY,inventory-service,python-simulator,18.5,1785925258.5779402,83,0.9458,0.0542,open,0.3642,36.42,0.363,4.18,15.55,7.2,3.87,0.624,60.0,551.4,0.2496,0.3744,0.3294,0.2635,12,88.52,112.35,117.41,18,0.2496,218.66,14,0.0064
live_ep_000013_BAD_DEPLOY,BAD_DEPLOY,inventory-service,python-simulator,19.0,1785925259.078601,73,0.9868,0.0132,open,0.39,39.0,0.3956,16.95,31.44,4.69,5.52,0.5655,55.54,494.1,0.2262,0.3393,0.2629,0.3094,14,81.74,110.07,175.92,13,0.2262,172.99,6,0.0015
live_ep_000013_BAD_DEPLOY,BAD_DEPLOY,inventory-service,python-simulator,19.5,1785925259.5790396,77,0.9608,0.0392,open,0.3528,35.28,0.297,6.93,24.58,3.47,7.68,0.6906,18.75,484.1,0.2762,0.4144,0.2988,0.2257,15,94.39,143.42,173.78,17,0.2762,187.82,6,0.0054
live_ep_000013_BAD_DEPLOY,BAD_DEPLOY,inventory-service,python-simulator,20.0,1785925260.0795653,36,0.9586,0.0414,open,0.311,31.1,0.5082,5.75,10.46,5.32,5.24,0.6996,5.94,500.4,0.2798,0.4198,0.3111,0.2006,14,85.16,118.74,144.71,4,0.2798,198.46,13,0.0004
live_ep_000013_BAD_DEPLOY,BAD_DEPLOY,inventory-service,python-simulator,20.5,1785925260.5799282,114,0.988,0.012,open,0.3013,30.13,0.322,10.41,19.0,3.49,7.65,0.4689,26.84,520.7,0.1875,0.2813,0.1954,0.3075,10,71.91,159.04,160.98,0,0.1875,192.29,7,0.0001
live_ep_000013_BAD_DEPLOY,BAD_DEPLOY,inventory-service,python-simulator,21.0,1785925261.0800638,78,0.9458,0.0542,open,0.4342,43.42,0.4427,5.5,14.59,5.5,4.22,0.4623,22.66,505.2,0.1849,0.2774,0.2873,0.2732,9,97.89,129.85,168.96,17,0.1849,207.45,10,0.0002
live_ep_000013_BAD_DEPLOY,BAD_DEPLOY,inventory-service,python-simulator,21.5,1785925261.5812142,91,0.88,0.12,open,0.2709,27.09,0.2961,2.37,17.79,5.42,8.44,0.7495,13.05,486.8,0.2998,0.4497,0.2465,0.191,14,73.49,99.98,155.67,14,0.2998,183.15,5,0.0066
live_ep_000013_BAD_DEPLOY,BAD_DEPLOY,inventory-service,python-simulator,22.0,1785925262.0813339,61,0.9764,0.0236,open,0.3441,34.41,0.4319,0.5,24.69,2.6,10.21,0.6357,55.98,494.4,0.2543,0.3814,0.2023,0.2092,12,94.22,123.61,145.89,11,0.2543,241.89,14,0.0266
live_ep_000013_BAD_DEPLOY,BAD_DEPLOY,inventory-service,python-simulator,22.5,1785925262.582529,72,0.99,0.01,open,0.3948,39.48,0.3616,9.18,19.12,6.02,5.02,0.6119,5.08,535.5,0.2447,0.3671,0.2489,0.3158,14,87.05,87.28,161.51,5,0.2447,161.92,7,0.0151
live_ep_000013_BAD_DEPLOY,BAD_DEPLOY,inventory-service,python-simulator,23.0,1785925263.082997,105,0.88,0.12,open,0.3669,36.69,0.2967,14.6,24.72,4.75,5.98,0.705,2.0,537.4,0.282,0.423,0.2096,0.2717,14,92.56,123.98,136.21,17,0.282,228.07,7,0.0051
live_ep_000013_BAD_DEPLOY,BAD_DEPLOY,inventory-service,python-simulator,23.5,1785925263.5831115,74,0.9598,0.0402,open,0.355,35.5,0.4464,8.82,27.12,2.78,5.58,0.6072,12.66,492.6,0.2429,0.3643,0.2135,0.2213,14,87.37,99.48,146.65,1,0.2429,206.44,4,0.0038
live_ep_000013_BAD_DEPLOY,BAD_DEPLOY,inventory-service,python-simulator,24.0,1785925264.083353,78,0.9643,0.0357,open,0.3422,34.22,0.3153,14.58,20.47,8.64,4.47,0.7675,9.62,510.9,0.307,0.4605,0.3221,0.2982,19,89.82,155.61,158.98,8,0.307,209.23,8,0.0117
live_ep_000013_BAD_DEPLOY,BAD_DEPLOY,inventory-service,python-simulator,24.5,1785925264.5834744,65,0.9275,0.0725,open,0.3835,38.35,0.3485,15.5,35.02,15.94,6.69,0.6893,3.01,540.7,0.2757,0.4136,0.1948,0.2583,13,89.42,121.49,177.03,12,0.2757,207.9,12,0.0031
live_ep_000013_BAD_DEPLOY,BAD_DEPLOY,inventory-service,python-simulator,25.0,1785925265.0840147,20,0.88,0.12,open,0.3241,32.41,0.3812,3.69,31.85,4.73,14.15,0.5591,2.0,511.5,0.2237,0.3355,0.2154,0.2156,15,101.8,130.45,136.34,13,0.2237,211.45,10,0.0019
live_ep_000013_BAD_DEPLOY,BAD_DEPLOY,inventory-service,python-simulator,25.5,1785925265.5842066,62,0.8969,0.1031,open,0.3074,30.74,0.3304,6.82,16.82,4.24,3.5,0.6154,16.59,507.4,0.2462,0.3692,0.1991,0.2205,15,79.27,115.09,156.21,15,0.2462,172.9,11,0.0009
live_ep_000013_BAD_DEPLOY,BAD_DEPLOY,inventory-service,python-simulator,26.0,1785925266.0846915,56,0.88,0.12,open,0.3389,33.89,0.4632,1.13,16.64,2.68,5.79,0.5484,16.73,498.7,0.2193,0.329,0.2154,0.2249,14,94.59,97.07,143.27,5,0.2193,193.68,7,0.0025
live_ep_000013_BAD_DEPLOY,BAD_DEPLOY,inventory-service,python-simulator,26.5,1785925266.5848336,61,0.9252,0.0748,open,0.3834,38.34,0.4589,1.32,27.59,6.02,6.01,0.6389,4.67,537.1,0.2555,0.3833,0.1673,0.2838,15,92.79,93.93,100.0,11,0.2555,196.86,8,0.0047
live_ep_000013_BAD_DEPLOY,BAD_DEPLOY,inventory-service,python-simulator,27.0,1785925267.0852628,86,0.981,0.019,open,0.3132,31.32,0.3985,2.79,17.36,11.79,6.72,0.5781,4.39,522.2,0.2312,0.3468,0.2345,0.2592,14,75.21,82.32,169.39,1,0.2312,218.45,5,0.0024
live_ep_000013_BAD_DEPLOY,BAD_DEPLOY,inventory-service,python-simulator,27.5,1785925267.5865836,23,0.99,0.01,open,0.3111,31.11,0.5908,3.61,17.35,4.93,3.83,0.6578,19.33,503.5,0.2631,0.3947,0.2278,0.2408,15,84.4,129.68,139.43,7,0.2631,176.74,1,0.0011
live_ep_000013_BAD_DEPLOY,BAD_DEPLOY,inventory-service,python-simulator,28.0,1785925268.0870988,55,0.9724,0.0276,open,0.4362,43.62,0.4233,5.57,14.69,3.44,6.34,0.4414,9.79,525.4,0.1766,0.2649,0.1839,0.2634,9,93.06,93.96,113.6,11,0.1766,172.14,3,0.0028
live_ep_000013_BAD_DEPLOY,BAD_DEPLOY,inventory-service,python-simulator,28.5,1785925268.5874429,84,0.9413,0.0587,open,0.3726,37.26,0.3371,1.03,12.05,2.49,18.78,0.5116,3.44,503.0,0.2047,0.307,0.1279,0.2286,13,97.95,102.26,146.48,19,0.2047,191.76,12,0.005
live_ep_000013_BAD_DEPLOY,BAD_DEPLOY,inventory-service,python-simulator,29.0,1785925269.0879757,97,0.9787,0.0213,open,0.3656,36.56,0.339,0.5,16.54,6.28,3.25,0.8,9.46,511.3,0.32,0.48,0.279,0.2728,18,96.94,128.75,137.58,19,0.32,201.76,11,0.0005
live_ep_000013_BAD_DEPLOY,BAD_DEPLOY,inventory-service,python-simulator,29.5,1785925269.5881798,78,0.9266,0.0734,open,0.4024,40.24,0.2659,4.79,17.64,6.64,4.61,0.6701,2.0,523.8,0.268,0.4021,0.2437,0.2201,16,85.26,113.08,119.48,16,0.268,207.74,3,0.0048
live_ep_000013_BAD_DEPLOY,BAD_DEPLOY,inventory-service,python-simulator,30.0,1785925270.088705,87,0.9869,0.0131,open,0.4179,41.79,0.3043,2.69,14.51,3.78,4.29,0.6644,2.94,512.1,0.2658,0.3986,0.2234,0.1955,17,112.6,135.01,155.35,2,0.2658,177.56,2,0.0064
live_ep_000013_BAD_DEPLOY,BAD_DEPLOY,inventory-service,python-simulator,30.5,1785925270.5892022,49,0.88,0.12,open,0.3297,32.97,0.2511,9.79,21.1,3.23,9.53,0.5992,2.0,546.2,0.2397,0.3595,0.1858,0.2462,11,97.94,132.08,134.8,0,0.2397,199.34,0,0.0004
live_ep_000013_BAD_DEPLOY,BAD_DEPLOY,inventory-service,python-simulator,31.0,1785925271.0897782,23,0.88,0.12,open,0.2884,28.84,0.2879,5.8,29.17,12.59,2.07,0.6841,19.36,511.2,0.2736,0.4105,0.1505,0.2264,17,100.58,118.19,189.23,6,0.2736,180.13,4,0.0005
live_ep_000013_BAD_DEPLOY,BAD_DEPLOY,inventory-service,python-simulator,31.5,1785925271.5902598,43,0.9266,0.0734,open,0.3517,35.17,0.2628,5.36,21.86,6.0,4.12,0.6258,42.31,490.6,0.2503,0.3755,0.2746,0.2991,13,74.38,110.53,143.36,1,0.2503,201.05,11,0.0016
live_ep_000013_BAD_DEPLOY,BAD_DEPLOY,inventory-service,python-simulator,32.0,1785925272.0906,89,0.8879,0.1121,open,0.3482,34.82,0.4673,4.2,32.38,4.58,5.02,0.5865,22.0,469.1,0.2346,0.3519,0.2977,0.2654,14,97.65,101.05,104.06,0,0.2346,172.74,1,0.0034
live_ep_000013_BAD_DEPLOY,BAD_DEPLOY,inventory-service,python-simulator,32.5,1785925272.591174,56,0.88,0.12,open,0.3553,35.53,0.3138,3.75,19.33,4.87,5.77,0.6777,13.86,512.9,0.2711,0.4066,0.2295,0.3196,17,82.91,94.53,134.93,4,0.2711,193.53,13,0.0009
live_ep_000013_BAD_DEPLOY,BAD_DEPLOY,inventory-service,python-simulator,33.0,1785925273.0916667,66,0.9123,0.0877,open,0.3635,36.35,0.3527,2.14,21.69,5.64,4.08,0.5317,17.02,540.4,0.2127,0.319,0.23,0.2329,10,89.56,118.85,154.04,9,0.2127,213.1,0,0.005
live_ep_000013_BAD_DEPLOY,BAD_DEPLOY,inventory-service,python-simulator,33.5,1785925273.5923939,75,0.99,0.01,open,0.3788,37.88,0.226,1.16,11.95,3.12,4.85,0.6509,5.28,498.6,0.2604,0.3905,0.3559,0.22,13,74.44,106.77,157.64,4,0.2604,221.11,0,0.0075
live_ep_000013_BAD_DEPLOY,BAD_DEPLOY,inventory-service,python-simulator,34.0,1785925274.0927932,79,0.9205,0.0795,open,0.3656,36.56,0.3676,2.25,13.92,2.72,4.78,0.6464,2.6,536.3,0.2586,0.3879,0.2785,0.3342,12,84.22,126.44,143.38,0,0.2586,193.39,3,0.0047
live_ep_000013_BAD_DEPLOY,BAD_DEPLOY,inventory-service,python-simulator,34.5,1785925274.5931532,59,0.9688,0.0312,open,0.4228,42.28,0.369,0.5,15.92,3.12,12.61,0.7378,13.0,540.2,0.2951,0.4427,0.1534,0.3168,15,108.26,153.07,161.54,5,0.2951,189.68,2,0.0001
live_ep_000013_BAD_DEPLOY,BAD_DEPLOY,inventory-service,python-simulator,35.0,1785925275.0937154,92,0.9069,0.0931,open,0.2884,28.84,0.3919,7.96,27.32,4.53,4.3,0.6891,15.55,497.5,0.2756,0.4135,0.268,0.2305,15,88.05,110.23,131.55,5,0.2756,194.15,7,0.0109
live_ep_000013_BAD_DEPLOY,BAD_DEPLOY,inventory-service,python-simulator,35.5,1785925275.5938604,102,0.9455,0.0545,open,0.3683,36.83,0.2974,11.42,35.59,9.31,14.36,0.6117,46.99,506.3,0.2447,0.367,0.1723,0.269,12,107.63,115.5,143.04,0,0.2447,206.52,8,0.0002
live_ep_000013_BAD_DEPLOY,BAD_DEPLOY,inventory-service,python-simulator,36.0,1785925276.0940354,42,0.99,0.01,open,0.3524,35.24,0.3457,16.98,14.13,4.71,6.55,0.6416,5.94,508.8,0.2566,0.385,0.2789,0.2055,12,95.93,120.68,137.08,10,0.2566,199.31,12,0.0171
live_ep_000013_BAD_DEPLOY,BAD_DEPLOY,inventory-service,python-simulator,36.5,1785925276.5944443,47,0.88,0.12,open,0.4061,40.61,0.3319,1.5,19.29,4.51,4.52,0.4193,5.54,529.9,0.1677,0.2516,0.2429,0.2992,11,104.59,116.64,120.81,7,0.1677,189.44,3,0.0038
live_ep_000013_BAD_DEPLOY,BAD_DEPLOY,inventory-service,python-simulator,37.0,1785925277.0948513,90,0.9608,0.0392,open,0.3683,36.83,0.472,1.94,28.18,4.68,4.51,0.5293,2.0,510.9,0.2117,0.3176,0.2175,0.2848,14,86.39,117.39,138.74,8,0.2117,191.54,4,0.0003
live_ep_000013_BAD_DEPLOY,BAD_DEPLOY,inventory-service,python-simulator,37.5,1785925277.5953152,99,0.99,0.01,open,0.3913,39.13,0.4334,26.14,23.82,3.48,4.78,0.6067,19.47,497.7,0.2427,0.364,0.2829,0.2123,16,73.61,97.39,126.03,14,0.2427,185.06,0,0.0024
live_ep_000013_BAD_DEPLOY,BAD_DEPLOY,inventory-service,python-simulator,38.0,1785925278.0954967,101,0.961,0.039,open,0.3504,35.04,0.3808,12.72,11.1,4.89,7.43,0.7478,27.04,505.5,0.2991,0.4487,0.2142,0.2962,16,100.51,105.98,106.78,1,0.2991,223.55,1,0.0196
live_ep_000013_BAD_DEPLOY,BAD_DEPLOY,inventory-service,python-simulator,38.5,1785925278.5957053,29,0.9696,0.0304,open,0.3285,32.85,0.1348,1.82,20.65,6.75,11.32,0.5809,6.98,532.1,0.2324,0.3485,0.2451,0.2268,13,83.1,134.32,176.34,13,0.2324,204.38,11,0.0033
live_ep_000013_BAD_DEPLOY,BAD_DEPLOY,inventory-service,python-simulator,39.0,1785925279.0959914,87,0.99,0.01,open,0.3499,34.99,0.45,9.56,14.56,2.35,3.75,0.7261,10.07,480.0,0.2904,0.4356,0.1299,0.1763,18,91.61,108.65,174.61,14,0.2904,192.22,6,0.0005
live_ep_000013_BAD_DEPLOY,BAD_DEPLOY,inventory-service,python-simulator,39.5,1785925279.5963774,53,0.9671,0.0329,open,0.3675,36.75,0.4279,7.43,18.62,2.16,6.48,0.6373,2.0,517.9,0.2549,0.3824,0.2795,0.2682,15,101.41,151.12,165.06,14,0.2549,177.29,1,0.0061
live_ep_000013_BAD_DEPLOY,BAD_DEPLOY,inventory-service,python-simulator,40.0,1785925280.096521,50,0.9827,0.0173,open,0.3871,38.71,0.4951,10.39,24.3,5.6,9.74,0.5484,3.74,510.2,0.2194,0.329,0.1652,0.2487,13,79.63,129.6,147.4,0,0.2194,180.94,3,0.0013
live_ep_000013_BAD_DEPLOY,BAD_DEPLOY,inventory-service,python-simulator,40.5,1785925280.596884,77,0.9862,0.0138,open,0.3659,36.59,0.2545,8.93,20.9,9.95,2.28,0.7337,30.97,532.7,0.2935,0.4402,0.2157,0.321,15,83.23,118.38,130.41,10,0.2935,238.93,2,0.0087
live_ep_000013_BAD_DEPLOY,BAD_DEPLOY,inventory-service,python-simulator,41.0,1785925281.0971758,84,0.9096,0.0904,open,0.41,41.0,0.3975,6.18,26.73,5.17,7.09,0.5868,27.96,515.6,0.2347,0.3521,0.1746,0.2776,12,86.92,93.63,144.71,10,0.2347,229.52,4,0.0029
live_ep_000013_BAD_DEPLOY,BAD_DEPLOY,inventory-service,python-simulator,41.5,1785925281.597895,118,0.99,0.01,open,0.4359,43.59,0.2978,1.8,21.99,5.02,4.79,0.4659,17.87,505.3,0.1864,0.2795,0.1989,0.2385,11,81.53,94.8,125.11,15,0.1864,174.4,2,0.0027
live_ep_000013_BAD_DEPLOY,BAD_DEPLOY,inventory-service,python-simulator,42.0,1785925282.098298,32,0.9398,0.0602,open,0.3783,37.83,0.2907,3.98,22.7,4.81,9.72,0.8,12.16,505.4,0.32,0.48,0.3813,0.2178,20,101.12,104.76,159.4,1,0.32,175.86,0,0.0025
live_ep_000013_BAD_DEPLOY,BAD_DEPLOY,inventory-service,python-simulator,42.5,1785925282.598517,91,0.9771,0.0229,open,0.2956,29.56,0.3643,2.65,18.01,5.94,7.46,0.6693,12.8,529.5,0.2677,0.4016,0.2585,0.2115,15,96.83,158.34,170.24,5,0.2677,201.78,2,0.0003
live_ep_000013_BAD_DEPLOY,BAD_DEPLOY,inventory-service,python-simulator,43.0,1785925283.098613,81,0.88,0.12,open,0.3371,33.71,0.3335,1.68,13.34,4.43,8.99,0.7188,6.15,486.8,0.2875,0.4313,0.272,0.2564,16,93.1,127.63,159.13,6,0.2875,168.91,13,0.0011
live_ep_000013_BAD_DEPLOY,BAD_DEPLOY,inventory-service,python-simulator,43.5,1785925283.5990782,74,0.9778,0.0222,open,0.4215,42.15,0.3604,0.78,24.64,7.55,6.68,0.5718,4.93,519.1,0.2287,0.3431,0.1813,0.2214,12,86.62,102.71,139.95,3,0.2287,180.09,14,0.0001
live_ep_000013_BAD_DEPLOY,BAD_DEPLOY,inventory-service,python-simulator,44.0,1785925284.0994177,115,0.88,0.12,open,0.3806,38.06,0.2044,14.64,15.34,6.51,7.29,0.6907,25.84,502.6,0.2763,0.4144,0.2233,0.2426,16,98.76,130.66,144.01,13,0.2763,184.75,14,0.0031
live_ep_000013_BAD_DEPLOY,BAD_DEPLOY,inventory-service,python-simulator,44.5,1785925284.599493,50,0.9661,0.0339,open,0.3503,35.03,0.4242,9.18,34.73,2.71,11.76,0.7483,22.02,471.9,0.2993,0.449,0.298,0.1779,14,91.86,129.89,135.39,2,0.2993,166.19,7,0.0041
live_ep_000013_BAD_DEPLOY,BAD_DEPLOY,inventory-service,python-simulator,45.0,1785925285.0996447,34,0.99,0.01,half-open,0.3837,38.37,0.2926,1.79,20.54,2.88,3.75,0.3778,11.08,517.5,0.1511,0.2267,0.2645,0.1886,8,82.61,117.25,147.13,14,0.1511,198.12,0,0.0022
live_ep_000013_BAD_DEPLOY,BAD_DEPLOY,inventory-service,python-simulator,45.5,1785925285.599723,84,0.8884,0.1116,open,0.2867,28.67,0.3236,9.08,10.16,6.16,3.9,0.4368,9.16,512.6,0.1747,0.2621,0.3098,0.2481,8,88.38,101.98,120.54,19,0.1747,187.24,4,0.0099
live_ep_000013_BAD_DEPLOY,BAD_DEPLOY,inventory-service,python-simulator,46.0,1785925286.100261,101,0.9408,0.0592,open,0.3207,32.07,0.311,3.0,16.66,3.18,4.73,0.7253,16.19,525.6,0.2901,0.4352,0.3279,0.2548,17,87.83,117.76,155.8,15,0.2901,229.14,8,0.0015
live_ep_000013_BAD_DEPLOY,BAD_DEPLOY,inventory-service,python-simulator,46.5,1785925286.6007912,55,0.9761,0.0239,open,0.329,32.9,0.4479,16.3,26.45,3.6,2.0,0.6973,3.31,471.2,0.2789,0.4184,0.3437,0.2531,15,86.68,110.17,132.0,9,0.2789,215.88,0,0.002
live_ep_000013_BAD_DEPLOY,BAD_DEPLOY,inventory-service,python-simulator,47.0,1785925287.1011205,107,0.9637,0.0363,open,0.452,45.2,0.3931,4.43,19.84,2.88,5.23,0.7484,19.94,504.4,0.2994,0.449,0.2846,0.2414,15,83.49,94.64,146.59,15,0.2994,191.58,10,0.0042
live_ep_000013_BAD_DEPLOY,BAD_DEPLOY,inventory-service,python-simulator,47.5,1785925287.6012897,118,0.9831,0.0169,open,0.3057,30.57,0.3995,8.09,18.84,3.38,6.9,0.493,18.68,504.5,0.1972,0.2958,0.2428,0.2398,10,99.83,152.88,156.61,16,0.1972,178.28,10,0.0016
live_ep_000013_BAD_DEPLOY,BAD_DEPLOY,inventory-service,python-simulator,48.0,1785925288.103438,96,0.8873,0.1127,open,0.2745,27.45,0.4658,0.5,18.28,4.0,12.41,0.6615,18.66,483.3,0.2646,0.3969,0.2702,0.2243,16,93.25,132.69,153.44,6,0.2646,194.03,9,0.0022
live_ep_000013_BAD_DEPLOY,BAD_DEPLOY,inventory-service,python-simulator,48.5,1785925288.6037931,26,0.9597,0.0403,open,0.424,42.4,0.4454,0.53,33.81,4.36,8.46,0.6948,20.1,526.5,0.2779,0.4169,0.3089,0.2662,13,79.65,116.75,120.13,11,0.2779,199.79,8,0.0024
live_ep_000013_BAD_DEPLOY,BAD_DEPLOY,inventory-service,python-simulator,49.0,1785925289.103932,26,0.9882,0.0118,open,0.3603,36.03,0.3353,5.39,19.67,6.02,8.89,0.7187,10.12,518.8,0.2875,0.4312,0.1642,0.2657,14,91.4,102.65,139.63,13,0.2875,192.0,14,0.001
live_ep_000013_BAD_DEPLOY,BAD_DEPLOY,inventory-service,python-simulator,49.5,1785925289.6042275,53,0.9302,0.0698,open,0.4195,41.95,0.2389,1.93,23.53,2.99,5.15,0.7555,2.0,483.4,0.3022,0.4533,0.2892,0.2599,18,85.58,107.77,167.31,0,0.3022,198.75,8,0.0081
live_ep_000013_BAD_DEPLOY,BAD_DEPLOY,inventory-service,python-simulator,50.0,1785925290.1043308,58,0.9519,0.0481,open,0.3917,39.17,0.3635,12.56,9.37,8.52,3.66,0.5508,2.0,506.9,0.2203,0.3305,0.2005,0.2791,12,100.52,100.6,137.01,6,0.2203,250.47,10,0.0081
live_ep_000013_BAD_DEPLOY,BAD_DEPLOY,inventory-service,python-simulator,50.5,1785925290.606928,54,0.99,0.01,open,0.4184,41.84,0.3644,1.72,28.32,4.64,3.46,0.5612,58.31,497.6,0.2245,0.3367,0.2393,0.2208,12,78.6,103.93,152.52,3,0.2245,201.47,9,0.0171
live_ep_000013_BAD_DEPLOY,BAD_DEPLOY,inventory-service,python-simulator,51.0,1785925291.1125035,26,0.98,0.02,open,0.3087,30.87,0.2944,27.42,12.42,4.32,6.4,0.4848,5.42,532.5,0.1939,0.2909,0.2071,0.2122,13,79.84,133.87,172.18,7,0.1939,241.97,10,0.0038
live_ep_000013_BAD_DEPLOY,BAD_DEPLOY,inventory-service,python-simulator,51.5,1785925291.612948,113,0.9713,0.0287,open,0.193,19.3,0.3069,2.49,28.2,8.05,4.52,0.8,23.52,519.8,0.32,0.48,0.2296,0.2733,18,87.81,131.22,160.91,1,0.32,222.46,12,0.0063
live_ep_000013_BAD_DEPLOY,BAD_DEPLOY,inventory-service,python-simulator,52.0,1785925292.1130934,67,0.88,0.12,open,0.2573,25.73,0.2426,9.05,27.96,4.49,8.23,0.6023,2.0,542.9,0.2409,0.3614,0.2261,0.2731,14,87.96,155.22,189.84,17,0.2409,196.22,1,0.0001
live_ep_000013_BAD_DEPLOY,BAD_DEPLOY,inventory-service,python-simulator,52.5,1785925292.6135185,83,0.9793,0.0207,half-open,0.3795,37.95,0.3937,8.47,20.5,2.4,9.36,0.3928,3.97,501.3,0.1571,0.2357,0.1852,0.2441,8,93.84,114.9,129.74,14,0.1571,212.88,8,0.0034
live_ep_000013_BAD_DEPLOY,BAD_DEPLOY,inventory-service,python-simulator,53.0,1785925293.1136563,73,0.99,0.01,open,0.2635,26.35,0.5809,0.74,28.12,5.22,8.41,0.624,8.93,525.1,0.2496,0.3744,0.2909,0.2899,16,94.5,139.6,165.93,10,0.2496,207.26,1,0.0013
live_ep_000013_BAD_DEPLOY,BAD_DEPLOY,inventory-service,python-simulator,53.5,1785925293.6141937,68,0.9764,0.0236,open,0.3669,36.69,0.3336,10.81,16.42,5.37,4.72,0.5741,3.91,528.5,0.2296,0.3444,0.3548,0.2469,11,89.44,99.79,151.82,15,0.2296,192.17,7,0.0028
live_ep_000013_BAD_DEPLOY,BAD_DEPLOY,inventory-service,python-simulator,54.0,1785925294.1144936,24,0.9633,0.0367,open,0.3386,33.86,0.3214,2.61,9.84,7.1,6.29,0.5932,14.94,490.3,0.2373,0.3559,0.1066,0.2383,11,78.4,94.16,112.75,0,0.2373,190.45,9,0.0032
live_ep_000013_BAD_DEPLOY,BAD_DEPLOY,inventory-service,python-simulator,54.5,1785925294.614995,82,0.99,0.01,open,0.3543,35.43,0.2146,12.98,16.95,9.38,5.12,0.6045,2.66,490.4,0.2418,0.3627,0.1429,0.1938,16,89.47,148.77,160.08,0,0.2418,199.54,6,0.0054
live_ep_000013_BAD_DEPLOY,BAD_DEPLOY,inventory-service,python-simulator,55.0,1785925295.1157062,115,0.8927,0.1073,open,0.3817,38.17,0.3936,0.7,30.96,6.45,10.44,0.5658,2.0,475.0,0.2263,0.3395,0.2543,0.1932,11,95.66,111.75,158.16,5,0.2263,188.83,13,0.0019
live_ep_000013_BAD_DEPLOY,BAD_DEPLOY,inventory-service,python-simulator,55.5,1785925295.615954,68,0.9561,0.0439,open,0.3765,37.65,0.5312,7.74,35.62,7.22,10.55,0.5587,33.14,527.7,0.2235,0.3352,0.2263,0.266,11,93.7,135.14,154.24,19,0.2235,203.92,14,0.0021
live_ep_000013_BAD_DEPLOY,BAD_DEPLOY,inventory-service,python-simulator,56.0,1785925296.1160672,43,0.9496,0.0504,open,0.3867,38.67,0.4582,19.56,21.05,2.67,5.42,0.6609,29.58,540.8,0.2643,0.3965,0.1791,0.3228,15,81.24,160.38,169.95,6,0.2643,239.24,14,0.0045
live_ep_000013_BAD_DEPLOY,BAD_DEPLOY,inventory-service,python-simulator,56.5,1785925296.6187682,72,0.978,0.022,open,0.357,35.7,0.3688,0.89,29.5,4.49,5.74,0.5992,27.09,521.8,0.2397,0.3595,0.2092,0.2674,12,95.74,127.69,134.0,0,0.2397,202.03,1,0.0025
live_ep_000013_BAD_DEPLOY,BAD_DEPLOY,inventory-service,python-simulator,57.0,1785925297.1192193,78,0.9748,0.0252,open,0.3709,37.09,0.4048,5.19,14.89,3.77,6.52,0.4143,32.44,490.1,0.1657,0.2486,0.2102,0.2719,12,82.58,144.12,188.19,17,0.1657,212.97,8,0.0021
live_ep_000013_BAD_DEPLOY,BAD_DEPLOY,inventory-service,python-simulator,57.5,1785925297.6195881,96,0.9726,0.0274,open,0.3239,32.39,0.2901,9.19,25.81,3.42,10.43,0.4956,30.56,484.4,0.1983,0.2974,0.2465,0.2405,13,89.71,143.2,157.0,6,0.1983,173.24,14,0.0002
live_ep_000013_BAD_DEPLOY,BAD_DEPLOY,inventory-service,python-simulator,58.0,1785925298.1202478,75,0.9892,0.0108,open,0.3526,35.26,0.2703,2.88,22.42,7.33,2.71,0.672,2.0,480.4,0.2688,0.4032,0.2797,0.2452,14,98.99,113.06,184.18,15,0.2688,215.88,8,0.0129
live_ep_000013_BAD_DEPLOY,BAD_DEPLOY,inventory-service,python-simulator,58.5,1785925298.6208792,105,0.88,0.12,open,0.3883,38.83,0.3098,1.9,19.09,5.53,2.92,0.5566,29.01,479.1,0.2226,0.334,0.1968,0.2392,14,106.89,124.94,174.95,7,0.2226,214.34,13,0.0026
live_ep_000013_BAD_DEPLOY,BAD_DEPLOY,inventory-service,python-simulator,59.0,1785925299.121249,99,0.9699,0.0301,open,0.3591,35.91,0.3676,4.33,30.16,4.83,12.6,0.5356,6.19,530.9,0.2143,0.3214,0.348,0.2554,13,97.0,140.53,147.85,5,0.2143,198.27,1,0.0062
live_ep_000013_BAD_DEPLOY,BAD_DEPLOY,inventory-service,python-simulator,59.5,1785925299.6215613,118,0.88,0.12,open,0.35,35.0,0.3294,3.61,30.96,3.03,4.81,0.5234,27.24,502.3,0.2094,0.3141,0.3197,0.2193,10,92.7,124.55,141.51,7,0.2094,198.57,4,0.0059
live_ep_000014_NONE,NONE,inventory-service,python-simulator,0.0,1785925300.1536736,29,0.88,0.12,closed,0.3513,35.13,0.468,4.99,26.04,6.82,8.24,0.0041,19.63,503.3,0.0103,0.0009,0.1911,0.2894,4,73.5,95.2,101.56,19,0.079,188.07,5,0.0004
live_ep_000014_NONE,NONE,inventory-service,python-simulator,0.5,1785925300.6549299,50,0.9347,0.0653,closed,0.4465,44.65,0.3667,3.97,20.93,5.98,5.04,0.0141,3.05,511.5,0.0113,0.0001,0.1986,0.2601,4,86.46,105.33,135.63,8,0.0076,168.84,10,0.0008
live_ep_000014_NONE,NONE,inventory-service,python-simulator,1.0,1785925301.1572096,67,0.9678,0.0322,closed,0.3075,30.75,0.4244,2.82,19.77,4.52,7.76,0.0123,15.15,496.1,0.0011,0.0009,0.2802,0.2308,1,94.01,117.06,125.59,0,0.0246,196.06,13,0.0279
live_ep_000014_NONE,NONE,inventory-service,python-simulator,1.5,1785925301.6580203,22,0.9211,0.0789,closed,0.3302,33.02,0.3629,6.28,22.7,2.65,3.31,0.0071,12.19,500.6,0.0173,0.0028,0.2178,0.2294,4,94.75,97.87,119.68,16,0.0062,252.87,3,0.0085
live_ep_000014_NONE,NONE,inventory-service,python-simulator,2.0,1785925302.1581674,95,0.9711,0.0289,closed,0.3541,35.41,0.377,9.27,15.47,4.14,3.27,0.0371,2.57,503.8,0.0034,0.0002,0.3029,0.2672,1,79.4,112.36,145.36,3,0.0144,187.01,8,0.0005
live_ep_000014_NONE,NONE,inventory-service,python-simulator,2.5,1785925302.6582825,115,0.9856,0.0144,closed,0.3506,35.06,0.3251,3.07,24.04,2.03,8.72,0.0179,6.89,511.7,0.0006,0.0002,0.2007,0.2533,0,99.75,106.61,115.03,11,0.0465,168.88,8,0.0061
live_ep_000014_NONE,NONE,inventory-service,python-simulator,3.0,1785925303.158659,106,0.9039,0.0961,closed,0.3136,31.36,0.3316,30.0,17.9,4.46,4.5,0.0102,3.21,495.2,0.0028,0.0025,0.3388,0.2246,4,86.7,99.95,115.08,6,0.0546,208.33,1,0.0108
live_ep_000014_NONE,NONE,inventory-service,python-simulator,3.5,1785925303.6588676,62,0.9882,0.0118,closed,0.363,36.3,0.2304,2.25,21.24,5.82,4.68,0.008,3.89,522.7,0.0171,0.002,0.2147,0.2754,4,79.01,97.43,112.13,12,0.064,141.57,2,0.0043
live_ep_000014_NONE,NONE,inventory-service,python-simulator,4.0,1785925304.1589344,32,0.9446,0.0554,closed,0.2472,24.72,0.2625,0.8,25.3,5.47,6.84,0.007,21.96,517.3,0.002,0.0046,0.1928,0.2739,3,105.8,121.62,132.12,14,0.0129,245.4,5,0.0001
live_ep_000014_NONE,NONE,inventory-service,python-simulator,4.5,1785925304.6593988,31,0.9673,0.0327,closed,0.4035,40.35,0.3533,2.07,27.19,3.82,4.88,0.0065,37.94,522.5,0.001,0.0005,0.2596,0.2929,3,85.81,104.04,118.52,19,0.0224,230.18,13,0.0063
live_ep_000014_NONE,NONE,inventory-service,python-simulator,5.0,1785925305.159879,58,0.9639,0.0361,closed,0.3496,34.96,0.2999,0.5,19.53,5.35,8.93,0.0113,8.56,503.3,0.0079,0.0009,0.3476,0.2266,2,93.92,125.42,134.93,13,0.1,209.47,13,0.0005
live_ep_000014_NONE,NONE,inventory-service,python-simulator,5.5,1785925305.6603754,77,0.99,0.01,closed,0.3774,37.74,0.3189,12.16,18.53,4.74,4.1,0.0147,22.55,519.5,0.0033,0.0031,0.2841,0.3131,3,94.4,105.69,110.78,3,0.0721,191.44,9,0.0023
live_ep_000014_NONE,NONE,inventory-service,python-simulator,6.0,1785925306.160928,24,0.88,0.12,closed,0.2769,27.69,0.3227,0.6,27.75,7.26,4.76,0.0159,10.15,453.6,0.0015,0.0049,0.1986,0.1986,4,92.47,98.91,101.24,14,0.0068,172.2,3,0.0027
live_ep_000014_NONE,NONE,inventory-service,python-simulator,6.5,1785925306.6612704,61,0.9588,0.0412,closed,0.3503,35.03,0.3851,1.96,30.71,4.08,4.3,0.0099,15.5,513.2,0.0048,0.0021,0.2786,0.238,3,93.4,94.42,138.13,0,0.0151,159.74,13,0.0001
live_ep_000014_NONE,NONE,inventory-service,python-simulator,7.0,1785925307.161412,71,0.9512,0.0488,closed,0.3994,39.94,0.3507,3.97,26.9,5.18,9.65,0.0234,2.0,489.4,0.006,0.0012,0.2641,0.2317,0,90.64,94.2,141.96,6,0.058,194.1,12,0.0095
live_ep_000014_NONE,NONE,inventory-service,python-simulator,7.5,1785925307.6614823,83,0.99,0.01,closed,0.4395,43.95,0.3499,6.53,16.21,4.15,6.17,0.0154,4.19,522.5,0.0013,0.0006,0.2778,0.3056,2,87.99,126.44,128.82,15,0.0766,199.75,3,0.0095
live_ep_000014_NONE,NONE,inventory-service,python-simulator,8.0,1785925308.1619048,85,0.9184,0.0816,closed,0.4463,44.63,0.2822,5.5,15.87,2.98,6.26,0.0024,55.18,483.8,0.002,0.004,0.1659,0.1812,0,83.74,130.22,131.02,16,0.1,164.96,13,0.0002
live_ep_000014_NONE,NONE,inventory-service,python-simulator,8.5,1785925308.6627288,96,0.9583,0.0417,closed,0.3242,32.42,0.424,0.5,19.52,3.42,3.11,0.0077,2.54,511.6,0.0021,0.0029,0.2308,0.2391,4,89.81,105.68,118.84,0,0.0261,224.45,2,0.005
live_ep_000014_NONE,NONE,inventory-service,python-simulator,9.0,1785925309.1631975,75,0.985,0.015,closed,0.3298,32.98,0.3786,7.84,25.94,4.05,3.34,0.0137,3.02,495.1,0.012,0.0052,0.2258,0.2762,1,75.88,76.93,103.82,18,0.0182,163.63,3,0.0012
live_ep_000014_NONE,NONE,inventory-service,python-simulator,9.5,1785925309.663625,61,0.9167,0.0833,closed,0.4033,40.33,0.3367,3.47,11.16,9.28,5.15,0.006,46.67,511.4,0.0052,0.0036,0.2559,0.2328,0,108.32,105.94,99.65,10,0.0051,270.24,5,0.0009
live_ep_000014_NONE,NONE,inventory-service,python-simulator,10.0,1785925310.1644306,54,0.99,0.01,closed,0.321,32.1,0.4606,2.34,14.97,7.5,12.69,0.0047,2.0,464.4,0.0096,0.0042,0.2585,0.1916,2,71.78,99.82,130.95,8,0.0111,199.18,9,0.0032
live_ep_000014_NONE,NONE,inventory-service,python-simulator,10.5,1785925310.6649182,46,0.99,0.01,closed,0.3478,34.78,0.4793,9.05,15.96,5.1,4.53,0.0079,2.0,501.1,0.0049,0.0005,0.1539,0.1981,4,85.98,130.57,140.42,8,0.0352,196.4,0,0.0012
live_ep_000014_NONE,NONE,inventory-service,python-simulator,11.0,1785925311.165013,64,0.88,0.12,closed,0.366,36.6,0.2787,0.82,32.78,3.77,6.06,0.0072,2.94,495.0,0.0007,0.0008,0.2126,0.2848,4,93.28,95.49,143.16,9,0.0334,229.27,10,0.0012
live_ep_000014_NONE,NONE,inventory-service,python-simulator,11.5,1785925311.6654208,92,0.9782,0.0218,closed,0.3474,34.74,0.3293,2.67,20.06,4.2,6.41,0.0085,23.82,529.5,0.0025,0.0006,0.3241,0.2512,2,92.31,97.39,106.59,12,0.053,226.17,6,0.0023
live_ep_000014_NONE,NONE,inventory-service,python-simulator,12.0,1785925312.1655772,82,0.9697,0.0303,closed,0.2847,28.47,0.3988,7.6,24.92,3.5,7.64,0.0038,11.53,540.9,0.0156,0.002,0.3917,0.2774,1,86.35,99.11,159.15,7,0.0592,204.78,7,0.0035
live_ep_000014_NONE,NONE,inventory-service,python-simulator,12.5,1785925312.6659322,32,0.9783,0.0217,closed,0.3025,30.25,0.359,4.01,15.91,3.32,9.62,0.0048,30.85,502.0,0.0008,0.0011,0.1551,0.2467,3,74.41,105.48,136.93,2,0.016,181.59,2,0.0006
live_ep_000014_NONE,NONE,inventory-service,python-simulator,13.0,1785925313.1662157,59,0.9696,0.0304,closed,0.3625,36.25,0.3323,2.77,15.82,4.27,6.07,0.0034,5.62,489.5,0.0042,0.0056,0.2142,0.234,3,94.71,99.48,103.24,14,0.0563,202.53,5,0.0056
live_ep_000014_NONE,NONE,inventory-service,python-simulator,13.5,1785925313.6666296,83,0.988,0.012,closed,0.3055,30.55,0.2858,11.27,21.56,1.92,2.06,0.014,20.18,534.1,0.0099,0.0041,0.1968,0.2147,2,72.53,100.16,115.37,7,0.025,190.65,10,0.0167
live_ep_000014_NONE,NONE,inventory-service,python-simulator,14.0,1785925314.1670706,118,0.9531,0.0469,closed,0.2806,28.06,0.1966,3.24,21.35,4.19,7.31,0.0187,4.74,552.1,0.0011,0.0021,0.3043,0.3185,0,89.5,92.59,109.03,15,0.0181,224.2,1,0.0063
live_ep_000014_NONE,NONE,inventory-service,python-simulator,14.5,1785925314.6675692,73,0.88,0.12,closed,0.3003,30.03,0.2735,1.74,19.4,6.19,7.25,0.0211,5.37,507.6,0.0071,0.002,0.2646,0.237,3,90.81,125.53,132.98,4,0.0269,235.74,6,0.0004
live_ep_000014_NONE,NONE,inventory-service,python-simulator,15.0,1785925315.1680303,53,0.9684,0.0316,closed,0.3231,32.31,0.2135,14.05,28.35,3.87,2.0,0.0126,15.18,484.7,0.0012,0.0013,0.2455,0.1667,2,94.37,114.48,121.08,5,0.0053,179.27,13,0.0231
live_ep_000014_NONE,NONE,inventory-service,python-simulator,15.5,1785925315.668274,78,0.9837,0.0163,closed,0.3456,34.56,0.271,0.55,19.32,3.76,7.38,0.002,24.67,498.1,0.02,0.0002,0.2586,0.2334,2,101.92,113.17,142.31,9,0.0348,187.53,9,0.0108
live_ep_000014_NONE,NONE,inventory-service,python-simulator,16.0,1785925316.1685512,86,0.9769,0.0231,closed,0.3162,31.62,0.3617,0.5,29.23,5.25,7.51,0.0082,7.91,495.9,0.0049,0.0031,0.4191,0.2117,3,88.1,112.08,114.6,1,0.0429,172.26,1,0.0117
live_ep_000014_NONE,NONE,inventory-service,python-simulator,16.5,1785925316.6688774,36,0.99,0.01,closed,0.2558,25.58,0.3937,0.73,21.31,3.98,4.25,0.0096,2.0,497.7,0.0103,0.0003,0.2905,0.2626,1,87.25,112.72,151.27,5,0.0006,212.45,11,0.003
live_ep_000014_NONE,NONE,inventory-service,python-simulator,17.0,1785925317.169212,78,0.9506,0.0494,closed,0.2916,29.16,0.4272,7.69,22.72,6.27,5.13,0.0052,3.03,530.9,0.0083,0.0005,0.2479,0.2342,1,81.4,92.32,107.83,4,0.0703,208.79,9,0.0003
live_ep_000014_NONE,NONE,inventory-service,python-simulator,17.5,1785925317.6695106,46,0.9756,0.0244,closed,0.2713,27.13,0.377,0.88,22.36,5.36,5.36,0.0037,34.15,502.7,0.0166,0.001,0.209,0.2926,4,79.69,80.26,133.76,8,0.1,220.65,7,0.0058
live_ep_000014_NONE,NONE,inventory-service,python-simulator,18.0,1785925318.1700613,116,0.9582,0.0418,closed,0.3203,32.03,0.2541,12.68,13.15,4.42,2.17,0.0277,5.66,502.0,0.0003,0.0036,0.2631,0.186,2,106.67,120.87,122.4,17,0.0245,190.78,6,0.0088
live_ep_000014_NONE,NONE,inventory-service,python-simulator,18.5,1785925318.6702478,45,0.9526,0.0474,closed,0.3092,30.92,0.3938,7.59,17.42,2.03,7.27,0.0087,15.46,570.2,0.0027,0.0104,0.187,0.2965,2,87.76,96.13,106.51,9,0.0438,192.03,7,0.0122
live_ep_000014_NONE,NONE,inventory-service,python-simulator,19.0,1785925319.1708083,57,0.99,0.01,closed,0.4095,40.95,0.3327,6.52,15.6,5.16,5.56,0.0098,2.0,489.4,0.0034,0.0007,0.2572,0.2463,3,85.52,91.76,122.92,14,0.0272,197.86,12,0.0006
live_ep_000014_NONE,NONE,inventory-service,python-simulator,19.5,1785925319.6710749,52,0.9682,0.0318,closed,0.4058,40.58,0.3055,3.5,20.94,4.84,13.51,0.007,22.63,547.4,0.0112,0.0029,0.2905,0.233,2,88.2,97.2,109.96,17,0.0041,186.84,14,0.001
live_ep_000014_NONE,NONE,inventory-service,python-simulator,20.0,1785925320.1724045,95,0.9826,0.0174,closed,0.3781,37.81,0.4493,0.84,11.05,3.55,5.29,0.0057,51.84,499.7,0.0003,0.0,0.3691,0.1972,1,90.19,114.07,140.69,10,0.017,237.96,5,0.0091
live_ep_000014_NONE,NONE,inventory-service,python-simulator,20.5,1785925320.6729295,118,0.9682,0.0318,closed,0.318,31.8,0.2898,0.62,22.99,2.84,8.37,0.002,13.19,508.6,0.0014,0.0012,0.2877,0.3085,1,73.87,79.23,97.86,2,0.0049,216.12,14,0.0059
live_ep_000014_NONE,NONE,inventory-service,python-simulator,21.0,1785925321.173455,78,0.88,0.12,closed,0.3356,33.56,0.2495,1.59,13.92,3.25,4.23,0.0093,11.19,554.6,0.008,0.0029,0.2108,0.2449,4,102.76,114.42,132.5,9,0.0009,192.48,1,0.0023
live_ep_000014_NONE,NONE,inventory-service,python-simulator,21.5,1785925321.674083,80,0.9884,0.0116,closed,0.3462,34.62,0.3231,0.5,22.69,1.44,15.74,0.0023,2.01,504.6,0.0025,0.0003,0.2757,0.2257,1,95.4,113.01,144.06,9,0.0269,167.83,9,0.0021
live_ep_000014_NONE,NONE,inventory-service,python-simulator,22.0,1785925322.1743505,117,0.9599,0.0401,closed,0.204,20.4,0.3212,1.34,15.77,5.66,7.57,0.0069,4.71,530.4,0.0038,0.001,0.2137,0.2765,4,91.84,109.28,131.55,18,0.0227,180.88,9,0.0011
live_ep_000014_NONE,NONE,inventory-service,python-simulator,22.5,1785925322.6745834,58,0.9698,0.0302,closed,0.3846,38.46,0.359,3.5,22.98,4.27,8.22,0.0017,2.52,514.7,0.0237,0.0004,0.2302,0.2223,0,93.05,108.33,139.57,16,0.0303,182.54,14,0.0051
live_ep_000014_NONE,NONE,inventory-service,python-simulator,23.0,1785925323.1749563,81,0.9713,0.0287,closed,0.3362,33.62,0.4082,25.32,23.44,8.45,5.64,0.0059,25.23,490.0,0.0044,0.0016,0.2097,0.2444,2,92.51,94.89,100.03,0,0.017,222.52,7,0.006
live_ep_000014_NONE,NONE,inventory-service,python-simulator,23.5,1785925323.67552,90,0.9333,0.0667,closed,0.3564,35.64,0.3455,4.69,19.74,2.95,10.82,0.0223,14.7,494.5,0.004,0.0002,0.3172,0.2419,0,79.95,145.92,146.52,12,0.1,188.12,1,0.0004
live_ep_000014_NONE,NONE,inventory-service,python-simulator,24.0,1785925324.1762445,84,0.959,0.041,closed,0.4285,42.85,0.3194,0.5,11.82,3.25,4.91,0.0055,17.6,506.7,0.0016,0.0022,0.2273,0.2393,1,97.39,106.3,113.31,16,0.0084,169.74,5,0.0001
live_ep_000014_NONE,NONE,inventory-service,python-simulator,24.5,1785925324.6765945,67,0.9863,0.0137,closed,0.3616,36.16,0.4274,1.08,19.5,4.11,5.87,0.0068,2.0,523.4,0.0027,0.0049,0.1861,0.2072,4,100.76,121.06,143.6,8,0.0854,194.36,5,0.0008
live_ep_000014_NONE,NONE,inventory-service,python-simulator,25.0,1785925325.1801133,111,0.9757,0.0243,closed,0.3773,37.73,0.2837,0.69,22.19,6.7,3.02,0.0395,9.98,509.6,0.0006,0.0038,0.2008,0.2682,3,74.68,91.92,134.53,3,0.0061,195.67,0,0.0121
live_ep_000014_NONE,NONE,inventory-service,python-simulator,25.5,1785925325.6804016,73,0.9511,0.0489,closed,0.3272,32.72,0.3925,3.35,21.86,3.87,10.97,0.0112,24.23,540.5,0.0003,0.0004,0.2582,0.2975,1,103.08,111.22,117.36,17,0.0228,180.53,12,0.0125
live_ep_000014_NONE,NONE,inventory-service,python-simulator,26.0,1785925326.180641,90,0.9864,0.0136,closed,0.4598,45.98,0.4613,9.2,17.53,7.3,3.19,0.0126,15.22,492.7,0.0034,0.0021,0.2191,0.2485,0,104.3,107.61,116.53,5,0.0703,219.24,0,0.0015
live_ep_000014_NONE,NONE,inventory-service,python-simulator,26.5,1785925326.680928,28,0.9689,0.0311,closed,0.3962,39.62,0.1714,3.05,18.15,4.15,7.31,0.0219,6.37,539.8,0.019,0.0016,0.2268,0.2349,2,95.72,110.4,143.65,16,0.0075,209.49,3,0.0003
live_ep_000014_NONE,NONE,inventory-service,python-simulator,27.0,1785925327.1813557,50,0.9805,0.0195,closed,0.3787,37.87,0.3545,17.22,41.37,3.78,7.7,0.0031,2.0,484.1,0.0119,0.0046,0.319,0.2261,0,86.32,93.52,140.02,14,0.0023,183.44,7,0.01
live_ep_000014_NONE,NONE,inventory-service,python-simulator,27.5,1785925327.6860416,67,0.88,0.12,closed,0.2959,29.59,0.2754,3.01,33.26,6.17,2.58,0.0076,10.56,512.7,0.0005,0.002,0.1825,0.2591,2,82.81,93.03,107.12,5,0.0339,204.2,1,0.0002
live_ep_000014_NONE,NONE,inventory-service,python-simulator,28.0,1785925328.1863065,95,0.8963,0.1037,closed,0.1855,18.55,0.3335,4.69,24.94,4.23,5.11,0.0279,19.14,526.4,0.0007,0.0008,0.185,0.268,3,93.37,116.77,117.22,9,0.0762,192.47,10,0.0051
live_ep_000014_NONE,NONE,inventory-service,python-simulator,28.5,1785925328.686592,39,0.8986,0.1014,closed,0.3996,39.96,0.2989,2.51,26.87,4.59,5.74,0.0062,51.79,539.9,0.0006,0.0011,0.2517,0.3195,3,88.1,123.91,127.02,16,0.0409,220.07,8,0.0035
live_ep_000014_NONE,NONE,inventory-service,python-simulator,29.0,1785925329.186812,36,0.9031,0.0969,closed,0.3838,38.38,0.2961,1.75,19.75,3.26,3.58,0.0042,12.94,522.3,0.0018,0.0002,0.2397,0.288,3,84.11,90.88,148.03,5,0.0579,175.02,5,0.0001
live_ep_000014_NONE,NONE,inventory-service,python-simulator,29.5,1785925329.6871123,77,0.9812,0.0188,closed,0.3574,35.74,0.2168,5.7,17.17,8.09,3.6,0.016,47.98,518.1,0.0001,0.0044,0.3198,0.2347,3,78.62,122.41,123.89,12,0.0036,168.73,11,0.0016
live_ep_000014_NONE,NONE,inventory-service,python-simulator,30.0,1785925330.1874182,41,0.9487,0.0513,closed,0.347,34.7,0.33,4.23,23.12,5.85,11.74,0.0078,23.68,530.4,0.0097,0.0023,0.2338,0.2512,1,87.99,108.64,143.32,4,0.0288,218.47,11,0.0012
live_ep_000014_NONE,NONE,inventory-service,python-simulator,30.5,1785925330.687887,65,0.986,0.014,closed,0.36,36.0,0.2801,8.98,15.17,2.83,3.2,0.0114,2.0,513.3,0.0041,0.0048,0.2834,0.2629,4,91.06,97.05,101.63,8,0.0066,172.83,6,0.0084
live_ep_000014_NONE,NONE,inventory-service,python-simulator,31.0,1785925331.1882703,55,0.9361,0.0639,closed,0.4319,43.19,0.2838,1.1,15.98,2.4,4.85,0.0074,17.05,479.0,0.0049,0.0004,0.175,0.2029,3,86.62,118.25,124.09,13,0.0487,174.43,11,0.0037
live_ep_000014_NONE,NONE,inventory-service,python-simulator,31.5,1785925331.688783,59,0.9824,0.0176,closed,0.3935,39.35,0.4348,4.82,9.37,8.85,5.32,0.0167,13.64,512.4,0.0039,0.0016,0.2181,0.19,3,96.79,129.54,132.49,3,0.0102,200.7,8,0.0096
live_ep_000014_NONE,NONE,inventory-service,python-simulator,32.0,1785925332.1893427,91,0.9857,0.0143,closed,0.2583,25.83,0.3831,0.5,29.84,3.17,5.21,0.0048,4.9,494.2,0.0029,0.0022,0.3972,0.2097,1,96.82,102.33,112.66,13,0.0161,188.33,4,0.0046
live_ep_000014_NONE,NONE,inventory-service,python-simulator,32.5,1785925332.6897507,91,0.99,0.01,closed,0.3379,33.79,0.3438,3.87,25.06,8.27,8.63,0.018,34.1,505.2,0.0085,0.0002,0.2096,0.2516,2,77.47,124.03,136.76,14,0.0385,201.37,12,0.0028
live_ep_000014_NONE,NONE,inventory-service,python-simulator,33.0,1785925333.190205,23,0.99,0.01,closed,0.3406,34.06,0.5212,11.36,22.32,3.68,5.83,0.0049,4.26,537.3,0.003,0.0012,0.2028,0.3009,1,86.66,98.0,102.75,0,0.0244,232.44,14,0.0093
live_ep_000014_NONE,NONE,inventory-service,python-simulator,33.5,1785925333.6906042,68,0.9119,0.0881,closed,0.3578,35.78,0.4015,2.19,20.79,4.64,4.82,0.0116,2.64,494.3,0.0078,0.0043,0.3442,0.2202,3,84.2,82.93,81.55,10,0.0181,194.07,9,0.0003
live_ep_000014_NONE,NONE,inventory-service,python-simulator,34.0,1785925334.1910748,94,0.9291,0.0709,closed,0.3265,32.65,0.2206,2.16,12.08,9.47,4.51,0.0204,5.87,546.2,0.0035,0.0018,0.2509,0.2789,3,103.26,123.82,128.14,6,0.0368,228.99,13,0.0004
live_ep_000014_NONE,NONE,inventory-service,python-simulator,34.5,1785925334.6915221,54,0.9777,0.0223,closed,0.3326,33.26,0.4071,0.5,25.2,4.5,6.61,0.0152,2.0,504.3,0.0064,0.0006,0.2165,0.2186,1,95.16,104.22,123.53,11,0.0258,206.48,6,0.0008
live_ep_000014_NONE,NONE,inventory-service,python-simulator,35.0,1785925335.1918533,69,0.9587,0.0413,closed,0.3181,31.81,0.2246,3.9,21.7,3.54,8.74,0.0029,6.26,496.2,0.0009,0.0004,0.1268,0.2435,3,85.2,91.38,162.55,14,0.0404,226.96,6,0.0001
live_ep_000014_NONE,NONE,inventory-service,python-simulator,35.5,1785925335.6922338,55,0.99,0.01,closed,0.4712,47.12,0.2669,0.67,27.02,4.29,7.99,0.008,2.0,515.6,0.001,0.0027,0.2193,0.2498,4,84.33,105.05,105.51,10,0.0052,159.47,8,0.0033
live_ep_000014_NONE,NONE,inventory-service,python-simulator,36.0,1785925336.1926894,37,0.9374,0.0626,closed,0.2685,26.85,0.4026,6.47,11.01,4.9,3.55,0.0221,31.02,537.8,0.0078,0.0007,0.1783,0.2626,0,97.38,122.73,154.11,14,0.0905,214.34,14,0.0067
live_ep_000014_NONE,NONE,inventory-service,python-simulator,36.5,1785925336.6931765,115,0.9735,0.0265,closed,0.2858,28.58,0.4604,5.95,18.09,5.36,4.55,0.0061,3.67,538.2,0.011,0.002,0.1924,0.3176,4,87.72,96.01,99.14,16,0.0768,185.22,10,0.0134
live_ep_000014_NONE,NONE,inventory-service,python-simulator,37.0,1785925337.1935692,55,0.99,0.01,closed,0.46,46.0,0.2954,10.26,11.73,5.82,7.14,0.0039,2.94,541.4,0.0117,0.0034,0.1817,0.2466,1,96.02,98.0,112.07,9,0.0074,212.9,10,0.0211
live_ep_000014_NONE,NONE,inventory-service,python-simulator,37.5,1785925337.69377,101,0.9898,0.0102,closed,0.3217,32.17,0.3807,0.5,34.71,3.83,4.21,0.0157,2.66,507.1,0.0001,0.0016,0.2477,0.2223,0,105.99,109.59,114.08,18,0.0207,170.71,0,0.0002
live_ep_000014_NONE,NONE,inventory-service,python-simulator,38.0,1785925338.1940026,119,0.946,0.054,closed,0.274,27.4,0.5343,1.36,17.66,1.42,7.2,0.0119,9.79,548.2,0.0042,0.0003,0.2602,0.2904,0,89.61,96.65,123.55,4,0.1,215.21,1,0.0208
live_ep_000014_NONE,NONE,inventory-service,python-simulator,38.5,1785925338.6941352,27,0.9407,0.0593,closed,0.3836,38.36,0.4481,5.9,19.98,5.12,3.43,0.0054,15.77,559.3,0.0145,0.0048,0.2268,0.2508,1,81.91,84.7,100.03,17,0.0039,165.19,11,0.0036
live_ep_000014_NONE,NONE,inventory-service,python-simulator,39.0,1785925339.1943848,56,0.9762,0.0238,closed,0.4148,41.48,0.2638,0.5,17.98,4.76,4.02,0.013,3.53,478.0,0.0009,0.0004,0.2761,0.268,3,89.97,112.63,128.33,16,0.0118,163.92,12,0.0001
live_ep_000014_NONE,NONE,inventory-service,python-simulator,39.5,1785925339.6947682,98,0.9433,0.0567,closed,0.3211,32.11,0.312,6.17,37.32,2.7,7.49,0.0073,5.44,507.5,0.0004,0.0081,0.2853,0.2997,0,114.18,120.08,135.89,14,0.0032,192.32,12,0.0085
live_ep_000014_NONE,NONE,inventory-service,python-simulator,40.0,1785925340.1949317,87,0.9658,0.0342,closed,0.2686,26.86,0.4398,15.52,20.83,5.68,7.44,0.0153,2.0,515.6,0.0044,0.0016,0.1954,0.2739,2,89.29,91.25,104.99,10,0.1,159.24,1,0.0015
live_ep_000014_NONE,NONE,inventory-service,python-simulator,40.5,1785925340.6953948,90,0.9857,0.0143,closed,0.3145,31.45,0.2828,2.7,23.64,4.52,9.44,0.0115,4.84,535.9,0.0015,0.0004,0.2748,0.2693,0,98.96,127.56,138.68,9,0.0073,203.6,14,0.003
live_ep_000014_NONE,NONE,inventory-service,python-simulator,41.0,1785925341.1955466,26,0.99,0.01,closed,0.3007,30.07,0.3187,1.34,16.46,5.36,4.28,0.0011,41.54,486.0,0.0101,0.0005,0.3757,0.2086,4,94.0,124.49,125.71,4,0.0392,214.7,2,0.0074
live_ep_000014_NONE,NONE,inventory-service,python-simulator,41.5,1785925341.6957312,40,0.9448,0.0552,closed,0.3741,37.41,0.4658,0.5,21.28,3.69,7.61,0.0057,7.39,489.2,0.0059,0.0027,0.185,0.2734,1,91.9,138.64,147.93,9,0.0701,235.64,11,0.0002
live_ep_000014_NONE,NONE,inventory-service,python-simulator,42.0,1785925342.195797,82,0.981,0.019,closed,0.3512,35.12,0.4308,0.64,14.6,10.4,6.76,0.0043,5.73,490.6,0.0,0.0,0.2666,0.2331,3,74.35,100.98,126.31,11,0.0043,226.61,0,0.0145
live_ep_000014_NONE,NONE,inventory-service,python-simulator,42.5,1785925342.696103,64,0.9726,0.0274,closed,0.3463,34.63,0.403,7.79,47.58,5.83,5.41,0.0049,28.66,517.8,0.0027,0.0009,0.1998,0.263,0,96.37,118.83,123.85,13,0.019,172.69,11,0.0076
live_ep_000014_NONE,NONE,inventory-service,python-simulator,43.0,1785925343.1962543,30,0.9621,0.0379,closed,0.3941,39.41,0.3955,7.51,17.27,3.97,2.64,0.0095,3.58,463.1,0.0039,0.0038,0.1711,0.2652,3,84.79,89.17,129.44,18,0.0019,190.66,1,0.001
live_ep_000014_NONE,NONE,inventory-service,python-simulator,43.5,1785925343.696631,23,0.99,0.01,closed,0.3837,38.37,0.4546,9.33,33.13,3.07,10.07,0.0072,7.1,497.6,0.0041,0.0012,0.2093,0.2542,2,105.06,114.68,120.89,1,0.0373,197.63,1,0.002
live_ep_000014_NONE,NONE,inventory-service,python-simulator,44.0,1785925344.1967022,72,0.99,0.01,closed,0.3019,30.19,0.2058,0.5,27.96,6.77,3.24,0.0094,29.88,540.8,0.006,0.0031,0.353,0.2381,3,75.75,126.59,129.91,4,0.1,208.93,10,0.0061
live_ep_000014_NONE,NONE,inventory-service,python-simulator,44.5,1785925344.6970472,110,0.9742,0.0258,closed,0.2735,27.35,0.3123,8.48,29.96,6.87,9.16,0.0021,18.72,480.8,0.0059,0.0005,0.2323,0.2641,1,101.62,110.22,157.23,0,0.1,215.13,5,0.0039
live_ep_000014_NONE,NONE,inventory-service,python-simulator,45.0,1785925345.1971555,74,0.9136,0.0864,closed,0.3533,35.33,0.5306,2.92,23.4,7.67,4.43,0.0062,19.59,501.2,0.0155,0.0035,0.3324,0.2264,1,92.93,112.73,114.7,14,0.0262,214.01,3,0.0041
live_ep_000014_NONE,NONE,inventory-service,python-simulator,45.5,1785925345.6976707,92,0.88,0.12,closed,0.4397,43.97,0.2885,0.75,16.33,10.11,6.34,0.0065,2.28,487.2,0.0045,0.0038,0.3103,0.2369,3,97.83,110.77,130.14,1,0.0898,176.65,1,0.0027
live_ep_000014_NONE,NONE,inventory-service,python-simulator,46.0,1785925346.1979797,64,0.9093,0.0907,closed,0.3783,37.83,0.3671,0.5,12.8,6.45,6.41,0.0139,7.55,513.0,0.0051,0.0015,0.3004,0.2557,4,85.75,116.82,131.09,7,0.0059,213.17,7,0.0018
live_ep_000014_NONE,NONE,inventory-service,python-simulator,46.5,1785925346.6983967,25,0.9011,0.0989,closed,0.4254,42.54,0.2884,3.52,11.83,4.61,8.69,0.005,14.33,505.9,0.0023,0.0024,0.272,0.2066,4,83.41,112.11,137.64,0,0.0325,215.03,2,0.0007
live_ep_000014_NONE,NONE,inventory-service,python-simulator,47.0,1785925347.1987314,82,0.9496,0.0504,closed,0.3909,39.09,0.1621,0.5,22.05,4.44,5.67,0.0036,2.1,510.2,0.0014,0.0007,0.2732,0.23,3,95.37,106.22,119.95,3,0.0169,209.49,0,0.0028
live_ep_000014_NONE,NONE,inventory-service,python-simulator,47.5,1785925347.6991575,113,0.99,0.01,closed,0.4355,43.55,0.3207,5.92,19.91,3.78,5.06,0.0024,2.0,512.1,0.0007,0.0012,0.3013,0.2209,1,80.76,110.89,141.01,13,0.0457,194.87,5,0.0029
live_ep_000014_NONE,NONE,inventory-service,python-simulator,48.0,1785925348.1997185,96,0.9336,0.0664,closed,0.2812,28.12,0.3793,7.29,30.43,7.15,5.51,0.0072,25.54,525.7,0.0089,0.0036,0.2362,0.2783,1,81.48,85.9,158.31,18,0.0319,207.63,7,0.0062
live_ep_000014_NONE,NONE,inventory-service,python-simulator,48.5,1785925348.7000926,99,0.99,0.01,closed,0.3652,36.52,0.2422,16.23,17.13,7.28,3.53,0.0089,2.47,520.7,0.0058,0.0003,0.1537,0.2128,0,84.98,95.93,133.68,3,0.0662,219.78,14,0.0051
live_ep_000014_NONE,NONE,inventory-service,python-simulator,49.0,1785925349.2006195,32,0.9885,0.0115,closed,0.4326,43.26,0.3726,0.5,19.52,7.72,9.23,0.0099,7.47,511.7,0.0045,0.0001,0.3042,0.2354,2,92.9,99.92,107.07,8,0.0306,177.19,6,0.0005
live_ep_000014_NONE,NONE,inventory-service,python-simulator,49.5,1785925349.7008288,81,0.9537,0.0463,closed,0.4591,45.91,0.3202,27.3,22.82,4.29,6.87,0.0055,16.03,496.6,0.0045,0.0006,0.2558,0.304,4,104.36,111.18,114.68,7,0.015,221.13,13,0.0029
live_ep_000014_NONE,NONE,inventory-service,python-simulator,50.0,1785925350.201209,27,0.9588,0.0412,closed,0.4396,43.96,0.3696,0.5,19.52,2.8,5.53,0.0049,19.99,485.0,0.0037,0.0068,0.196,0.2645,1,91.1,125.78,146.77,14,0.0363,217.55,13,0.0009
live_ep_000014_NONE,NONE,inventory-service,python-simulator,50.5,1785925350.701459,47,0.9487,0.0513,closed,0.3506,35.06,0.2074,0.98,24.61,6.9,7.62,0.0049,22.76,514.3,0.0027,0.0007,0.1834,0.2657,4,96.23,97.64,101.13,8,0.0131,199.29,14,0.016
live_ep_000014_NONE,NONE,inventory-service,python-simulator,51.0,1785925351.2034318,76,0.9861,0.0139,closed,0.3086,30.86,0.3759,1.76,33.12,7.22,3.18,0.0097,2.0,526.7,0.0062,0.0001,0.1691,0.224,0,94.35,96.03,116.83,1,0.0129,176.18,4,0.0061
live_ep_000014_NONE,NONE,inventory-service,python-simulator,51.5,1785925351.7037716,50,0.99,0.01,closed,0.3308,33.08,0.4199,8.52,22.38,3.74,9.38,0.0012,11.03,511.0,0.0081,0.0073,0.2149,0.2233,3,84.42,101.83,107.13,3,0.011,218.83,5,0.0098
live_ep_000014_NONE,NONE,inventory-service,python-simulator,52.0,1785925352.2039576,75,0.9739,0.0261,closed,0.3523,35.23,0.3065,13.81,41.34,3.74,5.15,0.0054,52.47,506.7,0.0004,0.0001,0.2955,0.2461,4,85.69,85.73,105.05,9,0.0105,148.92,14,0.0032
live_ep_000014_NONE,NONE,inventory-service,python-simulator,52.5,1785925352.7042289,69,0.9843,0.0157,closed,0.2887,28.87,0.3002,9.31,24.77,3.65,3.52,0.0103,10.58,524.8,0.0002,0.0006,0.2123,0.2245,1,79.41,83.89,104.76,12,0.1,213.12,12,0.0128
live_ep_000014_NONE,NONE,inventory-service,python-simulator,53.0,1785925353.204405,56,0.9747,0.0253,closed,0.3586,35.86,0.3677,4.65,14.08,3.03,8.06,0.0009,6.09,518.4,0.002,0.0085,0.2946,0.2289,1,84.28,90.04,115.47,19,0.0322,222.81,10,0.011
live_ep_000014_NONE,NONE,inventory-service,python-simulator,53.5,1785925353.7048333,64,0.9518,0.0482,closed,0.2865,28.65,0.371,20.91,17.03,4.54,8.16,0.0043,35.58,523.2,0.001,0.0001,0.2176,0.2591,2,92.33,100.46,126.54,1,0.0474,196.28,8,0.0004
live_ep_000014_NONE,NONE,inventory-service,python-simulator,54.0,1785925354.2050164,102,0.9703,0.0297,closed,0.2973,29.73,0.3855,6.93,16.0,4.21,7.64,0.0005,2.0,489.8,0.0028,0.0003,0.2296,0.2373,4,88.66,104.47,125.32,18,0.0635,193.35,11,0.0105
live_ep_000014_NONE,NONE,inventory-service,python-simulator,54.5,1785925354.7051015,38,0.94,0.06,closed,0.3906,39.06,0.3872,10.49,15.44,5.21,4.89,0.0009,7.52,521.4,0.0036,0.0038,0.213,0.2833,0,85.03,116.89,128.36,8,0.0382,219.54,9,0.0029
live_ep_000014_NONE,NONE,inventory-service,python-simulator,55.0,1785925355.2053337,60,0.8917,0.1083,closed,0.4087,40.87,0.47,4.15,16.96,3.07,6.16,0.0051,5.05,484.8,0.0042,0.0,0.4154,0.2944,1,79.77,102.5,130.24,17,0.0507,152.98,11,0.0094
live_ep_000014_NONE,NONE,inventory-service,python-simulator,55.5,1785925355.705879,53,0.9541,0.0459,closed,0.3744,37.44,0.4058,8.25,37.6,4.84,4.8,0.0056,30.36,509.8,0.0128,0.0001,0.2743,0.2523,3,95.39,100.24,120.13,13,0.0496,213.42,14,0.0141
live_ep_000014_NONE,NONE,inventory-service,python-simulator,56.0,1785925356.2063043,115,0.9577,0.0423,closed,0.4594,45.94,0.2988,0.98,43.87,7.79,5.83,0.0117,4.06,492.3,0.0049,0.0015,0.2445,0.173,1,91.27,97.95,106.48,4,0.0109,211.13,11,0.0002
live_ep_000014_NONE,NONE,inventory-service,python-simulator,56.5,1785925356.706655,87,0.9361,0.0639,closed,0.3129,31.29,0.4276,0.88,13.27,6.15,7.67,0.0197,10.97,530.2,0.0042,0.0027,0.2434,0.2478,4,81.78,96.26,122.55,10,0.0195,200.05,0,0.001
live_ep_000014_NONE,NONE,inventory-service,python-simulator,57.0,1785925357.207065,92,0.9064,0.0936,closed,0.3601,36.01,0.3208,0.5,14.73,3.57,4.39,0.0098,16.71,498.6,0.0019,0.001,0.2876,0.264,0,87.71,125.09,126.03,0,0.0466,198.83,3,0.0016
live_ep_000014_NONE,NONE,inventory-service,python-simulator,57.5,1785925357.7072213,49,0.99,0.01,closed,0.3614,36.14,0.3714,1.17,20.54,3.95,3.85,0.006,6.8,473.7,0.0052,0.0003,0.2083,0.2155,2,83.9,114.65,119.09,6,0.1,190.8,2,0.0041
live_ep_000014_NONE,NONE,inventory-service,python-simulator,58.0,1785925358.20744,109,0.9319,0.0681,closed,0.3006,30.06,0.3911,7.99,24.27,9.08,5.36,0.0087,9.81,489.5,0.0048,0.0002,0.344,0.2208,0,87.69,97.03,120.09,4,0.0188,179.48,9,0.014
live_ep_000014_NONE,NONE,inventory-service,python-simulator,58.5,1785925358.7078907,40,0.9247,0.0753,closed,0.3883,38.83,0.348,0.5,21.06,6.02,4.3,0.0199,18.15,515.4,0.0105,0.0061,0.2191,0.2572,1,81.3,94.21,132.25,10,0.0555,174.46,8,0.0044
live_ep_000014_NONE,NONE,inventory-service,python-simulator,59.0,1785925359.2081723,101,0.9099,0.0901,closed,0.2847,28.47,0.4031,0.5,13.52,4.13,7.17,0.0116,19.18,459.9,0.0036,0.0008,0.3216,0.2141,0,82.76,102.64,114.42,18,0.0091,203.95,7,0.0038
live_ep_000014_NONE,NONE,inventory-service,python-simulator,59.5,1785925359.7085018,89,0.9786,0.0214,closed,0.3957,39.57,0.3988,0.62,22.5,2.91,9.69,0.0266,60.0,484.3,0.0113,0.0005,0.3869,0.2461,4,95.97,125.06,126.17,7,0.0956,190.88,0,0.0093
live_ep_000015_QUEUE_BACKUP,QUEUE_BACKUP,auth-service,python-simulator,0.0,1785925360.2111487,73,0.9798,0.0202,closed,0.335,33.5,0.2818,7.83,10.66,5.51,3.8,0.0078,35.1,497.3,0.0053,0.002,0.3203,0.2616,4,97.71,98.74,113.36,19,0.016,195.18,13,0.0039
live_ep_000015_QUEUE_BACKUP,QUEUE_BACKUP,auth-service,python-simulator,0.5,1785925360.711634,95,0.9423,0.0577,closed,0.3971,39.71,0.4161,1.28,17.41,8.55,17.56,0.0214,3.18,489.6,0.0218,0.0016,0.2718,0.2656,2,80.26,124.33,124.59,15,0.0162,208.59,3,0.0041
live_ep_000015_QUEUE_BACKUP,QUEUE_BACKUP,auth-service,python-simulator,1.0,1785925361.2118957,39,0.9597,0.0403,closed,0.395,39.5,0.1736,11.84,18.69,3.86,9.73,0.0053,23.32,537.0,0.0006,0.0058,0.2452,0.2772,1,100.84,98.29,93.31,16,0.0144,188.86,8,0.0032
live_ep_000015_QUEUE_BACKUP,QUEUE_BACKUP,auth-service,python-simulator,1.5,1785925361.7120156,67,0.9789,0.0211,closed,0.4451,44.51,0.3952,1.16,22.5,4.74,8.0,0.0101,4.01,564.7,0.03,0.0054,0.2592,0.2663,0,83.91,111.58,122.11,0,0.0706,196.24,14,0.0037
live_ep_000015_QUEUE_BACKUP,QUEUE_BACKUP,auth-service,python-simulator,2.0,1785925362.2126882,29,0.9355,0.0645,closed,0.3059,30.59,0.3747,0.5,17.5,5.35,7.39,0.0144,3.93,519.6,0.0147,0.002,0.259,0.1929,0,86.63,87.44,137.98,11,0.0222,193.46,13,0.0032
live_ep_000015_QUEUE_BACKUP,QUEUE_BACKUP,auth-service,python-simulator,2.5,1785925362.7138247,65,0.9054,0.0946,closed,0.36,36.0,0.4493,2.33,15.65,3.62,5.38,0.0106,7.92,528.8,0.0108,0.0015,0.2257,0.182,3,85.86,91.53,96.86,19,0.0247,192.02,10,0.0074
live_ep_000015_QUEUE_BACKUP,QUEUE_BACKUP,auth-service,python-simulator,3.0,1785925363.2142692,65,0.9842,0.0158,closed,0.3176,31.76,0.3616,18.3,44.27,3.03,2.85,0.0221,5.86,518.2,0.0045,0.0003,0.303,0.2708,2,94.12,95.78,106.55,12,0.0353,209.39,3,0.0009
live_ep_000015_QUEUE_BACKUP,QUEUE_BACKUP,auth-service,python-simulator,3.5,1785925363.714522,85,0.99,0.01,closed,0.3142,31.42,0.4427,3.41,10.47,6.08,5.93,0.0088,9.54,538.1,0.0167,0.0005,0.2334,0.2834,0,104.43,112.64,132.4,12,0.0402,216.61,24,0.0093
live_ep_000015_QUEUE_BACKUP,QUEUE_BACKUP,auth-service,python-simulator,4.0,1785925364.2147255,126,0.99,0.01,closed,0.2872,28.72,0.3784,7.19,27.45,4.04,5.24,0.0048,11.78,503.4,0.0018,0.0006,0.4173,0.2775,4,86.17,120.39,121.79,30,0.0149,218.22,60,0.0007
live_ep_000015_QUEUE_BACKUP,QUEUE_BACKUP,auth-service,python-simulator,4.5,1785925364.715261,120,0.9524,0.0476,closed,0.3341,33.41,0.333,3.3,25.56,2.63,4.68,0.0088,27.68,512.3,0.0028,0.001,0.2907,0.2376,2,86.38,96.26,113.95,14,0.0387,207.69,28,0.0032
live_ep_000015_QUEUE_BACKUP,QUEUE_BACKUP,auth-service,python-simulator,5.0,1785925365.2155564,35,0.9705,0.0295,closed,0.4143,41.43,0.2007,4.5,12.79,2.72,6.9,0.0017,27.41,509.6,0.0158,0.0029,0.3627,0.2727,3,94.06,103.73,104.5,7,0.0126,214.17,14,0.0015
live_ep_000015_QUEUE_BACKUP,QUEUE_BACKUP,auth-service,python-simulator,5.5,1785925365.7160795,124,0.9541,0.0459,closed,0.3858,38.58,0.418,8.39,21.17,5.1,8.58,0.0213,13.82,515.7,0.0115,0.0015,0.3127,0.252,1,113.99,127.25,130.77,27,0.0083,197.17,54,0.0137
live_ep_000015_QUEUE_BACKUP,QUEUE_BACKUP,auth-service,python-simulator,6.0,1785925366.2165995,66,0.9869,0.0131,closed,0.3693,36.93,0.2863,3.47,25.85,6.98,4.78,0.002,2.0,539.5,0.0058,0.001,0.2716,0.2216,3,89.37,84.37,80.0,14,0.0289,214.8,28,0.0011
live_ep_000015_QUEUE_BACKUP,QUEUE_BACKUP,auth-service,python-simulator,6.5,1785925366.7167273,46,0.9707,0.0293,closed,0.3292,32.92,0.2704,17.71,12.56,6.66,12.33,0.0127,24.22,495.9,0.0052,0.0064,0.2336,0.2524,2,97.97,98.87,135.98,32,0.0298,195.08,64,0.0085
live_ep_000015_QUEUE_BACKUP,QUEUE_BACKUP,auth-service,python-simulator,7.0,1785925367.217014,48,0.88,0.12,closed,0.313,31.3,0.3539,13.22,23.99,6.66,7.37,0.0028,9.6,506.4,0.0097,0.0019,0.2534,0.2404,1,94.62,154.44,163.44,33,0.0496,155.54,66,0.0027
live_ep_000015_QUEUE_BACKUP,QUEUE_BACKUP,auth-service,python-simulator,7.5,1785925367.7174797,64,0.908,0.092,closed,0.2962,29.62,0.309,12.39,14.27,2.8,4.12,0.0162,3.16,506.0,0.0091,0.0014,0.202,0.2434,4,87.44,91.58,112.6,19,0.0271,204.17,38,0.0118
live_ep_000015_QUEUE_BACKUP,QUEUE_BACKUP,auth-service,python-simulator,8.0,1785925368.2178693,91,0.953,0.047,closed,0.4122,41.22,0.3797,5.72,15.83,6.18,4.03,0.0077,12.29,481.6,0.0029,0.0007,0.2417,0.2191,0,112.03,118.84,130.12,25,0.0118,203.53,50,0.0064
live_ep_000015_QUEUE_BACKUP,QUEUE_BACKUP,auth-service,python-simulator,8.5,1785925368.7183032,90,0.8846,0.1154,closed,0.3064,30.64,0.1891,10.62,38.71,3.65,7.4,0.0094,2.82,538.7,0.0023,0.0009,0.3166,0.2547,2,116.67,130.95,163.4,37,0.0159,166.23,74,0.0104
live_ep_000015_QUEUE_BACKUP,QUEUE_BACKUP,auth-service,python-simulator,9.0,1785925369.218841,84,0.9054,0.0946,closed,0.3735,37.35,0.265,14.61,13.78,1.7,6.07,0.0156,10.56,525.7,0.0031,0.002,0.411,0.1736,0,111.41,112.84,121.82,38,0.0074,223.91,76,0.0062
live_ep_000015_QUEUE_BACKUP,QUEUE_BACKUP,auth-service,python-simulator,9.5,1785925369.7189798,77,0.88,0.12,closed,0.2564,25.64,0.5228,7.29,31.39,4.77,7.51,0.002,24.74,536.7,0.0035,0.0014,0.2799,0.2664,4,100.33,119.41,127.78,20,0.0098,187.81,40,0.0013
live_ep_000015_QUEUE_BACKUP,QUEUE_BACKUP,auth-service,python-simulator,10.0,1785925370.2191668,79,0.99,0.01,closed,0.3592,35.92,0.2635,3.5,22.38,3.43,4.26,0.0049,3.14,499.9,0.0003,0.0001,0.1987,0.2366,0,102.76,97.19,80.0,15,0.0002,212.78,30,0.0022
live_ep_000015_QUEUE_BACKUP,QUEUE_BACKUP,auth-service,python-simulator,10.5,1785925370.7194698,125,0.9773,0.0227,closed,0.3357,33.57,0.3081,7.63,25.29,7.06,8.49,0.0079,48.06,521.4,0.0024,0.0002,0.1902,0.2653,1,105.52,120.0,123.26,25,0.1,211.17,50,0.0003
live_ep_000015_QUEUE_BACKUP,QUEUE_BACKUP,auth-service,python-simulator,11.0,1785925371.2195795,96,0.9838,0.0162,closed,0.3878,38.78,0.4166,15.62,20.97,2.04,7.61,0.0056,9.22,492.1,0.0143,0.0002,0.318,0.2221,0,99.62,136.31,147.25,31,0.0527,172.3,62,0.0017
live_ep_000015_QUEUE_BACKUP,QUEUE_BACKUP,auth-service,python-simulator,11.5,1785925371.7200587,66,0.88,0.12,closed,0.2985,29.85,0.36,8.61,22.07,4.51,4.03,0.0014,2.6,516.1,0.0003,0.0004,0.3271,0.2154,0,103.12,135.67,136.42,25,0.0188,216.55,50,0.0026
live_ep_000015_QUEUE_BACKUP,QUEUE_BACKUP,auth-service,python-simulator,12.0,1785925372.220295,109,0.965,0.035,closed,0.3537,35.37,0.4349,8.62,12.32,3.82,4.16,0.0027,23.14,514.9,0.0019,0.0022,0.2486,0.2273,4,117.4,165.27,167.47,37,0.0055,205.09,74,0.0102
live_ep_000015_QUEUE_BACKUP,QUEUE_BACKUP,auth-service,python-simulator,12.5,1785925372.7207384,100,0.9852,0.0148,closed,0.3318,33.18,0.4399,8.06,27.13,3.85,8.02,0.0078,15.35,542.3,0.0002,0.004,0.2638,0.2484,1,102.91,101.66,100.6,21,0.027,190.57,42,0.0152
live_ep_000015_QUEUE_BACKUP,QUEUE_BACKUP,auth-service,python-simulator,13.0,1785925373.2210863,51,0.9722,0.0278,closed,0.2452,24.52,0.2862,9.88,16.04,3.67,2.93,0.0093,26.29,507.5,0.0182,0.0017,0.2574,0.2521,0,98.03,101.82,123.22,17,0.0276,201.6,34,0.0027
live_ep_000015_QUEUE_BACKUP,QUEUE_BACKUP,auth-service,python-simulator,13.5,1785925373.7215471,139,0.9895,0.0105,closed,0.3316,33.16,0.4031,20.19,19.99,9.07,4.2,0.0045,2.32,504.0,0.0052,0.001,0.2252,0.2329,2,102.24,106.45,111.33,42,0.0388,196.24,84,0.0094
live_ep_000015_QUEUE_BACKUP,QUEUE_BACKUP,auth-service,python-simulator,14.0,1785925374.2221298,48,0.99,0.01,closed,0.2995,29.95,0.298,13.3,15.62,3.1,7.73,0.0023,25.44,481.6,0.0086,0.0032,0.1194,0.2063,1,96.53,119.6,123.66,32,0.0049,231.21,64,0.0026
live_ep_000015_QUEUE_BACKUP,QUEUE_BACKUP,auth-service,python-simulator,14.5,1785925374.722668,96,0.978,0.022,closed,0.3545,35.45,0.4072,16.92,19.22,5.15,7.15,0.0147,3.89,542.9,0.0032,0.0008,0.2725,0.2873,2,106.94,120.75,138.75,37,0.025,197.65,74,0.001
live_ep_000015_QUEUE_BACKUP,QUEUE_BACKUP,auth-service,python-simulator,15.0,1785925375.2231667,120,0.9514,0.0486,closed,0.2872,28.72,0.3181,7.76,25.52,6.06,6.86,0.004,23.66,526.6,0.0014,0.0005,0.2961,0.2255,1,99.96,126.84,143.05,36,0.0021,193.66,72,0.0065
live_ep_000015_QUEUE_BACKUP,QUEUE_BACKUP,auth-service,python-simulator,15.5,1785925375.723326,41,0.9459,0.0541,closed,0.3996,39.96,0.4168,5.3,10.26,4.69,2.0,0.0007,11.94,515.1,0.0018,0.0044,0.3091,0.2723,0,93.77,149.66,154.31,24,0.0209,159.51,48,0.0005
live_ep_000015_QUEUE_BACKUP,QUEUE_BACKUP,auth-service,python-simulator,16.0,1785925376.223478,91,0.9716,0.0284,closed,0.3517,35.17,0.3647,22.77,25.06,3.04,4.99,0.0047,6.98,522.8,0.0003,0.0014,0.2622,0.2464,4,118.1,140.15,144.76,36,0.1,205.85,72,0.0026
live_ep_000015_QUEUE_BACKUP,QUEUE_BACKUP,auth-service,python-simulator,16.5,1785925376.7236297,55,0.9518,0.0482,closed,0.3805,38.05,0.4354,7.58,13.4,5.79,3.82,0.0305,2.0,510.7,0.0017,0.0012,0.2302,0.2561,1,113.79,136.1,157.27,23,0.0776,210.89,46,0.0006
live_ep_000015_QUEUE_BACKUP,QUEUE_BACKUP,auth-service,python-simulator,17.0,1785925377.2239308,40,0.99,0.01,closed,0.2952,29.52,0.4062,8.83,22.37,4.08,3.62,0.0135,53.91,484.5,0.0044,0.0,0.2022,0.2404,2,101.47,125.78,132.85,33,0.0159,210.07,66,0.0022
live_ep_000015_QUEUE_BACKUP,QUEUE_BACKUP,auth-service,python-simulator,17.5,1785925377.7243512,95,0.99,0.01,closed,0.3124,31.24,0.3394,11.44,24.48,4.24,4.07,0.0195,24.63,517.8,0.0072,0.0006,0.2914,0.2931,0,102.99,139.44,146.58,44,0.0209,187.07,88,0.0061
live_ep_000015_QUEUE_BACKUP,QUEUE_BACKUP,auth-service,python-simulator,18.0,1785925378.224753,80,0.9802,0.0198,closed,0.361,36.1,0.2368,17.28,28.89,7.22,7.33,0.0039,12.84,498.0,0.0023,0.0009,0.2338,0.3158,2,115.33,145.54,156.87,41,0.0207,211.08,82,0.0029
live_ep_000015_QUEUE_BACKUP,QUEUE_BACKUP,auth-service,python-simulator,18.5,1785925378.7252083,111,0.9203,0.0797,closed,0.3337,33.37,0.4247,11.86,14.9,9.35,8.96,0.0085,14.01,492.8,0.0103,0.0003,0.3787,0.2022,4,113.89,126.43,135.28,56,0.0717,216.69,112,0.0017
live_ep_000015_QUEUE_BACKUP,QUEUE_BACKUP,auth-service,python-simulator,19.0,1785925379.225393,63,0.99,0.01,closed,0.315,31.5,0.4499,12.5,20.24,3.64,3.85,0.0013,6.87,501.0,0.0005,0.0012,0.3298,0.2332,3,110.88,119.47,154.01,51,0.0073,201.34,102,0.0062
live_ep_000015_QUEUE_BACKUP,QUEUE_BACKUP,auth-service,python-simulator,19.5,1785925379.725778,60,0.9168,0.0832,closed,0.3577,35.77,0.3563,12.81,23.46,2.71,2.94,0.0126,2.93,495.1,0.0014,0.0017,0.2098,0.2075,3,101.68,171.74,184.62,55,0.0296,210.92,110,0.0012
live_ep_000015_QUEUE_BACKUP,QUEUE_BACKUP,auth-service,python-simulator,20.0,1785925380.2261548,70,0.9629,0.0371,closed,0.3389,33.89,0.4035,12.87,26.51,5.86,5.17,0.0392,2.0,467.3,0.0084,0.002,0.2384,0.27,0,105.74,163.52,164.26,49,0.028,173.5,98,0.0015
live_ep_000015_QUEUE_BACKUP,QUEUE_BACKUP,auth-service,python-simulator,20.5,1785925380.726577,110,0.9621,0.0379,closed,0.3803,38.03,0.3807,6.9,20.57,4.96,5.45,0.0231,40.08,554.2,0.0006,0.0042,0.3081,0.2837,0,102.18,163.37,165.9,32,0.0825,185.72,64,0.0025
live_ep_000015_QUEUE_BACKUP,QUEUE_BACKUP,auth-service,python-simulator,21.0,1785925381.2271147,125,0.9847,0.0153,closed,0.3383,33.83,0.4279,15.68,13.99,2.86,5.21,0.0055,25.52,488.5,0.0083,0.0013,0.3239,0.2084,0,115.14,140.61,161.29,57,0.0177,189.59,114,0.0158
live_ep_000015_QUEUE_BACKUP,QUEUE_BACKUP,auth-service,python-simulator,21.5,1785925381.727692,43,0.9596,0.0404,closed,0.3652,36.52,0.3147,7.54,12.14,7.27,6.45,0.0158,2.0,506.2,0.0047,0.0028,0.1608,0.2437,0,99.0,123.67,140.59,34,0.0033,199.79,68,0.0054
live_ep_000015_QUEUE_BACKUP,QUEUE_BACKUP,auth-service,python-simulator,22.0,1785925382.2278292,94,0.9626,0.0374,closed,0.3471,34.71,0.4135,23.8,20.21,4.95,4.73,0.0073,47.31,478.7,0.001,0.0002,0.146,0.2175,0,95.16,112.93,168.7,61,0.0062,237.06,122,0.0008
live_ep_000015_QUEUE_BACKUP,QUEUE_BACKUP,auth-service,python-simulator,22.5,1785925382.7284052,97,0.959,0.041,closed,0.3624,36.24,0.296,12.5,12.24,3.42,5.6,0.0083,25.61,500.0,0.0025,0.0051,0.1493,0.2715,4,121.47,150.2,171.46,60,0.017,169.71,120,0.0006
live_ep_000015_QUEUE_BACKUP,QUEUE_BACKUP,auth-service,python-simulator,23.0,1785925383.2286956,51,0.9783,0.0217,closed,0.3727,37.27,0.46,18.38,9.47,4.11,8.02,0.0036,8.11,496.9,0.0083,0.0015,0.1266,0.2513,0,104.11,125.74,138.42,59,0.1,212.68,118,0.0016
live_ep_000015_QUEUE_BACKUP,QUEUE_BACKUP,auth-service,python-simulator,23.5,1785925383.7292285,105,0.9637,0.0363,closed,0.405,40.5,0.3044,15.19,19.79,4.04,2.64,0.0206,10.61,523.5,0.0017,0.0064,0.2279,0.2219,0,108.53,165.31,172.82,61,0.0225,189.59,122,0.0047
live_ep_000015_QUEUE_BACKUP,QUEUE_BACKUP,auth-service,python-simulator,24.0,1785925384.2296817,125,0.99,0.01,closed,0.3419,34.19,0.2846,12.11,27.25,6.06,6.68,0.0019,33.58,527.2,0.0034,0.0007,0.3192,0.2557,0,111.56,142.66,171.3,56,0.1,198.28,112,0.0059
live_ep_000015_QUEUE_BACKUP,QUEUE_BACKUP,auth-service,python-simulator,24.5,1785925384.730186,92,0.9618,0.0382,closed,0.3142,31.42,0.3107,24.19,15.74,6.36,3.59,0.0062,18.7,544.1,0.002,0.0029,0.3287,0.2791,4,100.61,151.89,185.22,41,0.0318,195.31,82,0.002
live_ep_000015_QUEUE_BACKUP,QUEUE_BACKUP,auth-service,python-simulator,25.0,1785925385.233258,75,0.9042,0.0958,closed,0.4143,41.43,0.2502,20.52,16.47,5.93,5.29,0.0225,2.0,501.5,0.001,0.0014,0.1769,0.2089,1,115.84,132.54,200.56,60,0.0753,220.62,120,0.0149
live_ep_000015_QUEUE_BACKUP,QUEUE_BACKUP,auth-service,python-simulator,25.5,1785925385.7346306,66,0.99,0.01,closed,0.2604,26.04,0.3254,12.0,20.54,6.71,4.87,0.0099,22.2,490.6,0.0008,0.0009,0.2754,0.2941,0,104.03,123.91,200.17,56,0.0412,189.04,112,0.0023
live_ep_000015_QUEUE_BACKUP,QUEUE_BACKUP,auth-service,python-simulator,26.0,1785925386.234879,75,0.9286,0.0714,closed,0.3566,35.66,0.3185,16.2,24.63,6.34,4.03,0.0086,6.32,532.4,0.0109,0.0025,0.2196,0.2373,3,114.35,163.82,201.8,69,0.0208,218.75,138,0.0077
live_ep_000015_QUEUE_BACKUP,QUEUE_BACKUP,auth-service,python-simulator,26.5,1785925386.7350466,116,0.9743,0.0257,closed,0.2605,26.05,0.4309,13.27,19.83,5.72,5.81,0.0106,6.8,512.8,0.0043,0.0018,0.1928,0.2405,3,96.92,111.53,150.95,47,0.0006,205.84,94,0.0033
live_ep_000015_QUEUE_BACKUP,QUEUE_BACKUP,auth-service,python-simulator,27.0,1785925387.2354445,140,0.9679,0.0321,closed,0.4085,40.85,0.3788,17.18,21.85,7.06,5.25,0.0086,12.94,530.2,0.0037,0.0,0.2257,0.288,0,111.34,121.24,149.98,45,0.0451,193.11,90,0.0033
live_ep_000015_QUEUE_BACKUP,QUEUE_BACKUP,auth-service,python-simulator,27.5,1785925387.7357082,78,0.8994,0.1006,closed,0.3172,31.72,0.4271,24.75,22.54,8.66,12.39,0.0075,10.46,544.6,0.0045,0.0,0.2865,0.2755,2,103.9,148.75,187.15,64,0.0207,195.17,128,0.0005
live_ep_000015_QUEUE_BACKUP,QUEUE_BACKUP,auth-service,python-simulator,28.0,1785925388.2362294,113,0.9438,0.0562,closed,0.4174,41.74,0.3826,12.3,22.78,4.72,8.05,0.0027,4.13,519.9,0.0016,0.0026,0.289,0.2812,4,100.39,127.98,236.59,59,0.0206,204.25,118,0.0016
live_ep_000015_QUEUE_BACKUP,QUEUE_BACKUP,auth-service,python-simulator,28.5,1785925388.7368076,70,0.9246,0.0754,closed,0.4098,40.98,0.2775,16.65,15.56,4.61,8.37,0.0043,4.82,501.8,0.0014,0.0002,0.342,0.257,0,115.54,164.37,209.01,64,0.0044,165.68,128,0.0157
live_ep_000015_QUEUE_BACKUP,QUEUE_BACKUP,auth-service,python-simulator,29.0,1785925389.236948,108,0.9475,0.0525,closed,0.2335,23.35,0.2433,12.18,20.07,4.71,4.32,0.0125,8.98,520.4,0.0001,0.0015,0.2922,0.2414,0,113.93,146.83,200.81,58,0.0469,187.45,116,0.0021
live_ep_000015_QUEUE_BACKUP,QUEUE_BACKUP,auth-service,python-simulator,29.5,1785925389.737116,68,0.9047,0.0953,closed,0.3387,33.87,0.3339,16.34,11.67,2.02,7.26,0.0035,5.6,505.0,0.0125,0.0018,0.2956,0.2666,4,112.87,181.0,196.57,74,0.0268,230.0,148,0.0075
live_ep_000015_QUEUE_BACKUP,QUEUE_BACKUP,auth-service,python-simulator,30.0,1785925390.2371798,79,0.9822,0.0178,closed,0.3781,37.81,0.3196,28.16,19.8,3.02,8.72,0.0013,18.6,525.3,0.0026,0.0002,0.2426,0.2352,4,120.99,127.14,174.12,58,0.0198,223.34,116,0.0044
live_ep_000015_QUEUE_BACKUP,QUEUE_BACKUP,auth-service,python-simulator,30.5,1785925390.7376163,149,0.99,0.01,closed,0.4626,46.26,0.3108,18.97,26.55,15.88,3.35,0.0146,4.38,491.3,0.0087,0.0014,0.2567,0.2043,0,104.11,154.92,181.3,69,0.0612,214.75,138,0.0063
live_ep_000015_QUEUE_BACKUP,QUEUE_BACKUP,auth-service,python-simulator,31.0,1785925391.238366,109,0.9471,0.0529,closed,0.3477,34.77,0.4093,21.0,16.24,3.89,5.2,0.0045,5.87,481.0,0.0043,0.0048,0.1082,0.2127,1,103.25,177.58,225.02,67,0.0912,209.79,134,0.0052
live_ep_000015_QUEUE_BACKUP,QUEUE_BACKUP,auth-service,python-simulator,31.5,1785925391.7388294,121,0.9532,0.0468,closed,0.2881,28.81,0.3234,17.7,8.27,4.73,6.14,0.0087,44.08,514.3,0.0013,0.0002,0.2707,0.2577,1,109.24,149.95,191.33,56,0.0115,179.02,112,0.001
live_ep_000015_QUEUE_BACKUP,QUEUE_BACKUP,auth-service,python-simulator,32.0,1785925392.2393658,127,0.9642,0.0358,closed,0.3185,31.85,0.3625,19.21,17.32,4.22,3.52,0.004,18.48,470.6,0.0022,0.001,0.2516,0.254,0,112.93,146.63,179.52,65,0.0563,211.93,130,0.0039
live_ep_000015_QUEUE_BACKUP,QUEUE_BACKUP,auth-service,python-simulator,32.5,1785925392.740109,134,0.9862,0.0138,closed,0.3576,35.76,0.2892,13.41,23.57,5.65,4.46,0.0184,9.51,542.1,0.0017,0.0044,0.2434,0.2984,0,94.19,95.05,191.96,63,0.0639,201.56,126,0.0052
live_ep_000015_QUEUE_BACKUP,QUEUE_BACKUP,auth-service,python-simulator,33.0,1785925393.240463,122,0.99,0.01,closed,0.3484,34.84,0.2966,18.85,18.24,6.25,7.8,0.0029,19.6,540.5,0.0136,0.0,0.3046,0.294,2,114.97,139.91,152.15,64,0.0075,213.9,128,0.0021
live_ep_000015_QUEUE_BACKUP,QUEUE_BACKUP,auth-service,python-simulator,33.5,1785925393.7407904,129,0.99,0.01,closed,0.3747,37.47,0.3144,27.73,25.5,2.88,5.81,0.0126,11.35,505.8,0.0026,0.0046,0.338,0.2736,4,104.23,141.84,214.86,69,0.0056,191.87,138,0.0119
live_ep_000015_QUEUE_BACKUP,QUEUE_BACKUP,auth-service,python-simulator,34.0,1785925394.2410169,156,0.99,0.01,closed,0.3134,31.34,0.4449,17.63,16.0,4.54,4.45,0.0051,60.0,509.5,0.0046,0.0002,0.3597,0.2651,4,129.18,151.84,224.92,84,0.0257,171.88,168,0.0017
live_ep_000015_QUEUE_BACKUP,QUEUE_BACKUP,auth-service,python-simulator,34.5,1785925394.7418804,87,0.99,0.01,closed,0.3701,37.01,0.41,14.6,28.08,6.04,7.59,0.0082,10.81,491.7,0.0015,0.0046,0.3327,0.2407,4,110.35,123.61,196.72,67,0.0638,199.87,134,0.0044
live_ep_000015_QUEUE_BACKUP,QUEUE_BACKUP,auth-service,python-simulator,35.0,1785925395.2423282,81,0.9458,0.0542,closed,0.3996,39.96,0.3397,13.05,31.65,4.1,6.98,0.0191,2.1,499.9,0.0028,0.0049,0.3633,0.2106,0,124.45,141.07,148.78,57,0.0009,183.36,114,0.004
live_ep_000015_QUEUE_BACKUP,QUEUE_BACKUP,auth-service,python-simulator,35.5,1785925395.7427704,134,0.8839,0.1161,closed,0.3207,32.07,0.3148,15.9,32.92,7.58,5.71,0.0061,2.0,522.5,0.0111,0.0003,0.236,0.2886,0,118.54,179.18,192.14,76,0.0367,208.31,152,0.0034
live_ep_000015_QUEUE_BACKUP,QUEUE_BACKUP,auth-service,python-simulator,36.0,1785925396.2430642,148,0.9816,0.0184,closed,0.3785,37.85,0.3823,19.21,15.21,2.61,3.53,0.006,5.54,514.0,0.0078,0.0002,0.3119,0.2521,3,105.91,167.88,223.42,83,0.0055,202.23,166,0.0042
live_ep_000015_QUEUE_BACKUP,QUEUE_BACKUP,auth-service,python-simulator,36.5,1785925396.7435627,63,0.9438,0.0562,closed,0.3591,35.91,0.2985,17.3,18.26,3.31,3.91,0.0034,26.69,515.6,0.0154,0.0052,0.2125,0.2665,2,116.42,139.18,207.2,84,0.0043,197.21,168,0.0112
live_ep_000015_QUEUE_BACKUP,QUEUE_BACKUP,auth-service,python-simulator,37.0,1785925397.2439373,111,0.9696,0.0304,closed,0.4122,41.22,0.287,24.21,30.18,3.83,8.62,0.0058,12.68,527.8,0.0043,0.0075,0.3298,0.3008,1,113.76,135.67,166.35,66,0.0005,223.7,132,0.0098
live_ep_000015_QUEUE_BACKUP,QUEUE_BACKUP,auth-service,python-simulator,37.5,1785925397.7442718,131,0.9894,0.0106,closed,0.3362,33.62,0.4645,31.63,23.1,6.37,10.27,0.0121,60.0,488.1,0.0024,0.0011,0.4161,0.2194,4,115.47,211.23,232.95,87,0.0649,220.55,174,0.0076
live_ep_000015_QUEUE_BACKUP,QUEUE_BACKUP,auth-service,python-simulator,38.0,1785925398.2444072,140,0.9205,0.0795,closed,0.3476,34.76,0.3739,19.14,21.46,2.47,4.23,0.015,9.4,491.6,0.0013,0.0008,0.2772,0.2482,2,113.56,132.79,201.87,87,0.0396,201.87,174,0.0138
live_ep_000015_QUEUE_BACKUP,QUEUE_BACKUP,auth-service,python-simulator,38.5,1785925398.7449868,89,0.9341,0.0659,closed,0.3587,35.87,0.4688,28.08,22.01,3.12,5.87,0.0081,2.0,544.1,0.0007,0.0015,0.2424,0.2915,1,111.19,158.18,215.55,90,0.0953,186.82,180,0.0019
live_ep_000015_QUEUE_BACKUP,QUEUE_BACKUP,auth-service,python-simulator,39.0,1785925399.2451475,126,0.9727,0.0273,closed,0.278,27.8,0.3108,20.71,19.59,3.06,10.39,0.0134,12.89,500.4,0.0101,0.0006,0.1606,0.212,3,108.79,122.31,176.34,68,0.0017,197.31,136,0.0034
live_ep_000015_QUEUE_BACKUP,QUEUE_BACKUP,auth-service,python-simulator,39.5,1785925399.7471352,134,0.99,0.01,closed,0.3981,39.81,0.5724,23.23,17.17,6.13,7.28,0.0068,13.77,506.8,0.0117,0.0,0.2417,0.2973,4,97.46,201.33,223.88,85,0.0737,217.62,170,0.0
live_ep_000015_QUEUE_BACKUP,QUEUE_BACKUP,auth-service,python-simulator,40.0,1785925400.2477376,155,0.9846,0.0154,closed,0.3551,35.51,0.2241,18.22,24.77,2.31,6.58,0.0045,6.35,499.6,0.008,0.0003,0.2889,0.2736,1,114.52,126.68,180.56,88,0.0048,189.35,176,0.0128
live_ep_000015_QUEUE_BACKUP,QUEUE_BACKUP,auth-service,python-simulator,40.5,1785925400.7481089,82,0.9749,0.0251,closed,0.3367,33.67,0.3086,25.75,22.95,5.87,6.6,0.0072,14.65,505.3,0.0081,0.0014,0.2872,0.2763,1,120.78,182.27,195.13,76,0.05,212.22,152,0.0013
live_ep_000015_QUEUE_BACKUP,QUEUE_BACKUP,auth-service,python-simulator,41.0,1785925401.248189,93,0.9821,0.0179,closed,0.2863,28.63,0.3395,28.23,16.84,11.8,4.25,0.0091,2.11,496.5,0.004,0.0085,0.1883,0.268,3,120.59,159.35,198.29,84,0.0016,145.37,168,0.0094
live_ep_000015_QUEUE_BACKUP,QUEUE_BACKUP,auth-service,python-simulator,41.5,1785925401.7483134,104,0.9725,0.0275,closed,0.3885,38.85,0.3922,22.45,33.95,4.68,5.02,0.0078,21.65,509.3,0.002,0.0008,0.234,0.2577,3,100.78,218.82,219.15,94,0.0185,235.04,188,0.0028
live_ep_000015_QUEUE_BACKUP,QUEUE_BACKUP,auth-service,python-simulator,42.0,1785925402.2488756,154,0.99,0.01,closed,0.3726,37.26,0.3327,19.55,38.33,3.55,11.89,0.0062,22.24,499.8,0.0012,0.0012,0.3325,0.2792,0,106.3,133.25,215.53,78,0.009,189.78,156,0.0042
live_ep_000015_QUEUE_BACKUP,QUEUE_BACKUP,auth-service,python-simulator,42.5,1785925402.7491553,110,0.9192,0.0808,closed,0.2953,29.53,0.271,26.64,29.07,10.61,4.11,0.01,6.1,504.5,0.0002,0.0002,0.2667,0.1954,2,123.95,229.29,244.02,93,0.0419,179.74,186,0.0008
live_ep_000015_QUEUE_BACKUP,QUEUE_BACKUP,auth-service,python-simulator,43.0,1785925403.2500498,151,0.99,0.01,closed,0.345,34.5,0.4144,22.05,22.04,3.41,4.42,0.0068,44.3,484.6,0.0097,0.0003,0.1442,0.2974,3,108.6,120.52,235.02,92,0.0056,192.49,184,0.0004
live_ep_000015_QUEUE_BACKUP,QUEUE_BACKUP,auth-service,python-simulator,43.5,1785925403.755856,110,0.953,0.047,closed,0.3423,34.23,0.4198,19.61,18.74,7.39,7.81,0.0029,12.86,537.7,0.003,0.0017,0.2966,0.2745,0,114.6,192.26,223.31,83,0.0034,235.51,166,0.0028
live_ep_000015_QUEUE_BACKUP,QUEUE_BACKUP,auth-service,python-simulator,44.0,1785925404.2560616,117,0.96,0.04,closed,0.3481,34.81,0.3049,19.8,18.92,8.02,3.95,0.0198,7.86,480.7,0.0124,0.0019,0.2193,0.2153,0,101.1,191.43,212.54,75,0.03,176.46,150,0.003
live_ep_000015_QUEUE_BACKUP,QUEUE_BACKUP,auth-service,python-simulator,44.5,1785925404.7565277,121,0.9877,0.0123,closed,0.3104,31.04,0.2742,20.85,17.06,6.65,8.69,0.009,12.78,508.8,0.0005,0.0012,0.2749,0.2605,0,113.83,129.97,238.75,86,0.0275,198.53,172,0.0011
live_ep_000015_QUEUE_BACKUP,QUEUE_BACKUP,auth-service,python-simulator,45.0,1785925405.2571309,96,0.99,0.01,closed,0.3711,37.11,0.4564,26.24,21.86,5.39,12.2,0.0114,18.66,514.2,0.0009,0.0017,0.3221,0.2463,3,134.46,161.47,209.54,100,0.0044,176.84,200,0.0187
live_ep_000015_QUEUE_BACKUP,QUEUE_BACKUP,auth-service,python-simulator,45.5,1785925405.7573612,112,0.9797,0.0203,closed,0.2837,28.37,0.2149,21.9,27.41,5.0,5.16,0.0011,10.49,513.5,0.0009,0.0005,0.2143,0.2762,1,127.47,166.69,223.35,88,0.004,236.51,176,0.0014
live_ep_000015_QUEUE_BACKUP,QUEUE_BACKUP,auth-service,python-simulator,46.0,1785925406.2578402,137,0.9493,0.0507,closed,0.3821,38.21,0.3113,17.42,26.85,3.56,7.65,0.0216,25.88,488.6,0.0079,0.0071,0.2793,0.208,4,117.08,149.36,205.91,83,0.0409,186.71,166,0.0039
live_ep_000015_QUEUE_BACKUP,QUEUE_BACKUP,auth-service,python-simulator,46.5,1785925406.7581956,161,0.99,0.01,closed,0.3284,32.84,0.4406,21.46,17.79,7.23,6.98,0.0072,23.21,522.5,0.0032,0.0009,0.246,0.2297,2,116.73,171.4,240.45,98,0.0184,229.58,196,0.0021
live_ep_000015_QUEUE_BACKUP,QUEUE_BACKUP,auth-service,python-simulator,47.0,1785925407.2585924,146,0.9847,0.0153,closed,0.3062,30.62,0.3683,20.86,22.65,4.11,6.3,0.0162,12.87,494.2,0.0135,0.0002,0.2165,0.2411,2,119.0,155.53,226.9,88,0.0392,187.71,176,0.0031
live_ep_000015_QUEUE_BACKUP,QUEUE_BACKUP,auth-service,python-simulator,47.5,1785925407.7590988,149,0.9748,0.0252,closed,0.3887,38.87,0.3252,17.32,13.28,4.04,4.87,0.0017,31.37,518.0,0.0026,0.0021,0.2221,0.2173,1,114.45,129.92,231.4,84,0.0286,192.82,168,0.0167
live_ep_000015_QUEUE_BACKUP,QUEUE_BACKUP,auth-service,python-simulator,48.0,1785925408.2593467,98,0.99,0.01,closed,0.381,38.1,0.4353,21.69,22.63,5.63,7.68,0.0035,18.21,498.3,0.0127,0.0006,0.2525,0.2598,4,111.79,220.55,239.66,91,0.053,200.83,182,0.0044
live_ep_000015_QUEUE_BACKUP,QUEUE_BACKUP,auth-service,python-simulator,48.5,1785925408.7598753,135,0.973,0.027,closed,0.2334,23.34,0.4084,27.6,24.23,5.38,4.1,0.0112,8.06,530.2,0.0151,0.0054,0.3312,0.2654,2,121.9,206.98,230.04,84,0.0231,187.27,168,0.0014
live_ep_000015_QUEUE_BACKUP,QUEUE_BACKUP,auth-service,python-simulator,49.0,1785925409.260271,109,0.99,0.01,closed,0.2753,27.53,0.5052,21.63,19.13,5.49,2.82,0.0144,45.63,513.6,0.0071,0.004,0.2636,0.3086,2,121.17,175.25,231.34,101,0.0037,209.01,202,0.0118
live_ep_000015_QUEUE_BACKUP,QUEUE_BACKUP,auth-service,python-simulator,49.5,1785925409.7607682,94,0.9783,0.0217,closed,0.2941,29.41,0.4046,23.67,15.7,3.43,3.49,0.0112,7.59,450.0,0.0126,0.0012,0.252,0.2224,3,112.79,179.76,225.43,85,0.0376,196.57,170,0.0016
live_ep_000015_QUEUE_BACKUP,QUEUE_BACKUP,auth-service,python-simulator,50.0,1785925410.2613773,78,0.9239,0.0761,closed,0.3242,32.42,0.2655,30.57,20.78,2.89,5.97,0.017,32.4,508.9,0.0079,0.0015,0.262,0.2588,3,117.55,143.23,228.68,86,0.0081,217.46,172,0.0008
live_ep_000015_QUEUE_BACKUP,QUEUE_BACKUP,auth-service,python-simulator,50.5,1785925410.761693,92,0.9859,0.0141,closed,0.2629,26.29,0.2112,23.92,17.33,11.12,3.27,0.0121,15.16,526.1,0.0129,0.0003,0.1673,0.1905,3,118.58,168.89,280.92,111,0.0175,221.04,222,0.0152
live_ep_000015_QUEUE_BACKUP,QUEUE_BACKUP,auth-service,python-simulator,51.0,1785925411.2619545,75,0.9529,0.0471,closed,0.4431,44.31,0.2819,33.64,23.05,7.97,14.32,0.016,29.45,473.6,0.0055,0.0016,0.1617,0.2485,1,123.96,209.66,214.67,95,0.0089,175.09,190,0.009
live_ep_000015_QUEUE_BACKUP,QUEUE_BACKUP,auth-service,python-simulator,51.5,1785925411.7624085,126,0.99,0.01,closed,0.3069,30.69,0.3484,25.13,37.32,5.03,4.02,0.001,4.0,505.6,0.0116,0.0002,0.2769,0.2321,3,117.51,170.45,291.4,112,0.0029,178.92,224,0.0078
live_ep_000015_QUEUE_BACKUP,QUEUE_BACKUP,auth-service,python-simulator,52.0,1785925412.2625277,90,0.9559,0.0441,closed,0.2729,27.29,0.3191,19.35,21.71,4.55,2.7,0.0056,6.74,467.3,0.0011,0.0022,0.1708,0.195,3,128.39,142.32,222.45,89,0.0007,186.94,178,0.0003
live_ep_000015_QUEUE_BACKUP,QUEUE_BACKUP,auth-service,python-simulator,52.5,1785925412.7654269,82,0.976,0.024,closed,0.395,39.5,0.3477,41.66,20.25,9.38,4.86,0.0061,24.52,483.1,0.0068,0.0002,0.2559,0.2649,4,117.88,207.87,229.92,90,0.0607,202.45,180,0.0009
live_ep_000015_QUEUE_BACKUP,QUEUE_BACKUP,auth-service,python-simulator,53.0,1785925413.2656436,100,0.9806,0.0194,closed,0.3466,34.66,0.4937,21.41,30.07,4.55,5.55,0.0046,51.7,489.0,0.0055,0.006,0.3168,0.2519,4,116.05,137.4,268.68,104,0.0542,170.8,208,0.0002
live_ep_000015_QUEUE_BACKUP,QUEUE_BACKUP,auth-service,python-simulator,53.5,1785925413.7661207,123,0.99,0.01,closed,0.3709,37.09,0.2614,24.81,16.26,7.18,11.99,0.0073,24.23,496.9,0.0029,0.0018,0.3424,0.2111,1,121.03,175.07,284.33,117,0.0272,242.81,234,0.0019
live_ep_000015_QUEUE_BACKUP,QUEUE_BACKUP,auth-service,python-simulator,54.0,1785925414.2677345,102,0.9854,0.0146,closed,0.3216,32.16,0.3224,28.4,23.22,3.19,6.18,0.0118,2.25,498.8,0.0079,0.0018,0.291,0.2666,3,128.38,197.59,224.08,93,0.0383,203.25,186,0.0018
live_ep_000015_QUEUE_BACKUP,QUEUE_BACKUP,auth-service,python-simulator,54.5,1785925414.768678,143,0.9459,0.0541,closed,0.3882,38.82,0.2904,25.68,22.43,8.49,4.89,0.0157,9.86,514.4,0.0019,0.0015,0.2459,0.2668,3,144.25,185.87,268.0,118,0.0125,207.25,236,0.0099
live_ep_000015_QUEUE_BACKUP,QUEUE_BACKUP,auth-service,python-simulator,55.0,1785925415.269694,163,0.9277,0.0723,closed,0.3303,33.03,0.3299,25.9,20.33,3.85,5.36,0.0151,11.09,523.4,0.0005,0.0011,0.2088,0.2698,1,125.84,144.88,260.09,105,0.0125,208.71,210,0.0079
live_ep_000015_QUEUE_BACKUP,QUEUE_BACKUP,auth-service,python-simulator,55.5,1785925415.7701778,106,0.9284,0.0716,closed,0.3307,33.07,0.3485,24.81,24.13,3.15,7.55,0.0038,29.35,532.1,0.0031,0.0004,0.2927,0.2827,0,126.66,194.87,273.25,114,0.1,211.26,228,0.0005
live_ep_000015_QUEUE_BACKUP,QUEUE_BACKUP,auth-service,python-simulator,56.0,1785925416.2706413,93,0.9679,0.0321,closed,0.3915,39.15,0.3901,27.58,10.37,3.74,4.96,0.0057,2.0,488.1,0.0026,0.0006,0.2617,0.2313,4,137.67,261.18,317.25,124,0.0818,193.26,248,0.0015
live_ep_000015_QUEUE_BACKUP,QUEUE_BACKUP,auth-service,python-simulator,56.5,1785925416.7708285,110,0.9651,0.0349,closed,0.3705,37.05,0.2876,40.73,18.25,4.85,13.76,0.0173,8.45,505.1,0.009,0.001,0.1976,0.2428,1,118.01,232.63,256.38,124,0.0135,218.57,248,0.0068
live_ep_000015_QUEUE_BACKUP,QUEUE_BACKUP,auth-service,python-simulator,57.0,1785925417.2720025,99,0.9861,0.0139,closed,0.3166,31.66,0.3982,25.31,15.98,7.69,9.31,0.0102,7.8,488.9,0.007,0.0002,0.1755,0.2219,2,127.62,254.82,270.09,121,0.025,214.36,242,0.0007
live_ep_000015_QUEUE_BACKUP,QUEUE_BACKUP,auth-service,python-simulator,57.5,1785925417.772085,163,0.9663,0.0337,closed,0.4359,43.59,0.263,30.18,16.0,5.71,11.09,0.0036,19.18,472.8,0.0056,0.0007,0.2599,0.2439,1,123.28,164.69,241.47,98,0.1,158.15,196,0.0012
live_ep_000015_QUEUE_BACKUP,QUEUE_BACKUP,auth-service,python-simulator,58.0,1785925418.2726393,97,0.9745,0.0255,closed,0.292,29.2,0.1941,24.43,24.45,4.17,11.13,0.0053,8.87,526.1,0.0068,0.0018,0.2459,0.2409,1,115.4,203.35,240.24,98,0.0162,160.84,196,0.0007
live_ep_000015_QUEUE_BACKUP,QUEUE_BACKUP,auth-service,python-simulator,58.5,1785925418.773118,162,0.9549,0.0451,closed,0.4455,44.55,0.364,25.11,17.36,4.36,2.96,0.0142,9.3,483.4,0.0036,0.0027,0.2806,0.2162,0,132.87,264.4,271.08,116,0.0176,196.48,232,0.0049
live_ep_000015_QUEUE_BACKUP,QUEUE_BACKUP,auth-service,python-simulator,59.0,1785925419.2733483,97,0.9748,0.0252,closed,0.3146,31.46,0.3461,27.06,18.32,6.04,4.25,0.0102,2.89,488.6,0.0067,0.0018,0.2891,0.2221,2,129.9,160.06,253.28,122,0.023,221.7,244,0.0036
live_ep_000015_QUEUE_BACKUP,QUEUE_BACKUP,auth-service,python-simulator,59.5,1785925419.773535,86,0.99,0.01,closed,0.3498,34.98,0.312,25.02,10.51,3.1,4.24,0.0044,26.14,494.3,0.0118,0.0002,0.2387,0.2679,0,124.99,250.29,261.31,121,0.0403,188.39,242,0.0066
live_ep_000016_RETRY_STORM,RETRY_STORM,auth-service,python-simulator,0.0,1785925420.2760262,86,0.9289,0.0711,closed,0.3453,34.53,0.3163,0.5,24.23,2.84,7.36,0.0088,54.01,506.0,0.0057,0.0008,0.2233,0.216,4,99.06,107.97,145.12,19,0.0046,195.75,3,0.0056
live_ep_000016_RETRY_STORM,RETRY_STORM,auth-service,python-simulator,0.5,1785925420.776425,29,0.9691,0.0309,closed,0.2612,26.12,0.4579,9.18,15.81,7.36,7.45,0.033,11.42,469.3,0.0007,0.0007,0.2373,0.233,1,92.11,98.6,114.99,19,0.0055,164.49,11,0.0003
live_ep_000016_RETRY_STORM,RETRY_STORM,auth-service,python-simulator,1.0,1785925421.2767189,113,0.946,0.054,closed,0.2981,29.81,0.2826,2.32,16.84,3.29,5.96,0.0055,3.93,461.6,0.0043,0.001,0.2542,0.2191,3,103.39,106.92,109.78,8,0.0027,193.32,4,0.0028
live_ep_000016_RETRY_STORM,RETRY_STORM,auth-service,python-simulator,1.5,1785925421.777178,25,0.9864,0.0136,closed,0.3503,35.03,0.4827,0.5,31.71,7.88,8.05,0.0112,21.42,533.6,0.0006,0.0022,0.2913,0.2542,4,86.76,89.93,139.85,10,0.016,177.85,12,0.0018
live_ep_000016_RETRY_STORM,RETRY_STORM,auth-service,python-simulator,2.0,1785925422.2777412,87,0.9465,0.0535,closed,0.2902,29.02,0.3019,4.88,21.25,3.94,13.76,0.0016,36.57,520.4,0.0006,0.0004,0.2066,0.2531,4,83.53,147.39,155.03,0,0.0087,187.43,0,0.0
live_ep_000016_RETRY_STORM,RETRY_STORM,auth-service,python-simulator,2.5,1785925422.777924,80,0.99,0.01,closed,0.3761,37.61,0.1882,23.93,19.95,5.83,7.36,0.0123,2.98,514.6,0.0022,0.0013,0.3342,0.2374,0,97.78,113.71,123.01,2,0.0104,179.28,3,0.002
live_ep_000016_RETRY_STORM,RETRY_STORM,auth-service,python-simulator,3.0,1785925423.2784386,107,0.9614,0.0386,closed,0.3593,35.93,0.3563,3.76,18.81,2.6,7.22,0.0038,13.77,514.9,0.0162,0.0004,0.3164,0.2557,0,99.38,107.47,109.14,1,0.0019,173.1,13,0.0013
live_ep_000016_RETRY_STORM,RETRY_STORM,auth-service,python-simulator,3.5,1785925423.7789395,100,0.9333,0.0667,closed,0.3363,33.63,0.3979,7.14,20.28,5.27,4.26,0.0076,5.91,512.8,0.0002,0.003,0.2668,0.2709,3,98.11,107.42,112.59,13,0.0079,211.83,12,0.0017
live_ep_000016_RETRY_STORM,RETRY_STORM,auth-service,python-simulator,4.0,1785925424.2802231,109,0.9242,0.0758,closed,0.3334,33.34,0.2484,1.78,28.5,5.77,7.44,0.0093,48.91,509.9,0.0004,0.0024,0.2623,0.2259,0,91.37,93.31,129.65,9,0.0022,209.83,8,0.0041
live_ep_000016_RETRY_STORM,RETRY_STORM,auth-service,python-simulator,4.5,1785925424.7803679,93,0.9859,0.0141,closed,0.4111,41.11,0.2436,5.56,21.33,5.71,5.91,0.0078,14.18,533.6,0.0011,0.0004,0.2294,0.2194,1,109.85,112.29,124.46,13,0.0963,191.43,9,0.0004
live_ep_000016_RETRY_STORM,RETRY_STORM,auth-service,python-simulator,5.0,1785925425.2807798,35,0.9725,0.0275,closed,0.3714,37.14,0.195,4.89,19.7,6.9,12.23,0.0018,7.76,507.5,0.0142,0.0034,0.24,0.2466,0,96.73,104.14,126.63,12,0.0448,205.92,1,0.001
live_ep_000016_RETRY_STORM,RETRY_STORM,auth-service,python-simulator,5.5,1785925425.7812846,110,0.9592,0.0408,closed,0.3588,35.88,0.353,2.18,23.05,4.22,4.17,0.0078,5.3,515.0,0.0089,0.002,0.2209,0.268,4,98.5,101.93,112.11,18,0.0057,196.94,5,0.0005
live_ep_000016_RETRY_STORM,RETRY_STORM,auth-service,python-simulator,6.0,1785925426.2821412,108,0.88,0.12,closed,0.3325,33.25,0.2105,0.5,17.63,8.25,17.79,0.0106,14.86,490.0,0.0004,0.0027,0.2833,0.2473,0,79.5,152.12,156.34,2,0.0108,168.94,7,0.0038
live_ep_000016_RETRY_STORM,RETRY_STORM,auth-service,python-simulator,6.5,1785925426.7824178,114,0.9769,0.0231,closed,0.5371,53.71,0.5939,20.05,26.08,4.13,9.68,0.0713,9.75,482.5,0.004,0.0215,0.1934,0.2313,7,97.81,106.25,173.03,72,0.6211,572.68,57,0.0371
live_ep_000016_RETRY_STORM,RETRY_STORM,auth-service,python-simulator,7.0,1785925427.2835288,241,0.9183,0.0817,closed,0.5638,56.38,0.5602,19.44,39.26,10.37,3.82,0.0762,8.28,524.5,0.012,0.0263,0.2214,0.2909,9,70.63,170.48,220.78,87,0.7096,625.73,62,0.0385
live_ep_000016_RETRY_STORM,RETRY_STORM,auth-service,python-simulator,7.5,1785925427.7838306,261,0.9362,0.0638,closed,0.4915,49.15,0.5797,20.58,35.86,4.68,10.8,0.0761,16.16,488.3,0.0009,0.0244,0.1916,0.2424,8,110.24,186.16,197.54,75,0.6584,595.02,59,0.0355
live_ep_000016_RETRY_STORM,RETRY_STORM,auth-service,python-simulator,8.0,1785925428.284037,242,0.99,0.01,closed,0.4855,48.55,0.5296,14.53,29.77,4.97,7.41,0.0846,43.13,501.3,0.0066,0.0262,0.2813,0.2381,7,83.24,120.3,158.56,80,0.6568,594.05,59,0.0356
live_ep_000016_RETRY_STORM,RETRY_STORM,auth-service,python-simulator,8.5,1785925428.7843578,282,0.99,0.01,closed,0.4563,45.63,0.6621,14.45,31.48,4.65,4.39,0.0746,60.0,480.0,0.0037,0.0236,0.2982,0.224,10,93.06,181.54,235.78,73,0.6976,618.57,61,0.047
live_ep_000016_RETRY_STORM,RETRY_STORM,auth-service,python-simulator,9.0,1785925429.2846105,147,0.9798,0.0202,closed,0.4037,40.37,0.4884,12.64,24.7,4.79,6.05,0.0495,32.64,505.5,0.0048,0.0165,0.2078,0.2359,7,86.68,126.12,159.03,43,0.4,440.0,44,0.0207
live_ep_000016_RETRY_STORM,RETRY_STORM,auth-service,python-simulator,9.5,1785925429.785054,131,0.9242,0.0758,closed,0.6475,64.75,0.8303,17.86,47.48,7.64,4.76,0.084,39.82,557.5,0.0009,0.0255,0.1898,0.28,7,68.03,104.07,228.8,77,0.7692,661.52,66,0.0386
live_ep_000016_RETRY_STORM,RETRY_STORM,auth-service,python-simulator,10.0,1785925430.2854924,125,0.9482,0.0518,closed,0.608,60.8,0.7291,16.12,34.73,5.92,11.4,0.0773,26.41,481.7,0.0005,0.0278,0.3323,0.2466,8,80.93,92.13,204.05,75,0.7063,623.8,62,0.0374
live_ep_000016_RETRY_STORM,RETRY_STORM,auth-service,python-simulator,10.5,1785925430.7860026,88,0.9587,0.0413,closed,0.5727,57.27,0.6395,11.13,33.91,5.03,18.66,0.064,2.0,524.3,0.0037,0.0198,0.3069,0.2402,7,82.09,158.03,164.7,57,0.4642,478.51,47,0.0234
live_ep_000016_RETRY_STORM,RETRY_STORM,auth-service,python-simulator,11.0,1785925431.2862709,85,0.9144,0.0856,closed,0.5455,54.55,0.6059,16.35,49.29,3.08,3.54,0.0842,4.81,517.7,0.0033,0.0272,0.2575,0.2142,11,85.66,198.92,259.15,84,0.7589,655.37,65,0.0381
live_ep_000016_RETRY_STORM,RETRY_STORM,auth-service,python-simulator,11.5,1785925431.7866256,131,0.9837,0.0163,closed,0.4866,48.66,0.7853,16.03,35.59,3.52,3.88,0.0721,6.77,491.2,0.0237,0.0232,0.1857,0.257,10,84.26,139.47,217.22,85,0.6754,605.23,60,0.0416
live_ep_000016_RETRY_STORM,RETRY_STORM,auth-service,python-simulator,12.0,1785925432.2870462,92,0.9841,0.0159,closed,0.5144,51.44,0.5191,13.73,28.75,4.62,6.19,0.0818,2.94,544.3,0.0006,0.026,0.2328,0.3353,8,93.14,118.39,205.96,65,0.6236,574.19,57,0.0335
live_ep_000016_RETRY_STORM,RETRY_STORM,auth-service,python-simulator,12.5,1785925432.787256,142,0.9858,0.0142,closed,0.5548,55.48,0.5646,12.81,23.55,6.18,5.49,0.0636,12.02,453.9,0.0071,0.0202,0.15,0.1792,8,90.58,119.98,265.42,67,0.5814,548.84,54,0.0335
live_ep_000016_RETRY_STORM,RETRY_STORM,auth-service,python-simulator,13.0,1785925433.2875826,72,0.99,0.01,closed,0.6188,61.88,0.8245,14.86,38.89,1.83,6.48,0.0746,8.56,523.0,0.0094,0.0229,0.2537,0.2231,10,94.15,173.78,216.96,88,0.7043,622.57,62,0.0377
live_ep_000016_RETRY_STORM,RETRY_STORM,auth-service,python-simulator,13.5,1785925433.7877162,278,0.9752,0.0248,closed,0.5799,57.99,0.6387,19.21,39.09,5.44,10.74,0.0858,10.96,531.9,0.0007,0.0268,0.2242,0.2904,11,94.16,131.39,228.82,82,0.8145,688.68,68,0.0651
live_ep_000016_RETRY_STORM,RETRY_STORM,auth-service,python-simulator,14.0,1785925434.287797,183,0.9671,0.0329,closed,0.5305,53.05,0.7868,16.67,39.44,4.04,5.98,0.0838,2.56,494.6,0.0008,0.0275,0.2219,0.2746,9,102.62,172.41,240.72,80,0.8085,685.13,68,0.0545
live_ep_000016_RETRY_STORM,RETRY_STORM,auth-service,python-simulator,14.5,1785925434.7882943,128,0.99,0.01,closed,0.623,62.3,0.4062,18.28,38.73,4.98,5.84,0.0625,5.38,525.2,0.0123,0.0213,0.1926,0.3125,9,93.31,162.33,190.49,63,0.5895,553.68,55,0.0308
live_ep_000016_RETRY_STORM,RETRY_STORM,auth-service,python-simulator,15.0,1785925435.2884173,113,0.99,0.01,closed,0.6153,61.53,0.4459,25.03,38.01,4.24,5.72,0.0775,6.0,523.9,0.0004,0.0255,0.2413,0.2832,9,92.43,212.23,226.99,69,0.678,606.81,60,0.0361
live_ep_000016_RETRY_STORM,RETRY_STORM,auth-service,python-simulator,15.5,1785925435.7887459,134,0.99,0.01,closed,0.6996,69.96,0.663,20.42,35.34,4.1,3.15,0.0818,10.05,539.4,0.0106,0.0332,0.2152,0.2541,11,79.8,112.02,222.53,87,0.7735,664.1,66,0.0471
live_ep_000016_RETRY_STORM,RETRY_STORM,auth-service,python-simulator,16.0,1785925436.2888975,249,0.99,0.01,closed,0.6325,63.25,0.7411,16.21,39.36,6.26,7.98,0.0879,15.18,535.5,0.014,0.0285,0.1859,0.2699,10,82.95,101.14,262.81,97,0.7853,671.16,67,0.0425
live_ep_000016_RETRY_STORM,RETRY_STORM,auth-service,python-simulator,16.5,1785925436.7893527,166,0.9765,0.0235,closed,0.5714,57.14,0.5217,20.85,43.32,2.61,3.0,0.0659,6.1,515.3,0.0078,0.0218,0.2381,0.2405,7,92.12,94.33,147.7,64,0.6227,573.62,57,0.0327
live_ep_000016_RETRY_STORM,RETRY_STORM,auth-service,python-simulator,17.0,1785925437.2894533,48,0.9578,0.0422,closed,0.5483,54.83,0.5709,22.96,25.14,2.2,4.38,0.0603,6.23,490.9,0.0024,0.0189,0.2843,0.2355,5,94.63,111.53,127.83,72,0.5589,535.33,53,0.0339
live_ep_000016_RETRY_STORM,RETRY_STORM,auth-service,python-simulator,17.5,1785925437.7900174,299,0.9392,0.0608,closed,0.6029,60.29,0.6709,24.97,44.49,4.67,9.59,0.0982,10.04,497.9,0.0017,0.0306,0.0534,0.2622,8,89.84,185.01,234.59,93,0.8379,702.75,70,0.0462
live_ep_000016_RETRY_STORM,RETRY_STORM,auth-service,python-simulator,18.0,1785925438.2903278,175,0.9198,0.0802,closed,0.5928,59.28,0.5258,18.1,34.68,5.81,6.31,0.0862,10.67,494.7,0.0008,0.0284,0.2506,0.2122,10,61.81,137.12,224.61,81,0.6727,603.64,60,0.0498
live_ep_000016_RETRY_STORM,RETRY_STORM,auth-service,python-simulator,18.5,1785925438.7906363,111,0.9242,0.0758,closed,0.4844,48.44,0.6267,10.34,20.0,3.03,7.04,0.053,2.0,501.7,0.0033,0.0162,0.3634,0.2733,4,88.7,131.59,187.25,67,0.4921,495.25,49,0.0272
live_ep_000016_RETRY_STORM,RETRY_STORM,auth-service,python-simulator,19.0,1785925439.2910516,94,0.88,0.12,closed,0.6754,67.54,0.6532,17.21,39.31,3.24,4.93,0.0922,21.05,509.4,0.0043,0.0293,0.2888,0.2659,12,98.06,166.37,253.62,83,0.807,684.17,68,0.0443
live_ep_000016_RETRY_STORM,RETRY_STORM,auth-service,python-simulator,19.5,1785925439.7914047,120,0.9882,0.0118,closed,0.5943,59.43,0.6535,17.45,49.66,3.45,10.45,0.0877,16.42,549.3,0.0159,0.0296,0.2581,0.2803,9,102.31,140.68,254.54,88,0.8079,684.76,68,0.0417
live_ep_000016_RETRY_STORM,RETRY_STORM,auth-service,python-simulator,20.0,1785925440.2921765,157,0.9384,0.0616,closed,0.512,51.2,0.6457,17.87,53.69,5.32,6.86,0.0636,19.89,452.2,0.0035,0.0226,0.223,0.22,10,96.27,157.37,219.36,80,0.6255,575.28,57,0.0338
live_ep_000016_RETRY_STORM,RETRY_STORM,auth-service,python-simulator,20.5,1785925440.792776,104,0.9081,0.0919,closed,0.6332,63.32,0.6567,18.08,24.25,3.83,8.34,0.083,2.0,508.5,0.0,0.0263,0.1657,0.2476,9,78.75,171.9,180.9,85,0.7158,629.51,62,0.0369
live_ep_000016_RETRY_STORM,RETRY_STORM,auth-service,python-simulator,21.0,1785925441.2929454,285,0.943,0.057,closed,0.5391,53.91,0.6563,15.59,26.24,5.88,6.95,0.0756,10.31,499.8,0.0053,0.0239,0.2482,0.2798,11,99.2,189.03,199.61,71,0.701,620.58,62,0.0382
live_ep_000016_RETRY_STORM,RETRY_STORM,auth-service,python-simulator,21.5,1785925441.7945483,170,0.9393,0.0607,closed,0.5844,58.44,0.6541,17.12,20.0,2.88,6.44,0.0861,7.39,482.6,0.0112,0.026,0.1799,0.2152,8,78.08,93.43,254.29,90,0.8308,698.48,69,0.047
live_ep_000016_RETRY_STORM,RETRY_STORM,auth-service,python-simulator,22.0,1785925442.2948136,153,0.9371,0.0629,closed,0.4127,41.27,0.4887,10.77,20.0,4.75,5.74,0.0482,16.86,496.6,0.0049,0.0149,0.2065,0.2313,4,95.41,104.46,275.16,62,0.4476,468.55,46,0.0323
live_ep_000016_RETRY_STORM,RETRY_STORM,auth-service,python-simulator,22.5,1785925442.7951937,146,0.9847,0.0153,closed,0.5597,55.97,0.506,18.46,33.29,4.42,5.96,0.0574,28.05,521.4,0.0019,0.0174,0.2459,0.2286,8,84.6,128.48,146.33,52,0.4916,494.97,49,0.0341
live_ep_000016_RETRY_STORM,RETRY_STORM,auth-service,python-simulator,23.0,1785925443.2954755,77,0.99,0.01,closed,0.6099,60.99,0.594,16.18,33.88,5.27,4.03,0.0763,22.2,564.1,0.0001,0.0245,0.2742,0.3128,9,107.08,146.45,212.22,88,0.7486,649.18,64,0.0438
live_ep_000016_RETRY_STORM,RETRY_STORM,auth-service,python-simulator,23.5,1785925443.7956913,201,0.9061,0.0939,closed,0.5324,53.24,0.4347,23.01,41.82,7.94,6.86,0.0791,3.65,513.8,0.0033,0.0238,0.2001,0.2658,6,81.41,120.32,197.95,73,0.6735,604.09,60,0.0384
live_ep_000016_RETRY_STORM,RETRY_STORM,auth-service,python-simulator,24.0,1785925444.2959142,123,0.9488,0.0512,closed,0.5373,53.73,0.6038,12.32,41.79,5.44,2.9,0.0586,7.65,485.5,0.001,0.0183,0.2111,0.2048,5,92.87,157.5,166.73,48,0.4493,469.57,46,0.0438
live_ep_000016_RETRY_STORM,RETRY_STORM,auth-service,python-simulator,24.5,1785925444.7960548,161,0.9178,0.0822,closed,0.5966,59.66,0.6518,13.92,38.61,2.6,3.67,0.0609,4.13,510.4,0.0004,0.0204,0.1921,0.2259,8,87.21,205.42,244.42,74,0.5775,546.51,54,0.0343
live_ep_000016_RETRY_STORM,RETRY_STORM,auth-service,python-simulator,25.0,1785925445.2965565,224,0.9664,0.0336,closed,0.4811,48.11,0.7605,16.72,24.14,2.98,7.96,0.0627,2.0,552.4,0.0037,0.0223,0.2194,0.262,6,77.42,155.13,175.87,69,0.5597,535.84,53,0.0392
live_ep_000016_RETRY_STORM,RETRY_STORM,auth-service,python-simulator,25.5,1785925445.7970877,100,0.9765,0.0235,closed,0.5962,59.62,0.4308,21.74,41.17,3.81,7.24,0.0716,7.36,552.2,0.0021,0.0226,0.2934,0.2158,7,83.87,107.18,210.27,73,0.6471,588.24,58,0.0345
live_ep_000016_RETRY_STORM,RETRY_STORM,auth-service,python-simulator,26.0,1785925446.2974308,208,0.9602,0.0398,closed,0.5415,54.15,0.6145,13.97,56.9,4.73,5.03,0.0847,2.01,499.2,0.0,0.0254,0.2928,0.26,7,86.03,132.4,160.68,69,0.6735,604.08,60,0.0364
live_ep_000016_RETRY_STORM,RETRY_STORM,auth-service,python-simulator,26.5,1785925446.797962,149,0.93,0.07,closed,0.5979,59.79,0.7385,11.34,44.21,5.25,10.28,0.0574,2.01,519.4,0.0009,0.0177,0.2067,0.2033,9,88.85,109.24,163.56,56,0.5393,523.59,52,0.0375
live_ep_000016_RETRY_STORM,RETRY_STORM,auth-service,python-simulator,27.0,1785925447.2985754,222,0.9865,0.0135,closed,0.6325,63.25,0.5863,13.95,40.28,3.75,13.7,0.0713,2.0,525.9,0.02,0.0254,0.2879,0.2363,7,84.34,112.95,213.0,77,0.6719,603.16,60,0.0362
live_ep_000016_RETRY_STORM,RETRY_STORM,auth-service,python-simulator,27.5,1785925447.798851,218,0.971,0.029,closed,0.6762,67.62,0.6963,24.56,37.64,4.55,6.73,0.1163,2.0,514.2,0.0001,0.0359,0.2377,0.2828,9,87.6,220.35,266.88,108,0.9,740.0,74,0.0452
live_ep_000016_RETRY_STORM,RETRY_STORM,auth-service,python-simulator,28.0,1785925448.2993598,247,0.9695,0.0305,closed,0.5138,51.38,0.6242,14.11,36.73,3.64,5.48,0.0733,8.3,534.9,0.0013,0.0248,0.1278,0.2363,10,89.42,118.68,207.36,79,0.6126,567.58,56,0.0352
live_ep_000016_RETRY_STORM,RETRY_STORM,auth-service,python-simulator,28.5,1785925448.7994916,239,0.947,0.053,closed,0.4674,46.74,0.5589,14.29,26.23,2.02,10.17,0.0553,36.49,513.2,0.0034,0.0166,0.2899,0.2765,9,72.45,89.59,210.95,57,0.5219,513.14,51,0.0397
live_ep_000016_RETRY_STORM,RETRY_STORM,auth-service,python-simulator,29.0,1785925449.2996008,152,0.9781,0.0219,closed,0.4741,47.41,0.5663,17.15,34.97,4.44,7.01,0.0594,2.0,518.9,0.0045,0.0204,0.275,0.2762,6,98.11,119.38,131.45,49,0.4796,487.79,48,0.0387
live_ep_000016_RETRY_STORM,RETRY_STORM,auth-service,python-simulator,29.5,1785925449.800124,159,0.9776,0.0224,closed,0.5413,54.13,0.6158,22.22,25.86,4.39,4.88,0.0624,2.0,520.2,0.002,0.019,0.2453,0.2649,8,95.9,138.94,186.53,64,0.5514,530.86,53,0.0296
live_ep_000016_RETRY_STORM,RETRY_STORM,auth-service,python-simulator,30.0,1785925450.3002973,162,0.99,0.01,closed,0.5554,55.54,0.6613,14.91,26.71,6.23,5.92,0.0714,7.09,503.5,0.0081,0.0232,0.2918,0.2165,8,80.67,167.23,234.21,85,0.6765,605.89,60,0.0448
live_ep_000016_RETRY_STORM,RETRY_STORM,auth-service,python-simulator,30.5,1785925450.8004637,156,0.9027,0.0973,closed,0.5238,52.38,0.6034,17.48,44.07,8.21,5.07,0.0767,19.99,522.9,0.0019,0.0259,0.2235,0.2399,10,88.19,248.02,254.53,75,0.726,635.61,63,0.0473
live_ep_000016_RETRY_STORM,RETRY_STORM,auth-service,python-simulator,31.0,1785925451.3007693,252,0.966,0.034,closed,0.6193,61.93,0.5653,16.26,24.76,3.8,3.46,0.0739,11.16,515.3,0.0109,0.0252,0.2363,0.2667,9,81.02,114.31,228.06,74,0.7127,627.6,62,0.0418
live_ep_000016_RETRY_STORM,RETRY_STORM,auth-service,python-simulator,31.5,1785925451.801067,67,0.99,0.01,closed,0.5885,58.85,0.5421,16.54,22.76,3.25,9.76,0.0824,2.0,531.3,0.002,0.0253,0.3321,0.2889,10,85.1,192.92,225.8,99,0.802,681.19,68,0.0447
live_ep_000016_RETRY_STORM,RETRY_STORM,auth-service,python-simulator,32.0,1785925452.3014312,87,0.88,0.12,closed,0.5999,59.99,0.5618,15.33,23.85,8.05,5.08,0.0675,2.14,530.1,0.0105,0.0221,0.2169,0.2949,6,80.82,137.6,231.36,71,0.6508,590.46,59,0.0564
live_ep_000016_RETRY_STORM,RETRY_STORM,auth-service,python-simulator,32.5,1785925452.8022053,117,0.9736,0.0264,closed,0.6979,69.79,0.6635,20.96,36.72,4.43,8.69,0.0926,12.59,500.8,0.0127,0.0278,0.3441,0.2845,11,87.87,227.55,238.08,96,0.8349,700.95,70,0.0437
live_ep_000016_RETRY_STORM,RETRY_STORM,auth-service,python-simulator,33.0,1785925453.302413,54,0.9558,0.0442,closed,0.5951,59.51,0.5756,10.57,40.93,3.26,7.79,0.0459,4.27,514.9,0.0027,0.0217,0.1404,0.2355,6,88.42,91.9,172.25,54,0.4139,448.34,44,0.0227
live_ep_000016_RETRY_STORM,RETRY_STORM,auth-service,python-simulator,33.5,1785925453.8026848,67,0.9655,0.0345,closed,0.546,54.6,0.392,12.91,38.81,5.34,6.39,0.0677,2.0,495.8,0.0018,0.0209,0.3194,0.2669,6,87.31,120.79,195.64,72,0.5577,534.63,53,0.0281
live_ep_000016_RETRY_STORM,RETRY_STORM,auth-service,python-simulator,34.0,1785925454.3032918,297,0.9784,0.0216,closed,0.5214,52.14,0.7096,21.55,32.06,5.22,9.95,0.1035,5.61,469.8,0.0065,0.0432,0.2251,0.2368,10,90.42,209.52,221.41,96,0.7721,663.24,66,0.0419
live_ep_000016_RETRY_STORM,RETRY_STORM,auth-service,python-simulator,34.5,1785925454.803472,91,0.9794,0.0206,closed,0.5105,51.05,0.6168,22.95,39.67,4.31,7.38,0.0869,2.0,538.0,0.0003,0.0266,0.3315,0.2762,12,77.28,124.95,220.29,93,0.803,681.77,68,0.044
live_ep_000016_RETRY_STORM,RETRY_STORM,auth-service,python-simulator,35.0,1785925455.3036175,45,0.9705,0.0295,closed,0.4485,44.85,0.5494,15.26,35.4,3.39,3.61,0.0536,10.74,472.0,0.0109,0.0195,0.2256,0.1944,7,85.27,171.23,206.71,45,0.4527,471.61,47,0.0278
live_ep_000016_RETRY_STORM,RETRY_STORM,auth-service,python-simulator,35.5,1785925455.8038943,61,0.9319,0.0681,closed,0.6024,60.24,0.7619,22.55,26.94,2.74,8.86,0.0858,9.76,530.0,0.004,0.0268,0.3333,0.25,11,89.32,187.65,234.53,91,0.7887,673.19,67,0.0398
live_ep_000016_RETRY_STORM,RETRY_STORM,auth-service,python-simulator,36.0,1785925456.3044367,81,0.9106,0.0894,closed,0.5784,57.84,0.5955,16.52,38.56,8.0,6.75,0.0762,3.08,514.0,0.0054,0.0263,0.3283,0.2519,9,106.46,122.01,200.82,90,0.7325,639.47,63,0.038
live_ep_000016_RETRY_STORM,RETRY_STORM,auth-service,python-simulator,36.5,1785925456.8051753,110,0.9378,0.0622,closed,0.5068,50.68,0.6277,18.99,33.79,2.96,6.4,0.0704,34.32,529.6,0.0001,0.0267,0.3176,0.2388,10,89.56,182.14,221.58,76,0.6078,564.67,56,0.0314
live_ep_000016_RETRY_STORM,RETRY_STORM,auth-service,python-simulator,37.0,1785925457.3057086,132,0.9242,0.0758,closed,0.4846,48.46,0.6234,14.86,53.03,4.0,9.71,0.0677,15.05,497.3,0.0064,0.0211,0.3097,0.2515,5,89.77,111.45,227.93,58,0.5684,541.03,54,0.029
live_ep_000016_RETRY_STORM,RETRY_STORM,auth-service,python-simulator,37.5,1785925457.8062358,197,0.918,0.082,closed,0.6015,60.15,0.5655,16.72,26.22,3.92,3.12,0.0894,2.47,509.6,0.0076,0.0323,0.1997,0.2493,9,94.33,161.87,274.96,76,0.7663,659.75,65,0.0453
live_ep_000016_RETRY_STORM,RETRY_STORM,auth-service,python-simulator,38.0,1785925458.3063557,194,0.945,0.055,closed,0.4758,47.58,0.5758,13.53,20.25,3.32,3.7,0.0578,28.46,524.5,0.0064,0.0196,0.2069,0.2402,7,84.3,118.54,151.98,67,0.5248,514.89,51,0.0276
live_ep_000016_RETRY_STORM,RETRY_STORM,auth-service,python-simulator,38.5,1785925458.806677,65,0.9526,0.0474,closed,0.5463,54.63,0.6882,32.03,31.82,3.22,5.45,0.0995,10.23,522.0,0.0012,0.0299,0.2791,0.2258,11,83.73,173.31,231.99,84,0.8054,683.25,68,0.0433
live_ep_000016_RETRY_STORM,RETRY_STORM,auth-service,python-simulator,39.0,1785925459.3070405,91,0.9863,0.0137,closed,0.563,56.3,0.6368,14.06,50.1,6.22,4.24,0.087,2.0,522.9,0.0015,0.0265,0.1687,0.3235,10,94.43,145.87,235.97,73,0.6778,606.66,60,0.0375
live_ep_000016_RETRY_STORM,RETRY_STORM,auth-service,python-simulator,39.5,1785925459.8073485,130,0.9445,0.0555,closed,0.5444,54.44,0.6823,25.07,38.23,3.38,2.39,0.0772,18.87,527.2,0.01,0.0232,0.2827,0.3012,11,97.1,118.81,200.43,83,0.7343,640.59,64,0.0445
live_ep_000016_RETRY_STORM,RETRY_STORM,auth-service,python-simulator,40.0,1785925460.3075142,190,0.9575,0.0425,closed,0.4903,49.03,0.6809,16.6,23.0,2.9,6.22,0.0797,2.0,557.5,0.0023,0.0271,0.215,0.2503,9,90.66,180.81,222.11,80,0.7038,622.31,62,0.0395
live_ep_000016_RETRY_STORM,RETRY_STORM,auth-service,python-simulator,40.5,1785925460.807782,222,0.9363,0.0637,closed,0.6345,63.45,0.8183,17.17,57.19,5.76,9.79,0.1001,22.12,500.1,0.0007,0.0376,0.2129,0.228,7,92.05,184.75,247.92,83,0.7358,641.46,64,0.0434
live_ep_000016_RETRY_STORM,RETRY_STORM,auth-service,python-simulator,41.0,1785925461.3081386,223,0.973,0.027,closed,0.5939,59.39,0.5588,17.49,28.43,4.63,5.07,0.0847,4.67,525.9,0.0035,0.0277,0.2518,0.2028,8,92.03,105.09,250.13,84,0.7551,653.08,65,0.0401
live_ep_000016_RETRY_STORM,RETRY_STORM,auth-service,python-simulator,41.5,1785925461.8085184,236,0.9021,0.0979,closed,0.6422,64.22,0.5637,19.22,29.49,3.75,4.93,0.0852,2.0,524.8,0.0007,0.0256,0.2457,0.2298,9,76.86,154.42,209.5,82,0.7043,622.55,62,0.0564
live_ep_000016_RETRY_STORM,RETRY_STORM,auth-service,python-simulator,42.0,1785925462.308608,263,0.9582,0.0418,closed,0.568,56.8,0.5327,17.72,33.77,4.2,10.4,0.0771,5.2,539.2,0.0104,0.0238,0.3505,0.2762,10,91.73,117.69,211.55,72,0.6544,592.63,59,0.0409
live_ep_000016_RETRY_STORM,RETRY_STORM,auth-service,python-simulator,42.5,1785925462.808994,81,0.9741,0.0259,closed,0.7368,73.68,0.6787,25.46,39.5,2.57,3.73,0.0991,2.0,488.6,0.0069,0.0348,0.2175,0.2281,9,112.31,171.48,220.93,96,0.7759,665.57,66,0.0413
live_ep_000016_RETRY_STORM,RETRY_STORM,auth-service,python-simulator,43.0,1785925463.3093586,260,0.9856,0.0144,closed,0.6226,62.26,0.5906,16.93,45.24,8.02,3.85,0.0786,19.84,529.7,0.0165,0.0243,0.3059,0.2769,10,85.42,175.19,222.3,81,0.7151,629.05,62,0.0361
live_ep_000016_RETRY_STORM,RETRY_STORM,auth-service,python-simulator,43.5,1785925463.8097355,137,0.9841,0.0159,closed,0.5333,53.33,0.6517,16.21,65.31,10.32,8.36,0.0835,17.5,519.8,0.0025,0.0254,0.1915,0.2649,11,98.95,161.31,216.86,83,0.7698,661.9,66,0.0452
live_ep_000016_RETRY_STORM,RETRY_STORM,auth-service,python-simulator,44.0,1785925464.310156,80,0.88,0.12,closed,0.6159,61.59,0.8081,19.54,31.81,4.37,8.08,0.0767,5.36,515.5,0.0045,0.0255,0.2365,0.2371,8,85.78,128.54,172.71,84,0.7127,627.65,62,0.0357
live_ep_000016_RETRY_STORM,RETRY_STORM,auth-service,python-simulator,44.5,1785925464.8103466,242,0.9801,0.0199,closed,0.5945,59.45,0.6677,17.83,56.49,5.98,8.72,0.0853,31.38,540.8,0.0041,0.0297,0.2694,0.29,7,95.59,104.3,169.1,91,0.7628,657.7,65,0.0392
live_ep_000016_RETRY_STORM,RETRY_STORM,auth-service,python-simulator,45.0,1785925465.310587,234,0.9882,0.0118,closed,0.4935,49.35,0.5915,17.8,25.86,2.12,5.9,0.0659,6.54,522.8,0.0167,0.0207,0.1497,0.2717,9,96.19,176.55,247.11,60,0.6069,564.12,56,0.0304
live_ep_000016_RETRY_STORM,RETRY_STORM,auth-service,python-simulator,45.5,1785925465.8111308,274,0.8997,0.1003,closed,0.5704,57.04,0.7747,25.41,33.81,6.25,3.78,0.0771,2.0,533.7,0.029,0.0234,0.2648,0.2941,11,88.93,144.24,146.63,79,0.7139,628.34,62,0.0378
live_ep_000016_RETRY_STORM,RETRY_STORM,auth-service,python-simulator,46.0,1785925466.311504,115,0.988,0.012,closed,0.5649,56.49,0.7175,18.82,53.72,4.41,6.84,0.0953,4.56,523.2,0.0125,0.0309,0.2681,0.3005,7,79.91,144.98,215.09,96,0.7812,668.69,66,0.0391
live_ep_000016_RETRY_STORM,RETRY_STORM,auth-service,python-simulator,46.5,1785925466.8116684,108,0.88,0.12,closed,0.5246,52.46,0.6564,25.96,65.52,5.38,9.24,0.0747,5.66,511.8,0.0066,0.0227,0.2813,0.2388,9,88.19,88.77,294.97,74,0.6758,605.46,60,0.047
live_ep_000016_RETRY_STORM,RETRY_STORM,auth-service,python-simulator,47.0,1785925467.311838,75,0.9895,0.0105,closed,0.5475,54.75,0.6202,14.09,39.34,6.46,5.41,0.0829,5.39,535.8,0.0059,0.0254,0.3018,0.309,7,99.31,112.35,188.21,66,0.6467,588.0,58,0.0335
live_ep_000016_RETRY_STORM,RETRY_STORM,auth-service,python-simulator,47.5,1785925467.8122017,279,0.9028,0.0972,closed,0.5542,55.42,0.6028,22.02,25.18,2.66,4.5,0.0779,2.0,503.8,0.0006,0.0245,0.224,0.2028,11,82.4,131.1,181.23,88,0.7059,623.51,62,0.0368
live_ep_000016_RETRY_STORM,RETRY_STORM,auth-service,python-simulator,48.0,1785925468.3123448,185,0.9824,0.0176,closed,0.588,58.8,0.6552,27.84,47.54,5.93,4.03,0.0859,2.0,463.3,0.0028,0.0276,0.1341,0.216,11,105.47,154.62,219.34,90,0.7567,654.02,65,0.0406
live_ep_000016_RETRY_STORM,RETRY_STORM,auth-service,python-simulator,48.5,1785925468.8126094,169,0.9747,0.0253,closed,0.5681,56.81,0.5403,17.94,31.2,3.68,7.18,0.0797,34.43,465.3,0.0059,0.0278,0.2701,0.1903,8,90.43,109.55,212.1,72,0.6937,616.2,61,0.0371
live_ep_000016_RETRY_STORM,RETRY_STORM,auth-service,python-simulator,49.0,1785925469.3129215,183,0.9239,0.0761,closed,0.5864,58.64,0.7653,16.52,25.24,3.91,5.75,0.0862,13.79,542.8,0.0073,0.0267,0.2764,0.2911,9,93.7,161.59,253.65,83,0.7569,654.14,65,0.0386
live_ep_000016_RETRY_STORM,RETRY_STORM,auth-service,python-simulator,49.5,1785925469.8130095,195,0.88,0.12,closed,0.4775,47.75,0.5548,16.02,46.61,4.23,4.05,0.0571,16.64,518.3,0.0029,0.0188,0.2815,0.2557,7,91.53,169.71,198.86,60,0.5498,529.9,52,0.0338
live_ep_000016_RETRY_STORM,RETRY_STORM,auth-service,python-simulator,50.0,1785925470.3131864,96,0.9705,0.0295,closed,0.4726,47.26,0.5736,18.66,47.34,1.65,9.03,0.0637,5.67,495.2,0.0096,0.0208,0.1322,0.2043,9,81.89,171.68,209.15,73,0.5459,527.54,52,0.0283
live_ep_000016_RETRY_STORM,RETRY_STORM,auth-service,python-simulator,50.5,1785925470.8137643,183,0.99,0.01,closed,0.5643,56.43,0.5073,15.01,29.34,2.48,7.68,0.0691,21.72,500.8,0.0059,0.0238,0.217,0.2449,8,95.96,207.67,234.67,75,0.5661,539.65,53,0.0355
live_ep_000016_RETRY_STORM,RETRY_STORM,auth-service,python-simulator,51.0,1785925471.314336,70,0.9202,0.0798,closed,0.4945,49.45,0.5656,17.0,55.58,4.59,4.73,0.1039,2.0,530.7,0.0141,0.0312,0.2664,0.2325,8,70.03,73.31,190.76,90,0.7977,678.63,67,0.0408
live_ep_000016_RETRY_STORM,RETRY_STORM,auth-service,python-simulator,51.5,1785925471.8149574,164,0.88,0.12,closed,0.5665,56.65,0.5074,23.54,53.41,4.73,8.65,0.0964,24.32,469.7,0.0046,0.0315,0.2017,0.185,8,95.23,122.04,238.35,100,0.8255,695.28,69,0.0452
live_ep_000016_RETRY_STORM,RETRY_STORM,auth-service,python-simulator,52.0,1785925472.3154242,196,0.9814,0.0186,closed,0.5824,58.24,0.6051,18.8,31.41,2.94,5.23,0.0824,30.67,474.0,0.0057,0.0252,0.2485,0.2161,10,94.42,158.54,207.91,79,0.7251,635.08,63,0.038
live_ep_000016_RETRY_STORM,RETRY_STORM,auth-service,python-simulator,52.5,1785925472.816099,116,0.9765,0.0235,closed,0.5924,59.24,0.6441,14.24,57.21,12.0,6.91,0.0762,15.87,528.8,0.0017,0.0241,0.2525,0.249,6,92.71,143.53,180.09,77,0.6868,612.06,61,0.0354
live_ep_000016_RETRY_STORM,RETRY_STORM,auth-service,python-simulator,53.0,1785925473.3164485,150,0.9891,0.0109,closed,0.6049,60.49,0.7856,18.62,32.6,2.97,6.96,0.0901,2.0,519.9,0.0189,0.0272,0.2441,0.272,9,83.12,154.91,290.11,90,0.772,663.19,66,0.0403
live_ep_000016_RETRY_STORM,RETRY_STORM,auth-service,python-simulator,53.5,1785925473.8168805,144,0.9276,0.0724,closed,0.5262,52.62,0.566,15.5,23.54,3.42,6.47,0.0719,2.34,538.1,0.0067,0.0327,0.3185,0.2709,7,85.83,171.26,176.88,79,0.6614,596.83,59,0.0346
live_ep_000016_RETRY_STORM,RETRY_STORM,auth-service,python-simulator,54.0,1785925474.3170605,87,0.88,0.12,closed,0.5127,51.27,0.565,15.66,33.95,7.96,8.51,0.0884,2.0,519.3,0.0029,0.0295,0.292,0.2687,10,94.68,157.12,195.93,71,0.715,629.01,62,0.0518
live_ep_000016_RETRY_STORM,RETRY_STORM,auth-service,python-simulator,54.5,1785925474.817408,235,0.9551,0.0449,closed,0.5425,54.25,0.6819,23.14,27.17,6.7,6.7,0.0829,23.28,492.9,0.009,0.0259,0.1429,0.2523,8,101.19,114.23,232.49,80,0.7552,653.15,65,0.0401
live_ep_000016_RETRY_STORM,RETRY_STORM,auth-service,python-simulator,55.0,1785925475.3177285,271,0.88,0.12,closed,0.6063,60.63,0.5723,17.82,33.79,3.75,7.07,0.0791,30.79,518.8,0.0038,0.0242,0.3503,0.2229,7,82.35,162.46,203.42,93,0.7443,646.58,64,0.0397
live_ep_000016_RETRY_STORM,RETRY_STORM,auth-service,python-simulator,55.5,1785925475.8211632,120,0.99,0.01,closed,0.5983,59.83,0.5171,13.58,43.94,6.83,6.27,0.0676,17.23,518.4,0.0022,0.0211,0.2233,0.1934,6,90.89,224.25,255.07,75,0.6542,592.5,59,0.0377
live_ep_000016_RETRY_STORM,RETRY_STORM,auth-service,python-simulator,56.0,1785925476.3217077,239,0.9898,0.0102,closed,0.5121,51.21,0.5615,12.35,56.6,5.17,4.98,0.0637,25.18,516.6,0.0048,0.0202,0.3017,0.2204,8,86.17,108.41,119.58,63,0.569,541.38,54,0.0311
live_ep_000016_RETRY_STORM,RETRY_STORM,auth-service,python-simulator,56.5,1785925476.8220243,181,0.8904,0.1096,closed,0.5356,53.56,0.6204,12.49,46.98,4.0,9.11,0.072,5.22,470.7,0.004,0.0333,0.2921,0.2548,7,90.68,135.49,162.21,65,0.5224,513.46,51,0.0278
live_ep_000016_RETRY_STORM,RETRY_STORM,auth-service,python-simulator,57.0,1785925477.3226008,253,0.99,0.01,closed,0.5561,55.61,0.6484,16.15,27.26,3.37,5.82,0.0629,23.17,517.4,0.0015,0.0201,0.2493,0.2906,8,109.07,177.65,193.96,59,0.5917,555.03,55,0.0315
live_ep_000016_RETRY_STORM,RETRY_STORM,auth-service,python-simulator,57.5,1785925477.8227262,275,0.9084,0.0916,closed,0.5122,51.22,0.5876,24.25,44.0,4.89,6.96,0.0715,29.5,518.4,0.0055,0.0266,0.2181,0.2618,8,82.89,151.81,236.47,84,0.6586,595.17,59,0.0351
live_ep_000016_RETRY_STORM,RETRY_STORM,auth-service,python-simulator,58.0,1785925478.3229382,129,0.9008,0.0992,closed,0.4492,44.92,0.3157,8.69,24.32,3.18,9.96,0.0447,12.13,510.2,0.0091,0.014,0.304,0.1963,7,89.69,129.59,202.25,43,0.4,440.0,44,0.0373
live_ep_000016_RETRY_STORM,RETRY_STORM,auth-service,python-simulator,58.5,1785925478.823082,279,0.9654,0.0346,closed,0.6679,66.79,0.5792,17.77,36.28,2.28,3.5,0.0896,4.47,489.3,0.0,0.0304,0.2619,0.2795,8,84.27,153.81,265.94,93,0.8197,691.85,69,0.0472
live_ep_000016_RETRY_STORM,RETRY_STORM,auth-service,python-simulator,59.0,1785925479.3235595,158,0.99,0.01,closed,0.4835,48.35,0.5707,29.44,20.0,2.17,6.12,0.0691,13.47,499.6,0.0135,0.0222,0.2972,0.2553,5,101.31,102.7,178.37,72,0.585,551.0,55,0.0374
live_ep_000016_RETRY_STORM,RETRY_STORM,auth-service,python-simulator,59.5,1785925479.8237402,87,0.99,0.01,closed,0.6576,65.76,0.6496,24.86,31.57,4.11,5.35,0.0864,4.94,544.0,0.0019,0.033,0.2159,0.2742,9,96.95,135.47,273.16,94,0.7907,674.44,67,0.0435
live_ep_000017_RETRY_STORM,RETRY_STORM,auth-service,python-simulator,0.0,1785925480.326102,82,0.9453,0.0547,closed,0.3392,33.92,0.2512,3.12,10.17,6.64,3.82,0.0039,4.92,513.4,0.002,0.0056,0.2443,0.265,2,92.9,108.09,138.77,6,0.0169,178.07,7,0.0045
live_ep_000017_RETRY_STORM,RETRY_STORM,auth-service,python-simulator,0.5,1785925480.8263943,96,0.99,0.01,closed,0.3356,33.56,0.3222,3.03,23.96,10.93,5.85,0.0125,2.04,514.0,0.0004,0.0002,0.2411,0.2772,2,90.76,110.72,126.01,10,0.0281,227.89,11,0.0007
live_ep_000017_RETRY_STORM,RETRY_STORM,auth-service,python-simulator,1.0,1785925481.3268163,28,0.8854,0.1146,closed,0.3387,33.87,0.3536,1.09,18.39,3.53,5.26,0.0113,38.64,490.8,0.002,0.0001,0.2189,0.2936,0,91.07,103.56,108.18,4,0.0385,187.72,2,0.0099
live_ep_000017_RETRY_STORM,RETRY_STORM,auth-service,python-simulator,1.5,1785925481.8270605,105,0.99,0.01,closed,0.3365,33.65,0.3744,0.64,13.87,2.92,4.45,0.0086,2.32,484.7,0.0072,0.0005,0.3512,0.2517,1,93.98,105.42,113.47,6,0.0705,213.76,12,0.0116
live_ep_000017_RETRY_STORM,RETRY_STORM,auth-service,python-simulator,2.0,1785925482.327604,68,0.99,0.01,closed,0.3236,32.36,0.4116,4.35,19.16,3.58,3.87,0.0015,26.72,522.3,0.0128,0.0012,0.1906,0.2388,1,76.73,100.59,135.47,13,0.0334,175.47,5,0.0052
live_ep_000017_RETRY_STORM,RETRY_STORM,auth-service,python-simulator,2.5,1785925482.8276649,33,0.9712,0.0288,closed,0.3176,31.76,0.3779,3.42,12.56,3.75,3.59,0.0243,7.25,548.4,0.004,0.0002,0.313,0.289,4,88.08,98.15,107.0,10,0.0785,181.28,13,0.0084
live_ep_000017_RETRY_STORM,RETRY_STORM,auth-service,python-simulator,3.0,1785925483.3281043,84,0.9369,0.0631,closed,0.2263,22.63,0.3425,1.15,33.8,4.52,4.3,0.0169,15.65,507.2,0.0066,0.0018,0.2891,0.2756,3,91.02,97.88,103.86,3,0.0634,196.96,5,0.0076
live_ep_000017_RETRY_STORM,RETRY_STORM,auth-service,python-simulator,3.5,1785925483.8286352,93,0.9177,0.0823,closed,0.3122,31.22,0.3788,5.11,19.41,4.4,5.0,0.0035,8.85,515.7,0.0015,0.0031,0.2108,0.2634,2,79.65,110.66,121.42,9,0.0322,184.78,10,0.0133
live_ep_000017_RETRY_STORM,RETRY_STORM,auth-service,python-simulator,4.0,1785925484.328875,101,0.9548,0.0452,closed,0.3585,35.85,0.2741,0.62,24.88,4.17,7.17,0.0083,2.0,530.9,0.0014,0.0004,0.2543,0.2777,2,83.63,116.44,125.43,19,0.0434,246.26,10,0.0037
live_ep_000017_RETRY_STORM,RETRY_STORM,auth-service,python-simulator,4.5,1785925484.829418,41,0.9718,0.0282,closed,0.3714,37.14,0.2497,5.41,25.56,3.64,5.94,0.0191,2.0,482.1,0.0015,0.0009,0.269,0.1967,1,90.71,126.77,127.2,15,0.0262,190.75,11,0.0095
live_ep_000017_RETRY_STORM,RETRY_STORM,auth-service,python-simulator,5.0,1785925485.3295074,31,0.9599,0.0401,closed,0.4332,43.32,0.2767,5.41,17.45,4.87,4.62,0.0104,7.84,540.6,0.0005,0.0028,0.3349,0.2498,0,82.61,107.0,117.75,11,0.0835,154.3,12,0.0026
live_ep_000017_RETRY_STORM,RETRY_STORM,auth-service,python-simulator,5.5,1785925485.8299901,105,0.9726,0.0274,closed,0.3176,31.76,0.238,7.01,22.68,4.12,14.54,0.0052,8.25,492.6,0.0009,0.0046,0.2931,0.1962,3,97.93,104.82,130.24,10,0.0336,220.17,1,0.0003
live_ep_000017_RETRY_STORM,RETRY_STORM,auth-service,python-simulator,6.0,1785925486.3302095,52,0.9691,0.0309,closed,0.2675,26.75,0.3525,6.23,17.53,7.58,5.35,0.002,2.0,492.3,0.003,0.0007,0.1717,0.2202,4,80.55,102.48,119.38,12,0.0206,204.95,11,0.0039
live_ep_000017_RETRY_STORM,RETRY_STORM,auth-service,python-simulator,6.5,1785925486.8303373,112,0.9355,0.0645,closed,0.4038,40.38,0.3244,0.64,20.47,3.09,7.53,0.001,6.59,501.4,0.011,0.0046,0.1955,0.2614,2,99.07,99.88,115.07,8,0.0139,212.03,13,0.011
live_ep_000017_RETRY_STORM,RETRY_STORM,auth-service,python-simulator,7.0,1785925487.3307667,49,0.931,0.069,closed,0.3348,33.48,0.4202,0.5,20.3,4.17,4.84,0.0499,2.0,526.7,0.0007,0.0008,0.3098,0.2225,0,95.23,97.64,108.19,13,0.0097,168.58,12,0.0077
live_ep_000017_RETRY_STORM,RETRY_STORM,auth-service,python-simulator,7.5,1785925487.8313162,49,0.9018,0.0982,closed,0.3705,37.05,0.3111,4.69,23.84,9.38,2.09,0.0136,2.72,515.8,0.0059,0.0001,0.3311,0.2341,3,83.47,109.45,130.84,3,0.023,221.74,14,0.0002
live_ep_000017_RETRY_STORM,RETRY_STORM,auth-service,python-simulator,8.0,1785925488.3317637,83,0.9596,0.0404,closed,0.3489,34.89,0.4675,5.56,9.37,2.51,4.14,0.0131,3.3,517.6,0.0086,0.0015,0.1548,0.2579,4,77.69,78.88,79.14,0,0.0523,181.88,12,0.0069
live_ep_000017_RETRY_STORM,RETRY_STORM,auth-service,python-simulator,8.5,1785925488.8318927,99,0.99,0.01,closed,0.3202,32.02,0.4499,8.02,33.71,3.71,7.44,0.0069,30.87,559.3,0.0017,0.0064,0.3088,0.2665,4,94.48,129.07,132.04,18,0.022,202.07,10,0.0007
live_ep_000017_RETRY_STORM,RETRY_STORM,auth-service,python-simulator,9.0,1785925489.3321295,186,0.9857,0.0143,closed,0.7004,70.04,0.5968,20.47,43.15,4.54,5.49,0.0992,31.35,471.9,0.0062,0.0303,0.3663,0.2396,8,90.35,170.74,286.44,101,0.829,697.4,69,0.0439
live_ep_000017_RETRY_STORM,RETRY_STORM,auth-service,python-simulator,9.5,1785925489.8323584,181,0.9866,0.0134,closed,0.5429,54.29,0.4546,23.51,28.63,4.57,10.37,0.0567,45.18,507.7,0.0016,0.0176,0.2084,0.2603,6,99.05,108.19,171.23,57,0.5565,533.92,53,0.0283
live_ep_000017_RETRY_STORM,RETRY_STORM,auth-service,python-simulator,10.0,1785925490.3324797,63,0.99,0.01,closed,0.3905,39.05,0.4243,16.32,21.38,2.22,8.7,0.0578,25.04,533.4,0.0142,0.0207,0.242,0.2952,6,87.52,101.01,102.71,60,0.4932,495.92,49,0.0335
live_ep_000017_RETRY_STORM,RETRY_STORM,auth-service,python-simulator,10.5,1785925490.832851,205,0.9563,0.0437,closed,0.4514,45.14,0.6951,28.81,24.57,4.22,4.97,0.0889,24.92,530.6,0.0028,0.0277,0.2415,0.2223,7,76.64,165.23,225.55,88,0.6956,617.38,61,0.0475
live_ep_000017_RETRY_STORM,RETRY_STORM,auth-service,python-simulator,11.0,1785925491.3330462,108,0.9644,0.0356,closed,0.5808,58.08,0.551,16.03,29.59,3.46,3.54,0.0868,2.0,507.6,0.0062,0.028,0.2988,0.2797,9,81.07,134.33,244.84,79,0.7029,621.76,62,0.0401
live_ep_000017_RETRY_STORM,RETRY_STORM,auth-service,python-simulator,11.5,1785925491.8334026,151,0.9152,0.0848,closed,0.5004,50.04,0.4278,15.41,23.58,2.69,9.84,0.0615,2.0,495.6,0.0021,0.0208,0.1267,0.2912,5,89.5,140.91,165.81,51,0.4,440.0,44,0.028
live_ep_000017_RETRY_STORM,RETRY_STORM,auth-service,python-simulator,12.0,1785925492.3335695,80,0.9475,0.0525,closed,0.5823,58.23,0.7155,18.41,35.82,2.59,8.19,0.0994,6.45,518.0,0.0017,0.0321,0.3154,0.2657,8,87.76,101.82,211.79,93,0.7947,676.8,67,0.043
live_ep_000017_RETRY_STORM,RETRY_STORM,auth-service,python-simulator,12.5,1785925492.834118,235,0.9672,0.0328,closed,0.5778,57.78,0.6357,22.01,49.77,6.88,17.94,0.1174,6.72,497.6,0.0061,0.0361,0.2578,0.239,10,84.97,103.67,210.73,88,0.8373,702.41,70,0.0735
live_ep_000017_RETRY_STORM,RETRY_STORM,auth-service,python-simulator,13.0,1785925493.3346741,189,0.9648,0.0352,closed,0.4768,47.68,0.5105,19.95,34.56,4.63,2.46,0.0749,24.23,526.3,0.0015,0.0233,0.3402,0.2182,8,83.11,157.56,172.26,72,0.563,537.8,53,0.0341
live_ep_000017_RETRY_STORM,RETRY_STORM,auth-service,python-simulator,13.5,1785925493.8348231,161,0.88,0.12,closed,0.5667,56.67,0.7381,37.31,42.46,3.3,4.12,0.0884,4.31,504.0,0.0,0.0289,0.2693,0.2684,9,85.58,108.61,221.16,92,0.7807,668.39,66,0.0463
live_ep_000017_RETRY_STORM,RETRY_STORM,auth-service,python-simulator,14.0,1785925494.3353403,207,0.99,0.01,closed,0.5574,55.74,0.6311,17.31,28.03,6.09,9.77,0.0993,24.34,504.1,0.0031,0.0326,0.2011,0.2555,7,76.86,255.3,280.01,88,0.7524,651.45,65,0.04
live_ep_000017_RETRY_STORM,RETRY_STORM,auth-service,python-simulator,14.5,1785925494.83571,130,0.88,0.12,closed,0.5975,59.75,0.6105,14.94,32.52,6.0,3.8,0.0843,2.57,530.7,0.0,0.0287,0.3174,0.3083,9,82.81,252.3,280.66,78,0.6839,610.36,61,0.0361
live_ep_000017_RETRY_STORM,RETRY_STORM,auth-service,python-simulator,15.0,1785925495.3358915,90,0.99,0.01,closed,0.6274,62.74,0.6489,30.98,61.37,2.83,6.79,0.087,2.47,468.4,0.0048,0.0274,0.2296,0.1998,9,95.76,162.01,243.96,85,0.8364,701.82,70,0.0435
live_ep_000017_RETRY_STORM,RETRY_STORM,auth-service,python-simulator,15.5,1785925495.8360584,105,0.9732,0.0268,closed,0.5536,55.36,0.6684,22.16,45.22,2.14,9.16,0.0559,2.68,511.1,0.0011,0.0172,0.2794,0.2622,5,91.24,148.74,228.73,59,0.533,519.79,51,0.0321
live_ep_000017_RETRY_STORM,RETRY_STORM,auth-service,python-simulator,16.0,1785925496.3364792,92,0.9127,0.0873,closed,0.647,64.7,0.7416,16.52,38.62,5.49,7.47,0.0803,2.21,556.2,0.001,0.0281,0.2323,0.2952,6,96.45,149.38,256.89,72,0.628,576.82,57,0.0317
live_ep_000017_RETRY_STORM,RETRY_STORM,auth-service,python-simulator,16.5,1785925496.8370109,198,0.88,0.12,closed,0.5347,53.47,0.6616,14.82,32.16,2.05,4.7,0.075,19.95,527.7,0.0011,0.0245,0.2608,0.2283,10,87.72,147.12,220.16,73,0.6818,609.08,60,0.0409
live_ep_000017_RETRY_STORM,RETRY_STORM,auth-service,python-simulator,17.0,1785925497.3371081,139,0.99,0.01,closed,0.5805,58.05,0.6796,14.96,37.58,4.0,6.49,0.096,3.06,541.1,0.0006,0.0302,0.3452,0.3178,11,101.31,104.96,222.99,85,0.7231,633.88,63,0.0366
live_ep_000017_RETRY_STORM,RETRY_STORM,auth-service,python-simulator,17.5,1785925497.8375387,62,0.9198,0.0802,closed,0.5601,56.01,0.4062,17.8,41.71,2.8,9.33,0.0807,20.99,538.6,0.014,0.0248,0.2615,0.2751,7,90.97,167.72,260.01,80,0.7487,649.21,64,0.0381
live_ep_000017_RETRY_STORM,RETRY_STORM,auth-service,python-simulator,18.0,1785925498.3375907,215,0.9056,0.0944,closed,0.6296,62.96,0.6026,15.26,28.74,3.58,8.66,0.0745,5.78,528.6,0.0045,0.0225,0.261,0.2533,9,100.05,200.49,232.3,73,0.644,586.41,58,0.0374
live_ep_000017_RETRY_STORM,RETRY_STORM,auth-service,python-simulator,18.5,1785925498.8378778,252,0.9559,0.0441,closed,0.493,49.3,0.6049,21.23,31.6,8.03,6.73,0.0673,4.75,535.3,0.0192,0.0218,0.1808,0.2846,10,88.87,95.69,197.5,79,0.6473,588.39,58,0.0325
live_ep_000017_RETRY_STORM,RETRY_STORM,auth-service,python-simulator,19.0,1785925499.338203,58,0.9894,0.0106,closed,0.4808,48.08,0.5761,13.64,23.79,2.61,6.0,0.0517,2.14,512.1,0.0139,0.018,0.2984,0.2531,8,91.89,102.03,112.82,45,0.4364,461.86,46,0.0296
live_ep_000017_RETRY_STORM,RETRY_STORM,auth-service,python-simulator,19.5,1785925499.8384893,244,0.9774,0.0226,closed,0.5207,52.07,0.7275,17.99,41.11,5.38,5.23,0.0701,60.0,501.3,0.0124,0.0221,0.2407,0.2705,9,87.32,145.81,187.71,84,0.6854,611.26,61,0.035
live_ep_000017_RETRY_STORM,RETRY_STORM,auth-service,python-simulator,20.0,1785925500.3386705,269,0.88,0.12,closed,0.6737,67.37,0.8293,25.75,34.95,3.05,7.58,0.1189,17.46,479.8,0.0001,0.0358,0.1891,0.1662,8,90.23,98.71,233.06,93,0.8631,717.88,71,0.0447
live_ep_000017_RETRY_STORM,RETRY_STORM,auth-service,python-simulator,20.5,1785925500.8388443,208,0.9536,0.0464,closed,0.5846,58.46,0.6025,36.12,30.23,5.64,8.78,0.0649,2.55,496.7,0.0052,0.0198,0.2152,0.2076,9,81.0,144.14,214.66,70,0.596,557.61,55,0.033
live_ep_000017_RETRY_STORM,RETRY_STORM,auth-service,python-simulator,21.0,1785925501.3390968,75,0.99,0.01,closed,0.5761,57.61,0.5874,14.69,35.0,7.11,6.18,0.0769,3.43,504.9,0.0042,0.0241,0.1924,0.1921,6,99.38,198.92,212.11,85,0.6768,606.09,60,0.0405
live_ep_000017_RETRY_STORM,RETRY_STORM,auth-service,python-simulator,21.5,1785925501.8445609,75,0.99,0.01,closed,0.4747,47.47,0.4361,15.92,24.17,3.72,2.93,0.069,6.6,533.0,0.0014,0.0218,0.1187,0.2527,7,85.86,115.92,214.63,68,0.6045,562.71,56,0.0402
live_ep_000017_RETRY_STORM,RETRY_STORM,auth-service,python-simulator,22.0,1785925502.3447037,219,0.954,0.046,closed,0.5681,56.81,0.6974,13.26,28.48,1.71,5.01,0.0671,4.9,531.2,0.0027,0.0274,0.2787,0.2729,5,97.22,195.28,258.34,57,0.5765,545.93,54,0.0291
live_ep_000017_RETRY_STORM,RETRY_STORM,auth-service,python-simulator,22.5,1785925502.8451493,249,0.957,0.043,closed,0.543,54.3,0.5067,14.6,27.25,2.15,4.09,0.0933,5.8,513.8,0.0223,0.0309,0.2291,0.2091,8,99.14,196.26,225.45,74,0.7015,620.91,62,0.0358
live_ep_000017_RETRY_STORM,RETRY_STORM,auth-service,python-simulator,23.0,1785925503.3452861,237,0.9725,0.0275,closed,0.5214,52.14,0.6503,19.88,38.09,6.34,5.42,0.0745,16.78,511.8,0.006,0.0224,0.2,0.2262,11,91.96,187.28,201.52,78,0.7124,627.41,62,0.0393
live_ep_000017_RETRY_STORM,RETRY_STORM,auth-service,python-simulator,23.5,1785925503.8456903,194,0.988,0.012,closed,0.5132,51.32,0.6066,16.29,57.53,11.31,5.88,0.0865,15.14,499.6,0.0027,0.026,0.2595,0.2085,8,74.64,201.78,202.44,92,0.7328,639.67,63,0.0398
live_ep_000017_RETRY_STORM,RETRY_STORM,auth-service,python-simulator,24.0,1785925504.3458774,168,0.9855,0.0145,closed,0.4869,48.69,0.5039,18.51,25.37,6.04,5.13,0.0589,60.0,494.9,0.001,0.0181,0.1536,0.2025,9,90.78,122.91,178.31,55,0.5134,508.04,50,0.0263
live_ep_000017_RETRY_STORM,RETRY_STORM,auth-service,python-simulator,24.5,1785925504.8459423,90,0.9657,0.0343,closed,0.5314,53.14,0.3986,21.67,34.3,5.18,7.27,0.0627,11.44,495.3,0.0149,0.0246,0.1679,0.2124,9,91.77,128.03,161.73,63,0.6042,562.54,56,0.0311
live_ep_000017_RETRY_STORM,RETRY_STORM,auth-service,python-simulator,25.0,1785925505.3461807,190,0.9351,0.0649,closed,0.4947,49.47,0.4875,20.37,35.28,7.48,10.17,0.0505,4.33,505.7,0.0084,0.0193,0.1713,0.2409,7,87.25,96.88,149.12,43,0.4,440.0,44,0.0245
live_ep_000017_RETRY_STORM,RETRY_STORM,auth-service,python-simulator,25.5,1785925505.8464355,231,0.9402,0.0598,closed,0.5187,51.87,0.6771,18.26,57.35,4.58,3.76,0.0931,19.2,517.0,0.0022,0.0297,0.1831,0.2568,10,95.78,121.89,226.54,78,0.732,639.19,63,0.0372
live_ep_000017_RETRY_STORM,RETRY_STORM,auth-service,python-simulator,26.0,1785925506.3465986,220,0.9288,0.0712,closed,0.5479,54.79,0.4712,10.5,21.38,12.35,6.61,0.0458,2.0,514.7,0.0002,0.0155,0.1996,0.2562,4,79.46,110.31,183.49,62,0.4431,465.88,46,0.0225
live_ep_000017_RETRY_STORM,RETRY_STORM,auth-service,python-simulator,26.5,1785925506.8470645,190,0.88,0.12,closed,0.5895,58.95,0.6876,16.9,39.38,7.09,6.5,0.0839,6.2,527.0,0.0022,0.0259,0.1635,0.2946,9,98.39,143.14,208.94,80,0.7359,641.54,64,0.052
live_ep_000017_RETRY_STORM,RETRY_STORM,auth-service,python-simulator,27.0,1785925507.3473911,265,0.9724,0.0276,closed,0.5317,53.17,0.5715,26.77,31.08,5.18,8.4,0.0717,2.0,511.6,0.0018,0.022,0.3086,0.2553,9,94.99,118.01,198.14,68,0.6148,568.89,56,0.0388
live_ep_000017_RETRY_STORM,RETRY_STORM,auth-service,python-simulator,27.5,1785925507.847445,164,0.9236,0.0764,closed,0.4154,41.54,0.6403,19.17,36.93,9.92,6.01,0.0872,6.23,504.0,0.0028,0.0323,0.2411,0.2936,9,91.51,94.55,192.67,63,0.5707,542.42,54,0.0344
live_ep_000017_RETRY_STORM,RETRY_STORM,auth-service,python-simulator,28.0,1785925508.3477716,96,0.9696,0.0304,closed,0.6304,63.04,0.7908,21.93,38.51,2.17,5.32,0.0997,11.32,501.2,0.0003,0.0338,0.239,0.2758,10,83.23,102.72,248.15,84,0.8342,700.52,70,0.0449
live_ep_000017_RETRY_STORM,RETRY_STORM,auth-service,python-simulator,28.5,1785925508.847952,106,0.88,0.12,closed,0.4992,49.92,0.5647,12.14,29.66,9.01,7.68,0.0803,3.51,521.6,0.0102,0.0262,0.3379,0.2872,7,86.85,87.86,176.18,73,0.5657,539.44,53,0.0335
live_ep_000017_RETRY_STORM,RETRY_STORM,auth-service,python-simulator,29.0,1785925509.348313,284,0.9219,0.0781,closed,0.5741,57.41,0.6192,28.44,53.85,4.63,4.81,0.0912,3.4,503.2,0.0038,0.0354,0.2793,0.2305,10,77.47,222.38,262.43,84,0.7939,676.37,67,0.0428
live_ep_000017_RETRY_STORM,RETRY_STORM,auth-service,python-simulator,29.5,1785925509.8487535,139,0.9673,0.0327,closed,0.6492,64.92,0.6785,24.76,20.0,6.74,6.4,0.0809,6.19,543.6,0.0247,0.0263,0.2572,0.2952,10,88.21,136.98,205.73,86,0.7246,634.78,63,0.0458
live_ep_000017_RETRY_STORM,RETRY_STORM,auth-service,python-simulator,30.0,1785925510.3489153,275,0.9392,0.0608,closed,0.6366,63.66,0.5688,28.62,42.75,2.11,6.38,0.1019,2.0,501.5,0.0025,0.032,0.2417,0.1792,11,79.77,89.3,265.46,89,0.8514,710.83,71,0.0478
live_ep_000017_RETRY_STORM,RETRY_STORM,auth-service,python-simulator,30.5,1785925510.8490205,152,0.9695,0.0305,closed,0.4157,41.57,0.4574,9.54,20.0,4.41,12.23,0.0503,8.73,499.4,0.0011,0.0153,0.2144,0.2706,7,92.63,107.01,173.57,51,0.4519,471.15,47,0.0227
live_ep_000017_RETRY_STORM,RETRY_STORM,auth-service,python-simulator,31.0,1785925511.3491042,102,0.9394,0.0606,closed,0.5551,55.51,0.505,12.58,23.11,7.71,4.54,0.0655,6.21,489.4,0.0099,0.02,0.2175,0.2411,7,84.3,157.45,217.32,57,0.5662,539.73,53,0.0321
live_ep_000017_RETRY_STORM,RETRY_STORM,auth-service,python-simulator,31.5,1785925511.8493419,239,0.9613,0.0387,closed,0.5604,56.04,0.7232,18.48,42.7,6.01,5.64,0.0791,2.0,525.1,0.0018,0.0238,0.2009,0.2465,6,86.69,141.89,175.61,85,0.6744,604.62,60,0.0346
live_ep_000017_RETRY_STORM,RETRY_STORM,auth-service,python-simulator,32.0,1785925512.3498828,66,0.9722,0.0278,closed,0.3802,38.02,0.4189,13.43,31.79,3.74,3.93,0.0472,2.86,539.0,0.005,0.015,0.1968,0.2297,7,96.42,142.52,147.53,61,0.4493,469.57,46,0.0427
live_ep_000017_RETRY_STORM,RETRY_STORM,auth-service,python-simulator,32.5,1785925512.8501544,272,0.9363,0.0637,closed,0.5354,53.54,0.764,15.32,41.86,2.79,7.3,0.0831,4.96,511.4,0.0099,0.0257,0.2814,0.2095,11,79.62,158.41,195.93,85,0.7392,643.49,64,0.0383
live_ep_000017_RETRY_STORM,RETRY_STORM,auth-service,python-simulator,33.0,1785925513.3502915,91,0.9636,0.0364,closed,0.484,48.4,0.6424,11.87,25.1,7.43,4.86,0.045,10.37,524.2,0.002,0.0136,0.2312,0.2712,7,86.79,149.27,168.01,44,0.4,440.0,44,0.0242
live_ep_000017_RETRY_STORM,RETRY_STORM,auth-service,python-simulator,33.5,1785925513.8508039,229,0.9532,0.0468,closed,0.5559,55.59,0.5693,13.98,23.57,4.77,6.21,0.064,15.22,523.2,0.0069,0.0212,0.1802,0.2278,8,93.87,142.46,198.92,80,0.6234,574.02,57,0.0567
live_ep_000017_RETRY_STORM,RETRY_STORM,auth-service,python-simulator,34.0,1785925514.351169,83,0.9797,0.0203,closed,0.5617,56.17,0.6507,12.63,31.79,3.75,12.1,0.064,4.08,512.7,0.0008,0.02,0.2949,0.2752,7,98.24,171.64,203.14,78,0.5946,556.74,55,0.0347
live_ep_000017_RETRY_STORM,RETRY_STORM,auth-service,python-simulator,34.5,1785925514.8516073,104,0.9267,0.0733,closed,0.5071,50.71,0.6536,20.18,32.38,5.93,11.73,0.0722,4.63,538.7,0.0021,0.023,0.1969,0.2983,10,81.95,130.99,145.81,80,0.6825,609.52,60,0.0355
live_ep_000017_RETRY_STORM,RETRY_STORM,auth-service,python-simulator,35.0,1785925515.351753,152,0.9846,0.0154,closed,0.6451,64.51,0.8927,23.01,36.31,3.81,7.2,0.1084,33.46,484.5,0.0032,0.036,0.1916,0.1893,11,104.77,207.64,226.01,95,0.8891,733.49,73,0.0449
live_ep_000017_RETRY_STORM,RETRY_STORM,auth-service,python-simulator,35.5,1785925515.8519697,122,0.9183,0.0817,closed,0.476,47.6,0.3731,16.22,39.13,2.13,6.38,0.0613,22.41,469.4,0.0014,0.0249,0.3433,0.2864,4,92.92,135.04,169.76,60,0.4754,485.24,48,0.0471
live_ep_000017_RETRY_STORM,RETRY_STORM,auth-service,python-simulator,36.0,1785925516.3524783,47,0.922,0.078,closed,0.4914,49.14,0.6172,18.16,47.8,3.66,7.16,0.0879,14.26,510.6,0.0022,0.0283,0.271,0.264,6,86.22,118.71,147.89,63,0.5724,543.43,54,0.0301
live_ep_000017_RETRY_STORM,RETRY_STORM,auth-service,python-simulator,36.5,1785925516.8528492,223,0.9408,0.0592,closed,0.4549,45.49,0.5137,22.18,25.5,4.31,6.52,0.0543,5.34,509.7,0.0048,0.0234,0.2002,0.2298,5,84.86,171.01,178.23,45,0.4489,469.33,46,0.0426
live_ep_000017_RETRY_STORM,RETRY_STORM,auth-service,python-simulator,37.0,1785925517.3530357,218,0.9829,0.0171,closed,0.5021,50.21,0.695,14.55,36.17,3.08,5.38,0.0873,10.01,511.1,0.0006,0.0267,0.2463,0.264,7,86.33,147.92,195.45,88,0.7025,621.47,62,0.0458
live_ep_000017_RETRY_STORM,RETRY_STORM,auth-service,python-simulator,37.5,1785925517.853364,141,0.99,0.01,closed,0.5564,55.64,0.6241,24.28,22.92,5.91,3.85,0.0868,24.12,507.6,0.0123,0.0281,0.2544,0.2175,7,64.62,65.68,223.71,96,0.7881,672.86,67,0.0404
live_ep_000017_RETRY_STORM,RETRY_STORM,auth-service,python-simulator,38.0,1785925518.3534768,78,0.9783,0.0217,closed,0.6104,61.04,0.6887,14.87,24.71,4.11,3.96,0.0708,9.13,509.0,0.0008,0.022,0.1582,0.2251,9,83.86,118.77,230.54,77,0.6834,610.03,61,0.042
live_ep_000017_RETRY_STORM,RETRY_STORM,auth-service,python-simulator,38.5,1785925518.8539712,237,0.9762,0.0238,closed,0.5956,59.56,0.417,14.54,28.06,3.05,4.99,0.0747,15.47,510.3,0.0054,0.0298,0.1986,0.2818,9,95.36,102.22,225.66,67,0.6529,591.75,59,0.0461
live_ep_000017_RETRY_STORM,RETRY_STORM,auth-service,python-simulator,39.0,1785925519.3541238,186,0.9787,0.0213,closed,0.4991,49.91,0.7481,16.23,37.88,3.55,6.8,0.0768,3.85,517.2,0.004,0.0268,0.1815,0.2148,9,109.06,182.17,193.64,81,0.7586,655.18,65,0.0618
live_ep_000017_RETRY_STORM,RETRY_STORM,auth-service,python-simulator,39.5,1785925519.8542197,71,0.9235,0.0765,closed,0.564,56.4,0.6604,14.47,23.65,3.89,8.64,0.0845,3.04,535.3,0.0083,0.0302,0.2822,0.2478,6,103.22,152.54,234.34,81,0.6985,619.08,61,0.0355
live_ep_000017_RETRY_STORM,RETRY_STORM,auth-service,python-simulator,40.0,1785925520.354528,175,0.88,0.12,closed,0.5853,58.53,0.7251,18.04,32.22,5.41,11.92,0.0737,5.63,490.6,0.0011,0.0289,0.2558,0.2707,8,92.63,136.13,200.0,84,0.7216,632.96,63,0.0464
live_ep_000017_RETRY_STORM,RETRY_STORM,auth-service,python-simulator,40.5,1785925520.8547463,103,0.9648,0.0352,closed,0.4859,48.59,0.6356,21.73,34.49,8.55,5.16,0.0715,13.45,509.7,0.0089,0.0237,0.2331,0.2523,6,71.41,102.38,166.94,72,0.6041,562.49,56,0.0443
live_ep_000017_RETRY_STORM,RETRY_STORM,auth-service,python-simulator,41.0,1785925521.354896,205,0.9806,0.0194,closed,0.5065,50.65,0.6773,30.42,42.55,7.29,5.17,0.0879,7.57,500.0,0.0059,0.033,0.199,0.2795,8,89.09,195.4,236.33,90,0.8362,701.69,70,0.0647
live_ep_000017_RETRY_STORM,RETRY_STORM,auth-service,python-simulator,41.5,1785925521.855117,168,0.9335,0.0665,closed,0.5641,56.41,0.4815,14.19,28.3,4.1,6.95,0.0638,3.86,513.8,0.0013,0.0231,0.2162,0.2765,9,95.01,96.62,188.51,65,0.5545,532.67,53,0.0288
live_ep_000017_RETRY_STORM,RETRY_STORM,auth-service,python-simulator,42.0,1785925522.3554788,101,0.9735,0.0265,closed,0.4276,42.76,0.5933,17.72,23.18,3.39,9.96,0.0559,19.64,558.4,0.0015,0.0186,0.1637,0.2937,6,82.57,100.01,154.35,55,0.4435,466.09,46,0.0252
live_ep_000017_RETRY_STORM,RETRY_STORM,auth-service,python-simulator,42.5,1785925522.8559873,64,0.9872,0.0128,closed,0.5384,53.84,0.5071,13.56,65.45,2.61,3.08,0.0748,18.04,528.4,0.0012,0.0232,0.3548,0.2223,9,94.34,182.16,216.12,78,0.6529,591.72,59,0.0397
live_ep_000017_RETRY_STORM,RETRY_STORM,auth-service,python-simulator,43.0,1785925523.3560936,204,0.9695,0.0305,closed,0.5559,55.59,0.6845,16.05,31.52,10.12,4.14,0.0863,4.74,527.1,0.0029,0.0264,0.1805,0.2658,7,77.47,124.98,252.0,79,0.7777,666.62,66,0.0413
live_ep_000017_RETRY_STORM,RETRY_STORM,auth-service,python-simulator,43.5,1785925523.8563826,135,0.9788,0.0212,closed,0.5902,59.02,0.7226,32.22,30.99,4.82,12.9,0.1142,24.95,507.2,0.0083,0.0367,0.2908,0.2423,9,99.49,182.11,260.12,80,0.7344,640.65,64,0.0424
live_ep_000017_RETRY_STORM,RETRY_STORM,auth-service,python-simulator,44.0,1785925524.356675,108,0.9477,0.0523,closed,0.6466,64.66,0.4619,14.05,20.0,4.13,5.37,0.0765,14.2,507.2,0.0073,0.0256,0.3149,0.2161,9,90.69,185.56,203.51,68,0.6766,605.98,60,0.0434
live_ep_000017_RETRY_STORM,RETRY_STORM,auth-service,python-simulator,44.5,1785925524.856968,138,0.9709,0.0291,closed,0.4429,44.29,0.4592,14.83,22.08,2.83,3.74,0.0511,31.62,496.8,0.0013,0.0161,0.2726,0.271,4,86.11,121.18,137.24,51,0.488,492.82,49,0.0316
live_ep_000017_RETRY_STORM,RETRY_STORM,auth-service,python-simulator,45.0,1785925525.35703,260,0.9854,0.0146,closed,0.6313,63.13,0.6845,18.5,69.26,3.36,7.42,0.0935,39.02,517.0,0.0052,0.0282,0.2622,0.2442,9,75.97,121.79,299.38,98,0.9,740.0,74,0.0542
live_ep_000017_RETRY_STORM,RETRY_STORM,auth-service,python-simulator,45.5,1785925525.8574502,132,0.9048,0.0952,closed,0.548,54.8,0.6555,17.82,32.79,3.98,3.44,0.0716,5.97,524.5,0.0013,0.0226,0.1398,0.2922,7,89.61,116.43,217.11,67,0.659,595.41,59,0.0353
live_ep_000017_RETRY_STORM,RETRY_STORM,auth-service,python-simulator,46.0,1785925526.3579412,154,0.9555,0.0445,closed,0.5062,50.62,0.5631,17.11,20.0,6.74,3.74,0.0799,4.76,478.7,0.0016,0.0242,0.2913,0.2597,11,93.26,117.66,210.01,77,0.7642,658.52,65,0.0555
live_ep_000017_RETRY_STORM,RETRY_STORM,auth-service,python-simulator,46.5,1785925526.8582666,126,0.88,0.12,closed,0.4927,49.27,0.4881,11.21,34.68,4.43,8.72,0.0536,9.11,481.9,0.0021,0.0196,0.1954,0.1791,8,79.84,147.5,161.94,57,0.4895,493.68,49,0.0253
live_ep_000017_RETRY_STORM,RETRY_STORM,auth-service,python-simulator,47.0,1785925527.3586037,194,0.99,0.01,closed,0.5973,59.73,0.5106,22.1,25.2,5.13,7.43,0.0727,37.01,497.7,0.0012,0.0238,0.1891,0.2291,10,94.74,217.12,228.01,72,0.6739,604.32,60,0.0365
live_ep_000017_RETRY_STORM,RETRY_STORM,auth-service,python-simulator,47.5,1785925527.8587592,185,0.88,0.12,closed,0.4793,47.93,0.5204,14.98,46.61,3.23,5.86,0.0652,2.0,518.6,0.0082,0.02,0.3085,0.2969,7,86.05,89.19,206.91,58,0.5424,525.44,52,0.0297
live_ep_000017_RETRY_STORM,RETRY_STORM,auth-service,python-simulator,48.0,1785925528.359142,243,0.8888,0.1112,closed,0.6098,60.98,0.7078,18.88,41.72,5.84,4.91,0.0952,2.06,527.1,0.0089,0.0295,0.2386,0.257,9,93.68,223.09,262.74,94,0.8384,703.03,70,0.0538
live_ep_000017_RETRY_STORM,RETRY_STORM,auth-service,python-simulator,48.5,1785925528.8596542,253,0.9623,0.0377,closed,0.5569,55.69,0.6838,26.09,46.76,3.78,5.65,0.0908,4.09,520.1,0.0005,0.0356,0.2441,0.257,8,85.06,175.17,227.18,82,0.7324,639.45,63,0.0412
live_ep_000017_RETRY_STORM,RETRY_STORM,auth-service,python-simulator,49.0,1785925529.3597317,163,0.9884,0.0116,closed,0.5558,55.58,0.6807,18.5,41.97,8.38,5.53,0.0972,18.34,500.3,0.0003,0.0299,0.3306,0.2298,10,102.56,196.74,255.77,87,0.8436,706.17,70,0.0459
live_ep_000017_RETRY_STORM,RETRY_STORM,auth-service,python-simulator,49.5,1785925529.859827,88,0.88,0.12,closed,0.626,62.6,0.6558,15.65,35.78,2.58,3.26,0.0801,10.64,477.1,0.0066,0.0244,0.1895,0.1847,11,95.33,176.05,206.72,90,0.7574,654.44,65,0.0465
live_ep_000017_RETRY_STORM,RETRY_STORM,auth-service,python-simulator,50.0,1785925530.3600528,105,0.8834,0.1166,closed,0.558,55.8,0.53,14.51,28.94,2.88,6.61,0.0689,6.11,487.0,0.0084,0.0211,0.2657,0.2184,8,81.85,106.75,217.45,80,0.6221,573.29,57,0.0375
live_ep_000017_RETRY_STORM,RETRY_STORM,auth-service,python-simulator,50.5,1785925530.8607564,255,0.9396,0.0604,closed,0.5388,53.88,0.5987,17.26,44.08,6.38,6.35,0.0767,3.38,514.0,0.0018,0.0232,0.2325,0.2637,7,81.43,131.95,205.12,69,0.6215,572.88,57,0.0334
live_ep_000017_RETRY_STORM,RETRY_STORM,auth-service,python-simulator,51.0,1785925531.3608856,293,0.88,0.12,closed,0.5915,59.15,0.5737,19.92,51.9,3.53,2.83,0.0833,57.12,538.5,0.0074,0.0291,0.2898,0.2599,8,99.25,128.46,217.09,79,0.7765,665.93,66,0.0547
live_ep_000017_RETRY_STORM,RETRY_STORM,auth-service,python-simulator,51.5,1785925531.861482,181,0.88,0.12,closed,0.6198,61.98,0.4422,14.44,23.9,2.46,3.71,0.0657,4.65,518.1,0.0044,0.0222,0.2553,0.2318,9,89.96,169.64,226.09,66,0.6051,563.03,56,0.0501
