episode_id,failure_mode,service,elapsed_s,timestamp,span_id,parent_span_id,span_name,db_operation_type,span_duration_ms,span_status,peer_service,service_version,trace_id
live_ep_000001_LATENCY_SPIKE,LATENCY_SPIKE,payment-service,0.0,1785908282.5017822,cc32284302f940aa987a94374517d976,,PUT /api/inventory,,116.14,OK,payment-service,v1.1.0,d8efe2809a444d4ba015fc77b9fce195
live_ep_000001_LATENCY_SPIKE,LATENCY_SPIKE,payment-service,0.0,1785908282.5017822,cecdec52c67e40c1bbbdd9710117736b,cc32284302f940aa987a94374517d976,db.query.select,READ,16.72,OK,user-db,v1.1.0,d8efe2809a444d4ba015fc77b9fce195
live_ep_000001_LATENCY_SPIKE,LATENCY_SPIKE,payment-service,0.0,1785908282.5017822,e8d968096da34b579e2ed39cff048f1e,cc32284302f940aa987a94374517d976,cache.set,,0.77,OK,cache-cluster,v1.1.0,d8efe2809a444d4ba015fc77b9fce195
live_ep_000001_LATENCY_SPIKE,LATENCY_SPIKE,payment-service,0.5,1785908283.0023203,714b99295b6d4bbc8de95d67d0f6d4f1,,POST /api/checkout,,162.49,OK,payment-service,v1.1.0,1671b366f4b64f318546f6817bd68885
live_ep_000001_LATENCY_SPIKE,LATENCY_SPIKE,payment-service,0.5,1785908283.0023203,3dd6adc81e3f4a40a6130daf7196a33b,714b99295b6d4bbc8de95d67d0f6d4f1,db.query.update,READ,22.55,OK,user-db,v1.1.0,1671b366f4b64f318546f6817bd68885
live_ep_000001_LATENCY_SPIKE,LATENCY_SPIKE,payment-service,0.5,1785908283.0023203,f35606f33ec14ceea0a2ec777eca5c58,714b99295b6d4bbc8de95d67d0f6d4f1,db.transaction,READ,26.59,OK,user-db,v1.1.0,1671b366f4b64f318546f6817bd68885
live_ep_000001_LATENCY_SPIKE,LATENCY_SPIKE,payment-service,0.5,1785908283.0023203,a45fa876d9fb473e82cc860d1bfbbbcd,714b99295b6d4bbc8de95d67d0f6d4f1,cache.set,,1.75,OK,cache-cluster,v1.1.0,1671b366f4b64f318546f6817bd68885
live_ep_000001_LATENCY_SPIKE,LATENCY_SPIKE,payment-service,1.0,1785908283.5030272,664c8671aa00424a86c1b6971cf2f09e,,GET /api/health,,135.6,OK,payment-service,v1.1.0,4c1d814ed8a94d8dac89bd6e7e85bf13
live_ep_000001_LATENCY_SPIKE,LATENCY_SPIKE,payment-service,1.0,1785908283.5030272,2ed92e54c40e4d92b26fbc2c1ee79f48,664c8671aa00424a86c1b6971cf2f09e,db.query.update,WRITE,19.66,OK,user-db,v1.1.0,4c1d814ed8a94d8dac89bd6e7e85bf13
live_ep_000001_LATENCY_SPIKE,LATENCY_SPIKE,payment-service,1.0,1785908283.5030272,62f6d1a763d14f64b729c42faaaeb0a7,664c8671aa00424a86c1b6971cf2f09e,db.query.insert,WRITE,19.52,OK,user-db,v1.1.0,4c1d814ed8a94d8dac89bd6e7e85bf13
live_ep_000001_LATENCY_SPIKE,LATENCY_SPIKE,payment-service,1.0,1785908283.5030272,a6e70b5ba0d94c51ad86066120fb30c9,664c8671aa00424a86c1b6971cf2f09e,cache.set,,0.95,OK,cache-cluster,v1.1.0,4c1d814ed8a94d8dac89bd6e7e85bf13
live_ep_000001_LATENCY_SPIKE,LATENCY_SPIKE,payment-service,1.5,1785908284.0033634,cfe4cf30fd5d46199c41277d7983fd71,,GET /api/order,,137.67,OK,payment-service,v1.1.0,34484eb0b01940b09963f369f12e3c0b
live_ep_000001_LATENCY_SPIKE,LATENCY_SPIKE,payment-service,1.5,1785908284.0033634,d79f2594c0da4a5ea61c6faf3d779df1,cfe4cf30fd5d46199c41277d7983fd71,db.query.select,READ,21.14,OK,user-db,v1.1.0,34484eb0b01940b09963f369f12e3c0b
live_ep_000001_LATENCY_SPIKE,LATENCY_SPIKE,payment-service,1.5,1785908284.0033634,57ce2a72541345b1b3ef101414a64cdc,cfe4cf30fd5d46199c41277d7983fd71,db.query.delete,READ,23.66,OK,user-db,v1.1.0,34484eb0b01940b09963f369f12e3c0b
live_ep_000001_LATENCY_SPIKE,LATENCY_SPIKE,payment-service,1.5,1785908284.0033634,a6f2f5a6d4b941bbbae87265f851fd91,cfe4cf30fd5d46199c41277d7983fd71,cache.delete,,1.25,OK,cache-cluster,v1.1.0,34484eb0b01940b09963f369f12e3c0b
live_ep_000001_LATENCY_SPIKE,LATENCY_SPIKE,payment-service,2.0,1785908284.5035589,ae5a0c1950624d74af1f4ffbfc5b0b80,,PUT /api/inventory,,137.27,OK,payment-service,v1.1.0,88f296cc05604a0bbd341ada408a7ff7
live_ep_000001_LATENCY_SPIKE,LATENCY_SPIKE,payment-service,2.0,1785908284.5035589,b73f9f1512ea4c7892c5e4c1332f4aa8,ae5a0c1950624d74af1f4ffbfc5b0b80,db.query.update,READ,16.98,OK,user-db,v1.1.0,88f296cc05604a0bbd341ada408a7ff7
live_ep_000001_LATENCY_SPIKE,LATENCY_SPIKE,payment-service,2.0,1785908284.5035589,b2b958c4fce7460180b593f645989009,ae5a0c1950624d74af1f4ffbfc5b0b80,cache.delete,,2.21,OK,cache-cluster,v1.1.0,88f296cc05604a0bbd341ada408a7ff7
live_ep_000001_LATENCY_SPIKE,LATENCY_SPIKE,payment-service,2.5,1785908285.0036721,998c7772f0c44d1b8c760ee573e594ec,,GET /api/order,,124.08,OK,payment-service,v1.1.0,17d1008709934e74af181ddab1bc50c0
live_ep_000001_LATENCY_SPIKE,LATENCY_SPIKE,payment-service,2.5,1785908285.0036721,257070c4b44a40319ad301d8dfe5e9f9,998c7772f0c44d1b8c760ee573e594ec,db.transaction,READ,24.46,OK,user-db,v1.1.0,17d1008709934e74af181ddab1bc50c0
live_ep_000001_LATENCY_SPIKE,LATENCY_SPIKE,payment-service,2.5,1785908285.0036721,7218c291a3734c3e839dae6a8305202c,998c7772f0c44d1b8c760ee573e594ec,cache.delete,,45.27,OK,cache-cluster,v1.1.0,17d1008709934e74af181ddab1bc50c0
live_ep_000001_LATENCY_SPIKE,LATENCY_SPIKE,payment-service,3.0,1785908285.5042193,659ab9849870472392ae072b7484567f,,POST /api/checkout,,115.23,ERROR,payment-service,v1.1.0,1c0ec214ebbd46708350be0f95147a8d
live_ep_000001_LATENCY_SPIKE,LATENCY_SPIKE,payment-service,3.0,1785908285.5042193,9d7b835c0e954f92b3418a9f384461d7,659ab9849870472392ae072b7484567f,db.query.update,WRITE,26.02,OK,user-db,v1.1.0,1c0ec214ebbd46708350be0f95147a8d
live_ep_000001_LATENCY_SPIKE,LATENCY_SPIKE,payment-service,3.0,1785908285.5042193,73f67a7e3bf24f5ba053303a8cb97156,659ab9849870472392ae072b7484567f,db.query.delete,READ,19.26,OK,user-db,v1.1.0,1c0ec214ebbd46708350be0f95147a8d
live_ep_000001_LATENCY_SPIKE,LATENCY_SPIKE,payment-service,3.0,1785908285.5042193,3207db604d744b64a60728d773a5d540,659ab9849870472392ae072b7484567f,cache.get,,1.99,OK,cache-cluster,v1.1.0,1c0ec214ebbd46708350be0f95147a8d
live_ep_000001_LATENCY_SPIKE,LATENCY_SPIKE,payment-service,3.5,1785908286.0046787,cccfe777d5a04cb2a32bd0d6038f570a,,PUT /api/inventory,,124.82,OK,payment-service,v1.1.0,cb80bbedf70c461b92fb3df1931a77ad
live_ep_000001_LATENCY_SPIKE,LATENCY_SPIKE,payment-service,3.5,1785908286.0046787,821776a661554304a43f64a8e54dd6b3,cccfe777d5a04cb2a32bd0d6038f570a,db.transaction,READ,10.32,OK,user-db,v1.1.0,cb80bbedf70c461b92fb3df1931a77ad
live_ep_000001_LATENCY_SPIKE,LATENCY_SPIKE,payment-service,3.5,1785908286.0046787,974f9b9c133740f3a353fdf55eb81690,cccfe777d5a04cb2a32bd0d6038f570a,cache.set,,0.5,OK,cache-cluster,v1.1.0,cb80bbedf70c461b92fb3df1931a77ad
live_ep_000001_LATENCY_SPIKE,LATENCY_SPIKE,payment-service,4.0,1785908286.5051243,a629355ddcba4644971b9978ac16d4f2,,POST /api/checkout,,120.38,OK,payment-service,v1.1.0,05ab3db929494230bfb44132e27687c6
live_ep_000001_LATENCY_SPIKE,LATENCY_SPIKE,payment-service,4.0,1785908286.5051243,5fc9785844d947b1b8588a9738b62c04,a629355ddcba4644971b9978ac16d4f2,db.query.delete,READ,28.2,OK,user-db,v1.1.0,05ab3db929494230bfb44132e27687c6
live_ep_000001_LATENCY_SPIKE,LATENCY_SPIKE,payment-service,4.0,1785908286.5051243,33f23300d318426f857dd6714a486784,a629355ddcba4644971b9978ac16d4f2,cache.get,,2.04,OK,cache-cluster,v1.1.0,05ab3db929494230bfb44132e27687c6
live_ep_000001_LATENCY_SPIKE,LATENCY_SPIKE,payment-service,4.0,1785908286.5051243,dcefaff87ddf475b944c32ee48305d9b,a629355ddcba4644971b9978ac16d4f2,http.client.post,,29.51,OK,user-db,v1.1.0,05ab3db929494230bfb44132e27687c6
live_ep_000001_LATENCY_SPIKE,LATENCY_SPIKE,payment-service,4.5,1785908287.0053372,93f7698501424987aeae1555ab6da289,,GET /api/health,,142.78,OK,payment-service,v1.1.0,e59b3b7cdcb045db8613a28a1db24463
live_ep_000001_LATENCY_SPIKE,LATENCY_SPIKE,payment-service,4.5,1785908287.0053372,38232263741748c8b23124ef8e03b4cf,93f7698501424987aeae1555ab6da289,db.query.delete,WRITE,14.49,OK,user-db,v1.1.0,e59b3b7cdcb045db8613a28a1db24463
live_ep_000001_LATENCY_SPIKE,LATENCY_SPIKE,payment-service,4.5,1785908287.0053372,fa22435281cb47768215a8bfd46a3297,93f7698501424987aeae1555ab6da289,db.query.delete,READ,17.84,ERROR,user-db,v1.1.0,e59b3b7cdcb045db8613a28a1db24463
live_ep_000001_LATENCY_SPIKE,LATENCY_SPIKE,payment-service,4.5,1785908287.0053372,43f33091a4934307aa6cf9473c2ab883,93f7698501424987aeae1555ab6da289,cache.delete,,2.16,OK,cache-cluster,v1.1.0,e59b3b7cdcb045db8613a28a1db24463
live_ep_000001_LATENCY_SPIKE,LATENCY_SPIKE,payment-service,5.0,1785908287.5061085,aac7ec61f4f941b58fbdb106f11c1446,,GET /api/order,,94.12,OK,payment-service,v1.1.0,4e2e4b14f61b4827950caad8dd853b17
live_ep_000001_LATENCY_SPIKE,LATENCY_SPIKE,payment-service,5.0,1785908287.5061085,3a7468ca4ec3425ebafd63ef47031d5e,aac7ec61f4f941b58fbdb106f11c1446,db.query.update,READ,17.78,OK,user-db,v1.1.0,4e2e4b14f61b4827950caad8dd853b17
live_ep_000001_LATENCY_SPIKE,LATENCY_SPIKE,payment-service,5.0,1785908287.5061085,3bb345f4667049cd83ef4278fd8f8a1e,aac7ec61f4f941b58fbdb106f11c1446,db.transaction,WRITE,21.96,OK,user-db,v1.1.0,4e2e4b14f61b4827950caad8dd853b17
live_ep_000001_LATENCY_SPIKE,LATENCY_SPIKE,payment-service,5.0,1785908287.5061085,ddfa2db39600474891b8631b6d2e70ff,aac7ec61f4f941b58fbdb106f11c1446,cache.delete,,0.91,OK,cache-cluster,v1.1.0,4e2e4b14f61b4827950caad8dd853b17
live_ep_000001_LATENCY_SPIKE,LATENCY_SPIKE,payment-service,5.5,1785908288.0067456,017ac22ed6d148d1a0956c1d19e4c9db,,GET /api/order,,119.3,OK,payment-service,v1.1.0,e2678bd463be4f6280b72296bc2bfeae
live_ep_000001_LATENCY_SPIKE,LATENCY_SPIKE,payment-service,5.5,1785908288.0067456,5eb0f488aca647fc9a869c9cb3252919,017ac22ed6d148d1a0956c1d19e4c9db,db.transaction,READ,16.44,OK,user-db,v1.1.0,e2678bd463be4f6280b72296bc2bfeae
live_ep_000001_LATENCY_SPIKE,LATENCY_SPIKE,payment-service,5.5,1785908288.0067456,961909d6ee8f46ca936c885736f4f0a2,017ac22ed6d148d1a0956c1d19e4c9db,cache.set,,0.5,OK,cache-cluster,v1.1.0,e2678bd463be4f6280b72296bc2bfeae
live_ep_000001_LATENCY_SPIKE,LATENCY_SPIKE,payment-service,6.0,1785908288.507034,9bee3ef182c741bf901c6b1cc2b0569b,,GET /api/health,,111.36,OK,payment-service,v1.1.0,0c0a93b4290b430d9932dce219016a15
live_ep_000001_LATENCY_SPIKE,LATENCY_SPIKE,payment-service,6.0,1785908288.507034,5fb562260a77401b8e60e166e86b4e0b,9bee3ef182c741bf901c6b1cc2b0569b,db.query.update,READ,15.47,OK,user-db,v1.1.0,0c0a93b4290b430d9932dce219016a15
live_ep_000001_LATENCY_SPIKE,LATENCY_SPIKE,payment-service,6.0,1785908288.507034,984202241d6e4c938264bb1c6931e5ae,9bee3ef182c741bf901c6b1cc2b0569b,cache.get,,0.5,OK,cache-cluster,v1.1.0,0c0a93b4290b430d9932dce219016a15
live_ep_000001_LATENCY_SPIKE,LATENCY_SPIKE,payment-service,6.0,1785908288.507034,79b1e6de858741a2966439b7c3e7dc63,9bee3ef182c741bf901c6b1cc2b0569b,http.client.post,,42.85,OK,inventory-api,v1.1.0,0c0a93b4290b430d9932dce219016a15
live_ep_000001_LATENCY_SPIKE,LATENCY_SPIKE,payment-service,6.5,1785908289.0075636,ec4eb2815fec4109a1b511b79c67b3ed,,POST /api/checkout,,96.96,OK,payment-service,v1.1.0,6c6796f8541c46059f9c180b42d83be0
live_ep_000001_LATENCY_SPIKE,LATENCY_SPIKE,payment-service,6.5,1785908289.0075636,3e57ed7a21f84bb69e72021851153810,ec4eb2815fec4109a1b511b79c67b3ed,db.query.update,WRITE,17.22,OK,user-db,v1.1.0,6c6796f8541c46059f9c180b42d83be0
live_ep_000001_LATENCY_SPIKE,LATENCY_SPIKE,payment-service,6.5,1785908289.0075636,671ae82821cd4eb1bb0fff66d96224eb,ec4eb2815fec4109a1b511b79c67b3ed,db.query.update,WRITE,24.73,OK,user-db,v1.1.0,6c6796f8541c46059f9c180b42d83be0
live_ep_000001_LATENCY_SPIKE,LATENCY_SPIKE,payment-service,6.5,1785908289.0075636,45d7372358ba4b59b5560a343069a3cd,ec4eb2815fec4109a1b511b79c67b3ed,cache.set,,2.11,OK,cache-cluster,v1.1.0,6c6796f8541c46059f9c180b42d83be0
live_ep_000001_LATENCY_SPIKE,LATENCY_SPIKE,payment-service,7.0,1785908289.50783,b53bcbdaf08c462f8493d8876b7b6c8e,,GET /api/auth,,122.05,OK,payment-service,v1.1.0,407f4aa1c7a84cbf8da36863a4202332
live_ep_000001_LATENCY_SPIKE,LATENCY_SPIKE,payment-service,7.0,1785908289.50783,bde97002c2aa4414aaaa8ebce55af4b8,b53bcbdaf08c462f8493d8876b7b6c8e,db.query.select,READ,22.99,OK,user-db,v1.1.0,407f4aa1c7a84cbf8da36863a4202332
live_ep_000001_LATENCY_SPIKE,LATENCY_SPIKE,payment-service,7.0,1785908289.50783,3ff8d177513344c2aa8cf9d5ca981bd2,b53bcbdaf08c462f8493d8876b7b6c8e,db.query.update,WRITE,10.7,OK,user-db,v1.1.0,407f4aa1c7a84cbf8da36863a4202332
live_ep_000001_LATENCY_SPIKE,LATENCY_SPIKE,payment-service,7.5,1785908290.0088043,ca9a7cab1a654f17881102fed1fdb74b,,PUT /api/inventory,,154.65,OK,payment-service,v1.1.0,3e0f504d7cd24b0ab7425a3bac1f7401
live_ep_000001_LATENCY_SPIKE,LATENCY_SPIKE,payment-service,7.5,1785908290.0088043,51d0d06ea0f54337a60897dc50143822,ca9a7cab1a654f17881102fed1fdb74b,db.query.update,WRITE,8.78,OK,user-db,v1.1.0,3e0f504d7cd24b0ab7425a3bac1f7401
live_ep_000001_LATENCY_SPIKE,LATENCY_SPIKE,payment-service,7.5,1785908290.0088043,5a1167047c6a470e8df5a22aad7de67b,ca9a7cab1a654f17881102fed1fdb74b,cache.delete,,0.51,OK,cache-cluster,v1.1.0,3e0f504d7cd24b0ab7425a3bac1f7401
live_ep_000001_LATENCY_SPIKE,LATENCY_SPIKE,payment-service,8.0,1785908290.5091481,2edc893928294df4bd3fa003f31deebd,,PUT /api/inventory,,117.66,OK,payment-service,v1.1.0,68f29d82be4342dfb6bddedaf270c851
live_ep_000001_LATENCY_SPIKE,LATENCY_SPIKE,payment-service,8.0,1785908290.5091481,d24844f371444e089b78a954aac91304,2edc893928294df4bd3fa003f31deebd,db.query.delete,WRITE,27.28,OK,user-db,v1.1.0,68f29d82be4342dfb6bddedaf270c851
live_ep_000001_LATENCY_SPIKE,LATENCY_SPIKE,payment-service,8.0,1785908290.5091481,34b0765be6864aae9686055b406b99b6,2edc893928294df4bd3fa003f31deebd,cache.set,,1.42,OK,cache-cluster,v1.1.0,68f29d82be4342dfb6bddedaf270c851
live_ep_000001_LATENCY_SPIKE,LATENCY_SPIKE,payment-service,8.5,1785908291.009692,ad51e8a29a204bc39eda80be08608440,,GET /api/health,,146.59,OK,payment-service,v1.1.0,14be1e94f7a1458fbb1ed2f2fb281729
live_ep_000001_LATENCY_SPIKE,LATENCY_SPIKE,payment-service,8.5,1785908291.009692,cae1f46c76984ea69f5c921732918c7f,ad51e8a29a204bc39eda80be08608440,db.query.update,WRITE,12.59,OK,user-db,v1.1.0,14be1e94f7a1458fbb1ed2f2fb281729
live_ep_000001_LATENCY_SPIKE,LATENCY_SPIKE,payment-service,8.5,1785908291.009692,af9c5baf4a98418791f2b218391caf5f,ad51e8a29a204bc39eda80be08608440,db.query.select,WRITE,28.8,OK,user-db,v1.1.0,14be1e94f7a1458fbb1ed2f2fb281729
live_ep_000001_LATENCY_SPIKE,LATENCY_SPIKE,payment-service,8.5,1785908291.009692,aa7fd6b0cf8b46e580e736eb638cc77b,ad51e8a29a204bc39eda80be08608440,cache.set,,3.89,OK,cache-cluster,v1.1.0,14be1e94f7a1458fbb1ed2f2fb281729
live_ep_000001_LATENCY_SPIKE,LATENCY_SPIKE,payment-service,9.0,1785908291.5100005,22846b796a2645cb8fb328f2dea56c61,,POST /api/payment,,105.56,OK,payment-service,v1.1.0,80da841138ee4931a5ebdda8848a2043
live_ep_000001_LATENCY_SPIKE,LATENCY_SPIKE,payment-service,9.0,1785908291.5100005,3af5e6b1e6d34b97896e4b94b3af7f07,22846b796a2645cb8fb328f2dea56c61,db.query.insert,READ,12.99,OK,user-db,v1.1.0,80da841138ee4931a5ebdda8848a2043
live_ep_000001_LATENCY_SPIKE,LATENCY_SPIKE,payment-service,9.0,1785908291.5100005,1ef47f04f8604bf9976125341154af73,22846b796a2645cb8fb328f2dea56c61,db.query.delete,WRITE,5.18,OK,user-db,v1.1.0,80da841138ee4931a5ebdda8848a2043
live_ep_000001_LATENCY_SPIKE,LATENCY_SPIKE,payment-service,9.5,1785908292.0100987,fcff0d5ba2424af4b115285ca7d71e56,,GET /api/auth,,119.62,OK,payment-service,v1.1.0,cece2cf143634bf499bef6010dd07154
live_ep_000001_LATENCY_SPIKE,LATENCY_SPIKE,payment-service,9.5,1785908292.0100987,bbc14378f94746279548bfd97cfdfca9,fcff0d5ba2424af4b115285ca7d71e56,db.query.delete,READ,23.08,OK,user-db,v1.1.0,cece2cf143634bf499bef6010dd07154
live_ep_000001_LATENCY_SPIKE,LATENCY_SPIKE,payment-service,9.5,1785908292.0100987,bd2099cd9a6b40a483c6772fde625b19,fcff0d5ba2424af4b115285ca7d71e56,cache.set,,1.37,OK,cache-cluster,v1.1.0,cece2cf143634bf499bef6010dd07154
live_ep_000001_LATENCY_SPIKE,LATENCY_SPIKE,payment-service,9.5,1785908292.0100987,45230ece581748caa5dafe693522308e,fcff0d5ba2424af4b115285ca7d71e56,grpc.call,,28.69,OK,payment-gateway,v1.1.0,cece2cf143634bf499bef6010dd07154
live_ep_000001_LATENCY_SPIKE,LATENCY_SPIKE,payment-service,10.0,1785908292.5106614,b20bc01dcdad43b0b400d406e8a0cd4f,,POST /api/checkout,,104.86,OK,payment-service,v1.1.0,1def44d4d239496482f96a6347420cf9
live_ep_000001_LATENCY_SPIKE,LATENCY_SPIKE,payment-service,10.0,1785908292.5106614,0253228e255d4c279cdc87f3d8e47e78,b20bc01dcdad43b0b400d406e8a0cd4f,db.query.update,READ,20.16,OK,user-db,v1.1.0,1def44d4d239496482f96a6347420cf9
live_ep_000001_LATENCY_SPIKE,LATENCY_SPIKE,payment-service,10.0,1785908292.5106614,2a2c899ffbd7488b943353048a173e63,b20bc01dcdad43b0b400d406e8a0cd4f,db.query.update,READ,27.7,OK,user-db,v1.1.0,1def44d4d239496482f96a6347420cf9
live_ep_000001_LATENCY_SPIKE,LATENCY_SPIKE,payment-service,10.0,1785908292.5106614,aef5e8e557004d37aba3af9ed1868e06,b20bc01dcdad43b0b400d406e8a0cd4f,cache.set,,1.73,OK,cache-cluster,v1.1.0,1def44d4d239496482f96a6347420cf9
live_ep_000001_LATENCY_SPIKE,LATENCY_SPIKE,payment-service,10.0,1785908292.5106614,0a1cd49a4b5e4fc895c19426b8fe8846,b20bc01dcdad43b0b400d406e8a0cd4f,grpc.call,,22.95,OK,cache-cluster,v1.1.0,1def44d4d239496482f96a6347420cf9
live_ep_000001_LATENCY_SPIKE,LATENCY_SPIKE,payment-service,10.5,1785908293.0107787,c4aeda2879cf4de89f25efc210069485,,GET /api/order,,88.56,OK,payment-service,v1.1.0,805cd55f40f641c3bc976fbbca73ae6f
live_ep_000001_LATENCY_SPIKE,LATENCY_SPIKE,payment-service,10.5,1785908293.0107787,625356e3f7004ba2b37be033d69e3ba2,c4aeda2879cf4de89f25efc210069485,db.transaction,WRITE,15.02,OK,user-db,v1.1.0,805cd55f40f641c3bc976fbbca73ae6f
live_ep_000001_LATENCY_SPIKE,LATENCY_SPIKE,payment-service,10.5,1785908293.0107787,03fb3fc7ccee4dbebef723c314ce836b,c4aeda2879cf4de89f25efc210069485,db.query.select,READ,16.2,OK,user-db,v1.1.0,805cd55f40f641c3bc976fbbca73ae6f
live_ep_000001_LATENCY_SPIKE,LATENCY_SPIKE,payment-service,10.5,1785908293.0107787,fb754068cb1e43c58785b94e37315e05,c4aeda2879cf4de89f25efc210069485,cache.set,,2.91,OK,cache-cluster,v1.1.0,805cd55f40f641c3bc976fbbca73ae6f
live_ep_000001_LATENCY_SPIKE,LATENCY_SPIKE,payment-service,10.5,1785908293.0107787,0efbae34010e4573aebcd259368b7138,c4aeda2879cf4de89f25efc210069485,http.client.get,,10.29,OK,payment-gateway,v1.1.0,805cd55f40f641c3bc976fbbca73ae6f
live_ep_000001_LATENCY_SPIKE,LATENCY_SPIKE,payment-service,11.0,1785908293.511307,3e0bbe268d7b4ef08dad3a544de96681,,POST /api/checkout,,123.39,OK,payment-service,v1.1.0,caba9bde36794d07bbd83f5700d6d03d
live_ep_000001_LATENCY_SPIKE,LATENCY_SPIKE,payment-service,11.0,1785908293.511307,80afcb1cf0d043e789d2f8c2f31eb97a,3e0bbe268d7b4ef08dad3a544de96681,db.query.update,READ,37.5,OK,user-db,v1.1.0,caba9bde36794d07bbd83f5700d6d03d
live_ep_000001_LATENCY_SPIKE,LATENCY_SPIKE,payment-service,11.0,1785908293.511307,27ad2abc47004ee1a9c40be274ad1ae6,3e0bbe268d7b4ef08dad3a544de96681,db.query.update,READ,28.65,OK,user-db,v1.1.0,caba9bde36794d07bbd83f5700d6d03d
live_ep_000001_LATENCY_SPIKE,LATENCY_SPIKE,payment-service,11.5,1785908294.0113683,834d86b49ec7490f92fb32a622ed60aa,,PUT /api/inventory,,122.66,OK,payment-service,v1.1.0,290b5ed4857f4bde80dbc600b8693099
live_ep_000001_LATENCY_SPIKE,LATENCY_SPIKE,payment-service,11.5,1785908294.0113683,027efc83470e49fd87a620f472261f6d,834d86b49ec7490f92fb32a622ed60aa,db.query.select,READ,26.09,OK,user-db,v1.1.0,290b5ed4857f4bde80dbc600b8693099
live_ep_000001_LATENCY_SPIKE,LATENCY_SPIKE,payment-service,11.5,1785908294.0113683,eb326c94045f4bf8996006c26ab3ba3a,834d86b49ec7490f92fb32a622ed60aa,cache.set,,0.61,OK,cache-cluster,v1.1.0,290b5ed4857f4bde80dbc600b8693099
live_ep_000001_LATENCY_SPIKE,LATENCY_SPIKE,payment-service,11.5,1785908294.0113683,b7d6b99fde6a4c5bae05d0b23b5d50f7,834d86b49ec7490f92fb32a622ed60aa,grpc.call,,35.02,OK,payment-gateway,v1.1.0,290b5ed4857f4bde80dbc600b8693099
live_ep_000001_LATENCY_SPIKE,LATENCY_SPIKE,payment-service,12.0,1785908294.5116658,df54d82fc8b54b7b92ae9fcc175d3327,,POST /api/payment,,145.63,OK,payment-service,v1.1.0,21b61924d3b84208889081a453e17cf7
live_ep_000001_LATENCY_SPIKE,LATENCY_SPIKE,payment-service,12.0,1785908294.5116658,f866c4d836c647d0bb75927ddc9d8993,df54d82fc8b54b7b92ae9fcc175d3327,db.transaction,READ,26.62,OK,user-db,v1.1.0,21b61924d3b84208889081a453e17cf7
live_ep_000001_LATENCY_SPIKE,LATENCY_SPIKE,payment-service,12.0,1785908294.5116658,5e1cec1a553243b2a1615339692c22fb,df54d82fc8b54b7b92ae9fcc175d3327,db.query.update,READ,21.83,OK,user-db,v1.1.0,21b61924d3b84208889081a453e17cf7
live_ep_000001_LATENCY_SPIKE,LATENCY_SPIKE,payment-service,12.0,1785908294.5116658,f5d341d99bec46bb9e9df44d44c9f3d6,df54d82fc8b54b7b92ae9fcc175d3327,cache.delete,,1.84,OK,cache-cluster,v1.1.0,21b61924d3b84208889081a453e17cf7
live_ep_000001_LATENCY_SPIKE,LATENCY_SPIKE,payment-service,12.5,1785908295.0122573,149996682b68450f8a85c9c129974bc0,,PUT /api/inventory,,101.25,OK,payment-service,v1.1.0,3a7ce3a1fdfc4397bda33e4f786d4a42
live_ep_000001_LATENCY_SPIKE,LATENCY_SPIKE,payment-service,12.5,1785908295.0122573,1d798575b5c3441da58a60ea63268dba,149996682b68450f8a85c9c129974bc0,db.query.select,WRITE,8.48,OK,user-db,v1.1.0,3a7ce3a1fdfc4397bda33e4f786d4a42
live_ep_000001_LATENCY_SPIKE,LATENCY_SPIKE,payment-service,12.5,1785908295.0122573,314ad0f0260948759327029e42c86c71,149996682b68450f8a85c9c129974bc0,db.transaction,READ,16.38,OK,user-db,v1.1.0,3a7ce3a1fdfc4397bda33e4f786d4a42
live_ep_000001_LATENCY_SPIKE,LATENCY_SPIKE,payment-service,12.5,1785908295.0122573,5eccf1d61cef452cbdff24a5a4a95a27,149996682b68450f8a85c9c129974bc0,cache.set,,0.79,OK,cache-cluster,v1.1.0,3a7ce3a1fdfc4397bda33e4f786d4a42
live_ep_000001_LATENCY_SPIKE,LATENCY_SPIKE,payment-service,13.0,1785908295.5128126,dfd5dff9bab5483ab37edfae6f4b929d,,GET /api/health,,129.97,OK,payment-service,v1.1.0,f2925548eb3e4c99b500641735e4eb37
live_ep_000001_LATENCY_SPIKE,LATENCY_SPIKE,payment-service,13.0,1785908295.5128126,cef7c5d7ea854f598c853f0e8f83bda9,dfd5dff9bab5483ab37edfae6f4b929d,db.query.insert,WRITE,23.24,OK,user-db,v1.1.0,f2925548eb3e4c99b500641735e4eb37
live_ep_000001_LATENCY_SPIKE,LATENCY_SPIKE,payment-service,13.0,1785908295.5128126,314ef9d6a8a5403c9cb99b2f96714509,dfd5dff9bab5483ab37edfae6f4b929d,cache.set,,0.78,OK,cache-cluster,v1.1.0,f2925548eb3e4c99b500641735e4eb37
live_ep_000001_LATENCY_SPIKE,LATENCY_SPIKE,payment-service,13.0,1785908295.5128126,6a8cd579868a4981bbdd2b4ed9fe2548,dfd5dff9bab5483ab37edfae6f4b929d,grpc.call,,26.87,OK,user-db,v1.1.0,f2925548eb3e4c99b500641735e4eb37
live_ep_000001_LATENCY_SPIKE,LATENCY_SPIKE,payment-service,13.5,1785908296.0133452,31b54709745f4237b888db24de3d9c17,,GET /api/auth,,139.9,OK,payment-service,v1.1.0,8d2ac78f183b4bd3b80276e21089a934
live_ep_000001_LATENCY_SPIKE,LATENCY_SPIKE,payment-service,13.5,1785908296.0133452,9f5a7c6153bd4b94aa372ebcd416c070,31b54709745f4237b888db24de3d9c17,db.query.select,READ,24.22,OK,user-db,v1.1.0,8d2ac78f183b4bd3b80276e21089a934
live_ep_000001_LATENCY_SPIKE,LATENCY_SPIKE,payment-service,13.5,1785908296.0133452,b3ddf2d585854324a0cccc7aa4da63d1,31b54709745f4237b888db24de3d9c17,cache.get,,44.46,OK,cache-cluster,v1.1.0,8d2ac78f183b4bd3b80276e21089a934
live_ep_000001_LATENCY_SPIKE,LATENCY_SPIKE,payment-service,14.0,1785908296.5137832,bc5d424193ea4b0da08cad4d57f87940,,GET /api/health,,99.15,OK,payment-service,v1.1.0,3e795429d4444e17ba9c6a51def17b1c
live_ep_000001_LATENCY_SPIKE,LATENCY_SPIKE,payment-service,14.0,1785908296.5137832,3dc9cf630dcc458fbad877b394229179,bc5d424193ea4b0da08cad4d57f87940,db.query.select,WRITE,25.97,OK,user-db,v1.1.0,3e795429d4444e17ba9c6a51def17b1c
live_ep_000001_LATENCY_SPIKE,LATENCY_SPIKE,payment-service,14.0,1785908296.5137832,4a76654a088a453bb578dccac213910f,bc5d424193ea4b0da08cad4d57f87940,cache.set,,1.05,OK,cache-cluster,v1.1.0,3e795429d4444e17ba9c6a51def17b1c
live_ep_000001_LATENCY_SPIKE,LATENCY_SPIKE,payment-service,14.0,1785908296.5137832,13ee9fad2dda458b871b633ec896e1d1,bc5d424193ea4b0da08cad4d57f87940,http.client.post,,28.93,OK,payment-gateway,v1.1.0,3e795429d4444e17ba9c6a51def17b1c
live_ep_000001_LATENCY_SPIKE,LATENCY_SPIKE,payment-service,14.5,1785908297.0140724,7f992796a091412d8afc0e329e4f73d2,,GET /api/health,,144.58,OK,payment-service,v1.1.0,bfc7c3a1588741808385545d8059dc90
live_ep_000001_LATENCY_SPIKE,LATENCY_SPIKE,payment-service,14.5,1785908297.0140724,9251394429164e7f9a06908274bb9bfa,7f992796a091412d8afc0e329e4f73d2,db.query.update,READ,21.36,OK,user-db,v1.1.0,bfc7c3a1588741808385545d8059dc90
live_ep_000001_LATENCY_SPIKE,LATENCY_SPIKE,payment-service,15.0,1785908297.5146077,b751912d58f346e3912dde14cf811786,,PUT /api/inventory,,112.17,OK,payment-service,v1.1.0,c1d30bab7eca480d96aec42fefd84619
live_ep_000001_LATENCY_SPIKE,LATENCY_SPIKE,payment-service,15.0,1785908297.5146077,e9cc70cae0a84e309e77577c85c70532,b751912d58f346e3912dde14cf811786,db.query.update,WRITE,18.97,OK,user-db,v1.1.0,c1d30bab7eca480d96aec42fefd84619
live_ep_000001_LATENCY_SPIKE,LATENCY_SPIKE,payment-service,15.0,1785908297.5146077,8841e32e89ee4f558676fb2b306e7783,b751912d58f346e3912dde14cf811786,cache.delete,,1.82,OK,cache-cluster,v1.1.0,c1d30bab7eca480d96aec42fefd84619
live_ep_000001_LATENCY_SPIKE,LATENCY_SPIKE,payment-service,15.5,1785908298.0157666,2327d08f98c948778b89420b2a6c9287,,PUT /api/inventory,,116.61,OK,payment-service,v1.1.0,498d2e267ea64603b10091198a5d2c3c
live_ep_000001_LATENCY_SPIKE,LATENCY_SPIKE,payment-service,15.5,1785908298.0157666,7976b5813c1c43949474498af57be704,2327d08f98c948778b89420b2a6c9287,db.transaction,READ,18.7,OK,user-db,v1.1.0,498d2e267ea64603b10091198a5d2c3c
live_ep_000001_LATENCY_SPIKE,LATENCY_SPIKE,payment-service,15.5,1785908298.0157666,fe5d60810c8348858c3126f023f1304b,2327d08f98c948778b89420b2a6c9287,cache.delete,,2.19,OK,cache-cluster,v1.1.0,498d2e267ea64603b10091198a5d2c3c
live_ep_000001_LATENCY_SPIKE,LATENCY_SPIKE,payment-service,16.0,1785908298.5162926,cadbeedb0ece438b9425bd1173080cd1,,PUT /api/inventory,,277.79,OK,payment-service,v1.1.0,19ca00258a7c406a93793f465555f290
live_ep_000001_LATENCY_SPIKE,LATENCY_SPIKE,payment-service,16.0,1785908298.5162926,5fa59beaff584d45b7eea53e8645510f,cadbeedb0ece438b9425bd1173080cd1,db.query.update,WRITE,21.92,OK,user-db,v1.1.0,19ca00258a7c406a93793f465555f290
live_ep_000001_LATENCY_SPIKE,LATENCY_SPIKE,payment-service,16.0,1785908298.5162926,bc4e28b987564ea2b8ba1d54820458f5,cadbeedb0ece438b9425bd1173080cd1,db.query.insert,WRITE,27.62,OK,user-db,v1.1.0,19ca00258a7c406a93793f465555f290
live_ep_000001_LATENCY_SPIKE,LATENCY_SPIKE,payment-service,16.0,1785908298.5162926,34ec3cdb9e1b4d3c83a1427409545c9b,cadbeedb0ece438b9425bd1173080cd1,cache.delete,,2.86,OK,cache-cluster,v1.1.0,19ca00258a7c406a93793f465555f290
live_ep_000001_LATENCY_SPIKE,LATENCY_SPIKE,payment-service,16.5,1785908299.0164332,f6391ea56e054ab8b8c60fc9897c62c7,,POST /api/checkout,,141.71,OK,payment-service,v1.1.0,fd1cfa784b3d4f53a9d5169f15d37300
live_ep_000001_LATENCY_SPIKE,LATENCY_SPIKE,payment-service,16.5,1785908299.0164332,a66f5bb9c7294a9aab5b342154ed8aba,f6391ea56e054ab8b8c60fc9897c62c7,db.query.select,WRITE,2.42,OK,user-db,v1.1.0,fd1cfa784b3d4f53a9d5169f15d37300
live_ep_000001_LATENCY_SPIKE,LATENCY_SPIKE,payment-service,16.5,1785908299.0164332,352858cd5c854faf8b74e2643cb74f39,f6391ea56e054ab8b8c60fc9897c62c7,cache.delete,,1.91,OK,cache-cluster,v1.1.0,fd1cfa784b3d4f53a9d5169f15d37300
live_ep_000001_LATENCY_SPIKE,LATENCY_SPIKE,payment-service,17.0,1785908299.5169475,6f07f410e600441ba72060aa5184b2ba,,GET /api/health,,152.91,OK,payment-service,v1.1.0,4a2a38fdd0664e9c9dc7eb7361966a2b
live_ep_000001_LATENCY_SPIKE,LATENCY_SPIKE,payment-service,17.0,1785908299.5169475,f3666b7c63d1440f946968e5b3db05de,6f07f410e600441ba72060aa5184b2ba,db.query.update,READ,5.03,OK,user-db,v1.1.0,4a2a38fdd0664e9c9dc7eb7361966a2b
live_ep_000001_LATENCY_SPIKE,LATENCY_SPIKE,payment-service,17.0,1785908299.5169475,096df1c0b68a4b88a5fd9ab07cff0394,6f07f410e600441ba72060aa5184b2ba,db.query.insert,WRITE,17.59,OK,user-db,v1.1.0,4a2a38fdd0664e9c9dc7eb7361966a2b
live_ep_000001_LATENCY_SPIKE,LATENCY_SPIKE,payment-service,17.0,1785908299.5169475,5adfbbd0d098421ea828d9d67c011546,6f07f410e600441ba72060aa5184b2ba,cache.delete,,2.02,OK,cache-cluster,v1.1.0,4a2a38fdd0664e9c9dc7eb7361966a2b
live_ep_000001_LATENCY_SPIKE,LATENCY_SPIKE,payment-service,17.0,1785908299.5169475,0ce7d9785ffe41acb6ff89214134bdfc,6f07f410e600441ba72060aa5184b2ba,grpc.call,,36.71,OK,cache-cluster,v1.1.0,4a2a38fdd0664e9c9dc7eb7361966a2b
live_ep_000001_LATENCY_SPIKE,LATENCY_SPIKE,payment-service,17.5,1785908300.01719,e3152ea9d756415d8db1b86dd1e099f4,,GET /api/auth,,87.99,OK,payment-service,v1.1.0,d615a8a93348463fb76e24339677724c
live_ep_000001_LATENCY_SPIKE,LATENCY_SPIKE,payment-service,17.5,1785908300.01719,89c70adc31324a61afa8323fdbb55235,e3152ea9d756415d8db1b86dd1e099f4,db.query.select,READ,20.86,OK,user-db,v1.1.0,d615a8a93348463fb76e24339677724c
live_ep_000001_LATENCY_SPIKE,LATENCY_SPIKE,payment-service,17.5,1785908300.01719,31046945ffe5436fb44a946d20bf3f80,e3152ea9d756415d8db1b86dd1e099f4,db.transaction,READ,20.12,OK,user-db,v1.1.0,d615a8a93348463fb76e24339677724c
live_ep_000001_LATENCY_SPIKE,LATENCY_SPIKE,payment-service,17.5,1785908300.01719,1a5e23161345432db688cc736839c636,e3152ea9d756415d8db1b86dd1e099f4,cache.set,,1.42,OK,cache-cluster,v1.1.0,d615a8a93348463fb76e24339677724c
live_ep_000001_LATENCY_SPIKE,LATENCY_SPIKE,payment-service,17.5,1785908300.01719,543395662cbd48d0a6a6fdc2b176310d,e3152ea9d756415d8db1b86dd1e099f4,grpc.call,,57.98,OK,payment-gateway,v1.1.0,d615a8a93348463fb76e24339677724c
live_ep_000001_LATENCY_SPIKE,LATENCY_SPIKE,payment-service,18.0,1785908300.5177407,b4d54c856e57497f8ab512daa60868ce,,POST /api/payment,,565.18,OK,payment-service,v1.1.0,8f368d8fd2304167bdfae3c49dd83e6b
live_ep_000001_LATENCY_SPIKE,LATENCY_SPIKE,payment-service,18.0,1785908300.5177407,c2269a43ea664d9086f1a9baa3276768,b4d54c856e57497f8ab512daa60868ce,db.query.update,READ,18.46,OK,user-db,v1.1.0,8f368d8fd2304167bdfae3c49dd83e6b
live_ep_000001_LATENCY_SPIKE,LATENCY_SPIKE,payment-service,18.0,1785908300.5177407,23da496ba3ea4b99ac4c0292b6e369c6,b4d54c856e57497f8ab512daa60868ce,db.query.insert,READ,26.9,OK,user-db,v1.1.0,8f368d8fd2304167bdfae3c49dd83e6b
live_ep_000001_LATENCY_SPIKE,LATENCY_SPIKE,payment-service,18.0,1785908300.5177407,d87838c86e89480cbc75f50d02bcd712,b4d54c856e57497f8ab512daa60868ce,cache.delete,,1.64,OK,cache-cluster,v1.1.0,8f368d8fd2304167bdfae3c49dd83e6b
live_ep_000001_LATENCY_SPIKE,LATENCY_SPIKE,payment-service,18.0,1785908300.5177407,1cb51536d45f4e13a43f37d340518c87,b4d54c856e57497f8ab512daa60868ce,http.client.get,,32.77,OK,user-db,v1.1.0,8f368d8fd2304167bdfae3c49dd83e6b
live_ep_000001_LATENCY_SPIKE,LATENCY_SPIKE,payment-service,18.5,1785908301.01964,41116142bee449228d2ba43e5e46669c,,PUT /api/inventory,,114.56,OK,payment-service,v1.1.0,4582b1e04c434b5fa89e807dcc842d7d
live_ep_000001_LATENCY_SPIKE,LATENCY_SPIKE,payment-service,18.5,1785908301.01964,15293ecea7954186b95d5e47844b36cc,41116142bee449228d2ba43e5e46669c,db.query.update,WRITE,17.75,OK,user-db,v1.1.0,4582b1e04c434b5fa89e807dcc842d7d
live_ep_000001_LATENCY_SPIKE,LATENCY_SPIKE,payment-service,18.5,1785908301.01964,ca2218854dbe4491b2ac3c96094442d5,41116142bee449228d2ba43e5e46669c,cache.get,,0.5,OK,cache-cluster,v1.1.0,4582b1e04c434b5fa89e807dcc842d7d
live_ep_000001_LATENCY_SPIKE,LATENCY_SPIKE,payment-service,19.0,1785908301.5197806,763cc4759039490396f4ec231c2e426f,,GET /api/order,,120.5,OK,payment-service,v1.1.0,8d3b3451fec44213887cd7eadfc97c24
live_ep_000001_LATENCY_SPIKE,LATENCY_SPIKE,payment-service,19.0,1785908301.5197806,c098094ad0d54b9e961d14df89951544,763cc4759039490396f4ec231c2e426f,db.transaction,READ,16.91,OK,user-db,v1.1.0,8d3b3451fec44213887cd7eadfc97c24
live_ep_000001_LATENCY_SPIKE,LATENCY_SPIKE,payment-service,19.0,1785908301.5197806,32fef76c86ed4f7fa88bbbedad2f7fdc,763cc4759039490396f4ec231c2e426f,db.transaction,WRITE,18.03,OK,user-db,v1.1.0,8d3b3451fec44213887cd7eadfc97c24
live_ep_000001_LATENCY_SPIKE,LATENCY_SPIKE,payment-service,19.0,1785908301.5197806,6330a5e70a8e492495fba8da9ef4263d,763cc4759039490396f4ec231c2e426f,cache.set,,2.29,OK,cache-cluster,v1.1.0,8d3b3451fec44213887cd7eadfc97c24
live_ep_000001_LATENCY_SPIKE,LATENCY_SPIKE,payment-service,19.5,1785908302.0202513,51731d4f33684e528381d7cf930d06e2,,GET /api/auth,,129.49,OK,payment-service,v1.1.0,fbf035587ae94af39779a6ebb7b519b0
live_ep_000001_LATENCY_SPIKE,LATENCY_SPIKE,payment-service,19.5,1785908302.0202513,816323dae63d483eb466f998c46f40ce,51731d4f33684e528381d7cf930d06e2,db.transaction,READ,24.32,OK,user-db,v1.1.0,fbf035587ae94af39779a6ebb7b519b0
live_ep_000001_LATENCY_SPIKE,LATENCY_SPIKE,payment-service,19.5,1785908302.0202513,dd0be37c271d41d288d23d4db1d79905,51731d4f33684e528381d7cf930d06e2,db.query.delete,READ,18.6,OK,user-db,v1.1.0,fbf035587ae94af39779a6ebb7b519b0
live_ep_000001_LATENCY_SPIKE,LATENCY_SPIKE,payment-service,19.5,1785908302.0202513,57032d19c9534a3fa67d6c4199ceaf91,51731d4f33684e528381d7cf930d06e2,cache.set,,0.5,OK,cache-cluster,v1.1.0,fbf035587ae94af39779a6ebb7b519b0
live_ep_000001_LATENCY_SPIKE,LATENCY_SPIKE,payment-service,20.0,1785908302.5204217,145179d82500487ab94cac1579d152a4,,PUT /api/inventory,,121.16,OK,payment-service,v1.1.0,6ec85adfb9ba4e45a31c5f8aa0e8ee29
live_ep_000001_LATENCY_SPIKE,LATENCY_SPIKE,payment-service,20.0,1785908302.5204217,9a3ebe2bca534261bdcdc049274b08d6,145179d82500487ab94cac1579d152a4,db.query.select,READ,35.06,OK,user-db,v1.1.0,6ec85adfb9ba4e45a31c5f8aa0e8ee29
live_ep_000001_LATENCY_SPIKE,LATENCY_SPIKE,payment-service,20.0,1785908302.5204217,2503f4f3cc564883a7462e5ed49c4ff1,145179d82500487ab94cac1579d152a4,cache.delete,,1.43,OK,cache-cluster,v1.1.0,6ec85adfb9ba4e45a31c5f8aa0e8ee29
live_ep_000001_LATENCY_SPIKE,LATENCY_SPIKE,payment-service,20.5,1785908303.020944,123e7557bb074bac8c638a550f71bc0f,,GET /api/health,,105.64,OK,payment-service,v1.1.0,a64a9556f25445e1bc9dd924db978cb3
live_ep_000001_LATENCY_SPIKE,LATENCY_SPIKE,payment-service,20.5,1785908303.020944,65ac2289d8d04dd38e7888219bb975aa,123e7557bb074bac8c638a550f71bc0f,db.query.delete,WRITE,7.59,OK,user-db,v1.1.0,a64a9556f25445e1bc9dd924db978cb3
live_ep_000001_LATENCY_SPIKE,LATENCY_SPIKE,payment-service,20.5,1785908303.020944,edd215667d6c422ca17215e5c2d9e0ab,123e7557bb074bac8c638a550f71bc0f,db.query.insert,READ,13.0,OK,user-db,v1.1.0,a64a9556f25445e1bc9dd924db978cb3
live_ep_000001_LATENCY_SPIKE,LATENCY_SPIKE,payment-service,20.5,1785908303.020944,af83531e150541fc8e5f8b46fefcfe21,123e7557bb074bac8c638a550f71bc0f,cache.set,,2.98,OK,cache-cluster,v1.1.0,a64a9556f25445e1bc9dd924db978cb3
live_ep_000001_LATENCY_SPIKE,LATENCY_SPIKE,payment-service,21.0,1785908303.5212111,c50076ba242a4c419999e99209773b73,,POST /api/checkout,,133.54,OK,payment-service,v1.1.0,4530afd0377546cfbc5902e741e1c3e6
live_ep_000001_LATENCY_SPIKE,LATENCY_SPIKE,payment-service,21.0,1785908303.5212111,c0f2c8b6baeb4de4bf034d10521e7d5a,c50076ba242a4c419999e99209773b73,db.query.update,WRITE,27.95,OK,user-db,v1.1.0,4530afd0377546cfbc5902e741e1c3e6
live_ep_000001_LATENCY_SPIKE,LATENCY_SPIKE,payment-service,21.0,1785908303.5212111,f07547e9fe94416bb594120217c141d2,c50076ba242a4c419999e99209773b73,db.transaction,READ,14.03,OK,user-db,v1.1.0,4530afd0377546cfbc5902e741e1c3e6
live_ep_000001_LATENCY_SPIKE,LATENCY_SPIKE,payment-service,21.5,1785908304.0219843,b8e627c1e406495c893ef60f770a724c,,POST /api/payment,,123.97,OK,payment-service,v1.1.0,34cfc8b4f8f8449cbb20fa1a63ec440b
live_ep_000001_LATENCY_SPIKE,LATENCY_SPIKE,payment-service,21.5,1785908304.0219843,68131dd9a7ec43c5ad7e80b2cc619f0a,b8e627c1e406495c893ef60f770a724c,db.transaction,READ,24.16,OK,user-db,v1.1.0,34cfc8b4f8f8449cbb20fa1a63ec440b
live_ep_000001_LATENCY_SPIKE,LATENCY_SPIKE,payment-service,21.5,1785908304.0219843,80b5f8acc5d94ddc9b392e8ae7efd06f,b8e627c1e406495c893ef60f770a724c,cache.get,,0.66,OK,cache-cluster,v1.1.0,34cfc8b4f8f8449cbb20fa1a63ec440b
live_ep_000001_LATENCY_SPIKE,LATENCY_SPIKE,payment-service,21.5,1785908304.0219843,0a278b46f1e14c4d895ce3fcb48b730b,b8e627c1e406495c893ef60f770a724c,http.client.get,,34.84,OK,user-db,v1.1.0,34cfc8b4f8f8449cbb20fa1a63ec440b
live_ep_000001_LATENCY_SPIKE,LATENCY_SPIKE,payment-service,22.0,1785908304.522378,bf326bd641394f1380a1cd549c91c096,,GET /api/order,,147.9,OK,payment-service,v1.1.0,799e469015e543138e2eedf00f2e4230
live_ep_000001_LATENCY_SPIKE,LATENCY_SPIKE,payment-service,22.0,1785908304.522378,a4bc3c314ad84d6080b2246af1a1cff3,bf326bd641394f1380a1cd549c91c096,db.query.select,READ,25.0,OK,user-db,v1.1.0,799e469015e543138e2eedf00f2e4230
live_ep_000001_LATENCY_SPIKE,LATENCY_SPIKE,payment-service,22.0,1785908304.522378,9b8c451ae5644ff58aa18d072694ce3b,bf326bd641394f1380a1cd549c91c096,cache.set,,2.76,OK,cache-cluster,v1.1.0,799e469015e543138e2eedf00f2e4230
live_ep_000001_LATENCY_SPIKE,LATENCY_SPIKE,payment-service,22.5,1785908305.0224814,f0565f23c2af42f2ba95d4c23b20cabd,,POST /api/payment,,106.51,OK,payment-service,v1.1.0,71fbca308b3243d486c7307e65a4ed67
live_ep_000001_LATENCY_SPIKE,LATENCY_SPIKE,payment-service,22.5,1785908305.0224814,34699e5d8e384bfebf7bcddd1d05447b,f0565f23c2af42f2ba95d4c23b20cabd,db.transaction,READ,40.21,OK,user-db,v1.1.0,71fbca308b3243d486c7307e65a4ed67
live_ep_000001_LATENCY_SPIKE,LATENCY_SPIKE,payment-service,23.0,1785908305.522805,ab7839f1c15c4cc6b86e4fb683a21530,,POST /api/payment,,158.35,OK,payment-service,v1.1.0,40d043ab65804ca1827d4c466b42aafd
live_ep_000001_LATENCY_SPIKE,LATENCY_SPIKE,payment-service,23.0,1785908305.522805,32fb2460ddf843369995ce9b513add50,ab7839f1c15c4cc6b86e4fb683a21530,db.transaction,WRITE,9.63,OK,user-db,v1.1.0,40d043ab65804ca1827d4c466b42aafd
live_ep_000001_LATENCY_SPIKE,LATENCY_SPIKE,payment-service,23.0,1785908305.522805,15abd97e28d441e79daf9ac8a3013b43,ab7839f1c15c4cc6b86e4fb683a21530,cache.delete,,2.85,OK,cache-cluster,v1.1.0,40d043ab65804ca1827d4c466b42aafd
live_ep_000001_LATENCY_SPIKE,LATENCY_SPIKE,payment-service,23.5,1785908306.0232916,68fb568a57c748248e341ed61fef072e,,POST /api/payment,,168.42,OK,payment-service,v1.1.0,ede4b6436ddc4537b67bac14aefd86fd
live_ep_000001_LATENCY_SPIKE,LATENCY_SPIKE,payment-service,23.5,1785908306.0232916,53fb4cde73234cfc9815418b6eb43433,68fb568a57c748248e341ed61fef072e,db.query.select,READ,1.0,OK,user-db,v1.1.0,ede4b6436ddc4537b67bac14aefd86fd
live_ep_000001_LATENCY_SPIKE,LATENCY_SPIKE,payment-service,23.5,1785908306.0232916,74a4c7b8d7af46699d1a473e4e379ab3,68fb568a57c748248e341ed61fef072e,cache.set,,1.22,OK,cache-cluster,v1.1.0,ede4b6436ddc4537b67bac14aefd86fd
live_ep_000001_LATENCY_SPIKE,LATENCY_SPIKE,payment-service,24.0,1785908306.5233934,49289f14110a445d8e468b097817470f,,GET /api/order,,103.45,OK,payment-service,v1.1.0,7600a224557d4a25ac7de57198ad48dd
live_ep_000001_LATENCY_SPIKE,LATENCY_SPIKE,payment-service,24.0,1785908306.5233934,059506d7578349dfbb2c9a53f195d22b,49289f14110a445d8e468b097817470f,db.transaction,WRITE,15.48,OK,user-db,v1.1.0,7600a224557d4a25ac7de57198ad48dd
live_ep_000001_LATENCY_SPIKE,LATENCY_SPIKE,payment-service,24.0,1785908306.5233934,78ae2a278c7a46dca6d6e35092b3a65f,49289f14110a445d8e468b097817470f,db.query.select,WRITE,11.8,OK,user-db,v1.1.0,7600a224557d4a25ac7de57198ad48dd
live_ep_000001_LATENCY_SPIKE,LATENCY_SPIKE,payment-service,24.5,1785908307.0235171,5f114db0388e49d99e94f719a95c3b4e,,POST /api/checkout,,160.19,OK,payment-service,v1.1.0,8bc0fd4097fe4c9eac966a781ed250ac
live_ep_000001_LATENCY_SPIKE,LATENCY_SPIKE,payment-service,24.5,1785908307.0235171,e7d3becaac554308b00ed35c8f2c07e0,5f114db0388e49d99e94f719a95c3b4e,db.query.insert,READ,27.41,OK,user-db,v1.1.0,8bc0fd4097fe4c9eac966a781ed250ac
live_ep_000001_LATENCY_SPIKE,LATENCY_SPIKE,payment-service,24.5,1785908307.0235171,dd3d62b918f040538a06c65ed221e30b,5f114db0388e49d99e94f719a95c3b4e,db.query.select,WRITE,17.95,OK,user-db,v1.1.0,8bc0fd4097fe4c9eac966a781ed250ac
live_ep_000001_LATENCY_SPIKE,LATENCY_SPIKE,payment-service,24.5,1785908307.0235171,5d66468ade2249a6a7d2d69208a35d3e,5f114db0388e49d99e94f719a95c3b4e,http.client.get,,48.1,OK,inventory-api,v1.1.0,8bc0fd4097fe4c9eac966a781ed250ac
live_ep_000001_LATENCY_SPIKE,LATENCY_SPIKE,payment-service,25.0,1785908307.5237916,66e4d731b85c497da0ceb7de718c69f6,,POST /api/checkout,,81.25,OK,payment-service,v1.1.0,6012e0cfe9e9403bb03ff5cdf5e9268f
live_ep_000001_LATENCY_SPIKE,LATENCY_SPIKE,payment-service,25.0,1785908307.5237916,4aabde37f59142dfa659582aef2bae0e,66e4d731b85c497da0ceb7de718c69f6,db.query.update,READ,21.69,OK,user-db,v1.1.0,6012e0cfe9e9403bb03ff5cdf5e9268f
live_ep_000001_LATENCY_SPIKE,LATENCY_SPIKE,payment-service,25.0,1785908307.5237916,70624f206e414e7cbe4f54c421b29351,66e4d731b85c497da0ceb7de718c69f6,cache.set,,2.33,OK,cache-cluster,v1.1.0,6012e0cfe9e9403bb03ff5cdf5e9268f
live_ep_000001_LATENCY_SPIKE,LATENCY_SPIKE,payment-service,25.5,1785908308.0241978,8edda514801944bf86d395b2e9c8f60f,,POST /api/checkout,,128.34,OK,payment-service,v1.1.0,584af67d6d32445b8f37789fc10e7767
live_ep_000001_LATENCY_SPIKE,LATENCY_SPIKE,payment-service,25.5,1785908308.0241978,a6d452836ceb4ccc9ad99b2d740dda18,8edda514801944bf86d395b2e9c8f60f,db.transaction,READ,29.76,OK,user-db,v1.1.0,584af67d6d32445b8f37789fc10e7767
live_ep_000001_LATENCY_SPIKE,LATENCY_SPIKE,payment-service,26.0,1785908308.5248039,1db1923be85f443faf88dcd185158f9b,,POST /api/checkout,,116.94,OK,payment-service,v1.1.0,3648bcb91d894ff8825a9e8341f1123e
live_ep_000001_LATENCY_SPIKE,LATENCY_SPIKE,payment-service,26.0,1785908308.5248039,eba063ceddd248fe8a779336fbc09d02,1db1923be85f443faf88dcd185158f9b,db.query.select,READ,14.22,OK,user-db,v1.1.0,3648bcb91d894ff8825a9e8341f1123e
live_ep_000001_LATENCY_SPIKE,LATENCY_SPIKE,payment-service,26.0,1785908308.5248039,7cc23b12f0ff40d280610eb6948f6c02,1db1923be85f443faf88dcd185158f9b,db.query.insert,READ,10.41,OK,user-db,v1.1.0,3648bcb91d894ff8825a9e8341f1123e
live_ep_000001_LATENCY_SPIKE,LATENCY_SPIKE,payment-service,26.0,1785908308.5248039,0532920c5c4e44a3ad6e39a609459a98,1db1923be85f443faf88dcd185158f9b,cache.get,,0.5,OK,cache-cluster,v1.1.0,3648bcb91d894ff8825a9e8341f1123e
live_ep_000001_LATENCY_SPIKE,LATENCY_SPIKE,payment-service,26.5,1785908309.0250669,54cc18c14a554f9bb43afd0997fef582,,PUT /api/inventory,,128.49,OK,payment-service,v1.1.0,e7a57e630eeb4d77bc5eceaae9f94269
live_ep_000001_LATENCY_SPIKE,LATENCY_SPIKE,payment-service,26.5,1785908309.0250669,2094c0bb83094c6792c49143da3ad7fc,54cc18c14a554f9bb43afd0997fef582,db.transaction,READ,27.31,OK,user-db,v1.1.0,e7a57e630eeb4d77bc5eceaae9f94269
live_ep_000001_LATENCY_SPIKE,LATENCY_SPIKE,payment-service,26.5,1785908309.0250669,064ade772ee9473bb4b7fde1c67b1ef4,54cc18c14a554f9bb43afd0997fef582,cache.set,,0.5,OK,cache-cluster,v1.1.0,e7a57e630eeb4d77bc5eceaae9f94269
live_ep_000001_LATENCY_SPIKE,LATENCY_SPIKE,payment-service,27.0,1785908309.5254,ef968f6799ee451bbb0ca0c9b3a66bd5,,GET /api/auth,,105.82,OK,payment-service,v1.1.0,c62633331e764778865fd7259f7306db
live_ep_000001_LATENCY_SPIKE,LATENCY_SPIKE,payment-service,27.0,1785908309.5254,6ad3e1936dcd4d729d81e8ed08229cee,ef968f6799ee451bbb0ca0c9b3a66bd5,db.transaction,READ,5.74,OK,user-db,v1.1.0,c62633331e764778865fd7259f7306db
live_ep_000001_LATENCY_SPIKE,LATENCY_SPIKE,payment-service,27.0,1785908309.5254,ace9de868ed2440c98d41395d54fb81c,ef968f6799ee451bbb0ca0c9b3a66bd5,cache.set,,0.5,OK,cache-cluster,v1.1.0,c62633331e764778865fd7259f7306db
live_ep_000001_LATENCY_SPIKE,LATENCY_SPIKE,payment-service,27.0,1785908309.5254,9dba7cc9979649f698541e0894e24567,ef968f6799ee451bbb0ca0c9b3a66bd5,http.client.get,,16.11,OK,payment-gateway,v1.1.0,c62633331e764778865fd7259f7306db
live_ep_000001_LATENCY_SPIKE,LATENCY_SPIKE,payment-service,27.5,1785908310.0258486,2f46f6339d5f4a9993a3be18e3702698,,GET /api/health,,109.91,OK,payment-service,v1.1.0,5b8ea8c2b5fd444aa80c4d3efd95ce8b
live_ep_000001_LATENCY_SPIKE,LATENCY_SPIKE,payment-service,27.5,1785908310.0258486,f72821709c2d456abbca80edcae86689,2f46f6339d5f4a9993a3be18e3702698,db.query.update,WRITE,36.71,OK,user-db,v1.1.0,5b8ea8c2b5fd444aa80c4d3efd95ce8b
live_ep_000001_LATENCY_SPIKE,LATENCY_SPIKE,payment-service,27.5,1785908310.0258486,b71278e8329a454886b78a8be23ab776,2f46f6339d5f4a9993a3be18e3702698,cache.set,,2.65,OK,cache-cluster,v1.1.0,5b8ea8c2b5fd444aa80c4d3efd95ce8b
live_ep_000001_LATENCY_SPIKE,LATENCY_SPIKE,payment-service,28.0,1785908310.5260527,60127eae75c54831812160ca074cb5ac,,GET /api/health,,157.62,OK,payment-service,v1.1.0,0f563d70ef4945e3bbb2e2329fbefaa3
live_ep_000001_LATENCY_SPIKE,LATENCY_SPIKE,payment-service,28.0,1785908310.5260527,8b3525add2c748b3a24459e262973763,60127eae75c54831812160ca074cb5ac,db.query.update,WRITE,17.8,OK,user-db,v1.1.0,0f563d70ef4945e3bbb2e2329fbefaa3
live_ep_000001_LATENCY_SPIKE,LATENCY_SPIKE,payment-service,28.0,1785908310.5260527,3291e2e44f4442dc98c41c971843940a,60127eae75c54831812160ca074cb5ac,db.query.insert,READ,12.49,OK,user-db,v1.1.0,0f563d70ef4945e3bbb2e2329fbefaa3
live_ep_000001_LATENCY_SPIKE,LATENCY_SPIKE,payment-service,28.0,1785908310.5260527,6c3c7708487b47358d14e82dcf6a64af,60127eae75c54831812160ca074cb5ac,http.client.get,,42.69,OK,cache-cluster,v1.1.0,0f563d70ef4945e3bbb2e2329fbefaa3
live_ep_000001_LATENCY_SPIKE,LATENCY_SPIKE,payment-service,28.5,1785908311.0262628,2742828478454ef5a756dc1115a2de21,,GET /api/order,,138.09,OK,payment-service,v1.1.0,48f28452f22741118032ea933b8ef0f4
live_ep_000001_LATENCY_SPIKE,LATENCY_SPIKE,payment-service,28.5,1785908311.0262628,5290b3f1832543cfab1432e2222eec52,2742828478454ef5a756dc1115a2de21,db.query.delete,WRITE,27.89,OK,user-db,v1.1.0,48f28452f22741118032ea933b8ef0f4
live_ep_000001_LATENCY_SPIKE,LATENCY_SPIKE,payment-service,28.5,1785908311.0262628,f85300cf15ac45b7b8fd9f81dce88012,2742828478454ef5a756dc1115a2de21,cache.set,,38.69,OK,cache-cluster,v1.1.0,48f28452f22741118032ea933b8ef0f4
live_ep_000001_LATENCY_SPIKE,LATENCY_SPIKE,payment-service,29.0,1785908311.5265687,4cb280cc4edc40a386c3ccc6d0cbe7e9,,GET /api/order,,118.37,OK,payment-service,v1.1.0,41df4087934e4a9b8f076926c71a48e6
live_ep_000001_LATENCY_SPIKE,LATENCY_SPIKE,payment-service,29.0,1785908311.5265687,df719b9aa5f640e8a3bccce955277538,4cb280cc4edc40a386c3ccc6d0cbe7e9,db.query.delete,WRITE,11.84,OK,user-db,v1.1.0,41df4087934e4a9b8f076926c71a48e6
live_ep_000001_LATENCY_SPIKE,LATENCY_SPIKE,payment-service,29.5,1785908312.0269215,ca4c9a3c1e83476686b92ae0c9a53e9d,,GET /api/order,,108.8,OK,payment-service,v1.1.0,f3e6093d9db646978be15730ead4619e
live_ep_000001_LATENCY_SPIKE,LATENCY_SPIKE,payment-service,29.5,1785908312.0269215,8984422176144281aa8424d66bfad24d,ca4c9a3c1e83476686b92ae0c9a53e9d,db.query.update,READ,23.56,OK,user-db,v1.1.0,f3e6093d9db646978be15730ead4619e
live_ep_000001_LATENCY_SPIKE,LATENCY_SPIKE,payment-service,29.5,1785908312.0269215,16dbef6ac65f4af5a497c6583514c0eb,ca4c9a3c1e83476686b92ae0c9a53e9d,http.client.get,,33.74,OK,cache-cluster,v1.1.0,f3e6093d9db646978be15730ead4619e
live_ep_000001_LATENCY_SPIKE,LATENCY_SPIKE,payment-service,30.0,1785908312.5270996,f2f419b2e14341eebac5b8cf7e48329c,,GET /api/auth,,130.79,OK,payment-service,v1.1.0,ee42495ab6e644989fa3fc52b4ee4795
live_ep_000001_LATENCY_SPIKE,LATENCY_SPIKE,payment-service,30.0,1785908312.5270996,febb4b3ed0e7420daac962058c64bf86,f2f419b2e14341eebac5b8cf7e48329c,db.query.delete,WRITE,24.51,OK,user-db,v1.1.0,ee42495ab6e644989fa3fc52b4ee4795
live_ep_000001_LATENCY_SPIKE,LATENCY_SPIKE,payment-service,30.0,1785908312.5270996,d4278679214b4f8789c8ec6a8ac99d05,f2f419b2e14341eebac5b8cf7e48329c,cache.get,,29.3,OK,cache-cluster,v1.1.0,ee42495ab6e644989fa3fc52b4ee4795
live_ep_000001_LATENCY_SPIKE,LATENCY_SPIKE,payment-service,30.0,1785908312.5270996,aa4f7e7951b94c8388cf10d87a7ecbe8,f2f419b2e14341eebac5b8cf7e48329c,http.client.get,,14.48,OK,user-db,v1.1.0,ee42495ab6e644989fa3fc52b4ee4795
live_ep_000001_LATENCY_SPIKE,LATENCY_SPIKE,payment-service,30.5,1785908313.0271864,d0f54910e49e4315a25598968418eb3e,,GET /api/auth,,124.95,OK,payment-service,v1.1.0,4220d4a99ed64fce9a03907edab21685
live_ep_000001_LATENCY_SPIKE,LATENCY_SPIKE,payment-service,30.5,1785908313.0271864,771707df80c7410381bdc467ed8a076f,d0f54910e49e4315a25598968418eb3e,db.query.update,WRITE,17.93,OK,user-db,v1.1.0,4220d4a99ed64fce9a03907edab21685
live_ep_000001_LATENCY_SPIKE,LATENCY_SPIKE,payment-service,30.5,1785908313.0271864,0f2274f5cfd4455b92f2fd35d4326999,d0f54910e49e4315a25598968418eb3e,cache.get,,3.14,OK,cache-cluster,v1.1.0,4220d4a99ed64fce9a03907edab21685
live_ep_000001_LATENCY_SPIKE,LATENCY_SPIKE,payment-service,30.5,1785908313.0271864,cf0659eb9c084acc9df62e61210de051,d0f54910e49e4315a25598968418eb3e,http.client.post,,32.29,OK,cache-cluster,v1.1.0,4220d4a99ed64fce9a03907edab21685
live_ep_000001_LATENCY_SPIKE,LATENCY_SPIKE,payment-service,31.0,1785908313.5277154,8557b67cd849428685701a0ad9eac440,,GET /api/health,,141.11,OK,payment-service,v1.1.0,0037d143fa794742a8c69f546c271abc
live_ep_000001_LATENCY_SPIKE,LATENCY_SPIKE,payment-service,31.0,1785908313.5277154,c8500e4eeb66445bbf4d4caff8d4adb2,8557b67cd849428685701a0ad9eac440,db.query.select,WRITE,21.82,OK,user-db,v1.1.0,0037d143fa794742a8c69f546c271abc
live_ep_000001_LATENCY_SPIKE,LATENCY_SPIKE,payment-service,31.0,1785908313.5277154,10d9108987c04ea5a9ee5042035edce4,8557b67cd849428685701a0ad9eac440,db.query.delete,READ,33.44,OK,user-db,v1.1.0,0037d143fa794742a8c69f546c271abc
live_ep_000001_LATENCY_SPIKE,LATENCY_SPIKE,payment-service,31.0,1785908313.5277154,0af9f2e93f5f4b07bce8fb7a0a59ecbc,8557b67cd849428685701a0ad9eac440,cache.get,,1.89,OK,cache-cluster,v1.1.0,0037d143fa794742a8c69f546c271abc
live_ep_000001_LATENCY_SPIKE,LATENCY_SPIKE,payment-service,31.5,1785908314.0281255,284af587474943c591167b4e57df91e3,,GET /api/health,,93.56,OK,payment-service,v1.1.0,3596011ded7c43f58e06bf138211324d
live_ep_000001_LATENCY_SPIKE,LATENCY_SPIKE,payment-service,31.5,1785908314.0281255,d08a2f8ce7784da49005a3d203fb05b8,284af587474943c591167b4e57df91e3,db.query.update,READ,25.45,OK,user-db,v1.1.0,3596011ded7c43f58e06bf138211324d
live_ep_000001_LATENCY_SPIKE,LATENCY_SPIKE,payment-service,31.5,1785908314.0281255,58190c900212476696848af413f79a7c,284af587474943c591167b4e57df91e3,cache.set,,2.96,OK,cache-cluster,v1.1.0,3596011ded7c43f58e06bf138211324d
live_ep_000001_LATENCY_SPIKE,LATENCY_SPIKE,payment-service,31.5,1785908314.0281255,e808b17c68eb46a893762934d51c21b3,284af587474943c591167b4e57df91e3,http.client.post,,32.83,OK,payment-gateway,v1.1.0,3596011ded7c43f58e06bf138211324d
live_ep_000001_LATENCY_SPIKE,LATENCY_SPIKE,payment-service,32.0,1785908314.5283976,d692aabe131e42eca2fcf801f2700dcc,,POST /api/payment,,90.41,OK,payment-service,v1.1.0,c931b1dc0c1c4a86b8b530c9e2ace952
live_ep_000001_LATENCY_SPIKE,LATENCY_SPIKE,payment-service,32.0,1785908314.5283976,2e37040cca6d46419fb09184ce3a58b8,d692aabe131e42eca2fcf801f2700dcc,db.transaction,READ,31.56,OK,user-db,v1.1.0,c931b1dc0c1c4a86b8b530c9e2ace952
live_ep_000001_LATENCY_SPIKE,LATENCY_SPIKE,payment-service,32.0,1785908314.5283976,db882e6fb04044bcb5429efb18600808,d692aabe131e42eca2fcf801f2700dcc,db.query.select,READ,39.07,OK,user-db,v1.1.0,c931b1dc0c1c4a86b8b530c9e2ace952
live_ep_000001_LATENCY_SPIKE,LATENCY_SPIKE,payment-service,32.0,1785908314.5283976,42e1be1a2a7f459aab034ac8e452dff0,d692aabe131e42eca2fcf801f2700dcc,cache.get,,3.32,OK,cache-cluster,v1.1.0,c931b1dc0c1c4a86b8b530c9e2ace952
live_ep_000001_LATENCY_SPIKE,LATENCY_SPIKE,payment-service,32.5,1785908315.0288084,a832b733659446c3bb84164de9264264,,GET /api/health,,111.18,OK,payment-service,v1.1.0,1f121ec904bd4241be46806d35321fd2
live_ep_000001_LATENCY_SPIKE,LATENCY_SPIKE,payment-service,32.5,1785908315.0288084,1bc9f1114167457eab2da77539bd5956,a832b733659446c3bb84164de9264264,db.query.insert,READ,14.96,OK,user-db,v1.1.0,1f121ec904bd4241be46806d35321fd2
live_ep_000001_LATENCY_SPIKE,LATENCY_SPIKE,payment-service,32.5,1785908315.0288084,7b12e547395c41aebc2310622882c090,a832b733659446c3bb84164de9264264,db.query.update,READ,17.95,OK,user-db,v1.1.0,1f121ec904bd4241be46806d35321fd2
live_ep_000001_LATENCY_SPIKE,LATENCY_SPIKE,payment-service,32.5,1785908315.0288084,3c86c9088ab34f3b843ebce4f9653073,a832b733659446c3bb84164de9264264,cache.get,,3.43,OK,cache-cluster,v1.1.0,1f121ec904bd4241be46806d35321fd2
live_ep_000001_LATENCY_SPIKE,LATENCY_SPIKE,payment-service,33.0,1785908315.5289493,929fd2b0cbb642c4b7f0bbed10ad8980,,GET /api/order,,137.94,OK,payment-service,v1.1.0,18febfe2d4df4a8da07b8620569105f4
live_ep_000001_LATENCY_SPIKE,LATENCY_SPIKE,payment-service,33.0,1785908315.5289493,a5f87868b46949be83053f7511d5098b,929fd2b0cbb642c4b7f0bbed10ad8980,db.query.select,READ,13.3,OK,user-db,v1.1.0,18febfe2d4df4a8da07b8620569105f4
live_ep_000001_LATENCY_SPIKE,LATENCY_SPIKE,payment-service,33.0,1785908315.5289493,68f83f0bf9b942a0a8deacddab55b233,929fd2b0cbb642c4b7f0bbed10ad8980,cache.delete,,0.74,OK,cache-cluster,v1.1.0,18febfe2d4df4a8da07b8620569105f4
live_ep_000001_LATENCY_SPIKE,LATENCY_SPIKE,payment-service,33.5,1785908316.029391,14ec84275cf7407e904bd367701fc7f0,,POST /api/checkout,,91.37,OK,payment-service,v1.1.0,a7bec67745df47dab4d478462e69a370
live_ep_000001_LATENCY_SPIKE,LATENCY_SPIKE,payment-service,33.5,1785908316.029391,faaf273f159543d5b24b92fd68d028cc,14ec84275cf7407e904bd367701fc7f0,db.query.update,WRITE,23.55,OK,user-db,v1.1.0,a7bec67745df47dab4d478462e69a370
live_ep_000001_LATENCY_SPIKE,LATENCY_SPIKE,payment-service,33.5,1785908316.029391,9e2078637883406cb2bef940b3aac2ab,14ec84275cf7407e904bd367701fc7f0,db.query.insert,WRITE,12.33,OK,user-db,v1.1.0,a7bec67745df47dab4d478462e69a370
live_ep_000001_LATENCY_SPIKE,LATENCY_SPIKE,payment-service,34.0,1785908316.529549,cbf6a0cabe844570bb686a058b6b0982,,GET /api/health,,355.89,OK,payment-service,v1.1.0,ba1ef067ca7a4ba9b24c965e55ef4d64
live_ep_000001_LATENCY_SPIKE,LATENCY_SPIKE,payment-service,34.0,1785908316.529549,9033da6da1d44cc097ebae5d4ac0b8af,cbf6a0cabe844570bb686a058b6b0982,db.query.select,WRITE,32.24,OK,user-db,v1.1.0,ba1ef067ca7a4ba9b24c965e55ef4d64
live_ep_000001_LATENCY_SPIKE,LATENCY_SPIKE,payment-service,34.0,1785908316.529549,c0e86653d11a46bab58ea998eff81f36,cbf6a0cabe844570bb686a058b6b0982,db.query.select,WRITE,24.8,OK,user-db,v1.1.0,ba1ef067ca7a4ba9b24c965e55ef4d64
live_ep_000001_LATENCY_SPIKE,LATENCY_SPIKE,payment-service,34.0,1785908316.529549,ef63368988d74fa28a27e91ec3e11d2f,cbf6a0cabe844570bb686a058b6b0982,cache.get,,0.64,OK,cache-cluster,v1.1.0,ba1ef067ca7a4ba9b24c965e55ef4d64
live_ep_000001_LATENCY_SPIKE,LATENCY_SPIKE,payment-service,34.5,1785908317.0302353,1cf6931822e646f18af82c58c7ba27fa,,GET /api/health,,120.84,OK,payment-service,v1.1.0,44bbbf15afcb4c05896a9abe278138af
live_ep_000001_LATENCY_SPIKE,LATENCY_SPIKE,payment-service,34.5,1785908317.0302353,e259e5ed095f4dc8b4c9a7a0c888fab5,1cf6931822e646f18af82c58c7ba27fa,db.query.insert,WRITE,21.33,OK,user-db,v1.1.0,44bbbf15afcb4c05896a9abe278138af
live_ep_000001_LATENCY_SPIKE,LATENCY_SPIKE,payment-service,34.5,1785908317.0302353,f4141eb1f52e45c9898317dc7080696b,1cf6931822e646f18af82c58c7ba27fa,db.query.select,WRITE,16.57,OK,user-db,v1.1.0,44bbbf15afcb4c05896a9abe278138af
live_ep_000001_LATENCY_SPIKE,LATENCY_SPIKE,payment-service,34.5,1785908317.0302353,12e66219aa6e4fd691fe2baf8228a033,1cf6931822e646f18af82c58c7ba27fa,cache.delete,,1.62,OK,cache-cluster,v1.1.0,44bbbf15afcb4c05896a9abe278138af
live_ep_000001_LATENCY_SPIKE,LATENCY_SPIKE,payment-service,35.0,1785908317.5306652,e7eaeef937be4611a0131515cd341b5c,,POST /api/checkout,,120.96,OK,payment-service,v1.1.0,d52c9105d37e4b07a1c03f20af5347c0
live_ep_000001_LATENCY_SPIKE,LATENCY_SPIKE,payment-service,35.0,1785908317.5306652,57f5a0d143aa40938004b104a2a400b5,e7eaeef937be4611a0131515cd341b5c,db.query.update,READ,28.97,OK,user-db,v1.1.0,d52c9105d37e4b07a1c03f20af5347c0
live_ep_000001_LATENCY_SPIKE,LATENCY_SPIKE,payment-service,35.0,1785908317.5306652,d23374185d9c4a40bb97d54c01f741ff,e7eaeef937be4611a0131515cd341b5c,grpc.call,,25.16,OK,inventory-api,v1.1.0,d52c9105d37e4b07a1c03f20af5347c0
live_ep_000001_LATENCY_SPIKE,LATENCY_SPIKE,payment-service,35.5,1785908318.0309289,c6fd47f790a64a508988ce2a5a8f19de,,PUT /api/inventory,,119.73,OK,payment-service,v1.1.0,4871bbf88ff549cb92bade5fbf3cbf42
live_ep_000001_LATENCY_SPIKE,LATENCY_SPIKE,payment-service,35.5,1785908318.0309289,3656b80296064563825b212e8c462dc9,c6fd47f790a64a508988ce2a5a8f19de,db.transaction,READ,14.72,OK,user-db,v1.1.0,4871bbf88ff549cb92bade5fbf3cbf42
live_ep_000001_LATENCY_SPIKE,LATENCY_SPIKE,payment-service,35.5,1785908318.0309289,7cc260150869406a8701d6b074554a66,c6fd47f790a64a508988ce2a5a8f19de,db.query.update,READ,25.12,OK,user-db,v1.1.0,4871bbf88ff549cb92bade5fbf3cbf42
live_ep_000001_LATENCY_SPIKE,LATENCY_SPIKE,payment-service,35.5,1785908318.0309289,89d2b089f11b4a1c9b09c11fb28d71a8,c6fd47f790a64a508988ce2a5a8f19de,cache.set,,1.66,OK,cache-cluster,v1.1.0,4871bbf88ff549cb92bade5fbf3cbf42
live_ep_000001_LATENCY_SPIKE,LATENCY_SPIKE,payment-service,36.0,1785908318.5311759,05231ea1cd5047f88907cb6a4c286100,,GET /api/health,,122.29,OK,payment-service,v1.1.0,52d58913f71a419cbfc72202851af41b
live_ep_000001_LATENCY_SPIKE,LATENCY_SPIKE,payment-service,36.0,1785908318.5311759,21efbb0a66074553b3daa5c9fbd6995f,05231ea1cd5047f88907cb6a4c286100,db.query.update,READ,25.13,OK,user-db,v1.1.0,52d58913f71a419cbfc72202851af41b
live_ep_000001_LATENCY_SPIKE,LATENCY_SPIKE,payment-service,36.0,1785908318.5311759,42676d2878d5456d920d43ab64458486,05231ea1cd5047f88907cb6a4c286100,cache.delete,,0.81,OK,cache-cluster,v1.1.0,52d58913f71a419cbfc72202851af41b
live_ep_000001_LATENCY_SPIKE,LATENCY_SPIKE,payment-service,36.0,1785908318.5311759,417f54487bbf484e83f10c67929090db,05231ea1cd5047f88907cb6a4c286100,http.client.get,,5.81,OK,user-db,v1.1.0,52d58913f71a419cbfc72202851af41b
live_ep_000001_LATENCY_SPIKE,LATENCY_SPIKE,payment-service,36.5,1785908319.0315523,08191be96f7e48e69f891d6e0a030dc6,,PUT /api/inventory,,121.93,OK,payment-service,v1.1.0,682b519a626b40d9a323ecadf2de56a7
live_ep_000001_LATENCY_SPIKE,LATENCY_SPIKE,payment-service,36.5,1785908319.0315523,b6fadc93229d49fd81081da888463342,08191be96f7e48e69f891d6e0a030dc6,db.transaction,READ,18.31,OK,user-db,v1.1.0,682b519a626b40d9a323ecadf2de56a7
live_ep_000001_LATENCY_SPIKE,LATENCY_SPIKE,payment-service,36.5,1785908319.0315523,2b6bb17af2d24188ab8a064e4c26b707,08191be96f7e48e69f891d6e0a030dc6,cache.set,,2.2,OK,cache-cluster,v1.1.0,682b519a626b40d9a323ecadf2de56a7
live_ep_000001_LATENCY_SPIKE,LATENCY_SPIKE,payment-service,36.5,1785908319.0315523,bacae91b79634f988e37b327f80fdfa7,08191be96f7e48e69f891d6e0a030dc6,http.client.get,,36.03,OK,cache-cluster,v1.1.0,682b519a626b40d9a323ecadf2de56a7
live_ep_000001_LATENCY_SPIKE,LATENCY_SPIKE,payment-service,37.0,1785908319.5320868,cd6b078cbe9c45c58097fe4bb5c30e9c,,GET /api/order,,277.11,OK,payment-service,v1.1.0,d63db9bcf1c641d888d4e26034a575d9
live_ep_000001_LATENCY_SPIKE,LATENCY_SPIKE,payment-service,37.0,1785908319.5320868,0b0ca0da5b7b4942b7b897a157f17c8a,cd6b078cbe9c45c58097fe4bb5c30e9c,db.query.update,WRITE,6.35,OK,user-db,v1.1.0,d63db9bcf1c641d888d4e26034a575d9
live_ep_000001_LATENCY_SPIKE,LATENCY_SPIKE,payment-service,37.0,1785908319.5320868,dbc9d78108154a7f9a1aa6a700ec037f,cd6b078cbe9c45c58097fe4bb5c30e9c,cache.delete,,2.58,OK,cache-cluster,v1.1.0,d63db9bcf1c641d888d4e26034a575d9
live_ep_000001_LATENCY_SPIKE,LATENCY_SPIKE,payment-service,37.5,1785908320.032241,62393ebf99694d19b8289624dd0a9221,,POST /api/checkout,,111.57,OK,payment-service,v1.1.0,9a43db27d62b45c198045228f06ea37d
live_ep_000001_LATENCY_SPIKE,LATENCY_SPIKE,payment-service,37.5,1785908320.032241,3282a42cd260425a9807f78545c18c91,62393ebf99694d19b8289624dd0a9221,db.query.select,WRITE,12.65,OK,user-db,v1.1.0,9a43db27d62b45c198045228f06ea37d
live_ep_000001_LATENCY_SPIKE,LATENCY_SPIKE,payment-service,37.5,1785908320.032241,41fd5c969a9449d8b30bf592ad265e66,62393ebf99694d19b8289624dd0a9221,db.query.insert,READ,14.88,OK,user-db,v1.1.0,9a43db27d62b45c198045228f06ea37d
live_ep_000001_LATENCY_SPIKE,LATENCY_SPIKE,payment-service,37.5,1785908320.032241,3bd318df0ca249039ea31e1e55f1061d,62393ebf99694d19b8289624dd0a9221,cache.set,,0.5,OK,cache-cluster,v1.1.0,9a43db27d62b45c198045228f06ea37d
live_ep_000001_LATENCY_SPIKE,LATENCY_SPIKE,payment-service,37.5,1785908320.032241,4d9771ff329649e2bd15fb22c046f4bd,62393ebf99694d19b8289624dd0a9221,http.client.get,,35.56,OK,user-db,v1.1.0,9a43db27d62b45c198045228f06ea37d
live_ep_000001_LATENCY_SPIKE,LATENCY_SPIKE,payment-service,38.0,1785908320.5323663,a244009ac18544fc9ac58487ab0169b0,,POST /api/payment,,113.94,OK,payment-service,v1.1.0,57b234cd1a48497db7717df751d17514
live_ep_000001_LATENCY_SPIKE,LATENCY_SPIKE,payment-service,38.0,1785908320.5323663,3db4036950cf46ee9f8fcb6d661649da,a244009ac18544fc9ac58487ab0169b0,db.query.insert,READ,14.0,OK,user-db,v1.1.0,57b234cd1a48497db7717df751d17514
live_ep_000001_LATENCY_SPIKE,LATENCY_SPIKE,payment-service,38.0,1785908320.5323663,9e5ad9001555421091f456058bd886f4,a244009ac18544fc9ac58487ab0169b0,db.query.delete,READ,15.07,OK,user-db,v1.1.0,57b234cd1a48497db7717df751d17514
live_ep_000001_LATENCY_SPIKE,LATENCY_SPIKE,payment-service,38.0,1785908320.5323663,1228f980f1fb4876bd42d1ee0a4b97fa,a244009ac18544fc9ac58487ab0169b0,cache.get,,3.9,OK,cache-cluster,v1.1.0,57b234cd1a48497db7717df751d17514
live_ep_000001_LATENCY_SPIKE,LATENCY_SPIKE,payment-service,38.0,1785908320.5323663,aad6abdcd7c641e992f23475a2219485,a244009ac18544fc9ac58487ab0169b0,http.client.get,,40.17,OK,payment-gateway,v1.1.0,57b234cd1a48497db7717df751d17514
live_ep_000001_LATENCY_SPIKE,LATENCY_SPIKE,payment-service,38.5,1785908321.0327199,3623a8ed0276435cb69088fe0a6eebb2,,GET /api/health,,139.61,OK,payment-service,v1.1.0,95e9445410f34928b6afcfae4cbc8852
live_ep_000001_LATENCY_SPIKE,LATENCY_SPIKE,payment-service,38.5,1785908321.0327199,f57b34b914574d23bc37e02937b90a8b,3623a8ed0276435cb69088fe0a6eebb2,db.query.delete,READ,20.6,OK,user-db,v1.1.0,95e9445410f34928b6afcfae4cbc8852
live_ep_000001_LATENCY_SPIKE,LATENCY_SPIKE,payment-service,38.5,1785908321.0327199,dd34ec8bc5284e3eb22235e67772e39a,3623a8ed0276435cb69088fe0a6eebb2,grpc.call,,32.94,OK,payment-gateway,v1.1.0,95e9445410f34928b6afcfae4cbc8852
live_ep_000001_LATENCY_SPIKE,LATENCY_SPIKE,payment-service,39.0,1785908321.5329077,025ccab26c0f4c0a875e534760bf4d19,,POST /api/checkout,,172.58,OK,payment-service,v1.1.0,3ca8d94f4b15476886d747a8b6da38f1
live_ep_000001_LATENCY_SPIKE,LATENCY_SPIKE,payment-service,39.0,1785908321.5329077,9598807a92f2409c9964a22d66e77445,025ccab26c0f4c0a875e534760bf4d19,db.query.insert,READ,32.17,OK,user-db,v1.1.0,3ca8d94f4b15476886d747a8b6da38f1
live_ep_000001_LATENCY_SPIKE,LATENCY_SPIKE,payment-service,39.0,1785908321.5329077,8ca149b8f17a4db8afc98b58c294495c,025ccab26c0f4c0a875e534760bf4d19,db.query.select,READ,25.12,OK,user-db,v1.1.0,3ca8d94f4b15476886d747a8b6da38f1
live_ep_000001_LATENCY_SPIKE,LATENCY_SPIKE,payment-service,39.0,1785908321.5329077,1248aed94dd644e89c4b02b3d84b7a3d,025ccab26c0f4c0a875e534760bf4d19,cache.delete,,1.08,OK,cache-cluster,v1.1.0,3ca8d94f4b15476886d747a8b6da38f1
live_ep_000001_LATENCY_SPIKE,LATENCY_SPIKE,payment-service,39.0,1785908321.5329077,1e1148bbdc40462184f4e7852aab2c0b,025ccab26c0f4c0a875e534760bf4d19,http.client.get,,35.03,OK,user-db,v1.1.0,3ca8d94f4b15476886d747a8b6da38f1
live_ep_000001_LATENCY_SPIKE,LATENCY_SPIKE,payment-service,39.5,1785908322.0334873,6fb4d00bea45431496dc1ff0fe2dbdc5,,PUT /api/inventory,,127.74,OK,payment-service,v1.1.0,12e31846ffcd44d08d2f3ef44402f73f
live_ep_000001_LATENCY_SPIKE,LATENCY_SPIKE,payment-service,39.5,1785908322.0334873,ff8ec88ca462466386801e2c724e7e82,6fb4d00bea45431496dc1ff0fe2dbdc5,db.query.update,READ,33.95,OK,user-db,v1.1.0,12e31846ffcd44d08d2f3ef44402f73f
live_ep_000001_LATENCY_SPIKE,LATENCY_SPIKE,payment-service,40.0,1785908322.5339725,eee405c50f1f42128a662f84d4de97f2,,PUT /api/inventory,,362.65,OK,payment-service,v1.1.0,0235a297fce2475cabebd37756f1456f
live_ep_000001_LATENCY_SPIKE,LATENCY_SPIKE,payment-service,40.0,1785908322.5339725,4f3356fbf1c7411984e71b78863d4044,eee405c50f1f42128a662f84d4de97f2,db.transaction,WRITE,20.85,OK,user-db,v1.1.0,0235a297fce2475cabebd37756f1456f
live_ep_000001_LATENCY_SPIKE,LATENCY_SPIKE,payment-service,40.0,1785908322.5339725,3e7511761c5241a2866fccd8603d6503,eee405c50f1f42128a662f84d4de97f2,cache.set,,2.92,OK,cache-cluster,v1.1.0,0235a297fce2475cabebd37756f1456f
live_ep_000001_LATENCY_SPIKE,LATENCY_SPIKE,payment-service,40.0,1785908322.5339725,ea18ccd3fb2240249259300085938b15,eee405c50f1f42128a662f84d4de97f2,grpc.call,,31.07,OK,inventory-api,v1.1.0,0235a297fce2475cabebd37756f1456f
live_ep_000001_LATENCY_SPIKE,LATENCY_SPIKE,payment-service,40.5,1785908323.0341976,cff3b87c379d4b198b345880b37d9a41,,GET /api/health,,135.44,OK,payment-service,v1.1.0,12c38daafd5d4c0a8d92eaff9c9af18b
live_ep_000001_LATENCY_SPIKE,LATENCY_SPIKE,payment-service,40.5,1785908323.0341976,a122a5fc65444e94a19e2ab16f3a794e,cff3b87c379d4b198b345880b37d9a41,db.query.select,WRITE,23.91,OK,user-db,v1.1.0,12c38daafd5d4c0a8d92eaff9c9af18b
live_ep_000001_LATENCY_SPIKE,LATENCY_SPIKE,payment-service,40.5,1785908323.0341976,947bc4d4d1064540a83f71a54f8856bc,cff3b87c379d4b198b345880b37d9a41,db.query.select,WRITE,20.65,OK,user-db,v1.1.0,12c38daafd5d4c0a8d92eaff9c9af18b
live_ep_000001_LATENCY_SPIKE,LATENCY_SPIKE,payment-service,40.5,1785908323.0341976,8626a28515864d5986e3ba1ff985728f,cff3b87c379d4b198b345880b37d9a41,cache.get,,1.28,OK,cache-cluster,v1.1.0,12c38daafd5d4c0a8d92eaff9c9af18b
live_ep_000001_LATENCY_SPIKE,LATENCY_SPIKE,payment-service,40.5,1785908323.0341976,d58518d952f948fbb98d027131350daf,cff3b87c379d4b198b345880b37d9a41,grpc.call,,34.46,OK,cache-cluster,v1.1.0,12c38daafd5d4c0a8d92eaff9c9af18b
live_ep_000001_LATENCY_SPIKE,LATENCY_SPIKE,payment-service,41.0,1785908323.5345528,78daa13bfa62416baeded5b4c5d8262a,,GET /api/health,,105.07,OK,payment-service,v1.1.0,6cfa0d6e28a54e7e95db2cf264f92920
live_ep_000001_LATENCY_SPIKE,LATENCY_SPIKE,payment-service,41.0,1785908323.5345528,dc911b420b4644728cc2f58b013c7d30,78daa13bfa62416baeded5b4c5d8262a,db.transaction,WRITE,29.01,OK,user-db,v1.1.0,6cfa0d6e28a54e7e95db2cf264f92920
live_ep_000001_LATENCY_SPIKE,LATENCY_SPIKE,payment-service,41.0,1785908323.5345528,c6b3eb0d04164d30af9120e34e6cd6a3,78daa13bfa62416baeded5b4c5d8262a,db.transaction,READ,33.96,OK,user-db,v1.1.0,6cfa0d6e28a54e7e95db2cf264f92920
live_ep_000001_LATENCY_SPIKE,LATENCY_SPIKE,payment-service,41.5,1785908324.0350616,44eaca7b78264076ac6e591a606fe563,,GET /api/order,,103.83,OK,payment-service,v1.1.0,98e5569584af490ba5637d52fa15f5ca
live_ep_000001_LATENCY_SPIKE,LATENCY_SPIKE,payment-service,41.5,1785908324.0350616,22a014a3906c4f5b8dfe3ad2a23e3625,44eaca7b78264076ac6e591a606fe563,db.transaction,WRITE,26.48,OK,user-db,v1.1.0,98e5569584af490ba5637d52fa15f5ca
live_ep_000001_LATENCY_SPIKE,LATENCY_SPIKE,payment-service,41.5,1785908324.0350616,c04e8882306041999ce0ee93edda276e,44eaca7b78264076ac6e591a606fe563,db.transaction,READ,15.2,OK,user-db,v1.1.0,98e5569584af490ba5637d52fa15f5ca
live_ep_000001_LATENCY_SPIKE,LATENCY_SPIKE,payment-service,41.5,1785908324.0350616,70507112bc2b40fcb572392e903c4aa5,44eaca7b78264076ac6e591a606fe563,cache.delete,,2.29,OK,cache-cluster,v1.1.0,98e5569584af490ba5637d52fa15f5ca
live_ep_000001_LATENCY_SPIKE,LATENCY_SPIKE,payment-service,41.5,1785908324.0350616,b017b057297849ab974a20c7e5b98b09,44eaca7b78264076ac6e591a606fe563,grpc.call,,38.02,OK,user-db,v1.1.0,98e5569584af490ba5637d52fa15f5ca
live_ep_000001_LATENCY_SPIKE,LATENCY_SPIKE,payment-service,42.0,1785908324.535582,4a4924246b9140c784bc26047b912dc2,,POST /api/checkout,,141.6,OK,payment-service,v1.1.0,c440bf32f86d4b958bfd1791786368a7
live_ep_000001_LATENCY_SPIKE,LATENCY_SPIKE,payment-service,42.0,1785908324.535582,097fd1dcb30e4beba6cf4ac213cef10c,4a4924246b9140c784bc26047b912dc2,db.query.update,WRITE,21.35,OK,user-db,v1.1.0,c440bf32f86d4b958bfd1791786368a7
live_ep_000001_LATENCY_SPIKE,LATENCY_SPIKE,payment-service,42.0,1785908324.535582,1de75f3585e244dfa8e530f5c773bb86,4a4924246b9140c784bc26047b912dc2,cache.get,,3.34,OK,cache-cluster,v1.1.0,c440bf32f86d4b958bfd1791786368a7
live_ep_000001_LATENCY_SPIKE,LATENCY_SPIKE,payment-service,42.0,1785908324.535582,d447e794d90f46c1a8cdaef70a81ce34,4a4924246b9140c784bc26047b912dc2,grpc.call,,37.19,OK,inventory-api,v1.1.0,c440bf32f86d4b958bfd1791786368a7
live_ep_000001_LATENCY_SPIKE,LATENCY_SPIKE,payment-service,42.5,1785908325.0357535,45fd40a42c70486c82c676b51369b455,,GET /api/auth,,113.62,OK,payment-service,v1.1.0,ad5a18b37d6d4e8f97dcd52de0fa127e
live_ep_000001_LATENCY_SPIKE,LATENCY_SPIKE,payment-service,42.5,1785908325.0357535,d9f6cde64cf74ec497b8e739774bfd71,45fd40a42c70486c82c676b51369b455,db.query.update,READ,9.47,OK,user-db,v1.1.0,ad5a18b37d6d4e8f97dcd52de0fa127e
live_ep_000001_LATENCY_SPIKE,LATENCY_SPIKE,payment-service,42.5,1785908325.0357535,5fec75b21a2745488ea71c9a16165aba,45fd40a42c70486c82c676b51369b455,db.query.update,READ,10.81,OK,user-db,v1.1.0,ad5a18b37d6d4e8f97dcd52de0fa127e
live_ep_000001_LATENCY_SPIKE,LATENCY_SPIKE,payment-service,42.5,1785908325.0357535,3100d1b32b9f497ab940182957ecfd51,45fd40a42c70486c82c676b51369b455,http.client.get,,20.26,OK,payment-gateway,v1.1.0,ad5a18b37d6d4e8f97dcd52de0fa127e
live_ep_000001_LATENCY_SPIKE,LATENCY_SPIKE,payment-service,43.0,1785908325.536094,23af751e635b49a28eb0c249ad9cc076,,POST /api/payment,,104.95,OK,payment-service,v1.1.0,58e827f302e3428a89afbdca78dd4404
live_ep_000001_LATENCY_SPIKE,LATENCY_SPIKE,payment-service,43.0,1785908325.536094,f58219d6309c46819c17ae709a4bd06e,23af751e635b49a28eb0c249ad9cc076,db.query.insert,READ,15.51,OK,user-db,v1.1.0,58e827f302e3428a89afbdca78dd4404
live_ep_000001_LATENCY_SPIKE,LATENCY_SPIKE,payment-service,43.0,1785908325.536094,04c3a371bc8148f88683c39541022730,23af751e635b49a28eb0c249ad9cc076,cache.get,,1.22,OK,cache-cluster,v1.1.0,58e827f302e3428a89afbdca78dd4404
live_ep_000001_LATENCY_SPIKE,LATENCY_SPIKE,payment-service,43.5,1785908326.0370605,3037ddfdc1f34965ba2ba7e03a89ad90,,GET /api/auth,,109.34,OK,payment-service,v1.1.0,dd0ad781bcc84ced989a137977e58be3
live_ep_000001_LATENCY_SPIKE,LATENCY_SPIKE,payment-service,43.5,1785908326.0370605,aacc0f06ba7040c8a75dfa53b1c56126,3037ddfdc1f34965ba2ba7e03a89ad90,db.query.delete,READ,14.34,OK,user-db,v1.1.0,dd0ad781bcc84ced989a137977e58be3
live_ep_000001_LATENCY_SPIKE,LATENCY_SPIKE,payment-service,43.5,1785908326.0370605,3424774f8be24d7c8dc5007fc8e1d7a5,3037ddfdc1f34965ba2ba7e03a89ad90,db.query.insert,WRITE,21.05,OK,user-db,v1.1.0,dd0ad781bcc84ced989a137977e58be3
live_ep_000001_LATENCY_SPIKE,LATENCY_SPIKE,payment-service,43.5,1785908326.0370605,ca17eaca6fc64c45aa75bf229d0650be,3037ddfdc1f34965ba2ba7e03a89ad90,cache.get,,2.97,OK,cache-cluster,v1.1.0,dd0ad781bcc84ced989a137977e58be3
live_ep_000001_LATENCY_SPIKE,LATENCY_SPIKE,payment-service,44.0,1785908326.5374424,89807ccda79247b6bc049898fefd2294,,POST /api/checkout,,137.19,OK,payment-service,v1.1.0,4878bbecddb54e898fa48f76f5ead998
live_ep_000001_LATENCY_SPIKE,LATENCY_SPIKE,payment-service,44.0,1785908326.5374424,3373decee20b4e4cbaaa144666150775,89807ccda79247b6bc049898fefd2294,db.query.insert,READ,29.48,OK,user-db,v1.1.0,4878bbecddb54e898fa48f76f5ead998
live_ep_000001_LATENCY_SPIKE,LATENCY_SPIKE,payment-service,44.0,1785908326.5374424,8f212d0cdd16435588847a2999ff1b25,89807ccda79247b6bc049898fefd2294,db.query.update,READ,25.2,OK,user-db,v1.1.0,4878bbecddb54e898fa48f76f5ead998
live_ep_000001_LATENCY_SPIKE,LATENCY_SPIKE,payment-service,44.0,1785908326.5374424,98dd60d5562e4f8bb4425323e302396d,89807ccda79247b6bc049898fefd2294,http.client.post,,20.66,OK,cache-cluster,v1.1.0,4878bbecddb54e898fa48f76f5ead998
live_ep_000001_LATENCY_SPIKE,LATENCY_SPIKE,payment-service,44.5,1785908327.037649,b0ab2d302f3348d6ad940f3c0548a814,,PUT /api/inventory,,116.1,ERROR,payment-service,v1.1.0,f875879dbfef45098c7ce15f946fe2b0
live_ep_000001_LATENCY_SPIKE,LATENCY_SPIKE,payment-service,44.5,1785908327.037649,6e97e7519f1a47abb09b182012416a3f,b0ab2d302f3348d6ad940f3c0548a814,db.query.update,WRITE,22.6,OK,user-db,v1.1.0,f875879dbfef45098c7ce15f946fe2b0
live_ep_000001_LATENCY_SPIKE,LATENCY_SPIKE,payment-service,44.5,1785908327.037649,5d010d1d9b97473297d3ed1a97248951,b0ab2d302f3348d6ad940f3c0548a814,db.query.update,WRITE,29.47,OK,user-db,v1.1.0,f875879dbfef45098c7ce15f946fe2b0
live_ep_000001_LATENCY_SPIKE,LATENCY_SPIKE,payment-service,44.5,1785908327.037649,339d8ffd995643cfab999e3fbeebc713,b0ab2d302f3348d6ad940f3c0548a814,cache.get,,3.95,OK,cache-cluster,v1.1.0,f875879dbfef45098c7ce15f946fe2b0
live_ep_000001_LATENCY_SPIKE,LATENCY_SPIKE,payment-service,45.0,1785908327.5379167,b2ee0669bef74328b6d5c07dd9c1cd5f,,GET /api/auth,,134.18,OK,payment-service,v1.1.0,d2276562f4a84535b6c036d7b76c9bb9
live_ep_000001_LATENCY_SPIKE,LATENCY_SPIKE,payment-service,45.0,1785908327.5379167,7abef230765d4fea8e5f3bf96e130582,b2ee0669bef74328b6d5c07dd9c1cd5f,db.transaction,READ,30.46,OK,user-db,v1.1.0,d2276562f4a84535b6c036d7b76c9bb9
live_ep_000001_LATENCY_SPIKE,LATENCY_SPIKE,payment-service,45.0,1785908327.5379167,36888cb0d6e443c9b91ced6e1afd4785,b2ee0669bef74328b6d5c07dd9c1cd5f,cache.set,,3.02,OK,cache-cluster,v1.1.0,d2276562f4a84535b6c036d7b76c9bb9
live_ep_000001_LATENCY_SPIKE,LATENCY_SPIKE,payment-service,45.5,1785908328.0384784,a367af683a434d6990e2f34da942eb35,,POST /api/checkout,,132.6,OK,payment-service,v1.1.0,af7e8697207748e1a7595fe30d566e0d
live_ep_000001_LATENCY_SPIKE,LATENCY_SPIKE,payment-service,45.5,1785908328.0384784,11e4a29ddad4413fa2cdd55f96f88d68,a367af683a434d6990e2f34da942eb35,db.query.update,READ,20.53,OK,user-db,v1.1.0,af7e8697207748e1a7595fe30d566e0d
live_ep_000001_LATENCY_SPIKE,LATENCY_SPIKE,payment-service,45.5,1785908328.0384784,85bb93d9b3e0492e997e96a5223627df,a367af683a434d6990e2f34da942eb35,cache.set,,1.71,OK,cache-cluster,v1.1.0,af7e8697207748e1a7595fe30d566e0d
live_ep_000001_LATENCY_SPIKE,LATENCY_SPIKE,payment-service,46.0,1785908328.5390944,ac518c2739cb4936bcef1f897f6d5aad,,PUT /api/inventory,,144.79,OK,payment-service,v1.1.0,2a490572fbfe4315965fe979db2b0a13
live_ep_000001_LATENCY_SPIKE,LATENCY_SPIKE,payment-service,46.0,1785908328.5390944,4176b6ed60694a81b3809d488c2a8955,ac518c2739cb4936bcef1f897f6d5aad,db.query.select,READ,14.3,OK,user-db,v1.1.0,2a490572fbfe4315965fe979db2b0a13
live_ep_000001_LATENCY_SPIKE,LATENCY_SPIKE,payment-service,46.0,1785908328.5390944,e457d5457df342e483ba80055782eb2e,ac518c2739cb4936bcef1f897f6d5aad,db.query.select,READ,25.88,OK,user-db,v1.1.0,2a490572fbfe4315965fe979db2b0a13
live_ep_000001_LATENCY_SPIKE,LATENCY_SPIKE,payment-service,46.0,1785908328.5390944,e70f497cfe36454189a5626a34a55db6,ac518c2739cb4936bcef1f897f6d5aad,http.client.get,,13.46,OK,inventory-api,v1.1.0,2a490572fbfe4315965fe979db2b0a13
live_ep_000001_LATENCY_SPIKE,LATENCY_SPIKE,payment-service,46.5,1785908329.039465,a1e8fe0d90d949608e855c05efb65e94,,GET /api/health,,96.63,OK,payment-service,v1.1.0,2f10e2224e7046c5861feb935c5a70f5
live_ep_000001_LATENCY_SPIKE,LATENCY_SPIKE,payment-service,46.5,1785908329.039465,af03c1cbbdf740579826ebc33cfd4bbe,a1e8fe0d90d949608e855c05efb65e94,db.query.insert,READ,16.13,OK,user-db,v1.1.0,2f10e2224e7046c5861feb935c5a70f5
live_ep_000001_LATENCY_SPIKE,LATENCY_SPIKE,payment-service,46.5,1785908329.039465,65aad7e569ec47c2923389a4898964fb,a1e8fe0d90d949608e855c05efb65e94,db.transaction,WRITE,20.78,OK,user-db,v1.1.0,2f10e2224e7046c5861feb935c5a70f5
live_ep_000001_LATENCY_SPIKE,LATENCY_SPIKE,payment-service,46.5,1785908329.039465,0a08018cac4b4d668ba71bd031e6de06,a1e8fe0d90d949608e855c05efb65e94,cache.delete,,37.94,OK,cache-cluster,v1.1.0,2f10e2224e7046c5861feb935c5a70f5
live_ep_000001_LATENCY_SPIKE,LATENCY_SPIKE,payment-service,47.0,1785908329.5397985,a15cecd3adf04cfd97be26096219fdda,,GET /api/health,,71.24,OK,payment-service,v1.1.0,c94c648350b346a3aef9fc5de9084a73
live_ep_000001_LATENCY_SPIKE,LATENCY_SPIKE,payment-service,47.0,1785908329.5397985,24b0a0f240bf495abaea90e778246b86,a15cecd3adf04cfd97be26096219fdda,db.query.select,READ,26.4,OK,user-db,v1.1.0,c94c648350b346a3aef9fc5de9084a73
live_ep_000001_LATENCY_SPIKE,LATENCY_SPIKE,payment-service,47.0,1785908329.5397985,3a34e57b65624b3cb8c9721cdcffb421,a15cecd3adf04cfd97be26096219fdda,cache.get,,0.5,OK,cache-cluster,v1.1.0,c94c648350b346a3aef9fc5de9084a73
live_ep_000001_LATENCY_SPIKE,LATENCY_SPIKE,payment-service,47.5,1785908330.040505,fe23fc4a8d214496a3f9547ed0c5cb96,,GET /api/health,,88.98,OK,payment-service,v1.1.0,03d5fbd85cfe42d3a67e9ffe7972bac5
live_ep_000001_LATENCY_SPIKE,LATENCY_SPIKE,payment-service,47.5,1785908330.040505,0e28119471084f06bf2a11672c06835c,fe23fc4a8d214496a3f9547ed0c5cb96,db.query.select,WRITE,10.2,OK,user-db,v1.1.0,03d5fbd85cfe42d3a67e9ffe7972bac5
live_ep_000001_LATENCY_SPIKE,LATENCY_SPIKE,payment-service,47.5,1785908330.040505,e2d761b1fd9b4c4c927d5a478b6535a0,fe23fc4a8d214496a3f9547ed0c5cb96,db.query.delete,READ,18.5,OK,user-db,v1.1.0,03d5fbd85cfe42d3a67e9ffe7972bac5
live_ep_000001_LATENCY_SPIKE,LATENCY_SPIKE,payment-service,47.5,1785908330.040505,88b818eaf01b402da4c9f3d6edb89ca8,fe23fc4a8d214496a3f9547ed0c5cb96,http.client.get,,18.36,OK,inventory-api,v1.1.0,03d5fbd85cfe42d3a67e9ffe7972bac5
live_ep_000001_LATENCY_SPIKE,LATENCY_SPIKE,payment-service,48.0,1785908330.5408604,925a13b036984cfba96641b5075fdb6e,,GET /api/order,,91.39,OK,payment-service,v1.1.0,e79f6870a87a4c969de5ac15ef4d0ea8
live_ep_000001_LATENCY_SPIKE,LATENCY_SPIKE,payment-service,48.0,1785908330.5408604,b044f87ce4f4439785ef8a7485be4415,925a13b036984cfba96641b5075fdb6e,db.query.insert,WRITE,20.73,OK,user-db,v1.1.0,e79f6870a87a4c969de5ac15ef4d0ea8
live_ep_000001_LATENCY_SPIKE,LATENCY_SPIKE,payment-service,48.0,1785908330.5408604,058102a38513409cbb39b7dfc8cc33f5,925a13b036984cfba96641b5075fdb6e,db.query.insert,READ,29.46,OK,user-db,v1.1.0,e79f6870a87a4c969de5ac15ef4d0ea8
live_ep_000001_LATENCY_SPIKE,LATENCY_SPIKE,payment-service,48.0,1785908330.5408604,a9832b56399d46618f086d2973040037,925a13b036984cfba96641b5075fdb6e,grpc.call,,35.66,OK,payment-gateway,v1.1.0,e79f6870a87a4c969de5ac15ef4d0ea8
live_ep_000001_LATENCY_SPIKE,LATENCY_SPIKE,payment-service,48.5,1785908331.0410933,13d45484abe34e5590073e7a2ec75c0d,,GET /api/health,,131.92,OK,payment-service,v1.1.0,49c8e6582f084f99b2cf930fc1d0fbc5
live_ep_000001_LATENCY_SPIKE,LATENCY_SPIKE,payment-service,48.5,1785908331.0410933,47283909813c4ac0b5a53a28047c93e9,13d45484abe34e5590073e7a2ec75c0d,db.query.select,WRITE,16.15,OK,user-db,v1.1.0,49c8e6582f084f99b2cf930fc1d0fbc5
live_ep_000001_LATENCY_SPIKE,LATENCY_SPIKE,payment-service,48.5,1785908331.0410933,a09e42c78a4e4b3ca5fd21729f5de8a8,13d45484abe34e5590073e7a2ec75c0d,db.query.insert,READ,20.4,OK,user-db,v1.1.0,49c8e6582f084f99b2cf930fc1d0fbc5
live_ep_000001_LATENCY_SPIKE,LATENCY_SPIKE,payment-service,48.5,1785908331.0410933,a323002605ec4b35ad9fe87a58b27294,13d45484abe34e5590073e7a2ec75c0d,cache.set,,2.25,OK,cache-cluster,v1.1.0,49c8e6582f084f99b2cf930fc1d0fbc5
live_ep_000001_LATENCY_SPIKE,LATENCY_SPIKE,payment-service,48.5,1785908331.0410933,cadbee86477049e182466ce67493c394,13d45484abe34e5590073e7a2ec75c0d,http.client.post,,19.73,OK,payment-gateway,v1.1.0,49c8e6582f084f99b2cf930fc1d0fbc5
live_ep_000001_LATENCY_SPIKE,LATENCY_SPIKE,payment-service,49.0,1785908331.5414813,7da18ea3f98745fe925c6e31ae0a57b1,,POST /api/payment,,307.76,OK,payment-service,v1.1.0,6ca93c3970f749dfa663398c7257b9a9
live_ep_000001_LATENCY_SPIKE,LATENCY_SPIKE,payment-service,49.0,1785908331.5414813,a4912ebc11f149359adce0864b2e74c7,7da18ea3f98745fe925c6e31ae0a57b1,db.query.insert,READ,24.45,OK,user-db,v1.1.0,6ca93c3970f749dfa663398c7257b9a9
live_ep_000001_LATENCY_SPIKE,LATENCY_SPIKE,payment-service,49.0,1785908331.5414813,534fb617d53f452ead48f4c86d495c0e,7da18ea3f98745fe925c6e31ae0a57b1,db.transaction,READ,9.12,OK,user-db,v1.1.0,6ca93c3970f749dfa663398c7257b9a9
live_ep_000001_LATENCY_SPIKE,LATENCY_SPIKE,payment-service,49.0,1785908331.5414813,592258637cc741e78fb650bb25b822b6,7da18ea3f98745fe925c6e31ae0a57b1,cache.delete,,3.18,OK,cache-cluster,v1.1.0,6ca93c3970f749dfa663398c7257b9a9
live_ep_000001_LATENCY_SPIKE,LATENCY_SPIKE,payment-service,49.5,1785908332.0420105,8e3522ea050c4ddfac37270804171b1e,,POST /api/payment,,112.21,OK,payment-service,v1.1.0,18cb5ab23bb64da9aa896da87b624008
live_ep_000001_LATENCY_SPIKE,LATENCY_SPIKE,payment-service,49.5,1785908332.0420105,2882ec84d55e41ba960c576534ce0881,8e3522ea050c4ddfac37270804171b1e,db.query.insert,WRITE,24.98,OK,user-db,v1.1.0,18cb5ab23bb64da9aa896da87b624008
live_ep_000001_LATENCY_SPIKE,LATENCY_SPIKE,payment-service,49.5,1785908332.0420105,3962a896a8d4403ab1bcb000c997d14a,8e3522ea050c4ddfac37270804171b1e,http.client.get,,30.75,OK,payment-gateway,v1.1.0,18cb5ab23bb64da9aa896da87b624008
live_ep_000001_LATENCY_SPIKE,LATENCY_SPIKE,payment-service,50.0,1785908332.542144,adaf20cbbed14f178145ab12d77fdada,,GET /api/health,,100.25,OK,payment-service,v1.1.0,f5790410b6a341f0b0077921038bedb3
live_ep_000001_LATENCY_SPIKE,LATENCY_SPIKE,payment-service,50.0,1785908332.542144,766468209cdf4286aeff1429b9167591,adaf20cbbed14f178145ab12d77fdada,db.query.delete,WRITE,35.0,OK,user-db,v1.1.0,f5790410b6a341f0b0077921038bedb3
live_ep_000001_LATENCY_SPIKE,LATENCY_SPIKE,payment-service,50.0,1785908332.542144,b43039a58d7349f398c993595303a4c3,adaf20cbbed14f178145ab12d77fdada,db.query.insert,WRITE,13.26,OK,user-db,v1.1.0,f5790410b6a341f0b0077921038bedb3
live_ep_000001_LATENCY_SPIKE,LATENCY_SPIKE,payment-service,50.5,1785908333.0422294,8dcf3dca6fa441a89995a27918b938f0,,GET /api/auth,,109.66,OK,payment-service,v1.1.0,e97fd061d2ae4e04855b13f90982c4bb
live_ep_000001_LATENCY_SPIKE,LATENCY_SPIKE,payment-service,50.5,1785908333.0422294,e5275c9ef3564e4496f071617921b7f4,8dcf3dca6fa441a89995a27918b938f0,db.query.select,WRITE,14.98,OK,user-db,v1.1.0,e97fd061d2ae4e04855b13f90982c4bb
live_ep_000001_LATENCY_SPIKE,LATENCY_SPIKE,payment-service,50.5,1785908333.0422294,410aac65ce9040b0ac64613ddba8f965,8dcf3dca6fa441a89995a27918b938f0,db.query.update,WRITE,10.42,OK,user-db,v1.1.0,e97fd061d2ae4e04855b13f90982c4bb
live_ep_000001_LATENCY_SPIKE,LATENCY_SPIKE,payment-service,50.5,1785908333.0422294,019b71d6755c446f82b73a9ec5fbf2ef,8dcf3dca6fa441a89995a27918b938f0,cache.delete,,1.99,OK,cache-cluster,v1.1.0,e97fd061d2ae4e04855b13f90982c4bb
live_ep_000001_LATENCY_SPIKE,LATENCY_SPIKE,payment-service,50.5,1785908333.0422294,65a2d5641b914b5d824d77fa975c88a1,8dcf3dca6fa441a89995a27918b938f0,http.client.post,,32.12,OK,inventory-api,v1.1.0,e97fd061d2ae4e04855b13f90982c4bb
live_ep_000001_LATENCY_SPIKE,LATENCY_SPIKE,payment-service,51.0,1785908333.5426447,ddc4988e8b034c169d8c14b3d754dedb,,GET /api/order,,72.93,OK,payment-service,v1.1.0,0dc0e70ae9734d21906c71cb315c1347
live_ep_000001_LATENCY_SPIKE,LATENCY_SPIKE,payment-service,51.0,1785908333.5426447,0a2d01ea5ffb48f9907e9d2b6cb377ce,ddc4988e8b034c169d8c14b3d754dedb,db.transaction,READ,37.42,OK,user-db,v1.1.0,0dc0e70ae9734d21906c71cb315c1347
live_ep_000001_LATENCY_SPIKE,LATENCY_SPIKE,payment-service,51.0,1785908333.5426447,98517751f9d043768f99fb726feeb95c,ddc4988e8b034c169d8c14b3d754dedb,db.query.select,WRITE,35.11,OK,user-db,v1.1.0,0dc0e70ae9734d21906c71cb315c1347
live_ep_000001_LATENCY_SPIKE,LATENCY_SPIKE,payment-service,51.0,1785908333.5426447,00e596f76bea49788d57b18453053173,ddc4988e8b034c169d8c14b3d754dedb,grpc.call,,41.58,OK,cache-cluster,v1.1.0,0dc0e70ae9734d21906c71cb315c1347
live_ep_000001_LATENCY_SPIKE,LATENCY_SPIKE,payment-service,51.5,1785908334.0427272,46bf6e2c6d4c472d985b5319f9e2cafa,,GET /api/auth,,141.3,OK,payment-service,v1.1.0,2010a1468dc34843949c3483537fadf6
live_ep_000001_LATENCY_SPIKE,LATENCY_SPIKE,payment-service,51.5,1785908334.0427272,376225165717462a83f6f15ddaf75bc4,46bf6e2c6d4c472d985b5319f9e2cafa,db.query.select,READ,28.19,OK,user-db,v1.1.0,2010a1468dc34843949c3483537fadf6
live_ep_000001_LATENCY_SPIKE,LATENCY_SPIKE,payment-service,51.5,1785908334.0427272,52afd4454dc04a2f832e1a54f96d9fd9,46bf6e2c6d4c472d985b5319f9e2cafa,db.query.update,WRITE,17.57,OK,user-db,v1.1.0,2010a1468dc34843949c3483537fadf6
live_ep_000001_LATENCY_SPIKE,LATENCY_SPIKE,payment-service,51.5,1785908334.0427272,03579f4718b240af9682c64c6e314745,46bf6e2c6d4c472d985b5319f9e2cafa,cache.delete,,2.04,OK,cache-cluster,v1.1.0,2010a1468dc34843949c3483537fadf6
live_ep_000001_LATENCY_SPIKE,LATENCY_SPIKE,payment-service,52.0,1785908334.543274,a445b7a5803143c19722b81c6f933791,,GET /api/auth,,118.69,OK,payment-service,v1.1.0,17dd22715f2d41129ee13fed92797645
live_ep_000001_LATENCY_SPIKE,LATENCY_SPIKE,payment-service,52.0,1785908334.543274,df4043f9b428481bae0b6ac6ffd9c308,a445b7a5803143c19722b81c6f933791,db.query.insert,READ,39.4,OK,user-db,v1.1.0,17dd22715f2d41129ee13fed92797645
live_ep_000001_LATENCY_SPIKE,LATENCY_SPIKE,payment-service,52.0,1785908334.543274,fbcb957aff7e478fba7223ea4d9ffbdd,a445b7a5803143c19722b81c6f933791,cache.set,,1.99,OK,cache-cluster,v1.1.0,17dd22715f2d41129ee13fed92797645
live_ep_000001_LATENCY_SPIKE,LATENCY_SPIKE,payment-service,52.0,1785908334.543274,e063ae290694470598fa1a21cc4aca28,a445b7a5803143c19722b81c6f933791,http.client.get,,24.51,OK,cache-cluster,v1.1.0,17dd22715f2d41129ee13fed92797645
live_ep_000001_LATENCY_SPIKE,LATENCY_SPIKE,payment-service,52.5,1785908335.0434794,a3744d96e76b499f875bc6006a8cea13,,PUT /api/inventory,,145.98,OK,payment-service,v1.1.0,1a40a8f524a54a9c86f3dd55b00d607f
live_ep_000001_LATENCY_SPIKE,LATENCY_SPIKE,payment-service,52.5,1785908335.0434794,e730b5aa69ee43f99a988b9225d041db,a3744d96e76b499f875bc6006a8cea13,db.query.insert,WRITE,23.46,OK,user-db,v1.1.0,1a40a8f524a54a9c86f3dd55b00d607f
live_ep_000001_LATENCY_SPIKE,LATENCY_SPIKE,payment-service,52.5,1785908335.0434794,f1b3a8c67b8e48aeb359dbe668abd6a3,a3744d96e76b499f875bc6006a8cea13,db.query.update,WRITE,39.34,OK,user-db,v1.1.0,1a40a8f524a54a9c86f3dd55b00d607f
live_ep_000001_LATENCY_SPIKE,LATENCY_SPIKE,payment-service,52.5,1785908335.0434794,cf0225d01bc34f44b714ce25e8d528b0,a3744d96e76b499f875bc6006a8cea13,cache.set,,2.96,OK,cache-cluster,v1.1.0,1a40a8f524a54a9c86f3dd55b00d607f
live_ep_000001_LATENCY_SPIKE,LATENCY_SPIKE,payment-service,53.0,1785908335.543617,8080a46f53b94cf181f54970f00286c6,,GET /api/auth,,98.3,OK,payment-service,v1.1.0,8015831237be4962abaa0c6c5c258998
live_ep_000001_LATENCY_SPIKE,LATENCY_SPIKE,payment-service,53.0,1785908335.543617,a1d866b66bbd4bb8828913f987914ec2,8080a46f53b94cf181f54970f00286c6,db.query.delete,READ,17.06,OK,user-db,v1.1.0,8015831237be4962abaa0c6c5c258998
live_ep_000001_LATENCY_SPIKE,LATENCY_SPIKE,payment-service,53.0,1785908335.543617,a1ffdbe113e7474d998b4d1aca29caf2,8080a46f53b94cf181f54970f00286c6,db.query.select,READ,8.53,OK,user-db,v1.1.0,8015831237be4962abaa0c6c5c258998
live_ep_000001_LATENCY_SPIKE,LATENCY_SPIKE,payment-service,53.0,1785908335.543617,8289acbdcf704915887a63d4d1f77c32,8080a46f53b94cf181f54970f00286c6,cache.delete,,2.93,OK,cache-cluster,v1.1.0,8015831237be4962abaa0c6c5c258998
live_ep_000001_LATENCY_SPIKE,LATENCY_SPIKE,payment-service,53.0,1785908335.543617,427a3dc96b234772b1c0686a834a71c4,8080a46f53b94cf181f54970f00286c6,http.client.get,,28.83,OK,payment-gateway,v1.1.0,8015831237be4962abaa0c6c5c258998
live_ep_000001_LATENCY_SPIKE,LATENCY_SPIKE,payment-service,53.5,1785908336.0436912,c558a629290c484f841425dd536f5849,,GET /api/health,,132.96,OK,payment-service,v1.1.0,f3e7866c183a46819c6c6bc4f33380fb
live_ep_000001_LATENCY_SPIKE,LATENCY_SPIKE,payment-service,53.5,1785908336.0436912,331e868d3d5b4d3081ef8671f3329aac,c558a629290c484f841425dd536f5849,db.query.update,READ,18.7,OK,user-db,v1.1.0,f3e7866c183a46819c6c6bc4f33380fb
live_ep_000001_LATENCY_SPIKE,LATENCY_SPIKE,payment-service,53.5,1785908336.0436912,6c2eb1daa4b4463599515e1b3818a533,c558a629290c484f841425dd536f5849,http.client.post,,33.72,OK,user-db,v1.1.0,f3e7866c183a46819c6c6bc4f33380fb
live_ep_000001_LATENCY_SPIKE,LATENCY_SPIKE,payment-service,54.0,1785908336.5441854,9842d51124514aa1a56cf9645e471424,,GET /api/auth,,122.58,OK,payment-service,v1.1.0,f7d586588ee84826ada0e7b60973fbff
live_ep_000001_LATENCY_SPIKE,LATENCY_SPIKE,payment-service,54.0,1785908336.5441854,4695da5d512b423e80e164b03d59c259,9842d51124514aa1a56cf9645e471424,db.query.insert,WRITE,11.02,OK,user-db,v1.1.0,f7d586588ee84826ada0e7b60973fbff
live_ep_000001_LATENCY_SPIKE,LATENCY_SPIKE,payment-service,54.5,1785908337.044684,1728936049e8417b8eca205effd1fb73,,POST /api/payment,,144.12,OK,payment-service,v1.1.0,d79303e7f7df4050a303892079d1aa7c
live_ep_000001_LATENCY_SPIKE,LATENCY_SPIKE,payment-service,54.5,1785908337.044684,239c463bd8494672bf6faaa8281a84c5,1728936049e8417b8eca205effd1fb73,db.query.update,READ,17.5,OK,user-db,v1.1.0,d79303e7f7df4050a303892079d1aa7c
live_ep_000001_LATENCY_SPIKE,LATENCY_SPIKE,payment-service,54.5,1785908337.044684,c331774dcf174878ae385695d7d520ed,1728936049e8417b8eca205effd1fb73,cache.get,,3.15,OK,cache-cluster,v1.1.0,d79303e7f7df4050a303892079d1aa7c
live_ep_000001_LATENCY_SPIKE,LATENCY_SPIKE,payment-service,55.0,1785908337.5448394,33e61547e7104a2a90551ce4f8608c29,,POST /api/checkout,,151.02,OK,payment-service,v1.1.0,175a7bb1c6cf4bee81ae87913ee39412
live_ep_000001_LATENCY_SPIKE,LATENCY_SPIKE,payment-service,55.0,1785908337.5448394,0e738553a4dc47e19c0b826ce7ad32c3,33e61547e7104a2a90551ce4f8608c29,db.query.select,WRITE,27.7,OK,user-db,v1.1.0,175a7bb1c6cf4bee81ae87913ee39412
live_ep_000001_LATENCY_SPIKE,LATENCY_SPIKE,payment-service,55.0,1785908337.5448394,8d68e7667225494b9234c05633f9d47f,33e61547e7104a2a90551ce4f8608c29,db.query.delete,READ,22.86,OK,user-db,v1.1.0,175a7bb1c6cf4bee81ae87913ee39412
live_ep_000001_LATENCY_SPIKE,LATENCY_SPIKE,payment-service,55.0,1785908337.5448394,68b6d904142a4d7cbefdca8a498b0837,33e61547e7104a2a90551ce4f8608c29,cache.delete,,1.84,OK,cache-cluster,v1.1.0,175a7bb1c6cf4bee81ae87913ee39412
live_ep_000001_LATENCY_SPIKE,LATENCY_SPIKE,payment-service,55.5,1785908338.0453062,8ea33149a09e47348e671d38a8a91d11,,GET /api/auth,,104.16,OK,payment-service,v1.1.0,17df1ba0f04741f48e4030b8130ef0b6
live_ep_000001_LATENCY_SPIKE,LATENCY_SPIKE,payment-service,55.5,1785908338.0453062,7cfc5b68caf748b6bfdbc1a14233cb7a,8ea33149a09e47348e671d38a8a91d11,db.transaction,READ,15.93,OK,user-db,v1.1.0,17df1ba0f04741f48e4030b8130ef0b6
live_ep_000001_LATENCY_SPIKE,LATENCY_SPIKE,payment-service,55.5,1785908338.0453062,d10ca3d1ada44e44adcc20cadbb2f9fa,8ea33149a09e47348e671d38a8a91d11,db.query.update,READ,19.2,OK,user-db,v1.1.0,17df1ba0f04741f48e4030b8130ef0b6
live_ep_000001_LATENCY_SPIKE,LATENCY_SPIKE,payment-service,56.0,1785908338.5455256,28c6c3031f534c0da3d2934f5cd78847,,GET /api/auth,,131.71,OK,payment-service,v1.1.0,308b47e9fafc4078b320c21f456aff4a
live_ep_000001_LATENCY_SPIKE,LATENCY_SPIKE,payment-service,56.0,1785908338.5455256,d805d5ba5473402eabe123ca5718f73e,28c6c3031f534c0da3d2934f5cd78847,db.query.select,READ,16.04,OK,user-db,v1.1.0,308b47e9fafc4078b320c21f456aff4a
live_ep_000001_LATENCY_SPIKE,LATENCY_SPIKE,payment-service,56.0,1785908338.5455256,7a4cc2fde6654dd88563c0c47f34b617,28c6c3031f534c0da3d2934f5cd78847,db.query.insert,READ,11.69,OK,user-db,v1.1.0,308b47e9fafc4078b320c21f456aff4a
live_ep_000001_LATENCY_SPIKE,LATENCY_SPIKE,payment-service,56.5,1785908339.0457668,bf8212c9cc5b481386b2ac1a4c8effb8,,POST /api/checkout,,103.3,OK,payment-service,v1.1.0,cea90fd832274e4e8b90bf7b59f8eed1
live_ep_000001_LATENCY_SPIKE,LATENCY_SPIKE,payment-service,56.5,1785908339.0457668,d9cccbc381e44b418cd883fb48e47024,bf8212c9cc5b481386b2ac1a4c8effb8,db.query.delete,READ,5.3,OK,user-db,v1.1.0,cea90fd832274e4e8b90bf7b59f8eed1
live_ep_000001_LATENCY_SPIKE,LATENCY_SPIKE,payment-service,56.5,1785908339.0457668,e352729b6d404d1c80fbd5e15104d403,bf8212c9cc5b481386b2ac1a4c8effb8,cache.delete,,1.16,OK,cache-cluster,v1.1.0,cea90fd832274e4e8b90bf7b59f8eed1
live_ep_000001_LATENCY_SPIKE,LATENCY_SPIKE,payment-service,57.0,1785908339.546174,f462e034006c4cbbabecc46e361e116f,,GET /api/auth,,143.53,OK,payment-service,v1.1.0,62ef44ae60b84cf4a1b2c58e34987868
live_ep_000001_LATENCY_SPIKE,LATENCY_SPIKE,payment-service,57.0,1785908339.546174,02839eac06264ad1871ce02aab144296,f462e034006c4cbbabecc46e361e116f,db.query.update,WRITE,15.03,OK,user-db,v1.1.0,62ef44ae60b84cf4a1b2c58e34987868
live_ep_000001_LATENCY_SPIKE,LATENCY_SPIKE,payment-service,57.0,1785908339.546174,522c1e6aa045455584088a7c02c66211,f462e034006c4cbbabecc46e361e116f,db.query.select,READ,31.2,OK,user-db,v1.1.0,62ef44ae60b84cf4a1b2c58e34987868
live_ep_000001_LATENCY_SPIKE,LATENCY_SPIKE,payment-service,57.0,1785908339.546174,d2f8949e8f984593b170829fdd689ce9,f462e034006c4cbbabecc46e361e116f,cache.delete,,1.62,OK,cache-cluster,v1.1.0,62ef44ae60b84cf4a1b2c58e34987868
live_ep_000001_LATENCY_SPIKE,LATENCY_SPIKE,payment-service,57.0,1785908339.546174,709810281542411a81b1a6342b28f2d3,f462e034006c4cbbabecc46e361e116f,http.client.get,,23.4,OK,payment-gateway,v1.1.0,62ef44ae60b84cf4a1b2c58e34987868
live_ep_000001_LATENCY_SPIKE,LATENCY_SPIKE,payment-service,57.5,1785908340.0463717,aa863af0579f46ba9331685ad6e0faf0,,GET /api/auth,,551.16,OK,payment-service,v1.1.0,d6ccaa939747443394642548a136367c
live_ep_000001_LATENCY_SPIKE,LATENCY_SPIKE,payment-service,57.5,1785908340.0463717,10d2dbbf5ae94d51989112df8877a23e,aa863af0579f46ba9331685ad6e0faf0,db.query.delete,READ,26.67,OK,user-db,v1.1.0,d6ccaa939747443394642548a136367c
live_ep_000001_LATENCY_SPIKE,LATENCY_SPIKE,payment-service,57.5,1785908340.0463717,cb4cbb6d5fd340238141f79b6bce19b8,aa863af0579f46ba9331685ad6e0faf0,cache.delete,,3.05,OK,cache-cluster,v1.1.0,d6ccaa939747443394642548a136367c
live_ep_000001_LATENCY_SPIKE,LATENCY_SPIKE,payment-service,58.0,1785908340.5466094,25a343aacd9048d9827d96d58d1ffd26,,GET /api/health,,113.45,OK,payment-service,v1.1.0,4a9f4709867f4b679ef651afeb5e4000
live_ep_000001_LATENCY_SPIKE,LATENCY_SPIKE,payment-service,58.0,1785908340.5466094,c20b61849c6d41a1b51bf0cbdb66f33b,25a343aacd9048d9827d96d58d1ffd26,db.query.delete,WRITE,23.69,OK,user-db,v1.1.0,4a9f4709867f4b679ef651afeb5e4000
live_ep_000001_LATENCY_SPIKE,LATENCY_SPIKE,payment-service,58.0,1785908340.5466094,1b5da74e15304ab0992cec4fe65f924f,25a343aacd9048d9827d96d58d1ffd26,cache.delete,,26.68,OK,cache-cluster,v1.1.0,4a9f4709867f4b679ef651afeb5e4000
live_ep_000001_LATENCY_SPIKE,LATENCY_SPIKE,payment-service,58.0,1785908340.5466094,8d17cf178b394accb926b60d233a15d4,25a343aacd9048d9827d96d58d1ffd26,grpc.call,,30.52,OK,user-db,v1.1.0,4a9f4709867f4b679ef651afeb5e4000
live_ep_000001_LATENCY_SPIKE,LATENCY_SPIKE,payment-service,58.5,1785908341.0468013,f82fa3242e064a8f862bdfbd61c402e3,,POST /api/payment,,106.95,OK,payment-service,v1.1.0,363e3120cc964df9bbe1e8970a2aa9a2
live_ep_000001_LATENCY_SPIKE,LATENCY_SPIKE,payment-service,58.5,1785908341.0468013,2e60103b466f4c2cbd3315f483ab2699,f82fa3242e064a8f862bdfbd61c402e3,db.transaction,WRITE,35.08,OK,user-db,v1.1.0,363e3120cc964df9bbe1e8970a2aa9a2
live_ep_000001_LATENCY_SPIKE,LATENCY_SPIKE,payment-service,58.5,1785908341.0468013,38be34e09ba64cf083a58b56497e561f,f82fa3242e064a8f862bdfbd61c402e3,cache.delete,,1.41,OK,cache-cluster,v1.1.0,363e3120cc964df9bbe1e8970a2aa9a2
live_ep_000001_LATENCY_SPIKE,LATENCY_SPIKE,payment-service,59.0,1785908341.5471861,b9cfcef183df4926bce36abb1aa00cd6,,GET /api/auth,,131.62,OK,payment-service,v1.1.0,60e41405b2e546749bb22161ee7dd177
live_ep_000001_LATENCY_SPIKE,LATENCY_SPIKE,payment-service,59.0,1785908341.5471861,ad08dfa86c204619a3b00d993efc1ede,b9cfcef183df4926bce36abb1aa00cd6,db.query.select,READ,15.04,OK,user-db,v1.1.0,60e41405b2e546749bb22161ee7dd177
live_ep_000001_LATENCY_SPIKE,LATENCY_SPIKE,payment-service,59.0,1785908341.5471861,59310e8c6da844eeb1c5a96f0f142ffc,b9cfcef183df4926bce36abb1aa00cd6,db.query.delete,WRITE,18.37,OK,user-db,v1.1.0,60e41405b2e546749bb22161ee7dd177
live_ep_000001_LATENCY_SPIKE,LATENCY_SPIKE,payment-service,59.0,1785908341.5471861,e33ec7620f054fcc80353b42838c1a03,b9cfcef183df4926bce36abb1aa00cd6,cache.get,,1.5,OK,cache-cluster,v1.1.0,60e41405b2e546749bb22161ee7dd177
live_ep_000001_LATENCY_SPIKE,LATENCY_SPIKE,payment-service,59.0,1785908341.5471861,41a4c321402341da954afcad5902a8a7,b9cfcef183df4926bce36abb1aa00cd6,grpc.call,,53.0,OK,cache-cluster,v1.1.0,60e41405b2e546749bb22161ee7dd177
live_ep_000001_LATENCY_SPIKE,LATENCY_SPIKE,payment-service,59.5,1785908342.0472987,6cadff8141ff41d3a603c38bcb363552,,GET /api/auth,,280.02,ERROR,payment-service,v1.1.0,e74c3328c2924a9aaf3884dacb830c85
live_ep_000001_LATENCY_SPIKE,LATENCY_SPIKE,payment-service,59.5,1785908342.0472987,d74d3d7850554d93a91d88069c88acd1,6cadff8141ff41d3a603c38bcb363552,db.query.update,WRITE,21.13,OK,user-db,v1.1.0,e74c3328c2924a9aaf3884dacb830c85
live_ep_000002_NONE,NONE,auth-service,0.0,1785908342.5488994,036fbd0f7fde46ceb376e24e69845bc2,,GET /api/order,,114.74,OK,auth-service,v1.2.3,dd5faa6f210b4bb886972d1bfdc34f55
live_ep_000002_NONE,NONE,auth-service,0.0,1785908342.5488994,92e7936801cb4463be08c7a9d941cb56,036fbd0f7fde46ceb376e24e69845bc2,db.query.select,READ,50.76,OK,user-db,v1.2.3,dd5faa6f210b4bb886972d1bfdc34f55
live_ep_000002_NONE,NONE,auth-service,0.0,1785908342.5488994,bdb7664dc133494c9c5d6195d86225a5,036fbd0f7fde46ceb376e24e69845bc2,db.query.update,READ,47.55,OK,user-db,v1.2.3,dd5faa6f210b4bb886972d1bfdc34f55
live_ep_000002_NONE,NONE,auth-service,0.0,1785908342.5488994,3fb6b190142c4052a3ae7a643670e1db,036fbd0f7fde46ceb376e24e69845bc2,cache.set,,3.44,OK,cache-cluster,v1.2.3,dd5faa6f210b4bb886972d1bfdc34f55
live_ep_000002_NONE,NONE,auth-service,0.0,1785908342.5488994,d81397f308f747ce8b31bf9de63464bc,036fbd0f7fde46ceb376e24e69845bc2,grpc.call,,29.61,OK,inventory-api,v1.2.3,dd5faa6f210b4bb886972d1bfdc34f55
live_ep_000002_NONE,NONE,auth-service,0.5,1785908343.0493474,baa0d9a2968c4bad9bb0564afcc939e9,,GET /api/health,,103.29,OK,auth-service,v1.2.3,3d9587a47eab4eab81efd38690f4ff80
live_ep_000002_NONE,NONE,auth-service,0.5,1785908343.0493474,eee8900c8a69455bb46958f4e7a6d5ea,baa0d9a2968c4bad9bb0564afcc939e9,db.query.insert,WRITE,16.63,OK,user-db,v1.2.3,3d9587a47eab4eab81efd38690f4ff80
live_ep_000002_NONE,NONE,auth-service,0.5,1785908343.0493474,25cf911c1f3d47a697feb98ece9cc6ec,baa0d9a2968c4bad9bb0564afcc939e9,cache.set,,1.72,OK,cache-cluster,v1.2.3,3d9587a47eab4eab81efd38690f4ff80
live_ep_000002_NONE,NONE,auth-service,0.5,1785908343.0493474,f7f904092453442a8e4edd8340be33fd,baa0d9a2968c4bad9bb0564afcc939e9,grpc.call,,20.89,OK,payment-gateway,v1.2.3,3d9587a47eab4eab81efd38690f4ff80
live_ep_000002_NONE,NONE,auth-service,1.0,1785908343.5499153,3d2727cfbfc64520994a8b3b0406fe31,,GET /api/health,,140.25,OK,auth-service,v1.2.3,c85bba5e621a4e959ee1c194c33d504b
live_ep_000002_NONE,NONE,auth-service,1.0,1785908343.5499153,2caf641ca4de4274a98b636b3c65f8e4,3d2727cfbfc64520994a8b3b0406fe31,db.query.update,READ,18.97,OK,user-db,v1.2.3,c85bba5e621a4e959ee1c194c33d504b
live_ep_000002_NONE,NONE,auth-service,1.0,1785908343.5499153,fed6ee988f164ab1a5ce8dfe92852342,3d2727cfbfc64520994a8b3b0406fe31,db.query.update,WRITE,15.46,OK,user-db,v1.2.3,c85bba5e621a4e959ee1c194c33d504b
live_ep_000002_NONE,NONE,auth-service,1.0,1785908343.5499153,10f39741072441da9d80251c157648a7,3d2727cfbfc64520994a8b3b0406fe31,cache.get,,1.48,OK,cache-cluster,v1.2.3,c85bba5e621a4e959ee1c194c33d504b
live_ep_000002_NONE,NONE,auth-service,1.0,1785908343.5499153,09e834c4a1f94d158e3f23f65f9b2c12,3d2727cfbfc64520994a8b3b0406fe31,http.client.post,,35.93,OK,cache-cluster,v1.2.3,c85bba5e621a4e959ee1c194c33d504b
live_ep_000002_NONE,NONE,auth-service,1.5,1785908344.0504744,e167ac1550434106aa33dbac96bd3d68,,GET /api/health,,143.81,OK,auth-service,v1.2.3,849f8097740b4332b496db94ad3a1cbd
live_ep_000002_NONE,NONE,auth-service,1.5,1785908344.0504744,be50811e2d42499d9a9064e6357966ad,e167ac1550434106aa33dbac96bd3d68,db.query.update,WRITE,33.03,OK,user-db,v1.2.3,849f8097740b4332b496db94ad3a1cbd
live_ep_000002_NONE,NONE,auth-service,2.0,1785908344.5505626,6694bef8725145948a6ce99040184747,,GET /api/order,,136.69,OK,auth-service,v1.2.3,7e8145134a8641609868f15bc96e48fb
live_ep_000002_NONE,NONE,auth-service,2.0,1785908344.5505626,fd472c1697b84c89b250cc3a96078bf4,6694bef8725145948a6ce99040184747,db.query.insert,READ,15.82,OK,user-db,v1.2.3,7e8145134a8641609868f15bc96e48fb
live_ep_000002_NONE,NONE,auth-service,2.0,1785908344.5505626,55ce99732a7943c29e68a2b793956c83,6694bef8725145948a6ce99040184747,db.query.insert,READ,10.61,OK,user-db,v1.2.3,7e8145134a8641609868f15bc96e48fb
live_ep_000002_NONE,NONE,auth-service,2.0,1785908344.5505626,f73b6104a7c74806a18f153f4f0b240c,6694bef8725145948a6ce99040184747,cache.get,,1.73,OK,cache-cluster,v1.2.3,7e8145134a8641609868f15bc96e48fb
live_ep_000002_NONE,NONE,auth-service,2.0,1785908344.5505626,d84e32e98fde4ac7b0b409b042f1f13d,6694bef8725145948a6ce99040184747,http.client.post,,31.81,OK,inventory-api,v1.2.3,7e8145134a8641609868f15bc96e48fb
live_ep_000002_NONE,NONE,auth-service,2.5,1785908345.0507264,d4988647bbd644aa83da0168780437cd,,PUT /api/inventory,,126.65,ERROR,auth-service,v1.2.3,fce2ef1f028640069321c1cd13d0b68a
live_ep_000002_NONE,NONE,auth-service,2.5,1785908345.0507264,27bb36ae30014a25957521d0f9f1cfc8,d4988647bbd644aa83da0168780437cd,db.query.delete,READ,14.66,OK,user-db,v1.2.3,fce2ef1f028640069321c1cd13d0b68a
live_ep_000002_NONE,NONE,auth-service,2.5,1785908345.0507264,6e338882f2654392833b1114be9f2a5f,d4988647bbd644aa83da0168780437cd,cache.delete,,2.28,OK,cache-cluster,v1.2.3,fce2ef1f028640069321c1cd13d0b68a
live_ep_000002_NONE,NONE,auth-service,3.0,1785908345.550915,3b15dab063164db4b8a9d550fa42d6d3,,GET /api/health,,130.14,OK,auth-service,v1.2.3,756f0ae76ecf4805b7f1e12124564ff8
live_ep_000002_NONE,NONE,auth-service,3.0,1785908345.550915,7443ebbd2e724db9aba36276291b0844,3b15dab063164db4b8a9d550fa42d6d3,db.query.update,READ,23.18,OK,user-db,v1.2.3,756f0ae76ecf4805b7f1e12124564ff8
live_ep_000002_NONE,NONE,auth-service,3.0,1785908345.550915,ff8f206c6c814551b63992c4e6c17c33,3b15dab063164db4b8a9d550fa42d6d3,cache.delete,,2.64,OK,cache-cluster,v1.2.3,756f0ae76ecf4805b7f1e12124564ff8
live_ep_000002_NONE,NONE,auth-service,3.5,1785908346.051127,c5cd9e91573644e9bf923439d458b2f7,,GET /api/auth,,105.28,OK,auth-service,v1.2.3,f116fa98a2ca4f8aa8af67a4fccc186e
live_ep_000002_NONE,NONE,auth-service,3.5,1785908346.051127,b22091df9f93452c89a1b2929d1f87c0,c5cd9e91573644e9bf923439d458b2f7,db.query.update,WRITE,18.55,OK,user-db,v1.2.3,f116fa98a2ca4f8aa8af67a4fccc186e
live_ep_000002_NONE,NONE,auth-service,3.5,1785908346.051127,9705afb4b7d4439fbd9d6f5efdb15719,c5cd9e91573644e9bf923439d458b2f7,db.query.insert,READ,16.86,OK,user-db,v1.2.3,f116fa98a2ca4f8aa8af67a4fccc186e
live_ep_000002_NONE,NONE,auth-service,4.0,1785908346.5516384,c537c3f772a14c5fac8920d71b049813,,POST /api/payment,,117.78,OK,auth-service,v1.2.3,021aa0bc2b1648049bdea229df3166bc
live_ep_000002_NONE,NONE,auth-service,4.0,1785908346.5516384,b18f7c90a5ac469ebc0e7f212e00e8f4,c537c3f772a14c5fac8920d71b049813,db.transaction,READ,23.87,OK,user-db,v1.2.3,021aa0bc2b1648049bdea229df3166bc
live_ep_000002_NONE,NONE,auth-service,4.0,1785908346.5516384,9d396d892f7b47439df1ac02ca45a45a,c537c3f772a14c5fac8920d71b049813,cache.delete,,0.66,OK,cache-cluster,v1.2.3,021aa0bc2b1648049bdea229df3166bc
live_ep_000002_NONE,NONE,auth-service,4.5,1785908347.0520477,5e0c542dff7b48b48387fcf2c669069f,,PUT /api/inventory,,128.39,OK,auth-service,v1.2.3,f0a258cfdad5433690df8348ef366256
live_ep_000002_NONE,NONE,auth-service,4.5,1785908347.0520477,899e5a8ed2674cdf81cf0318b7c1268b,5e0c542dff7b48b48387fcf2c669069f,db.transaction,READ,22.73,OK,user-db,v1.2.3,f0a258cfdad5433690df8348ef366256
live_ep_000002_NONE,NONE,auth-service,4.5,1785908347.0520477,09579040d87b4a9e91a4f7244e0657d0,5e0c542dff7b48b48387fcf2c669069f,db.query.delete,READ,19.86,OK,user-db,v1.2.3,f0a258cfdad5433690df8348ef366256
live_ep_000002_NONE,NONE,auth-service,4.5,1785908347.0520477,bce45c6b61f14c6486993d64be227408,5e0c542dff7b48b48387fcf2c669069f,cache.delete,,2.46,OK,cache-cluster,v1.2.3,f0a258cfdad5433690df8348ef366256
live_ep_000002_NONE,NONE,auth-service,4.5,1785908347.0520477,18f798cdb9714dd581468eb818d35a71,5e0c542dff7b48b48387fcf2c669069f,http.client.post,,33.28,OK,payment-gateway,v1.2.3,f0a258cfdad5433690df8348ef366256
live_ep_000002_NONE,NONE,auth-service,5.0,1785908347.5528126,7c468464798d41b88d3ee18db1d5bdce,,POST /api/payment,,102.37,OK,auth-service,v1.2.3,b0f5aa391ba34a1ea3f1db76055ee300
live_ep_000002_NONE,NONE,auth-service,5.0,1785908347.5528126,6c01bbba32d440f1a17a246239ca1dd7,7c468464798d41b88d3ee18db1d5bdce,db.query.insert,READ,8.52,OK,user-db,v1.2.3,b0f5aa391ba34a1ea3f1db76055ee300
live_ep_000002_NONE,NONE,auth-service,5.0,1785908347.5528126,550298d0275b412f9ded05ab1b350e5f,7c468464798d41b88d3ee18db1d5bdce,db.query.delete,WRITE,29.88,OK,user-db,v1.2.3,b0f5aa391ba34a1ea3f1db76055ee300
live_ep_000002_NONE,NONE,auth-service,5.5,1785908348.0532386,873d3e6312e64a2890d27d6ddf0e0823,,POST /api/checkout,,122.03,OK,auth-service,v1.2.3,b363bdc442744c04aa91a73cd3c6060f
live_ep_000002_NONE,NONE,auth-service,5.5,1785908348.0532386,66ef3b532bd841f8826fa549204469b4,873d3e6312e64a2890d27d6ddf0e0823,db.query.delete,WRITE,2.79,OK,user-db,v1.2.3,b363bdc442744c04aa91a73cd3c6060f
live_ep_000002_NONE,NONE,auth-service,5.5,1785908348.0532386,5b182653cff641769772c10dd5736956,873d3e6312e64a2890d27d6ddf0e0823,cache.set,,0.72,OK,cache-cluster,v1.2.3,b363bdc442744c04aa91a73cd3c6060f
live_ep_000002_NONE,NONE,auth-service,6.0,1785908348.5534184,b33d08e5ef2c48cf8e3176e357fb2c36,,GET /api/health,,157.1,OK,auth-service,v1.2.3,d0e5e425b246462fa1d34c0da2cf9da3
live_ep_000002_NONE,NONE,auth-service,6.0,1785908348.5534184,96c40b4dc468458384c503a0bbcfc8f7,b33d08e5ef2c48cf8e3176e357fb2c36,db.transaction,WRITE,19.56,OK,user-db,v1.2.3,d0e5e425b246462fa1d34c0da2cf9da3
live_ep_000002_NONE,NONE,auth-service,6.0,1785908348.5534184,3de5f191dee046b3b9409ae7a1007bac,b33d08e5ef2c48cf8e3176e357fb2c36,db.query.insert,WRITE,21.77,OK,user-db,v1.2.3,d0e5e425b246462fa1d34c0da2cf9da3
live_ep_000002_NONE,NONE,auth-service,6.0,1785908348.5534184,3b0f66ce89a0483699e9ec6873383da5,b33d08e5ef2c48cf8e3176e357fb2c36,cache.set,,1.07,OK,cache-cluster,v1.2.3,d0e5e425b246462fa1d34c0da2cf9da3
live_ep_000002_NONE,NONE,auth-service,6.5,1785908349.0537322,c0f581dbdb3442f197713ea1284e069b,,POST /api/checkout,,135.13,ERROR,auth-service,v1.2.3,077e7101441840fc8f6dc18c4a93ca86
live_ep_000002_NONE,NONE,auth-service,6.5,1785908349.0537322,58c57b5880924fe2983353dc1411ecf0,c0f581dbdb3442f197713ea1284e069b,db.transaction,READ,17.0,OK,user-db,v1.2.3,077e7101441840fc8f6dc18c4a93ca86
live_ep_000002_NONE,NONE,auth-service,6.5,1785908349.0537322,029494858dfd4b7daf6d95527d85fb3e,c0f581dbdb3442f197713ea1284e069b,db.query.insert,READ,18.07,OK,user-db,v1.2.3,077e7101441840fc8f6dc18c4a93ca86
live_ep_000002_NONE,NONE,auth-service,6.5,1785908349.0537322,f92b842f8c754fcb8ad58f9631aa0ffe,c0f581dbdb3442f197713ea1284e069b,cache.delete,,2.22,OK,cache-cluster,v1.2.3,077e7101441840fc8f6dc18c4a93ca86
live_ep_000002_NONE,NONE,auth-service,7.0,1785908349.553918,9da242bfe7bb4b6ab1475e8cd176021f,,PUT /api/inventory,,112.5,OK,auth-service,v1.2.3,b84c806ca96e41db97d14bbfae4cf446
live_ep_000002_NONE,NONE,auth-service,7.0,1785908349.553918,8b53013575614f018c446b1ee89752f1,9da242bfe7bb4b6ab1475e8cd176021f,db.query.update,READ,18.56,OK,user-db,v1.2.3,b84c806ca96e41db97d14bbfae4cf446
live_ep_000002_NONE,NONE,auth-service,7.0,1785908349.553918,b90605e97bf74ae3b76ed73889a127e0,9da242bfe7bb4b6ab1475e8cd176021f,db.query.update,READ,5.83,OK,user-db,v1.2.3,b84c806ca96e41db97d14bbfae4cf446
live_ep_000002_NONE,NONE,auth-service,7.5,1785908350.0540318,2b76b58764014c638c5fa314a96e9932,,POST /api/checkout,,103.15,OK,auth-service,v1.2.3,6e1d9dee21fb446589255e062077ecc7
live_ep_000002_NONE,NONE,auth-service,7.5,1785908350.0540318,64b41758de634feabd4a866641613c7d,2b76b58764014c638c5fa314a96e9932,db.query.insert,READ,25.75,OK,user-db,v1.2.3,6e1d9dee21fb446589255e062077ecc7
live_ep_000002_NONE,NONE,auth-service,7.5,1785908350.0540318,5de3465dd5a648f99437140b45c06457,2b76b58764014c638c5fa314a96e9932,cache.delete,,2.02,OK,cache-cluster,v1.2.3,6e1d9dee21fb446589255e062077ecc7
live_ep_000002_NONE,NONE,auth-service,7.5,1785908350.0540318,daf8f7a36ca6410aa07116b28e6da04a,2b76b58764014c638c5fa314a96e9932,http.client.post,,23.47,OK,inventory-api,v1.2.3,6e1d9dee21fb446589255e062077ecc7
live_ep_000002_NONE,NONE,auth-service,8.0,1785908350.554138,9da6430353cf40d0bd58f7ab9afcc62e,,POST /api/checkout,,152.76,OK,auth-service,v1.2.3,ba367bdaf8064a05a8f2036e73b0a8b7
live_ep_000002_NONE,NONE,auth-service,8.0,1785908350.554138,8e7bc551417f4e4bbdfe966e1967980f,9da6430353cf40d0bd58f7ab9afcc62e,db.query.select,READ,23.84,OK,user-db,v1.2.3,ba367bdaf8064a05a8f2036e73b0a8b7
live_ep_000002_NONE,NONE,auth-service,8.0,1785908350.554138,e624fa1895894738849ee7db88220a40,9da6430353cf40d0bd58f7ab9afcc62e,cache.get,,2.4,OK,cache-cluster,v1.2.3,ba367bdaf8064a05a8f2036e73b0a8b7
live_ep_000002_NONE,NONE,auth-service,8.0,1785908350.554138,2fe8644b8297464ea72f8fdd961b60e7,9da6430353cf40d0bd58f7ab9afcc62e,http.client.get,,30.01,OK,user-db,v1.2.3,ba367bdaf8064a05a8f2036e73b0a8b7
live_ep_000002_NONE,NONE,auth-service,8.5,1785908351.0544727,7ef8869c6de34d44b3bc2ec0bf1f221f,,POST /api/checkout,,170.17,OK,auth-service,v1.2.3,99d6beb360b541ed8c413ab3d8cc70e0
live_ep_000002_NONE,NONE,auth-service,8.5,1785908351.0544727,33259206981443bb9482651f5952a011,7ef8869c6de34d44b3bc2ec0bf1f221f,db.query.delete,READ,20.24,OK,user-db,v1.2.3,99d6beb360b541ed8c413ab3d8cc70e0
live_ep_000002_NONE,NONE,auth-service,8.5,1785908351.0544727,2dac0540913143f193f2f764ba1cafa3,7ef8869c6de34d44b3bc2ec0bf1f221f,cache.delete,,1.93,OK,cache-cluster,v1.2.3,99d6beb360b541ed8c413ab3d8cc70e0
live_ep_000002_NONE,NONE,auth-service,8.5,1785908351.0544727,a1ca4064d4fe4bce9c38e4952ce80b18,7ef8869c6de34d44b3bc2ec0bf1f221f,http.client.get,,38.36,OK,cache-cluster,v1.2.3,99d6beb360b541ed8c413ab3d8cc70e0
live_ep_000002_NONE,NONE,auth-service,9.0,1785908351.5546439,1a6242ed6d85428ba1c05e21162e4508,,POST /api/payment,,119.86,OK,auth-service,v1.2.3,b9a2cd514e1b4cbaa2e7f5127d557e1e
live_ep_000002_NONE,NONE,auth-service,9.0,1785908351.5546439,901e04cbc568468bbffe5fa93e880b58,1a6242ed6d85428ba1c05e21162e4508,db.query.select,READ,22.98,OK,user-db,v1.2.3,b9a2cd514e1b4cbaa2e7f5127d557e1e
live_ep_000002_NONE,NONE,auth-service,9.0,1785908351.5546439,5b1edca92c63418dbaa55530d86ff1a5,1a6242ed6d85428ba1c05e21162e4508,db.query.update,WRITE,18.37,OK,user-db,v1.2.3,b9a2cd514e1b4cbaa2e7f5127d557e1e
live_ep_000002_NONE,NONE,auth-service,9.0,1785908351.5546439,e0f776335aa04d1a8cd1593a8af27c6a,1a6242ed6d85428ba1c05e21162e4508,cache.delete,,2.6,OK,cache-cluster,v1.2.3,b9a2cd514e1b4cbaa2e7f5127d557e1e
live_ep_000002_NONE,NONE,auth-service,9.0,1785908351.5546439,e121ce3ffdca4b7585c93014f699a7c2,1a6242ed6d85428ba1c05e21162e4508,grpc.call,,24.49,OK,user-db,v1.2.3,b9a2cd514e1b4cbaa2e7f5127d557e1e
live_ep_000002_NONE,NONE,auth-service,9.5,1785908352.056712,693020860ad3406cbdb31541c3e2feb8,,GET /api/order,,130.04,OK,auth-service,v1.2.3,b4aaf80fe16249fc8f0855981cdf323c
live_ep_000002_NONE,NONE,auth-service,9.5,1785908352.056712,82c7c13ff8b04d52b5214cc847f142d9,693020860ad3406cbdb31541c3e2feb8,db.query.insert,READ,14.3,OK,user-db,v1.2.3,b4aaf80fe16249fc8f0855981cdf323c
live_ep_000002_NONE,NONE,auth-service,9.5,1785908352.056712,a26f930b7a9647dbb925ed3d1d1317ee,693020860ad3406cbdb31541c3e2feb8,db.transaction,WRITE,18.46,OK,user-db,v1.2.3,b4aaf80fe16249fc8f0855981cdf323c
live_ep_000002_NONE,NONE,auth-service,9.5,1785908352.056712,8a1a98efad9440f6a2434d0d76002029,693020860ad3406cbdb31541c3e2feb8,cache.set,,2.76,OK,cache-cluster,v1.2.3,b4aaf80fe16249fc8f0855981cdf323c
live_ep_000002_NONE,NONE,auth-service,10.0,1785908352.557143,6bec1bfa1f9145678e578542ca192477,,GET /api/order,,123.94,OK,auth-service,v1.2.3,031d4694dfca44dc91b2a91d2543ca9e
live_ep_000002_NONE,NONE,auth-service,10.0,1785908352.557143,bb68f9e378f94222bf28f2423a80d7d5,6bec1bfa1f9145678e578542ca192477,db.query.insert,READ,11.28,OK,user-db,v1.2.3,031d4694dfca44dc91b2a91d2543ca9e
live_ep_000002_NONE,NONE,auth-service,10.0,1785908352.557143,3d0678a5a9404e2fb72394bd44d195f5,6bec1bfa1f9145678e578542ca192477,db.query.select,READ,17.31,OK,user-db,v1.2.3,031d4694dfca44dc91b2a91d2543ca9e
live_ep_000002_NONE,NONE,auth-service,10.0,1785908352.557143,e1276c8d3037430b9c71a51dbbe4c159,6bec1bfa1f9145678e578542ca192477,cache.get,,3.82,OK,cache-cluster,v1.2.3,031d4694dfca44dc91b2a91d2543ca9e
live_ep_000002_NONE,NONE,auth-service,10.5,1785908353.0577483,db99141472334fcaa38b44f9078322c0,,PUT /api/inventory,,104.85,OK,auth-service,v1.2.3,5cc22c6e7e654ccd9ecf3b6ac08c80b4
live_ep_000002_NONE,NONE,auth-service,10.5,1785908353.0577483,57cc928cb8c24c0391527991dc1ca909,db99141472334fcaa38b44f9078322c0,db.query.insert,WRITE,46.12,OK,user-db,v1.2.3,5cc22c6e7e654ccd9ecf3b6ac08c80b4
live_ep_000002_NONE,NONE,auth-service,10.5,1785908353.0577483,2a29ddda13e1406c86191403f6c1199a,db99141472334fcaa38b44f9078322c0,db.query.insert,READ,32.9,OK,user-db,v1.2.3,5cc22c6e7e654ccd9ecf3b6ac08c80b4
live_ep_000002_NONE,NONE,auth-service,11.0,1785908353.5582256,f4ef621b208847dea0ec50c485f98997,,GET /api/health,,93.63,OK,auth-service,v1.2.3,751f3952c0044b9cbea749d756dd0062
live_ep_000002_NONE,NONE,auth-service,11.0,1785908353.5582256,80903d61f7ea42f39a2aad4920930d18,f4ef621b208847dea0ec50c485f98997,db.query.delete,WRITE,18.51,OK,user-db,v1.2.3,751f3952c0044b9cbea749d756dd0062
live_ep_000002_NONE,NONE,auth-service,11.0,1785908353.5582256,bbf957f08cee4ae4b42c2386365abd20,f4ef621b208847dea0ec50c485f98997,cache.delete,,0.5,OK,cache-cluster,v1.2.3,751f3952c0044b9cbea749d756dd0062
live_ep_000002_NONE,NONE,auth-service,11.0,1785908353.5582256,683246fe42c64192a2acd77d298b2389,f4ef621b208847dea0ec50c485f98997,grpc.call,,46.99,OK,inventory-api,v1.2.3,751f3952c0044b9cbea749d756dd0062
live_ep_000002_NONE,NONE,auth-service,11.5,1785908354.0587468,b600d5a69ebe4390a8ac5155a16a5e6d,,PUT /api/inventory,,83.88,OK,auth-service,v1.2.3,d1014af17765492c935576c1f67372da
live_ep_000002_NONE,NONE,auth-service,11.5,1785908354.0587468,66463321d8884b11b912122cca10f3d6,b600d5a69ebe4390a8ac5155a16a5e6d,db.query.update,READ,25.19,OK,user-db,v1.2.3,d1014af17765492c935576c1f67372da
live_ep_000002_NONE,NONE,auth-service,11.5,1785908354.0587468,526cc1d5467d4d978ae207f341a7731b,b600d5a69ebe4390a8ac5155a16a5e6d,db.query.select,READ,11.56,OK,user-db,v1.2.3,d1014af17765492c935576c1f67372da
live_ep_000002_NONE,NONE,auth-service,11.5,1785908354.0587468,4d2a5994fd134b9eb49c0de61fa7a8ec,b600d5a69ebe4390a8ac5155a16a5e6d,cache.set,,4.09,OK,cache-cluster,v1.2.3,d1014af17765492c935576c1f67372da
live_ep_000002_NONE,NONE,auth-service,12.0,1785908354.559291,0537e3b24dd14c5eb6830c148aa5930d,,POST /api/payment,,97.39,OK,auth-service,v1.2.3,5fd7ef57f2234121a108867eaec90697
live_ep_000002_NONE,NONE,auth-service,12.0,1785908354.559291,c4cbe91ff20142f4883513cc51111d4c,0537e3b24dd14c5eb6830c148aa5930d,db.query.insert,READ,30.47,OK,user-db,v1.2.3,5fd7ef57f2234121a108867eaec90697
live_ep_000002_NONE,NONE,auth-service,12.0,1785908354.559291,ff8b0018e8f34c7fa61ef7ff80050380,0537e3b24dd14c5eb6830c148aa5930d,cache.set,,1.32,OK,cache-cluster,v1.2.3,5fd7ef57f2234121a108867eaec90697
live_ep_000002_NONE,NONE,auth-service,12.5,1785908355.0594833,4b67761d6dd24c0384c71a4548332618,,GET /api/order,,139.91,OK,auth-service,v1.2.3,acb39782a6c1450d933470c62eb1994b
live_ep_000002_NONE,NONE,auth-service,12.5,1785908355.0594833,c885174d1168444493fb1d189df45e2e,4b67761d6dd24c0384c71a4548332618,db.transaction,READ,17.45,OK,user-db,v1.2.3,acb39782a6c1450d933470c62eb1994b
live_ep_000002_NONE,NONE,auth-service,12.5,1785908355.0594833,5592a41fe64144248715d81373ab4343,4b67761d6dd24c0384c71a4548332618,db.query.insert,WRITE,14.21,OK,user-db,v1.2.3,acb39782a6c1450d933470c62eb1994b
live_ep_000002_NONE,NONE,auth-service,12.5,1785908355.0594833,99c350bf23684fb2bc8bad165656dd2f,4b67761d6dd24c0384c71a4548332618,grpc.call,,29.26,OK,cache-cluster,v1.2.3,acb39782a6c1450d933470c62eb1994b
live_ep_000002_NONE,NONE,auth-service,13.0,1785908355.559854,c3562c218f5d4db89ce998d549b48fdb,,POST /api/payment,,147.9,OK,auth-service,v1.2.3,2f50e1d5339248e0a388d36c3ba23082
live_ep_000002_NONE,NONE,auth-service,13.0,1785908355.559854,d5c498d390b342d795f897380d08797a,c3562c218f5d4db89ce998d549b48fdb,db.query.update,READ,20.89,OK,user-db,v1.2.3,2f50e1d5339248e0a388d36c3ba23082
live_ep_000002_NONE,NONE,auth-service,13.5,1785908356.0602922,5cd19db2dcde4a338b6448e9e73f8707,,POST /api/payment,,125.42,OK,auth-service,v1.2.3,73da68b63c4c42e48ecc069bc04965b0
live_ep_000002_NONE,NONE,auth-service,13.5,1785908356.0602922,9d9719f670e04843ac9b332afbe3f761,5cd19db2dcde4a338b6448e9e73f8707,db.query.insert,READ,16.48,OK,user-db,v1.2.3,73da68b63c4c42e48ecc069bc04965b0
live_ep_000002_NONE,NONE,auth-service,13.5,1785908356.0602922,bab1fd4d3b2143938eb6dcd0c2401834,5cd19db2dcde4a338b6448e9e73f8707,cache.set,,1.4,OK,cache-cluster,v1.2.3,73da68b63c4c42e48ecc069bc04965b0
live_ep_000002_NONE,NONE,auth-service,14.0,1785908356.5603812,46d02ae0809740e1951c7351a160a796,,POST /api/checkout,,135.17,OK,auth-service,v1.2.3,96a9b8b4358b4412a5818bdcd2ba9297
live_ep_000002_NONE,NONE,auth-service,14.0,1785908356.5603812,bf69016b356b414faa83041ca3bd3cb7,46d02ae0809740e1951c7351a160a796,db.transaction,READ,22.05,OK,user-db,v1.2.3,96a9b8b4358b4412a5818bdcd2ba9297
live_ep_000002_NONE,NONE,auth-service,14.0,1785908356.5603812,d71978e899554963a43669d12b583744,46d02ae0809740e1951c7351a160a796,db.transaction,WRITE,30.92,OK,user-db,v1.2.3,96a9b8b4358b4412a5818bdcd2ba9297
live_ep_000002_NONE,NONE,auth-service,14.0,1785908356.5603812,2fc76417c1b443e7b5daecb23e3bd681,46d02ae0809740e1951c7351a160a796,cache.delete,,2.72,OK,cache-cluster,v1.2.3,96a9b8b4358b4412a5818bdcd2ba9297
live_ep_000002_NONE,NONE,auth-service,14.0,1785908356.5603812,47936c4fe22d4f1fbdb3ba37d181f944,46d02ae0809740e1951c7351a160a796,grpc.call,,43.92,OK,user-db,v1.2.3,96a9b8b4358b4412a5818bdcd2ba9297
live_ep_000002_NONE,NONE,auth-service,14.5,1785908357.0606296,ea4f73bf76b74e449ef6167988b7387a,,POST /api/payment,,119.57,OK,auth-service,v1.2.3,4d401c56aff949e881b6b4522baae81d
live_ep_000002_NONE,NONE,auth-service,14.5,1785908357.0606296,0337ea55be144e4686f648ac7de6fa86,ea4f73bf76b74e449ef6167988b7387a,db.query.delete,WRITE,26.07,OK,user-db,v1.2.3,4d401c56aff949e881b6b4522baae81d
live_ep_000002_NONE,NONE,auth-service,14.5,1785908357.0606296,ccb029d9262d4047894070cb02da483e,ea4f73bf76b74e449ef6167988b7387a,db.query.insert,READ,44.46,OK,user-db,v1.2.3,4d401c56aff949e881b6b4522baae81d
live_ep_000002_NONE,NONE,auth-service,14.5,1785908357.0606296,e0686fc197724fd8ba13fc2b24414af0,ea4f73bf76b74e449ef6167988b7387a,http.client.get,,40.68,OK,cache-cluster,v1.2.3,4d401c56aff949e881b6b4522baae81d
live_ep_000002_NONE,NONE,auth-service,15.0,1785908357.560821,9d5716348e894bb089a8ce759a55ccac,,GET /api/health,,115.77,OK,auth-service,v1.2.3,59a34e80b4364decad0e4fe809d1e436
live_ep_000002_NONE,NONE,auth-service,15.0,1785908357.560821,416dba63eb98452781f29e73ef916074,9d5716348e894bb089a8ce759a55ccac,db.query.delete,READ,18.36,OK,user-db,v1.2.3,59a34e80b4364decad0e4fe809d1e436
live_ep_000002_NONE,NONE,auth-service,15.0,1785908357.560821,b29701dcc88f47eba1a3ee78820ac28d,9d5716348e894bb089a8ce759a55ccac,db.query.select,WRITE,23.03,OK,user-db,v1.2.3,59a34e80b4364decad0e4fe809d1e436
live_ep_000002_NONE,NONE,auth-service,15.0,1785908357.560821,df4bab7f36fc471280bf8ca5bcebc21e,9d5716348e894bb089a8ce759a55ccac,grpc.call,,31.62,OK,payment-gateway,v1.2.3,59a34e80b4364decad0e4fe809d1e436
live_ep_000002_NONE,NONE,auth-service,15.5,1785908358.0609107,b312576af76943d2a2e0214a8acb2a83,,POST /api/checkout,,142.97,OK,auth-service,v1.2.3,399cee4bf3914200b0ea53b3067f14b7
live_ep_000002_NONE,NONE,auth-service,15.5,1785908358.0609107,3f0404183e8444a09a458bd069525586,b312576af76943d2a2e0214a8acb2a83,db.query.select,WRITE,23.15,OK,user-db,v1.2.3,399cee4bf3914200b0ea53b3067f14b7
live_ep_000002_NONE,NONE,auth-service,15.5,1785908358.0609107,086482645ad340cd87e52e198bef1dfc,b312576af76943d2a2e0214a8acb2a83,cache.set,,1.34,OK,cache-cluster,v1.2.3,399cee4bf3914200b0ea53b3067f14b7
live_ep_000002_NONE,NONE,auth-service,15.5,1785908358.0609107,d3dc0a0c2da74ca490f137dcdb0a2f8c,b312576af76943d2a2e0214a8acb2a83,http.client.get,,36.41,OK,payment-gateway,v1.2.3,399cee4bf3914200b0ea53b3067f14b7
live_ep_000002_NONE,NONE,auth-service,16.0,1785908358.5614443,8d52990cea4b495293d4d6ee64663976,,GET /api/health,,139.9,OK,auth-service,v1.2.3,e045f3dc1eee4628bbf9b4ccf03428fe
live_ep_000002_NONE,NONE,auth-service,16.0,1785908358.5614443,f9eeb14876f84648b6d451745a39de4a,8d52990cea4b495293d4d6ee64663976,db.transaction,WRITE,27.18,OK,user-db,v1.2.3,e045f3dc1eee4628bbf9b4ccf03428fe
live_ep_000002_NONE,NONE,auth-service,16.0,1785908358.5614443,6bfabd03d4354649908eaa61dc9997bc,8d52990cea4b495293d4d6ee64663976,db.query.delete,READ,18.55,OK,user-db,v1.2.3,e045f3dc1eee4628bbf9b4ccf03428fe
live_ep_000002_NONE,NONE,auth-service,16.0,1785908358.5614443,6ef1a392f6d241c6bc6afc176abee9ab,8d52990cea4b495293d4d6ee64663976,cache.set,,1.47,OK,cache-cluster,v1.2.3,e045f3dc1eee4628bbf9b4ccf03428fe
live_ep_000002_NONE,NONE,auth-service,16.0,1785908358.5614443,8d911d7ea79043328834b0dea8d74ce9,8d52990cea4b495293d4d6ee64663976,http.client.get,,5.87,OK,user-db,v1.2.3,e045f3dc1eee4628bbf9b4ccf03428fe
live_ep_000002_NONE,NONE,auth-service,16.5,1785908359.0618598,13a8f7d6d0f9456884f5e535deeef7c6,,GET /api/order,,98.72,OK,auth-service,v1.2.3,a554083bbc3c400895b5846ffc270427
live_ep_000002_NONE,NONE,auth-service,16.5,1785908359.0618598,e941160c656b4169b14643c9317b55da,13a8f7d6d0f9456884f5e535deeef7c6,db.query.delete,READ,19.72,OK,user-db,v1.2.3,a554083bbc3c400895b5846ffc270427
live_ep_000002_NONE,NONE,auth-service,16.5,1785908359.0618598,3f92cc54444e48cc96c7b850e08464ee,13a8f7d6d0f9456884f5e535deeef7c6,db.query.delete,WRITE,14.84,OK,user-db,v1.2.3,a554083bbc3c400895b5846ffc270427
live_ep_000002_NONE,NONE,auth-service,16.5,1785908359.0618598,24401ae53dff416ebb44964df2382cf7,13a8f7d6d0f9456884f5e535deeef7c6,cache.set,,3.46,OK,cache-cluster,v1.2.3,a554083bbc3c400895b5846ffc270427
live_ep_000002_NONE,NONE,auth-service,16.5,1785908359.0618598,d49f558ebf3b4786b78072d809b5866b,13a8f7d6d0f9456884f5e535deeef7c6,http.client.get,,40.03,OK,inventory-api,v1.2.3,a554083bbc3c400895b5846ffc270427
live_ep_000002_NONE,NONE,auth-service,17.0,1785908359.5619547,c519e76f311a42ff9a809c43c64ee2c1,,GET /api/order,,106.66,OK,auth-service,v1.2.3,7e4afb866ee14260beb22fb39c86e088
live_ep_000002_NONE,NONE,auth-service,17.0,1785908359.5619547,23076de8fd4b404a800da871b269e02a,c519e76f311a42ff9a809c43c64ee2c1,db.query.update,READ,17.33,OK,user-db,v1.2.3,7e4afb866ee14260beb22fb39c86e088
live_ep_000002_NONE,NONE,auth-service,17.5,1785908360.0623763,ba3d467e42684ae5a4af69edb49ec2bf,,PUT /api/inventory,,137.2,OK,auth-service,v1.2.3,3f7a89e3c1fb4e979ee6d93eb2b1c84a
live_ep_000002_NONE,NONE,auth-service,17.5,1785908360.0623763,056abbd9e616486caa7e4c328a8de983,ba3d467e42684ae5a4af69edb49ec2bf,db.query.delete,WRITE,18.47,OK,user-db,v1.2.3,3f7a89e3c1fb4e979ee6d93eb2b1c84a
live_ep_000002_NONE,NONE,auth-service,17.5,1785908360.0623763,8a26b0207331461a8b0ce992afdcb357,ba3d467e42684ae5a4af69edb49ec2bf,db.query.insert,WRITE,22.41,OK,user-db,v1.2.3,3f7a89e3c1fb4e979ee6d93eb2b1c84a
live_ep_000002_NONE,NONE,auth-service,18.0,1785908360.562548,5a8d6d81c9ec46769bc2ae02dd4ff362,,POST /api/payment,,107.32,OK,auth-service,v1.2.3,2e9b20a8f0e040d7a40b68825a75a8ac
live_ep_000002_NONE,NONE,auth-service,18.0,1785908360.562548,dc4138e4c88649759c861c1001b6d537,5a8d6d81c9ec46769bc2ae02dd4ff362,db.query.delete,READ,12.78,OK,user-db,v1.2.3,2e9b20a8f0e040d7a40b68825a75a8ac
live_ep_000002_NONE,NONE,auth-service,18.0,1785908360.562548,0f9bbd08db8a42ba94cb84da72fd0ae3,5a8d6d81c9ec46769bc2ae02dd4ff362,db.query.delete,WRITE,22.32,OK,user-db,v1.2.3,2e9b20a8f0e040d7a40b68825a75a8ac
live_ep_000002_NONE,NONE,auth-service,18.5,1785908361.063029,6bad38791e834c6ba237c2a34fc63d08,,POST /api/payment,,133.72,OK,auth-service,v1.2.3,445b7695979c4cfe9c388d104fcfb6ea
live_ep_000002_NONE,NONE,auth-service,18.5,1785908361.063029,bec4e590966540cd82ed0dac0697cada,6bad38791e834c6ba237c2a34fc63d08,db.query.update,READ,17.16,OK,user-db,v1.2.3,445b7695979c4cfe9c388d104fcfb6ea
live_ep_000002_NONE,NONE,auth-service,18.5,1785908361.063029,02100c3a48564cdfb6455b29d6087399,6bad38791e834c6ba237c2a34fc63d08,db.query.insert,WRITE,27.58,OK,user-db,v1.2.3,445b7695979c4cfe9c388d104fcfb6ea
live_ep_000002_NONE,NONE,auth-service,18.5,1785908361.063029,4e984957e29f42bc88fb30969c207971,6bad38791e834c6ba237c2a34fc63d08,cache.delete,,2.56,OK,cache-cluster,v1.2.3,445b7695979c4cfe9c388d104fcfb6ea
live_ep_000002_NONE,NONE,auth-service,19.0,1785908361.5634408,86782be346bb4ff4ba37ad7cb891bcb7,,POST /api/payment,,100.57,OK,auth-service,v1.2.3,559d19464ca64da2bca78e8468f12636
live_ep_000002_NONE,NONE,auth-service,19.0,1785908361.5634408,7ad88fa60f14471f9c265ac36c93eb35,86782be346bb4ff4ba37ad7cb891bcb7,db.query.delete,READ,17.75,OK,user-db,v1.2.3,559d19464ca64da2bca78e8468f12636
live_ep_000002_NONE,NONE,auth-service,19.0,1785908361.5634408,aa7c8124c20d4f42a912a2713eff5fe5,86782be346bb4ff4ba37ad7cb891bcb7,cache.delete,,51.65,OK,cache-cluster,v1.2.3,559d19464ca64da2bca78e8468f12636
live_ep_000002_NONE,NONE,auth-service,19.5,1785908362.063539,28ec032e6fbb4cdeae6fb187de97e408,,POST /api/payment,,135.67,OK,auth-service,v1.2.3,0807a17abc354479a95031063f3abf9d
live_ep_000002_NONE,NONE,auth-service,19.5,1785908362.063539,696a2db78ec14cae9cc03eabcea947cf,28ec032e6fbb4cdeae6fb187de97e408,db.query.insert,READ,16.85,OK,user-db,v1.2.3,0807a17abc354479a95031063f3abf9d
live_ep_000002_NONE,NONE,auth-service,19.5,1785908362.063539,34492eff080945ce98489ccc606134e6,28ec032e6fbb4cdeae6fb187de97e408,db.query.update,WRITE,16.92,OK,user-db,v1.2.3,0807a17abc354479a95031063f3abf9d
live_ep_000002_NONE,NONE,auth-service,19.5,1785908362.063539,991a26a6910a4de6bff807ec8e4799be,28ec032e6fbb4cdeae6fb187de97e408,cache.set,,2.22,OK,cache-cluster,v1.2.3,0807a17abc354479a95031063f3abf9d
live_ep_000002_NONE,NONE,auth-service,20.0,1785908362.5638433,4cfb2b01f5394e65b4dc4161e35b143c,,GET /api/order,,151.92,OK,auth-service,v1.2.3,be773a2132584559952b08a96fe62ac5
live_ep_000002_NONE,NONE,auth-service,20.0,1785908362.5638433,37ae1fcac09443038810f665e7d02cf1,4cfb2b01f5394e65b4dc4161e35b143c,db.query.delete,READ,20.22,OK,user-db,v1.2.3,be773a2132584559952b08a96fe62ac5
live_ep_000002_NONE,NONE,auth-service,20.0,1785908362.5638433,ec8a40c82d71451a914893a0b2381d8b,4cfb2b01f5394e65b4dc4161e35b143c,db.query.delete,WRITE,23.24,OK,user-db,v1.2.3,be773a2132584559952b08a96fe62ac5
live_ep_000002_NONE,NONE,auth-service,20.0,1785908362.5638433,628524f4b90847bc9e3e0d97e20eeaa3,4cfb2b01f5394e65b4dc4161e35b143c,cache.get,,2.81,OK,cache-cluster,v1.2.3,be773a2132584559952b08a96fe62ac5
live_ep_000002_NONE,NONE,auth-service,20.5,1785908363.0641434,5ead3be32e054abb95fc1957f2a0cc17,,GET /api/health,,98.86,OK,auth-service,v1.2.3,30e43e0cfd8d4cf89d678b6885f8934b
live_ep_000002_NONE,NONE,auth-service,20.5,1785908363.0641434,22393a4ad01f47808345bdfcd812fe08,5ead3be32e054abb95fc1957f2a0cc17,db.query.update,WRITE,28.69,OK,user-db,v1.2.3,30e43e0cfd8d4cf89d678b6885f8934b
live_ep_000002_NONE,NONE,auth-service,20.5,1785908363.0641434,5134e50cf408425a92195e3725867f33,5ead3be32e054abb95fc1957f2a0cc17,db.query.delete,READ,20.91,OK,user-db,v1.2.3,30e43e0cfd8d4cf89d678b6885f8934b
live_ep_000002_NONE,NONE,auth-service,20.5,1785908363.0641434,ebad22abcc7640f69a67dd64d7591ae8,5ead3be32e054abb95fc1957f2a0cc17,cache.get,,3.14,OK,cache-cluster,v1.2.3,30e43e0cfd8d4cf89d678b6885f8934b
live_ep_000002_NONE,NONE,auth-service,21.0,1785908363.5643702,d2b7fe9f02aa4459a192177933690a92,,PUT /api/inventory,,144.61,OK,auth-service,v1.2.3,c68cd7fb184a420585f9fbc91eba84d8
live_ep_000002_NONE,NONE,auth-service,21.0,1785908363.5643702,b6a211276bfc48a69ded63b67746d88a,d2b7fe9f02aa4459a192177933690a92,db.query.update,WRITE,26.57,OK,user-db,v1.2.3,c68cd7fb184a420585f9fbc91eba84d8
live_ep_000002_NONE,NONE,auth-service,21.0,1785908363.5643702,137e90ee233b4c4aa0bd04e8c3d4c440,d2b7fe9f02aa4459a192177933690a92,db.query.delete,WRITE,28.62,OK,user-db,v1.2.3,c68cd7fb184a420585f9fbc91eba84d8
live_ep_000002_NONE,NONE,auth-service,21.0,1785908363.5643702,304b5dbb03ce4fb19afdde4b076c877c,d2b7fe9f02aa4459a192177933690a92,cache.delete,,2.18,OK,cache-cluster,v1.2.3,c68cd7fb184a420585f9fbc91eba84d8
live_ep_000002_NONE,NONE,auth-service,21.5,1785908364.065869,afd81a220e40430491a14a458c368924,,POST /api/checkout,,100.59,OK,auth-service,v1.2.3,2a6448cc0ea241ec8d93daa5d039c33f
live_ep_000002_NONE,NONE,auth-service,21.5,1785908364.065869,2064c68bfcee4d21b1f1537ae7f9d5ba,afd81a220e40430491a14a458c368924,db.query.select,WRITE,12.43,OK,user-db,v1.2.3,2a6448cc0ea241ec8d93daa5d039c33f
live_ep_000002_NONE,NONE,auth-service,21.5,1785908364.065869,68e37c4b893a4a039ba513755f3d71b8,afd81a220e40430491a14a458c368924,db.transaction,READ,18.23,OK,user-db,v1.2.3,2a6448cc0ea241ec8d93daa5d039c33f
live_ep_000002_NONE,NONE,auth-service,21.5,1785908364.065869,7cf6550aa81d4e058f819302056c43d7,afd81a220e40430491a14a458c368924,cache.delete,,2.38,OK,cache-cluster,v1.2.3,2a6448cc0ea241ec8d93daa5d039c33f
live_ep_000002_NONE,NONE,auth-service,21.5,1785908364.065869,0315cc0586294e799db56de8a56d7094,afd81a220e40430491a14a458c368924,grpc.call,,25.6,OK,payment-gateway,v1.2.3,2a6448cc0ea241ec8d93daa5d039c33f
live_ep_000002_NONE,NONE,auth-service,22.0,1785908364.5664058,05d91f3705eb4e46aac90dd280dd5552,,GET /api/order,,113.61,OK,auth-service,v1.2.3,573b5cf5c47e46959008b460410de9d1
live_ep_000002_NONE,NONE,auth-service,22.0,1785908364.5664058,d685ee48a2ce4c74b3a35f5e484b763c,05d91f3705eb4e46aac90dd280dd5552,db.query.delete,WRITE,14.31,OK,user-db,v1.2.3,573b5cf5c47e46959008b460410de9d1
live_ep_000002_NONE,NONE,auth-service,22.0,1785908364.5664058,f7363fea5b3642d7b0bd0be09574e8c6,05d91f3705eb4e46aac90dd280dd5552,db.transaction,WRITE,13.03,OK,user-db,v1.2.3,573b5cf5c47e46959008b460410de9d1
live_ep_000002_NONE,NONE,auth-service,22.0,1785908364.5664058,dc85ca659c014321b4890307e240545b,05d91f3705eb4e46aac90dd280dd5552,cache.delete,,1.96,OK,cache-cluster,v1.2.3,573b5cf5c47e46959008b460410de9d1
live_ep_000002_NONE,NONE,auth-service,22.5,1785908365.066891,67e149c8536f42458f68b1c396c4a515,,POST /api/checkout,,137.32,OK,auth-service,v1.2.3,4a6af71d9275438a90018fe8f43fb581
live_ep_000002_NONE,NONE,auth-service,22.5,1785908365.066891,77baa826d9a345389296e37b7a0222a9,67e149c8536f42458f68b1c396c4a515,db.query.delete,READ,18.71,OK,user-db,v1.2.3,4a6af71d9275438a90018fe8f43fb581
live_ep_000002_NONE,NONE,auth-service,22.5,1785908365.066891,d59739cadff84abe9e7576ed54ccb08f,67e149c8536f42458f68b1c396c4a515,http.client.get,,20.71,OK,user-db,v1.2.3,4a6af71d9275438a90018fe8f43fb581
live_ep_000002_NONE,NONE,auth-service,23.0,1785908365.5672626,237a3936064c4d8b844657fcc8129ace,,GET /api/health,,145.6,OK,auth-service,v1.2.3,ae20bf1cf714497fbeeb73e2ba46af6c
live_ep_000002_NONE,NONE,auth-service,23.0,1785908365.5672626,a481b3cbd1ef443d9e3a30729e1f082d,237a3936064c4d8b844657fcc8129ace,db.query.update,WRITE,10.43,OK,user-db,v1.2.3,ae20bf1cf714497fbeeb73e2ba46af6c
live_ep_000002_NONE,NONE,auth-service,23.0,1785908365.5672626,1863abf30b324d529fcd7cbf6a76205a,237a3936064c4d8b844657fcc8129ace,db.query.select,READ,5.84,OK,user-db,v1.2.3,ae20bf1cf714497fbeeb73e2ba46af6c
live_ep_000002_NONE,NONE,auth-service,23.0,1785908365.5672626,843373b874dd45cfa177a6479ac0a771,237a3936064c4d8b844657fcc8129ace,http.client.get,,48.72,OK,payment-gateway,v1.2.3,ae20bf1cf714497fbeeb73e2ba46af6c
live_ep_000002_NONE,NONE,auth-service,23.5,1785908366.067334,6ed64890531741809f7692027011bade,,POST /api/payment,,129.73,OK,auth-service,v1.2.3,d915b3c480fe4ee7a9b683cd8a279da2
live_ep_000002_NONE,NONE,auth-service,23.5,1785908366.067334,867217419cf940d286bcb09e9a7506bd,6ed64890531741809f7692027011bade,db.query.insert,READ,11.44,OK,user-db,v1.2.3,d915b3c480fe4ee7a9b683cd8a279da2
live_ep_000002_NONE,NONE,auth-service,23.5,1785908366.067334,fa961d17a60244d99be529ef0643f57e,6ed64890531741809f7692027011bade,db.query.update,WRITE,16.29,OK,user-db,v1.2.3,d915b3c480fe4ee7a9b683cd8a279da2
live_ep_000002_NONE,NONE,auth-service,24.0,1785908366.5678012,a15fe8a50f6845a395ea9be0f4e90a13,,GET /api/order,,117.83,OK,auth-service,v1.2.3,d0d0ad0edc864526b6295a2b9d52e0ac
live_ep_000002_NONE,NONE,auth-service,24.0,1785908366.5678012,bf88d4a8de3740378f0b5dfee23ec125,a15fe8a50f6845a395ea9be0f4e90a13,db.query.delete,WRITE,25.06,OK,user-db,v1.2.3,d0d0ad0edc864526b6295a2b9d52e0ac
live_ep_000002_NONE,NONE,auth-service,24.0,1785908366.5678012,e9388cff78c743aa92e5295a35149050,a15fe8a50f6845a395ea9be0f4e90a13,db.query.insert,READ,20.51,OK,user-db,v1.2.3,d0d0ad0edc864526b6295a2b9d52e0ac
live_ep_000002_NONE,NONE,auth-service,24.0,1785908366.5678012,763030d90b1b47018207e0ae2d42e540,a15fe8a50f6845a395ea9be0f4e90a13,http.client.post,,31.48,OK,user-db,v1.2.3,d0d0ad0edc864526b6295a2b9d52e0ac
live_ep_000002_NONE,NONE,auth-service,24.5,1785908367.0680451,5ca1313146204fce8aef48588e36f62a,,POST /api/payment,,88.96,OK,auth-service,v1.2.3,9ece2393784449d0bbcef58888231c9e
live_ep_000002_NONE,NONE,auth-service,24.5,1785908367.0680451,cffdddda97df47c3a95afd2c1e4ec68f,5ca1313146204fce8aef48588e36f62a,db.query.insert,READ,25.02,OK,user-db,v1.2.3,9ece2393784449d0bbcef58888231c9e
live_ep_000002_NONE,NONE,auth-service,24.5,1785908367.0680451,49456452558c43598d280ca7aae1bfa2,5ca1313146204fce8aef48588e36f62a,db.transaction,READ,23.3,OK,user-db,v1.2.3,9ece2393784449d0bbcef58888231c9e
live_ep_000002_NONE,NONE,auth-service,24.5,1785908367.0680451,4c253a304f8541c893df617a5eb440b5,5ca1313146204fce8aef48588e36f62a,cache.delete,,1.63,OK,cache-cluster,v1.2.3,9ece2393784449d0bbcef58888231c9e
live_ep_000002_NONE,NONE,auth-service,24.5,1785908367.0680451,1c4381c98aed455eb72b988ae2b6cb4b,5ca1313146204fce8aef48588e36f62a,grpc.call,,22.18,OK,payment-gateway,v1.2.3,9ece2393784449d0bbcef58888231c9e
live_ep_000002_NONE,NONE,auth-service,25.0,1785908367.568477,40739697b62342a9af3c3798866ead23,,GET /api/health,,96.28,OK,auth-service,v1.2.3,2ae2ea33ca7d4e2bb286953b81905f00
live_ep_000002_NONE,NONE,auth-service,25.0,1785908367.568477,7a8631b830df4b5bbf5948ac66e93b6d,40739697b62342a9af3c3798866ead23,db.query.insert,READ,27.7,OK,user-db,v1.2.3,2ae2ea33ca7d4e2bb286953b81905f00
live_ep_000002_NONE,NONE,auth-service,25.0,1785908367.568477,ffc1da03ada8484bb121383b7f0b825d,40739697b62342a9af3c3798866ead23,db.query.insert,READ,31.92,OK,user-db,v1.2.3,2ae2ea33ca7d4e2bb286953b81905f00
live_ep_000002_NONE,NONE,auth-service,25.0,1785908367.568477,efc75dab149f445288dcb49593902665,40739697b62342a9af3c3798866ead23,cache.set,,2.37,OK,cache-cluster,v1.2.3,2ae2ea33ca7d4e2bb286953b81905f00
live_ep_000002_NONE,NONE,auth-service,25.0,1785908367.568477,62dcf4476ddf45d78e1f2fb7c55949c9,40739697b62342a9af3c3798866ead23,http.client.get,,32.7,OK,cache-cluster,v1.2.3,2ae2ea33ca7d4e2bb286953b81905f00
live_ep_000002_NONE,NONE,auth-service,25.5,1785908368.0687385,4f8b8a5120ba40ec9a4df0424bd7f949,,POST /api/checkout,,136.17,OK,auth-service,v1.2.3,22c4d26fe1c54eadbbff953c040c8360
live_ep_000002_NONE,NONE,auth-service,25.5,1785908368.0687385,8462dbf063434592b2c954170ffc4093,4f8b8a5120ba40ec9a4df0424bd7f949,db.query.insert,READ,14.44,OK,user-db,v1.2.3,22c4d26fe1c54eadbbff953c040c8360
live_ep_000002_NONE,NONE,auth-service,25.5,1785908368.0687385,97fe234bba30487a8a9f802552b15b4b,4f8b8a5120ba40ec9a4df0424bd7f949,db.transaction,READ,15.71,OK,user-db,v1.2.3,22c4d26fe1c54eadbbff953c040c8360
live_ep_000002_NONE,NONE,auth-service,25.5,1785908368.0687385,3b703280e1154f97b1e87a114e12f689,4f8b8a5120ba40ec9a4df0424bd7f949,cache.set,,1.75,OK,cache-cluster,v1.2.3,22c4d26fe1c54eadbbff953c040c8360
live_ep_000002_NONE,NONE,auth-service,26.0,1785908368.5691323,033ee874c5cf42a6b1194454f441dcf7,,POST /api/payment,,101.54,OK,auth-service,v1.2.3,f5af31a0b83046bea0c9708583ed9a1a
live_ep_000002_NONE,NONE,auth-service,26.0,1785908368.5691323,108af2777f104878b6bbefadea7bbcb1,033ee874c5cf42a6b1194454f441dcf7,db.query.delete,READ,26.16,OK,user-db,v1.2.3,f5af31a0b83046bea0c9708583ed9a1a
live_ep_000002_NONE,NONE,auth-service,26.0,1785908368.5691323,1aa29a44f7834547b12e9f9130b8c8f5,033ee874c5cf42a6b1194454f441dcf7,cache.get,,2.67,OK,cache-cluster,v1.2.3,f5af31a0b83046bea0c9708583ed9a1a
live_ep_000002_NONE,NONE,auth-service,26.5,1785908369.0696783,f155e05a4b9f4060b8612384d7389b2f,,POST /api/checkout,,120.65,OK,auth-service,v1.2.3,28fa3e61394643c28001bdd726ad7848
live_ep_000002_NONE,NONE,auth-service,26.5,1785908369.0696783,50ebd62fa52646a588f5ad2fc1a7a4d9,f155e05a4b9f4060b8612384d7389b2f,db.query.delete,WRITE,42.81,OK,user-db,v1.2.3,28fa3e61394643c28001bdd726ad7848
live_ep_000002_NONE,NONE,auth-service,26.5,1785908369.0696783,d531643be9be4a84b14b4f25acb9788e,f155e05a4b9f4060b8612384d7389b2f,db.transaction,WRITE,52.94,OK,user-db,v1.2.3,28fa3e61394643c28001bdd726ad7848
live_ep_000002_NONE,NONE,auth-service,26.5,1785908369.0696783,5c4e3791c87649de8db7477c99ab27d7,f155e05a4b9f4060b8612384d7389b2f,cache.delete,,1.03,OK,cache-cluster,v1.2.3,28fa3e61394643c28001bdd726ad7848
live_ep_000002_NONE,NONE,auth-service,27.0,1785908369.5701213,a186f7358a5a45fd89fdb13b7d508b65,,GET /api/order,,125.3,OK,auth-service,v1.2.3,961071a919c245fbaf63f82776c623e5
live_ep_000002_NONE,NONE,auth-service,27.0,1785908369.5701213,f3460aeb76ee4707baa206590aee14e3,a186f7358a5a45fd89fdb13b7d508b65,db.query.delete,READ,18.03,OK,user-db,v1.2.3,961071a919c245fbaf63f82776c623e5
live_ep_000002_NONE,NONE,auth-service,27.0,1785908369.5701213,82571e477c20450fb09326b31cdfc888,a186f7358a5a45fd89fdb13b7d508b65,db.query.select,READ,19.96,OK,user-db,v1.2.3,961071a919c245fbaf63f82776c623e5
live_ep_000002_NONE,NONE,auth-service,27.0,1785908369.5701213,eac9260f9a3b459fba06fd081e7b7a0f,a186f7358a5a45fd89fdb13b7d508b65,cache.get,,3.18,OK,cache-cluster,v1.2.3,961071a919c245fbaf63f82776c623e5
live_ep_000002_NONE,NONE,auth-service,27.0,1785908369.5701213,11a53c0665c14e83b982209d02f3f209,a186f7358a5a45fd89fdb13b7d508b65,http.client.get,,10.09,OK,user-db,v1.2.3,961071a919c245fbaf63f82776c623e5
live_ep_000002_NONE,NONE,auth-service,27.5,1785908370.0719092,0d74dfd3d4304335ba79987160bdd614,,GET /api/auth,,114.58,OK,auth-service,v1.2.3,6a201cbb713f4d47826adb86e99d00d1
live_ep_000002_NONE,NONE,auth-service,27.5,1785908370.0719092,5ef3909ab4d6433aaba55a3d47b30303,0d74dfd3d4304335ba79987160bdd614,db.query.delete,WRITE,25.01,OK,user-db,v1.2.3,6a201cbb713f4d47826adb86e99d00d1
live_ep_000002_NONE,NONE,auth-service,27.5,1785908370.0719092,34c0cf13bdcf465983d2522e3bd7340d,0d74dfd3d4304335ba79987160bdd614,db.query.delete,READ,28.98,OK,user-db,v1.2.3,6a201cbb713f4d47826adb86e99d00d1
live_ep_000002_NONE,NONE,auth-service,27.5,1785908370.0719092,b43cfbb4d4c846998fa43019ede81dbd,0d74dfd3d4304335ba79987160bdd614,cache.get,,4.79,OK,cache-cluster,v1.2.3,6a201cbb713f4d47826adb86e99d00d1
live_ep_000002_NONE,NONE,auth-service,28.0,1785908370.5719962,34ee276efcea4bd5a02412e4d0ec4ae6,,GET /api/auth,,102.63,OK,auth-service,v1.2.3,de03e99074e4482b9cc206730aacfdb0
live_ep_000002_NONE,NONE,auth-service,28.0,1785908370.5719962,93dcf35af58740b18d36d1fd6af13cee,34ee276efcea4bd5a02412e4d0ec4ae6,db.query.delete,READ,23.01,OK,user-db,v1.2.3,de03e99074e4482b9cc206730aacfdb0
live_ep_000002_NONE,NONE,auth-service,28.0,1785908370.5719962,7264cab31cb44a68a4c990b5d5ecb435,34ee276efcea4bd5a02412e4d0ec4ae6,db.query.insert,WRITE,16.2,OK,user-db,v1.2.3,de03e99074e4482b9cc206730aacfdb0
live_ep_000002_NONE,NONE,auth-service,28.0,1785908370.5719962,00cf9ff3e7b84d17b53e2f9d276f3dfa,34ee276efcea4bd5a02412e4d0ec4ae6,cache.set,,0.82,OK,cache-cluster,v1.2.3,de03e99074e4482b9cc206730aacfdb0
live_ep_000002_NONE,NONE,auth-service,28.5,1785908371.072284,6929fc397f4540ca86612c261a0fdaaf,,POST /api/checkout,,95.32,OK,auth-service,v1.2.3,587be66dc442457486c8e0ca186a0445
live_ep_000002_NONE,NONE,auth-service,28.5,1785908371.072284,d96d0964a2fe400aba1bf9e2418228be,6929fc397f4540ca86612c261a0fdaaf,db.query.insert,WRITE,19.35,OK,user-db,v1.2.3,587be66dc442457486c8e0ca186a0445
live_ep_000002_NONE,NONE,auth-service,28.5,1785908371.072284,0bfc95ca0e4242b4a1fa74c1ef27261d,6929fc397f4540ca86612c261a0fdaaf,cache.set,,1.95,OK,cache-cluster,v1.2.3,587be66dc442457486c8e0ca186a0445
live_ep_000002_NONE,NONE,auth-service,29.0,1785908371.5727053,295c33d271fc44d2a48af8403d426443,,PUT /api/inventory,,95.27,OK,auth-service,v1.2.3,f228733a029a4acbb23e980a795b82e8
live_ep_000002_NONE,NONE,auth-service,29.0,1785908371.5727053,ee47db5b0913412c8ce5b20eadde8091,295c33d271fc44d2a48af8403d426443,db.query.delete,WRITE,19.93,OK,user-db,v1.2.3,f228733a029a4acbb23e980a795b82e8
live_ep_000002_NONE,NONE,auth-service,29.5,1785908372.0730412,71d7ce034e744256a29513a8b0b8e53e,,PUT /api/inventory,,116.23,OK,auth-service,v1.2.3,4161996f4afd45f2ab86ad0d45152418
live_ep_000002_NONE,NONE,auth-service,29.5,1785908372.0730412,9e78cfd026ff4b659ae20c6f6aed3bb7,71d7ce034e744256a29513a8b0b8e53e,db.transaction,READ,17.28,OK,user-db,v1.2.3,4161996f4afd45f2ab86ad0d45152418
live_ep_000002_NONE,NONE,auth-service,29.5,1785908372.0730412,9954b5f28048453ebdaf5e3de4aff513,71d7ce034e744256a29513a8b0b8e53e,cache.get,,1.02,OK,cache-cluster,v1.2.3,4161996f4afd45f2ab86ad0d45152418
live_ep_000002_NONE,NONE,auth-service,30.0,1785908372.5733716,7aad054df45945d182022275b37fee8c,,POST /api/payment,,131.56,OK,auth-service,v1.2.3,4dda311328c340588bdb6df233d6e39a
live_ep_000002_NONE,NONE,auth-service,30.0,1785908372.5733716,b7584783a5fb45cb9866b915435e2044,7aad054df45945d182022275b37fee8c,db.transaction,READ,12.14,OK,user-db,v1.2.3,4dda311328c340588bdb6df233d6e39a
live_ep_000002_NONE,NONE,auth-service,30.0,1785908372.5733716,973a1ff5077f4ba3a52e05eb86365e3f,7aad054df45945d182022275b37fee8c,db.query.insert,READ,18.37,OK,user-db,v1.2.3,4dda311328c340588bdb6df233d6e39a
live_ep_000002_NONE,NONE,auth-service,30.0,1785908372.5733716,96fef6e0ad9542e8885a5cc408a8c72a,7aad054df45945d182022275b37fee8c,cache.get,,3.28,OK,cache-cluster,v1.2.3,4dda311328c340588bdb6df233d6e39a
live_ep_000002_NONE,NONE,auth-service,30.5,1785908373.0734828,bbbddad7f8b0495da0e72bacf4c04a44,,POST /api/payment,,141.67,OK,auth-service,v1.2.3,1b9c47c125e1476b83e8cadea0a51055
live_ep_000002_NONE,NONE,auth-service,30.5,1785908373.0734828,8bc76172f0d34fa7a8e8c889f9e9b89e,bbbddad7f8b0495da0e72bacf4c04a44,db.transaction,READ,19.51,OK,user-db,v1.2.3,1b9c47c125e1476b83e8cadea0a51055
live_ep_000002_NONE,NONE,auth-service,30.5,1785908373.0734828,d2a83647bb154b99bd8a43cf53eb8745,bbbddad7f8b0495da0e72bacf4c04a44,db.query.select,READ,8.78,OK,user-db,v1.2.3,1b9c47c125e1476b83e8cadea0a51055
live_ep_000002_NONE,NONE,auth-service,30.5,1785908373.0734828,a569cb45fa3845d98b3784eae9b7943c,bbbddad7f8b0495da0e72bacf4c04a44,cache.get,,2.15,OK,cache-cluster,v1.2.3,1b9c47c125e1476b83e8cadea0a51055
live_ep_000002_NONE,NONE,auth-service,31.0,1785908373.5737896,170a73cb25b645438716be85f7f6c965,,POST /api/checkout,,97.01,OK,auth-service,v1.2.3,96bf13d8c7d14ea6975e65014812f869
live_ep_000002_NONE,NONE,auth-service,31.0,1785908373.5737896,01b2d72c6aa3477f80bdde32130d097c,170a73cb25b645438716be85f7f6c965,db.transaction,READ,22.67,OK,user-db,v1.2.3,96bf13d8c7d14ea6975e65014812f869
live_ep_000002_NONE,NONE,auth-service,31.0,1785908373.5737896,b382647477b04974b9e70d01d135176e,170a73cb25b645438716be85f7f6c965,db.query.update,WRITE,17.76,OK,user-db,v1.2.3,96bf13d8c7d14ea6975e65014812f869
live_ep_000002_NONE,NONE,auth-service,31.0,1785908373.5737896,f888bf073f714b22afade5e19570aac3,170a73cb25b645438716be85f7f6c965,cache.get,,1.51,OK,cache-cluster,v1.2.3,96bf13d8c7d14ea6975e65014812f869
live_ep_000002_NONE,NONE,auth-service,31.5,1785908374.0742185,952a3a8208a04cb18f84e744948641ee,,GET /api/auth,,175.94,OK,auth-service,v1.2.3,e5a6b95e768d4483b9103d1703c45368
live_ep_000002_NONE,NONE,auth-service,31.5,1785908374.0742185,1a239f19af7344d5be2e4682c2182045,952a3a8208a04cb18f84e744948641ee,db.query.delete,READ,1.0,OK,user-db,v1.2.3,e5a6b95e768d4483b9103d1703c45368
live_ep_000002_NONE,NONE,auth-service,31.5,1785908374.0742185,a07eb09037044f0aad1e59597594c0a6,952a3a8208a04cb18f84e744948641ee,db.transaction,READ,27.72,OK,user-db,v1.2.3,e5a6b95e768d4483b9103d1703c45368
live_ep_000002_NONE,NONE,auth-service,31.5,1785908374.0742185,116a42ce90824ab49cb2c44f9191f578,952a3a8208a04cb18f84e744948641ee,cache.get,,3.8,OK,cache-cluster,v1.2.3,e5a6b95e768d4483b9103d1703c45368
live_ep_000002_NONE,NONE,auth-service,32.0,1785908374.5744827,38641eb789b0429d88c53b518899679a,,GET /api/order,,117.39,OK,auth-service,v1.2.3,0bfa844fe6684d838727c6a7f866394c
live_ep_000002_NONE,NONE,auth-service,32.0,1785908374.5744827,53ac2c73b9a447ababc9ba080ffad46b,38641eb789b0429d88c53b518899679a,db.transaction,READ,18.12,OK,user-db,v1.2.3,0bfa844fe6684d838727c6a7f866394c
live_ep_000002_NONE,NONE,auth-service,32.0,1785908374.5744827,ba19a9edc4f34a308444b5f56d5484b7,38641eb789b0429d88c53b518899679a,db.query.insert,WRITE,25.46,OK,user-db,v1.2.3,0bfa844fe6684d838727c6a7f866394c
live_ep_000002_NONE,NONE,auth-service,32.0,1785908374.5744827,5c14ded5f62143929a5c9d0fe0cd1d10,38641eb789b0429d88c53b518899679a,cache.set,,2.14,OK,cache-cluster,v1.2.3,0bfa844fe6684d838727c6a7f866394c
live_ep_000002_NONE,NONE,auth-service,32.5,1785908375.0749304,3f5342a8d8a84af4a0b93c93fbaf7965,,PUT /api/inventory,,130.04,OK,auth-service,v1.2.3,343713142bc64c0690065112ed385ea0
live_ep_000002_NONE,NONE,auth-service,32.5,1785908375.0749304,bfb7c1017b894e66b0f89436a4ab948e,3f5342a8d8a84af4a0b93c93fbaf7965,db.query.update,WRITE,16.68,OK,user-db,v1.2.3,343713142bc64c0690065112ed385ea0
live_ep_000002_NONE,NONE,auth-service,32.5,1785908375.0749304,ed9b440396294970995d9e5b74920d66,3f5342a8d8a84af4a0b93c93fbaf7965,db.query.update,READ,12.38,OK,user-db,v1.2.3,343713142bc64c0690065112ed385ea0
live_ep_000002_NONE,NONE,auth-service,32.5,1785908375.0749304,b9fd1ab606154bcb9835831ba4c21f77,3f5342a8d8a84af4a0b93c93fbaf7965,http.client.get,,26.04,OK,inventory-api,v1.2.3,343713142bc64c0690065112ed385ea0
live_ep_000002_NONE,NONE,auth-service,33.0,1785908375.5753539,507662a595be41aba48b75af1c3f5360,,GET /api/order,,108.84,OK,auth-service,v1.2.3,7d7be08ddd184c05b34b79df801a987b
live_ep_000002_NONE,NONE,auth-service,33.0,1785908375.5753539,ff6aae970f504f5584ec1ea9496df923,507662a595be41aba48b75af1c3f5360,db.query.insert,WRITE,16.72,OK,user-db,v1.2.3,7d7be08ddd184c05b34b79df801a987b
live_ep_000002_NONE,NONE,auth-service,33.0,1785908375.5753539,07f09519728e42638966a5688027b273,507662a595be41aba48b75af1c3f5360,cache.delete,,1.61,OK,cache-cluster,v1.2.3,7d7be08ddd184c05b34b79df801a987b
live_ep_000002_NONE,NONE,auth-service,33.5,1785908376.0756266,b34334a1ebec4d26925601065a654cef,,PUT /api/inventory,,144.72,OK,auth-service,v1.2.3,6367808eebdb40d7a74afcf4c09fded8
live_ep_000002_NONE,NONE,auth-service,33.5,1785908376.0756266,59a31a9f5cf74424a04d15a5f032b92f,b34334a1ebec4d26925601065a654cef,db.query.select,WRITE,34.39,OK,user-db,v1.2.3,6367808eebdb40d7a74afcf4c09fded8
live_ep_000002_NONE,NONE,auth-service,33.5,1785908376.0756266,5e4c48e77bf94751a10c9b41992a502f,b34334a1ebec4d26925601065a654cef,db.query.delete,READ,24.46,OK,user-db,v1.2.3,6367808eebdb40d7a74afcf4c09fded8
live_ep_000002_NONE,NONE,auth-service,33.5,1785908376.0756266,a219454106584d8aa53365ecd22cd8b7,b34334a1ebec4d26925601065a654cef,cache.get,,2.4,OK,cache-cluster,v1.2.3,6367808eebdb40d7a74afcf4c09fded8
live_ep_000002_NONE,NONE,auth-service,34.0,1785908376.575854,4e6e9fb30c8f4dcfb2ec6cf5aecf84ad,,GET /api/auth,,114.18,OK,auth-service,v1.2.3,8b660ef7f1d14deda69b817306b58f95
live_ep_000002_NONE,NONE,auth-service,34.0,1785908376.575854,c61e0eceb7f94b5ab74c9a408f00a0e3,4e6e9fb30c8f4dcfb2ec6cf5aecf84ad,db.query.delete,READ,20.41,OK,user-db,v1.2.3,8b660ef7f1d14deda69b817306b58f95
live_ep_000002_NONE,NONE,auth-service,34.0,1785908376.575854,043eeca24aab4ac6b265190d2d757487,4e6e9fb30c8f4dcfb2ec6cf5aecf84ad,cache.delete,,2.22,OK,cache-cluster,v1.2.3,8b660ef7f1d14deda69b817306b58f95
live_ep_000002_NONE,NONE,auth-service,34.5,1785908377.0762978,d56dc5bed5ea469f924b6ce5817538bc,,GET /api/order,,92.76,OK,auth-service,v1.2.3,68b36534b8d24d2fb15cf64d14262ab6
live_ep_000002_NONE,NONE,auth-service,34.5,1785908377.0762978,3af82281b7aa4ea1959aa550692220bf,d56dc5bed5ea469f924b6ce5817538bc,db.query.delete,WRITE,3.97,OK,user-db,v1.2.3,68b36534b8d24d2fb15cf64d14262ab6
live_ep_000002_NONE,NONE,auth-service,34.5,1785908377.0762978,5ed158ba507946d79c10d6a8edae6f26,d56dc5bed5ea469f924b6ce5817538bc,db.query.insert,READ,19.75,OK,user-db,v1.2.3,68b36534b8d24d2fb15cf64d14262ab6
live_ep_000002_NONE,NONE,auth-service,34.5,1785908377.0762978,57e00439235e47abbf9991e550de6e38,d56dc5bed5ea469f924b6ce5817538bc,cache.delete,,1.14,OK,cache-cluster,v1.2.3,68b36534b8d24d2fb15cf64d14262ab6
live_ep_000002_NONE,NONE,auth-service,35.0,1785908377.5771196,1230b70a9643408784746fe3c6ba472f,,GET /api/order,,122.91,OK,auth-service,v1.2.3,81358bf4d6904d9687b840a30ff1fab6
live_ep_000002_NONE,NONE,auth-service,35.0,1785908377.5771196,207fcf6cd06e48ff8bee9ed242fcf472,1230b70a9643408784746fe3c6ba472f,db.transaction,WRITE,19.01,OK,user-db,v1.2.3,81358bf4d6904d9687b840a30ff1fab6
live_ep_000002_NONE,NONE,auth-service,35.0,1785908377.5771196,40c3f355bb3649a6b3d48c51c08678c9,1230b70a9643408784746fe3c6ba472f,cache.set,,3.54,OK,cache-cluster,v1.2.3,81358bf4d6904d9687b840a30ff1fab6
live_ep_000002_NONE,NONE,auth-service,35.5,1785908378.077468,589af5df585445a8b425b754f39c5e7a,,POST /api/payment,,139.1,OK,auth-service,v1.2.3,59945b03196c4b22a314f029dbcad267
live_ep_000002_NONE,NONE,auth-service,35.5,1785908378.077468,805d9094dd6c4e89908ac5ef74b141ae,589af5df585445a8b425b754f39c5e7a,db.query.delete,WRITE,13.05,OK,user-db,v1.2.3,59945b03196c4b22a314f029dbcad267
live_ep_000002_NONE,NONE,auth-service,35.5,1785908378.077468,c9c24954bcd748109c9eca3314bf2d76,589af5df585445a8b425b754f39c5e7a,db.query.update,READ,19.59,OK,user-db,v1.2.3,59945b03196c4b22a314f029dbcad267
live_ep_000002_NONE,NONE,auth-service,35.5,1785908378.077468,8be43c5b61a54ff0b955f152e68b3919,589af5df585445a8b425b754f39c5e7a,cache.set,,2.81,OK,cache-cluster,v1.2.3,59945b03196c4b22a314f029dbcad267
live_ep_000002_NONE,NONE,auth-service,36.0,1785908378.5780137,ee3752dda36849678bc7651b4ce63fce,,PUT /api/inventory,,107.81,OK,auth-service,v1.2.3,167ba8d7e6d6469ebf7a39b90dff9359
live_ep_000002_NONE,NONE,auth-service,36.0,1785908378.5780137,886fb2eea56844aab26c9b912e33f761,ee3752dda36849678bc7651b4ce63fce,db.query.select,WRITE,21.62,OK,user-db,v1.2.3,167ba8d7e6d6469ebf7a39b90dff9359
live_ep_000002_NONE,NONE,auth-service,36.0,1785908378.5780137,1a3900ee2faa4d819f34b8f52ddf1a1d,ee3752dda36849678bc7651b4ce63fce,db.transaction,READ,21.59,OK,user-db,v1.2.3,167ba8d7e6d6469ebf7a39b90dff9359
live_ep_000002_NONE,NONE,auth-service,36.0,1785908378.5780137,4d4f9bba19da445c9e4a12bd4bb62f61,ee3752dda36849678bc7651b4ce63fce,cache.get,,2.85,OK,cache-cluster,v1.2.3,167ba8d7e6d6469ebf7a39b90dff9359
live_ep_000002_NONE,NONE,auth-service,36.0,1785908378.5780137,e266a2b535c44749bfd3ee9372abeaa8,ee3752dda36849678bc7651b4ce63fce,grpc.call,,27.18,OK,inventory-api,v1.2.3,167ba8d7e6d6469ebf7a39b90dff9359
live_ep_000002_NONE,NONE,auth-service,36.5,1785908379.0784667,cd852e9c64954e42a10ae7242bfdf2fa,,POST /api/checkout,,102.85,OK,auth-service,v1.2.3,b85468bf433b480bb2d21961f57ffb7f
live_ep_000002_NONE,NONE,auth-service,36.5,1785908379.0784667,314544829b634f6ea46a241b729ee0b2,cd852e9c64954e42a10ae7242bfdf2fa,db.transaction,READ,24.24,OK,user-db,v1.2.3,b85468bf433b480bb2d21961f57ffb7f
live_ep_000002_NONE,NONE,auth-service,36.5,1785908379.0784667,00acc882cf1c455192a6d3285d35d2b7,cd852e9c64954e42a10ae7242bfdf2fa,http.client.get,,21.35,OK,inventory-api,v1.2.3,b85468bf433b480bb2d21961f57ffb7f
live_ep_000002_NONE,NONE,auth-service,37.0,1785908379.5788355,cd89e5838a274f3e9fba634f4cb2f77d,,GET /api/auth,,112.85,OK,auth-service,v1.2.3,2ca3896fe72d424b8f3ee4716662a6c4
live_ep_000002_NONE,NONE,auth-service,37.0,1785908379.5788355,15ffe406fb004be0929a757023a680d4,cd89e5838a274f3e9fba634f4cb2f77d,db.query.select,READ,12.04,OK,user-db,v1.2.3,2ca3896fe72d424b8f3ee4716662a6c4
live_ep_000002_NONE,NONE,auth-service,37.5,1785908380.07922,92be18827a194d239f3d4a2894ebdd6e,,POST /api/checkout,,108.27,OK,auth-service,v1.2.3,1997aa30d3ef4752865dec2f257737dc
live_ep_000002_NONE,NONE,auth-service,37.5,1785908380.07922,9acd4c33a0ec443a953c378e9726e32c,92be18827a194d239f3d4a2894ebdd6e,db.query.insert,WRITE,12.01,OK,user-db,v1.2.3,1997aa30d3ef4752865dec2f257737dc
live_ep_000002_NONE,NONE,auth-service,37.5,1785908380.07922,f62b5bcc669845b992b285c4e95c9357,92be18827a194d239f3d4a2894ebdd6e,cache.get,,2.23,OK,cache-cluster,v1.2.3,1997aa30d3ef4752865dec2f257737dc
live_ep_000002_NONE,NONE,auth-service,38.0,1785908380.5796485,46b0fffb626542898de43e100c0a0701,,GET /api/health,,120.18,OK,auth-service,v1.2.3,f9a2163963f9419285aed657f55dffb0
live_ep_000002_NONE,NONE,auth-service,38.0,1785908380.5796485,d17be8cb553141768dc8940aba5e025d,46b0fffb626542898de43e100c0a0701,db.transaction,WRITE,24.88,OK,user-db,v1.2.3,f9a2163963f9419285aed657f55dffb0
live_ep_000002_NONE,NONE,auth-service,38.0,1785908380.5796485,89e6a40f7109414cb296559b8b0ed413,46b0fffb626542898de43e100c0a0701,grpc.call,,17.75,OK,user-db,v1.2.3,f9a2163963f9419285aed657f55dffb0
live_ep_000002_NONE,NONE,auth-service,38.5,1785908381.0801144,443951630056474caa26611e2bb18904,,GET /api/auth,,139.57,OK,auth-service,v1.2.3,90a0a81f9af642a0bc4eeb5b6432cdda
live_ep_000002_NONE,NONE,auth-service,38.5,1785908381.0801144,0a53a1e66c0a4b9b8b999caae197a78d,443951630056474caa26611e2bb18904,db.query.insert,READ,18.2,OK,user-db,v1.2.3,90a0a81f9af642a0bc4eeb5b6432cdda
live_ep_000002_NONE,NONE,auth-service,38.5,1785908381.0801144,a30812a929a841c6bf039e4e5c22ba8c,443951630056474caa26611e2bb18904,cache.set,,21.93,OK,cache-cluster,v1.2.3,90a0a81f9af642a0bc4eeb5b6432cdda
live_ep_000002_NONE,NONE,auth-service,39.0,1785908381.5804815,b978726fbe214934953aa0dad568dc0e,,POST /api/checkout,,136.5,OK,auth-service,v1.2.3,eea442c4673b47aab8005639f0a51165
live_ep_000002_NONE,NONE,auth-service,39.0,1785908381.5804815,c318f69b66b248f59a2bdd6dd2a32b79,b978726fbe214934953aa0dad568dc0e,db.query.delete,READ,22.18,OK,user-db,v1.2.3,eea442c4673b47aab8005639f0a51165
live_ep_000002_NONE,NONE,auth-service,39.0,1785908381.5804815,1a92df196ccf47b8bd4ad47c8cf61cd9,b978726fbe214934953aa0dad568dc0e,db.query.insert,READ,24.88,OK,user-db,v1.2.3,eea442c4673b47aab8005639f0a51165
live_ep_000002_NONE,NONE,auth-service,39.0,1785908381.5804815,1802dd7bfc2e4d01a22e273078cc4572,b978726fbe214934953aa0dad568dc0e,cache.get,,1.55,OK,cache-cluster,v1.2.3,eea442c4673b47aab8005639f0a51165
live_ep_000002_NONE,NONE,auth-service,39.0,1785908381.5804815,562ddb217b394cfc9bc429e1008d1d5c,b978726fbe214934953aa0dad568dc0e,http.client.post,,18.13,OK,inventory-api,v1.2.3,eea442c4673b47aab8005639f0a51165
live_ep_000002_NONE,NONE,auth-service,39.5,1785908382.0816047,afa3eb3649504a95825d70fb326efaa0,,POST /api/payment,,111.14,OK,auth-service,v1.2.3,690844e5d1894df485a74e1ee0a11fe9
live_ep_000002_NONE,NONE,auth-service,39.5,1785908382.0816047,75148578fea74313a67e71dadcc205cd,afa3eb3649504a95825d70fb326efaa0,db.transaction,READ,24.67,OK,user-db,v1.2.3,690844e5d1894df485a74e1ee0a11fe9
live_ep_000002_NONE,NONE,auth-service,39.5,1785908382.0816047,bac465cea43c4d2fb2be26c68d74d782,afa3eb3649504a95825d70fb326efaa0,http.client.get,,34.67,OK,inventory-api,v1.2.3,690844e5d1894df485a74e1ee0a11fe9
live_ep_000002_NONE,NONE,auth-service,40.0,1785908382.5821354,3486649377a6403b97914f9403e9caa9,,GET /api/order,,95.0,OK,auth-service,v1.2.3,aac0c930641b4086bc65e2295e2fd88b
live_ep_000002_NONE,NONE,auth-service,40.0,1785908382.5821354,6ed3b3a0a92f47e6bd37fd8b5972a3fe,3486649377a6403b97914f9403e9caa9,db.query.update,WRITE,15.48,OK,user-db,v1.2.3,aac0c930641b4086bc65e2295e2fd88b
live_ep_000002_NONE,NONE,auth-service,40.0,1785908382.5821354,662fa9a40971482b8eb3e9b86d384471,3486649377a6403b97914f9403e9caa9,db.query.select,WRITE,23.96,OK,user-db,v1.2.3,aac0c930641b4086bc65e2295e2fd88b
live_ep_000002_NONE,NONE,auth-service,40.5,1785908383.0822158,2148f3e3f37443d5bbcafd86b0de1d06,,POST /api/checkout,,93.86,OK,auth-service,v1.2.3,d31aba369ad14f64aa5ab7bd64ea152b
live_ep_000002_NONE,NONE,auth-service,40.5,1785908383.0822158,1ad173adc315472e88b30484315c9f42,2148f3e3f37443d5bbcafd86b0de1d06,db.query.update,READ,15.24,OK,user-db,v1.2.3,d31aba369ad14f64aa5ab7bd64ea152b
live_ep_000002_NONE,NONE,auth-service,40.5,1785908383.0822158,1f41ddcc14724216ad1d57a43162c53c,2148f3e3f37443d5bbcafd86b0de1d06,db.transaction,WRITE,14.16,OK,user-db,v1.2.3,d31aba369ad14f64aa5ab7bd64ea152b
live_ep_000002_NONE,NONE,auth-service,40.5,1785908383.0822158,ae8e9728b99244afb32fe7c859180266,2148f3e3f37443d5bbcafd86b0de1d06,cache.delete,,2.83,OK,cache-cluster,v1.2.3,d31aba369ad14f64aa5ab7bd64ea152b
live_ep_000002_NONE,NONE,auth-service,40.5,1785908383.0822158,afdd0d79492b480e9684cbaadbf80360,2148f3e3f37443d5bbcafd86b0de1d06,http.client.get,,35.22,OK,cache-cluster,v1.2.3,d31aba369ad14f64aa5ab7bd64ea152b
live_ep_000002_NONE,NONE,auth-service,41.0,1785908383.5823774,f030eb3903b54f57b3b4382cb4ea6412,,PUT /api/inventory,,124.88,OK,auth-service,v1.2.3,5f82891b3a3246d985e268886a3663e6
live_ep_000002_NONE,NONE,auth-service,41.0,1785908383.5823774,6359750c616a4cc39ef84e2a95b5efab,f030eb3903b54f57b3b4382cb4ea6412,db.query.update,READ,8.25,OK,user-db,v1.2.3,5f82891b3a3246d985e268886a3663e6
live_ep_000002_NONE,NONE,auth-service,41.0,1785908383.5823774,2bfbf9ad9f9a40b29206087ab827490c,f030eb3903b54f57b3b4382cb4ea6412,cache.get,,2.96,OK,cache-cluster,v1.2.3,5f82891b3a3246d985e268886a3663e6
live_ep_000002_NONE,NONE,auth-service,41.5,1785908384.08285,4a478e1730ec4dfaa5a859e08b112ef9,,POST /api/payment,,111.32,OK,auth-service,v1.2.3,797a050706234c67927cecf1ac197575
live_ep_000002_NONE,NONE,auth-service,41.5,1785908384.08285,86748d822a1b4e4f8b92fb842dc69310,4a478e1730ec4dfaa5a859e08b112ef9,db.query.select,READ,12.38,OK,user-db,v1.2.3,797a050706234c67927cecf1ac197575
live_ep_000002_NONE,NONE,auth-service,41.5,1785908384.08285,4712a2e54d3f4c389df31f4e5b71f0cc,4a478e1730ec4dfaa5a859e08b112ef9,cache.get,,0.5,OK,cache-cluster,v1.2.3,797a050706234c67927cecf1ac197575
live_ep_000002_NONE,NONE,auth-service,42.0,1785908384.5834298,be7ef138f08743159ded5ea81ffe72a1,,GET /api/order,,87.91,OK,auth-service,v1.2.3,4e399103d4124a4f8890201659a0b7e8
live_ep_000002_NONE,NONE,auth-service,42.0,1785908384.5834298,6aab658b81bc4678b6a2215aec48d7c5,be7ef138f08743159ded5ea81ffe72a1,db.query.select,WRITE,30.32,OK,user-db,v1.2.3,4e399103d4124a4f8890201659a0b7e8
live_ep_000002_NONE,NONE,auth-service,42.0,1785908384.5834298,15d9bb8e3f3d4b31afe739a75dde65b4,be7ef138f08743159ded5ea81ffe72a1,http.client.post,,31.68,OK,user-db,v1.2.3,4e399103d4124a4f8890201659a0b7e8
live_ep_000002_NONE,NONE,auth-service,42.5,1785908385.083535,54cb4f30f9b34cd9871e009cba1ff857,,GET /api/auth,,75.34,OK,auth-service,v1.2.3,3281d214be684ab59bbd2459c06c87aa
live_ep_000002_NONE,NONE,auth-service,42.5,1785908385.083535,9968bbee68104c1699b26ce782512211,54cb4f30f9b34cd9871e009cba1ff857,db.query.update,READ,20.82,OK,user-db,v1.2.3,3281d214be684ab59bbd2459c06c87aa
live_ep_000002_NONE,NONE,auth-service,42.5,1785908385.083535,b8fb820989d84b2db8c3b9d2cc9c025c,54cb4f30f9b34cd9871e009cba1ff857,db.transaction,WRITE,7.16,OK,user-db,v1.2.3,3281d214be684ab59bbd2459c06c87aa
live_ep_000002_NONE,NONE,auth-service,42.5,1785908385.083535,be946f9d2aec4acd881785e0106a8457,54cb4f30f9b34cd9871e009cba1ff857,cache.delete,,1.2,OK,cache-cluster,v1.2.3,3281d214be684ab59bbd2459c06c87aa
live_ep_000002_NONE,NONE,auth-service,43.0,1785908385.5836608,c7057f21d02a4df39fb62191c8f19cc6,,GET /api/order,,156.43,OK,auth-service,v1.2.3,9a9f81ec9ffb41bfb64597c3333276d6
live_ep_000002_NONE,NONE,auth-service,43.0,1785908385.5836608,0c1831f02a6942808b0dc0c5542a5e75,c7057f21d02a4df39fb62191c8f19cc6,db.query.insert,WRITE,28.0,OK,user-db,v1.2.3,9a9f81ec9ffb41bfb64597c3333276d6
live_ep_000002_NONE,NONE,auth-service,43.0,1785908385.5836608,9018311693214f2f9ff88015365a20c9,c7057f21d02a4df39fb62191c8f19cc6,db.query.insert,READ,6.47,OK,user-db,v1.2.3,9a9f81ec9ffb41bfb64597c3333276d6
live_ep_000002_NONE,NONE,auth-service,43.0,1785908385.5836608,b4b4d23c65ca439599b541b79dc2d6a1,c7057f21d02a4df39fb62191c8f19cc6,cache.delete,,1.99,OK,cache-cluster,v1.2.3,9a9f81ec9ffb41bfb64597c3333276d6
live_ep_000002_NONE,NONE,auth-service,43.5,1785908386.0838661,4a7647b670bb48aeadc374e2a9e6609e,,GET /api/auth,,112.03,OK,auth-service,v1.2.3,e4c8799f21404c8884f6801c62783a0f
live_ep_000002_NONE,NONE,auth-service,43.5,1785908386.0838661,bf274f6fa7f247a6a4a03bae4a573067,4a7647b670bb48aeadc374e2a9e6609e,db.query.update,READ,10.97,OK,user-db,v1.2.3,e4c8799f21404c8884f6801c62783a0f
live_ep_000002_NONE,NONE,auth-service,43.5,1785908386.0838661,212575b4a42c42658feed3fdcf2a5726,4a7647b670bb48aeadc374e2a9e6609e,db.query.update,READ,21.02,OK,user-db,v1.2.3,e4c8799f21404c8884f6801c62783a0f
live_ep_000002_NONE,NONE,auth-service,43.5,1785908386.0838661,ecaf575168424cbe83982263057fba69,4a7647b670bb48aeadc374e2a9e6609e,cache.set,,2.54,OK,cache-cluster,v1.2.3,e4c8799f21404c8884f6801c62783a0f
live_ep_000002_NONE,NONE,auth-service,44.0,1785908386.584101,ff22348460db4d2cab2ea9b3685f8247,,PUT /api/inventory,,138.44,OK,auth-service,v1.2.3,2fbbb9ddcd484d36bccd38cc7b38f8cf
live_ep_000002_NONE,NONE,auth-service,44.0,1785908386.584101,832d102ca2884066853592c1b907f5ed,ff22348460db4d2cab2ea9b3685f8247,db.query.insert,READ,28.81,OK,user-db,v1.2.3,2fbbb9ddcd484d36bccd38cc7b38f8cf
live_ep_000002_NONE,NONE,auth-service,44.0,1785908386.584101,45e8c7023d0e491fb7e57a1c0e6918df,ff22348460db4d2cab2ea9b3685f8247,db.transaction,WRITE,21.2,OK,user-db,v1.2.3,2fbbb9ddcd484d36bccd38cc7b38f8cf
live_ep_000002_NONE,NONE,auth-service,44.5,1785908387.0843594,c8eaa7b8b22445f690e7bc06786fe485,,GET /api/health,,133.29,OK,auth-service,v1.2.3,5b837c56c2424046bfc7ce96929e8493
live_ep_000002_NONE,NONE,auth-service,44.5,1785908387.0843594,2952faf601c74fcd902bc4938f6f22da,c8eaa7b8b22445f690e7bc06786fe485,db.transaction,WRITE,10.61,OK,user-db,v1.2.3,5b837c56c2424046bfc7ce96929e8493
live_ep_000002_NONE,NONE,auth-service,45.0,1785908387.5845263,15518618f56e4406a85d6bce2bec835d,,PUT /api/inventory,,130.31,OK,auth-service,v1.2.3,abae797389b54dfaa9d2ca66dbab261f
live_ep_000002_NONE,NONE,auth-service,45.0,1785908387.5845263,94388989d2754233bef6674a97ab1e43,15518618f56e4406a85d6bce2bec835d,db.query.insert,READ,31.34,OK,user-db,v1.2.3,abae797389b54dfaa9d2ca66dbab261f
live_ep_000002_NONE,NONE,auth-service,45.5,1785908388.0850713,4f4f49f0dd6849eabd511616cc5c847f,,GET /api/auth,,92.16,OK,auth-service,v1.2.3,3d0ac9ed699047e289ae6661d9337ae2
live_ep_000002_NONE,NONE,auth-service,45.5,1785908388.0850713,6d6580a8d7694a76b12fd6a1c199713c,4f4f49f0dd6849eabd511616cc5c847f,db.query.insert,WRITE,10.24,OK,user-db,v1.2.3,3d0ac9ed699047e289ae6661d9337ae2
live_ep_000002_NONE,NONE,auth-service,45.5,1785908388.0850713,33125b75349a457b8648b12a046e2abb,4f4f49f0dd6849eabd511616cc5c847f,db.query.select,READ,24.67,OK,user-db,v1.2.3,3d0ac9ed699047e289ae6661d9337ae2
live_ep_000002_NONE,NONE,auth-service,45.5,1785908388.0850713,fe88f24dcd3642e88a96325768ca6218,4f4f49f0dd6849eabd511616cc5c847f,cache.set,,2.38,OK,cache-cluster,v1.2.3,3d0ac9ed699047e289ae6661d9337ae2
live_ep_000002_NONE,NONE,auth-service,45.5,1785908388.0850713,8c9246d756484c3ebbe8c762fb8ec1ea,4f4f49f0dd6849eabd511616cc5c847f,grpc.call,,19.03,OK,user-db,v1.2.3,3d0ac9ed699047e289ae6661d9337ae2
live_ep_000002_NONE,NONE,auth-service,46.0,1785908388.5854695,1a4a58f7a3db446793e261ffa8d051d7,,POST /api/checkout,,137.09,OK,auth-service,v1.2.3,22d37742f39b470b83c4b92969be239f
live_ep_000002_NONE,NONE,auth-service,46.0,1785908388.5854695,41199189ff1c4e2eab731fb64825c94a,1a4a58f7a3db446793e261ffa8d051d7,db.query.insert,READ,14.42,OK,user-db,v1.2.3,22d37742f39b470b83c4b92969be239f
live_ep_000002_NONE,NONE,auth-service,46.0,1785908388.5854695,c639d21606d24b3098c3d7f82f9d6448,1a4a58f7a3db446793e261ffa8d051d7,db.query.update,READ,23.15,OK,user-db,v1.2.3,22d37742f39b470b83c4b92969be239f
live_ep_000002_NONE,NONE,auth-service,46.0,1785908388.5854695,f62291a4731843cc92086306765be68f,1a4a58f7a3db446793e261ffa8d051d7,http.client.get,,31.81,OK,user-db,v1.2.3,22d37742f39b470b83c4b92969be239f
live_ep_000002_NONE,NONE,auth-service,46.5,1785908389.0861933,c814afdcd5884940830efa4182db3a3c,,POST /api/checkout,,114.52,OK,auth-service,v1.2.3,864284a8868f4f5bac7a6673325dcd8d
live_ep_000002_NONE,NONE,auth-service,46.5,1785908389.0861933,4c8f05da39fa48b28ee57613149ba306,c814afdcd5884940830efa4182db3a3c,db.query.select,READ,9.22,OK,user-db,v1.2.3,864284a8868f4f5bac7a6673325dcd8d
live_ep_000002_NONE,NONE,auth-service,46.5,1785908389.0861933,a7821e4fe0ad431798a1e0e2c0ad0374,c814afdcd5884940830efa4182db3a3c,cache.get,,2.25,OK,cache-cluster,v1.2.3,864284a8868f4f5bac7a6673325dcd8d
live_ep_000002_NONE,NONE,auth-service,46.5,1785908389.0861933,7fc4f4f021844f8a8930d5feec4334aa,c814afdcd5884940830efa4182db3a3c,http.client.get,,29.89,OK,user-db,v1.2.3,864284a8868f4f5bac7a6673325dcd8d
live_ep_000002_NONE,NONE,auth-service,47.0,1785908389.5862784,8d8e2a7680444db3bb592294b2f8a320,,GET /api/auth,,117.55,OK,auth-service,v1.2.3,0b6d4523f73e43eda1e00bea72622698
live_ep_000002_NONE,NONE,auth-service,47.0,1785908389.5862784,5069d5eaa24d4f74a9190cc457828550,8d8e2a7680444db3bb592294b2f8a320,db.transaction,WRITE,22.51,OK,user-db,v1.2.3,0b6d4523f73e43eda1e00bea72622698
live_ep_000002_NONE,NONE,auth-service,47.0,1785908389.5862784,01f506027275418db1e66d195a580f4d,8d8e2a7680444db3bb592294b2f8a320,db.query.insert,READ,29.51,OK,user-db,v1.2.3,0b6d4523f73e43eda1e00bea72622698
live_ep_000002_NONE,NONE,auth-service,47.0,1785908389.5862784,e7b180092e124670b6d09ed6dc44a1ab,8d8e2a7680444db3bb592294b2f8a320,cache.get,,1.36,OK,cache-cluster,v1.2.3,0b6d4523f73e43eda1e00bea72622698
live_ep_000002_NONE,NONE,auth-service,47.0,1785908389.5862784,761946dd0e474d6492b161193214b49d,8d8e2a7680444db3bb592294b2f8a320,http.client.post,,44.04,OK,inventory-api,v1.2.3,0b6d4523f73e43eda1e00bea72622698
live_ep_000002_NONE,NONE,auth-service,47.5,1785908390.0866148,5530776998604f09b7c48a3cbcc9df74,,GET /api/order,,136.53,OK,auth-service,v1.2.3,78627133781b44b5bf70576c63898c75
live_ep_000002_NONE,NONE,auth-service,47.5,1785908390.0866148,af89c51d776843b290ca8e9a0b265880,5530776998604f09b7c48a3cbcc9df74,db.query.insert,READ,19.11,OK,user-db,v1.2.3,78627133781b44b5bf70576c63898c75
live_ep_000002_NONE,NONE,auth-service,47.5,1785908390.0866148,037b0d6d9d9a496fa4279ac634d25a4b,5530776998604f09b7c48a3cbcc9df74,db.query.select,READ,32.54,OK,user-db,v1.2.3,78627133781b44b5bf70576c63898c75
live_ep_000002_NONE,NONE,auth-service,47.5,1785908390.0866148,881d6b09138b4973aa6b10408992c503,5530776998604f09b7c48a3cbcc9df74,cache.get,,2.9,OK,cache-cluster,v1.2.3,78627133781b44b5bf70576c63898c75
live_ep_000002_NONE,NONE,auth-service,47.5,1785908390.0866148,2255dcff92b04f39b12794e0ff1d6620,5530776998604f09b7c48a3cbcc9df74,http.client.post,,21.48,OK,inventory-api,v1.2.3,78627133781b44b5bf70576c63898c75
live_ep_000002_NONE,NONE,auth-service,48.0,1785908390.5870547,4b8d78c73cce476e971e66973aa8fc9b,,PUT /api/inventory,,99.83,OK,auth-service,v1.2.3,686292616f2f4d2fb119de084ab14502
live_ep_000002_NONE,NONE,auth-service,48.0,1785908390.5870547,1704e85df3ca461ba2877b637ef4e2de,4b8d78c73cce476e971e66973aa8fc9b,db.query.select,READ,20.03,OK,user-db,v1.2.3,686292616f2f4d2fb119de084ab14502
live_ep_000002_NONE,NONE,auth-service,48.0,1785908390.5870547,e6d078d28cb6492b8cc9e81dd7016f78,4b8d78c73cce476e971e66973aa8fc9b,db.transaction,READ,22.97,OK,user-db,v1.2.3,686292616f2f4d2fb119de084ab14502
live_ep_000002_NONE,NONE,auth-service,48.5,1785908391.0873842,ebc79a891019467c96b4004b9c312ef2,,POST /api/checkout,,144.41,OK,auth-service,v1.2.3,18b3b4d5b2344e32855cb2a1291fa5dc
live_ep_000002_NONE,NONE,auth-service,48.5,1785908391.0873842,6212a26ea4744c90bd0d2dd128b411d0,ebc79a891019467c96b4004b9c312ef2,db.query.select,READ,19.21,OK,user-db,v1.2.3,18b3b4d5b2344e32855cb2a1291fa5dc
live_ep_000002_NONE,NONE,auth-service,48.5,1785908391.0873842,cbfa1e1ff056451a976ba5c0e59a5130,ebc79a891019467c96b4004b9c312ef2,http.client.post,,34.61,OK,user-db,v1.2.3,18b3b4d5b2344e32855cb2a1291fa5dc
live_ep_000002_NONE,NONE,auth-service,49.0,1785908391.5878556,7f1c30daae004b2a8e3bf76a588933a2,,PUT /api/inventory,,142.97,OK,auth-service,v1.2.3,682c9f44acf1499ba18355011c521059
live_ep_000002_NONE,NONE,auth-service,49.0,1785908391.5878556,d25d84dfe2d64b6e88bb0449df0cab8e,7f1c30daae004b2a8e3bf76a588933a2,db.transaction,READ,22.0,OK,user-db,v1.2.3,682c9f44acf1499ba18355011c521059
live_ep_000002_NONE,NONE,auth-service,49.0,1785908391.5878556,944b364d1af9423a8bf4e9c469fb95f8,7f1c30daae004b2a8e3bf76a588933a2,cache.get,,2.11,OK,cache-cluster,v1.2.3,682c9f44acf1499ba18355011c521059
live_ep_000002_NONE,NONE,auth-service,49.5,1785908392.0883036,09973beb2f1848be828e059957f68354,,POST /api/checkout,,121.92,OK,auth-service,v1.2.3,8db90390b94c41078fd923e4d15012ff
live_ep_000002_NONE,NONE,auth-service,49.5,1785908392.0883036,e18beaad3029408aac38dc01d8ea6b50,09973beb2f1848be828e059957f68354,db.transaction,WRITE,15.21,OK,user-db,v1.2.3,8db90390b94c41078fd923e4d15012ff
live_ep_000002_NONE,NONE,auth-service,49.5,1785908392.0883036,469d93c1f564483bb7d2067f3d84bd17,09973beb2f1848be828e059957f68354,db.transaction,WRITE,13.06,OK,user-db,v1.2.3,8db90390b94c41078fd923e4d15012ff
live_ep_000002_NONE,NONE,auth-service,49.5,1785908392.0883036,63e00a31034049c1a78b9e5304a2951f,09973beb2f1848be828e059957f68354,cache.get,,0.79,OK,cache-cluster,v1.2.3,8db90390b94c41078fd923e4d15012ff
live_ep_000002_NONE,NONE,auth-service,50.0,1785908392.5884619,e28893b5557e414289e4ccec6ab40e8d,,GET /api/order,,108.26,OK,auth-service,v1.2.3,ab0af9c2d0ea4a7396272e0621328ca4
live_ep_000002_NONE,NONE,auth-service,50.0,1785908392.5884619,390f1e2c480140c9b0413a805189709e,e28893b5557e414289e4ccec6ab40e8d,db.query.select,WRITE,11.1,OK,user-db,v1.2.3,ab0af9c2d0ea4a7396272e0621328ca4
live_ep_000002_NONE,NONE,auth-service,50.0,1785908392.5884619,4871b3d8660244e7ba9e6cfeda213586,e28893b5557e414289e4ccec6ab40e8d,cache.get,,1.11,OK,cache-cluster,v1.2.3,ab0af9c2d0ea4a7396272e0621328ca4
live_ep_000002_NONE,NONE,auth-service,50.0,1785908392.5884619,52ece0fd706944e1bd38a55eee2024c7,e28893b5557e414289e4ccec6ab40e8d,http.client.get,,30.7,OK,user-db,v1.2.3,ab0af9c2d0ea4a7396272e0621328ca4
live_ep_000002_NONE,NONE,auth-service,50.5,1785908393.089,ab7ae3e6bea749ae93a60c745ebd154d,,GET /api/auth,,115.34,OK,auth-service,v1.2.3,cf193e7894d94113a1b620fd922c95bb
live_ep_000002_NONE,NONE,auth-service,50.5,1785908393.089,e6b90632aeef47989671228f1e90c838,ab7ae3e6bea749ae93a60c745ebd154d,db.query.select,READ,21.72,OK,user-db,v1.2.3,cf193e7894d94113a1b620fd922c95bb
live_ep_000002_NONE,NONE,auth-service,50.5,1785908393.089,be1c318256aa4bb3bdda9322b3e6fcf9,ab7ae3e6bea749ae93a60c745ebd154d,cache.set,,3.16,OK,cache-cluster,v1.2.3,cf193e7894d94113a1b620fd922c95bb
live_ep_000002_NONE,NONE,auth-service,50.5,1785908393.089,5c8a4c291c9c4dec83ea80b0b06c405c,ab7ae3e6bea749ae93a60c745ebd154d,grpc.call,,19.38,OK,payment-gateway,v1.2.3,cf193e7894d94113a1b620fd922c95bb
live_ep_000002_NONE,NONE,auth-service,51.0,1785908393.5891938,b5e01115bdfe4008bd3c08c1d6619886,,GET /api/order,,107.82,OK,auth-service,v1.2.3,dbfcdececde245b091291d1d31b924c2
live_ep_000002_NONE,NONE,auth-service,51.0,1785908393.5891938,76876fcc2502427cbf03fa5b06dd4c3f,b5e01115bdfe4008bd3c08c1d6619886,db.query.delete,READ,21.49,OK,user-db,v1.2.3,dbfcdececde245b091291d1d31b924c2
live_ep_000002_NONE,NONE,auth-service,51.0,1785908393.5891938,24de4d4d1ac74dc59960af3ac88a1094,b5e01115bdfe4008bd3c08c1d6619886,db.transaction,READ,22.83,OK,user-db,v1.2.3,dbfcdececde245b091291d1d31b924c2
live_ep_000002_NONE,NONE,auth-service,51.0,1785908393.5891938,ee1f5561dcbf485485fd6bd48d2fc6b5,b5e01115bdfe4008bd3c08c1d6619886,cache.delete,,1.21,OK,cache-cluster,v1.2.3,dbfcdececde245b091291d1d31b924c2
live_ep_000002_NONE,NONE,auth-service,51.0,1785908393.5891938,06bc706e852e4442883120774597d8d7,b5e01115bdfe4008bd3c08c1d6619886,http.client.get,,35.19,OK,inventory-api,v1.2.3,dbfcdececde245b091291d1d31b924c2
live_ep_000002_NONE,NONE,auth-service,51.5,1785908394.0895424,4a3b6893532e4854b6f53c6ed77636e1,,GET /api/auth,,83.16,OK,auth-service,v1.2.3,3c851ea51c8041dcbf9783a0ea7f2e02
live_ep_000002_NONE,NONE,auth-service,51.5,1785908394.0895424,07de59c3b71440d38d25d2e230e99d12,4a3b6893532e4854b6f53c6ed77636e1,db.transaction,WRITE,17.31,OK,user-db,v1.2.3,3c851ea51c8041dcbf9783a0ea7f2e02
live_ep_000002_NONE,NONE,auth-service,51.5,1785908394.0895424,ee5286f25cdc477b83836f2e5f54c052,4a3b6893532e4854b6f53c6ed77636e1,db.transaction,WRITE,14.36,OK,user-db,v1.2.3,3c851ea51c8041dcbf9783a0ea7f2e02
live_ep_000002_NONE,NONE,auth-service,51.5,1785908394.0895424,77c61e85d50947a3b977729ccb19d154,4a3b6893532e4854b6f53c6ed77636e1,cache.set,,1.27,OK,cache-cluster,v1.2.3,3c851ea51c8041dcbf9783a0ea7f2e02
live_ep_000002_NONE,NONE,auth-service,51.5,1785908394.0895424,8a60123eadc04b7aa10df42b2a947f12,4a3b6893532e4854b6f53c6ed77636e1,grpc.call,,40.81,OK,payment-gateway,v1.2.3,3c851ea51c8041dcbf9783a0ea7f2e02
live_ep_000002_NONE,NONE,auth-service,52.0,1785908394.590013,394d9dbdac804383800c935ae8be0334,,POST /api/checkout,,130.57,OK,auth-service,v1.2.3,f34f4d68e4e3420895a2eb48d68cdc4a
live_ep_000002_NONE,NONE,auth-service,52.0,1785908394.590013,da019d2957064e8393f0c9fe88d08190,394d9dbdac804383800c935ae8be0334,db.transaction,WRITE,17.46,OK,user-db,v1.2.3,f34f4d68e4e3420895a2eb48d68cdc4a
live_ep_000002_NONE,NONE,auth-service,52.0,1785908394.590013,773dd8c876264fd093e59f45a1938db7,394d9dbdac804383800c935ae8be0334,db.query.update,READ,2.45,OK,user-db,v1.2.3,f34f4d68e4e3420895a2eb48d68cdc4a
live_ep_000002_NONE,NONE,auth-service,52.5,1785908395.090556,23187b6b5bcd446ebfd15ce375ca5af2,,GET /api/health,,82.41,OK,auth-service,v1.2.3,7229df497bf94054971e61b6587255f3
live_ep_000002_NONE,NONE,auth-service,52.5,1785908395.090556,ec581e1fc83e409f81a2741a2f275934,23187b6b5bcd446ebfd15ce375ca5af2,db.transaction,WRITE,21.04,OK,user-db,v1.2.3,7229df497bf94054971e61b6587255f3
live_ep_000002_NONE,NONE,auth-service,52.5,1785908395.090556,5b004580c6d34555b98523eb199cd477,23187b6b5bcd446ebfd15ce375ca5af2,db.query.delete,READ,31.19,OK,user-db,v1.2.3,7229df497bf94054971e61b6587255f3
live_ep_000002_NONE,NONE,auth-service,52.5,1785908395.090556,88c320b104bb41d1bf53d16eac6f22e4,23187b6b5bcd446ebfd15ce375ca5af2,cache.get,,2.08,OK,cache-cluster,v1.2.3,7229df497bf94054971e61b6587255f3
live_ep_000002_NONE,NONE,auth-service,53.0,1785908395.5908256,6947c12dd48142fc9f0205df67d37fcf,,POST /api/payment,,127.3,OK,auth-service,v1.2.3,f92be20a6cca4ae5b77200c21d64e2e7
live_ep_000002_NONE,NONE,auth-service,53.0,1785908395.5908256,0a14c3baf2484db08d7349cdf6ca0d64,6947c12dd48142fc9f0205df67d37fcf,db.query.delete,READ,19.42,OK,user-db,v1.2.3,f92be20a6cca4ae5b77200c21d64e2e7
live_ep_000002_NONE,NONE,auth-service,53.0,1785908395.5908256,1e28b5f14c634e12aa1ed8446c6c2598,6947c12dd48142fc9f0205df67d37fcf,db.query.delete,READ,21.86,OK,user-db,v1.2.3,f92be20a6cca4ae5b77200c21d64e2e7
live_ep_000002_NONE,NONE,auth-service,53.0,1785908395.5908256,aa0f74532980454aa3bd5c4d0cc0012e,6947c12dd48142fc9f0205df67d37fcf,cache.get,,2.36,OK,cache-cluster,v1.2.3,f92be20a6cca4ae5b77200c21d64e2e7
live_ep_000002_NONE,NONE,auth-service,53.5,1785908396.0910876,dd51821988c84eb98900fa33079fb995,,GET /api/auth,,168.32,OK,auth-service,v1.2.3,8e86d722376648859a972ca7427ccb0a
live_ep_000002_NONE,NONE,auth-service,53.5,1785908396.0910876,6362568be68f49edb2c233fd456300f5,dd51821988c84eb98900fa33079fb995,db.query.update,READ,11.08,OK,user-db,v1.2.3,8e86d722376648859a972ca7427ccb0a
live_ep_000002_NONE,NONE,auth-service,53.5,1785908396.0910876,f9c490c7fc37411b8f7eecbfe6dc3ab5,dd51821988c84eb98900fa33079fb995,db.query.insert,READ,23.29,OK,user-db,v1.2.3,8e86d722376648859a972ca7427ccb0a
live_ep_000002_NONE,NONE,auth-service,53.5,1785908396.0910876,24215589410a4d96bd9efb539b59f033,dd51821988c84eb98900fa33079fb995,cache.set,,3.67,OK,cache-cluster,v1.2.3,8e86d722376648859a972ca7427ccb0a
live_ep_000002_NONE,NONE,auth-service,54.0,1785908396.591323,6a1a16f1f60842e782fe6f7c5f2e98ff,,POST /api/payment,,78.92,OK,auth-service,v1.2.3,1220fd03e9b143d8bad5ff1442a37121
live_ep_000002_NONE,NONE,auth-service,54.0,1785908396.591323,6dc328e66582486c9c69dd909a6350f9,6a1a16f1f60842e782fe6f7c5f2e98ff,db.query.insert,WRITE,9.09,OK,user-db,v1.2.3,1220fd03e9b143d8bad5ff1442a37121
live_ep_000002_NONE,NONE,auth-service,54.0,1785908396.591323,d455edf3cb644c81a0fc67e3ae45fea2,6a1a16f1f60842e782fe6f7c5f2e98ff,http.client.get,,18.36,OK,cache-cluster,v1.2.3,1220fd03e9b143d8bad5ff1442a37121
live_ep_000002_NONE,NONE,auth-service,54.5,1785908397.0914676,ddc6ac808c4743c890947b3311362278,,PUT /api/inventory,,172.07,OK,auth-service,v1.2.3,aee2ff371e0948fd8283fc8d56441b12
live_ep_000002_NONE,NONE,auth-service,54.5,1785908397.0914676,9fae60fa2e484ff68178bcc18f324bf2,ddc6ac808c4743c890947b3311362278,db.query.delete,WRITE,33.77,OK,user-db,v1.2.3,aee2ff371e0948fd8283fc8d56441b12
live_ep_000002_NONE,NONE,auth-service,54.5,1785908397.0914676,24bff76c9a3048348fbc716b35c2713d,ddc6ac808c4743c890947b3311362278,db.query.delete,WRITE,20.46,OK,user-db,v1.2.3,aee2ff371e0948fd8283fc8d56441b12
live_ep_000002_NONE,NONE,auth-service,54.5,1785908397.0914676,896480667d094ed0b92156f34b775487,ddc6ac808c4743c890947b3311362278,cache.delete,,1.52,OK,cache-cluster,v1.2.3,aee2ff371e0948fd8283fc8d56441b12
live_ep_000002_NONE,NONE,auth-service,55.0,1785908397.5919075,18ca320c16ba43008106097d027f3cd1,,POST /api/checkout,,119.22,OK,auth-service,v1.2.3,701631de2950434fbaeee15c19e8f942
live_ep_000002_NONE,NONE,auth-service,55.0,1785908397.5919075,562290b92d6d4abca0ff4ace2d8b1cd4,18ca320c16ba43008106097d027f3cd1,db.query.delete,READ,25.36,OK,user-db,v1.2.3,701631de2950434fbaeee15c19e8f942
live_ep_000002_NONE,NONE,auth-service,55.0,1785908397.5919075,ba8156bf65144f4fa7ce97a786edb8bf,18ca320c16ba43008106097d027f3cd1,db.query.update,READ,30.75,OK,user-db,v1.2.3,701631de2950434fbaeee15c19e8f942
live_ep_000002_NONE,NONE,auth-service,55.5,1785908398.092191,17ca9434d3214ea1bbf937b0c60c6c18,,GET /api/auth,,145.5,OK,auth-service,v1.2.3,d07aeef6ecc3424f96fe6c742f890d36
live_ep_000002_NONE,NONE,auth-service,55.5,1785908398.092191,1088e9fecdb9492db2e84ed0e24b5e80,17ca9434d3214ea1bbf937b0c60c6c18,db.transaction,READ,23.62,OK,user-db,v1.2.3,d07aeef6ecc3424f96fe6c742f890d36
live_ep_000002_NONE,NONE,auth-service,55.5,1785908398.092191,e48b59e99f504a8382bbc3b949d637cc,17ca9434d3214ea1bbf937b0c60c6c18,db.query.select,WRITE,22.2,OK,user-db,v1.2.3,d07aeef6ecc3424f96fe6c742f890d36
live_ep_000002_NONE,NONE,auth-service,55.5,1785908398.092191,a61044b52e424270a2111e5a99f37d5c,17ca9434d3214ea1bbf937b0c60c6c18,cache.delete,,1.43,OK,cache-cluster,v1.2.3,d07aeef6ecc3424f96fe6c742f890d36
live_ep_000002_NONE,NONE,auth-service,56.0,1785908398.592456,a9f2edfe93ca4fa7b4b426b43459b5f5,,PUT /api/inventory,,111.85,OK,auth-service,v1.2.3,414cc98eb87b460d85a9d7caf6305084
live_ep_000002_NONE,NONE,auth-service,56.0,1785908398.592456,d0ce335ad13940b78e3e22679528e6bf,a9f2edfe93ca4fa7b4b426b43459b5f5,db.query.delete,WRITE,16.12,OK,user-db,v1.2.3,414cc98eb87b460d85a9d7caf6305084
live_ep_000002_NONE,NONE,auth-service,56.0,1785908398.592456,c9afac0caffb430795739dd11f9817fb,a9f2edfe93ca4fa7b4b426b43459b5f5,db.query.delete,READ,19.22,OK,user-db,v1.2.3,414cc98eb87b460d85a9d7caf6305084
live_ep_000002_NONE,NONE,auth-service,56.5,1785908399.0926325,c3bd0f8feb0d460b9a3ce29e7550f636,,GET /api/auth,,131.13,OK,auth-service,v1.2.3,e17d586b2e8a4e69b39511d7b4b5f4d9
live_ep_000002_NONE,NONE,auth-service,56.5,1785908399.0926325,f438bc428c244d43bee623f751fa9d90,c3bd0f8feb0d460b9a3ce29e7550f636,db.transaction,READ,28.01,OK,user-db,v1.2.3,e17d586b2e8a4e69b39511d7b4b5f4d9
live_ep_000002_NONE,NONE,auth-service,56.5,1785908399.0926325,161e7ca07db34bc4abc19287ed9b8c26,c3bd0f8feb0d460b9a3ce29e7550f636,cache.delete,,0.5,OK,cache-cluster,v1.2.3,e17d586b2e8a4e69b39511d7b4b5f4d9
live_ep_000002_NONE,NONE,auth-service,56.5,1785908399.0926325,4b36ef0ac1184b76bb37e2442b8a2e22,c3bd0f8feb0d460b9a3ce29e7550f636,http.client.get,,31.24,OK,payment-gateway,v1.2.3,e17d586b2e8a4e69b39511d7b4b5f4d9
live_ep_000002_NONE,NONE,auth-service,57.0,1785908399.5931766,8c85e4638f724ea8b4ef5799d6d5b778,,POST /api/checkout,,132.31,OK,auth-service,v1.2.3,76eb14a34b844534af73d76e17886482
live_ep_000002_NONE,NONE,auth-service,57.0,1785908399.5931766,e833fed95d8c4ff78799255290f6de95,8c85e4638f724ea8b4ef5799d6d5b778,db.query.delete,READ,34.35,OK,user-db,v1.2.3,76eb14a34b844534af73d76e17886482
live_ep_000002_NONE,NONE,auth-service,57.0,1785908399.5931766,a718b49721c5493d83b2eaafd5b93d6a,8c85e4638f724ea8b4ef5799d6d5b778,db.query.select,WRITE,29.66,OK,user-db,v1.2.3,76eb14a34b844534af73d76e17886482
live_ep_000002_NONE,NONE,auth-service,57.0,1785908399.5931766,bcaaeddb7c074509bd34d698a8b1035f,8c85e4638f724ea8b4ef5799d6d5b778,cache.set,,0.5,OK,cache-cluster,v1.2.3,76eb14a34b844534af73d76e17886482
live_ep_000002_NONE,NONE,auth-service,57.5,1785908400.0936112,0e0fbfd87f8949809ce763b294b4d54e,,GET /api/auth,,154.35,OK,auth-service,v1.2.3,bf0bd6dc487745dcb771dc1ab3a61c63
live_ep_000002_NONE,NONE,auth-service,57.5,1785908400.0936112,b90e2305798148d6acfcd50c60acec37,0e0fbfd87f8949809ce763b294b4d54e,db.query.delete,WRITE,23.52,OK,user-db,v1.2.3,bf0bd6dc487745dcb771dc1ab3a61c63
live_ep_000002_NONE,NONE,auth-service,57.5,1785908400.0936112,3d056eedbc7c4f81b934bec1b783b42d,0e0fbfd87f8949809ce763b294b4d54e,db.query.select,WRITE,19.43,OK,user-db,v1.2.3,bf0bd6dc487745dcb771dc1ab3a61c63
live_ep_000002_NONE,NONE,auth-service,57.5,1785908400.0936112,4cee8d3ec6a04da1abd84f33a44db6c0,0e0fbfd87f8949809ce763b294b4d54e,cache.set,,1.93,OK,cache-cluster,v1.2.3,bf0bd6dc487745dcb771dc1ab3a61c63
live_ep_000002_NONE,NONE,auth-service,58.0,1785908400.5937054,36942a1ad7c6492cb902dbc42b95eee4,,GET /api/order,,117.71,OK,auth-service,v1.2.3,e6a4ae35b768469585b6d246ef1ad51d
live_ep_000002_NONE,NONE,auth-service,58.0,1785908400.5937054,3cbe14917f9b4f78a0729198091f2d54,36942a1ad7c6492cb902dbc42b95eee4,db.query.update,READ,17.55,OK,user-db,v1.2.3,e6a4ae35b768469585b6d246ef1ad51d
live_ep_000002_NONE,NONE,auth-service,58.0,1785908400.5937054,9aa6c23a6f944ec7b78929d45a1df1bc,36942a1ad7c6492cb902dbc42b95eee4,db.query.delete,READ,23.99,OK,user-db,v1.2.3,e6a4ae35b768469585b6d246ef1ad51d
live_ep_000002_NONE,NONE,auth-service,58.0,1785908400.5937054,718a1e7700ee43359d01dbe9e92f6e88,36942a1ad7c6492cb902dbc42b95eee4,grpc.call,,25.42,OK,user-db,v1.2.3,e6a4ae35b768469585b6d246ef1ad51d
live_ep_000002_NONE,NONE,auth-service,58.5,1785908401.0939233,19ff55d9bf214542b74843f33c46e96a,,GET /api/auth,,122.44,OK,auth-service,v1.2.3,610971a259a64230981585af593d142d
live_ep_000002_NONE,NONE,auth-service,58.5,1785908401.0939233,93623d356e3543a68f1692cfbb9858e8,19ff55d9bf214542b74843f33c46e96a,db.query.select,READ,13.49,OK,user-db,v1.2.3,610971a259a64230981585af593d142d
live_ep_000002_NONE,NONE,auth-service,58.5,1785908401.0939233,6f4b1f8511e24704b3e850ab03acb87f,19ff55d9bf214542b74843f33c46e96a,db.transaction,WRITE,16.84,OK,user-db,v1.2.3,610971a259a64230981585af593d142d
live_ep_000002_NONE,NONE,auth-service,58.5,1785908401.0939233,0995d21f945749cb98bf4f56385abdef,19ff55d9bf214542b74843f33c46e96a,http.client.get,,27.52,OK,user-db,v1.2.3,610971a259a64230981585af593d142d
live_ep_000002_NONE,NONE,auth-service,59.0,1785908401.5944746,7807ae6ef6b8422192a3ca4008926e4c,,GET /api/auth,,108.9,OK,auth-service,v1.2.3,fd7f133f78634fd4a37de34ae817557e
live_ep_000002_NONE,NONE,auth-service,59.0,1785908401.5944746,c6faf604d2ba4a22ba3d59408b2e9c06,7807ae6ef6b8422192a3ca4008926e4c,db.query.delete,WRITE,38.23,OK,user-db,v1.2.3,fd7f133f78634fd4a37de34ae817557e
live_ep_000002_NONE,NONE,auth-service,59.0,1785908401.5944746,1c6b21c4754847a98d7ac518aae49a18,7807ae6ef6b8422192a3ca4008926e4c,cache.set,,1.52,OK,cache-cluster,v1.2.3,fd7f133f78634fd4a37de34ae817557e
live_ep_000002_NONE,NONE,auth-service,59.5,1785908402.0948129,90dc87e47c53460da540197d0ddbbbc3,,PUT /api/inventory,,160.27,ERROR,auth-service,v1.2.3,791dbcfb51164447ae995cdcaab17c9e
live_ep_000002_NONE,NONE,auth-service,59.5,1785908402.0948129,ae7093ccb4ac42eb93904f0ab71b11b4,90dc87e47c53460da540197d0ddbbbc3,db.query.delete,READ,20.37,OK,user-db,v1.2.3,791dbcfb51164447ae995cdcaab17c9e
live_ep_000002_NONE,NONE,auth-service,59.5,1785908402.0948129,0763e93c2b7d4a6f994c7d83baed1bee,90dc87e47c53460da540197d0ddbbbc3,db.query.insert,READ,15.93,OK,user-db,v1.2.3,791dbcfb51164447ae995cdcaab17c9e
live_ep_000002_NONE,NONE,auth-service,59.5,1785908402.0948129,40fc8dcfc0fd457998a23ec0ba1fc446,90dc87e47c53460da540197d0ddbbbc3,cache.set,,2.47,OK,cache-cluster,v1.2.3,791dbcfb51164447ae995cdcaab17c9e
live_ep_000003_CASCADING_FAILURE,CASCADING_FAILURE,inventory-service,0.0,1785908402.5966725,45b482970cec402091454499ab96ceaf,,PUT /api/inventory,,111.79,OK,inventory-service,v1.1.0,9ff54610c88c476e989500156eff3842
live_ep_000003_CASCADING_FAILURE,CASCADING_FAILURE,inventory-service,0.0,1785908402.5966725,9978cf7b6653406ea2659167056b7c23,45b482970cec402091454499ab96ceaf,db.transaction,READ,22.42,OK,user-db,v1.1.0,9ff54610c88c476e989500156eff3842
live_ep_000003_CASCADING_FAILURE,CASCADING_FAILURE,inventory-service,0.5,1785908403.0971248,c754fb94b14e4216a6155ffad39cc15b,,POST /api/checkout,,146.33,OK,inventory-service,v1.1.0,a0113e07dbb8413ea325e71c6b02c387
live_ep_000003_CASCADING_FAILURE,CASCADING_FAILURE,inventory-service,0.5,1785908403.0971248,b29067654ded4441b7a4b0ac699517dd,c754fb94b14e4216a6155ffad39cc15b,db.query.insert,WRITE,13.67,OK,user-db,v1.1.0,a0113e07dbb8413ea325e71c6b02c387
live_ep_000003_CASCADING_FAILURE,CASCADING_FAILURE,inventory-service,0.5,1785908403.0971248,34940318322b40f993899feb3ce92399,c754fb94b14e4216a6155ffad39cc15b,cache.delete,,1.02,OK,cache-cluster,v1.1.0,a0113e07dbb8413ea325e71c6b02c387
live_ep_000003_CASCADING_FAILURE,CASCADING_FAILURE,inventory-service,1.0,1785908403.5976906,735bbf1062564d518e1176fc9ca1d835,,POST /api/payment,,125.29,OK,inventory-service,v1.1.0,5b818737de2a471c8648bda0daf3eeb6
live_ep_000003_CASCADING_FAILURE,CASCADING_FAILURE,inventory-service,1.0,1785908403.5976906,f6abacfddd864ee2bb3417a6c01ff965,735bbf1062564d518e1176fc9ca1d835,db.query.update,READ,14.4,OK,user-db,v1.1.0,5b818737de2a471c8648bda0daf3eeb6
live_ep_000003_CASCADING_FAILURE,CASCADING_FAILURE,inventory-service,1.0,1785908403.5976906,06f900e2039c43588c7e6d991f9df517,735bbf1062564d518e1176fc9ca1d835,cache.set,,1.66,OK,cache-cluster,v1.1.0,5b818737de2a471c8648bda0daf3eeb6
live_ep_000003_CASCADING_FAILURE,CASCADING_FAILURE,inventory-service,1.5,1785908404.0980086,23ca8df17887430294b0a8cbd296aeb5,,GET /api/health,,96.18,OK,inventory-service,v1.1.0,08a4dc5869ac420aafbe52eb086d050e
live_ep_000003_CASCADING_FAILURE,CASCADING_FAILURE,inventory-service,1.5,1785908404.0980086,2491d9963c294c08a3e655a770c7dbb6,23ca8df17887430294b0a8cbd296aeb5,db.query.select,READ,23.18,OK,user-db,v1.1.0,08a4dc5869ac420aafbe52eb086d050e
live_ep_000003_CASCADING_FAILURE,CASCADING_FAILURE,inventory-service,1.5,1785908404.0980086,1cd32e887a034dd3b10f9a2c6440ecb8,23ca8df17887430294b0a8cbd296aeb5,cache.set,,2.13,OK,cache-cluster,v1.1.0,08a4dc5869ac420aafbe52eb086d050e
live_ep_000003_CASCADING_FAILURE,CASCADING_FAILURE,inventory-service,1.5,1785908404.0980086,069f7567788247a18dd56b52d682c04a,23ca8df17887430294b0a8cbd296aeb5,grpc.call,,34.37,OK,user-db,v1.1.0,08a4dc5869ac420aafbe52eb086d050e
live_ep_000003_CASCADING_FAILURE,CASCADING_FAILURE,inventory-service,2.0,1785908404.5984132,7e77f5f199b944c19511a959ad8a1bdb,,POST /api/checkout,,137.56,OK,inventory-service,v1.1.0,63021a8f33764976a3b6c1fee8a40754
live_ep_000003_CASCADING_FAILURE,CASCADING_FAILURE,inventory-service,2.0,1785908404.5984132,248eead6176246e695fc5da861ffcac1,7e77f5f199b944c19511a959ad8a1bdb,db.transaction,WRITE,27.34,OK,user-db,v1.1.0,63021a8f33764976a3b6c1fee8a40754
live_ep_000003_CASCADING_FAILURE,CASCADING_FAILURE,inventory-service,2.0,1785908404.5984132,e84777f854fc41a7a62a18b5627e340b,7e77f5f199b944c19511a959ad8a1bdb,db.query.update,READ,10.37,OK,user-db,v1.1.0,63021a8f33764976a3b6c1fee8a40754
live_ep_000003_CASCADING_FAILURE,CASCADING_FAILURE,inventory-service,2.0,1785908404.5984132,bdf57c209cd64039a95dda24303541fb,7e77f5f199b944c19511a959ad8a1bdb,cache.delete,,0.5,OK,cache-cluster,v1.1.0,63021a8f33764976a3b6c1fee8a40754
live_ep_000003_CASCADING_FAILURE,CASCADING_FAILURE,inventory-service,2.0,1785908404.5984132,cd0d53763ab24a5897e41f11a88d2077,7e77f5f199b944c19511a959ad8a1bdb,grpc.call,,29.53,OK,user-db,v1.1.0,63021a8f33764976a3b6c1fee8a40754
live_ep_000003_CASCADING_FAILURE,CASCADING_FAILURE,inventory-service,2.5,1785908405.0986347,4951067b1b954d9eb67aced3f99ccef1,,GET /api/auth,,132.81,OK,inventory-service,v1.1.0,61c83233fba34390bae49ab554eed8d4
live_ep_000003_CASCADING_FAILURE,CASCADING_FAILURE,inventory-service,2.5,1785908405.0986347,e9b6e2c31cb2450bbcc030510b811585,4951067b1b954d9eb67aced3f99ccef1,db.query.insert,READ,14.36,OK,user-db,v1.1.0,61c83233fba34390bae49ab554eed8d4
live_ep_000003_CASCADING_FAILURE,CASCADING_FAILURE,inventory-service,3.0,1785908405.5989764,762dae2dcbcf454e94c43e352f58d384,,POST /api/checkout,,87.33,OK,inventory-service,v1.1.0,f4bb2cd38b004a0aaa22f029f4b7fe0e
live_ep_000003_CASCADING_FAILURE,CASCADING_FAILURE,inventory-service,3.0,1785908405.5989764,aacd21fdce9a4cebab184e35af982643,762dae2dcbcf454e94c43e352f58d384,db.query.select,READ,31.86,OK,user-db,v1.1.0,f4bb2cd38b004a0aaa22f029f4b7fe0e
live_ep_000003_CASCADING_FAILURE,CASCADING_FAILURE,inventory-service,3.0,1785908405.5989764,6965532c6dce499e8eee722abfde5069,762dae2dcbcf454e94c43e352f58d384,db.query.select,READ,24.79,OK,user-db,v1.1.0,f4bb2cd38b004a0aaa22f029f4b7fe0e
live_ep_000003_CASCADING_FAILURE,CASCADING_FAILURE,inventory-service,3.5,1785908406.0993624,b8f1f89c514d44758385f3f75061f520,,GET /api/health,,83.11,OK,inventory-service,v1.1.0,e17e1977b19c42059139f2c3e388f862
live_ep_000003_CASCADING_FAILURE,CASCADING_FAILURE,inventory-service,3.5,1785908406.0993624,f782f35070684ceca8a05e0d1268df64,b8f1f89c514d44758385f3f75061f520,db.query.delete,READ,16.34,OK,user-db,v1.1.0,e17e1977b19c42059139f2c3e388f862
live_ep_000003_CASCADING_FAILURE,CASCADING_FAILURE,inventory-service,3.5,1785908406.0993624,215c2db4c484443f8a3514a3c7d4223e,b8f1f89c514d44758385f3f75061f520,db.transaction,WRITE,15.03,OK,user-db,v1.1.0,e17e1977b19c42059139f2c3e388f862
live_ep_000003_CASCADING_FAILURE,CASCADING_FAILURE,inventory-service,3.5,1785908406.0993624,4576b58907664c28b7bf60bdc4492532,b8f1f89c514d44758385f3f75061f520,cache.delete,,1.11,OK,cache-cluster,v1.1.0,e17e1977b19c42059139f2c3e388f862
live_ep_000003_CASCADING_FAILURE,CASCADING_FAILURE,inventory-service,4.0,1785908406.599793,1080348192884915b04a01f8639eab4b,,GET /api/health,,97.92,OK,inventory-service,v1.1.0,801f33809d054876a36781a7e7b30d50
live_ep_000003_CASCADING_FAILURE,CASCADING_FAILURE,inventory-service,4.0,1785908406.599793,699640901be940fda13d624fc9851b94,1080348192884915b04a01f8639eab4b,db.query.select,READ,19.99,OK,user-db,v1.1.0,801f33809d054876a36781a7e7b30d50
live_ep_000003_CASCADING_FAILURE,CASCADING_FAILURE,inventory-service,4.0,1785908406.599793,2c2f7d6029dd48ffaa8ad62ef7a6b13a,1080348192884915b04a01f8639eab4b,db.query.delete,WRITE,27.08,OK,user-db,v1.1.0,801f33809d054876a36781a7e7b30d50
live_ep_000003_CASCADING_FAILURE,CASCADING_FAILURE,inventory-service,4.0,1785908406.599793,0d2491863c92478fbb111634b9e4bd35,1080348192884915b04a01f8639eab4b,cache.delete,,3.07,OK,cache-cluster,v1.1.0,801f33809d054876a36781a7e7b30d50
live_ep_000003_CASCADING_FAILURE,CASCADING_FAILURE,inventory-service,4.5,1785908407.1000795,448e1a2693284008b69adc93d8df93f4,,GET /api/order,,116.54,OK,inventory-service,v1.1.0,bedff535ff734fa983e8842c968c78ac
live_ep_000003_CASCADING_FAILURE,CASCADING_FAILURE,inventory-service,4.5,1785908407.1000795,3aadba62d6ec4783a262590bdfca7722,448e1a2693284008b69adc93d8df93f4,db.query.delete,WRITE,19.96,OK,user-db,v1.1.0,bedff535ff734fa983e8842c968c78ac
live_ep_000003_CASCADING_FAILURE,CASCADING_FAILURE,inventory-service,4.5,1785908407.1000795,8c0a972abf664f76b5bef3574835fc1b,448e1a2693284008b69adc93d8df93f4,db.query.update,WRITE,16.18,OK,user-db,v1.1.0,bedff535ff734fa983e8842c968c78ac
live_ep_000003_CASCADING_FAILURE,CASCADING_FAILURE,inventory-service,4.5,1785908407.1000795,6a4489a0f14848e992bb13aaccdbe110,448e1a2693284008b69adc93d8df93f4,cache.delete,,1.55,OK,cache-cluster,v1.1.0,bedff535ff734fa983e8842c968c78ac
live_ep_000003_CASCADING_FAILURE,CASCADING_FAILURE,inventory-service,4.5,1785908407.1000795,72f2da22dc9846efac2d1ee4897a4f69,448e1a2693284008b69adc93d8df93f4,http.client.post,,31.55,OK,payment-gateway,v1.1.0,bedff535ff734fa983e8842c968c78ac
live_ep_000003_CASCADING_FAILURE,CASCADING_FAILURE,inventory-service,5.0,1785908407.6004796,19b3512ac1ec4cb78e8146cf320837de,,GET /api/order,,154.88,OK,inventory-service,v1.1.0,a28a5ff0fe9540e7b52df1ac462c6837
live_ep_000003_CASCADING_FAILURE,CASCADING_FAILURE,inventory-service,5.0,1785908407.6004796,ee39414b7f304b708a50371ee4f6d818,19b3512ac1ec4cb78e8146cf320837de,db.transaction,WRITE,29.34,OK,user-db,v1.1.0,a28a5ff0fe9540e7b52df1ac462c6837
live_ep_000003_CASCADING_FAILURE,CASCADING_FAILURE,inventory-service,5.0,1785908407.6004796,87233fdc5e084572a38979cebd8d0aed,19b3512ac1ec4cb78e8146cf320837de,db.query.select,WRITE,30.96,OK,user-db,v1.1.0,a28a5ff0fe9540e7b52df1ac462c6837
live_ep_000003_CASCADING_FAILURE,CASCADING_FAILURE,inventory-service,5.5,1785908408.1008534,23f5a65001894c0ea9f854ab8c1f9082,,PUT /api/inventory,,125.22,OK,inventory-service,v1.1.0,2662c315c7994467aeb10ea044d578b6
live_ep_000003_CASCADING_FAILURE,CASCADING_FAILURE,inventory-service,5.5,1785908408.1008534,bbc18957838046a3819a93b766458754,23f5a65001894c0ea9f854ab8c1f9082,db.query.update,READ,27.53,OK,user-db,v1.1.0,2662c315c7994467aeb10ea044d578b6
live_ep_000003_CASCADING_FAILURE,CASCADING_FAILURE,inventory-service,5.5,1785908408.1008534,cceb8e4b82c449c78e54ad21a4472ce0,23f5a65001894c0ea9f854ab8c1f9082,db.query.select,READ,16.47,OK,user-db,v1.1.0,2662c315c7994467aeb10ea044d578b6
live_ep_000003_CASCADING_FAILURE,CASCADING_FAILURE,inventory-service,5.5,1785908408.1008534,a7255dcb917b43b3aab9419637ae27f4,23f5a65001894c0ea9f854ab8c1f9082,cache.delete,,2.63,OK,cache-cluster,v1.1.0,2662c315c7994467aeb10ea044d578b6
live_ep_000003_CASCADING_FAILURE,CASCADING_FAILURE,inventory-service,6.0,1785908408.6014607,341b658f85a94fda9b21cef266dbf11b,,POST /api/checkout,,122.25,OK,inventory-service,v1.1.0,27ca8675f732427fa36ce2fb876e6bf5
live_ep_000003_CASCADING_FAILURE,CASCADING_FAILURE,inventory-service,6.0,1785908408.6014607,5397bc056a9d4e01b7f7b33faa7ce4b4,341b658f85a94fda9b21cef266dbf11b,db.query.insert,READ,21.52,OK,user-db,v1.1.0,27ca8675f732427fa36ce2fb876e6bf5
live_ep_000003_CASCADING_FAILURE,CASCADING_FAILURE,inventory-service,6.5,1785908409.1018953,44d9ce8827a842bf832f47925f9391c9,,GET /api/health,,126.88,OK,inventory-service,v1.1.0,5063b2be1a914bb5af4bd0d668ef4b22
live_ep_000003_CASCADING_FAILURE,CASCADING_FAILURE,inventory-service,6.5,1785908409.1018953,95fea15556c44c0584485ce38e11b711,44d9ce8827a842bf832f47925f9391c9,db.query.delete,READ,18.67,OK,user-db,v1.1.0,5063b2be1a914bb5af4bd0d668ef4b22
live_ep_000003_CASCADING_FAILURE,CASCADING_FAILURE,inventory-service,6.5,1785908409.1018953,89eadd3d16c44ecca4cb8b688b2848b3,44d9ce8827a842bf832f47925f9391c9,db.query.insert,READ,23.71,OK,user-db,v1.1.0,5063b2be1a914bb5af4bd0d668ef4b22
live_ep_000003_CASCADING_FAILURE,CASCADING_FAILURE,inventory-service,6.5,1785908409.1018953,777b977e49724657b18671bbe9c286d3,44d9ce8827a842bf832f47925f9391c9,cache.delete,,1.69,OK,cache-cluster,v1.1.0,5063b2be1a914bb5af4bd0d668ef4b22
live_ep_000003_CASCADING_FAILURE,CASCADING_FAILURE,inventory-service,7.0,1785908409.6019683,1cd313d0754d443190b5bedeee61725a,,POST /api/checkout,,1591.44,OK,inventory-service,v1.1.0,1643945cbeb84dba8a520825c8d9b5d1
live_ep_000003_CASCADING_FAILURE,CASCADING_FAILURE,inventory-service,7.0,1785908409.6019683,e2e07541fe414eda8d9bee0b46ada944,1cd313d0754d443190b5bedeee61725a,db.query.insert,READ,17.51,OK,user-db,v1.1.0,1643945cbeb84dba8a520825c8d9b5d1
live_ep_000003_CASCADING_FAILURE,CASCADING_FAILURE,inventory-service,7.0,1785908409.6019683,50adacd81a614b2b87dfd1b453a3a749,1cd313d0754d443190b5bedeee61725a,cache.set,,0.69,OK,cache-cluster,v1.1.0,1643945cbeb84dba8a520825c8d9b5d1
live_ep_000003_CASCADING_FAILURE,CASCADING_FAILURE,inventory-service,7.0,1785908409.6019683,6e8c96433d45405bab7523d10fbdbd66,1cd313d0754d443190b5bedeee61725a,http.client.get,,24.65,OK,user-db,v1.1.0,1643945cbeb84dba8a520825c8d9b5d1
live_ep_000003_CASCADING_FAILURE,CASCADING_FAILURE,inventory-service,7.5,1785908410.1025574,d339561538a5431caa3ef9b9f4377fbd,,GET /api/order,,1736.73,OK,inventory-service,v1.1.0,d2520c32721c42d3b399b37210195990
live_ep_000003_CASCADING_FAILURE,CASCADING_FAILURE,inventory-service,7.5,1785908410.1025574,71859e72debb42218cfb46b9f89ff7e7,d339561538a5431caa3ef9b9f4377fbd,db.query.insert,WRITE,30.36,OK,user-db,v1.1.0,d2520c32721c42d3b399b37210195990
live_ep_000003_CASCADING_FAILURE,CASCADING_FAILURE,inventory-service,7.5,1785908410.1025574,c1e65c1a3fd341dd8eb18688753007e7,d339561538a5431caa3ef9b9f4377fbd,db.transaction,READ,14.53,OK,user-db,v1.1.0,d2520c32721c42d3b399b37210195990
live_ep_000003_CASCADING_FAILURE,CASCADING_FAILURE,inventory-service,7.5,1785908410.1025574,7881754c30104f6cb23bb0dd70d93a6f,d339561538a5431caa3ef9b9f4377fbd,cache.get,,0.97,OK,cache-cluster,v1.1.0,d2520c32721c42d3b399b37210195990
live_ep_000003_CASCADING_FAILURE,CASCADING_FAILURE,inventory-service,8.0,1785908410.6029105,98ba6d64b8f34ef988ea5c8fd012d7f0,,POST /api/checkout,,1387.41,OK,inventory-service,v1.1.0,bfc60cc3d7de491084debc68a4ad4c2e
live_ep_000003_CASCADING_FAILURE,CASCADING_FAILURE,inventory-service,8.0,1785908410.6029105,e364cbf13c7e4d948c9443d05cf18737,98ba6d64b8f34ef988ea5c8fd012d7f0,db.transaction,READ,17.05,OK,user-db,v1.1.0,bfc60cc3d7de491084debc68a4ad4c2e
live_ep_000003_CASCADING_FAILURE,CASCADING_FAILURE,inventory-service,8.0,1785908410.6029105,691367919af44e30b29220dcdb3444d7,98ba6d64b8f34ef988ea5c8fd012d7f0,db.query.update,READ,13.13,OK,user-db,v1.1.0,bfc60cc3d7de491084debc68a4ad4c2e
live_ep_000003_CASCADING_FAILURE,CASCADING_FAILURE,inventory-service,8.5,1785908411.1030695,1c4e0bf385eb42d193d87bc51e9c9fb4,,PUT /api/inventory,,1466.71,OK,inventory-service,v1.1.0,2674e6fd52c54b41840ef56a61ef36ad
live_ep_000003_CASCADING_FAILURE,CASCADING_FAILURE,inventory-service,8.5,1785908411.1030695,5d72e3c149814da9a761b6bc5afb8dd3,1c4e0bf385eb42d193d87bc51e9c9fb4,db.transaction,READ,29.64,OK,user-db,v1.1.0,2674e6fd52c54b41840ef56a61ef36ad
live_ep_000003_CASCADING_FAILURE,CASCADING_FAILURE,inventory-service,8.5,1785908411.1030695,d5ec57d7535c4324b4b58b69403b0a79,1c4e0bf385eb42d193d87bc51e9c9fb4,cache.delete,,2.45,OK,cache-cluster,v1.1.0,2674e6fd52c54b41840ef56a61ef36ad
live_ep_000003_CASCADING_FAILURE,CASCADING_FAILURE,inventory-service,9.0,1785908411.603544,ab05b563870e4f2997d57e340843ee23,,GET /api/health,,1473.9,OK,inventory-service,v1.1.0,68e048ee7a5d4770923854d58da9b970
live_ep_000003_CASCADING_FAILURE,CASCADING_FAILURE,inventory-service,9.0,1785908411.603544,9d30332d6b094890aced678e543c497b,ab05b563870e4f2997d57e340843ee23,db.query.insert,READ,39.04,OK,user-db,v1.1.0,68e048ee7a5d4770923854d58da9b970
live_ep_000003_CASCADING_FAILURE,CASCADING_FAILURE,inventory-service,9.5,1785908412.1041043,8a9851b52f3d480793bf1c3bb202486e,,GET /api/order,,1478.91,OK,inventory-service,v1.1.0,65ccdf6516d2466caf3194264ba2f74c
live_ep_000003_CASCADING_FAILURE,CASCADING_FAILURE,inventory-service,9.5,1785908412.1041043,a806f3e3160c421e9df8078091234ddb,8a9851b52f3d480793bf1c3bb202486e,db.query.insert,READ,29.04,OK,user-db,v1.1.0,65ccdf6516d2466caf3194264ba2f74c
live_ep_000003_CASCADING_FAILURE,CASCADING_FAILURE,inventory-service,9.5,1785908412.1041043,3c02ce546f244b50a22116a3340ae6d3,8a9851b52f3d480793bf1c3bb202486e,db.query.insert,READ,20.3,OK,user-db,v1.1.0,65ccdf6516d2466caf3194264ba2f74c
live_ep_000003_CASCADING_FAILURE,CASCADING_FAILURE,inventory-service,9.5,1785908412.1041043,a61f0b6d279a4ff99feb036017f90d5c,8a9851b52f3d480793bf1c3bb202486e,cache.set,,1.97,OK,cache-cluster,v1.1.0,65ccdf6516d2466caf3194264ba2f74c
live_ep_000003_CASCADING_FAILURE,CASCADING_FAILURE,inventory-service,9.5,1785908412.1041043,e5a61e99bfbd4111bf13c1b9a212b85e,8a9851b52f3d480793bf1c3bb202486e,grpc.call,,21.14,OK,payment-gateway,v1.1.0,65ccdf6516d2466caf3194264ba2f74c
live_ep_000003_CASCADING_FAILURE,CASCADING_FAILURE,inventory-service,10.0,1785908412.6044219,29dd9889fb734610aca5f350f411b73a,,GET /api/auth,,1205.03,OK,inventory-service,v1.1.0,9a54191189034fb9893725f46cb39a61
live_ep_000003_CASCADING_FAILURE,CASCADING_FAILURE,inventory-service,10.0,1785908412.6044219,d139537a04ba4db8b57786d63cb24b32,29dd9889fb734610aca5f350f411b73a,db.query.delete,READ,45.32,OK,user-db,v1.1.0,9a54191189034fb9893725f46cb39a61
live_ep_000003_CASCADING_FAILURE,CASCADING_FAILURE,inventory-service,10.0,1785908412.6044219,83c4ba05fc1143c99df8b8ab76ac2fd0,29dd9889fb734610aca5f350f411b73a,db.query.delete,READ,44.64,OK,user-db,v1.1.0,9a54191189034fb9893725f46cb39a61
live_ep_000003_CASCADING_FAILURE,CASCADING_FAILURE,inventory-service,10.0,1785908412.6044219,dd9ef183534d49a9b75dff49b1c667b5,29dd9889fb734610aca5f350f411b73a,cache.get,,41.55,OK,cache-cluster,v1.1.0,9a54191189034fb9893725f46cb39a61
live_ep_000003_CASCADING_FAILURE,CASCADING_FAILURE,inventory-service,10.5,1785908413.105055,3282c50ddd5d4c9980a4c8962a45d204,,PUT /api/inventory,,1474.21,OK,inventory-service,v1.1.0,926daba2194d4effa6fbc576ffb6edcd
live_ep_000003_CASCADING_FAILURE,CASCADING_FAILURE,inventory-service,10.5,1785908413.105055,bc50385fd44e4e9d8db40ba1684b1b5c,3282c50ddd5d4c9980a4c8962a45d204,db.query.update,READ,28.43,OK,user-db,v1.1.0,926daba2194d4effa6fbc576ffb6edcd
live_ep_000003_CASCADING_FAILURE,CASCADING_FAILURE,inventory-service,10.5,1785908413.105055,f18df21af3534ff2844a48fde624ca69,3282c50ddd5d4c9980a4c8962a45d204,db.transaction,WRITE,28.3,OK,user-db,v1.1.0,926daba2194d4effa6fbc576ffb6edcd
live_ep_000003_CASCADING_FAILURE,CASCADING_FAILURE,inventory-service,10.5,1785908413.105055,1e62bfb028194601b4fc6e502ec324d8,3282c50ddd5d4c9980a4c8962a45d204,cache.set,,2.3,OK,cache-cluster,v1.1.0,926daba2194d4effa6fbc576ffb6edcd
live_ep_000003_CASCADING_FAILURE,CASCADING_FAILURE,inventory-service,10.5,1785908413.105055,9e99ccd9048b4a2c8cd92f0bb4a92def,3282c50ddd5d4c9980a4c8962a45d204,http.client.post,,49.35,OK,cache-cluster,v1.1.0,926daba2194d4effa6fbc576ffb6edcd
live_ep_000003_CASCADING_FAILURE,CASCADING_FAILURE,inventory-service,11.0,1785908413.6055822,459af911d0064f078df290face6996a0,,GET /api/order,,1571.98,OK,inventory-service,v1.1.0,df5f6ccc949c4517aeb0ec651931b458
live_ep_000003_CASCADING_FAILURE,CASCADING_FAILURE,inventory-service,11.0,1785908413.6055822,62d8cc6759ce4541a2becb1cbf412983,459af911d0064f078df290face6996a0,db.query.update,READ,41.53,OK,user-db,v1.1.0,df5f6ccc949c4517aeb0ec651931b458
live_ep_000003_CASCADING_FAILURE,CASCADING_FAILURE,inventory-service,11.0,1785908413.6055822,e43febb7b15a4ceabc01280e4818eeb8,459af911d0064f078df290face6996a0,db.query.update,READ,38.85,OK,user-db,v1.1.0,df5f6ccc949c4517aeb0ec651931b458
live_ep_000003_CASCADING_FAILURE,CASCADING_FAILURE,inventory-service,11.0,1785908413.6055822,1d155c649b88420887e480b1b5070354,459af911d0064f078df290face6996a0,cache.get,,1.64,OK,cache-cluster,v1.1.0,df5f6ccc949c4517aeb0ec651931b458
live_ep_000003_CASCADING_FAILURE,CASCADING_FAILURE,inventory-service,11.0,1785908413.6055822,24283f8712914deeae34991540d692e3,459af911d0064f078df290face6996a0,grpc.call,,25.12,OK,user-db,v1.1.0,df5f6ccc949c4517aeb0ec651931b458
live_ep_000003_CASCADING_FAILURE,CASCADING_FAILURE,inventory-service,11.5,1785908414.1058693,5ecab1234dd74648a7bb8c96c2b7cee8,,POST /api/checkout,,1521.86,OK,inventory-service,v1.1.0,ebce9bf8768141f1aa513003c1ff2971
live_ep_000003_CASCADING_FAILURE,CASCADING_FAILURE,inventory-service,11.5,1785908414.1058693,1da00b36e6524aec8685eba1f5afebe7,5ecab1234dd74648a7bb8c96c2b7cee8,db.query.insert,WRITE,15.46,OK,user-db,v1.1.0,ebce9bf8768141f1aa513003c1ff2971
live_ep_000003_CASCADING_FAILURE,CASCADING_FAILURE,inventory-service,11.5,1785908414.1058693,56bf02aecc8948d7a873f528b0ef45a4,5ecab1234dd74648a7bb8c96c2b7cee8,cache.delete,,2.98,OK,cache-cluster,v1.1.0,ebce9bf8768141f1aa513003c1ff2971
live_ep_000003_CASCADING_FAILURE,CASCADING_FAILURE,inventory-service,12.0,1785908414.6062176,b438d1107e4a458ba88c272249bf5c4a,,GET /api/order,,1226.55,OK,inventory-service,v1.1.0,3e55c73898cc4134b44c25f52f9fecb2
live_ep_000003_CASCADING_FAILURE,CASCADING_FAILURE,inventory-service,12.0,1785908414.6062176,a56fb0a6694c4322be230fb8311282a3,b438d1107e4a458ba88c272249bf5c4a,db.query.update,READ,45.45,OK,user-db,v1.1.0,3e55c73898cc4134b44c25f52f9fecb2
live_ep_000003_CASCADING_FAILURE,CASCADING_FAILURE,inventory-service,12.0,1785908414.6062176,234538726b1c4520a953fdebeeb8c675,b438d1107e4a458ba88c272249bf5c4a,http.client.post,,19.86,OK,user-db,v1.1.0,3e55c73898cc4134b44c25f52f9fecb2
live_ep_000003_CASCADING_FAILURE,CASCADING_FAILURE,inventory-service,12.5,1785908415.106747,ccb7fca6015f4efd93a2ff6fcf7de638,,GET /api/health,,1555.72,OK,inventory-service,v1.1.0,4989ca340e624be78a6421fcbe959d60
live_ep_000003_CASCADING_FAILURE,CASCADING_FAILURE,inventory-service,12.5,1785908415.106747,dc23bb34857348f99c73fcf6f6b796b4,ccb7fca6015f4efd93a2ff6fcf7de638,db.query.delete,READ,22.32,OK,user-db,v1.1.0,4989ca340e624be78a6421fcbe959d60
live_ep_000003_CASCADING_FAILURE,CASCADING_FAILURE,inventory-service,13.0,1785908415.6071293,0ae88c1d709d432bb6173348cb491ecf,,GET /api/health,,1464.28,OK,inventory-service,v1.1.0,67765cccebe444038c1c0e92fb4ed833
live_ep_000003_CASCADING_FAILURE,CASCADING_FAILURE,inventory-service,13.0,1785908415.6071293,d79ad409ae524cdf989408acd588c55e,0ae88c1d709d432bb6173348cb491ecf,db.query.delete,READ,9.58,OK,user-db,v1.1.0,67765cccebe444038c1c0e92fb4ed833
live_ep_000003_CASCADING_FAILURE,CASCADING_FAILURE,inventory-service,13.0,1785908415.6071293,4c5a89a273e442d898b471edea632b04,0ae88c1d709d432bb6173348cb491ecf,db.query.insert,WRITE,13.74,OK,user-db,v1.1.0,67765cccebe444038c1c0e92fb4ed833
live_ep_000003_CASCADING_FAILURE,CASCADING_FAILURE,inventory-service,13.0,1785908415.6071293,d14acef0d7f441ae9b94842b25b6b273,0ae88c1d709d432bb6173348cb491ecf,cache.set,,0.5,OK,cache-cluster,v1.1.0,67765cccebe444038c1c0e92fb4ed833
live_ep_000003_CASCADING_FAILURE,CASCADING_FAILURE,inventory-service,13.5,1785908416.1072624,1184e40cfe5442fcb1b886538df80893,,GET /api/auth,,1172.31,OK,inventory-service,v1.1.0,e2e75c51bd91442b85bc114d2f4a6e3b
live_ep_000003_CASCADING_FAILURE,CASCADING_FAILURE,inventory-service,13.5,1785908416.1072624,ae182572b9c342ea97405fabb181f64d,1184e40cfe5442fcb1b886538df80893,db.transaction,READ,28.55,OK,user-db,v1.1.0,e2e75c51bd91442b85bc114d2f4a6e3b
live_ep_000003_CASCADING_FAILURE,CASCADING_FAILURE,inventory-service,13.5,1785908416.1072624,1f84921d9e7c4013a998eaa86f870874,1184e40cfe5442fcb1b886538df80893,db.transaction,READ,30.53,OK,user-db,v1.1.0,e2e75c51bd91442b85bc114d2f4a6e3b
live_ep_000003_CASCADING_FAILURE,CASCADING_FAILURE,inventory-service,13.5,1785908416.1072624,fad50e68e291405aadc6960af690caf1,1184e40cfe5442fcb1b886538df80893,cache.get,,2.67,OK,cache-cluster,v1.1.0,e2e75c51bd91442b85bc114d2f4a6e3b
live_ep_000003_CASCADING_FAILURE,CASCADING_FAILURE,inventory-service,13.5,1785908416.1072624,72abe9878a7242fe893e890db9da3805,1184e40cfe5442fcb1b886538df80893,http.client.post,,34.94,OK,cache-cluster,v1.1.0,e2e75c51bd91442b85bc114d2f4a6e3b
live_ep_000003_CASCADING_FAILURE,CASCADING_FAILURE,inventory-service,14.0,1785908416.607652,a1aed6ccb80f4f6e9fbb058102e831a9,,PUT /api/inventory,,1246.51,OK,inventory-service,v1.1.0,44f3c82a09b54682bb3142bff52ed0ca
live_ep_000003_CASCADING_FAILURE,CASCADING_FAILURE,inventory-service,14.0,1785908416.607652,9172e3c74d6945408b53a38eb2fdbaa3,a1aed6ccb80f4f6e9fbb058102e831a9,db.query.insert,WRITE,19.09,OK,user-db,v1.1.0,44f3c82a09b54682bb3142bff52ed0ca
live_ep_000003_CASCADING_FAILURE,CASCADING_FAILURE,inventory-service,14.5,1785908417.1081338,7ee84aa1864641439f55e2584de57db2,,GET /api/health,,1543.95,OK,inventory-service,v1.1.0,5bb8e1048ebf49109e80125a6a48e7a0
live_ep_000003_CASCADING_FAILURE,CASCADING_FAILURE,inventory-service,14.5,1785908417.1081338,aae286533e3c4864bfc7b0d182865f98,7ee84aa1864641439f55e2584de57db2,db.query.update,WRITE,16.42,OK,user-db,v1.1.0,5bb8e1048ebf49109e80125a6a48e7a0
live_ep_000003_CASCADING_FAILURE,CASCADING_FAILURE,inventory-service,14.5,1785908417.1081338,4f8f4634c6c74c80a5359afc6ede7e6a,7ee84aa1864641439f55e2584de57db2,db.query.insert,WRITE,26.2,OK,user-db,v1.1.0,5bb8e1048ebf49109e80125a6a48e7a0
live_ep_000003_CASCADING_FAILURE,CASCADING_FAILURE,inventory-service,14.5,1785908417.1081338,1baabebc659d4c3fa2ecd69e579edcd5,7ee84aa1864641439f55e2584de57db2,cache.set,,1.9,OK,cache-cluster,v1.1.0,5bb8e1048ebf49109e80125a6a48e7a0
live_ep_000003_CASCADING_FAILURE,CASCADING_FAILURE,inventory-service,14.5,1785908417.1081338,fd870d1ad7884c33b01deb16df3125ff,7ee84aa1864641439f55e2584de57db2,grpc.call,,40.17,OK,user-db,v1.1.0,5bb8e1048ebf49109e80125a6a48e7a0
live_ep_000003_CASCADING_FAILURE,CASCADING_FAILURE,inventory-service,15.0,1785908417.608501,ad689edcb46f42518860173576898648,,PUT /api/inventory,,1366.93,OK,inventory-service,v1.1.0,a47c87022d6443268d563278d7107ee1
live_ep_000003_CASCADING_FAILURE,CASCADING_FAILURE,inventory-service,15.0,1785908417.608501,9e6933b8c340426ea9f5d3a79d1f5a5a,ad689edcb46f42518860173576898648,db.query.insert,WRITE,54.2,OK,user-db,v1.1.0,a47c87022d6443268d563278d7107ee1
live_ep_000003_CASCADING_FAILURE,CASCADING_FAILURE,inventory-service,15.0,1785908417.608501,ff516aec785d421b8fb9f68b4ba20133,ad689edcb46f42518860173576898648,cache.delete,,2.2,OK,cache-cluster,v1.1.0,a47c87022d6443268d563278d7107ee1
live_ep_000003_CASCADING_FAILURE,CASCADING_FAILURE,inventory-service,15.0,1785908417.608501,006108870c084710a19f3b8b14548871,ad689edcb46f42518860173576898648,http.client.post,,21.34,OK,payment-gateway,v1.1.0,a47c87022d6443268d563278d7107ee1
live_ep_000003_CASCADING_FAILURE,CASCADING_FAILURE,inventory-service,15.5,1785908418.1088254,d0c8eaf0590a4f57bf999f4d7ade2bdd,,GET /api/auth,,1494.3,OK,inventory-service,v1.1.0,40527d17597e467891e51516920488da
live_ep_000003_CASCADING_FAILURE,CASCADING_FAILURE,inventory-service,15.5,1785908418.1088254,c920e6f0c9f54698afa12e91aaf889b3,d0c8eaf0590a4f57bf999f4d7ade2bdd,db.transaction,READ,17.3,OK,user-db,v1.1.0,40527d17597e467891e51516920488da
live_ep_000003_CASCADING_FAILURE,CASCADING_FAILURE,inventory-service,15.5,1785908418.1088254,c705a59467cb46febe7aa966da8e5041,d0c8eaf0590a4f57bf999f4d7ade2bdd,db.query.update,READ,27.3,OK,user-db,v1.1.0,40527d17597e467891e51516920488da
live_ep_000003_CASCADING_FAILURE,CASCADING_FAILURE,inventory-service,15.5,1785908418.1088254,5a54bd6595fe4b88bfc1317728124b2c,d0c8eaf0590a4f57bf999f4d7ade2bdd,cache.set,,3.17,OK,cache-cluster,v1.1.0,40527d17597e467891e51516920488da
live_ep_000003_CASCADING_FAILURE,CASCADING_FAILURE,inventory-service,15.5,1785908418.1088254,5c1bea77ad2f48b39d64b7753e262755,d0c8eaf0590a4f57bf999f4d7ade2bdd,grpc.call,,32.91,OK,payment-gateway,v1.1.0,40527d17597e467891e51516920488da
live_ep_000003_CASCADING_FAILURE,CASCADING_FAILURE,inventory-service,16.0,1785908418.6091812,b8bed0280d18469c8d7ca3864b285619,,POST /api/payment,,1633.61,OK,inventory-service,v1.1.0,91c3d7e9c870453ebb1e444ccadcca12
live_ep_000003_CASCADING_FAILURE,CASCADING_FAILURE,inventory-service,16.0,1785908418.6091812,92643bafc3924f1d8879e1d9e9269381,b8bed0280d18469c8d7ca3864b285619,db.transaction,WRITE,28.09,OK,user-db,v1.1.0,91c3d7e9c870453ebb1e444ccadcca12
live_ep_000003_CASCADING_FAILURE,CASCADING_FAILURE,inventory-service,16.0,1785908418.6091812,f5477cc5fd974612a22e20ab689f695f,b8bed0280d18469c8d7ca3864b285619,db.query.update,READ,22.69,OK,user-db,v1.1.0,91c3d7e9c870453ebb1e444ccadcca12
live_ep_000003_CASCADING_FAILURE,CASCADING_FAILURE,inventory-service,16.0,1785908418.6091812,fa12fa1b609b4c09bf9924f6dae3b6da,b8bed0280d18469c8d7ca3864b285619,cache.get,,2.93,OK,cache-cluster,v1.1.0,91c3d7e9c870453ebb1e444ccadcca12
live_ep_000003_CASCADING_FAILURE,CASCADING_FAILURE,inventory-service,16.0,1785908418.6091812,feb85f4025c5469e924514fac121b57a,b8bed0280d18469c8d7ca3864b285619,grpc.call,,23.94,OK,inventory-api,v1.1.0,91c3d7e9c870453ebb1e444ccadcca12
live_ep_000003_CASCADING_FAILURE,CASCADING_FAILURE,inventory-service,16.5,1785908419.1092706,6b478369eb4d4bff970af7a116074379,,POST /api/payment,,1410.48,OK,inventory-service,v1.1.0,b6e4269266f241baa96c542fdc68b3be
live_ep_000003_CASCADING_FAILURE,CASCADING_FAILURE,inventory-service,16.5,1785908419.1092706,39227b50ff69488ea44d71ce3f9860c5,6b478369eb4d4bff970af7a116074379,db.transaction,WRITE,12.47,OK,user-db,v1.1.0,b6e4269266f241baa96c542fdc68b3be
live_ep_000003_CASCADING_FAILURE,CASCADING_FAILURE,inventory-service,16.5,1785908419.1092706,141aac0a182a434492105d3aeb90ce02,6b478369eb4d4bff970af7a116074379,db.query.delete,READ,21.9,OK,user-db,v1.1.0,b6e4269266f241baa96c542fdc68b3be
live_ep_000003_CASCADING_FAILURE,CASCADING_FAILURE,inventory-service,16.5,1785908419.1092706,4a15ccfa17c241739bdb6c9adea616f9,6b478369eb4d4bff970af7a116074379,cache.delete,,2.72,OK,cache-cluster,v1.1.0,b6e4269266f241baa96c542fdc68b3be
live_ep_000003_CASCADING_FAILURE,CASCADING_FAILURE,inventory-service,17.0,1785908419.6095357,b0f482d57aca43c09faab9edb1eb729f,,POST /api/payment,,1473.8,OK,inventory-service,v1.1.0,30128e283c934163af195441f39370c2
live_ep_000003_CASCADING_FAILURE,CASCADING_FAILURE,inventory-service,17.0,1785908419.6095357,e4b53ba0d03f48f19f7800a9f4d5bcba,b0f482d57aca43c09faab9edb1eb729f,db.query.update,WRITE,28.37,OK,user-db,v1.1.0,30128e283c934163af195441f39370c2
live_ep_000003_CASCADING_FAILURE,CASCADING_FAILURE,inventory-service,17.0,1785908419.6095357,a6feeacebdb84ad69f41a4331e59d40e,b0f482d57aca43c09faab9edb1eb729f,cache.delete,,0.54,OK,cache-cluster,v1.1.0,30128e283c934163af195441f39370c2
live_ep_000003_CASCADING_FAILURE,CASCADING_FAILURE,inventory-service,17.0,1785908419.6095357,a01794986da443e081ad62cfae77ec1b,b0f482d57aca43c09faab9edb1eb729f,grpc.call,,25.44,OK,inventory-api,v1.1.0,30128e283c934163af195441f39370c2
live_ep_000003_CASCADING_FAILURE,CASCADING_FAILURE,inventory-service,17.5,1785908420.109698,e7d7802654634c8dac558c99ddd33702,,PUT /api/inventory,,1364.81,OK,inventory-service,v1.1.0,a8401cb1e7374e57b16315ca2e7314fd
live_ep_000003_CASCADING_FAILURE,CASCADING_FAILURE,inventory-service,17.5,1785908420.109698,95fb090b185f4bc8aba417e34b0cbca1,e7d7802654634c8dac558c99ddd33702,db.query.select,READ,27.89,OK,user-db,v1.1.0,a8401cb1e7374e57b16315ca2e7314fd
live_ep_000003_CASCADING_FAILURE,CASCADING_FAILURE,inventory-service,17.5,1785908420.109698,d191922b0d1f4cf1bd371c4744128c90,e7d7802654634c8dac558c99ddd33702,db.query.insert,WRITE,36.87,OK,user-db,v1.1.0,a8401cb1e7374e57b16315ca2e7314fd
live_ep_000003_CASCADING_FAILURE,CASCADING_FAILURE,inventory-service,17.5,1785908420.109698,9ceb2e5a48eb45d6bce016cc62f54193,e7d7802654634c8dac558c99ddd33702,cache.get,,3.16,OK,cache-cluster,v1.1.0,a8401cb1e7374e57b16315ca2e7314fd
live_ep_000003_CASCADING_FAILURE,CASCADING_FAILURE,inventory-service,18.0,1785908420.610058,91fc3aa9f1b84ed28d6b3ca5ceaf9fa6,,PUT /api/inventory,,1871.62,OK,inventory-service,v1.1.0,c9cad30f5dd44e98a2b4b7bea53bea54
live_ep_000003_CASCADING_FAILURE,CASCADING_FAILURE,inventory-service,18.0,1785908420.610058,725fea64f0764f919b22ca29826a85de,91fc3aa9f1b84ed28d6b3ca5ceaf9fa6,db.transaction,READ,33.1,OK,user-db,v1.1.0,c9cad30f5dd44e98a2b4b7bea53bea54
live_ep_000003_CASCADING_FAILURE,CASCADING_FAILURE,inventory-service,18.0,1785908420.610058,a287d60e99f34004a0535ccbba29260e,91fc3aa9f1b84ed28d6b3ca5ceaf9fa6,db.query.delete,WRITE,24.66,OK,user-db,v1.1.0,c9cad30f5dd44e98a2b4b7bea53bea54
live_ep_000003_CASCADING_FAILURE,CASCADING_FAILURE,inventory-service,18.0,1785908420.610058,4f67b365d14b409bb9b74bf434f0b4e9,91fc3aa9f1b84ed28d6b3ca5ceaf9fa6,cache.get,,0.5,OK,cache-cluster,v1.1.0,c9cad30f5dd44e98a2b4b7bea53bea54
live_ep_000003_CASCADING_FAILURE,CASCADING_FAILURE,inventory-service,18.0,1785908420.610058,a3dede70511d4a699c04f42f2357ca6b,91fc3aa9f1b84ed28d6b3ca5ceaf9fa6,http.client.post,,34.54,OK,inventory-api,v1.1.0,c9cad30f5dd44e98a2b4b7bea53bea54
live_ep_000003_CASCADING_FAILURE,CASCADING_FAILURE,inventory-service,18.5,1785908421.1106,ea139cea3543495bbe0836f5e5cdf115,,POST /api/checkout,,1298.32,OK,inventory-service,v1.1.0,209fde46ddde4745a6d785362e21a686
live_ep_000003_CASCADING_FAILURE,CASCADING_FAILURE,inventory-service,18.5,1785908421.1106,66dc110dbba347c69617c3abbce3a8e3,ea139cea3543495bbe0836f5e5cdf115,db.query.insert,WRITE,32.46,OK,user-db,v1.1.0,209fde46ddde4745a6d785362e21a686
live_ep_000003_CASCADING_FAILURE,CASCADING_FAILURE,inventory-service,18.5,1785908421.1106,5efd0290fc3649ff8618254ada34c978,ea139cea3543495bbe0836f5e5cdf115,db.query.select,WRITE,30.29,OK,user-db,v1.1.0,209fde46ddde4745a6d785362e21a686
live_ep_000003_CASCADING_FAILURE,CASCADING_FAILURE,inventory-service,18.5,1785908421.1106,c1fb9ea0adcb4ff5b3cb2acb4a18c299,ea139cea3543495bbe0836f5e5cdf115,grpc.call,,23.94,OK,payment-gateway,v1.1.0,209fde46ddde4745a6d785362e21a686
live_ep_000003_CASCADING_FAILURE,CASCADING_FAILURE,inventory-service,19.0,1785908421.6110992,de50bbce9ce5418f9f75e5bd1db5fb95,,GET /api/auth,,1154.8,OK,inventory-service,v1.1.0,cb88b81c6ca14dc18ccf56b86c6d233c
live_ep_000003_CASCADING_FAILURE,CASCADING_FAILURE,inventory-service,19.0,1785908421.6110992,6824be945d9e493db309188b2cdd8289,de50bbce9ce5418f9f75e5bd1db5fb95,db.query.update,READ,28.97,OK,user-db,v1.1.0,cb88b81c6ca14dc18ccf56b86c6d233c
live_ep_000003_CASCADING_FAILURE,CASCADING_FAILURE,inventory-service,19.0,1785908421.6110992,3478004830b6447bb38eeffa3e5655b6,de50bbce9ce5418f9f75e5bd1db5fb95,db.query.delete,READ,19.49,OK,user-db,v1.1.0,cb88b81c6ca14dc18ccf56b86c6d233c
live_ep_000003_CASCADING_FAILURE,CASCADING_FAILURE,inventory-service,19.0,1785908421.6110992,c1fdd773c62147a5b9478cd1314ce3ed,de50bbce9ce5418f9f75e5bd1db5fb95,cache.get,,1.34,OK,cache-cluster,v1.1.0,cb88b81c6ca14dc18ccf56b86c6d233c
live_ep_000003_CASCADING_FAILURE,CASCADING_FAILURE,inventory-service,19.5,1785908422.1112745,207632bb1d824fb883e884e91b9aa79e,,GET /api/auth,,1370.71,OK,inventory-service,v1.1.0,3604dccb6b9d452384c6b388ffb97b67
live_ep_000003_CASCADING_FAILURE,CASCADING_FAILURE,inventory-service,19.5,1785908422.1112745,45a08f3f338f4355bd4dc158b86b391f,207632bb1d824fb883e884e91b9aa79e,db.query.update,WRITE,40.7,OK,user-db,v1.1.0,3604dccb6b9d452384c6b388ffb97b67
live_ep_000003_CASCADING_FAILURE,CASCADING_FAILURE,inventory-service,19.5,1785908422.1112745,49f22b76ed8b470e9de9b2299b27e44d,207632bb1d824fb883e884e91b9aa79e,db.query.insert,WRITE,17.38,OK,user-db,v1.1.0,3604dccb6b9d452384c6b388ffb97b67
live_ep_000003_CASCADING_FAILURE,CASCADING_FAILURE,inventory-service,19.5,1785908422.1112745,9041677946a744b5ab9aacd8ad99e3e8,207632bb1d824fb883e884e91b9aa79e,cache.set,,2.08,OK,cache-cluster,v1.1.0,3604dccb6b9d452384c6b388ffb97b67
live_ep_000003_CASCADING_FAILURE,CASCADING_FAILURE,inventory-service,19.5,1785908422.1112745,86f5ed0c5be04aeea76370c2137dcc6b,207632bb1d824fb883e884e91b9aa79e,http.client.get,,35.06,OK,user-db,v1.1.0,3604dccb6b9d452384c6b388ffb97b67
live_ep_000003_CASCADING_FAILURE,CASCADING_FAILURE,inventory-service,20.0,1785908422.612221,4a50dd2c4fbc4078983943a4db590f85,,GET /api/health,,1451.34,OK,inventory-service,v1.1.0,9cfb5e9d2aa6455bbc6ab1771fb37d77
live_ep_000003_CASCADING_FAILURE,CASCADING_FAILURE,inventory-service,20.0,1785908422.612221,3d693f0e059843238033025b1dd571c8,4a50dd2c4fbc4078983943a4db590f85,db.query.update,WRITE,25.24,OK,user-db,v1.1.0,9cfb5e9d2aa6455bbc6ab1771fb37d77
live_ep_000003_CASCADING_FAILURE,CASCADING_FAILURE,inventory-service,20.0,1785908422.612221,37aa035b78554ed5a72943cade45f3a9,4a50dd2c4fbc4078983943a4db590f85,db.query.select,WRITE,37.23,OK,user-db,v1.1.0,9cfb5e9d2aa6455bbc6ab1771fb37d77
live_ep_000003_CASCADING_FAILURE,CASCADING_FAILURE,inventory-service,20.0,1785908422.612221,e69011255785472a9d1194d1120ead8d,4a50dd2c4fbc4078983943a4db590f85,cache.get,,1.02,OK,cache-cluster,v1.1.0,9cfb5e9d2aa6455bbc6ab1771fb37d77
live_ep_000003_CASCADING_FAILURE,CASCADING_FAILURE,inventory-service,20.0,1785908422.612221,d7c115a8cb3d413aa8bca0c27feedbe5,4a50dd2c4fbc4078983943a4db590f85,http.client.post,,33.59,OK,inventory-api,v1.1.0,9cfb5e9d2aa6455bbc6ab1771fb37d77
live_ep_000003_CASCADING_FAILURE,CASCADING_FAILURE,inventory-service,20.5,1785908423.1125567,b5dba3466ded46c19b1591bf119abdeb,,GET /api/auth,,1881.24,OK,inventory-service,v1.1.0,246555b92c1b4169ba63b2d7c5a3586d
live_ep_000003_CASCADING_FAILURE,CASCADING_FAILURE,inventory-service,20.5,1785908423.1125567,79f9f837b62241d5865925a7be4092a9,b5dba3466ded46c19b1591bf119abdeb,db.query.delete,READ,20.17,OK,user-db,v1.1.0,246555b92c1b4169ba63b2d7c5a3586d
live_ep_000003_CASCADING_FAILURE,CASCADING_FAILURE,inventory-service,20.5,1785908423.1125567,9bc625e743a343478435ebae67b9e78f,b5dba3466ded46c19b1591bf119abdeb,db.query.update,READ,21.55,OK,user-db,v1.1.0,246555b92c1b4169ba63b2d7c5a3586d
live_ep_000003_CASCADING_FAILURE,CASCADING_FAILURE,inventory-service,20.5,1785908423.1125567,eba8997c22a24e8ea06dfde468ac3b8b,b5dba3466ded46c19b1591bf119abdeb,cache.delete,,1.79,OK,cache-cluster,v1.1.0,246555b92c1b4169ba63b2d7c5a3586d
live_ep_000003_CASCADING_FAILURE,CASCADING_FAILURE,inventory-service,21.0,1785908423.613186,5ffaf839e09f43cc890862cc59d61278,,POST /api/checkout,,1496.61,OK,inventory-service,v1.1.0,7906a42803844f9599bc56db61bc17ca
live_ep_000003_CASCADING_FAILURE,CASCADING_FAILURE,inventory-service,21.0,1785908423.613186,ed937af14cf946efb9ed62acaed4d188,5ffaf839e09f43cc890862cc59d61278,db.query.delete,WRITE,31.33,OK,user-db,v1.1.0,7906a42803844f9599bc56db61bc17ca
live_ep_000003_CASCADING_FAILURE,CASCADING_FAILURE,inventory-service,21.0,1785908423.613186,9b95608c9b154070817b46a26f2d5f45,5ffaf839e09f43cc890862cc59d61278,grpc.call,,10.82,OK,payment-gateway,v1.1.0,7906a42803844f9599bc56db61bc17ca
live_ep_000003_CASCADING_FAILURE,CASCADING_FAILURE,inventory-service,21.5,1785908424.1132557,a84934dd610c4a2f8db6b20c8416f7b8,,PUT /api/inventory,,1514.54,OK,inventory-service,v1.1.0,b9f6e2058bb04518b6275da808f69256
live_ep_000003_CASCADING_FAILURE,CASCADING_FAILURE,inventory-service,21.5,1785908424.1132557,5d54279076db4c7e9158c8f440ce7cf6,a84934dd610c4a2f8db6b20c8416f7b8,db.query.update,READ,52.62,OK,user-db,v1.1.0,b9f6e2058bb04518b6275da808f69256
live_ep_000003_CASCADING_FAILURE,CASCADING_FAILURE,inventory-service,21.5,1785908424.1132557,3707e14cd37e4330be0deef1bb8c79fe,a84934dd610c4a2f8db6b20c8416f7b8,db.query.select,READ,39.16,OK,user-db,v1.1.0,b9f6e2058bb04518b6275da808f69256
live_ep_000003_CASCADING_FAILURE,CASCADING_FAILURE,inventory-service,21.5,1785908424.1132557,518594adbeb743068d6c15845a9427cb,a84934dd610c4a2f8db6b20c8416f7b8,cache.set,,1.62,OK,cache-cluster,v1.1.0,b9f6e2058bb04518b6275da808f69256
live_ep_000003_CASCADING_FAILURE,CASCADING_FAILURE,inventory-service,21.5,1785908424.1132557,ad5b3b0f053c4b4784379badf08569d0,a84934dd610c4a2f8db6b20c8416f7b8,grpc.call,,20.98,OK,payment-gateway,v1.1.0,b9f6e2058bb04518b6275da808f69256
live_ep_000003_CASCADING_FAILURE,CASCADING_FAILURE,inventory-service,22.0,1785908424.6137128,ded2e0714b8d4ef7af1dee3eeff3ea5c,,GET /api/auth,,1426.22,OK,inventory-service,v1.1.0,c07668b23a704092b49da5bc45a69fe3
live_ep_000003_CASCADING_FAILURE,CASCADING_FAILURE,inventory-service,22.0,1785908424.6137128,1fbf26149ae0404fa67491471501679b,ded2e0714b8d4ef7af1dee3eeff3ea5c,db.transaction,READ,28.18,OK,user-db,v1.1.0,c07668b23a704092b49da5bc45a69fe3
live_ep_000003_CASCADING_FAILURE,CASCADING_FAILURE,inventory-service,22.0,1785908424.6137128,89299eca10414fa28600c9decb4999fd,ded2e0714b8d4ef7af1dee3eeff3ea5c,db.query.delete,WRITE,30.2,OK,user-db,v1.1.0,c07668b23a704092b49da5bc45a69fe3
live_ep_000003_CASCADING_FAILURE,CASCADING_FAILURE,inventory-service,22.0,1785908424.6137128,ebd08f19953044a5b5ebd1fc7d1de862,ded2e0714b8d4ef7af1dee3eeff3ea5c,cache.delete,,2.24,OK,cache-cluster,v1.1.0,c07668b23a704092b49da5bc45a69fe3
live_ep_000003_CASCADING_FAILURE,CASCADING_FAILURE,inventory-service,22.5,1785908425.1148038,90c2e0f0cd36407aa0883b37ed92c945,,POST /api/payment,,1453.34,OK,inventory-service,v1.1.0,687b89e21dc14d1b8a5104501946e955
live_ep_000003_CASCADING_FAILURE,CASCADING_FAILURE,inventory-service,22.5,1785908425.1148038,d00e1b381d9a497592ad9421a0859565,90c2e0f0cd36407aa0883b37ed92c945,db.query.select,WRITE,25.91,OK,user-db,v1.1.0,687b89e21dc14d1b8a5104501946e955
live_ep_000003_CASCADING_FAILURE,CASCADING_FAILURE,inventory-service,22.5,1785908425.1148038,9b2b9dae667a41b3abbe7fe6320be2d1,90c2e0f0cd36407aa0883b37ed92c945,db.transaction,WRITE,13.42,OK,user-db,v1.1.0,687b89e21dc14d1b8a5104501946e955
live_ep_000003_CASCADING_FAILURE,CASCADING_FAILURE,inventory-service,22.5,1785908425.1148038,a686d27899394b12bf0ec2565ae56fe7,90c2e0f0cd36407aa0883b37ed92c945,cache.delete,,2.48,OK,cache-cluster,v1.1.0,687b89e21dc14d1b8a5104501946e955
live_ep_000003_CASCADING_FAILURE,CASCADING_FAILURE,inventory-service,23.0,1785908425.6153278,15e193486cb14c81af6cb39886f51bdc,,POST /api/payment,,1423.61,ERROR,inventory-service,v1.1.0,df20ac9eabbb4999b1bf58181cbea1ac
live_ep_000003_CASCADING_FAILURE,CASCADING_FAILURE,inventory-service,23.0,1785908425.6153278,3abe48414840444a948bff8b36941668,15e193486cb14c81af6cb39886f51bdc,db.query.select,WRITE,39.63,OK,user-db,v1.1.0,df20ac9eabbb4999b1bf58181cbea1ac
live_ep_000003_CASCADING_FAILURE,CASCADING_FAILURE,inventory-service,23.0,1785908425.6153278,bacf947a8f47410a8099a1f84d1ea076,15e193486cb14c81af6cb39886f51bdc,cache.delete,,0.5,OK,cache-cluster,v1.1.0,df20ac9eabbb4999b1bf58181cbea1ac
live_ep_000003_CASCADING_FAILURE,CASCADING_FAILURE,inventory-service,23.0,1785908425.6153278,fd934868545048fa88fe4d6736aa7241,15e193486cb14c81af6cb39886f51bdc,http.client.post,,29.41,OK,payment-gateway,v1.1.0,df20ac9eabbb4999b1bf58181cbea1ac
live_ep_000003_CASCADING_FAILURE,CASCADING_FAILURE,inventory-service,23.5,1785908426.1208909,82dba6151bcc4852a04306a3e45e05bd,,GET /api/health,,1446.71,OK,inventory-service,v1.1.0,32d994304935402ca8c0f08a521b6749
live_ep_000003_CASCADING_FAILURE,CASCADING_FAILURE,inventory-service,23.5,1785908426.1208909,aaf1b17d68194d88a163bb856e0f6a07,82dba6151bcc4852a04306a3e45e05bd,db.query.delete,READ,35.28,OK,user-db,v1.1.0,32d994304935402ca8c0f08a521b6749
live_ep_000003_CASCADING_FAILURE,CASCADING_FAILURE,inventory-service,23.5,1785908426.1208909,31d4f5d2e5224b6f97d2411202d8761a,82dba6151bcc4852a04306a3e45e05bd,db.query.update,WRITE,20.46,OK,user-db,v1.1.0,32d994304935402ca8c0f08a521b6749
live_ep_000003_CASCADING_FAILURE,CASCADING_FAILURE,inventory-service,23.5,1785908426.1208909,54e831e421474669a616e21b3fb0fc59,82dba6151bcc4852a04306a3e45e05bd,cache.set,,2.83,OK,cache-cluster,v1.1.0,32d994304935402ca8c0f08a521b6749
live_ep_000003_CASCADING_FAILURE,CASCADING_FAILURE,inventory-service,23.5,1785908426.1208909,071ef6bdab384911ac7959c7fb07630e,82dba6151bcc4852a04306a3e45e05bd,grpc.call,,20.52,OK,cache-cluster,v1.1.0,32d994304935402ca8c0f08a521b6749
live_ep_000003_CASCADING_FAILURE,CASCADING_FAILURE,inventory-service,24.0,1785908426.621024,5e9ff4b1f8ba451d8f2de7e29cfab0fe,,GET /api/health,,1308.37,OK,inventory-service,v1.1.0,c827872267ca4e85947da61028cd029e
live_ep_000003_CASCADING_FAILURE,CASCADING_FAILURE,inventory-service,24.0,1785908426.621024,52168a40e4254505a540005ab0e2c97c,5e9ff4b1f8ba451d8f2de7e29cfab0fe,db.query.select,READ,23.41,OK,user-db,v1.1.0,c827872267ca4e85947da61028cd029e
live_ep_000003_CASCADING_FAILURE,CASCADING_FAILURE,inventory-service,24.0,1785908426.621024,0adfe56089be46c69b4d2c37b0175cda,5e9ff4b1f8ba451d8f2de7e29cfab0fe,cache.get,,0.5,OK,cache-cluster,v1.1.0,c827872267ca4e85947da61028cd029e
live_ep_000003_CASCADING_FAILURE,CASCADING_FAILURE,inventory-service,24.5,1785908427.1215353,84a5f2ec37e5459386fd062bb9548aaf,,GET /api/auth,,1799.69,OK,inventory-service,v1.1.0,63a4b2cb1b4a4997ade299770405ff12
live_ep_000003_CASCADING_FAILURE,CASCADING_FAILURE,inventory-service,24.5,1785908427.1215353,178ae68c40eb4004a58304d3fb2da6f6,84a5f2ec37e5459386fd062bb9548aaf,db.query.select,READ,28.21,OK,user-db,v1.1.0,63a4b2cb1b4a4997ade299770405ff12
live_ep_000003_CASCADING_FAILURE,CASCADING_FAILURE,inventory-service,24.5,1785908427.1215353,5550e881dcfa4ec99bd8ff0acba57694,84a5f2ec37e5459386fd062bb9548aaf,cache.get,,2.0,OK,cache-cluster,v1.1.0,63a4b2cb1b4a4997ade299770405ff12
live_ep_000003_CASCADING_FAILURE,CASCADING_FAILURE,inventory-service,25.0,1785908427.622094,d0d3f8bf9180453ca564ea34d9a13d84,,PUT /api/inventory,,1266.53,OK,inventory-service,v1.1.0,eb639ae61b6f4e6e95c70a7e7140104f
live_ep_000003_CASCADING_FAILURE,CASCADING_FAILURE,inventory-service,25.0,1785908427.622094,2f2e0517aa1841719f14bb58f656ee20,d0d3f8bf9180453ca564ea34d9a13d84,db.query.select,WRITE,64.49,OK,user-db,v1.1.0,eb639ae61b6f4e6e95c70a7e7140104f
live_ep_000003_CASCADING_FAILURE,CASCADING_FAILURE,inventory-service,25.0,1785908427.622094,06d535df391940008a0f55440decfbca,d0d3f8bf9180453ca564ea34d9a13d84,cache.delete,,1.68,OK,cache-cluster,v1.1.0,eb639ae61b6f4e6e95c70a7e7140104f
live_ep_000003_CASCADING_FAILURE,CASCADING_FAILURE,inventory-service,25.5,1785908428.1225498,219a98990e4b47bf8882ffddd0bef1d4,,POST /api/checkout,,1623.41,OK,inventory-service,v1.1.0,6f84d94c140b48d499268b2aa1dc61a7
live_ep_000003_CASCADING_FAILURE,CASCADING_FAILURE,inventory-service,25.5,1785908428.1225498,2156b54a61ed4802ac5048c3c6b2e83e,219a98990e4b47bf8882ffddd0bef1d4,db.query.update,READ,31.1,OK,user-db,v1.1.0,6f84d94c140b48d499268b2aa1dc61a7
live_ep_000003_CASCADING_FAILURE,CASCADING_FAILURE,inventory-service,25.5,1785908428.1225498,f3e13eaee1504a3d9bea9f551d2ccae0,219a98990e4b47bf8882ffddd0bef1d4,db.query.update,WRITE,35.08,OK,user-db,v1.1.0,6f84d94c140b48d499268b2aa1dc61a7
live_ep_000003_CASCADING_FAILURE,CASCADING_FAILURE,inventory-service,25.5,1785908428.1225498,bd48e9efd25c4e62b579c32737627d05,219a98990e4b47bf8882ffddd0bef1d4,cache.delete,,2.57,OK,cache-cluster,v1.1.0,6f84d94c140b48d499268b2aa1dc61a7
live_ep_000003_CASCADING_FAILURE,CASCADING_FAILURE,inventory-service,25.5,1785908428.1225498,047a9650fe7847098584c90de8ec8774,219a98990e4b47bf8882ffddd0bef1d4,grpc.call,,32.0,OK,payment-gateway,v1.1.0,6f84d94c140b48d499268b2aa1dc61a7
live_ep_000003_CASCADING_FAILURE,CASCADING_FAILURE,inventory-service,26.0,1785908428.6231549,c1f8f63babf74eb8a98ffb09c61e3f60,,GET /api/health,,1372.51,OK,inventory-service,v1.1.0,01452282635f4748a8b5de2b12850462
live_ep_000003_CASCADING_FAILURE,CASCADING_FAILURE,inventory-service,26.0,1785908428.6231549,a9d794728843425595c5e4503cfcf8f1,c1f8f63babf74eb8a98ffb09c61e3f60,db.query.update,READ,19.33,ERROR,user-db,v1.1.0,01452282635f4748a8b5de2b12850462
live_ep_000003_CASCADING_FAILURE,CASCADING_FAILURE,inventory-service,26.0,1785908428.6231549,da536326ec1c4289a1c36d3eab462b1a,c1f8f63babf74eb8a98ffb09c61e3f60,db.query.select,READ,23.02,OK,user-db,v1.1.0,01452282635f4748a8b5de2b12850462
live_ep_000003_CASCADING_FAILURE,CASCADING_FAILURE,inventory-service,26.0,1785908428.6231549,33ac7a21b0b248b0a1ec3864990313bc,c1f8f63babf74eb8a98ffb09c61e3f60,cache.set,,2.23,OK,cache-cluster,v1.1.0,01452282635f4748a8b5de2b12850462
live_ep_000003_CASCADING_FAILURE,CASCADING_FAILURE,inventory-service,26.5,1785908429.1234987,3ca01385747b4c5aad07e4d53e82b293,,POST /api/checkout,,1872.73,OK,inventory-service,v1.1.0,5582d8fbc83b44a693aa4481a6374b7c
live_ep_000003_CASCADING_FAILURE,CASCADING_FAILURE,inventory-service,26.5,1785908429.1234987,6b233d48a91441faa27fd0bc9dc0c938,3ca01385747b4c5aad07e4d53e82b293,db.query.update,READ,47.21,OK,user-db,v1.1.0,5582d8fbc83b44a693aa4481a6374b7c
live_ep_000003_CASCADING_FAILURE,CASCADING_FAILURE,inventory-service,26.5,1785908429.1234987,09a915e761ac4dd2acc28d7778f9c021,3ca01385747b4c5aad07e4d53e82b293,cache.get,,1.39,OK,cache-cluster,v1.1.0,5582d8fbc83b44a693aa4481a6374b7c
live_ep_000003_CASCADING_FAILURE,CASCADING_FAILURE,inventory-service,27.0,1785908429.6240654,8a48a2fcaef24822a9924c9c9eb6f06b,,PUT /api/inventory,,1590.65,OK,inventory-service,v1.1.0,e7f862e92ac9486b8b4bf103c3157c98
live_ep_000003_CASCADING_FAILURE,CASCADING_FAILURE,inventory-service,27.0,1785908429.6240654,cf1d134cbd8a4cdfbf83781c0b2b7a50,8a48a2fcaef24822a9924c9c9eb6f06b,db.query.select,READ,46.03,OK,user-db,v1.1.0,e7f862e92ac9486b8b4bf103c3157c98
live_ep_000003_CASCADING_FAILURE,CASCADING_FAILURE,inventory-service,27.0,1785908429.6240654,220b838c092a4d3bb3b04f0ff1cc6b9e,8a48a2fcaef24822a9924c9c9eb6f06b,db.query.update,WRITE,28.36,OK,user-db,v1.1.0,e7f862e92ac9486b8b4bf103c3157c98
live_ep_000003_CASCADING_FAILURE,CASCADING_FAILURE,inventory-service,27.0,1785908429.6240654,4c9d0a306e124e15a93d5d9c1f62bedf,8a48a2fcaef24822a9924c9c9eb6f06b,cache.set,,3.37,OK,cache-cluster,v1.1.0,e7f862e92ac9486b8b4bf103c3157c98
live_ep_000003_CASCADING_FAILURE,CASCADING_FAILURE,inventory-service,27.5,1785908430.1245878,0bf6a2acc4714e258a72d38538c7bdfe,,POST /api/payment,,1470.29,OK,inventory-service,v1.1.0,7e91f1db4d244bde91af64dadb76b1ce
live_ep_000003_CASCADING_FAILURE,CASCADING_FAILURE,inventory-service,27.5,1785908430.1245878,c1dfb8e340bf423c9660f1f98303faf5,0bf6a2acc4714e258a72d38538c7bdfe,db.query.insert,READ,39.19,OK,user-db,v1.1.0,7e91f1db4d244bde91af64dadb76b1ce
live_ep_000003_CASCADING_FAILURE,CASCADING_FAILURE,inventory-service,28.0,1785908430.6250176,d5b53abbfc074098938d905c1ad6ca67,,POST /api/payment,,1671.58,OK,inventory-service,v1.1.0,b944a59ad1ea464c9d4cb01c1b92e0a4
live_ep_000003_CASCADING_FAILURE,CASCADING_FAILURE,inventory-service,28.0,1785908430.6250176,8c3e820fce0642f4beb1b9f8f7ab72cf,d5b53abbfc074098938d905c1ad6ca67,db.query.delete,WRITE,22.43,OK,user-db,v1.1.0,b944a59ad1ea464c9d4cb01c1b92e0a4
live_ep_000003_CASCADING_FAILURE,CASCADING_FAILURE,inventory-service,28.5,1785908431.1257496,160c27624f00446fa00c887649dba84d,,POST /api/payment,,1448.14,OK,inventory-service,v1.1.0,c354b3d9672e4ac590aa36700aec777d
live_ep_000003_CASCADING_FAILURE,CASCADING_FAILURE,inventory-service,28.5,1785908431.1257496,283227da364043cfa31083299416bbd4,160c27624f00446fa00c887649dba84d,db.query.delete,READ,38.72,OK,user-db,v1.1.0,c354b3d9672e4ac590aa36700aec777d
live_ep_000003_CASCADING_FAILURE,CASCADING_FAILURE,inventory-service,28.5,1785908431.1257496,1d23cd14526647eda8b195a45162a4d2,160c27624f00446fa00c887649dba84d,db.query.update,READ,42.51,OK,user-db,v1.1.0,c354b3d9672e4ac590aa36700aec777d
live_ep_000003_CASCADING_FAILURE,CASCADING_FAILURE,inventory-service,29.0,1785908431.6262383,8a68b524c4da40f79e1d1aef160aa815,,GET /api/order,,1344.11,OK,inventory-service,v1.1.0,89fb11746b384dd5a7b7020cc37cfd72
live_ep_000003_CASCADING_FAILURE,CASCADING_FAILURE,inventory-service,29.0,1785908431.6262383,abb185081cfc49368fa0e1e943df442d,8a68b524c4da40f79e1d1aef160aa815,db.transaction,WRITE,40.93,OK,user-db,v1.1.0,89fb11746b384dd5a7b7020cc37cfd72
live_ep_000003_CASCADING_FAILURE,CASCADING_FAILURE,inventory-service,29.0,1785908431.6262383,8710d1fa9c62494cb07fcffb9e65a714,8a68b524c4da40f79e1d1aef160aa815,db.query.update,READ,46.73,OK,user-db,v1.1.0,89fb11746b384dd5a7b7020cc37cfd72
live_ep_000003_CASCADING_FAILURE,CASCADING_FAILURE,inventory-service,29.0,1785908431.6262383,5cb25f12e3614e0f94a47b68a00a1145,8a68b524c4da40f79e1d1aef160aa815,cache.delete,,43.39,OK,cache-cluster,v1.1.0,89fb11746b384dd5a7b7020cc37cfd72
live_ep_000003_CASCADING_FAILURE,CASCADING_FAILURE,inventory-service,29.5,1785908432.1262956,a797da28d0ce419191ee8025ad42dcd2,,GET /api/health,,1482.74,OK,inventory-service,v1.1.0,e14bc83d0d934a319dafd5706fdd4d49
live_ep_000003_CASCADING_FAILURE,CASCADING_FAILURE,inventory-service,29.5,1785908432.1262956,a98abc7c1301414b9e2ab6d15cc4f8f2,a797da28d0ce419191ee8025ad42dcd2,db.query.select,READ,33.99,OK,user-db,v1.1.0,e14bc83d0d934a319dafd5706fdd4d49
live_ep_000003_CASCADING_FAILURE,CASCADING_FAILURE,inventory-service,29.5,1785908432.1262956,9b436cd13e0d4f778a1843c53bb924f8,a797da28d0ce419191ee8025ad42dcd2,db.query.delete,READ,44.28,OK,user-db,v1.1.0,e14bc83d0d934a319dafd5706fdd4d49
live_ep_000003_CASCADING_FAILURE,CASCADING_FAILURE,inventory-service,29.5,1785908432.1262956,e2c242d8a6af4c79b0af76902ba76e46,a797da28d0ce419191ee8025ad42dcd2,cache.set,,39.3,OK,cache-cluster,v1.1.0,e14bc83d0d934a319dafd5706fdd4d49
live_ep_000003_CASCADING_FAILURE,CASCADING_FAILURE,inventory-service,29.5,1785908432.1262956,e2a7e9f0063f4101b2489e8c79f61634,a797da28d0ce419191ee8025ad42dcd2,http.client.post,,61.91,OK,cache-cluster,v1.1.0,e14bc83d0d934a319dafd5706fdd4d49
live_ep_000003_CASCADING_FAILURE,CASCADING_FAILURE,inventory-service,30.0,1785908432.6267295,50112c71a48b471a9027cec3c497b3da,,POST /api/checkout,,1369.29,OK,inventory-service,v1.1.0,3cbaff14a20c45b48661cb1dceb66551
live_ep_000003_CASCADING_FAILURE,CASCADING_FAILURE,inventory-service,30.0,1785908432.6267295,b52145518e8a48689f34f38cad2582fe,50112c71a48b471a9027cec3c497b3da,db.transaction,READ,23.98,OK,user-db,v1.1.0,3cbaff14a20c45b48661cb1dceb66551
live_ep_000003_CASCADING_FAILURE,CASCADING_FAILURE,inventory-service,30.0,1785908432.6267295,4caaa9cc5ccc4e5d8a9df3fa12ef5688,50112c71a48b471a9027cec3c497b3da,db.transaction,READ,27.83,OK,user-db,v1.1.0,3cbaff14a20c45b48661cb1dceb66551
live_ep_000003_CASCADING_FAILURE,CASCADING_FAILURE,inventory-service,30.5,1785908433.1269832,5388ad52c0ae43c68da63c24c787281d,,POST /api/payment,,1527.6,OK,inventory-service,v1.1.0,b50ebd062d9547f3b6aa1cd159f0971a
live_ep_000003_CASCADING_FAILURE,CASCADING_FAILURE,inventory-service,30.5,1785908433.1269832,82ef4d4cb972422c9350cd22410188c2,5388ad52c0ae43c68da63c24c787281d,db.query.update,READ,41.63,OK,user-db,v1.1.0,b50ebd062d9547f3b6aa1cd159f0971a
live_ep_000003_CASCADING_FAILURE,CASCADING_FAILURE,inventory-service,30.5,1785908433.1269832,dc089c7f01474185896940444fb7c780,5388ad52c0ae43c68da63c24c787281d,cache.get,,3.36,OK,cache-cluster,v1.1.0,b50ebd062d9547f3b6aa1cd159f0971a
live_ep_000003_CASCADING_FAILURE,CASCADING_FAILURE,inventory-service,30.5,1785908433.1269832,6b2f244777aa4020bf4fc235221baec5,5388ad52c0ae43c68da63c24c787281d,grpc.call,,13.73,OK,cache-cluster,v1.1.0,b50ebd062d9547f3b6aa1cd159f0971a
live_ep_000003_CASCADING_FAILURE,CASCADING_FAILURE,inventory-service,31.0,1785908433.6277254,765f6bdf1f994370ba23e88a1aacd976,,GET /api/health,,1474.03,OK,inventory-service,v1.1.0,a5d5789992004ba7bf3d141780f87ea0
live_ep_000003_CASCADING_FAILURE,CASCADING_FAILURE,inventory-service,31.0,1785908433.6277254,c41b1261c5e94403ac399fc720b8f12a,765f6bdf1f994370ba23e88a1aacd976,db.transaction,WRITE,34.52,OK,user-db,v1.1.0,a5d5789992004ba7bf3d141780f87ea0
live_ep_000003_CASCADING_FAILURE,CASCADING_FAILURE,inventory-service,31.0,1785908433.6277254,50918b4c1f8844c49aa6c2171f7e45f1,765f6bdf1f994370ba23e88a1aacd976,cache.get,,45.44,OK,cache-cluster,v1.1.0,a5d5789992004ba7bf3d141780f87ea0
live_ep_000003_CASCADING_FAILURE,CASCADING_FAILURE,inventory-service,31.5,1785908434.1278367,a2988ec7aa4f4d27843cd11dd768a776,,GET /api/auth,,1245.55,OK,inventory-service,v1.1.0,e75ac03d29d3445591639dae453f0086
live_ep_000003_CASCADING_FAILURE,CASCADING_FAILURE,inventory-service,31.5,1785908434.1278367,a2e30ea20e3e4e1a99484d36a12afba9,a2988ec7aa4f4d27843cd11dd768a776,db.query.delete,READ,36.88,OK,user-db,v1.1.0,e75ac03d29d3445591639dae453f0086
live_ep_000003_CASCADING_FAILURE,CASCADING_FAILURE,inventory-service,31.5,1785908434.1278367,5095b46dfd2c447ab6aeb81d63516ceb,a2988ec7aa4f4d27843cd11dd768a776,cache.get,,3.26,OK,cache-cluster,v1.1.0,e75ac03d29d3445591639dae453f0086
live_ep_000003_CASCADING_FAILURE,CASCADING_FAILURE,inventory-service,31.5,1785908434.1278367,49b036ac71364ffc989be415f74a4c39,a2988ec7aa4f4d27843cd11dd768a776,http.client.get,,34.44,OK,cache-cluster,v1.1.0,e75ac03d29d3445591639dae453f0086
live_ep_000003_CASCADING_FAILURE,CASCADING_FAILURE,inventory-service,32.0,1785908434.6281466,272d866b5fa44b12be218aa585814986,,PUT /api/inventory,,1590.28,OK,inventory-service,v1.1.0,1b366d75e2b04f49b25adef5bd98b3b0
live_ep_000003_CASCADING_FAILURE,CASCADING_FAILURE,inventory-service,32.0,1785908434.6281466,49a16754f3214e49a35bc3cd348b0277,272d866b5fa44b12be218aa585814986,db.query.insert,READ,27.72,OK,user-db,v1.1.0,1b366d75e2b04f49b25adef5bd98b3b0
live_ep_000003_CASCADING_FAILURE,CASCADING_FAILURE,inventory-service,32.0,1785908434.6281466,9b69084c43a9438399bc467f8b8f8e3c,272d866b5fa44b12be218aa585814986,cache.set,,3.0,OK,cache-cluster,v1.1.0,1b366d75e2b04f49b25adef5bd98b3b0
live_ep_000003_CASCADING_FAILURE,CASCADING_FAILURE,inventory-service,32.0,1785908434.6281466,5f693f0548974bb1b1dbe990e7b7a557,272d866b5fa44b12be218aa585814986,grpc.call,,19.5,OK,user-db,v1.1.0,1b366d75e2b04f49b25adef5bd98b3b0
live_ep_000003_CASCADING_FAILURE,CASCADING_FAILURE,inventory-service,32.5,1785908435.1285067,eb59f95a829a47c1891ddcff3e03d329,,POST /api/payment,,1614.25,OK,inventory-service,v1.1.0,b934388e2cc94beda0b98f2f2b8c31a2
live_ep_000003_CASCADING_FAILURE,CASCADING_FAILURE,inventory-service,32.5,1785908435.1285067,cbef2aa1affb4413a6ff4b2dff5c7a34,eb59f95a829a47c1891ddcff3e03d329,db.query.insert,WRITE,31.58,OK,user-db,v1.1.0,b934388e2cc94beda0b98f2f2b8c31a2
live_ep_000003_CASCADING_FAILURE,CASCADING_FAILURE,inventory-service,32.5,1785908435.1285067,d459eb4147424f28b01711ccd73c5bd1,eb59f95a829a47c1891ddcff3e03d329,db.query.update,WRITE,61.29,OK,user-db,v1.1.0,b934388e2cc94beda0b98f2f2b8c31a2
live_ep_000003_CASCADING_FAILURE,CASCADING_FAILURE,inventory-service,32.5,1785908435.1285067,778b94ee0ce940e7a84af1b09a70c95d,eb59f95a829a47c1891ddcff3e03d329,cache.set,,2.03,OK,cache-cluster,v1.1.0,b934388e2cc94beda0b98f2f2b8c31a2
live_ep_000003_CASCADING_FAILURE,CASCADING_FAILURE,inventory-service,33.0,1785908435.6289139,5e17a2fa2bfd4aaea69b79e5a5499dab,,GET /api/order,,1397.88,OK,inventory-service,v1.1.0,5052debd05944463a07e8f8f3020af08
live_ep_000003_CASCADING_FAILURE,CASCADING_FAILURE,inventory-service,33.0,1785908435.6289139,f425a5ee5dbe46b5aaea2402a25d8b5a,5e17a2fa2bfd4aaea69b79e5a5499dab,db.query.select,WRITE,26.7,OK,user-db,v1.1.0,5052debd05944463a07e8f8f3020af08
live_ep_000003_CASCADING_FAILURE,CASCADING_FAILURE,inventory-service,33.5,1785908436.1293006,ea049cb96a9d4849af518db5b162c592,,POST /api/payment,,1021.72,OK,inventory-service,v1.1.0,6f468386a2ba413ebb7e7fd7f89bac5b
live_ep_000003_CASCADING_FAILURE,CASCADING_FAILURE,inventory-service,33.5,1785908436.1293006,6e9f2d38b5fd4799b3303d40fae5d8fc,ea049cb96a9d4849af518db5b162c592,db.query.select,READ,40.63,OK,user-db,v1.1.0,6f468386a2ba413ebb7e7fd7f89bac5b
live_ep_000003_CASCADING_FAILURE,CASCADING_FAILURE,inventory-service,33.5,1785908436.1293006,03108fb05cc94d6f957a59b107e2c0d5,ea049cb96a9d4849af518db5b162c592,db.transaction,WRITE,72.95,OK,user-db,v1.1.0,6f468386a2ba413ebb7e7fd7f89bac5b
live_ep_000003_CASCADING_FAILURE,CASCADING_FAILURE,inventory-service,34.0,1785908436.6296403,6b92e9f3d1044f47aa8bbeaa3227a29c,,POST /api/checkout,,1358.61,OK,inventory-service,v1.1.0,235f9eef751f42d589586a7da47d080d
live_ep_000003_CASCADING_FAILURE,CASCADING_FAILURE,inventory-service,34.0,1785908436.6296403,14850104fdf3465d8403ee458da2a1ec,6b92e9f3d1044f47aa8bbeaa3227a29c,db.transaction,WRITE,54.18,OK,user-db,v1.1.0,235f9eef751f42d589586a7da47d080d
live_ep_000003_CASCADING_FAILURE,CASCADING_FAILURE,inventory-service,34.0,1785908436.6296403,9cc3aef62c1a408a8969a8a1b2c244ca,6b92e9f3d1044f47aa8bbeaa3227a29c,cache.get,,1.07,OK,cache-cluster,v1.1.0,235f9eef751f42d589586a7da47d080d
live_ep_000003_CASCADING_FAILURE,CASCADING_FAILURE,inventory-service,34.0,1785908436.6296403,a5eb55d324a44679b70d5482a0de1524,6b92e9f3d1044f47aa8bbeaa3227a29c,http.client.post,,29.12,OK,payment-gateway,v1.1.0,235f9eef751f42d589586a7da47d080d
live_ep_000003_CASCADING_FAILURE,CASCADING_FAILURE,inventory-service,34.5,1785908437.1297834,fdcdf60e3d144b75898cf1355a2bd1c8,,POST /api/payment,,1668.3,OK,inventory-service,v1.1.0,009ed06a5ceb424da80635742ea4095c
live_ep_000003_CASCADING_FAILURE,CASCADING_FAILURE,inventory-service,34.5,1785908437.1297834,b84f93e560ef45059c15142a2e765d16,fdcdf60e3d144b75898cf1355a2bd1c8,db.query.update,WRITE,68.72,OK,user-db,v1.1.0,009ed06a5ceb424da80635742ea4095c
live_ep_000003_CASCADING_FAILURE,CASCADING_FAILURE,inventory-service,34.5,1785908437.1297834,6b91018829794a498d912a5c9bba3b6b,fdcdf60e3d144b75898cf1355a2bd1c8,db.query.select,WRITE,42.83,OK,user-db,v1.1.0,009ed06a5ceb424da80635742ea4095c
live_ep_000003_CASCADING_FAILURE,CASCADING_FAILURE,inventory-service,34.5,1785908437.1297834,9be193331c2e4219a7f7b2831fe22932,fdcdf60e3d144b75898cf1355a2bd1c8,cache.get,,3.47,OK,cache-cluster,v1.1.0,009ed06a5ceb424da80635742ea4095c
live_ep_000003_CASCADING_FAILURE,CASCADING_FAILURE,inventory-service,34.5,1785908437.1297834,8f329bb5c46b4e858e2a5920d8b1d35a,fdcdf60e3d144b75898cf1355a2bd1c8,http.client.post,,36.14,OK,payment-gateway,v1.1.0,009ed06a5ceb424da80635742ea4095c
live_ep_000003_CASCADING_FAILURE,CASCADING_FAILURE,inventory-service,35.0,1785908437.6299431,58cecbe5456f4d56aa2550c539d37591,,PUT /api/inventory,,1438.27,OK,inventory-service,v1.1.0,bb0485353bcb4d5cb62729e973e3a1a4
live_ep_000003_CASCADING_FAILURE,CASCADING_FAILURE,inventory-service,35.0,1785908437.6299431,6ce3d1033bf5472b810b392b0bafbca5,58cecbe5456f4d56aa2550c539d37591,db.query.update,READ,37.93,OK,user-db,v1.1.0,bb0485353bcb4d5cb62729e973e3a1a4
live_ep_000003_CASCADING_FAILURE,CASCADING_FAILURE,inventory-service,35.0,1785908437.6299431,15926bd18c064383a8573ca4baef7dd7,58cecbe5456f4d56aa2550c539d37591,db.query.insert,READ,42.57,OK,user-db,v1.1.0,bb0485353bcb4d5cb62729e973e3a1a4
live_ep_000003_CASCADING_FAILURE,CASCADING_FAILURE,inventory-service,35.0,1785908437.6299431,de768c33cb984391a1e013a024b19f2c,58cecbe5456f4d56aa2550c539d37591,cache.set,,4.15,OK,cache-cluster,v1.1.0,bb0485353bcb4d5cb62729e973e3a1a4
live_ep_000003_CASCADING_FAILURE,CASCADING_FAILURE,inventory-service,35.0,1785908437.6299431,4aaef008221e4ac3b50fa5678c567cbf,58cecbe5456f4d56aa2550c539d37591,http.client.post,,24.11,OK,inventory-api,v1.1.0,bb0485353bcb4d5cb62729e973e3a1a4
live_ep_000003_CASCADING_FAILURE,CASCADING_FAILURE,inventory-service,35.5,1785908438.1300843,03ffac041ce54efb93797c18059dd07a,,GET /api/order,,1303.91,OK,inventory-service,v1.1.0,3d1380ae42b248bc9abb2ee37ba5ed4d
live_ep_000003_CASCADING_FAILURE,CASCADING_FAILURE,inventory-service,35.5,1785908438.1300843,87d6c78e700748458f12006f9edc891a,03ffac041ce54efb93797c18059dd07a,db.query.insert,READ,25.92,OK,user-db,v1.1.0,3d1380ae42b248bc9abb2ee37ba5ed4d
live_ep_000003_CASCADING_FAILURE,CASCADING_FAILURE,inventory-service,35.5,1785908438.1300843,ad5081fe12e54dbbb9d0fdbc862da7af,03ffac041ce54efb93797c18059dd07a,cache.set,,2.84,OK,cache-cluster,v1.1.0,3d1380ae42b248bc9abb2ee37ba5ed4d
live_ep_000003_CASCADING_FAILURE,CASCADING_FAILURE,inventory-service,36.0,1785908438.6303635,5fea1d61bc394a418a443511d7fa2c46,,POST /api/payment,,1358.26,OK,inventory-service,v1.1.0,ff346c99a07843878b0dacb0cb6b3d47
live_ep_000003_CASCADING_FAILURE,CASCADING_FAILURE,inventory-service,36.0,1785908438.6303635,d648f322b69e46ea848e0674c834833b,5fea1d61bc394a418a443511d7fa2c46,db.query.insert,READ,51.59,OK,user-db,v1.1.0,ff346c99a07843878b0dacb0cb6b3d47
live_ep_000003_CASCADING_FAILURE,CASCADING_FAILURE,inventory-service,36.0,1785908438.6303635,c1b12153a4b04db0813e3b205cbb53ee,5fea1d61bc394a418a443511d7fa2c46,db.query.insert,WRITE,25.33,OK,user-db,v1.1.0,ff346c99a07843878b0dacb0cb6b3d47
live_ep_000003_CASCADING_FAILURE,CASCADING_FAILURE,inventory-service,36.5,1785908439.1305602,4f7490c078c943559f811f55ff4249f4,,GET /api/auth,,1668.32,OK,inventory-service,v1.1.0,d7c57559f2f941348d97c52cbcfa4b32
live_ep_000003_CASCADING_FAILURE,CASCADING_FAILURE,inventory-service,36.5,1785908439.1305602,c4dcc655f87245d7b0effeda70a8a5c2,4f7490c078c943559f811f55ff4249f4,db.transaction,WRITE,16.74,OK,user-db,v1.1.0,d7c57559f2f941348d97c52cbcfa4b32
live_ep_000003_CASCADING_FAILURE,CASCADING_FAILURE,inventory-service,36.5,1785908439.1305602,f9b57981e444457f92f1ac643ee61d92,4f7490c078c943559f811f55ff4249f4,cache.get,,3.53,OK,cache-cluster,v1.1.0,d7c57559f2f941348d97c52cbcfa4b32
live_ep_000003_CASCADING_FAILURE,CASCADING_FAILURE,inventory-service,37.0,1785908439.6309898,19ab1078ff854fdca52b629682f81c9b,,GET /api/health,,1202.12,OK,inventory-service,v1.1.0,459ae43709e0494580bc59ff76e5487f
live_ep_000003_CASCADING_FAILURE,CASCADING_FAILURE,inventory-service,37.0,1785908439.6309898,a8951c5ab76f416bb3ab03534d0aad19,19ab1078ff854fdca52b629682f81c9b,db.query.insert,READ,46.88,OK,user-db,v1.1.0,459ae43709e0494580bc59ff76e5487f
live_ep_000003_CASCADING_FAILURE,CASCADING_FAILURE,inventory-service,37.0,1785908439.6309898,67799a9d453d452aa48f46f75e5a2252,19ab1078ff854fdca52b629682f81c9b,grpc.call,,35.62,OK,inventory-api,v1.1.0,459ae43709e0494580bc59ff76e5487f
live_ep_000003_CASCADING_FAILURE,CASCADING_FAILURE,inventory-service,37.5,1785908440.1312714,077bb19f6b96413cb6d9efb729202ec1,,PUT /api/inventory,,1468.48,OK,inventory-service,v1.1.0,01b84690cf3848d8bd74ed0efd4ccee5
live_ep_000003_CASCADING_FAILURE,CASCADING_FAILURE,inventory-service,37.5,1785908440.1312714,a136150439fc4aa0b2bc5bbdaa39e8af,077bb19f6b96413cb6d9efb729202ec1,db.query.delete,WRITE,32.42,OK,user-db,v1.1.0,01b84690cf3848d8bd74ed0efd4ccee5
live_ep_000003_CASCADING_FAILURE,CASCADING_FAILURE,inventory-service,37.5,1785908440.1312714,2e6955eac939410f8efe08a0e87e8e09,077bb19f6b96413cb6d9efb729202ec1,cache.set,,0.84,OK,cache-cluster,v1.1.0,01b84690cf3848d8bd74ed0efd4ccee5
live_ep_000003_CASCADING_FAILURE,CASCADING_FAILURE,inventory-service,37.5,1785908440.1312714,04b19bac0dfa44b08779bc819fe39b7c,077bb19f6b96413cb6d9efb729202ec1,http.client.post,,31.7,OK,cache-cluster,v1.1.0,01b84690cf3848d8bd74ed0efd4ccee5
live_ep_000003_CASCADING_FAILURE,CASCADING_FAILURE,inventory-service,38.0,1785908440.6317813,ddfeacd3dfe247e2a9d95670ddd636e1,,POST /api/checkout,,1388.8,OK,inventory-service,v1.1.0,96d64f44f3174b56b4d9d8d656391130
live_ep_000003_CASCADING_FAILURE,CASCADING_FAILURE,inventory-service,38.0,1785908440.6317813,74b976385c404b68ac5f91317d67c389,ddfeacd3dfe247e2a9d95670ddd636e1,db.query.select,READ,30.09,ERROR,user-db,v1.1.0,96d64f44f3174b56b4d9d8d656391130
live_ep_000003_CASCADING_FAILURE,CASCADING_FAILURE,inventory-service,38.0,1785908440.6317813,49f72d5e7fb148a5a83fdf0585399d59,ddfeacd3dfe247e2a9d95670ddd636e1,db.query.select,READ,45.99,OK,user-db,v1.1.0,96d64f44f3174b56b4d9d8d656391130
live_ep_000003_CASCADING_FAILURE,CASCADING_FAILURE,inventory-service,38.0,1785908440.6317813,026de6b1e9eb49b184d7f4fde43e6283,ddfeacd3dfe247e2a9d95670ddd636e1,cache.set,,2.28,OK,cache-cluster,v1.1.0,96d64f44f3174b56b4d9d8d656391130
live_ep_000003_CASCADING_FAILURE,CASCADING_FAILURE,inventory-service,38.5,1785908441.1320863,ccd19f41df104321a53cd0e01f4fdeac,,GET /api/order,,1224.1,OK,inventory-service,v1.1.0,60f10b30adbe42a7aa736f35332d0d8d
live_ep_000003_CASCADING_FAILURE,CASCADING_FAILURE,inventory-service,38.5,1785908441.1320863,a94adcec074a4d95850ca5c703d6723a,ccd19f41df104321a53cd0e01f4fdeac,db.transaction,WRITE,34.87,OK,user-db,v1.1.0,60f10b30adbe42a7aa736f35332d0d8d
live_ep_000003_CASCADING_FAILURE,CASCADING_FAILURE,inventory-service,39.0,1785908441.6324484,eb670298350b4394adefdb9e9f3c5b31,,PUT /api/inventory,,1359.22,OK,inventory-service,v1.1.0,6520893c954d4da1827366a4e1354384
live_ep_000003_CASCADING_FAILURE,CASCADING_FAILURE,inventory-service,39.0,1785908441.6324484,10dae1b525844cbcb162b9614e4d0fc3,eb670298350b4394adefdb9e9f3c5b31,db.transaction,READ,49.25,OK,user-db,v1.1.0,6520893c954d4da1827366a4e1354384
live_ep_000003_CASCADING_FAILURE,CASCADING_FAILURE,inventory-service,39.5,1785908442.1330106,8ab3ab6f9c26485daf039fea17778362,,GET /api/order,,1470.65,OK,inventory-service,v1.1.0,95c0d8416fda4171a4e764a4806a44c0
live_ep_000003_CASCADING_FAILURE,CASCADING_FAILURE,inventory-service,39.5,1785908442.1330106,4fb056493a2240b99844478da4d1de37,8ab3ab6f9c26485daf039fea17778362,db.transaction,READ,12.96,OK,user-db,v1.1.0,95c0d8416fda4171a4e764a4806a44c0
live_ep_000003_CASCADING_FAILURE,CASCADING_FAILURE,inventory-service,39.5,1785908442.1330106,08f3026075434395941d75c4a755ce99,8ab3ab6f9c26485daf039fea17778362,db.transaction,WRITE,31.4,OK,user-db,v1.1.0,95c0d8416fda4171a4e764a4806a44c0
live_ep_000003_CASCADING_FAILURE,CASCADING_FAILURE,inventory-service,39.5,1785908442.1330106,69887a2bee454efd89a32e10febb211e,8ab3ab6f9c26485daf039fea17778362,http.client.get,,36.42,OK,inventory-api,v1.1.0,95c0d8416fda4171a4e764a4806a44c0
live_ep_000003_CASCADING_FAILURE,CASCADING_FAILURE,inventory-service,40.0,1785908442.63334,33820ff4f425465db6fdd579327fa65b,,PUT /api/inventory,,1513.89,OK,inventory-service,v1.1.0,5c2febf77be24411a47acbc1095e493d
live_ep_000003_CASCADING_FAILURE,CASCADING_FAILURE,inventory-service,40.0,1785908442.63334,f1140a3c10194dd59898c8440a20608a,33820ff4f425465db6fdd579327fa65b,db.query.delete,WRITE,62.15,OK,user-db,v1.1.0,5c2febf77be24411a47acbc1095e493d
live_ep_000003_CASCADING_FAILURE,CASCADING_FAILURE,inventory-service,40.0,1785908442.63334,a36221b7fbc441b9affdbfa7880cb58e,33820ff4f425465db6fdd579327fa65b,http.client.get,,1.92,OK,cache-cluster,v1.1.0,5c2febf77be24411a47acbc1095e493d
live_ep_000003_CASCADING_FAILURE,CASCADING_FAILURE,inventory-service,40.5,1785908443.1336648,f0cf8bb5ccad47f6aa60b97aa8965f3a,,POST /api/payment,,1510.86,OK,inventory-service,v1.1.0,bc5d02c2b9224897adfbc6c95bff69f5
live_ep_000003_CASCADING_FAILURE,CASCADING_FAILURE,inventory-service,40.5,1785908443.1336648,790b01d14e2b42a4ba607a912163cd35,f0cf8bb5ccad47f6aa60b97aa8965f3a,db.query.update,READ,29.67,OK,user-db,v1.1.0,bc5d02c2b9224897adfbc6c95bff69f5
live_ep_000003_CASCADING_FAILURE,CASCADING_FAILURE,inventory-service,40.5,1785908443.1336648,f5f656ee7dda4ccfb5f26e8136836f24,f0cf8bb5ccad47f6aa60b97aa8965f3a,db.query.select,READ,25.43,OK,user-db,v1.1.0,bc5d02c2b9224897adfbc6c95bff69f5
live_ep_000003_CASCADING_FAILURE,CASCADING_FAILURE,inventory-service,41.0,1785908443.6337078,26cb14df74d94013b45c89c01a913215,,GET /api/order,,1489.81,OK,inventory-service,v1.1.0,32ec6c0d75fd464ea5cdd71027d70b90
live_ep_000003_CASCADING_FAILURE,CASCADING_FAILURE,inventory-service,41.0,1785908443.6337078,7f8b0bf5f797421eb9627e570e303928,26cb14df74d94013b45c89c01a913215,db.transaction,WRITE,96.84,OK,user-db,v1.1.0,32ec6c0d75fd464ea5cdd71027d70b90
live_ep_000003_CASCADING_FAILURE,CASCADING_FAILURE,inventory-service,41.5,1785908444.1338913,7a43361a46be4ef996b1c30f56a16639,,POST /api/checkout,,1280.7,OK,inventory-service,v1.1.0,f156ad42fc3e4b14bfb8361be6c2e336
live_ep_000003_CASCADING_FAILURE,CASCADING_FAILURE,inventory-service,41.5,1785908444.1338913,28e5bbaf72aa41aa9f84f714ca3dba8d,7a43361a46be4ef996b1c30f56a16639,db.query.delete,READ,103.15,OK,user-db,v1.1.0,f156ad42fc3e4b14bfb8361be6c2e336
live_ep_000003_CASCADING_FAILURE,CASCADING_FAILURE,inventory-service,42.0,1785908444.6344733,9709f1a58fce4ab18e699e8c41ab9eac,,POST /api/payment,,1498.31,OK,inventory-service,v1.1.0,205d7f838c354861b291d6225df16c7a
live_ep_000003_CASCADING_FAILURE,CASCADING_FAILURE,inventory-service,42.0,1785908444.6344733,cbbb326b7f2944d0bfac82bef50e318a,9709f1a58fce4ab18e699e8c41ab9eac,db.query.update,READ,32.32,OK,user-db,v1.1.0,205d7f838c354861b291d6225df16c7a
live_ep_000003_CASCADING_FAILURE,CASCADING_FAILURE,inventory-service,42.0,1785908444.6344733,619c7122a60a471b813c8a2e4e46124e,9709f1a58fce4ab18e699e8c41ab9eac,cache.set,,2.44,OK,cache-cluster,v1.1.0,205d7f838c354861b291d6225df16c7a
live_ep_000003_CASCADING_FAILURE,CASCADING_FAILURE,inventory-service,42.5,1785908445.134932,c037f1c4999141a5b3f8532ae5e2b5fa,,POST /api/payment,,1575.28,OK,inventory-service,v1.1.0,b0acef82b6a24ce6987d2816c51e4e69
live_ep_000003_CASCADING_FAILURE,CASCADING_FAILURE,inventory-service,42.5,1785908445.134932,a8707a607c254f1c80424ba7cbbe7797,c037f1c4999141a5b3f8532ae5e2b5fa,db.query.insert,READ,43.66,ERROR,user-db,v1.1.0,b0acef82b6a24ce6987d2816c51e4e69
live_ep_000003_CASCADING_FAILURE,CASCADING_FAILURE,inventory-service,42.5,1785908445.134932,25822a4569824733bfb61aba3dc06163,c037f1c4999141a5b3f8532ae5e2b5fa,db.transaction,WRITE,37.57,OK,user-db,v1.1.0,b0acef82b6a24ce6987d2816c51e4e69
live_ep_000003_CASCADING_FAILURE,CASCADING_FAILURE,inventory-service,42.5,1785908445.134932,81082d96c0e5425abc69668d100bdf62,c037f1c4999141a5b3f8532ae5e2b5fa,cache.get,,0.87,OK,cache-cluster,v1.1.0,b0acef82b6a24ce6987d2816c51e4e69
live_ep_000003_CASCADING_FAILURE,CASCADING_FAILURE,inventory-service,42.5,1785908445.134932,0879f58d7217462b8262f00d1cad6115,c037f1c4999141a5b3f8532ae5e2b5fa,grpc.call,,24.13,OK,user-db,v1.1.0,b0acef82b6a24ce6987d2816c51e4e69
live_ep_000003_CASCADING_FAILURE,CASCADING_FAILURE,inventory-service,43.0,1785908445.6353915,38d0ac5c2046440985b8029487b82969,,GET /api/order,,1388.51,OK,inventory-service,v1.1.0,af01b42d57e24b42a4cf089af53cd822
live_ep_000003_CASCADING_FAILURE,CASCADING_FAILURE,inventory-service,43.0,1785908445.6353915,515e6398392443d8af90bcd0ec527088,38d0ac5c2046440985b8029487b82969,db.query.insert,WRITE,74.27,OK,user-db,v1.1.0,af01b42d57e24b42a4cf089af53cd822
live_ep_000003_CASCADING_FAILURE,CASCADING_FAILURE,inventory-service,43.5,1785908446.1357458,adb334d77d694f7eaa67182b189755d3,,POST /api/payment,,1445.99,OK,inventory-service,v1.1.0,55b1620cd0d64a0081e66214ec64de09
live_ep_000003_CASCADING_FAILURE,CASCADING_FAILURE,inventory-service,43.5,1785908446.1357458,bc0eb86bfb82443e893e9942573ec134,adb334d77d694f7eaa67182b189755d3,db.query.update,WRITE,68.78,OK,user-db,v1.1.0,55b1620cd0d64a0081e66214ec64de09
live_ep_000003_CASCADING_FAILURE,CASCADING_FAILURE,inventory-service,43.5,1785908446.1357458,8290af4cc90b4deea4d98cf17c76a882,adb334d77d694f7eaa67182b189755d3,cache.get,,2.08,OK,cache-cluster,v1.1.0,55b1620cd0d64a0081e66214ec64de09
