episode_id,failure_mode,service,elapsed_s,timestamp,span_id,parent_span_id,span_name,db_operation_type,span_duration_ms,span_status,peer_service,service_version,trace_id
live_ep_000009_QUEUE_BACKUP,QUEUE_BACKUP,auth-service,0.0,1785924014.912229,3d0366219317444199322b5887ed7298,,GET /api/health,,115.59,OK,auth-service,v2.0.1,dc0c13018e5748d2a8ecdc4c87f68cab
live_ep_000009_QUEUE_BACKUP,QUEUE_BACKUP,auth-service,0.0,1785924014.912229,57f0a8804c2f4ad59d155c8754975431,3d0366219317444199322b5887ed7298,db.query.insert,READ,23.54,OK,user-db,v2.0.1,dc0c13018e5748d2a8ecdc4c87f68cab
live_ep_000009_QUEUE_BACKUP,QUEUE_BACKUP,auth-service,0.0,1785924014.912229,f5b283a747cc48c6b72f3d23e1faaf2d,3d0366219317444199322b5887ed7298,db.query.update,READ,31.93,OK,user-db,v2.0.1,dc0c13018e5748d2a8ecdc4c87f68cab
live_ep_000009_QUEUE_BACKUP,QUEUE_BACKUP,auth-service,0.0,1785924014.912229,92f7756977a945cd8a698db63263b27d,3d0366219317444199322b5887ed7298,cache.delete,,2.91,OK,cache-cluster,v2.0.1,dc0c13018e5748d2a8ecdc4c87f68cab
live_ep_000009_QUEUE_BACKUP,QUEUE_BACKUP,auth-service,0.5,1785924015.4126217,708f01100df54b029f689fbc68efdeef,,GET /api/auth,,132.94,OK,auth-service,v2.0.1,a52280b4e69d4cea9313eb1dbc9a3842
live_ep_000009_QUEUE_BACKUP,QUEUE_BACKUP,auth-service,0.5,1785924015.4126217,98fab3a0651d41c5920ae85f50a1da69,708f01100df54b029f689fbc68efdeef,db.query.delete,WRITE,17.8,OK,user-db,v2.0.1,a52280b4e69d4cea9313eb1dbc9a3842
live_ep_000009_QUEUE_BACKUP,QUEUE_BACKUP,auth-service,0.5,1785924015.4126217,378a705b8fe147928f3dd260d67bc2dd,708f01100df54b029f689fbc68efdeef,cache.delete,,4.16,OK,cache-cluster,v2.0.1,a52280b4e69d4cea9313eb1dbc9a3842
live_ep_000009_QUEUE_BACKUP,QUEUE_BACKUP,auth-service,0.5,1785924015.4126217,8de51c73bc80491e9568078d9d89c63b,708f01100df54b029f689fbc68efdeef,http.client.get,,40.62,OK,payment-gateway,v2.0.1,a52280b4e69d4cea9313eb1dbc9a3842
live_ep_000009_QUEUE_BACKUP,QUEUE_BACKUP,auth-service,1.0,1785924015.912745,7a512d1e1e0f4f10962c9fa08df7f265,,GET /api/health,,138.02,OK,auth-service,v2.0.1,dfab2ccba3714efca6666bf78d30c1a7
live_ep_000009_QUEUE_BACKUP,QUEUE_BACKUP,auth-service,1.0,1785924015.912745,0cbaad2b74ab41468c838900e75cac85,7a512d1e1e0f4f10962c9fa08df7f265,db.transaction,READ,30.03,OK,user-db,v2.0.1,dfab2ccba3714efca6666bf78d30c1a7
live_ep_000009_QUEUE_BACKUP,QUEUE_BACKUP,auth-service,1.0,1785924015.912745,4ad594575f174379806aea9738e2ff63,7a512d1e1e0f4f10962c9fa08df7f265,db.query.update,WRITE,27.4,OK,user-db,v2.0.1,dfab2ccba3714efca6666bf78d30c1a7
live_ep_000009_QUEUE_BACKUP,QUEUE_BACKUP,auth-service,1.0,1785924015.912745,d2e24ef870be4b7486d3972da10c4aa7,7a512d1e1e0f4f10962c9fa08df7f265,cache.get,,3.37,OK,cache-cluster,v2.0.1,dfab2ccba3714efca6666bf78d30c1a7
live_ep_000009_QUEUE_BACKUP,QUEUE_BACKUP,auth-service,1.5,1785924016.4131968,9d43d5dfa2e240f18b138c2244b16e15,,GET /api/order,,87.92,OK,auth-service,v2.0.1,5ff9830a6bdb433c8e09a86335dd6137
live_ep_000009_QUEUE_BACKUP,QUEUE_BACKUP,auth-service,1.5,1785924016.4131968,f8e7ef2769584693b77759d46cf4ce80,9d43d5dfa2e240f18b138c2244b16e15,db.transaction,READ,42.22,OK,user-db,v2.0.1,5ff9830a6bdb433c8e09a86335dd6137
live_ep_000009_QUEUE_BACKUP,QUEUE_BACKUP,auth-service,1.5,1785924016.4131968,d86d67f58c71430b94d363964e925253,9d43d5dfa2e240f18b138c2244b16e15,db.query.delete,READ,33.77,OK,user-db,v2.0.1,5ff9830a6bdb433c8e09a86335dd6137
live_ep_000009_QUEUE_BACKUP,QUEUE_BACKUP,auth-service,1.5,1785924016.4131968,f1edf40b322440d3964ac6211f82037c,9d43d5dfa2e240f18b138c2244b16e15,cache.set,,2.8,OK,cache-cluster,v2.0.1,5ff9830a6bdb433c8e09a86335dd6137
live_ep_000009_QUEUE_BACKUP,QUEUE_BACKUP,auth-service,1.5,1785924016.4131968,163548af8eb54657b1262cc61d0ee184,9d43d5dfa2e240f18b138c2244b16e15,grpc.call,,15.56,OK,cache-cluster,v2.0.1,5ff9830a6bdb433c8e09a86335dd6137
live_ep_000009_QUEUE_BACKUP,QUEUE_BACKUP,auth-service,2.0,1785924016.9148204,29ba7ade1917420f99460031e32d0272,,POST /api/checkout,,110.32,OK,auth-service,v2.0.1,7977e8e0fc0a4c16b1d48c24a7db3b74
live_ep_000009_QUEUE_BACKUP,QUEUE_BACKUP,auth-service,2.0,1785924016.9148204,ad813183c5be494084ead0ee013a2da0,29ba7ade1917420f99460031e32d0272,db.query.delete,WRITE,29.18,OK,user-db,v2.0.1,7977e8e0fc0a4c16b1d48c24a7db3b74
live_ep_000009_QUEUE_BACKUP,QUEUE_BACKUP,auth-service,2.0,1785924016.9148204,f940fadf5b6f4c6f9468563406d645a3,29ba7ade1917420f99460031e32d0272,db.query.update,READ,19.76,OK,user-db,v2.0.1,7977e8e0fc0a4c16b1d48c24a7db3b74
live_ep_000009_QUEUE_BACKUP,QUEUE_BACKUP,auth-service,2.0,1785924016.9148204,5fda6fd630094056a546a6a6ccf5322f,29ba7ade1917420f99460031e32d0272,cache.set,,2.32,OK,cache-cluster,v2.0.1,7977e8e0fc0a4c16b1d48c24a7db3b74
live_ep_000009_QUEUE_BACKUP,QUEUE_BACKUP,auth-service,2.5,1785924017.4152877,963df96529d44c64b74898faf2d759c7,,GET /api/auth,,110.73,OK,auth-service,v2.0.1,54da878e201f491fa1ca01582912dc17
live_ep_000009_QUEUE_BACKUP,QUEUE_BACKUP,auth-service,2.5,1785924017.4152877,acc5032278fe4ea19bd5334e8d82c97b,963df96529d44c64b74898faf2d759c7,db.query.delete,WRITE,13.25,OK,user-db,v2.0.1,54da878e201f491fa1ca01582912dc17
live_ep_000009_QUEUE_BACKUP,QUEUE_BACKUP,auth-service,2.5,1785924017.4152877,ef5f46eccd8042d4bde9d5bbc1ffa3ef,963df96529d44c64b74898faf2d759c7,db.query.select,WRITE,21.11,OK,user-db,v2.0.1,54da878e201f491fa1ca01582912dc17
live_ep_000009_QUEUE_BACKUP,QUEUE_BACKUP,auth-service,2.5,1785924017.4152877,22b77c82a73c430c9d11158b88e436e8,963df96529d44c64b74898faf2d759c7,http.client.get,,21.36,OK,payment-gateway,v2.0.1,54da878e201f491fa1ca01582912dc17
live_ep_000009_QUEUE_BACKUP,QUEUE_BACKUP,auth-service,3.0,1785924017.9155858,de045f156e974fa483b0a9cdac578086,,POST /api/checkout,,174.87,OK,auth-service,v2.0.1,409d65ef3d224735ba608947658160bc
live_ep_000009_QUEUE_BACKUP,QUEUE_BACKUP,auth-service,3.0,1785924017.9155858,ba17346c9257429ead19c0f2de0553cd,de045f156e974fa483b0a9cdac578086,db.query.update,WRITE,30.53,OK,user-db,v2.0.1,409d65ef3d224735ba608947658160bc
live_ep_000009_QUEUE_BACKUP,QUEUE_BACKUP,auth-service,3.5,1785924018.4159095,ba7a855172634cb39be98821ba1b12fd,,GET /api/order,,144.5,OK,auth-service,v2.0.1,dbebddc59879426a959cfc4367223786
live_ep_000009_QUEUE_BACKUP,QUEUE_BACKUP,auth-service,3.5,1785924018.4159095,91162a2b109b4b7b82c1de9f0caa8016,ba7a855172634cb39be98821ba1b12fd,db.transaction,READ,19.73,OK,user-db,v2.0.1,dbebddc59879426a959cfc4367223786
live_ep_000009_QUEUE_BACKUP,QUEUE_BACKUP,auth-service,3.5,1785924018.4159095,74821d4260024064a6f91fb3934261b1,ba7a855172634cb39be98821ba1b12fd,db.query.select,READ,10.93,OK,user-db,v2.0.1,dbebddc59879426a959cfc4367223786
live_ep_000009_QUEUE_BACKUP,QUEUE_BACKUP,auth-service,3.5,1785924018.4159095,434b955384c941f4a1baf2f93204f372,ba7a855172634cb39be98821ba1b12fd,cache.get,,1.94,OK,cache-cluster,v2.0.1,dbebddc59879426a959cfc4367223786
live_ep_000009_QUEUE_BACKUP,QUEUE_BACKUP,auth-service,4.0,1785924018.9161205,f4eb0b756c6d411fbfcbebac3e3c14aa,,PUT /api/inventory,,104.75,OK,auth-service,v2.0.1,114638b2450b453c97ac9dc1ad51bcbf
live_ep_000009_QUEUE_BACKUP,QUEUE_BACKUP,auth-service,4.0,1785924018.9161205,e6cb88650899485799a68b8910c6e043,f4eb0b756c6d411fbfcbebac3e3c14aa,db.query.delete,WRITE,20.55,OK,user-db,v2.0.1,114638b2450b453c97ac9dc1ad51bcbf
live_ep_000009_QUEUE_BACKUP,QUEUE_BACKUP,auth-service,4.0,1785924018.9161205,611953d7527e4289b385cde6bfe8d62e,f4eb0b756c6d411fbfcbebac3e3c14aa,db.transaction,WRITE,32.32,OK,user-db,v2.0.1,114638b2450b453c97ac9dc1ad51bcbf
live_ep_000009_QUEUE_BACKUP,QUEUE_BACKUP,auth-service,4.5,1785924019.4168644,5acde713b2d544d0b6c89ca673336649,,POST /api/checkout,,120.89,OK,auth-service,v2.0.1,5137e5eaffe64883b9676dc98b7d610c
live_ep_000009_QUEUE_BACKUP,QUEUE_BACKUP,auth-service,4.5,1785924019.4168644,2c5506bc8e194697a05e2c1e6e472ae4,5acde713b2d544d0b6c89ca673336649,db.query.delete,WRITE,7.64,OK,user-db,v2.0.1,5137e5eaffe64883b9676dc98b7d610c
live_ep_000009_QUEUE_BACKUP,QUEUE_BACKUP,auth-service,4.5,1785924019.4168644,60ead447842c4ba4a1a78838b35dcd7a,5acde713b2d544d0b6c89ca673336649,cache.set,,1.84,OK,cache-cluster,v2.0.1,5137e5eaffe64883b9676dc98b7d610c
live_ep_000009_QUEUE_BACKUP,QUEUE_BACKUP,auth-service,5.0,1785924019.9173183,e2d3745f0185483a85b709f7d8f3aea6,,GET /api/auth,,131.1,OK,auth-service,v2.0.1,bffdd2d17d6e4c04a2f3ec74a449f08c
live_ep_000009_QUEUE_BACKUP,QUEUE_BACKUP,auth-service,5.0,1785924019.9173183,6920b6ba317342659bd3eaf580985c28,e2d3745f0185483a85b709f7d8f3aea6,db.query.insert,WRITE,11.53,OK,user-db,v2.0.1,bffdd2d17d6e4c04a2f3ec74a449f08c
live_ep_000009_QUEUE_BACKUP,QUEUE_BACKUP,auth-service,5.0,1785924019.9173183,0baa35a996434138a0b7d8aca9477800,e2d3745f0185483a85b709f7d8f3aea6,cache.set,,2.21,OK,cache-cluster,v2.0.1,bffdd2d17d6e4c04a2f3ec74a449f08c
live_ep_000009_QUEUE_BACKUP,QUEUE_BACKUP,auth-service,5.5,1785924020.4177985,c7b644e1e7924d4a88021b3864c362e7,,GET /api/health,,149.6,OK,auth-service,v2.0.1,2bb83cd07cd34dd8b1aef88da2e623f2
live_ep_000009_QUEUE_BACKUP,QUEUE_BACKUP,auth-service,5.5,1785924020.4177985,0d6f0c33a85543ac9db1f2492a0f0fe5,c7b644e1e7924d4a88021b3864c362e7,db.query.delete,WRITE,16.65,OK,user-db,v2.0.1,2bb83cd07cd34dd8b1aef88da2e623f2
live_ep_000009_QUEUE_BACKUP,QUEUE_BACKUP,auth-service,5.5,1785924020.4177985,e2533dc2a90d4e08b49e031de1c26de0,c7b644e1e7924d4a88021b3864c362e7,cache.delete,,1.96,OK,cache-cluster,v2.0.1,2bb83cd07cd34dd8b1aef88da2e623f2
live_ep_000009_QUEUE_BACKUP,QUEUE_BACKUP,auth-service,6.0,1785924020.9180741,68f022fcc9c04f21ac7261c65d63cde1,,PUT /api/inventory,,151.5,OK,auth-service,v2.0.1,1c3dfe4331454702a63928b979fc4f8c
live_ep_000009_QUEUE_BACKUP,QUEUE_BACKUP,auth-service,6.0,1785924020.9180741,6e9e33bb4c314d90b9fedfb0e747498b,68f022fcc9c04f21ac7261c65d63cde1,db.transaction,READ,26.36,OK,user-db,v2.0.1,1c3dfe4331454702a63928b979fc4f8c
live_ep_000009_QUEUE_BACKUP,QUEUE_BACKUP,auth-service,6.0,1785924020.9180741,837596e99e2b47eab9785d1daa47afe7,68f022fcc9c04f21ac7261c65d63cde1,cache.set,,2.19,OK,cache-cluster,v2.0.1,1c3dfe4331454702a63928b979fc4f8c
live_ep_000009_QUEUE_BACKUP,QUEUE_BACKUP,auth-service,6.5,1785924021.4185758,9d485ed575044c8b917c95c4f06e7ef8,,GET /api/auth,,141.59,OK,auth-service,v2.0.1,96262001097347a9b6236c456be78c5e
live_ep_000009_QUEUE_BACKUP,QUEUE_BACKUP,auth-service,6.5,1785924021.4185758,c82fc928f73b4517a8fa3f2df2ff491f,9d485ed575044c8b917c95c4f06e7ef8,db.query.select,READ,9.98,OK,user-db,v2.0.1,96262001097347a9b6236c456be78c5e
live_ep_000009_QUEUE_BACKUP,QUEUE_BACKUP,auth-service,6.5,1785924021.4185758,f52a966101a04f31bd7880f5ba5f2774,9d485ed575044c8b917c95c4f06e7ef8,cache.delete,,1.97,OK,cache-cluster,v2.0.1,96262001097347a9b6236c456be78c5e
live_ep_000009_QUEUE_BACKUP,QUEUE_BACKUP,auth-service,7.0,1785924021.9188912,c5b85ea2d5874ace864e7871cfecf24e,,POST /api/payment,,95.74,OK,auth-service,v2.0.1,70af83301062473180729ca0e5b69119
live_ep_000009_QUEUE_BACKUP,QUEUE_BACKUP,auth-service,7.0,1785924021.9188912,b8c53e9f4cc440bc8d6b68f60abaf480,c5b85ea2d5874ace864e7871cfecf24e,db.transaction,READ,18.53,OK,user-db,v2.0.1,70af83301062473180729ca0e5b69119
live_ep_000009_QUEUE_BACKUP,QUEUE_BACKUP,auth-service,7.0,1785924021.9188912,45abe874c1d84ff687ddee8b6d181698,c5b85ea2d5874ace864e7871cfecf24e,db.query.select,WRITE,7.86,OK,user-db,v2.0.1,70af83301062473180729ca0e5b69119
live_ep_000009_QUEUE_BACKUP,QUEUE_BACKUP,auth-service,7.0,1785924021.9188912,faba1bdef5db40c3999cb9ff5b1b2f64,c5b85ea2d5874ace864e7871cfecf24e,cache.delete,,78.44,OK,cache-cluster,v2.0.1,70af83301062473180729ca0e5b69119
live_ep_000009_QUEUE_BACKUP,QUEUE_BACKUP,auth-service,7.5,1785924022.4192326,5944b91302154c92a61421bc1852aa88,,POST /api/payment,,127.86,OK,auth-service,v2.0.1,2e796d0d7f854f16a6124a305ce41bfa
live_ep_000009_QUEUE_BACKUP,QUEUE_BACKUP,auth-service,7.5,1785924022.4192326,fe07600f64514843a60a09369b013eb4,5944b91302154c92a61421bc1852aa88,db.transaction,WRITE,12.75,OK,user-db,v2.0.1,2e796d0d7f854f16a6124a305ce41bfa
live_ep_000009_QUEUE_BACKUP,QUEUE_BACKUP,auth-service,7.5,1785924022.4192326,dbb26d9f303d46ff90ba7caaad229c22,5944b91302154c92a61421bc1852aa88,cache.set,,0.84,OK,cache-cluster,v2.0.1,2e796d0d7f854f16a6124a305ce41bfa
live_ep_000009_QUEUE_BACKUP,QUEUE_BACKUP,auth-service,8.0,1785924022.919382,a3848eb75640484bba115033cd18d6ca,,GET /api/auth,,96.29,OK,auth-service,v2.0.1,b91f2d9c3c4f406b91c03d76be5d140a
live_ep_000009_QUEUE_BACKUP,QUEUE_BACKUP,auth-service,8.0,1785924022.919382,e668a605d474429c91b8906c0b8b1002,a3848eb75640484bba115033cd18d6ca,db.query.select,READ,37.97,OK,user-db,v2.0.1,b91f2d9c3c4f406b91c03d76be5d140a
live_ep_000009_QUEUE_BACKUP,QUEUE_BACKUP,auth-service,8.0,1785924022.919382,00d025daee7347149c694cc2ede45edc,a3848eb75640484bba115033cd18d6ca,cache.delete,,2.76,OK,cache-cluster,v2.0.1,b91f2d9c3c4f406b91c03d76be5d140a
live_ep_000009_QUEUE_BACKUP,QUEUE_BACKUP,auth-service,8.0,1785924022.919382,69671e0025f543fda37c2fbf2e5823db,a3848eb75640484bba115033cd18d6ca,grpc.call,,28.67,OK,user-db,v2.0.1,b91f2d9c3c4f406b91c03d76be5d140a
live_ep_000009_QUEUE_BACKUP,QUEUE_BACKUP,auth-service,8.5,1785924023.4199374,2391cf0e74134522a1b0e46b6282c121,,PUT /api/inventory,,136.38,OK,auth-service,v2.0.1,d46c725512264995b757ee833f8f1abd
live_ep_000009_QUEUE_BACKUP,QUEUE_BACKUP,auth-service,8.5,1785924023.4199374,60edd39216434ceea585cf16af2e92ef,2391cf0e74134522a1b0e46b6282c121,db.transaction,READ,15.15,OK,user-db,v2.0.1,d46c725512264995b757ee833f8f1abd
live_ep_000009_QUEUE_BACKUP,QUEUE_BACKUP,auth-service,8.5,1785924023.4199374,8f8888eaf8084333b0dd2df13d3d6696,2391cf0e74134522a1b0e46b6282c121,cache.set,,2.45,OK,cache-cluster,v2.0.1,d46c725512264995b757ee833f8f1abd
live_ep_000009_QUEUE_BACKUP,QUEUE_BACKUP,auth-service,9.0,1785924023.92031,ccb4f007d0e74049a339d16d65ca9229,,GET /api/health,,88.41,OK,auth-service,v2.0.1,dd245df09ba64e0495b0172362c3ae68
live_ep_000009_QUEUE_BACKUP,QUEUE_BACKUP,auth-service,9.0,1785924023.92031,5fa615896150493098c4acd7cc57f727,ccb4f007d0e74049a339d16d65ca9229,db.query.insert,READ,30.57,OK,user-db,v2.0.1,dd245df09ba64e0495b0172362c3ae68
live_ep_000009_QUEUE_BACKUP,QUEUE_BACKUP,auth-service,9.0,1785924023.92031,645854d1efcf401bbbc7bc236046d7d9,ccb4f007d0e74049a339d16d65ca9229,cache.set,,21.42,OK,cache-cluster,v2.0.1,dd245df09ba64e0495b0172362c3ae68
live_ep_000009_QUEUE_BACKUP,QUEUE_BACKUP,auth-service,9.0,1785924023.92031,ff4350ab49a2486e9c0e7ca274855cb2,ccb4f007d0e74049a339d16d65ca9229,grpc.call,,36.12,OK,payment-gateway,v2.0.1,dd245df09ba64e0495b0172362c3ae68
live_ep_000009_QUEUE_BACKUP,QUEUE_BACKUP,auth-service,9.5,1785924024.4213917,f2b15ca61cab4f4d9b58528944bd46dd,,GET /api/auth,,159.46,OK,auth-service,v2.0.1,670ae1181ab548deacbe1f4dc632d89c
live_ep_000009_QUEUE_BACKUP,QUEUE_BACKUP,auth-service,9.5,1785924024.4213917,a8885e7a86f04afa9657f82b7d67f432,f2b15ca61cab4f4d9b58528944bd46dd,db.query.delete,WRITE,22.44,OK,user-db,v2.0.1,670ae1181ab548deacbe1f4dc632d89c
live_ep_000009_QUEUE_BACKUP,QUEUE_BACKUP,auth-service,9.5,1785924024.4213917,d230101989184321821723c906b32668,f2b15ca61cab4f4d9b58528944bd46dd,cache.get,,2.18,OK,cache-cluster,v2.0.1,670ae1181ab548deacbe1f4dc632d89c
live_ep_000009_QUEUE_BACKUP,QUEUE_BACKUP,auth-service,9.5,1785924024.4213917,7062f54620c74192a8ad47eae5998a28,f2b15ca61cab4f4d9b58528944bd46dd,http.client.get,,24.27,OK,payment-gateway,v2.0.1,670ae1181ab548deacbe1f4dc632d89c
live_ep_000009_QUEUE_BACKUP,QUEUE_BACKUP,auth-service,10.0,1785924024.9217167,b42eb065f66d411d9ec3b8369bab4fb8,,GET /api/order,,127.86,OK,auth-service,v2.0.1,88919d46c9aa46a1adb3eec86d9ee25e
live_ep_000009_QUEUE_BACKUP,QUEUE_BACKUP,auth-service,10.0,1785924024.9217167,6e9c826918584070958d160efb75368b,b42eb065f66d411d9ec3b8369bab4fb8,db.query.select,READ,9.16,OK,user-db,v2.0.1,88919d46c9aa46a1adb3eec86d9ee25e
live_ep_000009_QUEUE_BACKUP,QUEUE_BACKUP,auth-service,10.0,1785924024.9217167,ac7c8d5b36864de898bd461071b1a69c,b42eb065f66d411d9ec3b8369bab4fb8,db.query.select,READ,21.29,OK,user-db,v2.0.1,88919d46c9aa46a1adb3eec86d9ee25e
live_ep_000009_QUEUE_BACKUP,QUEUE_BACKUP,auth-service,10.0,1785924024.9217167,f1a7d5262b0d4939a0e2edf4a9cf047c,b42eb065f66d411d9ec3b8369bab4fb8,cache.get,,2.94,OK,cache-cluster,v2.0.1,88919d46c9aa46a1adb3eec86d9ee25e
live_ep_000009_QUEUE_BACKUP,QUEUE_BACKUP,auth-service,10.5,1785924025.4218023,04945c1720ff41d28989b3fc7d070c2f,,GET /api/health,,148.01,OK,auth-service,v2.0.1,81d613fa64d147f6bfd64e9350bc8937
live_ep_000009_QUEUE_BACKUP,QUEUE_BACKUP,auth-service,10.5,1785924025.4218023,fa0190e2a8474e38810957a7087318e0,04945c1720ff41d28989b3fc7d070c2f,db.transaction,READ,41.27,OK,user-db,v2.0.1,81d613fa64d147f6bfd64e9350bc8937
live_ep_000009_QUEUE_BACKUP,QUEUE_BACKUP,auth-service,10.5,1785924025.4218023,6b95b3b307c2486487e7ebc142369dfd,04945c1720ff41d28989b3fc7d070c2f,db.query.delete,WRITE,34.18,OK,user-db,v2.0.1,81d613fa64d147f6bfd64e9350bc8937
live_ep_000009_QUEUE_BACKUP,QUEUE_BACKUP,auth-service,10.5,1785924025.4218023,e1011332b64947789ef32f99e2789d93,04945c1720ff41d28989b3fc7d070c2f,cache.delete,,4.04,OK,cache-cluster,v2.0.1,81d613fa64d147f6bfd64e9350bc8937
live_ep_000009_QUEUE_BACKUP,QUEUE_BACKUP,auth-service,10.5,1785924025.4218023,19e610a3ab594fbbba32e3752d60870d,04945c1720ff41d28989b3fc7d070c2f,http.client.post,,25.71,OK,inventory-api,v2.0.1,81d613fa64d147f6bfd64e9350bc8937
live_ep_000009_QUEUE_BACKUP,QUEUE_BACKUP,auth-service,11.0,1785924025.9221802,62897b78eab4439ca0afadb0278dce9c,,GET /api/health,,141.77,OK,auth-service,v2.0.1,89ae00c3fe83481b83862d03199ec070
live_ep_000009_QUEUE_BACKUP,QUEUE_BACKUP,auth-service,11.0,1785924025.9221802,e7c072c979d74dc5abdbf061e4590984,62897b78eab4439ca0afadb0278dce9c,db.query.select,WRITE,19.92,OK,user-db,v2.0.1,89ae00c3fe83481b83862d03199ec070
live_ep_000009_QUEUE_BACKUP,QUEUE_BACKUP,auth-service,11.0,1785924025.9221802,81a81d91de204e6c848d5be24d319945,62897b78eab4439ca0afadb0278dce9c,cache.get,,2.07,OK,cache-cluster,v2.0.1,89ae00c3fe83481b83862d03199ec070
live_ep_000009_QUEUE_BACKUP,QUEUE_BACKUP,auth-service,11.0,1785924025.9221802,3910cbd1cb2145fdbeedc7aed7687b6b,62897b78eab4439ca0afadb0278dce9c,http.client.post,,30.21,OK,user-db,v2.0.1,89ae00c3fe83481b83862d03199ec070
live_ep_000009_QUEUE_BACKUP,QUEUE_BACKUP,auth-service,11.5,1785924026.42235,d35a1200b990430f81fbc348c0311337,,POST /api/checkout,,141.07,OK,auth-service,v2.0.1,4b628c74227348b3a67c5c01f89a8711
live_ep_000009_QUEUE_BACKUP,QUEUE_BACKUP,auth-service,11.5,1785924026.42235,6e97abadc43441599064d058078f4c6c,d35a1200b990430f81fbc348c0311337,db.query.update,WRITE,1.36,OK,user-db,v2.0.1,4b628c74227348b3a67c5c01f89a8711
live_ep_000009_QUEUE_BACKUP,QUEUE_BACKUP,auth-service,11.5,1785924026.42235,1fea8a659c0e4e37b2600228898945ec,d35a1200b990430f81fbc348c0311337,db.query.insert,READ,14.65,OK,user-db,v2.0.1,4b628c74227348b3a67c5c01f89a8711
live_ep_000009_QUEUE_BACKUP,QUEUE_BACKUP,auth-service,11.5,1785924026.42235,c445dd5cbe5843a0b07b8699be4b1e17,d35a1200b990430f81fbc348c0311337,cache.set,,54.53,OK,cache-cluster,v2.0.1,4b628c74227348b3a67c5c01f89a8711
live_ep_000009_QUEUE_BACKUP,QUEUE_BACKUP,auth-service,11.5,1785924026.42235,6453b5615d05499cb73a7c0bb93d6792,d35a1200b990430f81fbc348c0311337,grpc.call,,29.7,OK,payment-gateway,v2.0.1,4b628c74227348b3a67c5c01f89a8711
live_ep_000009_QUEUE_BACKUP,QUEUE_BACKUP,auth-service,12.0,1785924026.9229426,c63ca14398104ff687b157a5ca0a22ee,,GET /api/order,,160.16,OK,auth-service,v2.0.1,d6624fa39033413397ed962671c966cb
live_ep_000009_QUEUE_BACKUP,QUEUE_BACKUP,auth-service,12.0,1785924026.9229426,b36752d9ba024648b2b534b742716d64,c63ca14398104ff687b157a5ca0a22ee,db.transaction,WRITE,10.35,OK,user-db,v2.0.1,d6624fa39033413397ed962671c966cb
live_ep_000009_QUEUE_BACKUP,QUEUE_BACKUP,auth-service,12.0,1785924026.9229426,359d0c221b3045cfab8abcd353c682b3,c63ca14398104ff687b157a5ca0a22ee,cache.get,,2.03,OK,cache-cluster,v2.0.1,d6624fa39033413397ed962671c966cb
live_ep_000009_QUEUE_BACKUP,QUEUE_BACKUP,auth-service,12.5,1785924027.4230154,e8540ef8553547d68af1af8909c04d3e,,GET /api/auth,,150.15,OK,auth-service,v2.0.1,3d6a0fbf57e94b0a9a274cdad30fed98
live_ep_000009_QUEUE_BACKUP,QUEUE_BACKUP,auth-service,12.5,1785924027.4230154,7bd6e6bea77848e98a0b769966797880,e8540ef8553547d68af1af8909c04d3e,db.query.select,READ,30.36,OK,user-db,v2.0.1,3d6a0fbf57e94b0a9a274cdad30fed98
live_ep_000009_QUEUE_BACKUP,QUEUE_BACKUP,auth-service,12.5,1785924027.4230154,a4828f5201c44904b16b186c35b0d817,e8540ef8553547d68af1af8909c04d3e,db.query.delete,READ,9.72,OK,user-db,v2.0.1,3d6a0fbf57e94b0a9a274cdad30fed98
live_ep_000009_QUEUE_BACKUP,QUEUE_BACKUP,auth-service,13.0,1785924027.9235363,95e576b5635d45cbadd7f9b4a4d5e8d2,,GET /api/order,,140.49,OK,auth-service,v2.0.1,c8dfeeceab274779ae153fb6b1a4cf33
live_ep_000009_QUEUE_BACKUP,QUEUE_BACKUP,auth-service,13.0,1785924027.9235363,794be7ae27fa42c7a7f20d645679b9bd,95e576b5635d45cbadd7f9b4a4d5e8d2,db.query.select,READ,14.9,OK,user-db,v2.0.1,c8dfeeceab274779ae153fb6b1a4cf33
live_ep_000009_QUEUE_BACKUP,QUEUE_BACKUP,auth-service,13.0,1785924027.9235363,42b149304fce49179abbb2f21f700337,95e576b5635d45cbadd7f9b4a4d5e8d2,db.query.select,READ,11.1,OK,user-db,v2.0.1,c8dfeeceab274779ae153fb6b1a4cf33
live_ep_000009_QUEUE_BACKUP,QUEUE_BACKUP,auth-service,13.5,1785924028.42405,86b70097cc8040e1b3be7bed5f176b3e,,GET /api/order,,152.73,OK,auth-service,v2.0.1,40598ef550f84447bd24f33e81262e0d
live_ep_000009_QUEUE_BACKUP,QUEUE_BACKUP,auth-service,13.5,1785924028.42405,2e8c4ca2141c4354aeb823961d66faa0,86b70097cc8040e1b3be7bed5f176b3e,db.query.select,READ,8.98,OK,user-db,v2.0.1,40598ef550f84447bd24f33e81262e0d
live_ep_000009_QUEUE_BACKUP,QUEUE_BACKUP,auth-service,13.5,1785924028.42405,49da7162f8724a7bb6cf6fabed0411b3,86b70097cc8040e1b3be7bed5f176b3e,db.query.select,WRITE,18.21,OK,user-db,v2.0.1,40598ef550f84447bd24f33e81262e0d
live_ep_000009_QUEUE_BACKUP,QUEUE_BACKUP,auth-service,14.0,1785924028.924736,aa192fa5917f402097617b6279b011a4,,GET /api/order,,124.53,OK,auth-service,v2.0.1,c7a44de0e7ad481b916cdd3a67b98cb0
live_ep_000009_QUEUE_BACKUP,QUEUE_BACKUP,auth-service,14.0,1785924028.924736,e928d95c939b4552b31872967cd547b1,aa192fa5917f402097617b6279b011a4,db.query.delete,READ,17.32,OK,user-db,v2.0.1,c7a44de0e7ad481b916cdd3a67b98cb0
live_ep_000009_QUEUE_BACKUP,QUEUE_BACKUP,auth-service,14.0,1785924028.924736,e3817cdc46514c52a4336a3c29e32eaf,aa192fa5917f402097617b6279b011a4,db.query.update,WRITE,15.64,OK,user-db,v2.0.1,c7a44de0e7ad481b916cdd3a67b98cb0
live_ep_000009_QUEUE_BACKUP,QUEUE_BACKUP,auth-service,14.0,1785924028.924736,4fa0b1f6a2ac432c9ab9bb5015dbac3a,aa192fa5917f402097617b6279b011a4,cache.set,,1.4,OK,cache-cluster,v2.0.1,c7a44de0e7ad481b916cdd3a67b98cb0
live_ep_000009_QUEUE_BACKUP,QUEUE_BACKUP,auth-service,14.0,1785924028.924736,5faf8c798a8b464c972b00812575cce6,aa192fa5917f402097617b6279b011a4,http.client.get,,24.83,OK,cache-cluster,v2.0.1,c7a44de0e7ad481b916cdd3a67b98cb0
live_ep_000009_QUEUE_BACKUP,QUEUE_BACKUP,auth-service,14.5,1785924029.425155,5ce3ec519f0b4732b52eac72bc0466f5,,POST /api/payment,,168.92,OK,auth-service,v2.0.1,9cb3191d75a34230bb8138daa9dfa7e2
live_ep_000009_QUEUE_BACKUP,QUEUE_BACKUP,auth-service,14.5,1785924029.425155,421dc4a32c4a420888fdcd554d0bd97d,5ce3ec519f0b4732b52eac72bc0466f5,db.query.update,READ,23.94,OK,user-db,v2.0.1,9cb3191d75a34230bb8138daa9dfa7e2
live_ep_000009_QUEUE_BACKUP,QUEUE_BACKUP,auth-service,14.5,1785924029.425155,f29e06780de6412a87ae2c58c902e118,5ce3ec519f0b4732b52eac72bc0466f5,db.query.update,READ,35.8,OK,user-db,v2.0.1,9cb3191d75a34230bb8138daa9dfa7e2
live_ep_000009_QUEUE_BACKUP,QUEUE_BACKUP,auth-service,14.5,1785924029.425155,b019137ca44a48a2a3f3c6d06d34bf95,5ce3ec519f0b4732b52eac72bc0466f5,cache.delete,,2.17,OK,cache-cluster,v2.0.1,9cb3191d75a34230bb8138daa9dfa7e2
live_ep_000009_QUEUE_BACKUP,QUEUE_BACKUP,auth-service,15.0,1785924029.9286456,c9657d13b8b44a149649b7039a25d967,,GET /api/auth,,128.12,OK,auth-service,v2.0.1,9860fceb1f6d47b78e772af4b9a9259b
live_ep_000009_QUEUE_BACKUP,QUEUE_BACKUP,auth-service,15.0,1785924029.9286456,b62bb6a1d54044b18d6e2f71218e9fc3,c9657d13b8b44a149649b7039a25d967,db.transaction,READ,20.13,OK,user-db,v2.0.1,9860fceb1f6d47b78e772af4b9a9259b
live_ep_000009_QUEUE_BACKUP,QUEUE_BACKUP,auth-service,15.0,1785924029.9286456,8b2dc82173274bf3857dd4d0b4bab70c,c9657d13b8b44a149649b7039a25d967,cache.get,,57.04,OK,cache-cluster,v2.0.1,9860fceb1f6d47b78e772af4b9a9259b
live_ep_000009_QUEUE_BACKUP,QUEUE_BACKUP,auth-service,15.0,1785924029.9286456,e55db811799640d7b8e65d3cc6edc268,c9657d13b8b44a149649b7039a25d967,http.client.get,,41.17,OK,payment-gateway,v2.0.1,9860fceb1f6d47b78e772af4b9a9259b
live_ep_000009_QUEUE_BACKUP,QUEUE_BACKUP,auth-service,15.5,1785924030.429374,252e6b8a98774b2e8409fc31ce24cbc1,,PUT /api/inventory,,121.03,OK,auth-service,v2.0.1,1c99c63c0fb64247b356f2d90df0b366
live_ep_000009_QUEUE_BACKUP,QUEUE_BACKUP,auth-service,15.5,1785924030.429374,384367a174ef410abe642d37be4b23ea,252e6b8a98774b2e8409fc31ce24cbc1,db.query.update,READ,24.7,OK,user-db,v2.0.1,1c99c63c0fb64247b356f2d90df0b366
live_ep_000009_QUEUE_BACKUP,QUEUE_BACKUP,auth-service,15.5,1785924030.429374,25ebb2af79ac4cd7bb887dd019720ece,252e6b8a98774b2e8409fc31ce24cbc1,cache.delete,,1.73,OK,cache-cluster,v2.0.1,1c99c63c0fb64247b356f2d90df0b366
live_ep_000009_QUEUE_BACKUP,QUEUE_BACKUP,auth-service,16.0,1785924030.9296308,df84b982a0ee438a8b1882d91291de74,,PUT /api/inventory,,129.29,OK,auth-service,v2.0.1,0277959dd4b64069b433acf596b13fc4
live_ep_000009_QUEUE_BACKUP,QUEUE_BACKUP,auth-service,16.0,1785924030.9296308,82a266ecd90d4eef90faf9fe2085de27,df84b982a0ee438a8b1882d91291de74,db.transaction,WRITE,11.5,OK,user-db,v2.0.1,0277959dd4b64069b433acf596b13fc4
live_ep_000009_QUEUE_BACKUP,QUEUE_BACKUP,auth-service,16.0,1785924030.9296308,0ce43ea46ec34166bdd36aba995bf205,df84b982a0ee438a8b1882d91291de74,db.query.update,READ,19.37,OK,user-db,v2.0.1,0277959dd4b64069b433acf596b13fc4
live_ep_000009_QUEUE_BACKUP,QUEUE_BACKUP,auth-service,16.0,1785924030.9296308,027475688ec640c78884a447c6ef0c34,df84b982a0ee438a8b1882d91291de74,cache.delete,,0.58,OK,cache-cluster,v2.0.1,0277959dd4b64069b433acf596b13fc4
live_ep_000009_QUEUE_BACKUP,QUEUE_BACKUP,auth-service,16.5,1785924031.431113,763303455a4e4936985c4f10ee20f67e,,GET /api/health,,170.53,OK,auth-service,v2.0.1,3b294e35d8534498ab0766a25fd1b596
live_ep_000009_QUEUE_BACKUP,QUEUE_BACKUP,auth-service,16.5,1785924031.431113,c85d928561d4464fa6ebe31cfe24111e,763303455a4e4936985c4f10ee20f67e,db.query.delete,READ,21.97,OK,user-db,v2.0.1,3b294e35d8534498ab0766a25fd1b596
live_ep_000009_QUEUE_BACKUP,QUEUE_BACKUP,auth-service,16.5,1785924031.431113,0381d4a1acdc4554ad85ea3fb998f501,763303455a4e4936985c4f10ee20f67e,db.query.update,WRITE,23.34,OK,user-db,v2.0.1,3b294e35d8534498ab0766a25fd1b596
live_ep_000009_QUEUE_BACKUP,QUEUE_BACKUP,auth-service,16.5,1785924031.431113,d73424b815ba4abaa1371d4a04bf9130,763303455a4e4936985c4f10ee20f67e,cache.get,,1.95,OK,cache-cluster,v2.0.1,3b294e35d8534498ab0766a25fd1b596
live_ep_000009_QUEUE_BACKUP,QUEUE_BACKUP,auth-service,16.5,1785924031.431113,3258a2f808bd4a78b17fdec3cf0f5097,763303455a4e4936985c4f10ee20f67e,grpc.call,,24.27,OK,cache-cluster,v2.0.1,3b294e35d8534498ab0766a25fd1b596
live_ep_000009_QUEUE_BACKUP,QUEUE_BACKUP,auth-service,17.0,1785924031.9311965,e26d88418b6a4851b2072b7e250ac372,,PUT /api/inventory,,157.57,OK,auth-service,v2.0.1,53cce8f337df4c039491e92696bd751b
live_ep_000009_QUEUE_BACKUP,QUEUE_BACKUP,auth-service,17.0,1785924031.9311965,732252ed13d840dbab53e95977dbebae,e26d88418b6a4851b2072b7e250ac372,db.query.insert,WRITE,15.23,OK,user-db,v2.0.1,53cce8f337df4c039491e92696bd751b
live_ep_000009_QUEUE_BACKUP,QUEUE_BACKUP,auth-service,17.0,1785924031.9311965,e5949bdcb15c400c921bc7290f46e02c,e26d88418b6a4851b2072b7e250ac372,db.query.update,READ,21.43,OK,user-db,v2.0.1,53cce8f337df4c039491e92696bd751b
live_ep_000009_QUEUE_BACKUP,QUEUE_BACKUP,auth-service,17.0,1785924031.9311965,99271b2188a34ee78155449316842f28,e26d88418b6a4851b2072b7e250ac372,http.client.post,,17.86,OK,payment-gateway,v2.0.1,53cce8f337df4c039491e92696bd751b
live_ep_000009_QUEUE_BACKUP,QUEUE_BACKUP,auth-service,17.5,1785924032.4315429,32c1bd65cfb24349bae73b7ec1e8f5fd,,GET /api/order,,137.64,OK,auth-service,v2.0.1,ad86e52e4ff943d8acc636e52f044d20
live_ep_000009_QUEUE_BACKUP,QUEUE_BACKUP,auth-service,17.5,1785924032.4315429,af3145ab120b41b49b7415fdb0f6a727,32c1bd65cfb24349bae73b7ec1e8f5fd,db.query.select,READ,22.89,OK,user-db,v2.0.1,ad86e52e4ff943d8acc636e52f044d20
live_ep_000009_QUEUE_BACKUP,QUEUE_BACKUP,auth-service,17.5,1785924032.4315429,e630dade49ca441891d49eff0b22f095,32c1bd65cfb24349bae73b7ec1e8f5fd,db.query.insert,READ,23.71,OK,user-db,v2.0.1,ad86e52e4ff943d8acc636e52f044d20
live_ep_000009_QUEUE_BACKUP,QUEUE_BACKUP,auth-service,17.5,1785924032.4315429,63d88b57f9284d16863ca745878e520a,32c1bd65cfb24349bae73b7ec1e8f5fd,cache.get,,0.63,OK,cache-cluster,v2.0.1,ad86e52e4ff943d8acc636e52f044d20
live_ep_000009_QUEUE_BACKUP,QUEUE_BACKUP,auth-service,18.0,1785924032.9321167,601a96d9c90946ea8ed977060970aea6,,GET /api/health,,130.89,OK,auth-service,v2.0.1,397c40dca07147898cc098f7c2b3d31f
live_ep_000009_QUEUE_BACKUP,QUEUE_BACKUP,auth-service,18.0,1785924032.9321167,414a1230f08c46e8bce884fbf3543aa7,601a96d9c90946ea8ed977060970aea6,db.query.select,READ,12.09,OK,user-db,v2.0.1,397c40dca07147898cc098f7c2b3d31f
live_ep_000009_QUEUE_BACKUP,QUEUE_BACKUP,auth-service,18.0,1785924032.9321167,4be3cba68e0841509a0c4cdfef646587,601a96d9c90946ea8ed977060970aea6,db.query.insert,READ,13.05,OK,user-db,v2.0.1,397c40dca07147898cc098f7c2b3d31f
live_ep_000009_QUEUE_BACKUP,QUEUE_BACKUP,auth-service,18.5,1785924033.432185,0adfd0b405c74e75a470fd230922f4f9,,POST /api/checkout,,125.61,OK,auth-service,v2.0.1,4a124173a5c643fd9e16efec514c75c5
live_ep_000009_QUEUE_BACKUP,QUEUE_BACKUP,auth-service,18.5,1785924033.432185,71e1846f97534164ba5b3b006c7f1c51,0adfd0b405c74e75a470fd230922f4f9,db.query.delete,READ,23.67,OK,user-db,v2.0.1,4a124173a5c643fd9e16efec514c75c5
live_ep_000009_QUEUE_BACKUP,QUEUE_BACKUP,auth-service,18.5,1785924033.432185,e5c94fbc683843e496e1268e465837b8,0adfd0b405c74e75a470fd230922f4f9,db.transaction,READ,10.62,OK,user-db,v2.0.1,4a124173a5c643fd9e16efec514c75c5
live_ep_000009_QUEUE_BACKUP,QUEUE_BACKUP,auth-service,18.5,1785924033.432185,56ad8d57144c41e1887e62e2f49ca466,0adfd0b405c74e75a470fd230922f4f9,cache.set,,3.39,OK,cache-cluster,v2.0.1,4a124173a5c643fd9e16efec514c75c5
live_ep_000009_QUEUE_BACKUP,QUEUE_BACKUP,auth-service,18.5,1785924033.432185,14c5dac869b042089ebecfea4fe551fd,0adfd0b405c74e75a470fd230922f4f9,grpc.call,,16.51,OK,cache-cluster,v2.0.1,4a124173a5c643fd9e16efec514c75c5
live_ep_000009_QUEUE_BACKUP,QUEUE_BACKUP,auth-service,19.0,1785924033.9324193,e701ae13839e478e8eec4c9aa9433ad0,,GET /api/auth,,117.05,OK,auth-service,v2.0.1,a9b3a692e04443d9affdec3a0c6b3f6c
live_ep_000009_QUEUE_BACKUP,QUEUE_BACKUP,auth-service,19.0,1785924033.9324193,f3a36eb5de934ab3aff68b4dfc032061,e701ae13839e478e8eec4c9aa9433ad0,db.transaction,READ,24.88,OK,user-db,v2.0.1,a9b3a692e04443d9affdec3a0c6b3f6c
live_ep_000009_QUEUE_BACKUP,QUEUE_BACKUP,auth-service,19.0,1785924033.9324193,9d58360ff9ea47458776e9d836e132fe,e701ae13839e478e8eec4c9aa9433ad0,db.query.update,READ,28.04,OK,user-db,v2.0.1,a9b3a692e04443d9affdec3a0c6b3f6c
live_ep_000009_QUEUE_BACKUP,QUEUE_BACKUP,auth-service,19.0,1785924033.9324193,7371d606c99a4c5a98c3dfdc8a865540,e701ae13839e478e8eec4c9aa9433ad0,http.client.post,,36.96,OK,cache-cluster,v2.0.1,a9b3a692e04443d9affdec3a0c6b3f6c
live_ep_000009_QUEUE_BACKUP,QUEUE_BACKUP,auth-service,19.5,1785924034.4327598,27d4f2f615da4755bb14e657a4b9e001,,POST /api/checkout,,144.86,OK,auth-service,v2.0.1,c702a20c9d8b40c49834d282a77260ae
live_ep_000009_QUEUE_BACKUP,QUEUE_BACKUP,auth-service,19.5,1785924034.4327598,19850fbb2d8c473dbd4339b15d31a4e6,27d4f2f615da4755bb14e657a4b9e001,db.query.update,READ,11.83,OK,user-db,v2.0.1,c702a20c9d8b40c49834d282a77260ae
live_ep_000009_QUEUE_BACKUP,QUEUE_BACKUP,auth-service,20.0,1785924034.9332023,0d2ebdb42e9f4991aaa9c6cffa2ce541,,POST /api/payment,,172.89,OK,auth-service,v2.0.1,b547d56508af4f49852379c165015a61
live_ep_000009_QUEUE_BACKUP,QUEUE_BACKUP,auth-service,20.0,1785924034.9332023,e5b792fa69ed42f7b70bdb28fdbc868f,0d2ebdb42e9f4991aaa9c6cffa2ce541,db.query.insert,WRITE,32.79,OK,user-db,v2.0.1,b547d56508af4f49852379c165015a61
live_ep_000009_QUEUE_BACKUP,QUEUE_BACKUP,auth-service,20.0,1785924034.9332023,4fa86fc186bf44438449f02a5b3136dd,0d2ebdb42e9f4991aaa9c6cffa2ce541,db.query.update,WRITE,22.79,OK,user-db,v2.0.1,b547d56508af4f49852379c165015a61
live_ep_000009_QUEUE_BACKUP,QUEUE_BACKUP,auth-service,20.0,1785924034.9332023,72c04bf595bd49649c2647e79571b237,0d2ebdb42e9f4991aaa9c6cffa2ce541,cache.get,,0.58,OK,cache-cluster,v2.0.1,b547d56508af4f49852379c165015a61
live_ep_000009_QUEUE_BACKUP,QUEUE_BACKUP,auth-service,20.5,1785924035.4337924,3334a10d6c364351a4130e3a560691eb,,POST /api/checkout,,180.92,OK,auth-service,v2.0.1,8c55c8b72d534aeeb7b4dcfe772fd338
live_ep_000009_QUEUE_BACKUP,QUEUE_BACKUP,auth-service,20.5,1785924035.4337924,a76ce58974c74665b39e93918627c44b,3334a10d6c364351a4130e3a560691eb,db.query.update,READ,13.39,OK,user-db,v2.0.1,8c55c8b72d534aeeb7b4dcfe772fd338
live_ep_000009_QUEUE_BACKUP,QUEUE_BACKUP,auth-service,20.5,1785924035.4337924,67ca4e21ac904741852a72b9064747b7,3334a10d6c364351a4130e3a560691eb,db.query.select,READ,11.74,OK,user-db,v2.0.1,8c55c8b72d534aeeb7b4dcfe772fd338
live_ep_000009_QUEUE_BACKUP,QUEUE_BACKUP,auth-service,20.5,1785924035.4337924,038fe652226f414e8ea227cfdfaef472,3334a10d6c364351a4130e3a560691eb,cache.delete,,2.91,OK,cache-cluster,v2.0.1,8c55c8b72d534aeeb7b4dcfe772fd338
live_ep_000009_QUEUE_BACKUP,QUEUE_BACKUP,auth-service,21.0,1785924035.9341788,f449055b13e147b880b6de86e17deaec,,POST /api/checkout,,164.65,OK,auth-service,v2.0.1,0ab85dd1b73b477c93485ed5c77e25a6
live_ep_000009_QUEUE_BACKUP,QUEUE_BACKUP,auth-service,21.0,1785924035.9341788,fae13442fa524198a7582ae5d1977df9,f449055b13e147b880b6de86e17deaec,db.query.insert,WRITE,29.18,OK,user-db,v2.0.1,0ab85dd1b73b477c93485ed5c77e25a6
live_ep_000009_QUEUE_BACKUP,QUEUE_BACKUP,auth-service,21.0,1785924035.9341788,3a67c9cf2b7b46c4881ce0669a88e1f2,f449055b13e147b880b6de86e17deaec,db.query.update,WRITE,21.45,OK,user-db,v2.0.1,0ab85dd1b73b477c93485ed5c77e25a6
live_ep_000009_QUEUE_BACKUP,QUEUE_BACKUP,auth-service,21.0,1785924035.9341788,cbb4156c607c45419ea09879f3c21cae,f449055b13e147b880b6de86e17deaec,http.client.get,,38.9,OK,inventory-api,v2.0.1,0ab85dd1b73b477c93485ed5c77e25a6
live_ep_000009_QUEUE_BACKUP,QUEUE_BACKUP,auth-service,21.5,1785924036.4345984,53efb3e7829b4ddf83a249be0784d7fb,,GET /api/order,,118.63,OK,auth-service,v2.0.1,be73416bf7b94d4aa5f10848fcbd1614
live_ep_000009_QUEUE_BACKUP,QUEUE_BACKUP,auth-service,21.5,1785924036.4345984,8cb3f5fc276f41e6b3f025fc022bdbe2,53efb3e7829b4ddf83a249be0784d7fb,db.query.select,READ,7.83,OK,user-db,v2.0.1,be73416bf7b94d4aa5f10848fcbd1614
live_ep_000009_QUEUE_BACKUP,QUEUE_BACKUP,auth-service,21.5,1785924036.4345984,a75c6fe8841c4ec997829bafb3ecd2ca,53efb3e7829b4ddf83a249be0784d7fb,db.query.insert,READ,8.53,OK,user-db,v2.0.1,be73416bf7b94d4aa5f10848fcbd1614
live_ep_000009_QUEUE_BACKUP,QUEUE_BACKUP,auth-service,21.5,1785924036.4345984,927a0367b65640c1a4b422d1efaeab39,53efb3e7829b4ddf83a249be0784d7fb,cache.get,,2.42,OK,cache-cluster,v2.0.1,be73416bf7b94d4aa5f10848fcbd1614
live_ep_000009_QUEUE_BACKUP,QUEUE_BACKUP,auth-service,21.5,1785924036.4345984,f444a68e6f2d40abbd9deb71edba2dde,53efb3e7829b4ddf83a249be0784d7fb,grpc.call,,56.77,OK,cache-cluster,v2.0.1,be73416bf7b94d4aa5f10848fcbd1614
live_ep_000009_QUEUE_BACKUP,QUEUE_BACKUP,auth-service,22.0,1785924036.9347973,c2394b8834764e05b790d720c22f0f5c,,POST /api/checkout,,164.91,OK,auth-service,v2.0.1,7c381dcb85f0440c8c742920cf9c0da5
live_ep_000009_QUEUE_BACKUP,QUEUE_BACKUP,auth-service,22.0,1785924036.9347973,827d99c4a4e74fc6a071b459f89517fa,c2394b8834764e05b790d720c22f0f5c,db.query.select,READ,17.49,OK,user-db,v2.0.1,7c381dcb85f0440c8c742920cf9c0da5
live_ep_000009_QUEUE_BACKUP,QUEUE_BACKUP,auth-service,22.0,1785924036.9347973,5367b81320e14690afaee76f1f03377f,c2394b8834764e05b790d720c22f0f5c,db.query.insert,WRITE,8.71,OK,user-db,v2.0.1,7c381dcb85f0440c8c742920cf9c0da5
live_ep_000009_QUEUE_BACKUP,QUEUE_BACKUP,auth-service,22.0,1785924036.9347973,55fbb65179ad48919caea176331b7718,c2394b8834764e05b790d720c22f0f5c,cache.delete,,1.86,OK,cache-cluster,v2.0.1,7c381dcb85f0440c8c742920cf9c0da5
live_ep_000009_QUEUE_BACKUP,QUEUE_BACKUP,auth-service,22.0,1785924036.9347973,76028273a1434fc5850be1e9488cc0ea,c2394b8834764e05b790d720c22f0f5c,http.client.post,,22.58,OK,payment-gateway,v2.0.1,7c381dcb85f0440c8c742920cf9c0da5
live_ep_000009_QUEUE_BACKUP,QUEUE_BACKUP,auth-service,22.5,1785924037.435061,f4a17d2993a147ecad98b6368986007d,,GET /api/health,,204.38,OK,auth-service,v2.0.1,f5176ac7f5c242d68196922bfa6e2f76
live_ep_000009_QUEUE_BACKUP,QUEUE_BACKUP,auth-service,22.5,1785924037.435061,ee42bf8afef646828b56aba96fa8a4cd,f4a17d2993a147ecad98b6368986007d,db.query.insert,WRITE,20.15,OK,user-db,v2.0.1,f5176ac7f5c242d68196922bfa6e2f76
live_ep_000009_QUEUE_BACKUP,QUEUE_BACKUP,auth-service,22.5,1785924037.435061,6c95229247524960a3796e6de905c02c,f4a17d2993a147ecad98b6368986007d,db.query.insert,READ,36.32,OK,user-db,v2.0.1,f5176ac7f5c242d68196922bfa6e2f76
live_ep_000009_QUEUE_BACKUP,QUEUE_BACKUP,auth-service,23.0,1785924037.9364815,6491f672d8cd44c3a915bd39431e1f31,,GET /api/health,,150.82,OK,auth-service,v2.0.1,4f3ee48716ea4befb8d32b96f1af74a3
live_ep_000009_QUEUE_BACKUP,QUEUE_BACKUP,auth-service,23.0,1785924037.9364815,9f8ca8e25a524c9f8c562de30ca2f636,6491f672d8cd44c3a915bd39431e1f31,db.query.select,READ,39.11,OK,user-db,v2.0.1,4f3ee48716ea4befb8d32b96f1af74a3
live_ep_000009_QUEUE_BACKUP,QUEUE_BACKUP,auth-service,23.0,1785924037.9364815,0d0a5804cf684e2489072a8f7ae7942e,6491f672d8cd44c3a915bd39431e1f31,db.query.select,WRITE,18.83,OK,user-db,v2.0.1,4f3ee48716ea4befb8d32b96f1af74a3
live_ep_000009_QUEUE_BACKUP,QUEUE_BACKUP,auth-service,23.0,1785924037.9364815,5bb454524ebb4c7f90b7e0a2363f5c8c,6491f672d8cd44c3a915bd39431e1f31,cache.delete,,1.56,OK,cache-cluster,v2.0.1,4f3ee48716ea4befb8d32b96f1af74a3
live_ep_000009_QUEUE_BACKUP,QUEUE_BACKUP,auth-service,23.5,1785924038.436614,5ed47b155c944ee2a563a428e7662d39,,GET /api/order,,153.52,OK,auth-service,v2.0.1,eb4075814c8b44168d15a9dd9cb03fe9
live_ep_000009_QUEUE_BACKUP,QUEUE_BACKUP,auth-service,23.5,1785924038.436614,f8acee7067d74bc69f112bb521e95948,5ed47b155c944ee2a563a428e7662d39,db.query.delete,WRITE,1.0,OK,user-db,v2.0.1,eb4075814c8b44168d15a9dd9cb03fe9
live_ep_000009_QUEUE_BACKUP,QUEUE_BACKUP,auth-service,23.5,1785924038.436614,63b1172aba054468af0586506146adb4,5ed47b155c944ee2a563a428e7662d39,db.query.update,READ,13.48,OK,user-db,v2.0.1,eb4075814c8b44168d15a9dd9cb03fe9
live_ep_000009_QUEUE_BACKUP,QUEUE_BACKUP,auth-service,23.5,1785924038.436614,93a621d6b1de42e78122d6484a4b428d,5ed47b155c944ee2a563a428e7662d39,cache.delete,,1.55,OK,cache-cluster,v2.0.1,eb4075814c8b44168d15a9dd9cb03fe9
live_ep_000009_QUEUE_BACKUP,QUEUE_BACKUP,auth-service,23.5,1785924038.436614,5a2d0dbfbd644f4fbba4a0d08370bd7e,5ed47b155c944ee2a563a428e7662d39,grpc.call,,46.66,OK,cache-cluster,v2.0.1,eb4075814c8b44168d15a9dd9cb03fe9
live_ep_000009_QUEUE_BACKUP,QUEUE_BACKUP,auth-service,24.0,1785924038.9373095,ad6db98751464e53a794d45a15516805,,POST /api/payment,,153.43,OK,auth-service,v2.0.1,c5fb728d1c474441a3e244e7f6947c45
live_ep_000009_QUEUE_BACKUP,QUEUE_BACKUP,auth-service,24.0,1785924038.9373095,49dba410f2e24edf943e965b1251aa42,ad6db98751464e53a794d45a15516805,db.query.select,READ,18.78,OK,user-db,v2.0.1,c5fb728d1c474441a3e244e7f6947c45
live_ep_000009_QUEUE_BACKUP,QUEUE_BACKUP,auth-service,24.0,1785924038.9373095,799b053b820f49dc9e74a9e142eb001c,ad6db98751464e53a794d45a15516805,db.query.select,READ,25.33,OK,user-db,v2.0.1,c5fb728d1c474441a3e244e7f6947c45
live_ep_000009_QUEUE_BACKUP,QUEUE_BACKUP,auth-service,24.0,1785924038.9373095,d0ce7fdae8f841a78a77591c0b086fd3,ad6db98751464e53a794d45a15516805,cache.get,,0.91,OK,cache-cluster,v2.0.1,c5fb728d1c474441a3e244e7f6947c45
live_ep_000009_QUEUE_BACKUP,QUEUE_BACKUP,auth-service,24.5,1785924039.4378066,d4e85bf558784256b43923362a3054e8,,GET /api/order,,131.15,OK,auth-service,v2.0.1,804882490bf64cd589121ce7adb1dd97
live_ep_000009_QUEUE_BACKUP,QUEUE_BACKUP,auth-service,24.5,1785924039.4378066,5294beb6a0a74682b1e8d697dd2e8f85,d4e85bf558784256b43923362a3054e8,db.query.select,READ,16.39,OK,user-db,v2.0.1,804882490bf64cd589121ce7adb1dd97
live_ep_000009_QUEUE_BACKUP,QUEUE_BACKUP,auth-service,24.5,1785924039.4378066,5d7dfbd8ce9d4c02b48c29ed7a1e2621,d4e85bf558784256b43923362a3054e8,db.transaction,WRITE,32.23,OK,user-db,v2.0.1,804882490bf64cd589121ce7adb1dd97
live_ep_000009_QUEUE_BACKUP,QUEUE_BACKUP,auth-service,24.5,1785924039.4378066,beb618ee92c54da699a6620faf15727a,d4e85bf558784256b43923362a3054e8,cache.set,,0.83,OK,cache-cluster,v2.0.1,804882490bf64cd589121ce7adb1dd97
live_ep_000009_QUEUE_BACKUP,QUEUE_BACKUP,auth-service,24.5,1785924039.4378066,eb6c1fe03e2a462d9f2c956494f2bc35,d4e85bf558784256b43923362a3054e8,grpc.call,,27.53,OK,payment-gateway,v2.0.1,804882490bf64cd589121ce7adb1dd97
live_ep_000009_QUEUE_BACKUP,QUEUE_BACKUP,auth-service,25.0,1785924039.938127,00bf9f6c0bcc40daaba5b601fb167946,,POST /api/payment,,151.5,OK,auth-service,v2.0.1,ab96044683be47258abea433e896577d
live_ep_000009_QUEUE_BACKUP,QUEUE_BACKUP,auth-service,25.0,1785924039.938127,2fd149708e1b471d86fd83a68e85ea55,00bf9f6c0bcc40daaba5b601fb167946,db.query.insert,READ,32.15,OK,user-db,v2.0.1,ab96044683be47258abea433e896577d
live_ep_000009_QUEUE_BACKUP,QUEUE_BACKUP,auth-service,25.0,1785924039.938127,14bd3217aa054f10b7291a46ea0e91fb,00bf9f6c0bcc40daaba5b601fb167946,db.query.insert,READ,14.79,OK,user-db,v2.0.1,ab96044683be47258abea433e896577d
live_ep_000009_QUEUE_BACKUP,QUEUE_BACKUP,auth-service,25.0,1785924039.938127,f85509af865f40c4bb1ecd06706cb013,00bf9f6c0bcc40daaba5b601fb167946,cache.set,,1.97,OK,cache-cluster,v2.0.1,ab96044683be47258abea433e896577d
live_ep_000009_QUEUE_BACKUP,QUEUE_BACKUP,auth-service,25.5,1785924040.4387438,e2a9b29fd2324d05a04857e2ada545eb,,GET /api/order,,202.72,OK,auth-service,v2.0.1,d7e1946e0cd845c184366388eef7ed61
live_ep_000009_QUEUE_BACKUP,QUEUE_BACKUP,auth-service,25.5,1785924040.4387438,b9b94d8f77f34fa7a74be30f56384d86,e2a9b29fd2324d05a04857e2ada545eb,db.query.update,READ,37.6,OK,user-db,v2.0.1,d7e1946e0cd845c184366388eef7ed61
live_ep_000009_QUEUE_BACKUP,QUEUE_BACKUP,auth-service,25.5,1785924040.4387438,0c8ef88ce09e4353a12e3c3e47e0f44e,e2a9b29fd2324d05a04857e2ada545eb,db.query.insert,READ,48.78,OK,user-db,v2.0.1,d7e1946e0cd845c184366388eef7ed61
live_ep_000009_QUEUE_BACKUP,QUEUE_BACKUP,auth-service,25.5,1785924040.4387438,85cdd94af1dd43eda409b49e42a646a3,e2a9b29fd2324d05a04857e2ada545eb,cache.delete,,0.76,OK,cache-cluster,v2.0.1,d7e1946e0cd845c184366388eef7ed61
live_ep_000009_QUEUE_BACKUP,QUEUE_BACKUP,auth-service,25.5,1785924040.4387438,61c68e7563ae40f0afebab00074900c9,e2a9b29fd2324d05a04857e2ada545eb,http.client.get,,26.52,OK,cache-cluster,v2.0.1,d7e1946e0cd845c184366388eef7ed61
live_ep_000009_QUEUE_BACKUP,QUEUE_BACKUP,auth-service,26.0,1785924040.939114,8c947dbefba5422ab756e78a10b033fb,,POST /api/payment,,204.0,OK,auth-service,v2.0.1,e173ba8c60a845299c6c0098d8ca958b
live_ep_000009_QUEUE_BACKUP,QUEUE_BACKUP,auth-service,26.0,1785924040.939114,0761c652dd2448d7a590537db051e56e,8c947dbefba5422ab756e78a10b033fb,db.query.update,READ,17.57,OK,user-db,v2.0.1,e173ba8c60a845299c6c0098d8ca958b
live_ep_000009_QUEUE_BACKUP,QUEUE_BACKUP,auth-service,26.0,1785924040.939114,7aa76c240d69411e86c3b805c0a771f5,8c947dbefba5422ab756e78a10b033fb,db.transaction,READ,22.45,OK,user-db,v2.0.1,e173ba8c60a845299c6c0098d8ca958b
live_ep_000009_QUEUE_BACKUP,QUEUE_BACKUP,auth-service,26.0,1785924040.939114,4fff8a73201346c092fb1e1779934eaf,8c947dbefba5422ab756e78a10b033fb,cache.set,,2.01,OK,cache-cluster,v2.0.1,e173ba8c60a845299c6c0098d8ca958b
live_ep_000009_QUEUE_BACKUP,QUEUE_BACKUP,auth-service,26.0,1785924040.939114,3072f8e3639d4dc1b696f0c0c60e30a6,8c947dbefba5422ab756e78a10b033fb,http.client.post,,22.5,OK,payment-gateway,v2.0.1,e173ba8c60a845299c6c0098d8ca958b
live_ep_000009_QUEUE_BACKUP,QUEUE_BACKUP,auth-service,26.5,1785924041.4394205,ae8a55b912324a809f55919f2b806256,,PUT /api/inventory,,136.25,OK,auth-service,v2.0.1,8b33dd470ed14b78a0ebb43766692220
live_ep_000009_QUEUE_BACKUP,QUEUE_BACKUP,auth-service,26.5,1785924041.4394205,88407682873c49d5a6448a0f2cd8b3e6,ae8a55b912324a809f55919f2b806256,db.query.insert,WRITE,23.46,OK,user-db,v2.0.1,8b33dd470ed14b78a0ebb43766692220
live_ep_000009_QUEUE_BACKUP,QUEUE_BACKUP,auth-service,26.5,1785924041.4394205,56dfdb3af79c434fbbd6297b00f472cb,ae8a55b912324a809f55919f2b806256,cache.get,,0.5,OK,cache-cluster,v2.0.1,8b33dd470ed14b78a0ebb43766692220
live_ep_000009_QUEUE_BACKUP,QUEUE_BACKUP,auth-service,27.0,1785924041.939528,392a8210ed9a46398d91a8a062fe75ff,,GET /api/order,,157.37,OK,auth-service,v2.0.1,e8f9c960bb4041708bb68474fba362e6
live_ep_000009_QUEUE_BACKUP,QUEUE_BACKUP,auth-service,27.0,1785924041.939528,a4ba6bd481784b3798888b99a2dff492,392a8210ed9a46398d91a8a062fe75ff,db.query.delete,READ,30.48,OK,user-db,v2.0.1,e8f9c960bb4041708bb68474fba362e6
live_ep_000009_QUEUE_BACKUP,QUEUE_BACKUP,auth-service,27.0,1785924041.939528,deec8144ce2547d9b36a57ae1f6eea52,392a8210ed9a46398d91a8a062fe75ff,db.query.update,READ,17.3,OK,user-db,v2.0.1,e8f9c960bb4041708bb68474fba362e6
live_ep_000009_QUEUE_BACKUP,QUEUE_BACKUP,auth-service,27.0,1785924041.939528,1b01af42598a47b2830c53c681955e89,392a8210ed9a46398d91a8a062fe75ff,cache.set,,2.18,OK,cache-cluster,v2.0.1,e8f9c960bb4041708bb68474fba362e6
live_ep_000009_QUEUE_BACKUP,QUEUE_BACKUP,auth-service,27.5,1785924042.4396558,26ac35d1b4fd4c24b0d12b0cfbc3d22a,,GET /api/health,,162.01,OK,auth-service,v2.0.1,628d46a1f92c4241ac5636e46ca097ea
live_ep_000009_QUEUE_BACKUP,QUEUE_BACKUP,auth-service,27.5,1785924042.4396558,e69c41c4ed07405f963227897aa4b6cf,26ac35d1b4fd4c24b0d12b0cfbc3d22a,db.query.select,READ,18.58,OK,user-db,v2.0.1,628d46a1f92c4241ac5636e46ca097ea
live_ep_000009_QUEUE_BACKUP,QUEUE_BACKUP,auth-service,27.5,1785924042.4396558,8525eb5a1d3c49cb8da7df9e2059e53c,26ac35d1b4fd4c24b0d12b0cfbc3d22a,db.query.insert,READ,10.69,OK,user-db,v2.0.1,628d46a1f92c4241ac5636e46ca097ea
live_ep_000009_QUEUE_BACKUP,QUEUE_BACKUP,auth-service,27.5,1785924042.4396558,a25d438e1b2342728aa47d15cac34d37,26ac35d1b4fd4c24b0d12b0cfbc3d22a,cache.delete,,0.5,OK,cache-cluster,v2.0.1,628d46a1f92c4241ac5636e46ca097ea
live_ep_000009_QUEUE_BACKUP,QUEUE_BACKUP,auth-service,28.0,1785924042.940038,ade9c97ce58a4b72a2595c9bf2017851,,PUT /api/inventory,,220.45,ERROR,auth-service,v2.0.1,f0950364f5c041cd8108790d3cd021bc
live_ep_000009_QUEUE_BACKUP,QUEUE_BACKUP,auth-service,28.0,1785924042.940038,119a01381fe24113926c83c298b4acfd,ade9c97ce58a4b72a2595c9bf2017851,db.transaction,WRITE,3.27,OK,user-db,v2.0.1,f0950364f5c041cd8108790d3cd021bc
live_ep_000009_QUEUE_BACKUP,QUEUE_BACKUP,auth-service,28.0,1785924042.940038,9770c38b4cc649738097c3fa3eaf25c1,ade9c97ce58a4b72a2595c9bf2017851,db.query.delete,READ,8.98,OK,user-db,v2.0.1,f0950364f5c041cd8108790d3cd021bc
live_ep_000009_QUEUE_BACKUP,QUEUE_BACKUP,auth-service,28.0,1785924042.940038,3169316d12df46c5861c132016a542b0,ade9c97ce58a4b72a2595c9bf2017851,cache.set,,2.9,OK,cache-cluster,v2.0.1,f0950364f5c041cd8108790d3cd021bc
live_ep_000009_QUEUE_BACKUP,QUEUE_BACKUP,auth-service,28.0,1785924042.940038,72fd340b6714469e9789370db3a93ecc,ade9c97ce58a4b72a2595c9bf2017851,http.client.post,,14.97,OK,user-db,v2.0.1,f0950364f5c041cd8108790d3cd021bc
live_ep_000009_QUEUE_BACKUP,QUEUE_BACKUP,auth-service,28.5,1785924043.4405248,7e611a7acc4240998e861a3d5e4c5ed7,,POST /api/payment,,212.01,OK,auth-service,v2.0.1,c67f99b702384067a08a0a2597fd4571
live_ep_000009_QUEUE_BACKUP,QUEUE_BACKUP,auth-service,28.5,1785924043.4405248,65e5efe85af444dd89952af7b1f112f2,7e611a7acc4240998e861a3d5e4c5ed7,db.query.select,WRITE,17.9,OK,user-db,v2.0.1,c67f99b702384067a08a0a2597fd4571
live_ep_000009_QUEUE_BACKUP,QUEUE_BACKUP,auth-service,28.5,1785924043.4405248,2fa638b3f1bd43299d058d70019fb276,7e611a7acc4240998e861a3d5e4c5ed7,db.query.delete,WRITE,20.96,OK,user-db,v2.0.1,c67f99b702384067a08a0a2597fd4571
live_ep_000009_QUEUE_BACKUP,QUEUE_BACKUP,auth-service,28.5,1785924043.4405248,0de1d330b5dc4f9d9e3eb0e4f4d91789,7e611a7acc4240998e861a3d5e4c5ed7,cache.delete,,2.48,OK,cache-cluster,v2.0.1,c67f99b702384067a08a0a2597fd4571
live_ep_000009_QUEUE_BACKUP,QUEUE_BACKUP,auth-service,29.0,1785924043.940942,39a986dfe6c34216b233536ddff184a4,,PUT /api/inventory,,170.74,OK,auth-service,v2.0.1,87ea9e2d0b6a48bb902176bc1901f02b
live_ep_000009_QUEUE_BACKUP,QUEUE_BACKUP,auth-service,29.0,1785924043.940942,fdfe63dc367e4302b59eb09ffce9fb2b,39a986dfe6c34216b233536ddff184a4,db.query.insert,READ,25.7,OK,user-db,v2.0.1,87ea9e2d0b6a48bb902176bc1901f02b
live_ep_000009_QUEUE_BACKUP,QUEUE_BACKUP,auth-service,29.0,1785924043.940942,1d740bb60a7d44a4ab553a713be2d14b,39a986dfe6c34216b233536ddff184a4,db.query.delete,READ,29.16,OK,user-db,v2.0.1,87ea9e2d0b6a48bb902176bc1901f02b
live_ep_000009_QUEUE_BACKUP,QUEUE_BACKUP,auth-service,29.0,1785924043.940942,fb28e072285c4c32b686f6ff671f2ff8,39a986dfe6c34216b233536ddff184a4,cache.set,,3.24,OK,cache-cluster,v2.0.1,87ea9e2d0b6a48bb902176bc1901f02b
live_ep_000009_QUEUE_BACKUP,QUEUE_BACKUP,auth-service,29.5,1785924044.441352,11d22ca307684486a62ce8960d74ec13,,POST /api/checkout,,201.25,OK,auth-service,v2.0.1,df46a74cea394836a0323e01239523d8
live_ep_000009_QUEUE_BACKUP,QUEUE_BACKUP,auth-service,29.5,1785924044.441352,57f9b57d7a324a8dade951423b57cd86,11d22ca307684486a62ce8960d74ec13,db.query.delete,READ,23.56,OK,user-db,v2.0.1,df46a74cea394836a0323e01239523d8
live_ep_000009_QUEUE_BACKUP,QUEUE_BACKUP,auth-service,29.5,1785924044.441352,5069998d50a64edeb6b93c816a0dfc9e,11d22ca307684486a62ce8960d74ec13,cache.get,,1.98,OK,cache-cluster,v2.0.1,df46a74cea394836a0323e01239523d8
live_ep_000009_QUEUE_BACKUP,QUEUE_BACKUP,auth-service,29.5,1785924044.441352,ce06dbdb07ee46eca293113702cacd52,11d22ca307684486a62ce8960d74ec13,grpc.call,,33.65,ERROR,user-db,v2.0.1,df46a74cea394836a0323e01239523d8
live_ep_000009_QUEUE_BACKUP,QUEUE_BACKUP,auth-service,30.0,1785924044.9415107,408ef5d3a8fc429c9fc4a3b1fd8ad5a3,,GET /api/auth,,130.86,OK,auth-service,v2.0.1,448ad628e8c740a5b5629dad3c0d0f6e
live_ep_000009_QUEUE_BACKUP,QUEUE_BACKUP,auth-service,30.0,1785924044.9415107,5eab88d5a7c14a298a198059acaa7e51,408ef5d3a8fc429c9fc4a3b1fd8ad5a3,db.transaction,READ,18.57,OK,user-db,v2.0.1,448ad628e8c740a5b5629dad3c0d0f6e
live_ep_000009_QUEUE_BACKUP,QUEUE_BACKUP,auth-service,30.0,1785924044.9415107,2993727c1a734027918c66baa060afc0,408ef5d3a8fc429c9fc4a3b1fd8ad5a3,cache.set,,1.01,OK,cache-cluster,v2.0.1,448ad628e8c740a5b5629dad3c0d0f6e
live_ep_000009_QUEUE_BACKUP,QUEUE_BACKUP,auth-service,30.5,1785924045.4417129,a155fa64c6b94e22ad425f8e48de51a3,,GET /api/health,,200.72,OK,auth-service,v2.0.1,5dc68ac05d9947a2b75315a35979152b
live_ep_000009_QUEUE_BACKUP,QUEUE_BACKUP,auth-service,30.5,1785924045.4417129,f461ddf886e44cf0b8231b3a0086f046,a155fa64c6b94e22ad425f8e48de51a3,db.query.select,WRITE,50.98,OK,user-db,v2.0.1,5dc68ac05d9947a2b75315a35979152b
live_ep_000009_QUEUE_BACKUP,QUEUE_BACKUP,auth-service,30.5,1785924045.4417129,17fd6ed46b5a4e4b9e725b4b5f7bbec8,a155fa64c6b94e22ad425f8e48de51a3,db.transaction,READ,48.95,OK,user-db,v2.0.1,5dc68ac05d9947a2b75315a35979152b
live_ep_000009_QUEUE_BACKUP,QUEUE_BACKUP,auth-service,30.5,1785924045.4417129,3bca7262dccf45f3a32195bf2e02621a,a155fa64c6b94e22ad425f8e48de51a3,cache.get,,2.46,OK,cache-cluster,v2.0.1,5dc68ac05d9947a2b75315a35979152b
live_ep_000009_QUEUE_BACKUP,QUEUE_BACKUP,auth-service,31.0,1785924045.942215,7703b09800704ae2a76e1b4811ef5109,,GET /api/health,,182.31,OK,auth-service,v2.0.1,f1525a8726fc4642a40597924b87654a
live_ep_000009_QUEUE_BACKUP,QUEUE_BACKUP,auth-service,31.0,1785924045.942215,4ea2137c52dd46a4a8f613f95eebcd5a,7703b09800704ae2a76e1b4811ef5109,db.query.delete,READ,36.5,OK,user-db,v2.0.1,f1525a8726fc4642a40597924b87654a
live_ep_000009_QUEUE_BACKUP,QUEUE_BACKUP,auth-service,31.0,1785924045.942215,82a24ab57b9f45eb8873a846e940e540,7703b09800704ae2a76e1b4811ef5109,db.query.select,READ,18.08,OK,user-db,v2.0.1,f1525a8726fc4642a40597924b87654a
live_ep_000009_QUEUE_BACKUP,QUEUE_BACKUP,auth-service,31.0,1785924045.942215,4665b97467b741f19275bf2e8235e16d,7703b09800704ae2a76e1b4811ef5109,cache.set,,1.44,OK,cache-cluster,v2.0.1,f1525a8726fc4642a40597924b87654a
live_ep_000009_QUEUE_BACKUP,QUEUE_BACKUP,auth-service,31.5,1785924046.4427261,08dfc330c5de488e970eb25a66285e7c,,GET /api/auth,,231.81,OK,auth-service,v2.0.1,b4e98826873943b4910bfb919d0a699b
live_ep_000009_QUEUE_BACKUP,QUEUE_BACKUP,auth-service,31.5,1785924046.4427261,16edcb2304ed420fa3558c12d6d60cf3,08dfc330c5de488e970eb25a66285e7c,db.query.delete,READ,38.24,OK,user-db,v2.0.1,b4e98826873943b4910bfb919d0a699b
live_ep_000009_QUEUE_BACKUP,QUEUE_BACKUP,auth-service,31.5,1785924046.4427261,0b083fa140be4b68b83ba551b87d6875,08dfc330c5de488e970eb25a66285e7c,db.query.insert,READ,24.94,OK,user-db,v2.0.1,b4e98826873943b4910bfb919d0a699b
live_ep_000009_QUEUE_BACKUP,QUEUE_BACKUP,auth-service,32.0,1785924046.9428277,afc77a76a7814cf6ad28e2f4c2b520a9,,GET /api/health,,163.68,OK,auth-service,v2.0.1,6639969bf0c14000b3fc171491604945
live_ep_000009_QUEUE_BACKUP,QUEUE_BACKUP,auth-service,32.0,1785924046.9428277,20afb040c9e64fe48b0ba441e2118e8a,afc77a76a7814cf6ad28e2f4c2b520a9,db.query.delete,READ,21.5,OK,user-db,v2.0.1,6639969bf0c14000b3fc171491604945
live_ep_000009_QUEUE_BACKUP,QUEUE_BACKUP,auth-service,32.0,1785924046.9428277,9c9fce0efdd94340a211526cf2e222a4,afc77a76a7814cf6ad28e2f4c2b520a9,db.query.update,READ,24.31,OK,user-db,v2.0.1,6639969bf0c14000b3fc171491604945
live_ep_000009_QUEUE_BACKUP,QUEUE_BACKUP,auth-service,32.5,1785924047.4433308,64d774c44db149349ffee72760dc0073,,GET /api/auth,,178.14,OK,auth-service,v2.0.1,0d3b2be2573346f28cfc97a1ea0c833a
live_ep_000009_QUEUE_BACKUP,QUEUE_BACKUP,auth-service,32.5,1785924047.4433308,7c5d08e7535b4d70a3177a3352b19e63,64d774c44db149349ffee72760dc0073,db.query.insert,READ,15.77,OK,user-db,v2.0.1,0d3b2be2573346f28cfc97a1ea0c833a
live_ep_000009_QUEUE_BACKUP,QUEUE_BACKUP,auth-service,32.5,1785924047.4433308,aba8052da1d54a9593ed2220ffba67cb,64d774c44db149349ffee72760dc0073,db.query.delete,READ,21.16,OK,user-db,v2.0.1,0d3b2be2573346f28cfc97a1ea0c833a
live_ep_000009_QUEUE_BACKUP,QUEUE_BACKUP,auth-service,32.5,1785924047.4433308,afa212f6356044e1a251ede59e77d085,64d774c44db149349ffee72760dc0073,cache.delete,,2.18,OK,cache-cluster,v2.0.1,0d3b2be2573346f28cfc97a1ea0c833a
live_ep_000009_QUEUE_BACKUP,QUEUE_BACKUP,auth-service,33.0,1785924047.9437232,c895ccd449ca4c93899d71ca3f0e1f11,,PUT /api/inventory,,172.06,OK,auth-service,v2.0.1,087766cebf474a438b2127058e3fb627
live_ep_000009_QUEUE_BACKUP,QUEUE_BACKUP,auth-service,33.0,1785924047.9437232,e99f74e63928449bb3ea8c8c9dd24279,c895ccd449ca4c93899d71ca3f0e1f11,db.query.insert,WRITE,3.46,OK,user-db,v2.0.1,087766cebf474a438b2127058e3fb627
live_ep_000009_QUEUE_BACKUP,QUEUE_BACKUP,auth-service,33.0,1785924047.9437232,1b672e2722e4450ebf541877c110ae4a,c895ccd449ca4c93899d71ca3f0e1f11,db.transaction,READ,5.3,OK,user-db,v2.0.1,087766cebf474a438b2127058e3fb627
live_ep_000009_QUEUE_BACKUP,QUEUE_BACKUP,auth-service,33.0,1785924047.9437232,30e0571a3d584762af1d21c497c27a53,c895ccd449ca4c93899d71ca3f0e1f11,cache.get,,0.5,OK,cache-cluster,v2.0.1,087766cebf474a438b2127058e3fb627
live_ep_000009_QUEUE_BACKUP,QUEUE_BACKUP,auth-service,33.0,1785924047.9437232,d3d91ff018bf47f987d78f372a171e44,c895ccd449ca4c93899d71ca3f0e1f11,grpc.call,,23.2,OK,inventory-api,v2.0.1,087766cebf474a438b2127058e3fb627
live_ep_000009_QUEUE_BACKUP,QUEUE_BACKUP,auth-service,33.5,1785924048.4442322,90a88eb8c0b24ea795cdfafa14a08738,,POST /api/checkout,,203.8,OK,auth-service,v2.0.1,b4d3d0f4cf544c2e92bc19d36bf50301
live_ep_000009_QUEUE_BACKUP,QUEUE_BACKUP,auth-service,33.5,1785924048.4442322,64d24f3f66a445c6a559eb317d0e5b88,90a88eb8c0b24ea795cdfafa14a08738,db.query.select,WRITE,19.41,OK,user-db,v2.0.1,b4d3d0f4cf544c2e92bc19d36bf50301
live_ep_000009_QUEUE_BACKUP,QUEUE_BACKUP,auth-service,33.5,1785924048.4442322,6845cfcdfa604f2482c3319f017e1a59,90a88eb8c0b24ea795cdfafa14a08738,db.query.insert,WRITE,17.94,OK,user-db,v2.0.1,b4d3d0f4cf544c2e92bc19d36bf50301
live_ep_000009_QUEUE_BACKUP,QUEUE_BACKUP,auth-service,33.5,1785924048.4442322,feece4811bc9474c84de9a590e1b7b98,90a88eb8c0b24ea795cdfafa14a08738,cache.get,,1.04,OK,cache-cluster,v2.0.1,b4d3d0f4cf544c2e92bc19d36bf50301
live_ep_000009_QUEUE_BACKUP,QUEUE_BACKUP,auth-service,33.5,1785924048.4442322,4d2dfee222be47da84332084f362bb01,90a88eb8c0b24ea795cdfafa14a08738,http.client.post,,27.77,OK,inventory-api,v2.0.1,b4d3d0f4cf544c2e92bc19d36bf50301
live_ep_000009_QUEUE_BACKUP,QUEUE_BACKUP,auth-service,34.0,1785924048.944418,fc219b447f0c424e90631bfda5c9bc0a,,GET /api/auth,,200.41,OK,auth-service,v2.0.1,fbb0bd3e4b9845bf992bebd13958d6eb
live_ep_000009_QUEUE_BACKUP,QUEUE_BACKUP,auth-service,34.0,1785924048.944418,125cde8fe1ae4a759ac56d159233e465,fc219b447f0c424e90631bfda5c9bc0a,db.transaction,WRITE,32.86,OK,user-db,v2.0.1,fbb0bd3e4b9845bf992bebd13958d6eb
live_ep_000009_QUEUE_BACKUP,QUEUE_BACKUP,auth-service,34.0,1785924048.944418,266770f178ef42eaafb9130e9fed3814,fc219b447f0c424e90631bfda5c9bc0a,db.query.delete,WRITE,23.09,OK,user-db,v2.0.1,fbb0bd3e4b9845bf992bebd13958d6eb
live_ep_000009_QUEUE_BACKUP,QUEUE_BACKUP,auth-service,34.0,1785924048.944418,223097656fa242d3ba2938358c9eef0d,fc219b447f0c424e90631bfda5c9bc0a,cache.set,,3.0,OK,cache-cluster,v2.0.1,fbb0bd3e4b9845bf992bebd13958d6eb
live_ep_000009_QUEUE_BACKUP,QUEUE_BACKUP,auth-service,34.5,1785924049.444996,9cb48e06b8494558b1c8c67202c5b504,,POST /api/payment,,211.37,OK,auth-service,v2.0.1,5b2045ad0fc04117b9b6a853b5161087
live_ep_000009_QUEUE_BACKUP,QUEUE_BACKUP,auth-service,34.5,1785924049.444996,a3c85438aaf845d4b135acf34e0b78b3,9cb48e06b8494558b1c8c67202c5b504,db.query.insert,WRITE,18.0,OK,user-db,v2.0.1,5b2045ad0fc04117b9b6a853b5161087
live_ep_000009_QUEUE_BACKUP,QUEUE_BACKUP,auth-service,34.5,1785924049.444996,8f9b389995ef4a1bb99b11876c1abd49,9cb48e06b8494558b1c8c67202c5b504,cache.get,,55.58,OK,cache-cluster,v2.0.1,5b2045ad0fc04117b9b6a853b5161087
live_ep_000009_QUEUE_BACKUP,QUEUE_BACKUP,auth-service,34.5,1785924049.444996,38d618b325544b41801e409555bf629d,9cb48e06b8494558b1c8c67202c5b504,http.client.post,,30.38,OK,payment-gateway,v2.0.1,5b2045ad0fc04117b9b6a853b5161087
live_ep_000009_QUEUE_BACKUP,QUEUE_BACKUP,auth-service,35.0,1785924049.9460716,115704c2330b405f93465aef7e0840cd,,PUT /api/inventory,,181.39,OK,auth-service,v2.0.1,415fcbd102184bf3b63e0d3df0ab6490
live_ep_000009_QUEUE_BACKUP,QUEUE_BACKUP,auth-service,35.0,1785924049.9460716,47cf9aac700f496aa0b8472e25fd2f72,115704c2330b405f93465aef7e0840cd,db.transaction,READ,19.65,OK,user-db,v2.0.1,415fcbd102184bf3b63e0d3df0ab6490
live_ep_000009_QUEUE_BACKUP,QUEUE_BACKUP,auth-service,35.0,1785924049.9460716,655e2e27dc874bd59b8b1360b79608d8,115704c2330b405f93465aef7e0840cd,db.query.select,READ,14.57,OK,user-db,v2.0.1,415fcbd102184bf3b63e0d3df0ab6490
live_ep_000009_QUEUE_BACKUP,QUEUE_BACKUP,auth-service,35.0,1785924049.9460716,12e98bd39ceb4dfc8903299fa076e2ca,115704c2330b405f93465aef7e0840cd,cache.set,,3.49,OK,cache-cluster,v2.0.1,415fcbd102184bf3b63e0d3df0ab6490
live_ep_000009_QUEUE_BACKUP,QUEUE_BACKUP,auth-service,35.5,1785924050.4471605,12adb985581a4af2b2df18a3acb17c57,,GET /api/order,,232.31,OK,auth-service,v2.0.1,80a6b7be86e34ee4a99b1a3bf504b873
live_ep_000009_QUEUE_BACKUP,QUEUE_BACKUP,auth-service,35.5,1785924050.4471605,f8fffe14ff074365a6d94b88ac92022a,12adb985581a4af2b2df18a3acb17c57,db.query.delete,WRITE,20.0,OK,user-db,v2.0.1,80a6b7be86e34ee4a99b1a3bf504b873
live_ep_000009_QUEUE_BACKUP,QUEUE_BACKUP,auth-service,35.5,1785924050.4471605,486313859e444fd8826c2b36ea4258a7,12adb985581a4af2b2df18a3acb17c57,db.query.select,WRITE,30.28,OK,user-db,v2.0.1,80a6b7be86e34ee4a99b1a3bf504b873
live_ep_000009_QUEUE_BACKUP,QUEUE_BACKUP,auth-service,35.5,1785924050.4471605,dd48718a61a54111a2899be231c12b1b,12adb985581a4af2b2df18a3acb17c57,cache.get,,3.52,OK,cache-cluster,v2.0.1,80a6b7be86e34ee4a99b1a3bf504b873
live_ep_000009_QUEUE_BACKUP,QUEUE_BACKUP,auth-service,35.5,1785924050.4471605,cf59a733b64d4b5883d5cf3fefb4bf35,12adb985581a4af2b2df18a3acb17c57,grpc.call,,49.69,OK,inventory-api,v2.0.1,80a6b7be86e34ee4a99b1a3bf504b873
live_ep_000009_QUEUE_BACKUP,QUEUE_BACKUP,auth-service,36.0,1785924050.9474757,a3b07d0176e6432990be8037fa15a803,,GET /api/auth,,273.34,OK,auth-service,v2.0.1,7c445727b1e64af1a9f832bb111d7be4
live_ep_000009_QUEUE_BACKUP,QUEUE_BACKUP,auth-service,36.0,1785924050.9474757,14884260bde14247a8ee05343f0fd57d,a3b07d0176e6432990be8037fa15a803,db.query.delete,READ,20.77,OK,user-db,v2.0.1,7c445727b1e64af1a9f832bb111d7be4
live_ep_000009_QUEUE_BACKUP,QUEUE_BACKUP,auth-service,36.0,1785924050.9474757,0cb3654b3fa8466f93da6bc258de49a3,a3b07d0176e6432990be8037fa15a803,grpc.call,,29.08,OK,user-db,v2.0.1,7c445727b1e64af1a9f832bb111d7be4
live_ep_000009_QUEUE_BACKUP,QUEUE_BACKUP,auth-service,36.5,1785924051.4689476,3dc68328f1174cd495bf1d4673514426,,GET /api/auth,,246.91,OK,auth-service,v2.0.1,e97b360d24c446a3a5cd17a2373303c2
live_ep_000009_QUEUE_BACKUP,QUEUE_BACKUP,auth-service,36.5,1785924051.4689476,21701be626fb4f60bf00827b158b24a8,3dc68328f1174cd495bf1d4673514426,db.query.delete,READ,29.63,OK,user-db,v2.0.1,e97b360d24c446a3a5cd17a2373303c2
live_ep_000009_QUEUE_BACKUP,QUEUE_BACKUP,auth-service,36.5,1785924051.4689476,01af3ab8eb8742f3a7e25787a357ba02,3dc68328f1174cd495bf1d4673514426,cache.set,,2.18,OK,cache-cluster,v2.0.1,e97b360d24c446a3a5cd17a2373303c2
live_ep_000009_QUEUE_BACKUP,QUEUE_BACKUP,auth-service,37.0,1785924051.9694934,16c9607770814c5bad2ce38ed0628a67,,PUT /api/inventory,,196.59,OK,auth-service,v2.0.1,9e8497c5060b481790aa9ff1f98dff4c
live_ep_000009_QUEUE_BACKUP,QUEUE_BACKUP,auth-service,37.0,1785924051.9694934,bac54ca75ebd470e8f01c2e951e358ff,16c9607770814c5bad2ce38ed0628a67,db.query.update,READ,17.03,OK,user-db,v2.0.1,9e8497c5060b481790aa9ff1f98dff4c
live_ep_000009_QUEUE_BACKUP,QUEUE_BACKUP,auth-service,37.0,1785924051.9694934,2a1e411ed4c8416fbdaaf0f10f67c7cb,16c9607770814c5bad2ce38ed0628a67,db.query.delete,WRITE,24.23,OK,user-db,v2.0.1,9e8497c5060b481790aa9ff1f98dff4c
live_ep_000009_QUEUE_BACKUP,QUEUE_BACKUP,auth-service,37.0,1785924051.9694934,fa9969680c1c44c69adcbadd2b1899b3,16c9607770814c5bad2ce38ed0628a67,cache.delete,,1.7,OK,cache-cluster,v2.0.1,9e8497c5060b481790aa9ff1f98dff4c
live_ep_000009_QUEUE_BACKUP,QUEUE_BACKUP,auth-service,37.5,1785924052.4697275,8f4fc7643bb0445192aa478f6ab709dd,,POST /api/payment,,234.3,OK,auth-service,v2.0.1,1eaf3d740a4f4ef1b83aab5c705363bf
live_ep_000009_QUEUE_BACKUP,QUEUE_BACKUP,auth-service,37.5,1785924052.4697275,eedd3afac2b54d8e841b8729a173c045,8f4fc7643bb0445192aa478f6ab709dd,db.query.insert,WRITE,21.91,OK,user-db,v2.0.1,1eaf3d740a4f4ef1b83aab5c705363bf
live_ep_000009_QUEUE_BACKUP,QUEUE_BACKUP,auth-service,37.5,1785924052.4697275,0341fc4a95204493aaada6913a483fbb,8f4fc7643bb0445192aa478f6ab709dd,db.transaction,READ,34.91,OK,user-db,v2.0.1,1eaf3d740a4f4ef1b83aab5c705363bf
live_ep_000009_QUEUE_BACKUP,QUEUE_BACKUP,auth-service,38.0,1785924052.9700632,63eeb0c97e5e4ac2b790820665f68582,,GET /api/health,,245.75,OK,auth-service,v2.0.1,66f5c3504c8949648d4e4fd23369a8e1
live_ep_000009_QUEUE_BACKUP,QUEUE_BACKUP,auth-service,38.0,1785924052.9700632,f5b01b2f504345f3bb9b0c3a348ea894,63eeb0c97e5e4ac2b790820665f68582,db.query.insert,READ,18.1,OK,user-db,v2.0.1,66f5c3504c8949648d4e4fd23369a8e1
live_ep_000009_QUEUE_BACKUP,QUEUE_BACKUP,auth-service,38.5,1785924053.470582,eccdc5f780d14833affc4f205548fda1,,GET /api/health,,267.55,OK,auth-service,v2.0.1,f15f0d588abf401e90dcdb32b2be102f
live_ep_000009_QUEUE_BACKUP,QUEUE_BACKUP,auth-service,38.5,1785924053.470582,784164fb6f3045c2bb69325843ce37cd,eccdc5f780d14833affc4f205548fda1,db.query.delete,WRITE,16.22,OK,user-db,v2.0.1,f15f0d588abf401e90dcdb32b2be102f
live_ep_000009_QUEUE_BACKUP,QUEUE_BACKUP,auth-service,38.5,1785924053.470582,615a1065788f4fc48bc3d0b155656e26,eccdc5f780d14833affc4f205548fda1,db.query.delete,WRITE,30.48,OK,user-db,v2.0.1,f15f0d588abf401e90dcdb32b2be102f
live_ep_000009_QUEUE_BACKUP,QUEUE_BACKUP,auth-service,38.5,1785924053.470582,723609dda7c7494eabe6ef7f228ec379,eccdc5f780d14833affc4f205548fda1,cache.delete,,2.02,OK,cache-cluster,v2.0.1,f15f0d588abf401e90dcdb32b2be102f
live_ep_000009_QUEUE_BACKUP,QUEUE_BACKUP,auth-service,39.0,1785924053.9709709,e70c6eec33d14bf0b21449fe9e77e153,,POST /api/payment,,211.58,OK,auth-service,v2.0.1,e43926aadeeb4b13b962275a6a75272b
live_ep_000009_QUEUE_BACKUP,QUEUE_BACKUP,auth-service,39.0,1785924053.9709709,b9eb2bd0e0a643c1a7c366a91a8b5489,e70c6eec33d14bf0b21449fe9e77e153,db.query.update,READ,18.62,OK,user-db,v2.0.1,e43926aadeeb4b13b962275a6a75272b
live_ep_000009_QUEUE_BACKUP,QUEUE_BACKUP,auth-service,39.0,1785924053.9709709,9ef8214b56194b4397e8371aa7c93185,e70c6eec33d14bf0b21449fe9e77e153,cache.get,,1.41,OK,cache-cluster,v2.0.1,e43926aadeeb4b13b962275a6a75272b
live_ep_000009_QUEUE_BACKUP,QUEUE_BACKUP,auth-service,39.0,1785924053.9709709,f728eeb022db458b99d5c40d03c28ae8,e70c6eec33d14bf0b21449fe9e77e153,grpc.call,,39.06,OK,inventory-api,v2.0.1,e43926aadeeb4b13b962275a6a75272b
live_ep_000009_QUEUE_BACKUP,QUEUE_BACKUP,auth-service,39.5,1785924054.4712584,1b41772f16674abdaa878a5b25fb545d,,PUT /api/inventory,,216.29,OK,auth-service,v2.0.1,79e6a21c6544417aa85c41bbed6c4000
live_ep_000009_QUEUE_BACKUP,QUEUE_BACKUP,auth-service,39.5,1785924054.4712584,b54303fc617b4310ab4a21961aaadf7c,1b41772f16674abdaa878a5b25fb545d,db.query.select,READ,5.14,OK,user-db,v2.0.1,79e6a21c6544417aa85c41bbed6c4000
live_ep_000009_QUEUE_BACKUP,QUEUE_BACKUP,auth-service,39.5,1785924054.4712584,c64f5c3321f641868d5ab3624925519b,1b41772f16674abdaa878a5b25fb545d,db.query.update,WRITE,23.31,OK,user-db,v2.0.1,79e6a21c6544417aa85c41bbed6c4000
live_ep_000009_QUEUE_BACKUP,QUEUE_BACKUP,auth-service,39.5,1785924054.4712584,312f12dadfa7431b89ce903587b6ce25,1b41772f16674abdaa878a5b25fb545d,cache.set,,0.94,OK,cache-cluster,v2.0.1,79e6a21c6544417aa85c41bbed6c4000
live_ep_000009_QUEUE_BACKUP,QUEUE_BACKUP,auth-service,40.0,1785924054.9716003,70a06774dbf147459a55592a057aedc1,,GET /api/auth,,253.83,OK,auth-service,v2.0.1,18bf7626d0f34a238b848276c820bf89
live_ep_000009_QUEUE_BACKUP,QUEUE_BACKUP,auth-service,40.0,1785924054.9716003,7fc3420f46384a02b7c7f5674229b8a3,70a06774dbf147459a55592a057aedc1,db.transaction,READ,21.33,OK,user-db,v2.0.1,18bf7626d0f34a238b848276c820bf89
live_ep_000009_QUEUE_BACKUP,QUEUE_BACKUP,auth-service,40.0,1785924054.9716003,b2319bb709a34f3e918d3f0de9ff1a83,70a06774dbf147459a55592a057aedc1,db.query.delete,READ,9.77,OK,user-db,v2.0.1,18bf7626d0f34a238b848276c820bf89
live_ep_000009_QUEUE_BACKUP,QUEUE_BACKUP,auth-service,40.0,1785924054.9716003,42c4e74cca174e5dbadb31b244f5e9be,70a06774dbf147459a55592a057aedc1,http.client.get,,39.86,OK,cache-cluster,v2.0.1,18bf7626d0f34a238b848276c820bf89
live_ep_000009_QUEUE_BACKUP,QUEUE_BACKUP,auth-service,40.5,1785924055.4716794,04968eae7af74565be6956a171cfad54,,GET /api/auth,,222.26,OK,auth-service,v2.0.1,7f33e921b191412a833b086a43941aee
live_ep_000009_QUEUE_BACKUP,QUEUE_BACKUP,auth-service,40.5,1785924055.4716794,8061ad5cfef14a2eb6144590646630cb,04968eae7af74565be6956a171cfad54,db.query.insert,READ,28.77,OK,user-db,v2.0.1,7f33e921b191412a833b086a43941aee
live_ep_000009_QUEUE_BACKUP,QUEUE_BACKUP,auth-service,40.5,1785924055.4716794,ad3b9deafdf1427f988c147d92923973,04968eae7af74565be6956a171cfad54,db.transaction,READ,41.63,OK,user-db,v2.0.1,7f33e921b191412a833b086a43941aee
live_ep_000009_QUEUE_BACKUP,QUEUE_BACKUP,auth-service,40.5,1785924055.4716794,f0b31ef6351b47e8ad6e3cb2c9b71aa1,04968eae7af74565be6956a171cfad54,cache.get,,0.72,OK,cache-cluster,v2.0.1,7f33e921b191412a833b086a43941aee
live_ep_000009_QUEUE_BACKUP,QUEUE_BACKUP,auth-service,41.0,1785924055.9717958,6423b323f3f34a9abe0f96a9b55712ac,,GET /api/order,,260.47,OK,auth-service,v2.0.1,e6af7a1c58514259b01d1a8cb01ace77
live_ep_000009_QUEUE_BACKUP,QUEUE_BACKUP,auth-service,41.0,1785924055.9717958,45b865d04c544a4bbcebcefb8084d7e2,6423b323f3f34a9abe0f96a9b55712ac,db.query.insert,READ,15.06,OK,user-db,v2.0.1,e6af7a1c58514259b01d1a8cb01ace77
live_ep_000009_QUEUE_BACKUP,QUEUE_BACKUP,auth-service,41.0,1785924055.9717958,eb635e0559954e9a866ca55834a796f6,6423b323f3f34a9abe0f96a9b55712ac,db.transaction,READ,17.86,OK,user-db,v2.0.1,e6af7a1c58514259b01d1a8cb01ace77
live_ep_000009_QUEUE_BACKUP,QUEUE_BACKUP,auth-service,41.0,1785924055.9717958,9abec6c00ba14d81a38a949f6c7bfa9c,6423b323f3f34a9abe0f96a9b55712ac,cache.delete,,2.57,OK,cache-cluster,v2.0.1,e6af7a1c58514259b01d1a8cb01ace77
live_ep_000009_QUEUE_BACKUP,QUEUE_BACKUP,auth-service,41.0,1785924055.9717958,1bd92e1daced4aa68995f22c6990e9ce,6423b323f3f34a9abe0f96a9b55712ac,http.client.get,,38.65,OK,cache-cluster,v2.0.1,e6af7a1c58514259b01d1a8cb01ace77
live_ep_000009_QUEUE_BACKUP,QUEUE_BACKUP,auth-service,41.5,1785924056.4720118,760582c1994a43c992d65cc7be46cf48,,GET /api/auth,,273.36,OK,auth-service,v2.0.1,600452e16014498e942853c48027ba4c
live_ep_000009_QUEUE_BACKUP,QUEUE_BACKUP,auth-service,41.5,1785924056.4720118,fc78deb8311f46ae83a4d54d8c7c4a1b,760582c1994a43c992d65cc7be46cf48,db.query.update,WRITE,25.93,OK,user-db,v2.0.1,600452e16014498e942853c48027ba4c
live_ep_000009_QUEUE_BACKUP,QUEUE_BACKUP,auth-service,41.5,1785924056.4720118,5955f27476d34646ac33a15e01aefd45,760582c1994a43c992d65cc7be46cf48,cache.delete,,0.5,OK,cache-cluster,v2.0.1,600452e16014498e942853c48027ba4c
live_ep_000009_QUEUE_BACKUP,QUEUE_BACKUP,auth-service,41.5,1785924056.4720118,a34e870356b34c71be1612eb644bcdad,760582c1994a43c992d65cc7be46cf48,grpc.call,,40.41,OK,cache-cluster,v2.0.1,600452e16014498e942853c48027ba4c
live_ep_000009_QUEUE_BACKUP,QUEUE_BACKUP,auth-service,42.0,1785924056.972419,cc3e74cbd3f94432b4c74fb854954446,,POST /api/payment,,245.44,OK,auth-service,v2.0.1,1d697ad0e975465a9f2b9a2ae6558487
live_ep_000009_QUEUE_BACKUP,QUEUE_BACKUP,auth-service,42.0,1785924056.972419,357f746b5cbf4ea480b0c7a5d940625c,cc3e74cbd3f94432b4c74fb854954446,db.query.delete,WRITE,13.51,OK,user-db,v2.0.1,1d697ad0e975465a9f2b9a2ae6558487
live_ep_000009_QUEUE_BACKUP,QUEUE_BACKUP,auth-service,42.0,1785924056.972419,1c94d544e9ae43c49cc733911d3d41e9,cc3e74cbd3f94432b4c74fb854954446,db.query.delete,READ,20.22,OK,user-db,v2.0.1,1d697ad0e975465a9f2b9a2ae6558487
live_ep_000009_QUEUE_BACKUP,QUEUE_BACKUP,auth-service,42.0,1785924056.972419,5266fa07e8cd4f4b81dbbb2263ca8819,cc3e74cbd3f94432b4c74fb854954446,cache.delete,,2.75,OK,cache-cluster,v2.0.1,1d697ad0e975465a9f2b9a2ae6558487
live_ep_000009_QUEUE_BACKUP,QUEUE_BACKUP,auth-service,42.5,1785924057.4739525,981762dc0fbc41a4889a409470be3c2c,,POST /api/checkout,,195.8,OK,auth-service,v2.0.1,e41630172f9a4199ab5373e302cd95f6
live_ep_000009_QUEUE_BACKUP,QUEUE_BACKUP,auth-service,42.5,1785924057.4739525,43e08d7d7ce84bbf8032814eb9a88d05,981762dc0fbc41a4889a409470be3c2c,db.query.select,READ,20.4,OK,user-db,v2.0.1,e41630172f9a4199ab5373e302cd95f6
live_ep_000009_QUEUE_BACKUP,QUEUE_BACKUP,auth-service,42.5,1785924057.4739525,2cad98bef03c40e18f6701c05dedcc45,981762dc0fbc41a4889a409470be3c2c,db.transaction,WRITE,13.59,OK,user-db,v2.0.1,e41630172f9a4199ab5373e302cd95f6
live_ep_000009_QUEUE_BACKUP,QUEUE_BACKUP,auth-service,42.5,1785924057.4739525,08ac8d94be0045a683a49e6d3a182739,981762dc0fbc41a4889a409470be3c2c,cache.set,,2.88,OK,cache-cluster,v2.0.1,e41630172f9a4199ab5373e302cd95f6
live_ep_000009_QUEUE_BACKUP,QUEUE_BACKUP,auth-service,42.5,1785924057.4739525,48e5b58726ca44469f306f30a8262581,981762dc0fbc41a4889a409470be3c2c,grpc.call,,27.9,OK,payment-gateway,v2.0.1,e41630172f9a4199ab5373e302cd95f6
live_ep_000009_QUEUE_BACKUP,QUEUE_BACKUP,auth-service,43.0,1785924057.974212,2a827d5fd314448888b731d2d0f4382f,,GET /api/auth,,256.75,OK,auth-service,v2.0.1,66b5950e8e164a38a72df33d760d6493
live_ep_000009_QUEUE_BACKUP,QUEUE_BACKUP,auth-service,43.0,1785924057.974212,c61c918af448427886ee79ef2de17160,2a827d5fd314448888b731d2d0f4382f,db.query.select,READ,26.46,OK,user-db,v2.0.1,66b5950e8e164a38a72df33d760d6493
live_ep_000009_QUEUE_BACKUP,QUEUE_BACKUP,auth-service,43.0,1785924057.974212,330fae59f208456a8526a65e6bb64677,2a827d5fd314448888b731d2d0f4382f,http.client.post,,11.4,OK,payment-gateway,v2.0.1,66b5950e8e164a38a72df33d760d6493
live_ep_000009_QUEUE_BACKUP,QUEUE_BACKUP,auth-service,43.5,1785924058.4746556,101ec13525d54815b84ca1d35fdd76c4,,GET /api/health,,229.02,OK,auth-service,v2.0.1,e4395bebe7cf4d59a3e5b8173e29e37c
live_ep_000009_QUEUE_BACKUP,QUEUE_BACKUP,auth-service,43.5,1785924058.4746556,65b2315e9e124ae2a31811dd9fcd587e,101ec13525d54815b84ca1d35fdd76c4,db.query.delete,WRITE,17.89,OK,user-db,v2.0.1,e4395bebe7cf4d59a3e5b8173e29e37c
live_ep_000009_QUEUE_BACKUP,QUEUE_BACKUP,auth-service,43.5,1785924058.4746556,329e706d34c14ff9b93208589c739068,101ec13525d54815b84ca1d35fdd76c4,cache.get,,2.76,OK,cache-cluster,v2.0.1,e4395bebe7cf4d59a3e5b8173e29e37c
live_ep_000009_QUEUE_BACKUP,QUEUE_BACKUP,auth-service,43.5,1785924058.4746556,90889b6696954ac6844dc797d2996445,101ec13525d54815b84ca1d35fdd76c4,grpc.call,,35.72,OK,payment-gateway,v2.0.1,e4395bebe7cf4d59a3e5b8173e29e37c
live_ep_000009_QUEUE_BACKUP,QUEUE_BACKUP,auth-service,44.0,1785924058.9752064,157af2ff8d4e404bb2ca2876492e59c5,,GET /api/auth,,256.41,OK,auth-service,v2.0.1,e364cb884f4944b8948e19abf48247f4
live_ep_000009_QUEUE_BACKUP,QUEUE_BACKUP,auth-service,44.0,1785924058.9752064,0ed7160994284b379c908cbdd2576d3f,157af2ff8d4e404bb2ca2876492e59c5,db.query.insert,READ,23.52,OK,user-db,v2.0.1,e364cb884f4944b8948e19abf48247f4
live_ep_000009_QUEUE_BACKUP,QUEUE_BACKUP,auth-service,44.0,1785924058.9752064,56ad0a0f79444adcafdd99c12e95edea,157af2ff8d4e404bb2ca2876492e59c5,cache.set,,55.07,OK,cache-cluster,v2.0.1,e364cb884f4944b8948e19abf48247f4
live_ep_000009_QUEUE_BACKUP,QUEUE_BACKUP,auth-service,44.5,1785924059.4758885,9976ee3af87144079411838f310b2fce,,GET /api/auth,,177.76,OK,auth-service,v2.0.1,556c2cdb88db4b3aaa3d9695d50e4cfc
live_ep_000009_QUEUE_BACKUP,QUEUE_BACKUP,auth-service,44.5,1785924059.4758885,82d533b35ced41a398270300339bf5e4,9976ee3af87144079411838f310b2fce,db.query.select,WRITE,20.15,OK,user-db,v2.0.1,556c2cdb88db4b3aaa3d9695d50e4cfc
live_ep_000009_QUEUE_BACKUP,QUEUE_BACKUP,auth-service,44.5,1785924059.4758885,5afc9dae34dd4a37a42801d911199fc5,9976ee3af87144079411838f310b2fce,db.query.insert,READ,13.17,OK,user-db,v2.0.1,556c2cdb88db4b3aaa3d9695d50e4cfc
live_ep_000009_QUEUE_BACKUP,QUEUE_BACKUP,auth-service,45.0,1785924059.9759738,9d5b9a0b6ffb48b6a01a875904cc4c91,,GET /api/health,,324.87,OK,auth-service,v2.0.1,053f3ad0a88d42b19ba8a4f48048d6f7
live_ep_000009_QUEUE_BACKUP,QUEUE_BACKUP,auth-service,45.0,1785924059.9759738,9c371fa5274b43e38982eb7ce6515dca,9d5b9a0b6ffb48b6a01a875904cc4c91,db.query.delete,WRITE,38.65,OK,user-db,v2.0.1,053f3ad0a88d42b19ba8a4f48048d6f7
live_ep_000009_QUEUE_BACKUP,QUEUE_BACKUP,auth-service,45.0,1785924059.9759738,c64bb349e46d427aacb696d2842c542f,9d5b9a0b6ffb48b6a01a875904cc4c91,db.query.select,READ,22.92,OK,user-db,v2.0.1,053f3ad0a88d42b19ba8a4f48048d6f7
live_ep_000009_QUEUE_BACKUP,QUEUE_BACKUP,auth-service,45.0,1785924059.9759738,59a3c0d101b7494f9b1194069b8704a9,9d5b9a0b6ffb48b6a01a875904cc4c91,cache.get,,2.16,OK,cache-cluster,v2.0.1,053f3ad0a88d42b19ba8a4f48048d6f7
live_ep_000009_QUEUE_BACKUP,QUEUE_BACKUP,auth-service,45.5,1785924060.4764342,ff16b060caa64a60a357346698097022,,GET /api/order,,212.12,OK,auth-service,v2.0.1,7b0748de5f1647068017cae548fe33a7
live_ep_000009_QUEUE_BACKUP,QUEUE_BACKUP,auth-service,45.5,1785924060.4764342,8c7e030c978b43e6b60bb3554e1566e0,ff16b060caa64a60a357346698097022,db.transaction,READ,14.39,OK,user-db,v2.0.1,7b0748de5f1647068017cae548fe33a7
live_ep_000009_QUEUE_BACKUP,QUEUE_BACKUP,auth-service,45.5,1785924060.4764342,9e92f2cf463742dcb3b71aa4b88efe94,ff16b060caa64a60a357346698097022,db.transaction,READ,10.56,OK,user-db,v2.0.1,7b0748de5f1647068017cae548fe33a7
live_ep_000009_QUEUE_BACKUP,QUEUE_BACKUP,auth-service,45.5,1785924060.4764342,8aac1e6d23324d31bde2315eae70d988,ff16b060caa64a60a357346698097022,cache.set,,1.11,OK,cache-cluster,v2.0.1,7b0748de5f1647068017cae548fe33a7
live_ep_000009_QUEUE_BACKUP,QUEUE_BACKUP,auth-service,45.5,1785924060.4764342,71415740b78442d8bbede3995249dc39,ff16b060caa64a60a357346698097022,http.client.get,,44.24,OK,cache-cluster,v2.0.1,7b0748de5f1647068017cae548fe33a7
live_ep_000009_QUEUE_BACKUP,QUEUE_BACKUP,auth-service,46.0,1785924060.9764805,64e2499b524e4c9faa533231d0c7befb,,GET /api/auth,,225.86,OK,auth-service,v2.0.1,80af43b9caef42b7a751b7481eff9a73
live_ep_000009_QUEUE_BACKUP,QUEUE_BACKUP,auth-service,46.0,1785924060.9764805,f7b03385b96040c581025839ef1e1cee,64e2499b524e4c9faa533231d0c7befb,db.transaction,WRITE,22.5,OK,user-db,v2.0.1,80af43b9caef42b7a751b7481eff9a73
live_ep_000009_QUEUE_BACKUP,QUEUE_BACKUP,auth-service,46.0,1785924060.9764805,311b15693f2d4c049900920278e8f7b5,64e2499b524e4c9faa533231d0c7befb,cache.get,,3.31,OK,cache-cluster,v2.0.1,80af43b9caef42b7a751b7481eff9a73
live_ep_000009_QUEUE_BACKUP,QUEUE_BACKUP,auth-service,46.5,1785924061.4766502,9305d6a0d07249d9a5f47fac62725fcf,,POST /api/checkout,,276.89,OK,auth-service,v2.0.1,0dd797aecb5a4c88b46cd0f647fa550a
live_ep_000009_QUEUE_BACKUP,QUEUE_BACKUP,auth-service,46.5,1785924061.4766502,661fa766bfc44d2c80fe58c18a31d652,9305d6a0d07249d9a5f47fac62725fcf,db.transaction,WRITE,13.57,OK,user-db,v2.0.1,0dd797aecb5a4c88b46cd0f647fa550a
live_ep_000009_QUEUE_BACKUP,QUEUE_BACKUP,auth-service,46.5,1785924061.4766502,d4fd9a689652481bbd81e17f47815a61,9305d6a0d07249d9a5f47fac62725fcf,db.transaction,READ,10.58,OK,user-db,v2.0.1,0dd797aecb5a4c88b46cd0f647fa550a
live_ep_000009_QUEUE_BACKUP,QUEUE_BACKUP,auth-service,46.5,1785924061.4766502,2903bca829ac453ba9f9a31d7412eea4,9305d6a0d07249d9a5f47fac62725fcf,cache.get,,0.5,OK,cache-cluster,v2.0.1,0dd797aecb5a4c88b46cd0f647fa550a
live_ep_000009_QUEUE_BACKUP,QUEUE_BACKUP,auth-service,46.5,1785924061.4766502,04c435f6819b4c28bc94f173305b518f,9305d6a0d07249d9a5f47fac62725fcf,http.client.get,,24.16,OK,cache-cluster,v2.0.1,0dd797aecb5a4c88b46cd0f647fa550a
live_ep_000009_QUEUE_BACKUP,QUEUE_BACKUP,auth-service,47.0,1785924061.9769099,73d29ef9a9bd4728a598aa9d5055622e,,POST /api/checkout,,217.26,OK,auth-service,v2.0.1,44c1504cd7264b3a8d7b961324266804
live_ep_000009_QUEUE_BACKUP,QUEUE_BACKUP,auth-service,47.0,1785924061.9769099,111b9e50b3a448228df8fb890b093e09,73d29ef9a9bd4728a598aa9d5055622e,db.query.update,READ,12.49,OK,user-db,v2.0.1,44c1504cd7264b3a8d7b961324266804
live_ep_000009_QUEUE_BACKUP,QUEUE_BACKUP,auth-service,47.5,1785924062.4770906,e5e5a7973ec2422b9d08f6ed6db9ed59,,POST /api/checkout,,208.48,OK,auth-service,v2.0.1,04ebd3541ddb4184880fbe2221a6966e
live_ep_000009_QUEUE_BACKUP,QUEUE_BACKUP,auth-service,47.5,1785924062.4770906,668d67ee5c13449093eec85097af4e19,e5e5a7973ec2422b9d08f6ed6db9ed59,db.query.select,READ,17.32,OK,user-db,v2.0.1,04ebd3541ddb4184880fbe2221a6966e
live_ep_000009_QUEUE_BACKUP,QUEUE_BACKUP,auth-service,47.5,1785924062.4770906,934563199f4344d98bf585fd231f699a,e5e5a7973ec2422b9d08f6ed6db9ed59,db.query.update,WRITE,8.99,OK,user-db,v2.0.1,04ebd3541ddb4184880fbe2221a6966e
live_ep_000009_QUEUE_BACKUP,QUEUE_BACKUP,auth-service,47.5,1785924062.4770906,07eebd3b9e504d048dbab24e6541d909,e5e5a7973ec2422b9d08f6ed6db9ed59,cache.get,,3.7,OK,cache-cluster,v2.0.1,04ebd3541ddb4184880fbe2221a6966e
live_ep_000009_QUEUE_BACKUP,QUEUE_BACKUP,auth-service,48.0,1785924062.977632,3e2677aa1db34dc5944febfa4e09072a,,POST /api/payment,,268.91,OK,auth-service,v2.0.1,7278628977384bbbba0f98b45d01e249
live_ep_000009_QUEUE_BACKUP,QUEUE_BACKUP,auth-service,48.0,1785924062.977632,15fe2c6f59034200846a622c5c761362,3e2677aa1db34dc5944febfa4e09072a,db.query.select,WRITE,31.21,OK,user-db,v2.0.1,7278628977384bbbba0f98b45d01e249
live_ep_000009_QUEUE_BACKUP,QUEUE_BACKUP,auth-service,48.0,1785924062.977632,fa02a24acaa14e67aa5b62c147a0032a,3e2677aa1db34dc5944febfa4e09072a,db.query.select,WRITE,36.46,OK,user-db,v2.0.1,7278628977384bbbba0f98b45d01e249
live_ep_000009_QUEUE_BACKUP,QUEUE_BACKUP,auth-service,48.0,1785924062.977632,efe02c9ca0e94c7b99b1d17945ebb809,3e2677aa1db34dc5944febfa4e09072a,cache.set,,3.06,OK,cache-cluster,v2.0.1,7278628977384bbbba0f98b45d01e249
live_ep_000009_QUEUE_BACKUP,QUEUE_BACKUP,auth-service,48.0,1785924062.977632,72130eacc7a743b2ae47c61f0d053e48,3e2677aa1db34dc5944febfa4e09072a,http.client.get,,17.99,OK,user-db,v2.0.1,7278628977384bbbba0f98b45d01e249
live_ep_000009_QUEUE_BACKUP,QUEUE_BACKUP,auth-service,48.5,1785924063.4777923,1cc12b6fc99244e2b5bceac24f5b4cc3,,PUT /api/inventory,,253.25,OK,auth-service,v2.0.1,7b26470ec6ef4d5ba4918c8d9f63a518
live_ep_000009_QUEUE_BACKUP,QUEUE_BACKUP,auth-service,48.5,1785924063.4777923,3c1026bf00094373b593a3bce16805a7,1cc12b6fc99244e2b5bceac24f5b4cc3,db.transaction,READ,16.3,OK,user-db,v2.0.1,7b26470ec6ef4d5ba4918c8d9f63a518
live_ep_000009_QUEUE_BACKUP,QUEUE_BACKUP,auth-service,48.5,1785924063.4777923,1f703a850bbb449bbcf901486dc84277,1cc12b6fc99244e2b5bceac24f5b4cc3,db.query.update,WRITE,16.96,OK,user-db,v2.0.1,7b26470ec6ef4d5ba4918c8d9f63a518
live_ep_000009_QUEUE_BACKUP,QUEUE_BACKUP,auth-service,49.0,1785924063.9782994,4da141c7e7b64a5ba0279f87969ae4ed,,GET /api/order,,246.87,OK,auth-service,v2.0.1,c516e73806704800baac4eba5cec17b4
live_ep_000009_QUEUE_BACKUP,QUEUE_BACKUP,auth-service,49.0,1785924063.9782994,080dd04fc2414341a2b233399de094ce,4da141c7e7b64a5ba0279f87969ae4ed,db.query.insert,WRITE,10.97,OK,user-db,v2.0.1,c516e73806704800baac4eba5cec17b4
live_ep_000009_QUEUE_BACKUP,QUEUE_BACKUP,auth-service,49.0,1785924063.9782994,c27ece50043541c09bbcefcf3d26a511,4da141c7e7b64a5ba0279f87969ae4ed,db.query.select,WRITE,23.55,OK,user-db,v2.0.1,c516e73806704800baac4eba5cec17b4
live_ep_000009_QUEUE_BACKUP,QUEUE_BACKUP,auth-service,49.0,1785924063.9782994,360121ffd1f34f9a9e0d56e81b5b2118,4da141c7e7b64a5ba0279f87969ae4ed,cache.set,,2.5,OK,cache-cluster,v2.0.1,c516e73806704800baac4eba5cec17b4
live_ep_000009_QUEUE_BACKUP,QUEUE_BACKUP,auth-service,49.0,1785924063.9782994,fae3166e500740bfbcc61133293ce4b3,4da141c7e7b64a5ba0279f87969ae4ed,grpc.call,,28.46,OK,inventory-api,v2.0.1,c516e73806704800baac4eba5cec17b4
live_ep_000009_QUEUE_BACKUP,QUEUE_BACKUP,auth-service,49.5,1785924064.4787123,9948501d020740c798a5ea94b12660fa,,GET /api/health,,344.15,OK,auth-service,v2.0.1,2d307496c7f0487bbb54d04f2073ad17
live_ep_000009_QUEUE_BACKUP,QUEUE_BACKUP,auth-service,49.5,1785924064.4787123,67ad7c5b0a0140718b745cb3ce24195f,9948501d020740c798a5ea94b12660fa,db.transaction,READ,14.75,OK,user-db,v2.0.1,2d307496c7f0487bbb54d04f2073ad17
live_ep_000009_QUEUE_BACKUP,QUEUE_BACKUP,auth-service,49.5,1785924064.4787123,0b3b587664374eb889fa11126cd32a3a,9948501d020740c798a5ea94b12660fa,http.client.post,,18.91,OK,user-db,v2.0.1,2d307496c7f0487bbb54d04f2073ad17
live_ep_000009_QUEUE_BACKUP,QUEUE_BACKUP,auth-service,50.0,1785924064.979233,a0886383de8e4e6e9fac2de37bd64ba9,,POST /api/checkout,,240.89,OK,auth-service,v2.0.1,a799fc9b280142cf967ed257ea914531
live_ep_000009_QUEUE_BACKUP,QUEUE_BACKUP,auth-service,50.0,1785924064.979233,08ca9d91e79c48b794ae1ff27d672dc2,a0886383de8e4e6e9fac2de37bd64ba9,db.query.delete,WRITE,11.44,OK,user-db,v2.0.1,a799fc9b280142cf967ed257ea914531
live_ep_000009_QUEUE_BACKUP,QUEUE_BACKUP,auth-service,50.0,1785924064.979233,fc6c011892bb4aae8f150bcd0dfdec6a,a0886383de8e4e6e9fac2de37bd64ba9,db.query.delete,READ,14.68,OK,user-db,v2.0.1,a799fc9b280142cf967ed257ea914531
live_ep_000009_QUEUE_BACKUP,QUEUE_BACKUP,auth-service,50.0,1785924064.979233,fecfb233601e45709c90c760051e5b41,a0886383de8e4e6e9fac2de37bd64ba9,cache.get,,61.39,OK,cache-cluster,v2.0.1,a799fc9b280142cf967ed257ea914531
live_ep_000009_QUEUE_BACKUP,QUEUE_BACKUP,auth-service,50.5,1785924065.4793403,5c659cbc8b9744888b22935f36cbf36d,,PUT /api/inventory,,257.97,OK,auth-service,v2.0.1,37023e1f33874f949cc314834a02c376
live_ep_000009_QUEUE_BACKUP,QUEUE_BACKUP,auth-service,50.5,1785924065.4793403,87de527605574f8b9acf41d0b8c186bf,5c659cbc8b9744888b22935f36cbf36d,db.query.select,READ,6.08,OK,user-db,v2.0.1,37023e1f33874f949cc314834a02c376
live_ep_000009_QUEUE_BACKUP,QUEUE_BACKUP,auth-service,50.5,1785924065.4793403,5d268fa752664283bc2396b8ccaaba55,5c659cbc8b9744888b22935f36cbf36d,http.client.get,,36.25,OK,inventory-api,v2.0.1,37023e1f33874f949cc314834a02c376
live_ep_000009_QUEUE_BACKUP,QUEUE_BACKUP,auth-service,51.0,1785924065.9796698,59447b3d7bc04f9b84aee4faf0960372,,GET /api/order,,236.57,OK,auth-service,v2.0.1,d06a53ae316045498a4d072c502cb388
live_ep_000009_QUEUE_BACKUP,QUEUE_BACKUP,auth-service,51.0,1785924065.9796698,96940bbc39044b16bcbf3899e36026e1,59447b3d7bc04f9b84aee4faf0960372,db.query.select,WRITE,32.54,OK,user-db,v2.0.1,d06a53ae316045498a4d072c502cb388
live_ep_000009_QUEUE_BACKUP,QUEUE_BACKUP,auth-service,51.0,1785924065.9796698,1c18c988c29e458288b723ea17b45abf,59447b3d7bc04f9b84aee4faf0960372,cache.get,,1.64,OK,cache-cluster,v2.0.1,d06a53ae316045498a4d072c502cb388
live_ep_000009_QUEUE_BACKUP,QUEUE_BACKUP,auth-service,51.5,1785924066.4804058,28209efaa6d9465291f20d4fcf053947,,POST /api/payment,,188.01,OK,auth-service,v2.0.1,e0853d5ffcd04d80ac08169e3a9b2854
live_ep_000009_QUEUE_BACKUP,QUEUE_BACKUP,auth-service,51.5,1785924066.4804058,bef8cd7acbc745ea97559395e84eac82,28209efaa6d9465291f20d4fcf053947,db.query.insert,WRITE,15.02,OK,user-db,v2.0.1,e0853d5ffcd04d80ac08169e3a9b2854
live_ep_000009_QUEUE_BACKUP,QUEUE_BACKUP,auth-service,51.5,1785924066.4804058,deb73f65b9304fc88d450759dc28e54a,28209efaa6d9465291f20d4fcf053947,cache.delete,,2.76,OK,cache-cluster,v2.0.1,e0853d5ffcd04d80ac08169e3a9b2854
live_ep_000009_QUEUE_BACKUP,QUEUE_BACKUP,auth-service,51.5,1785924066.4804058,d038540d887b45a7a38d90b08392649a,28209efaa6d9465291f20d4fcf053947,grpc.call,,26.93,OK,user-db,v2.0.1,e0853d5ffcd04d80ac08169e3a9b2854
live_ep_000009_QUEUE_BACKUP,QUEUE_BACKUP,auth-service,52.0,1785924066.981173,38ca66222fbe4a0287e2a1fa7e32e16e,,POST /api/checkout,,283.21,OK,auth-service,v2.0.1,fa8fbc8eba9840db957eeb1aa853178e
live_ep_000009_QUEUE_BACKUP,QUEUE_BACKUP,auth-service,52.0,1785924066.981173,8eff26253c614da596a2dd11f76eece6,38ca66222fbe4a0287e2a1fa7e32e16e,db.transaction,READ,24.04,OK,user-db,v2.0.1,fa8fbc8eba9840db957eeb1aa853178e
live_ep_000009_QUEUE_BACKUP,QUEUE_BACKUP,auth-service,52.0,1785924066.981173,679e96e34df2402d9d96fb70437b6d33,38ca66222fbe4a0287e2a1fa7e32e16e,db.query.update,WRITE,37.53,OK,user-db,v2.0.1,fa8fbc8eba9840db957eeb1aa853178e
live_ep_000009_QUEUE_BACKUP,QUEUE_BACKUP,auth-service,52.5,1785924067.4816532,8bf0f2343fe142b994de7c9114e4b6f9,,GET /api/auth,,207.92,OK,auth-service,v2.0.1,919722ac078248d789b43edcd330a51d
live_ep_000009_QUEUE_BACKUP,QUEUE_BACKUP,auth-service,52.5,1785924067.4816532,0f8670dc0e3d4f369584d7a232880010,8bf0f2343fe142b994de7c9114e4b6f9,db.query.delete,READ,4.09,OK,user-db,v2.0.1,919722ac078248d789b43edcd330a51d
live_ep_000009_QUEUE_BACKUP,QUEUE_BACKUP,auth-service,52.5,1785924067.4816532,c9304c57656846fd968dcd615591b01f,8bf0f2343fe142b994de7c9114e4b6f9,db.query.select,WRITE,9.83,OK,user-db,v2.0.1,919722ac078248d789b43edcd330a51d
live_ep_000009_QUEUE_BACKUP,QUEUE_BACKUP,auth-service,52.5,1785924067.4816532,5618c611372743b18ded2442b2550c42,8bf0f2343fe142b994de7c9114e4b6f9,cache.set,,3.44,OK,cache-cluster,v2.0.1,919722ac078248d789b43edcd330a51d
live_ep_000009_QUEUE_BACKUP,QUEUE_BACKUP,auth-service,52.5,1785924067.4816532,e9a707926d054ed39640cc07096f2f32,8bf0f2343fe142b994de7c9114e4b6f9,http.client.post,,23.64,OK,cache-cluster,v2.0.1,919722ac078248d789b43edcd330a51d
live_ep_000009_QUEUE_BACKUP,QUEUE_BACKUP,auth-service,53.0,1785924067.9819927,835dc257740f4c86987db23caeb75608,,POST /api/payment,,336.87,OK,auth-service,v2.0.1,6fabc1b5ff164328a74f2e12aff94b34
live_ep_000009_QUEUE_BACKUP,QUEUE_BACKUP,auth-service,53.0,1785924067.9819927,3f60339a09ce46fda6643094d3a0adb1,835dc257740f4c86987db23caeb75608,db.query.insert,READ,13.1,OK,user-db,v2.0.1,6fabc1b5ff164328a74f2e12aff94b34
live_ep_000009_QUEUE_BACKUP,QUEUE_BACKUP,auth-service,53.0,1785924067.9819927,3982e1a7a7e04205a77926f0b26b309b,835dc257740f4c86987db23caeb75608,db.query.delete,READ,12.08,OK,user-db,v2.0.1,6fabc1b5ff164328a74f2e12aff94b34
live_ep_000009_QUEUE_BACKUP,QUEUE_BACKUP,auth-service,53.0,1785924067.9819927,6aa1ff4300934f3f9b088af73108dc51,835dc257740f4c86987db23caeb75608,cache.get,,2.61,OK,cache-cluster,v2.0.1,6fabc1b5ff164328a74f2e12aff94b34
live_ep_000009_QUEUE_BACKUP,QUEUE_BACKUP,auth-service,53.5,1785924068.4821851,dce625ee248d46c5884ff316a1a51af8,,POST /api/checkout,,235.87,OK,auth-service,v2.0.1,b3dbe428270646539ce70df9db08dc01
live_ep_000009_QUEUE_BACKUP,QUEUE_BACKUP,auth-service,53.5,1785924068.4821851,d6dc4ed446fd4a7885e14404d2277159,dce625ee248d46c5884ff316a1a51af8,db.query.select,READ,16.14,OK,user-db,v2.0.1,b3dbe428270646539ce70df9db08dc01
live_ep_000009_QUEUE_BACKUP,QUEUE_BACKUP,auth-service,53.5,1785924068.4821851,7ea97481fb744108b6ad18fba2f3f866,dce625ee248d46c5884ff316a1a51af8,db.transaction,READ,24.05,OK,user-db,v2.0.1,b3dbe428270646539ce70df9db08dc01
live_ep_000009_QUEUE_BACKUP,QUEUE_BACKUP,auth-service,53.5,1785924068.4821851,b903eff255324550b16bfa201a170789,dce625ee248d46c5884ff316a1a51af8,http.client.post,,25.25,OK,user-db,v2.0.1,b3dbe428270646539ce70df9db08dc01
live_ep_000009_QUEUE_BACKUP,QUEUE_BACKUP,auth-service,54.0,1785924068.9825852,3132c575cec94aaa82a67ad84b5539f5,,GET /api/health,,243.49,OK,auth-service,v2.0.1,2af5ed22a5a447be8c387a33b27ba149
live_ep_000009_QUEUE_BACKUP,QUEUE_BACKUP,auth-service,54.0,1785924068.9825852,fedf456d0f7e4f39943992080665f8b7,3132c575cec94aaa82a67ad84b5539f5,db.transaction,READ,33.47,OK,user-db,v2.0.1,2af5ed22a5a447be8c387a33b27ba149
live_ep_000009_QUEUE_BACKUP,QUEUE_BACKUP,auth-service,54.0,1785924068.9825852,67a7bb26bf974c0cb16c6b0123b04a3b,3132c575cec94aaa82a67ad84b5539f5,db.transaction,READ,14.64,OK,user-db,v2.0.1,2af5ed22a5a447be8c387a33b27ba149
live_ep_000009_QUEUE_BACKUP,QUEUE_BACKUP,auth-service,54.0,1785924068.9825852,89d7b4bb21bb44c2a5592635d7937f0d,3132c575cec94aaa82a67ad84b5539f5,cache.delete,,3.43,OK,cache-cluster,v2.0.1,2af5ed22a5a447be8c387a33b27ba149
live_ep_000009_QUEUE_BACKUP,QUEUE_BACKUP,auth-service,54.0,1785924068.9825852,2f100d93f1f3431dba014eccc0497785,3132c575cec94aaa82a67ad84b5539f5,grpc.call,,17.45,OK,user-db,v2.0.1,2af5ed22a5a447be8c387a33b27ba149
live_ep_000009_QUEUE_BACKUP,QUEUE_BACKUP,auth-service,54.5,1785924069.4830546,49e976bbcf4d4def9e25ea3baff06190,,GET /api/health,,315.71,OK,auth-service,v2.0.1,898c532d899a42ad83893d7b016301b5
live_ep_000009_QUEUE_BACKUP,QUEUE_BACKUP,auth-service,54.5,1785924069.4830546,d95850a3074b4e7b84792d14dc192c9c,49e976bbcf4d4def9e25ea3baff06190,db.query.select,READ,15.54,OK,user-db,v2.0.1,898c532d899a42ad83893d7b016301b5
live_ep_000009_QUEUE_BACKUP,QUEUE_BACKUP,auth-service,54.5,1785924069.4830546,449cb5cc4f1b4df09785c73c70585461,49e976bbcf4d4def9e25ea3baff06190,db.query.insert,WRITE,26.02,OK,user-db,v2.0.1,898c532d899a42ad83893d7b016301b5
live_ep_000009_QUEUE_BACKUP,QUEUE_BACKUP,auth-service,55.0,1785924069.9836435,455db763e7af40f19ed23632024850d4,,POST /api/payment,,304.8,OK,auth-service,v2.0.1,26434bf9970b467ba02d79dc78833f31
live_ep_000009_QUEUE_BACKUP,QUEUE_BACKUP,auth-service,55.0,1785924069.9836435,f9d8c98f0fca4f73ab659cbcbefa4085,455db763e7af40f19ed23632024850d4,db.query.select,READ,37.67,OK,user-db,v2.0.1,26434bf9970b467ba02d79dc78833f31
live_ep_000009_QUEUE_BACKUP,QUEUE_BACKUP,auth-service,55.0,1785924069.9836435,e97df79d0cc644d9b522c42eefb57962,455db763e7af40f19ed23632024850d4,grpc.call,,40.41,OK,cache-cluster,v2.0.1,26434bf9970b467ba02d79dc78833f31
live_ep_000009_QUEUE_BACKUP,QUEUE_BACKUP,auth-service,55.5,1785924070.4840052,132049804f834e0680f13d50a7c32394,,GET /api/auth,,258.42,OK,auth-service,v2.0.1,4ae3882b218a48f386ad5cd99b8902fd
live_ep_000009_QUEUE_BACKUP,QUEUE_BACKUP,auth-service,55.5,1785924070.4840052,9fee6167b1134de8bf430411f2fc728e,132049804f834e0680f13d50a7c32394,db.query.insert,WRITE,24.49,OK,user-db,v2.0.1,4ae3882b218a48f386ad5cd99b8902fd
live_ep_000009_QUEUE_BACKUP,QUEUE_BACKUP,auth-service,55.5,1785924070.4840052,e01ddd1691d046f5aa2c0c87868e0663,132049804f834e0680f13d50a7c32394,cache.get,,1.48,OK,cache-cluster,v2.0.1,4ae3882b218a48f386ad5cd99b8902fd
live_ep_000009_QUEUE_BACKUP,QUEUE_BACKUP,auth-service,56.0,1785924070.9844012,28e94cd3955c47ef8418557c0b132f18,,GET /api/health,,232.76,OK,auth-service,v2.0.1,6c47f70db8a2437589efde96f606d33c
live_ep_000009_QUEUE_BACKUP,QUEUE_BACKUP,auth-service,56.0,1785924070.9844012,617e2d7064b841b1a4a156df32254d4b,28e94cd3955c47ef8418557c0b132f18,db.query.insert,READ,30.66,OK,user-db,v2.0.1,6c47f70db8a2437589efde96f606d33c
live_ep_000009_QUEUE_BACKUP,QUEUE_BACKUP,auth-service,56.0,1785924070.9844012,ef9b760234884ce4a09191a302d9bfd0,28e94cd3955c47ef8418557c0b132f18,cache.get,,1.71,OK,cache-cluster,v2.0.1,6c47f70db8a2437589efde96f606d33c
live_ep_000009_QUEUE_BACKUP,QUEUE_BACKUP,auth-service,56.5,1785924071.4845304,31daf47e695b4e53ad8474e9cc0b020d,,POST /api/checkout,,273.8,OK,auth-service,v2.0.1,b0b5fc2e197849229aa7e5cbdd26ce52
live_ep_000009_QUEUE_BACKUP,QUEUE_BACKUP,auth-service,56.5,1785924071.4845304,b660ef6769474814a47d7bfe85438a7d,31daf47e695b4e53ad8474e9cc0b020d,db.query.select,READ,43.58,OK,user-db,v2.0.1,b0b5fc2e197849229aa7e5cbdd26ce52
live_ep_000009_QUEUE_BACKUP,QUEUE_BACKUP,auth-service,56.5,1785924071.4845304,207fd61717e84590962814eef581abc4,31daf47e695b4e53ad8474e9cc0b020d,db.query.update,WRITE,36.51,OK,user-db,v2.0.1,b0b5fc2e197849229aa7e5cbdd26ce52
live_ep_000009_QUEUE_BACKUP,QUEUE_BACKUP,auth-service,57.0,1785924071.9860263,964e8dc8ab534ec98b0e6e45d4634760,,GET /api/order,,319.25,OK,auth-service,v2.0.1,24e709c9c44e478a90eafe04850a73ae
live_ep_000009_QUEUE_BACKUP,QUEUE_BACKUP,auth-service,57.0,1785924071.9860263,6e7e497797bf46fa8ed6141ccbffb6b7,964e8dc8ab534ec98b0e6e45d4634760,db.query.select,WRITE,10.63,OK,user-db,v2.0.1,24e709c9c44e478a90eafe04850a73ae
live_ep_000009_QUEUE_BACKUP,QUEUE_BACKUP,auth-service,57.0,1785924071.9860263,069139b9d1bd4d6d89318bdb0a4455fb,964e8dc8ab534ec98b0e6e45d4634760,db.query.delete,WRITE,7.18,OK,user-db,v2.0.1,24e709c9c44e478a90eafe04850a73ae
live_ep_000009_QUEUE_BACKUP,QUEUE_BACKUP,auth-service,57.0,1785924071.9860263,db3d0102d7604a3d97939a2f2551ce6e,964e8dc8ab534ec98b0e6e45d4634760,cache.get,,1.51,OK,cache-cluster,v2.0.1,24e709c9c44e478a90eafe04850a73ae
live_ep_000009_QUEUE_BACKUP,QUEUE_BACKUP,auth-service,57.0,1785924071.9860263,828085afc3534b688125d87d7ebdab9a,964e8dc8ab534ec98b0e6e45d4634760,http.client.post,,5115.25,ERROR,cache-cluster,v2.0.1,24e709c9c44e478a90eafe04850a73ae
live_ep_000009_QUEUE_BACKUP,QUEUE_BACKUP,auth-service,57.5,1785924072.4863143,9b84bcf6e33b44d6b5ee42a2d8939fe9,,GET /api/order,,247.3,OK,auth-service,v2.0.1,3b995095f50b4c2f8ca7270a11b39a7b
live_ep_000009_QUEUE_BACKUP,QUEUE_BACKUP,auth-service,57.5,1785924072.4863143,8e67b51e726048fc96d69405ec861383,9b84bcf6e33b44d6b5ee42a2d8939fe9,db.query.delete,READ,33.26,OK,user-db,v2.0.1,3b995095f50b4c2f8ca7270a11b39a7b
live_ep_000009_QUEUE_BACKUP,QUEUE_BACKUP,auth-service,57.5,1785924072.4863143,b1a4eb1761584e1c9e5ced1ed421fafa,9b84bcf6e33b44d6b5ee42a2d8939fe9,cache.set,,2.48,OK,cache-cluster,v2.0.1,3b995095f50b4c2f8ca7270a11b39a7b
live_ep_000009_QUEUE_BACKUP,QUEUE_BACKUP,auth-service,58.0,1785924072.9868107,fbd9fbf40f6c4d70a6582e7c0dc25688,,GET /api/health,,291.76,OK,auth-service,v2.0.1,b1f1d089e02b4a38b07d20c2afc4a156
live_ep_000009_QUEUE_BACKUP,QUEUE_BACKUP,auth-service,58.0,1785924072.9868107,c24faeb96e234eb6a5f6ecb5e716485c,fbd9fbf40f6c4d70a6582e7c0dc25688,db.query.delete,READ,30.24,OK,user-db,v2.0.1,b1f1d089e02b4a38b07d20c2afc4a156
live_ep_000009_QUEUE_BACKUP,QUEUE_BACKUP,auth-service,58.0,1785924072.9868107,0d72446b5abf42058e390073077530b6,fbd9fbf40f6c4d70a6582e7c0dc25688,db.query.update,READ,18.5,OK,user-db,v2.0.1,b1f1d089e02b4a38b07d20c2afc4a156
live_ep_000009_QUEUE_BACKUP,QUEUE_BACKUP,auth-service,58.0,1785924072.9868107,1403c5f1fc364002b73be758b1cdd6c2,fbd9fbf40f6c4d70a6582e7c0dc25688,cache.delete,,51.38,OK,cache-cluster,v2.0.1,b1f1d089e02b4a38b07d20c2afc4a156
live_ep_000009_QUEUE_BACKUP,QUEUE_BACKUP,auth-service,58.5,1785924073.4869585,7f19d01a45d742afa60d7dbfb25d732c,,GET /api/health,,331.5,OK,auth-service,v2.0.1,25326d0a549642b5a5fa034b874929c7
live_ep_000009_QUEUE_BACKUP,QUEUE_BACKUP,auth-service,58.5,1785924073.4869585,d779948bf20447d6ad51bc3daba5e45e,7f19d01a45d742afa60d7dbfb25d732c,db.query.select,READ,23.75,OK,user-db,v2.0.1,25326d0a549642b5a5fa034b874929c7
live_ep_000009_QUEUE_BACKUP,QUEUE_BACKUP,auth-service,58.5,1785924073.4869585,44804dedfaa141c0b993f1bc7fe614b4,7f19d01a45d742afa60d7dbfb25d732c,cache.set,,3.14,OK,cache-cluster,v2.0.1,25326d0a549642b5a5fa034b874929c7
live_ep_000009_QUEUE_BACKUP,QUEUE_BACKUP,auth-service,59.0,1785924073.9873655,a0746e03469445ccbe6c5e16033b1925,,GET /api/order,,216.39,OK,auth-service,v2.0.1,e16afdbb985d4bb7b434c2089994c7c3
live_ep_000009_QUEUE_BACKUP,QUEUE_BACKUP,auth-service,59.0,1785924073.9873655,70d97be33f03410882edb9bd51769401,a0746e03469445ccbe6c5e16033b1925,db.query.update,WRITE,23.24,OK,user-db,v2.0.1,e16afdbb985d4bb7b434c2089994c7c3
live_ep_000009_QUEUE_BACKUP,QUEUE_BACKUP,auth-service,59.0,1785924073.9873655,bb4c86fad3284d51ab51deeedcc16334,a0746e03469445ccbe6c5e16033b1925,cache.delete,,2.25,OK,cache-cluster,v2.0.1,e16afdbb985d4bb7b434c2089994c7c3
live_ep_000009_QUEUE_BACKUP,QUEUE_BACKUP,auth-service,59.0,1785924073.9873655,8f7be84b3a3d41ada0574c6dd7097ebb,a0746e03469445ccbe6c5e16033b1925,grpc.call,,31.58,OK,user-db,v2.0.1,e16afdbb985d4bb7b434c2089994c7c3
live_ep_000009_QUEUE_BACKUP,QUEUE_BACKUP,auth-service,59.5,1785924074.4879284,1541e0bf252e4ab79090903d5f355984,,POST /api/checkout,,263.51,OK,auth-service,v2.0.1,0169988d2fe94690b67e54846ac1e336
live_ep_000009_QUEUE_BACKUP,QUEUE_BACKUP,auth-service,59.5,1785924074.4879284,98ccd943938d40bda1aab37f65d1f915,1541e0bf252e4ab79090903d5f355984,db.query.update,WRITE,21.93,OK,user-db,v2.0.1,0169988d2fe94690b67e54846ac1e336
live_ep_000009_QUEUE_BACKUP,QUEUE_BACKUP,auth-service,59.5,1785924074.4879284,3b0db1c92f4d4569bdb8905716d55d48,1541e0bf252e4ab79090903d5f355984,db.transaction,READ,13.41,OK,user-db,v2.0.1,0169988d2fe94690b67e54846ac1e336
live_ep_000009_QUEUE_BACKUP,QUEUE_BACKUP,auth-service,59.5,1785924074.4879284,33a14507ddda4dd79f7b6275e83615bb,1541e0bf252e4ab79090903d5f355984,cache.set,,2.91,OK,cache-cluster,v2.0.1,0169988d2fe94690b67e54846ac1e336
live_ep_000010_QUEUE_BACKUP,QUEUE_BACKUP,payment-service,0.0,1785924074.9892423,7f6b5ba21a72463c8a80c6204db2e270,,PUT /api/inventory,,117.06,OK,payment-service,v2.0.1,d1463cd5d17a49eeb37cdb851b44d377
live_ep_000010_QUEUE_BACKUP,QUEUE_BACKUP,payment-service,0.0,1785924074.9892423,c8ae50810be84477bac3b283ac37c587,7f6b5ba21a72463c8a80c6204db2e270,db.query.delete,READ,20.36,OK,user-db,v2.0.1,d1463cd5d17a49eeb37cdb851b44d377
live_ep_000010_QUEUE_BACKUP,QUEUE_BACKUP,payment-service,0.0,1785924074.9892423,69d78cff84d541e29c33aa14524f42d5,7f6b5ba21a72463c8a80c6204db2e270,db.query.update,READ,24.11,OK,user-db,v2.0.1,d1463cd5d17a49eeb37cdb851b44d377
live_ep_000010_QUEUE_BACKUP,QUEUE_BACKUP,payment-service,0.0,1785924074.9892423,ec39279445d940a5b01f58af362793d0,7f6b5ba21a72463c8a80c6204db2e270,cache.delete,,1.1,OK,cache-cluster,v2.0.1,d1463cd5d17a49eeb37cdb851b44d377
live_ep_000010_QUEUE_BACKUP,QUEUE_BACKUP,payment-service,0.5,1785924075.4894876,c0eeae9001cd4be3bcdced28383f7d58,,POST /api/checkout,,122.71,OK,payment-service,v2.0.1,5786fe50f3f6450f8f68beefa7636d56
live_ep_000010_QUEUE_BACKUP,QUEUE_BACKUP,payment-service,0.5,1785924075.4894876,1441d084c41d445d8a01d847ec6b8511,c0eeae9001cd4be3bcdced28383f7d58,db.transaction,WRITE,3.48,OK,user-db,v2.0.1,5786fe50f3f6450f8f68beefa7636d56
live_ep_000010_QUEUE_BACKUP,QUEUE_BACKUP,payment-service,0.5,1785924075.4894876,b7e66877a63c4723b2e39c77825a5e10,c0eeae9001cd4be3bcdced28383f7d58,cache.set,,2.22,OK,cache-cluster,v2.0.1,5786fe50f3f6450f8f68beefa7636d56
live_ep_000010_QUEUE_BACKUP,QUEUE_BACKUP,payment-service,0.5,1785924075.4894876,4065694632524c85a2d7777824f0f5b4,c0eeae9001cd4be3bcdced28383f7d58,http.client.post,,32.29,OK,inventory-api,v2.0.1,5786fe50f3f6450f8f68beefa7636d56
live_ep_000010_QUEUE_BACKUP,QUEUE_BACKUP,payment-service,1.0,1785924075.9900534,af1589eed5c3462a9568ab83e5e15205,,GET /api/auth,,102.25,OK,payment-service,v2.0.1,8fb5512482a744e49b54807d015d0300
live_ep_000010_QUEUE_BACKUP,QUEUE_BACKUP,payment-service,1.0,1785924075.9900534,dfe975c796514119ba6bad69120058a8,af1589eed5c3462a9568ab83e5e15205,db.query.delete,READ,18.1,OK,user-db,v2.0.1,8fb5512482a744e49b54807d015d0300
live_ep_000010_QUEUE_BACKUP,QUEUE_BACKUP,payment-service,1.0,1785924075.9900534,fc2645d8ebc443a986a040a55899fc63,af1589eed5c3462a9568ab83e5e15205,db.query.update,WRITE,12.42,OK,user-db,v2.0.1,8fb5512482a744e49b54807d015d0300
live_ep_000010_QUEUE_BACKUP,QUEUE_BACKUP,payment-service,1.0,1785924075.9900534,bd6de8f6f82d4f00b9044322ee94851a,af1589eed5c3462a9568ab83e5e15205,cache.delete,,2.17,OK,cache-cluster,v2.0.1,8fb5512482a744e49b54807d015d0300
live_ep_000010_QUEUE_BACKUP,QUEUE_BACKUP,payment-service,1.0,1785924075.9900534,42987a7b0c7f489c9d30b7f67c3a44fc,af1589eed5c3462a9568ab83e5e15205,http.client.get,,27.51,OK,user-db,v2.0.1,8fb5512482a744e49b54807d015d0300
live_ep_000010_QUEUE_BACKUP,QUEUE_BACKUP,payment-service,1.5,1785924076.4904292,95696cdb685940658e5ad8d591672fb9,,GET /api/health,,165.75,OK,payment-service,v2.0.1,d8a8a1b2a0f340f78d9312a6e3c88082
live_ep_000010_QUEUE_BACKUP,QUEUE_BACKUP,payment-service,1.5,1785924076.4904292,83f3914da93447ea98d3e454ac613a6d,95696cdb685940658e5ad8d591672fb9,db.transaction,WRITE,17.05,OK,user-db,v2.0.1,d8a8a1b2a0f340f78d9312a6e3c88082
live_ep_000010_QUEUE_BACKUP,QUEUE_BACKUP,payment-service,1.5,1785924076.4904292,df4a128b1c9842c2a9052ba1cea4ee87,95696cdb685940658e5ad8d591672fb9,grpc.call,,35.71,OK,inventory-api,v2.0.1,d8a8a1b2a0f340f78d9312a6e3c88082
live_ep_000010_QUEUE_BACKUP,QUEUE_BACKUP,payment-service,2.0,1785924076.9909923,3aefa3ef1ccd4aedb7a82a13581aa798,,GET /api/auth,,149.86,OK,payment-service,v2.0.1,063fac534afb49958ee67b637536aa8c
live_ep_000010_QUEUE_BACKUP,QUEUE_BACKUP,payment-service,2.0,1785924076.9909923,642e441a0e704a81956b28fd266901f9,3aefa3ef1ccd4aedb7a82a13581aa798,db.query.update,READ,14.85,OK,user-db,v2.0.1,063fac534afb49958ee67b637536aa8c
live_ep_000010_QUEUE_BACKUP,QUEUE_BACKUP,payment-service,2.0,1785924076.9909923,254330ebb42e4bc9aab225b7f7a9276f,3aefa3ef1ccd4aedb7a82a13581aa798,cache.set,,1.1,OK,cache-cluster,v2.0.1,063fac534afb49958ee67b637536aa8c
live_ep_000010_QUEUE_BACKUP,QUEUE_BACKUP,payment-service,2.5,1785924077.4913967,dd3e5346b77a4865a39190592492afe5,,GET /api/order,,117.22,OK,payment-service,v2.0.1,d31545e3ca19495a83f356fdef61dff6
live_ep_000010_QUEUE_BACKUP,QUEUE_BACKUP,payment-service,2.5,1785924077.4913967,7327f4ed8c9e421491cbfc725973b058,dd3e5346b77a4865a39190592492afe5,db.transaction,WRITE,33.96,OK,user-db,v2.0.1,d31545e3ca19495a83f356fdef61dff6
live_ep_000010_QUEUE_BACKUP,QUEUE_BACKUP,payment-service,2.5,1785924077.4913967,b5be613753c44f4ea123509c472bd3b8,dd3e5346b77a4865a39190592492afe5,cache.get,,1.71,OK,cache-cluster,v2.0.1,d31545e3ca19495a83f356fdef61dff6
live_ep_000010_QUEUE_BACKUP,QUEUE_BACKUP,payment-service,2.5,1785924077.4913967,fc8e8eb7934047dc9e06923f258b2a31,dd3e5346b77a4865a39190592492afe5,grpc.call,,26.5,OK,payment-gateway,v2.0.1,d31545e3ca19495a83f356fdef61dff6
live_ep_000010_QUEUE_BACKUP,QUEUE_BACKUP,payment-service,3.0,1785924077.9915605,760bb50830bf4342b9d742695a2a379a,,POST /api/checkout,,118.43,OK,payment-service,v2.0.1,fbc53fcef35e4ea09750b8e5d813c331
live_ep_000010_QUEUE_BACKUP,QUEUE_BACKUP,payment-service,3.0,1785924077.9915605,6dcb72946dab4ebb9f52b5c252144a6c,760bb50830bf4342b9d742695a2a379a,db.query.select,READ,7.97,OK,user-db,v2.0.1,fbc53fcef35e4ea09750b8e5d813c331
live_ep_000010_QUEUE_BACKUP,QUEUE_BACKUP,payment-service,3.0,1785924077.9915605,acd1347108d04fbfaca5fd0840ecfe2d,760bb50830bf4342b9d742695a2a379a,cache.delete,,2.54,OK,cache-cluster,v2.0.1,fbc53fcef35e4ea09750b8e5d813c331
live_ep_000010_QUEUE_BACKUP,QUEUE_BACKUP,payment-service,3.0,1785924077.9915605,591ee60a8b6c4972a07bd00f496b4659,760bb50830bf4342b9d742695a2a379a,grpc.call,,17.2,OK,payment-gateway,v2.0.1,fbc53fcef35e4ea09750b8e5d813c331
live_ep_000010_QUEUE_BACKUP,QUEUE_BACKUP,payment-service,3.5,1785924078.4920356,a82067baf2d648ed8233783cbdcf9e8e,,GET /api/health,,105.5,OK,payment-service,v2.0.1,e2dbb3250fd6422da69199bdd0b8dbc6
live_ep_000010_QUEUE_BACKUP,QUEUE_BACKUP,payment-service,3.5,1785924078.4920356,1fa06dbf3cad4d9dab1b0323322f3e02,a82067baf2d648ed8233783cbdcf9e8e,db.query.select,READ,14.93,OK,user-db,v2.0.1,e2dbb3250fd6422da69199bdd0b8dbc6
live_ep_000010_QUEUE_BACKUP,QUEUE_BACKUP,payment-service,3.5,1785924078.4920356,3406103e617f4cd4b554c2e0b4beeb85,a82067baf2d648ed8233783cbdcf9e8e,db.query.insert,READ,10.78,OK,user-db,v2.0.1,e2dbb3250fd6422da69199bdd0b8dbc6
live_ep_000010_QUEUE_BACKUP,QUEUE_BACKUP,payment-service,3.5,1785924078.4920356,37056c746f5844979e48b157fbee9846,a82067baf2d648ed8233783cbdcf9e8e,cache.delete,,2.67,OK,cache-cluster,v2.0.1,e2dbb3250fd6422da69199bdd0b8dbc6
live_ep_000010_QUEUE_BACKUP,QUEUE_BACKUP,payment-service,4.0,1785924078.9924443,67909d8481944a78bd2be316a62355d7,,GET /api/auth,,136.12,OK,payment-service,v2.0.1,283c9a9a723b47b29ba8a64cf1b86248
live_ep_000010_QUEUE_BACKUP,QUEUE_BACKUP,payment-service,4.0,1785924078.9924443,40614d9925e74015b0e6e5e21d30e661,67909d8481944a78bd2be316a62355d7,db.query.insert,WRITE,27.34,OK,user-db,v2.0.1,283c9a9a723b47b29ba8a64cf1b86248
live_ep_000010_QUEUE_BACKUP,QUEUE_BACKUP,payment-service,4.0,1785924078.9924443,d38c9af183ca422a83a0bd81361a1ea1,67909d8481944a78bd2be316a62355d7,db.query.select,WRITE,26.93,OK,user-db,v2.0.1,283c9a9a723b47b29ba8a64cf1b86248
live_ep_000010_QUEUE_BACKUP,QUEUE_BACKUP,payment-service,4.5,1785924079.4926355,bd689c9cf96f44fbac33d6cefaf03f98,,PUT /api/inventory,,130.26,OK,payment-service,v2.0.1,4a2cf036a5044d48a0d115610ba3fb96
live_ep_000010_QUEUE_BACKUP,QUEUE_BACKUP,payment-service,4.5,1785924079.4926355,8bc04df556604e65a29570e81c3d50c3,bd689c9cf96f44fbac33d6cefaf03f98,db.query.select,READ,34.84,OK,user-db,v2.0.1,4a2cf036a5044d48a0d115610ba3fb96
live_ep_000010_QUEUE_BACKUP,QUEUE_BACKUP,payment-service,4.5,1785924079.4926355,4f46fcc9ef0a4e9da8dedddde2698a53,bd689c9cf96f44fbac33d6cefaf03f98,grpc.call,,34.29,OK,inventory-api,v2.0.1,4a2cf036a5044d48a0d115610ba3fb96
live_ep_000010_QUEUE_BACKUP,QUEUE_BACKUP,payment-service,5.0,1785924079.992747,d9781423f0494360b295f2312d9677d5,,GET /api/health,,123.17,OK,payment-service,v2.0.1,2ecf7948c57d475181cba9a2e161323e
live_ep_000010_QUEUE_BACKUP,QUEUE_BACKUP,payment-service,5.0,1785924079.992747,65cffe9482fe471eb81a770ec5c5ae12,d9781423f0494360b295f2312d9677d5,db.query.update,READ,16.55,OK,user-db,v2.0.1,2ecf7948c57d475181cba9a2e161323e
live_ep_000010_QUEUE_BACKUP,QUEUE_BACKUP,payment-service,5.0,1785924079.992747,5c9d29d2189842b8b8a7bf8723635678,d9781423f0494360b295f2312d9677d5,cache.delete,,2.24,OK,cache-cluster,v2.0.1,2ecf7948c57d475181cba9a2e161323e
live_ep_000010_QUEUE_BACKUP,QUEUE_BACKUP,payment-service,5.0,1785924079.992747,f4a4a5f66a694ec796e861d17b62a2e2,d9781423f0494360b295f2312d9677d5,http.client.post,,41.18,OK,user-db,v2.0.1,2ecf7948c57d475181cba9a2e161323e
live_ep_000010_QUEUE_BACKUP,QUEUE_BACKUP,payment-service,5.5,1785924080.4931633,3656fef4e3894339882dec5298c10f35,,GET /api/health,,107.08,OK,payment-service,v2.0.1,e7e1e8d3f85e476daf9c6cd572c597d4
live_ep_000010_QUEUE_BACKUP,QUEUE_BACKUP,payment-service,5.5,1785924080.4931633,403165b770f24224bc460e8a3cf01e84,3656fef4e3894339882dec5298c10f35,db.query.delete,READ,21.15,OK,user-db,v2.0.1,e7e1e8d3f85e476daf9c6cd572c597d4
live_ep_000010_QUEUE_BACKUP,QUEUE_BACKUP,payment-service,5.5,1785924080.4931633,2b79d1547e1e41ba839d20038d6bbef1,3656fef4e3894339882dec5298c10f35,db.query.select,WRITE,13.1,OK,user-db,v2.0.1,e7e1e8d3f85e476daf9c6cd572c597d4
live_ep_000010_QUEUE_BACKUP,QUEUE_BACKUP,payment-service,6.0,1785924080.9933875,bb71ff3000b14c829bc551dceb160661,,GET /api/order,,142.39,OK,payment-service,v2.0.1,291ced615d0b447fba6627873d9dd69a
live_ep_000010_QUEUE_BACKUP,QUEUE_BACKUP,payment-service,6.0,1785924080.9933875,2df8762320bd4b1f84df1156b27769e1,bb71ff3000b14c829bc551dceb160661,db.query.insert,WRITE,19.68,OK,user-db,v2.0.1,291ced615d0b447fba6627873d9dd69a
live_ep_000010_QUEUE_BACKUP,QUEUE_BACKUP,payment-service,6.0,1785924080.9933875,1c62cac9fcf64a54a4305935fa4a0677,bb71ff3000b14c829bc551dceb160661,cache.get,,1.04,OK,cache-cluster,v2.0.1,291ced615d0b447fba6627873d9dd69a
live_ep_000010_QUEUE_BACKUP,QUEUE_BACKUP,payment-service,6.0,1785924080.9933875,a258abaf283040498a8a416848213864,bb71ff3000b14c829bc551dceb160661,http.client.get,,26.89,OK,cache-cluster,v2.0.1,291ced615d0b447fba6627873d9dd69a
live_ep_000010_QUEUE_BACKUP,QUEUE_BACKUP,payment-service,6.5,1785924081.4936888,3f20a542ddff4b248087d7a51187e3f5,,GET /api/auth,,103.96,OK,payment-service,v2.0.1,a304f20e921f4ee083dd201d2e5c6dac
live_ep_000010_QUEUE_BACKUP,QUEUE_BACKUP,payment-service,6.5,1785924081.4936888,f34f17ef51694a4394c008072acd8a8b,3f20a542ddff4b248087d7a51187e3f5,db.query.insert,WRITE,22.09,OK,user-db,v2.0.1,a304f20e921f4ee083dd201d2e5c6dac
live_ep_000010_QUEUE_BACKUP,QUEUE_BACKUP,payment-service,6.5,1785924081.4936888,a02890ff87ad4aa4a7af36143f7683d9,3f20a542ddff4b248087d7a51187e3f5,cache.delete,,0.7,OK,cache-cluster,v2.0.1,a304f20e921f4ee083dd201d2e5c6dac
live_ep_000010_QUEUE_BACKUP,QUEUE_BACKUP,payment-service,7.0,1785924081.9940114,7a289f6cfaab4253996c4c76fd1a520a,,GET /api/auth,,139.79,OK,payment-service,v2.0.1,8afcba2e5e584f8baa72eb82a8482b19
live_ep_000010_QUEUE_BACKUP,QUEUE_BACKUP,payment-service,7.0,1785924081.9940114,116a5f16a21240379d7dcc6e7e169800,7a289f6cfaab4253996c4c76fd1a520a,db.query.select,WRITE,29.65,OK,user-db,v2.0.1,8afcba2e5e584f8baa72eb82a8482b19
live_ep_000010_QUEUE_BACKUP,QUEUE_BACKUP,payment-service,7.0,1785924081.9940114,32a0764aed1f400795906d8661544645,7a289f6cfaab4253996c4c76fd1a520a,db.query.select,WRITE,19.11,OK,user-db,v2.0.1,8afcba2e5e584f8baa72eb82a8482b19
live_ep_000010_QUEUE_BACKUP,QUEUE_BACKUP,payment-service,7.0,1785924081.9940114,7dba20cc303843c9acdcc5c3260913b8,7a289f6cfaab4253996c4c76fd1a520a,cache.delete,,1.71,OK,cache-cluster,v2.0.1,8afcba2e5e584f8baa72eb82a8482b19
live_ep_000010_QUEUE_BACKUP,QUEUE_BACKUP,payment-service,7.5,1785924082.494548,b85f5ef74b9044929604bb391461657e,,GET /api/order,,115.59,OK,payment-service,v2.0.1,b3d22ced5f234cefa793800a87e2203e
live_ep_000010_QUEUE_BACKUP,QUEUE_BACKUP,payment-service,7.5,1785924082.494548,cf6281a0f4214c5ca3576f17c1ffc7c2,b85f5ef74b9044929604bb391461657e,db.query.delete,READ,29.79,OK,user-db,v2.0.1,b3d22ced5f234cefa793800a87e2203e
live_ep_000010_QUEUE_BACKUP,QUEUE_BACKUP,payment-service,7.5,1785924082.494548,49cde4c1abb44fae94413f903ce8cae6,b85f5ef74b9044929604bb391461657e,grpc.call,,39.55,OK,inventory-api,v2.0.1,b3d22ced5f234cefa793800a87e2203e
live_ep_000010_QUEUE_BACKUP,QUEUE_BACKUP,payment-service,8.0,1785924082.9946496,a203ec75e97c495a9269651678086f78,,GET /api/auth,,132.47,OK,payment-service,v2.0.1,ce827b211f184b16a5387b66074cf05e
live_ep_000010_QUEUE_BACKUP,QUEUE_BACKUP,payment-service,8.0,1785924082.9946496,6bba98432fc44a9f903c535aaca41a5c,a203ec75e97c495a9269651678086f78,db.transaction,WRITE,28.34,OK,user-db,v2.0.1,ce827b211f184b16a5387b66074cf05e
live_ep_000010_QUEUE_BACKUP,QUEUE_BACKUP,payment-service,8.0,1785924082.9946496,53e94308bd054069b1a660993f691a50,a203ec75e97c495a9269651678086f78,db.query.insert,READ,32.21,OK,user-db,v2.0.1,ce827b211f184b16a5387b66074cf05e
live_ep_000010_QUEUE_BACKUP,QUEUE_BACKUP,payment-service,8.5,1785924083.4950557,c2ea6c16a6a84f3aaf59509360c83980,,GET /api/health,,122.12,OK,payment-service,v2.0.1,191ba2f376b540328b2c68059b73e534
live_ep_000010_QUEUE_BACKUP,QUEUE_BACKUP,payment-service,8.5,1785924083.4950557,fe1ba3e45a6d4dc4af4945f100325b2e,c2ea6c16a6a84f3aaf59509360c83980,db.query.insert,WRITE,29.42,OK,user-db,v2.0.1,191ba2f376b540328b2c68059b73e534
live_ep_000010_QUEUE_BACKUP,QUEUE_BACKUP,payment-service,8.5,1785924083.4950557,2c1807c862974a34a3b8b7bdbfece4c4,c2ea6c16a6a84f3aaf59509360c83980,cache.delete,,2.02,OK,cache-cluster,v2.0.1,191ba2f376b540328b2c68059b73e534
live_ep_000010_QUEUE_BACKUP,QUEUE_BACKUP,payment-service,9.0,1785924083.9954867,e0d38a62ed7c4e5fb7321c3168d2caf0,,POST /api/payment,,130.02,OK,payment-service,v2.0.1,850d7944027d467894d706cf74989970
live_ep_000010_QUEUE_BACKUP,QUEUE_BACKUP,payment-service,9.0,1785924083.9954867,6c6ac7a5b3d74e32805be519446180ae,e0d38a62ed7c4e5fb7321c3168d2caf0,db.query.update,WRITE,19.61,OK,user-db,v2.0.1,850d7944027d467894d706cf74989970
live_ep_000010_QUEUE_BACKUP,QUEUE_BACKUP,payment-service,9.0,1785924083.9954867,c44c7c4ee7054231a22179b0ec571935,e0d38a62ed7c4e5fb7321c3168d2caf0,cache.get,,1.78,OK,cache-cluster,v2.0.1,850d7944027d467894d706cf74989970
live_ep_000010_QUEUE_BACKUP,QUEUE_BACKUP,payment-service,9.0,1785924083.9954867,073b7be1cb3c4a2caae8600edf4d19c9,e0d38a62ed7c4e5fb7321c3168d2caf0,grpc.call,,16.53,OK,user-db,v2.0.1,850d7944027d467894d706cf74989970
live_ep_000010_QUEUE_BACKUP,QUEUE_BACKUP,payment-service,9.5,1785924084.4959693,cb46abe10082410c914e69e63133da09,,POST /api/payment,,104.57,OK,payment-service,v2.0.1,a4c149c18dd34c6abf7eea46728cafc5
live_ep_000010_QUEUE_BACKUP,QUEUE_BACKUP,payment-service,9.5,1785924084.4959693,7f1554c39ecd433e81424f775f765706,cb46abe10082410c914e69e63133da09,db.query.update,READ,21.19,OK,user-db,v2.0.1,a4c149c18dd34c6abf7eea46728cafc5
live_ep_000010_QUEUE_BACKUP,QUEUE_BACKUP,payment-service,9.5,1785924084.4959693,45672f9bcd9845f6b8da0ff185cb4ee0,cb46abe10082410c914e69e63133da09,db.query.insert,READ,20.81,OK,user-db,v2.0.1,a4c149c18dd34c6abf7eea46728cafc5
live_ep_000010_QUEUE_BACKUP,QUEUE_BACKUP,payment-service,9.5,1785924084.4959693,c845386e7737423da7eb412668d2d0ec,cb46abe10082410c914e69e63133da09,cache.set,,2.47,OK,cache-cluster,v2.0.1,a4c149c18dd34c6abf7eea46728cafc5
live_ep_000010_QUEUE_BACKUP,QUEUE_BACKUP,payment-service,9.5,1785924084.4959693,5e8c2975123f4c27910deec35b27b931,cb46abe10082410c914e69e63133da09,grpc.call,,28.99,OK,user-db,v2.0.1,a4c149c18dd34c6abf7eea46728cafc5
live_ep_000010_QUEUE_BACKUP,QUEUE_BACKUP,payment-service,10.0,1785924084.9962208,c6e6838652ac45b4bc9637352346a487,,GET /api/auth,,117.54,OK,payment-service,v2.0.1,425932c1993e4e79b7793496a87819e8
live_ep_000010_QUEUE_BACKUP,QUEUE_BACKUP,payment-service,10.0,1785924084.9962208,aeb140fb417c472883c9279c4c049e35,c6e6838652ac45b4bc9637352346a487,db.query.insert,READ,21.77,OK,user-db,v2.0.1,425932c1993e4e79b7793496a87819e8
live_ep_000010_QUEUE_BACKUP,QUEUE_BACKUP,payment-service,10.5,1785924085.4966624,78a4e2a3ec0d4a7da20eefdb18c0224a,,POST /api/payment,,91.05,OK,payment-service,v2.0.1,755452f8ddd24351b03b5668d265d6d6
live_ep_000010_QUEUE_BACKUP,QUEUE_BACKUP,payment-service,10.5,1785924085.4966624,c1cac69ab59d4743a00690ada717e94e,78a4e2a3ec0d4a7da20eefdb18c0224a,db.query.insert,WRITE,22.73,OK,user-db,v2.0.1,755452f8ddd24351b03b5668d265d6d6
live_ep_000010_QUEUE_BACKUP,QUEUE_BACKUP,payment-service,10.5,1785924085.4966624,f3ce7b98fcbb4e4f821704e7b1917053,78a4e2a3ec0d4a7da20eefdb18c0224a,cache.get,,1.44,OK,cache-cluster,v2.0.1,755452f8ddd24351b03b5668d265d6d6
live_ep_000010_QUEUE_BACKUP,QUEUE_BACKUP,payment-service,11.0,1785924085.9971726,7b6d298ebfb44713a3ccd316929bd1d3,,GET /api/auth,,89.2,OK,payment-service,v2.0.1,5d5d49f7b3544adc8afb19a22a917ac1
live_ep_000010_QUEUE_BACKUP,QUEUE_BACKUP,payment-service,11.0,1785924085.9971726,b160a99457b147bca707904ff8aeb2de,7b6d298ebfb44713a3ccd316929bd1d3,db.query.delete,WRITE,20.37,OK,user-db,v2.0.1,5d5d49f7b3544adc8afb19a22a917ac1
live_ep_000010_QUEUE_BACKUP,QUEUE_BACKUP,payment-service,11.0,1785924085.9971726,d69a26d5f25c4b8ca3b039ae646cc328,7b6d298ebfb44713a3ccd316929bd1d3,db.query.insert,WRITE,33.54,OK,user-db,v2.0.1,5d5d49f7b3544adc8afb19a22a917ac1
live_ep_000010_QUEUE_BACKUP,QUEUE_BACKUP,payment-service,11.0,1785924085.9971726,a3c6f48a834d4e91b0e55af1f626d4a1,7b6d298ebfb44713a3ccd316929bd1d3,cache.delete,,1.55,OK,cache-cluster,v2.0.1,5d5d49f7b3544adc8afb19a22a917ac1
live_ep_000010_QUEUE_BACKUP,QUEUE_BACKUP,payment-service,11.0,1785924085.9971726,9c37a9f8572d4968857aff7f08954135,7b6d298ebfb44713a3ccd316929bd1d3,http.client.post,,36.17,OK,inventory-api,v2.0.1,5d5d49f7b3544adc8afb19a22a917ac1
live_ep_000010_QUEUE_BACKUP,QUEUE_BACKUP,payment-service,11.5,1785924086.4972377,8d3f0a8bac59412b9862ddf5084916f8,,GET /api/order,,127.87,OK,payment-service,v2.0.1,c9a7d2ce890c4a49bf41b324509b6c36
live_ep_000010_QUEUE_BACKUP,QUEUE_BACKUP,payment-service,11.5,1785924086.4972377,ff14f7c36b484df89b4614050f89b874,8d3f0a8bac59412b9862ddf5084916f8,db.query.delete,WRITE,34.1,OK,user-db,v2.0.1,c9a7d2ce890c4a49bf41b324509b6c36
live_ep_000010_QUEUE_BACKUP,QUEUE_BACKUP,payment-service,11.5,1785924086.4972377,961f5849a4784e238aebcf5d3278a5ad,8d3f0a8bac59412b9862ddf5084916f8,db.query.insert,READ,42.99,OK,user-db,v2.0.1,c9a7d2ce890c4a49bf41b324509b6c36
live_ep_000010_QUEUE_BACKUP,QUEUE_BACKUP,payment-service,11.5,1785924086.4972377,e3c45c45e88c41cbb614622a456fd09b,8d3f0a8bac59412b9862ddf5084916f8,cache.get,,1.88,OK,cache-cluster,v2.0.1,c9a7d2ce890c4a49bf41b324509b6c36
live_ep_000010_QUEUE_BACKUP,QUEUE_BACKUP,payment-service,12.0,1785924086.9976377,b9b97dd59acd4006a41cc4c9d779c673,,GET /api/health,,125.27,OK,payment-service,v2.0.1,69f2a4dc270b448da39a3151d318aed8
live_ep_000010_QUEUE_BACKUP,QUEUE_BACKUP,payment-service,12.0,1785924086.9976377,51f47ac82a874428bef41004d9c9b05e,b9b97dd59acd4006a41cc4c9d779c673,db.query.insert,READ,19.36,OK,user-db,v2.0.1,69f2a4dc270b448da39a3151d318aed8
live_ep_000010_QUEUE_BACKUP,QUEUE_BACKUP,payment-service,12.0,1785924086.9976377,3dfb490cb14a421fab6aabe9884f2a96,b9b97dd59acd4006a41cc4c9d779c673,db.query.insert,READ,22.72,OK,user-db,v2.0.1,69f2a4dc270b448da39a3151d318aed8
live_ep_000010_QUEUE_BACKUP,QUEUE_BACKUP,payment-service,12.0,1785924086.9976377,53fa4c7bbfb74d1685cdedf29af42723,b9b97dd59acd4006a41cc4c9d779c673,cache.get,,3.06,OK,cache-cluster,v2.0.1,69f2a4dc270b448da39a3151d318aed8
live_ep_000010_QUEUE_BACKUP,QUEUE_BACKUP,payment-service,12.5,1785924087.497966,87b8a9d7522346b197d068311575b361,,GET /api/health,,140.58,OK,payment-service,v2.0.1,0c1cb6076d5c4ff08b325b2a98206fdd
live_ep_000010_QUEUE_BACKUP,QUEUE_BACKUP,payment-service,12.5,1785924087.497966,b2bbfbc326ad4e1f8476acf5d794938b,87b8a9d7522346b197d068311575b361,db.query.select,READ,23.5,OK,user-db,v2.0.1,0c1cb6076d5c4ff08b325b2a98206fdd
live_ep_000010_QUEUE_BACKUP,QUEUE_BACKUP,payment-service,13.0,1785924087.9984,d5c6b04a8503468e918dfc2d601a48cc,,GET /api/health,,159.07,OK,payment-service,v2.0.1,876f2aa1d7fe4000851f99b06294c038
live_ep_000010_QUEUE_BACKUP,QUEUE_BACKUP,payment-service,13.0,1785924087.9984,df456f75d2724f4fb587429522e318c9,d5c6b04a8503468e918dfc2d601a48cc,db.query.update,WRITE,34.19,OK,user-db,v2.0.1,876f2aa1d7fe4000851f99b06294c038
live_ep_000010_QUEUE_BACKUP,QUEUE_BACKUP,payment-service,13.0,1785924087.9984,24325ca34daf46638a4729c126e65803,d5c6b04a8503468e918dfc2d601a48cc,db.query.select,WRITE,31.52,OK,user-db,v2.0.1,876f2aa1d7fe4000851f99b06294c038
live_ep_000010_QUEUE_BACKUP,QUEUE_BACKUP,payment-service,13.0,1785924087.9984,0f9795347f1c473981364c3acb917d54,d5c6b04a8503468e918dfc2d601a48cc,cache.get,,3.35,OK,cache-cluster,v2.0.1,876f2aa1d7fe4000851f99b06294c038
live_ep_000010_QUEUE_BACKUP,QUEUE_BACKUP,payment-service,13.0,1785924087.9984,2a0cae58b6dd4d55aa304a70dd7eb2fe,d5c6b04a8503468e918dfc2d601a48cc,http.client.post,,23.3,OK,cache-cluster,v2.0.1,876f2aa1d7fe4000851f99b06294c038
live_ep_000010_QUEUE_BACKUP,QUEUE_BACKUP,payment-service,13.5,1785924088.4985697,f1bb9fa2067b45c9b07679fedab407fc,,GET /api/auth,,129.08,OK,payment-service,v2.0.1,2b888e3598c44157a949de33f665fc06
live_ep_000010_QUEUE_BACKUP,QUEUE_BACKUP,payment-service,13.5,1785924088.4985697,38ff7c7ae4c647eba037a255b7cc4aee,f1bb9fa2067b45c9b07679fedab407fc,db.query.select,READ,27.64,OK,user-db,v2.0.1,2b888e3598c44157a949de33f665fc06
live_ep_000010_QUEUE_BACKUP,QUEUE_BACKUP,payment-service,13.5,1785924088.4985697,9cb6c061f59f4f4bb8d5d166f76b4af0,f1bb9fa2067b45c9b07679fedab407fc,grpc.call,,35.11,OK,inventory-api,v2.0.1,2b888e3598c44157a949de33f665fc06
live_ep_000010_QUEUE_BACKUP,QUEUE_BACKUP,payment-service,14.0,1785924088.9990935,ddce9531f98a4517acc230fa5326fbf6,,GET /api/health,,154.89,OK,payment-service,v2.0.1,1e6473b020e64f1fbb1dcbc92d755bc3
live_ep_000010_QUEUE_BACKUP,QUEUE_BACKUP,payment-service,14.0,1785924088.9990935,888e117bb7d84220963200ae994802be,ddce9531f98a4517acc230fa5326fbf6,db.transaction,WRITE,25.56,OK,user-db,v2.0.1,1e6473b020e64f1fbb1dcbc92d755bc3
live_ep_000010_QUEUE_BACKUP,QUEUE_BACKUP,payment-service,14.0,1785924088.9990935,c9627c9d2001438485e5f80feec61956,ddce9531f98a4517acc230fa5326fbf6,cache.set,,0.5,OK,cache-cluster,v2.0.1,1e6473b020e64f1fbb1dcbc92d755bc3
live_ep_000010_QUEUE_BACKUP,QUEUE_BACKUP,payment-service,14.5,1785924089.4994438,27c8714c575d44d4a725426f89bbffad,,PUT /api/inventory,,135.44,OK,payment-service,v2.0.1,945cb3421960447c8deb901823c6d416
live_ep_000010_QUEUE_BACKUP,QUEUE_BACKUP,payment-service,14.5,1785924089.4994438,645f1bd9109f42019ef7c5da7416e9e6,27c8714c575d44d4a725426f89bbffad,db.query.delete,READ,32.44,OK,user-db,v2.0.1,945cb3421960447c8deb901823c6d416
live_ep_000010_QUEUE_BACKUP,QUEUE_BACKUP,payment-service,15.0,1785924089.999505,8a09576f6d864bdf9058373b8deb22f4,,GET /api/order,,123.45,OK,payment-service,v2.0.1,f1a0d32f4da94546a5971e3dae5f84b3
live_ep_000010_QUEUE_BACKUP,QUEUE_BACKUP,payment-service,15.0,1785924089.999505,ffff05b1a7474bfe928c96824ade7237,8a09576f6d864bdf9058373b8deb22f4,db.query.insert,READ,22.95,OK,user-db,v2.0.1,f1a0d32f4da94546a5971e3dae5f84b3
live_ep_000010_QUEUE_BACKUP,QUEUE_BACKUP,payment-service,15.0,1785924089.999505,e4edeb5dca9a4d0194d56994ad9422d5,8a09576f6d864bdf9058373b8deb22f4,db.query.update,READ,15.9,OK,user-db,v2.0.1,f1a0d32f4da94546a5971e3dae5f84b3
live_ep_000010_QUEUE_BACKUP,QUEUE_BACKUP,payment-service,15.0,1785924089.999505,4d0694d3efe94f71b2969d02c3a41cf8,8a09576f6d864bdf9058373b8deb22f4,cache.delete,,0.5,OK,cache-cluster,v2.0.1,f1a0d32f4da94546a5971e3dae5f84b3
live_ep_000010_QUEUE_BACKUP,QUEUE_BACKUP,payment-service,15.5,1785924090.5000029,917f2a3263a64abab788983c485dd09c,,GET /api/order,,130.66,OK,payment-service,v2.0.1,cbc8937ce2fd4e59b5318157cb6d7bd8
live_ep_000010_QUEUE_BACKUP,QUEUE_BACKUP,payment-service,15.5,1785924090.5000029,aaa76d18cdfa46519b3799b8f0807a1c,917f2a3263a64abab788983c485dd09c,db.query.insert,READ,31.25,OK,user-db,v2.0.1,cbc8937ce2fd4e59b5318157cb6d7bd8
live_ep_000010_QUEUE_BACKUP,QUEUE_BACKUP,payment-service,15.5,1785924090.5000029,1e6fceb3bc8145348b004a9b942d759e,917f2a3263a64abab788983c485dd09c,db.transaction,READ,27.71,OK,user-db,v2.0.1,cbc8937ce2fd4e59b5318157cb6d7bd8
live_ep_000010_QUEUE_BACKUP,QUEUE_BACKUP,payment-service,15.5,1785924090.5000029,1267eb455fb1422dad1010f9365feba1,917f2a3263a64abab788983c485dd09c,cache.get,,1.95,OK,cache-cluster,v2.0.1,cbc8937ce2fd4e59b5318157cb6d7bd8
live_ep_000010_QUEUE_BACKUP,QUEUE_BACKUP,payment-service,16.0,1785924091.0005212,9758faccae8042b6baa37fb06fab0b3c,,GET /api/health,,87.75,OK,payment-service,v2.0.1,01a761b3b0344c5cbc4a66d4d72889d7
live_ep_000010_QUEUE_BACKUP,QUEUE_BACKUP,payment-service,16.0,1785924091.0005212,55ef4d86b91c462d85805a2fb28c5607,9758faccae8042b6baa37fb06fab0b3c,db.query.delete,WRITE,21.45,OK,user-db,v2.0.1,01a761b3b0344c5cbc4a66d4d72889d7
live_ep_000010_QUEUE_BACKUP,QUEUE_BACKUP,payment-service,16.0,1785924091.0005212,16ba0c57b5bb45ca957976b5b0e671f1,9758faccae8042b6baa37fb06fab0b3c,db.query.delete,READ,6.29,OK,user-db,v2.0.1,01a761b3b0344c5cbc4a66d4d72889d7
live_ep_000010_QUEUE_BACKUP,QUEUE_BACKUP,payment-service,16.0,1785924091.0005212,97fced5bb48c450180fc81559a302e4a,9758faccae8042b6baa37fb06fab0b3c,cache.get,,2.73,OK,cache-cluster,v2.0.1,01a761b3b0344c5cbc4a66d4d72889d7
live_ep_000010_QUEUE_BACKUP,QUEUE_BACKUP,payment-service,16.5,1785924091.5008168,a231c6b4595b424cb4920697436a9ea5,,GET /api/health,,160.02,OK,payment-service,v2.0.1,60fb97a135ac46debafc1a4305b05b40
live_ep_000010_QUEUE_BACKUP,QUEUE_BACKUP,payment-service,16.5,1785924091.5008168,446c3a719b234c828edbcc4d505eeed5,a231c6b4595b424cb4920697436a9ea5,db.query.select,WRITE,17.93,OK,user-db,v2.0.1,60fb97a135ac46debafc1a4305b05b40
live_ep_000010_QUEUE_BACKUP,QUEUE_BACKUP,payment-service,16.5,1785924091.5008168,d267a38d7dca44c7981f2e2c70195c27,a231c6b4595b424cb4920697436a9ea5,db.query.select,WRITE,17.75,OK,user-db,v2.0.1,60fb97a135ac46debafc1a4305b05b40
live_ep_000010_QUEUE_BACKUP,QUEUE_BACKUP,payment-service,16.5,1785924091.5008168,eb5d48f391e6466d8aa045ca753b0f36,a231c6b4595b424cb4920697436a9ea5,cache.get,,1.48,OK,cache-cluster,v2.0.1,60fb97a135ac46debafc1a4305b05b40
live_ep_000010_QUEUE_BACKUP,QUEUE_BACKUP,payment-service,17.0,1785924092.0013342,794004d82b8340db9e8e51f82e9461e3,,PUT /api/inventory,,116.08,OK,payment-service,v2.0.1,98feccf678404beca12a031884b494a5
live_ep_000010_QUEUE_BACKUP,QUEUE_BACKUP,payment-service,17.0,1785924092.0013342,df0fb1f17f604be0957083f75e639fc8,794004d82b8340db9e8e51f82e9461e3,db.query.insert,READ,22.62,OK,user-db,v2.0.1,98feccf678404beca12a031884b494a5
live_ep_000010_QUEUE_BACKUP,QUEUE_BACKUP,payment-service,17.0,1785924092.0013342,d0bca65196e34951ad171a19bd75bff5,794004d82b8340db9e8e51f82e9461e3,db.transaction,WRITE,30.27,OK,user-db,v2.0.1,98feccf678404beca12a031884b494a5
live_ep_000010_QUEUE_BACKUP,QUEUE_BACKUP,payment-service,17.0,1785924092.0013342,548e908657f24edeb5402f694d9a1068,794004d82b8340db9e8e51f82e9461e3,cache.set,,1.73,OK,cache-cluster,v2.0.1,98feccf678404beca12a031884b494a5
live_ep_000010_QUEUE_BACKUP,QUEUE_BACKUP,payment-service,17.5,1785924092.5015924,553ea3cc34b2469b925de9e27ec9f942,,POST /api/payment,,84.58,OK,payment-service,v2.0.1,b83bd02674a64d25a4ba6aac99105e60
live_ep_000010_QUEUE_BACKUP,QUEUE_BACKUP,payment-service,17.5,1785924092.5015924,e5c357af5b92478087c08bbaae388332,553ea3cc34b2469b925de9e27ec9f942,db.query.select,WRITE,25.21,OK,user-db,v2.0.1,b83bd02674a64d25a4ba6aac99105e60
live_ep_000010_QUEUE_BACKUP,QUEUE_BACKUP,payment-service,17.5,1785924092.5015924,6fafcddb37b04f6cb0d7c10d993cb15c,553ea3cc34b2469b925de9e27ec9f942,db.query.insert,READ,29.65,OK,user-db,v2.0.1,b83bd02674a64d25a4ba6aac99105e60
live_ep_000010_QUEUE_BACKUP,QUEUE_BACKUP,payment-service,17.5,1785924092.5015924,df9b338dfd46475da538605be0f40061,553ea3cc34b2469b925de9e27ec9f942,cache.get,,2.67,OK,cache-cluster,v2.0.1,b83bd02674a64d25a4ba6aac99105e60
live_ep_000010_QUEUE_BACKUP,QUEUE_BACKUP,payment-service,18.0,1785924093.0019784,27939643275c4a8fa51797cdd8396a6b,,PUT /api/inventory,,118.23,OK,payment-service,v2.0.1,38daf0c6c1864408aa76ec43cb8e43e8
live_ep_000010_QUEUE_BACKUP,QUEUE_BACKUP,payment-service,18.0,1785924093.0019784,08ffa81552934a38bdd19cb2e5a64f67,27939643275c4a8fa51797cdd8396a6b,db.transaction,READ,26.35,OK,user-db,v2.0.1,38daf0c6c1864408aa76ec43cb8e43e8
live_ep_000010_QUEUE_BACKUP,QUEUE_BACKUP,payment-service,18.0,1785924093.0019784,4e57777ac96940909768089415063cce,27939643275c4a8fa51797cdd8396a6b,db.query.select,READ,31.05,OK,user-db,v2.0.1,38daf0c6c1864408aa76ec43cb8e43e8
live_ep_000010_QUEUE_BACKUP,QUEUE_BACKUP,payment-service,18.5,1785924093.5021005,b734c41927d74b618f0784cc2ebca8e6,,PUT /api/inventory,,134.7,OK,payment-service,v2.0.1,c4cb8136ced4408bae77279e1c609b53
live_ep_000010_QUEUE_BACKUP,QUEUE_BACKUP,payment-service,18.5,1785924093.5021005,cd17af8f3dd041daa1ebca2039f85918,b734c41927d74b618f0784cc2ebca8e6,db.query.select,WRITE,24.38,OK,user-db,v2.0.1,c4cb8136ced4408bae77279e1c609b53
live_ep_000010_QUEUE_BACKUP,QUEUE_BACKUP,payment-service,18.5,1785924093.5021005,256b4d314f2a4c21b2e53226853f6132,b734c41927d74b618f0784cc2ebca8e6,cache.set,,1.87,OK,cache-cluster,v2.0.1,c4cb8136ced4408bae77279e1c609b53
live_ep_000010_QUEUE_BACKUP,QUEUE_BACKUP,payment-service,19.0,1785924094.0025084,c32b00c77dec4058aef2f3475b5e4185,,GET /api/order,,130.54,OK,payment-service,v2.0.1,169ed8091d6945d583f2de29c8d3ad80
live_ep_000010_QUEUE_BACKUP,QUEUE_BACKUP,payment-service,19.0,1785924094.0025084,ab2c96285eb24f1483a4307157ab27f7,c32b00c77dec4058aef2f3475b5e4185,db.query.insert,WRITE,20.01,OK,user-db,v2.0.1,169ed8091d6945d583f2de29c8d3ad80
live_ep_000010_QUEUE_BACKUP,QUEUE_BACKUP,payment-service,19.0,1785924094.0025084,88182913386442ac868370594ab20dbe,c32b00c77dec4058aef2f3475b5e4185,http.client.post,,28.84,OK,inventory-api,v2.0.1,169ed8091d6945d583f2de29c8d3ad80
live_ep_000010_QUEUE_BACKUP,QUEUE_BACKUP,payment-service,19.5,1785924094.5029812,c15fea5957d94de78662fe405c99d163,,POST /api/payment,,104.34,OK,payment-service,v2.0.1,28b91f3a07054ade841a34b68ad972f7
live_ep_000010_QUEUE_BACKUP,QUEUE_BACKUP,payment-service,19.5,1785924094.5029812,ad0bd51d958c46d289abda98af99de1e,c15fea5957d94de78662fe405c99d163,db.transaction,READ,26.69,OK,user-db,v2.0.1,28b91f3a07054ade841a34b68ad972f7
live_ep_000010_QUEUE_BACKUP,QUEUE_BACKUP,payment-service,19.5,1785924094.5029812,0a1dc73074a74563987d914f8c4902a0,c15fea5957d94de78662fe405c99d163,db.query.delete,READ,19.49,OK,user-db,v2.0.1,28b91f3a07054ade841a34b68ad972f7
live_ep_000010_QUEUE_BACKUP,QUEUE_BACKUP,payment-service,19.5,1785924094.5029812,b2cebc4766594fe78b5ef44562a5c121,c15fea5957d94de78662fe405c99d163,cache.set,,1.68,OK,cache-cluster,v2.0.1,28b91f3a07054ade841a34b68ad972f7
live_ep_000010_QUEUE_BACKUP,QUEUE_BACKUP,payment-service,20.0,1785924095.0030794,f2c284e68b0d4a37aea457954fcf52c7,,GET /api/health,,138.44,ERROR,payment-service,v2.0.1,ec61754f315448b5a6bf8f1eca144fca
live_ep_000010_QUEUE_BACKUP,QUEUE_BACKUP,payment-service,20.0,1785924095.0030794,390d4ad7a014453fa9dcdeef82f4a435,f2c284e68b0d4a37aea457954fcf52c7,db.query.insert,WRITE,13.59,OK,user-db,v2.0.1,ec61754f315448b5a6bf8f1eca144fca
live_ep_000010_QUEUE_BACKUP,QUEUE_BACKUP,payment-service,20.0,1785924095.0030794,2000dc7f05dd4efb84c90aa81caa5497,f2c284e68b0d4a37aea457954fcf52c7,db.transaction,WRITE,16.61,OK,user-db,v2.0.1,ec61754f315448b5a6bf8f1eca144fca
live_ep_000010_QUEUE_BACKUP,QUEUE_BACKUP,payment-service,20.0,1785924095.0030794,c0302aa449c14ca587ba1f7aec3791d6,f2c284e68b0d4a37aea457954fcf52c7,cache.set,,1.4,OK,cache-cluster,v2.0.1,ec61754f315448b5a6bf8f1eca144fca
live_ep_000010_QUEUE_BACKUP,QUEUE_BACKUP,payment-service,20.5,1785924095.5033238,789d2cefc08041508f2f1e64e6074318,,GET /api/auth,,154.74,OK,payment-service,v2.0.1,81c4ee3371f54ba59f8b2409fa0a142f
live_ep_000010_QUEUE_BACKUP,QUEUE_BACKUP,payment-service,20.5,1785924095.5033238,dd72eb7a0c5c429da4c276b55e7cf096,789d2cefc08041508f2f1e64e6074318,db.query.update,READ,4.98,ERROR,user-db,v2.0.1,81c4ee3371f54ba59f8b2409fa0a142f
live_ep_000010_QUEUE_BACKUP,QUEUE_BACKUP,payment-service,20.5,1785924095.5033238,d432023eb56e4cae99b5d607e4c02c6b,789d2cefc08041508f2f1e64e6074318,db.query.insert,READ,16.23,OK,user-db,v2.0.1,81c4ee3371f54ba59f8b2409fa0a142f
live_ep_000010_QUEUE_BACKUP,QUEUE_BACKUP,payment-service,21.0,1785924096.0034757,931161bfc0414d5b83f3e8a7550057b7,,GET /api/order,,140.06,OK,payment-service,v2.0.1,4cabe393939e46b6b71f27ad1f1ef8c7
live_ep_000010_QUEUE_BACKUP,QUEUE_BACKUP,payment-service,21.0,1785924096.0034757,ad4b51c493e64630aa9f47f5313bbdca,931161bfc0414d5b83f3e8a7550057b7,db.query.insert,WRITE,42.05,OK,user-db,v2.0.1,4cabe393939e46b6b71f27ad1f1ef8c7
live_ep_000010_QUEUE_BACKUP,QUEUE_BACKUP,payment-service,21.0,1785924096.0034757,fe28518c1cae431f9ce72616b2123d5f,931161bfc0414d5b83f3e8a7550057b7,db.query.select,WRITE,33.9,OK,user-db,v2.0.1,4cabe393939e46b6b71f27ad1f1ef8c7
live_ep_000010_QUEUE_BACKUP,QUEUE_BACKUP,payment-service,21.5,1785924096.5035586,d50a53c7ff79451eb497dcfd325e6358,,GET /api/order,,123.62,OK,payment-service,v2.0.1,bca7b1114ebf46348dfd1616f423eb7a
live_ep_000010_QUEUE_BACKUP,QUEUE_BACKUP,payment-service,21.5,1785924096.5035586,16efb61a2c2d4d93a5886b5aed7bfa85,d50a53c7ff79451eb497dcfd325e6358,db.query.insert,READ,10.03,OK,user-db,v2.0.1,bca7b1114ebf46348dfd1616f423eb7a
live_ep_000010_QUEUE_BACKUP,QUEUE_BACKUP,payment-service,21.5,1785924096.5035586,06f85f14b58d453584f9eaa8424a9194,d50a53c7ff79451eb497dcfd325e6358,grpc.call,,30.14,OK,inventory-api,v2.0.1,bca7b1114ebf46348dfd1616f423eb7a
live_ep_000010_QUEUE_BACKUP,QUEUE_BACKUP,payment-service,22.0,1785924097.003742,578cb3041e1641eab9577bdc3d2a67cc,,GET /api/auth,,96.09,OK,payment-service,v2.0.1,c9b4b9629f844fe1bd0ccb687a780b4b
live_ep_000010_QUEUE_BACKUP,QUEUE_BACKUP,payment-service,22.0,1785924097.003742,00abfd431f5e4ab480ed0e3824be4201,578cb3041e1641eab9577bdc3d2a67cc,db.query.update,WRITE,12.27,OK,user-db,v2.0.1,c9b4b9629f844fe1bd0ccb687a780b4b
live_ep_000010_QUEUE_BACKUP,QUEUE_BACKUP,payment-service,22.0,1785924097.003742,246468633ad14ef69e92d3329d64e4c7,578cb3041e1641eab9577bdc3d2a67cc,db.query.select,READ,9.44,OK,user-db,v2.0.1,c9b4b9629f844fe1bd0ccb687a780b4b
live_ep_000010_QUEUE_BACKUP,QUEUE_BACKUP,payment-service,22.0,1785924097.003742,35ddaa1b375d4f0aa5b3aae373f4f892,578cb3041e1641eab9577bdc3d2a67cc,cache.get,,0.51,OK,cache-cluster,v2.0.1,c9b4b9629f844fe1bd0ccb687a780b4b
live_ep_000010_QUEUE_BACKUP,QUEUE_BACKUP,payment-service,22.5,1785924097.5043092,a604599dbaa3460c9eac14e3a2bf7cde,,POST /api/payment,,127.04,OK,payment-service,v2.0.1,a09904173ab745c5926e4a48bfdaa9b4
live_ep_000010_QUEUE_BACKUP,QUEUE_BACKUP,payment-service,22.5,1785924097.5043092,876c4c0686884004a6ade1d1834724ca,a604599dbaa3460c9eac14e3a2bf7cde,db.transaction,READ,21.42,OK,user-db,v2.0.1,a09904173ab745c5926e4a48bfdaa9b4
live_ep_000010_QUEUE_BACKUP,QUEUE_BACKUP,payment-service,22.5,1785924097.5043092,32f3af6fe87a4c418fd6e2e64031f273,a604599dbaa3460c9eac14e3a2bf7cde,cache.delete,,3.47,OK,cache-cluster,v2.0.1,a09904173ab745c5926e4a48bfdaa9b4
live_ep_000010_QUEUE_BACKUP,QUEUE_BACKUP,payment-service,22.5,1785924097.5043092,c626594b0b6f4afcbd7fd1e602e5b7c7,a604599dbaa3460c9eac14e3a2bf7cde,grpc.call,,51.24,OK,user-db,v2.0.1,a09904173ab745c5926e4a48bfdaa9b4
live_ep_000010_QUEUE_BACKUP,QUEUE_BACKUP,payment-service,23.0,1785924098.0051498,666e6a2d3c7844f7b2fe31703fd2bdb7,,POST /api/payment,,116.12,OK,payment-service,v2.0.1,fa617f86b50244b6a834f88129109442
live_ep_000010_QUEUE_BACKUP,QUEUE_BACKUP,payment-service,23.0,1785924098.0051498,38e0dbd8ac9544d48b95f396ae82d706,666e6a2d3c7844f7b2fe31703fd2bdb7,db.query.insert,READ,12.73,OK,user-db,v2.0.1,fa617f86b50244b6a834f88129109442
live_ep_000010_QUEUE_BACKUP,QUEUE_BACKUP,payment-service,23.5,1785924098.5054612,4157a15a80b141c492b859c4ac9ee4c9,,POST /api/payment,,160.99,OK,payment-service,v2.0.1,2042a3430f6446f9a986c641558ad1eb
live_ep_000010_QUEUE_BACKUP,QUEUE_BACKUP,payment-service,23.5,1785924098.5054612,c132b671081743199286d209f62d64b1,4157a15a80b141c492b859c4ac9ee4c9,db.query.delete,WRITE,12.84,OK,user-db,v2.0.1,2042a3430f6446f9a986c641558ad1eb
live_ep_000010_QUEUE_BACKUP,QUEUE_BACKUP,payment-service,23.5,1785924098.5054612,952fa74cbbde4cd0bfb59d98ac70fe2d,4157a15a80b141c492b859c4ac9ee4c9,db.query.select,READ,14.42,OK,user-db,v2.0.1,2042a3430f6446f9a986c641558ad1eb
live_ep_000010_QUEUE_BACKUP,QUEUE_BACKUP,payment-service,23.5,1785924098.5054612,040d40507a634545b11b53f11e3bd3aa,4157a15a80b141c492b859c4ac9ee4c9,cache.delete,,3.1,OK,cache-cluster,v2.0.1,2042a3430f6446f9a986c641558ad1eb
live_ep_000010_QUEUE_BACKUP,QUEUE_BACKUP,payment-service,23.5,1785924098.5054612,747e14333e7541f6ab01e80b38d61619,4157a15a80b141c492b859c4ac9ee4c9,http.client.get,,47.28,OK,user-db,v2.0.1,2042a3430f6446f9a986c641558ad1eb
live_ep_000010_QUEUE_BACKUP,QUEUE_BACKUP,payment-service,24.0,1785924099.0058248,7f6ad79a37d54e3f8588930e9c8f7e8a,,GET /api/order,,176.92,OK,payment-service,v2.0.1,6be1cdae923248e38c7245b4489c7cb3
live_ep_000010_QUEUE_BACKUP,QUEUE_BACKUP,payment-service,24.0,1785924099.0058248,818e485260634068bdf7a004da85dd19,7f6ad79a37d54e3f8588930e9c8f7e8a,db.transaction,READ,33.15,OK,user-db,v2.0.1,6be1cdae923248e38c7245b4489c7cb3
live_ep_000010_QUEUE_BACKUP,QUEUE_BACKUP,payment-service,24.0,1785924099.0058248,a58095d3bd2c42bea5e604c954f357e4,7f6ad79a37d54e3f8588930e9c8f7e8a,http.client.get,,36.68,OK,payment-gateway,v2.0.1,6be1cdae923248e38c7245b4489c7cb3
live_ep_000010_QUEUE_BACKUP,QUEUE_BACKUP,payment-service,24.5,1785924099.506002,73809fb5f07242a0b56a4a04db5217b8,,PUT /api/inventory,,119.1,OK,payment-service,v2.0.1,1b9479ef87a94ddeb1f0355cf2d23d37
live_ep_000010_QUEUE_BACKUP,QUEUE_BACKUP,payment-service,24.5,1785924099.506002,810c2a944f2c4f9499ca318e71693452,73809fb5f07242a0b56a4a04db5217b8,db.query.delete,READ,23.86,OK,user-db,v2.0.1,1b9479ef87a94ddeb1f0355cf2d23d37
live_ep_000010_QUEUE_BACKUP,QUEUE_BACKUP,payment-service,24.5,1785924099.506002,2975ed3f79454fc59f8f58c4e1d85e05,73809fb5f07242a0b56a4a04db5217b8,db.query.select,READ,18.44,OK,user-db,v2.0.1,1b9479ef87a94ddeb1f0355cf2d23d37
live_ep_000010_QUEUE_BACKUP,QUEUE_BACKUP,payment-service,24.5,1785924099.506002,d6f0c44a3c904647840609dbc5ba0491,73809fb5f07242a0b56a4a04db5217b8,cache.delete,,2.37,OK,cache-cluster,v2.0.1,1b9479ef87a94ddeb1f0355cf2d23d37
live_ep_000010_QUEUE_BACKUP,QUEUE_BACKUP,payment-service,24.5,1785924099.506002,a5b263ca73f54b648a3aa3d2e2016e95,73809fb5f07242a0b56a4a04db5217b8,http.client.get,,30.26,OK,payment-gateway,v2.0.1,1b9479ef87a94ddeb1f0355cf2d23d37
live_ep_000010_QUEUE_BACKUP,QUEUE_BACKUP,payment-service,25.0,1785924100.0061476,7aa296b895ae4a02b0d9ad210771e367,,PUT /api/inventory,,109.13,OK,payment-service,v2.0.1,1cbfc9c49ffa47d4809f4d1c9d1c6320
live_ep_000010_QUEUE_BACKUP,QUEUE_BACKUP,payment-service,25.0,1785924100.0061476,483c4d98af6b4ddaabd799ec1da202f8,7aa296b895ae4a02b0d9ad210771e367,db.query.delete,READ,22.86,OK,user-db,v2.0.1,1cbfc9c49ffa47d4809f4d1c9d1c6320
live_ep_000010_QUEUE_BACKUP,QUEUE_BACKUP,payment-service,25.0,1785924100.0061476,e6c4d68fd95b43adbcb7569011b4e7c3,7aa296b895ae4a02b0d9ad210771e367,db.query.update,WRITE,12.8,OK,user-db,v2.0.1,1cbfc9c49ffa47d4809f4d1c9d1c6320
live_ep_000010_QUEUE_BACKUP,QUEUE_BACKUP,payment-service,25.0,1785924100.0061476,944904a2800f44a9bf6af8a1f36322cb,7aa296b895ae4a02b0d9ad210771e367,cache.get,,0.5,OK,cache-cluster,v2.0.1,1cbfc9c49ffa47d4809f4d1c9d1c6320
live_ep_000010_QUEUE_BACKUP,QUEUE_BACKUP,payment-service,25.0,1785924100.0061476,3a2f33d74e904be5a1038495086bfde5,7aa296b895ae4a02b0d9ad210771e367,http.client.post,,17.03,OK,inventory-api,v2.0.1,1cbfc9c49ffa47d4809f4d1c9d1c6320
live_ep_000010_QUEUE_BACKUP,QUEUE_BACKUP,payment-service,25.5,1785924100.5064528,71184c7941b6458b9f3f3e4c2c60ecc1,,POST /api/checkout,,153.68,OK,payment-service,v2.0.1,2daf03e8ed514adfa12177a69c5a6f3e
live_ep_000010_QUEUE_BACKUP,QUEUE_BACKUP,payment-service,25.5,1785924100.5064528,499a54b2f6ae43129eacb68e7e764142,71184c7941b6458b9f3f3e4c2c60ecc1,db.query.update,READ,18.03,OK,user-db,v2.0.1,2daf03e8ed514adfa12177a69c5a6f3e
live_ep_000010_QUEUE_BACKUP,QUEUE_BACKUP,payment-service,25.5,1785924100.5064528,0e915b4682c349af8edfad29abb55ff1,71184c7941b6458b9f3f3e4c2c60ecc1,db.query.insert,READ,17.28,OK,user-db,v2.0.1,2daf03e8ed514adfa12177a69c5a6f3e
live_ep_000010_QUEUE_BACKUP,QUEUE_BACKUP,payment-service,25.5,1785924100.5064528,7facd76516b848d48be3866cde3fc417,71184c7941b6458b9f3f3e4c2c60ecc1,http.client.post,,29.38,OK,payment-gateway,v2.0.1,2daf03e8ed514adfa12177a69c5a6f3e
live_ep_000010_QUEUE_BACKUP,QUEUE_BACKUP,payment-service,26.0,1785924101.0068905,73401ad636a14086bb51c08d8bc410d6,,PUT /api/inventory,,164.19,OK,payment-service,v2.0.1,97f1c23e15e844d28b8a237945dfd164
live_ep_000010_QUEUE_BACKUP,QUEUE_BACKUP,payment-service,26.0,1785924101.0068905,838c6c83552d47cc84f6d0fb0fafc391,73401ad636a14086bb51c08d8bc410d6,db.query.delete,WRITE,7.3,OK,user-db,v2.0.1,97f1c23e15e844d28b8a237945dfd164
live_ep_000010_QUEUE_BACKUP,QUEUE_BACKUP,payment-service,26.0,1785924101.0068905,1dcf0cfa80e242a9b448016006823569,73401ad636a14086bb51c08d8bc410d6,db.transaction,READ,22.71,OK,user-db,v2.0.1,97f1c23e15e844d28b8a237945dfd164
live_ep_000010_QUEUE_BACKUP,QUEUE_BACKUP,payment-service,26.5,1785924101.5078368,6904adb2280246c9b3c664c7f09f1175,,GET /api/health,,188.52,OK,payment-service,v2.0.1,0c97a861728e4c3c928c63a391d892ec
live_ep_000010_QUEUE_BACKUP,QUEUE_BACKUP,payment-service,26.5,1785924101.5078368,dd25fbc135a542c88aef7916a5beb9bc,6904adb2280246c9b3c664c7f09f1175,db.query.select,READ,10.39,OK,user-db,v2.0.1,0c97a861728e4c3c928c63a391d892ec
live_ep_000010_QUEUE_BACKUP,QUEUE_BACKUP,payment-service,26.5,1785924101.5078368,7047f3d6b2b345ec8cfd0770bb90507d,6904adb2280246c9b3c664c7f09f1175,db.query.delete,READ,16.07,OK,user-db,v2.0.1,0c97a861728e4c3c928c63a391d892ec
live_ep_000010_QUEUE_BACKUP,QUEUE_BACKUP,payment-service,26.5,1785924101.5078368,dc80d6541c3b49da83e0922c89cf348e,6904adb2280246c9b3c664c7f09f1175,cache.get,,2.29,OK,cache-cluster,v2.0.1,0c97a861728e4c3c928c63a391d892ec
live_ep_000010_QUEUE_BACKUP,QUEUE_BACKUP,payment-service,26.5,1785924101.5078368,d47045d40ab740edb9ec327368e95383,6904adb2280246c9b3c664c7f09f1175,grpc.call,,26.84,OK,payment-gateway,v2.0.1,0c97a861728e4c3c928c63a391d892ec
live_ep_000010_QUEUE_BACKUP,QUEUE_BACKUP,payment-service,27.0,1785924102.0079415,0c032e43490f4be8849b404eb0d2fff9,,POST /api/checkout,,155.82,OK,payment-service,v2.0.1,614ad671200841b28ae5de68729f6a56
live_ep_000010_QUEUE_BACKUP,QUEUE_BACKUP,payment-service,27.0,1785924102.0079415,4cc839c735ca43b1b0e81078ff2cf17e,0c032e43490f4be8849b404eb0d2fff9,db.query.update,READ,23.53,OK,user-db,v2.0.1,614ad671200841b28ae5de68729f6a56
live_ep_000010_QUEUE_BACKUP,QUEUE_BACKUP,payment-service,27.0,1785924102.0079415,31b15c81a13c4bdf92190a5d4221f9e8,0c032e43490f4be8849b404eb0d2fff9,cache.get,,2.2,OK,cache-cluster,v2.0.1,614ad671200841b28ae5de68729f6a56
live_ep_000010_QUEUE_BACKUP,QUEUE_BACKUP,payment-service,27.0,1785924102.0079415,bd86389ebeec4d219892e140b75fc7db,0c032e43490f4be8849b404eb0d2fff9,http.client.get,,43.81,OK,cache-cluster,v2.0.1,614ad671200841b28ae5de68729f6a56
live_ep_000010_QUEUE_BACKUP,QUEUE_BACKUP,payment-service,27.5,1785924102.5082006,04462e2c7d3843209905e4842a73d018,,PUT /api/inventory,,161.79,OK,payment-service,v2.0.1,c1fd1b7ea8b34dd1ba5b5876f11d3d49
live_ep_000010_QUEUE_BACKUP,QUEUE_BACKUP,payment-service,27.5,1785924102.5082006,ffb0dfaf507743a0bd472ffc08269a19,04462e2c7d3843209905e4842a73d018,db.query.select,WRITE,10.37,OK,user-db,v2.0.1,c1fd1b7ea8b34dd1ba5b5876f11d3d49
live_ep_000010_QUEUE_BACKUP,QUEUE_BACKUP,payment-service,27.5,1785924102.5082006,b452f75ba9ec440e97b3543c2d5cf2b3,04462e2c7d3843209905e4842a73d018,cache.delete,,3.0,OK,cache-cluster,v2.0.1,c1fd1b7ea8b34dd1ba5b5876f11d3d49
live_ep_000010_QUEUE_BACKUP,QUEUE_BACKUP,payment-service,27.5,1785924102.5082006,a424b1f4ad604be1bd2835a897bb923a,04462e2c7d3843209905e4842a73d018,http.client.get,,41.48,OK,payment-gateway,v2.0.1,c1fd1b7ea8b34dd1ba5b5876f11d3d49
live_ep_000010_QUEUE_BACKUP,QUEUE_BACKUP,payment-service,28.0,1785924103.0084822,5d1082d02e2348278ec71f28a56803f7,,GET /api/order,,129.67,OK,payment-service,v2.0.1,dab9f0fc110349bead2720916171ddd1
live_ep_000010_QUEUE_BACKUP,QUEUE_BACKUP,payment-service,28.0,1785924103.0084822,15517daf5a7045b4aeae3e5f1bda0375,5d1082d02e2348278ec71f28a56803f7,db.query.update,READ,29.5,OK,user-db,v2.0.1,dab9f0fc110349bead2720916171ddd1
live_ep_000010_QUEUE_BACKUP,QUEUE_BACKUP,payment-service,28.5,1785924103.5086837,ded29ceb605e4dc6b1b6bb0c0a5e1d75,,GET /api/order,,176.22,OK,payment-service,v2.0.1,6af91259bc814a4f9d59c73627f160b7
live_ep_000010_QUEUE_BACKUP,QUEUE_BACKUP,payment-service,28.5,1785924103.5086837,56f1b7fcccad41f2bcb5f1f21e38329b,ded29ceb605e4dc6b1b6bb0c0a5e1d75,db.transaction,READ,32.23,OK,user-db,v2.0.1,6af91259bc814a4f9d59c73627f160b7
live_ep_000010_QUEUE_BACKUP,QUEUE_BACKUP,payment-service,28.5,1785924103.5086837,0aa423d9190a42a495454c5f86117da6,ded29ceb605e4dc6b1b6bb0c0a5e1d75,db.query.select,WRITE,21.58,OK,user-db,v2.0.1,6af91259bc814a4f9d59c73627f160b7
live_ep_000010_QUEUE_BACKUP,QUEUE_BACKUP,payment-service,28.5,1785924103.5086837,d1cb6704ddba4207a9339e0364b2aed3,ded29ceb605e4dc6b1b6bb0c0a5e1d75,cache.delete,,2.26,OK,cache-cluster,v2.0.1,6af91259bc814a4f9d59c73627f160b7
live_ep_000010_QUEUE_BACKUP,QUEUE_BACKUP,payment-service,28.5,1785924103.5086837,917c73882fc8463e9d3d91fabcec35b4,ded29ceb605e4dc6b1b6bb0c0a5e1d75,http.client.post,,25.08,OK,payment-gateway,v2.0.1,6af91259bc814a4f9d59c73627f160b7
live_ep_000010_QUEUE_BACKUP,QUEUE_BACKUP,payment-service,29.0,1785924104.0092063,2f3bdb0120e04540ae1d5e9e90842b97,,GET /api/order,,158.96,OK,payment-service,v2.0.1,6d7df8728e324b02be0e7e12c48cf712
live_ep_000010_QUEUE_BACKUP,QUEUE_BACKUP,payment-service,29.0,1785924104.0092063,ca0bac15741e4ea897950b6edd1ef0aa,2f3bdb0120e04540ae1d5e9e90842b97,db.query.select,WRITE,14.14,ERROR,user-db,v2.0.1,6d7df8728e324b02be0e7e12c48cf712
live_ep_000010_QUEUE_BACKUP,QUEUE_BACKUP,payment-service,29.0,1785924104.0092063,42700f65b0904fdeb4932064ca477ce5,2f3bdb0120e04540ae1d5e9e90842b97,cache.get,,3.76,OK,cache-cluster,v2.0.1,6d7df8728e324b02be0e7e12c48cf712
live_ep_000010_QUEUE_BACKUP,QUEUE_BACKUP,payment-service,29.5,1785924104.5092914,0318cf9007e74d81bbeb166fc9f797d3,,GET /api/health,,159.2,OK,payment-service,v2.0.1,b4eab184561b41c7956fd76fab8c4a06
live_ep_000010_QUEUE_BACKUP,QUEUE_BACKUP,payment-service,29.5,1785924104.5092914,e41f6b1bb85a4d589e7cdf3be5cab5bf,0318cf9007e74d81bbeb166fc9f797d3,db.query.update,READ,20.69,OK,user-db,v2.0.1,b4eab184561b41c7956fd76fab8c4a06
live_ep_000010_QUEUE_BACKUP,QUEUE_BACKUP,payment-service,29.5,1785924104.5092914,e119d24eb4394dbb9bc0101fb67c42af,0318cf9007e74d81bbeb166fc9f797d3,cache.delete,,1.81,OK,cache-cluster,v2.0.1,b4eab184561b41c7956fd76fab8c4a06
live_ep_000010_QUEUE_BACKUP,QUEUE_BACKUP,payment-service,29.5,1785924104.5092914,3474fb30c217447ea6e8855d64d43258,0318cf9007e74d81bbeb166fc9f797d3,http.client.post,,36.61,OK,payment-gateway,v2.0.1,b4eab184561b41c7956fd76fab8c4a06
live_ep_000010_QUEUE_BACKUP,QUEUE_BACKUP,payment-service,30.0,1785924105.0096965,8abb57b344a44bfca0b5b9af9d869893,,GET /api/health,,217.84,OK,payment-service,v2.0.1,048e8e4d5b1541baac857c472050d042
live_ep_000010_QUEUE_BACKUP,QUEUE_BACKUP,payment-service,30.0,1785924105.0096965,f61022b5ab2b4b779e780bb686ca8e45,8abb57b344a44bfca0b5b9af9d869893,db.transaction,WRITE,5.98,OK,user-db,v2.0.1,048e8e4d5b1541baac857c472050d042
live_ep_000010_QUEUE_BACKUP,QUEUE_BACKUP,payment-service,30.5,1785924105.5102744,8a8606752df84f90ad5fc114c3c16cb9,,GET /api/order,,150.42,OK,payment-service,v2.0.1,70fbdd1c01c847e3bcadb954813fa16d
live_ep_000010_QUEUE_BACKUP,QUEUE_BACKUP,payment-service,30.5,1785924105.5102744,6f2c29443308426dbe5f7bffabf02f10,8a8606752df84f90ad5fc114c3c16cb9,db.query.select,READ,14.8,OK,user-db,v2.0.1,70fbdd1c01c847e3bcadb954813fa16d
live_ep_000010_QUEUE_BACKUP,QUEUE_BACKUP,payment-service,30.5,1785924105.5102744,2fe442acf0a74148bf388f231fbbf444,8a8606752df84f90ad5fc114c3c16cb9,db.query.select,WRITE,26.91,OK,user-db,v2.0.1,70fbdd1c01c847e3bcadb954813fa16d
live_ep_000010_QUEUE_BACKUP,QUEUE_BACKUP,payment-service,30.5,1785924105.5102744,aed70355a8bb4ecd901390e91e33d86f,8a8606752df84f90ad5fc114c3c16cb9,cache.delete,,2.28,OK,cache-cluster,v2.0.1,70fbdd1c01c847e3bcadb954813fa16d
live_ep_000010_QUEUE_BACKUP,QUEUE_BACKUP,payment-service,31.0,1785924106.0106704,c24898a0c5d6496eaef856cbd6e363ed,,POST /api/checkout,,120.66,OK,payment-service,v2.0.1,cf19f83ac4014fdb8c9441675dc6ab71
live_ep_000010_QUEUE_BACKUP,QUEUE_BACKUP,payment-service,31.0,1785924106.0106704,848f8b59b7e548369fd165e4f179780b,c24898a0c5d6496eaef856cbd6e363ed,db.query.insert,WRITE,17.21,OK,user-db,v2.0.1,cf19f83ac4014fdb8c9441675dc6ab71
live_ep_000010_QUEUE_BACKUP,QUEUE_BACKUP,payment-service,31.0,1785924106.0106704,b3abb5021f77497c84057d89a2f58154,c24898a0c5d6496eaef856cbd6e363ed,db.query.select,WRITE,18.39,OK,user-db,v2.0.1,cf19f83ac4014fdb8c9441675dc6ab71
live_ep_000010_QUEUE_BACKUP,QUEUE_BACKUP,payment-service,31.5,1785924106.5116591,f7690e8f8e2d42d8bdc2f158d21a3957,,PUT /api/inventory,,247.09,OK,payment-service,v2.0.1,943f14df11d847e79567ab19e3fddc8b
live_ep_000010_QUEUE_BACKUP,QUEUE_BACKUP,payment-service,31.5,1785924106.5116591,b985a13f2f5a4cf6a3a15885b7edbfa4,f7690e8f8e2d42d8bdc2f158d21a3957,db.transaction,WRITE,22.98,OK,user-db,v2.0.1,943f14df11d847e79567ab19e3fddc8b
live_ep_000010_QUEUE_BACKUP,QUEUE_BACKUP,payment-service,31.5,1785924106.5116591,183e1d6afbcd40cd9b607a1a3a00939d,f7690e8f8e2d42d8bdc2f158d21a3957,cache.set,,0.93,OK,cache-cluster,v2.0.1,943f14df11d847e79567ab19e3fddc8b
live_ep_000010_QUEUE_BACKUP,QUEUE_BACKUP,payment-service,32.0,1785924107.0117376,bc453e5fbb9248c18f5dcc369c721191,,POST /api/checkout,,168.48,OK,payment-service,v2.0.1,6ad2817a218a4feaa6d1b5dd37fe81d1
live_ep_000010_QUEUE_BACKUP,QUEUE_BACKUP,payment-service,32.0,1785924107.0117376,ad2126ef57e4405a8a75f9fcf43c7d56,bc453e5fbb9248c18f5dcc369c721191,db.query.delete,WRITE,14.06,OK,user-db,v2.0.1,6ad2817a218a4feaa6d1b5dd37fe81d1
live_ep_000010_QUEUE_BACKUP,QUEUE_BACKUP,payment-service,32.0,1785924107.0117376,a2a9ddc47d6a41ec913a851eb09616cf,bc453e5fbb9248c18f5dcc369c721191,db.query.delete,WRITE,12.86,OK,user-db,v2.0.1,6ad2817a218a4feaa6d1b5dd37fe81d1
live_ep_000010_QUEUE_BACKUP,QUEUE_BACKUP,payment-service,32.0,1785924107.0117376,92c90ff6af8143a3aa12422c684fd0fc,bc453e5fbb9248c18f5dcc369c721191,http.client.get,,24.02,OK,user-db,v2.0.1,6ad2817a218a4feaa6d1b5dd37fe81d1
live_ep_000010_QUEUE_BACKUP,QUEUE_BACKUP,payment-service,32.5,1785924107.51214,2f8ee581f6b9463aa75176c58cc444b7,,GET /api/health,,205.69,OK,payment-service,v2.0.1,ddc2846930b948ba88f784647430913f
live_ep_000010_QUEUE_BACKUP,QUEUE_BACKUP,payment-service,32.5,1785924107.51214,cb8f80267cc64ff28c9e3bf365685301,2f8ee581f6b9463aa75176c58cc444b7,db.query.delete,READ,12.42,OK,user-db,v2.0.1,ddc2846930b948ba88f784647430913f
live_ep_000010_QUEUE_BACKUP,QUEUE_BACKUP,payment-service,32.5,1785924107.51214,5b0fdc57acbb4ce4ad03e40eb01564e5,2f8ee581f6b9463aa75176c58cc444b7,db.query.update,READ,23.79,OK,user-db,v2.0.1,ddc2846930b948ba88f784647430913f
live_ep_000010_QUEUE_BACKUP,QUEUE_BACKUP,payment-service,32.5,1785924107.51214,8933f6c4f202482fa3f9c7fc0d8b58f9,2f8ee581f6b9463aa75176c58cc444b7,cache.get,,3.38,OK,cache-cluster,v2.0.1,ddc2846930b948ba88f784647430913f
live_ep_000010_QUEUE_BACKUP,QUEUE_BACKUP,payment-service,33.0,1785924108.012437,a2856054a82449dfb20d5f01c98ab0e3,,POST /api/checkout,,249.58,OK,payment-service,v2.0.1,b310ff5d9a314c7e9260c9344e258d56
live_ep_000010_QUEUE_BACKUP,QUEUE_BACKUP,payment-service,33.0,1785924108.012437,92f9d8191f394185844920d5a7daaba2,a2856054a82449dfb20d5f01c98ab0e3,db.query.update,WRITE,30.71,OK,user-db,v2.0.1,b310ff5d9a314c7e9260c9344e258d56
live_ep_000010_QUEUE_BACKUP,QUEUE_BACKUP,payment-service,33.0,1785924108.012437,b358734a6c9846059645797bca801262,a2856054a82449dfb20d5f01c98ab0e3,db.query.delete,READ,25.87,OK,user-db,v2.0.1,b310ff5d9a314c7e9260c9344e258d56
live_ep_000010_QUEUE_BACKUP,QUEUE_BACKUP,payment-service,33.0,1785924108.012437,6e276ec5d8bd47a3a4aa9f184e6c1738,a2856054a82449dfb20d5f01c98ab0e3,cache.delete,,2.85,OK,cache-cluster,v2.0.1,b310ff5d9a314c7e9260c9344e258d56
live_ep_000010_QUEUE_BACKUP,QUEUE_BACKUP,payment-service,33.0,1785924108.012437,337357d7154743519c0b7e0965646e58,a2856054a82449dfb20d5f01c98ab0e3,http.client.post,,18.2,OK,cache-cluster,v2.0.1,b310ff5d9a314c7e9260c9344e258d56
live_ep_000010_QUEUE_BACKUP,QUEUE_BACKUP,payment-service,33.5,1785924108.5126524,462034c69a914c60b50925986fe5dc02,,POST /api/checkout,,180.78,OK,payment-service,v2.0.1,1628da90a48a4241b144a7df437557c6
live_ep_000010_QUEUE_BACKUP,QUEUE_BACKUP,payment-service,33.5,1785924108.5126524,6a2eb39160344952b6c0eff4683dac75,462034c69a914c60b50925986fe5dc02,db.query.update,READ,28.25,OK,user-db,v2.0.1,1628da90a48a4241b144a7df437557c6
live_ep_000010_QUEUE_BACKUP,QUEUE_BACKUP,payment-service,33.5,1785924108.5126524,c9e8f4a930034752a1ea4d61cbd61869,462034c69a914c60b50925986fe5dc02,cache.delete,,1.49,OK,cache-cluster,v2.0.1,1628da90a48a4241b144a7df437557c6
live_ep_000010_QUEUE_BACKUP,QUEUE_BACKUP,payment-service,34.0,1785924109.0129938,792e0b706a6246ff8149fcb52d478914,,GET /api/order,,147.68,OK,payment-service,v2.0.1,5a3e79894e8445d2bc57936e0ba6a5d8
live_ep_000010_QUEUE_BACKUP,QUEUE_BACKUP,payment-service,34.0,1785924109.0129938,45c72e7d0a9649cea4b49619cb28ca61,792e0b706a6246ff8149fcb52d478914,db.query.select,READ,18.98,OK,user-db,v2.0.1,5a3e79894e8445d2bc57936e0ba6a5d8
live_ep_000010_QUEUE_BACKUP,QUEUE_BACKUP,payment-service,34.0,1785924109.0129938,21cd5fe0dfd041d1a65de06d2e9395b9,792e0b706a6246ff8149fcb52d478914,cache.set,,2.49,OK,cache-cluster,v2.0.1,5a3e79894e8445d2bc57936e0ba6a5d8
live_ep_000010_QUEUE_BACKUP,QUEUE_BACKUP,payment-service,34.5,1785924109.51319,c991805c468f4fd6ba3eb64ed23b2737,,PUT /api/inventory,,147.47,OK,payment-service,v2.0.1,8665500b17de49099976dd474c480384
live_ep_000010_QUEUE_BACKUP,QUEUE_BACKUP,payment-service,34.5,1785924109.51319,cdfa8172d6bc4305bc3bf56e5769b082,c991805c468f4fd6ba3eb64ed23b2737,db.transaction,READ,17.95,OK,user-db,v2.0.1,8665500b17de49099976dd474c480384
live_ep_000010_QUEUE_BACKUP,QUEUE_BACKUP,payment-service,35.0,1785924110.0136719,e3891aa75b5b4fd8ad6f4ff5b22435e5,,POST /api/payment,,204.76,OK,payment-service,v2.0.1,00617e11d1bb4b4987e690d6a3ee984d
live_ep_000010_QUEUE_BACKUP,QUEUE_BACKUP,payment-service,35.0,1785924110.0136719,a46f0fd635c84d7aad739845641039c9,e3891aa75b5b4fd8ad6f4ff5b22435e5,db.query.update,READ,12.0,OK,user-db,v2.0.1,00617e11d1bb4b4987e690d6a3ee984d
live_ep_000010_QUEUE_BACKUP,QUEUE_BACKUP,payment-service,35.0,1785924110.0136719,fc17702ff789460d8f67139eb7a6f883,e3891aa75b5b4fd8ad6f4ff5b22435e5,db.transaction,READ,15.68,OK,user-db,v2.0.1,00617e11d1bb4b4987e690d6a3ee984d
live_ep_000010_QUEUE_BACKUP,QUEUE_BACKUP,payment-service,35.0,1785924110.0136719,918f252c75134c51b26d387b62220ad5,e3891aa75b5b4fd8ad6f4ff5b22435e5,cache.set,,3.47,OK,cache-cluster,v2.0.1,00617e11d1bb4b4987e690d6a3ee984d
live_ep_000010_QUEUE_BACKUP,QUEUE_BACKUP,payment-service,35.5,1785924110.5142431,340245a0ca7e4fa0bc8135fc700cb4df,,POST /api/payment,,226.26,OK,payment-service,v2.0.1,d1b46b07c1f54365ac01fa3ab9088955
live_ep_000010_QUEUE_BACKUP,QUEUE_BACKUP,payment-service,35.5,1785924110.5142431,c2fd9bd2553040029720d8abebc0e52f,340245a0ca7e4fa0bc8135fc700cb4df,db.query.insert,WRITE,16.22,OK,user-db,v2.0.1,d1b46b07c1f54365ac01fa3ab9088955
live_ep_000010_QUEUE_BACKUP,QUEUE_BACKUP,payment-service,35.5,1785924110.5142431,7e6b1c6a1aa2410084996f43aa821df1,340245a0ca7e4fa0bc8135fc700cb4df,db.transaction,WRITE,7.79,OK,user-db,v2.0.1,d1b46b07c1f54365ac01fa3ab9088955
live_ep_000010_QUEUE_BACKUP,QUEUE_BACKUP,payment-service,35.5,1785924110.5142431,3f17f9614e904287991f6c1214cd324c,340245a0ca7e4fa0bc8135fc700cb4df,cache.get,,1.74,OK,cache-cluster,v2.0.1,d1b46b07c1f54365ac01fa3ab9088955
live_ep_000010_QUEUE_BACKUP,QUEUE_BACKUP,payment-service,36.0,1785924111.0143714,1282287701f74c8494361fadccd75d2c,,PUT /api/inventory,,152.61,OK,payment-service,v2.0.1,4ab51f60d54540bd93514a4eef198c8c
live_ep_000010_QUEUE_BACKUP,QUEUE_BACKUP,payment-service,36.0,1785924111.0143714,8daebc04922b430f98085abd7a9cf5fa,1282287701f74c8494361fadccd75d2c,db.transaction,READ,30.49,OK,user-db,v2.0.1,4ab51f60d54540bd93514a4eef198c8c
live_ep_000010_QUEUE_BACKUP,QUEUE_BACKUP,payment-service,36.0,1785924111.0143714,ed34e8b0a39b45699a0a0ceba12bb4f4,1282287701f74c8494361fadccd75d2c,db.transaction,WRITE,48.78,OK,user-db,v2.0.1,4ab51f60d54540bd93514a4eef198c8c
live_ep_000010_QUEUE_BACKUP,QUEUE_BACKUP,payment-service,36.0,1785924111.0143714,43db2288dbac4f6fa9a782ebf916fcd6,1282287701f74c8494361fadccd75d2c,http.client.post,,17.53,OK,cache-cluster,v2.0.1,4ab51f60d54540bd93514a4eef198c8c
live_ep_000010_QUEUE_BACKUP,QUEUE_BACKUP,payment-service,36.5,1785924111.5147958,08c57bc80cdb4bb4a2c7394cbd320ba4,,POST /api/payment,,205.92,OK,payment-service,v2.0.1,a93e8e3f730a4579a46e8186c412050b
live_ep_000010_QUEUE_BACKUP,QUEUE_BACKUP,payment-service,36.5,1785924111.5147958,6a28b41e5ff648ff8e7344ad9e66c652,08c57bc80cdb4bb4a2c7394cbd320ba4,db.query.select,READ,22.79,OK,user-db,v2.0.1,a93e8e3f730a4579a46e8186c412050b
live_ep_000010_QUEUE_BACKUP,QUEUE_BACKUP,payment-service,36.5,1785924111.5147958,fe265e33dae34d3a942d93cc4c2a2144,08c57bc80cdb4bb4a2c7394cbd320ba4,db.query.select,WRITE,25.98,OK,user-db,v2.0.1,a93e8e3f730a4579a46e8186c412050b
live_ep_000010_QUEUE_BACKUP,QUEUE_BACKUP,payment-service,36.5,1785924111.5147958,8189634c4ab04f72b80872a32c4757f9,08c57bc80cdb4bb4a2c7394cbd320ba4,cache.delete,,1.11,OK,cache-cluster,v2.0.1,a93e8e3f730a4579a46e8186c412050b
live_ep_000010_QUEUE_BACKUP,QUEUE_BACKUP,payment-service,36.5,1785924111.5147958,e66c76d299cb4dde9c2fd6588d0e32ed,08c57bc80cdb4bb4a2c7394cbd320ba4,http.client.get,,6.38,OK,user-db,v2.0.1,a93e8e3f730a4579a46e8186c412050b
live_ep_000010_QUEUE_BACKUP,QUEUE_BACKUP,payment-service,37.0,1785924112.0154493,2d4fb762ad314c89aa56c44be681c5c1,,PUT /api/inventory,,178.63,OK,payment-service,v2.0.1,924ac97abb844405861d346a70f17038
live_ep_000010_QUEUE_BACKUP,QUEUE_BACKUP,payment-service,37.0,1785924112.0154493,6cc0bb21a08041a296edb110c77584a4,2d4fb762ad314c89aa56c44be681c5c1,db.query.select,READ,13.81,OK,user-db,v2.0.1,924ac97abb844405861d346a70f17038
live_ep_000010_QUEUE_BACKUP,QUEUE_BACKUP,payment-service,37.0,1785924112.0154493,1e8e5ef819af4fcd9b2dea6ca4ad65a0,2d4fb762ad314c89aa56c44be681c5c1,db.transaction,WRITE,22.26,OK,user-db,v2.0.1,924ac97abb844405861d346a70f17038
live_ep_000010_QUEUE_BACKUP,QUEUE_BACKUP,payment-service,37.0,1785924112.0154493,664ea30f52d641fe8cd5ecfa07e91847,2d4fb762ad314c89aa56c44be681c5c1,cache.delete,,0.84,OK,cache-cluster,v2.0.1,924ac97abb844405861d346a70f17038
live_ep_000010_QUEUE_BACKUP,QUEUE_BACKUP,payment-service,37.5,1785924112.5158882,49bbb39d20bf4897bcd9df99975207d7,,POST /api/checkout,,131.4,OK,payment-service,v2.0.1,910ebca1083e4f85a731d0eb3e9c09c3
live_ep_000010_QUEUE_BACKUP,QUEUE_BACKUP,payment-service,37.5,1785924112.5158882,a685ddf2959146c69b6ae024f0e891e3,49bbb39d20bf4897bcd9df99975207d7,db.query.select,READ,4.96,OK,user-db,v2.0.1,910ebca1083e4f85a731d0eb3e9c09c3
live_ep_000010_QUEUE_BACKUP,QUEUE_BACKUP,payment-service,37.5,1785924112.5158882,1208abc23b404e5e9245ed6d420806ef,49bbb39d20bf4897bcd9df99975207d7,cache.set,,1.15,OK,cache-cluster,v2.0.1,910ebca1083e4f85a731d0eb3e9c09c3
live_ep_000010_QUEUE_BACKUP,QUEUE_BACKUP,payment-service,38.0,1785924113.0159595,3ecc6329c6204344bb8ba913d2f9d059,,GET /api/order,,184.12,OK,payment-service,v2.0.1,7b0c8022fc7c4e17b7b6ffe96f575051
live_ep_000010_QUEUE_BACKUP,QUEUE_BACKUP,payment-service,38.0,1785924113.0159595,220e31e8a7ec472db41a7d2b12b9c692,3ecc6329c6204344bb8ba913d2f9d059,db.transaction,WRITE,17.74,OK,user-db,v2.0.1,7b0c8022fc7c4e17b7b6ffe96f575051
live_ep_000010_QUEUE_BACKUP,QUEUE_BACKUP,payment-service,38.0,1785924113.0159595,96bb4b4d41304ef1a925969c9fdf0534,3ecc6329c6204344bb8ba913d2f9d059,cache.delete,,3.06,OK,cache-cluster,v2.0.1,7b0c8022fc7c4e17b7b6ffe96f575051
live_ep_000010_QUEUE_BACKUP,QUEUE_BACKUP,payment-service,38.5,1785924113.5160532,0ce471a252ab45b495204a6b35ccc2aa,,POST /api/payment,,208.29,OK,payment-service,v2.0.1,60a7a80499404af7b1f56a0310b7223c
live_ep_000010_QUEUE_BACKUP,QUEUE_BACKUP,payment-service,38.5,1785924113.5160532,f80c7ddd3fd9478aa5bb285733082fd8,0ce471a252ab45b495204a6b35ccc2aa,db.transaction,READ,34.71,OK,user-db,v2.0.1,60a7a80499404af7b1f56a0310b7223c
live_ep_000010_QUEUE_BACKUP,QUEUE_BACKUP,payment-service,38.5,1785924113.5160532,e40785a678da4e9b9baf40e998cee995,0ce471a252ab45b495204a6b35ccc2aa,cache.set,,1.4,OK,cache-cluster,v2.0.1,60a7a80499404af7b1f56a0310b7223c
live_ep_000010_QUEUE_BACKUP,QUEUE_BACKUP,payment-service,38.5,1785924113.5160532,2383213b0a464f0b90fe7d7a279422ce,0ce471a252ab45b495204a6b35ccc2aa,http.client.get,,28.05,OK,payment-gateway,v2.0.1,60a7a80499404af7b1f56a0310b7223c
live_ep_000010_QUEUE_BACKUP,QUEUE_BACKUP,payment-service,39.0,1785924114.0164533,8c96767593424877b57b30ee6d3549e0,,GET /api/health,,200.03,OK,payment-service,v2.0.1,13977fc1cc1649f8a0f01ed2820a2a6b
live_ep_000010_QUEUE_BACKUP,QUEUE_BACKUP,payment-service,39.0,1785924114.0164533,0254ac5dd05c41b09c43c3006d47aaea,8c96767593424877b57b30ee6d3549e0,db.transaction,WRITE,57.44,OK,user-db,v2.0.1,13977fc1cc1649f8a0f01ed2820a2a6b
live_ep_000010_QUEUE_BACKUP,QUEUE_BACKUP,payment-service,39.0,1785924114.0164533,dd07d0332a1d49f78a049c5d1f008fbd,8c96767593424877b57b30ee6d3549e0,cache.delete,,2.05,OK,cache-cluster,v2.0.1,13977fc1cc1649f8a0f01ed2820a2a6b
live_ep_000010_QUEUE_BACKUP,QUEUE_BACKUP,payment-service,39.5,1785924114.5169601,6e8361a36fae4e5c9baf74ff0ffe0895,,POST /api/checkout,,190.84,OK,payment-service,v2.0.1,fe467c804833460a956e50c1b72b6714
live_ep_000010_QUEUE_BACKUP,QUEUE_BACKUP,payment-service,39.5,1785924114.5169601,992d90c406ac4bf598df84b3412b8208,6e8361a36fae4e5c9baf74ff0ffe0895,db.transaction,READ,21.41,OK,user-db,v2.0.1,fe467c804833460a956e50c1b72b6714
live_ep_000010_QUEUE_BACKUP,QUEUE_BACKUP,payment-service,39.5,1785924114.5169601,669792e01997420f9e2b959b9c882a64,6e8361a36fae4e5c9baf74ff0ffe0895,cache.delete,,1.96,OK,cache-cluster,v2.0.1,fe467c804833460a956e50c1b72b6714
live_ep_000010_QUEUE_BACKUP,QUEUE_BACKUP,payment-service,39.5,1785924114.5169601,4cbe7939ffb545708649c48dd4483bbc,6e8361a36fae4e5c9baf74ff0ffe0895,http.client.post,,22.41,OK,user-db,v2.0.1,fe467c804833460a956e50c1b72b6714
live_ep_000010_QUEUE_BACKUP,QUEUE_BACKUP,payment-service,40.0,1785924115.0171602,8e779c27813c435ab18abe05a0a0c330,,POST /api/payment,,228.3,OK,payment-service,v2.0.1,ef6a4c26ead845e598e9dcb4b364a498
live_ep_000010_QUEUE_BACKUP,QUEUE_BACKUP,payment-service,40.0,1785924115.0171602,e91389f6143c4595ad3f47c18c9ac320,8e779c27813c435ab18abe05a0a0c330,db.query.delete,READ,21.4,OK,user-db,v2.0.1,ef6a4c26ead845e598e9dcb4b364a498
live_ep_000010_QUEUE_BACKUP,QUEUE_BACKUP,payment-service,40.0,1785924115.0171602,aeb48a8fdab543cca397eff6ffb46132,8e779c27813c435ab18abe05a0a0c330,db.transaction,WRITE,19.44,OK,user-db,v2.0.1,ef6a4c26ead845e598e9dcb4b364a498
live_ep_000010_QUEUE_BACKUP,QUEUE_BACKUP,payment-service,40.0,1785924115.0171602,b1e8e9602194459c983a458c79c107c6,8e779c27813c435ab18abe05a0a0c330,cache.delete,,1.47,OK,cache-cluster,v2.0.1,ef6a4c26ead845e598e9dcb4b364a498
live_ep_000010_QUEUE_BACKUP,QUEUE_BACKUP,payment-service,40.0,1785924115.0171602,7bb0a735c9fb449cbabd779ab33a08ee,8e779c27813c435ab18abe05a0a0c330,http.client.post,,32.96,OK,inventory-api,v2.0.1,ef6a4c26ead845e598e9dcb4b364a498
live_ep_000010_QUEUE_BACKUP,QUEUE_BACKUP,payment-service,40.5,1785924115.517432,1e1d647c23de478082cbfe208ce37a9b,,POST /api/checkout,,262.5,OK,payment-service,v2.0.1,a80b8197c7934d51915f04ec0b18d62e
live_ep_000010_QUEUE_BACKUP,QUEUE_BACKUP,payment-service,40.5,1785924115.517432,652d6ef1d7ac45f283606d85bd6e075e,1e1d647c23de478082cbfe208ce37a9b,db.query.update,WRITE,10.85,OK,user-db,v2.0.1,a80b8197c7934d51915f04ec0b18d62e
live_ep_000010_QUEUE_BACKUP,QUEUE_BACKUP,payment-service,40.5,1785924115.517432,0293b8a2674b4e258b791d44d7cef0cf,1e1d647c23de478082cbfe208ce37a9b,db.query.insert,WRITE,13.22,OK,user-db,v2.0.1,a80b8197c7934d51915f04ec0b18d62e
live_ep_000010_QUEUE_BACKUP,QUEUE_BACKUP,payment-service,41.0,1785924116.0173998,02dc9282705f4dfaa261f73a88688edd,,POST /api/payment,,231.26,OK,payment-service,v2.0.1,fe80bf44f3fa49c29f8da7a3c4147a6a
live_ep_000010_QUEUE_BACKUP,QUEUE_BACKUP,payment-service,41.0,1785924116.0173998,4c68455a8ae74d3386610dc3ef6e6396,02dc9282705f4dfaa261f73a88688edd,db.transaction,WRITE,15.48,OK,user-db,v2.0.1,fe80bf44f3fa49c29f8da7a3c4147a6a
live_ep_000010_QUEUE_BACKUP,QUEUE_BACKUP,payment-service,41.0,1785924116.0173998,9f0e2a13aa8a4d7ca968f3ab32ee1f1e,02dc9282705f4dfaa261f73a88688edd,db.transaction,WRITE,11.52,OK,user-db,v2.0.1,fe80bf44f3fa49c29f8da7a3c4147a6a
live_ep_000010_QUEUE_BACKUP,QUEUE_BACKUP,payment-service,41.0,1785924116.0173998,4a32f8df2af148b8aedf612d00dec8ad,02dc9282705f4dfaa261f73a88688edd,cache.get,,2.36,OK,cache-cluster,v2.0.1,fe80bf44f3fa49c29f8da7a3c4147a6a
live_ep_000010_QUEUE_BACKUP,QUEUE_BACKUP,payment-service,41.5,1785924116.5174446,b9ee792dd8744c72a4ae8f94439d2714,,POST /api/payment,,199.08,OK,payment-service,v2.0.1,d4621a12d42a495fb0548b44a9d9e954
live_ep_000010_QUEUE_BACKUP,QUEUE_BACKUP,payment-service,41.5,1785924116.5174446,11bf9e45be804a559327237c3a7612ed,b9ee792dd8744c72a4ae8f94439d2714,db.transaction,READ,23.95,OK,user-db,v2.0.1,d4621a12d42a495fb0548b44a9d9e954
live_ep_000010_QUEUE_BACKUP,QUEUE_BACKUP,payment-service,41.5,1785924116.5174446,73f52fa0c15447e89a0668033d1100a0,b9ee792dd8744c72a4ae8f94439d2714,db.query.select,WRITE,26.45,OK,user-db,v2.0.1,d4621a12d42a495fb0548b44a9d9e954
live_ep_000010_QUEUE_BACKUP,QUEUE_BACKUP,payment-service,42.0,1785924117.0176425,1c5d67cf634d483cb4db8adb606c5ee2,,GET /api/health,,259.13,OK,payment-service,v2.0.1,e2ca4706806a4a1ebf9842680108c5bf
live_ep_000010_QUEUE_BACKUP,QUEUE_BACKUP,payment-service,42.0,1785924117.0176425,9f10cae28ce54234aac8c3e271b51913,1c5d67cf634d483cb4db8adb606c5ee2,db.transaction,READ,18.09,OK,user-db,v2.0.1,e2ca4706806a4a1ebf9842680108c5bf
live_ep_000010_QUEUE_BACKUP,QUEUE_BACKUP,payment-service,42.0,1785924117.0176425,1f806f18d6414ca9bb723b7082ff549c,1c5d67cf634d483cb4db8adb606c5ee2,cache.set,,1.42,OK,cache-cluster,v2.0.1,e2ca4706806a4a1ebf9842680108c5bf
live_ep_000010_QUEUE_BACKUP,QUEUE_BACKUP,payment-service,42.5,1785924117.517958,cc3c4c19ce0441a0bbc311d716b86bec,,GET /api/auth,,194.61,ERROR,payment-service,v2.0.1,5bcab0b9ed1a4382a1bc5a0029e88a91
live_ep_000010_QUEUE_BACKUP,QUEUE_BACKUP,payment-service,42.5,1785924117.517958,f35c0c623e9b401d917a5efcf0fd721f,cc3c4c19ce0441a0bbc311d716b86bec,db.query.delete,WRITE,24.01,OK,user-db,v2.0.1,5bcab0b9ed1a4382a1bc5a0029e88a91
live_ep_000010_QUEUE_BACKUP,QUEUE_BACKUP,payment-service,42.5,1785924117.517958,017408cd02474b46af843fd412f70c68,cc3c4c19ce0441a0bbc311d716b86bec,db.query.select,READ,27.44,ERROR,user-db,v2.0.1,5bcab0b9ed1a4382a1bc5a0029e88a91
live_ep_000010_QUEUE_BACKUP,QUEUE_BACKUP,payment-service,42.5,1785924117.517958,3cbba6a7e4004c1cafa38ca1cf30d0f5,cc3c4c19ce0441a0bbc311d716b86bec,cache.delete,,1.12,OK,cache-cluster,v2.0.1,5bcab0b9ed1a4382a1bc5a0029e88a91
live_ep_000010_QUEUE_BACKUP,QUEUE_BACKUP,payment-service,42.5,1785924117.517958,7091cc416bf94e74aeacda0166e4636f,cc3c4c19ce0441a0bbc311d716b86bec,grpc.call,,30.08,OK,user-db,v2.0.1,5bcab0b9ed1a4382a1bc5a0029e88a91
live_ep_000010_QUEUE_BACKUP,QUEUE_BACKUP,payment-service,43.0,1785924118.0182858,b1e4c62d507d49c8af2c4aa12c1aeb82,,POST /api/payment,,171.35,OK,payment-service,v2.0.1,296047741c9d4f5bb7e2242f5b048e7a
live_ep_000010_QUEUE_BACKUP,QUEUE_BACKUP,payment-service,43.0,1785924118.0182858,b362ffb8dee44a01831b6fe010aa63e2,b1e4c62d507d49c8af2c4aa12c1aeb82,db.query.insert,WRITE,24.85,OK,user-db,v2.0.1,296047741c9d4f5bb7e2242f5b048e7a
live_ep_000010_QUEUE_BACKUP,QUEUE_BACKUP,payment-service,43.0,1785924118.0182858,3f77821d39a1436799628a2bcef4d90c,b1e4c62d507d49c8af2c4aa12c1aeb82,db.query.select,WRITE,20.34,OK,user-db,v2.0.1,296047741c9d4f5bb7e2242f5b048e7a
live_ep_000010_QUEUE_BACKUP,QUEUE_BACKUP,payment-service,43.0,1785924118.0182858,2022d83370894056a525c5b70471ccd3,b1e4c62d507d49c8af2c4aa12c1aeb82,cache.set,,1.84,OK,cache-cluster,v2.0.1,296047741c9d4f5bb7e2242f5b048e7a
live_ep_000010_QUEUE_BACKUP,QUEUE_BACKUP,payment-service,43.5,1785924118.5183988,53e3d32e4c784cf6a68c42b529c4432f,,GET /api/auth,,230.03,OK,payment-service,v2.0.1,8c60a8585ed04afdb6ce1c702488932b
live_ep_000010_QUEUE_BACKUP,QUEUE_BACKUP,payment-service,43.5,1785924118.5183988,37a72546543945c9ba2ca36b8ea844bd,53e3d32e4c784cf6a68c42b529c4432f,db.query.delete,WRITE,18.78,OK,user-db,v2.0.1,8c60a8585ed04afdb6ce1c702488932b
live_ep_000010_QUEUE_BACKUP,QUEUE_BACKUP,payment-service,43.5,1785924118.5183988,148267f8b4984b68969f8981c8fa13c1,53e3d32e4c784cf6a68c42b529c4432f,db.query.insert,WRITE,18.91,OK,user-db,v2.0.1,8c60a8585ed04afdb6ce1c702488932b
live_ep_000010_QUEUE_BACKUP,QUEUE_BACKUP,payment-service,43.5,1785924118.5183988,6302ec56410b44df916c22b6f8d3c756,53e3d32e4c784cf6a68c42b529c4432f,http.client.post,,23.25,OK,payment-gateway,v2.0.1,8c60a8585ed04afdb6ce1c702488932b
live_ep_000010_QUEUE_BACKUP,QUEUE_BACKUP,payment-service,44.0,1785924119.0188208,f6188e85857a4ba8bdc368762b10f72f,,POST /api/payment,,203.87,OK,payment-service,v2.0.1,3d2fe7182ecb40a88aade10332c38c28
live_ep_000010_QUEUE_BACKUP,QUEUE_BACKUP,payment-service,44.0,1785924119.0188208,ff83dbba031e408d999af791b216fbc5,f6188e85857a4ba8bdc368762b10f72f,db.query.select,READ,19.92,OK,user-db,v2.0.1,3d2fe7182ecb40a88aade10332c38c28
live_ep_000010_QUEUE_BACKUP,QUEUE_BACKUP,payment-service,44.0,1785924119.0188208,fa41027dcd2c4fba9b4768f83ec4f1de,f6188e85857a4ba8bdc368762b10f72f,db.transaction,READ,22.9,OK,user-db,v2.0.1,3d2fe7182ecb40a88aade10332c38c28
live_ep_000010_QUEUE_BACKUP,QUEUE_BACKUP,payment-service,44.0,1785924119.0188208,9923da44cf384e85b27f5e40b4765989,f6188e85857a4ba8bdc368762b10f72f,http.client.get,,18.69,OK,payment-gateway,v2.0.1,3d2fe7182ecb40a88aade10332c38c28
live_ep_000010_QUEUE_BACKUP,QUEUE_BACKUP,payment-service,44.5,1785924119.51932,62e6c36386684a83b3d2324a146408dc,,GET /api/order,,225.61,OK,payment-service,v2.0.1,7312c7e20f4f47b4b754548dafde0539
live_ep_000010_QUEUE_BACKUP,QUEUE_BACKUP,payment-service,44.5,1785924119.51932,05f08078ece942f1acd4a705dc780518,62e6c36386684a83b3d2324a146408dc,db.query.select,READ,27.27,OK,user-db,v2.0.1,7312c7e20f4f47b4b754548dafde0539
live_ep_000010_QUEUE_BACKUP,QUEUE_BACKUP,payment-service,44.5,1785924119.51932,4b77c051ab944c7eb8a7fd3228dd0539,62e6c36386684a83b3d2324a146408dc,cache.set,,1.5,OK,cache-cluster,v2.0.1,7312c7e20f4f47b4b754548dafde0539
live_ep_000010_QUEUE_BACKUP,QUEUE_BACKUP,payment-service,45.0,1785924120.0206604,9f282f2e59ed4bf78faf3db384a56ee1,,GET /api/order,,185.25,OK,payment-service,v2.0.1,9aba038d07bd47f198060f48a54cd34b
live_ep_000010_QUEUE_BACKUP,QUEUE_BACKUP,payment-service,45.0,1785924120.0206604,3b46b029c29b45ce830d15db128c8986,9f282f2e59ed4bf78faf3db384a56ee1,db.query.select,READ,12.07,OK,user-db,v2.0.1,9aba038d07bd47f198060f48a54cd34b
live_ep_000010_QUEUE_BACKUP,QUEUE_BACKUP,payment-service,45.0,1785924120.0206604,f49feeb7f724443c985b914c557206b1,9f282f2e59ed4bf78faf3db384a56ee1,db.transaction,WRITE,22.05,OK,user-db,v2.0.1,9aba038d07bd47f198060f48a54cd34b
live_ep_000010_QUEUE_BACKUP,QUEUE_BACKUP,payment-service,45.0,1785924120.0206604,08002cd1612045b6838a17f80ebf6580,9f282f2e59ed4bf78faf3db384a56ee1,grpc.call,,34.57,OK,user-db,v2.0.1,9aba038d07bd47f198060f48a54cd34b
live_ep_000010_QUEUE_BACKUP,QUEUE_BACKUP,payment-service,45.5,1785924120.5224035,abf4169141224800a7dc4add7a5ca4b3,,GET /api/order,,206.98,OK,payment-service,v2.0.1,c568d96a31334f6ca36a1ce217966919
live_ep_000010_QUEUE_BACKUP,QUEUE_BACKUP,payment-service,45.5,1785924120.5224035,96fbe3a4c64743b1aae098bdedc730e7,abf4169141224800a7dc4add7a5ca4b3,db.query.update,READ,15.35,OK,user-db,v2.0.1,c568d96a31334f6ca36a1ce217966919
live_ep_000010_QUEUE_BACKUP,QUEUE_BACKUP,payment-service,45.5,1785924120.5224035,fefc94c9afef45bdb0fcc3e29336e6e7,abf4169141224800a7dc4add7a5ca4b3,db.query.delete,WRITE,8.66,OK,user-db,v2.0.1,c568d96a31334f6ca36a1ce217966919
live_ep_000010_QUEUE_BACKUP,QUEUE_BACKUP,payment-service,45.5,1785924120.5224035,18dbc651f4d743a2a9878c4e65a94902,abf4169141224800a7dc4add7a5ca4b3,cache.delete,,49.08,OK,cache-cluster,v2.0.1,c568d96a31334f6ca36a1ce217966919
live_ep_000010_QUEUE_BACKUP,QUEUE_BACKUP,payment-service,46.0,1785924121.0225189,bb1bd99e58df437093260276bc83740f,,POST /api/payment,,281.41,OK,payment-service,v2.0.1,96a9249d03c84bf58e4961b75e0c3c41
live_ep_000010_QUEUE_BACKUP,QUEUE_BACKUP,payment-service,46.0,1785924121.0225189,c0feaf8040ad4648bca529f0036f526d,bb1bd99e58df437093260276bc83740f,db.query.update,READ,1.9,OK,user-db,v2.0.1,96a9249d03c84bf58e4961b75e0c3c41
live_ep_000010_QUEUE_BACKUP,QUEUE_BACKUP,payment-service,46.0,1785924121.0225189,871a847e328b469f9b77203a40da7474,bb1bd99e58df437093260276bc83740f,db.query.select,WRITE,19.9,OK,user-db,v2.0.1,96a9249d03c84bf58e4961b75e0c3c41
live_ep_000010_QUEUE_BACKUP,QUEUE_BACKUP,payment-service,46.0,1785924121.0225189,9b112d6c94d14595b9fd21ff9610199f,bb1bd99e58df437093260276bc83740f,http.client.get,,35.26,OK,inventory-api,v2.0.1,96a9249d03c84bf58e4961b75e0c3c41
live_ep_000010_QUEUE_BACKUP,QUEUE_BACKUP,payment-service,46.5,1785924121.5228357,764c88e1e4c5464cab2f6b8237e49047,,PUT /api/inventory,,208.31,OK,payment-service,v2.0.1,1897de159861402ab370aa1292fcfe86
live_ep_000010_QUEUE_BACKUP,QUEUE_BACKUP,payment-service,46.5,1785924121.5228357,460a61008a5a421bb6fb5504b5ba8239,764c88e1e4c5464cab2f6b8237e49047,db.query.update,READ,18.83,OK,user-db,v2.0.1,1897de159861402ab370aa1292fcfe86
live_ep_000010_QUEUE_BACKUP,QUEUE_BACKUP,payment-service,46.5,1785924121.5228357,6435a20ea9c744fa8ff41e5c9d6c0a8e,764c88e1e4c5464cab2f6b8237e49047,cache.get,,14.89,OK,cache-cluster,v2.0.1,1897de159861402ab370aa1292fcfe86
live_ep_000010_QUEUE_BACKUP,QUEUE_BACKUP,payment-service,47.0,1785924122.0229092,f56eaa3c9fc44730852c58c78d813f2f,,GET /api/health,,231.37,OK,payment-service,v2.0.1,73c200a8b4364d488ea70a5d30de54f8
live_ep_000010_QUEUE_BACKUP,QUEUE_BACKUP,payment-service,47.0,1785924122.0229092,febd9cf3e91c4fc7a0a81afa22f1784e,f56eaa3c9fc44730852c58c78d813f2f,db.transaction,READ,32.96,OK,user-db,v2.0.1,73c200a8b4364d488ea70a5d30de54f8
live_ep_000010_QUEUE_BACKUP,QUEUE_BACKUP,payment-service,47.0,1785924122.0229092,209a7995f11f4da7b3c9038903954d76,f56eaa3c9fc44730852c58c78d813f2f,grpc.call,,32.86,OK,cache-cluster,v2.0.1,73c200a8b4364d488ea70a5d30de54f8
live_ep_000010_QUEUE_BACKUP,QUEUE_BACKUP,payment-service,47.5,1785924122.5233495,9083a60bd69f4c0aadf1617b808adfd8,,GET /api/order,,233.93,OK,payment-service,v2.0.1,aaf927cda6dc4be8aff1193b79ba809b
live_ep_000010_QUEUE_BACKUP,QUEUE_BACKUP,payment-service,47.5,1785924122.5233495,2d5344566f374857bdec0a5d353f0bfe,9083a60bd69f4c0aadf1617b808adfd8,db.query.delete,READ,25.99,OK,user-db,v2.0.1,aaf927cda6dc4be8aff1193b79ba809b
live_ep_000010_QUEUE_BACKUP,QUEUE_BACKUP,payment-service,47.5,1785924122.5233495,83f5c80097ca430480a7c6d2c73cdd90,9083a60bd69f4c0aadf1617b808adfd8,db.query.delete,READ,19.91,OK,user-db,v2.0.1,aaf927cda6dc4be8aff1193b79ba809b
live_ep_000010_QUEUE_BACKUP,QUEUE_BACKUP,payment-service,47.5,1785924122.5233495,ba81f68e710941258551191b4a220a97,9083a60bd69f4c0aadf1617b808adfd8,cache.get,,1.71,OK,cache-cluster,v2.0.1,aaf927cda6dc4be8aff1193b79ba809b
live_ep_000010_QUEUE_BACKUP,QUEUE_BACKUP,payment-service,48.0,1785924123.0234292,819e8897f09e4d8da9a739a2722403dd,,POST /api/payment,,182.64,OK,payment-service,v2.0.1,33279c9cb6eb4da4910329de0eb1b9d2
live_ep_000010_QUEUE_BACKUP,QUEUE_BACKUP,payment-service,48.0,1785924123.0234292,e81a77d4bb7e49e098359ab72c4a3462,819e8897f09e4d8da9a739a2722403dd,db.query.insert,WRITE,19.25,OK,user-db,v2.0.1,33279c9cb6eb4da4910329de0eb1b9d2
live_ep_000010_QUEUE_BACKUP,QUEUE_BACKUP,payment-service,48.0,1785924123.0234292,236c7185072e43cc86df9abe7d5949f9,819e8897f09e4d8da9a739a2722403dd,db.query.insert,READ,28.39,OK,user-db,v2.0.1,33279c9cb6eb4da4910329de0eb1b9d2
live_ep_000010_QUEUE_BACKUP,QUEUE_BACKUP,payment-service,48.0,1785924123.0234292,e337f07b6eec47c5b161bf83dee94694,819e8897f09e4d8da9a739a2722403dd,grpc.call,,35.44,OK,inventory-api,v2.0.1,33279c9cb6eb4da4910329de0eb1b9d2
live_ep_000010_QUEUE_BACKUP,QUEUE_BACKUP,payment-service,48.5,1785924123.523677,4c2e55c150914c11a51d80231c3022a9,,GET /api/health,,221.33,OK,payment-service,v2.0.1,9ac456f8553a4d8792e3c1315c12379b
live_ep_000010_QUEUE_BACKUP,QUEUE_BACKUP,payment-service,48.5,1785924123.523677,321d2f4fe44041a8a42994093c75d9fb,4c2e55c150914c11a51d80231c3022a9,db.query.delete,WRITE,28.73,OK,user-db,v2.0.1,9ac456f8553a4d8792e3c1315c12379b
live_ep_000010_QUEUE_BACKUP,QUEUE_BACKUP,payment-service,49.0,1785924124.0238454,a0ca367c5a294d58bd391ed6336dc796,,POST /api/payment,,191.57,OK,payment-service,v2.0.1,77a34e93ec724fcea484e51fd6d3c1f9
live_ep_000010_QUEUE_BACKUP,QUEUE_BACKUP,payment-service,49.0,1785924124.0238454,d3a7fd6e319f4be286475578b7770319,a0ca367c5a294d58bd391ed6336dc796,db.query.insert,WRITE,21.66,OK,user-db,v2.0.1,77a34e93ec724fcea484e51fd6d3c1f9
live_ep_000010_QUEUE_BACKUP,QUEUE_BACKUP,payment-service,49.0,1785924124.0238454,b75edbb74db1488aa6ddf288646cf3e7,a0ca367c5a294d58bd391ed6336dc796,cache.set,,3.98,OK,cache-cluster,v2.0.1,77a34e93ec724fcea484e51fd6d3c1f9
live_ep_000010_QUEUE_BACKUP,QUEUE_BACKUP,payment-service,49.5,1785924124.524009,e48e6f81653e435f94c99663b90f3b17,,POST /api/checkout,,224.0,OK,payment-service,v2.0.1,00aa86267d23462ba0e9685b6f226e3d
live_ep_000010_QUEUE_BACKUP,QUEUE_BACKUP,payment-service,49.5,1785924124.524009,33e4d586db254e45a36459780dae930d,e48e6f81653e435f94c99663b90f3b17,db.query.insert,WRITE,30.7,OK,user-db,v2.0.1,00aa86267d23462ba0e9685b6f226e3d
live_ep_000010_QUEUE_BACKUP,QUEUE_BACKUP,payment-service,49.5,1785924124.524009,84c031a0a1df4264a49b0d9ecf691b66,e48e6f81653e435f94c99663b90f3b17,db.query.select,READ,32.61,OK,user-db,v2.0.1,00aa86267d23462ba0e9685b6f226e3d
live_ep_000010_QUEUE_BACKUP,QUEUE_BACKUP,payment-service,49.5,1785924124.524009,c7a3fca0ff32437c9db791f063c665fa,e48e6f81653e435f94c99663b90f3b17,grpc.call,,7.89,OK,user-db,v2.0.1,00aa86267d23462ba0e9685b6f226e3d
live_ep_000010_QUEUE_BACKUP,QUEUE_BACKUP,payment-service,50.0,1785924125.0244503,36e9d5e637b94164be3457128bb08939,,GET /api/health,,165.11,OK,payment-service,v2.0.1,46cb82df6a9c4b8685c75e6394914e2a
live_ep_000010_QUEUE_BACKUP,QUEUE_BACKUP,payment-service,50.0,1785924125.0244503,3fcdc4e3e35848f58acd06b003441801,36e9d5e637b94164be3457128bb08939,db.query.update,READ,49.52,OK,user-db,v2.0.1,46cb82df6a9c4b8685c75e6394914e2a
live_ep_000010_QUEUE_BACKUP,QUEUE_BACKUP,payment-service,50.0,1785924125.0244503,6a09b2b361ef4700b7410613ebe1fcd6,36e9d5e637b94164be3457128bb08939,db.transaction,READ,17.84,OK,user-db,v2.0.1,46cb82df6a9c4b8685c75e6394914e2a
live_ep_000010_QUEUE_BACKUP,QUEUE_BACKUP,payment-service,50.0,1785924125.0244503,b7a8d53d40654430b28d95fc4e4f7ca6,36e9d5e637b94164be3457128bb08939,cache.delete,,2.14,OK,cache-cluster,v2.0.1,46cb82df6a9c4b8685c75e6394914e2a
live_ep_000010_QUEUE_BACKUP,QUEUE_BACKUP,payment-service,50.0,1785924125.0244503,b6de5d035e7d483c93f4f445d4a999dd,36e9d5e637b94164be3457128bb08939,http.client.post,,17.63,OK,inventory-api,v2.0.1,46cb82df6a9c4b8685c75e6394914e2a
live_ep_000010_QUEUE_BACKUP,QUEUE_BACKUP,payment-service,50.5,1785924125.5246732,3b7256fd26834dfc9d6fa2bf67ef7e70,,GET /api/health,,206.01,OK,payment-service,v2.0.1,2625caf914b94ca288c68c249cf906e8
live_ep_000010_QUEUE_BACKUP,QUEUE_BACKUP,payment-service,50.5,1785924125.5246732,adafeceec67041a2873bead147f8a5eb,3b7256fd26834dfc9d6fa2bf67ef7e70,db.query.insert,READ,32.49,OK,user-db,v2.0.1,2625caf914b94ca288c68c249cf906e8
live_ep_000010_QUEUE_BACKUP,QUEUE_BACKUP,payment-service,50.5,1785924125.5246732,d02dbfd2529341b8af0ac716237acbfc,3b7256fd26834dfc9d6fa2bf67ef7e70,db.query.delete,WRITE,46.67,OK,user-db,v2.0.1,2625caf914b94ca288c68c249cf906e8
live_ep_000010_QUEUE_BACKUP,QUEUE_BACKUP,payment-service,50.5,1785924125.5246732,13068de638244db5ab4542b4a6fb3ad5,3b7256fd26834dfc9d6fa2bf67ef7e70,cache.delete,,1.4,OK,cache-cluster,v2.0.1,2625caf914b94ca288c68c249cf906e8
live_ep_000010_QUEUE_BACKUP,QUEUE_BACKUP,payment-service,50.5,1785924125.5246732,5ac87a1f7c80499da146ad70d9b371f9,3b7256fd26834dfc9d6fa2bf67ef7e70,http.client.post,,33.56,OK,cache-cluster,v2.0.1,2625caf914b94ca288c68c249cf906e8
live_ep_000010_QUEUE_BACKUP,QUEUE_BACKUP,payment-service,51.0,1785924126.0250483,6e7be4afc5504e3c89f703f7a793e6c7,,PUT /api/inventory,,214.9,OK,payment-service,v2.0.1,2175a36171b443d0b57775e3aa8e393e
live_ep_000010_QUEUE_BACKUP,QUEUE_BACKUP,payment-service,51.0,1785924126.0250483,4f3cb0c1c6df49e19e9225970b80f570,6e7be4afc5504e3c89f703f7a793e6c7,db.query.select,READ,14.71,OK,user-db,v2.0.1,2175a36171b443d0b57775e3aa8e393e
live_ep_000010_QUEUE_BACKUP,QUEUE_BACKUP,payment-service,51.0,1785924126.0250483,b66407ce1d324f17a90a4db042a2febe,6e7be4afc5504e3c89f703f7a793e6c7,db.query.update,READ,11.3,OK,user-db,v2.0.1,2175a36171b443d0b57775e3aa8e393e
live_ep_000010_QUEUE_BACKUP,QUEUE_BACKUP,payment-service,51.0,1785924126.0250483,81cee16f987a4430bc0c69c362924a5e,6e7be4afc5504e3c89f703f7a793e6c7,cache.set,,2.8,OK,cache-cluster,v2.0.1,2175a36171b443d0b57775e3aa8e393e
live_ep_000010_QUEUE_BACKUP,QUEUE_BACKUP,payment-service,51.5,1785924126.5253224,a237d1e322b64918addcad4066f8b8fb,,GET /api/auth,,224.76,OK,payment-service,v2.0.1,0057821e52354284a4d98006f71d00d4
live_ep_000010_QUEUE_BACKUP,QUEUE_BACKUP,payment-service,51.5,1785924126.5253224,ff24b557842547f4a30ec99aa5809bc8,a237d1e322b64918addcad4066f8b8fb,db.query.insert,WRITE,34.4,ERROR,user-db,v2.0.1,0057821e52354284a4d98006f71d00d4
live_ep_000010_QUEUE_BACKUP,QUEUE_BACKUP,payment-service,51.5,1785924126.5253224,a83251b504b842cd96a235a2525cd6b7,a237d1e322b64918addcad4066f8b8fb,db.query.insert,WRITE,15.02,OK,user-db,v2.0.1,0057821e52354284a4d98006f71d00d4
live_ep_000010_QUEUE_BACKUP,QUEUE_BACKUP,payment-service,51.5,1785924126.5253224,54bdb1ef762245f099d48114bec9cc7e,a237d1e322b64918addcad4066f8b8fb,cache.get,,1.62,OK,cache-cluster,v2.0.1,0057821e52354284a4d98006f71d00d4
live_ep_000010_QUEUE_BACKUP,QUEUE_BACKUP,payment-service,52.0,1785924127.026072,143249dca14b41bdbd21f3a04716f8cb,,GET /api/auth,,218.34,OK,payment-service,v2.0.1,a1e321a40d1349c5b28545ee250c5501
live_ep_000010_QUEUE_BACKUP,QUEUE_BACKUP,payment-service,52.0,1785924127.026072,ad13ca57a22f49dbb50d02ffd437f560,143249dca14b41bdbd21f3a04716f8cb,db.query.select,READ,19.9,OK,user-db,v2.0.1,a1e321a40d1349c5b28545ee250c5501
live_ep_000010_QUEUE_BACKUP,QUEUE_BACKUP,payment-service,52.0,1785924127.026072,6da47486173c4532821170468f07d5f0,143249dca14b41bdbd21f3a04716f8cb,cache.set,,1.82,OK,cache-cluster,v2.0.1,a1e321a40d1349c5b28545ee250c5501
live_ep_000010_QUEUE_BACKUP,QUEUE_BACKUP,payment-service,52.5,1785924127.5268939,f3a7d9b3e099447885a7cc7d241144de,,GET /api/health,,252.83,OK,payment-service,v2.0.1,a92f8d3884ed4054888973d17608e693
live_ep_000010_QUEUE_BACKUP,QUEUE_BACKUP,payment-service,52.5,1785924127.5268939,5d5dec1fabfe4dddafae9c82b005f4f6,f3a7d9b3e099447885a7cc7d241144de,db.query.update,READ,13.93,OK,user-db,v2.0.1,a92f8d3884ed4054888973d17608e693
live_ep_000010_QUEUE_BACKUP,QUEUE_BACKUP,payment-service,52.5,1785924127.5268939,974a942f74fd477e9a562f89206a8df0,f3a7d9b3e099447885a7cc7d241144de,cache.delete,,1.24,OK,cache-cluster,v2.0.1,a92f8d3884ed4054888973d17608e693
live_ep_000010_QUEUE_BACKUP,QUEUE_BACKUP,payment-service,53.0,1785924128.0271492,bdb435c957b5408c92fef5e4c4cbfb98,,PUT /api/inventory,,238.39,OK,payment-service,v2.0.1,b877718222fd4f9ebdd733a03ea836cc
live_ep_000010_QUEUE_BACKUP,QUEUE_BACKUP,payment-service,53.0,1785924128.0271492,648c239f40a74ad0b09e5e7465ac3bed,bdb435c957b5408c92fef5e4c4cbfb98,db.transaction,WRITE,35.81,OK,user-db,v2.0.1,b877718222fd4f9ebdd733a03ea836cc
live_ep_000010_QUEUE_BACKUP,QUEUE_BACKUP,payment-service,53.0,1785924128.0271492,b7307a7bc978403a83b3cd410b141552,bdb435c957b5408c92fef5e4c4cbfb98,cache.get,,3.2,OK,cache-cluster,v2.0.1,b877718222fd4f9ebdd733a03ea836cc
live_ep_000010_QUEUE_BACKUP,QUEUE_BACKUP,payment-service,53.5,1785924128.5274577,178737d66ca24f1a86ca24c71ea7f5da,,GET /api/auth,,184.91,OK,payment-service,v2.0.1,e51b0449d07a4af8a41b78684ae43f00
live_ep_000010_QUEUE_BACKUP,QUEUE_BACKUP,payment-service,53.5,1785924128.5274577,bd2cdce2fe724e92bd681c63437561ad,178737d66ca24f1a86ca24c71ea7f5da,db.query.select,READ,26.87,OK,user-db,v2.0.1,e51b0449d07a4af8a41b78684ae43f00
live_ep_000010_QUEUE_BACKUP,QUEUE_BACKUP,payment-service,53.5,1785924128.5274577,1a9e974265bc40c8b97e80eb5953ee6d,178737d66ca24f1a86ca24c71ea7f5da,db.query.select,READ,25.11,OK,user-db,v2.0.1,e51b0449d07a4af8a41b78684ae43f00
live_ep_000010_QUEUE_BACKUP,QUEUE_BACKUP,payment-service,53.5,1785924128.5274577,4e3e1d944fd0433086b3a5b3612dd6e9,178737d66ca24f1a86ca24c71ea7f5da,cache.get,,0.89,OK,cache-cluster,v2.0.1,e51b0449d07a4af8a41b78684ae43f00
live_ep_000010_QUEUE_BACKUP,QUEUE_BACKUP,payment-service,53.5,1785924128.5274577,20a29dc4ea48483c80eb26a4d8a6b971,178737d66ca24f1a86ca24c71ea7f5da,http.client.post,,36.53,OK,user-db,v2.0.1,e51b0449d07a4af8a41b78684ae43f00
live_ep_000010_QUEUE_BACKUP,QUEUE_BACKUP,payment-service,54.0,1785924129.0277984,cb805603717d4cad8cb71054159e9c38,,POST /api/payment,,155.12,OK,payment-service,v2.0.1,0bc18e70686c49199037c9397863fec0
live_ep_000010_QUEUE_BACKUP,QUEUE_BACKUP,payment-service,54.0,1785924129.0277984,9e2d573d8dbb4d359141c18e7b06fd09,cb805603717d4cad8cb71054159e9c38,db.transaction,WRITE,26.87,OK,user-db,v2.0.1,0bc18e70686c49199037c9397863fec0
live_ep_000010_QUEUE_BACKUP,QUEUE_BACKUP,payment-service,54.0,1785924129.0277984,a384fc47423c4d36b2d512b09063f36c,cb805603717d4cad8cb71054159e9c38,db.query.update,WRITE,25.54,OK,user-db,v2.0.1,0bc18e70686c49199037c9397863fec0
live_ep_000010_QUEUE_BACKUP,QUEUE_BACKUP,payment-service,54.0,1785924129.0277984,9b3a3c7f536e41549407c4b98df0f9b9,cb805603717d4cad8cb71054159e9c38,cache.get,,2.12,OK,cache-cluster,v2.0.1,0bc18e70686c49199037c9397863fec0
live_ep_000010_QUEUE_BACKUP,QUEUE_BACKUP,payment-service,54.5,1785924129.5278718,d8e9338af457478db8d8e8496842dff4,,POST /api/payment,,260.63,OK,payment-service,v2.0.1,4695cfc9ad6645fb831682c99df9b76e
live_ep_000010_QUEUE_BACKUP,QUEUE_BACKUP,payment-service,54.5,1785924129.5278718,1cc6b5de889b4fbc857693c84525f4fc,d8e9338af457478db8d8e8496842dff4,db.query.delete,READ,30.53,OK,user-db,v2.0.1,4695cfc9ad6645fb831682c99df9b76e
live_ep_000010_QUEUE_BACKUP,QUEUE_BACKUP,payment-service,54.5,1785924129.5278718,b3e2f00e795249919b1791eab26daaf8,d8e9338af457478db8d8e8496842dff4,db.query.update,READ,17.5,OK,user-db,v2.0.1,4695cfc9ad6645fb831682c99df9b76e
live_ep_000010_QUEUE_BACKUP,QUEUE_BACKUP,payment-service,54.5,1785924129.5278718,aac5ed53d8164d91aae6650064e411e3,d8e9338af457478db8d8e8496842dff4,cache.get,,50.97,OK,cache-cluster,v2.0.1,4695cfc9ad6645fb831682c99df9b76e
live_ep_000010_QUEUE_BACKUP,QUEUE_BACKUP,payment-service,55.0,1785924130.0283806,06b0519232844f77836adef86fd03ab4,,POST /api/payment,,203.0,OK,payment-service,v2.0.1,fff971332a504fd98dd09d10ae68fd5d
live_ep_000010_QUEUE_BACKUP,QUEUE_BACKUP,payment-service,55.0,1785924130.0283806,5700cea548844e859ba8bef259b8aaa0,06b0519232844f77836adef86fd03ab4,db.transaction,WRITE,21.35,OK,user-db,v2.0.1,fff971332a504fd98dd09d10ae68fd5d
live_ep_000010_QUEUE_BACKUP,QUEUE_BACKUP,payment-service,55.0,1785924130.0283806,3b72280533fa41a582172f3bb30e4dd4,06b0519232844f77836adef86fd03ab4,cache.get,,1.96,OK,cache-cluster,v2.0.1,fff971332a504fd98dd09d10ae68fd5d
live_ep_000010_QUEUE_BACKUP,QUEUE_BACKUP,payment-service,55.5,1785924130.5288208,92a285109d8641c494b6865853aebdca,,PUT /api/inventory,,240.82,OK,payment-service,v2.0.1,52e13befe3414522b0293d4445d238a2
live_ep_000010_QUEUE_BACKUP,QUEUE_BACKUP,payment-service,55.5,1785924130.5288208,a876c04fd75a4bf6a9fd0dabc81922a4,92a285109d8641c494b6865853aebdca,db.transaction,READ,17.62,OK,user-db,v2.0.1,52e13befe3414522b0293d4445d238a2
live_ep_000010_QUEUE_BACKUP,QUEUE_BACKUP,payment-service,55.5,1785924130.5288208,0bce2ae8282c45d29029374285b97733,92a285109d8641c494b6865853aebdca,db.query.insert,READ,11.86,OK,user-db,v2.0.1,52e13befe3414522b0293d4445d238a2
live_ep_000010_QUEUE_BACKUP,QUEUE_BACKUP,payment-service,55.5,1785924130.5288208,193e15ee2ec946c7945e18c15d4e1b0c,92a285109d8641c494b6865853aebdca,cache.get,,0.5,OK,cache-cluster,v2.0.1,52e13befe3414522b0293d4445d238a2
live_ep_000010_QUEUE_BACKUP,QUEUE_BACKUP,payment-service,56.0,1785924131.0293298,967d8c06706947e18bab872a6aa58cc6,,GET /api/order,,193.97,OK,payment-service,v2.0.1,c9df0daac86942baaf50957c3b0123fd
live_ep_000010_QUEUE_BACKUP,QUEUE_BACKUP,payment-service,56.0,1785924131.0293298,ded3de2a3b884bbcb880eb14a3b84564,967d8c06706947e18bab872a6aa58cc6,db.query.select,READ,8.83,OK,user-db,v2.0.1,c9df0daac86942baaf50957c3b0123fd
live_ep_000010_QUEUE_BACKUP,QUEUE_BACKUP,payment-service,56.0,1785924131.0293298,8ac513bbcb564f83b31abd56c9dfbe16,967d8c06706947e18bab872a6aa58cc6,db.query.select,READ,18.91,OK,user-db,v2.0.1,c9df0daac86942baaf50957c3b0123fd
live_ep_000010_QUEUE_BACKUP,QUEUE_BACKUP,payment-service,56.0,1785924131.0293298,2d62b8aa3ab74d119c5d0a451e2ff685,967d8c06706947e18bab872a6aa58cc6,http.client.get,,26.18,OK,payment-gateway,v2.0.1,c9df0daac86942baaf50957c3b0123fd
live_ep_000010_QUEUE_BACKUP,QUEUE_BACKUP,payment-service,56.5,1785924131.529489,5bcb21ab46cc4bacbdc2df7ff09a3d92,,GET /api/order,,218.34,OK,payment-service,v2.0.1,fe0ea8ff212a490d82fa8a062c471822
live_ep_000010_QUEUE_BACKUP,QUEUE_BACKUP,payment-service,56.5,1785924131.529489,b31166e4e0534250ae05c9f4ef4d8446,5bcb21ab46cc4bacbdc2df7ff09a3d92,db.query.update,WRITE,21.07,OK,user-db,v2.0.1,fe0ea8ff212a490d82fa8a062c471822
live_ep_000010_QUEUE_BACKUP,QUEUE_BACKUP,payment-service,56.5,1785924131.529489,7a3124b83ed74fb58264f58a1475b4b2,5bcb21ab46cc4bacbdc2df7ff09a3d92,db.query.select,READ,30.29,OK,user-db,v2.0.1,fe0ea8ff212a490d82fa8a062c471822
live_ep_000010_QUEUE_BACKUP,QUEUE_BACKUP,payment-service,56.5,1785924131.529489,cf28ea69b6f34d06a8c65f9122573e2c,5bcb21ab46cc4bacbdc2df7ff09a3d92,cache.get,,2.29,OK,cache-cluster,v2.0.1,fe0ea8ff212a490d82fa8a062c471822
live_ep_000010_QUEUE_BACKUP,QUEUE_BACKUP,payment-service,56.5,1785924131.529489,e150323019594ab6bca6a35843532c7e,5bcb21ab46cc4bacbdc2df7ff09a3d92,grpc.call,,38.72,OK,payment-gateway,v2.0.1,fe0ea8ff212a490d82fa8a062c471822
live_ep_000010_QUEUE_BACKUP,QUEUE_BACKUP,payment-service,57.0,1785924132.0296845,34cb6149c51b4446b3dbb9995c119a81,,GET /api/auth,,266.94,OK,payment-service,v2.0.1,db3187fc447e4148b229bfe068845086
live_ep_000010_QUEUE_BACKUP,QUEUE_BACKUP,payment-service,57.0,1785924132.0296845,8d3c7c5f757b486dbae60fa535399518,34cb6149c51b4446b3dbb9995c119a81,db.transaction,READ,25.45,OK,user-db,v2.0.1,db3187fc447e4148b229bfe068845086
live_ep_000010_QUEUE_BACKUP,QUEUE_BACKUP,payment-service,57.0,1785924132.0296845,d80e140260314e0d8a243a788bbb02bc,34cb6149c51b4446b3dbb9995c119a81,db.query.insert,READ,23.6,OK,user-db,v2.0.1,db3187fc447e4148b229bfe068845086
live_ep_000010_QUEUE_BACKUP,QUEUE_BACKUP,payment-service,57.0,1785924132.0296845,a53202a8f8e245f99f635dc284c6f88c,34cb6149c51b4446b3dbb9995c119a81,cache.get,,2.34,OK,cache-cluster,v2.0.1,db3187fc447e4148b229bfe068845086
live_ep_000010_QUEUE_BACKUP,QUEUE_BACKUP,payment-service,57.5,1785924132.5301032,890d4dee251d4181bba232a5f0bb78a2,,GET /api/order,,267.42,OK,payment-service,v2.0.1,a13696c5270c465c99db27e856998c9b
live_ep_000010_QUEUE_BACKUP,QUEUE_BACKUP,payment-service,57.5,1785924132.5301032,f363813dac7e484e9d756dac01b55fdf,890d4dee251d4181bba232a5f0bb78a2,db.query.update,WRITE,20.34,OK,user-db,v2.0.1,a13696c5270c465c99db27e856998c9b
live_ep_000010_QUEUE_BACKUP,QUEUE_BACKUP,payment-service,57.5,1785924132.5301032,ae9f0c2bfcb34ce8b9a2ce196475ca12,890d4dee251d4181bba232a5f0bb78a2,cache.set,,1.83,OK,cache-cluster,v2.0.1,a13696c5270c465c99db27e856998c9b
live_ep_000010_QUEUE_BACKUP,QUEUE_BACKUP,payment-service,57.5,1785924132.5301032,02ba3077c83f451e947bf2a6e51c54d4,890d4dee251d4181bba232a5f0bb78a2,http.client.get,,34.34,OK,user-db,v2.0.1,a13696c5270c465c99db27e856998c9b
live_ep_000010_QUEUE_BACKUP,QUEUE_BACKUP,payment-service,58.0,1785924133.030354,35f6f80c6bca40f4bb86d36b084a3fa4,,POST /api/checkout,,215.63,OK,payment-service,v2.0.1,75173d4ce4694ca2a0c3fadc68ebc0a5
live_ep_000010_QUEUE_BACKUP,QUEUE_BACKUP,payment-service,58.0,1785924133.030354,a568582cc772422f81f1c01c47e975be,35f6f80c6bca40f4bb86d36b084a3fa4,db.query.select,READ,20.8,OK,user-db,v2.0.1,75173d4ce4694ca2a0c3fadc68ebc0a5
live_ep_000010_QUEUE_BACKUP,QUEUE_BACKUP,payment-service,58.0,1785924133.030354,be4208092141449f92801ebfa11a6a0c,35f6f80c6bca40f4bb86d36b084a3fa4,db.query.insert,WRITE,18.14,OK,user-db,v2.0.1,75173d4ce4694ca2a0c3fadc68ebc0a5
live_ep_000010_QUEUE_BACKUP,QUEUE_BACKUP,payment-service,58.5,1785924133.530532,b0a0232559b84c68af88b2860e41b67a,,POST /api/payment,,289.6,OK,payment-service,v2.0.1,aa2e3e8ba5a043bfab5598477a37f0c7
live_ep_000010_QUEUE_BACKUP,QUEUE_BACKUP,payment-service,58.5,1785924133.530532,250130dcb9ca4e62910cf5382ba49aae,b0a0232559b84c68af88b2860e41b67a,db.query.insert,WRITE,28.57,OK,user-db,v2.0.1,aa2e3e8ba5a043bfab5598477a37f0c7
live_ep_000010_QUEUE_BACKUP,QUEUE_BACKUP,payment-service,58.5,1785924133.530532,28f5e4306ba945bfac7528565aae82d3,b0a0232559b84c68af88b2860e41b67a,cache.delete,,2.04,OK,cache-cluster,v2.0.1,aa2e3e8ba5a043bfab5598477a37f0c7
live_ep_000010_QUEUE_BACKUP,QUEUE_BACKUP,payment-service,58.5,1785924133.530532,1cfa4b868f14426bb065ef2c5107da29,b0a0232559b84c68af88b2860e41b67a,http.client.post,,45.15,OK,cache-cluster,v2.0.1,aa2e3e8ba5a043bfab5598477a37f0c7
live_ep_000010_QUEUE_BACKUP,QUEUE_BACKUP,payment-service,59.0,1785924134.0321817,93e7803486b14b0c89ef5cb65e8ff05d,,GET /api/health,,227.25,OK,payment-service,v2.0.1,e170b7250dc54cf68fb603d526bbdc77
live_ep_000010_QUEUE_BACKUP,QUEUE_BACKUP,payment-service,59.0,1785924134.0321817,a54ec62f6cab4f468f6c20bc55ddd2b6,93e7803486b14b0c89ef5cb65e8ff05d,db.query.delete,READ,26.2,OK,user-db,v2.0.1,e170b7250dc54cf68fb603d526bbdc77
live_ep_000010_QUEUE_BACKUP,QUEUE_BACKUP,payment-service,59.0,1785924134.0321817,e1c9fcf8d5334c5eb68c786709f4202e,93e7803486b14b0c89ef5cb65e8ff05d,cache.delete,,2.8,OK,cache-cluster,v2.0.1,e170b7250dc54cf68fb603d526bbdc77
live_ep_000010_QUEUE_BACKUP,QUEUE_BACKUP,payment-service,59.5,1785924134.5326476,3fef685e44a14f36bd0f6f8a8b372be1,,POST /api/checkout,,314.35,OK,payment-service,v2.0.1,d626ba33aa384ba0a35fa8553e8a8abd
live_ep_000010_QUEUE_BACKUP,QUEUE_BACKUP,payment-service,59.5,1785924134.5326476,55fce8180c2047838fb5c269692a2988,3fef685e44a14f36bd0f6f8a8b372be1,db.query.update,READ,20.2,OK,user-db,v2.0.1,d626ba33aa384ba0a35fa8553e8a8abd
live_ep_000010_QUEUE_BACKUP,QUEUE_BACKUP,payment-service,59.5,1785924134.5326476,26c22c0738ad4a0c8789ea798b3eaa08,3fef685e44a14f36bd0f6f8a8b372be1,cache.delete,,2.15,OK,cache-cluster,v2.0.1,d626ba33aa384ba0a35fa8553e8a8abd
live_ep_000011_CASCADING_FAILURE,CASCADING_FAILURE,payment-service,0.0,1785924135.0339448,c5f4774dd98e4b239c80d97b51d5c84c,,GET /api/health,,113.39,OK,payment-service,v2.0.1,33eec040b3bc411cb02dce7642605fe7
live_ep_000011_CASCADING_FAILURE,CASCADING_FAILURE,payment-service,0.0,1785924135.0339448,fafc310409764e028a44b201cca10d7a,c5f4774dd98e4b239c80d97b51d5c84c,db.query.insert,WRITE,14.79,OK,user-db,v2.0.1,33eec040b3bc411cb02dce7642605fe7
live_ep_000011_CASCADING_FAILURE,CASCADING_FAILURE,payment-service,0.0,1785924135.0339448,01c8a4f4b8234898a91156c809b9d43f,c5f4774dd98e4b239c80d97b51d5c84c,http.client.post,,22.7,OK,payment-gateway,v2.0.1,33eec040b3bc411cb02dce7642605fe7
live_ep_000011_CASCADING_FAILURE,CASCADING_FAILURE,payment-service,0.5,1785924135.5344634,a8db0f85fcac42cf87745b122736158f,,PUT /api/inventory,,107.07,OK,payment-service,v2.0.1,5aaa81281a59464fb46badc983923a25
live_ep_000011_CASCADING_FAILURE,CASCADING_FAILURE,payment-service,0.5,1785924135.5344634,d788f354bb0a4dcfbd1e960c73ae15ee,a8db0f85fcac42cf87745b122736158f,db.query.delete,READ,7.18,OK,user-db,v2.0.1,5aaa81281a59464fb46badc983923a25
live_ep_000011_CASCADING_FAILURE,CASCADING_FAILURE,payment-service,0.5,1785924135.5344634,436c878f08734f7284d8f0ef2a2a5ebe,a8db0f85fcac42cf87745b122736158f,db.transaction,READ,14.83,OK,user-db,v2.0.1,5aaa81281a59464fb46badc983923a25
live_ep_000011_CASCADING_FAILURE,CASCADING_FAILURE,payment-service,0.5,1785924135.5344634,d678c0800f5c49dc86100e2103649c1f,a8db0f85fcac42cf87745b122736158f,cache.get,,0.94,OK,cache-cluster,v2.0.1,5aaa81281a59464fb46badc983923a25
live_ep_000011_CASCADING_FAILURE,CASCADING_FAILURE,payment-service,1.0,1785924136.034572,1929ebf4c0ab4679bb857debb135f34d,,POST /api/payment,,115.12,OK,payment-service,v2.0.1,c3d054ca8b0040b8a5a87df1a8dcc7f3
live_ep_000011_CASCADING_FAILURE,CASCADING_FAILURE,payment-service,1.0,1785924136.034572,b94ec8fe558e4f1b8e03498e487ed2a0,1929ebf4c0ab4679bb857debb135f34d,db.transaction,READ,16.63,OK,user-db,v2.0.1,c3d054ca8b0040b8a5a87df1a8dcc7f3
live_ep_000011_CASCADING_FAILURE,CASCADING_FAILURE,payment-service,1.0,1785924136.034572,bc26ee3249c2426a9d17cb665c3612d5,1929ebf4c0ab4679bb857debb135f34d,db.query.select,READ,23.2,OK,user-db,v2.0.1,c3d054ca8b0040b8a5a87df1a8dcc7f3
live_ep_000011_CASCADING_FAILURE,CASCADING_FAILURE,payment-service,1.0,1785924136.034572,aba1e652bc2d466d99d0628ad501b5ee,1929ebf4c0ab4679bb857debb135f34d,cache.set,,2.17,OK,cache-cluster,v2.0.1,c3d054ca8b0040b8a5a87df1a8dcc7f3
live_ep_000011_CASCADING_FAILURE,CASCADING_FAILURE,payment-service,1.0,1785924136.034572,5675210bb7dc44e4acdfec3ac75ce767,1929ebf4c0ab4679bb857debb135f34d,http.client.post,,43.93,OK,cache-cluster,v2.0.1,c3d054ca8b0040b8a5a87df1a8dcc7f3
live_ep_000011_CASCADING_FAILURE,CASCADING_FAILURE,payment-service,1.5,1785924136.5351193,f77d2b773629408e9b96d2d1c4a9188b,,GET /api/order,,1421.19,OK,payment-service,v2.0.1,f207530654104e1aa30d1393926f46b2
live_ep_000011_CASCADING_FAILURE,CASCADING_FAILURE,payment-service,1.5,1785924136.5351193,6c7a9d932e3a4794a8f76e6e3aa4edb6,f77d2b773629408e9b96d2d1c4a9188b,db.query.select,READ,21.72,OK,user-db,v2.0.1,f207530654104e1aa30d1393926f46b2
live_ep_000011_CASCADING_FAILURE,CASCADING_FAILURE,payment-service,1.5,1785924136.5351193,4f5514f3605245d0b21e8616603bfa6e,f77d2b773629408e9b96d2d1c4a9188b,http.client.get,,28.7,OK,user-db,v2.0.1,f207530654104e1aa30d1393926f46b2
live_ep_000011_CASCADING_FAILURE,CASCADING_FAILURE,payment-service,2.0,1785924137.0354683,0a828ba2c7a747529f3290d0336c63cb,,GET /api/auth,,1650.72,OK,payment-service,v2.0.1,4d3839d47293472b92f2f7d151f26b60
live_ep_000011_CASCADING_FAILURE,CASCADING_FAILURE,payment-service,2.0,1785924137.0354683,7aa201372a3a4452830ffca3a4c1f9b6,0a828ba2c7a747529f3290d0336c63cb,db.transaction,READ,18.82,OK,user-db,v2.0.1,4d3839d47293472b92f2f7d151f26b60
live_ep_000011_CASCADING_FAILURE,CASCADING_FAILURE,payment-service,2.5,1785924137.5359378,ec0fc4ccfb5e42a5aa5369602bcd4c19,,GET /api/health,,1545.53,OK,payment-service,v2.0.1,e8f1d6cad4d94b1fbd036cfd1ef9d2a1
live_ep_000011_CASCADING_FAILURE,CASCADING_FAILURE,payment-service,2.5,1785924137.5359378,cd498b2ab0a742e9ad031002b267b0f0,ec0fc4ccfb5e42a5aa5369602bcd4c19,db.query.select,WRITE,47.08,OK,user-db,v2.0.1,e8f1d6cad4d94b1fbd036cfd1ef9d2a1
live_ep_000011_CASCADING_FAILURE,CASCADING_FAILURE,payment-service,2.5,1785924137.5359378,5da337cee7524cd080d66daa35cc1445,ec0fc4ccfb5e42a5aa5369602bcd4c19,db.query.insert,READ,51.35,OK,user-db,v2.0.1,e8f1d6cad4d94b1fbd036cfd1ef9d2a1
live_ep_000011_CASCADING_FAILURE,CASCADING_FAILURE,payment-service,2.5,1785924137.5359378,28b94e6849954e54b8aefe68e384be91,ec0fc4ccfb5e42a5aa5369602bcd4c19,cache.get,,2.03,OK,cache-cluster,v2.0.1,e8f1d6cad4d94b1fbd036cfd1ef9d2a1
live_ep_000011_CASCADING_FAILURE,CASCADING_FAILURE,payment-service,3.0,1785924138.0364356,61c6fd77bcda47f0b44259a5c9137c81,,POST /api/checkout,,1315.35,OK,payment-service,v2.0.1,c6eba474ce6944ef8f6a58fd79b7b2cb
live_ep_000011_CASCADING_FAILURE,CASCADING_FAILURE,payment-service,3.0,1785924138.0364356,a18d3aeb811a4bec9d31c49732ea5db6,61c6fd77bcda47f0b44259a5c9137c81,db.query.select,READ,22.07,OK,user-db,v2.0.1,c6eba474ce6944ef8f6a58fd79b7b2cb
live_ep_000011_CASCADING_FAILURE,CASCADING_FAILURE,payment-service,3.0,1785924138.0364356,1b8bd4afe96b44f6a68cc0cee7518b09,61c6fd77bcda47f0b44259a5c9137c81,db.transaction,WRITE,33.63,OK,user-db,v2.0.1,c6eba474ce6944ef8f6a58fd79b7b2cb
live_ep_000011_CASCADING_FAILURE,CASCADING_FAILURE,payment-service,3.5,1785924138.5368967,c3ed552d40af4efca30a0ca3ef79d3a5,,GET /api/order,,1326.81,OK,payment-service,v2.0.1,b22be38a0d3244068ea05bf41009a189
live_ep_000011_CASCADING_FAILURE,CASCADING_FAILURE,payment-service,3.5,1785924138.5368967,e20020ee6e994af782e055e72bd0aba2,c3ed552d40af4efca30a0ca3ef79d3a5,db.query.insert,WRITE,22.49,OK,user-db,v2.0.1,b22be38a0d3244068ea05bf41009a189
live_ep_000011_CASCADING_FAILURE,CASCADING_FAILURE,payment-service,3.5,1785924138.5368967,8ff459a9e20243d39be0224c41ca9645,c3ed552d40af4efca30a0ca3ef79d3a5,db.transaction,READ,27.98,OK,user-db,v2.0.1,b22be38a0d3244068ea05bf41009a189
live_ep_000011_CASCADING_FAILURE,CASCADING_FAILURE,payment-service,4.0,1785924139.0371382,79e78c4c6a8c47449cf6ab610f94acaa,,GET /api/health,,1546.96,OK,payment-service,v2.0.1,dc25b69c87da4a908e240f73477d77e8
live_ep_000011_CASCADING_FAILURE,CASCADING_FAILURE,payment-service,4.0,1785924139.0371382,422112c3e9a94b0b848f520931b13a60,79e78c4c6a8c47449cf6ab610f94acaa,db.query.update,WRITE,31.11,OK,user-db,v2.0.1,dc25b69c87da4a908e240f73477d77e8
live_ep_000011_CASCADING_FAILURE,CASCADING_FAILURE,payment-service,4.0,1785924139.0371382,33c6e71871fe49ff909bcb958c0b2a39,79e78c4c6a8c47449cf6ab610f94acaa,db.transaction,WRITE,8.84,OK,user-db,v2.0.1,dc25b69c87da4a908e240f73477d77e8
live_ep_000011_CASCADING_FAILURE,CASCADING_FAILURE,payment-service,4.0,1785924139.0371382,489f4a713d5b4772a9836aeb1b34126a,79e78c4c6a8c47449cf6ab610f94acaa,cache.delete,,1.65,OK,cache-cluster,v2.0.1,dc25b69c87da4a908e240f73477d77e8
live_ep_000011_CASCADING_FAILURE,CASCADING_FAILURE,payment-service,4.0,1785924139.0371382,ae8b2c8b29f9481ba6599867b6dbf72d,79e78c4c6a8c47449cf6ab610f94acaa,http.client.post,,13.88,OK,payment-gateway,v2.0.1,dc25b69c87da4a908e240f73477d77e8
live_ep_000011_CASCADING_FAILURE,CASCADING_FAILURE,payment-service,4.5,1785924139.5374327,2450ff7e3122433183822647ff1e7ae3,,PUT /api/inventory,,1308.05,OK,payment-service,v2.0.1,f1dc1d028b204fbca7f98901ddd92bdf
live_ep_000011_CASCADING_FAILURE,CASCADING_FAILURE,payment-service,4.5,1785924139.5374327,fc567ef5b258451aac065f2dd7bc652d,2450ff7e3122433183822647ff1e7ae3,db.transaction,WRITE,17.09,OK,user-db,v2.0.1,f1dc1d028b204fbca7f98901ddd92bdf
live_ep_000011_CASCADING_FAILURE,CASCADING_FAILURE,payment-service,4.5,1785924139.5374327,3f1ef736b4544cc98cc310db141a6917,2450ff7e3122433183822647ff1e7ae3,db.query.insert,WRITE,14.47,OK,user-db,v2.0.1,f1dc1d028b204fbca7f98901ddd92bdf
live_ep_000011_CASCADING_FAILURE,CASCADING_FAILURE,payment-service,4.5,1785924139.5374327,8f436c3e8efc4a9f941a0a8a3a8aa06c,2450ff7e3122433183822647ff1e7ae3,cache.get,,1.83,OK,cache-cluster,v2.0.1,f1dc1d028b204fbca7f98901ddd92bdf
live_ep_000011_CASCADING_FAILURE,CASCADING_FAILURE,payment-service,5.0,1785924140.0378935,a52d02ff870d441ba9391b69c2dfa6ac,,GET /api/order,,1720.42,OK,payment-service,v2.0.1,1c173fdc7c0e4a67affa481cf20e9e06
live_ep_000011_CASCADING_FAILURE,CASCADING_FAILURE,payment-service,5.0,1785924140.0378935,0e7ce41bc81747bdb8c9c79ad745eb01,a52d02ff870d441ba9391b69c2dfa6ac,db.query.update,READ,41.17,OK,user-db,v2.0.1,1c173fdc7c0e4a67affa481cf20e9e06
live_ep_000011_CASCADING_FAILURE,CASCADING_FAILURE,payment-service,5.0,1785924140.0378935,ba79dad6928742cfbc64d8c12da6c8e9,a52d02ff870d441ba9391b69c2dfa6ac,db.query.update,READ,33.96,OK,user-db,v2.0.1,1c173fdc7c0e4a67affa481cf20e9e06
live_ep_000011_CASCADING_FAILURE,CASCADING_FAILURE,payment-service,5.0,1785924140.0378935,94a3ce700ede4fd8a0333fe8867ddf8d,a52d02ff870d441ba9391b69c2dfa6ac,cache.set,,1.81,OK,cache-cluster,v2.0.1,1c173fdc7c0e4a67affa481cf20e9e06
live_ep_000011_CASCADING_FAILURE,CASCADING_FAILURE,payment-service,5.5,1785924140.5400052,ac67214494b74d3386344cfbb404b590,,POST /api/payment,,1474.73,OK,payment-service,v2.0.1,09d10b5cc440466e9bf7b1779087dbd2
live_ep_000011_CASCADING_FAILURE,CASCADING_FAILURE,payment-service,5.5,1785924140.5400052,0c6f6dfebdad459294a49576106393ec,ac67214494b74d3386344cfbb404b590,db.query.select,WRITE,20.18,OK,user-db,v2.0.1,09d10b5cc440466e9bf7b1779087dbd2
live_ep_000011_CASCADING_FAILURE,CASCADING_FAILURE,payment-service,5.5,1785924140.5400052,3b8b0654825b482a958645d14e824390,ac67214494b74d3386344cfbb404b590,db.query.update,READ,14.35,OK,user-db,v2.0.1,09d10b5cc440466e9bf7b1779087dbd2
live_ep_000011_CASCADING_FAILURE,CASCADING_FAILURE,payment-service,5.5,1785924140.5400052,99786398d2ff4e3682f1f28a662319a4,ac67214494b74d3386344cfbb404b590,http.client.get,,20.87,OK,user-db,v2.0.1,09d10b5cc440466e9bf7b1779087dbd2
live_ep_000011_CASCADING_FAILURE,CASCADING_FAILURE,payment-service,6.0,1785924141.0404572,df226f9c755d45fa87f209b800e697c3,,PUT /api/inventory,,1677.51,OK,payment-service,v2.0.1,50446f795333466ca8e12faba82fc7b3
live_ep_000011_CASCADING_FAILURE,CASCADING_FAILURE,payment-service,6.0,1785924141.0404572,081205a079bf4de386ea4ec443b3347d,df226f9c755d45fa87f209b800e697c3,db.query.select,READ,19.21,OK,user-db,v2.0.1,50446f795333466ca8e12faba82fc7b3
live_ep_000011_CASCADING_FAILURE,CASCADING_FAILURE,payment-service,6.0,1785924141.0404572,1c9a3267417f4d00ba5dd9cd52671222,df226f9c755d45fa87f209b800e697c3,db.query.insert,READ,32.04,OK,user-db,v2.0.1,50446f795333466ca8e12faba82fc7b3
live_ep_000011_CASCADING_FAILURE,CASCADING_FAILURE,payment-service,6.5,1785924141.540958,5a9798c2fbbc430d8caf35976306e883,,GET /api/health,,1412.41,OK,payment-service,v2.0.1,a2888355d5f24589884b38cedca8fd0a
live_ep_000011_CASCADING_FAILURE,CASCADING_FAILURE,payment-service,6.5,1785924141.540958,7b2dfaf5de664c878bf09d66f597968c,5a9798c2fbbc430d8caf35976306e883,db.query.update,READ,21.35,OK,user-db,v2.0.1,a2888355d5f24589884b38cedca8fd0a
live_ep_000011_CASCADING_FAILURE,CASCADING_FAILURE,payment-service,6.5,1785924141.540958,8140d312ffd142d8b7deee0e8424b888,5a9798c2fbbc430d8caf35976306e883,cache.get,,1.07,OK,cache-cluster,v2.0.1,a2888355d5f24589884b38cedca8fd0a
live_ep_000011_CASCADING_FAILURE,CASCADING_FAILURE,payment-service,6.5,1785924141.540958,3fd69eca6223428484c11a07d967f05d,5a9798c2fbbc430d8caf35976306e883,grpc.call,,17.29,OK,payment-gateway,v2.0.1,a2888355d5f24589884b38cedca8fd0a
live_ep_000011_CASCADING_FAILURE,CASCADING_FAILURE,payment-service,7.0,1785924142.0412853,7196363a20fb40b38983fe2b0e078e9e,,PUT /api/inventory,,1388.33,OK,payment-service,v2.0.1,9b49704785d346f6a2f72c12731b0645
live_ep_000011_CASCADING_FAILURE,CASCADING_FAILURE,payment-service,7.0,1785924142.0412853,37c1b0cff4a9486ca67699e9266d0eac,7196363a20fb40b38983fe2b0e078e9e,db.query.select,READ,18.56,OK,user-db,v2.0.1,9b49704785d346f6a2f72c12731b0645
live_ep_000011_CASCADING_FAILURE,CASCADING_FAILURE,payment-service,7.0,1785924142.0412853,735a523a8d404a1ba4305d4b0711a6ea,7196363a20fb40b38983fe2b0e078e9e,http.client.get,,41.78,OK,user-db,v2.0.1,9b49704785d346f6a2f72c12731b0645
live_ep_000011_CASCADING_FAILURE,CASCADING_FAILURE,payment-service,7.5,1785924142.5414324,6c3b3b1d5c7b4515bac70978e2da17b0,,GET /api/health,,1475.46,OK,payment-service,v2.0.1,a89a845c3e6a4d009102f18c42cbe14d
live_ep_000011_CASCADING_FAILURE,CASCADING_FAILURE,payment-service,7.5,1785924142.5414324,43728656f1434155a7cd8126d40e4331,6c3b3b1d5c7b4515bac70978e2da17b0,db.query.select,WRITE,16.76,OK,user-db,v2.0.1,a89a845c3e6a4d009102f18c42cbe14d
live_ep_000011_CASCADING_FAILURE,CASCADING_FAILURE,payment-service,7.5,1785924142.5414324,b5cd40f8292f40e5b887dd6d85b2aeec,6c3b3b1d5c7b4515bac70978e2da17b0,db.query.delete,READ,11.32,OK,user-db,v2.0.1,a89a845c3e6a4d009102f18c42cbe14d
live_ep_000011_CASCADING_FAILURE,CASCADING_FAILURE,payment-service,7.5,1785924142.5414324,049928571a50488cb7848aa76f2393b8,6c3b3b1d5c7b4515bac70978e2da17b0,http.client.post,,26.41,OK,payment-gateway,v2.0.1,a89a845c3e6a4d009102f18c42cbe14d
live_ep_000011_CASCADING_FAILURE,CASCADING_FAILURE,payment-service,8.0,1785924143.041699,617eaccd100a414e9b57babbd0c8f577,,GET /api/auth,,1462.68,OK,payment-service,v2.0.1,e7e0b1a9032345a68f9aa97fdb79f1f3
live_ep_000011_CASCADING_FAILURE,CASCADING_FAILURE,payment-service,8.0,1785924143.041699,1666699b410b45049d9769360aa4d365,617eaccd100a414e9b57babbd0c8f577,db.query.select,READ,27.9,OK,user-db,v2.0.1,e7e0b1a9032345a68f9aa97fdb79f1f3
live_ep_000011_CASCADING_FAILURE,CASCADING_FAILURE,payment-service,8.0,1785924143.041699,6eecd8898d3d4fb097e1be629b046d6d,617eaccd100a414e9b57babbd0c8f577,cache.set,,1.35,OK,cache-cluster,v2.0.1,e7e0b1a9032345a68f9aa97fdb79f1f3
live_ep_000011_CASCADING_FAILURE,CASCADING_FAILURE,payment-service,8.5,1785924143.5421388,d5aeccf46a974f53b00468d29cfb936e,,PUT /api/inventory,,1329.73,ERROR,payment-service,v2.0.1,a0045c654d1f4960b76ad8536f285086
live_ep_000011_CASCADING_FAILURE,CASCADING_FAILURE,payment-service,8.5,1785924143.5421388,98a4554cff6b46e3a58b2933b2e7f6ad,d5aeccf46a974f53b00468d29cfb936e,db.query.insert,READ,13.23,OK,user-db,v2.0.1,a0045c654d1f4960b76ad8536f285086
live_ep_000011_CASCADING_FAILURE,CASCADING_FAILURE,payment-service,8.5,1785924143.5421388,ec335dd893fb475880c2a27afb3b7d64,d5aeccf46a974f53b00468d29cfb936e,cache.delete,,1.26,OK,cache-cluster,v2.0.1,a0045c654d1f4960b76ad8536f285086
live_ep_000011_CASCADING_FAILURE,CASCADING_FAILURE,payment-service,9.0,1785924144.042632,9d5b3f8e58484915bd2ace4fd34cebd0,,GET /api/health,,1601.31,OK,payment-service,v2.0.1,41e8d29e13034402a28af5bd3dd5ce62
live_ep_000011_CASCADING_FAILURE,CASCADING_FAILURE,payment-service,9.0,1785924144.042632,46bae8fbfd474260a47f2bc25d0b2f67,9d5b3f8e58484915bd2ace4fd34cebd0,db.query.insert,WRITE,18.46,OK,user-db,v2.0.1,41e8d29e13034402a28af5bd3dd5ce62
live_ep_000011_CASCADING_FAILURE,CASCADING_FAILURE,payment-service,9.0,1785924144.042632,a5a6cf4c2425422d8215f8593af66038,9d5b3f8e58484915bd2ace4fd34cebd0,db.query.select,READ,33.35,OK,user-db,v2.0.1,41e8d29e13034402a28af5bd3dd5ce62
live_ep_000011_CASCADING_FAILURE,CASCADING_FAILURE,payment-service,9.5,1785924144.543547,a82a40e4c8df4ab7aa3e7929950c185a,,POST /api/payment,,1684.62,OK,payment-service,v2.0.1,0c6818d9a0a3440c8fc6aeaba57d632e
live_ep_000011_CASCADING_FAILURE,CASCADING_FAILURE,payment-service,9.5,1785924144.543547,d381e47a1e464ba1b5cb56f9de5de619,a82a40e4c8df4ab7aa3e7929950c185a,db.query.insert,WRITE,40.25,OK,user-db,v2.0.1,0c6818d9a0a3440c8fc6aeaba57d632e
live_ep_000011_CASCADING_FAILURE,CASCADING_FAILURE,payment-service,9.5,1785924144.543547,541c38b0f0d54244b8e5eb56d0d17c4a,a82a40e4c8df4ab7aa3e7929950c185a,cache.get,,2.33,OK,cache-cluster,v2.0.1,0c6818d9a0a3440c8fc6aeaba57d632e
live_ep_000011_CASCADING_FAILURE,CASCADING_FAILURE,payment-service,10.0,1785924145.0437522,2577e9c20af94c56aefb827d918c5633,,GET /api/order,,1294.05,OK,payment-service,v2.0.1,9a40290ae64b460ca3d6f7f5abf92caa
live_ep_000011_CASCADING_FAILURE,CASCADING_FAILURE,payment-service,10.0,1785924145.0437522,a2b00ca0f06d4c40bfcab0b6c7a4ca4a,2577e9c20af94c56aefb827d918c5633,db.query.delete,WRITE,37.98,OK,user-db,v2.0.1,9a40290ae64b460ca3d6f7f5abf92caa
live_ep_000011_CASCADING_FAILURE,CASCADING_FAILURE,payment-service,10.0,1785924145.0437522,297c26c40d564b618ee637b1d7d08c94,2577e9c20af94c56aefb827d918c5633,db.query.insert,WRITE,24.11,OK,user-db,v2.0.1,9a40290ae64b460ca3d6f7f5abf92caa
live_ep_000011_CASCADING_FAILURE,CASCADING_FAILURE,payment-service,10.0,1785924145.0437522,785309909f914bd18d33b721791038f4,2577e9c20af94c56aefb827d918c5633,cache.delete,,1.29,OK,cache-cluster,v2.0.1,9a40290ae64b460ca3d6f7f5abf92caa
live_ep_000011_CASCADING_FAILURE,CASCADING_FAILURE,payment-service,10.0,1785924145.0437522,b8674fea61cb4b10bbd19ce9bc7439c1,2577e9c20af94c56aefb827d918c5633,http.client.get,,27.67,OK,inventory-api,v2.0.1,9a40290ae64b460ca3d6f7f5abf92caa
live_ep_000011_CASCADING_FAILURE,CASCADING_FAILURE,payment-service,10.5,1785924145.5442924,0b6c0669f763417c81351b8d1e74ef79,,PUT /api/inventory,,1437.51,OK,payment-service,v2.0.1,b1cdcd67aeeb4677b789d4ac6bc3cd21
live_ep_000011_CASCADING_FAILURE,CASCADING_FAILURE,payment-service,10.5,1785924145.5442924,9f0ba87e79af46759a48eec135c21846,0b6c0669f763417c81351b8d1e74ef79,db.query.delete,READ,18.2,OK,user-db,v2.0.1,b1cdcd67aeeb4677b789d4ac6bc3cd21
live_ep_000011_CASCADING_FAILURE,CASCADING_FAILURE,payment-service,10.5,1785924145.5442924,4d4fcff64ebc4e6daa2d15167bce5e95,0b6c0669f763417c81351b8d1e74ef79,cache.delete,,2.57,OK,cache-cluster,v2.0.1,b1cdcd67aeeb4677b789d4ac6bc3cd21
live_ep_000011_CASCADING_FAILURE,CASCADING_FAILURE,payment-service,10.5,1785924145.5442924,bea0fd10681d49c6b29dfacc76b13548,0b6c0669f763417c81351b8d1e74ef79,http.client.post,,24.4,OK,payment-gateway,v2.0.1,b1cdcd67aeeb4677b789d4ac6bc3cd21
live_ep_000011_CASCADING_FAILURE,CASCADING_FAILURE,payment-service,11.0,1785924146.0446756,35819295f5c645d0ae60100134eaa15d,,GET /api/auth,,1691.64,OK,payment-service,v2.0.1,2780532a1ee048e4b69de669bbea828f
live_ep_000011_CASCADING_FAILURE,CASCADING_FAILURE,payment-service,11.0,1785924146.0446756,4c518cdc8c3b4666bc77ef23312e2a4e,35819295f5c645d0ae60100134eaa15d,db.query.delete,READ,18.88,OK,user-db,v2.0.1,2780532a1ee048e4b69de669bbea828f
live_ep_000011_CASCADING_FAILURE,CASCADING_FAILURE,payment-service,11.0,1785924146.0446756,ec18705964904b6aaf546f870dc11696,35819295f5c645d0ae60100134eaa15d,db.query.update,READ,3.2,OK,user-db,v2.0.1,2780532a1ee048e4b69de669bbea828f
live_ep_000011_CASCADING_FAILURE,CASCADING_FAILURE,payment-service,11.5,1785924146.5450468,59ca8ee879284eba815ad214d0595ae8,,GET /api/auth,,1451.26,OK,payment-service,v2.0.1,6af917ae96be452781503c8146416127
live_ep_000011_CASCADING_FAILURE,CASCADING_FAILURE,payment-service,11.5,1785924146.5450468,4859cc6ad95b403388f89cb98b369810,59ca8ee879284eba815ad214d0595ae8,db.query.select,WRITE,20.55,OK,user-db,v2.0.1,6af917ae96be452781503c8146416127
live_ep_000011_CASCADING_FAILURE,CASCADING_FAILURE,payment-service,11.5,1785924146.5450468,3b468f61f67d4931800e95ebdabc2541,59ca8ee879284eba815ad214d0595ae8,cache.delete,,1.43,OK,cache-cluster,v2.0.1,6af917ae96be452781503c8146416127
live_ep_000011_CASCADING_FAILURE,CASCADING_FAILURE,payment-service,11.5,1785924146.5450468,487fef7ed45b41e48aa762ad85a584f5,59ca8ee879284eba815ad214d0595ae8,http.client.post,,29.5,OK,inventory-api,v2.0.1,6af917ae96be452781503c8146416127
live_ep_000011_CASCADING_FAILURE,CASCADING_FAILURE,payment-service,12.0,1785924147.04592,e5b5517a9f13452ebdc7198c96b9f7ff,,PUT /api/inventory,,1346.97,OK,payment-service,v2.0.1,c1db64b6c68746a18965886fcc897466
live_ep_000011_CASCADING_FAILURE,CASCADING_FAILURE,payment-service,12.0,1785924147.04592,65d8f00605d14dcfbbdf6227a103987f,e5b5517a9f13452ebdc7198c96b9f7ff,db.query.delete,READ,41.73,OK,user-db,v2.0.1,c1db64b6c68746a18965886fcc897466
live_ep_000011_CASCADING_FAILURE,CASCADING_FAILURE,payment-service,12.0,1785924147.04592,8047e0f2df5d4bc5ad08ef3a5c3165a8,e5b5517a9f13452ebdc7198c96b9f7ff,db.query.select,WRITE,25.62,OK,user-db,v2.0.1,c1db64b6c68746a18965886fcc897466
live_ep_000011_CASCADING_FAILURE,CASCADING_FAILURE,payment-service,12.0,1785924147.04592,ca8468ce4ec546c58f575e4fcf5e4e59,e5b5517a9f13452ebdc7198c96b9f7ff,cache.set,,2.49,OK,cache-cluster,v2.0.1,c1db64b6c68746a18965886fcc897466
live_ep_000011_CASCADING_FAILURE,CASCADING_FAILURE,payment-service,12.0,1785924147.04592,e0d54fc2eb9340b8b40f8f5ff755f3b9,e5b5517a9f13452ebdc7198c96b9f7ff,http.client.get,,32.08,OK,user-db,v2.0.1,c1db64b6c68746a18965886fcc897466
live_ep_000011_CASCADING_FAILURE,CASCADING_FAILURE,payment-service,12.5,1785924147.5461512,f0819a42538546a79593c355c99f5a5e,,POST /api/checkout,,1255.43,OK,payment-service,v2.0.1,5cc4197bc75b4dedb7cebceee1311664
live_ep_000011_CASCADING_FAILURE,CASCADING_FAILURE,payment-service,12.5,1785924147.5461512,b3e68cbe39a14ee5927603afbc4de4b6,f0819a42538546a79593c355c99f5a5e,db.query.update,READ,13.43,OK,user-db,v2.0.1,5cc4197bc75b4dedb7cebceee1311664
live_ep_000011_CASCADING_FAILURE,CASCADING_FAILURE,payment-service,12.5,1785924147.5461512,4cec153acc654e12b864665d106763f2,f0819a42538546a79593c355c99f5a5e,db.query.select,READ,19.8,OK,user-db,v2.0.1,5cc4197bc75b4dedb7cebceee1311664
live_ep_000011_CASCADING_FAILURE,CASCADING_FAILURE,payment-service,12.5,1785924147.5461512,27ffa93f17a94ec98724ac818d40e8f1,f0819a42538546a79593c355c99f5a5e,grpc.call,,32.59,OK,payment-gateway,v2.0.1,5cc4197bc75b4dedb7cebceee1311664
live_ep_000011_CASCADING_FAILURE,CASCADING_FAILURE,payment-service,13.0,1785924148.0464506,0a5dc859e6534fb789adba43c3e79538,,GET /api/health,,1485.05,OK,payment-service,v2.0.1,ff8324d6a9644b8b8545fe0b3b721eba
live_ep_000011_CASCADING_FAILURE,CASCADING_FAILURE,payment-service,13.0,1785924148.0464506,5e954f793da74cefa9734d55a783e523,0a5dc859e6534fb789adba43c3e79538,db.query.update,WRITE,37.18,OK,user-db,v2.0.1,ff8324d6a9644b8b8545fe0b3b721eba
live_ep_000011_CASCADING_FAILURE,CASCADING_FAILURE,payment-service,13.0,1785924148.0464506,8e775a48c1f24705b5b055c6e93bd274,0a5dc859e6534fb789adba43c3e79538,cache.set,,2.69,OK,cache-cluster,v2.0.1,ff8324d6a9644b8b8545fe0b3b721eba
live_ep_000011_CASCADING_FAILURE,CASCADING_FAILURE,payment-service,13.5,1785924148.5468566,0fa9c1e553db4617835c7e58013eef28,,POST /api/checkout,,1502.94,OK,payment-service,v2.0.1,47b0a194b598445f99407be5888756e3
live_ep_000011_CASCADING_FAILURE,CASCADING_FAILURE,payment-service,13.5,1785924148.5468566,bf36b9440e484cc2984a8d2be34a06c2,0fa9c1e553db4617835c7e58013eef28,db.query.insert,WRITE,16.81,OK,user-db,v2.0.1,47b0a194b598445f99407be5888756e3
live_ep_000011_CASCADING_FAILURE,CASCADING_FAILURE,payment-service,13.5,1785924148.5468566,de7ce91e43684a20a595e885977952f5,0fa9c1e553db4617835c7e58013eef28,cache.delete,,1.13,OK,cache-cluster,v2.0.1,47b0a194b598445f99407be5888756e3
live_ep_000011_CASCADING_FAILURE,CASCADING_FAILURE,payment-service,14.0,1785924149.0469255,8e7046f78ad746a5b2b161f48bfc96c0,,GET /api/order,,1240.6,OK,payment-service,v2.0.1,cf724d99b38c47cca886b44b251afc25
live_ep_000011_CASCADING_FAILURE,CASCADING_FAILURE,payment-service,14.0,1785924149.0469255,acd62e9475884b12bd187925c5b56d63,8e7046f78ad746a5b2b161f48bfc96c0,db.transaction,READ,30.86,OK,user-db,v2.0.1,cf724d99b38c47cca886b44b251afc25
live_ep_000011_CASCADING_FAILURE,CASCADING_FAILURE,payment-service,14.0,1785924149.0469255,1ff9fe2ae01143faa577e27c929f3bd1,8e7046f78ad746a5b2b161f48bfc96c0,cache.set,,1.72,OK,cache-cluster,v2.0.1,cf724d99b38c47cca886b44b251afc25
live_ep_000011_CASCADING_FAILURE,CASCADING_FAILURE,payment-service,14.0,1785924149.0469255,703b0e3641ea49308f023bce1fe7bb6a,8e7046f78ad746a5b2b161f48bfc96c0,http.client.get,,28.87,OK,inventory-api,v2.0.1,cf724d99b38c47cca886b44b251afc25
live_ep_000011_CASCADING_FAILURE,CASCADING_FAILURE,payment-service,14.5,1785924149.5473998,70664a54b62e4529bc8dcde9e329f917,,POST /api/payment,,1576.16,OK,payment-service,v2.0.1,dc4ca72861424d43b1d2ed8acfeaf046
live_ep_000011_CASCADING_FAILURE,CASCADING_FAILURE,payment-service,14.5,1785924149.5473998,1a99a5a259444303ab06a16425212b5f,70664a54b62e4529bc8dcde9e329f917,db.query.select,READ,26.64,OK,user-db,v2.0.1,dc4ca72861424d43b1d2ed8acfeaf046
live_ep_000011_CASCADING_FAILURE,CASCADING_FAILURE,payment-service,14.5,1785924149.5473998,57b54a02d19e485e982735200ed23d2c,70664a54b62e4529bc8dcde9e329f917,cache.set,,1.26,OK,cache-cluster,v2.0.1,dc4ca72861424d43b1d2ed8acfeaf046
live_ep_000011_CASCADING_FAILURE,CASCADING_FAILURE,payment-service,15.0,1785924150.0480475,4ebd5cb2868946ce9e3e22e24afffd46,,POST /api/checkout,,1546.6,OK,payment-service,v2.0.1,72c52820b1e34d6d90cad40ee637b074
live_ep_000011_CASCADING_FAILURE,CASCADING_FAILURE,payment-service,15.0,1785924150.0480475,efe5aff6b14740fca269431009e7315c,4ebd5cb2868946ce9e3e22e24afffd46,db.transaction,READ,33.18,OK,user-db,v2.0.1,72c52820b1e34d6d90cad40ee637b074
live_ep_000011_CASCADING_FAILURE,CASCADING_FAILURE,payment-service,15.0,1785924150.0480475,116cb94df28d4646a41bdf772caec697,4ebd5cb2868946ce9e3e22e24afffd46,db.query.delete,READ,27.45,OK,user-db,v2.0.1,72c52820b1e34d6d90cad40ee637b074
live_ep_000011_CASCADING_FAILURE,CASCADING_FAILURE,payment-service,15.0,1785924150.0480475,1480629e17b04e73895c78d7c16734ae,4ebd5cb2868946ce9e3e22e24afffd46,cache.get,,1.2,OK,cache-cluster,v2.0.1,72c52820b1e34d6d90cad40ee637b074
live_ep_000011_CASCADING_FAILURE,CASCADING_FAILURE,payment-service,15.5,1785924150.548463,4669a4d9890f4131991f255a7fc6a816,,GET /api/auth,,1486.19,OK,payment-service,v2.0.1,7574cb965907404d9ed9b2b5b99ef4b0
live_ep_000011_CASCADING_FAILURE,CASCADING_FAILURE,payment-service,15.5,1785924150.548463,a35718c04d88402888998b4519a50ebe,4669a4d9890f4131991f255a7fc6a816,db.query.update,READ,37.84,OK,user-db,v2.0.1,7574cb965907404d9ed9b2b5b99ef4b0
live_ep_000011_CASCADING_FAILURE,CASCADING_FAILURE,payment-service,15.5,1785924150.548463,4495738490e9477d9a35598d3717c1bc,4669a4d9890f4131991f255a7fc6a816,cache.set,,0.5,OK,cache-cluster,v2.0.1,7574cb965907404d9ed9b2b5b99ef4b0
live_ep_000011_CASCADING_FAILURE,CASCADING_FAILURE,payment-service,15.5,1785924150.548463,51a16e33859248ab8ed1f71a33062849,4669a4d9890f4131991f255a7fc6a816,grpc.call,,20.47,OK,inventory-api,v2.0.1,7574cb965907404d9ed9b2b5b99ef4b0
live_ep_000011_CASCADING_FAILURE,CASCADING_FAILURE,payment-service,16.0,1785924151.0486605,ad44956fc8d14853ade6c0cc937916a2,,POST /api/payment,,1734.24,OK,payment-service,v2.0.1,7cf878c87d314496a14f6a3883a5cfa3
live_ep_000011_CASCADING_FAILURE,CASCADING_FAILURE,payment-service,16.0,1785924151.0486605,eddf0cc444324734802345a153c21de9,ad44956fc8d14853ade6c0cc937916a2,db.query.select,READ,32.65,OK,user-db,v2.0.1,7cf878c87d314496a14f6a3883a5cfa3
live_ep_000011_CASCADING_FAILURE,CASCADING_FAILURE,payment-service,16.0,1785924151.0486605,8f622cb5e070477a985e1335a87c0ea4,ad44956fc8d14853ade6c0cc937916a2,cache.get,,0.5,OK,cache-cluster,v2.0.1,7cf878c87d314496a14f6a3883a5cfa3
live_ep_000011_CASCADING_FAILURE,CASCADING_FAILURE,payment-service,16.0,1785924151.0486605,0313d9bc24b34bb3a0d2525cb3f2e7c6,ad44956fc8d14853ade6c0cc937916a2,grpc.call,,26.93,OK,payment-gateway,v2.0.1,7cf878c87d314496a14f6a3883a5cfa3
live_ep_000011_CASCADING_FAILURE,CASCADING_FAILURE,payment-service,16.5,1785924151.548865,e325e59ab9104b989be2636d3f5e357f,,PUT /api/inventory,,1438.76,OK,payment-service,v2.0.1,665ca30f2e624910aff59f3bb07428c3
live_ep_000011_CASCADING_FAILURE,CASCADING_FAILURE,payment-service,16.5,1785924151.548865,fbe3842613664bc082798cd8e97d496b,e325e59ab9104b989be2636d3f5e357f,db.query.insert,READ,33.82,OK,user-db,v2.0.1,665ca30f2e624910aff59f3bb07428c3
live_ep_000011_CASCADING_FAILURE,CASCADING_FAILURE,payment-service,16.5,1785924151.548865,b5aa5e73a39344e8b6b4ec04308e7dd9,e325e59ab9104b989be2636d3f5e357f,db.query.delete,READ,23.03,OK,user-db,v2.0.1,665ca30f2e624910aff59f3bb07428c3
live_ep_000011_CASCADING_FAILURE,CASCADING_FAILURE,payment-service,16.5,1785924151.548865,4dc774de0dd3489084f89614072c0169,e325e59ab9104b989be2636d3f5e357f,cache.delete,,1.58,OK,cache-cluster,v2.0.1,665ca30f2e624910aff59f3bb07428c3
live_ep_000011_CASCADING_FAILURE,CASCADING_FAILURE,payment-service,16.5,1785924151.548865,1d1cef4eea4c4311964dc05a4cfa3200,e325e59ab9104b989be2636d3f5e357f,grpc.call,,36.33,OK,user-db,v2.0.1,665ca30f2e624910aff59f3bb07428c3
live_ep_000011_CASCADING_FAILURE,CASCADING_FAILURE,payment-service,17.0,1785924152.0490613,00c290b2e5b84b61ba429d84309f9280,,PUT /api/inventory,,1175.07,OK,payment-service,v2.0.1,43d862effbec45109c7c3579350d2a3b
live_ep_000011_CASCADING_FAILURE,CASCADING_FAILURE,payment-service,17.0,1785924152.0490613,14826cc762b44a04824ab8f036a2ff75,00c290b2e5b84b61ba429d84309f9280,db.query.insert,READ,56.37,OK,user-db,v2.0.1,43d862effbec45109c7c3579350d2a3b
live_ep_000011_CASCADING_FAILURE,CASCADING_FAILURE,payment-service,17.0,1785924152.0490613,d0e8b63187024d55bb3116ea0801ca3c,00c290b2e5b84b61ba429d84309f9280,grpc.call,,41.48,OK,payment-gateway,v2.0.1,43d862effbec45109c7c3579350d2a3b
live_ep_000011_CASCADING_FAILURE,CASCADING_FAILURE,payment-service,17.5,1785924152.5494268,e8e3312d405841d2a937f95d6c81e43c,,PUT /api/inventory,,1551.58,OK,payment-service,v2.0.1,6b05f37a19fb43f78107f43ab9f3219d
live_ep_000011_CASCADING_FAILURE,CASCADING_FAILURE,payment-service,17.5,1785924152.5494268,8e815fe527e9461890b0acc4717231e6,e8e3312d405841d2a937f95d6c81e43c,db.query.delete,READ,43.52,OK,user-db,v2.0.1,6b05f37a19fb43f78107f43ab9f3219d
live_ep_000011_CASCADING_FAILURE,CASCADING_FAILURE,payment-service,17.5,1785924152.5494268,d95989dc068d4106b4428ad6ced5bece,e8e3312d405841d2a937f95d6c81e43c,db.query.select,WRITE,56.8,OK,user-db,v2.0.1,6b05f37a19fb43f78107f43ab9f3219d
live_ep_000011_CASCADING_FAILURE,CASCADING_FAILURE,payment-service,17.5,1785924152.5494268,9cc3719ba7a44771b45390054ec465da,e8e3312d405841d2a937f95d6c81e43c,cache.delete,,1.19,OK,cache-cluster,v2.0.1,6b05f37a19fb43f78107f43ab9f3219d
live_ep_000011_CASCADING_FAILURE,CASCADING_FAILURE,payment-service,18.0,1785924153.0498204,2012da9e1ae44e428581a441f9ffef4d,,GET /api/auth,,1759.77,OK,payment-service,v2.0.1,d5df7ee41e7f4bae95cd59ee61bc222b
live_ep_000011_CASCADING_FAILURE,CASCADING_FAILURE,payment-service,18.0,1785924153.0498204,5ec231cc40564a8da38ee23730dfa961,2012da9e1ae44e428581a441f9ffef4d,db.query.update,WRITE,40.72,OK,user-db,v2.0.1,d5df7ee41e7f4bae95cd59ee61bc222b
live_ep_000011_CASCADING_FAILURE,CASCADING_FAILURE,payment-service,18.0,1785924153.0498204,537e40a8ac024f75bce093d3d3432cb1,2012da9e1ae44e428581a441f9ffef4d,grpc.call,,30.54,OK,inventory-api,v2.0.1,d5df7ee41e7f4bae95cd59ee61bc222b
live_ep_000011_CASCADING_FAILURE,CASCADING_FAILURE,payment-service,18.5,1785924153.5499752,3a020b642eb440bf91bdc1f66b05e994,,GET /api/health,,1285.16,OK,payment-service,v2.0.1,d1c77ae588f94b099c9d492e75485170
live_ep_000011_CASCADING_FAILURE,CASCADING_FAILURE,payment-service,18.5,1785924153.5499752,589e90a91b7a473492c6f49e544bfc6c,3a020b642eb440bf91bdc1f66b05e994,db.query.delete,WRITE,29.32,OK,user-db,v2.0.1,d1c77ae588f94b099c9d492e75485170
live_ep_000011_CASCADING_FAILURE,CASCADING_FAILURE,payment-service,18.5,1785924153.5499752,0ff1c3fb64f54a0c905f4cd049b600ee,3a020b642eb440bf91bdc1f66b05e994,db.query.update,READ,26.16,OK,user-db,v2.0.1,d1c77ae588f94b099c9d492e75485170
live_ep_000011_CASCADING_FAILURE,CASCADING_FAILURE,payment-service,18.5,1785924153.5499752,54ddc7c5a97545e1b60a3c949c66fb8e,3a020b642eb440bf91bdc1f66b05e994,cache.set,,2.22,OK,cache-cluster,v2.0.1,d1c77ae588f94b099c9d492e75485170
live_ep_000011_CASCADING_FAILURE,CASCADING_FAILURE,payment-service,18.5,1785924153.5499752,31d15ba70bcf43eda99358521ad042f8,3a020b642eb440bf91bdc1f66b05e994,http.client.get,,28.41,OK,inventory-api,v2.0.1,d1c77ae588f94b099c9d492e75485170
live_ep_000011_CASCADING_FAILURE,CASCADING_FAILURE,payment-service,19.0,1785924154.050196,657fca9f6c034b4089dbb8e2d974f9d3,,POST /api/checkout,,1237.43,OK,payment-service,v2.0.1,70c8fa784bb340c284ce5f2e2f5a8229
live_ep_000011_CASCADING_FAILURE,CASCADING_FAILURE,payment-service,19.0,1785924154.050196,81573c30b3894e65a107cf07ceb81bd6,657fca9f6c034b4089dbb8e2d974f9d3,db.query.delete,READ,17.17,OK,user-db,v2.0.1,70c8fa784bb340c284ce5f2e2f5a8229
live_ep_000011_CASCADING_FAILURE,CASCADING_FAILURE,payment-service,19.0,1785924154.050196,54ac106565fa4df4bcf85e8602953a90,657fca9f6c034b4089dbb8e2d974f9d3,db.query.delete,WRITE,28.66,OK,user-db,v2.0.1,70c8fa784bb340c284ce5f2e2f5a8229
live_ep_000011_CASCADING_FAILURE,CASCADING_FAILURE,payment-service,19.0,1785924154.050196,dc314e65d5194828a947907d387d160a,657fca9f6c034b4089dbb8e2d974f9d3,cache.set,,1.1,OK,cache-cluster,v2.0.1,70c8fa784bb340c284ce5f2e2f5a8229
live_ep_000011_CASCADING_FAILURE,CASCADING_FAILURE,payment-service,19.5,1785924154.5503354,f43e38f08cd74f2ba329263e85accfe5,,GET /api/auth,,1549.44,OK,payment-service,v2.0.1,62a02b1f7efa48babb8d9664acd9da13
live_ep_000011_CASCADING_FAILURE,CASCADING_FAILURE,payment-service,19.5,1785924154.5503354,dd9d11eda1da41829fd2192910e7d5cb,f43e38f08cd74f2ba329263e85accfe5,db.query.update,READ,29.48,OK,user-db,v2.0.1,62a02b1f7efa48babb8d9664acd9da13
live_ep_000011_CASCADING_FAILURE,CASCADING_FAILURE,payment-service,20.0,1785924155.0506423,01dd12b8675f458ab8a97deca45ec377,,POST /api/payment,,1387.43,OK,payment-service,v2.0.1,db8c5fc992514f718c82d5c1c516dd24
live_ep_000011_CASCADING_FAILURE,CASCADING_FAILURE,payment-service,20.0,1785924155.0506423,1d89bcc75e9c458d96361b7361b1dd8a,01dd12b8675f458ab8a97deca45ec377,db.query.delete,WRITE,33.23,OK,user-db,v2.0.1,db8c5fc992514f718c82d5c1c516dd24
live_ep_000011_CASCADING_FAILURE,CASCADING_FAILURE,payment-service,20.0,1785924155.0506423,bbb356223cd440b08d702ca6f1d232ce,01dd12b8675f458ab8a97deca45ec377,db.query.insert,WRITE,47.42,OK,user-db,v2.0.1,db8c5fc992514f718c82d5c1c516dd24
live_ep_000011_CASCADING_FAILURE,CASCADING_FAILURE,payment-service,20.5,1785924155.5509615,c7416d06dbff4e13bc795873cd33b6ef,,POST /api/payment,,1422.1,OK,payment-service,v2.0.1,241b114a161b46de9832cecff8d146db
live_ep_000011_CASCADING_FAILURE,CASCADING_FAILURE,payment-service,20.5,1785924155.5509615,261712b2f5c3449daaae424a7fd11953,c7416d06dbff4e13bc795873cd33b6ef,db.query.insert,READ,36.04,OK,user-db,v2.0.1,241b114a161b46de9832cecff8d146db
live_ep_000011_CASCADING_FAILURE,CASCADING_FAILURE,payment-service,20.5,1785924155.5509615,4d40bf3d4b3742abb6daf37726187937,c7416d06dbff4e13bc795873cd33b6ef,db.query.insert,READ,30.42,OK,user-db,v2.0.1,241b114a161b46de9832cecff8d146db
live_ep_000011_CASCADING_FAILURE,CASCADING_FAILURE,payment-service,20.5,1785924155.5509615,011b94dd6df7485a95357104b2e2e7db,c7416d06dbff4e13bc795873cd33b6ef,cache.set,,1.9,OK,cache-cluster,v2.0.1,241b114a161b46de9832cecff8d146db
live_ep_000011_CASCADING_FAILURE,CASCADING_FAILURE,payment-service,20.5,1785924155.5509615,e08e33d1e2474fe1bd46e26ce25eb136,c7416d06dbff4e13bc795873cd33b6ef,http.client.get,,25.97,OK,payment-gateway,v2.0.1,241b114a161b46de9832cecff8d146db
live_ep_000011_CASCADING_FAILURE,CASCADING_FAILURE,payment-service,21.0,1785924156.0515375,18ec65c2485849dcb8bb442d72e5b811,,POST /api/checkout,,1513.2,OK,payment-service,v2.0.1,421f08a9fda840a49818d67bbde83b49
live_ep_000011_CASCADING_FAILURE,CASCADING_FAILURE,payment-service,21.0,1785924156.0515375,d98bc9125b5e43e8b3a423a939606e60,18ec65c2485849dcb8bb442d72e5b811,db.query.update,READ,25.05,OK,user-db,v2.0.1,421f08a9fda840a49818d67bbde83b49
live_ep_000011_CASCADING_FAILURE,CASCADING_FAILURE,payment-service,21.0,1785924156.0515375,1523b73c4c9343b5bc52008a48c3517d,18ec65c2485849dcb8bb442d72e5b811,cache.get,,2.41,OK,cache-cluster,v2.0.1,421f08a9fda840a49818d67bbde83b49
live_ep_000011_CASCADING_FAILURE,CASCADING_FAILURE,payment-service,21.0,1785924156.0515375,77b83d3ba06b4e4b8b5ddea28f691b32,18ec65c2485849dcb8bb442d72e5b811,grpc.call,,14.21,OK,cache-cluster,v2.0.1,421f08a9fda840a49818d67bbde83b49
live_ep_000011_CASCADING_FAILURE,CASCADING_FAILURE,payment-service,21.5,1785924156.5518181,0e048e6c7f7945f18a00cb5144db2057,,POST /api/checkout,,1265.94,OK,payment-service,v2.0.1,b4ba8cea4ff74df680fe891611473fc6
live_ep_000011_CASCADING_FAILURE,CASCADING_FAILURE,payment-service,21.5,1785924156.5518181,5a9a389cb2b84bd3a5a0b96f9b230ab4,0e048e6c7f7945f18a00cb5144db2057,db.query.delete,READ,37.48,OK,user-db,v2.0.1,b4ba8cea4ff74df680fe891611473fc6
live_ep_000011_CASCADING_FAILURE,CASCADING_FAILURE,payment-service,22.0,1785924157.0520065,b2fc3ba325394b46a9d2b506fafeab81,,GET /api/order,,1296.71,OK,payment-service,v2.0.1,826c84bc2d204bf4b8a68510d6cda221
live_ep_000011_CASCADING_FAILURE,CASCADING_FAILURE,payment-service,22.0,1785924157.0520065,be249b031b2c44b7830fb170e87039f1,b2fc3ba325394b46a9d2b506fafeab81,db.transaction,WRITE,34.08,OK,user-db,v2.0.1,826c84bc2d204bf4b8a68510d6cda221
live_ep_000011_CASCADING_FAILURE,CASCADING_FAILURE,payment-service,22.0,1785924157.0520065,60628c7a70a74072896bf0a387509e63,b2fc3ba325394b46a9d2b506fafeab81,cache.set,,1.28,OK,cache-cluster,v2.0.1,826c84bc2d204bf4b8a68510d6cda221
live_ep_000011_CASCADING_FAILURE,CASCADING_FAILURE,payment-service,22.5,1785924157.5523298,b9763588577444b6ab9c0f712e6623d4,,GET /api/auth,,1224.95,OK,payment-service,v2.0.1,1598e7a556944fff931f8a5541d95ae0
live_ep_000011_CASCADING_FAILURE,CASCADING_FAILURE,payment-service,22.5,1785924157.5523298,8e5449ad3e3f4c69ba8480d127140309,b9763588577444b6ab9c0f712e6623d4,db.query.select,READ,43.47,OK,user-db,v2.0.1,1598e7a556944fff931f8a5541d95ae0
live_ep_000011_CASCADING_FAILURE,CASCADING_FAILURE,payment-service,22.5,1785924157.5523298,cac05ae950bc46df92cf4d1013268228,b9763588577444b6ab9c0f712e6623d4,cache.set,,0.96,OK,cache-cluster,v2.0.1,1598e7a556944fff931f8a5541d95ae0
live_ep_000011_CASCADING_FAILURE,CASCADING_FAILURE,payment-service,23.0,1785924158.0526693,8a8e282f6e1f4d5eb5dbaa5e38718ed6,,GET /api/auth,,1443.86,OK,payment-service,v2.0.1,be48599b881e48eab461ffe0b69b89d3
live_ep_000011_CASCADING_FAILURE,CASCADING_FAILURE,payment-service,23.0,1785924158.0526693,15a9d181761940ca8b49cfbec50adcfc,8a8e282f6e1f4d5eb5dbaa5e38718ed6,db.transaction,READ,23.62,OK,user-db,v2.0.1,be48599b881e48eab461ffe0b69b89d3
live_ep_000011_CASCADING_FAILURE,CASCADING_FAILURE,payment-service,23.0,1785924158.0526693,599258c8bd5240909af22604a1dd9a54,8a8e282f6e1f4d5eb5dbaa5e38718ed6,cache.set,,0.93,OK,cache-cluster,v2.0.1,be48599b881e48eab461ffe0b69b89d3
live_ep_000011_CASCADING_FAILURE,CASCADING_FAILURE,payment-service,23.5,1785924158.5530012,55e2fcbf294d49c692e6022486d18ad8,,GET /api/order,,1245.36,OK,payment-service,v2.0.1,307deb84657247c6a27817ca78bf7008
live_ep_000011_CASCADING_FAILURE,CASCADING_FAILURE,payment-service,23.5,1785924158.5530012,cff4758c51184161b3a24099a487b520,55e2fcbf294d49c692e6022486d18ad8,db.query.delete,WRITE,77.29,OK,user-db,v2.0.1,307deb84657247c6a27817ca78bf7008
live_ep_000011_CASCADING_FAILURE,CASCADING_FAILURE,payment-service,23.5,1785924158.5530012,b078f5ff52aa4fa9b4a885ce2e95a237,55e2fcbf294d49c692e6022486d18ad8,cache.delete,,53.0,OK,cache-cluster,v2.0.1,307deb84657247c6a27817ca78bf7008
live_ep_000011_CASCADING_FAILURE,CASCADING_FAILURE,payment-service,23.5,1785924158.5530012,f83c932404824adebf038d3005f49743,55e2fcbf294d49c692e6022486d18ad8,grpc.call,,36.11,OK,payment-gateway,v2.0.1,307deb84657247c6a27817ca78bf7008
live_ep_000011_CASCADING_FAILURE,CASCADING_FAILURE,payment-service,24.0,1785924159.0571332,3351d0d58f7442bda36b99a509b4cf06,,POST /api/checkout,,1484.17,OK,payment-service,v2.0.1,0befb992b11247df87943054decc1e7f
live_ep_000011_CASCADING_FAILURE,CASCADING_FAILURE,payment-service,24.0,1785924159.0571332,e6d08788e58d47cfa5be4da697135bee,3351d0d58f7442bda36b99a509b4cf06,db.query.delete,READ,48.12,OK,user-db,v2.0.1,0befb992b11247df87943054decc1e7f
live_ep_000011_CASCADING_FAILURE,CASCADING_FAILURE,payment-service,24.0,1785924159.0571332,5e6e3a1986a74974815c6ec8436888d8,3351d0d58f7442bda36b99a509b4cf06,cache.delete,,1.59,OK,cache-cluster,v2.0.1,0befb992b11247df87943054decc1e7f
live_ep_000011_CASCADING_FAILURE,CASCADING_FAILURE,payment-service,24.5,1785924159.5576158,6232ffdee62d40519c86a0ab8bdeccc0,,GET /api/order,,1694.49,OK,payment-service,v2.0.1,e944314abd41477c941080adedf009b8
live_ep_000011_CASCADING_FAILURE,CASCADING_FAILURE,payment-service,24.5,1785924159.5576158,b0c9bde4294748a6b29290406e0c92f9,6232ffdee62d40519c86a0ab8bdeccc0,db.query.delete,WRITE,27.88,OK,user-db,v2.0.1,e944314abd41477c941080adedf009b8
live_ep_000011_CASCADING_FAILURE,CASCADING_FAILURE,payment-service,24.5,1785924159.5576158,bc66ccb85b6344f98fe74c3e010f3440,6232ffdee62d40519c86a0ab8bdeccc0,db.query.select,WRITE,39.06,OK,user-db,v2.0.1,e944314abd41477c941080adedf009b8
live_ep_000011_CASCADING_FAILURE,CASCADING_FAILURE,payment-service,24.5,1785924159.5576158,6e86ee1e7f9e4fcfbb77cfb46cc886d9,6232ffdee62d40519c86a0ab8bdeccc0,cache.delete,,3.56,OK,cache-cluster,v2.0.1,e944314abd41477c941080adedf009b8
live_ep_000011_CASCADING_FAILURE,CASCADING_FAILURE,payment-service,25.0,1785924160.0579765,3c700f288a9a4666beb8de0d3f3cc66e,,GET /api/auth,,1581.45,OK,payment-service,v2.0.1,a95d31c9e3424459b53120ee55b66c0b
live_ep_000011_CASCADING_FAILURE,CASCADING_FAILURE,payment-service,25.0,1785924160.0579765,d0554848b95d4b328908ca1c84bd4f46,3c700f288a9a4666beb8de0d3f3cc66e,db.query.insert,WRITE,26.39,OK,user-db,v2.0.1,a95d31c9e3424459b53120ee55b66c0b
live_ep_000011_CASCADING_FAILURE,CASCADING_FAILURE,payment-service,25.0,1785924160.0579765,c274612aded3472db5072849b39213cd,3c700f288a9a4666beb8de0d3f3cc66e,db.query.delete,WRITE,26.16,OK,user-db,v2.0.1,a95d31c9e3424459b53120ee55b66c0b
live_ep_000011_CASCADING_FAILURE,CASCADING_FAILURE,payment-service,25.0,1785924160.0579765,813e76afea8c46f1a6f1a53bb2e3150e,3c700f288a9a4666beb8de0d3f3cc66e,cache.get,,2.97,OK,cache-cluster,v2.0.1,a95d31c9e3424459b53120ee55b66c0b
live_ep_000011_CASCADING_FAILURE,CASCADING_FAILURE,payment-service,25.5,1785924160.5582862,20be1126b1984e27a7355f92a12a464a,,GET /api/health,,1257.93,OK,payment-service,v2.0.1,8519257cb7db4fd89865935b01d41b0e
live_ep_000011_CASCADING_FAILURE,CASCADING_FAILURE,payment-service,25.5,1785924160.5582862,efdaf9dc25cb469880cf015f4fbfa040,20be1126b1984e27a7355f92a12a464a,db.query.select,WRITE,37.42,OK,user-db,v2.0.1,8519257cb7db4fd89865935b01d41b0e
live_ep_000011_CASCADING_FAILURE,CASCADING_FAILURE,payment-service,25.5,1785924160.5582862,88adc08b1bfb4c698371845e3a497ae7,20be1126b1984e27a7355f92a12a464a,db.query.select,WRITE,41.12,OK,user-db,v2.0.1,8519257cb7db4fd89865935b01d41b0e
live_ep_000011_CASCADING_FAILURE,CASCADING_FAILURE,payment-service,25.5,1785924160.5582862,82d1e035ef984d11a6630cfa7b34cfb9,20be1126b1984e27a7355f92a12a464a,cache.set,,1.12,OK,cache-cluster,v2.0.1,8519257cb7db4fd89865935b01d41b0e
live_ep_000011_CASCADING_FAILURE,CASCADING_FAILURE,payment-service,26.0,1785924161.0601778,b91c06c21d1d436fbdaf72883323c674,,POST /api/payment,,1521.33,ERROR,payment-service,v2.0.1,0b7e5ce099d14b6789264abccb13d297
live_ep_000011_CASCADING_FAILURE,CASCADING_FAILURE,payment-service,26.0,1785924161.0601778,58b62df3490a4d6fa982296c6a3a8acf,b91c06c21d1d436fbdaf72883323c674,db.query.select,WRITE,34.94,OK,user-db,v2.0.1,0b7e5ce099d14b6789264abccb13d297
live_ep_000011_CASCADING_FAILURE,CASCADING_FAILURE,payment-service,26.0,1785924161.0601778,171374e0756a47ec80d355fe0f4bdc27,b91c06c21d1d436fbdaf72883323c674,db.query.select,READ,25.82,OK,user-db,v2.0.1,0b7e5ce099d14b6789264abccb13d297
live_ep_000011_CASCADING_FAILURE,CASCADING_FAILURE,payment-service,26.5,1785924161.560362,9a3a027b955b4bf1b0eda4e545b55a53,,GET /api/auth,,1794.84,OK,payment-service,v2.0.1,e483afd37761432bb53d8fd4377dbe58
live_ep_000011_CASCADING_FAILURE,CASCADING_FAILURE,payment-service,26.5,1785924161.560362,940fa4aacab44e48abbca037a20e9f5f,9a3a027b955b4bf1b0eda4e545b55a53,db.query.update,READ,34.64,OK,user-db,v2.0.1,e483afd37761432bb53d8fd4377dbe58
live_ep_000011_CASCADING_FAILURE,CASCADING_FAILURE,payment-service,26.5,1785924161.560362,04756db64fe641178c0ba7982cd06295,9a3a027b955b4bf1b0eda4e545b55a53,db.transaction,READ,24.63,OK,user-db,v2.0.1,e483afd37761432bb53d8fd4377dbe58
live_ep_000011_CASCADING_FAILURE,CASCADING_FAILURE,payment-service,26.5,1785924161.560362,f4a5b40cfae043db8e547ae70e29279c,9a3a027b955b4bf1b0eda4e545b55a53,cache.set,,1.54,OK,cache-cluster,v2.0.1,e483afd37761432bb53d8fd4377dbe58
live_ep_000011_CASCADING_FAILURE,CASCADING_FAILURE,payment-service,26.5,1785924161.560362,e4b226716ac54db7ade622b570d4b94d,9a3a027b955b4bf1b0eda4e545b55a53,http.client.post,,20.66,OK,cache-cluster,v2.0.1,e483afd37761432bb53d8fd4377dbe58
live_ep_000011_CASCADING_FAILURE,CASCADING_FAILURE,payment-service,27.0,1785924162.060946,0fb2b0c0030b4486ac8aece4d60498ee,,GET /api/auth,,1438.67,OK,payment-service,v2.0.1,b20846a51a7842b2ae93560e87ecff7a
live_ep_000011_CASCADING_FAILURE,CASCADING_FAILURE,payment-service,27.0,1785924162.060946,3341b82bd88b48cba61593223e8b80ac,0fb2b0c0030b4486ac8aece4d60498ee,db.query.select,READ,41.09,OK,user-db,v2.0.1,b20846a51a7842b2ae93560e87ecff7a
live_ep_000011_CASCADING_FAILURE,CASCADING_FAILURE,payment-service,27.0,1785924162.060946,cefef9a266c6435e8e6a63537a822a4f,0fb2b0c0030b4486ac8aece4d60498ee,db.query.delete,READ,29.53,OK,user-db,v2.0.1,b20846a51a7842b2ae93560e87ecff7a
live_ep_000011_CASCADING_FAILURE,CASCADING_FAILURE,payment-service,27.0,1785924162.060946,e636920083c24cdda119148677884c5d,0fb2b0c0030b4486ac8aece4d60498ee,cache.delete,,4.16,OK,cache-cluster,v2.0.1,b20846a51a7842b2ae93560e87ecff7a
live_ep_000011_CASCADING_FAILURE,CASCADING_FAILURE,payment-service,27.5,1785924162.5613256,28b811fff52946838d6312d17d3ef9c7,,POST /api/payment,,1829.38,ERROR,payment-service,v2.0.1,754de062cf16412bad89b6cb5083a1cf
live_ep_000011_CASCADING_FAILURE,CASCADING_FAILURE,payment-service,27.5,1785924162.5613256,49cc4d777ae9453082b5fa6344cd5c9d,28b811fff52946838d6312d17d3ef9c7,db.query.delete,WRITE,21.16,OK,user-db,v2.0.1,754de062cf16412bad89b6cb5083a1cf
live_ep_000011_CASCADING_FAILURE,CASCADING_FAILURE,payment-service,27.5,1785924162.5613256,dbd54b58eeb34f3388fb1c43ff8b380a,28b811fff52946838d6312d17d3ef9c7,db.query.select,WRITE,31.23,OK,user-db,v2.0.1,754de062cf16412bad89b6cb5083a1cf
live_ep_000011_CASCADING_FAILURE,CASCADING_FAILURE,payment-service,28.0,1785924163.064966,ce3d465b21434f31a042934eda0cff15,,PUT /api/inventory,,1376.19,OK,payment-service,v2.0.1,044c64b57362444d8f56050d3302acdc
live_ep_000011_CASCADING_FAILURE,CASCADING_FAILURE,payment-service,28.0,1785924163.064966,bf2e10e9eb7c406cabda0a39f8f96234,ce3d465b21434f31a042934eda0cff15,db.query.insert,WRITE,46.53,OK,user-db,v2.0.1,044c64b57362444d8f56050d3302acdc
live_ep_000011_CASCADING_FAILURE,CASCADING_FAILURE,payment-service,28.0,1785924163.064966,e86a761d5de9498eae5dc2958948ea85,ce3d465b21434f31a042934eda0cff15,cache.set,,3.31,OK,cache-cluster,v2.0.1,044c64b57362444d8f56050d3302acdc
live_ep_000011_CASCADING_FAILURE,CASCADING_FAILURE,payment-service,28.5,1785924163.5650964,15de7ff470334960ab242930aeab1556,,POST /api/checkout,,1264.89,OK,payment-service,v2.0.1,3e97ca755a624e0f97733053e305ef9e
live_ep_000011_CASCADING_FAILURE,CASCADING_FAILURE,payment-service,28.5,1785924163.5650964,4557ad83081b4ae6b78131a3d888c2d4,15de7ff470334960ab242930aeab1556,db.query.insert,READ,31.57,OK,user-db,v2.0.1,3e97ca755a624e0f97733053e305ef9e
live_ep_000011_CASCADING_FAILURE,CASCADING_FAILURE,payment-service,28.5,1785924163.5650964,c3c8a735642f4cd89975f17ba2743bfd,15de7ff470334960ab242930aeab1556,cache.set,,3.72,OK,cache-cluster,v2.0.1,3e97ca755a624e0f97733053e305ef9e
live_ep_000011_CASCADING_FAILURE,CASCADING_FAILURE,payment-service,29.0,1785924164.0654852,d9e251084da14f7f89d19129236f3068,,POST /api/checkout,,1662.26,OK,payment-service,v2.0.1,a2e12214a8834384b85d359c80e2c481
live_ep_000011_CASCADING_FAILURE,CASCADING_FAILURE,payment-service,29.0,1785924164.0654852,676b9079c0bf4ca7bd9525a27b612b03,d9e251084da14f7f89d19129236f3068,db.transaction,READ,34.81,OK,user-db,v2.0.1,a2e12214a8834384b85d359c80e2c481
live_ep_000011_CASCADING_FAILURE,CASCADING_FAILURE,payment-service,29.0,1785924164.0654852,74fcdc82799643e2aa307d69793f1655,d9e251084da14f7f89d19129236f3068,db.query.select,READ,36.57,OK,user-db,v2.0.1,a2e12214a8834384b85d359c80e2c481
live_ep_000011_CASCADING_FAILURE,CASCADING_FAILURE,payment-service,29.0,1785924164.0654852,d7e3544cff944d16a6618e1449538b9c,d9e251084da14f7f89d19129236f3068,cache.delete,,1.38,OK,cache-cluster,v2.0.1,a2e12214a8834384b85d359c80e2c481
live_ep_000011_CASCADING_FAILURE,CASCADING_FAILURE,payment-service,29.0,1785924164.0654852,def9602698684a0b989ced32727d107f,d9e251084da14f7f89d19129236f3068,http.client.get,,35.21,OK,payment-gateway,v2.0.1,a2e12214a8834384b85d359c80e2c481
live_ep_000011_CASCADING_FAILURE,CASCADING_FAILURE,payment-service,29.5,1785924164.6480422,924d09b95d394dad8fc308cba0a90135,,GET /api/order,,1437.86,OK,payment-service,v2.0.1,a5b75dd8c5df4b8dbd061857977c089b
live_ep_000011_CASCADING_FAILURE,CASCADING_FAILURE,payment-service,29.5,1785924164.6480422,081ee78c0a00486999834fe085931ecd,924d09b95d394dad8fc308cba0a90135,db.query.delete,WRITE,46.12,OK,user-db,v2.0.1,a5b75dd8c5df4b8dbd061857977c089b
live_ep_000011_CASCADING_FAILURE,CASCADING_FAILURE,payment-service,29.5,1785924164.6480422,eb34bab4468344ecb81067589d4e22eb,924d09b95d394dad8fc308cba0a90135,cache.delete,,2.47,OK,cache-cluster,v2.0.1,a5b75dd8c5df4b8dbd061857977c089b
live_ep_000011_CASCADING_FAILURE,CASCADING_FAILURE,payment-service,29.5,1785924164.6480422,58cc18c5da524e9d88658a0e31e74e9f,924d09b95d394dad8fc308cba0a90135,http.client.get,,19.03,OK,user-db,v2.0.1,a5b75dd8c5df4b8dbd061857977c089b
live_ep_000011_CASCADING_FAILURE,CASCADING_FAILURE,payment-service,30.0,1785924165.1488976,b096e9280714467dbab7f9a62179fb8b,,PUT /api/inventory,,1425.43,OK,payment-service,v2.0.1,ac1708f002a24cd19a16dd6c7688fecc
live_ep_000011_CASCADING_FAILURE,CASCADING_FAILURE,payment-service,30.0,1785924165.1488976,f3974cd7cd174874a1638f0d27a5f642,b096e9280714467dbab7f9a62179fb8b,db.query.insert,READ,39.69,OK,user-db,v2.0.1,ac1708f002a24cd19a16dd6c7688fecc
live_ep_000011_CASCADING_FAILURE,CASCADING_FAILURE,payment-service,30.0,1785924165.1488976,c3e9f72702a44d9a8b3ca0d191479f88,b096e9280714467dbab7f9a62179fb8b,db.query.delete,WRITE,63.79,OK,user-db,v2.0.1,ac1708f002a24cd19a16dd6c7688fecc
live_ep_000011_CASCADING_FAILURE,CASCADING_FAILURE,payment-service,30.0,1785924165.1488976,9bc5a8a8445e47d6815fd0e0bde2232c,b096e9280714467dbab7f9a62179fb8b,cache.get,,1.77,OK,cache-cluster,v2.0.1,ac1708f002a24cd19a16dd6c7688fecc
live_ep_000011_CASCADING_FAILURE,CASCADING_FAILURE,payment-service,30.5,1785924165.6498444,d6396f5a797046d5b4734a1be19f403c,,POST /api/payment,,1117.3,OK,payment-service,v2.0.1,fb802081bdd64260a5e03b3eaeaebe2e
live_ep_000011_CASCADING_FAILURE,CASCADING_FAILURE,payment-service,30.5,1785924165.6498444,0e1007a0cc5147e0a55d9aa21a959529,d6396f5a797046d5b4734a1be19f403c,db.query.delete,READ,38.04,OK,user-db,v2.0.1,fb802081bdd64260a5e03b3eaeaebe2e
live_ep_000011_CASCADING_FAILURE,CASCADING_FAILURE,payment-service,30.5,1785924165.6498444,6eb30d5313984eca837c8901a3300c21,d6396f5a797046d5b4734a1be19f403c,db.query.delete,READ,40.54,OK,user-db,v2.0.1,fb802081bdd64260a5e03b3eaeaebe2e
live_ep_000011_CASCADING_FAILURE,CASCADING_FAILURE,payment-service,30.5,1785924165.6498444,d97fac75ebd54dc0b0e309d1b2eec9ca,d6396f5a797046d5b4734a1be19f403c,cache.delete,,1.14,OK,cache-cluster,v2.0.1,fb802081bdd64260a5e03b3eaeaebe2e
live_ep_000011_CASCADING_FAILURE,CASCADING_FAILURE,payment-service,31.0,1785924166.1502585,7c5003e6e7af4a73a7356a3b18faa279,,GET /api/auth,,1758.17,OK,payment-service,v2.0.1,70aa8444710e480ebba8448f23dd4f61
live_ep_000011_CASCADING_FAILURE,CASCADING_FAILURE,payment-service,31.0,1785924166.1502585,eefc02d442414d03880837b0717a49c8,7c5003e6e7af4a73a7356a3b18faa279,db.query.update,WRITE,36.79,OK,user-db,v2.0.1,70aa8444710e480ebba8448f23dd4f61
live_ep_000011_CASCADING_FAILURE,CASCADING_FAILURE,payment-service,31.0,1785924166.1502585,7f7fc1632690417c91201ef43a93e112,7c5003e6e7af4a73a7356a3b18faa279,db.query.update,READ,35.8,OK,user-db,v2.0.1,70aa8444710e480ebba8448f23dd4f61
live_ep_000011_CASCADING_FAILURE,CASCADING_FAILURE,payment-service,31.0,1785924166.1502585,026fa7d8b6254d3483988eac5a7bca5b,7c5003e6e7af4a73a7356a3b18faa279,cache.delete,,1.91,OK,cache-cluster,v2.0.1,70aa8444710e480ebba8448f23dd4f61
live_ep_000011_CASCADING_FAILURE,CASCADING_FAILURE,payment-service,31.0,1785924166.1502585,d3c37d8a345b4a749c89a168cb3b4b69,7c5003e6e7af4a73a7356a3b18faa279,grpc.call,,28.7,OK,inventory-api,v2.0.1,70aa8444710e480ebba8448f23dd4f61
live_ep_000011_CASCADING_FAILURE,CASCADING_FAILURE,payment-service,31.5,1785924166.6509273,06c538ffcfb741f3b831550fe6fa3df0,,GET /api/auth,,1792.0,OK,payment-service,v2.0.1,79cb96a503f44bb6a555bddbe615a01e
live_ep_000011_CASCADING_FAILURE,CASCADING_FAILURE,payment-service,31.5,1785924166.6509273,970a942fb86741b4a903a0d72d5bbb9c,06c538ffcfb741f3b831550fe6fa3df0,db.query.select,WRITE,45.29,OK,user-db,v2.0.1,79cb96a503f44bb6a555bddbe615a01e
live_ep_000011_CASCADING_FAILURE,CASCADING_FAILURE,payment-service,31.5,1785924166.6509273,5f713c171a0e432e8692afdb8f85b0dd,06c538ffcfb741f3b831550fe6fa3df0,cache.get,,2.61,OK,cache-cluster,v2.0.1,79cb96a503f44bb6a555bddbe615a01e
live_ep_000011_CASCADING_FAILURE,CASCADING_FAILURE,payment-service,32.0,1785924167.1616185,66a3c70085d64cddaf50dd54ee472d8f,,GET /api/auth,,1433.7,OK,payment-service,v2.0.1,e6364a7e7e394c9bab2ac69ed4cc7f64
live_ep_000011_CASCADING_FAILURE,CASCADING_FAILURE,payment-service,32.0,1785924167.1616185,8e6bfc9d6f1b487894a064561b3bf510,66a3c70085d64cddaf50dd54ee472d8f,db.query.select,READ,75.64,OK,user-db,v2.0.1,e6364a7e7e394c9bab2ac69ed4cc7f64
live_ep_000011_CASCADING_FAILURE,CASCADING_FAILURE,payment-service,32.0,1785924167.1616185,71ff3e31099248f6887b6454c16c938e,66a3c70085d64cddaf50dd54ee472d8f,db.query.delete,READ,50.44,OK,user-db,v2.0.1,e6364a7e7e394c9bab2ac69ed4cc7f64
live_ep_000011_CASCADING_FAILURE,CASCADING_FAILURE,payment-service,32.0,1785924167.1616185,446fdc77969448aea4540846f742a160,66a3c70085d64cddaf50dd54ee472d8f,cache.delete,,2.7,OK,cache-cluster,v2.0.1,e6364a7e7e394c9bab2ac69ed4cc7f64
live_ep_000011_CASCADING_FAILURE,CASCADING_FAILURE,payment-service,32.0,1785924167.1616185,8ba5c4a65b54435d801be4599ba1bdfd,66a3c70085d64cddaf50dd54ee472d8f,http.client.get,,20.82,OK,inventory-api,v2.0.1,e6364a7e7e394c9bab2ac69ed4cc7f64
live_ep_000011_CASCADING_FAILURE,CASCADING_FAILURE,payment-service,32.5,1785924167.6619601,fb8e390454ad44c6952791efce5c7b57,,GET /api/order,,1411.21,OK,payment-service,v2.0.1,9cd0ca2d301a40ccada0e3a3c97e2c06
live_ep_000011_CASCADING_FAILURE,CASCADING_FAILURE,payment-service,32.5,1785924167.6619601,71b6450534ab4ba3afcdb2b267362e64,fb8e390454ad44c6952791efce5c7b57,db.query.update,WRITE,59.71,OK,user-db,v2.0.1,9cd0ca2d301a40ccada0e3a3c97e2c06
live_ep_000011_CASCADING_FAILURE,CASCADING_FAILURE,payment-service,32.5,1785924167.6619601,94bae05e685647628a20e3d25235285b,fb8e390454ad44c6952791efce5c7b57,db.query.delete,READ,58.31,OK,user-db,v2.0.1,9cd0ca2d301a40ccada0e3a3c97e2c06
live_ep_000011_CASCADING_FAILURE,CASCADING_FAILURE,payment-service,32.5,1785924167.6619601,09eb1de84f9d4a11b68aee22b299abdf,fb8e390454ad44c6952791efce5c7b57,http.client.post,,22.75,OK,cache-cluster,v2.0.1,9cd0ca2d301a40ccada0e3a3c97e2c06
live_ep_000011_CASCADING_FAILURE,CASCADING_FAILURE,payment-service,33.0,1785924168.1674318,8351e2b05056401f913f7c90ef191b09,,GET /api/order,,1624.32,OK,payment-service,v2.0.1,d4edb7c1bda74f5eb0941b9773cd78da
live_ep_000011_CASCADING_FAILURE,CASCADING_FAILURE,payment-service,33.0,1785924168.1674318,fb4b8a991bbb443ea16a9ec5861cf636,8351e2b05056401f913f7c90ef191b09,db.query.update,WRITE,80.94,OK,user-db,v2.0.1,d4edb7c1bda74f5eb0941b9773cd78da
live_ep_000011_CASCADING_FAILURE,CASCADING_FAILURE,payment-service,33.0,1785924168.1674318,ca02423b93fd4fbdb3d6568ed45913b0,8351e2b05056401f913f7c90ef191b09,db.query.delete,WRITE,48.67,OK,user-db,v2.0.1,d4edb7c1bda74f5eb0941b9773cd78da
live_ep_000011_CASCADING_FAILURE,CASCADING_FAILURE,payment-service,33.0,1785924168.1674318,22b85852d7ff4f5da7df2bfe20ddc568,8351e2b05056401f913f7c90ef191b09,cache.delete,,0.96,OK,cache-cluster,v2.0.1,d4edb7c1bda74f5eb0941b9773cd78da
live_ep_000011_CASCADING_FAILURE,CASCADING_FAILURE,payment-service,33.0,1785924168.1674318,8c0599b9ef41476a8ff9d46907805a51,8351e2b05056401f913f7c90ef191b09,grpc.call,,37.75,OK,inventory-api,v2.0.1,d4edb7c1bda74f5eb0941b9773cd78da
live_ep_000011_CASCADING_FAILURE,CASCADING_FAILURE,payment-service,33.5,1785924168.6679325,12cb8a947ce442ac9492cdd72fcb69bd,,GET /api/health,,1553.44,OK,payment-service,v2.0.1,2ccecb268e1c428fb5749f21f773c2b4
live_ep_000011_CASCADING_FAILURE,CASCADING_FAILURE,payment-service,33.5,1785924168.6679325,7027d2b11a284009b7c4dafb12c400d5,12cb8a947ce442ac9492cdd72fcb69bd,db.query.delete,READ,72.54,OK,user-db,v2.0.1,2ccecb268e1c428fb5749f21f773c2b4
live_ep_000011_CASCADING_FAILURE,CASCADING_FAILURE,payment-service,33.5,1785924168.6679325,8a64993269cd44368fb08ce91f478630,12cb8a947ce442ac9492cdd72fcb69bd,db.query.update,READ,61.11,OK,user-db,v2.0.1,2ccecb268e1c428fb5749f21f773c2b4
live_ep_000011_CASCADING_FAILURE,CASCADING_FAILURE,payment-service,34.0,1785924169.1696248,b7a9f626cd524af88f7de3531217f8f6,,PUT /api/inventory,,1313.69,OK,payment-service,v2.0.1,8b79efb0dcaa45539b2f03e78851bbea
live_ep_000011_CASCADING_FAILURE,CASCADING_FAILURE,payment-service,34.0,1785924169.1696248,a7a73ea332854e8d980d639cce1d83b9,b7a9f626cd524af88f7de3531217f8f6,db.query.delete,READ,37.09,OK,user-db,v2.0.1,8b79efb0dcaa45539b2f03e78851bbea
live_ep_000011_CASCADING_FAILURE,CASCADING_FAILURE,payment-service,34.0,1785924169.1696248,904c8aebe27a4f3b94dd473eda48eb14,b7a9f626cd524af88f7de3531217f8f6,db.query.delete,WRITE,39.15,OK,user-db,v2.0.1,8b79efb0dcaa45539b2f03e78851bbea
live_ep_000011_CASCADING_FAILURE,CASCADING_FAILURE,payment-service,34.0,1785924169.1696248,2beeebaf64564dedb68815f01af51025,b7a9f626cd524af88f7de3531217f8f6,cache.get,,2.35,OK,cache-cluster,v2.0.1,8b79efb0dcaa45539b2f03e78851bbea
live_ep_000011_CASCADING_FAILURE,CASCADING_FAILURE,payment-service,34.5,1785924169.6705854,9555c852aaf14604b1cd8b8c5b86cba9,,PUT /api/inventory,,1719.76,ERROR,payment-service,v2.0.1,191e2de713fd459fa3232973ca0f11a8
live_ep_000011_CASCADING_FAILURE,CASCADING_FAILURE,payment-service,34.5,1785924169.6705854,f250da794c004ac8afa7902e7b34b7f7,9555c852aaf14604b1cd8b8c5b86cba9,db.query.update,READ,68.44,OK,user-db,v2.0.1,191e2de713fd459fa3232973ca0f11a8
live_ep_000011_CASCADING_FAILURE,CASCADING_FAILURE,payment-service,34.5,1785924169.6705854,decab5ba4b9246bfbe7215acf81fa01c,9555c852aaf14604b1cd8b8c5b86cba9,db.query.update,WRITE,52.21,OK,user-db,v2.0.1,191e2de713fd459fa3232973ca0f11a8
live_ep_000011_CASCADING_FAILURE,CASCADING_FAILURE,payment-service,34.5,1785924169.6705854,0f71a75351114134bc35de3e79028d86,9555c852aaf14604b1cd8b8c5b86cba9,cache.set,,2.71,OK,cache-cluster,v2.0.1,191e2de713fd459fa3232973ca0f11a8
live_ep_000011_CASCADING_FAILURE,CASCADING_FAILURE,payment-service,35.0,1785924170.170927,a713818c73c84d42bac7c02bed30fc47,,POST /api/payment,,1369.95,OK,payment-service,v2.0.1,4499ed26256b4566a70331277545c59b
live_ep_000011_CASCADING_FAILURE,CASCADING_FAILURE,payment-service,35.0,1785924170.170927,4329bb3edec64bb9a74eb5dd08701589,a713818c73c84d42bac7c02bed30fc47,db.query.update,WRITE,64.85,OK,user-db,v2.0.1,4499ed26256b4566a70331277545c59b
live_ep_000011_CASCADING_FAILURE,CASCADING_FAILURE,payment-service,35.5,1785924170.6713467,6c9a575ca0284a3d95000c27aa9a15b8,,POST /api/payment,,1636.53,OK,payment-service,v2.0.1,66ea374f4313458388842ae41cd0cb9e
live_ep_000011_CASCADING_FAILURE,CASCADING_FAILURE,payment-service,35.5,1785924170.6713467,abc5537d69c04787a9fe3b8ff8a3685e,6c9a575ca0284a3d95000c27aa9a15b8,db.query.select,READ,35.16,OK,user-db,v2.0.1,66ea374f4313458388842ae41cd0cb9e
live_ep_000011_CASCADING_FAILURE,CASCADING_FAILURE,payment-service,35.5,1785924170.6713467,2fc67c3e5c5e4595aab1182b6cf4571e,6c9a575ca0284a3d95000c27aa9a15b8,db.query.delete,READ,28.29,OK,user-db,v2.0.1,66ea374f4313458388842ae41cd0cb9e
live_ep_000011_CASCADING_FAILURE,CASCADING_FAILURE,payment-service,35.5,1785924170.6713467,0aa5f4734e7043acb5b629bff68704dd,6c9a575ca0284a3d95000c27aa9a15b8,cache.set,,1.45,OK,cache-cluster,v2.0.1,66ea374f4313458388842ae41cd0cb9e
live_ep_000011_CASCADING_FAILURE,CASCADING_FAILURE,payment-service,36.0,1785924171.1723995,946bb59828f644da9011d1c925ed27c3,,GET /api/order,,1402.4,OK,payment-service,v2.0.1,23b02834c7494de58941dc1207dfea58
live_ep_000011_CASCADING_FAILURE,CASCADING_FAILURE,payment-service,36.0,1785924171.1723995,02e0a3ddb0b34c39ae5b33a5146d2331,946bb59828f644da9011d1c925ed27c3,db.query.select,READ,59.01,OK,user-db,v2.0.1,23b02834c7494de58941dc1207dfea58
live_ep_000011_CASCADING_FAILURE,CASCADING_FAILURE,payment-service,36.0,1785924171.1723995,f94cd44f3c394982918879d974208524,946bb59828f644da9011d1c925ed27c3,cache.delete,,2.88,OK,cache-cluster,v2.0.1,23b02834c7494de58941dc1207dfea58
live_ep_000011_CASCADING_FAILURE,CASCADING_FAILURE,payment-service,36.0,1785924171.1723995,f915a3c7b6b7485fb89822e6c52aed99,946bb59828f644da9011d1c925ed27c3,grpc.call,,17.24,OK,inventory-api,v2.0.1,23b02834c7494de58941dc1207dfea58
live_ep_000011_CASCADING_FAILURE,CASCADING_FAILURE,payment-service,36.5,1785924171.6723847,0bd287396a38488d8412ba0f056de015,,POST /api/payment,,1514.45,OK,payment-service,v2.0.1,571412cebaf84b21b2f6bc1a064e9b10
live_ep_000011_CASCADING_FAILURE,CASCADING_FAILURE,payment-service,36.5,1785924171.6723847,97c4da88bc534fd0b88be3d9cc436e44,0bd287396a38488d8412ba0f056de015,db.query.update,WRITE,47.81,OK,user-db,v2.0.1,571412cebaf84b21b2f6bc1a064e9b10
live_ep_000011_CASCADING_FAILURE,CASCADING_FAILURE,payment-service,36.5,1785924171.6723847,26b85f93fc2a4798af149e1a1fdc5a06,0bd287396a38488d8412ba0f056de015,cache.get,,1.26,OK,cache-cluster,v2.0.1,571412cebaf84b21b2f6bc1a064e9b10
live_ep_000011_CASCADING_FAILURE,CASCADING_FAILURE,payment-service,37.0,1785924172.1726143,d806d45b89b6475e85f3cbe9e1a84220,,GET /api/auth,,1531.92,OK,payment-service,v2.0.1,d8169e1587a34d61b2e24249dba91eaa
live_ep_000011_CASCADING_FAILURE,CASCADING_FAILURE,payment-service,37.0,1785924172.1726143,a30260c6555a44d29bbdb78e089dae52,d806d45b89b6475e85f3cbe9e1a84220,db.query.select,READ,27.61,OK,user-db,v2.0.1,d8169e1587a34d61b2e24249dba91eaa
live_ep_000011_CASCADING_FAILURE,CASCADING_FAILURE,payment-service,37.5,1785924172.6732032,40efc974a53b4f05b2642fa18f50389d,,GET /api/order,,1324.31,OK,payment-service,v2.0.1,07ff5230aede4ab6a5333ec255b0648b
live_ep_000011_CASCADING_FAILURE,CASCADING_FAILURE,payment-service,37.5,1785924172.6732032,d7235e3586d8436f914ff63491cabf4c,40efc974a53b4f05b2642fa18f50389d,db.query.delete,READ,42.89,OK,user-db,v2.0.1,07ff5230aede4ab6a5333ec255b0648b
live_ep_000011_CASCADING_FAILURE,CASCADING_FAILURE,payment-service,37.5,1785924172.6732032,0fafe94619e3478aa9f30afab5449628,40efc974a53b4f05b2642fa18f50389d,db.transaction,WRITE,54.73,OK,user-db,v2.0.1,07ff5230aede4ab6a5333ec255b0648b
live_ep_000011_CASCADING_FAILURE,CASCADING_FAILURE,payment-service,37.5,1785924172.6732032,250ac703ac8b4c4dbe3f70efd5949dfc,40efc974a53b4f05b2642fa18f50389d,cache.get,,2.43,OK,cache-cluster,v2.0.1,07ff5230aede4ab6a5333ec255b0648b
live_ep_000011_CASCADING_FAILURE,CASCADING_FAILURE,payment-service,38.0,1785924173.1737795,9a983e2a6f384cf78bde09b6009c84fd,,GET /api/order,,1450.22,OK,payment-service,v2.0.1,7849f82bd9684b458c381b0238b02856
live_ep_000011_CASCADING_FAILURE,CASCADING_FAILURE,payment-service,38.0,1785924173.1737795,37bed8104140402891abd2bc0b2fe4cb,9a983e2a6f384cf78bde09b6009c84fd,db.query.insert,WRITE,25.91,OK,user-db,v2.0.1,7849f82bd9684b458c381b0238b02856
live_ep_000011_CASCADING_FAILURE,CASCADING_FAILURE,payment-service,38.0,1785924173.1737795,8d368a9a9206408787c618c12c22d8fd,9a983e2a6f384cf78bde09b6009c84fd,cache.get,,2.25,OK,cache-cluster,v2.0.1,7849f82bd9684b458c381b0238b02856
live_ep_000011_CASCADING_FAILURE,CASCADING_FAILURE,payment-service,38.5,1785924173.6744244,7be92fab5a5e42719e2b79ff3d2fb50f,,POST /api/payment,,1433.09,OK,payment-service,v2.0.1,4c995712cad54006aea04caa0c3960d9
live_ep_000011_CASCADING_FAILURE,CASCADING_FAILURE,payment-service,38.5,1785924173.6744244,612d217610b941b2b017b59fd2a97711,7be92fab5a5e42719e2b79ff3d2fb50f,db.query.update,WRITE,50.94,OK,user-db,v2.0.1,4c995712cad54006aea04caa0c3960d9
live_ep_000011_CASCADING_FAILURE,CASCADING_FAILURE,payment-service,38.5,1785924173.6744244,70525d1944274ef49df8e971398a37c1,7be92fab5a5e42719e2b79ff3d2fb50f,db.transaction,WRITE,41.32,OK,user-db,v2.0.1,4c995712cad54006aea04caa0c3960d9
live_ep_000011_CASCADING_FAILURE,CASCADING_FAILURE,payment-service,38.5,1785924173.6744244,9cef976bd9fd428a9bdb61ecb869c703,7be92fab5a5e42719e2b79ff3d2fb50f,cache.set,,49.45,OK,cache-cluster,v2.0.1,4c995712cad54006aea04caa0c3960d9
live_ep_000011_CASCADING_FAILURE,CASCADING_FAILURE,payment-service,39.0,1785924174.1748211,0bdcdf2166554d37b66fc3cb22cfa6fb,,GET /api/order,,1441.96,OK,payment-service,v2.0.1,cc596c0d778c45b6a570e2f1016001b0
live_ep_000011_CASCADING_FAILURE,CASCADING_FAILURE,payment-service,39.0,1785924174.1748211,2ee6848a48a44680ad7aa0fa3dc31e2d,0bdcdf2166554d37b66fc3cb22cfa6fb,db.query.select,READ,26.08,OK,user-db,v2.0.1,cc596c0d778c45b6a570e2f1016001b0
live_ep_000011_CASCADING_FAILURE,CASCADING_FAILURE,payment-service,39.0,1785924174.1748211,ee876f1f0b514caa8c75f2d3ef1cc910,0bdcdf2166554d37b66fc3cb22cfa6fb,http.client.get,,24.03,OK,payment-gateway,v2.0.1,cc596c0d778c45b6a570e2f1016001b0
live_ep_000011_CASCADING_FAILURE,CASCADING_FAILURE,payment-service,39.5,1785924174.6749773,b95a9e083fd9451bbbe9ee900b54a8e0,,POST /api/checkout,,1510.68,OK,payment-service,v2.0.1,055610e9c6b546ebb2d141d93d00e115
live_ep_000011_CASCADING_FAILURE,CASCADING_FAILURE,payment-service,39.5,1785924174.6749773,aea4b6aeaf2f41959ac4c1ef0decacd3,b95a9e083fd9451bbbe9ee900b54a8e0,db.query.update,READ,36.12,OK,user-db,v2.0.1,055610e9c6b546ebb2d141d93d00e115
live_ep_000011_CASCADING_FAILURE,CASCADING_FAILURE,payment-service,39.5,1785924174.6749773,a9ac2d78db2a449f8f4ce5579007801e,b95a9e083fd9451bbbe9ee900b54a8e0,db.query.update,WRITE,47.54,OK,user-db,v2.0.1,055610e9c6b546ebb2d141d93d00e115
live_ep_000011_CASCADING_FAILURE,CASCADING_FAILURE,payment-service,40.0,1785924175.175274,a7be3de2ae4c4da2956c11a2ac3dd155,,GET /api/health,,1640.26,OK,payment-service,v2.0.1,300cae29d3d142039dc83cb21837089d
live_ep_000011_CASCADING_FAILURE,CASCADING_FAILURE,payment-service,40.0,1785924175.175274,b24c7407d2514311a6a52c8d571a73bd,a7be3de2ae4c4da2956c11a2ac3dd155,db.query.select,READ,50.25,OK,user-db,v2.0.1,300cae29d3d142039dc83cb21837089d
live_ep_000011_CASCADING_FAILURE,CASCADING_FAILURE,payment-service,40.0,1785924175.175274,82204287e3354d5f8ca59da3a0712ad9,a7be3de2ae4c4da2956c11a2ac3dd155,db.query.insert,READ,73.8,OK,user-db,v2.0.1,300cae29d3d142039dc83cb21837089d
live_ep_000011_CASCADING_FAILURE,CASCADING_FAILURE,payment-service,40.0,1785924175.175274,25b190b71dd94c79bb8f4b45a1ba420e,a7be3de2ae4c4da2956c11a2ac3dd155,cache.set,,2.74,OK,cache-cluster,v2.0.1,300cae29d3d142039dc83cb21837089d
live_ep_000011_CASCADING_FAILURE,CASCADING_FAILURE,payment-service,40.0,1785924175.175274,afa5fa7270f24d8da591dd1e14a813c6,a7be3de2ae4c4da2956c11a2ac3dd155,http.client.get,,30.11,OK,cache-cluster,v2.0.1,300cae29d3d142039dc83cb21837089d
live_ep_000011_CASCADING_FAILURE,CASCADING_FAILURE,payment-service,40.5,1785924175.6756902,550777c2ae6646c58a5a9ae5f3e7c39a,,GET /api/auth,,1133.92,OK,payment-service,v2.0.1,24620adeec55490f8cd12b3825adf6c5
live_ep_000011_CASCADING_FAILURE,CASCADING_FAILURE,payment-service,40.5,1785924175.6756902,73c2bd6962af4337a7fc00893a36a117,550777c2ae6646c58a5a9ae5f3e7c39a,db.query.delete,WRITE,38.72,OK,user-db,v2.0.1,24620adeec55490f8cd12b3825adf6c5
live_ep_000011_CASCADING_FAILURE,CASCADING_FAILURE,payment-service,40.5,1785924175.6756902,d66a4b34cb384fe28796e6655790ca50,550777c2ae6646c58a5a9ae5f3e7c39a,db.query.insert,WRITE,39.52,OK,user-db,v2.0.1,24620adeec55490f8cd12b3825adf6c5
live_ep_000011_CASCADING_FAILURE,CASCADING_FAILURE,payment-service,40.5,1785924175.6756902,2fefc01714994466806830c1981c0d8d,550777c2ae6646c58a5a9ae5f3e7c39a,cache.delete,,2.1,OK,cache-cluster,v2.0.1,24620adeec55490f8cd12b3825adf6c5
live_ep_000011_CASCADING_FAILURE,CASCADING_FAILURE,payment-service,40.5,1785924175.6756902,6641462f65194cc5baa5c5add2e1f5fd,550777c2ae6646c58a5a9ae5f3e7c39a,http.client.get,,8.21,OK,payment-gateway,v2.0.1,24620adeec55490f8cd12b3825adf6c5
live_ep_000011_CASCADING_FAILURE,CASCADING_FAILURE,payment-service,41.0,1785924176.176141,8735af37aef448da9050b93802dff20e,,POST /api/payment,,1328.48,OK,payment-service,v2.0.1,9f9c8226961f4429b9eccbaba11fa7f8
live_ep_000011_CASCADING_FAILURE,CASCADING_FAILURE,payment-service,41.0,1785924176.176141,505c18028bf04002ac2f1c5dc2a816ff,8735af37aef448da9050b93802dff20e,db.query.delete,READ,109.93,OK,user-db,v2.0.1,9f9c8226961f4429b9eccbaba11fa7f8
live_ep_000011_CASCADING_FAILURE,CASCADING_FAILURE,payment-service,41.0,1785924176.176141,8bef6b38be6549d9b7db6f4558f2c28a,8735af37aef448da9050b93802dff20e,db.query.update,WRITE,65.69,OK,user-db,v2.0.1,9f9c8226961f4429b9eccbaba11fa7f8
live_ep_000011_CASCADING_FAILURE,CASCADING_FAILURE,payment-service,41.0,1785924176.176141,3c6ea6549d0d49ec9213a8a363be8e88,8735af37aef448da9050b93802dff20e,cache.delete,,0.89,OK,cache-cluster,v2.0.1,9f9c8226961f4429b9eccbaba11fa7f8
live_ep_000011_CASCADING_FAILURE,CASCADING_FAILURE,payment-service,41.5,1785924176.6763597,6982bf6e533f489ca07ca3a2380acc05,,POST /api/checkout,,1499.03,OK,payment-service,v2.0.1,a37c864f2a9b46f48c7ef5f6ecb19996
live_ep_000011_CASCADING_FAILURE,CASCADING_FAILURE,payment-service,41.5,1785924176.6763597,931a8881a9ed42ff99baeb49cb209f5b,6982bf6e533f489ca07ca3a2380acc05,db.query.delete,WRITE,83.75,OK,user-db,v2.0.1,a37c864f2a9b46f48c7ef5f6ecb19996
live_ep_000011_CASCADING_FAILURE,CASCADING_FAILURE,payment-service,41.5,1785924176.6763597,56ff128821cd430e8541a26af603715f,6982bf6e533f489ca07ca3a2380acc05,db.query.update,WRITE,50.98,OK,user-db,v2.0.1,a37c864f2a9b46f48c7ef5f6ecb19996
live_ep_000011_CASCADING_FAILURE,CASCADING_FAILURE,payment-service,41.5,1785924176.6763597,81c269bcc23641f1af7fe7120baf53c4,6982bf6e533f489ca07ca3a2380acc05,cache.delete,,3.47,OK,cache-cluster,v2.0.1,a37c864f2a9b46f48c7ef5f6ecb19996
live_ep_000011_CASCADING_FAILURE,CASCADING_FAILURE,payment-service,42.0,1785924177.184454,ace2d94e8d964c83a46c14ea1399372c,,GET /api/auth,,1808.84,OK,payment-service,v2.0.1,f879b057fe344badb8482d922013882e
live_ep_000011_CASCADING_FAILURE,CASCADING_FAILURE,payment-service,42.0,1785924177.184454,168f804dee364e9dbe58acae0707a0fa,ace2d94e8d964c83a46c14ea1399372c,db.query.insert,WRITE,61.53,OK,user-db,v2.0.1,f879b057fe344badb8482d922013882e
live_ep_000011_CASCADING_FAILURE,CASCADING_FAILURE,payment-service,42.0,1785924177.184454,b54d348dfe59469fbe7da5aa634acf65,ace2d94e8d964c83a46c14ea1399372c,db.query.insert,READ,60.51,OK,user-db,v2.0.1,f879b057fe344badb8482d922013882e
live_ep_000011_CASCADING_FAILURE,CASCADING_FAILURE,payment-service,42.5,1785924177.6863043,332cbdd5978147f29de05b5b59606d14,,PUT /api/inventory,,1304.4,OK,payment-service,v2.0.1,816a1e6c5ae24ee5958551422cad7be1
live_ep_000011_CASCADING_FAILURE,CASCADING_FAILURE,payment-service,42.5,1785924177.6863043,6641665fae104d38a01c47cce6d7b886,332cbdd5978147f29de05b5b59606d14,db.query.select,WRITE,32.15,OK,user-db,v2.0.1,816a1e6c5ae24ee5958551422cad7be1
live_ep_000011_CASCADING_FAILURE,CASCADING_FAILURE,payment-service,42.5,1785924177.6863043,dc765c1fb42a4b94875d72439b4772d4,332cbdd5978147f29de05b5b59606d14,db.query.select,WRITE,27.57,OK,user-db,v2.0.1,816a1e6c5ae24ee5958551422cad7be1
live_ep_000011_CASCADING_FAILURE,CASCADING_FAILURE,payment-service,42.5,1785924177.6863043,2ffab88eb3af45e5b59084912ca179e4,332cbdd5978147f29de05b5b59606d14,cache.delete,,1.85,OK,cache-cluster,v2.0.1,816a1e6c5ae24ee5958551422cad7be1
live_ep_000011_CASCADING_FAILURE,CASCADING_FAILURE,payment-service,42.5,1785924177.6863043,18167f45645946aaa63d56bb2b5b99a9,332cbdd5978147f29de05b5b59606d14,http.client.post,,31.38,OK,inventory-api,v2.0.1,816a1e6c5ae24ee5958551422cad7be1
live_ep_000011_CASCADING_FAILURE,CASCADING_FAILURE,payment-service,43.0,1785924178.1866047,b4338e8cf7ad48858948f2456b6c6a23,,GET /api/health,,1268.68,OK,payment-service,v2.0.1,5b3f1d5e86434f028f5b80581de78024
live_ep_000011_CASCADING_FAILURE,CASCADING_FAILURE,payment-service,43.0,1785924178.1866047,8924b299eb86491fb5102e8ba752b7a3,b4338e8cf7ad48858948f2456b6c6a23,db.query.insert,WRITE,79.69,OK,user-db,v2.0.1,5b3f1d5e86434f028f5b80581de78024
live_ep_000011_CASCADING_FAILURE,CASCADING_FAILURE,payment-service,43.0,1785924178.1866047,2c165dc329ee4ef48bc4972c47655244,b4338e8cf7ad48858948f2456b6c6a23,db.query.delete,READ,115.16,OK,user-db,v2.0.1,5b3f1d5e86434f028f5b80581de78024
live_ep_000011_CASCADING_FAILURE,CASCADING_FAILURE,payment-service,43.0,1785924178.1866047,55468c45344b42049fd831c17cc5ad42,b4338e8cf7ad48858948f2456b6c6a23,cache.get,,1.92,OK,cache-cluster,v2.0.1,5b3f1d5e86434f028f5b80581de78024
live_ep_000011_CASCADING_FAILURE,CASCADING_FAILURE,payment-service,43.0,1785924178.1866047,385dfe519b504601ac7bcaa619d3842f,b4338e8cf7ad48858948f2456b6c6a23,http.client.get,,30.71,OK,user-db,v2.0.1,5b3f1d5e86434f028f5b80581de78024
live_ep_000011_CASCADING_FAILURE,CASCADING_FAILURE,payment-service,43.5,1785924178.6894152,583e5fbefb2d4f73b1287680b5d9f47a,,GET /api/auth,,1580.95,OK,payment-service,v2.0.1,3e9b5348cd0c4688ab316f02d52f9864
live_ep_000011_CASCADING_FAILURE,CASCADING_FAILURE,payment-service,43.5,1785924178.6894152,c2213bd2c88a4ca998aabf5df36015b8,583e5fbefb2d4f73b1287680b5d9f47a,db.query.update,WRITE,58.01,OK,user-db,v2.0.1,3e9b5348cd0c4688ab316f02d52f9864
live_ep_000011_CASCADING_FAILURE,CASCADING_FAILURE,payment-service,44.0,1785924179.1905217,ad1231943d1c41be90e9f694be6eecc3,,GET /api/order,,1643.45,OK,payment-service,v2.0.1,50b715178ede412d9216d5c4d2c7ff8a
live_ep_000011_CASCADING_FAILURE,CASCADING_FAILURE,payment-service,44.0,1785924179.1905217,13c2ff4a101d45098268d5a87f9fbe9c,ad1231943d1c41be90e9f694be6eecc3,db.query.delete,READ,43.07,OK,user-db,v2.0.1,50b715178ede412d9216d5c4d2c7ff8a
live_ep_000011_CASCADING_FAILURE,CASCADING_FAILURE,payment-service,44.0,1785924179.1905217,6eafc8b0be884b4ca206328d7ec350e1,ad1231943d1c41be90e9f694be6eecc3,db.query.insert,WRITE,58.85,OK,user-db,v2.0.1,50b715178ede412d9216d5c4d2c7ff8a
live_ep_000011_CASCADING_FAILURE,CASCADING_FAILURE,payment-service,44.0,1785924179.1905217,2daefde9bd384d5abccc671ccb5031d4,ad1231943d1c41be90e9f694be6eecc3,cache.delete,,3.08,OK,cache-cluster,v2.0.1,50b715178ede412d9216d5c4d2c7ff8a
live_ep_000011_CASCADING_FAILURE,CASCADING_FAILURE,payment-service,44.0,1785924179.1905217,c9eff1447b4d41b68dcd0d95e561dbc0,ad1231943d1c41be90e9f694be6eecc3,http.client.post,,39.43,OK,inventory-api,v2.0.1,50b715178ede412d9216d5c4d2c7ff8a
live_ep_000011_CASCADING_FAILURE,CASCADING_FAILURE,payment-service,44.5,1785924179.6908786,3da6bc42063649038320afe8b8f248d2,,PUT /api/inventory,,1419.01,OK,payment-service,v2.0.1,2a6450a646f143c6a11dc5c429de1e2a
live_ep_000011_CASCADING_FAILURE,CASCADING_FAILURE,payment-service,44.5,1785924179.6908786,bcb1cdade55940db89d6c383813a29c6,3da6bc42063649038320afe8b8f248d2,db.query.insert,READ,41.21,OK,user-db,v2.0.1,2a6450a646f143c6a11dc5c429de1e2a
live_ep_000011_CASCADING_FAILURE,CASCADING_FAILURE,payment-service,44.5,1785924179.6908786,9e884d2c32e24f258995c8d397a5b744,3da6bc42063649038320afe8b8f248d2,db.transaction,READ,39.84,OK,user-db,v2.0.1,2a6450a646f143c6a11dc5c429de1e2a
live_ep_000011_CASCADING_FAILURE,CASCADING_FAILURE,payment-service,44.5,1785924179.6908786,c75da2bb98a74ef0ac59dbf0eccf8cd3,3da6bc42063649038320afe8b8f248d2,cache.get,,3.21,OK,cache-cluster,v2.0.1,2a6450a646f143c6a11dc5c429de1e2a
live_ep_000011_CASCADING_FAILURE,CASCADING_FAILURE,payment-service,45.0,1785924180.19257,22de10364b8e43e39707727e0182c4ac,,GET /api/auth,,1295.47,ERROR,payment-service,v2.0.1,b4386fbe36344aab9e5e373c1b7baf19
live_ep_000011_CASCADING_FAILURE,CASCADING_FAILURE,payment-service,45.0,1785924180.19257,797a849467694cafa9d5b80d85ef364a,22de10364b8e43e39707727e0182c4ac,db.query.insert,WRITE,83.83,OK,user-db,v2.0.1,b4386fbe36344aab9e5e373c1b7baf19
live_ep_000011_CASCADING_FAILURE,CASCADING_FAILURE,payment-service,45.0,1785924180.19257,53946315be154828aaea38c73e222e7a,22de10364b8e43e39707727e0182c4ac,cache.set,,4.59,OK,cache-cluster,v2.0.1,b4386fbe36344aab9e5e373c1b7baf19
live_ep_000011_CASCADING_FAILURE,CASCADING_FAILURE,payment-service,45.0,1785924180.19257,6778b417dfc44c0f8d7d17a44df858cd,22de10364b8e43e39707727e0182c4ac,http.client.post,,31.02,OK,inventory-api,v2.0.1,b4386fbe36344aab9e5e373c1b7baf19
live_ep_000011_CASCADING_FAILURE,CASCADING_FAILURE,payment-service,45.5,1785924180.6949084,ebb5b823bc7843ada5b7652d7e6e2389,,GET /api/health,,1436.74,OK,payment-service,v2.0.1,35faa7878561481ea6546c0799491d6c
live_ep_000011_CASCADING_FAILURE,CASCADING_FAILURE,payment-service,45.5,1785924180.6949084,b015b9c7e94f45a5b94a6fb48365c532,ebb5b823bc7843ada5b7652d7e6e2389,db.query.insert,READ,74.91,OK,user-db,v2.0.1,35faa7878561481ea6546c0799491d6c
live_ep_000011_CASCADING_FAILURE,CASCADING_FAILURE,payment-service,45.5,1785924180.6949084,41e546e092ba455aa18913eddcfa28f7,ebb5b823bc7843ada5b7652d7e6e2389,db.query.delete,READ,59.05,OK,user-db,v2.0.1,35faa7878561481ea6546c0799491d6c
live_ep_000011_CASCADING_FAILURE,CASCADING_FAILURE,payment-service,45.5,1785924180.6949084,70d69881207c48eba7093e24e5ca2e84,ebb5b823bc7843ada5b7652d7e6e2389,cache.set,,2.56,OK,cache-cluster,v2.0.1,35faa7878561481ea6546c0799491d6c
live_ep_000011_CASCADING_FAILURE,CASCADING_FAILURE,payment-service,45.5,1785924180.6949084,78c21f10700041488a4941c14943ea16,ebb5b823bc7843ada5b7652d7e6e2389,grpc.call,,28.82,OK,cache-cluster,v2.0.1,35faa7878561481ea6546c0799491d6c
live_ep_000011_CASCADING_FAILURE,CASCADING_FAILURE,payment-service,46.0,1785924181.2024856,5e466599453e40f8a287261c48b721c3,,POST /api/checkout,,1362.71,OK,payment-service,v2.0.1,65c83a29ebc341658289d1b4e4e5aa67
live_ep_000011_CASCADING_FAILURE,CASCADING_FAILURE,payment-service,46.0,1785924181.2024856,dc0d4ea42b844ac3b3ad262050e10bc6,5e466599453e40f8a287261c48b721c3,db.query.update,WRITE,45.59,OK,user-db,v2.0.1,65c83a29ebc341658289d1b4e4e5aa67
live_ep_000011_CASCADING_FAILURE,CASCADING_FAILURE,payment-service,46.0,1785924181.2024856,2e5a4404fadf4c9195b8b9fad4c5c56c,5e466599453e40f8a287261c48b721c3,db.transaction,WRITE,37.48,OK,user-db,v2.0.1,65c83a29ebc341658289d1b4e4e5aa67
live_ep_000011_CASCADING_FAILURE,CASCADING_FAILURE,payment-service,46.0,1785924181.2024856,9a0660e8fb29430eb1b674726aeb5826,5e466599453e40f8a287261c48b721c3,http.client.get,,21.33,OK,inventory-api,v2.0.1,65c83a29ebc341658289d1b4e4e5aa67
live_ep_000011_CASCADING_FAILURE,CASCADING_FAILURE,payment-service,46.5,1785924181.7025611,1a1a7b3b07be4e2b80e80fcc6889661f,,POST /api/payment,,1625.75,OK,payment-service,v2.0.1,d8df50f9892b4ee199d3bcbe12e353af
live_ep_000011_CASCADING_FAILURE,CASCADING_FAILURE,payment-service,46.5,1785924181.7025611,9196ab8335df4555bd01aaf2f00bdf34,1a1a7b3b07be4e2b80e80fcc6889661f,db.query.insert,READ,32.55,OK,user-db,v2.0.1,d8df50f9892b4ee199d3bcbe12e353af
live_ep_000011_CASCADING_FAILURE,CASCADING_FAILURE,payment-service,46.5,1785924181.7025611,9150545069c6402eb622323bb4fc229a,1a1a7b3b07be4e2b80e80fcc6889661f,cache.get,,2.08,OK,cache-cluster,v2.0.1,d8df50f9892b4ee199d3bcbe12e353af
live_ep_000011_CASCADING_FAILURE,CASCADING_FAILURE,payment-service,46.5,1785924181.7025611,46e5b452d67c47b595bb1d1e0ee91925,1a1a7b3b07be4e2b80e80fcc6889661f,http.client.get,,10.51,OK,inventory-api,v2.0.1,d8df50f9892b4ee199d3bcbe12e353af
live_ep_000011_CASCADING_FAILURE,CASCADING_FAILURE,payment-service,47.0,1785924182.2132926,ff63493761fa4c79b3382be173893352,,POST /api/checkout,,1723.11,OK,payment-service,v2.0.1,d0fcbd719ea54ff299ae952647d5f9c3
live_ep_000011_CASCADING_FAILURE,CASCADING_FAILURE,payment-service,47.0,1785924182.2132926,68cb560290ee4ea199fa6c77a3bb2fe7,ff63493761fa4c79b3382be173893352,db.transaction,WRITE,38.42,OK,user-db,v2.0.1,d0fcbd719ea54ff299ae952647d5f9c3
live_ep_000011_CASCADING_FAILURE,CASCADING_FAILURE,payment-service,47.0,1785924182.2132926,cce6839a94ba47e199a19116d9420b2b,ff63493761fa4c79b3382be173893352,grpc.call,,14.03,OK,inventory-api,v2.0.1,d0fcbd719ea54ff299ae952647d5f9c3
live_ep_000011_CASCADING_FAILURE,CASCADING_FAILURE,payment-service,47.5,1785924182.7140095,492a398d10064f179f4c5e04f0743773,,POST /api/checkout,,1416.77,OK,payment-service,v2.0.1,323335f3fce441679775290afb2e739c
live_ep_000011_CASCADING_FAILURE,CASCADING_FAILURE,payment-service,47.5,1785924182.7140095,754668a52ad0459681038516d48a4c75,492a398d10064f179f4c5e04f0743773,db.query.delete,WRITE,46.53,OK,user-db,v2.0.1,323335f3fce441679775290afb2e739c
live_ep_000011_CASCADING_FAILURE,CASCADING_FAILURE,payment-service,47.5,1785924182.7140095,efdf4c5d0b5a4ec0a5b20d268e3cfee1,492a398d10064f179f4c5e04f0743773,db.query.insert,READ,52.94,OK,user-db,v2.0.1,323335f3fce441679775290afb2e739c
live_ep_000011_CASCADING_FAILURE,CASCADING_FAILURE,payment-service,47.5,1785924182.7140095,91165df1f5104281944ba3323b208a2c,492a398d10064f179f4c5e04f0743773,cache.set,,1.5,OK,cache-cluster,v2.0.1,323335f3fce441679775290afb2e739c
live_ep_000011_CASCADING_FAILURE,CASCADING_FAILURE,payment-service,47.5,1785924182.7140095,a9d4afa224954372842e5a5c7197cb41,492a398d10064f179f4c5e04f0743773,grpc.call,,22.63,ERROR,payment-gateway,v2.0.1,323335f3fce441679775290afb2e739c
live_ep_000011_CASCADING_FAILURE,CASCADING_FAILURE,payment-service,48.0,1785924183.2153826,20af6006cd384feab9089d4081f177cb,,PUT /api/inventory,,1440.94,OK,payment-service,v2.0.1,52798bbef0814a5cb3e09b16c9d1c4d3
live_ep_000011_CASCADING_FAILURE,CASCADING_FAILURE,payment-service,48.0,1785924183.2153826,6f9e4c5fb7ef4f4782ee3de0c105a515,20af6006cd384feab9089d4081f177cb,db.query.insert,WRITE,36.41,OK,user-db,v2.0.1,52798bbef0814a5cb3e09b16c9d1c4d3
live_ep_000011_CASCADING_FAILURE,CASCADING_FAILURE,payment-service,48.0,1785924183.2153826,bc3b1745952343bab0775b16c8fee1c2,20af6006cd384feab9089d4081f177cb,cache.set,,1.66,OK,cache-cluster,v2.0.1,52798bbef0814a5cb3e09b16c9d1c4d3
live_ep_000011_CASCADING_FAILURE,CASCADING_FAILURE,payment-service,48.5,1785924183.7160556,d163f66aa56c4a44a43fdd847f5a91ac,,POST /api/payment,,1595.49,OK,payment-service,v2.0.1,337e9287dfb542098841559c5da35b61
live_ep_000011_CASCADING_FAILURE,CASCADING_FAILURE,payment-service,48.5,1785924183.7160556,ac8f37d12e974a5396c7a06ce099c176,d163f66aa56c4a44a43fdd847f5a91ac,db.query.update,READ,67.17,OK,user-db,v2.0.1,337e9287dfb542098841559c5da35b61
live_ep_000011_CASCADING_FAILURE,CASCADING_FAILURE,payment-service,48.5,1785924183.7160556,3f3344d8333f4d3f9704a9805f80fba5,d163f66aa56c4a44a43fdd847f5a91ac,cache.delete,,3.58,OK,cache-cluster,v2.0.1,337e9287dfb542098841559c5da35b61
live_ep_000011_CASCADING_FAILURE,CASCADING_FAILURE,payment-service,48.5,1785924183.7160556,5babac6bca304710b89ff2a5137cfae4,d163f66aa56c4a44a43fdd847f5a91ac,grpc.call,,23.02,OK,user-db,v2.0.1,337e9287dfb542098841559c5da35b61
live_ep_000011_CASCADING_FAILURE,CASCADING_FAILURE,payment-service,49.0,1785924184.217691,ff46b2ec02ec4b638e4c228101e1e16a,,POST /api/payment,,1080.11,OK,payment-service,v2.0.1,f93cf5c52db949588749dc0b680ad4f3
live_ep_000011_CASCADING_FAILURE,CASCADING_FAILURE,payment-service,49.0,1785924184.217691,c440b5a402fc4b8e8087708cfbb838b7,ff46b2ec02ec4b638e4c228101e1e16a,db.transaction,WRITE,37.71,OK,user-db,v2.0.1,f93cf5c52db949588749dc0b680ad4f3
live_ep_000011_CASCADING_FAILURE,CASCADING_FAILURE,payment-service,49.0,1785924184.217691,0899b5f5ab1b4f47881ee74245066399,ff46b2ec02ec4b638e4c228101e1e16a,db.query.delete,WRITE,49.66,OK,user-db,v2.0.1,f93cf5c52db949588749dc0b680ad4f3
live_ep_000011_CASCADING_FAILURE,CASCADING_FAILURE,payment-service,49.0,1785924184.217691,9b5d40f4c0ab41a68008897584caffa8,ff46b2ec02ec4b638e4c228101e1e16a,http.client.get,,29.04,OK,inventory-api,v2.0.1,f93cf5c52db949588749dc0b680ad4f3
live_ep_000011_CASCADING_FAILURE,CASCADING_FAILURE,payment-service,49.5,1785924184.7184467,cbeca1c2f8834877bc9ad65c44b856d2,,PUT /api/inventory,,1229.05,OK,payment-service,v2.0.1,492c6decd57247cda3df35b9d9b865fa
live_ep_000011_CASCADING_FAILURE,CASCADING_FAILURE,payment-service,49.5,1785924184.7184467,c5e48348497a45aaa2ea8df6b9b0742d,cbeca1c2f8834877bc9ad65c44b856d2,db.query.delete,READ,67.88,OK,user-db,v2.0.1,492c6decd57247cda3df35b9d9b865fa
live_ep_000011_CASCADING_FAILURE,CASCADING_FAILURE,payment-service,49.5,1785924184.7184467,8c66bdc70b674f1280ebfa9b1afd7c13,cbeca1c2f8834877bc9ad65c44b856d2,cache.get,,1.25,OK,cache-cluster,v2.0.1,492c6decd57247cda3df35b9d9b865fa
live_ep_000011_CASCADING_FAILURE,CASCADING_FAILURE,payment-service,50.0,1785924185.2196317,d5558b0c33b742d783fd17c61d513adc,,GET /api/auth,,1276.52,OK,payment-service,v2.0.1,1b461a2a9f714bef90c488353f04cdc3
live_ep_000011_CASCADING_FAILURE,CASCADING_FAILURE,payment-service,50.0,1785924185.2196317,a27a666e33994986a595072d484c153e,d5558b0c33b742d783fd17c61d513adc,db.query.select,WRITE,32.09,OK,user-db,v2.0.1,1b461a2a9f714bef90c488353f04cdc3
live_ep_000011_CASCADING_FAILURE,CASCADING_FAILURE,payment-service,50.0,1785924185.2196317,499f0394375c46d5befa937cd0280b6b,d5558b0c33b742d783fd17c61d513adc,db.query.select,WRITE,38.87,OK,user-db,v2.0.1,1b461a2a9f714bef90c488353f04cdc3
live_ep_000011_CASCADING_FAILURE,CASCADING_FAILURE,payment-service,50.5,1785924185.7199082,fa93dc1764674e5aa62217dfd63e0297,,POST /api/checkout,,1513.27,OK,payment-service,v2.0.1,524684e4fe1742d5a6269e9504e3ee17
live_ep_000011_CASCADING_FAILURE,CASCADING_FAILURE,payment-service,50.5,1785924185.7199082,6a07984828d0414ab69148eef5f7e8a8,fa93dc1764674e5aa62217dfd63e0297,db.transaction,WRITE,50.16,OK,user-db,v2.0.1,524684e4fe1742d5a6269e9504e3ee17
live_ep_000011_CASCADING_FAILURE,CASCADING_FAILURE,payment-service,51.0,1785924186.2203343,8ba8e38b81c54ffd992e135e6318d47f,,GET /api/health,,1403.87,OK,payment-service,v2.0.1,1af008ebc9134d869d7e9c47697838cf
live_ep_000011_CASCADING_FAILURE,CASCADING_FAILURE,payment-service,51.0,1785924186.2203343,b22b367557f841a385eef376f74c6d29,8ba8e38b81c54ffd992e135e6318d47f,db.transaction,READ,43.97,OK,user-db,v2.0.1,1af008ebc9134d869d7e9c47697838cf
live_ep_000011_CASCADING_FAILURE,CASCADING_FAILURE,payment-service,51.5,1785924186.7209263,5f6fc02752bc4f6cacb7781d136d0ba7,,GET /api/order,,1319.78,OK,payment-service,v2.0.1,2d8b6d3bb35b4b9a9b0966406b5136af
live_ep_000011_CASCADING_FAILURE,CASCADING_FAILURE,payment-service,51.5,1785924186.7209263,c03dc8d741814cf88184af0748108f34,5f6fc02752bc4f6cacb7781d136d0ba7,db.query.update,READ,68.1,OK,user-db,v2.0.1,2d8b6d3bb35b4b9a9b0966406b5136af
live_ep_000011_CASCADING_FAILURE,CASCADING_FAILURE,payment-service,51.5,1785924186.7209263,8147323825eb4277beb9cc23bde49dd0,5f6fc02752bc4f6cacb7781d136d0ba7,cache.delete,,2.24,OK,cache-cluster,v2.0.1,2d8b6d3bb35b4b9a9b0966406b5136af
live_ep_000011_CASCADING_FAILURE,CASCADING_FAILURE,payment-service,51.5,1785924186.7209263,b406d940878246bbb65cc3da56ff6cdc,5f6fc02752bc4f6cacb7781d136d0ba7,grpc.call,,23.37,OK,inventory-api,v2.0.1,2d8b6d3bb35b4b9a9b0966406b5136af
live_ep_000011_CASCADING_FAILURE,CASCADING_FAILURE,payment-service,52.0,1785924187.2214699,c030e451e2754454b5d3e1da6eade050,,GET /api/auth,,1301.48,OK,payment-service,v2.0.1,1d75fb8b1e8742d6b3890980887d368c
live_ep_000011_CASCADING_FAILURE,CASCADING_FAILURE,payment-service,52.0,1785924187.2214699,c11a88e4f01c484bbcb2e71eee69e9bf,c030e451e2754454b5d3e1da6eade050,db.query.update,WRITE,51.86,OK,user-db,v2.0.1,1d75fb8b1e8742d6b3890980887d368c
live_ep_000011_CASCADING_FAILURE,CASCADING_FAILURE,payment-service,52.0,1785924187.2214699,08145aa82c094e8f806134aee9cc159c,c030e451e2754454b5d3e1da6eade050,db.query.delete,READ,65.21,OK,user-db,v2.0.1,1d75fb8b1e8742d6b3890980887d368c
live_ep_000011_CASCADING_FAILURE,CASCADING_FAILURE,payment-service,52.0,1785924187.2214699,13c0a96f77964aa2989e28d539269c31,c030e451e2754454b5d3e1da6eade050,cache.set,,1.61,OK,cache-cluster,v2.0.1,1d75fb8b1e8742d6b3890980887d368c
live_ep_000011_CASCADING_FAILURE,CASCADING_FAILURE,payment-service,52.5,1785924187.7220902,00326455893b46c1bbd3fe075383aa76,,GET /api/health,,1627.14,OK,payment-service,v2.0.1,d4b728979297453b80e76eb0d2087d9f
live_ep_000011_CASCADING_FAILURE,CASCADING_FAILURE,payment-service,52.5,1785924187.7220902,1de052dcd45549aab6656a26db45b9ba,00326455893b46c1bbd3fe075383aa76,db.query.delete,WRITE,52.49,OK,user-db,v2.0.1,d4b728979297453b80e76eb0d2087d9f
live_ep_000011_CASCADING_FAILURE,CASCADING_FAILURE,payment-service,52.5,1785924187.7220902,30e950dd77774782a6b8a03de2728e62,00326455893b46c1bbd3fe075383aa76,db.query.insert,READ,39.28,OK,user-db,v2.0.1,d4b728979297453b80e76eb0d2087d9f
live_ep_000011_CASCADING_FAILURE,CASCADING_FAILURE,payment-service,52.5,1785924187.7220902,c8fde9307f7944e2af199c244b108d1f,00326455893b46c1bbd3fe075383aa76,cache.set,,2.02,OK,cache-cluster,v2.0.1,d4b728979297453b80e76eb0d2087d9f
live_ep_000011_CASCADING_FAILURE,CASCADING_FAILURE,payment-service,53.0,1785924188.229841,40aefda8e74e481f800d47fb1de57735,,GET /api/health,,1618.65,OK,payment-service,v2.0.1,15ee61b8e4954fccb9d6975332979775
live_ep_000011_CASCADING_FAILURE,CASCADING_FAILURE,payment-service,53.0,1785924188.229841,67777812254a48fbae24f7c9d98b8955,40aefda8e74e481f800d47fb1de57735,db.query.update,WRITE,47.94,OK,user-db,v2.0.1,15ee61b8e4954fccb9d6975332979775
live_ep_000011_CASCADING_FAILURE,CASCADING_FAILURE,payment-service,53.0,1785924188.229841,63fd390a33c546ea8b4233ec232cfb0a,40aefda8e74e481f800d47fb1de57735,db.query.insert,READ,43.5,ERROR,user-db,v2.0.1,15ee61b8e4954fccb9d6975332979775
live_ep_000011_CASCADING_FAILURE,CASCADING_FAILURE,payment-service,53.0,1785924188.229841,289bb15e2dbf4d639b19af9324f40b25,40aefda8e74e481f800d47fb1de57735,grpc.call,,26.07,OK,user-db,v2.0.1,15ee61b8e4954fccb9d6975332979775
live_ep_000011_CASCADING_FAILURE,CASCADING_FAILURE,payment-service,53.5,1785924188.7303448,60bd9b2eeb2e43af95cfe4d41f35126e,,GET /api/auth,,1572.45,OK,payment-service,v2.0.1,15b9432dd55749a99e93aae2394e37e5
live_ep_000011_CASCADING_FAILURE,CASCADING_FAILURE,payment-service,53.5,1785924188.7303448,4b1d832b32ae414e9970cff64882b437,60bd9b2eeb2e43af95cfe4d41f35126e,db.transaction,READ,97.35,OK,user-db,v2.0.1,15b9432dd55749a99e93aae2394e37e5
live_ep_000011_CASCADING_FAILURE,CASCADING_FAILURE,payment-service,53.5,1785924188.7303448,11a6614d52fb4fb78cd8cec66f4dbfc0,60bd9b2eeb2e43af95cfe4d41f35126e,db.query.select,READ,95.45,OK,user-db,v2.0.1,15b9432dd55749a99e93aae2394e37e5
live_ep_000011_CASCADING_FAILURE,CASCADING_FAILURE,payment-service,53.5,1785924188.7303448,28b342a604094ac286dd25b3a81ed5b8,60bd9b2eeb2e43af95cfe4d41f35126e,cache.get,,47.7,OK,cache-cluster,v2.0.1,15b9432dd55749a99e93aae2394e37e5
live_ep_000011_CASCADING_FAILURE,CASCADING_FAILURE,payment-service,54.0,1785924189.2306943,8dd2f52a9f8f4ee0903b138e1dfb5929,,POST /api/payment,,1354.58,OK,payment-service,v2.0.1,72c97b3c1285426cb426f438b46b8bf6
live_ep_000011_CASCADING_FAILURE,CASCADING_FAILURE,payment-service,54.0,1785924189.2306943,81f4ec8dd1fa49c5ad6a9c4e6af5c166,8dd2f52a9f8f4ee0903b138e1dfb5929,db.query.insert,READ,98.76,OK,user-db,v2.0.1,72c97b3c1285426cb426f438b46b8bf6
live_ep_000011_CASCADING_FAILURE,CASCADING_FAILURE,payment-service,54.0,1785924189.2306943,ed6f1068414d4b07836b0281570f3446,8dd2f52a9f8f4ee0903b138e1dfb5929,db.query.select,WRITE,58.74,OK,user-db,v2.0.1,72c97b3c1285426cb426f438b46b8bf6
live_ep_000011_CASCADING_FAILURE,CASCADING_FAILURE,payment-service,54.0,1785924189.2306943,fcacc986048746458532e2bbb4de2245,8dd2f52a9f8f4ee0903b138e1dfb5929,cache.delete,,1.83,OK,cache-cluster,v2.0.1,72c97b3c1285426cb426f438b46b8bf6
live_ep_000011_CASCADING_FAILURE,CASCADING_FAILURE,payment-service,54.5,1785924189.731283,cebb71cd4f4a46a88d821b0fbc26608a,,GET /api/order,,1757.23,ERROR,payment-service,v2.0.1,62fb57d30a9e4d82b39e3a82eee7bbfb
live_ep_000011_CASCADING_FAILURE,CASCADING_FAILURE,payment-service,54.5,1785924189.731283,06cb60b4089243d4a560f4c89f8d46e7,cebb71cd4f4a46a88d821b0fbc26608a,db.query.insert,READ,33.0,OK,user-db,v2.0.1,62fb57d30a9e4d82b39e3a82eee7bbfb
live_ep_000011_CASCADING_FAILURE,CASCADING_FAILURE,payment-service,54.5,1785924189.731283,46034dc52c2345aca262c6a982f0c726,cebb71cd4f4a46a88d821b0fbc26608a,db.query.select,WRITE,80.04,OK,user-db,v2.0.1,62fb57d30a9e4d82b39e3a82eee7bbfb
live_ep_000011_CASCADING_FAILURE,CASCADING_FAILURE,payment-service,54.5,1785924189.731283,c6baecc8e8724797b14bceff6394e625,cebb71cd4f4a46a88d821b0fbc26608a,cache.delete,,49.95,OK,cache-cluster,v2.0.1,62fb57d30a9e4d82b39e3a82eee7bbfb
live_ep_000011_CASCADING_FAILURE,CASCADING_FAILURE,payment-service,55.0,1785924190.23147,ab62781c8f024c9a9ce5597ef7b50660,,GET /api/health,,1180.07,OK,payment-service,v2.0.1,aabbc256b62a445195e648296541454a
live_ep_000011_CASCADING_FAILURE,CASCADING_FAILURE,payment-service,55.0,1785924190.23147,907763dee40f40cbb2f4ddbcb6070345,ab62781c8f024c9a9ce5597ef7b50660,db.query.update,READ,55.37,OK,user-db,v2.0.1,aabbc256b62a445195e648296541454a
live_ep_000011_CASCADING_FAILURE,CASCADING_FAILURE,payment-service,55.0,1785924190.23147,79eff43fffda4759b89c54f9b3ecfcce,ab62781c8f024c9a9ce5597ef7b50660,db.query.select,READ,55.47,OK,user-db,v2.0.1,aabbc256b62a445195e648296541454a
live_ep_000011_CASCADING_FAILURE,CASCADING_FAILURE,payment-service,55.0,1785924190.23147,2813115d95024c2f8c2bbb6f07f2083f,ab62781c8f024c9a9ce5597ef7b50660,cache.set,,1.29,OK,cache-cluster,v2.0.1,aabbc256b62a445195e648296541454a
live_ep_000011_CASCADING_FAILURE,CASCADING_FAILURE,payment-service,55.0,1785924190.23147,d2d86bc59f6849b89899d1cfabf742fa,ab62781c8f024c9a9ce5597ef7b50660,http.client.get,,37.55,OK,cache-cluster,v2.0.1,aabbc256b62a445195e648296541454a
live_ep_000011_CASCADING_FAILURE,CASCADING_FAILURE,payment-service,55.5,1785924190.7318678,f1a01b15ec544db3818d0c630dd17c4b,,GET /api/health,,1566.6,ERROR,payment-service,v2.0.1,7a6b0180d4d246eaa2e1f90fdf3f3821
live_ep_000011_CASCADING_FAILURE,CASCADING_FAILURE,payment-service,55.5,1785924190.7318678,5bc31ebf00574601bbddd5472ea9daad,f1a01b15ec544db3818d0c630dd17c4b,db.query.insert,WRITE,60.74,ERROR,user-db,v2.0.1,7a6b0180d4d246eaa2e1f90fdf3f3821
live_ep_000011_CASCADING_FAILURE,CASCADING_FAILURE,payment-service,55.5,1785924190.7318678,117bb9c4c3cb4b12b5aecef64bed7568,f1a01b15ec544db3818d0c630dd17c4b,cache.get,,71.12,OK,cache-cluster,v2.0.1,7a6b0180d4d246eaa2e1f90fdf3f3821
live_ep_000011_CASCADING_FAILURE,CASCADING_FAILURE,payment-service,56.0,1785924191.2320054,e330cf742f22434f9b4405c5e5506eb0,,GET /api/health,,1724.73,OK,payment-service,v2.0.1,053135eb8ca24954a72fba7a254b3ffc
live_ep_000011_CASCADING_FAILURE,CASCADING_FAILURE,payment-service,56.0,1785924191.2320054,3458ac84b1ad4a8eb7f1d009d25bd01f,e330cf742f22434f9b4405c5e5506eb0,db.transaction,READ,79.73,OK,user-db,v2.0.1,053135eb8ca24954a72fba7a254b3ffc
live_ep_000011_CASCADING_FAILURE,CASCADING_FAILURE,payment-service,56.0,1785924191.2320054,def91a7cbf0e455982d459d961192aa5,e330cf742f22434f9b4405c5e5506eb0,db.query.update,READ,83.71,OK,user-db,v2.0.1,053135eb8ca24954a72fba7a254b3ffc
live_ep_000011_CASCADING_FAILURE,CASCADING_FAILURE,payment-service,56.0,1785924191.2320054,3b80dd4daff64a2bb1a321df12833fd6,e330cf742f22434f9b4405c5e5506eb0,cache.get,,2.61,OK,cache-cluster,v2.0.1,053135eb8ca24954a72fba7a254b3ffc
live_ep_000011_CASCADING_FAILURE,CASCADING_FAILURE,payment-service,56.0,1785924191.2320054,c66a8f14cfae4a3a8c052a6e16ef9b9a,e330cf742f22434f9b4405c5e5506eb0,http.client.get,,25.48,OK,payment-gateway,v2.0.1,053135eb8ca24954a72fba7a254b3ffc
live_ep_000011_CASCADING_FAILURE,CASCADING_FAILURE,payment-service,56.5,1785924191.7322745,1d0378d983ee437f80782527f4005491,,PUT /api/inventory,,1719.1,OK,payment-service,v2.0.1,11b1f687ca5945b89cc08c098b902d8f
live_ep_000011_CASCADING_FAILURE,CASCADING_FAILURE,payment-service,56.5,1785924191.7322745,d26d50e6d4194910b93f0d6efbcf4a66,1d0378d983ee437f80782527f4005491,db.query.select,READ,56.05,OK,user-db,v2.0.1,11b1f687ca5945b89cc08c098b902d8f
live_ep_000011_CASCADING_FAILURE,CASCADING_FAILURE,payment-service,56.5,1785924191.7322745,835e0d3f86a3462a935d8d41a5a727e9,1d0378d983ee437f80782527f4005491,cache.get,,51.78,OK,cache-cluster,v2.0.1,11b1f687ca5945b89cc08c098b902d8f
live_ep_000011_CASCADING_FAILURE,CASCADING_FAILURE,payment-service,56.5,1785924191.7322745,a68e6744600145b5bc2be1dbb98dee18,1d0378d983ee437f80782527f4005491,grpc.call,,31.11,OK,payment-gateway,v2.0.1,11b1f687ca5945b89cc08c098b902d8f
live_ep_000011_CASCADING_FAILURE,CASCADING_FAILURE,payment-service,57.0,1785924192.2326498,c240cbdcc77f48928678ced177c54b16,,GET /api/auth,,1250.22,OK,payment-service,v2.0.1,6207a7ec01c145c292fb7348f7ab8ba5
live_ep_000011_CASCADING_FAILURE,CASCADING_FAILURE,payment-service,57.0,1785924192.2326498,a699561707744af485903bfe220bcedf,c240cbdcc77f48928678ced177c54b16,db.query.update,WRITE,62.54,OK,user-db,v2.0.1,6207a7ec01c145c292fb7348f7ab8ba5
live_ep_000011_CASCADING_FAILURE,CASCADING_FAILURE,payment-service,57.0,1785924192.2326498,ea52f90a79c5476cbf331bf89072e107,c240cbdcc77f48928678ced177c54b16,db.query.insert,READ,32.09,OK,user-db,v2.0.1,6207a7ec01c145c292fb7348f7ab8ba5
live_ep_000011_CASCADING_FAILURE,CASCADING_FAILURE,payment-service,57.0,1785924192.2326498,a9673c7d28df4165aa2f8a65fc098918,c240cbdcc77f48928678ced177c54b16,cache.set,,3.47,OK,cache-cluster,v2.0.1,6207a7ec01c145c292fb7348f7ab8ba5
live_ep_000011_CASCADING_FAILURE,CASCADING_FAILURE,payment-service,57.5,1785924192.7329576,438df76860e547bc9d8a8e708c750602,,GET /api/health,,1490.13,OK,payment-service,v2.0.1,1e05a30cdea846ef95f040962c0bcb82
live_ep_000011_CASCADING_FAILURE,CASCADING_FAILURE,payment-service,57.5,1785924192.7329576,38a114c6d748481d8c0289ae72d7fddc,438df76860e547bc9d8a8e708c750602,db.query.insert,WRITE,46.16,OK,user-db,v2.0.1,1e05a30cdea846ef95f040962c0bcb82
live_ep_000011_CASCADING_FAILURE,CASCADING_FAILURE,payment-service,57.5,1785924192.7329576,81da3b6abe804173a2eeabf5f5f190f8,438df76860e547bc9d8a8e708c750602,db.query.select,READ,40.2,OK,user-db,v2.0.1,1e05a30cdea846ef95f040962c0bcb82
live_ep_000011_CASCADING_FAILURE,CASCADING_FAILURE,payment-service,57.5,1785924192.7329576,c63d6af912414196bb44c2818995d5b4,438df76860e547bc9d8a8e708c750602,cache.set,,63.46,OK,cache-cluster,v2.0.1,1e05a30cdea846ef95f040962c0bcb82
live_ep_000011_CASCADING_FAILURE,CASCADING_FAILURE,payment-service,57.5,1785924192.7329576,f20d04e739be4e0ab9124fb1b634e5a2,438df76860e547bc9d8a8e708c750602,http.client.post,,28.87,OK,cache-cluster,v2.0.1,1e05a30cdea846ef95f040962c0bcb82
live_ep_000011_CASCADING_FAILURE,CASCADING_FAILURE,payment-service,58.0,1785924193.2331195,6f42fb57775145ffaa72111722df17ed,,PUT /api/inventory,,1331.44,OK,payment-service,v2.0.1,cf0ec0d082744eedbb31e17c3dc9199b
live_ep_000011_CASCADING_FAILURE,CASCADING_FAILURE,payment-service,58.0,1785924193.2331195,29d489956afd4b9bba9feb924cc40063,6f42fb57775145ffaa72111722df17ed,db.query.select,READ,73.01,OK,user-db,v2.0.1,cf0ec0d082744eedbb31e17c3dc9199b
live_ep_000011_CASCADING_FAILURE,CASCADING_FAILURE,payment-service,58.0,1785924193.2331195,6115863eddbe4bf0a83b6cf050b809f4,6f42fb57775145ffaa72111722df17ed,cache.delete,,3.36,OK,cache-cluster,v2.0.1,cf0ec0d082744eedbb31e17c3dc9199b
live_ep_000011_CASCADING_FAILURE,CASCADING_FAILURE,payment-service,58.5,1785924193.7334557,1606397fc3ac43b88bf6d45c99b4d92b,,POST /api/payment,,1414.04,OK,payment-service,v2.0.1,1873bf6dcb5e4d008d1ff70a5648dff4
live_ep_000011_CASCADING_FAILURE,CASCADING_FAILURE,payment-service,58.5,1785924193.7334557,525d74d32d9d497680893ab6c874f1b6,1606397fc3ac43b88bf6d45c99b4d92b,db.query.update,READ,75.82,OK,user-db,v2.0.1,1873bf6dcb5e4d008d1ff70a5648dff4
live_ep_000011_CASCADING_FAILURE,CASCADING_FAILURE,payment-service,58.5,1785924193.7334557,759db9a7f6264d0dbea2a634987e81a6,1606397fc3ac43b88bf6d45c99b4d92b,db.query.select,WRITE,45.31,OK,user-db,v2.0.1,1873bf6dcb5e4d008d1ff70a5648dff4
live_ep_000011_CASCADING_FAILURE,CASCADING_FAILURE,payment-service,58.5,1785924193.7334557,b622cbfa4a334999a434e8e0dcf9bd2b,1606397fc3ac43b88bf6d45c99b4d92b,cache.delete,,0.5,OK,cache-cluster,v2.0.1,1873bf6dcb5e4d008d1ff70a5648dff4
live_ep_000011_CASCADING_FAILURE,CASCADING_FAILURE,payment-service,59.0,1785924194.2336721,ca6478a1868f4ea59434f42dc6f11cc8,,PUT /api/inventory,,1263.05,OK,payment-service,v2.0.1,0ffb3811d4fa457c991277788fdfcf4f
live_ep_000011_CASCADING_FAILURE,CASCADING_FAILURE,payment-service,59.0,1785924194.2336721,66101affe8f7415bb7237e2cbce2a92a,ca6478a1868f4ea59434f42dc6f11cc8,db.query.select,READ,51.58,OK,user-db,v2.0.1,0ffb3811d4fa457c991277788fdfcf4f
live_ep_000011_CASCADING_FAILURE,CASCADING_FAILURE,payment-service,59.0,1785924194.2336721,da165c341e80419a84f0b01e92f1e014,ca6478a1868f4ea59434f42dc6f11cc8,db.query.insert,READ,60.07,OK,user-db,v2.0.1,0ffb3811d4fa457c991277788fdfcf4f
live_ep_000011_CASCADING_FAILURE,CASCADING_FAILURE,payment-service,59.0,1785924194.2336721,56f0628c48b8481098ed365dbb9b26ce,ca6478a1868f4ea59434f42dc6f11cc8,cache.set,,44.68,OK,cache-cluster,v2.0.1,0ffb3811d4fa457c991277788fdfcf4f
live_ep_000011_CASCADING_FAILURE,CASCADING_FAILURE,payment-service,59.0,1785924194.2336721,477612655d914cb0801c916e908e301c,ca6478a1868f4ea59434f42dc6f11cc8,grpc.call,,18.2,OK,cache-cluster,v2.0.1,0ffb3811d4fa457c991277788fdfcf4f
live_ep_000011_CASCADING_FAILURE,CASCADING_FAILURE,payment-service,59.5,1785924194.733975,1f852f2b33ba479eb0fea21e3c9ab1ca,,GET /api/order,,1381.16,OK,payment-service,v2.0.1,f36a2d1f62f04e67856c6437ff80dd48
live_ep_000011_CASCADING_FAILURE,CASCADING_FAILURE,payment-service,59.5,1785924194.733975,8548bb2a9eaf4509b71ec932f055ba8e,1f852f2b33ba479eb0fea21e3c9ab1ca,db.query.insert,READ,94.4,OK,user-db,v2.0.1,f36a2d1f62f04e67856c6437ff80dd48
live_ep_000011_CASCADING_FAILURE,CASCADING_FAILURE,payment-service,59.5,1785924194.733975,56e42bcb3a0545d288eb35f6ef149f5a,1f852f2b33ba479eb0fea21e3c9ab1ca,db.query.insert,READ,92.34,OK,user-db,v2.0.1,f36a2d1f62f04e67856c6437ff80dd48
live_ep_000011_CASCADING_FAILURE,CASCADING_FAILURE,payment-service,59.5,1785924194.733975,d8a8aa1216b14719b646f57f026105ea,1f852f2b33ba479eb0fea21e3c9ab1ca,cache.get,,1.91,OK,cache-cluster,v2.0.1,f36a2d1f62f04e67856c6437ff80dd48
live_ep_000012_RETRY_STORM,RETRY_STORM,payment-service,0.0,1785924195.2374053,25e0a1b6517249f29d3f31bfcb84e0a3,,PUT /api/inventory,,126.12,OK,payment-service,v1.1.0,db547a8a257f4f53baee893697b1d757
live_ep_000012_RETRY_STORM,RETRY_STORM,payment-service,0.0,1785924195.2374053,0f7200d40b1c4308bcc2ae96e42fdf1c,25e0a1b6517249f29d3f31bfcb84e0a3,db.query.update,READ,26.08,OK,user-db,v1.1.0,db547a8a257f4f53baee893697b1d757
live_ep_000012_RETRY_STORM,RETRY_STORM,payment-service,0.0,1785924195.2374053,cd9be308b20848e2836891bda7d0280a,25e0a1b6517249f29d3f31bfcb84e0a3,db.query.insert,WRITE,14.58,OK,user-db,v1.1.0,db547a8a257f4f53baee893697b1d757
live_ep_000012_RETRY_STORM,RETRY_STORM,payment-service,0.0,1785924195.2374053,1fbdce2782f74886b091d53ce076b9a5,25e0a1b6517249f29d3f31bfcb84e0a3,cache.set,,0.51,OK,cache-cluster,v1.1.0,db547a8a257f4f53baee893697b1d757
live_ep_000012_RETRY_STORM,RETRY_STORM,payment-service,0.5,1785924195.737729,fcb9ef8053a148278fc2d8856cee16d6,,POST /api/checkout,,105.26,OK,payment-service,v1.1.0,0bc8e034810d4d1d87efb40575b887e0
live_ep_000012_RETRY_STORM,RETRY_STORM,payment-service,0.5,1785924195.737729,57e44a3ba09d4938b3a2c20407159789,fcb9ef8053a148278fc2d8856cee16d6,db.query.update,READ,26.69,OK,user-db,v1.1.0,0bc8e034810d4d1d87efb40575b887e0
live_ep_000012_RETRY_STORM,RETRY_STORM,payment-service,0.5,1785924195.737729,ab9835d3d7fb49a6a064f2110bf27afe,fcb9ef8053a148278fc2d8856cee16d6,db.transaction,READ,23.23,OK,user-db,v1.1.0,0bc8e034810d4d1d87efb40575b887e0
live_ep_000012_RETRY_STORM,RETRY_STORM,payment-service,0.5,1785924195.737729,69a0976b642b40fa83773e051ee5df39,fcb9ef8053a148278fc2d8856cee16d6,cache.get,,2.42,OK,cache-cluster,v1.1.0,0bc8e034810d4d1d87efb40575b887e0
live_ep_000012_RETRY_STORM,RETRY_STORM,payment-service,0.5,1785924195.737729,de3ad47e355c462cb1464f2dd3977570,fcb9ef8053a148278fc2d8856cee16d6,http.client.post,,24.89,OK,cache-cluster,v1.1.0,0bc8e034810d4d1d87efb40575b887e0
live_ep_000012_RETRY_STORM,RETRY_STORM,payment-service,1.0,1785924196.2420206,893c573c848942a99ec6464eb58928b1,,PUT /api/inventory,,119.54,OK,payment-service,v1.1.0,8cc3f0aa5269414c9115a6c14bb731f9
live_ep_000012_RETRY_STORM,RETRY_STORM,payment-service,1.0,1785924196.2420206,4ad7616158794c18b63a9e3c65ab4a95,893c573c848942a99ec6464eb58928b1,db.query.update,READ,20.74,OK,user-db,v1.1.0,8cc3f0aa5269414c9115a6c14bb731f9
live_ep_000012_RETRY_STORM,RETRY_STORM,payment-service,1.5,1785924196.742459,5fddef77b8954fdeaa6597764f227a6e,,POST /api/payment,,135.49,OK,payment-service,v1.1.0,0503aa1a1433460daf37d0aa71f010e7
live_ep_000012_RETRY_STORM,RETRY_STORM,payment-service,1.5,1785924196.742459,63078834ba5b4367aa09eb5295fe79a4,5fddef77b8954fdeaa6597764f227a6e,db.query.update,WRITE,19.92,OK,user-db,v1.1.0,0503aa1a1433460daf37d0aa71f010e7
live_ep_000012_RETRY_STORM,RETRY_STORM,payment-service,2.0,1785924197.243428,952842f07069413cab5cf8977baf2fdb,,GET /api/health,,122.96,OK,payment-service,v1.1.0,365343cd47e842fa87a7794de2f9bc09
live_ep_000012_RETRY_STORM,RETRY_STORM,payment-service,2.0,1785924197.243428,c6a0fc2abe3448e7bc6c0671e987b3d9,952842f07069413cab5cf8977baf2fdb,db.query.select,WRITE,20.05,OK,user-db,v1.1.0,365343cd47e842fa87a7794de2f9bc09
live_ep_000012_RETRY_STORM,RETRY_STORM,payment-service,2.0,1785924197.243428,56d33f02dfe44c8a9cde6819f9072ca5,952842f07069413cab5cf8977baf2fdb,db.query.delete,READ,19.22,OK,user-db,v1.1.0,365343cd47e842fa87a7794de2f9bc09
live_ep_000012_RETRY_STORM,RETRY_STORM,payment-service,2.0,1785924197.243428,32887e7f69304e608c7bdd0593e51928,952842f07069413cab5cf8977baf2fdb,cache.set,,1.65,OK,cache-cluster,v1.1.0,365343cd47e842fa87a7794de2f9bc09
live_ep_000012_RETRY_STORM,RETRY_STORM,payment-service,2.5,1785924197.743733,55298bf387c5461ab563af1c1404532d,,POST /api/checkout,,125.98,OK,payment-service,v1.1.0,880fc0c56a4c489da135c3665af9037d
live_ep_000012_RETRY_STORM,RETRY_STORM,payment-service,2.5,1785924197.743733,3c514fc20e994bf0a678cf154fc96f80,55298bf387c5461ab563af1c1404532d,db.query.select,READ,19.44,OK,user-db,v1.1.0,880fc0c56a4c489da135c3665af9037d
live_ep_000012_RETRY_STORM,RETRY_STORM,payment-service,2.5,1785924197.743733,c7e32fc1ed5040308da019c9acbf9644,55298bf387c5461ab563af1c1404532d,db.query.insert,READ,29.37,OK,user-db,v1.1.0,880fc0c56a4c489da135c3665af9037d
live_ep_000012_RETRY_STORM,RETRY_STORM,payment-service,2.5,1785924197.743733,d4e4b96fd19647feaeec6760849d6262,55298bf387c5461ab563af1c1404532d,cache.get,,0.78,OK,cache-cluster,v1.1.0,880fc0c56a4c489da135c3665af9037d
live_ep_000012_RETRY_STORM,RETRY_STORM,payment-service,3.0,1785924198.2438323,15dc276f886d4db1a41fa77f115cfb58,,PUT /api/inventory,,97.67,OK,payment-service,v1.1.0,015fc6cc83ff4465b7c1ffefab7d5bab
live_ep_000012_RETRY_STORM,RETRY_STORM,payment-service,3.0,1785924198.2438323,24849bb0c82d4f5a82c10244a9d0c982,15dc276f886d4db1a41fa77f115cfb58,db.query.update,READ,14.25,OK,user-db,v1.1.0,015fc6cc83ff4465b7c1ffefab7d5bab
live_ep_000012_RETRY_STORM,RETRY_STORM,payment-service,3.0,1785924198.2438323,db86277e4b204f1a8c9a06fadcee5f3d,15dc276f886d4db1a41fa77f115cfb58,db.query.delete,WRITE,3.13,OK,user-db,v1.1.0,015fc6cc83ff4465b7c1ffefab7d5bab
live_ep_000012_RETRY_STORM,RETRY_STORM,payment-service,3.0,1785924198.2438323,9c014e74625742b08f10469ae694ded3,15dc276f886d4db1a41fa77f115cfb58,cache.delete,,0.7,OK,cache-cluster,v1.1.0,015fc6cc83ff4465b7c1ffefab7d5bab
live_ep_000012_RETRY_STORM,RETRY_STORM,payment-service,3.5,1785924198.7440295,381c794c9a8544ee9e45650e363172ab,,POST /api/payment,,116.41,OK,payment-service,v1.1.0,fba1522be11a48f09504a1d4eb395d00
live_ep_000012_RETRY_STORM,RETRY_STORM,payment-service,3.5,1785924198.7440295,799666b49e0d47558748bf2014f7e878,381c794c9a8544ee9e45650e363172ab,db.query.insert,READ,14.1,OK,user-db,v1.1.0,fba1522be11a48f09504a1d4eb395d00
live_ep_000012_RETRY_STORM,RETRY_STORM,payment-service,3.5,1785924198.7440295,59104f787916444d883b38b9c5067f45,381c794c9a8544ee9e45650e363172ab,db.transaction,READ,10.87,OK,user-db,v1.1.0,fba1522be11a48f09504a1d4eb395d00
live_ep_000012_RETRY_STORM,RETRY_STORM,payment-service,3.5,1785924198.7440295,e40b954216db45aba040625b6dcb2a01,381c794c9a8544ee9e45650e363172ab,cache.set,,3.38,OK,cache-cluster,v1.1.0,fba1522be11a48f09504a1d4eb395d00
live_ep_000012_RETRY_STORM,RETRY_STORM,payment-service,3.5,1785924198.7440295,03d9a9e2ef9840ccaf17b4f9563c931d,381c794c9a8544ee9e45650e363172ab,http.client.post,,18.23,OK,user-db,v1.1.0,fba1522be11a48f09504a1d4eb395d00
live_ep_000012_RETRY_STORM,RETRY_STORM,payment-service,4.0,1785924199.2441294,9830364885eb4eadb44b75f124b6346c,,GET /api/health,,88.47,OK,payment-service,v1.1.0,3b517604e06b4b23b6043dd72065f02b
live_ep_000012_RETRY_STORM,RETRY_STORM,payment-service,4.0,1785924199.2441294,9be474bb8020405a8387c4cc70210d03,9830364885eb4eadb44b75f124b6346c,db.transaction,READ,34.68,OK,user-db,v1.1.0,3b517604e06b4b23b6043dd72065f02b
live_ep_000012_RETRY_STORM,RETRY_STORM,payment-service,4.0,1785924199.2441294,7ac71e4983db4bdd9dff76f6ba5cbf95,9830364885eb4eadb44b75f124b6346c,db.query.select,READ,25.02,OK,user-db,v1.1.0,3b517604e06b4b23b6043dd72065f02b
live_ep_000012_RETRY_STORM,RETRY_STORM,payment-service,4.0,1785924199.2441294,2656e6bcacd84ef69d77bf0bc08628ad,9830364885eb4eadb44b75f124b6346c,cache.delete,,3.08,OK,cache-cluster,v1.1.0,3b517604e06b4b23b6043dd72065f02b
live_ep_000012_RETRY_STORM,RETRY_STORM,payment-service,4.5,1785924199.74422,bf07172b1a5c4202b7e75694cb9c6e67,,PUT /api/inventory,,121.77,OK,payment-service,v1.1.0,00fd421feb5444b29bcc6229f459c123
live_ep_000012_RETRY_STORM,RETRY_STORM,payment-service,4.5,1785924199.74422,278a0551b6d34b70a9556c5320329da1,bf07172b1a5c4202b7e75694cb9c6e67,db.transaction,WRITE,13.36,OK,user-db,v1.1.0,00fd421feb5444b29bcc6229f459c123
live_ep_000012_RETRY_STORM,RETRY_STORM,payment-service,4.5,1785924199.74422,413db2d89cb84cc6a9d59d023a67cdf2,bf07172b1a5c4202b7e75694cb9c6e67,cache.delete,,3.35,OK,cache-cluster,v1.1.0,00fd421feb5444b29bcc6229f459c123
live_ep_000012_RETRY_STORM,RETRY_STORM,payment-service,4.5,1785924199.74422,8c9baa1e987047e184480ddc665995cb,bf07172b1a5c4202b7e75694cb9c6e67,http.client.get,,25.66,OK,inventory-api,v1.1.0,00fd421feb5444b29bcc6229f459c123
live_ep_000012_RETRY_STORM,RETRY_STORM,payment-service,5.0,1785924200.2447982,a40150f6db5a4165b7defbe514fdb0bc,,POST /api/checkout,,106.48,OK,payment-service,v1.1.0,ca2ff2d6d5fb4a7895a440d5ea98f9c9
live_ep_000012_RETRY_STORM,RETRY_STORM,payment-service,5.0,1785924200.2447982,e0da294fb52b4c87aa9c1f28fec842eb,a40150f6db5a4165b7defbe514fdb0bc,db.query.delete,WRITE,48.97,OK,user-db,v1.1.0,ca2ff2d6d5fb4a7895a440d5ea98f9c9
live_ep_000012_RETRY_STORM,RETRY_STORM,payment-service,5.0,1785924200.2447982,530a57a2af8444899524402a1413946e,a40150f6db5a4165b7defbe514fdb0bc,db.query.update,READ,44.53,OK,user-db,v1.1.0,ca2ff2d6d5fb4a7895a440d5ea98f9c9
live_ep_000012_RETRY_STORM,RETRY_STORM,payment-service,5.0,1785924200.2447982,33ae77f76e314fcca5ef0b4ea35ca6a9,a40150f6db5a4165b7defbe514fdb0bc,cache.delete,,3.45,OK,cache-cluster,v1.1.0,ca2ff2d6d5fb4a7895a440d5ea98f9c9
live_ep_000012_RETRY_STORM,RETRY_STORM,payment-service,5.0,1785924200.2447982,f51ecfb8e52446d5aebc99aafa3d7c1c,a40150f6db5a4165b7defbe514fdb0bc,http.client.post,,33.14,OK,user-db,v1.1.0,ca2ff2d6d5fb4a7895a440d5ea98f9c9
live_ep_000012_RETRY_STORM,RETRY_STORM,payment-service,5.5,1785924200.7449632,da3959799bf04e9f84f5927fd0ed479a,,PUT /api/inventory,,129.45,OK,payment-service,v1.1.0,9c0a75e3d1f348d697f5d4672ea4509b
live_ep_000012_RETRY_STORM,RETRY_STORM,payment-service,5.5,1785924200.7449632,6f8efe29234a4a6faeb320135b92c3f9,da3959799bf04e9f84f5927fd0ed479a,db.query.delete,READ,28.91,OK,user-db,v1.1.0,9c0a75e3d1f348d697f5d4672ea4509b
live_ep_000012_RETRY_STORM,RETRY_STORM,payment-service,5.5,1785924200.7449632,23dd2b301ffe4b6ca691823f77bfecdf,da3959799bf04e9f84f5927fd0ed479a,cache.delete,,0.5,OK,cache-cluster,v1.1.0,9c0a75e3d1f348d697f5d4672ea4509b
live_ep_000012_RETRY_STORM,RETRY_STORM,payment-service,6.0,1785924201.2454069,7bd18fa6e30e4f76ac6537fd7d941e22,,GET /api/health,,80.01,OK,payment-service,v1.1.0,98834a4e383344eda941ca21471fe406
live_ep_000012_RETRY_STORM,RETRY_STORM,payment-service,6.0,1785924201.2454069,16039473341f41279068d69393b210b6,7bd18fa6e30e4f76ac6537fd7d941e22,db.query.update,READ,14.09,OK,user-db,v1.1.0,98834a4e383344eda941ca21471fe406
live_ep_000012_RETRY_STORM,RETRY_STORM,payment-service,6.0,1785924201.2454069,7642fa151cea41db9c5fc33f7d983280,7bd18fa6e30e4f76ac6537fd7d941e22,db.query.select,READ,22.7,OK,user-db,v1.1.0,98834a4e383344eda941ca21471fe406
live_ep_000012_RETRY_STORM,RETRY_STORM,payment-service,6.0,1785924201.2454069,0f05bf71b62444beaa3ab6344adafdf0,7bd18fa6e30e4f76ac6537fd7d941e22,cache.set,,0.55,OK,cache-cluster,v1.1.0,98834a4e383344eda941ca21471fe406
live_ep_000012_RETRY_STORM,RETRY_STORM,payment-service,6.0,1785924201.2454069,96a1fb4e5d78430f8a34b2e9e703da6a,7bd18fa6e30e4f76ac6537fd7d941e22,grpc.call,,28.93,OK,inventory-api,v1.1.0,98834a4e383344eda941ca21471fe406
live_ep_000012_RETRY_STORM,RETRY_STORM,payment-service,6.5,1785924201.745822,677d654645074236879dd5aff063cfc1,,POST /api/payment,,119.0,OK,payment-service,v1.1.0,496a4bcb38564a75b3f69268e22299ce
live_ep_000012_RETRY_STORM,RETRY_STORM,payment-service,6.5,1785924201.745822,c0cd9ecfb745424b852824ea84650513,677d654645074236879dd5aff063cfc1,db.query.delete,READ,14.55,OK,user-db,v1.1.0,496a4bcb38564a75b3f69268e22299ce
live_ep_000012_RETRY_STORM,RETRY_STORM,payment-service,6.5,1785924201.745822,462bf76c37794da48ee03c9225b26fea,677d654645074236879dd5aff063cfc1,db.transaction,READ,13.94,OK,user-db,v1.1.0,496a4bcb38564a75b3f69268e22299ce
live_ep_000012_RETRY_STORM,RETRY_STORM,payment-service,6.5,1785924201.745822,b63e695ff3154eacb27e169e7d2a755e,677d654645074236879dd5aff063cfc1,http.client.post,,20.66,OK,payment-gateway,v1.1.0,496a4bcb38564a75b3f69268e22299ce
live_ep_000012_RETRY_STORM,RETRY_STORM,payment-service,7.0,1785924202.2459373,952d7d99004d464f80d21f861707ecd2,,POST /api/payment,,108.5,OK,payment-service,v1.1.0,467ec33e2cda4c13a1d39d3f39013694
live_ep_000012_RETRY_STORM,RETRY_STORM,payment-service,7.0,1785924202.2459373,9420acafb44444aab66d9f8239656a96,952d7d99004d464f80d21f861707ecd2,db.query.delete,READ,28.98,OK,user-db,v1.1.0,467ec33e2cda4c13a1d39d3f39013694
live_ep_000012_RETRY_STORM,RETRY_STORM,payment-service,7.0,1785924202.2459373,f86bdaeafab440df8bcaace53ffb38bc,952d7d99004d464f80d21f861707ecd2,db.query.select,READ,30.22,OK,user-db,v1.1.0,467ec33e2cda4c13a1d39d3f39013694
live_ep_000012_RETRY_STORM,RETRY_STORM,payment-service,7.0,1785924202.2459373,23f033c1b4a743ac9ef0aa4d36aa6417,952d7d99004d464f80d21f861707ecd2,cache.delete,,1.33,OK,cache-cluster,v1.1.0,467ec33e2cda4c13a1d39d3f39013694
live_ep_000012_RETRY_STORM,RETRY_STORM,payment-service,7.0,1785924202.2459373,799fd9517b944694a72d83e6f925b06d,952d7d99004d464f80d21f861707ecd2,http.client.post,,30.24,OK,user-db,v1.1.0,467ec33e2cda4c13a1d39d3f39013694
