episode_id,failure_mode,service,elapsed_s,timestamp,span_id,parent_span_id,span_name,db_operation_type,span_duration_ms,span_status,peer_service,service_version,trace_id
live_ep_000013_BAD_DEPLOY,BAD_DEPLOY,inventory-service,0.0,1785925240.0532446,22ffdda028114aeb97c58afb6ac4527d,,GET /api/order,,123.19,OK,inventory-service,v1.0.0,2459a75fc31c41ce897046634b95c122
live_ep_000013_BAD_DEPLOY,BAD_DEPLOY,inventory-service,0.0,1785925240.0532446,524e5691d65a4b8892248a42e5911de3,22ffdda028114aeb97c58afb6ac4527d,db.query.insert,READ,21.97,OK,user-db,v1.0.0,2459a75fc31c41ce897046634b95c122
live_ep_000013_BAD_DEPLOY,BAD_DEPLOY,inventory-service,0.0,1785925240.0532446,69250d43c2d94df0b7302d08bd89ced7,22ffdda028114aeb97c58afb6ac4527d,cache.get,,0.87,OK,cache-cluster,v1.0.0,2459a75fc31c41ce897046634b95c122
live_ep_000013_BAD_DEPLOY,BAD_DEPLOY,inventory-service,0.0,1785925240.0532446,4b3dc1b041d64c1ca0143bb71cf8fa43,22ffdda028114aeb97c58afb6ac4527d,grpc.call,,16.05,OK,user-db,v1.0.0,2459a75fc31c41ce897046634b95c122
live_ep_000013_BAD_DEPLOY,BAD_DEPLOY,inventory-service,0.5,1785925240.5537093,11b66c842b574c4e8997f8a0f3412d64,,GET /api/health,,109.24,OK,inventory-service,v1.0.0,b99bd0faae7b403daae33d2688d7db51
live_ep_000013_BAD_DEPLOY,BAD_DEPLOY,inventory-service,0.5,1785925240.5537093,a6a824bb12bc41ad8cac3f37ceb33cc0,11b66c842b574c4e8997f8a0f3412d64,db.query.delete,WRITE,34.81,OK,user-db,v1.0.0,b99bd0faae7b403daae33d2688d7db51
live_ep_000013_BAD_DEPLOY,BAD_DEPLOY,inventory-service,1.0,1785925241.0539067,d7d5722954e54f0c82b63ad645bc9ffa,,GET /api/order,,140.15,OK,inventory-service,v1.0.0,fbe77cb2087643b0a54737db45707753
live_ep_000013_BAD_DEPLOY,BAD_DEPLOY,inventory-service,1.0,1785925241.0539067,e29e56362fe14eb6a8490051ce242ff8,d7d5722954e54f0c82b63ad645bc9ffa,db.query.update,READ,19.69,OK,user-db,v1.0.0,fbe77cb2087643b0a54737db45707753
live_ep_000013_BAD_DEPLOY,BAD_DEPLOY,inventory-service,1.0,1785925241.0539067,a13effac3fc744b49c75c68dc03c6809,d7d5722954e54f0c82b63ad645bc9ffa,http.client.post,,27.87,OK,payment-gateway,v1.0.0,fbe77cb2087643b0a54737db45707753
live_ep_000013_BAD_DEPLOY,BAD_DEPLOY,inventory-service,1.5,1785925241.5540376,1bf2883e84c949f49b7e989aedc81b27,,GET /api/auth,,76.93,OK,inventory-service,v1.0.0,f115a4547c3b4819994f3e4793da209a
live_ep_000013_BAD_DEPLOY,BAD_DEPLOY,inventory-service,1.5,1785925241.5540376,d133336c43b54ebbba1622ed2cf71825,1bf2883e84c949f49b7e989aedc81b27,db.query.insert,READ,13.63,OK,user-db,v1.0.0,f115a4547c3b4819994f3e4793da209a
live_ep_000013_BAD_DEPLOY,BAD_DEPLOY,inventory-service,2.0,1785925242.0541427,90924eb0f2454b4fbeed2d8fe6a7d3dd,,PUT /api/inventory,,101.21,OK,inventory-service,v1.0.0,0805e99467bb4a6daded82f5de0add63
live_ep_000013_BAD_DEPLOY,BAD_DEPLOY,inventory-service,2.0,1785925242.0541427,0bf18f172f0d4050a4e31336b25d844a,90924eb0f2454b4fbeed2d8fe6a7d3dd,db.query.insert,WRITE,11.79,OK,user-db,v1.0.0,0805e99467bb4a6daded82f5de0add63
live_ep_000013_BAD_DEPLOY,BAD_DEPLOY,inventory-service,2.0,1785925242.0541427,4caa854fd99848418a1c74fdf4b81101,90924eb0f2454b4fbeed2d8fe6a7d3dd,db.query.delete,READ,4.69,OK,user-db,v1.0.0,0805e99467bb4a6daded82f5de0add63
live_ep_000013_BAD_DEPLOY,BAD_DEPLOY,inventory-service,2.0,1785925242.0541427,f205573200084f358b63631cf539b15c,90924eb0f2454b4fbeed2d8fe6a7d3dd,cache.set,,1.42,OK,cache-cluster,v1.0.0,0805e99467bb4a6daded82f5de0add63
live_ep_000013_BAD_DEPLOY,BAD_DEPLOY,inventory-service,2.5,1785925242.5542428,75c388d174ae445bb04afe9f238d02ae,,POST /api/checkout,,152.6,OK,inventory-service,v1.0.0,8193691ac7f348f2904c8b3be28bd4ac
live_ep_000013_BAD_DEPLOY,BAD_DEPLOY,inventory-service,2.5,1785925242.5542428,62baabd6003d470dae1d3a676162523e,75c388d174ae445bb04afe9f238d02ae,db.query.delete,READ,42.39,OK,user-db,v1.0.0,8193691ac7f348f2904c8b3be28bd4ac
live_ep_000013_BAD_DEPLOY,BAD_DEPLOY,inventory-service,2.5,1785925242.5542428,c6391182e26b49f995c8d9fa59887efa,75c388d174ae445bb04afe9f238d02ae,db.query.insert,READ,24.84,OK,user-db,v1.0.0,8193691ac7f348f2904c8b3be28bd4ac
live_ep_000013_BAD_DEPLOY,BAD_DEPLOY,inventory-service,2.5,1785925242.5542428,21154ec5159e4a9d81f3662d6f8bfcd3,75c388d174ae445bb04afe9f238d02ae,cache.delete,,2.55,OK,cache-cluster,v1.0.0,8193691ac7f348f2904c8b3be28bd4ac
live_ep_000013_BAD_DEPLOY,BAD_DEPLOY,inventory-service,2.5,1785925242.5542428,0024d8bbc7ab4e55905f44a64703a489,75c388d174ae445bb04afe9f238d02ae,http.client.post,,38.63,OK,inventory-api,v1.0.0,8193691ac7f348f2904c8b3be28bd4ac
live_ep_000013_BAD_DEPLOY,BAD_DEPLOY,inventory-service,3.0,1785925243.054514,d1f4831dff1541af8c3c25be47141445,,GET /api/health,,110.91,OK,inventory-service,v1.0.0,d3830f10f10a40c9ad1568fbe927a179
live_ep_000013_BAD_DEPLOY,BAD_DEPLOY,inventory-service,3.0,1785925243.054514,57e353a522b04f21a66940ac2440ed1c,d1f4831dff1541af8c3c25be47141445,db.query.select,READ,14.62,OK,user-db,v1.0.0,d3830f10f10a40c9ad1568fbe927a179
live_ep_000013_BAD_DEPLOY,BAD_DEPLOY,inventory-service,3.0,1785925243.054514,770fc4e483984bd6a8f91fe6e3a766ae,d1f4831dff1541af8c3c25be47141445,db.transaction,READ,13.63,OK,user-db,v1.0.0,d3830f10f10a40c9ad1568fbe927a179
live_ep_000013_BAD_DEPLOY,BAD_DEPLOY,inventory-service,3.0,1785925243.054514,b14d3b547dba41cc813237541abacaab,d1f4831dff1541af8c3c25be47141445,cache.get,,1.72,OK,cache-cluster,v1.0.0,d3830f10f10a40c9ad1568fbe927a179
live_ep_000013_BAD_DEPLOY,BAD_DEPLOY,inventory-service,3.0,1785925243.054514,c9e31984caa4405280c32f49502bea99,d1f4831dff1541af8c3c25be47141445,http.client.get,,23.26,OK,payment-gateway,v1.0.0,d3830f10f10a40c9ad1568fbe927a179
live_ep_000013_BAD_DEPLOY,BAD_DEPLOY,inventory-service,3.5,1785925243.5550807,183c680960d24feab86afb84c5fac129,,GET /api/health,,167.54,OK,inventory-service,v1.0.0,71acc3acbefd4ce6abac17ab36047bd3
live_ep_000013_BAD_DEPLOY,BAD_DEPLOY,inventory-service,3.5,1785925243.5550807,b27a56430f3141319f87c6f07e0f56d7,183c680960d24feab86afb84c5fac129,db.transaction,READ,24.33,ERROR,user-db,v1.0.0,71acc3acbefd4ce6abac17ab36047bd3
live_ep_000013_BAD_DEPLOY,BAD_DEPLOY,inventory-service,3.5,1785925243.5550807,f3d830dd6c934dac9b9ccc7ecbccdca0,183c680960d24feab86afb84c5fac129,cache.get,,3.59,OK,cache-cluster,v1.0.0,71acc3acbefd4ce6abac17ab36047bd3
live_ep_000013_BAD_DEPLOY,BAD_DEPLOY,inventory-service,3.5,1785925243.5550807,78dc0df852834339b032fe75b3fb37d3,183c680960d24feab86afb84c5fac129,grpc.call,,37.43,ERROR,payment-gateway,v1.0.0,71acc3acbefd4ce6abac17ab36047bd3
live_ep_000013_BAD_DEPLOY,BAD_DEPLOY,inventory-service,4.0,1785925244.055562,db2708c6d6ae4545824570b8baabe07c,,PUT /api/inventory,,143.55,ERROR,inventory-service,v1.0.0,c447c883f3fa4209ae4df1da65bbe623
live_ep_000013_BAD_DEPLOY,BAD_DEPLOY,inventory-service,4.0,1785925244.055562,b6d3a9a45d2848959df4219f4831b49e,db2708c6d6ae4545824570b8baabe07c,db.query.update,WRITE,17.26,OK,user-db,v1.0.0,c447c883f3fa4209ae4df1da65bbe623
live_ep_000013_BAD_DEPLOY,BAD_DEPLOY,inventory-service,4.0,1785925244.055562,6a79747b64f743e6bcf33117de5ff0c2,db2708c6d6ae4545824570b8baabe07c,db.query.update,READ,25.64,OK,user-db,v1.0.0,c447c883f3fa4209ae4df1da65bbe623
live_ep_000013_BAD_DEPLOY,BAD_DEPLOY,inventory-service,4.5,1785925244.556054,f206b66cd0704bd8b38872722f322fcf,,POST /api/checkout,,130.28,OK,inventory-service,v1.0.0,08fa658c5e374b22b3f7c96affdc80ff
live_ep_000013_BAD_DEPLOY,BAD_DEPLOY,inventory-service,4.5,1785925244.556054,244825c2c3d54a0795e170d2ec2b16e5,f206b66cd0704bd8b38872722f322fcf,db.transaction,READ,30.67,OK,user-db,v1.0.0,08fa658c5e374b22b3f7c96affdc80ff
live_ep_000013_BAD_DEPLOY,BAD_DEPLOY,inventory-service,4.5,1785925244.556054,4b1128ae416649bc8a526b8cd4e6162f,f206b66cd0704bd8b38872722f322fcf,db.query.insert,WRITE,20.1,OK,user-db,v1.0.0,08fa658c5e374b22b3f7c96affdc80ff
live_ep_000013_BAD_DEPLOY,BAD_DEPLOY,inventory-service,4.5,1785925244.556054,1bdcb5bc57fd451681be5a4dba98f81d,f206b66cd0704bd8b38872722f322fcf,cache.get,,2.08,OK,cache-cluster,v1.0.0,08fa658c5e374b22b3f7c96affdc80ff
live_ep_000013_BAD_DEPLOY,BAD_DEPLOY,inventory-service,5.0,1785925245.0563898,59d2786996b14196b5c397dee8754ef0,,POST /api/checkout,,126.98,OK,inventory-service,v1.0.0,ba617406fd94496b8b6978c41582cebc
live_ep_000013_BAD_DEPLOY,BAD_DEPLOY,inventory-service,5.0,1785925245.0563898,f0533be7fedd40cd87dc5a97ea26b3a3,59d2786996b14196b5c397dee8754ef0,db.query.delete,READ,19.76,OK,user-db,v1.0.0,ba617406fd94496b8b6978c41582cebc
live_ep_000013_BAD_DEPLOY,BAD_DEPLOY,inventory-service,5.0,1785925245.0563898,ddc02d4ba38b4cc6a15072be82404258,59d2786996b14196b5c397dee8754ef0,db.query.select,READ,22.16,OK,user-db,v1.0.0,ba617406fd94496b8b6978c41582cebc
live_ep_000013_BAD_DEPLOY,BAD_DEPLOY,inventory-service,5.0,1785925245.0563898,33ecf47e683c4fda8f76038fad53e6c3,59d2786996b14196b5c397dee8754ef0,cache.delete,,1.68,OK,cache-cluster,v1.0.0,ba617406fd94496b8b6978c41582cebc
live_ep_000013_BAD_DEPLOY,BAD_DEPLOY,inventory-service,5.0,1785925245.0563898,fac4901f2f2a446ba30552581f5e001e,59d2786996b14196b5c397dee8754ef0,http.client.get,,23.52,OK,payment-gateway,v1.0.0,ba617406fd94496b8b6978c41582cebc
live_ep_000013_BAD_DEPLOY,BAD_DEPLOY,inventory-service,5.5,1785925245.5565412,52ad0db16e6941a8bc3bc31fb7e9aac6,,POST /api/payment,,169.22,OK,inventory-service,v1.0.0,5493ec0441694201a1ca4c1c0f15fb82
live_ep_000013_BAD_DEPLOY,BAD_DEPLOY,inventory-service,5.5,1785925245.5565412,a506725d896a4f278b3aa898d6f9932d,52ad0db16e6941a8bc3bc31fb7e9aac6,db.query.update,WRITE,6.08,OK,user-db,v1.0.0,5493ec0441694201a1ca4c1c0f15fb82
live_ep_000013_BAD_DEPLOY,BAD_DEPLOY,inventory-service,6.0,1785925246.05714,60a51260b2314a98817af8503986be3e,,GET /api/order,,147.6,ERROR,inventory-service,v1.0.0,4965466e9590491da8c7c46285fd51be
live_ep_000013_BAD_DEPLOY,BAD_DEPLOY,inventory-service,6.0,1785925246.05714,1104d9a7a4924bde8b09c58636e8e9d3,60a51260b2314a98817af8503986be3e,db.query.delete,WRITE,28.66,OK,user-db,v1.0.0,4965466e9590491da8c7c46285fd51be
live_ep_000013_BAD_DEPLOY,BAD_DEPLOY,inventory-service,6.0,1785925246.05714,1dc0c6f7ac5d4c4bbeebb4c333192208,60a51260b2314a98817af8503986be3e,cache.set,,3.94,OK,cache-cluster,v1.0.0,4965466e9590491da8c7c46285fd51be
live_ep_000013_BAD_DEPLOY,BAD_DEPLOY,inventory-service,6.5,1785925246.55742,e9d7352a0dcc48f492e2c897e2d48143,,GET /api/order,,147.17,ERROR,inventory-service,v1.0.0,685ef36c89084ce1ad0cca9b31905e15
live_ep_000013_BAD_DEPLOY,BAD_DEPLOY,inventory-service,6.5,1785925246.55742,f57841c3d62f4645aec930d6db2522fd,e9d7352a0dcc48f492e2c897e2d48143,db.query.delete,READ,35.66,ERROR,user-db,v1.0.0,685ef36c89084ce1ad0cca9b31905e15
live_ep_000013_BAD_DEPLOY,BAD_DEPLOY,inventory-service,6.5,1785925246.55742,aa2df20baa2c4dbba0ab4a9ee96557ff,e9d7352a0dcc48f492e2c897e2d48143,cache.set,,2.18,OK,cache-cluster,v1.0.0,685ef36c89084ce1ad0cca9b31905e15
live_ep_000013_BAD_DEPLOY,BAD_DEPLOY,inventory-service,6.5,1785925246.55742,883712be0ba34d5b9d58d2ceb72d5178,e9d7352a0dcc48f492e2c897e2d48143,http.client.get,,34.06,OK,payment-gateway,v1.0.0,685ef36c89084ce1ad0cca9b31905e15
live_ep_000013_BAD_DEPLOY,BAD_DEPLOY,inventory-service,7.0,1785925247.0577815,6d5c84dca198437cb86b87eb1bab6cec,,GET /api/auth,,129.41,OK,inventory-service,v1.0.0,7e3f84fdd5ef438090e3496be096d7a2
live_ep_000013_BAD_DEPLOY,BAD_DEPLOY,inventory-service,7.0,1785925247.0577815,22b6ac1200db48c2936871a88df89931,6d5c84dca198437cb86b87eb1bab6cec,db.query.select,READ,26.88,OK,user-db,v1.0.0,7e3f84fdd5ef438090e3496be096d7a2
live_ep_000013_BAD_DEPLOY,BAD_DEPLOY,inventory-service,7.5,1785925247.5580611,8b3ad18de65142a1b23253186ae997de,,GET /api/health,,129.71,OK,inventory-service,v1.0.0,1736a8539cff476598a2d4d33745892d
live_ep_000013_BAD_DEPLOY,BAD_DEPLOY,inventory-service,7.5,1785925247.5580611,b2776a5f5c144e379f49401765eca403,8b3ad18de65142a1b23253186ae997de,db.query.delete,READ,12.07,ERROR,user-db,v1.0.0,1736a8539cff476598a2d4d33745892d
live_ep_000013_BAD_DEPLOY,BAD_DEPLOY,inventory-service,7.5,1785925247.5580611,a5676b3123f4418eb45f6d00f3a6172a,8b3ad18de65142a1b23253186ae997de,cache.get,,2.68,OK,cache-cluster,v1.0.0,1736a8539cff476598a2d4d33745892d
live_ep_000013_BAD_DEPLOY,BAD_DEPLOY,inventory-service,7.5,1785925247.5580611,273929b441fc4d118359ac7801ad1982,8b3ad18de65142a1b23253186ae997de,http.client.get,,27.02,ERROR,inventory-api,v1.0.0,1736a8539cff476598a2d4d33745892d
live_ep_000013_BAD_DEPLOY,BAD_DEPLOY,inventory-service,8.0,1785925248.0585668,48f0c668f72c44418fdd5391511e8a31,,PUT /api/inventory,,119.95,ERROR,inventory-service,v1.0.0,4975a592337943d2bb83d4e368aa4266
live_ep_000013_BAD_DEPLOY,BAD_DEPLOY,inventory-service,8.0,1785925248.0585668,082da872cb96406d9b81ff0b86086c98,48f0c668f72c44418fdd5391511e8a31,db.query.update,READ,13.12,ERROR,user-db,v1.0.0,4975a592337943d2bb83d4e368aa4266
live_ep_000013_BAD_DEPLOY,BAD_DEPLOY,inventory-service,8.0,1785925248.0585668,d3fdf4e196e146d0b63c99445432aaef,48f0c668f72c44418fdd5391511e8a31,db.query.select,WRITE,12.73,OK,user-db,v1.0.0,4975a592337943d2bb83d4e368aa4266
live_ep_000013_BAD_DEPLOY,BAD_DEPLOY,inventory-service,8.0,1785925248.0585668,61d6333a96544ae9856d34efeab10f4e,48f0c668f72c44418fdd5391511e8a31,cache.get,,1.89,OK,cache-cluster,v1.0.0,4975a592337943d2bb83d4e368aa4266
live_ep_000013_BAD_DEPLOY,BAD_DEPLOY,inventory-service,8.0,1785925248.0585668,caaeac8ac2a745d29792895a124e0000,48f0c668f72c44418fdd5391511e8a31,http.client.post,,51.31,ERROR,user-db,v1.0.0,4975a592337943d2bb83d4e368aa4266
live_ep_000013_BAD_DEPLOY,BAD_DEPLOY,inventory-service,8.5,1785925248.5706265,e58c3a3c159a444ab4b7c76ca8f1c082,,POST /api/payment,,150.58,ERROR,inventory-service,v1.0.0,1dce2fb5000245e3be7409cc92bc5df8
live_ep_000013_BAD_DEPLOY,BAD_DEPLOY,inventory-service,8.5,1785925248.5706265,e08278fbc7f946b79e6e5e17db196e53,e58c3a3c159a444ab4b7c76ca8f1c082,db.query.select,WRITE,15.95,OK,user-db,v1.0.0,1dce2fb5000245e3be7409cc92bc5df8
live_ep_000013_BAD_DEPLOY,BAD_DEPLOY,inventory-service,8.5,1785925248.5706265,8cedd75603f747df90fffca30db46209,e58c3a3c159a444ab4b7c76ca8f1c082,db.query.select,WRITE,21.48,OK,user-db,v1.0.0,1dce2fb5000245e3be7409cc92bc5df8
live_ep_000013_BAD_DEPLOY,BAD_DEPLOY,inventory-service,8.5,1785925248.5706265,dba81de8475b4b5e88715f55189a4913,e58c3a3c159a444ab4b7c76ca8f1c082,cache.delete,,2.06,OK,cache-cluster,v1.0.0,1dce2fb5000245e3be7409cc92bc5df8
live_ep_000013_BAD_DEPLOY,BAD_DEPLOY,inventory-service,9.0,1785925249.0710278,d544faf74b554f9b84d583f5188582f2,,GET /api/auth,,157.12,ERROR,inventory-service,v1.0.0,13c5c4f8a75f4e9ea905efb83b4a3a28
live_ep_000013_BAD_DEPLOY,BAD_DEPLOY,inventory-service,9.0,1785925249.0710278,6e10e4569bf04307a61ac3906b6fa2f9,d544faf74b554f9b84d583f5188582f2,db.query.insert,READ,62.43,OK,user-db,v1.0.0,13c5c4f8a75f4e9ea905efb83b4a3a28
live_ep_000013_BAD_DEPLOY,BAD_DEPLOY,inventory-service,9.0,1785925249.0710278,b3bc192b722f4f85bfcf254b5645e7c3,d544faf74b554f9b84d583f5188582f2,db.query.insert,READ,25.4,ERROR,user-db,v1.0.0,13c5c4f8a75f4e9ea905efb83b4a3a28
live_ep_000013_BAD_DEPLOY,BAD_DEPLOY,inventory-service,9.0,1785925249.0710278,8395ff8d72b0414d8961b579317917ae,d544faf74b554f9b84d583f5188582f2,cache.delete,,0.5,OK,cache-cluster,v1.0.0,13c5c4f8a75f4e9ea905efb83b4a3a28
live_ep_000013_BAD_DEPLOY,BAD_DEPLOY,inventory-service,9.5,1785925249.5713956,d836e7d8ab2d41a0910df3dbb31f5935,,GET /api/health,,163.3,OK,inventory-service,v1.0.0,1f59b252c6f849cda44c47e157fdcc32
live_ep_000013_BAD_DEPLOY,BAD_DEPLOY,inventory-service,9.5,1785925249.5713956,05a2c84e8158438eac82784b10237cdf,d836e7d8ab2d41a0910df3dbb31f5935,db.query.delete,READ,13.65,OK,user-db,v1.0.0,1f59b252c6f849cda44c47e157fdcc32
live_ep_000013_BAD_DEPLOY,BAD_DEPLOY,inventory-service,9.5,1785925249.5713956,3cfa42d5e5024208bfa5f0bde5053c51,d836e7d8ab2d41a0910df3dbb31f5935,db.query.update,WRITE,7.94,OK,user-db,v1.0.0,1f59b252c6f849cda44c47e157fdcc32
live_ep_000013_BAD_DEPLOY,BAD_DEPLOY,inventory-service,9.5,1785925249.5713956,cf9f492f7469457b85af93e52df3b9e6,d836e7d8ab2d41a0910df3dbb31f5935,cache.set,,1.81,OK,cache-cluster,v1.0.0,1f59b252c6f849cda44c47e157fdcc32
live_ep_000013_BAD_DEPLOY,BAD_DEPLOY,inventory-service,9.5,1785925249.5713956,a4c6de0cae45442180f614c4906ce6c5,d836e7d8ab2d41a0910df3dbb31f5935,http.client.get,,58.8,ERROR,inventory-api,v1.0.0,1f59b252c6f849cda44c47e157fdcc32
live_ep_000013_BAD_DEPLOY,BAD_DEPLOY,inventory-service,10.0,1785925250.0722585,09a47e0382064203bbc4903d03c7a337,,PUT /api/inventory,,149.46,OK,inventory-service,v1.0.0,150f58d6d640458eb9347b053df0da1f
live_ep_000013_BAD_DEPLOY,BAD_DEPLOY,inventory-service,10.0,1785925250.0722585,1efe832f570a4ad9bd110892f4798473,09a47e0382064203bbc4903d03c7a337,db.query.insert,READ,20.21,ERROR,user-db,v1.0.0,150f58d6d640458eb9347b053df0da1f
live_ep_000013_BAD_DEPLOY,BAD_DEPLOY,inventory-service,10.0,1785925250.0722585,d435365772ad405f904348810501ff80,09a47e0382064203bbc4903d03c7a337,db.query.insert,READ,14.01,OK,user-db,v1.0.0,150f58d6d640458eb9347b053df0da1f
live_ep_000013_BAD_DEPLOY,BAD_DEPLOY,inventory-service,10.0,1785925250.0722585,429f4d1b9844408a8936b0632e4e4714,09a47e0382064203bbc4903d03c7a337,cache.delete,,2.6,OK,cache-cluster,v1.0.0,150f58d6d640458eb9347b053df0da1f
live_ep_000013_BAD_DEPLOY,BAD_DEPLOY,inventory-service,10.5,1785925250.5725079,3354ac571f5f41de95f0dcb98c8d503f,,GET /api/auth,,150.07,OK,inventory-service,v1.0.0,2b43a06dea5c40fa9d7c6ccabeabddb7
live_ep_000013_BAD_DEPLOY,BAD_DEPLOY,inventory-service,10.5,1785925250.5725079,f9b8418db5bb44ab9ab678820b8e1c82,3354ac571f5f41de95f0dcb98c8d503f,db.query.update,READ,9.51,OK,user-db,v1.0.0,2b43a06dea5c40fa9d7c6ccabeabddb7
live_ep_000013_BAD_DEPLOY,BAD_DEPLOY,inventory-service,10.5,1785925250.5725079,95dfa6fcd9d0453cb7584dc53ad97669,3354ac571f5f41de95f0dcb98c8d503f,db.query.insert,WRITE,18.56,OK,user-db,v1.0.0,2b43a06dea5c40fa9d7c6ccabeabddb7
live_ep_000013_BAD_DEPLOY,BAD_DEPLOY,inventory-service,11.0,1785925251.072575,efb7194f58704d318b4acec3d8d760d2,,POST /api/payment,,146.02,OK,inventory-service,v1.0.0,98e030f8ecbd4015886fb701756274a3
live_ep_000013_BAD_DEPLOY,BAD_DEPLOY,inventory-service,11.0,1785925251.072575,72da4de1d29c46fca906a9627131df49,efb7194f58704d318b4acec3d8d760d2,db.query.insert,WRITE,10.08,OK,user-db,v1.0.0,98e030f8ecbd4015886fb701756274a3
live_ep_000013_BAD_DEPLOY,BAD_DEPLOY,inventory-service,11.0,1785925251.072575,40b6fbddc19b484ea5cf2ef4ca40314d,efb7194f58704d318b4acec3d8d760d2,http.client.post,,14.43,ERROR,inventory-api,v1.0.0,98e030f8ecbd4015886fb701756274a3
live_ep_000013_BAD_DEPLOY,BAD_DEPLOY,inventory-service,11.5,1785925251.5730546,bb767618f5a64ef0a93a5128d67a8d20,,POST /api/payment,,117.46,ERROR,inventory-service,v1.0.0,eace502e605049ddb3a219bfb9d04c3e
live_ep_000013_BAD_DEPLOY,BAD_DEPLOY,inventory-service,11.5,1785925251.5730546,8ac79008eb644e5ab86bcce07cb9bfdc,bb767618f5a64ef0a93a5128d67a8d20,db.transaction,READ,11.74,OK,user-db,v1.0.0,eace502e605049ddb3a219bfb9d04c3e
live_ep_000013_BAD_DEPLOY,BAD_DEPLOY,inventory-service,11.5,1785925251.5730546,e6a5215b2cb1482d821dbbf938e1526a,bb767618f5a64ef0a93a5128d67a8d20,cache.delete,,34.45,OK,cache-cluster,v1.0.0,eace502e605049ddb3a219bfb9d04c3e
live_ep_000013_BAD_DEPLOY,BAD_DEPLOY,inventory-service,12.0,1785925252.0733988,5a53aa6695b544b88a8d3159d57a1e9c,,GET /api/health,,160.63,OK,inventory-service,v1.0.0,e883dd3aa6c844ea987186445d30ff2d
live_ep_000013_BAD_DEPLOY,BAD_DEPLOY,inventory-service,12.0,1785925252.0733988,ee1e87545a244b829f83f6cb352f591e,5a53aa6695b544b88a8d3159d57a1e9c,db.query.select,WRITE,10.34,OK,user-db,v1.0.0,e883dd3aa6c844ea987186445d30ff2d
live_ep_000013_BAD_DEPLOY,BAD_DEPLOY,inventory-service,12.0,1785925252.0733988,749cab1914e8472398be41b310bdf3bc,5a53aa6695b544b88a8d3159d57a1e9c,db.query.select,READ,14.05,OK,user-db,v1.0.0,e883dd3aa6c844ea987186445d30ff2d
live_ep_000013_BAD_DEPLOY,BAD_DEPLOY,inventory-service,12.0,1785925252.0733988,b5212f857c6d4984a866c692d2484a29,5a53aa6695b544b88a8d3159d57a1e9c,grpc.call,,36.14,OK,inventory-api,v1.0.0,e883dd3aa6c844ea987186445d30ff2d
live_ep_000013_BAD_DEPLOY,BAD_DEPLOY,inventory-service,12.5,1785925252.5739625,bd790887eaa54117886d45bb4f7d2a3a,,GET /api/auth,,156.28,ERROR,inventory-service,v1.0.0,0891b9aff03a44d6b3dba1073b8037dd
live_ep_000013_BAD_DEPLOY,BAD_DEPLOY,inventory-service,12.5,1785925252.5739625,2be68e8260fa4ed988a6c318cad79770,bd790887eaa54117886d45bb4f7d2a3a,db.transaction,WRITE,15.93,OK,user-db,v1.0.0,0891b9aff03a44d6b3dba1073b8037dd
live_ep_000013_BAD_DEPLOY,BAD_DEPLOY,inventory-service,12.5,1785925252.5739625,d1dfb63b45db43dd955fe834c75caa42,bd790887eaa54117886d45bb4f7d2a3a,grpc.call,,46.75,ERROR,inventory-api,v1.0.0,0891b9aff03a44d6b3dba1073b8037dd
live_ep_000013_BAD_DEPLOY,BAD_DEPLOY,inventory-service,13.0,1785925253.0742457,d3f028b1a0a04728afb8cd3caf3de5d1,,GET /api/order,,105.39,OK,inventory-service,v1.0.0,2dd80e376c524a939a68e0a26c9b2f9a
live_ep_000013_BAD_DEPLOY,BAD_DEPLOY,inventory-service,13.0,1785925253.0742457,2ef4f6b8656a4c7598e8a34de37d445e,d3f028b1a0a04728afb8cd3caf3de5d1,db.query.update,WRITE,17.4,OK,user-db,v1.0.0,2dd80e376c524a939a68e0a26c9b2f9a
live_ep_000013_BAD_DEPLOY,BAD_DEPLOY,inventory-service,13.0,1785925253.0742457,3aad027c032e466ba7b31bef50f4dd7e,d3f028b1a0a04728afb8cd3caf3de5d1,db.query.select,READ,23.12,OK,user-db,v1.0.0,2dd80e376c524a939a68e0a26c9b2f9a
live_ep_000013_BAD_DEPLOY,BAD_DEPLOY,inventory-service,13.0,1785925253.0742457,eb30d5369f074b018f2b4a48b19a26c1,d3f028b1a0a04728afb8cd3caf3de5d1,cache.delete,,0.5,OK,cache-cluster,v1.0.0,2dd80e376c524a939a68e0a26c9b2f9a
live_ep_000013_BAD_DEPLOY,BAD_DEPLOY,inventory-service,13.0,1785925253.0742457,bae30bcb8ba545198d095a3bf2ec8bc6,d3f028b1a0a04728afb8cd3caf3de5d1,grpc.call,,33.93,ERROR,cache-cluster,v1.0.0,2dd80e376c524a939a68e0a26c9b2f9a
live_ep_000013_BAD_DEPLOY,BAD_DEPLOY,inventory-service,13.5,1785925253.5745993,2d78de8d050843cb924f407b5da4ac1e,,GET /api/order,,131.51,ERROR,inventory-service,v1.0.0,14bf2c41352446799d502382a2d60f4b
live_ep_000013_BAD_DEPLOY,BAD_DEPLOY,inventory-service,13.5,1785925253.5745993,52649926d3b046ea95959aca5f168f81,2d78de8d050843cb924f407b5da4ac1e,db.query.delete,READ,10.18,OK,user-db,v1.0.0,14bf2c41352446799d502382a2d60f4b
live_ep_000013_BAD_DEPLOY,BAD_DEPLOY,inventory-service,13.5,1785925253.5745993,fe3a8da2ec1d47a68cdd8ce11521c0b7,2d78de8d050843cb924f407b5da4ac1e,db.query.update,READ,24.43,ERROR,user-db,v1.0.0,14bf2c41352446799d502382a2d60f4b
live_ep_000013_BAD_DEPLOY,BAD_DEPLOY,inventory-service,13.5,1785925253.5745993,6fac98b1e8504ba69941a07b502b1c62,2d78de8d050843cb924f407b5da4ac1e,cache.delete,,1.48,OK,cache-cluster,v1.0.0,14bf2c41352446799d502382a2d60f4b
live_ep_000013_BAD_DEPLOY,BAD_DEPLOY,inventory-service,13.5,1785925253.5745993,7bf77436b32645e1b34848c91a834b87,2d78de8d050843cb924f407b5da4ac1e,http.client.get,,37.18,ERROR,payment-gateway,v1.0.0,14bf2c41352446799d502382a2d60f4b
live_ep_000013_BAD_DEPLOY,BAD_DEPLOY,inventory-service,14.0,1785925254.074677,6d8a9485b9ea4dfcab091a4f82a7542a,,GET /api/order,,134.33,ERROR,inventory-service,v1.0.0,8ba195297ce14a2682ed58f6d9cd4cdc
live_ep_000013_BAD_DEPLOY,BAD_DEPLOY,inventory-service,14.0,1785925254.074677,b7fad2635ed3432c9de0b32e60f24650,6d8a9485b9ea4dfcab091a4f82a7542a,db.query.select,WRITE,8.16,OK,user-db,v1.0.0,8ba195297ce14a2682ed58f6d9cd4cdc
live_ep_000013_BAD_DEPLOY,BAD_DEPLOY,inventory-service,14.0,1785925254.074677,5d4951526aa047bd88acd810c49df098,6d8a9485b9ea4dfcab091a4f82a7542a,grpc.call,,30.65,ERROR,user-db,v1.0.0,8ba195297ce14a2682ed58f6d9cd4cdc
live_ep_000013_BAD_DEPLOY,BAD_DEPLOY,inventory-service,14.5,1785925254.575187,fbb4c0ca57094ac5a009dd854ffc02db,,POST /api/payment,,126.12,ERROR,inventory-service,v1.0.0,fca6ec815e57450eab9744f3f5b809e6
live_ep_000013_BAD_DEPLOY,BAD_DEPLOY,inventory-service,14.5,1785925254.575187,db2e915a9a0f4d5680bdfca27436cf55,fbb4c0ca57094ac5a009dd854ffc02db,db.query.update,READ,15.5,OK,user-db,v1.0.0,fca6ec815e57450eab9744f3f5b809e6
live_ep_000013_BAD_DEPLOY,BAD_DEPLOY,inventory-service,14.5,1785925254.575187,4951654f048a43deb83e9eae220cf4e0,fbb4c0ca57094ac5a009dd854ffc02db,db.query.insert,WRITE,20.92,OK,user-db,v1.0.0,fca6ec815e57450eab9744f3f5b809e6
live_ep_000013_BAD_DEPLOY,BAD_DEPLOY,inventory-service,14.5,1785925254.575187,649ca4c69ea04464a04854bfeb995e86,fbb4c0ca57094ac5a009dd854ffc02db,grpc.call,,43.04,ERROR,payment-gateway,v1.0.0,fca6ec815e57450eab9744f3f5b809e6
live_ep_000013_BAD_DEPLOY,BAD_DEPLOY,inventory-service,15.0,1785925255.0758665,0edf59c63f4c4e898da389de53e1e70e,,GET /api/order,,156.11,OK,inventory-service,v1.0.0,193781e1e3064bca843f68c9a5fbedfb
live_ep_000013_BAD_DEPLOY,BAD_DEPLOY,inventory-service,15.0,1785925255.0758665,ca9f81a3ed694957b3e0bf2bedef4913,0edf59c63f4c4e898da389de53e1e70e,db.query.select,READ,26.38,OK,user-db,v1.0.0,193781e1e3064bca843f68c9a5fbedfb
live_ep_000013_BAD_DEPLOY,BAD_DEPLOY,inventory-service,15.0,1785925255.0758665,0a46e59ec0c34c7d90fbc1b7acbe8014,0edf59c63f4c4e898da389de53e1e70e,cache.get,,1.39,OK,cache-cluster,v1.0.0,193781e1e3064bca843f68c9a5fbedfb
live_ep_000013_BAD_DEPLOY,BAD_DEPLOY,inventory-service,15.5,1785925255.576045,89110b9478e4483e87223306040c427b,,GET /api/order,,150.2,ERROR,inventory-service,v1.0.0,1cab118fb0ae4e0b9e670a1ec44a0535
live_ep_000013_BAD_DEPLOY,BAD_DEPLOY,inventory-service,15.5,1785925255.576045,3d58012f44314929a4acf317aaa28a79,89110b9478e4483e87223306040c427b,db.query.select,READ,26.93,OK,user-db,v1.0.0,1cab118fb0ae4e0b9e670a1ec44a0535
live_ep_000013_BAD_DEPLOY,BAD_DEPLOY,inventory-service,15.5,1785925255.576045,640e50e57fbf4e469408ab2d389fdd43,89110b9478e4483e87223306040c427b,db.query.update,READ,17.47,ERROR,user-db,v1.0.0,1cab118fb0ae4e0b9e670a1ec44a0535
live_ep_000013_BAD_DEPLOY,BAD_DEPLOY,inventory-service,15.5,1785925255.576045,2748707a8c8b46ad847efd7ccab3321f,89110b9478e4483e87223306040c427b,cache.get,,4.12,OK,cache-cluster,v1.0.0,1cab118fb0ae4e0b9e670a1ec44a0535
live_ep_000013_BAD_DEPLOY,BAD_DEPLOY,inventory-service,16.0,1785925256.0764227,4f3c6bd5487d4380ba9a9486dfeb9c56,,GET /api/auth,,168.51,ERROR,inventory-service,v1.0.0,ebd2d751eed4414bb2f385289e4d88c6
live_ep_000013_BAD_DEPLOY,BAD_DEPLOY,inventory-service,16.0,1785925256.0764227,cfd7311596c84f7d8c87d6eb7f325a86,4f3c6bd5487d4380ba9a9486dfeb9c56,db.query.select,WRITE,19.72,OK,user-db,v1.0.0,ebd2d751eed4414bb2f385289e4d88c6
live_ep_000013_BAD_DEPLOY,BAD_DEPLOY,inventory-service,16.5,1785925256.5766094,9feafc8c46b041b9b78b6cd9775866d5,,GET /api/order,,116.37,ERROR,inventory-service,v1.0.0,a5a55c0a19954e9f9cdf90c9fddd07f7
live_ep_000013_BAD_DEPLOY,BAD_DEPLOY,inventory-service,16.5,1785925256.5766094,f66a0b820aaf431aabd844edcb5b8c5b,9feafc8c46b041b9b78b6cd9775866d5,db.query.insert,READ,28.67,ERROR,user-db,v1.0.0,a5a55c0a19954e9f9cdf90c9fddd07f7
live_ep_000013_BAD_DEPLOY,BAD_DEPLOY,inventory-service,16.5,1785925256.5766094,1165462b4f954505bfa3f932d10d659e,9feafc8c46b041b9b78b6cd9775866d5,db.query.insert,WRITE,8.69,OK,user-db,v1.0.0,a5a55c0a19954e9f9cdf90c9fddd07f7
live_ep_000013_BAD_DEPLOY,BAD_DEPLOY,inventory-service,16.5,1785925256.5766094,42ccd15fc2dd45f7a80ca51287fdf881,9feafc8c46b041b9b78b6cd9775866d5,cache.set,,1.01,OK,cache-cluster,v1.0.0,a5a55c0a19954e9f9cdf90c9fddd07f7
live_ep_000013_BAD_DEPLOY,BAD_DEPLOY,inventory-service,17.0,1785925257.0768685,7bc0fd23c24742989d32f4c8c0addca7,,POST /api/checkout,,157.42,OK,inventory-service,v1.0.0,abe29edd3c6d4521b77e25451f05f616
live_ep_000013_BAD_DEPLOY,BAD_DEPLOY,inventory-service,17.0,1785925257.0768685,cf9ffc88574146079645c3fdb8615e2f,7bc0fd23c24742989d32f4c8c0addca7,db.transaction,WRITE,22.3,OK,user-db,v1.0.0,abe29edd3c6d4521b77e25451f05f616
live_ep_000013_BAD_DEPLOY,BAD_DEPLOY,inventory-service,17.0,1785925257.0768685,8f3739e871bc4e32ae25a3b97279339c,7bc0fd23c24742989d32f4c8c0addca7,db.query.insert,WRITE,12.0,OK,user-db,v1.0.0,abe29edd3c6d4521b77e25451f05f616
live_ep_000013_BAD_DEPLOY,BAD_DEPLOY,inventory-service,17.0,1785925257.0768685,b7c02d77266342d182dbd9c34e3bc2dd,7bc0fd23c24742989d32f4c8c0addca7,cache.set,,3.65,OK,cache-cluster,v1.0.0,abe29edd3c6d4521b77e25451f05f616
live_ep_000013_BAD_DEPLOY,BAD_DEPLOY,inventory-service,17.5,1785925257.5772626,22dab14ff3be40528775b63f2d1f87a1,,GET /api/order,,169.51,OK,inventory-service,v1.0.0,2aa83dac5d074b45b47a2015e1c51ca5
live_ep_000013_BAD_DEPLOY,BAD_DEPLOY,inventory-service,17.5,1785925257.5772626,f3b76fcb1a524246b6ef5d3e3872cd13,22dab14ff3be40528775b63f2d1f87a1,db.query.select,WRITE,44.06,OK,user-db,v1.0.0,2aa83dac5d074b45b47a2015e1c51ca5
live_ep_000013_BAD_DEPLOY,BAD_DEPLOY,inventory-service,17.5,1785925257.5772626,135e7453b0fb45f7926a025e23b18bb5,22dab14ff3be40528775b63f2d1f87a1,db.query.delete,READ,38.58,OK,user-db,v1.0.0,2aa83dac5d074b45b47a2015e1c51ca5
live_ep_000013_BAD_DEPLOY,BAD_DEPLOY,inventory-service,17.5,1785925257.5772626,7f78340b8ccb4baca6ebc1f42e0bbbe6,22dab14ff3be40528775b63f2d1f87a1,cache.get,,3.4,OK,cache-cluster,v1.0.0,2aa83dac5d074b45b47a2015e1c51ca5
live_ep_000013_BAD_DEPLOY,BAD_DEPLOY,inventory-service,18.0,1785925258.0778098,f0950c1a75294881bd46b06fdcaf1016,,POST /api/payment,,163.94,ERROR,inventory-service,v1.0.0,54c444dba0814fb98dad3244c230b5c5
live_ep_000013_BAD_DEPLOY,BAD_DEPLOY,inventory-service,18.0,1785925258.0778098,90ca20a0932546bb9ef6fa4c019340f3,f0950c1a75294881bd46b06fdcaf1016,db.query.insert,READ,10.87,OK,user-db,v1.0.0,54c444dba0814fb98dad3244c230b5c5
live_ep_000013_BAD_DEPLOY,BAD_DEPLOY,inventory-service,18.0,1785925258.0778098,e469eccc59854a33b5c29612b3fc5c3b,f0950c1a75294881bd46b06fdcaf1016,db.query.insert,READ,3.06,ERROR,user-db,v1.0.0,54c444dba0814fb98dad3244c230b5c5
live_ep_000013_BAD_DEPLOY,BAD_DEPLOY,inventory-service,18.5,1785925258.5779402,4d088388fedd4668996c6a60ee9f53e9,,GET /api/order,,107.34,OK,inventory-service,v1.0.0,38940f9f924b43e3a7c1513d8f213984
live_ep_000013_BAD_DEPLOY,BAD_DEPLOY,inventory-service,18.5,1785925258.5779402,eaa823f8d43c43de8fd07c15b028b473,4d088388fedd4668996c6a60ee9f53e9,db.query.delete,WRITE,8.81,OK,user-db,v1.0.0,38940f9f924b43e3a7c1513d8f213984
live_ep_000013_BAD_DEPLOY,BAD_DEPLOY,inventory-service,19.0,1785925259.078601,b169b67c2e8048f0abaabed11386c002,,GET /api/health,,192.39,ERROR,inventory-service,v1.0.0,a302b2df806042509890efe91c0b8d57
live_ep_000013_BAD_DEPLOY,BAD_DEPLOY,inventory-service,19.0,1785925259.078601,382920bdc28b49a995a618b8f11801c4,b169b67c2e8048f0abaabed11386c002,db.query.update,READ,21.57,OK,user-db,v1.0.0,a302b2df806042509890efe91c0b8d57
live_ep_000013_BAD_DEPLOY,BAD_DEPLOY,inventory-service,19.0,1785925259.078601,5521caff947140a6bc3888d529c11a8c,b169b67c2e8048f0abaabed11386c002,db.query.select,READ,42.16,OK,user-db,v1.0.0,a302b2df806042509890efe91c0b8d57
live_ep_000013_BAD_DEPLOY,BAD_DEPLOY,inventory-service,19.0,1785925259.078601,c9e091a64ad041c8a8368467cb8e813a,b169b67c2e8048f0abaabed11386c002,cache.get,,3.87,OK,cache-cluster,v1.0.0,a302b2df806042509890efe91c0b8d57
live_ep_000013_BAD_DEPLOY,BAD_DEPLOY,inventory-service,19.5,1785925259.5790396,2f95edbdbb654321aef5af45b1573eb6,,GET /api/order,,191.08,OK,inventory-service,v1.0.0,3b76522599b3478eafc3321c6aaa92a3
live_ep_000013_BAD_DEPLOY,BAD_DEPLOY,inventory-service,19.5,1785925259.5790396,6e91d92f391441b3bb5e7f8b08441cd9,2f95edbdbb654321aef5af45b1573eb6,db.query.delete,WRITE,24.52,OK,user-db,v1.0.0,3b76522599b3478eafc3321c6aaa92a3
live_ep_000013_BAD_DEPLOY,BAD_DEPLOY,inventory-service,19.5,1785925259.5790396,ff832f8cf04b4dbdb8f54ffc3797da63,2f95edbdbb654321aef5af45b1573eb6,db.query.delete,READ,19.07,ERROR,user-db,v1.0.0,3b76522599b3478eafc3321c6aaa92a3
live_ep_000013_BAD_DEPLOY,BAD_DEPLOY,inventory-service,19.5,1785925259.5790396,3e80a3de0fb146b3990a4c2fb4f1100e,2f95edbdbb654321aef5af45b1573eb6,cache.get,,2.71,OK,cache-cluster,v1.0.0,3b76522599b3478eafc3321c6aaa92a3
live_ep_000013_BAD_DEPLOY,BAD_DEPLOY,inventory-service,20.0,1785925260.0795653,eccf97e3ca19450cbbe908a5674f7af1,,POST /api/checkout,,133.24,OK,inventory-service,v1.0.0,fc5a8ab930844e1fbf15cea0f9b650aa
live_ep_000013_BAD_DEPLOY,BAD_DEPLOY,inventory-service,20.0,1785925260.0795653,3dbf1301b8364a0eb3920d7c33401061,eccf97e3ca19450cbbe908a5674f7af1,db.query.select,WRITE,11.09,OK,user-db,v1.0.0,fc5a8ab930844e1fbf15cea0f9b650aa
live_ep_000013_BAD_DEPLOY,BAD_DEPLOY,inventory-service,20.0,1785925260.0795653,e8624393b6164839953b4e8f59ddf6e2,eccf97e3ca19450cbbe908a5674f7af1,db.query.delete,READ,10.47,OK,user-db,v1.0.0,fc5a8ab930844e1fbf15cea0f9b650aa
live_ep_000013_BAD_DEPLOY,BAD_DEPLOY,inventory-service,20.0,1785925260.0795653,02d7948eac174819b5f6742810b1ce2e,eccf97e3ca19450cbbe908a5674f7af1,cache.delete,,1.49,OK,cache-cluster,v1.0.0,fc5a8ab930844e1fbf15cea0f9b650aa
live_ep_000013_BAD_DEPLOY,BAD_DEPLOY,inventory-service,20.5,1785925260.5799282,afe0b478878f46828e6fa13b7e091ba1,,GET /api/auth,,152.02,OK,inventory-service,v1.0.0,5b7e61ec7f5349508f1b3fe04c0322a7
live_ep_000013_BAD_DEPLOY,BAD_DEPLOY,inventory-service,20.5,1785925260.5799282,6feded243ac84f12a6e441118b66d9d7,afe0b478878f46828e6fa13b7e091ba1,db.transaction,READ,13.56,OK,user-db,v1.0.0,5b7e61ec7f5349508f1b3fe04c0322a7
live_ep_000013_BAD_DEPLOY,BAD_DEPLOY,inventory-service,20.5,1785925260.5799282,a565c86c88a34299a78c0d53f40f01e4,afe0b478878f46828e6fa13b7e091ba1,db.query.delete,READ,29.35,OK,user-db,v1.0.0,5b7e61ec7f5349508f1b3fe04c0322a7
live_ep_000013_BAD_DEPLOY,BAD_DEPLOY,inventory-service,20.5,1785925260.5799282,6f2a2deb5316420282c8b41db5d08b5d,afe0b478878f46828e6fa13b7e091ba1,http.client.post,,29.85,ERROR,inventory-api,v1.0.0,5b7e61ec7f5349508f1b3fe04c0322a7
live_ep_000013_BAD_DEPLOY,BAD_DEPLOY,inventory-service,21.0,1785925261.0800638,32991f42e7444a33959f38dcc2d69245,,GET /api/order,,168.38,OK,inventory-service,v1.0.0,adab044846ce4c6392d9cd66a9c818bf
live_ep_000013_BAD_DEPLOY,BAD_DEPLOY,inventory-service,21.0,1785925261.0800638,52e2212fbd524f7ab601b3961734e41b,32991f42e7444a33959f38dcc2d69245,db.query.insert,READ,11.06,OK,user-db,v1.0.0,adab044846ce4c6392d9cd66a9c818bf
live_ep_000013_BAD_DEPLOY,BAD_DEPLOY,inventory-service,21.0,1785925261.0800638,2445679d1e984623867f1005b63635f7,32991f42e7444a33959f38dcc2d69245,db.query.select,READ,10.66,OK,user-db,v1.0.0,adab044846ce4c6392d9cd66a9c818bf
live_ep_000013_BAD_DEPLOY,BAD_DEPLOY,inventory-service,21.5,1785925261.5812142,ed088773cf0f4fea9d57424bc89f4f7a,,PUT /api/inventory,,135.39,ERROR,inventory-service,v1.0.0,d1c40bef85d44568b4e7e4f50470d1cc
live_ep_000013_BAD_DEPLOY,BAD_DEPLOY,inventory-service,21.5,1785925261.5812142,d7ef699a5caa405a9afe34ad24171bdd,ed088773cf0f4fea9d57424bc89f4f7a,db.query.insert,WRITE,26.72,ERROR,user-db,v1.0.0,d1c40bef85d44568b4e7e4f50470d1cc
live_ep_000013_BAD_DEPLOY,BAD_DEPLOY,inventory-service,21.5,1785925261.5812142,ebf32d9caf7349d2bbdefa24331cf40a,ed088773cf0f4fea9d57424bc89f4f7a,cache.delete,,2.63,OK,cache-cluster,v1.0.0,d1c40bef85d44568b4e7e4f50470d1cc
live_ep_000013_BAD_DEPLOY,BAD_DEPLOY,inventory-service,22.0,1785925262.0813339,dbb2aed4a3074b07b86d87d746171e3d,,GET /api/order,,159.63,OK,inventory-service,v1.0.0,4a4532a6177642acbee35361e6d2c1d5
live_ep_000013_BAD_DEPLOY,BAD_DEPLOY,inventory-service,22.0,1785925262.0813339,ad4bd5e731f34ce4b3222cfbeeebd5c1,dbb2aed4a3074b07b86d87d746171e3d,db.query.delete,READ,18.9,OK,user-db,v1.0.0,4a4532a6177642acbee35361e6d2c1d5
live_ep_000013_BAD_DEPLOY,BAD_DEPLOY,inventory-service,22.0,1785925262.0813339,916922a63d0148bea4b38be5f7a1c4d6,dbb2aed4a3074b07b86d87d746171e3d,db.query.insert,READ,29.22,OK,user-db,v1.0.0,4a4532a6177642acbee35361e6d2c1d5
live_ep_000013_BAD_DEPLOY,BAD_DEPLOY,inventory-service,22.5,1785925262.582529,ebf22e9ce31446daae598e3b7c43adca,,POST /api/payment,,167.2,ERROR,inventory-service,v1.0.0,f335b225a31e4175b543d5df92b8e50c
live_ep_000013_BAD_DEPLOY,BAD_DEPLOY,inventory-service,22.5,1785925262.582529,0681d346169b483a8f887bcdfe7da9c6,ebf22e9ce31446daae598e3b7c43adca,db.query.update,WRITE,18.63,ERROR,user-db,v1.0.0,f335b225a31e4175b543d5df92b8e50c
live_ep_000013_BAD_DEPLOY,BAD_DEPLOY,inventory-service,22.5,1785925262.582529,e7fb8a8de2834d12a69e8a8c16b5ea4a,ebf22e9ce31446daae598e3b7c43adca,cache.get,,1.95,OK,cache-cluster,v1.0.0,f335b225a31e4175b543d5df92b8e50c
live_ep_000013_BAD_DEPLOY,BAD_DEPLOY,inventory-service,23.0,1785925263.082997,872a6827df654d789e36239aca042793,,GET /api/health,,147.11,ERROR,inventory-service,v1.0.0,2b3baeea18f34c10a86d412d6ba21199
live_ep_000013_BAD_DEPLOY,BAD_DEPLOY,inventory-service,23.0,1785925263.082997,35c34f019f6946b58172b1cb72f1420a,872a6827df654d789e36239aca042793,db.query.select,WRITE,11.33,OK,user-db,v1.0.0,2b3baeea18f34c10a86d412d6ba21199
live_ep_000013_BAD_DEPLOY,BAD_DEPLOY,inventory-service,23.0,1785925263.082997,f339cd5a68614ac799c8f96809410567,872a6827df654d789e36239aca042793,db.query.select,READ,28.11,OK,user-db,v1.0.0,2b3baeea18f34c10a86d412d6ba21199
live_ep_000013_BAD_DEPLOY,BAD_DEPLOY,inventory-service,23.5,1785925263.5831115,22d9dae30346495ab48f8a2bc2c27b65,,POST /api/checkout,,142.96,ERROR,inventory-service,v1.0.0,b6020b0c21834150aabb0a639da99878
live_ep_000013_BAD_DEPLOY,BAD_DEPLOY,inventory-service,23.5,1785925263.5831115,d9b540ce18924caf96786b7f413bd029,22d9dae30346495ab48f8a2bc2c27b65,db.query.select,WRITE,25.12,OK,user-db,v1.0.0,b6020b0c21834150aabb0a639da99878
live_ep_000013_BAD_DEPLOY,BAD_DEPLOY,inventory-service,23.5,1785925263.5831115,2dbf8786a1db4c9cb12ecee122b6dc22,22d9dae30346495ab48f8a2bc2c27b65,db.query.select,READ,20.75,OK,user-db,v1.0.0,b6020b0c21834150aabb0a639da99878
live_ep_000013_BAD_DEPLOY,BAD_DEPLOY,inventory-service,23.5,1785925263.5831115,bd3da7a973e24823a983558278e2e0a7,22d9dae30346495ab48f8a2bc2c27b65,cache.delete,,2.04,OK,cache-cluster,v1.0.0,b6020b0c21834150aabb0a639da99878
live_ep_000013_BAD_DEPLOY,BAD_DEPLOY,inventory-service,24.0,1785925264.083353,297ac39d21ca4c158d7b14fda3642589,,POST /api/payment,,167.49,ERROR,inventory-service,v1.0.0,43a66295421e4e6988072889b68db3d6
live_ep_000013_BAD_DEPLOY,BAD_DEPLOY,inventory-service,24.0,1785925264.083353,e81751485c2e4958bd54a68c4908cc8c,297ac39d21ca4c158d7b14fda3642589,db.query.update,WRITE,17.76,ERROR,user-db,v1.0.0,43a66295421e4e6988072889b68db3d6
live_ep_000013_BAD_DEPLOY,BAD_DEPLOY,inventory-service,24.0,1785925264.083353,4aba545bd61d426989e33d5b52c4c77d,297ac39d21ca4c158d7b14fda3642589,db.query.insert,WRITE,22.62,OK,user-db,v1.0.0,43a66295421e4e6988072889b68db3d6
live_ep_000013_BAD_DEPLOY,BAD_DEPLOY,inventory-service,24.0,1785925264.083353,a6b4e7f0af0b4e5e8abd6141f93a988c,297ac39d21ca4c158d7b14fda3642589,cache.delete,,3.0,OK,cache-cluster,v1.0.0,43a66295421e4e6988072889b68db3d6
live_ep_000013_BAD_DEPLOY,BAD_DEPLOY,inventory-service,24.5,1785925264.5834744,de5bcee8642149f8a88d4c67452d5e21,,GET /api/auth,,202.8,ERROR,inventory-service,v1.0.0,371e3fa659b44d46bebb87b8dbd94d71
live_ep_000013_BAD_DEPLOY,BAD_DEPLOY,inventory-service,24.5,1785925264.5834744,f32f5dd2d5254461bdfd4a4b3697dbbc,de5bcee8642149f8a88d4c67452d5e21,db.query.select,READ,38.98,OK,user-db,v1.0.0,371e3fa659b44d46bebb87b8dbd94d71
live_ep_000013_BAD_DEPLOY,BAD_DEPLOY,inventory-service,24.5,1785925264.5834744,a4fba60c3c4149a9a83adba3576ab684,de5bcee8642149f8a88d4c67452d5e21,db.query.insert,READ,25.98,ERROR,user-db,v1.0.0,371e3fa659b44d46bebb87b8dbd94d71
live_ep_000013_BAD_DEPLOY,BAD_DEPLOY,inventory-service,24.5,1785925264.5834744,078480a2e39b4f6190d25a158870131c,de5bcee8642149f8a88d4c67452d5e21,cache.get,,2.92,OK,cache-cluster,v1.0.0,371e3fa659b44d46bebb87b8dbd94d71
live_ep_000013_BAD_DEPLOY,BAD_DEPLOY,inventory-service,25.0,1785925265.0840147,e711437c1038447fa485b70227810746,,PUT /api/inventory,,146.98,OK,inventory-service,v1.0.0,14542be9777c486a92877c5dc73d1b5f
live_ep_000013_BAD_DEPLOY,BAD_DEPLOY,inventory-service,25.0,1785925265.0840147,203429978baa4917b5aeb9d7886c5c7a,e711437c1038447fa485b70227810746,db.query.insert,READ,42.47,OK,user-db,v1.0.0,14542be9777c486a92877c5dc73d1b5f
live_ep_000013_BAD_DEPLOY,BAD_DEPLOY,inventory-service,25.0,1785925265.0840147,b4f85474248c48ba89e5bce70bb7f887,e711437c1038447fa485b70227810746,cache.set,,0.5,OK,cache-cluster,v1.0.0,14542be9777c486a92877c5dc73d1b5f
live_ep_000013_BAD_DEPLOY,BAD_DEPLOY,inventory-service,25.0,1785925265.0840147,ba54163384a345bf87514a1bcf7ddb5b,e711437c1038447fa485b70227810746,http.client.post,,35.86,OK,payment-gateway,v1.0.0,14542be9777c486a92877c5dc73d1b5f
live_ep_000013_BAD_DEPLOY,BAD_DEPLOY,inventory-service,25.5,1785925265.5842066,bac6f594225c4ff6b00b5cc2ff12d5ca,,GET /api/health,,161.9,ERROR,inventory-service,v1.0.0,f3fbc27f388d4cb38aaf52bf93770dff
live_ep_000013_BAD_DEPLOY,BAD_DEPLOY,inventory-service,25.5,1785925265.5842066,77249ec234924b7cbb5547f907798746,bac6f594225c4ff6b00b5cc2ff12d5ca,db.query.delete,READ,25.2,OK,user-db,v1.0.0,f3fbc27f388d4cb38aaf52bf93770dff
live_ep_000013_BAD_DEPLOY,BAD_DEPLOY,inventory-service,25.5,1785925265.5842066,0f28fab11f9f46efa0ec23b815700a46,bac6f594225c4ff6b00b5cc2ff12d5ca,db.query.select,WRITE,8.38,OK,user-db,v1.0.0,f3fbc27f388d4cb38aaf52bf93770dff
live_ep_000013_BAD_DEPLOY,BAD_DEPLOY,inventory-service,25.5,1785925265.5842066,d8a03b55edfc4487804e885a69838709,bac6f594225c4ff6b00b5cc2ff12d5ca,cache.delete,,2.06,OK,cache-cluster,v1.0.0,f3fbc27f388d4cb38aaf52bf93770dff
live_ep_000013_BAD_DEPLOY,BAD_DEPLOY,inventory-service,25.5,1785925265.5842066,2acf0d40c14043eb8f3aba1c40c4f391,bac6f594225c4ff6b00b5cc2ff12d5ca,grpc.call,,28.8,ERROR,inventory-api,v1.0.0,f3fbc27f388d4cb38aaf52bf93770dff
live_ep_000013_BAD_DEPLOY,BAD_DEPLOY,inventory-service,26.0,1785925266.0846915,e515bca8da8648e4a462141e46c3d965,,POST /api/payment,,156.7,OK,inventory-service,v1.0.0,280a6bfedec34e59afd42f3910cd6c91
live_ep_000013_BAD_DEPLOY,BAD_DEPLOY,inventory-service,26.0,1785925266.0846915,67e72ee92f5f430ab4bc8fe4abc1721e,e515bca8da8648e4a462141e46c3d965,db.query.update,WRITE,6.88,OK,user-db,v1.0.0,280a6bfedec34e59afd42f3910cd6c91
live_ep_000013_BAD_DEPLOY,BAD_DEPLOY,inventory-service,26.0,1785925266.0846915,9af88f90e5d34cd3b794eb51caff02e4,e515bca8da8648e4a462141e46c3d965,db.query.insert,WRITE,15.65,OK,user-db,v1.0.0,280a6bfedec34e59afd42f3910cd6c91
live_ep_000013_BAD_DEPLOY,BAD_DEPLOY,inventory-service,26.0,1785925266.0846915,10932343cf8242cd9b02791db3e036a5,e515bca8da8648e4a462141e46c3d965,cache.get,,41.91,OK,cache-cluster,v1.0.0,280a6bfedec34e59afd42f3910cd6c91
live_ep_000013_BAD_DEPLOY,BAD_DEPLOY,inventory-service,26.5,1785925266.5848336,c2dcb1d7c1344414be9ca476e3351de0,,PUT /api/inventory,,103.35,OK,inventory-service,v1.0.0,bfbb88853594466b8efd2676dbf9307a
live_ep_000013_BAD_DEPLOY,BAD_DEPLOY,inventory-service,26.5,1785925266.5848336,3b6e559f4a5e432f847575f9fa7108a9,c2dcb1d7c1344414be9ca476e3351de0,db.query.select,READ,21.28,OK,user-db,v1.0.0,bfbb88853594466b8efd2676dbf9307a
live_ep_000013_BAD_DEPLOY,BAD_DEPLOY,inventory-service,26.5,1785925266.5848336,28534c757e9c420696795efc24bb5309,c2dcb1d7c1344414be9ca476e3351de0,db.query.update,READ,19.65,OK,user-db,v1.0.0,bfbb88853594466b8efd2676dbf9307a
live_ep_000013_BAD_DEPLOY,BAD_DEPLOY,inventory-service,27.0,1785925267.0852628,88c0251192654ad48fa97ab496fb65fc,,GET /api/order,,147.08,OK,inventory-service,v1.0.0,51dcdf847a744b06a200da16d4f8d53d
live_ep_000013_BAD_DEPLOY,BAD_DEPLOY,inventory-service,27.0,1785925267.0852628,167bd63cd26b4c6ba4830b52d3090d0a,88c0251192654ad48fa97ab496fb65fc,db.query.delete,READ,14.61,ERROR,user-db,v1.0.0,51dcdf847a744b06a200da16d4f8d53d
live_ep_000013_BAD_DEPLOY,BAD_DEPLOY,inventory-service,27.0,1785925267.0852628,7d8d74eb7474460486b7b0ce7f61b772,88c0251192654ad48fa97ab496fb65fc,cache.delete,,3.44,OK,cache-cluster,v1.0.0,51dcdf847a744b06a200da16d4f8d53d
live_ep_000013_BAD_DEPLOY,BAD_DEPLOY,inventory-service,27.0,1785925267.0852628,150f675cb4854855957d90f311f9ced3,88c0251192654ad48fa97ab496fb65fc,http.client.get,,34.13,ERROR,payment-gateway,v1.0.0,51dcdf847a744b06a200da16d4f8d53d
live_ep_000013_BAD_DEPLOY,BAD_DEPLOY,inventory-service,27.5,1785925267.5865836,f8f4ee4ae8f34bc5a0549dba2044ca82,,GET /api/health,,126.9,ERROR,inventory-service,v1.0.0,173cbb98d5e54a56863fcb3ad923fdf8
live_ep_000013_BAD_DEPLOY,BAD_DEPLOY,inventory-service,27.5,1785925267.5865836,ffd933b24f1548a5ae85d7796dbf495a,f8f4ee4ae8f34bc5a0549dba2044ca82,db.query.update,READ,18.82,OK,user-db,v1.0.0,173cbb98d5e54a56863fcb3ad923fdf8
live_ep_000013_BAD_DEPLOY,BAD_DEPLOY,inventory-service,27.5,1785925267.5865836,c730eb05c79b43bb97499e044f128827,f8f4ee4ae8f34bc5a0549dba2044ca82,db.query.insert,READ,15.71,OK,user-db,v1.0.0,173cbb98d5e54a56863fcb3ad923fdf8
live_ep_000013_BAD_DEPLOY,BAD_DEPLOY,inventory-service,27.5,1785925267.5865836,c140dc86ab394ff9b2f60ddca60e7922,f8f4ee4ae8f34bc5a0549dba2044ca82,cache.set,,1.64,OK,cache-cluster,v1.0.0,173cbb98d5e54a56863fcb3ad923fdf8
live_ep_000013_BAD_DEPLOY,BAD_DEPLOY,inventory-service,27.5,1785925267.5865836,55c27207cc0345e8a31bb497f8fc8518,f8f4ee4ae8f34bc5a0549dba2044ca82,grpc.call,,29.19,ERROR,user-db,v1.0.0,173cbb98d5e54a56863fcb3ad923fdf8
live_ep_000013_BAD_DEPLOY,BAD_DEPLOY,inventory-service,28.0,1785925268.0870988,03e74e6dfa1a49c28e52f54735b46111,,GET /api/auth,,103.99,OK,inventory-service,v1.0.0,3f0b74f05d044659b77be56ca2c87789
live_ep_000013_BAD_DEPLOY,BAD_DEPLOY,inventory-service,28.0,1785925268.0870988,b3d98d3f0a194076ad6149e5ac64ecc0,03e74e6dfa1a49c28e52f54735b46111,db.transaction,READ,24.08,OK,user-db,v1.0.0,3f0b74f05d044659b77be56ca2c87789
live_ep_000013_BAD_DEPLOY,BAD_DEPLOY,inventory-service,28.0,1785925268.0870988,8d2bc1c447394b45b851d8aff6c3dfb9,03e74e6dfa1a49c28e52f54735b46111,http.client.post,,23.26,OK,payment-gateway,v1.0.0,3f0b74f05d044659b77be56ca2c87789
live_ep_000013_BAD_DEPLOY,BAD_DEPLOY,inventory-service,28.5,1785925268.5874429,95ada23c0b5a4babbb6b6cfba8be0bd7,,PUT /api/inventory,,127.42,ERROR,inventory-service,v1.0.0,299a263208dc4ac2969b5b0361742476
live_ep_000013_BAD_DEPLOY,BAD_DEPLOY,inventory-service,28.5,1785925268.5874429,e71e6a72299743509c737077103f0440,95ada23c0b5a4babbb6b6cfba8be0bd7,db.query.select,READ,7.44,ERROR,user-db,v1.0.0,299a263208dc4ac2969b5b0361742476
live_ep_000013_BAD_DEPLOY,BAD_DEPLOY,inventory-service,28.5,1785925268.5874429,6583a0f93bb44c6f8787c20e17887473,95ada23c0b5a4babbb6b6cfba8be0bd7,db.query.select,WRITE,16.64,ERROR,user-db,v1.0.0,299a263208dc4ac2969b5b0361742476
live_ep_000013_BAD_DEPLOY,BAD_DEPLOY,inventory-service,28.5,1785925268.5874429,c4090da49c2e44b6acd6f6e585faf6ce,95ada23c0b5a4babbb6b6cfba8be0bd7,cache.get,,65.26,OK,cache-cluster,v1.0.0,299a263208dc4ac2969b5b0361742476
live_ep_000013_BAD_DEPLOY,BAD_DEPLOY,inventory-service,28.5,1785925268.5874429,80655fb73b36498484214a7f387ff7f3,95ada23c0b5a4babbb6b6cfba8be0bd7,grpc.call,,37.29,OK,cache-cluster,v1.0.0,299a263208dc4ac2969b5b0361742476
live_ep_000013_BAD_DEPLOY,BAD_DEPLOY,inventory-service,29.0,1785925269.0879757,f4d49d2693554c30a9c75c33af1681f1,,GET /api/auth,,141.0,ERROR,inventory-service,v1.0.0,d7d887bc6b204b70aab9f5710e3a6e1f
live_ep_000013_BAD_DEPLOY,BAD_DEPLOY,inventory-service,29.0,1785925269.0879757,a165b27c03344ef58239d69774a8ca40,f4d49d2693554c30a9c75c33af1681f1,db.transaction,WRITE,13.53,OK,user-db,v1.0.0,d7d887bc6b204b70aab9f5710e3a6e1f
live_ep_000013_BAD_DEPLOY,BAD_DEPLOY,inventory-service,29.0,1785925269.0879757,37e53b7f7e6a4a57aee08accb7476f94,f4d49d2693554c30a9c75c33af1681f1,cache.set,,1.48,OK,cache-cluster,v1.0.0,d7d887bc6b204b70aab9f5710e3a6e1f
live_ep_000013_BAD_DEPLOY,BAD_DEPLOY,inventory-service,29.5,1785925269.5881798,0420b3aace634cb09227d28d2c475205,,GET /api/health,,116.59,OK,inventory-service,v1.0.0,b6a71386051c41d991f8067d8bbd265e
live_ep_000013_BAD_DEPLOY,BAD_DEPLOY,inventory-service,29.5,1785925269.5881798,b13448e2eed5492b90e43062d1574180,0420b3aace634cb09227d28d2c475205,db.transaction,WRITE,17.88,OK,user-db,v1.0.0,b6a71386051c41d991f8067d8bbd265e
live_ep_000013_BAD_DEPLOY,BAD_DEPLOY,inventory-service,29.5,1785925269.5881798,caebb57ab3b14dbb9960e413c6a8e04a,0420b3aace634cb09227d28d2c475205,cache.get,,0.97,OK,cache-cluster,v1.0.0,b6a71386051c41d991f8067d8bbd265e
live_ep_000013_BAD_DEPLOY,BAD_DEPLOY,inventory-service,30.0,1785925270.088705,6fc04868ca3843989f5798ff12dde7ce,,POST /api/checkout,,173.59,ERROR,inventory-service,v1.0.0,659d23406ea94319bc7f42edba70a92e
live_ep_000013_BAD_DEPLOY,BAD_DEPLOY,inventory-service,30.0,1785925270.088705,835f8eb20511431393badf17c81c3b55,6fc04868ca3843989f5798ff12dde7ce,db.query.insert,WRITE,14.88,OK,user-db,v1.0.0,659d23406ea94319bc7f42edba70a92e
live_ep_000013_BAD_DEPLOY,BAD_DEPLOY,inventory-service,30.0,1785925270.088705,494ded9536324c3fbd73c85e2779d8bd,6fc04868ca3843989f5798ff12dde7ce,db.transaction,WRITE,12.84,ERROR,user-db,v1.0.0,659d23406ea94319bc7f42edba70a92e
live_ep_000013_BAD_DEPLOY,BAD_DEPLOY,inventory-service,30.0,1785925270.088705,e77483df1492474cac13ab14d94a216e,6fc04868ca3843989f5798ff12dde7ce,cache.get,,1.03,OK,cache-cluster,v1.0.0,659d23406ea94319bc7f42edba70a92e
live_ep_000013_BAD_DEPLOY,BAD_DEPLOY,inventory-service,30.5,1785925270.5892022,c30b8307325540dc853fbaea30fdbe6f,,GET /api/order,,148.51,OK,inventory-service,v1.0.0,c55add3ae0df4307b49ff1441c3ce501
live_ep_000013_BAD_DEPLOY,BAD_DEPLOY,inventory-service,30.5,1785925270.5892022,cc6865e526404a3e8a22f858134a6018,c30b8307325540dc853fbaea30fdbe6f,db.query.insert,WRITE,23.2,ERROR,user-db,v1.0.0,c55add3ae0df4307b49ff1441c3ce501
live_ep_000013_BAD_DEPLOY,BAD_DEPLOY,inventory-service,31.0,1785925271.0897782,55008b3894db46968e9476a444625803,,GET /api/health,,187.1,ERROR,inventory-service,v1.0.0,ffc76cff56fd47caaafefd8dc81c83f4
live_ep_000013_BAD_DEPLOY,BAD_DEPLOY,inventory-service,31.0,1785925271.0897782,a8ffb52285794861a45cbf8a43374ad1,55008b3894db46968e9476a444625803,db.transaction,WRITE,9.61,ERROR,user-db,v1.0.0,ffc76cff56fd47caaafefd8dc81c83f4
live_ep_000013_BAD_DEPLOY,BAD_DEPLOY,inventory-service,31.0,1785925271.0897782,6da83134fe764dd590e46423f74d71c1,55008b3894db46968e9476a444625803,db.transaction,READ,29.85,ERROR,user-db,v1.0.0,ffc76cff56fd47caaafefd8dc81c83f4
live_ep_000013_BAD_DEPLOY,BAD_DEPLOY,inventory-service,31.0,1785925271.0897782,283cb9643910412b84f32157a77777e2,55008b3894db46968e9476a444625803,cache.set,,2.73,OK,cache-cluster,v1.0.0,ffc76cff56fd47caaafefd8dc81c83f4
live_ep_000013_BAD_DEPLOY,BAD_DEPLOY,inventory-service,31.5,1785925271.5902598,d2c367a15ebe40cf811c8e500a76d887,,GET /api/health,,141.03,ERROR,inventory-service,v1.0.0,d4a19155543c4a15b0c20f2d8c026e67
live_ep_000013_BAD_DEPLOY,BAD_DEPLOY,inventory-service,31.5,1785925271.5902598,f65aecc5c5a94b6aa319b34af7e1f6f9,d2c367a15ebe40cf811c8e500a76d887,db.transaction,READ,15.7,ERROR,user-db,v1.0.0,d4a19155543c4a15b0c20f2d8c026e67
live_ep_000013_BAD_DEPLOY,BAD_DEPLOY,inventory-service,31.5,1785925271.5902598,3c47350444274781a108f3830012f4dc,d2c367a15ebe40cf811c8e500a76d887,db.transaction,WRITE,21.91,ERROR,user-db,v1.0.0,d4a19155543c4a15b0c20f2d8c026e67
live_ep_000013_BAD_DEPLOY,BAD_DEPLOY,inventory-service,32.0,1785925272.0906,43e436084ff64e3db195fc6d142de3b4,,POST /api/payment,,103.03,ERROR,inventory-service,v1.0.0,71bd0deb080f492aa2eefa118c15c872
live_ep_000013_BAD_DEPLOY,BAD_DEPLOY,inventory-service,32.0,1785925272.0906,c4f455c881184c3eb2c5a333301a41a6,43e436084ff64e3db195fc6d142de3b4,db.transaction,READ,27.78,ERROR,user-db,v1.0.0,71bd0deb080f492aa2eefa118c15c872
live_ep_000013_BAD_DEPLOY,BAD_DEPLOY,inventory-service,32.0,1785925272.0906,f203a59ed8124638a4df236e562d91e8,43e436084ff64e3db195fc6d142de3b4,cache.delete,,0.95,OK,cache-cluster,v1.0.0,71bd0deb080f492aa2eefa118c15c872
live_ep_000013_BAD_DEPLOY,BAD_DEPLOY,inventory-service,32.0,1785925272.0906,fc487cd0e20c44ea9593118b1cf9e9b4,43e436084ff64e3db195fc6d142de3b4,http.client.get,,30.19,OK,payment-gateway,v1.0.0,71bd0deb080f492aa2eefa118c15c872
live_ep_000013_BAD_DEPLOY,BAD_DEPLOY,inventory-service,32.5,1785925272.591174,ff23e99ddf6844c69fcd6ff86dbd30d0,,POST /api/payment,,131.47,ERROR,inventory-service,v1.0.0,5f14075beca6438b97c9f343c8d71ddf
live_ep_000013_BAD_DEPLOY,BAD_DEPLOY,inventory-service,32.5,1785925272.591174,7a713161d8c04d328a3ce3c01a5f303b,ff23e99ddf6844c69fcd6ff86dbd30d0,db.transaction,READ,10.98,OK,user-db,v1.0.0,5f14075beca6438b97c9f343c8d71ddf
live_ep_000013_BAD_DEPLOY,BAD_DEPLOY,inventory-service,32.5,1785925272.591174,267a6308a33c43f0ae8b49d531f85697,ff23e99ddf6844c69fcd6ff86dbd30d0,db.query.select,WRITE,16.05,OK,user-db,v1.0.0,5f14075beca6438b97c9f343c8d71ddf
live_ep_000013_BAD_DEPLOY,BAD_DEPLOY,inventory-service,32.5,1785925272.591174,0f6bcb833e1d4e8283e1d9e9779a2459,ff23e99ddf6844c69fcd6ff86dbd30d0,cache.get,,0.5,OK,cache-cluster,v1.0.0,5f14075beca6438b97c9f343c8d71ddf
live_ep_000013_BAD_DEPLOY,BAD_DEPLOY,inventory-service,33.0,1785925273.0916667,7d68729809fe4cee80012f7f575b81b3,,GET /api/order,,156.58,ERROR,inventory-service,v1.0.0,cb47e1f879b04cc6b82cb9d4a9c4ddc3
live_ep_000013_BAD_DEPLOY,BAD_DEPLOY,inventory-service,33.0,1785925273.0916667,0543796a02a94f87b1787cbaea747889,7d68729809fe4cee80012f7f575b81b3,db.transaction,WRITE,18.1,OK,user-db,v1.0.0,cb47e1f879b04cc6b82cb9d4a9c4ddc3
live_ep_000013_BAD_DEPLOY,BAD_DEPLOY,inventory-service,33.0,1785925273.0916667,574206b7ae0341c880960805db979487,7d68729809fe4cee80012f7f575b81b3,cache.delete,,1.74,OK,cache-cluster,v1.0.0,cb47e1f879b04cc6b82cb9d4a9c4ddc3
live_ep_000013_BAD_DEPLOY,BAD_DEPLOY,inventory-service,33.5,1785925273.5923939,adbd138e41234c9b913f530edd96d4a5,,POST /api/checkout,,148.74,OK,inventory-service,v1.0.0,2ab0a2e7938346728eba30ed10ccfab9
live_ep_000013_BAD_DEPLOY,BAD_DEPLOY,inventory-service,33.5,1785925273.5923939,359d0358c3304b8fb34eb7a7319a5530,adbd138e41234c9b913f530edd96d4a5,db.query.update,WRITE,7.54,OK,user-db,v1.0.0,2ab0a2e7938346728eba30ed10ccfab9
live_ep_000013_BAD_DEPLOY,BAD_DEPLOY,inventory-service,33.5,1785925273.5923939,1d7deb1ecebb435db3ea67865022e539,adbd138e41234c9b913f530edd96d4a5,db.query.update,READ,8.05,OK,user-db,v1.0.0,2ab0a2e7938346728eba30ed10ccfab9
live_ep_000013_BAD_DEPLOY,BAD_DEPLOY,inventory-service,33.5,1785925273.5923939,7b5adc6dcf9d4d5a8df420c9e505a82e,adbd138e41234c9b913f530edd96d4a5,cache.set,,1.4,OK,cache-cluster,v1.0.0,2ab0a2e7938346728eba30ed10ccfab9
live_ep_000013_BAD_DEPLOY,BAD_DEPLOY,inventory-service,33.5,1785925273.5923939,2ccdb10b4c9a45e88a1e811de3fbcbfc,adbd138e41234c9b913f530edd96d4a5,grpc.call,,45.65,ERROR,user-db,v1.0.0,2ab0a2e7938346728eba30ed10ccfab9
live_ep_000013_BAD_DEPLOY,BAD_DEPLOY,inventory-service,34.0,1785925274.0927932,316eb6709e974b96b6f36ca32b59ab7f,,POST /api/payment,,118.24,ERROR,inventory-service,v1.0.0,786073c97e044e1eac48db649eb02ae8
live_ep_000013_BAD_DEPLOY,BAD_DEPLOY,inventory-service,34.0,1785925274.0927932,b864d1ad5b05498794059c649a6789cd,316eb6709e974b96b6f36ca32b59ab7f,db.query.insert,READ,13.46,OK,user-db,v1.0.0,786073c97e044e1eac48db649eb02ae8
live_ep_000013_BAD_DEPLOY,BAD_DEPLOY,inventory-service,34.0,1785925274.0927932,329967944b49471ca02e58d9da866b40,316eb6709e974b96b6f36ca32b59ab7f,cache.delete,,1.48,OK,cache-cluster,v1.0.0,786073c97e044e1eac48db649eb02ae8
live_ep_000013_BAD_DEPLOY,BAD_DEPLOY,inventory-service,34.5,1785925274.5931532,23bd6a3a2eba41ab967fef519f4f63a5,,GET /api/health,,177.02,OK,inventory-service,v1.0.0,d84848a70f1d46f7a7dff2c97b0b8a4b
live_ep_000013_BAD_DEPLOY,BAD_DEPLOY,inventory-service,34.5,1785925274.5931532,e141f5c82cf3461792f8259a5bd7da0d,23bd6a3a2eba41ab967fef519f4f63a5,db.query.select,READ,21.44,OK,user-db,v1.0.0,d84848a70f1d46f7a7dff2c97b0b8a4b
live_ep_000013_BAD_DEPLOY,BAD_DEPLOY,inventory-service,34.5,1785925274.5931532,0421bcd72b4444f38076031138ec7d7b,23bd6a3a2eba41ab967fef519f4f63a5,db.query.delete,READ,20.21,ERROR,user-db,v1.0.0,d84848a70f1d46f7a7dff2c97b0b8a4b
live_ep_000013_BAD_DEPLOY,BAD_DEPLOY,inventory-service,34.5,1785925274.5931532,4271716781544888a862de9f2d913fcc,23bd6a3a2eba41ab967fef519f4f63a5,cache.delete,,1.75,OK,cache-cluster,v1.0.0,d84848a70f1d46f7a7dff2c97b0b8a4b
live_ep_000013_BAD_DEPLOY,BAD_DEPLOY,inventory-service,34.5,1785925274.5931532,6825108327514436affc87397e93ae18,23bd6a3a2eba41ab967fef519f4f63a5,grpc.call,,31.45,ERROR,user-db,v1.0.0,d84848a70f1d46f7a7dff2c97b0b8a4b
live_ep_000013_BAD_DEPLOY,BAD_DEPLOY,inventory-service,35.0,1785925275.0937154,524cdde788234754b31dd1706c083d9e,,GET /api/health,,117.4,ERROR,inventory-service,v1.0.0,7cfa6c5d72fb40909f05c8897dbb6d30
live_ep_000013_BAD_DEPLOY,BAD_DEPLOY,inventory-service,35.0,1785925275.0937154,946c5d3a162c4a2489ae1ab1ada893e7,524cdde788234754b31dd1706c083d9e,db.transaction,WRITE,36.0,OK,user-db,v1.0.0,7cfa6c5d72fb40909f05c8897dbb6d30
live_ep_000013_BAD_DEPLOY,BAD_DEPLOY,inventory-service,35.0,1785925275.0937154,1058f683040d4c3d94001c65917be676,524cdde788234754b31dd1706c083d9e,db.query.insert,READ,36.02,ERROR,user-db,v1.0.0,7cfa6c5d72fb40909f05c8897dbb6d30
live_ep_000013_BAD_DEPLOY,BAD_DEPLOY,inventory-service,35.0,1785925275.0937154,dabe84b230a1420d82bef541ad2b793d,524cdde788234754b31dd1706c083d9e,cache.delete,,1.78,OK,cache-cluster,v1.0.0,7cfa6c5d72fb40909f05c8897dbb6d30
live_ep_000013_BAD_DEPLOY,BAD_DEPLOY,inventory-service,35.0,1785925275.0937154,585a06c40b404958979546e4a69c6fde,524cdde788234754b31dd1706c083d9e,http.client.post,,32.92,ERROR,user-db,v1.0.0,7cfa6c5d72fb40909f05c8897dbb6d30
live_ep_000013_BAD_DEPLOY,BAD_DEPLOY,inventory-service,35.5,1785925275.5938604,39b6a97e399745bd9ad7a96180aec6da,,GET /api/auth,,146.9,ERROR,inventory-service,v1.0.0,d1583cabae3c4057ad4fc8cff3f0d788
live_ep_000013_BAD_DEPLOY,BAD_DEPLOY,inventory-service,35.5,1785925275.5938604,7a1ca00496fd49a8adbe72ae55a8167f,39b6a97e399745bd9ad7a96180aec6da,db.query.insert,WRITE,39.19,OK,user-db,v1.0.0,d1583cabae3c4057ad4fc8cff3f0d788
live_ep_000013_BAD_DEPLOY,BAD_DEPLOY,inventory-service,35.5,1785925275.5938604,240e2b11e2e346d68fca46c60717cb79,39b6a97e399745bd9ad7a96180aec6da,db.query.insert,READ,25.69,OK,user-db,v1.0.0,d1583cabae3c4057ad4fc8cff3f0d788
live_ep_000013_BAD_DEPLOY,BAD_DEPLOY,inventory-service,36.0,1785925276.0940354,2f3345955f7b4d1e870e1aaa8aaa7f50,,GET /api/health,,146.26,OK,inventory-service,v1.0.0,fc5ce5b605434350b42f7558ea2dbb94
live_ep_000013_BAD_DEPLOY,BAD_DEPLOY,inventory-service,36.0,1785925276.0940354,668e6090422346d9b9b7398d4946846b,2f3345955f7b4d1e870e1aaa8aaa7f50,db.query.update,READ,7.42,OK,user-db,v1.0.0,fc5ce5b605434350b42f7558ea2dbb94
live_ep_000013_BAD_DEPLOY,BAD_DEPLOY,inventory-service,36.0,1785925276.0940354,d891c3f32d7d43fb9d3f83fb358a87af,2f3345955f7b4d1e870e1aaa8aaa7f50,db.transaction,WRITE,17.5,ERROR,user-db,v1.0.0,fc5ce5b605434350b42f7558ea2dbb94
live_ep_000013_BAD_DEPLOY,BAD_DEPLOY,inventory-service,36.0,1785925276.0940354,a106d7f29cd74499b1117122aa305a02,2f3345955f7b4d1e870e1aaa8aaa7f50,http.client.post,,19.67,OK,user-db,v1.0.0,fc5ce5b605434350b42f7558ea2dbb94
live_ep_000013_BAD_DEPLOY,BAD_DEPLOY,inventory-service,36.5,1785925276.5944443,20771db3ec7547418915341a941fe88f,,POST /api/checkout,,125.25,OK,inventory-service,v1.0.0,763aec4813d4475e957ec47d9bb6bc6d
live_ep_000013_BAD_DEPLOY,BAD_DEPLOY,inventory-service,36.5,1785925276.5944443,b24bfff1f8d5425e9acb37c2c26a631e,20771db3ec7547418915341a941fe88f,db.transaction,WRITE,23.5,OK,user-db,v1.0.0,763aec4813d4475e957ec47d9bb6bc6d
live_ep_000013_BAD_DEPLOY,BAD_DEPLOY,inventory-service,36.5,1785925276.5944443,de50c1fb7f99448186d3ff94c2473a98,20771db3ec7547418915341a941fe88f,cache.set,,46.11,OK,cache-cluster,v1.0.0,763aec4813d4475e957ec47d9bb6bc6d
live_ep_000013_BAD_DEPLOY,BAD_DEPLOY,inventory-service,37.0,1785925277.0948513,9ad045d4b6374b0ebc552581bc34b33f,,POST /api/payment,,156.64,ERROR,inventory-service,v1.0.0,07fd7270a89b458e9405b79309f31c53
live_ep_000013_BAD_DEPLOY,BAD_DEPLOY,inventory-service,37.0,1785925277.0948513,3199d009c88645639d582d67d646ecf5,9ad045d4b6374b0ebc552581bc34b33f,db.query.delete,READ,28.39,ERROR,user-db,v1.0.0,07fd7270a89b458e9405b79309f31c53
live_ep_000013_BAD_DEPLOY,BAD_DEPLOY,inventory-service,37.5,1785925277.5953152,0102d24ad7cc45b4923204a5aa39a533,,GET /api/auth,,143.69,ERROR,inventory-service,v1.0.0,7a4289a16cef4acda9185debf29727db
live_ep_000013_BAD_DEPLOY,BAD_DEPLOY,inventory-service,37.5,1785925277.5953152,7c4b5171b34e458099d10321d99599d7,0102d24ad7cc45b4923204a5aa39a533,db.query.select,READ,24.61,OK,user-db,v1.0.0,7a4289a16cef4acda9185debf29727db
live_ep_000013_BAD_DEPLOY,BAD_DEPLOY,inventory-service,37.5,1785925277.5953152,31f7cd965a064f858c596df5129be1a7,0102d24ad7cc45b4923204a5aa39a533,cache.get,,4.93,OK,cache-cluster,v1.0.0,7a4289a16cef4acda9185debf29727db
live_ep_000013_BAD_DEPLOY,BAD_DEPLOY,inventory-service,37.5,1785925277.5953152,c41cfb6b50554431b029010014614496,0102d24ad7cc45b4923204a5aa39a533,http.client.post,,41.9,OK,cache-cluster,v1.0.0,7a4289a16cef4acda9185debf29727db
live_ep_000013_BAD_DEPLOY,BAD_DEPLOY,inventory-service,38.0,1785925278.0954967,5a2ce288426549f8a8b7b97eb0be4658,,POST /api/payment,,113.18,ERROR,inventory-service,v1.0.0,45ade9e6a1b747daa4ab884a74b443b0
live_ep_000013_BAD_DEPLOY,BAD_DEPLOY,inventory-service,38.0,1785925278.0954967,d520a308f81e4dba9aef9538ce76938e,5a2ce288426549f8a8b7b97eb0be4658,db.query.delete,READ,10.66,OK,user-db,v1.0.0,45ade9e6a1b747daa4ab884a74b443b0
live_ep_000013_BAD_DEPLOY,BAD_DEPLOY,inventory-service,38.0,1785925278.0954967,bb90ba629407435da74436bdb31ec09c,5a2ce288426549f8a8b7b97eb0be4658,cache.delete,,3.68,OK,cache-cluster,v1.0.0,45ade9e6a1b747daa4ab884a74b443b0
live_ep_000013_BAD_DEPLOY,BAD_DEPLOY,inventory-service,38.5,1785925278.5957053,f64a29865e074ebd8b11d93f033a5493,,GET /api/auth,,147.92,ERROR,inventory-service,v1.0.0,48af9101ce67471da23e837236e27031
live_ep_000013_BAD_DEPLOY,BAD_DEPLOY,inventory-service,38.5,1785925278.5957053,266030eca743413f9d720437e11470c7,f64a29865e074ebd8b11d93f033a5493,db.query.insert,READ,22.96,OK,user-db,v1.0.0,48af9101ce67471da23e837236e27031
live_ep_000013_BAD_DEPLOY,BAD_DEPLOY,inventory-service,38.5,1785925278.5957053,5414d49ade0543afbdebfa0bd1edadd1,f64a29865e074ebd8b11d93f033a5493,db.query.select,READ,17.66,OK,user-db,v1.0.0,48af9101ce67471da23e837236e27031
live_ep_000013_BAD_DEPLOY,BAD_DEPLOY,inventory-service,38.5,1785925278.5957053,5a0e62fd573c4e86a32cca96dcfd0682,f64a29865e074ebd8b11d93f033a5493,cache.set,,2.57,OK,cache-cluster,v1.0.0,48af9101ce67471da23e837236e27031
live_ep_000013_BAD_DEPLOY,BAD_DEPLOY,inventory-service,39.0,1785925279.0959914,0beb3a984faa4f2a9ce55d85d8727021,,GET /api/health,,150.74,OK,inventory-service,v1.0.0,9df54f28ffb64c06901131003bd7e79a
live_ep_000013_BAD_DEPLOY,BAD_DEPLOY,inventory-service,39.0,1785925279.0959914,adfa1c24bdb24df99fbe7861536661a0,0beb3a984faa4f2a9ce55d85d8727021,db.query.delete,READ,11.64,ERROR,user-db,v1.0.0,9df54f28ffb64c06901131003bd7e79a
live_ep_000013_BAD_DEPLOY,BAD_DEPLOY,inventory-service,39.0,1785925279.0959914,829b0ed4552a4205bcab3b1869cee45a,0beb3a984faa4f2a9ce55d85d8727021,db.query.insert,WRITE,19.16,OK,user-db,v1.0.0,9df54f28ffb64c06901131003bd7e79a
live_ep_000013_BAD_DEPLOY,BAD_DEPLOY,inventory-service,39.5,1785925279.5963774,9f9c5e369b274de6ba310c66af657869,,POST /api/payment,,159.33,OK,inventory-service,v1.0.0,62c1e8e4b1df44ab89721cee586c21e5
live_ep_000013_BAD_DEPLOY,BAD_DEPLOY,inventory-service,39.5,1785925279.5963774,3b856e5ae8ab4f7eaeb405e242899531,9f9c5e369b274de6ba310c66af657869,db.transaction,READ,19.97,OK,user-db,v1.0.0,62c1e8e4b1df44ab89721cee586c21e5
live_ep_000013_BAD_DEPLOY,BAD_DEPLOY,inventory-service,39.5,1785925279.5963774,4fff363e2f9247f089b12ef0f95fd8ae,9f9c5e369b274de6ba310c66af657869,db.query.update,WRITE,9.55,OK,user-db,v1.0.0,62c1e8e4b1df44ab89721cee586c21e5
live_ep_000013_BAD_DEPLOY,BAD_DEPLOY,inventory-service,39.5,1785925279.5963774,ae54cb51cef2435bbe0f501a42118914,9f9c5e369b274de6ba310c66af657869,cache.delete,,0.77,OK,cache-cluster,v1.0.0,62c1e8e4b1df44ab89721cee586c21e5
live_ep_000013_BAD_DEPLOY,BAD_DEPLOY,inventory-service,40.0,1785925280.096521,5ad163d100994f6399840b2dc2863c90,,PUT /api/inventory,,164.88,OK,inventory-service,v1.0.0,2d8803363d7445f7a3fdb53172f1c961
live_ep_000013_BAD_DEPLOY,BAD_DEPLOY,inventory-service,40.0,1785925280.096521,98f9217ad9964f45a9db2896855f06c6,5ad163d100994f6399840b2dc2863c90,db.query.insert,WRITE,26.77,OK,user-db,v1.0.0,2d8803363d7445f7a3fdb53172f1c961
live_ep_000013_BAD_DEPLOY,BAD_DEPLOY,inventory-service,40.0,1785925280.096521,f4a428f7e9904079800b0ad4352e5e15,5ad163d100994f6399840b2dc2863c90,db.transaction,READ,28.65,OK,user-db,v1.0.0,2d8803363d7445f7a3fdb53172f1c961
live_ep_000013_BAD_DEPLOY,BAD_DEPLOY,inventory-service,40.0,1785925280.096521,f864a76aba72473098dc2a8ed585e883,5ad163d100994f6399840b2dc2863c90,cache.set,,1.47,OK,cache-cluster,v1.0.0,2d8803363d7445f7a3fdb53172f1c961
live_ep_000013_BAD_DEPLOY,BAD_DEPLOY,inventory-service,40.5,1785925280.596884,26d58065732240069a803960c7b35fc9,,POST /api/checkout,,143.77,ERROR,inventory-service,v1.0.0,bad93c6691b747c780434b4c6cd7eabf
live_ep_000013_BAD_DEPLOY,BAD_DEPLOY,inventory-service,40.5,1785925280.596884,b70a6c985a8a46fd87d4fb8fb91237c3,26d58065732240069a803960c7b35fc9,db.transaction,READ,16.85,OK,user-db,v1.0.0,bad93c6691b747c780434b4c6cd7eabf
live_ep_000013_BAD_DEPLOY,BAD_DEPLOY,inventory-service,40.5,1785925280.596884,409deb5f708641e79d5b1cf95b9b8221,26d58065732240069a803960c7b35fc9,db.query.insert,READ,20.12,OK,user-db,v1.0.0,bad93c6691b747c780434b4c6cd7eabf
live_ep_000013_BAD_DEPLOY,BAD_DEPLOY,inventory-service,40.5,1785925280.596884,4d3bd185f7704d198c21c20d4c6841b8,26d58065732240069a803960c7b35fc9,cache.set,,2.07,OK,cache-cluster,v1.0.0,bad93c6691b747c780434b4c6cd7eabf
live_ep_000013_BAD_DEPLOY,BAD_DEPLOY,inventory-service,40.5,1785925280.596884,ead35da0795946efab06a99b905317e5,26d58065732240069a803960c7b35fc9,http.client.get,,8.13,ERROR,payment-gateway,v1.0.0,bad93c6691b747c780434b4c6cd7eabf
live_ep_000013_BAD_DEPLOY,BAD_DEPLOY,inventory-service,41.0,1785925281.0971758,d704bff5b77b48598f3e12949346104f,,POST /api/checkout,,133.77,OK,inventory-service,v1.0.0,190f34c285e14fb1ab9c2f63685bcd24
live_ep_000013_BAD_DEPLOY,BAD_DEPLOY,inventory-service,41.0,1785925281.0971758,823ea2f3dcad418a80a25b2e0ed501d0,d704bff5b77b48598f3e12949346104f,db.query.insert,WRITE,10.77,OK,user-db,v1.0.0,190f34c285e14fb1ab9c2f63685bcd24
live_ep_000013_BAD_DEPLOY,BAD_DEPLOY,inventory-service,41.0,1785925281.0971758,8612b138d2c441dea7f9d11bdf6f7d54,d704bff5b77b48598f3e12949346104f,db.query.insert,WRITE,36.13,OK,user-db,v1.0.0,190f34c285e14fb1ab9c2f63685bcd24
live_ep_000013_BAD_DEPLOY,BAD_DEPLOY,inventory-service,41.0,1785925281.0971758,29a9840fc8864752b56a142e2ca3e6d0,d704bff5b77b48598f3e12949346104f,cache.set,,2.77,OK,cache-cluster,v1.0.0,190f34c285e14fb1ab9c2f63685bcd24
live_ep_000013_BAD_DEPLOY,BAD_DEPLOY,inventory-service,41.0,1785925281.0971758,ea45b9d49786433482069725d45113aa,d704bff5b77b48598f3e12949346104f,http.client.get,,23.03,ERROR,payment-gateway,v1.0.0,190f34c285e14fb1ab9c2f63685bcd24
live_ep_000013_BAD_DEPLOY,BAD_DEPLOY,inventory-service,41.5,1785925281.597895,2e761af6dc3241a88973aca76baae24a,,PUT /api/inventory,,130.93,OK,inventory-service,v1.0.0,2a899c1555af463eaa38eb41272c5c56
live_ep_000013_BAD_DEPLOY,BAD_DEPLOY,inventory-service,41.5,1785925281.597895,362adf61e3c941c798bf8f5abdb17e8d,2e761af6dc3241a88973aca76baae24a,db.transaction,READ,22.88,ERROR,user-db,v1.0.0,2a899c1555af463eaa38eb41272c5c56
live_ep_000013_BAD_DEPLOY,BAD_DEPLOY,inventory-service,41.5,1785925281.597895,c6823f1483174aa09232bb87912828ce,2e761af6dc3241a88973aca76baae24a,db.query.insert,WRITE,15.76,ERROR,user-db,v1.0.0,2a899c1555af463eaa38eb41272c5c56
live_ep_000013_BAD_DEPLOY,BAD_DEPLOY,inventory-service,41.5,1785925281.597895,57250a65b14e4129876107ceb7e560cc,2e761af6dc3241a88973aca76baae24a,cache.set,,1.05,OK,cache-cluster,v1.0.0,2a899c1555af463eaa38eb41272c5c56
live_ep_000013_BAD_DEPLOY,BAD_DEPLOY,inventory-service,42.0,1785925282.098298,56a2f3345fd94c39b0234bb85cc82bf2,,PUT /api/inventory,,165.05,ERROR,inventory-service,v1.0.0,cc79380eb9f34bcfb19a1bb5bb116249
live_ep_000013_BAD_DEPLOY,BAD_DEPLOY,inventory-service,42.0,1785925282.098298,0367e8163098451c8920b451ebdc6e64,56a2f3345fd94c39b0234bb85cc82bf2,db.query.select,WRITE,29.57,OK,user-db,v1.0.0,cc79380eb9f34bcfb19a1bb5bb116249
live_ep_000013_BAD_DEPLOY,BAD_DEPLOY,inventory-service,42.0,1785925282.098298,57257ca138284c10b54a9a9b491eba14,56a2f3345fd94c39b0234bb85cc82bf2,db.query.delete,READ,20.86,OK,user-db,v1.0.0,cc79380eb9f34bcfb19a1bb5bb116249
live_ep_000013_BAD_DEPLOY,BAD_DEPLOY,inventory-service,42.0,1785925282.098298,8aa2b934cd0d4d3e99d948bd25b33d1f,56a2f3345fd94c39b0234bb85cc82bf2,cache.delete,,3.59,OK,cache-cluster,v1.0.0,cc79380eb9f34bcfb19a1bb5bb116249
live_ep_000013_BAD_DEPLOY,BAD_DEPLOY,inventory-service,42.0,1785925282.098298,74fbefa47c0c4c7bb177e9b108d106aa,56a2f3345fd94c39b0234bb85cc82bf2,http.client.get,,28.05,ERROR,user-db,v1.0.0,cc79380eb9f34bcfb19a1bb5bb116249
live_ep_000013_BAD_DEPLOY,BAD_DEPLOY,inventory-service,42.5,1785925282.598517,095799eb72b64632816fc82876ed7e8d,,PUT /api/inventory,,165.27,ERROR,inventory-service,v1.0.0,99973716a4c94e1fad7ea1147082af78
live_ep_000013_BAD_DEPLOY,BAD_DEPLOY,inventory-service,42.5,1785925282.598517,70b17c044dea40f38be24f8c26b96bb9,095799eb72b64632816fc82876ed7e8d,db.query.update,WRITE,12.6,OK,user-db,v1.0.0,99973716a4c94e1fad7ea1147082af78
live_ep_000013_BAD_DEPLOY,BAD_DEPLOY,inventory-service,42.5,1785925282.598517,23af3cd139df49dd8f8cd292f77dcebf,095799eb72b64632816fc82876ed7e8d,db.query.update,WRITE,26.89,OK,user-db,v1.0.0,99973716a4c94e1fad7ea1147082af78
live_ep_000013_BAD_DEPLOY,BAD_DEPLOY,inventory-service,42.5,1785925282.598517,7030b20736d04c46ab24d886478ce64f,095799eb72b64632816fc82876ed7e8d,http.client.post,,41.6,ERROR,payment-gateway,v1.0.0,99973716a4c94e1fad7ea1147082af78
live_ep_000013_BAD_DEPLOY,BAD_DEPLOY,inventory-service,43.0,1785925283.098613,37c5b9ec84624394b049a8d70262e0e6,,GET /api/order,,129.96,OK,inventory-service,v1.0.0,297cc30d45124505a99f6a16b01daea0
live_ep_000013_BAD_DEPLOY,BAD_DEPLOY,inventory-service,43.0,1785925283.098613,53e4a3bd23024ebfa352f6569be3855b,37c5b9ec84624394b049a8d70262e0e6,db.query.update,WRITE,15.82,ERROR,user-db,v1.0.0,297cc30d45124505a99f6a16b01daea0
live_ep_000013_BAD_DEPLOY,BAD_DEPLOY,inventory-service,43.0,1785925283.098613,bffa208560174d54ac5331245371f7d7,37c5b9ec84624394b049a8d70262e0e6,db.query.select,WRITE,15.86,OK,user-db,v1.0.0,297cc30d45124505a99f6a16b01daea0
live_ep_000013_BAD_DEPLOY,BAD_DEPLOY,inventory-service,43.0,1785925283.098613,bd6aa6091b1d480daad490ce7840cf21,37c5b9ec84624394b049a8d70262e0e6,cache.set,,27.42,OK,cache-cluster,v1.0.0,297cc30d45124505a99f6a16b01daea0
live_ep_000013_BAD_DEPLOY,BAD_DEPLOY,inventory-service,43.5,1785925283.5990782,578851baed5e48a1ae8748a3c9d24ccf,,POST /api/checkout,,114.23,ERROR,inventory-service,v1.0.0,284aa47b6fd548e5bd521574c3ea802d
live_ep_000013_BAD_DEPLOY,BAD_DEPLOY,inventory-service,43.5,1785925283.5990782,23eca1f8188044c2a8c1be75e207ef7e,578851baed5e48a1ae8748a3c9d24ccf,db.transaction,READ,30.82,ERROR,user-db,v1.0.0,284aa47b6fd548e5bd521574c3ea802d
live_ep_000013_BAD_DEPLOY,BAD_DEPLOY,inventory-service,43.5,1785925283.5990782,3d3d28043d8845c59735086dd9e15ea4,578851baed5e48a1ae8748a3c9d24ccf,db.query.delete,READ,26.42,OK,user-db,v1.0.0,284aa47b6fd548e5bd521574c3ea802d
live_ep_000013_BAD_DEPLOY,BAD_DEPLOY,inventory-service,43.5,1785925283.5990782,43ba181820ad4ea1abd059eaca68460e,578851baed5e48a1ae8748a3c9d24ccf,cache.set,,1.26,OK,cache-cluster,v1.0.0,284aa47b6fd548e5bd521574c3ea802d
live_ep_000013_BAD_DEPLOY,BAD_DEPLOY,inventory-service,44.0,1785925284.0994177,b0f7acd9f1d341e2bd1213c93c1ee0d7,,GET /api/auth,,143.42,ERROR,inventory-service,v1.0.0,e83ff240f24f44b89405577fa8a77165
live_ep_000013_BAD_DEPLOY,BAD_DEPLOY,inventory-service,44.0,1785925284.0994177,56d9ea15a1d34361a88b2110173e827e,b0f7acd9f1d341e2bd1213c93c1ee0d7,db.query.insert,WRITE,7.94,OK,user-db,v1.0.0,e83ff240f24f44b89405577fa8a77165
live_ep_000013_BAD_DEPLOY,BAD_DEPLOY,inventory-service,44.0,1785925284.0994177,2427b79922de47e2b9bf2bc01eb1e76d,b0f7acd9f1d341e2bd1213c93c1ee0d7,db.query.delete,READ,14.8,OK,user-db,v1.0.0,e83ff240f24f44b89405577fa8a77165
live_ep_000013_BAD_DEPLOY,BAD_DEPLOY,inventory-service,44.0,1785925284.0994177,8103bc4535b445f6a3912c62eb7a9f73,b0f7acd9f1d341e2bd1213c93c1ee0d7,cache.delete,,0.5,OK,cache-cluster,v1.0.0,e83ff240f24f44b89405577fa8a77165
live_ep_000013_BAD_DEPLOY,BAD_DEPLOY,inventory-service,44.5,1785925284.599493,b1690c7a026a4dda9286d5a88031943d,,POST /api/payment,,119.84,ERROR,inventory-service,v1.0.0,1f2bc550106a43a6b787caf849c69fb0
live_ep_000013_BAD_DEPLOY,BAD_DEPLOY,inventory-service,44.5,1785925284.599493,b822139c021f491189ba29547c5fcd5d,b1690c7a026a4dda9286d5a88031943d,db.query.select,WRITE,39.12,ERROR,user-db,v1.0.0,1f2bc550106a43a6b787caf849c69fb0
live_ep_000013_BAD_DEPLOY,BAD_DEPLOY,inventory-service,44.5,1785925284.599493,90fc051a57ba4a258d9d7442715542de,b1690c7a026a4dda9286d5a88031943d,http.client.post,,17.08,ERROR,payment-gateway,v1.0.0,1f2bc550106a43a6b787caf849c69fb0
live_ep_000013_BAD_DEPLOY,BAD_DEPLOY,inventory-service,45.0,1785925285.0996447,197fd0d5a1e64b32810f14fd718ac56f,,GET /api/order,,150.67,OK,inventory-service,v1.0.0,09b13bed09c94b9595428fef6d1908a7
live_ep_000013_BAD_DEPLOY,BAD_DEPLOY,inventory-service,45.0,1785925285.0996447,24ae867d7b5b465eb9512646575fc20a,197fd0d5a1e64b32810f14fd718ac56f,db.query.select,WRITE,15.94,ERROR,user-db,v1.0.0,09b13bed09c94b9595428fef6d1908a7
live_ep_000013_BAD_DEPLOY,BAD_DEPLOY,inventory-service,45.0,1785925285.0996447,8f6e205a3adb495caaa370d7c2605538,197fd0d5a1e64b32810f14fd718ac56f,db.query.update,READ,20.36,OK,user-db,v1.0.0,09b13bed09c94b9595428fef6d1908a7
live_ep_000013_BAD_DEPLOY,BAD_DEPLOY,inventory-service,45.0,1785925285.0996447,cc017c72f35d49e29b429225a36c0ed4,197fd0d5a1e64b32810f14fd718ac56f,cache.set,,2.82,OK,cache-cluster,v1.0.0,09b13bed09c94b9595428fef6d1908a7
live_ep_000013_BAD_DEPLOY,BAD_DEPLOY,inventory-service,45.5,1785925285.599723,d6a6dfff2c144875a1e85824a1f1780f,,GET /api/auth,,122.56,OK,inventory-service,v1.0.0,0d9d6f81bddb43ad92278b7926a58547
live_ep_000013_BAD_DEPLOY,BAD_DEPLOY,inventory-service,45.5,1785925285.599723,4fbd31220d104b2f8194e156a27218db,d6a6dfff2c144875a1e85824a1f1780f,db.query.update,WRITE,6.68,OK,user-db,v1.0.0,0d9d6f81bddb43ad92278b7926a58547
live_ep_000013_BAD_DEPLOY,BAD_DEPLOY,inventory-service,45.5,1785925285.599723,8beb20f3364747d1abbcaaaa66f913ee,d6a6dfff2c144875a1e85824a1f1780f,db.query.insert,READ,4.9,OK,user-db,v1.0.0,0d9d6f81bddb43ad92278b7926a58547
live_ep_000013_BAD_DEPLOY,BAD_DEPLOY,inventory-service,45.5,1785925285.599723,2990bce9af254b4f9f3a1783501241fa,d6a6dfff2c144875a1e85824a1f1780f,cache.set,,1.16,OK,cache-cluster,v1.0.0,0d9d6f81bddb43ad92278b7926a58547
live_ep_000013_BAD_DEPLOY,BAD_DEPLOY,inventory-service,45.5,1785925285.599723,1de8ed55f055463ca22560304075e210,d6a6dfff2c144875a1e85824a1f1780f,grpc.call,,43.21,OK,user-db,v1.0.0,0d9d6f81bddb43ad92278b7926a58547
live_ep_000013_BAD_DEPLOY,BAD_DEPLOY,inventory-service,46.0,1785925286.100261,dd5bd9bd0ede408ab64448b7682b2384,,POST /api/payment,,156.77,ERROR,inventory-service,v1.0.0,beed6f36e1754c188a63b7b44ea54883
live_ep_000013_BAD_DEPLOY,BAD_DEPLOY,inventory-service,46.0,1785925286.100261,bf8ddc677d1045c49286432910f56471,dd5bd9bd0ede408ab64448b7682b2384,db.query.update,READ,17.01,OK,user-db,v1.0.0,beed6f36e1754c188a63b7b44ea54883
live_ep_000013_BAD_DEPLOY,BAD_DEPLOY,inventory-service,46.0,1785925286.100261,823febc8adc742f588f5782548796f69,dd5bd9bd0ede408ab64448b7682b2384,db.query.update,WRITE,24.68,OK,user-db,v1.0.0,beed6f36e1754c188a63b7b44ea54883
live_ep_000013_BAD_DEPLOY,BAD_DEPLOY,inventory-service,46.5,1785925286.6007912,cedffc112b9749208d810ae62cc70938,,GET /api/order,,148.75,ERROR,inventory-service,v1.0.0,eba64802562e4ad894e7b3f122192411
live_ep_000013_BAD_DEPLOY,BAD_DEPLOY,inventory-service,46.5,1785925286.6007912,8ea36bf8f812467592053a8f477da26b,cedffc112b9749208d810ae62cc70938,db.query.select,WRITE,23.83,ERROR,user-db,v1.0.0,eba64802562e4ad894e7b3f122192411
live_ep_000013_BAD_DEPLOY,BAD_DEPLOY,inventory-service,46.5,1785925286.6007912,cc7d1b130e8c49e68bb85246d2e5870f,cedffc112b9749208d810ae62cc70938,cache.get,,2.15,OK,cache-cluster,v1.0.0,eba64802562e4ad894e7b3f122192411
live_ep_000013_BAD_DEPLOY,BAD_DEPLOY,inventory-service,47.0,1785925287.1011205,e6e566bd6e814a6083678bb2aeef4a21,,GET /api/health,,158.46,OK,inventory-service,v1.0.0,2802d176ef0d4bcd89ae4a8dce564129
live_ep_000013_BAD_DEPLOY,BAD_DEPLOY,inventory-service,47.0,1785925287.1011205,2c7ff95917134a9c8e10bdd060a24c84,e6e566bd6e814a6083678bb2aeef4a21,db.query.insert,WRITE,23.01,ERROR,user-db,v1.0.0,2802d176ef0d4bcd89ae4a8dce564129
live_ep_000013_BAD_DEPLOY,BAD_DEPLOY,inventory-service,47.0,1785925287.1011205,df51c364ae6749f391a970d4974c4ba7,e6e566bd6e814a6083678bb2aeef4a21,cache.set,,2.16,OK,cache-cluster,v1.0.0,2802d176ef0d4bcd89ae4a8dce564129
live_ep_000013_BAD_DEPLOY,BAD_DEPLOY,inventory-service,47.5,1785925287.6012897,34b701fdc66542b19c38ade41c74a558,,GET /api/health,,145.38,OK,inventory-service,v1.0.0,e2ab15f380e7475f9ca9f46a7b164658
live_ep_000013_BAD_DEPLOY,BAD_DEPLOY,inventory-service,47.5,1785925287.6012897,2c85323ebe034b5d8b29cd0ef26a0b79,34b701fdc66542b19c38ade41c74a558,db.query.update,READ,21.5,ERROR,user-db,v1.0.0,e2ab15f380e7475f9ca9f46a7b164658
live_ep_000013_BAD_DEPLOY,BAD_DEPLOY,inventory-service,47.5,1785925287.6012897,cf3c4328743d4b76932fd6aaa213917c,34b701fdc66542b19c38ade41c74a558,cache.delete,,1.4,OK,cache-cluster,v1.0.0,e2ab15f380e7475f9ca9f46a7b164658
live_ep_000013_BAD_DEPLOY,BAD_DEPLOY,inventory-service,47.5,1785925287.6012897,a44b8533ef8a45b19e47c6eee0c87bac,34b701fdc66542b19c38ade41c74a558,http.client.get,,30.61,ERROR,inventory-api,v1.0.0,e2ab15f380e7475f9ca9f46a7b164658
live_ep_000013_BAD_DEPLOY,BAD_DEPLOY,inventory-service,48.0,1785925288.103438,cb688d60156f4bb3b6c555484e14865d,,PUT /api/inventory,,148.37,ERROR,inventory-service,v1.0.0,70ddb955e8984f7d86e5518849ee441e
live_ep_000013_BAD_DEPLOY,BAD_DEPLOY,inventory-service,48.0,1785925288.103438,9b6d71c0ba6748679fa92349d57ea37c,cb688d60156f4bb3b6c555484e14865d,db.query.delete,READ,12.4,ERROR,user-db,v1.0.0,70ddb955e8984f7d86e5518849ee441e
live_ep_000013_BAD_DEPLOY,BAD_DEPLOY,inventory-service,48.0,1785925288.103438,7c366e8f98974008864a41ec5b066fa9,cb688d60156f4bb3b6c555484e14865d,db.query.insert,READ,22.31,ERROR,user-db,v1.0.0,70ddb955e8984f7d86e5518849ee441e
live_ep_000013_BAD_DEPLOY,BAD_DEPLOY,inventory-service,48.0,1785925288.103438,7fc638f76185443aa6c2bb2b60b0d92f,cb688d60156f4bb3b6c555484e14865d,cache.set,,2.23,OK,cache-cluster,v1.0.0,70ddb955e8984f7d86e5518849ee441e
live_ep_000013_BAD_DEPLOY,BAD_DEPLOY,inventory-service,48.5,1785925288.6037931,0039b8896f1e4a35932f2ccf4b334853,,GET /api/auth,,115.15,ERROR,inventory-service,v1.0.0,37688a0952e74997afbfcc41322b8cba
live_ep_000013_BAD_DEPLOY,BAD_DEPLOY,inventory-service,48.5,1785925288.6037931,7ae2be9cb4374e5fb6c649c4328b543f,0039b8896f1e4a35932f2ccf4b334853,db.query.insert,WRITE,25.9,OK,user-db,v1.0.0,37688a0952e74997afbfcc41322b8cba
live_ep_000013_BAD_DEPLOY,BAD_DEPLOY,inventory-service,48.5,1785925288.6037931,07ae7a18afbd42da935cf9875b6bc4d8,0039b8896f1e4a35932f2ccf4b334853,cache.delete,,0.5,OK,cache-cluster,v1.0.0,37688a0952e74997afbfcc41322b8cba
live_ep_000013_BAD_DEPLOY,BAD_DEPLOY,inventory-service,48.5,1785925288.6037931,fdc9916604704d17815377a4619dfae6,0039b8896f1e4a35932f2ccf4b334853,http.client.post,,24.0,OK,user-db,v1.0.0,37688a0952e74997afbfcc41322b8cba
live_ep_000013_BAD_DEPLOY,BAD_DEPLOY,inventory-service,49.0,1785925289.103932,7c10d9c3c3e14d6ca39300c428223613,,GET /api/health,,147.54,ERROR,inventory-service,v1.0.0,5e15f2f9091641fca59ea5b021c188bd
live_ep_000013_BAD_DEPLOY,BAD_DEPLOY,inventory-service,49.0,1785925289.103932,2c3ac15f4a6e4f91a827c558e2b4ea67,7c10d9c3c3e14d6ca39300c428223613,db.query.delete,WRITE,17.52,ERROR,user-db,v1.0.0,5e15f2f9091641fca59ea5b021c188bd
live_ep_000013_BAD_DEPLOY,BAD_DEPLOY,inventory-service,49.0,1785925289.103932,b18dd1b80d724288b7ef9db016f2df8c,7c10d9c3c3e14d6ca39300c428223613,cache.set,,1.27,OK,cache-cluster,v1.0.0,5e15f2f9091641fca59ea5b021c188bd
live_ep_000013_BAD_DEPLOY,BAD_DEPLOY,inventory-service,49.0,1785925289.103932,dac8e3ee155a4abd9b7ccea8378e757b,7c10d9c3c3e14d6ca39300c428223613,grpc.call,,31.75,ERROR,cache-cluster,v1.0.0,5e15f2f9091641fca59ea5b021c188bd
live_ep_000013_BAD_DEPLOY,BAD_DEPLOY,inventory-service,49.5,1785925289.6042275,46256fcf96994e519dfcad1429b39e13,,GET /api/health,,157.57,ERROR,inventory-service,v1.0.0,3cf1e0ae9f924f728c2f0087f27e74fe
live_ep_000013_BAD_DEPLOY,BAD_DEPLOY,inventory-service,49.5,1785925289.6042275,61dbb62721414c8482216708acf257bb,46256fcf96994e519dfcad1429b39e13,db.query.insert,READ,15.53,ERROR,user-db,v1.0.0,3cf1e0ae9f924f728c2f0087f27e74fe
live_ep_000013_BAD_DEPLOY,BAD_DEPLOY,inventory-service,49.5,1785925289.6042275,753fa5851b47409e97476068d18f146d,46256fcf96994e519dfcad1429b39e13,db.query.delete,READ,14.78,OK,user-db,v1.0.0,3cf1e0ae9f924f728c2f0087f27e74fe
live_ep_000013_BAD_DEPLOY,BAD_DEPLOY,inventory-service,49.5,1785925289.6042275,28f6e947031c4ee3b6def09281dca234,46256fcf96994e519dfcad1429b39e13,cache.set,,0.66,OK,cache-cluster,v1.0.0,3cf1e0ae9f924f728c2f0087f27e74fe
live_ep_000013_BAD_DEPLOY,BAD_DEPLOY,inventory-service,50.0,1785925290.1043308,5d7c793f45f2473a92864b6e45c07106,,POST /api/payment,,132.08,OK,inventory-service,v1.0.0,dd33a4b56dd34021874feb945c19f906
live_ep_000013_BAD_DEPLOY,BAD_DEPLOY,inventory-service,50.0,1785925290.1043308,4d0436aeb9e14bf7a73bb2c20ce26650,5d7c793f45f2473a92864b6e45c07106,db.query.update,READ,9.79,ERROR,user-db,v1.0.0,dd33a4b56dd34021874feb945c19f906
live_ep_000013_BAD_DEPLOY,BAD_DEPLOY,inventory-service,50.0,1785925290.1043308,c99d2bc9232f40758259059152efec06,5d7c793f45f2473a92864b6e45c07106,db.query.update,WRITE,6.87,OK,user-db,v1.0.0,dd33a4b56dd34021874feb945c19f906
live_ep_000013_BAD_DEPLOY,BAD_DEPLOY,inventory-service,50.0,1785925290.1043308,632f67758cc241189aab6b3b8ee4f654,5d7c793f45f2473a92864b6e45c07106,grpc.call,,26.69,OK,inventory-api,v1.0.0,dd33a4b56dd34021874feb945c19f906
live_ep_000013_BAD_DEPLOY,BAD_DEPLOY,inventory-service,50.5,1785925290.606928,b80e82f0cf994554b8eb552b2b255842,,GET /api/auth,,141.76,OK,inventory-service,v1.0.0,cadaabfbf2b540b090313a8ea728118e
live_ep_000013_BAD_DEPLOY,BAD_DEPLOY,inventory-service,50.5,1785925290.606928,f9950f2b11324f2c8af83e13ffd7815c,b80e82f0cf994554b8eb552b2b255842,db.query.delete,READ,21.99,OK,user-db,v1.0.0,cadaabfbf2b540b090313a8ea728118e
live_ep_000013_BAD_DEPLOY,BAD_DEPLOY,inventory-service,50.5,1785925290.606928,7f2004d9d4374b20ac45c1e92d30e8ed,b80e82f0cf994554b8eb552b2b255842,db.query.update,READ,34.45,OK,user-db,v1.0.0,cadaabfbf2b540b090313a8ea728118e
live_ep_000013_BAD_DEPLOY,BAD_DEPLOY,inventory-service,50.5,1785925290.606928,95d5c219ab0d4983ac44e17d34e3596f,b80e82f0cf994554b8eb552b2b255842,cache.delete,,0.5,OK,cache-cluster,v1.0.0,cadaabfbf2b540b090313a8ea728118e
live_ep_000013_BAD_DEPLOY,BAD_DEPLOY,inventory-service,50.5,1785925290.606928,5246143799ee439d874b8b3eebf27b0c,b80e82f0cf994554b8eb552b2b255842,http.client.post,,21.26,ERROR,inventory-api,v1.0.0,cadaabfbf2b540b090313a8ea728118e
live_ep_000013_BAD_DEPLOY,BAD_DEPLOY,inventory-service,51.0,1785925291.1125035,a5969a3bc0094061a13119f0a0543bf1,,POST /api/payment,,165.62,ERROR,inventory-service,v1.0.0,30d2accfade74865a8a1621176aa52c3
live_ep_000013_BAD_DEPLOY,BAD_DEPLOY,inventory-service,51.0,1785925291.1125035,07d3c7c6a6a44614a95ca68af11de571,a5969a3bc0094061a13119f0a0543bf1,db.query.select,WRITE,4.05,OK,user-db,v1.0.0,30d2accfade74865a8a1621176aa52c3
live_ep_000013_BAD_DEPLOY,BAD_DEPLOY,inventory-service,51.0,1785925291.1125035,c4aabdca96ee4b848087a74839da85e3,a5969a3bc0094061a13119f0a0543bf1,db.query.select,READ,3.97,OK,user-db,v1.0.0,30d2accfade74865a8a1621176aa52c3
live_ep_000013_BAD_DEPLOY,BAD_DEPLOY,inventory-service,51.0,1785925291.1125035,ed89224bc4864a54b2fa6ae8e69ea674,a5969a3bc0094061a13119f0a0543bf1,cache.set,,1.06,OK,cache-cluster,v1.0.0,30d2accfade74865a8a1621176aa52c3
live_ep_000013_BAD_DEPLOY,BAD_DEPLOY,inventory-service,51.0,1785925291.1125035,40dcc5596b8344b193792f116d571b9a,a5969a3bc0094061a13119f0a0543bf1,grpc.call,,22.79,ERROR,payment-gateway,v1.0.0,30d2accfade74865a8a1621176aa52c3
live_ep_000013_BAD_DEPLOY,BAD_DEPLOY,inventory-service,51.5,1785925291.612948,27a60362f2264e238c7abba2c83334c3,,GET /api/auth,,151.8,ERROR,inventory-service,v1.0.0,f99521a052fe42adb18a1335a35531d9
live_ep_000013_BAD_DEPLOY,BAD_DEPLOY,inventory-service,51.5,1785925291.612948,0ab44248feac414bac7eeecee721ac36,27a60362f2264e238c7abba2c83334c3,db.transaction,READ,16.95,OK,user-db,v1.0.0,f99521a052fe42adb18a1335a35531d9
live_ep_000013_BAD_DEPLOY,BAD_DEPLOY,inventory-service,52.0,1785925292.1130934,c41f1a6d124f4127b658c500667c2086,,POST /api/payment,,203.44,OK,inventory-service,v1.0.0,8a5b4f8ed179479fb030f484615d67a9
live_ep_000013_BAD_DEPLOY,BAD_DEPLOY,inventory-service,52.0,1785925292.1130934,d5510863c42742c3bbeaee46b84ba4f4,c41f1a6d124f4127b658c500667c2086,db.query.select,WRITE,37.01,OK,user-db,v1.0.0,8a5b4f8ed179479fb030f484615d67a9
live_ep_000013_BAD_DEPLOY,BAD_DEPLOY,inventory-service,52.0,1785925292.1130934,7312827667b240c483479f84cdbe9ab0,c41f1a6d124f4127b658c500667c2086,cache.get,,1.97,OK,cache-cluster,v1.0.0,8a5b4f8ed179479fb030f484615d67a9
live_ep_000013_BAD_DEPLOY,BAD_DEPLOY,inventory-service,52.0,1785925292.1130934,8b1bea3c8c7e4a71a9ef4edde6fd8987,c41f1a6d124f4127b658c500667c2086,grpc.call,,36.23,ERROR,payment-gateway,v1.0.0,8a5b4f8ed179479fb030f484615d67a9
live_ep_000013_BAD_DEPLOY,BAD_DEPLOY,inventory-service,52.5,1785925292.6135185,850acb9728d74da9b934531c3e5021e4,,PUT /api/inventory,,114.57,OK,inventory-service,v1.0.0,6920c89ecefe4188bdee75a19a9f1255
live_ep_000013_BAD_DEPLOY,BAD_DEPLOY,inventory-service,52.5,1785925292.6135185,d704cfa4b3004f01a43181c4b1a46274,850acb9728d74da9b934531c3e5021e4,db.transaction,READ,26.72,OK,user-db,v1.0.0,6920c89ecefe4188bdee75a19a9f1255
live_ep_000013_BAD_DEPLOY,BAD_DEPLOY,inventory-service,52.5,1785925292.6135185,b9d0f1b06d444f5ebff8c5429dc9c438,850acb9728d74da9b934531c3e5021e4,db.transaction,WRITE,27.39,ERROR,user-db,v1.0.0,6920c89ecefe4188bdee75a19a9f1255
live_ep_000013_BAD_DEPLOY,BAD_DEPLOY,inventory-service,52.5,1785925292.6135185,4c68e87d667a4653b2d472b1b3938c86,850acb9728d74da9b934531c3e5021e4,cache.set,,1.61,OK,cache-cluster,v1.0.0,6920c89ecefe4188bdee75a19a9f1255
live_ep_000013_BAD_DEPLOY,BAD_DEPLOY,inventory-service,52.5,1785925292.6135185,7888b513b4c7413e80e42782ace07d89,850acb9728d74da9b934531c3e5021e4,http.client.post,,50.04,OK,inventory-api,v1.0.0,6920c89ecefe4188bdee75a19a9f1255
live_ep_000013_BAD_DEPLOY,BAD_DEPLOY,inventory-service,53.0,1785925293.1136563,c879ba90bb7240ab8a4a6cce9a839f68,,GET /api/auth,,184.15,OK,inventory-service,v1.0.0,8dd54189da9045a9914ff47f018605f3
live_ep_000013_BAD_DEPLOY,BAD_DEPLOY,inventory-service,53.0,1785925293.1136563,c899b86a13f8491990c084e65980805a,c879ba90bb7240ab8a4a6cce9a839f68,db.query.update,WRITE,46.08,OK,user-db,v1.0.0,8dd54189da9045a9914ff47f018605f3
live_ep_000013_BAD_DEPLOY,BAD_DEPLOY,inventory-service,53.0,1785925293.1136563,360408b59453424e8e891edcc11130da,c879ba90bb7240ab8a4a6cce9a839f68,db.transaction,READ,25.08,ERROR,user-db,v1.0.0,8dd54189da9045a9914ff47f018605f3
live_ep_000013_BAD_DEPLOY,BAD_DEPLOY,inventory-service,53.5,1785925293.6141937,9cf6e949b32a4ef29ce6484b9949d1c4,,POST /api/payment,,150.88,ERROR,inventory-service,v1.0.0,ac0dbd16bb4e43489a5cd8de87c5f3f1
live_ep_000013_BAD_DEPLOY,BAD_DEPLOY,inventory-service,53.5,1785925293.6141937,504883719ec4427da50afcec911a2c59,9cf6e949b32a4ef29ce6484b9949d1c4,db.query.select,WRITE,14.33,OK,user-db,v1.0.0,ac0dbd16bb4e43489a5cd8de87c5f3f1
live_ep_000013_BAD_DEPLOY,BAD_DEPLOY,inventory-service,54.0,1785925294.1144936,f3294461d216465a8bceeb9f2aef8991,,GET /api/order,,96.4,ERROR,inventory-service,v1.0.0,3c67edb9584c483c84d73c69b2e61943
live_ep_000013_BAD_DEPLOY,BAD_DEPLOY,inventory-service,54.0,1785925294.1144936,7cd8ed146a8840d0aacd50b14ef779cd,f3294461d216465a8bceeb9f2aef8991,db.query.delete,READ,13.69,OK,user-db,v1.0.0,3c67edb9584c483c84d73c69b2e61943
live_ep_000013_BAD_DEPLOY,BAD_DEPLOY,inventory-service,54.0,1785925294.1144936,f1bf4d40539748baa8d8097502265523,f3294461d216465a8bceeb9f2aef8991,db.transaction,READ,11.64,OK,user-db,v1.0.0,3c67edb9584c483c84d73c69b2e61943
live_ep_000013_BAD_DEPLOY,BAD_DEPLOY,inventory-service,54.0,1785925294.1144936,199126f835ee463f92afd64788327099,f3294461d216465a8bceeb9f2aef8991,cache.set,,3.95,OK,cache-cluster,v1.0.0,3c67edb9584c483c84d73c69b2e61943
live_ep_000013_BAD_DEPLOY,BAD_DEPLOY,inventory-service,54.5,1785925294.614995,f0223ac013864fc5a2ccf06a24328e46,,GET /api/auth,,147.13,ERROR,inventory-service,v1.0.0,11163da6ffaf4c57a122881c74618063
live_ep_000013_BAD_DEPLOY,BAD_DEPLOY,inventory-service,54.5,1785925294.614995,d9ca9444872541678b78029848654736,f0223ac013864fc5a2ccf06a24328e46,db.transaction,WRITE,13.39,ERROR,user-db,v1.0.0,11163da6ffaf4c57a122881c74618063
live_ep_000013_BAD_DEPLOY,BAD_DEPLOY,inventory-service,54.5,1785925294.614995,9ea85ec49a0644ffb2e940ee6974badb,f0223ac013864fc5a2ccf06a24328e46,db.query.insert,WRITE,7.82,OK,user-db,v1.0.0,11163da6ffaf4c57a122881c74618063
live_ep_000013_BAD_DEPLOY,BAD_DEPLOY,inventory-service,54.5,1785925294.614995,4f2ba4aaa6dc46beadf518cfad4a7151,f0223ac013864fc5a2ccf06a24328e46,cache.get,,2.29,OK,cache-cluster,v1.0.0,11163da6ffaf4c57a122881c74618063
live_ep_000013_BAD_DEPLOY,BAD_DEPLOY,inventory-service,55.0,1785925295.1157062,753704e9ae474c368bb16d7e235273fe,,POST /api/payment,,150.61,OK,inventory-service,v1.0.0,6a915923f8ac4302ab986a521f49c545
live_ep_000013_BAD_DEPLOY,BAD_DEPLOY,inventory-service,55.0,1785925295.1157062,d54d27ebf66a47f6b3866d093b762d79,753704e9ae474c368bb16d7e235273fe,db.query.insert,WRITE,44.13,OK,user-db,v1.0.0,6a915923f8ac4302ab986a521f49c545
live_ep_000013_BAD_DEPLOY,BAD_DEPLOY,inventory-service,55.0,1785925295.1157062,ff42b6dfbb5b4b76af6ec22971cd7278,753704e9ae474c368bb16d7e235273fe,db.query.update,READ,36.48,OK,user-db,v1.0.0,6a915923f8ac4302ab986a521f49c545
live_ep_000013_BAD_DEPLOY,BAD_DEPLOY,inventory-service,55.0,1785925295.1157062,81a0567193674626b9f45a74aa553d8f,753704e9ae474c368bb16d7e235273fe,cache.delete,,0.7,OK,cache-cluster,v1.0.0,6a915923f8ac4302ab986a521f49c545
live_ep_000013_BAD_DEPLOY,BAD_DEPLOY,inventory-service,55.5,1785925295.615954,541f1f097f6d40559ce68eef20b3bcef,,POST /api/payment,,155.54,OK,inventory-service,v1.0.0,87e374443b4c4561903b15282097db3c
live_ep_000013_BAD_DEPLOY,BAD_DEPLOY,inventory-service,55.5,1785925295.615954,810510bad1ca468695fbd87272404faa,541f1f097f6d40559ce68eef20b3bcef,db.query.update,READ,32.69,OK,user-db,v1.0.0,87e374443b4c4561903b15282097db3c
live_ep_000013_BAD_DEPLOY,BAD_DEPLOY,inventory-service,55.5,1785925295.615954,02d4ffb2697447b68892ef7469762ca6,541f1f097f6d40559ce68eef20b3bcef,db.query.update,WRITE,35.27,ERROR,user-db,v1.0.0,87e374443b4c4561903b15282097db3c
live_ep_000013_BAD_DEPLOY,BAD_DEPLOY,inventory-service,55.5,1785925295.615954,1a32bb29078c4a5eb445595b4b613a18,541f1f097f6d40559ce68eef20b3bcef,cache.set,,1.1,OK,cache-cluster,v1.0.0,87e374443b4c4561903b15282097db3c
live_ep_000013_BAD_DEPLOY,BAD_DEPLOY,inventory-service,56.0,1785925296.1160672,54cc83f57e6a471181f8627c9cc52c6a,,GET /api/auth,,200.07,ERROR,inventory-service,v1.0.0,f6cfa2cd384143499b4db2e4014e8661
live_ep_000013_BAD_DEPLOY,BAD_DEPLOY,inventory-service,56.0,1785925296.1160672,4254c376c43943e5b38ea7c913d79057,54cc83f57e6a471181f8627c9cc52c6a,db.query.update,READ,8.46,OK,user-db,v1.0.0,f6cfa2cd384143499b4db2e4014e8661
live_ep_000013_BAD_DEPLOY,BAD_DEPLOY,inventory-service,56.0,1785925296.1160672,465f35e517e94c728286e487cc3bafcb,54cc83f57e6a471181f8627c9cc52c6a,db.query.delete,WRITE,16.81,OK,user-db,v1.0.0,f6cfa2cd384143499b4db2e4014e8661
live_ep_000013_BAD_DEPLOY,BAD_DEPLOY,inventory-service,56.0,1785925296.1160672,a80997cb0c18422fa876f2b3bd983739,54cc83f57e6a471181f8627c9cc52c6a,grpc.call,,12.69,ERROR,cache-cluster,v1.0.0,f6cfa2cd384143499b4db2e4014e8661
live_ep_000013_BAD_DEPLOY,BAD_DEPLOY,inventory-service,56.5,1785925296.6187682,aedff828b6634e399e17c307244a9554,,GET /api/health,,129.55,OK,inventory-service,v1.0.0,891e9166796e41288984955648fb147e
live_ep_000013_BAD_DEPLOY,BAD_DEPLOY,inventory-service,56.5,1785925296.6187682,22f62973e3ae43fe9e36c8386aae7c48,aedff828b6634e399e17c307244a9554,db.query.select,READ,28.65,OK,user-db,v1.0.0,891e9166796e41288984955648fb147e
live_ep_000013_BAD_DEPLOY,BAD_DEPLOY,inventory-service,56.5,1785925296.6187682,b9e9eeacfb974c42a028cafd40e5758d,aedff828b6634e399e17c307244a9554,db.query.select,READ,37.81,OK,user-db,v1.0.0,891e9166796e41288984955648fb147e
live_ep_000013_BAD_DEPLOY,BAD_DEPLOY,inventory-service,56.5,1785925296.6187682,9114c3dfc9a141cfb8f5e7c5382160a9,aedff828b6634e399e17c307244a9554,cache.delete,,1.59,OK,cache-cluster,v1.0.0,891e9166796e41288984955648fb147e
live_ep_000013_BAD_DEPLOY,BAD_DEPLOY,inventory-service,57.0,1785925297.1192193,341db9dc9d944bf9965eb8120e79801c,,GET /api/auth,,189.25,OK,inventory-service,v1.0.0,216e420855914869a2cc6b3758a126ad
live_ep_000013_BAD_DEPLOY,BAD_DEPLOY,inventory-service,57.0,1785925297.1192193,4e237024fb8148aaaa0699160a885ddd,341db9dc9d944bf9965eb8120e79801c,db.query.select,WRITE,11.23,ERROR,user-db,v1.0.0,216e420855914869a2cc6b3758a126ad
live_ep_000013_BAD_DEPLOY,BAD_DEPLOY,inventory-service,57.0,1785925297.1192193,3cb1109d5e7b4e47940efa66e9b16055,341db9dc9d944bf9965eb8120e79801c,cache.delete,,0.5,OK,cache-cluster,v1.0.0,216e420855914869a2cc6b3758a126ad
live_ep_000013_BAD_DEPLOY,BAD_DEPLOY,inventory-service,57.5,1785925297.6195881,4e0b383dc5ab43f2a1983fb8fe010c50,,PUT /api/inventory,,155.53,OK,inventory-service,v1.0.0,c6357196974b4878a99c4e2200ee592c
live_ep_000013_BAD_DEPLOY,BAD_DEPLOY,inventory-service,57.5,1785925297.6195881,e9ed18ec63f9447fb845cc1899ecacb2,4e0b383dc5ab43f2a1983fb8fe010c50,db.query.insert,READ,37.84,OK,user-db,v1.0.0,c6357196974b4878a99c4e2200ee592c
live_ep_000013_BAD_DEPLOY,BAD_DEPLOY,inventory-service,57.5,1785925297.6195881,0fd8c0a8ce3942758c75072e01f7fe04,4e0b383dc5ab43f2a1983fb8fe010c50,db.query.delete,READ,27.11,OK,user-db,v1.0.0,c6357196974b4878a99c4e2200ee592c
live_ep_000013_BAD_DEPLOY,BAD_DEPLOY,inventory-service,58.0,1785925298.1202478,b8cc8e0c58e84c46a799b9d9b4bfd8d4,,POST /api/payment,,123.91,ERROR,inventory-service,v1.0.0,240b5000ff8449f295f7a1c4874a26c5
live_ep_000013_BAD_DEPLOY,BAD_DEPLOY,inventory-service,58.0,1785925298.1202478,cf759c40e0c74e7992accd9319b01dd6,b8cc8e0c58e84c46a799b9d9b4bfd8d4,db.transaction,READ,32.07,OK,user-db,v1.0.0,240b5000ff8449f295f7a1c4874a26c5
live_ep_000013_BAD_DEPLOY,BAD_DEPLOY,inventory-service,58.0,1785925298.1202478,0449c0bd461c4007b60ec18506b9ea18,b8cc8e0c58e84c46a799b9d9b4bfd8d4,db.transaction,READ,32.3,OK,user-db,v1.0.0,240b5000ff8449f295f7a1c4874a26c5
live_ep_000013_BAD_DEPLOY,BAD_DEPLOY,inventory-service,58.5,1785925298.6208792,ed29b02709cf4d6c87fb41b8b75f2e04,,POST /api/payment,,193.01,ERROR,inventory-service,v1.0.0,6440ee7c7e7240c4b821d668a3c7853a
live_ep_000013_BAD_DEPLOY,BAD_DEPLOY,inventory-service,58.5,1785925298.6208792,670297fe45224af1a8fb3e665e8b2a9c,ed29b02709cf4d6c87fb41b8b75f2e04,db.query.insert,READ,15.48,OK,user-db,v1.0.0,6440ee7c7e7240c4b821d668a3c7853a
live_ep_000013_BAD_DEPLOY,BAD_DEPLOY,inventory-service,58.5,1785925298.6208792,5103773da22b4c85a2948aa931aed518,ed29b02709cf4d6c87fb41b8b75f2e04,db.query.insert,READ,24.09,OK,user-db,v1.0.0,6440ee7c7e7240c4b821d668a3c7853a
live_ep_000013_BAD_DEPLOY,BAD_DEPLOY,inventory-service,58.5,1785925298.6208792,670d0516b80f43679c3a32a058243855,ed29b02709cf4d6c87fb41b8b75f2e04,cache.delete,,3.02,OK,cache-cluster,v1.0.0,6440ee7c7e7240c4b821d668a3c7853a
live_ep_000013_BAD_DEPLOY,BAD_DEPLOY,inventory-service,59.0,1785925299.121249,bbd1546645174b6a987dac132e637086,,POST /api/checkout,,147.56,ERROR,inventory-service,v1.0.0,ffcd02d7472448cc99abe88aae5048b6
live_ep_000013_BAD_DEPLOY,BAD_DEPLOY,inventory-service,59.0,1785925299.121249,e483923614d341a697194ffe0e29c6ed,bbd1546645174b6a987dac132e637086,db.query.insert,WRITE,35.29,OK,user-db,v1.0.0,ffcd02d7472448cc99abe88aae5048b6
live_ep_000013_BAD_DEPLOY,BAD_DEPLOY,inventory-service,59.5,1785925299.6215613,cbff33a983e649b7a29bebf93f808e50,,GET /api/health,,143.13,OK,inventory-service,v1.0.0,3dcad0b0a7da4be58de3d6cbbb7f65bf
live_ep_000013_BAD_DEPLOY,BAD_DEPLOY,inventory-service,59.5,1785925299.6215613,7efd1ad52b1e40a19417e13baac23669,cbff33a983e649b7a29bebf93f808e50,db.query.delete,WRITE,34.89,OK,user-db,v1.0.0,3dcad0b0a7da4be58de3d6cbbb7f65bf
live_ep_000013_BAD_DEPLOY,BAD_DEPLOY,inventory-service,59.5,1785925299.6215613,2789b768128b4054b78c0ec77acd47d1,cbff33a983e649b7a29bebf93f808e50,cache.get,,0.5,OK,cache-cluster,v1.0.0,3dcad0b0a7da4be58de3d6cbbb7f65bf
live_ep_000013_BAD_DEPLOY,BAD_DEPLOY,inventory-service,59.5,1785925299.6215613,09b980d32d8b4d7ca8e6facccee35151,cbff33a983e649b7a29bebf93f808e50,grpc.call,,31.89,ERROR,inventory-api,v1.0.0,3dcad0b0a7da4be58de3d6cbbb7f65bf
live_ep_000014_NONE,NONE,inventory-service,0.0,1785925300.1536736,1147cd442919409ca512b0d7b8668d9b,,POST /api/checkout,,74.6,OK,inventory-service,v1.1.0,a9314674a09a4ef6a9d211a503236284
live_ep_000014_NONE,NONE,inventory-service,0.0,1785925300.1536736,28b2b4780008411daca6d0dde779e9e9,1147cd442919409ca512b0d7b8668d9b,db.transaction,WRITE,20.15,OK,user-db,v1.1.0,a9314674a09a4ef6a9d211a503236284
live_ep_000014_NONE,NONE,inventory-service,0.0,1785925300.1536736,3c78c0f00677411ba2565178f19b403a,1147cd442919409ca512b0d7b8668d9b,db.query.select,READ,32.5,OK,user-db,v1.1.0,a9314674a09a4ef6a9d211a503236284
live_ep_000014_NONE,NONE,inventory-service,0.0,1785925300.1536736,2792091731eb452aa591a049c06b82d1,1147cd442919409ca512b0d7b8668d9b,cache.get,,1.68,OK,cache-cluster,v1.1.0,a9314674a09a4ef6a9d211a503236284
live_ep_000014_NONE,NONE,inventory-service,0.5,1785925300.6549299,72c7732c30864d8ea4d01404a74838a8,,POST /api/payment,,127.8,OK,inventory-service,v1.1.0,929790cbc0694da9b38f7d98c11a4360
live_ep_000014_NONE,NONE,inventory-service,0.5,1785925300.6549299,f96fee5f5b8044888c2269cf25bd42ab,72c7732c30864d8ea4d01404a74838a8,db.query.delete,WRITE,30.15,OK,user-db,v1.1.0,929790cbc0694da9b38f7d98c11a4360
live_ep_000014_NONE,NONE,inventory-service,0.5,1785925300.6549299,a841245e59fe48e09c184ca8a916689d,72c7732c30864d8ea4d01404a74838a8,db.query.update,WRITE,13.15,OK,user-db,v1.1.0,929790cbc0694da9b38f7d98c11a4360
live_ep_000014_NONE,NONE,inventory-service,0.5,1785925300.6549299,c2498ed648cc43829cbf30ecc9789ff0,72c7732c30864d8ea4d01404a74838a8,cache.get,,2.31,OK,cache-cluster,v1.1.0,929790cbc0694da9b38f7d98c11a4360
live_ep_000014_NONE,NONE,inventory-service,1.0,1785925301.1572096,4446d003f53f476ab58a474f68a664c2,,POST /api/payment,,130.36,OK,inventory-service,v1.1.0,b36c938d04f84c08a29ee05d36bfdaaf
live_ep_000014_NONE,NONE,inventory-service,1.0,1785925301.1572096,88b59b536ce04a4bb44c6ea367b61547,4446d003f53f476ab58a474f68a664c2,db.query.insert,READ,13.72,OK,user-db,v1.1.0,b36c938d04f84c08a29ee05d36bfdaaf
live_ep_000014_NONE,NONE,inventory-service,1.0,1785925301.1572096,823a653b76654d86af2a77cee258ce0a,4446d003f53f476ab58a474f68a664c2,db.query.insert,WRITE,16.76,OK,user-db,v1.1.0,b36c938d04f84c08a29ee05d36bfdaaf
live_ep_000014_NONE,NONE,inventory-service,1.0,1785925301.1572096,58e9eda29fd34277aa8743e0505538f7,4446d003f53f476ab58a474f68a664c2,cache.delete,,1.77,OK,cache-cluster,v1.1.0,b36c938d04f84c08a29ee05d36bfdaaf
live_ep_000014_NONE,NONE,inventory-service,1.0,1785925301.1572096,0ce9b236472040698001bd5b40a199ab,4446d003f53f476ab58a474f68a664c2,grpc.call,,27.23,OK,payment-gateway,v1.1.0,b36c938d04f84c08a29ee05d36bfdaaf
live_ep_000014_NONE,NONE,inventory-service,1.5,1785925301.6580203,00f2c26782204d88bee308d19806002c,,PUT /api/inventory,,114.5,OK,inventory-service,v1.1.0,a98ef42213e848c5adaead31f29dd712
live_ep_000014_NONE,NONE,inventory-service,1.5,1785925301.6580203,b37913dc4ad4497dbb691c11f6721a75,00f2c26782204d88bee308d19806002c,db.transaction,READ,13.32,OK,user-db,v1.1.0,a98ef42213e848c5adaead31f29dd712
live_ep_000014_NONE,NONE,inventory-service,1.5,1785925301.6580203,ba942a88715c481585fdd4eb9836afcb,00f2c26782204d88bee308d19806002c,db.query.select,READ,25.18,OK,user-db,v1.1.0,a98ef42213e848c5adaead31f29dd712
live_ep_000014_NONE,NONE,inventory-service,1.5,1785925301.6580203,5e02b1bd827c4034be986ed412e2d4f1,00f2c26782204d88bee308d19806002c,grpc.call,,26.93,OK,payment-gateway,v1.1.0,a98ef42213e848c5adaead31f29dd712
live_ep_000014_NONE,NONE,inventory-service,2.0,1785925302.1581674,be930b6817314085a18761a4223fec3e,,GET /api/auth,,142.4,OK,inventory-service,v1.1.0,d110896622594d399c75e53fe988fe30
live_ep_000014_NONE,NONE,inventory-service,2.0,1785925302.1581674,1c3574dac93e4da498e297d3f6c00451,be930b6817314085a18761a4223fec3e,db.query.select,READ,8.14,OK,user-db,v1.1.0,d110896622594d399c75e53fe988fe30
live_ep_000014_NONE,NONE,inventory-service,2.5,1785925302.6582825,1fccf07915fb4148965b47a5c4a33a0d,,POST /api/checkout,,122.74,OK,inventory-service,v1.1.0,af055d9da8b14166af2919a577fda6d7
live_ep_000014_NONE,NONE,inventory-service,2.5,1785925302.6582825,959b2fcec2e24f27afcd089af6d5ddae,1fccf07915fb4148965b47a5c4a33a0d,db.transaction,WRITE,28.96,OK,user-db,v1.1.0,af055d9da8b14166af2919a577fda6d7
live_ep_000014_NONE,NONE,inventory-service,2.5,1785925302.6582825,0e47ccc87b6a496684857d92562aba84,1fccf07915fb4148965b47a5c4a33a0d,db.transaction,READ,23.27,OK,user-db,v1.1.0,af055d9da8b14166af2919a577fda6d7
live_ep_000014_NONE,NONE,inventory-service,2.5,1785925302.6582825,310e33c16e544ea497f05c7549526f8b,1fccf07915fb4148965b47a5c4a33a0d,cache.delete,,1.08,OK,cache-cluster,v1.1.0,af055d9da8b14166af2919a577fda6d7
live_ep_000014_NONE,NONE,inventory-service,2.5,1785925302.6582825,79254b00e45640aea45a9a6531cbaa1e,1fccf07915fb4148965b47a5c4a33a0d,http.client.get,,33.11,OK,inventory-api,v1.1.0,af055d9da8b14166af2919a577fda6d7
live_ep_000014_NONE,NONE,inventory-service,3.0,1785925303.158659,9833f8939bfc44758496ee677a8185e4,,POST /api/checkout,,111.24,OK,inventory-service,v1.1.0,e31f3b5ca67242768916b997c201f98c
live_ep_000014_NONE,NONE,inventory-service,3.0,1785925303.158659,654a514357b54492a8079b359bdeda4d,9833f8939bfc44758496ee677a8185e4,db.query.delete,WRITE,14.78,OK,user-db,v1.1.0,e31f3b5ca67242768916b997c201f98c
live_ep_000014_NONE,NONE,inventory-service,3.0,1785925303.158659,bb739775eb0f41989ac66886041962c2,9833f8939bfc44758496ee677a8185e4,db.query.insert,READ,12.55,OK,user-db,v1.1.0,e31f3b5ca67242768916b997c201f98c
live_ep_000014_NONE,NONE,inventory-service,3.0,1785925303.158659,9562afb4d5e849ae8d561805b87c1a05,9833f8939bfc44758496ee677a8185e4,cache.get,,1.0,OK,cache-cluster,v1.1.0,e31f3b5ca67242768916b997c201f98c
live_ep_000014_NONE,NONE,inventory-service,3.0,1785925303.158659,9d7aa95354bd4ba594f757b7ad5223ee,9833f8939bfc44758496ee677a8185e4,grpc.call,,38.56,OK,inventory-api,v1.1.0,e31f3b5ca67242768916b997c201f98c
live_ep_000014_NONE,NONE,inventory-service,3.5,1785925303.6588676,1280d1d09ba9481ca262a2e2d4d32f7a,,GET /api/auth,,104.62,OK,inventory-service,v1.1.0,6b933333fd174fceb9533a051993910f
live_ep_000014_NONE,NONE,inventory-service,3.5,1785925303.6588676,aaa77be8b6be4cff98fce0433bd0bdaa,1280d1d09ba9481ca262a2e2d4d32f7a,db.query.select,READ,10.14,OK,user-db,v1.1.0,6b933333fd174fceb9533a051993910f
live_ep_000014_NONE,NONE,inventory-service,3.5,1785925303.6588676,c31daf3cf1ba466cacc0b2dc8e4f3640,1280d1d09ba9481ca262a2e2d4d32f7a,db.query.delete,WRITE,8.21,OK,user-db,v1.1.0,6b933333fd174fceb9533a051993910f
live_ep_000014_NONE,NONE,inventory-service,3.5,1785925303.6588676,7da5e3f72fc24bfdb7af2e4ca68959fb,1280d1d09ba9481ca262a2e2d4d32f7a,cache.set,,2.6,OK,cache-cluster,v1.1.0,6b933333fd174fceb9533a051993910f
live_ep_000014_NONE,NONE,inventory-service,3.5,1785925303.6588676,5b0d10d5a2c74ba8b0cc45136993b67e,1280d1d09ba9481ca262a2e2d4d32f7a,http.client.get,,20.37,OK,user-db,v1.1.0,6b933333fd174fceb9533a051993910f
live_ep_000014_NONE,NONE,inventory-service,4.0,1785925304.1589344,673ee39c0d5348d0b48455c016ab50ee,,GET /api/health,,105.75,OK,inventory-service,v1.1.0,7f0a10c502d94c1fbd39a4c769ed2a25
live_ep_000014_NONE,NONE,inventory-service,4.0,1785925304.1589344,344c97ff0d634aedaa65f88430393820,673ee39c0d5348d0b48455c016ab50ee,db.query.delete,WRITE,35.43,OK,user-db,v1.1.0,7f0a10c502d94c1fbd39a4c769ed2a25
live_ep_000014_NONE,NONE,inventory-service,4.0,1785925304.1589344,63c2d1e102c049be94b8e0be5cc49a32,673ee39c0d5348d0b48455c016ab50ee,db.query.insert,READ,25.68,OK,user-db,v1.1.0,7f0a10c502d94c1fbd39a4c769ed2a25
live_ep_000014_NONE,NONE,inventory-service,4.5,1785925304.6593988,e8163157e52b44e88bb536b4d2051893,,POST /api/payment,,106.21,OK,inventory-service,v1.1.0,de3d07651c2945969753869287b57167
live_ep_000014_NONE,NONE,inventory-service,4.5,1785925304.6593988,c204aa298fe740f7a0322613c0377e9e,e8163157e52b44e88bb536b4d2051893,db.query.select,WRITE,28.78,OK,user-db,v1.1.0,de3d07651c2945969753869287b57167
live_ep_000014_NONE,NONE,inventory-service,4.5,1785925304.6593988,7c2ec0d52ecb4f59af1c91e84379ea7a,e8163157e52b44e88bb536b4d2051893,db.query.delete,WRITE,30.96,OK,user-db,v1.1.0,de3d07651c2945969753869287b57167
live_ep_000014_NONE,NONE,inventory-service,4.5,1785925304.6593988,1b247e8c2d2e4e43b211f81ac44c6f84,e8163157e52b44e88bb536b4d2051893,http.client.post,,39.05,ERROR,user-db,v1.1.0,de3d07651c2945969753869287b57167
live_ep_000014_NONE,NONE,inventory-service,5.0,1785925305.159879,1c543a19a2524d02baddef30b28b2823,,POST /api/payment,,150.27,OK,inventory-service,v1.1.0,1342fb5bef694ba3bfecb9f8e657791d
live_ep_000014_NONE,NONE,inventory-service,5.0,1785925305.159879,21fe662b35344b2d90cc94be5af06ab1,1c543a19a2524d02baddef30b28b2823,db.query.insert,WRITE,17.17,OK,user-db,v1.1.0,1342fb5bef694ba3bfecb9f8e657791d
live_ep_000014_NONE,NONE,inventory-service,5.0,1785925305.159879,6dee106f90a741dfb0c35b8582a2f601,1c543a19a2524d02baddef30b28b2823,cache.delete,,1.93,OK,cache-cluster,v1.1.0,1342fb5bef694ba3bfecb9f8e657791d
live_ep_000014_NONE,NONE,inventory-service,5.5,1785925305.6603754,e62aca153c3c4298be78db12cad81806,,GET /api/order,,103.77,OK,inventory-service,v1.1.0,6dc3cc9e0d8048b097d895f411dce9bb
live_ep_000014_NONE,NONE,inventory-service,5.5,1785925305.6603754,f03f23475bae44f9b6eb82f827edca2e,e62aca153c3c4298be78db12cad81806,db.transaction,READ,13.19,OK,user-db,v1.1.0,6dc3cc9e0d8048b097d895f411dce9bb
live_ep_000014_NONE,NONE,inventory-service,5.5,1785925305.6603754,2db6b6985c5147d3a13221ec4a15153d,e62aca153c3c4298be78db12cad81806,db.query.delete,WRITE,27.39,OK,user-db,v1.1.0,6dc3cc9e0d8048b097d895f411dce9bb
live_ep_000014_NONE,NONE,inventory-service,5.5,1785925305.6603754,8eaeb0335d9c4180b341ea5230efc77e,e62aca153c3c4298be78db12cad81806,cache.delete,,2.27,OK,cache-cluster,v1.1.0,6dc3cc9e0d8048b097d895f411dce9bb
live_ep_000014_NONE,NONE,inventory-service,6.0,1785925306.160928,8f342487276e4188b2ae0113c6b60889,,POST /api/payment,,95.73,OK,inventory-service,v1.1.0,b20cfc120ea244999a870b25d126634e
live_ep_000014_NONE,NONE,inventory-service,6.0,1785925306.160928,8cf55ff5f34643349230cb9fd4ffa7e7,8f342487276e4188b2ae0113c6b60889,db.query.delete,WRITE,24.94,OK,user-db,v1.1.0,b20cfc120ea244999a870b25d126634e
live_ep_000014_NONE,NONE,inventory-service,6.0,1785925306.160928,d1cf89bcfcd84b4991e63d74e3eadab8,8f342487276e4188b2ae0113c6b60889,db.query.insert,WRITE,30.06,OK,user-db,v1.1.0,b20cfc120ea244999a870b25d126634e
live_ep_000014_NONE,NONE,inventory-service,6.0,1785925306.160928,5cbf9a659cdc4363bf924f6e5fed2cd1,8f342487276e4188b2ae0113c6b60889,http.client.get,,45.11,OK,inventory-api,v1.1.0,b20cfc120ea244999a870b25d126634e
live_ep_000014_NONE,NONE,inventory-service,6.5,1785925306.6612704,486f8f7567b94d03ac0a6014ccc5a037,,PUT /api/inventory,,123.36,OK,inventory-service,v1.1.0,601bea76ca7c426b8e62664a302e90f8
live_ep_000014_NONE,NONE,inventory-service,6.5,1785925306.6612704,4c2f56bbbfa14ef2947b3533bf73f20c,486f8f7567b94d03ac0a6014ccc5a037,db.query.update,WRITE,15.96,OK,user-db,v1.1.0,601bea76ca7c426b8e62664a302e90f8
live_ep_000014_NONE,NONE,inventory-service,6.5,1785925306.6612704,eed2322451ca48da96e991991fb3c03c,486f8f7567b94d03ac0a6014ccc5a037,cache.get,,1.73,OK,cache-cluster,v1.1.0,601bea76ca7c426b8e62664a302e90f8
live_ep_000014_NONE,NONE,inventory-service,6.5,1785925306.6612704,f530278ab499491aba062514bcdfcf76,486f8f7567b94d03ac0a6014ccc5a037,http.client.get,,16.27,OK,cache-cluster,v1.1.0,601bea76ca7c426b8e62664a302e90f8
live_ep_000014_NONE,NONE,inventory-service,7.0,1785925307.161412,3fe305a5af0045c18b5043775f8b7457,,GET /api/auth,,159.29,OK,inventory-service,v1.1.0,4e8a69a7d1e440c6bd4d44bf6e908f80
live_ep_000014_NONE,NONE,inventory-service,7.0,1785925307.161412,fa47edcee21d4d239f12b7f817150060,3fe305a5af0045c18b5043775f8b7457,db.query.select,READ,30.34,OK,user-db,v1.1.0,4e8a69a7d1e440c6bd4d44bf6e908f80
live_ep_000014_NONE,NONE,inventory-service,7.0,1785925307.161412,25b88571b1af4e3ca8d15d9234be5617,3fe305a5af0045c18b5043775f8b7457,http.client.get,,34.07,OK,cache-cluster,v1.1.0,4e8a69a7d1e440c6bd4d44bf6e908f80
live_ep_000014_NONE,NONE,inventory-service,7.5,1785925307.6614823,269b24b0c6a54dc88e97c41dca9516b6,,GET /api/order,,96.54,OK,inventory-service,v1.1.0,81a6f1429d124ff7a0276c062bccdb5e
live_ep_000014_NONE,NONE,inventory-service,7.5,1785925307.6614823,d49d5b23a04e4ca493b413d2906e3bd1,269b24b0c6a54dc88e97c41dca9516b6,db.query.delete,WRITE,32.42,OK,user-db,v1.1.0,81a6f1429d124ff7a0276c062bccdb5e
live_ep_000014_NONE,NONE,inventory-service,7.5,1785925307.6614823,ae918bdfb879427fb81bd0d704cb6a95,269b24b0c6a54dc88e97c41dca9516b6,db.query.select,READ,11.18,OK,user-db,v1.1.0,81a6f1429d124ff7a0276c062bccdb5e
live_ep_000014_NONE,NONE,inventory-service,7.5,1785925307.6614823,9a392104f27441e296383ac5de65f3f2,269b24b0c6a54dc88e97c41dca9516b6,cache.delete,,2.62,OK,cache-cluster,v1.1.0,81a6f1429d124ff7a0276c062bccdb5e
live_ep_000014_NONE,NONE,inventory-service,8.0,1785925308.1619048,d4885dd5335a4449844aa4d7e28e8832,,POST /api/payment,,131.69,OK,inventory-service,v1.1.0,9bb462f96f9042698e4cc6cf8ceee962
live_ep_000014_NONE,NONE,inventory-service,8.0,1785925308.1619048,f23fa96482894891bfa87a9862d1b881,d4885dd5335a4449844aa4d7e28e8832,db.transaction,READ,11.91,OK,user-db,v1.1.0,9bb462f96f9042698e4cc6cf8ceee962
live_ep_000014_NONE,NONE,inventory-service,8.0,1785925308.1619048,3750e0002de144f98bb0a0ec1ab92d31,d4885dd5335a4449844aa4d7e28e8832,db.query.select,READ,4.52,OK,user-db,v1.1.0,9bb462f96f9042698e4cc6cf8ceee962
live_ep_000014_NONE,NONE,inventory-service,8.5,1785925308.6627288,bf22adc32eb14124bec6da5bffdddaca,,POST /api/payment,,128.37,OK,inventory-service,v1.1.0,45ab78b18db0437788d6a3578d268fc3
live_ep_000014_NONE,NONE,inventory-service,8.5,1785925308.6627288,7d49afb1ee5248c4b22335193497c831,bf22adc32eb14124bec6da5bffdddaca,db.query.update,READ,28.65,OK,user-db,v1.1.0,45ab78b18db0437788d6a3578d268fc3
live_ep_000014_NONE,NONE,inventory-service,8.5,1785925308.6627288,abf75c28e41f43969c0866c7ce95b5e3,bf22adc32eb14124bec6da5bffdddaca,db.query.insert,WRITE,20.24,OK,user-db,v1.1.0,45ab78b18db0437788d6a3578d268fc3
live_ep_000014_NONE,NONE,inventory-service,8.5,1785925308.6627288,158b0415896a4eecbf583026f6bdbc0b,bf22adc32eb14124bec6da5bffdddaca,http.client.post,,38.49,OK,cache-cluster,v1.1.0,45ab78b18db0437788d6a3578d268fc3
live_ep_000014_NONE,NONE,inventory-service,9.0,1785925309.1631975,a846bd0b6731451c853df28ba0abe5ec,,POST /api/payment,,99.34,OK,inventory-service,v1.1.0,3a602932a8cb4916af54f58e9d25d8e4
live_ep_000014_NONE,NONE,inventory-service,9.0,1785925309.1631975,b9461a326cdf4953aca2bf77f349a8b9,a846bd0b6731451c853df28ba0abe5ec,db.query.delete,READ,15.96,OK,user-db,v1.1.0,3a602932a8cb4916af54f58e9d25d8e4
live_ep_000014_NONE,NONE,inventory-service,9.0,1785925309.1631975,371ce43a1eda4bb7b700f001db1974bf,a846bd0b6731451c853df28ba0abe5ec,db.query.update,READ,23.76,OK,user-db,v1.1.0,3a602932a8cb4916af54f58e9d25d8e4
live_ep_000014_NONE,NONE,inventory-service,9.0,1785925309.1631975,1c13aa139634443b876268fc4b35d6b9,a846bd0b6731451c853df28ba0abe5ec,cache.delete,,1.18,OK,cache-cluster,v1.1.0,3a602932a8cb4916af54f58e9d25d8e4
live_ep_000014_NONE,NONE,inventory-service,9.0,1785925309.1631975,c9f063f924bf4855a5f366989d2c85bb,a846bd0b6731451c853df28ba0abe5ec,http.client.post,,28.21,OK,payment-gateway,v1.1.0,3a602932a8cb4916af54f58e9d25d8e4
live_ep_000014_NONE,NONE,inventory-service,9.5,1785925309.663625,feea15dae1db4d40b3113a242ed08c25,,POST /api/payment,,96.54,OK,inventory-service,v1.1.0,81ffd80217834dc998d68d76b7ccdafe
live_ep_000014_NONE,NONE,inventory-service,9.5,1785925309.663625,fd545aa99c8e421484ee290855724eb1,feea15dae1db4d40b3113a242ed08c25,db.query.insert,READ,8.74,OK,user-db,v1.1.0,81ffd80217834dc998d68d76b7ccdafe
live_ep_000014_NONE,NONE,inventory-service,9.5,1785925309.663625,fb4825a5c9e7447698a827e23a4d174f,feea15dae1db4d40b3113a242ed08c25,cache.get,,1.1,OK,cache-cluster,v1.1.0,81ffd80217834dc998d68d76b7ccdafe
live_ep_000014_NONE,NONE,inventory-service,10.0,1785925310.1644306,64728140fb0040bfaeb3fdbcb46ac759,,GET /api/health,,126.91,OK,inventory-service,v1.1.0,12a80175cee34f9996bfa8049d765002
live_ep_000014_NONE,NONE,inventory-service,10.0,1785925310.1644306,7f5037b204144a059062eab6e31f9527,64728140fb0040bfaeb3fdbcb46ac759,db.transaction,READ,10.05,OK,user-db,v1.1.0,12a80175cee34f9996bfa8049d765002
live_ep_000014_NONE,NONE,inventory-service,10.0,1785925310.1644306,39841b95cd114081be5d48a2bd9651ea,64728140fb0040bfaeb3fdbcb46ac759,cache.get,,3.3,OK,cache-cluster,v1.1.0,12a80175cee34f9996bfa8049d765002
live_ep_000014_NONE,NONE,inventory-service,10.5,1785925310.6649182,b0bc8140c7dd432db1aabb4635594b3b,,POST /api/payment,,150.53,OK,inventory-service,v1.1.0,abf7f91c4aaa4992a115a119dbb5054a
live_ep_000014_NONE,NONE,inventory-service,10.5,1785925310.6649182,cd4be2839e6f415ea2d0cf7d9d8bd4fe,b0bc8140c7dd432db1aabb4635594b3b,db.query.insert,READ,7.94,OK,user-db,v1.1.0,abf7f91c4aaa4992a115a119dbb5054a
live_ep_000014_NONE,NONE,inventory-service,10.5,1785925310.6649182,e9dca87cb66d4607a7d0f4fb808c218c,b0bc8140c7dd432db1aabb4635594b3b,cache.set,,2.37,OK,cache-cluster,v1.1.0,abf7f91c4aaa4992a115a119dbb5054a
live_ep_000014_NONE,NONE,inventory-service,11.0,1785925311.165013,b0ae3a5aeb7943dc8b77c6dcdcfbb8c2,,POST /api/checkout,,150.19,OK,inventory-service,v1.1.0,e48367bf4176439faee470631315063b
live_ep_000014_NONE,NONE,inventory-service,11.0,1785925311.165013,dcccbcb67d964729a41732d85dd00d85,b0ae3a5aeb7943dc8b77c6dcdcfbb8c2,db.query.update,WRITE,29.06,OK,user-db,v1.1.0,e48367bf4176439faee470631315063b
live_ep_000014_NONE,NONE,inventory-service,11.0,1785925311.165013,f5b0ca8a5a8541feb7db442c09c4d1db,b0ae3a5aeb7943dc8b77c6dcdcfbb8c2,db.query.delete,READ,34.84,OK,user-db,v1.1.0,e48367bf4176439faee470631315063b
live_ep_000014_NONE,NONE,inventory-service,11.0,1785925311.165013,b3087a7d2ebd4d69bc1704b0c6ce0681,b0ae3a5aeb7943dc8b77c6dcdcfbb8c2,cache.delete,,1.05,OK,cache-cluster,v1.1.0,e48367bf4176439faee470631315063b
live_ep_000014_NONE,NONE,inventory-service,11.0,1785925311.165013,ae4a7dfb9ba746c8ba595619fabe2e68,b0ae3a5aeb7943dc8b77c6dcdcfbb8c2,grpc.call,,36.08,OK,inventory-api,v1.1.0,e48367bf4176439faee470631315063b
live_ep_000014_NONE,NONE,inventory-service,11.5,1785925311.6654208,89c5d887a44b48cdb5c66c6676cf6537,,POST /api/payment,,119.57,OK,inventory-service,v1.1.0,80273c00507444889ca47ff7260bf852
live_ep_000014_NONE,NONE,inventory-service,11.5,1785925311.6654208,506399851bbf4d759d16c4da7a297bf6,89c5d887a44b48cdb5c66c6676cf6537,db.query.select,READ,16.75,OK,user-db,v1.1.0,80273c00507444889ca47ff7260bf852
live_ep_000014_NONE,NONE,inventory-service,11.5,1785925311.6654208,d448d294461549bdacea1bb167e878cf,89c5d887a44b48cdb5c66c6676cf6537,cache.delete,,2.5,OK,cache-cluster,v1.1.0,80273c00507444889ca47ff7260bf852
live_ep_000014_NONE,NONE,inventory-service,12.0,1785925312.1655772,2d61bffd856c43bea3873863b5b4f5f9,,PUT /api/inventory,,138.7,OK,inventory-service,v1.1.0,d8fc62dd11ae43809fd42b330742dade
live_ep_000014_NONE,NONE,inventory-service,12.0,1785925312.1655772,3135012ad4974f6daed8e2c8f130dfa8,2d61bffd856c43bea3873863b5b4f5f9,db.query.select,READ,20.99,OK,user-db,v1.1.0,d8fc62dd11ae43809fd42b330742dade
live_ep_000014_NONE,NONE,inventory-service,12.0,1785925312.1655772,9f7ee8e8daf541d28cf3c0450d0351b6,2d61bffd856c43bea3873863b5b4f5f9,http.client.post,,5.28,OK,payment-gateway,v1.1.0,d8fc62dd11ae43809fd42b330742dade
live_ep_000014_NONE,NONE,inventory-service,12.5,1785925312.6659322,fc6b0eb6df7149b4b3e523223c074b8a,,GET /api/auth,,151.79,OK,inventory-service,v1.1.0,18a8c4d9df014978aa7db50ef21604ad
live_ep_000014_NONE,NONE,inventory-service,12.5,1785925312.6659322,c2c70655250b44f19309b3c2d8b977bc,fc6b0eb6df7149b4b3e523223c074b8a,db.query.delete,READ,21.57,OK,user-db,v1.1.0,18a8c4d9df014978aa7db50ef21604ad
live_ep_000014_NONE,NONE,inventory-service,12.5,1785925312.6659322,cb74d8daa2ee42ca810c8d7e6b82ad11,fc6b0eb6df7149b4b3e523223c074b8a,db.query.insert,READ,13.89,OK,user-db,v1.1.0,18a8c4d9df014978aa7db50ef21604ad
live_ep_000014_NONE,NONE,inventory-service,12.5,1785925312.6659322,a44fdd6cbd0243778701039d382721e8,fc6b0eb6df7149b4b3e523223c074b8a,cache.set,,1.12,OK,cache-cluster,v1.1.0,18a8c4d9df014978aa7db50ef21604ad
live_ep_000014_NONE,NONE,inventory-service,12.5,1785925312.6659322,9bc64008feb34499bd2737ddf90b6c2e,fc6b0eb6df7149b4b3e523223c074b8a,http.client.get,,26.85,OK,payment-gateway,v1.1.0,18a8c4d9df014978aa7db50ef21604ad
live_ep_000014_NONE,NONE,inventory-service,13.0,1785925313.1662157,43030108d245445784e42813d1eaf16a,,GET /api/health,,109.32,OK,inventory-service,v1.1.0,f1b4ff2e816f40869c2a73da8a825ec2
live_ep_000014_NONE,NONE,inventory-service,13.0,1785925313.1662157,8a5e00d1c37b4c0dbb58ddc989617bd1,43030108d245445784e42813d1eaf16a,db.query.insert,READ,10.28,OK,user-db,v1.1.0,f1b4ff2e816f40869c2a73da8a825ec2
live_ep_000014_NONE,NONE,inventory-service,13.0,1785925313.1662157,1b11366ba32d4c3c82e16fc0242fce43,43030108d245445784e42813d1eaf16a,http.client.get,,25.32,OK,user-db,v1.1.0,f1b4ff2e816f40869c2a73da8a825ec2
live_ep_000014_NONE,NONE,inventory-service,13.5,1785925313.6666296,91236a12ba9546bca18371a773e8c21e,,GET /api/auth,,100.83,OK,inventory-service,v1.1.0,f00c41e7d931467f9e6cf6cc617dbb5f
live_ep_000014_NONE,NONE,inventory-service,13.5,1785925313.6666296,2106959a8dba4bc69f2983ebdcc826fc,91236a12ba9546bca18371a773e8c21e,db.query.delete,READ,21.62,OK,user-db,v1.1.0,f00c41e7d931467f9e6cf6cc617dbb5f
live_ep_000014_NONE,NONE,inventory-service,13.5,1785925313.6666296,b8438198d98e447a89d1dc39562884e5,91236a12ba9546bca18371a773e8c21e,db.query.delete,WRITE,23.79,ERROR,user-db,v1.1.0,f00c41e7d931467f9e6cf6cc617dbb5f
live_ep_000014_NONE,NONE,inventory-service,13.5,1785925313.6666296,7fbe467274484d0d9bddd431882ffcdd,91236a12ba9546bca18371a773e8c21e,cache.delete,,2.81,OK,cache-cluster,v1.1.0,f00c41e7d931467f9e6cf6cc617dbb5f
live_ep_000014_NONE,NONE,inventory-service,13.5,1785925313.6666296,ccdade36f37a4d3aa7282586453ed518,91236a12ba9546bca18371a773e8c21e,grpc.call,,27.18,OK,payment-gateway,v1.1.0,f00c41e7d931467f9e6cf6cc617dbb5f
live_ep_000014_NONE,NONE,inventory-service,14.0,1785925314.1670706,7fff71381e11418991733ec8ba9e558e,,POST /api/checkout,,93.68,OK,inventory-service,v1.1.0,fd38dc15c66b4d3995adf0b41c0582af
live_ep_000014_NONE,NONE,inventory-service,14.0,1785925314.1670706,f951b0127804409c9a4cedddb82801d4,7fff71381e11418991733ec8ba9e558e,db.query.update,READ,20.11,OK,user-db,v1.1.0,fd38dc15c66b4d3995adf0b41c0582af
live_ep_000014_NONE,NONE,inventory-service,14.0,1785925314.1670706,5ba381c7cc19478a8c5f35a5d94a969b,7fff71381e11418991733ec8ba9e558e,db.query.update,READ,18.18,OK,user-db,v1.1.0,fd38dc15c66b4d3995adf0b41c0582af
live_ep_000014_NONE,NONE,inventory-service,14.0,1785925314.1670706,b4518aac50bc47b1b966ac64199f1651,7fff71381e11418991733ec8ba9e558e,grpc.call,,42.46,OK,cache-cluster,v1.1.0,fd38dc15c66b4d3995adf0b41c0582af
live_ep_000014_NONE,NONE,inventory-service,14.5,1785925314.6675692,da34c9eb39144b509a451a2943c8ded6,,POST /api/payment,,125.39,OK,inventory-service,v1.1.0,07132c53696e4e8d8e0e9d28f6cdc8bd
live_ep_000014_NONE,NONE,inventory-service,14.5,1785925314.6675692,18d556a977aa4a7cb4c5319fb65f9d15,da34c9eb39144b509a451a2943c8ded6,db.query.insert,READ,14.14,OK,user-db,v1.1.0,07132c53696e4e8d8e0e9d28f6cdc8bd
live_ep_000014_NONE,NONE,inventory-service,14.5,1785925314.6675692,5761c526a49c496697e01c9f2627f3f6,da34c9eb39144b509a451a2943c8ded6,db.transaction,WRITE,28.45,OK,user-db,v1.1.0,07132c53696e4e8d8e0e9d28f6cdc8bd
live_ep_000014_NONE,NONE,inventory-service,15.0,1785925315.1680303,b594c935838148baae839d655d25abf7,,PUT /api/inventory,,109.32,OK,inventory-service,v1.1.0,ccaf86b7cb4d4a25ba64c83b9c435ebd
live_ep_000014_NONE,NONE,inventory-service,15.0,1785925315.1680303,351de8f498634d5fa7cec18cb36bc5dd,b594c935838148baae839d655d25abf7,db.query.select,READ,36.24,OK,user-db,v1.1.0,ccaf86b7cb4d4a25ba64c83b9c435ebd
live_ep_000014_NONE,NONE,inventory-service,15.0,1785925315.1680303,faf4f6ac50194a0bb0f89e5946b9b175,b594c935838148baae839d655d25abf7,cache.delete,,1.49,OK,cache-cluster,v1.1.0,ccaf86b7cb4d4a25ba64c83b9c435ebd
live_ep_000014_NONE,NONE,inventory-service,15.5,1785925315.668274,750edc3c2043460fae6cfeab927efb82,,GET /api/auth,,133.27,OK,inventory-service,v1.1.0,3b2814956b7441e4a7456b8196fb7e4a
live_ep_000014_NONE,NONE,inventory-service,15.5,1785925315.668274,de2cbda2c6ab4957aa058902ecb26b0d,750edc3c2043460fae6cfeab927efb82,db.query.select,WRITE,7.1,OK,user-db,v1.1.0,3b2814956b7441e4a7456b8196fb7e4a
live_ep_000014_NONE,NONE,inventory-service,15.5,1785925315.668274,f1a8f102d6d145c78695b469d85d8b3b,750edc3c2043460fae6cfeab927efb82,grpc.call,,35.59,OK,inventory-api,v1.1.0,3b2814956b7441e4a7456b8196fb7e4a
live_ep_000014_NONE,NONE,inventory-service,16.0,1785925316.1685512,fd5195fd0728472f869a0f13c376e93b,,GET /api/auth,,110.65,OK,inventory-service,v1.1.0,cfb5ed14c2364339b171c856dc1625e1
live_ep_000014_NONE,NONE,inventory-service,16.0,1785925316.1685512,e905df0402464962bcebe0c7e39185bd,fd5195fd0728472f869a0f13c376e93b,db.query.update,WRITE,34.57,OK,user-db,v1.1.0,cfb5ed14c2364339b171c856dc1625e1
live_ep_000014_NONE,NONE,inventory-service,16.0,1785925316.1685512,7d73a0b95c614f0d8d97d5258c84f6cc,fd5195fd0728472f869a0f13c376e93b,db.query.update,READ,28.76,OK,user-db,v1.1.0,cfb5ed14c2364339b171c856dc1625e1
live_ep_000014_NONE,NONE,inventory-service,16.0,1785925316.1685512,3bd0a2cd9d3643ce93ac536c97660eb1,fd5195fd0728472f869a0f13c376e93b,cache.delete,,1.0,OK,cache-cluster,v1.1.0,cfb5ed14c2364339b171c856dc1625e1
live_ep_000014_NONE,NONE,inventory-service,16.5,1785925316.6688774,365a8b4474e7457fa35b8607a936389a,,GET /api/order,,119.51,OK,inventory-service,v1.1.0,17d3d713d455479f91d95d3e85c7c9f6
live_ep_000014_NONE,NONE,inventory-service,16.5,1785925316.6688774,8a8dd486ed88464a88ff8dc07b3704f2,365a8b4474e7457fa35b8607a936389a,db.transaction,READ,17.37,OK,user-db,v1.1.0,17d3d713d455479f91d95d3e85c7c9f6
live_ep_000014_NONE,NONE,inventory-service,16.5,1785925316.6688774,f9c7decfbb06488280ab914234bb254f,365a8b4474e7457fa35b8607a936389a,cache.set,,2.33,OK,cache-cluster,v1.1.0,17d3d713d455479f91d95d3e85c7c9f6
live_ep_000014_NONE,NONE,inventory-service,17.0,1785925317.169212,23b04041122949fd9b7d418a6abf3765,,GET /api/health,,105.96,OK,inventory-service,v1.1.0,a775f477fc404ddea455f421d54cf76a
live_ep_000014_NONE,NONE,inventory-service,17.0,1785925317.169212,51bd8caa21cd4bab93a6746125b865e9,23b04041122949fd9b7d418a6abf3765,db.query.update,WRITE,23.8,OK,user-db,v1.1.0,a775f477fc404ddea455f421d54cf76a
live_ep_000014_NONE,NONE,inventory-service,17.0,1785925317.169212,40f280b01cd84b978d377dae01fd699c,23b04041122949fd9b7d418a6abf3765,db.query.insert,WRITE,16.36,OK,user-db,v1.1.0,a775f477fc404ddea455f421d54cf76a
live_ep_000014_NONE,NONE,inventory-service,17.0,1785925317.169212,507d863fbd9c4814baf81e1c0fd89de5,23b04041122949fd9b7d418a6abf3765,cache.set,,1.03,OK,cache-cluster,v1.1.0,a775f477fc404ddea455f421d54cf76a
live_ep_000014_NONE,NONE,inventory-service,17.5,1785925317.6695106,3bb27fc376064f08a4d11848dc667838,,GET /api/health,,129.08,OK,inventory-service,v1.1.0,7ab2cab1d4234406a1fff11ee3c1d1d1
live_ep_000014_NONE,NONE,inventory-service,17.5,1785925317.6695106,cd25fc546a6b411d8fafc0b534640ba2,3bb27fc376064f08a4d11848dc667838,db.query.delete,WRITE,21.71,OK,user-db,v1.1.0,7ab2cab1d4234406a1fff11ee3c1d1d1
live_ep_000014_NONE,NONE,inventory-service,17.5,1785925317.6695106,11b97d6cc36a4c33972e46894b5e771f,3bb27fc376064f08a4d11848dc667838,cache.delete,,1.51,OK,cache-cluster,v1.1.0,7ab2cab1d4234406a1fff11ee3c1d1d1
live_ep_000014_NONE,NONE,inventory-service,17.5,1785925317.6695106,cbd6d0ad79214d568c1b08ea1ceac261,3bb27fc376064f08a4d11848dc667838,http.client.post,,19.5,OK,inventory-api,v1.1.0,7ab2cab1d4234406a1fff11ee3c1d1d1
live_ep_000014_NONE,NONE,inventory-service,18.0,1785925318.1700613,65acacc9a58c464d81dfeaab387f44ff,,PUT /api/inventory,,93.44,OK,inventory-service,v1.1.0,e03f60616bb249d184adb1d3f63b2886
live_ep_000014_NONE,NONE,inventory-service,18.0,1785925318.1700613,4989a74a0e864d97ae35ef0ef0d99f36,65acacc9a58c464d81dfeaab387f44ff,db.query.delete,WRITE,20.09,OK,user-db,v1.1.0,e03f60616bb249d184adb1d3f63b2886
live_ep_000014_NONE,NONE,inventory-service,18.0,1785925318.1700613,930e67f8189643daa5f1169387db24d2,65acacc9a58c464d81dfeaab387f44ff,db.transaction,READ,1.0,OK,user-db,v1.1.0,e03f60616bb249d184adb1d3f63b2886
live_ep_000014_NONE,NONE,inventory-service,18.0,1785925318.1700613,f203ee8ac04f44c9abfcac5a8e1e791a,65acacc9a58c464d81dfeaab387f44ff,cache.delete,,1.82,OK,cache-cluster,v1.1.0,e03f60616bb249d184adb1d3f63b2886
live_ep_000014_NONE,NONE,inventory-service,18.5,1785925318.6702478,dcc61fdf992c49a18c569c47cdf5528a,,POST /api/checkout,,117.41,OK,inventory-service,v1.1.0,982c28c783af425996be42574f5d93b5
live_ep_000014_NONE,NONE,inventory-service,18.5,1785925318.6702478,95f7083f90c34b0e9db622b7ff1aa2a6,dcc61fdf992c49a18c569c47cdf5528a,db.query.insert,READ,12.6,OK,user-db,v1.1.0,982c28c783af425996be42574f5d93b5
live_ep_000014_NONE,NONE,inventory-service,18.5,1785925318.6702478,3591b7bedd28418b9ee1cd460d735f9d,dcc61fdf992c49a18c569c47cdf5528a,cache.delete,,2.47,OK,cache-cluster,v1.1.0,982c28c783af425996be42574f5d93b5
live_ep_000014_NONE,NONE,inventory-service,18.5,1785925318.6702478,e2d490fba8104b05bcc6a681e0196a1a,dcc61fdf992c49a18c569c47cdf5528a,http.client.post,,7.21,OK,user-db,v1.1.0,982c28c783af425996be42574f5d93b5
live_ep_000014_NONE,NONE,inventory-service,19.0,1785925319.1708083,f0179c4d08a144da8ba1ae287fa2fee0,,GET /api/auth,,123.74,OK,inventory-service,v1.1.0,6d903e64a6464286a4f60967a7e2c086
live_ep_000014_NONE,NONE,inventory-service,19.0,1785925319.1708083,783662e968ed4b1c893952f72afb6770,f0179c4d08a144da8ba1ae287fa2fee0,db.query.insert,READ,16.17,OK,user-db,v1.1.0,6d903e64a6464286a4f60967a7e2c086
live_ep_000014_NONE,NONE,inventory-service,19.0,1785925319.1708083,f820ece7ac5e455d97c50954880ab713,f0179c4d08a144da8ba1ae287fa2fee0,cache.set,,3.1,OK,cache-cluster,v1.1.0,6d903e64a6464286a4f60967a7e2c086
live_ep_000014_NONE,NONE,inventory-service,19.5,1785925319.6710749,3e34e98608e04c1cbe33ac60330d114c,,PUT /api/inventory,,101.18,OK,inventory-service,v1.1.0,570e6d78e5d0412790423062caa8a596
live_ep_000014_NONE,NONE,inventory-service,19.5,1785925319.6710749,a91a5cc0e35b4fb3a3e2ae7863a46962,3e34e98608e04c1cbe33ac60330d114c,db.query.insert,READ,22.61,OK,user-db,v1.1.0,570e6d78e5d0412790423062caa8a596
live_ep_000014_NONE,NONE,inventory-service,19.5,1785925319.6710749,56a4c69ba07849299c9e43e08297370f,3e34e98608e04c1cbe33ac60330d114c,cache.delete,,1.02,OK,cache-cluster,v1.1.0,570e6d78e5d0412790423062caa8a596
live_ep_000014_NONE,NONE,inventory-service,20.0,1785925320.1724045,6f9f589b84a448d0b011c65f9f479bc0,,GET /api/health,,139.15,OK,inventory-service,v1.1.0,8eea1074e351491198b50a99f20315f1
live_ep_000014_NONE,NONE,inventory-service,20.0,1785925320.1724045,291903e6427747f48baa7ae8d795da63,6f9f589b84a448d0b011c65f9f479bc0,db.query.insert,READ,2.43,OK,user-db,v1.1.0,8eea1074e351491198b50a99f20315f1
live_ep_000014_NONE,NONE,inventory-service,20.0,1785925320.1724045,7c41a92cd5b641138c941741c4643c39,6f9f589b84a448d0b011c65f9f479bc0,db.query.update,WRITE,6.33,OK,user-db,v1.1.0,8eea1074e351491198b50a99f20315f1
live_ep_000014_NONE,NONE,inventory-service,20.0,1785925320.1724045,783dd2efa99a4aa88c1bda6642500bed,6f9f589b84a448d0b011c65f9f479bc0,cache.set,,1.56,OK,cache-cluster,v1.1.0,8eea1074e351491198b50a99f20315f1
live_ep_000014_NONE,NONE,inventory-service,20.0,1785925320.1724045,a04c782f2cdb4698928d5298ed93b1e7,6f9f589b84a448d0b011c65f9f479bc0,http.client.post,,27.71,OK,inventory-api,v1.1.0,8eea1074e351491198b50a99f20315f1
live_ep_000014_NONE,NONE,inventory-service,20.5,1785925320.6729295,d5cc537ce172481fb84cf47073d3b7ad,,POST /api/payment,,88.49,OK,inventory-service,v1.1.0,538dd72f4251493cb85fd98d6cd123ab
live_ep_000014_NONE,NONE,inventory-service,20.5,1785925320.6729295,6c5a831527514b7e9b7cdb9f538f9779,d5cc537ce172481fb84cf47073d3b7ad,db.query.insert,WRITE,20.51,OK,user-db,v1.1.0,538dd72f4251493cb85fd98d6cd123ab
live_ep_000014_NONE,NONE,inventory-service,20.5,1785925320.6729295,9ea9956a17fe4c5fa96502edafc3df2b,d5cc537ce172481fb84cf47073d3b7ad,db.query.insert,READ,20.27,OK,user-db,v1.1.0,538dd72f4251493cb85fd98d6cd123ab
live_ep_000014_NONE,NONE,inventory-service,20.5,1785925320.6729295,209c00d5749e4a078104a39a90f85fb8,d5cc537ce172481fb84cf47073d3b7ad,cache.delete,,0.51,OK,cache-cluster,v1.1.0,538dd72f4251493cb85fd98d6cd123ab
live_ep_000014_NONE,NONE,inventory-service,21.0,1785925321.173455,ac7926d3452044ca9176193acf9b17b0,,GET /api/order,,125.14,OK,inventory-service,v1.1.0,464960b1c6514d5cbd9ba4194823c46f
live_ep_000014_NONE,NONE,inventory-service,21.0,1785925321.173455,2dfd5e97415b478d9cbdf301e25c4cfe,ac7926d3452044ca9176193acf9b17b0,db.query.select,READ,9.44,OK,user-db,v1.1.0,464960b1c6514d5cbd9ba4194823c46f
live_ep_000014_NONE,NONE,inventory-service,21.0,1785925321.173455,ba50bb423f464921bd2fcbe55af3e8f5,ac7926d3452044ca9176193acf9b17b0,cache.get,,17.82,OK,cache-cluster,v1.1.0,464960b1c6514d5cbd9ba4194823c46f
live_ep_000014_NONE,NONE,inventory-service,21.5,1785925321.674083,3bfa54dae5ff4e11b14b1c1b084d9a46,,GET /api/order,,142.61,OK,inventory-service,v1.1.0,860f79493f4f4f3aa67219bde568b3ee
live_ep_000014_NONE,NONE,inventory-service,21.5,1785925321.674083,427a1ec9b82d4779b1683b9cba880cb2,3bfa54dae5ff4e11b14b1c1b084d9a46,db.query.insert,READ,24.08,OK,user-db,v1.1.0,860f79493f4f4f3aa67219bde568b3ee
live_ep_000014_NONE,NONE,inventory-service,21.5,1785925321.674083,2edd4fe7087447e78ecf0e021664bf21,3bfa54dae5ff4e11b14b1c1b084d9a46,db.transaction,WRITE,26.18,OK,user-db,v1.1.0,860f79493f4f4f3aa67219bde568b3ee
live_ep_000014_NONE,NONE,inventory-service,21.5,1785925321.674083,63ff82175eff44d9bff383ee3bac0ba0,3bfa54dae5ff4e11b14b1c1b084d9a46,cache.get,,2.32,OK,cache-cluster,v1.1.0,860f79493f4f4f3aa67219bde568b3ee
live_ep_000014_NONE,NONE,inventory-service,21.5,1785925321.674083,4968a0b11fe74cbd9dc8e579c3842a01,3bfa54dae5ff4e11b14b1c1b084d9a46,http.client.post,,36.84,OK,payment-gateway,v1.1.0,860f79493f4f4f3aa67219bde568b3ee
live_ep_000014_NONE,NONE,inventory-service,22.0,1785925322.1743505,170dd4b1ab924a099d5ec6bef3f37372,,GET /api/auth,,102.21,OK,inventory-service,v1.1.0,7efa07e3929e463f92f3cac032a498ff
live_ep_000014_NONE,NONE,inventory-service,22.0,1785925322.1743505,c4dc4859e7f64a5993fd03c31e4fb86c,170dd4b1ab924a099d5ec6bef3f37372,db.query.delete,READ,6.98,OK,user-db,v1.1.0,7efa07e3929e463f92f3cac032a498ff
live_ep_000014_NONE,NONE,inventory-service,22.0,1785925322.1743505,cbfc932cc8194ecfa17abb7f67307421,170dd4b1ab924a099d5ec6bef3f37372,db.query.insert,READ,16.91,OK,user-db,v1.1.0,7efa07e3929e463f92f3cac032a498ff
live_ep_000014_NONE,NONE,inventory-service,22.0,1785925322.1743505,0d65c32b0b394c098295494aa97a8b7f,170dd4b1ab924a099d5ec6bef3f37372,cache.set,,2.34,OK,cache-cluster,v1.1.0,7efa07e3929e463f92f3cac032a498ff
live_ep_000014_NONE,NONE,inventory-service,22.5,1785925322.6745834,38aeee41d1cf4a0b8f91d2c9fa6a155f,,POST /api/payment,,137.05,OK,inventory-service,v1.1.0,316f749b8d504e75a5627c1d5eba1b3b
live_ep_000014_NONE,NONE,inventory-service,22.5,1785925322.6745834,82b38c9a9e014234815e3893a1e50592,38aeee41d1cf4a0b8f91d2c9fa6a155f,db.query.select,READ,25.07,OK,user-db,v1.1.0,316f749b8d504e75a5627c1d5eba1b3b
live_ep_000014_NONE,NONE,inventory-service,22.5,1785925322.6745834,f2848510df944d06954595567ee72658,38aeee41d1cf4a0b8f91d2c9fa6a155f,db.query.insert,READ,12.85,OK,user-db,v1.1.0,316f749b8d504e75a5627c1d5eba1b3b
live_ep_000014_NONE,NONE,inventory-service,22.5,1785925322.6745834,bc080bf52d5246828a43dd967ba602cc,38aeee41d1cf4a0b8f91d2c9fa6a155f,http.client.get,,24.84,OK,inventory-api,v1.1.0,316f749b8d504e75a5627c1d5eba1b3b
live_ep_000014_NONE,NONE,inventory-service,23.0,1785925323.1749563,68604aebdf1b4dd9bc231fe7edc453fe,,GET /api/health,,98.13,OK,inventory-service,v1.1.0,b2c9e4615d5d404e9844066f1674a910
live_ep_000014_NONE,NONE,inventory-service,23.0,1785925323.1749563,d5099f0958b345f78f5753e0261e83a1,68604aebdf1b4dd9bc231fe7edc453fe,db.query.update,WRITE,5.1,OK,user-db,v1.1.0,b2c9e4615d5d404e9844066f1674a910
live_ep_000014_NONE,NONE,inventory-service,23.0,1785925323.1749563,3d8688ee51e84a50b7dd33cd461763b6,68604aebdf1b4dd9bc231fe7edc453fe,db.query.insert,WRITE,24.57,OK,user-db,v1.1.0,b2c9e4615d5d404e9844066f1674a910
live_ep_000014_NONE,NONE,inventory-service,23.0,1785925323.1749563,a32ef8a332bf4e2590d5d9a4df433665,68604aebdf1b4dd9bc231fe7edc453fe,http.client.post,,27.47,OK,cache-cluster,v1.1.0,b2c9e4615d5d404e9844066f1674a910
live_ep_000014_NONE,NONE,inventory-service,23.5,1785925323.67552,828e086f568449e0885948dde11106bc,,POST /api/checkout,,151.68,OK,inventory-service,v1.1.0,2b4cb0e8b9cd42f2ba0b9098300fd187
live_ep_000014_NONE,NONE,inventory-service,23.5,1785925323.67552,6a868177464e4cc1b86fb2a4a65060b3,828e086f568449e0885948dde11106bc,db.query.select,READ,13.15,OK,user-db,v1.1.0,2b4cb0e8b9cd42f2ba0b9098300fd187
live_ep_000014_NONE,NONE,inventory-service,23.5,1785925323.67552,7458a5fe3eea4ab2ad57c76f86e8bcc3,828e086f568449e0885948dde11106bc,db.query.delete,READ,11.33,OK,user-db,v1.1.0,2b4cb0e8b9cd42f2ba0b9098300fd187
live_ep_000014_NONE,NONE,inventory-service,23.5,1785925323.67552,4d6129c3f6084a0a8fa65aace77a91c3,828e086f568449e0885948dde11106bc,http.client.get,,30.51,OK,payment-gateway,v1.1.0,2b4cb0e8b9cd42f2ba0b9098300fd187
live_ep_000014_NONE,NONE,inventory-service,24.0,1785925324.1762445,2209f126e6a747dd98405050691925a7,,GET /api/health,,109.51,OK,inventory-service,v1.1.0,0f1a01faee47425a8e40e5d1753e37c3
live_ep_000014_NONE,NONE,inventory-service,24.0,1785925324.1762445,0f34eb1c62c440aa968e728b6d7f0fc5,2209f126e6a747dd98405050691925a7,db.query.delete,READ,15.11,OK,user-db,v1.1.0,0f1a01faee47425a8e40e5d1753e37c3
live_ep_000014_NONE,NONE,inventory-service,24.0,1785925324.1762445,e62ae2ebcab443f1a3c396f3ecd66ab8,2209f126e6a747dd98405050691925a7,db.transaction,READ,6.42,OK,user-db,v1.1.0,0f1a01faee47425a8e40e5d1753e37c3
live_ep_000014_NONE,NONE,inventory-service,24.0,1785925324.1762445,eaccbd4dfb9344d3867651d89c2fd4d4,2209f126e6a747dd98405050691925a7,grpc.call,,18.31,OK,payment-gateway,v1.1.0,0f1a01faee47425a8e40e5d1753e37c3
live_ep_000014_NONE,NONE,inventory-service,24.5,1785925324.6765945,11c8dc13ba5343b08bfa2be459f18f38,,GET /api/health,,161.15,OK,inventory-service,v1.1.0,de4664dc13b34786a675a669d8c38b8c
live_ep_000014_NONE,NONE,inventory-service,24.5,1785925324.6765945,0d11bf8b1508446d9b7e870a0eddf427,11c8dc13ba5343b08bfa2be459f18f38,db.query.update,WRITE,16.01,OK,user-db,v1.1.0,de4664dc13b34786a675a669d8c38b8c
live_ep_000014_NONE,NONE,inventory-service,24.5,1785925324.6765945,28c34bb75f9443c582d35fe2f58e6797,11c8dc13ba5343b08bfa2be459f18f38,cache.get,,1.32,OK,cache-cluster,v1.1.0,de4664dc13b34786a675a669d8c38b8c
live_ep_000014_NONE,NONE,inventory-service,25.0,1785925325.1801133,e59a39a894d040b8a1ff59b670447d10,,POST /api/payment,,127.1,OK,inventory-service,v1.1.0,cebcc48e32214752880f4906b39b149d
live_ep_000014_NONE,NONE,inventory-service,25.0,1785925325.1801133,8e48a4b591444191a638f1fe96835c60,e59a39a894d040b8a1ff59b670447d10,db.query.update,WRITE,25.97,OK,user-db,v1.1.0,cebcc48e32214752880f4906b39b149d
live_ep_000014_NONE,NONE,inventory-service,25.0,1785925325.1801133,acd5198bf60940249e95ea8dfdbae0a0,e59a39a894d040b8a1ff59b670447d10,cache.get,,1.96,OK,cache-cluster,v1.1.0,cebcc48e32214752880f4906b39b149d
live_ep_000014_NONE,NONE,inventory-service,25.0,1785925325.1801133,1e9fb675139e4849932fea0b5edd97d0,e59a39a894d040b8a1ff59b670447d10,grpc.call,,37.5,OK,inventory-api,v1.1.0,cebcc48e32214752880f4906b39b149d
live_ep_000014_NONE,NONE,inventory-service,25.5,1785925325.6804016,2fc76a85d9c44795acfb112d5ab22fd3,,POST /api/payment,,134.4,OK,inventory-service,v1.1.0,14e102a60ad74810adc2c769a40ea8c0
live_ep_000014_NONE,NONE,inventory-service,25.5,1785925325.6804016,1b633ce32226438aabcddd3ecfa44ac2,2fc76a85d9c44795acfb112d5ab22fd3,db.query.select,READ,20.21,OK,user-db,v1.1.0,14e102a60ad74810adc2c769a40ea8c0
live_ep_000014_NONE,NONE,inventory-service,25.5,1785925325.6804016,35002055821f4049ab8e305177ad7886,2fc76a85d9c44795acfb112d5ab22fd3,cache.set,,1.72,OK,cache-cluster,v1.1.0,14e102a60ad74810adc2c769a40ea8c0
live_ep_000014_NONE,NONE,inventory-service,25.5,1785925325.6804016,5678dc04fb4e4800966d352ca775454e,2fc76a85d9c44795acfb112d5ab22fd3,http.client.post,,38.14,OK,cache-cluster,v1.1.0,14e102a60ad74810adc2c769a40ea8c0
live_ep_000014_NONE,NONE,inventory-service,26.0,1785925326.180641,8c56afea47114372a303db86d0fddb3f,,POST /api/payment,,83.44,OK,inventory-service,v1.1.0,63e12ee589cb4810b656ffba2ce01232
live_ep_000014_NONE,NONE,inventory-service,26.0,1785925326.180641,6ab40b1ecfaa4342999f048dc4a6cd50,8c56afea47114372a303db86d0fddb3f,db.transaction,READ,7.77,OK,user-db,v1.1.0,63e12ee589cb4810b656ffba2ce01232
live_ep_000014_NONE,NONE,inventory-service,26.0,1785925326.180641,2b33121e58754f66b8bfb8c0210828da,8c56afea47114372a303db86d0fddb3f,db.query.delete,READ,20.52,OK,user-db,v1.1.0,63e12ee589cb4810b656ffba2ce01232
live_ep_000014_NONE,NONE,inventory-service,26.0,1785925326.180641,bc0183504661475987aad2c7de59ba13,8c56afea47114372a303db86d0fddb3f,cache.set,,0.5,OK,cache-cluster,v1.1.0,63e12ee589cb4810b656ffba2ce01232
live_ep_000014_NONE,NONE,inventory-service,26.5,1785925326.680928,10be31b3bcec4f7688ed23de2ebd48f4,,GET /api/health,,124.39,OK,inventory-service,v1.1.0,65508ffd8de3460394638e1823861511
live_ep_000014_NONE,NONE,inventory-service,26.5,1785925326.680928,a19eca72d5b44cab85705bba507077b9,10be31b3bcec4f7688ed23de2ebd48f4,db.transaction,READ,28.39,OK,user-db,v1.1.0,65508ffd8de3460394638e1823861511
live_ep_000014_NONE,NONE,inventory-service,26.5,1785925326.680928,5497d6f85ce049a39def0d04cf36c6a2,10be31b3bcec4f7688ed23de2ebd48f4,db.transaction,READ,22.79,OK,user-db,v1.1.0,65508ffd8de3460394638e1823861511
live_ep_000014_NONE,NONE,inventory-service,26.5,1785925326.680928,f9619816b88e4c22b816c93c68749e81,10be31b3bcec4f7688ed23de2ebd48f4,cache.set,,3.83,OK,cache-cluster,v1.1.0,65508ffd8de3460394638e1823861511
live_ep_000014_NONE,NONE,inventory-service,26.5,1785925326.680928,468cddecedf94e60afd3849d6728922e,10be31b3bcec4f7688ed23de2ebd48f4,grpc.call,,20.12,OK,payment-gateway,v1.1.0,65508ffd8de3460394638e1823861511
live_ep_000014_NONE,NONE,inventory-service,27.0,1785925327.1813557,464adc3e75f14da2b5aa91d74550a3fe,,PUT /api/inventory,,154.4,OK,inventory-service,v1.1.0,0aaa345bce3e458cbd5383c62f5aedf1
live_ep_000014_NONE,NONE,inventory-service,27.0,1785925327.1813557,f2f16f495ecf4df9afecd98ff971a3df,464adc3e75f14da2b5aa91d74550a3fe,db.query.select,READ,48.11,OK,user-db,v1.1.0,0aaa345bce3e458cbd5383c62f5aedf1
live_ep_000014_NONE,NONE,inventory-service,27.0,1785925327.1813557,96bb21939aad4fc0804eee0a6ef03eac,464adc3e75f14da2b5aa91d74550a3fe,db.transaction,WRITE,28.45,OK,user-db,v1.1.0,0aaa345bce3e458cbd5383c62f5aedf1
live_ep_000014_NONE,NONE,inventory-service,27.5,1785925327.6860416,8f3e0e0eea7246a3b2eb4c7aa26b27ea,,PUT /api/inventory,,110.57,OK,inventory-service,v1.1.0,3c3304a6db2540918ebe16d046022cfb
live_ep_000014_NONE,NONE,inventory-service,27.5,1785925327.6860416,786dfc07c11d42ab8ad7413c9a1773b7,8f3e0e0eea7246a3b2eb4c7aa26b27ea,db.query.select,READ,38.74,OK,user-db,v1.1.0,3c3304a6db2540918ebe16d046022cfb
live_ep_000014_NONE,NONE,inventory-service,27.5,1785925327.6860416,4bf89202898847a3bf63e2cf80b33a39,8f3e0e0eea7246a3b2eb4c7aa26b27ea,db.query.update,WRITE,40.02,OK,user-db,v1.1.0,3c3304a6db2540918ebe16d046022cfb
live_ep_000014_NONE,NONE,inventory-service,27.5,1785925327.6860416,f49cc5095265447a9cb97b768073b6a4,8f3e0e0eea7246a3b2eb4c7aa26b27ea,cache.get,,1.36,OK,cache-cluster,v1.1.0,3c3304a6db2540918ebe16d046022cfb
live_ep_000014_NONE,NONE,inventory-service,28.0,1785925328.1863065,adde2fe67f404728b6d717e87f927090,,POST /api/payment,,112.7,OK,inventory-service,v1.1.0,5d74f02411b14e53854d14d1aa987dee
live_ep_000014_NONE,NONE,inventory-service,28.0,1785925328.1863065,d830651d0d0140d7a9135625d7b02bcb,adde2fe67f404728b6d717e87f927090,db.query.update,WRITE,28.92,OK,user-db,v1.1.0,5d74f02411b14e53854d14d1aa987dee
live_ep_000014_NONE,NONE,inventory-service,28.5,1785925328.686592,57f14faf2edc4813a9addeeffc219169,,GET /api/auth,,125.95,OK,inventory-service,v1.1.0,01c55df194af4907912d35872bb8a439
live_ep_000014_NONE,NONE,inventory-service,28.5,1785925328.686592,f8d32155bede44ef9a00471aed45eee2,57f14faf2edc4813a9addeeffc219169,db.query.insert,READ,11.54,OK,user-db,v1.1.0,01c55df194af4907912d35872bb8a439
live_ep_000014_NONE,NONE,inventory-service,29.0,1785925329.186812,56a0520d160947cfa8b6b06582547211,,POST /api/checkout,,148.5,OK,inventory-service,v1.1.0,9bd88a2488344b9eb23ec05a0ab34e6c
live_ep_000014_NONE,NONE,inventory-service,29.0,1785925329.186812,75b93c57a71d47c9bdc93063fdd436ae,56a0520d160947cfa8b6b06582547211,db.transaction,READ,18.69,OK,user-db,v1.1.0,9bd88a2488344b9eb23ec05a0ab34e6c
live_ep_000014_NONE,NONE,inventory-service,29.0,1785925329.186812,c216d5bd02a649bd9592578b38408d35,56a0520d160947cfa8b6b06582547211,cache.delete,,2.16,OK,cache-cluster,v1.1.0,9bd88a2488344b9eb23ec05a0ab34e6c
live_ep_000014_NONE,NONE,inventory-service,29.5,1785925329.6871123,78e2c0a4947e42b28486d4e97401d32d,,POST /api/payment,,118.94,OK,inventory-service,v1.1.0,44ad409adf224e8c9e2f0d5776b5e14b
live_ep_000014_NONE,NONE,inventory-service,29.5,1785925329.6871123,523c890de2a34083932a8a202efc79a1,78e2c0a4947e42b28486d4e97401d32d,db.query.update,READ,27.27,OK,user-db,v1.1.0,44ad409adf224e8c9e2f0d5776b5e14b
live_ep_000014_NONE,NONE,inventory-service,29.5,1785925329.6871123,c38e9f97990c4cf988a36b9e4f83ff77,78e2c0a4947e42b28486d4e97401d32d,db.query.update,WRITE,16.86,OK,user-db,v1.1.0,44ad409adf224e8c9e2f0d5776b5e14b
live_ep_000014_NONE,NONE,inventory-service,29.5,1785925329.6871123,75bbe3e2dda24c59813771909aaf55b9,78e2c0a4947e42b28486d4e97401d32d,cache.delete,,2.46,OK,cache-cluster,v1.1.0,44ad409adf224e8c9e2f0d5776b5e14b
live_ep_000014_NONE,NONE,inventory-service,30.0,1785925330.1874182,fe4dcad38f5a4cd3a541f46ee0fd2e30,,GET /api/auth,,143.46,OK,inventory-service,v1.1.0,83001fc1374b47cb82908eb82dc60b3f
live_ep_000014_NONE,NONE,inventory-service,30.0,1785925330.1874182,4b055ea74be846069dac41d5d117b5ac,fe4dcad38f5a4cd3a541f46ee0fd2e30,db.query.insert,WRITE,32.84,OK,user-db,v1.1.0,83001fc1374b47cb82908eb82dc60b3f
live_ep_000014_NONE,NONE,inventory-service,30.0,1785925330.1874182,1fdf52df3e754c05909eeceed9a002c1,fe4dcad38f5a4cd3a541f46ee0fd2e30,db.query.delete,WRITE,21.34,OK,user-db,v1.1.0,83001fc1374b47cb82908eb82dc60b3f
live_ep_000014_NONE,NONE,inventory-service,30.0,1785925330.1874182,7de43d7a2bd74464baa7294afe60b916,fe4dcad38f5a4cd3a541f46ee0fd2e30,cache.set,,1.69,OK,cache-cluster,v1.1.0,83001fc1374b47cb82908eb82dc60b3f
live_ep_000014_NONE,NONE,inventory-service,30.5,1785925330.687887,ee732484a5074306a9fb1e146fab59e7,,POST /api/checkout,,119.15,OK,inventory-service,v1.1.0,19cd15d9d94c4adcac10732d66f33840
live_ep_000014_NONE,NONE,inventory-service,30.5,1785925330.687887,b2e384930ae9435b9beff5d6746f370e,ee732484a5074306a9fb1e146fab59e7,db.query.delete,WRITE,17.53,OK,user-db,v1.1.0,19cd15d9d94c4adcac10732d66f33840
live_ep_000014_NONE,NONE,inventory-service,30.5,1785925330.687887,9b862abe6a6a44a5934f6fa7e0534aeb,ee732484a5074306a9fb1e146fab59e7,db.transaction,READ,23.41,OK,user-db,v1.1.0,19cd15d9d94c4adcac10732d66f33840
live_ep_000014_NONE,NONE,inventory-service,30.5,1785925330.687887,fa8b09e6819741f1b03e79193bbb406f,ee732484a5074306a9fb1e146fab59e7,cache.set,,0.5,OK,cache-cluster,v1.1.0,19cd15d9d94c4adcac10732d66f33840
live_ep_000014_NONE,NONE,inventory-service,30.5,1785925330.687887,7524057c35bb4aee80290134d2454328,ee732484a5074306a9fb1e146fab59e7,http.client.post,,19.76,OK,payment-gateway,v1.1.0,19cd15d9d94c4adcac10732d66f33840
live_ep_000014_NONE,NONE,inventory-service,31.0,1785925331.1882703,cfcb3d97fc1346c6a40ddefdb5afc135,,GET /api/auth,,100.98,OK,inventory-service,v1.1.0,46b2b4b0973c489aaf17da4c0d88f7bc
live_ep_000014_NONE,NONE,inventory-service,31.0,1785925331.1882703,fd0df816f03c497c86d6559812a88853,cfcb3d97fc1346c6a40ddefdb5afc135,db.query.delete,WRITE,17.24,OK,user-db,v1.1.0,46b2b4b0973c489aaf17da4c0d88f7bc
live_ep_000014_NONE,NONE,inventory-service,31.0,1785925331.1882703,737cc6b139cd448392b7453058448afe,cfcb3d97fc1346c6a40ddefdb5afc135,cache.set,,0.85,OK,cache-cluster,v1.1.0,46b2b4b0973c489aaf17da4c0d88f7bc
live_ep_000014_NONE,NONE,inventory-service,31.5,1785925331.688783,606e44189fb745f68e2689f559d3a6b9,,POST /api/payment,,154.71,OK,inventory-service,v1.1.0,b2b96abea7d24f0db4268ac97f377015
live_ep_000014_NONE,NONE,inventory-service,31.5,1785925331.688783,9009b7c913a24d8fbb2b61b9cf4ce449,606e44189fb745f68e2689f559d3a6b9,db.transaction,READ,18.74,OK,user-db,v1.1.0,b2b96abea7d24f0db4268ac97f377015
live_ep_000014_NONE,NONE,inventory-service,31.5,1785925331.688783,6c1918f6a4d54203bb465026ade2d2bb,606e44189fb745f68e2689f559d3a6b9,db.query.delete,READ,15.38,OK,user-db,v1.1.0,b2b96abea7d24f0db4268ac97f377015
live_ep_000014_NONE,NONE,inventory-service,32.0,1785925332.1893427,d851ee22c26c43d18585707c2fa6ff9b,,GET /api/auth,,107.15,OK,inventory-service,v1.1.0,9c3ec68c2daf4a8587da376b2e9cd389
live_ep_000014_NONE,NONE,inventory-service,32.0,1785925332.1893427,fde42d7d16434190afdb27cb23076051,d851ee22c26c43d18585707c2fa6ff9b,db.query.update,READ,25.73,OK,user-db,v1.1.0,9c3ec68c2daf4a8587da376b2e9cd389
live_ep_000014_NONE,NONE,inventory-service,32.0,1785925332.1893427,1d0a2b5ed39a480b9b6b6deb3fd110de,d851ee22c26c43d18585707c2fa6ff9b,db.query.insert,WRITE,28.53,OK,user-db,v1.1.0,9c3ec68c2daf4a8587da376b2e9cd389
live_ep_000014_NONE,NONE,inventory-service,32.0,1785925332.1893427,2965a3edcf74412db54b28f1f4cb3cbb,d851ee22c26c43d18585707c2fa6ff9b,cache.get,,1.55,OK,cache-cluster,v1.1.0,9c3ec68c2daf4a8587da376b2e9cd389
live_ep_000014_NONE,NONE,inventory-service,32.5,1785925332.6897507,395d0b63b9024d3fbac6517ce3cb5f62,,GET /api/order,,144.53,OK,inventory-service,v1.1.0,57827dd9d2844c8fb322625d47079b74
live_ep_000014_NONE,NONE,inventory-service,32.5,1785925332.6897507,22e43355c43147e3a0ab42aa9eb46b2b,395d0b63b9024d3fbac6517ce3cb5f62,db.query.delete,WRITE,9.42,OK,user-db,v1.1.0,57827dd9d2844c8fb322625d47079b74
live_ep_000014_NONE,NONE,inventory-service,32.5,1785925332.6897507,02f88d47a3b34a4581a8f1aa7aa3eb99,395d0b63b9024d3fbac6517ce3cb5f62,http.client.post,,44.69,OK,inventory-api,v1.1.0,57827dd9d2844c8fb322625d47079b74
live_ep_000014_NONE,NONE,inventory-service,33.0,1785925333.190205,3f638490a2b64d2289fd8a58e759cf3c,,GET /api/order,,98.56,OK,inventory-service,v1.1.0,ae831c511c034b2dab85b4ceb1a6dc66
live_ep_000014_NONE,NONE,inventory-service,33.0,1785925333.190205,260c845e7287453cb001497bbdb1a407,3f638490a2b64d2289fd8a58e759cf3c,db.query.select,READ,21.99,OK,user-db,v1.1.0,ae831c511c034b2dab85b4ceb1a6dc66
live_ep_000014_NONE,NONE,inventory-service,33.0,1785925333.190205,1e72134696cc4e82950d1c02c5286216,3f638490a2b64d2289fd8a58e759cf3c,db.query.select,WRITE,16.68,OK,user-db,v1.1.0,ae831c511c034b2dab85b4ceb1a6dc66
live_ep_000014_NONE,NONE,inventory-service,33.0,1785925333.190205,bd08ea5bd7b94fcb827bf1adaec9759d,3f638490a2b64d2289fd8a58e759cf3c,cache.get,,2.6,OK,cache-cluster,v1.1.0,ae831c511c034b2dab85b4ceb1a6dc66
live_ep_000014_NONE,NONE,inventory-service,33.5,1785925333.6906042,c05fdef26e104cffa368189608490cb2,,PUT /api/inventory,,67.36,OK,inventory-service,v1.1.0,ffe2b9077690467aa733c3808bf7e7c3
live_ep_000014_NONE,NONE,inventory-service,33.5,1785925333.6906042,d8262c577404442f8d07a02d48fe0cb9,c05fdef26e104cffa368189608490cb2,db.transaction,WRITE,11.7,OK,user-db,v1.1.0,ffe2b9077690467aa733c3808bf7e7c3
live_ep_000014_NONE,NONE,inventory-service,33.5,1785925333.6906042,7f6f743a27cb45708dd0532447ece2e1,c05fdef26e104cffa368189608490cb2,cache.delete,,3.38,OK,cache-cluster,v1.1.0,ffe2b9077690467aa733c3808bf7e7c3
live_ep_000014_NONE,NONE,inventory-service,33.5,1785925333.6906042,63f05b68a0e14a5ba0952a7fb70252f0,c05fdef26e104cffa368189608490cb2,grpc.call,,38.45,OK,inventory-api,v1.1.0,ffe2b9077690467aa733c3808bf7e7c3
live_ep_000014_NONE,NONE,inventory-service,34.0,1785925334.1910748,56a5d449c8e34f31a735d10377f42c6e,,GET /api/order,,131.8,OK,inventory-service,v1.1.0,25d7aecbad4d4d0b8ea1236641d3fc5b
live_ep_000014_NONE,NONE,inventory-service,34.0,1785925334.1910748,7feecbf80186410e9cf898bc0cef570e,56a5d449c8e34f31a735d10377f42c6e,db.transaction,WRITE,11.97,OK,user-db,v1.1.0,25d7aecbad4d4d0b8ea1236641d3fc5b
live_ep_000014_NONE,NONE,inventory-service,34.0,1785925334.1910748,86d932818e024cf0a249dde3a2b1db26,56a5d449c8e34f31a735d10377f42c6e,db.query.select,READ,13.6,OK,user-db,v1.1.0,25d7aecbad4d4d0b8ea1236641d3fc5b
live_ep_000014_NONE,NONE,inventory-service,34.0,1785925334.1910748,432e2610a5ae469d9d3966b8342af4d5,56a5d449c8e34f31a735d10377f42c6e,cache.delete,,1.01,OK,cache-cluster,v1.1.0,25d7aecbad4d4d0b8ea1236641d3fc5b
live_ep_000014_NONE,NONE,inventory-service,34.0,1785925334.1910748,b69aed061dbf4ef5a737eeb517572d6e,56a5d449c8e34f31a735d10377f42c6e,http.client.post,,5.02,OK,inventory-api,v1.1.0,25d7aecbad4d4d0b8ea1236641d3fc5b
live_ep_000014_NONE,NONE,inventory-service,34.5,1785925334.6915221,a97fcdf9f00a40588a8809fe75520440,,POST /api/checkout,,156.62,OK,inventory-service,v1.1.0,2966f15bab964ac280b892ce19f7b90b
live_ep_000014_NONE,NONE,inventory-service,34.5,1785925334.6915221,824ffdb05fbf43568c64493c5cbc1a80,a97fcdf9f00a40588a8809fe75520440,db.query.select,READ,22.44,OK,user-db,v1.1.0,2966f15bab964ac280b892ce19f7b90b
live_ep_000014_NONE,NONE,inventory-service,34.5,1785925334.6915221,671ff90c12e84071a6cc0a4ca891751a,a97fcdf9f00a40588a8809fe75520440,db.query.insert,WRITE,21.55,OK,user-db,v1.1.0,2966f15bab964ac280b892ce19f7b90b
live_ep_000014_NONE,NONE,inventory-service,34.5,1785925334.6915221,5e7764b4dc5a47289eb2fd9c064edb3a,a97fcdf9f00a40588a8809fe75520440,http.client.get,,34.84,OK,cache-cluster,v1.1.0,2966f15bab964ac280b892ce19f7b90b
live_ep_000014_NONE,NONE,inventory-service,35.0,1785925335.1918533,7fdbcd04329a455187c80df08287442f,,POST /api/payment,,183.61,OK,inventory-service,v1.1.0,46fa3efbc6d645aaace302df633ee22f
live_ep_000014_NONE,NONE,inventory-service,35.0,1785925335.1918533,43a4309e87684e0885f55a39576c1e20,7fdbcd04329a455187c80df08287442f,db.query.update,WRITE,14.93,OK,user-db,v1.1.0,46fa3efbc6d645aaace302df633ee22f
live_ep_000014_NONE,NONE,inventory-service,35.5,1785925335.6922338,a18ce7a79419452084094567839f722d,,POST /api/checkout,,109.34,OK,inventory-service,v1.1.0,0f1f1cff16e1433eb972f260ba5a8878
live_ep_000014_NONE,NONE,inventory-service,35.5,1785925335.6922338,ac628ef2e5fe4c398d4483cfa557b72f,a18ce7a79419452084094567839f722d,db.query.delete,READ,23.13,OK,user-db,v1.1.0,0f1f1cff16e1433eb972f260ba5a8878
live_ep_000014_NONE,NONE,inventory-service,35.5,1785925335.6922338,a27855e3f344491db4eaa59777d21312,a18ce7a79419452084094567839f722d,db.query.delete,READ,25.87,OK,user-db,v1.1.0,0f1f1cff16e1433eb972f260ba5a8878
live_ep_000014_NONE,NONE,inventory-service,35.5,1785925335.6922338,8fa659c9864f4a1197761e68e69f77f5,a18ce7a79419452084094567839f722d,cache.get,,0.91,OK,cache-cluster,v1.1.0,0f1f1cff16e1433eb972f260ba5a8878
live_ep_000014_NONE,NONE,inventory-service,36.0,1785925336.1926894,95f0a7e9b489448d9abeda8808f02c60,,GET /api/auth,,165.53,OK,inventory-service,v1.1.0,4a7adc64f232416faeb6bbe1c174c101
live_ep_000014_NONE,NONE,inventory-service,36.0,1785925336.1926894,a1897c6bcbe1493db7bee8c46113a0d4,95f0a7e9b489448d9abeda8808f02c60,db.query.insert,WRITE,8.84,OK,user-db,v1.1.0,4a7adc64f232416faeb6bbe1c174c101
live_ep_000014_NONE,NONE,inventory-service,36.0,1785925336.1926894,2529b8e7f97142ac98de7e47998fc50d,95f0a7e9b489448d9abeda8808f02c60,db.query.insert,READ,5.4,OK,user-db,v1.1.0,4a7adc64f232416faeb6bbe1c174c101
live_ep_000014_NONE,NONE,inventory-service,36.5,1785925336.6931765,20ace389ee5f40cb94b39e4f4956a6a7,,PUT /api/inventory,,105.42,OK,inventory-service,v1.1.0,772152f0ebcf4d83a5079e0e663d7f16
live_ep_000014_NONE,NONE,inventory-service,36.5,1785925336.6931765,a9b4f4478ff14f339485100434ef1584,20ace389ee5f40cb94b39e4f4956a6a7,db.query.select,READ,21.69,OK,user-db,v1.1.0,772152f0ebcf4d83a5079e0e663d7f16
live_ep_000014_NONE,NONE,inventory-service,36.5,1785925336.6931765,420bf70a77fc484cb01598e4eabed7f4,20ace389ee5f40cb94b39e4f4956a6a7,db.query.insert,READ,20.93,OK,user-db,v1.1.0,772152f0ebcf4d83a5079e0e663d7f16
live_ep_000014_NONE,NONE,inventory-service,36.5,1785925336.6931765,e7ec6f5654174e19b5da0a346436ec23,20ace389ee5f40cb94b39e4f4956a6a7,cache.delete,,1.75,OK,cache-cluster,v1.1.0,772152f0ebcf4d83a5079e0e663d7f16
live_ep_000014_NONE,NONE,inventory-service,36.5,1785925336.6931765,bf3014f4bbd94dc6a79bf9e43e2083fd,20ace389ee5f40cb94b39e4f4956a6a7,http.client.get,,21.27,OK,cache-cluster,v1.1.0,772152f0ebcf4d83a5079e0e663d7f16
live_ep_000014_NONE,NONE,inventory-service,37.0,1785925337.1935692,681ea3f707ac4ccc897903d9d55d3cf9,,POST /api/payment,,103.98,OK,inventory-service,v1.1.0,b802cf5b6a3449fd99fe94d9f69bf992
live_ep_000014_NONE,NONE,inventory-service,37.0,1785925337.1935692,e88cd09354b94e539114547b4b74a90b,681ea3f707ac4ccc897903d9d55d3cf9,db.query.update,READ,3.86,OK,user-db,v1.1.0,b802cf5b6a3449fd99fe94d9f69bf992
live_ep_000014_NONE,NONE,inventory-service,37.0,1785925337.1935692,4f41ccff9b4e4273870dcb91ac1e1a30,681ea3f707ac4ccc897903d9d55d3cf9,db.query.update,READ,9.08,OK,user-db,v1.1.0,b802cf5b6a3449fd99fe94d9f69bf992
live_ep_000014_NONE,NONE,inventory-service,37.0,1785925337.1935692,b5340e6d4724480b96ce18a82f727e76,681ea3f707ac4ccc897903d9d55d3cf9,cache.get,,1.54,OK,cache-cluster,v1.1.0,b802cf5b6a3449fd99fe94d9f69bf992
live_ep_000014_NONE,NONE,inventory-service,37.5,1785925337.69377,eec8b113a24b47549351f94d8edd631f,,POST /api/checkout,,88.19,OK,inventory-service,v1.1.0,8167b3ff83174a9cad21dab84c42620f
live_ep_000014_NONE,NONE,inventory-service,37.5,1785925337.69377,4a372fe55cfd4b3d99dbb1faef46697c,eec8b113a24b47549351f94d8edd631f,db.transaction,READ,22.01,OK,user-db,v1.1.0,8167b3ff83174a9cad21dab84c42620f
live_ep_000014_NONE,NONE,inventory-service,37.5,1785925337.69377,21c4decc804a49388fc7835cbf783857,eec8b113a24b47549351f94d8edd631f,cache.get,,1.39,OK,cache-cluster,v1.1.0,8167b3ff83174a9cad21dab84c42620f
live_ep_000014_NONE,NONE,inventory-service,38.0,1785925338.1940026,cba5c54816fe40aa8c5e5a8a6b666427,,POST /api/payment,,142.14,OK,inventory-service,v1.1.0,6b41d892e5f3446190f462d3ad45a520
live_ep_000014_NONE,NONE,inventory-service,38.0,1785925338.1940026,62a5ff1b322d4609932e0e67f6c84faf,cba5c54816fe40aa8c5e5a8a6b666427,db.query.update,WRITE,12.03,OK,user-db,v1.1.0,6b41d892e5f3446190f462d3ad45a520
live_ep_000014_NONE,NONE,inventory-service,38.0,1785925338.1940026,f16e3c2ddf3a41c6afec9d8ea75c2186,cba5c54816fe40aa8c5e5a8a6b666427,grpc.call,,32.32,OK,cache-cluster,v1.1.0,6b41d892e5f3446190f462d3ad45a520
live_ep_000014_NONE,NONE,inventory-service,38.5,1785925338.6941352,24340272703d4beeb821fe932a931fb1,,POST /api/payment,,80.57,OK,inventory-service,v1.1.0,36f668aec6fd42dcb76c4e16462d12a0
live_ep_000014_NONE,NONE,inventory-service,38.5,1785925338.6941352,9025daf6ed524c19948d31f47d6b6866,24340272703d4beeb821fe932a931fb1,db.query.delete,READ,22.45,OK,user-db,v1.1.0,36f668aec6fd42dcb76c4e16462d12a0
live_ep_000014_NONE,NONE,inventory-service,38.5,1785925338.6941352,677dd3d9506840769370f62449f861e3,24340272703d4beeb821fe932a931fb1,db.query.delete,WRITE,13.83,OK,user-db,v1.1.0,36f668aec6fd42dcb76c4e16462d12a0
live_ep_000014_NONE,NONE,inventory-service,38.5,1785925338.6941352,dfc7d7b4fe714c4cb1535eb43c47ef5a,24340272703d4beeb821fe932a931fb1,grpc.call,,30.31,OK,inventory-api,v1.1.0,36f668aec6fd42dcb76c4e16462d12a0
live_ep_000014_NONE,NONE,inventory-service,39.0,1785925339.1943848,ccda2c4ea00f4b0faeed6cc7720ef144,,GET /api/health,,119.16,OK,inventory-service,v1.1.0,1437f9642b2a44d080d1bd554479ef24
live_ep_000014_NONE,NONE,inventory-service,39.0,1785925339.1943848,0643da21795d412ead1b3e7d3591527b,ccda2c4ea00f4b0faeed6cc7720ef144,db.query.select,READ,9.61,OK,user-db,v1.1.0,1437f9642b2a44d080d1bd554479ef24
live_ep_000014_NONE,NONE,inventory-service,39.0,1785925339.1943848,4cf397e30dc246e0b34b1ca943d9b90a,ccda2c4ea00f4b0faeed6cc7720ef144,cache.set,,2.9,OK,cache-cluster,v1.1.0,1437f9642b2a44d080d1bd554479ef24
live_ep_000014_NONE,NONE,inventory-service,39.5,1785925339.6947682,b04fc2f53ac34015b8bc92c3d476d455,,POST /api/payment,,137.01,OK,inventory-service,v1.1.0,3e2dd8c76d6d42dd8bd94c1195ee36a4
live_ep_000014_NONE,NONE,inventory-service,39.5,1785925339.6947682,fee6f67f5a1b469aa52c88707307838c,b04fc2f53ac34015b8bc92c3d476d455,db.transaction,WRITE,38.9,OK,user-db,v1.1.0,3e2dd8c76d6d42dd8bd94c1195ee36a4
live_ep_000014_NONE,NONE,inventory-service,39.5,1785925339.6947682,6d34bdc962c244bf8af2b17d0576b43f,b04fc2f53ac34015b8bc92c3d476d455,db.query.insert,WRITE,30.74,OK,user-db,v1.1.0,3e2dd8c76d6d42dd8bd94c1195ee36a4
live_ep_000014_NONE,NONE,inventory-service,39.5,1785925339.6947682,4ea2bb196dc4418e841f0cc3925c0ea8,b04fc2f53ac34015b8bc92c3d476d455,cache.get,,1.57,OK,cache-cluster,v1.1.0,3e2dd8c76d6d42dd8bd94c1195ee36a4
live_ep_000014_NONE,NONE,inventory-service,39.5,1785925339.6947682,7705c7801127472b90e9084f476ff512,b04fc2f53ac34015b8bc92c3d476d455,grpc.call,,21.56,OK,payment-gateway,v1.1.0,3e2dd8c76d6d42dd8bd94c1195ee36a4
live_ep_000014_NONE,NONE,inventory-service,40.0,1785925340.1949317,af884de0dc474561aadf08b4d086905b,,POST /api/checkout,,90.53,OK,inventory-service,v1.1.0,f86b0fbb7b8148ac8aab20acb875988c
live_ep_000014_NONE,NONE,inventory-service,40.0,1785925340.1949317,713f2f4277e942d891985f758d19d6ff,af884de0dc474561aadf08b4d086905b,db.transaction,WRITE,20.48,OK,user-db,v1.1.0,f86b0fbb7b8148ac8aab20acb875988c
live_ep_000014_NONE,NONE,inventory-service,40.0,1785925340.1949317,83598a40c37f4ee49eaa91fed3eea9ca,af884de0dc474561aadf08b4d086905b,db.query.update,READ,23.06,OK,user-db,v1.1.0,f86b0fbb7b8148ac8aab20acb875988c
live_ep_000014_NONE,NONE,inventory-service,40.0,1785925340.1949317,632caaa970c343cda70957eb7c4e8edf,af884de0dc474561aadf08b4d086905b,http.client.get,,3.26,ERROR,inventory-api,v1.1.0,f86b0fbb7b8148ac8aab20acb875988c
live_ep_000014_NONE,NONE,inventory-service,40.5,1785925340.6953948,ee06e6e2fde341bb94d331accfeca839,,PUT /api/inventory,,114.91,OK,inventory-service,v1.1.0,eb5252b656494961975d735ee4160035
live_ep_000014_NONE,NONE,inventory-service,40.5,1785925340.6953948,6c760f7ffa5d4f418ec81aa99338373c,ee06e6e2fde341bb94d331accfeca839,db.query.insert,READ,7.59,OK,user-db,v1.1.0,eb5252b656494961975d735ee4160035
live_ep_000014_NONE,NONE,inventory-service,40.5,1785925340.6953948,44f4e4ea146f4e70986c01b53d0be25f,ee06e6e2fde341bb94d331accfeca839,cache.delete,,0.71,OK,cache-cluster,v1.1.0,eb5252b656494961975d735ee4160035
live_ep_000014_NONE,NONE,inventory-service,41.0,1785925341.1955466,522cdb7f597842abbce73c067f84b913,,POST /api/payment,,143.2,OK,inventory-service,v1.1.0,469212c98fcf4cb6a657cea9dc8cfd61
live_ep_000014_NONE,NONE,inventory-service,41.0,1785925341.1955466,91c2fa24293b470680d0e80694d9bc79,522cdb7f597842abbce73c067f84b913,db.query.insert,WRITE,14.99,OK,user-db,v1.1.0,469212c98fcf4cb6a657cea9dc8cfd61
live_ep_000014_NONE,NONE,inventory-service,41.0,1785925341.1955466,22aa1d4f19d542e18571b36b696f5629,522cdb7f597842abbce73c067f84b913,grpc.call,,38.42,OK,user-db,v1.1.0,469212c98fcf4cb6a657cea9dc8cfd61
live_ep_000014_NONE,NONE,inventory-service,41.5,1785925341.6957312,170fc2d6342941e69f95fd5899f9fed9,,GET /api/order,,140.01,OK,inventory-service,v1.1.0,8ea4cb107b624bdcb5f0f5af012524be
live_ep_000014_NONE,NONE,inventory-service,41.5,1785925341.6957312,015a986b7af94ed1836a7ec4411e0190,170fc2d6342941e69f95fd5899f9fed9,db.query.update,WRITE,20.88,OK,user-db,v1.1.0,8ea4cb107b624bdcb5f0f5af012524be
live_ep_000014_NONE,NONE,inventory-service,41.5,1785925341.6957312,05258b17bede4b948e7bec5799a7c0df,170fc2d6342941e69f95fd5899f9fed9,db.query.insert,READ,23.12,OK,user-db,v1.1.0,8ea4cb107b624bdcb5f0f5af012524be
live_ep_000014_NONE,NONE,inventory-service,42.0,1785925342.195797,5c36203b10a14ba9a4a742fe93d8fef8,,POST /api/checkout,,124.05,OK,inventory-service,v1.1.0,f2e5d6c8e77043f9be0ad0e1d4ed9df6
live_ep_000014_NONE,NONE,inventory-service,42.0,1785925342.195797,5cbc955224d34910a16cb8d966a9a5d1,5c36203b10a14ba9a4a742fe93d8fef8,db.transaction,READ,15.84,OK,user-db,v1.1.0,f2e5d6c8e77043f9be0ad0e1d4ed9df6
live_ep_000014_NONE,NONE,inventory-service,42.0,1785925342.195797,80b1ae18e4864f4aa076739296012633,5c36203b10a14ba9a4a742fe93d8fef8,db.transaction,READ,14.64,OK,user-db,v1.1.0,f2e5d6c8e77043f9be0ad0e1d4ed9df6
live_ep_000014_NONE,NONE,inventory-service,42.0,1785925342.195797,9acbb069444c4a8abf0cb6636f57d6d5,5c36203b10a14ba9a4a742fe93d8fef8,http.client.get,,20.83,OK,payment-gateway,v1.1.0,f2e5d6c8e77043f9be0ad0e1d4ed9df6
live_ep_000014_NONE,NONE,inventory-service,42.5,1785925342.696103,658be262720144738fed60a4806f9770,,POST /api/checkout,,115.32,OK,inventory-service,v1.1.0,a5a83986cfe747a9b990022265bf2807
live_ep_000014_NONE,NONE,inventory-service,42.5,1785925342.696103,b4d4bbf7b03647e0bab1d37d6ae272e2,658be262720144738fed60a4806f9770,db.query.update,READ,66.08,OK,user-db,v1.1.0,a5a83986cfe747a9b990022265bf2807
live_ep_000014_NONE,NONE,inventory-service,42.5,1785925342.696103,e842a12fc9914c25a53f9c71308e3027,658be262720144738fed60a4806f9770,db.query.insert,READ,51.29,OK,user-db,v1.1.0,a5a83986cfe747a9b990022265bf2807
live_ep_000014_NONE,NONE,inventory-service,43.0,1785925343.1962543,10b5cca3d82f4b24b660a8878da5d4c7,,GET /api/auth,,128.13,OK,inventory-service,v1.1.0,d770ca84dbed4de69352838e1dad54e5
live_ep_000014_NONE,NONE,inventory-service,43.0,1785925343.1962543,09139001a7e545ff83334f1023b99460,10b5cca3d82f4b24b660a8878da5d4c7,db.query.select,READ,25.35,OK,user-db,v1.1.0,d770ca84dbed4de69352838e1dad54e5
live_ep_000014_NONE,NONE,inventory-service,43.0,1785925343.1962543,27b829f27ef943f1b56464a5781cbdf4,10b5cca3d82f4b24b660a8878da5d4c7,db.query.insert,WRITE,23.18,OK,user-db,v1.1.0,d770ca84dbed4de69352838e1dad54e5
live_ep_000014_NONE,NONE,inventory-service,43.0,1785925343.1962543,5733a0dc91894579a03e4060c87a3e47,10b5cca3d82f4b24b660a8878da5d4c7,cache.delete,,1.25,OK,cache-cluster,v1.1.0,d770ca84dbed4de69352838e1dad54e5
live_ep_000014_NONE,NONE,inventory-service,43.5,1785925343.696631,74619000ded649f98708f117d6cd769f,,GET /api/health,,103.25,OK,inventory-service,v1.1.0,879223fcb1494b4794d01e5e1452d07d
live_ep_000014_NONE,NONE,inventory-service,43.5,1785925343.696631,86662777415746929c3b12110023d60b,74619000ded649f98708f117d6cd769f,db.transaction,WRITE,32.17,OK,user-db,v1.1.0,879223fcb1494b4794d01e5e1452d07d
live_ep_000014_NONE,NONE,inventory-service,44.0,1785925344.1967022,c10af61352b74704b97d250678037f31,,PUT /api/inventory,,105.16,OK,inventory-service,v1.1.0,43cf83aeebff46b5b57bd2e728d77f1f
live_ep_000014_NONE,NONE,inventory-service,44.0,1785925344.1967022,9488bd7990a44bdf8e7522b54336bcaa,c10af61352b74704b97d250678037f31,db.query.select,WRITE,22.2,OK,user-db,v1.1.0,43cf83aeebff46b5b57bd2e728d77f1f
live_ep_000014_NONE,NONE,inventory-service,44.0,1785925344.1967022,5b70feb8f2d44a049a022fd2f7b22f30,c10af61352b74704b97d250678037f31,db.transaction,WRITE,19.5,OK,user-db,v1.1.0,43cf83aeebff46b5b57bd2e728d77f1f
live_ep_000014_NONE,NONE,inventory-service,44.0,1785925344.1967022,9cbcb77fded44099897f7b1c793a1073,c10af61352b74704b97d250678037f31,cache.get,,2.21,OK,cache-cluster,v1.1.0,43cf83aeebff46b5b57bd2e728d77f1f
live_ep_000014_NONE,NONE,inventory-service,44.5,1785925344.6970472,65759e4586ab4f4f93e93dd689d55202,,POST /api/payment,,179.89,OK,inventory-service,v1.1.0,8069411e44f8421fb1c0d2bafc31e44f
live_ep_000014_NONE,NONE,inventory-service,44.5,1785925344.6970472,bdf6e481dc3041f596b45c1b77898d69,65759e4586ab4f4f93e93dd689d55202,db.query.update,READ,33.64,OK,user-db,v1.1.0,8069411e44f8421fb1c0d2bafc31e44f
live_ep_000014_NONE,NONE,inventory-service,44.5,1785925344.6970472,5959fcacc2a444e7ba0f8bd014f4e9ca,65759e4586ab4f4f93e93dd689d55202,cache.delete,,1.9,OK,cache-cluster,v1.1.0,8069411e44f8421fb1c0d2bafc31e44f
live_ep_000014_NONE,NONE,inventory-service,44.5,1785925344.6970472,66881e053145445f930b3006522ba941,65759e4586ab4f4f93e93dd689d55202,http.client.get,,39.77,OK,cache-cluster,v1.1.0,8069411e44f8421fb1c0d2bafc31e44f
live_ep_000014_NONE,NONE,inventory-service,45.0,1785925345.1971555,683fea7bf018483f83683e629d47a1a3,,PUT /api/inventory,,110.44,OK,inventory-service,v1.1.0,b9aaacee2b2f4a938822167ea2a6a00f
live_ep_000014_NONE,NONE,inventory-service,45.0,1785925345.1971555,9d2baa52090542dbac7a20d31d90c3f3,683fea7bf018483f83683e629d47a1a3,db.transaction,READ,27.47,OK,user-db,v1.1.0,b9aaacee2b2f4a938822167ea2a6a00f
live_ep_000014_NONE,NONE,inventory-service,45.0,1785925345.1971555,bc130e6be470433ba06b27fdf3b9fa9c,683fea7bf018483f83683e629d47a1a3,cache.get,,1.2,OK,cache-cluster,v1.1.0,b9aaacee2b2f4a938822167ea2a6a00f
live_ep_000014_NONE,NONE,inventory-service,45.5,1785925345.6976707,268fee05d2cb44cba143dab82aed841c,,GET /api/health,,157.79,OK,inventory-service,v1.1.0,7a453ee8c70d44abb71a0dc1fee8d91e
live_ep_000014_NONE,NONE,inventory-service,45.5,1785925345.6976707,132c11cf465d45aa917fbf023867695e,268fee05d2cb44cba143dab82aed841c,db.transaction,WRITE,20.21,OK,user-db,v1.1.0,7a453ee8c70d44abb71a0dc1fee8d91e
live_ep_000014_NONE,NONE,inventory-service,45.5,1785925345.6976707,a4510489225d4daf956461b079000e81,268fee05d2cb44cba143dab82aed841c,cache.delete,,1.86,OK,cache-cluster,v1.1.0,7a453ee8c70d44abb71a0dc1fee8d91e
live_ep_000014_NONE,NONE,inventory-service,45.5,1785925345.6976707,a1cdef468e004743b3cbe41bd71ad4f9,268fee05d2cb44cba143dab82aed841c,http.client.get,,20.11,OK,user-db,v1.1.0,7a453ee8c70d44abb71a0dc1fee8d91e
live_ep_000014_NONE,NONE,inventory-service,46.0,1785925346.1979797,148bece64d084bfe9a4afabb3d072fe5,,PUT /api/inventory,,117.03,OK,inventory-service,v1.1.0,be0f59b744124a91a24f6c6eb9689a24
live_ep_000014_NONE,NONE,inventory-service,46.0,1785925346.1979797,9890961c2cca4a1582ff169cf0a408f3,148bece64d084bfe9a4afabb3d072fe5,db.query.insert,WRITE,8.44,OK,user-db,v1.1.0,be0f59b744124a91a24f6c6eb9689a24
live_ep_000014_NONE,NONE,inventory-service,46.0,1785925346.1979797,c2c0ddab87b4454e809b3d5192080ba8,148bece64d084bfe9a4afabb3d072fe5,db.query.delete,WRITE,12.03,OK,user-db,v1.1.0,be0f59b744124a91a24f6c6eb9689a24
live_ep_000014_NONE,NONE,inventory-service,46.5,1785925346.6983967,173d1d14cc404e3584723a346b07d000,,PUT /api/inventory,,127.19,OK,inventory-service,v1.1.0,9573efbbf02e4be9887232168e8eccb9
live_ep_000014_NONE,NONE,inventory-service,46.5,1785925346.6983967,39eec6c7b1064c99aa43f06378d3844c,173d1d14cc404e3584723a346b07d000,db.query.delete,WRITE,17.25,OK,user-db,v1.1.0,9573efbbf02e4be9887232168e8eccb9
live_ep_000014_NONE,NONE,inventory-service,46.5,1785925346.6983967,ff0049396ced408ab46c2e0e54bf7f76,173d1d14cc404e3584723a346b07d000,db.query.insert,WRITE,7.61,OK,user-db,v1.1.0,9573efbbf02e4be9887232168e8eccb9
live_ep_000014_NONE,NONE,inventory-service,46.5,1785925346.6983967,38c7b7cc135b4eb6878f95feb3e6643a,173d1d14cc404e3584723a346b07d000,cache.get,,1.09,OK,cache-cluster,v1.1.0,9573efbbf02e4be9887232168e8eccb9
live_ep_000014_NONE,NONE,inventory-service,46.5,1785925346.6983967,375e6a6dccab4c12a25b2a619af24640,173d1d14cc404e3584723a346b07d000,grpc.call,,35.23,OK,inventory-api,v1.1.0,9573efbbf02e4be9887232168e8eccb9
live_ep_000014_NONE,NONE,inventory-service,47.0,1785925347.1987314,89264048fd56465cbcb62e1af7bdde6d,,GET /api/health,,132.04,OK,inventory-service,v1.1.0,34ec421f28234d819e0638a8945cc8cd
live_ep_000014_NONE,NONE,inventory-service,47.0,1785925347.1987314,a14fa0fcf9a0453b8da69f3bbc428e5a,89264048fd56465cbcb62e1af7bdde6d,db.transaction,WRITE,19.86,OK,user-db,v1.1.0,34ec421f28234d819e0638a8945cc8cd
live_ep_000014_NONE,NONE,inventory-service,47.0,1785925347.1987314,f8ace7d4ffbc454d8f1f905bfc509bb7,89264048fd56465cbcb62e1af7bdde6d,db.transaction,READ,21.65,OK,user-db,v1.1.0,34ec421f28234d819e0638a8945cc8cd
live_ep_000014_NONE,NONE,inventory-service,47.0,1785925347.1987314,9a146de42add450eb66253f0b6d637dd,89264048fd56465cbcb62e1af7bdde6d,http.client.get,,21.22,OK,inventory-api,v1.1.0,34ec421f28234d819e0638a8945cc8cd
live_ep_000014_NONE,NONE,inventory-service,47.5,1785925347.6991575,6277d8e432a049ccb4b2275d8ecf1c1b,,POST /api/checkout,,124.53,OK,inventory-service,v1.1.0,e566679110bf4505be659a6191e3311d
live_ep_000014_NONE,NONE,inventory-service,47.5,1785925347.6991575,e09c721e950243779ad779d25daaeede,6277d8e432a049ccb4b2275d8ecf1c1b,db.query.update,READ,26.14,OK,user-db,v1.1.0,e566679110bf4505be659a6191e3311d
live_ep_000014_NONE,NONE,inventory-service,47.5,1785925347.6991575,a4229a1454bf4732a0710ba57f7889b7,6277d8e432a049ccb4b2275d8ecf1c1b,cache.get,,2.94,OK,cache-cluster,v1.1.0,e566679110bf4505be659a6191e3311d
live_ep_000014_NONE,NONE,inventory-service,48.0,1785925348.1997185,4d342a1e7c034a8ca6aa976bbe911ba5,,PUT /api/inventory,,135.28,OK,inventory-service,v1.1.0,859295741fb046189618be727d66590a
live_ep_000014_NONE,NONE,inventory-service,48.0,1785925348.1997185,6dae23ec3462442aa4fafbbc76cd39dc,4d342a1e7c034a8ca6aa976bbe911ba5,db.query.delete,READ,24.41,OK,user-db,v1.1.0,859295741fb046189618be727d66590a
live_ep_000014_NONE,NONE,inventory-service,48.0,1785925348.1997185,c006bcc9d79e47e793d91723a40c1747,4d342a1e7c034a8ca6aa976bbe911ba5,cache.set,,2.17,OK,cache-cluster,v1.1.0,859295741fb046189618be727d66590a
live_ep_000014_NONE,NONE,inventory-service,48.5,1785925348.7000926,244e6a8a128c492a91e537df0a6d268b,,GET /api/order,,135.18,OK,inventory-service,v1.1.0,09327d604cc64a46addcd34d29e9208d
live_ep_000014_NONE,NONE,inventory-service,48.5,1785925348.7000926,5e2939c283034c3894ceb014863859d9,244e6a8a128c492a91e537df0a6d268b,db.transaction,READ,5.44,OK,user-db,v1.1.0,09327d604cc64a46addcd34d29e9208d
live_ep_000014_NONE,NONE,inventory-service,48.5,1785925348.7000926,4032baaab4f84f71bb9330a6f1949aa5,244e6a8a128c492a91e537df0a6d268b,db.query.delete,READ,14.72,OK,user-db,v1.1.0,09327d604cc64a46addcd34d29e9208d
live_ep_000014_NONE,NONE,inventory-service,48.5,1785925348.7000926,9086f1ffc6b84600aeaeee5840d1d2e8,244e6a8a128c492a91e537df0a6d268b,cache.set,,1.74,OK,cache-cluster,v1.1.0,09327d604cc64a46addcd34d29e9208d
live_ep_000014_NONE,NONE,inventory-service,49.0,1785925349.2006195,3ac5a3db364040479e637ae3de510a95,,GET /api/auth,,101.99,OK,inventory-service,v1.1.0,3c9b8f6462b546df87af946c23230b78
live_ep_000014_NONE,NONE,inventory-service,49.0,1785925349.2006195,8852a35290d64fd2aebff67a63edae81,3ac5a3db364040479e637ae3de510a95,db.query.insert,READ,18.25,OK,user-db,v1.1.0,3c9b8f6462b546df87af946c23230b78
live_ep_000014_NONE,NONE,inventory-service,49.0,1785925349.2006195,e1bf06ff42aa4f5bbe2cee9db288efe0,3ac5a3db364040479e637ae3de510a95,cache.delete,,0.5,OK,cache-cluster,v1.1.0,3c9b8f6462b546df87af946c23230b78
live_ep_000014_NONE,NONE,inventory-service,49.0,1785925349.2006195,4459bc6d2b884b65a5a81f7b96bc275d,3ac5a3db364040479e637ae3de510a95,http.client.get,,21.26,OK,inventory-api,v1.1.0,3c9b8f6462b546df87af946c23230b78
live_ep_000014_NONE,NONE,inventory-service,49.5,1785925349.7008288,1429cf838cba49f0a50f1189c56f1835,,GET /api/order,,125.69,OK,inventory-service,v1.1.0,f41b091ecfb84457b9370178af847621
live_ep_000014_NONE,NONE,inventory-service,49.5,1785925349.7008288,5c554d29e7b64ee4a70bc512b384a7fb,1429cf838cba49f0a50f1189c56f1835,db.transaction,READ,13.33,OK,user-db,v1.1.0,f41b091ecfb84457b9370178af847621
live_ep_000014_NONE,NONE,inventory-service,49.5,1785925349.7008288,f5494a481a2844b5b3f2f463610dd3c8,1429cf838cba49f0a50f1189c56f1835,db.query.select,READ,18.88,OK,user-db,v1.1.0,f41b091ecfb84457b9370178af847621
live_ep_000014_NONE,NONE,inventory-service,49.5,1785925349.7008288,a120b707999b4a0b9f8ea3774990ba29,1429cf838cba49f0a50f1189c56f1835,cache.delete,,1.18,OK,cache-cluster,v1.1.0,f41b091ecfb84457b9370178af847621
live_ep_000014_NONE,NONE,inventory-service,50.0,1785925350.201209,4d414df12bf449c3a5b3d49a8a643118,,GET /api/health,,172.68,OK,inventory-service,v1.1.0,2d75e8bb1130429fbe593460556cd839
live_ep_000014_NONE,NONE,inventory-service,50.0,1785925350.201209,5558e3679e394407a58012569494c39d,4d414df12bf449c3a5b3d49a8a643118,db.query.update,WRITE,27.44,OK,user-db,v1.1.0,2d75e8bb1130429fbe593460556cd839
live_ep_000014_NONE,NONE,inventory-service,50.0,1785925350.201209,652713b1416b4f6680b8b225f30b8db4,4d414df12bf449c3a5b3d49a8a643118,cache.delete,,2.97,OK,cache-cluster,v1.1.0,2d75e8bb1130429fbe593460556cd839
live_ep_000014_NONE,NONE,inventory-service,50.5,1785925350.701459,b1cd06c65e2c45bf8dbc50fe22cfb252,,PUT /api/inventory,,93.22,OK,inventory-service,v1.1.0,a41168b1950742bba89f349e07e05417
live_ep_000014_NONE,NONE,inventory-service,50.5,1785925350.701459,88baa9fd25d247e88d62fcf33b4c23a6,b1cd06c65e2c45bf8dbc50fe22cfb252,db.query.select,READ,36.53,OK,user-db,v1.1.0,a41168b1950742bba89f349e07e05417
live_ep_000014_NONE,NONE,inventory-service,50.5,1785925350.701459,8100ba549ee44ef8afa8ba4614fe0626,b1cd06c65e2c45bf8dbc50fe22cfb252,db.transaction,READ,12.72,OK,user-db,v1.1.0,a41168b1950742bba89f349e07e05417
live_ep_000014_NONE,NONE,inventory-service,50.5,1785925350.701459,4238c04e455f4186882f5377b9514c2b,b1cd06c65e2c45bf8dbc50fe22cfb252,cache.get,,2.96,OK,cache-cluster,v1.1.0,a41168b1950742bba89f349e07e05417
live_ep_000014_NONE,NONE,inventory-service,51.0,1785925351.2034318,26f2253a992d45a6bd9b448cc520b3c3,,POST /api/payment,,105.92,OK,inventory-service,v1.1.0,3570965064fb428dbb1a48c9df237c77
live_ep_000014_NONE,NONE,inventory-service,51.0,1785925351.2034318,76edb9b8ffc34697b41528bb6eb8c748,26f2253a992d45a6bd9b448cc520b3c3,db.query.delete,WRITE,45.39,OK,user-db,v1.1.0,3570965064fb428dbb1a48c9df237c77
live_ep_000014_NONE,NONE,inventory-service,51.0,1785925351.2034318,1e7ba7118f164c5a85ac888cf4fd6a42,26f2253a992d45a6bd9b448cc520b3c3,db.query.select,WRITE,18.4,OK,user-db,v1.1.0,3570965064fb428dbb1a48c9df237c77
live_ep_000014_NONE,NONE,inventory-service,51.0,1785925351.2034318,05c93247dfab4991838f53496448fa15,26f2253a992d45a6bd9b448cc520b3c3,cache.set,,2.93,OK,cache-cluster,v1.1.0,3570965064fb428dbb1a48c9df237c77
live_ep_000014_NONE,NONE,inventory-service,51.5,1785925351.7037716,85a3d5f0171d41bea65e8c4ee4bccf0a,,PUT /api/inventory,,102.89,OK,inventory-service,v1.1.0,ee1f5174c580450ea07d3bcab2287a9f
live_ep_000014_NONE,NONE,inventory-service,51.5,1785925351.7037716,fa27022870a9450ba953dde33465bf81,85a3d5f0171d41bea65e8c4ee4bccf0a,db.query.insert,WRITE,32.83,OK,user-db,v1.1.0,ee1f5174c580450ea07d3bcab2287a9f
live_ep_000014_NONE,NONE,inventory-service,51.5,1785925351.7037716,a59d38fe38a1490294644401e7aa8c02,85a3d5f0171d41bea65e8c4ee4bccf0a,db.transaction,READ,31.49,OK,user-db,v1.1.0,ee1f5174c580450ea07d3bcab2287a9f
live_ep_000014_NONE,NONE,inventory-service,51.5,1785925351.7037716,acaad7afa6e84208bc8cf7825a54fc26,85a3d5f0171d41bea65e8c4ee4bccf0a,cache.set,,2.89,OK,cache-cluster,v1.1.0,ee1f5174c580450ea07d3bcab2287a9f
live_ep_000014_NONE,NONE,inventory-service,51.5,1785925351.7037716,fe3f3d34b36245b79e5715f86b5f3886,85a3d5f0171d41bea65e8c4ee4bccf0a,http.client.get,,34.85,OK,cache-cluster,v1.1.0,ee1f5174c580450ea07d3bcab2287a9f
live_ep_000014_NONE,NONE,inventory-service,52.0,1785925352.2039576,5e7a4c4c3dc545b2a3e47395f340112e,,GET /api/health,,104.31,OK,inventory-service,v1.1.0,da77f7e57bc14baba539aec8d576d23b
live_ep_000014_NONE,NONE,inventory-service,52.0,1785925352.2039576,c302a986618c4dc6b9a29d5c7a411d1d,5e7a4c4c3dc545b2a3e47395f340112e,db.query.insert,WRITE,43.19,OK,user-db,v1.1.0,da77f7e57bc14baba539aec8d576d23b
live_ep_000014_NONE,NONE,inventory-service,52.0,1785925352.2039576,d19381ddfd934896aab533da17472113,5e7a4c4c3dc545b2a3e47395f340112e,db.query.delete,READ,50.22,OK,user-db,v1.1.0,da77f7e57bc14baba539aec8d576d23b
live_ep_000014_NONE,NONE,inventory-service,52.0,1785925352.2039576,948ad3c658064e59b2ae72c7a673e928,5e7a4c4c3dc545b2a3e47395f340112e,cache.get,,46.82,OK,cache-cluster,v1.1.0,da77f7e57bc14baba539aec8d576d23b
live_ep_000014_NONE,NONE,inventory-service,52.5,1785925352.7042289,ad76f2e32af644fdb25c7e6233e2a880,,GET /api/order,,94.9,OK,inventory-service,v1.1.0,04a178392ee545a2954248fb87f94eaf
live_ep_000014_NONE,NONE,inventory-service,52.5,1785925352.7042289,2c10b6e12c1546eeaef76b80d23084dc,ad76f2e32af644fdb25c7e6233e2a880,db.query.update,READ,19.71,OK,user-db,v1.1.0,04a178392ee545a2954248fb87f94eaf
live_ep_000014_NONE,NONE,inventory-service,52.5,1785925352.7042289,51496022ce834a90bb059782765ea3ad,ad76f2e32af644fdb25c7e6233e2a880,db.query.update,READ,25.86,OK,user-db,v1.1.0,04a178392ee545a2954248fb87f94eaf
live_ep_000014_NONE,NONE,inventory-service,52.5,1785925352.7042289,f5968360552c402aa36e1be759c8ea11,ad76f2e32af644fdb25c7e6233e2a880,cache.set,,3.04,OK,cache-cluster,v1.1.0,04a178392ee545a2954248fb87f94eaf
live_ep_000014_NONE,NONE,inventory-service,53.0,1785925353.204405,47d5ea5ff3554cfbaa79dd0160737342,,PUT /api/inventory,,100.79,OK,inventory-service,v1.1.0,bb8cdf9f1cfe4c1a8c8119d62fe9142f
live_ep_000014_NONE,NONE,inventory-service,53.0,1785925353.204405,ff453d13182e46e5a52dce00685f0af2,47d5ea5ff3554cfbaa79dd0160737342,db.query.select,READ,7.9,OK,user-db,v1.1.0,bb8cdf9f1cfe4c1a8c8119d62fe9142f
live_ep_000014_NONE,NONE,inventory-service,53.0,1785925353.204405,ea9faa05de7e4216b2ae2837aa121782,47d5ea5ff3554cfbaa79dd0160737342,cache.set,,2.75,OK,cache-cluster,v1.1.0,bb8cdf9f1cfe4c1a8c8119d62fe9142f
live_ep_000014_NONE,NONE,inventory-service,53.0,1785925353.204405,8a5c1e393dc843e0a070d27e61dd942b,47d5ea5ff3554cfbaa79dd0160737342,grpc.call,,18.65,OK,inventory-api,v1.1.0,bb8cdf9f1cfe4c1a8c8119d62fe9142f
live_ep_000014_NONE,NONE,inventory-service,53.5,1785925353.7048333,cbba080e9adb4e1ab86474856b422a7e,,POST /api/checkout,,115.04,OK,inventory-service,v1.1.0,ff67a6189308466d95b4e206a9b8dab3
live_ep_000014_NONE,NONE,inventory-service,53.5,1785925353.7048333,e04853ec888d41b3836172e57a0b6488,cbba080e9adb4e1ab86474856b422a7e,db.query.insert,READ,20.64,OK,user-db,v1.1.0,ff67a6189308466d95b4e206a9b8dab3
live_ep_000014_NONE,NONE,inventory-service,53.5,1785925353.7048333,461ad43accaa4684af52e56bfa777eb7,cbba080e9adb4e1ab86474856b422a7e,cache.delete,,1.04,OK,cache-cluster,v1.1.0,ff67a6189308466d95b4e206a9b8dab3
live_ep_000014_NONE,NONE,inventory-service,53.5,1785925353.7048333,afd72b67429f4f3fbad8c4a59bdc5772,cbba080e9adb4e1ab86474856b422a7e,grpc.call,,49.74,OK,user-db,v1.1.0,ff67a6189308466d95b4e206a9b8dab3
live_ep_000014_NONE,NONE,inventory-service,54.0,1785925354.2050164,051b175d773742059a3c938934e7a209,,POST /api/checkout,,135.38,OK,inventory-service,v1.1.0,55a89f5b146a49738758def9f446715d
live_ep_000014_NONE,NONE,inventory-service,54.0,1785925354.2050164,cd2e4aafe7a54409bb774ac05b31525c,051b175d773742059a3c938934e7a209,db.query.insert,READ,14.14,OK,user-db,v1.1.0,55a89f5b146a49738758def9f446715d
live_ep_000014_NONE,NONE,inventory-service,54.5,1785925354.7051015,bc19101d95c74214a426d4202a368be1,,GET /api/health,,122.62,OK,inventory-service,v1.1.0,307688c721b245ebabc86124a7f2fcba
live_ep_000014_NONE,NONE,inventory-service,54.5,1785925354.7051015,4b84d28f85ed4b1a8e9a8b6a5b365ee6,bc19101d95c74214a426d4202a368be1,db.query.delete,READ,17.84,OK,user-db,v1.1.0,307688c721b245ebabc86124a7f2fcba
live_ep_000014_NONE,NONE,inventory-service,54.5,1785925354.7051015,8e8fb7ddf7234084b9afed92e92121cc,bc19101d95c74214a426d4202a368be1,db.query.insert,READ,23.89,OK,user-db,v1.1.0,307688c721b245ebabc86124a7f2fcba
live_ep_000014_NONE,NONE,inventory-service,54.5,1785925354.7051015,c4bc50af6fac46ff9f8fcbab9c48ba07,bc19101d95c74214a426d4202a368be1,cache.set,,2.79,OK,cache-cluster,v1.1.0,307688c721b245ebabc86124a7f2fcba
live_ep_000014_NONE,NONE,inventory-service,55.0,1785925355.2053337,1b1ae1cba3124bd39104b582f49c6208,,PUT /api/inventory,,141.58,OK,inventory-service,v1.1.0,4a928671ccec4a0ab93cee049a86eea3
live_ep_000014_NONE,NONE,inventory-service,55.0,1785925355.2053337,829115e1b6a84cc587b47ade530745a2,1b1ae1cba3124bd39104b582f49c6208,db.transaction,WRITE,18.01,OK,user-db,v1.1.0,4a928671ccec4a0ab93cee049a86eea3
live_ep_000014_NONE,NONE,inventory-service,55.0,1785925355.2053337,e59c936ad9f6420b8af5c0b29bc1a80a,1b1ae1cba3124bd39104b582f49c6208,db.query.insert,WRITE,11.08,OK,user-db,v1.1.0,4a928671ccec4a0ab93cee049a86eea3
live_ep_000014_NONE,NONE,inventory-service,55.0,1785925355.2053337,91153d34c31045b2a02b962b1f47362f,1b1ae1cba3124bd39104b582f49c6208,cache.delete,,1.64,OK,cache-cluster,v1.1.0,4a928671ccec4a0ab93cee049a86eea3
live_ep_000014_NONE,NONE,inventory-service,55.5,1785925355.705879,46ecfde4b0144d82aebee0f2e4008fe8,,PUT /api/inventory,,133.83,OK,inventory-service,v1.1.0,5271041126884d8f9401361bca87a50f
live_ep_000014_NONE,NONE,inventory-service,55.5,1785925355.705879,4bcbef5964d542b5a6c5d5102d1ee3df,46ecfde4b0144d82aebee0f2e4008fe8,db.query.update,WRITE,33.82,OK,user-db,v1.1.0,5271041126884d8f9401361bca87a50f
live_ep_000014_NONE,NONE,inventory-service,55.5,1785925355.705879,911cb734961948fca5bcf2a3b19fedc7,46ecfde4b0144d82aebee0f2e4008fe8,cache.set,,1.09,OK,cache-cluster,v1.1.0,5271041126884d8f9401361bca87a50f
live_ep_000014_NONE,NONE,inventory-service,56.0,1785925356.2063043,a115063061d44ef7a934f4270b542ae6,,GET /api/order,,102.87,OK,inventory-service,v1.1.0,a93f80c635d74c28b805a1792630f613
live_ep_000014_NONE,NONE,inventory-service,56.0,1785925356.2063043,cb9d1bfca97945db9e36f1cd5bc8f3ce,a115063061d44ef7a934f4270b542ae6,db.query.delete,READ,55.41,OK,user-db,v1.1.0,a93f80c635d74c28b805a1792630f613
live_ep_000014_NONE,NONE,inventory-service,56.0,1785925356.2063043,f45fa14935a34460bd7e7a4cbfff2f63,a115063061d44ef7a934f4270b542ae6,db.transaction,READ,44.39,OK,user-db,v1.1.0,a93f80c635d74c28b805a1792630f613
live_ep_000014_NONE,NONE,inventory-service,56.0,1785925356.2063043,27d883d93adf4f858a99c7c0da8fe1cd,a115063061d44ef7a934f4270b542ae6,cache.delete,,2.12,OK,cache-cluster,v1.1.0,a93f80c635d74c28b805a1792630f613
live_ep_000014_NONE,NONE,inventory-service,56.5,1785925356.706655,14e57f953f5b45c482bec59ca758ec9b,,GET /api/auth,,120.23,OK,inventory-service,v1.1.0,46f4b285e9144f77b4ca22d4f520801b
live_ep_000014_NONE,NONE,inventory-service,56.5,1785925356.706655,7941d3e9285340ae8600f56529680a5b,14e57f953f5b45c482bec59ca758ec9b,db.query.update,WRITE,14.65,OK,user-db,v1.1.0,46f4b285e9144f77b4ca22d4f520801b
live_ep_000014_NONE,NONE,inventory-service,56.5,1785925356.706655,7e74d73fbd424a6b9ba36fe0943b8f25,14e57f953f5b45c482bec59ca758ec9b,db.transaction,WRITE,20.23,OK,user-db,v1.1.0,46f4b285e9144f77b4ca22d4f520801b
live_ep_000014_NONE,NONE,inventory-service,56.5,1785925356.706655,aa5466e11ab94562a2a5562972ecc01c,14e57f953f5b45c482bec59ca758ec9b,http.client.get,,23.38,OK,inventory-api,v1.1.0,46f4b285e9144f77b4ca22d4f520801b
live_ep_000014_NONE,NONE,inventory-service,57.0,1785925357.207065,1b252b07bdf442bab26c321c2cece5e8,,POST /api/checkout,,110.72,OK,inventory-service,v1.1.0,98293eababa9495da1d4db1e0d107055
live_ep_000014_NONE,NONE,inventory-service,57.0,1785925357.207065,81a3833675a348cd80a363f7b85e7379,1b252b07bdf442bab26c321c2cece5e8,db.query.delete,READ,12.53,OK,user-db,v1.1.0,98293eababa9495da1d4db1e0d107055
live_ep_000014_NONE,NONE,inventory-service,57.0,1785925357.207065,d166e9f7353a4fd6be6513a698a2f9e6,1b252b07bdf442bab26c321c2cece5e8,cache.delete,,3.1,OK,cache-cluster,v1.1.0,98293eababa9495da1d4db1e0d107055
live_ep_000014_NONE,NONE,inventory-service,57.5,1785925357.7072213,9597dadc1c0f45f5b12e27498ae577ee,,GET /api/auth,,104.18,OK,inventory-service,v1.1.0,d7f1321961f94391a4af236f3c95657b
live_ep_000014_NONE,NONE,inventory-service,57.5,1785925357.7072213,2092064a80db4c419f1154ee744e5ed2,9597dadc1c0f45f5b12e27498ae577ee,db.query.select,READ,23.62,OK,user-db,v1.1.0,d7f1321961f94391a4af236f3c95657b
live_ep_000014_NONE,NONE,inventory-service,57.5,1785925357.7072213,37deb50cd7cd46c2a8e92d3f87ff9fec,9597dadc1c0f45f5b12e27498ae577ee,db.query.select,WRITE,27.92,OK,user-db,v1.1.0,d7f1321961f94391a4af236f3c95657b
live_ep_000014_NONE,NONE,inventory-service,58.0,1785925358.20744,62fabb0f835e4f96893b847ebc96d613,,PUT /api/inventory,,122.93,OK,inventory-service,v1.1.0,af36080c20274fcab49c610ded239988
live_ep_000014_NONE,NONE,inventory-service,58.0,1785925358.20744,57c8b65e9e8446e7bd2fd60600511e62,62fabb0f835e4f96893b847ebc96d613,db.query.insert,WRITE,18.91,OK,user-db,v1.1.0,af36080c20274fcab49c610ded239988
live_ep_000014_NONE,NONE,inventory-service,58.0,1785925358.20744,c7490e35cbd64a47bb9bd4a148d8707b,62fabb0f835e4f96893b847ebc96d613,db.query.select,READ,26.21,OK,user-db,v1.1.0,af36080c20274fcab49c610ded239988
live_ep_000014_NONE,NONE,inventory-service,58.0,1785925358.20744,e52c079cd05641c0bb6d83b291c23ce4,62fabb0f835e4f96893b847ebc96d613,cache.set,,76.13,OK,cache-cluster,v1.1.0,af36080c20274fcab49c610ded239988
live_ep_000014_NONE,NONE,inventory-service,58.5,1785925358.7078907,1342a0413bd44b31b20435c22740b384,,PUT /api/inventory,,122.85,OK,inventory-service,v1.1.0,a1774f78c48a4c4bb975ab22d88b3106
live_ep_000014_NONE,NONE,inventory-service,58.5,1785925358.7078907,bc2ad95bac42499183b9d21f18b18688,1342a0413bd44b31b20435c22740b384,db.transaction,READ,26.71,OK,user-db,v1.1.0,a1774f78c48a4c4bb975ab22d88b3106
live_ep_000014_NONE,NONE,inventory-service,58.5,1785925358.7078907,4655be32c4d54c97bfe93c3d444b08af,1342a0413bd44b31b20435c22740b384,cache.set,,2.16,OK,cache-cluster,v1.1.0,a1774f78c48a4c4bb975ab22d88b3106
live_ep_000014_NONE,NONE,inventory-service,59.0,1785925359.2081723,058d59821f0743bc924eb3a75cbda850,,PUT /api/inventory,,107.09,OK,inventory-service,v1.1.0,2a804d4a83b5451c86ca77a4ef3de8c9
live_ep_000014_NONE,NONE,inventory-service,59.0,1785925359.2081723,0c5b495535b04630868bed48a0e66fa5,058d59821f0743bc924eb3a75cbda850,db.query.update,WRITE,7.92,OK,user-db,v1.1.0,2a804d4a83b5451c86ca77a4ef3de8c9
live_ep_000014_NONE,NONE,inventory-service,59.0,1785925359.2081723,8af2f328acf74c31b254ed89c7d15346,058d59821f0743bc924eb3a75cbda850,db.query.select,READ,17.87,OK,user-db,v1.1.0,2a804d4a83b5451c86ca77a4ef3de8c9
live_ep_000014_NONE,NONE,inventory-service,59.0,1785925359.2081723,c286a8b1413242d199a56914a0b7ea9d,058d59821f0743bc924eb3a75cbda850,cache.set,,1.39,OK,cache-cluster,v1.1.0,2a804d4a83b5451c86ca77a4ef3de8c9
live_ep_000014_NONE,NONE,inventory-service,59.5,1785925359.7085018,e300f9439c544721a300a718e53c9d59,,GET /api/health,,117.77,OK,inventory-service,v1.1.0,989194aae6f74d41a801de73151799b8
live_ep_000014_NONE,NONE,inventory-service,59.5,1785925359.7085018,63d4685403db4de6b6b2d863d1167d7e,e300f9439c544721a300a718e53c9d59,db.query.update,READ,20.16,OK,user-db,v1.1.0,989194aae6f74d41a801de73151799b8
live_ep_000014_NONE,NONE,inventory-service,59.5,1785925359.7085018,80377faa228441eb8ed8940abc0739be,e300f9439c544721a300a718e53c9d59,db.transaction,READ,32.45,OK,user-db,v1.1.0,989194aae6f74d41a801de73151799b8
live_ep_000014_NONE,NONE,inventory-service,59.5,1785925359.7085018,f06d1e8480ad470ba82a3ebfa0a30d79,e300f9439c544721a300a718e53c9d59,cache.delete,,2.65,OK,cache-cluster,v1.1.0,989194aae6f74d41a801de73151799b8
live_ep_000014_NONE,NONE,inventory-service,59.5,1785925359.7085018,23c910a7f75f4e18934c2fffc7b8cfd6,e300f9439c544721a300a718e53c9d59,http.client.post,,33.75,OK,cache-cluster,v1.1.0,989194aae6f74d41a801de73151799b8
live_ep_000015_QUEUE_BACKUP,QUEUE_BACKUP,auth-service,0.0,1785925360.2111487,38b24eaa098b4c33ae6c84edab64f4f6,,GET /api/auth,,103.26,OK,auth-service,v1.0.0,00b56c8a96804eadbec1cf8ecd0966ef
live_ep_000015_QUEUE_BACKUP,QUEUE_BACKUP,auth-service,0.0,1785925360.2111487,68ebee1fdcaa4114816ff09cf119921f,38b24eaa098b4c33ae6c84edab64f4f6,db.query.delete,WRITE,13.65,OK,user-db,v1.0.0,00b56c8a96804eadbec1cf8ecd0966ef
live_ep_000015_QUEUE_BACKUP,QUEUE_BACKUP,auth-service,0.0,1785925360.2111487,3a7d2408b09348ce939f067a37eb6f78,38b24eaa098b4c33ae6c84edab64f4f6,db.query.insert,WRITE,3.4,OK,user-db,v1.0.0,00b56c8a96804eadbec1cf8ecd0966ef
live_ep_000015_QUEUE_BACKUP,QUEUE_BACKUP,auth-service,0.0,1785925360.2111487,22f3e1bdda2442e59311c8cee3de14b0,38b24eaa098b4c33ae6c84edab64f4f6,cache.set,,3.18,OK,cache-cluster,v1.0.0,00b56c8a96804eadbec1cf8ecd0966ef
live_ep_000015_QUEUE_BACKUP,QUEUE_BACKUP,auth-service,0.0,1785925360.2111487,a3f142dac74d4e20b9f0d00fadeaed75,38b24eaa098b4c33ae6c84edab64f4f6,grpc.call,,53.02,OK,cache-cluster,v1.0.0,00b56c8a96804eadbec1cf8ecd0966ef
live_ep_000015_QUEUE_BACKUP,QUEUE_BACKUP,auth-service,0.5,1785925360.711634,3746b371a1664107a42ccf17dec9b44f,,POST /api/payment,,121.47,OK,auth-service,v1.0.0,2dfa601be9d441a2b304f965af2e68b2
live_ep_000015_QUEUE_BACKUP,QUEUE_BACKUP,auth-service,0.5,1785925360.711634,b7803e08d33c4d10a89d42627d7de8f8,3746b371a1664107a42ccf17dec9b44f,db.query.select,READ,15.09,OK,user-db,v1.0.0,2dfa601be9d441a2b304f965af2e68b2
live_ep_000015_QUEUE_BACKUP,QUEUE_BACKUP,auth-service,0.5,1785925360.711634,39896343008a47d8bd5e447f1bcedfad,3746b371a1664107a42ccf17dec9b44f,cache.set,,0.59,OK,cache-cluster,v1.0.0,2dfa601be9d441a2b304f965af2e68b2
live_ep_000015_QUEUE_BACKUP,QUEUE_BACKUP,auth-service,0.5,1785925360.711634,911f3b3e0a3d45ab852c45f0e18dcfda,3746b371a1664107a42ccf17dec9b44f,grpc.call,,35.83,OK,inventory-api,v1.0.0,2dfa601be9d441a2b304f965af2e68b2
live_ep_000015_QUEUE_BACKUP,QUEUE_BACKUP,auth-service,1.0,1785925361.2118957,f81c8a7d63074b1987a1d32947761840,,PUT /api/inventory,,81.58,OK,auth-service,v1.0.0,87275ded0a6147799132eb45e0f3b4b6
live_ep_000015_QUEUE_BACKUP,QUEUE_BACKUP,auth-service,1.0,1785925361.2118957,68a001eb98ca48078fd475c331bcc19f,f81c8a7d63074b1987a1d32947761840,db.transaction,WRITE,25.7,OK,user-db,v1.0.0,87275ded0a6147799132eb45e0f3b4b6
live_ep_000015_QUEUE_BACKUP,QUEUE_BACKUP,auth-service,1.0,1785925361.2118957,f116d305cd22486fb7ebb8fa27bd5050,f81c8a7d63074b1987a1d32947761840,db.query.delete,READ,18.75,OK,user-db,v1.0.0,87275ded0a6147799132eb45e0f3b4b6
live_ep_000015_QUEUE_BACKUP,QUEUE_BACKUP,auth-service,1.0,1785925361.2118957,e7b2aa550b614f49be8b00ae59e58e2d,f81c8a7d63074b1987a1d32947761840,cache.delete,,1.43,OK,cache-cluster,v1.0.0,87275ded0a6147799132eb45e0f3b4b6
live_ep_000015_QUEUE_BACKUP,QUEUE_BACKUP,auth-service,1.0,1785925361.2118957,04e9aff45fa6478e804663c51fe68992,f81c8a7d63074b1987a1d32947761840,http.client.post,,18.84,OK,cache-cluster,v1.0.0,87275ded0a6147799132eb45e0f3b4b6
live_ep_000015_QUEUE_BACKUP,QUEUE_BACKUP,auth-service,1.5,1785925361.7120156,84f17134526c43ad9c511f8f8da5d714,,GET /api/auth,,107.3,OK,auth-service,v1.0.0,cdbc28e32fca49c8952e48c355338ac3
live_ep_000015_QUEUE_BACKUP,QUEUE_BACKUP,auth-service,1.5,1785925361.7120156,c36c2ca7d1ea4763a94422ab111f3d47,84f17134526c43ad9c511f8f8da5d714,db.query.select,READ,23.21,OK,user-db,v1.0.0,cdbc28e32fca49c8952e48c355338ac3
live_ep_000015_QUEUE_BACKUP,QUEUE_BACKUP,auth-service,1.5,1785925361.7120156,e9ad6dff0f274b14a3699f0808e443c7,84f17134526c43ad9c511f8f8da5d714,db.transaction,READ,21.9,OK,user-db,v1.0.0,cdbc28e32fca49c8952e48c355338ac3
live_ep_000015_QUEUE_BACKUP,QUEUE_BACKUP,auth-service,1.5,1785925361.7120156,228b035a31ce47d7a6438c59d3b2bc1d,84f17134526c43ad9c511f8f8da5d714,grpc.call,,36.9,OK,user-db,v1.0.0,cdbc28e32fca49c8952e48c355338ac3
live_ep_000015_QUEUE_BACKUP,QUEUE_BACKUP,auth-service,2.0,1785925362.2126882,80cceb299bc74056b184a5a7310d403e,,GET /api/order,,120.71,OK,auth-service,v1.0.0,bc38afa618a642c7a927c1abcd8d61b7
live_ep_000015_QUEUE_BACKUP,QUEUE_BACKUP,auth-service,2.0,1785925362.2126882,20079d53dd3d458793994fb905b75946,80cceb299bc74056b184a5a7310d403e,db.query.select,READ,16.41,OK,user-db,v1.0.0,bc38afa618a642c7a927c1abcd8d61b7
live_ep_000015_QUEUE_BACKUP,QUEUE_BACKUP,auth-service,2.0,1785925362.2126882,15fa954aa87342b5bc73479146102ce9,80cceb299bc74056b184a5a7310d403e,cache.get,,1.37,OK,cache-cluster,v1.0.0,bc38afa618a642c7a927c1abcd8d61b7
live_ep_000015_QUEUE_BACKUP,QUEUE_BACKUP,auth-service,2.0,1785925362.2126882,ba051c3ac23d4eed8a85e43e9ea0d89f,80cceb299bc74056b184a5a7310d403e,http.client.post,,24.45,OK,cache-cluster,v1.0.0,bc38afa618a642c7a927c1abcd8d61b7
live_ep_000015_QUEUE_BACKUP,QUEUE_BACKUP,auth-service,2.5,1785925362.7138247,42b5c2505c0944cd96894acb6c347ef8,,GET /api/health,,91.86,OK,auth-service,v1.0.0,a7342bd2d49a4c5e96e1c4905d27dd37
live_ep_000015_QUEUE_BACKUP,QUEUE_BACKUP,auth-service,2.5,1785925362.7138247,f48a730a488c4415b75fa85a5b2cc364,42b5c2505c0944cd96894acb6c347ef8,db.transaction,READ,17.99,OK,user-db,v1.0.0,a7342bd2d49a4c5e96e1c4905d27dd37
live_ep_000015_QUEUE_BACKUP,QUEUE_BACKUP,auth-service,3.0,1785925363.2142692,0471105c835e48ac8fb0426076d520a2,,POST /api/payment,,122.93,OK,auth-service,v1.0.0,11acdf4e50d8460182b016fba609a8a6
live_ep_000015_QUEUE_BACKUP,QUEUE_BACKUP,auth-service,3.0,1785925363.2142692,257d03d96f7443b8badc3d09a8ac9a95,0471105c835e48ac8fb0426076d520a2,db.transaction,READ,37.95,OK,user-db,v1.0.0,11acdf4e50d8460182b016fba609a8a6
live_ep_000015_QUEUE_BACKUP,QUEUE_BACKUP,auth-service,3.5,1785925363.714522,540d673d83ad4fce87044fba535f5c25,,POST /api/checkout,,141.73,OK,auth-service,v1.0.0,3437aea60ef14af295b32c0105704bb3
live_ep_000015_QUEUE_BACKUP,QUEUE_BACKUP,auth-service,3.5,1785925363.714522,f6b9b59153e8409a9a974b77b0634058,540d673d83ad4fce87044fba535f5c25,db.query.insert,READ,6.08,OK,user-db,v1.0.0,3437aea60ef14af295b32c0105704bb3
live_ep_000015_QUEUE_BACKUP,QUEUE_BACKUP,auth-service,3.5,1785925363.714522,75a28dafd99f479590b381f11d9d0f10,540d673d83ad4fce87044fba535f5c25,db.query.select,READ,7.84,OK,user-db,v1.0.0,3437aea60ef14af295b32c0105704bb3
live_ep_000015_QUEUE_BACKUP,QUEUE_BACKUP,auth-service,3.5,1785925363.714522,0ecd86b341404794b05d2f6aea650590,540d673d83ad4fce87044fba535f5c25,http.client.post,,38.97,OK,user-db,v1.0.0,3437aea60ef14af295b32c0105704bb3
live_ep_000015_QUEUE_BACKUP,QUEUE_BACKUP,auth-service,4.0,1785925364.2147255,2a376879d00a4a6a8683b48b1d733a7f,,GET /api/health,,121.8,OK,auth-service,v1.0.0,f129d65d55d54fc69ecbaac8ffc756cd
live_ep_000015_QUEUE_BACKUP,QUEUE_BACKUP,auth-service,4.0,1785925364.2147255,751fe6465cbd47cdad7fee1e7ea3ed60,2a376879d00a4a6a8683b48b1d733a7f,db.query.insert,READ,17.82,OK,user-db,v1.0.0,f129d65d55d54fc69ecbaac8ffc756cd
live_ep_000015_QUEUE_BACKUP,QUEUE_BACKUP,auth-service,4.0,1785925364.2147255,801e106cc0a04201909759e7a9275a89,2a376879d00a4a6a8683b48b1d733a7f,db.query.select,READ,37.69,OK,user-db,v1.0.0,f129d65d55d54fc69ecbaac8ffc756cd
live_ep_000015_QUEUE_BACKUP,QUEUE_BACKUP,auth-service,4.0,1785925364.2147255,3cacdb7bda5c4d3d81b50124addc87df,2a376879d00a4a6a8683b48b1d733a7f,cache.set,,1.27,OK,cache-cluster,v1.0.0,f129d65d55d54fc69ecbaac8ffc756cd
live_ep_000015_QUEUE_BACKUP,QUEUE_BACKUP,auth-service,4.5,1785925364.715261,099f2f0e9add4f828a5a90018eef58dd,,GET /api/order,,107.16,OK,auth-service,v1.0.0,454b3a7916734e7385c454a20ec4b7f7
live_ep_000015_QUEUE_BACKUP,QUEUE_BACKUP,auth-service,4.5,1785925364.715261,fed59cada87e4c5aa10531108508e184,099f2f0e9add4f828a5a90018eef58dd,db.query.delete,READ,34.35,OK,user-db,v1.0.0,454b3a7916734e7385c454a20ec4b7f7
live_ep_000015_QUEUE_BACKUP,QUEUE_BACKUP,auth-service,5.0,1785925365.2155564,817fc0948d3f4f7fb4e56c4e1ca95ea5,,GET /api/health,,101.55,OK,auth-service,v1.0.0,c1d26c773f964cbda55bd14946c19c9b
live_ep_000015_QUEUE_BACKUP,QUEUE_BACKUP,auth-service,5.0,1785925365.2155564,73c6b25a13f648b6a7905a2787896b9b,817fc0948d3f4f7fb4e56c4e1ca95ea5,db.query.delete,WRITE,13.6,OK,user-db,v1.0.0,c1d26c773f964cbda55bd14946c19c9b
live_ep_000015_QUEUE_BACKUP,QUEUE_BACKUP,auth-service,5.0,1785925365.2155564,fdc2c52c33254fd0a1ede99e8c72b724,817fc0948d3f4f7fb4e56c4e1ca95ea5,db.query.select,READ,8.17,OK,user-db,v1.0.0,c1d26c773f964cbda55bd14946c19c9b
live_ep_000015_QUEUE_BACKUP,QUEUE_BACKUP,auth-service,5.0,1785925365.2155564,91fdae74f477471cb57fa803076ce09e,817fc0948d3f4f7fb4e56c4e1ca95ea5,cache.set,,1.21,OK,cache-cluster,v1.0.0,c1d26c773f964cbda55bd14946c19c9b
live_ep_000015_QUEUE_BACKUP,QUEUE_BACKUP,auth-service,5.5,1785925365.7160795,3a56799b551443258657ff229a5a9e79,,GET /api/order,,143.91,OK,auth-service,v1.0.0,93dcea5a41db494ea9170c4c49747ea5
live_ep_000015_QUEUE_BACKUP,QUEUE_BACKUP,auth-service,5.5,1785925365.7160795,e3aa0407faf845fcba88dc7e76999d34,3a56799b551443258657ff229a5a9e79,db.query.update,READ,21.52,OK,user-db,v1.0.0,93dcea5a41db494ea9170c4c49747ea5
live_ep_000015_QUEUE_BACKUP,QUEUE_BACKUP,auth-service,5.5,1785925365.7160795,e2e37407443146ae981af6d14fca262b,3a56799b551443258657ff229a5a9e79,cache.get,,3.42,OK,cache-cluster,v1.0.0,93dcea5a41db494ea9170c4c49747ea5
live_ep_000015_QUEUE_BACKUP,QUEUE_BACKUP,auth-service,6.0,1785925366.2165995,e764688d23954aa1a7a7c142d87c5a7f,,GET /api/health,,79.81,OK,auth-service,v1.0.0,da17957b445042199fbc33b1125c4000
live_ep_000015_QUEUE_BACKUP,QUEUE_BACKUP,auth-service,6.0,1785925366.2165995,f024b8daf0ab4ad684cf59b386f9a8e6,e764688d23954aa1a7a7c142d87c5a7f,db.query.update,READ,35.99,OK,user-db,v1.0.0,da17957b445042199fbc33b1125c4000
live_ep_000015_QUEUE_BACKUP,QUEUE_BACKUP,auth-service,6.0,1785925366.2165995,85bf6de9afa04e6f9b60404966f8bfc3,e764688d23954aa1a7a7c142d87c5a7f,db.query.insert,READ,20.6,OK,user-db,v1.0.0,da17957b445042199fbc33b1125c4000
live_ep_000015_QUEUE_BACKUP,QUEUE_BACKUP,auth-service,6.0,1785925366.2165995,09713ddc6c754e28ad3de73077eb7bb1,e764688d23954aa1a7a7c142d87c5a7f,cache.delete,,1.6,OK,cache-cluster,v1.0.0,da17957b445042199fbc33b1125c4000
live_ep_000015_QUEUE_BACKUP,QUEUE_BACKUP,auth-service,6.5,1785925366.7167273,29e09a8503074ee3aa0a7d66f2e7372d,,PUT /api/inventory,,128.81,OK,auth-service,v1.0.0,1aebdb70e03046ca8eb3b3e6eaec86d3
live_ep_000015_QUEUE_BACKUP,QUEUE_BACKUP,auth-service,6.5,1785925366.7167273,9e2940941304441ca12f2525638fbd47,29e09a8503074ee3aa0a7d66f2e7372d,db.transaction,READ,13.1,OK,user-db,v1.0.0,1aebdb70e03046ca8eb3b3e6eaec86d3
live_ep_000015_QUEUE_BACKUP,QUEUE_BACKUP,auth-service,6.5,1785925366.7167273,42d42e1aa12647bcada3420ad3d1bda4,29e09a8503074ee3aa0a7d66f2e7372d,db.query.delete,WRITE,22.36,OK,user-db,v1.0.0,1aebdb70e03046ca8eb3b3e6eaec86d3
live_ep_000015_QUEUE_BACKUP,QUEUE_BACKUP,auth-service,6.5,1785925366.7167273,cf6e690e57e446f9a0dc20e1f852ed38,29e09a8503074ee3aa0a7d66f2e7372d,cache.delete,,1.34,OK,cache-cluster,v1.0.0,1aebdb70e03046ca8eb3b3e6eaec86d3
live_ep_000015_QUEUE_BACKUP,QUEUE_BACKUP,auth-service,7.0,1785925367.217014,9d0e4d7dfce949f49431c1c2c0d08673,,POST /api/checkout,,168.14,OK,auth-service,v1.0.0,033a78034006481da2bdad9873ccd619
live_ep_000015_QUEUE_BACKUP,QUEUE_BACKUP,auth-service,7.0,1785925367.217014,d75189c12a5c4af7ae20fbde0f2d23a0,9d0e4d7dfce949f49431c1c2c0d08673,db.transaction,WRITE,16.74,OK,user-db,v1.0.0,033a78034006481da2bdad9873ccd619
live_ep_000015_QUEUE_BACKUP,QUEUE_BACKUP,auth-service,7.0,1785925367.217014,850034976ad64eecb4f02a7ac49b1ed2,9d0e4d7dfce949f49431c1c2c0d08673,cache.get,,4.4,OK,cache-cluster,v1.0.0,033a78034006481da2bdad9873ccd619
live_ep_000015_QUEUE_BACKUP,QUEUE_BACKUP,auth-service,7.0,1785925367.217014,29c2e151636a479186c58a6d46fad4cb,9d0e4d7dfce949f49431c1c2c0d08673,http.client.post,,20.58,OK,cache-cluster,v1.0.0,033a78034006481da2bdad9873ccd619
live_ep_000015_QUEUE_BACKUP,QUEUE_BACKUP,auth-service,7.5,1785925367.7174797,3dee533e8ee64fd389e7cf3f7fe3ca3a,,PUT /api/inventory,,121.84,OK,auth-service,v1.0.0,f93abc13026c431780c1c0f09fa0f950
live_ep_000015_QUEUE_BACKUP,QUEUE_BACKUP,auth-service,7.5,1785925367.7174797,1bc30574042343348c21b4f92767a465,3dee533e8ee64fd389e7cf3f7fe3ca3a,db.transaction,READ,14.4,OK,user-db,v1.0.0,f93abc13026c431780c1c0f09fa0f950
live_ep_000015_QUEUE_BACKUP,QUEUE_BACKUP,auth-service,7.5,1785925367.7174797,8b7d0874964949aebde06dfb12ac8204,3dee533e8ee64fd389e7cf3f7fe3ca3a,db.transaction,READ,19.59,OK,user-db,v1.0.0,f93abc13026c431780c1c0f09fa0f950
live_ep_000015_QUEUE_BACKUP,QUEUE_BACKUP,auth-service,8.0,1785925368.2178693,babd944ab0ef417497ae5967625f422f,,POST /api/checkout,,130.53,OK,auth-service,v1.0.0,eb834b8d51e2446fa01a9a3675322704
live_ep_000015_QUEUE_BACKUP,QUEUE_BACKUP,auth-service,8.0,1785925368.2178693,c326edf061144db98c232e8a68b215e5,babd944ab0ef417497ae5967625f422f,db.query.select,READ,10.32,OK,user-db,v1.0.0,eb834b8d51e2446fa01a9a3675322704
live_ep_000015_QUEUE_BACKUP,QUEUE_BACKUP,auth-service,8.0,1785925368.2178693,79f04894082c452389ede9848b4a3fde,babd944ab0ef417497ae5967625f422f,db.transaction,READ,13.3,OK,user-db,v1.0.0,eb834b8d51e2446fa01a9a3675322704
live_ep_000015_QUEUE_BACKUP,QUEUE_BACKUP,auth-service,8.0,1785925368.2178693,48445c06f07c458aa73649536f46edb9,babd944ab0ef417497ae5967625f422f,cache.set,,2.31,OK,cache-cluster,v1.0.0,eb834b8d51e2446fa01a9a3675322704
live_ep_000015_QUEUE_BACKUP,QUEUE_BACKUP,auth-service,8.0,1785925368.2178693,994760d739944ad8bc867fdfef6848c5,babd944ab0ef417497ae5967625f422f,http.client.get,,28.26,OK,cache-cluster,v1.0.0,eb834b8d51e2446fa01a9a3675322704
live_ep_000015_QUEUE_BACKUP,QUEUE_BACKUP,auth-service,8.5,1785925368.7183032,0581b19754ab44c38cb50e8f1267513f,,POST /api/checkout,,182.71,OK,auth-service,v1.0.0,0045afd101534ea3a704a8cd8a654057
live_ep_000015_QUEUE_BACKUP,QUEUE_BACKUP,auth-service,8.5,1785925368.7183032,499363db450d44819475e5b5ebb79bcf,0581b19754ab44c38cb50e8f1267513f,db.query.delete,WRITE,38.51,OK,user-db,v1.0.0,0045afd101534ea3a704a8cd8a654057
live_ep_000015_QUEUE_BACKUP,QUEUE_BACKUP,auth-service,9.0,1785925369.218841,56ddcdd909e94cc7aaa378713e9e2de9,,POST /api/checkout,,122.37,OK,auth-service,v1.0.0,d9001fab70454b9a941370b5a9499669
live_ep_000015_QUEUE_BACKUP,QUEUE_BACKUP,auth-service,9.0,1785925369.218841,00fdfb73f0b143e5b158402036b76541,56ddcdd909e94cc7aaa378713e9e2de9,db.query.insert,READ,15.12,OK,user-db,v1.0.0,d9001fab70454b9a941370b5a9499669
live_ep_000015_QUEUE_BACKUP,QUEUE_BACKUP,auth-service,9.0,1785925369.218841,263b573f8e31489481a5c99502b0bae0,56ddcdd909e94cc7aaa378713e9e2de9,http.client.get,,28.72,OK,inventory-api,v1.0.0,d9001fab70454b9a941370b5a9499669
live_ep_000015_QUEUE_BACKUP,QUEUE_BACKUP,auth-service,9.5,1785925369.7189798,9b320fc969d14f22a379e72e775bd5d9,,GET /api/order,,159.3,OK,auth-service,v1.0.0,a5247d7fd106406492e7ef985aa04e7c
live_ep_000015_QUEUE_BACKUP,QUEUE_BACKUP,auth-service,9.5,1785925369.7189798,cbed8ef1b77b4e85b1cd6a87de9e417e,9b320fc969d14f22a379e72e775bd5d9,db.transaction,READ,27.8,OK,user-db,v1.0.0,a5247d7fd106406492e7ef985aa04e7c
live_ep_000015_QUEUE_BACKUP,QUEUE_BACKUP,auth-service,9.5,1785925369.7189798,b2001d64ac4343128433208354b615ac,9b320fc969d14f22a379e72e775bd5d9,cache.delete,,31.83,OK,cache-cluster,v1.0.0,a5247d7fd106406492e7ef985aa04e7c
live_ep_000015_QUEUE_BACKUP,QUEUE_BACKUP,auth-service,9.5,1785925369.7189798,efa674d0bab346c18032808409e273ae,9b320fc969d14f22a379e72e775bd5d9,http.client.post,,46.31,OK,cache-cluster,v1.0.0,a5247d7fd106406492e7ef985aa04e7c
live_ep_000015_QUEUE_BACKUP,QUEUE_BACKUP,auth-service,10.0,1785925370.2191668,16ce751fbabf41feb0a6a3eb8df13bf7,,GET /api/order,,82.21,OK,auth-service,v1.0.0,33f593766cd4400cbef0a8dc677d1f4b
live_ep_000015_QUEUE_BACKUP,QUEUE_BACKUP,auth-service,10.0,1785925370.2191668,4c2bb023202a48dc996d7ed02c7fc34a,16ce751fbabf41feb0a6a3eb8df13bf7,db.transaction,READ,15.91,OK,user-db,v1.0.0,33f593766cd4400cbef0a8dc677d1f4b
live_ep_000015_QUEUE_BACKUP,QUEUE_BACKUP,auth-service,10.0,1785925370.2191668,d0f85c7d31774783a2a5ed0d5af37b17,16ce751fbabf41feb0a6a3eb8df13bf7,cache.delete,,2.19,OK,cache-cluster,v1.0.0,33f593766cd4400cbef0a8dc677d1f4b
live_ep_000015_QUEUE_BACKUP,QUEUE_BACKUP,auth-service,10.5,1785925370.7194698,5e100f96ba994ebabefd59e3d3029243,,GET /api/health,,122.01,OK,auth-service,v1.0.0,51b3f5911f3a4c55a74318a9fb59a9d9
live_ep_000015_QUEUE_BACKUP,QUEUE_BACKUP,auth-service,10.5,1785925370.7194698,d9553036e5b346da9d2f1541df4905e6,5e100f96ba994ebabefd59e3d3029243,db.query.update,READ,24.09,OK,user-db,v1.0.0,51b3f5911f3a4c55a74318a9fb59a9d9
live_ep_000015_QUEUE_BACKUP,QUEUE_BACKUP,auth-service,10.5,1785925370.7194698,2f2b90cf2c2e47cd85f9e00d45ca520f,5e100f96ba994ebabefd59e3d3029243,db.query.insert,READ,19.97,OK,user-db,v1.0.0,51b3f5911f3a4c55a74318a9fb59a9d9
live_ep_000015_QUEUE_BACKUP,QUEUE_BACKUP,auth-service,10.5,1785925370.7194698,ded7b291d0d24ed78592004c3b7e8cce,5e100f96ba994ebabefd59e3d3029243,http.client.post,,17.4,OK,inventory-api,v1.0.0,51b3f5911f3a4c55a74318a9fb59a9d9
live_ep_000015_QUEUE_BACKUP,QUEUE_BACKUP,auth-service,11.0,1785925371.2195795,8d3e2b7552fb40698e2b980c869cb1b5,,GET /api/health,,132.11,OK,auth-service,v1.0.0,adaf337e70b34680a9e00eb26eff499e
live_ep_000015_QUEUE_BACKUP,QUEUE_BACKUP,auth-service,11.0,1785925371.2195795,34ff814aa0944b90994034f121a3c54d,8d3e2b7552fb40698e2b980c869cb1b5,db.query.delete,READ,20.55,OK,user-db,v1.0.0,adaf337e70b34680a9e00eb26eff499e
live_ep_000015_QUEUE_BACKUP,QUEUE_BACKUP,auth-service,11.0,1785925371.2195795,f46bf87ef88747eca4d9b53f848d1ee8,8d3e2b7552fb40698e2b980c869cb1b5,db.query.delete,WRITE,23.31,OK,user-db,v1.0.0,adaf337e70b34680a9e00eb26eff499e
live_ep_000015_QUEUE_BACKUP,QUEUE_BACKUP,auth-service,11.5,1785925371.7200587,1afb7bfb880f4b95a54a1d59c6bb16ef,,GET /api/order,,139.98,OK,auth-service,v1.0.0,b64eaad997514ee29da87494764745e5
live_ep_000015_QUEUE_BACKUP,QUEUE_BACKUP,auth-service,11.5,1785925371.7200587,e323e418a2a940ae99817a505b08bdfc,1afb7bfb880f4b95a54a1d59c6bb16ef,db.query.delete,WRITE,33.73,OK,user-db,v1.0.0,b64eaad997514ee29da87494764745e5
live_ep_000015_QUEUE_BACKUP,QUEUE_BACKUP,auth-service,11.5,1785925371.7200587,f0a882ae4a0147e59a3efb11adf57b43,1afb7bfb880f4b95a54a1d59c6bb16ef,cache.get,,2.06,OK,cache-cluster,v1.0.0,b64eaad997514ee29da87494764745e5
live_ep_000015_QUEUE_BACKUP,QUEUE_BACKUP,auth-service,11.5,1785925371.7200587,0442fdfe1e6a49629ba47a4afcb0b243,1afb7bfb880f4b95a54a1d59c6bb16ef,grpc.call,,33.43,OK,cache-cluster,v1.0.0,b64eaad997514ee29da87494764745e5
live_ep_000015_QUEUE_BACKUP,QUEUE_BACKUP,auth-service,12.0,1785925372.220295,32f4ed03632e4f8db59d1e7c7b85d369,,PUT /api/inventory,,162.73,OK,auth-service,v1.0.0,e4f7b509c93a41c5b64f86e1a09ca8a9
live_ep_000015_QUEUE_BACKUP,QUEUE_BACKUP,auth-service,12.0,1785925372.220295,a20b43af909c42b98df67c94c90873ac,32f4ed03632e4f8db59d1e7c7b85d369,db.transaction,READ,17.97,OK,user-db,v1.0.0,e4f7b509c93a41c5b64f86e1a09ca8a9
live_ep_000015_QUEUE_BACKUP,QUEUE_BACKUP,auth-service,12.0,1785925372.220295,34026732792f430ab0afe644dab1274c,32f4ed03632e4f8db59d1e7c7b85d369,http.client.get,,24.31,OK,inventory-api,v1.0.0,e4f7b509c93a41c5b64f86e1a09ca8a9
live_ep_000015_QUEUE_BACKUP,QUEUE_BACKUP,auth-service,12.5,1785925372.7207384,5ebae5e3f8a7413bb9125ef1f22bbff5,,GET /api/auth,,96.59,OK,auth-service,v1.0.0,389a30c099e54511bb0b56bb143ce592
live_ep_000015_QUEUE_BACKUP,QUEUE_BACKUP,auth-service,12.5,1785925372.7207384,d468afbba58a4e2891067ff93d7816c4,5ebae5e3f8a7413bb9125ef1f22bbff5,db.query.delete,READ,19.81,OK,user-db,v1.0.0,389a30c099e54511bb0b56bb143ce592
live_ep_000015_QUEUE_BACKUP,QUEUE_BACKUP,auth-service,12.5,1785925372.7207384,20e4c17ce2044a07819b5fe2f5e92b3e,5ebae5e3f8a7413bb9125ef1f22bbff5,db.query.update,READ,21.76,OK,user-db,v1.0.0,389a30c099e54511bb0b56bb143ce592
live_ep_000015_QUEUE_BACKUP,QUEUE_BACKUP,auth-service,13.0,1785925373.2210863,0f45daac1f954bcd8a041602f853b113,,PUT /api/inventory,,114.16,OK,auth-service,v1.0.0,4d1399efbc0447a58f17a582f52a4571
live_ep_000015_QUEUE_BACKUP,QUEUE_BACKUP,auth-service,13.0,1785925373.2210863,61547f81dbfe43e2917d5ae735d953a2,0f45daac1f954bcd8a041602f853b113,db.query.delete,READ,12.9,OK,user-db,v1.0.0,4d1399efbc0447a58f17a582f52a4571
live_ep_000015_QUEUE_BACKUP,QUEUE_BACKUP,auth-service,13.0,1785925373.2210863,50b0446ffc424e009101535a7d3395cf,0f45daac1f954bcd8a041602f853b113,db.query.delete,READ,14.03,OK,user-db,v1.0.0,4d1399efbc0447a58f17a582f52a4571
live_ep_000015_QUEUE_BACKUP,QUEUE_BACKUP,auth-service,13.0,1785925373.2210863,d40b530a960b483d88b7c8f11f3f50ae,0f45daac1f954bcd8a041602f853b113,cache.get,,2.81,OK,cache-cluster,v1.0.0,4d1399efbc0447a58f17a582f52a4571
live_ep_000015_QUEUE_BACKUP,QUEUE_BACKUP,auth-service,13.0,1785925373.2210863,bf1fa6deb0e14b08a3af60ce51e482fc,0f45daac1f954bcd8a041602f853b113,grpc.call,,46.65,OK,payment-gateway,v1.0.0,4d1399efbc0447a58f17a582f52a4571
live_ep_000015_QUEUE_BACKUP,QUEUE_BACKUP,auth-service,13.5,1785925373.7215471,c1000dbf256c411394194984534d1176,,PUT /api/inventory,,115.45,OK,auth-service,v1.0.0,4bda178228e54722a5e956f92e69b0b2
live_ep_000015_QUEUE_BACKUP,QUEUE_BACKUP,auth-service,13.5,1785925373.7215471,3f784eb2ce254990baaf24c311a6019e,c1000dbf256c411394194984534d1176,db.query.update,READ,7.81,OK,user-db,v1.0.0,4bda178228e54722a5e956f92e69b0b2
live_ep_000015_QUEUE_BACKUP,QUEUE_BACKUP,auth-service,13.5,1785925373.7215471,2a6e4cedde2046738b80d5d1df17a10d,c1000dbf256c411394194984534d1176,cache.get,,2.91,OK,cache-cluster,v1.0.0,4bda178228e54722a5e956f92e69b0b2
live_ep_000015_QUEUE_BACKUP,QUEUE_BACKUP,auth-service,14.0,1785925374.2221298,d3f859892ccd47c9add69cc397a60442,,GET /api/health,,132.15,OK,auth-service,v1.0.0,ecbbd40addf34c09be0adb1b1aef5c14
live_ep_000015_QUEUE_BACKUP,QUEUE_BACKUP,auth-service,14.0,1785925374.2221298,922030556707483f9b646d265ca5587c,d3f859892ccd47c9add69cc397a60442,db.query.update,READ,22.92,OK,user-db,v1.0.0,ecbbd40addf34c09be0adb1b1aef5c14
live_ep_000015_QUEUE_BACKUP,QUEUE_BACKUP,auth-service,14.0,1785925374.2221298,0e21b70437fa4e7d97afc081dc61b388,d3f859892ccd47c9add69cc397a60442,db.query.delete,READ,19.28,OK,user-db,v1.0.0,ecbbd40addf34c09be0adb1b1aef5c14
live_ep_000015_QUEUE_BACKUP,QUEUE_BACKUP,auth-service,14.0,1785925374.2221298,c4de973f4094415c961d3b346fbc879f,d3f859892ccd47c9add69cc397a60442,cache.set,,2.01,OK,cache-cluster,v1.0.0,ecbbd40addf34c09be0adb1b1aef5c14
live_ep_000015_QUEUE_BACKUP,QUEUE_BACKUP,auth-service,14.0,1785925374.2221298,5f5dd9337dec45888ac2780bf6862bfe,d3f859892ccd47c9add69cc397a60442,http.client.post,,18.76,OK,inventory-api,v1.0.0,ecbbd40addf34c09be0adb1b1aef5c14
live_ep_000015_QUEUE_BACKUP,QUEUE_BACKUP,auth-service,14.5,1785925374.722668,187155e59e7c49219c3248bacdee0e94,,PUT /api/inventory,,117.99,OK,auth-service,v1.0.0,31303facd8804f90a863f74c368f2003
live_ep_000015_QUEUE_BACKUP,QUEUE_BACKUP,auth-service,14.5,1785925374.722668,6654e273360145df8eee43ac88228bd1,187155e59e7c49219c3248bacdee0e94,db.query.insert,READ,14.29,OK,user-db,v1.0.0,31303facd8804f90a863f74c368f2003
live_ep_000015_QUEUE_BACKUP,QUEUE_BACKUP,auth-service,14.5,1785925374.722668,d376b51e37704a9aa763f564575e1b4d,187155e59e7c49219c3248bacdee0e94,cache.delete,,3.43,OK,cache-cluster,v1.0.0,31303facd8804f90a863f74c368f2003
live_ep_000015_QUEUE_BACKUP,QUEUE_BACKUP,auth-service,14.5,1785925374.722668,84bc3f9528224b34bb86a7ff255ebdb7,187155e59e7c49219c3248bacdee0e94,http.client.post,,31.77,OK,inventory-api,v1.0.0,31303facd8804f90a863f74c368f2003
live_ep_000015_QUEUE_BACKUP,QUEUE_BACKUP,auth-service,15.0,1785925375.2231667,982fc6d7d5a04fcbadd9f44d118a151f,,PUT /api/inventory,,138.51,OK,auth-service,v1.0.0,82258765690545509c71b53da6572645
live_ep_000015_QUEUE_BACKUP,QUEUE_BACKUP,auth-service,15.0,1785925375.2231667,64068309a4e44c16bcdedbea4eb4daf3,982fc6d7d5a04fcbadd9f44d118a151f,db.query.update,READ,35.54,OK,user-db,v1.0.0,82258765690545509c71b53da6572645
live_ep_000015_QUEUE_BACKUP,QUEUE_BACKUP,auth-service,15.0,1785925375.2231667,eb924cc4ce904669927715c95d196c82,982fc6d7d5a04fcbadd9f44d118a151f,db.query.insert,WRITE,26.91,OK,user-db,v1.0.0,82258765690545509c71b53da6572645
live_ep_000015_QUEUE_BACKUP,QUEUE_BACKUP,auth-service,15.0,1785925375.2231667,082b9bb705404f99871cd87701a30d46,982fc6d7d5a04fcbadd9f44d118a151f,http.client.get,,26.09,OK,user-db,v1.0.0,82258765690545509c71b53da6572645
live_ep_000015_QUEUE_BACKUP,QUEUE_BACKUP,auth-service,15.5,1785925375.723326,c24a90225a3b43e3b187702a05453481,,GET /api/auth,,147.49,OK,auth-service,v1.0.0,5760ff3364c0479186dc7a1c8bd999ae
live_ep_000015_QUEUE_BACKUP,QUEUE_BACKUP,auth-service,15.5,1785925375.723326,6973d280c6ff48f48eae4c372d300e05,c24a90225a3b43e3b187702a05453481,db.query.delete,READ,11.76,OK,user-db,v1.0.0,5760ff3364c0479186dc7a1c8bd999ae
live_ep_000015_QUEUE_BACKUP,QUEUE_BACKUP,auth-service,15.5,1785925375.723326,2690323a751840bbba52747fd7d4ddfa,c24a90225a3b43e3b187702a05453481,db.query.delete,READ,11.27,OK,user-db,v1.0.0,5760ff3364c0479186dc7a1c8bd999ae
live_ep_000015_QUEUE_BACKUP,QUEUE_BACKUP,auth-service,15.5,1785925375.723326,708e4c13f8d24486a36785291e6c9380,c24a90225a3b43e3b187702a05453481,http.client.get,,23.75,OK,payment-gateway,v1.0.0,5760ff3364c0479186dc7a1c8bd999ae
live_ep_000015_QUEUE_BACKUP,QUEUE_BACKUP,auth-service,16.0,1785925376.223478,68b65d44b2774389b421cbe7fd445b77,,POST /api/checkout,,140.87,OK,auth-service,v1.0.0,d6339b5e3d81471ca7ee29e23942691f
live_ep_000015_QUEUE_BACKUP,QUEUE_BACKUP,auth-service,16.0,1785925376.223478,7e75e7a0589f4a9bb2b73d3a6eaa1216,68b65d44b2774389b421cbe7fd445b77,db.transaction,WRITE,22.61,OK,user-db,v1.0.0,d6339b5e3d81471ca7ee29e23942691f
live_ep_000015_QUEUE_BACKUP,QUEUE_BACKUP,auth-service,16.0,1785925376.223478,af2a5451adbb461baf9f411ee8b4c31d,68b65d44b2774389b421cbe7fd445b77,db.query.delete,WRITE,34.41,OK,user-db,v1.0.0,d6339b5e3d81471ca7ee29e23942691f
live_ep_000015_QUEUE_BACKUP,QUEUE_BACKUP,auth-service,16.0,1785925376.223478,c8bf441c1bff4d03b23e7b80ea01dba0,68b65d44b2774389b421cbe7fd445b77,http.client.post,,14.79,OK,payment-gateway,v1.0.0,d6339b5e3d81471ca7ee29e23942691f
live_ep_000015_QUEUE_BACKUP,QUEUE_BACKUP,auth-service,16.5,1785925376.7236297,30962f11866b4ee9bb31ad69da36374c,,POST /api/payment,,159.7,OK,auth-service,v1.0.0,7d7811d3a30b41268f8e56e01f7a2cc8
live_ep_000015_QUEUE_BACKUP,QUEUE_BACKUP,auth-service,16.5,1785925376.7236297,de3c4c8bf0d24be192495d97b4501f55,30962f11866b4ee9bb31ad69da36374c,db.query.delete,READ,18.39,OK,user-db,v1.0.0,7d7811d3a30b41268f8e56e01f7a2cc8
live_ep_000015_QUEUE_BACKUP,QUEUE_BACKUP,auth-service,16.5,1785925376.7236297,6b6417e586024df89b03a2d4ee51dd56,30962f11866b4ee9bb31ad69da36374c,cache.delete,,2.57,OK,cache-cluster,v1.0.0,7d7811d3a30b41268f8e56e01f7a2cc8
live_ep_000015_QUEUE_BACKUP,QUEUE_BACKUP,auth-service,17.0,1785925377.2239308,947a1da9d422478eb2ecaf2dbebd9ddf,,GET /api/order,,129.61,OK,auth-service,v1.0.0,7031fe11c41f4f698fa65fe475ff99da
live_ep_000015_QUEUE_BACKUP,QUEUE_BACKUP,auth-service,17.0,1785925377.2239308,54c94ad9259d45cd9b8ea1645a81a67c,947a1da9d422478eb2ecaf2dbebd9ddf,db.query.select,READ,24.15,OK,user-db,v1.0.0,7031fe11c41f4f698fa65fe475ff99da
live_ep_000015_QUEUE_BACKUP,QUEUE_BACKUP,auth-service,17.0,1785925377.2239308,885d876a0ec34c19a9499d99992ad532,947a1da9d422478eb2ecaf2dbebd9ddf,grpc.call,,14.7,OK,cache-cluster,v1.0.0,7031fe11c41f4f698fa65fe475ff99da
live_ep_000015_QUEUE_BACKUP,QUEUE_BACKUP,auth-service,17.5,1785925377.7243512,3ac2125adf574f3aa808cdd674fac68c,,PUT /api/inventory,,167.96,OK,auth-service,v1.0.0,92e3446b67ca453aa0709c5db5d7a9ff
live_ep_000015_QUEUE_BACKUP,QUEUE_BACKUP,auth-service,17.5,1785925377.7243512,6f354adacbdc4ae0b8db894461cf83c6,3ac2125adf574f3aa808cdd674fac68c,db.query.select,WRITE,27.26,OK,user-db,v1.0.0,92e3446b67ca453aa0709c5db5d7a9ff
live_ep_000015_QUEUE_BACKUP,QUEUE_BACKUP,auth-service,17.5,1785925377.7243512,947ba3f3217745adbd21b32531cbea68,3ac2125adf574f3aa808cdd674fac68c,db.query.select,READ,16.04,OK,user-db,v1.0.0,92e3446b67ca453aa0709c5db5d7a9ff
live_ep_000015_QUEUE_BACKUP,QUEUE_BACKUP,auth-service,17.5,1785925377.7243512,710afee3a9b8486d899165fced1235e2,3ac2125adf574f3aa808cdd674fac68c,cache.delete,,1.31,OK,cache-cluster,v1.0.0,92e3446b67ca453aa0709c5db5d7a9ff
live_ep_000015_QUEUE_BACKUP,QUEUE_BACKUP,auth-service,18.0,1785925378.224753,4848b78caa6240339cab62f1dcc67e22,,PUT /api/inventory,,157.67,OK,auth-service,v1.0.0,77c9ddb43a8449cd8fa8a078feaac084
live_ep_000015_QUEUE_BACKUP,QUEUE_BACKUP,auth-service,18.0,1785925378.224753,0e5c99939b5b4e79a428ec3523869e3b,4848b78caa6240339cab62f1dcc67e22,db.query.update,READ,38.18,OK,user-db,v1.0.0,77c9ddb43a8449cd8fa8a078feaac084
live_ep_000015_QUEUE_BACKUP,QUEUE_BACKUP,auth-service,18.0,1785925378.224753,efbae45b308f4e04a882833061dbf121,4848b78caa6240339cab62f1dcc67e22,db.transaction,WRITE,27.35,OK,user-db,v1.0.0,77c9ddb43a8449cd8fa8a078feaac084
live_ep_000015_QUEUE_BACKUP,QUEUE_BACKUP,auth-service,18.5,1785925378.7252083,a1e8e45c637647cc896bc1df17341b6f,,POST /api/payment,,136.24,OK,auth-service,v1.0.0,c540fa76d9ce43fbb56c93f4913d359d
live_ep_000015_QUEUE_BACKUP,QUEUE_BACKUP,auth-service,18.5,1785925378.7252083,f350e1ebfa7f487682e8705eb3e3733b,a1e8e45c637647cc896bc1df17341b6f,db.query.delete,READ,19.12,OK,user-db,v1.0.0,c540fa76d9ce43fbb56c93f4913d359d
live_ep_000015_QUEUE_BACKUP,QUEUE_BACKUP,auth-service,18.5,1785925378.7252083,98f6e7eefefe4f2792ad9e434d65a7a4,a1e8e45c637647cc896bc1df17341b6f,cache.set,,1.44,OK,cache-cluster,v1.0.0,c540fa76d9ce43fbb56c93f4913d359d
live_ep_000015_QUEUE_BACKUP,QUEUE_BACKUP,auth-service,18.5,1785925378.7252083,8c6034bcdc0b45959b85e4be263e5c7b,a1e8e45c637647cc896bc1df17341b6f,http.client.post,,16.94,OK,user-db,v1.0.0,c540fa76d9ce43fbb56c93f4913d359d
live_ep_000015_QUEUE_BACKUP,QUEUE_BACKUP,auth-service,19.0,1785925379.225393,0d2b2e03dc4d417baa3431833a7896d5,,POST /api/checkout,,167.31,OK,auth-service,v1.0.0,3cbcb23b21344fb2b1b24bbde8485c1b
live_ep_000015_QUEUE_BACKUP,QUEUE_BACKUP,auth-service,19.0,1785925379.225393,e99c97ddd05a48f6826a05a585941afd,0d2b2e03dc4d417baa3431833a7896d5,db.query.select,READ,23.9,OK,user-db,v1.0.0,3cbcb23b21344fb2b1b24bbde8485c1b
live_ep_000015_QUEUE_BACKUP,QUEUE_BACKUP,auth-service,19.0,1785925379.225393,4d49aa531267489c8b46ca9c518a26ce,0d2b2e03dc4d417baa3431833a7896d5,cache.get,,2.41,OK,cache-cluster,v1.0.0,3cbcb23b21344fb2b1b24bbde8485c1b
live_ep_000015_QUEUE_BACKUP,QUEUE_BACKUP,auth-service,19.5,1785925379.725778,b079709444b04877935f1417db98863f,,POST /api/payment,,160.99,OK,auth-service,v1.0.0,4b2b3d9864404118a9d58f10e4f1c7cb
live_ep_000015_QUEUE_BACKUP,QUEUE_BACKUP,auth-service,19.5,1785925379.725778,b146520e81a242daa960b40e66d46997,b079709444b04877935f1417db98863f,db.query.insert,WRITE,15.23,OK,user-db,v1.0.0,4b2b3d9864404118a9d58f10e4f1c7cb
live_ep_000015_QUEUE_BACKUP,QUEUE_BACKUP,auth-service,20.0,1785925380.2261548,69b313789fe44db195bd67a7c9d4eee6,,POST /api/payment,,166.64,OK,auth-service,v1.0.0,9a27b58b24f246c4b8171f0835e9f1ab
live_ep_000015_QUEUE_BACKUP,QUEUE_BACKUP,auth-service,20.0,1785925380.2261548,e1a4df29d2f641f39490fbb780dc4707,69b313789fe44db195bd67a7c9d4eee6,db.transaction,READ,28.85,OK,user-db,v1.0.0,9a27b58b24f246c4b8171f0835e9f1ab
live_ep_000015_QUEUE_BACKUP,QUEUE_BACKUP,auth-service,20.0,1785925380.2261548,9cc8349b22bc4637b47f64cdda1b3d91,69b313789fe44db195bd67a7c9d4eee6,db.query.update,WRITE,32.07,OK,user-db,v1.0.0,9a27b58b24f246c4b8171f0835e9f1ab
live_ep_000015_QUEUE_BACKUP,QUEUE_BACKUP,auth-service,20.0,1785925380.2261548,ce8599609b86452f90fb94a614940d00,69b313789fe44db195bd67a7c9d4eee6,http.client.get,,32.26,ERROR,payment-gateway,v1.0.0,9a27b58b24f246c4b8171f0835e9f1ab
live_ep_000015_QUEUE_BACKUP,QUEUE_BACKUP,auth-service,20.5,1785925380.726577,e5816c388f9742cd8916194aa1fcaed3,,GET /api/auth,,149.79,OK,auth-service,v1.0.0,4d63f690dab84c899655bdb55a7c1312
live_ep_000015_QUEUE_BACKUP,QUEUE_BACKUP,auth-service,20.5,1785925380.726577,42f61d8eb3304546918f3e463c7c7870,e5816c388f9742cd8916194aa1fcaed3,db.query.select,WRITE,14.24,OK,user-db,v1.0.0,4d63f690dab84c899655bdb55a7c1312
live_ep_000015_QUEUE_BACKUP,QUEUE_BACKUP,auth-service,20.5,1785925380.726577,97bad4555ffb4ab28a25c697305d5192,e5816c388f9742cd8916194aa1fcaed3,cache.get,,0.5,OK,cache-cluster,v1.0.0,4d63f690dab84c899655bdb55a7c1312
live_ep_000015_QUEUE_BACKUP,QUEUE_BACKUP,auth-service,20.5,1785925380.726577,5eb326f96710456d88baf4c23ca0878f,e5816c388f9742cd8916194aa1fcaed3,http.client.get,,43.73,OK,inventory-api,v1.0.0,4d63f690dab84c899655bdb55a7c1312
live_ep_000015_QUEUE_BACKUP,QUEUE_BACKUP,auth-service,21.0,1785925381.2271147,8847fcebea88417ba9b4dbcb92b0434b,,GET /api/health,,166.04,OK,auth-service,v1.0.0,1b5d5bac4b7a47439ee30b9cd3931e27
live_ep_000015_QUEUE_BACKUP,QUEUE_BACKUP,auth-service,21.0,1785925381.2271147,addc0ee0b63947298b837c37feb2f636,8847fcebea88417ba9b4dbcb92b0434b,db.transaction,READ,10.71,OK,user-db,v1.0.0,1b5d5bac4b7a47439ee30b9cd3931e27
live_ep_000015_QUEUE_BACKUP,QUEUE_BACKUP,auth-service,21.0,1785925381.2271147,3b7067021a9642bdaf9afff7877c19ec,8847fcebea88417ba9b4dbcb92b0434b,cache.delete,,0.7,OK,cache-cluster,v1.0.0,1b5d5bac4b7a47439ee30b9cd3931e27
live_ep_000015_QUEUE_BACKUP,QUEUE_BACKUP,auth-service,21.5,1785925381.727692,26054547e42c4f7d8854497a5f1c8277,,GET /api/health,,149.75,OK,auth-service,v1.0.0,c5abab54bd4d4db588bd61b88664a405
live_ep_000015_QUEUE_BACKUP,QUEUE_BACKUP,auth-service,21.5,1785925381.727692,4961037cf54a47c38f7c548a7471d5ae,26054547e42c4f7d8854497a5f1c8277,db.transaction,READ,17.12,OK,user-db,v1.0.0,c5abab54bd4d4db588bd61b88664a405
live_ep_000015_QUEUE_BACKUP,QUEUE_BACKUP,auth-service,21.5,1785925381.727692,8b5b1ffe58b5425892f6848f929d3bbf,26054547e42c4f7d8854497a5f1c8277,db.transaction,WRITE,18.18,OK,user-db,v1.0.0,c5abab54bd4d4db588bd61b88664a405
live_ep_000015_QUEUE_BACKUP,QUEUE_BACKUP,auth-service,21.5,1785925381.727692,c19cdeb6532748ea9d10a5bbef92ceeb,26054547e42c4f7d8854497a5f1c8277,http.client.post,,24.38,OK,cache-cluster,v1.0.0,c5abab54bd4d4db588bd61b88664a405
live_ep_000015_QUEUE_BACKUP,QUEUE_BACKUP,auth-service,22.0,1785925382.2278292,b13abc88e47e425192b7d66adf9e9264,,PUT /api/inventory,,146.63,OK,auth-service,v1.0.0,fb8fff8c7381458ea862c884ee9402a5
live_ep_000015_QUEUE_BACKUP,QUEUE_BACKUP,auth-service,22.0,1785925382.2278292,5b9a5af0ab7e4fccbd5ea90940d17b99,b13abc88e47e425192b7d66adf9e9264,db.query.delete,WRITE,20.02,OK,user-db,v1.0.0,fb8fff8c7381458ea862c884ee9402a5
live_ep_000015_QUEUE_BACKUP,QUEUE_BACKUP,auth-service,22.0,1785925382.2278292,dc9044595d8d4d638ead0bc4bab76efe,b13abc88e47e425192b7d66adf9e9264,cache.set,,1.49,OK,cache-cluster,v1.0.0,fb8fff8c7381458ea862c884ee9402a5
live_ep_000015_QUEUE_BACKUP,QUEUE_BACKUP,auth-service,22.0,1785925382.2278292,a10a1b7624864b1f9055b5ee3ea965fb,b13abc88e47e425192b7d66adf9e9264,http.client.get,,28.5,OK,user-db,v1.0.0,fb8fff8c7381458ea862c884ee9402a5
live_ep_000015_QUEUE_BACKUP,QUEUE_BACKUP,auth-service,22.5,1785925382.7284052,67ccf17239024316895ecf7a043d2db9,,GET /api/auth,,207.88,OK,auth-service,v1.0.0,9a7b316f29c647afbb33e95217b0e861
live_ep_000015_QUEUE_BACKUP,QUEUE_BACKUP,auth-service,22.5,1785925382.7284052,71b0a70aea57494da27bd74c62f459a4,67ccf17239024316895ecf7a043d2db9,db.query.delete,WRITE,16.7,OK,user-db,v1.0.0,9a7b316f29c647afbb33e95217b0e861
live_ep_000015_QUEUE_BACKUP,QUEUE_BACKUP,auth-service,22.5,1785925382.7284052,791f911d842541288ed8ae2c39ad17f8,67ccf17239024316895ecf7a043d2db9,db.query.delete,READ,15.38,OK,user-db,v1.0.0,9a7b316f29c647afbb33e95217b0e861
live_ep_000015_QUEUE_BACKUP,QUEUE_BACKUP,auth-service,23.0,1785925383.2286956,a105d71677444fa9b998fba6e8d208ac,,GET /api/order,,89.56,OK,auth-service,v1.0.0,49be80d53eb64aec854fa6efa195780b
live_ep_000015_QUEUE_BACKUP,QUEUE_BACKUP,auth-service,23.0,1785925383.2286956,10a78151e9f44331adb6f40cd803c5e4,a105d71677444fa9b998fba6e8d208ac,db.query.insert,READ,17.47,OK,user-db,v1.0.0,49be80d53eb64aec854fa6efa195780b
live_ep_000015_QUEUE_BACKUP,QUEUE_BACKUP,auth-service,23.0,1785925383.2286956,2949569e4e744c16bd795e5b2c73ed2a,a105d71677444fa9b998fba6e8d208ac,db.query.delete,WRITE,2.81,OK,user-db,v1.0.0,49be80d53eb64aec854fa6efa195780b
live_ep_000015_QUEUE_BACKUP,QUEUE_BACKUP,auth-service,23.5,1785925383.7292285,e05574c3f21e47ad84ac188f471459b6,,GET /api/order,,168.68,OK,auth-service,v1.0.0,32d2e38632a14b178b680efb6662ccdd
live_ep_000015_QUEUE_BACKUP,QUEUE_BACKUP,auth-service,23.5,1785925383.7292285,f976f828ba444557986ba5a64de17f15,e05574c3f21e47ad84ac188f471459b6,db.query.delete,READ,23.7,OK,user-db,v1.0.0,32d2e38632a14b178b680efb6662ccdd
live_ep_000015_QUEUE_BACKUP,QUEUE_BACKUP,auth-service,24.0,1785925384.2296817,d8a43c356aff4665aa20e2f8fe0a1686,,PUT /api/inventory,,168.84,OK,auth-service,v1.0.0,978094fec0784596b6cb3bfe305c20b8
live_ep_000015_QUEUE_BACKUP,QUEUE_BACKUP,auth-service,24.0,1785925384.2296817,516188e2f70c424c93e3e2a37f9c2d9b,d8a43c356aff4665aa20e2f8fe0a1686,db.transaction,READ,27.49,OK,user-db,v1.0.0,978094fec0784596b6cb3bfe305c20b8
live_ep_000015_QUEUE_BACKUP,QUEUE_BACKUP,auth-service,24.0,1785925384.2296817,0b3daccdfff944c0a41f68ae1588e942,d8a43c356aff4665aa20e2f8fe0a1686,cache.set,,2.74,OK,cache-cluster,v1.0.0,978094fec0784596b6cb3bfe305c20b8
live_ep_000015_QUEUE_BACKUP,QUEUE_BACKUP,auth-service,24.0,1785925384.2296817,443537a57a054f789efc112a9072b462,d8a43c356aff4665aa20e2f8fe0a1686,http.client.get,,28.53,OK,cache-cluster,v1.0.0,978094fec0784596b6cb3bfe305c20b8
live_ep_000015_QUEUE_BACKUP,QUEUE_BACKUP,auth-service,24.5,1785925384.730186,243cd0effbc9491e8e049edb0cd7a347,,PUT /api/inventory,,174.97,OK,auth-service,v1.0.0,13905701de1f4602879a7ba3a041bde0
live_ep_000015_QUEUE_BACKUP,QUEUE_BACKUP,auth-service,24.5,1785925384.730186,720a648ebb49479786ffa913af999ede,243cd0effbc9491e8e049edb0cd7a347,db.query.insert,WRITE,7.18,OK,user-db,v1.0.0,13905701de1f4602879a7ba3a041bde0
live_ep_000015_QUEUE_BACKUP,QUEUE_BACKUP,auth-service,25.0,1785925385.233258,6225f3e75ac743cea00478baa7c27445,,PUT /api/inventory,,198.99,OK,auth-service,v1.0.0,242e2f1e9a324934aca25a8f70c5fcb5
live_ep_000015_QUEUE_BACKUP,QUEUE_BACKUP,auth-service,25.0,1785925385.233258,4a943ae7d7a14b21943eba28f9989b3d,6225f3e75ac743cea00478baa7c27445,db.query.delete,WRITE,19.55,OK,user-db,v1.0.0,242e2f1e9a324934aca25a8f70c5fcb5
live_ep_000015_QUEUE_BACKUP,QUEUE_BACKUP,auth-service,25.5,1785925385.7346306,67bb906e218b48408773a98e57d325fe,,POST /api/payment,,198.95,OK,auth-service,v1.0.0,c3a051a66752408986d0d86214a3b94c
live_ep_000015_QUEUE_BACKUP,QUEUE_BACKUP,auth-service,25.5,1785925385.7346306,abc8a58c17ab42fe82457631d30ca233,67bb906e218b48408773a98e57d325fe,db.query.insert,WRITE,14.08,OK,user-db,v1.0.0,c3a051a66752408986d0d86214a3b94c
live_ep_000015_QUEUE_BACKUP,QUEUE_BACKUP,auth-service,25.5,1785925385.7346306,0142776ba5c148afa9ad1401e67764dc,67bb906e218b48408773a98e57d325fe,cache.set,,2.34,OK,cache-cluster,v1.0.0,c3a051a66752408986d0d86214a3b94c
live_ep_000015_QUEUE_BACKUP,QUEUE_BACKUP,auth-service,26.0,1785925386.234879,02a9b8f8d80f44ac82e7decd5a4076f6,,POST /api/payment,,196.48,OK,auth-service,v1.0.0,52f2047b183f4dd3bfda0f48201efe6a
live_ep_000015_QUEUE_BACKUP,QUEUE_BACKUP,auth-service,26.0,1785925386.234879,7d9855e1ae4d4485b0956758b93311ae,02a9b8f8d80f44ac82e7decd5a4076f6,db.transaction,WRITE,27.68,OK,user-db,v1.0.0,52f2047b183f4dd3bfda0f48201efe6a
live_ep_000015_QUEUE_BACKUP,QUEUE_BACKUP,auth-service,26.0,1785925386.234879,c2d128e7d88e4f088f08138228aa0b0c,02a9b8f8d80f44ac82e7decd5a4076f6,cache.delete,,2.47,OK,cache-cluster,v1.0.0,52f2047b183f4dd3bfda0f48201efe6a
live_ep_000015_QUEUE_BACKUP,QUEUE_BACKUP,auth-service,26.5,1785925386.7350466,610bdffe2e574e46bade1c2794773ee8,,GET /api/health,,167.42,OK,auth-service,v1.0.0,6cbd83113d6d41428ae18798e7efb718
live_ep_000015_QUEUE_BACKUP,QUEUE_BACKUP,auth-service,26.5,1785925386.7350466,503a851b82cd4735a85e4bf57ebc5035,610bdffe2e574e46bade1c2794773ee8,db.query.delete,READ,23.43,OK,user-db,v1.0.0,6cbd83113d6d41428ae18798e7efb718
live_ep_000015_QUEUE_BACKUP,QUEUE_BACKUP,auth-service,26.5,1785925386.7350466,9ef7875e52bd4dc2a0ec16ed7c63e862,610bdffe2e574e46bade1c2794773ee8,db.transaction,WRITE,23.52,OK,user-db,v1.0.0,6cbd83113d6d41428ae18798e7efb718
live_ep_000015_QUEUE_BACKUP,QUEUE_BACKUP,auth-service,26.5,1785925386.7350466,bac7809a7a984c768da6ade74c71781f,610bdffe2e574e46bade1c2794773ee8,http.client.post,,21.26,OK,payment-gateway,v1.0.0,6cbd83113d6d41428ae18798e7efb718
live_ep_000015_QUEUE_BACKUP,QUEUE_BACKUP,auth-service,27.0,1785925387.2354445,47c1f69588cf434682ee64a2a4f7db93,,PUT /api/inventory,,182.04,OK,auth-service,v1.0.0,f93e1e68c1b5426e90edc307223d1c10
live_ep_000015_QUEUE_BACKUP,QUEUE_BACKUP,auth-service,27.0,1785925387.2354445,8f5bfd12e1014bdabebbc3b0050d8a24,47c1f69588cf434682ee64a2a4f7db93,db.transaction,READ,32.69,OK,user-db,v1.0.0,f93e1e68c1b5426e90edc307223d1c10
live_ep_000015_QUEUE_BACKUP,QUEUE_BACKUP,auth-service,27.0,1785925387.2354445,56bf2ab4d20b4ca8ac4a38e52093d234,47c1f69588cf434682ee64a2a4f7db93,db.query.insert,WRITE,10.91,OK,user-db,v1.0.0,f93e1e68c1b5426e90edc307223d1c10
live_ep_000015_QUEUE_BACKUP,QUEUE_BACKUP,auth-service,27.0,1785925387.2354445,5d97989ac536449ab522d02d227ffc41,47c1f69588cf434682ee64a2a4f7db93,cache.delete,,1.84,OK,cache-cluster,v1.0.0,f93e1e68c1b5426e90edc307223d1c10
live_ep_000015_QUEUE_BACKUP,QUEUE_BACKUP,auth-service,27.0,1785925387.2354445,6c3fe6a7c9c54931a2b5813ac911f22c,47c1f69588cf434682ee64a2a4f7db93,http.client.get,,38.8,OK,cache-cluster,v1.0.0,f93e1e68c1b5426e90edc307223d1c10
live_ep_000015_QUEUE_BACKUP,QUEUE_BACKUP,auth-service,27.5,1785925387.7357082,bf11b3a6cd9d4a95bfcb799fc323e000,,POST /api/checkout,,178.13,OK,auth-service,v1.0.0,2e05ce49399c4297885cfead1021c92e
live_ep_000015_QUEUE_BACKUP,QUEUE_BACKUP,auth-service,27.5,1785925387.7357082,44317443e8904aad86af6b65dffcd422,bf11b3a6cd9d4a95bfcb799fc323e000,db.query.update,WRITE,32.15,OK,user-db,v1.0.0,2e05ce49399c4297885cfead1021c92e
live_ep_000015_QUEUE_BACKUP,QUEUE_BACKUP,auth-service,27.5,1785925387.7357082,b5de40cef1dd484dbaf080e342c98458,bf11b3a6cd9d4a95bfcb799fc323e000,cache.set,,47.92,OK,cache-cluster,v1.0.0,2e05ce49399c4297885cfead1021c92e
live_ep_000015_QUEUE_BACKUP,QUEUE_BACKUP,auth-service,27.5,1785925387.7357082,a6ff0aa69ea14217a5aba671ce66837d,bf11b3a6cd9d4a95bfcb799fc323e000,http.client.post,,33.85,OK,cache-cluster,v1.0.0,2e05ce49399c4297885cfead1021c92e
live_ep_000015_QUEUE_BACKUP,QUEUE_BACKUP,auth-service,28.0,1785925388.2362294,fc35c0fcd63a4bd1abf75f175ddd22da,,POST /api/payment,,212.44,OK,auth-service,v1.0.0,8550d7f169ec437e818cffee7c9daeb8
live_ep_000015_QUEUE_BACKUP,QUEUE_BACKUP,auth-service,28.0,1785925388.2362294,4a83a9a3c4f6470d8de6d9167873d510,fc35c0fcd63a4bd1abf75f175ddd22da,db.query.select,WRITE,13.76,OK,user-db,v1.0.0,8550d7f169ec437e818cffee7c9daeb8
live_ep_000015_QUEUE_BACKUP,QUEUE_BACKUP,auth-service,28.0,1785925388.2362294,06aac17635d646bd851f7dc5aabc0829,fc35c0fcd63a4bd1abf75f175ddd22da,db.query.select,READ,24.64,OK,user-db,v1.0.0,8550d7f169ec437e818cffee7c9daeb8
live_ep_000015_QUEUE_BACKUP,QUEUE_BACKUP,auth-service,28.0,1785925388.2362294,d83398bebb314f61a3a6a11e10ac8eb6,fc35c0fcd63a4bd1abf75f175ddd22da,cache.set,,2.95,OK,cache-cluster,v1.0.0,8550d7f169ec437e818cffee7c9daeb8
live_ep_000015_QUEUE_BACKUP,QUEUE_BACKUP,auth-service,28.5,1785925388.7368076,16b391c4059f43668bb8b59e23ffd98f,,POST /api/checkout,,218.1,OK,auth-service,v1.0.0,e586909cdec34aacbfdc9086d6f623ca
live_ep_000015_QUEUE_BACKUP,QUEUE_BACKUP,auth-service,28.5,1785925388.7368076,9f805ef8f1a240e6ad4fe6012b297cfd,16b391c4059f43668bb8b59e23ffd98f,db.query.select,READ,15.06,OK,user-db,v1.0.0,e586909cdec34aacbfdc9086d6f623ca
live_ep_000015_QUEUE_BACKUP,QUEUE_BACKUP,auth-service,28.5,1785925388.7368076,362582bed0164afdab9ad0edec106c66,16b391c4059f43668bb8b59e23ffd98f,cache.delete,,4.36,OK,cache-cluster,v1.0.0,e586909cdec34aacbfdc9086d6f623ca
live_ep_000015_QUEUE_BACKUP,QUEUE_BACKUP,auth-service,29.0,1785925389.236948,21c4a8278b9b41e8b7cc4f3023a598b4,,POST /api/checkout,,188.83,OK,auth-service,v1.0.0,478a4389330a450fa82794e71c11ca11
live_ep_000015_QUEUE_BACKUP,QUEUE_BACKUP,auth-service,29.0,1785925389.236948,a66bc45204ec4b589140aece2f0e1cfd,21c4a8278b9b41e8b7cc4f3023a598b4,db.query.select,READ,17.77,OK,user-db,v1.0.0,478a4389330a450fa82794e71c11ca11
live_ep_000015_QUEUE_BACKUP,QUEUE_BACKUP,auth-service,29.0,1785925389.236948,df66b18d88e9443face7ce18910d8dbb,21c4a8278b9b41e8b7cc4f3023a598b4,db.query.update,READ,25.24,OK,user-db,v1.0.0,478a4389330a450fa82794e71c11ca11
live_ep_000015_QUEUE_BACKUP,QUEUE_BACKUP,auth-service,29.0,1785925389.236948,b860fe3402d141a699da24e99307a794,21c4a8278b9b41e8b7cc4f3023a598b4,cache.delete,,50.65,OK,cache-cluster,v1.0.0,478a4389330a450fa82794e71c11ca11
live_ep_000015_QUEUE_BACKUP,QUEUE_BACKUP,auth-service,29.0,1785925389.236948,9ab589c25a5e41819926fff2719825d5,21c4a8278b9b41e8b7cc4f3023a598b4,grpc.call,,31.33,OK,payment-gateway,v1.0.0,478a4389330a450fa82794e71c11ca11
live_ep_000015_QUEUE_BACKUP,QUEUE_BACKUP,auth-service,29.5,1785925389.737116,4799a959a8dc44d4b1486cb0bf05a8f0,,GET /api/auth,,194.9,OK,auth-service,v1.0.0,625c0e5abf7e4fd2bdbe43f4cc0138ac
live_ep_000015_QUEUE_BACKUP,QUEUE_BACKUP,auth-service,29.5,1785925389.737116,95d8e4bdc7f645d4aad11467a4d1f1b4,4799a959a8dc44d4b1486cb0bf05a8f0,db.query.delete,WRITE,7.94,OK,user-db,v1.0.0,625c0e5abf7e4fd2bdbe43f4cc0138ac
live_ep_000015_QUEUE_BACKUP,QUEUE_BACKUP,auth-service,29.5,1785925389.737116,e744418193cb47ff889e052550bb2971,4799a959a8dc44d4b1486cb0bf05a8f0,db.transaction,READ,11.33,OK,user-db,v1.0.0,625c0e5abf7e4fd2bdbe43f4cc0138ac
live_ep_000015_QUEUE_BACKUP,QUEUE_BACKUP,auth-service,29.5,1785925389.737116,eaf3a57a183549048a35bf42e8852e7e,4799a959a8dc44d4b1486cb0bf05a8f0,cache.set,,3.61,OK,cache-cluster,v1.0.0,625c0e5abf7e4fd2bdbe43f4cc0138ac
live_ep_000015_QUEUE_BACKUP,QUEUE_BACKUP,auth-service,30.0,1785925390.2371798,7fc794c4003647499ac1789876a26dcf,,GET /api/auth,,189.41,OK,auth-service,v1.0.0,9da165d9accc43a891c9a7317032c3dd
live_ep_000015_QUEUE_BACKUP,QUEUE_BACKUP,auth-service,30.0,1785925390.2371798,35198c4e73504c658cfc09721377e2c2,7fc794c4003647499ac1789876a26dcf,db.query.delete,READ,19.92,OK,user-db,v1.0.0,9da165d9accc43a891c9a7317032c3dd
live_ep_000015_QUEUE_BACKUP,QUEUE_BACKUP,auth-service,30.0,1785925390.2371798,95b00fcff59645209c0f66e38740745a,7fc794c4003647499ac1789876a26dcf,cache.get,,1.53,OK,cache-cluster,v1.0.0,9da165d9accc43a891c9a7317032c3dd
live_ep_000015_QUEUE_BACKUP,QUEUE_BACKUP,auth-service,30.0,1785925390.2371798,9b6bad3447e140a48565187ea208b2b9,7fc794c4003647499ac1789876a26dcf,http.client.post,,43.82,OK,cache-cluster,v1.0.0,9da165d9accc43a891c9a7317032c3dd
live_ep_000015_QUEUE_BACKUP,QUEUE_BACKUP,auth-service,30.5,1785925390.7376163,940059aada0e48b59b2cec719a184f5b,,GET /api/health,,234.4,OK,auth-service,v1.0.0,8c3e954a479441848458d0da9ca31834
live_ep_000015_QUEUE_BACKUP,QUEUE_BACKUP,auth-service,30.5,1785925390.7376163,931cfa2f686c4e749877e28fe3b10079,940059aada0e48b59b2cec719a184f5b,db.query.select,WRITE,23.07,OK,user-db,v1.0.0,8c3e954a479441848458d0da9ca31834
live_ep_000015_QUEUE_BACKUP,QUEUE_BACKUP,auth-service,30.5,1785925390.7376163,60834333665840338ac0d06691f262d5,940059aada0e48b59b2cec719a184f5b,cache.set,,2.87,OK,cache-cluster,v1.0.0,8c3e954a479441848458d0da9ca31834
live_ep_000015_QUEUE_BACKUP,QUEUE_BACKUP,auth-service,30.5,1785925390.7376163,b4f93f51e6ee40b39dd08c834cdcbce0,940059aada0e48b59b2cec719a184f5b,http.client.post,,41.58,OK,inventory-api,v1.0.0,8c3e954a479441848458d0da9ca31834
live_ep_000015_QUEUE_BACKUP,QUEUE_BACKUP,auth-service,31.0,1785925391.238366,3575466d932e4e2bb5ccc3cb3aba46de,,GET /api/order,,222.43,OK,auth-service,v1.0.0,39f487b167ee4915bcaf049198d87d9c
live_ep_000015_QUEUE_BACKUP,QUEUE_BACKUP,auth-service,31.0,1785925391.238366,ddc40c84b72a468fbe9a1e7b55a10083,3575466d932e4e2bb5ccc3cb3aba46de,db.query.delete,WRITE,16.48,OK,user-db,v1.0.0,39f487b167ee4915bcaf049198d87d9c
live_ep_000015_QUEUE_BACKUP,QUEUE_BACKUP,auth-service,31.0,1785925391.238366,24a76dc5939148dc8cfc797f11e1e956,3575466d932e4e2bb5ccc3cb3aba46de,db.query.insert,READ,14.57,OK,user-db,v1.0.0,39f487b167ee4915bcaf049198d87d9c
live_ep_000015_QUEUE_BACKUP,QUEUE_BACKUP,auth-service,31.0,1785925391.238366,ebccb0f091504734a2c64f0e593895e6,3575466d932e4e2bb5ccc3cb3aba46de,cache.set,,0.98,OK,cache-cluster,v1.0.0,39f487b167ee4915bcaf049198d87d9c
live_ep_000015_QUEUE_BACKUP,QUEUE_BACKUP,auth-service,31.5,1785925391.7388294,8f1ab8dc0415499d8a1f74631a88822f,,PUT /api/inventory,,198.57,OK,auth-service,v1.0.0,7eab7b51ac0a4a719baf0daede103047
live_ep_000015_QUEUE_BACKUP,QUEUE_BACKUP,auth-service,31.5,1785925391.7388294,e9d5d3d2219f414caf4ef8ca0ba60f71,8f1ab8dc0415499d8a1f74631a88822f,db.query.select,READ,9.39,OK,user-db,v1.0.0,7eab7b51ac0a4a719baf0daede103047
live_ep_000015_QUEUE_BACKUP,QUEUE_BACKUP,auth-service,31.5,1785925391.7388294,6a27c66ec3044363a04df091996b5a3c,8f1ab8dc0415499d8a1f74631a88822f,cache.get,,1.12,OK,cache-cluster,v1.0.0,7eab7b51ac0a4a719baf0daede103047
live_ep_000015_QUEUE_BACKUP,QUEUE_BACKUP,auth-service,32.0,1785925392.2393658,69f2a40a75e14f9f8503cc6999af5b91,,POST /api/payment,,162.27,OK,auth-service,v1.0.0,49dbeb4d659c4a51bb2025de19ef96da
live_ep_000015_QUEUE_BACKUP,QUEUE_BACKUP,auth-service,32.0,1785925392.2393658,9dbc5372547641729687a06082ad9dc6,69f2a40a75e14f9f8503cc6999af5b91,db.transaction,READ,12.0,OK,user-db,v1.0.0,49dbeb4d659c4a51bb2025de19ef96da
live_ep_000015_QUEUE_BACKUP,QUEUE_BACKUP,auth-service,32.0,1785925392.2393658,b87f872615ae4246bd641102295cc8f9,69f2a40a75e14f9f8503cc6999af5b91,db.transaction,WRITE,14.86,OK,user-db,v1.0.0,49dbeb4d659c4a51bb2025de19ef96da
live_ep_000015_QUEUE_BACKUP,QUEUE_BACKUP,auth-service,32.5,1785925392.740109,c1e0aeae073548b88724c32a2c7b0ef3,,POST /api/checkout,,197.48,OK,auth-service,v1.0.0,9cd4691400ae412f9c6648e5aef487d8
live_ep_000015_QUEUE_BACKUP,QUEUE_BACKUP,auth-service,32.5,1785925392.740109,9c074af9f39a43a18ed41b920982148e,c1e0aeae073548b88724c32a2c7b0ef3,db.query.delete,READ,31.67,OK,user-db,v1.0.0,9cd4691400ae412f9c6648e5aef487d8
live_ep_000015_QUEUE_BACKUP,QUEUE_BACKUP,auth-service,32.5,1785925392.740109,aa2ee7a4dfaa4aa79ed12fe466346bf6,c1e0aeae073548b88724c32a2c7b0ef3,cache.set,,4.14,OK,cache-cluster,v1.0.0,9cd4691400ae412f9c6648e5aef487d8
live_ep_000015_QUEUE_BACKUP,QUEUE_BACKUP,auth-service,32.5,1785925392.740109,0e12de53fc8949f8859ca2bfef83d2e0,c1e0aeae073548b88724c32a2c7b0ef3,http.client.post,,31.19,OK,payment-gateway,v1.0.0,9cd4691400ae412f9c6648e5aef487d8
live_ep_000015_QUEUE_BACKUP,QUEUE_BACKUP,auth-service,33.0,1785925393.240463,b4d14865f3fd410e833d27b6cda7baed,,GET /api/auth,,148.62,OK,auth-service,v1.0.0,df4f2a9fc7df46d992a893dbaff98781
live_ep_000015_QUEUE_BACKUP,QUEUE_BACKUP,auth-service,33.0,1785925393.240463,004956ada45a47c7bfa84dd601118581,b4d14865f3fd410e833d27b6cda7baed,db.query.insert,WRITE,15.01,OK,user-db,v1.0.0,df4f2a9fc7df46d992a893dbaff98781
live_ep_000015_QUEUE_BACKUP,QUEUE_BACKUP,auth-service,33.0,1785925393.240463,0c4548a949774d60aaae2c32403119b3,b4d14865f3fd410e833d27b6cda7baed,db.query.insert,READ,18.35,OK,user-db,v1.0.0,df4f2a9fc7df46d992a893dbaff98781
live_ep_000015_QUEUE_BACKUP,QUEUE_BACKUP,auth-service,33.0,1785925393.240463,99c35d70a8524ac9ab351b5123ae088c,b4d14865f3fd410e833d27b6cda7baed,http.client.post,,26.18,OK,payment-gateway,v1.0.0,df4f2a9fc7df46d992a893dbaff98781
live_ep_000015_QUEUE_BACKUP,QUEUE_BACKUP,auth-service,33.5,1785925393.7407904,90bafbcfef224fb6b0aa29398d8ae8b4,,GET /api/order,,229.46,OK,auth-service,v1.0.0,76034d878e8549628ed541e71b6190e5
live_ep_000015_QUEUE_BACKUP,QUEUE_BACKUP,auth-service,33.5,1785925393.7407904,ccfe021ba1494be4864ea1272a64e87c,90bafbcfef224fb6b0aa29398d8ae8b4,db.query.insert,WRITE,24.71,OK,user-db,v1.0.0,76034d878e8549628ed541e71b6190e5
live_ep_000015_QUEUE_BACKUP,QUEUE_BACKUP,auth-service,33.5,1785925393.7407904,3a86b1aea6604b258cb5d29629bfc055,90bafbcfef224fb6b0aa29398d8ae8b4,db.query.update,READ,30.0,OK,user-db,v1.0.0,76034d878e8549628ed541e71b6190e5
live_ep_000015_QUEUE_BACKUP,QUEUE_BACKUP,auth-service,33.5,1785925393.7407904,0256ab6143b245fc92b7a4ba4b76ce83,90bafbcfef224fb6b0aa29398d8ae8b4,cache.set,,2.05,OK,cache-cluster,v1.0.0,76034d878e8549628ed541e71b6190e5
live_ep_000015_QUEUE_BACKUP,QUEUE_BACKUP,auth-service,34.0,1785925394.2410169,d6bc648238fb4a3ebc517bd11bf88e70,,GET /api/order,,278.67,OK,auth-service,v1.0.0,8552313299eb4d7c80f8f3026e2ea601
live_ep_000015_QUEUE_BACKUP,QUEUE_BACKUP,auth-service,34.0,1785925394.2410169,ec73af54718d4bd39772d8e1192c4fa9,d6bc648238fb4a3ebc517bd11bf88e70,db.query.insert,READ,15.61,OK,user-db,v1.0.0,8552313299eb4d7c80f8f3026e2ea601
live_ep_000015_QUEUE_BACKUP,QUEUE_BACKUP,auth-service,34.0,1785925394.2410169,32674081e8514f1ca0620cec61d57971,d6bc648238fb4a3ebc517bd11bf88e70,db.query.delete,READ,18.33,OK,user-db,v1.0.0,8552313299eb4d7c80f8f3026e2ea601
live_ep_000015_QUEUE_BACKUP,QUEUE_BACKUP,auth-service,34.0,1785925394.2410169,065c84f2fcba4ccb8cf37aadaa820bec,d6bc648238fb4a3ebc517bd11bf88e70,cache.set,,2.09,OK,cache-cluster,v1.0.0,8552313299eb4d7c80f8f3026e2ea601
live_ep_000015_QUEUE_BACKUP,QUEUE_BACKUP,auth-service,34.5,1785925394.7418804,6ab12b84bd80410c90f47c5a17e89fd6,,POST /api/checkout,,155.69,OK,auth-service,v1.0.0,2ea1aa9a181e41e6b729880162efb13c
live_ep_000015_QUEUE_BACKUP,QUEUE_BACKUP,auth-service,34.5,1785925394.7418804,0299b5c789e34f1eac4fc6e941fc4d03,6ab12b84bd80410c90f47c5a17e89fd6,db.query.delete,WRITE,34.08,OK,user-db,v1.0.0,2ea1aa9a181e41e6b729880162efb13c
live_ep_000015_QUEUE_BACKUP,QUEUE_BACKUP,auth-service,34.5,1785925394.7418804,8321d0cda8004bc5b66e2d0eae72466c,6ab12b84bd80410c90f47c5a17e89fd6,http.client.post,,42.62,OK,payment-gateway,v1.0.0,2ea1aa9a181e41e6b729880162efb13c
live_ep_000015_QUEUE_BACKUP,QUEUE_BACKUP,auth-service,35.0,1785925395.2423282,5774b0c8cbc14449874b5e0025f99395,,PUT /api/inventory,,155.67,OK,auth-service,v1.0.0,af364accbc134ede86035b3c229ca375
live_ep_000015_QUEUE_BACKUP,QUEUE_BACKUP,auth-service,35.0,1785925395.2423282,e15072521e564a0e95a693b84f9c64d8,5774b0c8cbc14449874b5e0025f99395,db.query.update,READ,23.81,OK,user-db,v1.0.0,af364accbc134ede86035b3c229ca375
live_ep_000015_QUEUE_BACKUP,QUEUE_BACKUP,auth-service,35.0,1785925395.2423282,b5da709a735a453193cff08d66b0ac8b,5774b0c8cbc14449874b5e0025f99395,db.query.insert,WRITE,22.77,OK,user-db,v1.0.0,af364accbc134ede86035b3c229ca375
live_ep_000015_QUEUE_BACKUP,QUEUE_BACKUP,auth-service,35.0,1785925395.2423282,432bb2928e2b4aaaba38c8bbea09d628,5774b0c8cbc14449874b5e0025f99395,cache.get,,1.26,OK,cache-cluster,v1.0.0,af364accbc134ede86035b3c229ca375
live_ep_000015_QUEUE_BACKUP,QUEUE_BACKUP,auth-service,35.0,1785925395.2423282,6aab56e2a8074529914c64dc2c30f185,5774b0c8cbc14449874b5e0025f99395,http.client.post,,20.17,OK,user-db,v1.0.0,af364accbc134ede86035b3c229ca375
live_ep_000015_QUEUE_BACKUP,QUEUE_BACKUP,auth-service,35.5,1785925395.7427704,a7edfb5831b34c75be2ee7b8918bbb85,,PUT /api/inventory,,196.61,OK,auth-service,v1.0.0,afbd539596d44122b5a1a14438e1f55d
live_ep_000015_QUEUE_BACKUP,QUEUE_BACKUP,auth-service,35.5,1785925395.7427704,d28f3ec5dcb34e19852aa0081219b282,a7edfb5831b34c75be2ee7b8918bbb85,db.query.select,WRITE,43.51,OK,user-db,v1.0.0,afbd539596d44122b5a1a14438e1f55d
live_ep_000015_QUEUE_BACKUP,QUEUE_BACKUP,auth-service,35.5,1785925395.7427704,96510688e4634f4d928f2e4663ff3ab6,a7edfb5831b34c75be2ee7b8918bbb85,cache.delete,,3.34,OK,cache-cluster,v1.0.0,afbd539596d44122b5a1a14438e1f55d
live_ep_000015_QUEUE_BACKUP,QUEUE_BACKUP,auth-service,36.0,1785925396.2430642,be28a6eec3a14eb08a28a3e2b6f2ba06,,GET /api/health,,231.15,OK,auth-service,v1.0.0,65efa8789b204f3cb7c1426302f8a6a5
live_ep_000015_QUEUE_BACKUP,QUEUE_BACKUP,auth-service,36.0,1785925396.2430642,9fda54ef29464d4c83667ddd77d30370,be28a6eec3a14eb08a28a3e2b6f2ba06,db.query.insert,READ,19.73,OK,user-db,v1.0.0,65efa8789b204f3cb7c1426302f8a6a5
live_ep_000015_QUEUE_BACKUP,QUEUE_BACKUP,auth-service,36.0,1785925396.2430642,b05ac8c00cb34a68b73338440c9eddf9,be28a6eec3a14eb08a28a3e2b6f2ba06,db.transaction,WRITE,14.76,OK,user-db,v1.0.0,65efa8789b204f3cb7c1426302f8a6a5
live_ep_000015_QUEUE_BACKUP,QUEUE_BACKUP,auth-service,36.0,1785925396.2430642,2cd12e23a519489eab98f8da755676f6,be28a6eec3a14eb08a28a3e2b6f2ba06,cache.delete,,1.76,OK,cache-cluster,v1.0.0,65efa8789b204f3cb7c1426302f8a6a5
live_ep_000015_QUEUE_BACKUP,QUEUE_BACKUP,auth-service,36.5,1785925396.7435627,0f945a90400544038d9ce021d3e71260,,GET /api/health,,225.82,OK,auth-service,v1.0.0,7bc13785bf9847ab944678ab6b943fe9
live_ep_000015_QUEUE_BACKUP,QUEUE_BACKUP,auth-service,36.5,1785925396.7435627,80cbbba768ec403baeef1ab8a007134f,0f945a90400544038d9ce021d3e71260,db.query.update,READ,17.35,OK,user-db,v1.0.0,7bc13785bf9847ab944678ab6b943fe9
live_ep_000015_QUEUE_BACKUP,QUEUE_BACKUP,auth-service,36.5,1785925396.7435627,007eb0d7ed384dadab8ab0e43754be0f,0f945a90400544038d9ce021d3e71260,http.client.get,,28.02,OK,cache-cluster,v1.0.0,7bc13785bf9847ab944678ab6b943fe9
live_ep_000015_QUEUE_BACKUP,QUEUE_BACKUP,auth-service,37.0,1785925397.2439373,434611b240564e358cae1eee016dc729,,GET /api/health,,170.17,OK,auth-service,v1.0.0,a853eed9566e4d74a276e7e3618d2f9e
live_ep_000015_QUEUE_BACKUP,QUEUE_BACKUP,auth-service,37.0,1785925397.2439373,110cc515c3ee4f53903e83d520cfd270,434611b240564e358cae1eee016dc729,db.query.delete,WRITE,18.62,OK,user-db,v1.0.0,a853eed9566e4d74a276e7e3618d2f9e
live_ep_000015_QUEUE_BACKUP,QUEUE_BACKUP,auth-service,37.0,1785925397.2439373,f0c5474bd0944ad78010bed744006191,434611b240564e358cae1eee016dc729,db.query.insert,READ,27.99,OK,user-db,v1.0.0,a853eed9566e4d74a276e7e3618d2f9e
live_ep_000015_QUEUE_BACKUP,QUEUE_BACKUP,auth-service,37.5,1785925397.7442718,4c343b6d3ddc4621a44432f5ac6728b9,,POST /api/checkout,,239.82,OK,auth-service,v1.0.0,3b4e9554e81740b09254233788ae2c5e
live_ep_000015_QUEUE_BACKUP,QUEUE_BACKUP,auth-service,37.5,1785925397.7442718,4c630146928e4dc398eaff62f374aff1,4c343b6d3ddc4621a44432f5ac6728b9,db.query.update,WRITE,28.89,ERROR,user-db,v1.0.0,3b4e9554e81740b09254233788ae2c5e
live_ep_000015_QUEUE_BACKUP,QUEUE_BACKUP,auth-service,37.5,1785925397.7442718,8447fdab4c4747b1b15d633069d962ca,4c343b6d3ddc4621a44432f5ac6728b9,db.query.select,WRITE,24.4,OK,user-db,v1.0.0,3b4e9554e81740b09254233788ae2c5e
live_ep_000015_QUEUE_BACKUP,QUEUE_BACKUP,auth-service,37.5,1785925397.7442718,efda207bca7d497aafc437a054fd79b3,4c343b6d3ddc4621a44432f5ac6728b9,cache.delete,,2.74,OK,cache-cluster,v1.0.0,3b4e9554e81740b09254233788ae2c5e
live_ep_000015_QUEUE_BACKUP,QUEUE_BACKUP,auth-service,38.0,1785925398.2444072,e13f98d0896d4c18850aaad403ac172a,,POST /api/checkout,,168.91,OK,auth-service,v1.0.0,17d5f9995f1b4063abfde38dc2922f2d
live_ep_000015_QUEUE_BACKUP,QUEUE_BACKUP,auth-service,38.0,1785925398.2444072,5b06f82174f643fd8317a4de39042e95,e13f98d0896d4c18850aaad403ac172a,db.transaction,WRITE,20.44,OK,user-db,v1.0.0,17d5f9995f1b4063abfde38dc2922f2d
live_ep_000015_QUEUE_BACKUP,QUEUE_BACKUP,auth-service,38.0,1785925398.2444072,28c93e5474fd4d31ab2d16c703ba26a2,e13f98d0896d4c18850aaad403ac172a,cache.get,,45.58,OK,cache-cluster,v1.0.0,17d5f9995f1b4063abfde38dc2922f2d
live_ep_000015_QUEUE_BACKUP,QUEUE_BACKUP,auth-service,38.0,1785925398.2444072,2dedeac63bd2460fbd63eeaaece23140,e13f98d0896d4c18850aaad403ac172a,grpc.call,,36.13,OK,payment-gateway,v1.0.0,17d5f9995f1b4063abfde38dc2922f2d
live_ep_000015_QUEUE_BACKUP,QUEUE_BACKUP,auth-service,38.5,1785925398.7449868,a65a3fd9762f4a9eae7183661fb68e9e,,POST /api/payment,,226.16,OK,auth-service,v1.0.0,2a49d3c450b8401da6d8457f1310648d
live_ep_000015_QUEUE_BACKUP,QUEUE_BACKUP,auth-service,38.5,1785925398.7449868,176f1fbb0f6a4aabb2173d37d13cd2f7,a65a3fd9762f4a9eae7183661fb68e9e,db.query.update,READ,17.23,OK,user-db,v1.0.0,2a49d3c450b8401da6d8457f1310648d
live_ep_000015_QUEUE_BACKUP,QUEUE_BACKUP,auth-service,38.5,1785925398.7449868,d7069988940646a4be2a5df22a11cff1,a65a3fd9762f4a9eae7183661fb68e9e,db.query.select,READ,17.05,OK,user-db,v1.0.0,2a49d3c450b8401da6d8457f1310648d
live_ep_000015_QUEUE_BACKUP,QUEUE_BACKUP,auth-service,38.5,1785925398.7449868,98707bf547ec4244b0653713162bb607,a65a3fd9762f4a9eae7183661fb68e9e,cache.get,,3.29,OK,cache-cluster,v1.0.0,2a49d3c450b8401da6d8457f1310648d
live_ep_000015_QUEUE_BACKUP,QUEUE_BACKUP,auth-service,38.5,1785925398.7449868,38277550363d41faa86a30fb538f3ca5,a65a3fd9762f4a9eae7183661fb68e9e,http.client.post,,40.02,OK,inventory-api,v1.0.0,2a49d3c450b8401da6d8457f1310648d
live_ep_000015_QUEUE_BACKUP,QUEUE_BACKUP,auth-service,39.0,1785925399.2451475,fccfbf8b7e1f4a87804e5763a95bea0f,,GET /api/auth,,184.76,OK,auth-service,v1.0.0,b60ecd1db1b145fd8dad1ab0723d8de8
live_ep_000015_QUEUE_BACKUP,QUEUE_BACKUP,auth-service,39.0,1785925399.2451475,357195bd28d94cc9868ae2310715ad66,fccfbf8b7e1f4a87804e5763a95bea0f,db.query.update,WRITE,6.91,OK,user-db,v1.0.0,b60ecd1db1b145fd8dad1ab0723d8de8
live_ep_000015_QUEUE_BACKUP,QUEUE_BACKUP,auth-service,39.0,1785925399.2451475,3ed8f0cf2044402cae1d64655620a8a4,fccfbf8b7e1f4a87804e5763a95bea0f,db.query.update,READ,14.65,OK,user-db,v1.0.0,b60ecd1db1b145fd8dad1ab0723d8de8
live_ep_000015_QUEUE_BACKUP,QUEUE_BACKUP,auth-service,39.0,1785925399.2451475,1ea412cd83c24f50955ac4636423c162,fccfbf8b7e1f4a87804e5763a95bea0f,cache.delete,,2.43,OK,cache-cluster,v1.0.0,b60ecd1db1b145fd8dad1ab0723d8de8
live_ep_000015_QUEUE_BACKUP,QUEUE_BACKUP,auth-service,39.0,1785925399.2451475,10f5341daf29430bbab5cb0c46e4eb79,fccfbf8b7e1f4a87804e5763a95bea0f,http.client.get,,22.03,OK,cache-cluster,v1.0.0,b60ecd1db1b145fd8dad1ab0723d8de8
live_ep_000015_QUEUE_BACKUP,QUEUE_BACKUP,auth-service,39.5,1785925399.7471352,9ca5339a4db44968a78f8a1d972ef559,,PUT /api/inventory,,210.38,OK,auth-service,v1.0.0,1fba5a3a7ff141b6b202015650c9da14
live_ep_000015_QUEUE_BACKUP,QUEUE_BACKUP,auth-service,39.5,1785925399.7471352,fea594abdfbb43d895a58e938d0be021,9ca5339a4db44968a78f8a1d972ef559,db.query.delete,READ,15.13,OK,user-db,v1.0.0,1fba5a3a7ff141b6b202015650c9da14
live_ep_000015_QUEUE_BACKUP,QUEUE_BACKUP,auth-service,39.5,1785925399.7471352,0adc8022064840a2b27b4bce62b155b0,9ca5339a4db44968a78f8a1d972ef559,cache.delete,,2.6,OK,cache-cluster,v1.0.0,1fba5a3a7ff141b6b202015650c9da14
live_ep_000015_QUEUE_BACKUP,QUEUE_BACKUP,auth-service,40.0,1785925400.2477376,f5bfb924675144ce97f3c641de362699,,GET /api/auth,,136.0,OK,auth-service,v1.0.0,4b6d7d571eb64bcebe9b027b70ef58a9
live_ep_000015_QUEUE_BACKUP,QUEUE_BACKUP,auth-service,40.0,1785925400.2477376,1048efc02365468da480a2a4c93f532c,f5bfb924675144ce97f3c641de362699,db.transaction,WRITE,27.05,OK,user-db,v1.0.0,4b6d7d571eb64bcebe9b027b70ef58a9
live_ep_000015_QUEUE_BACKUP,QUEUE_BACKUP,auth-service,40.0,1785925400.2477376,ad19cd8049f74c0c80ffc209467e09ee,f5bfb924675144ce97f3c641de362699,grpc.call,,16.22,OK,payment-gateway,v1.0.0,4b6d7d571eb64bcebe9b027b70ef58a9
live_ep_000015_QUEUE_BACKUP,QUEUE_BACKUP,auth-service,40.5,1785925400.7481089,98b29f0ac2d1461199bbe5fb431414be,,POST /api/payment,,209.79,OK,auth-service,v1.0.0,721c07307586401e8434b9723115df4f
live_ep_000015_QUEUE_BACKUP,QUEUE_BACKUP,auth-service,40.5,1785925400.7481089,65833bbfb3a947d4a0de75d15009c72b,98b29f0ac2d1461199bbe5fb431414be,db.query.insert,READ,21.33,OK,user-db,v1.0.0,721c07307586401e8434b9723115df4f
live_ep_000015_QUEUE_BACKUP,QUEUE_BACKUP,auth-service,40.5,1785925400.7481089,de8ccb2224a047788c8b724030233d62,98b29f0ac2d1461199bbe5fb431414be,cache.get,,2.13,OK,cache-cluster,v1.0.0,721c07307586401e8434b9723115df4f
live_ep_000015_QUEUE_BACKUP,QUEUE_BACKUP,auth-service,40.5,1785925400.7481089,c360d3a733424758babf76db23f46ac2,98b29f0ac2d1461199bbe5fb431414be,http.client.post,,48.68,OK,cache-cluster,v1.0.0,721c07307586401e8434b9723115df4f
live_ep_000015_QUEUE_BACKUP,QUEUE_BACKUP,auth-service,41.0,1785925401.248189,7ddf7246969d48769e5fab58201d956e,,GET /api/auth,,207.52,OK,auth-service,v1.0.0,807d8ba5e0a84346bab87a967b5452ec
live_ep_000015_QUEUE_BACKUP,QUEUE_BACKUP,auth-service,41.0,1785925401.248189,6e616696889b40179091958b84d976e3,7ddf7246969d48769e5fab58201d956e,db.query.select,READ,12.71,ERROR,user-db,v1.0.0,807d8ba5e0a84346bab87a967b5452ec
live_ep_000015_QUEUE_BACKUP,QUEUE_BACKUP,auth-service,41.0,1785925401.248189,cdbf2c6a63664136ac0e896811218665,7ddf7246969d48769e5fab58201d956e,db.query.select,WRITE,24.75,OK,user-db,v1.0.0,807d8ba5e0a84346bab87a967b5452ec
live_ep_000015_QUEUE_BACKUP,QUEUE_BACKUP,auth-service,41.0,1785925401.248189,cff1d3390dd74a989aa5f0e47256c1fe,7ddf7246969d48769e5fab58201d956e,cache.set,,1.57,OK,cache-cluster,v1.0.0,807d8ba5e0a84346bab87a967b5452ec
live_ep_000015_QUEUE_BACKUP,QUEUE_BACKUP,auth-service,41.5,1785925401.7483134,4ba2e43f79aa4afc879b523ea2143249,,POST /api/payment,,235.9,OK,auth-service,v1.0.0,ee1baf637b5a4b7bb7f365a58ead387c
live_ep_000015_QUEUE_BACKUP,QUEUE_BACKUP,auth-service,41.5,1785925401.7483134,b201c09eee074e5a9058554c63f28e6d,4ba2e43f79aa4afc879b523ea2143249,db.query.select,WRITE,31.84,OK,user-db,v1.0.0,ee1baf637b5a4b7bb7f365a58ead387c
live_ep_000015_QUEUE_BACKUP,QUEUE_BACKUP,auth-service,41.5,1785925401.7483134,d581e0f599124a498c605b4d579a4dc9,4ba2e43f79aa4afc879b523ea2143249,db.query.delete,READ,39.38,OK,user-db,v1.0.0,ee1baf637b5a4b7bb7f365a58ead387c
live_ep_000015_QUEUE_BACKUP,QUEUE_BACKUP,auth-service,41.5,1785925401.7483134,519bee713d8447ce8f90621b4ac04772,4ba2e43f79aa4afc879b523ea2143249,cache.delete,,1.99,OK,cache-cluster,v1.0.0,ee1baf637b5a4b7bb7f365a58ead387c
live_ep_000015_QUEUE_BACKUP,QUEUE_BACKUP,auth-service,42.0,1785925402.2488756,3c3e750dbd2d4697b61e3c1631004ee2,,POST /api/payment,,221.04,OK,auth-service,v1.0.0,8e6400786cee43fb9f4f310de48f3a2a
live_ep_000015_QUEUE_BACKUP,QUEUE_BACKUP,auth-service,42.0,1785925402.2488756,2235a16d2db54463ac3568a4f69e7417,3c3e750dbd2d4697b61e3c1631004ee2,db.query.insert,READ,35.35,OK,user-db,v1.0.0,8e6400786cee43fb9f4f310de48f3a2a
live_ep_000015_QUEUE_BACKUP,QUEUE_BACKUP,auth-service,42.0,1785925402.2488756,8498ad4d8fc84f64860f78939c4c768d,3c3e750dbd2d4697b61e3c1631004ee2,db.query.select,READ,39.93,OK,user-db,v1.0.0,8e6400786cee43fb9f4f310de48f3a2a
live_ep_000015_QUEUE_BACKUP,QUEUE_BACKUP,auth-service,42.5,1785925402.7491553,b2856407cb734acc9fa884ecb6203f12,,POST /api/checkout,,194.27,OK,auth-service,v1.0.0,f4c2f8328ef34d9aa40fda113d1fdfa6
live_ep_000015_QUEUE_BACKUP,QUEUE_BACKUP,auth-service,42.5,1785925402.7491553,f92ef09524ff40dd92c413f410ec0598,b2856407cb734acc9fa884ecb6203f12,db.transaction,WRITE,27.51,OK,user-db,v1.0.0,f4c2f8328ef34d9aa40fda113d1fdfa6
live_ep_000015_QUEUE_BACKUP,QUEUE_BACKUP,auth-service,43.0,1785925403.2500498,7f2a5d7706914f04a1310127ce8f4c23,,GET /api/order,,251.68,OK,auth-service,v1.0.0,fbcd910c053e4dfe8c0e8a3fea3100fb
live_ep_000015_QUEUE_BACKUP,QUEUE_BACKUP,auth-service,43.0,1785925403.2500498,7367ea57606c403b8146aaa306968df7,7f2a5d7706914f04a1310127ce8f4c23,db.query.insert,READ,23.15,OK,user-db,v1.0.0,fbcd910c053e4dfe8c0e8a3fea3100fb
live_ep_000015_QUEUE_BACKUP,QUEUE_BACKUP,auth-service,43.0,1785925403.2500498,b88aa930270746a08e50fa1d22ef4bc2,7f2a5d7706914f04a1310127ce8f4c23,db.query.update,WRITE,15.52,OK,user-db,v1.0.0,fbcd910c053e4dfe8c0e8a3fea3100fb
live_ep_000015_QUEUE_BACKUP,QUEUE_BACKUP,auth-service,43.5,1785925403.755856,1d28874a94f54e3da668cd02a0674e2b,,POST /api/checkout,,239.58,OK,auth-service,v1.0.0,2da1091c93614745889e44e1b57a92ed
live_ep_000015_QUEUE_BACKUP,QUEUE_BACKUP,auth-service,43.5,1785925403.755856,67972193e21145e78c338d07b1d9a1f5,1d28874a94f54e3da668cd02a0674e2b,db.query.select,READ,23.56,OK,user-db,v1.0.0,2da1091c93614745889e44e1b57a92ed
live_ep_000015_QUEUE_BACKUP,QUEUE_BACKUP,auth-service,43.5,1785925403.755856,e9e0ab8e9928449e9bda83182ec59523,1d28874a94f54e3da668cd02a0674e2b,cache.set,,3.38,OK,cache-cluster,v1.0.0,2da1091c93614745889e44e1b57a92ed
live_ep_000015_QUEUE_BACKUP,QUEUE_BACKUP,auth-service,43.5,1785925403.755856,519a0e79d80849329cc806d9df9f0616,1d28874a94f54e3da668cd02a0674e2b,grpc.call,,20.07,OK,payment-gateway,v1.0.0,2da1091c93614745889e44e1b57a92ed
live_ep_000015_QUEUE_BACKUP,QUEUE_BACKUP,auth-service,44.0,1785925404.2560616,0f5338d8723a42ceb5c33136557a7260,,GET /api/order,,200.25,OK,auth-service,v1.0.0,a3dbc62874d546afa3800829ec6772b2
live_ep_000015_QUEUE_BACKUP,QUEUE_BACKUP,auth-service,44.0,1785925404.2560616,15baa136ea1d4af8af755bcad66c719f,0f5338d8723a42ceb5c33136557a7260,db.transaction,WRITE,21.2,OK,user-db,v1.0.0,a3dbc62874d546afa3800829ec6772b2
live_ep_000015_QUEUE_BACKUP,QUEUE_BACKUP,auth-service,44.0,1785925404.2560616,4b123cf9a87f40c6996d21ac4e488961,0f5338d8723a42ceb5c33136557a7260,db.query.select,READ,8.51,OK,user-db,v1.0.0,a3dbc62874d546afa3800829ec6772b2
live_ep_000015_QUEUE_BACKUP,QUEUE_BACKUP,auth-service,44.0,1785925404.2560616,d55ee3063f1e42b1bedeb34df3aea695,0f5338d8723a42ceb5c33136557a7260,cache.delete,,2.44,OK,cache-cluster,v1.0.0,a3dbc62874d546afa3800829ec6772b2
live_ep_000015_QUEUE_BACKUP,QUEUE_BACKUP,auth-service,44.0,1785925404.2560616,6a3e8856ffe54f37b05b74ae0e92b2ec,0f5338d8723a42ceb5c33136557a7260,grpc.call,,29.4,OK,payment-gateway,v1.0.0,a3dbc62874d546afa3800829ec6772b2
live_ep_000015_QUEUE_BACKUP,QUEUE_BACKUP,auth-service,44.5,1785925404.7565277,82133615a9f34dc2b04318eebbbc95df,,POST /api/checkout,,209.39,OK,auth-service,v1.0.0,f1bd1f6f46ea478d87672af8c2bf1516
live_ep_000015_QUEUE_BACKUP,QUEUE_BACKUP,auth-service,44.5,1785925404.7565277,c863db40e435450d885fce472c607244,82133615a9f34dc2b04318eebbbc95df,db.query.delete,WRITE,26.69,OK,user-db,v1.0.0,f1bd1f6f46ea478d87672af8c2bf1516
live_ep_000015_QUEUE_BACKUP,QUEUE_BACKUP,auth-service,44.5,1785925404.7565277,0021ce13b81640e5846d4d7bd719c105,82133615a9f34dc2b04318eebbbc95df,db.query.select,READ,6.21,OK,user-db,v1.0.0,f1bd1f6f46ea478d87672af8c2bf1516
live_ep_000015_QUEUE_BACKUP,QUEUE_BACKUP,auth-service,44.5,1785925404.7565277,7567e22adb0d439aaad22f356e6bbae3,82133615a9f34dc2b04318eebbbc95df,http.client.post,,33.59,OK,payment-gateway,v1.0.0,f1bd1f6f46ea478d87672af8c2bf1516
live_ep_000015_QUEUE_BACKUP,QUEUE_BACKUP,auth-service,45.0,1785925405.2571309,fec07e7bcba644a39f40c793b69f549c,,GET /api/auth,,180.05,OK,auth-service,v1.0.0,e39268ddca94492ba98f5aa523e4f57f
live_ep_000015_QUEUE_BACKUP,QUEUE_BACKUP,auth-service,45.0,1785925405.2571309,a4654dec8ff04144be495b13b33a21e6,fec07e7bcba644a39f40c793b69f549c,db.transaction,READ,19.81,OK,user-db,v1.0.0,e39268ddca94492ba98f5aa523e4f57f
live_ep_000015_QUEUE_BACKUP,QUEUE_BACKUP,auth-service,45.0,1785925405.2571309,6fc934f716744afcb58991edb66a4159,fec07e7bcba644a39f40c793b69f549c,db.query.select,READ,22.93,OK,user-db,v1.0.0,e39268ddca94492ba98f5aa523e4f57f
live_ep_000015_QUEUE_BACKUP,QUEUE_BACKUP,auth-service,45.0,1785925405.2571309,b75f24e9516c4eb89d9280aaf2695364,fec07e7bcba644a39f40c793b69f549c,cache.get,,1.98,OK,cache-cluster,v1.0.0,e39268ddca94492ba98f5aa523e4f57f
live_ep_000015_QUEUE_BACKUP,QUEUE_BACKUP,auth-service,45.0,1785925405.2571309,e3421f9de8c540f5a8ab742d2bca5bc8,fec07e7bcba644a39f40c793b69f549c,http.client.get,,29.42,OK,payment-gateway,v1.0.0,e39268ddca94492ba98f5aa523e4f57f
live_ep_000015_QUEUE_BACKUP,QUEUE_BACKUP,auth-service,45.5,1785925405.7573612,41a9fc8057444f6f9f6d790af3163346,,GET /api/health,,207.12,OK,auth-service,v1.0.0,bbf972d9d90941d49f37475bcfffb5ae
live_ep_000015_QUEUE_BACKUP,QUEUE_BACKUP,auth-service,45.5,1785925405.7573612,c76890679cf744aa8d10e228734e71d0,41a9fc8057444f6f9f6d790af3163346,db.transaction,READ,17.9,OK,user-db,v1.0.0,bbf972d9d90941d49f37475bcfffb5ae
live_ep_000015_QUEUE_BACKUP,QUEUE_BACKUP,auth-service,45.5,1785925405.7573612,c8fd8b1f2dba40dbb057cf19774a0d97,41a9fc8057444f6f9f6d790af3163346,db.query.select,READ,24.29,OK,user-db,v1.0.0,bbf972d9d90941d49f37475bcfffb5ae
live_ep_000015_QUEUE_BACKUP,QUEUE_BACKUP,auth-service,45.5,1785925405.7573612,0d8f33d277aa4477bd9b79fe879ad0c5,41a9fc8057444f6f9f6d790af3163346,cache.delete,,2.59,OK,cache-cluster,v1.0.0,bbf972d9d90941d49f37475bcfffb5ae
live_ep_000015_QUEUE_BACKUP,QUEUE_BACKUP,auth-service,45.5,1785925405.7573612,d838935b37ed44f795c5aed7d40a197e,41a9fc8057444f6f9f6d790af3163346,http.client.post,,32.29,OK,payment-gateway,v1.0.0,bbf972d9d90941d49f37475bcfffb5ae
live_ep_000015_QUEUE_BACKUP,QUEUE_BACKUP,auth-service,46.0,1785925406.2578402,2372c5bcec66436bb1d3a91dd8da964c,,POST /api/checkout,,198.98,OK,auth-service,v1.0.0,069638462b794a098829ac17a7dc473f
live_ep_000015_QUEUE_BACKUP,QUEUE_BACKUP,auth-service,46.0,1785925406.2578402,6cbc88c0d0d74b83bd4b125e41c46644,2372c5bcec66436bb1d3a91dd8da964c,db.query.insert,READ,23.72,OK,user-db,v1.0.0,069638462b794a098829ac17a7dc473f
live_ep_000015_QUEUE_BACKUP,QUEUE_BACKUP,auth-service,46.5,1785925406.7581956,d1f90b7708bb4c1785e6b6e71177bb37,,GET /api/order,,236.08,OK,auth-service,v1.0.0,2f0463ae6f314f68a5e349ad5e77a48f
live_ep_000015_QUEUE_BACKUP,QUEUE_BACKUP,auth-service,46.5,1785925406.7581956,7c42d049eded4b46833e110b9af60be7,d1f90b7708bb4c1785e6b6e71177bb37,db.query.select,WRITE,17.83,OK,user-db,v1.0.0,2f0463ae6f314f68a5e349ad5e77a48f
live_ep_000015_QUEUE_BACKUP,QUEUE_BACKUP,auth-service,46.5,1785925406.7581956,068c47661bb24fbcb5bf833ffe979b98,d1f90b7708bb4c1785e6b6e71177bb37,db.query.delete,READ,15.87,OK,user-db,v1.0.0,2f0463ae6f314f68a5e349ad5e77a48f
live_ep_000015_QUEUE_BACKUP,QUEUE_BACKUP,auth-service,46.5,1785925406.7581956,479fffb5a278434cad68a34b9e478c03,d1f90b7708bb4c1785e6b6e71177bb37,cache.delete,,0.86,OK,cache-cluster,v1.0.0,2f0463ae6f314f68a5e349ad5e77a48f
live_ep_000015_QUEUE_BACKUP,QUEUE_BACKUP,auth-service,46.5,1785925406.7581956,862b8b3876d842c8bec76395689596b6,d1f90b7708bb4c1785e6b6e71177bb37,http.client.post,,4906.11,ERROR,inventory-api,v1.0.0,2f0463ae6f314f68a5e349ad5e77a48f
live_ep_000015_QUEUE_BACKUP,QUEUE_BACKUP,auth-service,47.0,1785925407.2585924,88e03b905da844699bfeba08eaa7d89c,,PUT /api/inventory,,191.71,OK,auth-service,v1.0.0,483cfabba6944a0aa837bab200e772ab
live_ep_000015_QUEUE_BACKUP,QUEUE_BACKUP,auth-service,47.0,1785925407.2585924,6dffd6db1ced4fbfb8805fa6a9793676,88e03b905da844699bfeba08eaa7d89c,db.query.delete,WRITE,28.47,OK,user-db,v1.0.0,483cfabba6944a0aa837bab200e772ab
live_ep_000015_QUEUE_BACKUP,QUEUE_BACKUP,auth-service,47.0,1785925407.2585924,6daae76937864e89b07ec10c6333e8cf,88e03b905da844699bfeba08eaa7d89c,db.query.select,WRITE,14.44,OK,user-db,v1.0.0,483cfabba6944a0aa837bab200e772ab
live_ep_000015_QUEUE_BACKUP,QUEUE_BACKUP,auth-service,47.0,1785925407.2585924,ff961fb965f24650b5a874d43b8411d9,88e03b905da844699bfeba08eaa7d89c,cache.set,,3.6,OK,cache-cluster,v1.0.0,483cfabba6944a0aa837bab200e772ab
live_ep_000015_QUEUE_BACKUP,QUEUE_BACKUP,auth-service,47.5,1785925407.7590988,f9c0b726d1b24d59b4f9460376fca6a7,,GET /api/auth,,219.98,OK,auth-service,v1.0.0,8a4392ade0f949209e8635224faa9d45
live_ep_000015_QUEUE_BACKUP,QUEUE_BACKUP,auth-service,47.5,1785925407.7590988,de5ec763d964407eb4c30ab0c1e1a46b,f9c0b726d1b24d59b4f9460376fca6a7,db.transaction,READ,18.36,OK,user-db,v1.0.0,8a4392ade0f949209e8635224faa9d45
live_ep_000015_QUEUE_BACKUP,QUEUE_BACKUP,auth-service,47.5,1785925407.7590988,805389161d5e4be19e79496d7ba11ae4,f9c0b726d1b24d59b4f9460376fca6a7,db.query.select,WRITE,8.36,OK,user-db,v1.0.0,8a4392ade0f949209e8635224faa9d45
live_ep_000015_QUEUE_BACKUP,QUEUE_BACKUP,auth-service,47.5,1785925407.7590988,a599878762954d6589e3dd3241f05f5c,f9c0b726d1b24d59b4f9460376fca6a7,cache.set,,1.33,OK,cache-cluster,v1.0.0,8a4392ade0f949209e8635224faa9d45
live_ep_000015_QUEUE_BACKUP,QUEUE_BACKUP,auth-service,48.0,1785925408.2593467,74fb1779a1f34663bef9430f48b350da,,POST /api/checkout,,254.42,OK,auth-service,v1.0.0,4f4eef971cd3455087d9323bac885468
live_ep_000015_QUEUE_BACKUP,QUEUE_BACKUP,auth-service,48.0,1785925408.2593467,3a9f2944375d4059b195929f5aa76ad3,74fb1779a1f34663bef9430f48b350da,db.query.delete,READ,19.9,OK,user-db,v1.0.0,4f4eef971cd3455087d9323bac885468
live_ep_000015_QUEUE_BACKUP,QUEUE_BACKUP,auth-service,48.0,1785925408.2593467,92be2c969fd54a68af45f44aa2205ee5,74fb1779a1f34663bef9430f48b350da,db.query.update,READ,26.62,OK,user-db,v1.0.0,4f4eef971cd3455087d9323bac885468
live_ep_000015_QUEUE_BACKUP,QUEUE_BACKUP,auth-service,48.0,1785925408.2593467,cccf2dbaf3c44bcc849870791f43077d,74fb1779a1f34663bef9430f48b350da,cache.delete,,1.97,OK,cache-cluster,v1.0.0,4f4eef971cd3455087d9323bac885468
live_ep_000015_QUEUE_BACKUP,QUEUE_BACKUP,auth-service,48.0,1785925408.2593467,e9fc98d3dead4370a41968dcb18792dd,74fb1779a1f34663bef9430f48b350da,grpc.call,,33.19,OK,payment-gateway,v1.0.0,4f4eef971cd3455087d9323bac885468
live_ep_000015_QUEUE_BACKUP,QUEUE_BACKUP,auth-service,48.5,1785925408.7598753,59aaa2f282c8449e929cc96f7e034ce6,,POST /api/payment,,216.31,OK,auth-service,v1.0.0,9bda04ad6c9c4e7189b6e195138a20ad
live_ep_000015_QUEUE_BACKUP,QUEUE_BACKUP,auth-service,48.5,1785925408.7598753,706c522f70b04c8b83cb7ef91ab840c0,59aaa2f282c8449e929cc96f7e034ce6,db.query.select,READ,20.4,OK,user-db,v1.0.0,9bda04ad6c9c4e7189b6e195138a20ad
live_ep_000015_QUEUE_BACKUP,QUEUE_BACKUP,auth-service,48.5,1785925408.7598753,a0c66a13d0cd4409b523df01ce1ae357,59aaa2f282c8449e929cc96f7e034ce6,db.query.update,WRITE,22.89,OK,user-db,v1.0.0,9bda04ad6c9c4e7189b6e195138a20ad
live_ep_000015_QUEUE_BACKUP,QUEUE_BACKUP,auth-service,48.5,1785925408.7598753,346174e6255a4c5ab94f9dc7c6b0176b,59aaa2f282c8449e929cc96f7e034ce6,cache.get,,2.08,OK,cache-cluster,v1.0.0,9bda04ad6c9c4e7189b6e195138a20ad
live_ep_000015_QUEUE_BACKUP,QUEUE_BACKUP,auth-service,49.0,1785925409.260271,3f621c5b682a42a39abaf9d2c217d556,,GET /api/auth,,222.2,OK,auth-service,v1.0.0,990079cb2be74426a30da2c5c084cc69
live_ep_000015_QUEUE_BACKUP,QUEUE_BACKUP,auth-service,49.0,1785925409.260271,b8bff4e79c29489ba00cfa844315afa0,3f621c5b682a42a39abaf9d2c217d556,db.query.update,WRITE,18.49,OK,user-db,v1.0.0,990079cb2be74426a30da2c5c084cc69
live_ep_000015_QUEUE_BACKUP,QUEUE_BACKUP,auth-service,49.0,1785925409.260271,21e626b7702947238b88de54568d8581,3f621c5b682a42a39abaf9d2c217d556,cache.set,,0.96,OK,cache-cluster,v1.0.0,990079cb2be74426a30da2c5c084cc69
live_ep_000015_QUEUE_BACKUP,QUEUE_BACKUP,auth-service,49.0,1785925409.260271,30339e8bbc90486dacac97ed03f8200d,3f621c5b682a42a39abaf9d2c217d556,http.client.post,,49.36,OK,user-db,v1.0.0,990079cb2be74426a30da2c5c084cc69
live_ep_000015_QUEUE_BACKUP,QUEUE_BACKUP,auth-service,49.5,1785925409.7607682,eb1730232b1143ad8e90bd3fa3ca0c97,,POST /api/payment,,224.77,OK,auth-service,v1.0.0,e5ac4ef34b794ea1956b19b83516bb3a
live_ep_000015_QUEUE_BACKUP,QUEUE_BACKUP,auth-service,49.5,1785925409.7607682,359d8996dbc045eebbdfac1325aeb898,eb1730232b1143ad8e90bd3fa3ca0c97,db.query.insert,READ,1.0,OK,user-db,v1.0.0,e5ac4ef34b794ea1956b19b83516bb3a
live_ep_000015_QUEUE_BACKUP,QUEUE_BACKUP,auth-service,49.5,1785925409.7607682,cf14b265a25d4089920029dc37ed9651,eb1730232b1143ad8e90bd3fa3ca0c97,db.query.select,READ,4.46,OK,user-db,v1.0.0,e5ac4ef34b794ea1956b19b83516bb3a
live_ep_000015_QUEUE_BACKUP,QUEUE_BACKUP,auth-service,49.5,1785925409.7607682,ca75891062bc4affa3fbe00010af0fa8,eb1730232b1143ad8e90bd3fa3ca0c97,cache.get,,4.99,OK,cache-cluster,v1.0.0,e5ac4ef34b794ea1956b19b83516bb3a
live_ep_000015_QUEUE_BACKUP,QUEUE_BACKUP,auth-service,49.5,1785925409.7607682,c84c9db30a86458286fab1881a82362f,eb1730232b1143ad8e90bd3fa3ca0c97,http.client.get,,47.06,OK,cache-cluster,v1.0.0,e5ac4ef34b794ea1956b19b83516bb3a
live_ep_000015_QUEUE_BACKUP,QUEUE_BACKUP,auth-service,50.0,1785925410.2613773,8038b88ce1054a88984e7d57eeb190e3,,GET /api/auth,,258.12,OK,auth-service,v1.0.0,4d0374cbd3004061aa199a480d19a96a
live_ep_000015_QUEUE_BACKUP,QUEUE_BACKUP,auth-service,50.0,1785925410.2613773,693c0ff6f2344fea8c58515b63dd932b,8038b88ce1054a88984e7d57eeb190e3,db.transaction,WRITE,27.51,OK,user-db,v1.0.0,4d0374cbd3004061aa199a480d19a96a
live_ep_000015_QUEUE_BACKUP,QUEUE_BACKUP,auth-service,50.0,1785925410.2613773,cfeff1759c544f46a4f47fcf675843c2,8038b88ce1054a88984e7d57eeb190e3,db.query.select,READ,11.71,OK,user-db,v1.0.0,4d0374cbd3004061aa199a480d19a96a
live_ep_000015_QUEUE_BACKUP,QUEUE_BACKUP,auth-service,50.0,1785925410.2613773,6d5535ebccc342728b2a3d0bf17a7c35,8038b88ce1054a88984e7d57eeb190e3,cache.set,,3.33,OK,cache-cluster,v1.0.0,4d0374cbd3004061aa199a480d19a96a
live_ep_000015_QUEUE_BACKUP,QUEUE_BACKUP,auth-service,50.0,1785925410.2613773,22260a7eb6764cf0b2f6841e5f22776a,8038b88ce1054a88984e7d57eeb190e3,http.client.get,,26.22,OK,payment-gateway,v1.0.0,4d0374cbd3004061aa199a480d19a96a
live_ep_000015_QUEUE_BACKUP,QUEUE_BACKUP,auth-service,50.5,1785925410.761693,b4a6f82466354c0e9db0cdea97504018,,GET /api/order,,299.24,OK,auth-service,v1.0.0,0ab70fea024643abbdaf60aa1082afc2
live_ep_000015_QUEUE_BACKUP,QUEUE_BACKUP,auth-service,50.5,1785925410.761693,d1dd51255e8c4f11ab850718b2bbc087,b4a6f82466354c0e9db0cdea97504018,db.query.select,READ,19.18,OK,user-db,v1.0.0,0ab70fea024643abbdaf60aa1082afc2
live_ep_000015_QUEUE_BACKUP,QUEUE_BACKUP,auth-service,50.5,1785925410.761693,dc2d0927d2e54a52856c2c4aa8b06a06,b4a6f82466354c0e9db0cdea97504018,db.query.update,READ,10.3,OK,user-db,v1.0.0,0ab70fea024643abbdaf60aa1082afc2
live_ep_000015_QUEUE_BACKUP,QUEUE_BACKUP,auth-service,51.0,1785925411.2619545,b8a047b29ec44e5d911c6edaecf9d1cc,,POST /api/payment,,220.66,OK,auth-service,v1.0.0,1d26141808324c3cb035f27f9339071c
live_ep_000015_QUEUE_BACKUP,QUEUE_BACKUP,auth-service,51.0,1785925411.2619545,71ee5046d27e403a87b4f6b057545947,b8a047b29ec44e5d911c6edaecf9d1cc,db.query.update,WRITE,34.0,OK,user-db,v1.0.0,1d26141808324c3cb035f27f9339071c
live_ep_000015_QUEUE_BACKUP,QUEUE_BACKUP,auth-service,51.0,1785925411.2619545,4bf2b109ba554502901ae882fcaa2e99,b8a047b29ec44e5d911c6edaecf9d1cc,db.query.select,READ,29.29,OK,user-db,v1.0.0,1d26141808324c3cb035f27f9339071c
live_ep_000015_QUEUE_BACKUP,QUEUE_BACKUP,auth-service,51.0,1785925411.2619545,97031046aca841f6849c20edb96a013c,b8a047b29ec44e5d911c6edaecf9d1cc,cache.delete,,2.25,OK,cache-cluster,v1.0.0,1d26141808324c3cb035f27f9339071c
live_ep_000015_QUEUE_BACKUP,QUEUE_BACKUP,auth-service,51.0,1785925411.2619545,33e05750ca8e4b5db6adabe87502091a,b8a047b29ec44e5d911c6edaecf9d1cc,http.client.post,,43.95,OK,inventory-api,v1.0.0,1d26141808324c3cb035f27f9339071c
live_ep_000015_QUEUE_BACKUP,QUEUE_BACKUP,auth-service,51.5,1785925411.7624085,ada4e5844d0e4a0b8a9c13090d7a18d7,,GET /api/order,,336.02,OK,auth-service,v1.0.0,1e6588bb99e647dda6e3310f8b22be12
live_ep_000015_QUEUE_BACKUP,QUEUE_BACKUP,auth-service,51.5,1785925411.7624085,f898e570995f46e7a925d6a2593b793b,ada4e5844d0e4a0b8a9c13090d7a18d7,db.query.select,READ,33.71,OK,user-db,v1.0.0,1e6588bb99e647dda6e3310f8b22be12
live_ep_000015_QUEUE_BACKUP,QUEUE_BACKUP,auth-service,52.0,1785925412.2625277,45d2b1a2149f4d6b88adbfe3b42ac201,,POST /api/payment,,224.68,OK,auth-service,v1.0.0,d27aab3523254e4e9f79417dea240f34
live_ep_000015_QUEUE_BACKUP,QUEUE_BACKUP,auth-service,52.0,1785925412.2625277,abc753d2e4924e09b3779b60ad02a986,45d2b1a2149f4d6b88adbfe3b42ac201,db.query.select,READ,27.09,OK,user-db,v1.0.0,d27aab3523254e4e9f79417dea240f34
live_ep_000015_QUEUE_BACKUP,QUEUE_BACKUP,auth-service,52.0,1785925412.2625277,84b946393ed54ae391c46a71235de912,45d2b1a2149f4d6b88adbfe3b42ac201,db.query.insert,READ,16.96,OK,user-db,v1.0.0,d27aab3523254e4e9f79417dea240f34
live_ep_000015_QUEUE_BACKUP,QUEUE_BACKUP,auth-service,52.0,1785925412.2625277,96cd1cf46eea4640ab8c425676329103,45d2b1a2149f4d6b88adbfe3b42ac201,cache.set,,0.51,OK,cache-cluster,v1.0.0,d27aab3523254e4e9f79417dea240f34
live_ep_000015_QUEUE_BACKUP,QUEUE_BACKUP,auth-service,52.0,1785925412.2625277,d058c7ff206a4f969e6883f2b1522e85,45d2b1a2149f4d6b88adbfe3b42ac201,grpc.call,,30.03,OK,user-db,v1.0.0,d27aab3523254e4e9f79417dea240f34
live_ep_000015_QUEUE_BACKUP,QUEUE_BACKUP,auth-service,52.5,1785925412.7654269,08b48032abcf4f97bc410f259c1f2a0f,,POST /api/checkout,,235.33,OK,auth-service,v1.0.0,a5a2826d590242c49ef12e5555625682
live_ep_000015_QUEUE_BACKUP,QUEUE_BACKUP,auth-service,52.5,1785925412.7654269,bea965b956b943279382508908ed4e70,08b48032abcf4f97bc410f259c1f2a0f,db.query.update,READ,17.51,OK,user-db,v1.0.0,a5a2826d590242c49ef12e5555625682
live_ep_000015_QUEUE_BACKUP,QUEUE_BACKUP,auth-service,53.0,1785925413.2656436,415af47ec42049a0bb6729924c39ab68,,POST /api/checkout,,292.06,OK,auth-service,v1.0.0,2da2ab0ae7dd475a82ab2379d18aa3a2
live_ep_000015_QUEUE_BACKUP,QUEUE_BACKUP,auth-service,53.0,1785925413.2656436,c29718e92d854931893b34e62335b03e,415af47ec42049a0bb6729924c39ab68,db.transaction,WRITE,21.17,OK,user-db,v1.0.0,2da2ab0ae7dd475a82ab2379d18aa3a2
live_ep_000015_QUEUE_BACKUP,QUEUE_BACKUP,auth-service,53.0,1785925413.2656436,63f23c02a5ad4809b977f6c46bbe781e,415af47ec42049a0bb6729924c39ab68,cache.set,,4.87,OK,cache-cluster,v1.0.0,2da2ab0ae7dd475a82ab2379d18aa3a2
live_ep_000015_QUEUE_BACKUP,QUEUE_BACKUP,auth-service,53.5,1785925413.7661207,6394689d39a54e779b41864bf4519023,,POST /api/checkout,,285.64,OK,auth-service,v1.0.0,50d1e0f3c8694848a98428fa6823aa7b
live_ep_000015_QUEUE_BACKUP,QUEUE_BACKUP,auth-service,53.5,1785925413.7661207,26cba6b21d7744aea075b8014bd748ac,6394689d39a54e779b41864bf4519023,db.query.select,WRITE,11.67,OK,user-db,v1.0.0,50d1e0f3c8694848a98428fa6823aa7b
live_ep_000015_QUEUE_BACKUP,QUEUE_BACKUP,auth-service,53.5,1785925413.7661207,48d2ecee483840cb9b1f74cfa4f6b778,6394689d39a54e779b41864bf4519023,db.query.update,WRITE,20.48,OK,user-db,v1.0.0,50d1e0f3c8694848a98428fa6823aa7b
live_ep_000015_QUEUE_BACKUP,QUEUE_BACKUP,auth-service,53.5,1785925413.7661207,e97c19d56354453dbaf6892a4a0fbc63,6394689d39a54e779b41864bf4519023,cache.delete,,3.04,OK,cache-cluster,v1.0.0,50d1e0f3c8694848a98428fa6823aa7b
live_ep_000015_QUEUE_BACKUP,QUEUE_BACKUP,auth-service,54.0,1785925414.2677345,19764b1a73344cc0bd6c53d5223722b8,,GET /api/auth,,218.57,OK,auth-service,v1.0.0,7b3007a556814300a862e0caeb81900b
live_ep_000015_QUEUE_BACKUP,QUEUE_BACKUP,auth-service,54.0,1785925414.2677345,d1790b52ac744a49b4698ab61f93e03e,19764b1a73344cc0bd6c53d5223722b8,db.transaction,READ,17.08,OK,user-db,v1.0.0,7b3007a556814300a862e0caeb81900b
live_ep_000015_QUEUE_BACKUP,QUEUE_BACKUP,auth-service,54.0,1785925414.2677345,7c3830344fe745bb98eb819b0fa6ed7c,19764b1a73344cc0bd6c53d5223722b8,db.query.insert,WRITE,24.02,OK,user-db,v1.0.0,7b3007a556814300a862e0caeb81900b
live_ep_000015_QUEUE_BACKUP,QUEUE_BACKUP,auth-service,54.0,1785925414.2677345,b6ffb7d097ad45788687c525c9d4396c,19764b1a73344cc0bd6c53d5223722b8,cache.set,,2.44,OK,cache-cluster,v1.0.0,7b3007a556814300a862e0caeb81900b
live_ep_000015_QUEUE_BACKUP,QUEUE_BACKUP,auth-service,54.5,1785925414.768678,e9345a1b737a42f5b8a9dcee5501e9fc,,GET /api/order,,309.56,OK,auth-service,v1.0.0,93cd8a850c124092b1b3e3873286a38d
live_ep_000015_QUEUE_BACKUP,QUEUE_BACKUP,auth-service,54.5,1785925414.768678,493837a9763045528e4291c04640ce73,e9345a1b737a42f5b8a9dcee5501e9fc,db.query.insert,READ,21.43,OK,user-db,v1.0.0,93cd8a850c124092b1b3e3873286a38d
live_ep_000015_QUEUE_BACKUP,QUEUE_BACKUP,auth-service,54.5,1785925414.768678,16623ce3844e45deac557e4f998e9d79,e9345a1b737a42f5b8a9dcee5501e9fc,grpc.call,,25.45,OK,payment-gateway,v1.0.0,93cd8a850c124092b1b3e3873286a38d
live_ep_000015_QUEUE_BACKUP,QUEUE_BACKUP,auth-service,55.0,1785925415.269694,74dfe29a93c946cba624127f9b4cbc43,,PUT /api/inventory,,283.44,OK,auth-service,v1.0.0,2cdf0c840ad0401eab129e60a4d44cb2
live_ep_000015_QUEUE_BACKUP,QUEUE_BACKUP,auth-service,55.0,1785925415.269694,e6f5da72cd0b4f98b1f4f7df990fb750,74dfe29a93c946cba624127f9b4cbc43,db.query.insert,READ,18.57,OK,user-db,v1.0.0,2cdf0c840ad0401eab129e60a4d44cb2
live_ep_000015_QUEUE_BACKUP,QUEUE_BACKUP,auth-service,55.0,1785925415.269694,07b7f51107c948f197c1fb46bf72d341,74dfe29a93c946cba624127f9b4cbc43,http.client.post,,21.17,OK,cache-cluster,v1.0.0,2cdf0c840ad0401eab129e60a4d44cb2
live_ep_000015_QUEUE_BACKUP,QUEUE_BACKUP,auth-service,55.5,1785925415.7701778,1f4835546fbf4b32b2827169f47f62a4,,POST /api/checkout,,300.53,OK,auth-service,v1.0.0,b1751774e84547e0ae421a57c037f585
live_ep_000015_QUEUE_BACKUP,QUEUE_BACKUP,auth-service,55.5,1785925415.7701778,84f3de21250444f88bc2dc08853394db,1f4835546fbf4b32b2827169f47f62a4,db.query.select,WRITE,33.73,OK,user-db,v1.0.0,b1751774e84547e0ae421a57c037f585
live_ep_000015_QUEUE_BACKUP,QUEUE_BACKUP,auth-service,55.5,1785925415.7701778,ad6b26dc3aa94b0f9907300c2e6851f8,1f4835546fbf4b32b2827169f47f62a4,db.query.delete,WRITE,22.36,OK,user-db,v1.0.0,b1751774e84547e0ae421a57c037f585
live_ep_000015_QUEUE_BACKUP,QUEUE_BACKUP,auth-service,56.0,1785925416.2706413,8a284e6fe12a476f97b11296e20d87e5,,PUT /api/inventory,,315.49,OK,auth-service,v1.0.0,05e1979a49384d36bf2448fb95b3b7ab
live_ep_000015_QUEUE_BACKUP,QUEUE_BACKUP,auth-service,56.0,1785925416.2706413,ff0c634c63bc4a5fadf0b0e9fd908b5a,8a284e6fe12a476f97b11296e20d87e5,db.query.delete,READ,19.15,OK,user-db,v1.0.0,05e1979a49384d36bf2448fb95b3b7ab
live_ep_000015_QUEUE_BACKUP,QUEUE_BACKUP,auth-service,56.0,1785925416.2706413,754385e91e44451c9ef53b8a534aa0ab,8a284e6fe12a476f97b11296e20d87e5,db.query.update,WRITE,13.1,OK,user-db,v1.0.0,05e1979a49384d36bf2448fb95b3b7ab
live_ep_000015_QUEUE_BACKUP,QUEUE_BACKUP,auth-service,56.0,1785925416.2706413,f79decd4b3bf4ff6a98170927b8d0c26,8a284e6fe12a476f97b11296e20d87e5,cache.set,,3.76,OK,cache-cluster,v1.0.0,05e1979a49384d36bf2448fb95b3b7ab
live_ep_000015_QUEUE_BACKUP,QUEUE_BACKUP,auth-service,56.5,1785925416.7708285,b6338c2c02e047108a896ab6392dbaa2,,POST /api/payment,,204.05,OK,auth-service,v1.0.0,d888a2d111b247639fdb090f9fe55653
live_ep_000015_QUEUE_BACKUP,QUEUE_BACKUP,auth-service,56.5,1785925416.7708285,5a1376dce1954cbda1579fe2cc568832,b6338c2c02e047108a896ab6392dbaa2,db.query.update,READ,24.25,OK,user-db,v1.0.0,d888a2d111b247639fdb090f9fe55653
live_ep_000015_QUEUE_BACKUP,QUEUE_BACKUP,auth-service,56.5,1785925416.7708285,7399672b282f4b3a8540f5debac5baf3,b6338c2c02e047108a896ab6392dbaa2,db.query.select,READ,19.24,OK,user-db,v1.0.0,d888a2d111b247639fdb090f9fe55653
live_ep_000015_QUEUE_BACKUP,QUEUE_BACKUP,auth-service,56.5,1785925416.7708285,8eef7031c92146caab12e75e994d62da,b6338c2c02e047108a896ab6392dbaa2,cache.set,,2.68,OK,cache-cluster,v1.0.0,d888a2d111b247639fdb090f9fe55653
live_ep_000015_QUEUE_BACKUP,QUEUE_BACKUP,auth-service,57.0,1785925417.2720025,385267be361446b698f041a12a4d6d4b,,POST /api/checkout,,269.06,OK,auth-service,v1.0.0,65b001f507424d67b5f511e36be58ea7
live_ep_000015_QUEUE_BACKUP,QUEUE_BACKUP,auth-service,57.0,1785925417.2720025,784985eb874e4abab45d33b773df3b86,385267be361446b698f041a12a4d6d4b,db.query.insert,READ,7.34,OK,user-db,v1.0.0,65b001f507424d67b5f511e36be58ea7
live_ep_000015_QUEUE_BACKUP,QUEUE_BACKUP,auth-service,57.0,1785925417.2720025,f3ede88ae11343da80bb62c4bad08936,385267be361446b698f041a12a4d6d4b,db.query.insert,WRITE,22.7,OK,user-db,v1.0.0,65b001f507424d67b5f511e36be58ea7
live_ep_000015_QUEUE_BACKUP,QUEUE_BACKUP,auth-service,57.0,1785925417.2720025,c5c2f8e5e8144afd896bfa4f63d3b8a0,385267be361446b698f041a12a4d6d4b,cache.delete,,3.31,OK,cache-cluster,v1.0.0,65b001f507424d67b5f511e36be58ea7
live_ep_000015_QUEUE_BACKUP,QUEUE_BACKUP,auth-service,57.5,1785925417.772085,ebcfe220478f49d18c82edd244c4b45b,,POST /api/payment,,207.78,OK,auth-service,v1.0.0,05d0988f8073433aab634f920e45e47a
live_ep_000015_QUEUE_BACKUP,QUEUE_BACKUP,auth-service,57.5,1785925417.772085,aa3d4c98ddeb4bf9ad865ce7325efc17,ebcfe220478f49d18c82edd244c4b45b,db.query.update,READ,21.96,OK,user-db,v1.0.0,05d0988f8073433aab634f920e45e47a
live_ep_000015_QUEUE_BACKUP,QUEUE_BACKUP,auth-service,57.5,1785925417.772085,7f53cbc1c7094be3a1a0e4f96078f9b5,ebcfe220478f49d18c82edd244c4b45b,db.query.select,READ,13.07,OK,user-db,v1.0.0,05d0988f8073433aab634f920e45e47a
live_ep_000015_QUEUE_BACKUP,QUEUE_BACKUP,auth-service,58.0,1785925418.2726393,2a904443b270458680d579252970ea5e,,GET /api/auth,,236.84,OK,auth-service,v1.0.0,a74247cc9423466c8abe32ac2637c7f1
live_ep_000015_QUEUE_BACKUP,QUEUE_BACKUP,auth-service,58.0,1785925418.2726393,558a1dacb3c64817a750a7857dd2c861,2a904443b270458680d579252970ea5e,db.query.select,READ,23.13,OK,user-db,v1.0.0,a74247cc9423466c8abe32ac2637c7f1
live_ep_000015_QUEUE_BACKUP,QUEUE_BACKUP,auth-service,58.0,1785925418.2726393,d7ba61868c7a4e6790c772331dce3ac2,2a904443b270458680d579252970ea5e,cache.get,,2.85,OK,cache-cluster,v1.0.0,a74247cc9423466c8abe32ac2637c7f1
live_ep_000015_QUEUE_BACKUP,QUEUE_BACKUP,auth-service,58.5,1785925418.773118,830af5f0de68450b948efb9136850ed7,,POST /api/checkout,,284.94,ERROR,auth-service,v1.0.0,ca42b5af89074c1dbda34c6138606f7b
live_ep_000015_QUEUE_BACKUP,QUEUE_BACKUP,auth-service,58.5,1785925418.773118,cb6ee0599ca04e67929eecbe6df0bcbf,830af5f0de68450b948efb9136850ed7,db.query.delete,WRITE,9.55,OK,user-db,v1.0.0,ca42b5af89074c1dbda34c6138606f7b
live_ep_000015_QUEUE_BACKUP,QUEUE_BACKUP,auth-service,58.5,1785925418.773118,0a19d231f1c445d997865b1c5fa2e151,830af5f0de68450b948efb9136850ed7,db.query.insert,WRITE,24.3,OK,user-db,v1.0.0,ca42b5af89074c1dbda34c6138606f7b
live_ep_000015_QUEUE_BACKUP,QUEUE_BACKUP,auth-service,58.5,1785925418.773118,c240a42233404018b2fce4e6bb0369f9,830af5f0de68450b948efb9136850ed7,http.client.post,,27.46,OK,inventory-api,v1.0.0,ca42b5af89074c1dbda34c6138606f7b
live_ep_000015_QUEUE_BACKUP,QUEUE_BACKUP,auth-service,59.0,1785925419.2733483,69e2b2222d904641b3741851c6757144,,POST /api/payment,,257.59,OK,auth-service,v1.0.0,1e17b012759d45bfa79091db301afcc6
live_ep_000015_QUEUE_BACKUP,QUEUE_BACKUP,auth-service,59.0,1785925419.2733483,a03a8794fd8e46ec92dc347e587fb818,69e2b2222d904641b3741851c6757144,db.query.select,WRITE,22.92,OK,user-db,v1.0.0,1e17b012759d45bfa79091db301afcc6
live_ep_000015_QUEUE_BACKUP,QUEUE_BACKUP,auth-service,59.0,1785925419.2733483,550609c7f8484c1fa237a2eeacddc12c,69e2b2222d904641b3741851c6757144,db.transaction,WRITE,23.18,OK,user-db,v1.0.0,1e17b012759d45bfa79091db301afcc6
live_ep_000015_QUEUE_BACKUP,QUEUE_BACKUP,auth-service,59.0,1785925419.2733483,cd61f4a407d540fd95fd7cd8a35a3faa,69e2b2222d904641b3741851c6757144,cache.set,,1.35,OK,cache-cluster,v1.0.0,1e17b012759d45bfa79091db301afcc6
live_ep_000015_QUEUE_BACKUP,QUEUE_BACKUP,auth-service,59.5,1785925419.773535,50f4fb2e474a4145a1e91eb1d51fe660,,GET /api/auth,,289.4,OK,auth-service,v1.0.0,6c53a0fdc2e5409c9ba3cd5d1cf7a51e
live_ep_000015_QUEUE_BACKUP,QUEUE_BACKUP,auth-service,59.5,1785925419.773535,c58c59f54b544e5eab97897f3426add6,50f4fb2e474a4145a1e91eb1d51fe660,db.transaction,READ,1.0,OK,user-db,v1.0.0,6c53a0fdc2e5409c9ba3cd5d1cf7a51e
live_ep_000015_QUEUE_BACKUP,QUEUE_BACKUP,auth-service,59.5,1785925419.773535,e267fdc6d6ec4bc4b976a63eb7456efe,50f4fb2e474a4145a1e91eb1d51fe660,cache.get,,2.34,OK,cache-cluster,v1.0.0,6c53a0fdc2e5409c9ba3cd5d1cf7a51e
live_ep_000016_RETRY_STORM,RETRY_STORM,auth-service,0.0,1785925420.2760262,324c98b10f0347d3a6837a41325331ea,,GET /api/health,,157.39,OK,auth-service,v1.2.3,b982939db162470481dc6b51f820b4e5
live_ep_000016_RETRY_STORM,RETRY_STORM,auth-service,0.0,1785925420.2760262,4bc79c2e9696437b8fea4b883b452133,324c98b10f0347d3a6837a41325331ea,db.query.select,READ,20.57,OK,user-db,v1.2.3,b982939db162470481dc6b51f820b4e5
live_ep_000016_RETRY_STORM,RETRY_STORM,auth-service,0.0,1785925420.2760262,c979406ff3e64ec9a10255cc0314f7fd,324c98b10f0347d3a6837a41325331ea,db.transaction,WRITE,33.42,OK,user-db,v1.2.3,b982939db162470481dc6b51f820b4e5
live_ep_000016_RETRY_STORM,RETRY_STORM,auth-service,0.5,1785925420.776425,eeec3d4e2f184bac8fbb609a6dfc9372,,GET /api/health,,101.51,OK,auth-service,v1.2.3,05118b896bc346ae9a948324baece28a
live_ep_000016_RETRY_STORM,RETRY_STORM,auth-service,0.5,1785925420.776425,5d6f76a2d79c4b61b3619d39e31c45a2,eeec3d4e2f184bac8fbb609a6dfc9372,db.query.delete,WRITE,17.82,ERROR,user-db,v1.2.3,05118b896bc346ae9a948324baece28a
live_ep_000016_RETRY_STORM,RETRY_STORM,auth-service,0.5,1785925420.776425,54e031132eb4407daae6a5582a96e558,eeec3d4e2f184bac8fbb609a6dfc9372,http.client.get,,29.06,OK,cache-cluster,v1.2.3,05118b896bc346ae9a948324baece28a
live_ep_000016_RETRY_STORM,RETRY_STORM,auth-service,1.0,1785925421.2767189,f9ea102e57d8470892528dc7be4a7c8b,,GET /api/order,,98.4,OK,auth-service,v1.2.3,a92a2c35ea834156afab3362e6cbb251
live_ep_000016_RETRY_STORM,RETRY_STORM,auth-service,1.0,1785925421.2767189,e17d5d4b69124f3c8db7edd00f463ca1,f9ea102e57d8470892528dc7be4a7c8b,db.query.select,WRITE,21.35,OK,user-db,v1.2.3,a92a2c35ea834156afab3362e6cbb251
live_ep_000016_RETRY_STORM,RETRY_STORM,auth-service,1.0,1785925421.2767189,76a3fa571deb4040b493f29fae51d994,f9ea102e57d8470892528dc7be4a7c8b,db.query.update,WRITE,21.25,OK,user-db,v1.2.3,a92a2c35ea834156afab3362e6cbb251
live_ep_000016_RETRY_STORM,RETRY_STORM,auth-service,1.0,1785925421.2767189,ab13f055ce09427c95da0305b7ca76ee,f9ea102e57d8470892528dc7be4a7c8b,cache.get,,0.6,OK,cache-cluster,v1.2.3,a92a2c35ea834156afab3362e6cbb251
live_ep_000016_RETRY_STORM,RETRY_STORM,auth-service,1.0,1785925421.2767189,6555cde64bcf4ee59b8c22921a963c44,f9ea102e57d8470892528dc7be4a7c8b,http.client.get,,48.4,OK,payment-gateway,v1.2.3,a92a2c35ea834156afab3362e6cbb251
live_ep_000016_RETRY_STORM,RETRY_STORM,auth-service,1.5,1785925421.777178,81a3218045dd4f67985bf40c1eccf2e1,,GET /api/order,,119.06,OK,auth-service,v1.2.3,e4204a33cdb645ddb7f948c5e3c21175
live_ep_000016_RETRY_STORM,RETRY_STORM,auth-service,1.5,1785925421.777178,7ef1fd35bb964cd3a892a94b77d38bd2,81a3218045dd4f67985bf40c1eccf2e1,db.query.update,WRITE,27.22,OK,user-db,v1.2.3,e4204a33cdb645ddb7f948c5e3c21175
live_ep_000016_RETRY_STORM,RETRY_STORM,auth-service,1.5,1785925421.777178,17f124dd388d4f31af5380a2ca9c19c3,81a3218045dd4f67985bf40c1eccf2e1,db.query.delete,READ,25.95,OK,user-db,v1.2.3,e4204a33cdb645ddb7f948c5e3c21175
live_ep_000016_RETRY_STORM,RETRY_STORM,auth-service,2.0,1785925422.2777412,21ce9f2769d04087beae83dbba816858,,GET /api/health,,185.21,OK,auth-service,v1.2.3,e5332662ca7a4c9a98e012b021b49c0e
live_ep_000016_RETRY_STORM,RETRY_STORM,auth-service,2.0,1785925422.2777412,9971231be984428885984c8c2bca4410,21ce9f2769d04087beae83dbba816858,db.query.select,WRITE,21.97,OK,user-db,v1.2.3,e5332662ca7a4c9a98e012b021b49c0e
live_ep_000016_RETRY_STORM,RETRY_STORM,auth-service,2.5,1785925422.777924,a6b2831113b14daf839a59a5ce88f7aa,,POST /api/checkout,,125.48,OK,auth-service,v1.2.3,2594eb95abbd4eb085da6b14f8d53673
live_ep_000016_RETRY_STORM,RETRY_STORM,auth-service,2.5,1785925422.777924,c43107975ace4d0696803dde955100b0,a6b2831113b14daf839a59a5ce88f7aa,db.transaction,READ,20.24,OK,user-db,v1.2.3,2594eb95abbd4eb085da6b14f8d53673
live_ep_000016_RETRY_STORM,RETRY_STORM,auth-service,2.5,1785925422.777924,1d2d227606bf44b0936cfe36358d42ad,a6b2831113b14daf839a59a5ce88f7aa,db.query.update,WRITE,16.65,OK,user-db,v1.2.3,2594eb95abbd4eb085da6b14f8d53673
live_ep_000016_RETRY_STORM,RETRY_STORM,auth-service,2.5,1785925422.777924,907b31d425924111b6f801c9b13ac491,a6b2831113b14daf839a59a5ce88f7aa,cache.set,,1.76,OK,cache-cluster,v1.2.3,2594eb95abbd4eb085da6b14f8d53673
live_ep_000016_RETRY_STORM,RETRY_STORM,auth-service,2.5,1785925422.777924,18dde3031f674331b9dda7d9b04330ca,a6b2831113b14daf839a59a5ce88f7aa,http.client.post,,34.5,OK,cache-cluster,v1.2.3,2594eb95abbd4eb085da6b14f8d53673
live_ep_000016_RETRY_STORM,RETRY_STORM,auth-service,3.0,1785925423.2784386,d1ffe65faa814afdb5f7cdb10ae12b9e,,GET /api/order,,103.93,OK,auth-service,v1.2.3,852901c1d184474991ee63cf283012ad
live_ep_000016_RETRY_STORM,RETRY_STORM,auth-service,3.0,1785925423.2784386,ebfc4d84bb1744c6bd2bcf6ae4708cb6,d1ffe65faa814afdb5f7cdb10ae12b9e,db.query.update,WRITE,25.61,OK,user-db,v1.2.3,852901c1d184474991ee63cf283012ad
live_ep_000016_RETRY_STORM,RETRY_STORM,auth-service,3.0,1785925423.2784386,9ea6afdc82344da9bf10ff0edb9a837f,d1ffe65faa814afdb5f7cdb10ae12b9e,db.transaction,READ,16.3,OK,user-db,v1.2.3,852901c1d184474991ee63cf283012ad
live_ep_000016_RETRY_STORM,RETRY_STORM,auth-service,3.0,1785925423.2784386,7feca92cc42e42ce8c502b040fa47711,d1ffe65faa814afdb5f7cdb10ae12b9e,cache.get,,2.94,OK,cache-cluster,v1.2.3,852901c1d184474991ee63cf283012ad
live_ep_000016_RETRY_STORM,RETRY_STORM,auth-service,3.5,1785925423.7789395,b518a4ba7e7745cc8124b222ab78943e,,GET /api/order,,109.75,OK,auth-service,v1.2.3,11a36ca77c05454fb1db614e71a23485
live_ep_000016_RETRY_STORM,RETRY_STORM,auth-service,3.5,1785925423.7789395,7f09ed4e85a547a6bd78e7bc6b98a236,b518a4ba7e7745cc8124b222ab78943e,db.query.select,READ,16.07,OK,user-db,v1.2.3,11a36ca77c05454fb1db614e71a23485
live_ep_000016_RETRY_STORM,RETRY_STORM,auth-service,3.5,1785925423.7789395,72d18ff146974e0081fd45aae5531324,b518a4ba7e7745cc8124b222ab78943e,cache.set,,2.99,OK,cache-cluster,v1.2.3,11a36ca77c05454fb1db614e71a23485
live_ep_000016_RETRY_STORM,RETRY_STORM,auth-service,4.0,1785925424.2802231,8e3e5eb1950948e3a607f00b89662645,,PUT /api/inventory,,134.62,OK,auth-service,v1.2.3,f8f79659cac74e66bafb0a9d0b72ca29
live_ep_000016_RETRY_STORM,RETRY_STORM,auth-service,4.0,1785925424.2802231,64ee63308ad14d308d246c83fa5ada95,8e3e5eb1950948e3a607f00b89662645,db.query.delete,WRITE,28.51,OK,user-db,v1.2.3,f8f79659cac74e66bafb0a9d0b72ca29
live_ep_000016_RETRY_STORM,RETRY_STORM,auth-service,4.0,1785925424.2802231,68a52c85864243b0ac2eae62667dc6c8,8e3e5eb1950948e3a607f00b89662645,db.query.delete,WRITE,28.18,OK,user-db,v1.2.3,f8f79659cac74e66bafb0a9d0b72ca29
live_ep_000016_RETRY_STORM,RETRY_STORM,auth-service,4.0,1785925424.2802231,0f7db065d92b4ff8a20333aa298a2e31,8e3e5eb1950948e3a607f00b89662645,cache.get,,1.61,OK,cache-cluster,v1.2.3,f8f79659cac74e66bafb0a9d0b72ca29
live_ep_000016_RETRY_STORM,RETRY_STORM,auth-service,4.0,1785925424.2802231,87f87dc5cad3452cb7f22a9b2ffcdcad,8e3e5eb1950948e3a607f00b89662645,http.client.get,,25.21,OK,payment-gateway,v1.2.3,f8f79659cac74e66bafb0a9d0b72ca29
live_ep_000016_RETRY_STORM,RETRY_STORM,auth-service,4.5,1785925424.7803679,41e00e5543dd43948e13ee9fb622e246,,GET /api/auth,,125.08,OK,auth-service,v1.2.3,e9e04fe81d8340059e0efb25f3f7c382
live_ep_000016_RETRY_STORM,RETRY_STORM,auth-service,4.5,1785925424.7803679,e55906ba478b4e4ab090a68bef3a76d1,41e00e5543dd43948e13ee9fb622e246,db.query.delete,READ,24.83,OK,user-db,v1.2.3,e9e04fe81d8340059e0efb25f3f7c382
live_ep_000016_RETRY_STORM,RETRY_STORM,auth-service,4.5,1785925424.7803679,bbf1ca59309c4c0da126c6393199c2f1,41e00e5543dd43948e13ee9fb622e246,cache.get,,1.97,OK,cache-cluster,v1.2.3,e9e04fe81d8340059e0efb25f3f7c382
live_ep_000016_RETRY_STORM,RETRY_STORM,auth-service,5.0,1785925425.2807798,ab9ad128aeb04fee8344173c264b0371,,POST /api/payment,,114.54,OK,auth-service,v1.2.3,ee35cb4fac6944a4a9df43965a94c462
live_ep_000016_RETRY_STORM,RETRY_STORM,auth-service,5.0,1785925425.2807798,92b2b1391078407398a6379b3cdaa3b1,ab9ad128aeb04fee8344173c264b0371,db.query.insert,WRITE,12.5,OK,user-db,v1.2.3,ee35cb4fac6944a4a9df43965a94c462
live_ep_000016_RETRY_STORM,RETRY_STORM,auth-service,5.0,1785925425.2807798,6191035d57fc4629ac2dce9ecc1c0b58,ab9ad128aeb04fee8344173c264b0371,db.query.insert,READ,30.02,OK,user-db,v1.2.3,ee35cb4fac6944a4a9df43965a94c462
live_ep_000016_RETRY_STORM,RETRY_STORM,auth-service,5.5,1785925425.7812846,179268beed954db7a0a099ddec659ef7,,POST /api/checkout,,126.88,OK,auth-service,v1.2.3,e2ddbeb797fc47deaa0707da8f3c10cf
live_ep_000016_RETRY_STORM,RETRY_STORM,auth-service,5.5,1785925425.7812846,ef77b5203ba2420dbf53487bea298665,179268beed954db7a0a099ddec659ef7,db.query.select,READ,30.06,OK,user-db,v1.2.3,e2ddbeb797fc47deaa0707da8f3c10cf
live_ep_000016_RETRY_STORM,RETRY_STORM,auth-service,5.5,1785925425.7812846,28492220bf334ea8a89718e985f8ab5c,179268beed954db7a0a099ddec659ef7,db.query.insert,WRITE,30.54,OK,user-db,v1.2.3,e2ddbeb797fc47deaa0707da8f3c10cf
live_ep_000016_RETRY_STORM,RETRY_STORM,auth-service,5.5,1785925425.7812846,7a297282cf2c4dc1bf5254b9b27f840e,179268beed954db7a0a099ddec659ef7,http.client.get,,30.88,OK,user-db,v1.2.3,e2ddbeb797fc47deaa0707da8f3c10cf
live_ep_000016_RETRY_STORM,RETRY_STORM,auth-service,6.0,1785925426.2821412,3b1947b61cb74932bf513227f13650c5,,POST /api/checkout,,166.38,OK,auth-service,v1.2.3,7e6ed629a22249678ad83097b0b79a83
live_ep_000016_RETRY_STORM,RETRY_STORM,auth-service,6.0,1785925426.2821412,a7375898d32d45c7811e11cf8d23fdaf,3b1947b61cb74932bf513227f13650c5,db.query.delete,WRITE,13.9,OK,user-db,v1.2.3,7e6ed629a22249678ad83097b0b79a83
live_ep_000016_RETRY_STORM,RETRY_STORM,auth-service,6.0,1785925426.2821412,e285707aaa4a4599987b9460b6a415a1,3b1947b61cb74932bf513227f13650c5,cache.get,,4.09,OK,cache-cluster,v1.2.3,7e6ed629a22249678ad83097b0b79a83
live_ep_000016_RETRY_STORM,RETRY_STORM,auth-service,6.5,1785925426.7824178,2e7f1e2068cc450ab7e53478bbfd5827,,PUT /api/inventory,,171.1,OK,auth-service,v1.2.3,1f2b0a22e6ec4bde9d85e003e072925e
live_ep_000016_RETRY_STORM,RETRY_STORM,auth-service,6.5,1785925426.7824178,ba08d7a4347a4fa5963cfb8a47a963a4,2e7f1e2068cc450ab7e53478bbfd5827,db.query.select,WRITE,21.57,OK,user-db,v1.2.3,1f2b0a22e6ec4bde9d85e003e072925e
live_ep_000016_RETRY_STORM,RETRY_STORM,auth-service,6.5,1785925426.7824178,259f187caa5d4b29beb0187891232034,2e7f1e2068cc450ab7e53478bbfd5827,db.transaction,WRITE,20.02,OK,user-db,v1.2.3,1f2b0a22e6ec4bde9d85e003e072925e
live_ep_000016_RETRY_STORM,RETRY_STORM,auth-service,6.5,1785925426.7824178,81a370a909de475a847674d3a12bdcb6,2e7f1e2068cc450ab7e53478bbfd5827,cache.delete,,0.61,OK,cache-cluster,v1.2.3,1f2b0a22e6ec4bde9d85e003e072925e
live_ep_000016_RETRY_STORM,RETRY_STORM,auth-service,7.0,1785925427.2835288,4f095baa9b2449ffbddb67ae18aacfe3,,POST /api/checkout,,223.34,OK,auth-service,v1.2.3,fc7045b3ad7f41249ca6ab25233ef8ae
live_ep_000016_RETRY_STORM,RETRY_STORM,auth-service,7.0,1785925427.2835288,9ec9c34847b646418b9b2587e3205271,4f095baa9b2449ffbddb67ae18aacfe3,db.query.delete,WRITE,28.62,OK,user-db,v1.2.3,fc7045b3ad7f41249ca6ab25233ef8ae
live_ep_000016_RETRY_STORM,RETRY_STORM,auth-service,7.0,1785925427.2835288,7e6b88e650a2421ebb533cf570361c75,4f095baa9b2449ffbddb67ae18aacfe3,db.transaction,READ,20.87,OK,user-db,v1.2.3,fc7045b3ad7f41249ca6ab25233ef8ae
live_ep_000016_RETRY_STORM,RETRY_STORM,auth-service,7.0,1785925427.2835288,4408011d34fc402bbc4bd6ae77e315f9,4f095baa9b2449ffbddb67ae18aacfe3,cache.get,,3.31,OK,cache-cluster,v1.2.3,fc7045b3ad7f41249ca6ab25233ef8ae
live_ep_000016_RETRY_STORM,RETRY_STORM,auth-service,7.5,1785925427.7838306,f4f42b8216fa44a1a398de6490dee006,,GET /api/auth,,206.45,OK,auth-service,v1.2.3,b415b9219c734d86a6f469d17f8b921f
live_ep_000016_RETRY_STORM,RETRY_STORM,auth-service,7.5,1785925427.7838306,f8eb98d534334be4af0cbd0d66adf9dd,f4f42b8216fa44a1a398de6490dee006,db.query.delete,READ,34.09,OK,user-db,v1.2.3,b415b9219c734d86a6f469d17f8b921f
live_ep_000016_RETRY_STORM,RETRY_STORM,auth-service,7.5,1785925427.7838306,fe77209c63b74db5ab79a35e880b4b0e,f4f42b8216fa44a1a398de6490dee006,db.query.select,WRITE,50.65,OK,user-db,v1.2.3,b415b9219c734d86a6f469d17f8b921f
live_ep_000016_RETRY_STORM,RETRY_STORM,auth-service,7.5,1785925427.7838306,666410ab31e0459eb3146d380bd50993,f4f42b8216fa44a1a398de6490dee006,cache.set,,2.12,OK,cache-cluster,v1.2.3,b415b9219c734d86a6f469d17f8b921f
live_ep_000016_RETRY_STORM,RETRY_STORM,auth-service,8.0,1785925428.284037,9dc1abafa25744d7a6b743d9390958c6,,POST /api/checkout,,181.66,OK,auth-service,v1.2.3,89adc98a97d94bc69de3b6b1fe5a724d
live_ep_000016_RETRY_STORM,RETRY_STORM,auth-service,8.0,1785925428.284037,2c611bc5864047e59c8d8278810ed19b,9dc1abafa25744d7a6b743d9390958c6,db.query.update,READ,40.93,OK,user-db,v1.2.3,89adc98a97d94bc69de3b6b1fe5a724d
live_ep_000016_RETRY_STORM,RETRY_STORM,auth-service,8.0,1785925428.284037,4a6415c779d74b0e93a0514e7e398668,9dc1abafa25744d7a6b743d9390958c6,http.client.get,,34.6,OK,user-db,v1.2.3,89adc98a97d94bc69de3b6b1fe5a724d
live_ep_000016_RETRY_STORM,RETRY_STORM,auth-service,8.5,1785925428.7843578,47c73edd25814bd3aebe1f5272231e51,,POST /api/payment,,210.35,OK,auth-service,v1.2.3,74ec7a3fe0e04394900c5583e1f8fbd6
live_ep_000016_RETRY_STORM,RETRY_STORM,auth-service,8.5,1785925428.7843578,6469259bd835411d9d6cc729c7fa1ac5,47c73edd25814bd3aebe1f5272231e51,db.query.delete,WRITE,24.58,ERROR,user-db,v1.2.3,74ec7a3fe0e04394900c5583e1f8fbd6
live_ep_000016_RETRY_STORM,RETRY_STORM,auth-service,8.5,1785925428.7843578,9f66b71c898846cab557d6b232212679,47c73edd25814bd3aebe1f5272231e51,db.transaction,WRITE,38.4,OK,user-db,v1.2.3,74ec7a3fe0e04394900c5583e1f8fbd6
live_ep_000016_RETRY_STORM,RETRY_STORM,auth-service,8.5,1785925428.7843578,c19cdf341f9f47e6b1f9bfb21b037334,47c73edd25814bd3aebe1f5272231e51,http.client.get,,23.97,OK,payment-gateway,v1.2.3,74ec7a3fe0e04394900c5583e1f8fbd6
live_ep_000016_RETRY_STORM,RETRY_STORM,auth-service,9.0,1785925429.2846105,fb347c981f8e4443b3461c6ad88cb4d3,,GET /api/auth,,167.52,OK,auth-service,v1.2.3,2567d3fa4ddf4a94aca9f72f75c76344
live_ep_000016_RETRY_STORM,RETRY_STORM,auth-service,9.0,1785925429.2846105,b89ffdbb986a4694b62922747d5dda54,fb347c981f8e4443b3461c6ad88cb4d3,db.query.delete,READ,25.12,OK,user-db,v1.2.3,2567d3fa4ddf4a94aca9f72f75c76344
live_ep_000016_RETRY_STORM,RETRY_STORM,auth-service,9.0,1785925429.2846105,a736cd88a9eb4b76ae1921680e0ad6a9,fb347c981f8e4443b3461c6ad88cb4d3,cache.delete,,2.52,OK,cache-cluster,v1.2.3,2567d3fa4ddf4a94aca9f72f75c76344
live_ep_000016_RETRY_STORM,RETRY_STORM,auth-service,9.0,1785925429.2846105,4f830dc10004418eae59272d0de4b89e,fb347c981f8e4443b3461c6ad88cb4d3,http.client.post,,32.13,OK,cache-cluster,v1.2.3,2567d3fa4ddf4a94aca9f72f75c76344
live_ep_000016_RETRY_STORM,RETRY_STORM,auth-service,9.5,1785925429.785054,797db8c2ec2b4ab9babca9c4a1eaca29,,POST /api/payment,,244.62,OK,auth-service,v1.2.3,a54ac2183c4a4269a3b2e8c36d87de9a
live_ep_000016_RETRY_STORM,RETRY_STORM,auth-service,9.5,1785925429.785054,623f50d0936142cd8bc8e05d4a6e4ec1,797db8c2ec2b4ab9babca9c4a1eaca29,db.query.insert,READ,37.81,OK,user-db,v1.2.3,a54ac2183c4a4269a3b2e8c36d87de9a
live_ep_000016_RETRY_STORM,RETRY_STORM,auth-service,9.5,1785925429.785054,b56ca7af49c141b9bdcf86b5822b7729,797db8c2ec2b4ab9babca9c4a1eaca29,cache.set,,2.37,OK,cache-cluster,v1.2.3,a54ac2183c4a4269a3b2e8c36d87de9a
live_ep_000016_RETRY_STORM,RETRY_STORM,auth-service,9.5,1785925429.785054,17b3ccfc4cfc4d528a08c06d6a99b783,797db8c2ec2b4ab9babca9c4a1eaca29,http.client.post,,31.76,OK,user-db,v1.2.3,a54ac2183c4a4269a3b2e8c36d87de9a
live_ep_000016_RETRY_STORM,RETRY_STORM,auth-service,10.0,1785925430.2854924,07b23390df01452580ef63bbe7e82b3b,,POST /api/checkout,,189.09,OK,auth-service,v1.2.3,a6f75efc4c964912958f36fddf5c4fde
live_ep_000016_RETRY_STORM,RETRY_STORM,auth-service,10.0,1785925430.2854924,19dd75aa576a4a89b06040b0ee6a682d,07b23390df01452580ef63bbe7e82b3b,db.query.delete,READ,28.61,OK,user-db,v1.2.3,a6f75efc4c964912958f36fddf5c4fde
live_ep_000016_RETRY_STORM,RETRY_STORM,auth-service,10.0,1785925430.2854924,777f35707f79486884f6a4c3e399a7bf,07b23390df01452580ef63bbe7e82b3b,db.query.insert,WRITE,31.81,OK,user-db,v1.2.3,a6f75efc4c964912958f36fddf5c4fde
live_ep_000016_RETRY_STORM,RETRY_STORM,auth-service,10.0,1785925430.2854924,5a7766dd522e4ba0acecb26fd226548e,07b23390df01452580ef63bbe7e82b3b,grpc.call,,30.2,OK,cache-cluster,v1.2.3,a6f75efc4c964912958f36fddf5c4fde
live_ep_000016_RETRY_STORM,RETRY_STORM,auth-service,10.5,1785925430.7860026,f7dcaef8e6b040b8b0e080c25307edbb,,POST /api/payment,,153.46,OK,auth-service,v1.2.3,8defe8769f4c487fad3db23603f9cfdc
live_ep_000016_RETRY_STORM,RETRY_STORM,auth-service,10.5,1785925430.7860026,f9b6ae82844d4e81b53f971f35aed950,f7dcaef8e6b040b8b0e080c25307edbb,db.query.select,READ,51.42,ERROR,user-db,v1.2.3,8defe8769f4c487fad3db23603f9cfdc
live_ep_000016_RETRY_STORM,RETRY_STORM,auth-service,11.0,1785925431.2862709,dc00b4f060974e33916b2fe1781910cd,,PUT /api/inventory,,210.72,OK,auth-service,v1.2.3,2510469337cd4bd796df72443f786645
live_ep_000016_RETRY_STORM,RETRY_STORM,auth-service,11.0,1785925431.2862709,cb5fe04e3a2f492faf3afc01891b77f2,dc00b4f060974e33916b2fe1781910cd,db.query.delete,READ,43.35,OK,user-db,v1.2.3,2510469337cd4bd796df72443f786645
live_ep_000016_RETRY_STORM,RETRY_STORM,auth-service,11.0,1785925431.2862709,4618e7a14b734705b51e414ed33f0af8,dc00b4f060974e33916b2fe1781910cd,cache.set,,58.65,OK,cache-cluster,v1.2.3,2510469337cd4bd796df72443f786645
live_ep_000016_RETRY_STORM,RETRY_STORM,auth-service,11.0,1785925431.2862709,39d8b24082c5450db91686bd7666e3b1,dc00b4f060974e33916b2fe1781910cd,http.client.get,,30.16,OK,payment-gateway,v1.2.3,2510469337cd4bd796df72443f786645
live_ep_000016_RETRY_STORM,RETRY_STORM,auth-service,11.5,1785925431.7866256,5e89cb25e6154c68ac78e38a27b769f7,,POST /api/payment,,234.31,OK,auth-service,v1.2.3,39e52672153941b48e18d447f858f098
live_ep_000016_RETRY_STORM,RETRY_STORM,auth-service,11.5,1785925431.7866256,5b2ad26b8a294baa81edfe6aa899eaa5,5e89cb25e6154c68ac78e38a27b769f7,db.query.insert,READ,25.9,OK,user-db,v1.2.3,39e52672153941b48e18d447f858f098
live_ep_000016_RETRY_STORM,RETRY_STORM,auth-service,11.5,1785925431.7866256,b4f6181c48a34ea18886731079df8962,5e89cb25e6154c68ac78e38a27b769f7,db.query.delete,READ,37.56,OK,user-db,v1.2.3,39e52672153941b48e18d447f858f098
live_ep_000016_RETRY_STORM,RETRY_STORM,auth-service,11.5,1785925431.7866256,539c67e7635b4393b0d1554f303d7300,5e89cb25e6154c68ac78e38a27b769f7,cache.delete,,2.93,OK,cache-cluster,v1.2.3,39e52672153941b48e18d447f858f098
live_ep_000016_RETRY_STORM,RETRY_STORM,auth-service,12.0,1785925432.2870462,f76247d5633b43abb1ef98b42ba20c28,,POST /api/checkout,,167.07,OK,auth-service,v1.2.3,fe034faa998d465bb8ab47200d9aae1a
live_ep_000016_RETRY_STORM,RETRY_STORM,auth-service,12.0,1785925432.2870462,e0fc6cdf54ef4a6dafc8029bed5d8f2d,f76247d5633b43abb1ef98b42ba20c28,db.query.update,READ,29.53,OK,user-db,v1.2.3,fe034faa998d465bb8ab47200d9aae1a
live_ep_000016_RETRY_STORM,RETRY_STORM,auth-service,12.0,1785925432.2870462,b755b03811284fd5b5cdf5bc84f1ff1d,f76247d5633b43abb1ef98b42ba20c28,db.transaction,READ,26.81,OK,user-db,v1.2.3,fe034faa998d465bb8ab47200d9aae1a
live_ep_000016_RETRY_STORM,RETRY_STORM,auth-service,12.0,1785925432.2870462,34a6ff6707214f27857d64ec6f7c468d,f76247d5633b43abb1ef98b42ba20c28,cache.delete,,2.19,OK,cache-cluster,v1.2.3,fe034faa998d465bb8ab47200d9aae1a
live_ep_000016_RETRY_STORM,RETRY_STORM,auth-service,12.5,1785925432.787256,e215f1591fb44786883a92cd672943dd,,GET /api/auth,,245.21,OK,auth-service,v1.2.3,70a012ebd47543498ce1f94028c732b2
live_ep_000016_RETRY_STORM,RETRY_STORM,auth-service,12.5,1785925432.787256,498fe52d897b4d8bb1958794f4d87b3c,e215f1591fb44786883a92cd672943dd,db.query.insert,READ,23.3,OK,user-db,v1.2.3,70a012ebd47543498ce1f94028c732b2
live_ep_000016_RETRY_STORM,RETRY_STORM,auth-service,12.5,1785925432.787256,494883b1948c4c0ab2021fad7d81c4a8,e215f1591fb44786883a92cd672943dd,cache.set,,0.75,OK,cache-cluster,v1.2.3,70a012ebd47543498ce1f94028c732b2
live_ep_000016_RETRY_STORM,RETRY_STORM,auth-service,13.0,1785925433.2875826,2868622bc8924a7eaa33eb0e0638eb13,,PUT /api/inventory,,225.96,OK,auth-service,v1.2.3,220250dfc65745adbcb183f65c7589df
live_ep_000016_RETRY_STORM,RETRY_STORM,auth-service,13.0,1785925433.2875826,8b93f4b146724d9c9c7f85629e9f0c2e,2868622bc8924a7eaa33eb0e0638eb13,db.transaction,READ,34.14,OK,user-db,v1.2.3,220250dfc65745adbcb183f65c7589df
live_ep_000016_RETRY_STORM,RETRY_STORM,auth-service,13.0,1785925433.2875826,889d2cdabf0c4bfdbeecf49c7877b72a,2868622bc8924a7eaa33eb0e0638eb13,cache.set,,3.12,OK,cache-cluster,v1.2.3,220250dfc65745adbcb183f65c7589df
live_ep_000016_RETRY_STORM,RETRY_STORM,auth-service,13.0,1785925433.2875826,2d6ad8a5813b491ab8eb5eef8e39151a,2868622bc8924a7eaa33eb0e0638eb13,http.client.get,,42.38,ERROR,user-db,v1.2.3,220250dfc65745adbcb183f65c7589df
live_ep_000016_RETRY_STORM,RETRY_STORM,auth-service,13.5,1785925433.7877162,c86d4331b08d47b68f6bb936947c3783,,GET /api/health,,215.69,OK,auth-service,v1.2.3,297e674dd90b43038ae0a6b0c8eef802
live_ep_000016_RETRY_STORM,RETRY_STORM,auth-service,13.5,1785925433.7877162,c4dd25b86a914333aa834978c5acf468,c86d4331b08d47b68f6bb936947c3783,db.query.select,READ,40.82,OK,user-db,v1.2.3,297e674dd90b43038ae0a6b0c8eef802
live_ep_000016_RETRY_STORM,RETRY_STORM,auth-service,13.5,1785925433.7877162,5e082e85b47c41ddb9e7819e8f0091b5,c86d4331b08d47b68f6bb936947c3783,db.query.insert,READ,40.57,OK,user-db,v1.2.3,297e674dd90b43038ae0a6b0c8eef802
live_ep_000016_RETRY_STORM,RETRY_STORM,auth-service,13.5,1785925433.7877162,246d5776a8a94f89a5ed62660879beef,c86d4331b08d47b68f6bb936947c3783,cache.delete,,3.34,OK,cache-cluster,v1.2.3,297e674dd90b43038ae0a6b0c8eef802
live_ep_000016_RETRY_STORM,RETRY_STORM,auth-service,13.5,1785925433.7877162,3d238b840c2e4f55a74d7b509d2f3c4e,c86d4331b08d47b68f6bb936947c3783,http.client.get,,33.85,OK,cache-cluster,v1.2.3,297e674dd90b43038ae0a6b0c8eef802
live_ep_000016_RETRY_STORM,RETRY_STORM,auth-service,14.0,1785925434.287797,89ea6c7471764925b6310499c493e285,,POST /api/payment,,267.09,OK,auth-service,v1.2.3,26f06dbfa6e64904b1e5c2a3747c9e1c
live_ep_000016_RETRY_STORM,RETRY_STORM,auth-service,14.0,1785925434.287797,3c808c982db046fab47573bf5aed2cf8,89ea6c7471764925b6310499c493e285,db.query.update,READ,40.69,OK,user-db,v1.2.3,26f06dbfa6e64904b1e5c2a3747c9e1c
live_ep_000016_RETRY_STORM,RETRY_STORM,auth-service,14.0,1785925434.287797,f33d985fda744883b9ead16f31b9fad8,89ea6c7471764925b6310499c493e285,cache.get,,1.26,OK,cache-cluster,v1.2.3,26f06dbfa6e64904b1e5c2a3747c9e1c
live_ep_000016_RETRY_STORM,RETRY_STORM,auth-service,14.0,1785925434.287797,3e3adfc06a8a4aaab6dbe62b906ac3bf,89ea6c7471764925b6310499c493e285,http.client.post,,10.65,ERROR,cache-cluster,v1.2.3,26f06dbfa6e64904b1e5c2a3747c9e1c
live_ep_000016_RETRY_STORM,RETRY_STORM,auth-service,14.5,1785925434.7882943,278ef30cc908417e9e11559d12925bcc,,GET /api/order,,153.11,OK,auth-service,v1.2.3,042d800713b9479581260ec128c5ffc4
live_ep_000016_RETRY_STORM,RETRY_STORM,auth-service,14.5,1785925434.7882943,215ed9bdb1ec47c3944a6f5ff49c505b,278ef30cc908417e9e11559d12925bcc,db.query.delete,READ,41.57,OK,user-db,v1.2.3,042d800713b9479581260ec128c5ffc4
live_ep_000016_RETRY_STORM,RETRY_STORM,auth-service,14.5,1785925434.7882943,8724c038f1684616ad7c14d259180a23,278ef30cc908417e9e11559d12925bcc,db.query.insert,READ,31.54,OK,user-db,v1.2.3,042d800713b9479581260ec128c5ffc4
live_ep_000016_RETRY_STORM,RETRY_STORM,auth-service,14.5,1785925434.7882943,dec43889c1d34a8d9c454477bd1747e3,278ef30cc908417e9e11559d12925bcc,cache.delete,,2.95,OK,cache-cluster,v1.2.3,042d800713b9479581260ec128c5ffc4
live_ep_000016_RETRY_STORM,RETRY_STORM,auth-service,15.0,1785925435.2884173,71639da4f90540db9e4de29e88d4c2de,,PUT /api/inventory,,214.06,OK,auth-service,v1.2.3,be7c532704174fca878a9ed51002ec22
live_ep_000016_RETRY_STORM,RETRY_STORM,auth-service,15.0,1785925435.2884173,9a8918220e48468f9a2fc1a486d1d051,71639da4f90540db9e4de29e88d4c2de,db.query.insert,READ,45.26,OK,user-db,v1.2.3,be7c532704174fca878a9ed51002ec22
live_ep_000016_RETRY_STORM,RETRY_STORM,auth-service,15.0,1785925435.2884173,84018a31a7fe4ed99c99966711a15f05,71639da4f90540db9e4de29e88d4c2de,cache.get,,1.95,OK,cache-cluster,v1.2.3,be7c532704174fca878a9ed51002ec22
live_ep_000016_RETRY_STORM,RETRY_STORM,auth-service,15.5,1785925435.7887459,a12470a0d26f4312a48d17905fa27461,,PUT /api/inventory,,256.42,OK,auth-service,v1.2.3,f4560f35e95d47ceaf7be9c8b121f51e
live_ep_000016_RETRY_STORM,RETRY_STORM,auth-service,15.5,1785925435.7887459,c81f7dec688d424db83dc39ac541040f,a12470a0d26f4312a48d17905fa27461,db.query.update,WRITE,44.54,OK,user-db,v1.2.3,f4560f35e95d47ceaf7be9c8b121f51e
live_ep_000016_RETRY_STORM,RETRY_STORM,auth-service,15.5,1785925435.7887459,0662756faafc465a82f0467120a10d54,a12470a0d26f4312a48d17905fa27461,db.query.select,READ,41.51,OK,user-db,v1.2.3,f4560f35e95d47ceaf7be9c8b121f51e
live_ep_000016_RETRY_STORM,RETRY_STORM,auth-service,15.5,1785925435.7887459,308d863c2a2b43ca8e538063cbd6c27b,a12470a0d26f4312a48d17905fa27461,cache.get,,2.37,OK,cache-cluster,v1.2.3,f4560f35e95d47ceaf7be9c8b121f51e
live_ep_000016_RETRY_STORM,RETRY_STORM,auth-service,15.5,1785925435.7887459,dcb0753180134eccb0b36c0aff486c45,a12470a0d26f4312a48d17905fa27461,grpc.call,,34.91,ERROR,inventory-api,v1.2.3,f4560f35e95d47ceaf7be9c8b121f51e
live_ep_000016_RETRY_STORM,RETRY_STORM,auth-service,16.0,1785925436.2888975,454902caacf44ab18b413a27efe99d08,,POST /api/payment,,297.28,OK,auth-service,v1.2.3,ce1343a65f6d492e8f39d7020e847830
live_ep_000016_RETRY_STORM,RETRY_STORM,auth-service,16.0,1785925436.2888975,aa9ef5bb9e9e4eb19eba91e457da3d86,454902caacf44ab18b413a27efe99d08,db.query.delete,READ,40.57,OK,user-db,v1.2.3,ce1343a65f6d492e8f39d7020e847830
live_ep_000016_RETRY_STORM,RETRY_STORM,auth-service,16.0,1785925436.2888975,77b33aa31d1541e7ab9a800964278d7b,454902caacf44ab18b413a27efe99d08,cache.get,,2.12,OK,cache-cluster,v1.2.3,ce1343a65f6d492e8f39d7020e847830
live_ep_000016_RETRY_STORM,RETRY_STORM,auth-service,16.0,1785925436.2888975,f7e0b39763b24dc983c6156990eb466f,454902caacf44ab18b413a27efe99d08,grpc.call,,24.5,OK,user-db,v1.2.3,ce1343a65f6d492e8f39d7020e847830
live_ep_000016_RETRY_STORM,RETRY_STORM,auth-service,16.5,1785925436.7893527,f4761fe93ee64c939ed8b53eb767cc99,,GET /api/health,,141.54,ERROR,auth-service,v1.2.3,546e17ebb72148f29fdc9e1d3dd54e2a
live_ep_000016_RETRY_STORM,RETRY_STORM,auth-service,16.5,1785925436.7893527,868682c897c541838268c534bb61c527,f4761fe93ee64c939ed8b53eb767cc99,db.query.select,WRITE,40.35,OK,user-db,v1.2.3,546e17ebb72148f29fdc9e1d3dd54e2a
live_ep_000016_RETRY_STORM,RETRY_STORM,auth-service,16.5,1785925436.7893527,3999712975d841d1be15d001bd92acf8,f4761fe93ee64c939ed8b53eb767cc99,db.query.insert,READ,33.1,OK,user-db,v1.2.3,546e17ebb72148f29fdc9e1d3dd54e2a
live_ep_000016_RETRY_STORM,RETRY_STORM,auth-service,16.5,1785925436.7893527,113b33b9f27340619e84aefae9a0ec30,f4761fe93ee64c939ed8b53eb767cc99,grpc.call,,43.04,OK,cache-cluster,v1.2.3,546e17ebb72148f29fdc9e1d3dd54e2a
live_ep_000016_RETRY_STORM,RETRY_STORM,auth-service,17.0,1785925437.2894533,fa39450a43624e789932d7e648717978,,PUT /api/inventory,,107.47,OK,auth-service,v1.2.3,ddbc3d111dbd48e3ba07aec01956f4c3
live_ep_000016_RETRY_STORM,RETRY_STORM,auth-service,17.0,1785925437.2894533,ff9c5ca164f64672978adf18cfb9f3c6,fa39450a43624e789932d7e648717978,db.query.delete,READ,28.14,OK,user-db,v1.2.3,ddbc3d111dbd48e3ba07aec01956f4c3
live_ep_000016_RETRY_STORM,RETRY_STORM,auth-service,17.0,1785925437.2894533,876981b53f8a48bfb433ce023377b827,fa39450a43624e789932d7e648717978,db.transaction,READ,20.71,OK,user-db,v1.2.3,ddbc3d111dbd48e3ba07aec01956f4c3
live_ep_000016_RETRY_STORM,RETRY_STORM,auth-service,17.0,1785925437.2894533,0643b8b0110348adab1e6ce0d607ca2b,fa39450a43624e789932d7e648717978,cache.delete,,4.06,OK,cache-cluster,v1.2.3,ddbc3d111dbd48e3ba07aec01956f4c3
live_ep_000016_RETRY_STORM,RETRY_STORM,auth-service,17.5,1785925437.7900174,4e25d5af11de49fc86f141714d83a2b2,,GET /api/order,,248.83,OK,auth-service,v1.2.3,3f7df6721cb84a0494ebcd274a0bb7a8
live_ep_000016_RETRY_STORM,RETRY_STORM,auth-service,17.5,1785925437.7900174,1b52f1c43844499ea99d27dedd562141,4e25d5af11de49fc86f141714d83a2b2,db.query.update,WRITE,29.93,OK,user-db,v1.2.3,3f7df6721cb84a0494ebcd274a0bb7a8
live_ep_000016_RETRY_STORM,RETRY_STORM,auth-service,17.5,1785925437.7900174,2792400b9b0243d3a4d30236ecdf2561,4e25d5af11de49fc86f141714d83a2b2,cache.get,,1.14,OK,cache-cluster,v1.2.3,3f7df6721cb84a0494ebcd274a0bb7a8
live_ep_000016_RETRY_STORM,RETRY_STORM,auth-service,18.0,1785925438.2903278,9fa92a87f96846229ae905cbccce0a83,,POST /api/checkout,,248.4,OK,auth-service,v1.2.3,a6bc3a1e0ed845d9ba8b7221522d29a9
live_ep_000016_RETRY_STORM,RETRY_STORM,auth-service,18.0,1785925438.2903278,e6bb721330b1459bb8a66d8467eed528,9fa92a87f96846229ae905cbccce0a83,db.query.delete,READ,21.39,OK,user-db,v1.2.3,a6bc3a1e0ed845d9ba8b7221522d29a9
live_ep_000016_RETRY_STORM,RETRY_STORM,auth-service,18.0,1785925438.2903278,2176b20836a24ac8be21f4c223d881ad,9fa92a87f96846229ae905cbccce0a83,db.query.delete,READ,28.14,OK,user-db,v1.2.3,a6bc3a1e0ed845d9ba8b7221522d29a9
live_ep_000016_RETRY_STORM,RETRY_STORM,auth-service,18.0,1785925438.2903278,464f74bc70594936817b67308e4f8740,9fa92a87f96846229ae905cbccce0a83,grpc.call,,36.38,OK,user-db,v1.2.3,a6bc3a1e0ed845d9ba8b7221522d29a9
live_ep_000016_RETRY_STORM,RETRY_STORM,auth-service,18.5,1785925438.7906363,d1b60eec734e4de99572200c27ec23c2,,GET /api/auth,,179.42,ERROR,auth-service,v1.2.3,d63cb0ab3daa43068431ffdf714e08a3
live_ep_000016_RETRY_STORM,RETRY_STORM,auth-service,18.5,1785925438.7906363,a14f656b7ff44ae5895a1d680c9852a2,d1b60eec734e4de99572200c27ec23c2,db.query.delete,READ,13.63,OK,user-db,v1.2.3,d63cb0ab3daa43068431ffdf714e08a3
live_ep_000016_RETRY_STORM,RETRY_STORM,auth-service,18.5,1785925438.7906363,a59ea95b9f3547d6a3853a6410327f97,d1b60eec734e4de99572200c27ec23c2,cache.delete,,2.48,OK,cache-cluster,v1.2.3,d63cb0ab3daa43068431ffdf714e08a3
live_ep_000016_RETRY_STORM,RETRY_STORM,auth-service,18.5,1785925438.7906363,384cdaedfd0949bba2f193d63029afa2,d1b60eec734e4de99572200c27ec23c2,http.client.get,,40.8,OK,inventory-api,v1.2.3,d63cb0ab3daa43068431ffdf714e08a3
live_ep_000016_RETRY_STORM,RETRY_STORM,auth-service,19.0,1785925439.2910516,42b740106132409abaf35a40ab5a4021,,POST /api/payment,,210.85,OK,auth-service,v1.2.3,685f328619f149d2954f12c9d677c61a
live_ep_000016_RETRY_STORM,RETRY_STORM,auth-service,19.0,1785925439.2910516,6e42c5b17bdd46efb044ce1a8d8dbb58,42b740106132409abaf35a40ab5a4021,db.query.delete,READ,30.24,OK,user-db,v1.2.3,685f328619f149d2954f12c9d677c61a
live_ep_000016_RETRY_STORM,RETRY_STORM,auth-service,19.0,1785925439.2910516,61336e0d6803432280a8c5ccdfb77e0d,42b740106132409abaf35a40ab5a4021,cache.delete,,59.68,OK,cache-cluster,v1.2.3,685f328619f149d2954f12c9d677c61a
live_ep_000016_RETRY_STORM,RETRY_STORM,auth-service,19.0,1785925439.2910516,a46adb8dc8c245128f03c1297a1bf4d3,42b740106132409abaf35a40ab5a4021,http.client.post,,52.37,OK,inventory-api,v1.2.3,685f328619f149d2954f12c9d677c61a
live_ep_000016_RETRY_STORM,RETRY_STORM,auth-service,19.5,1785925439.7914047,9d50b1aaaa6e4eb3a858d6769634e3cb,,POST /api/checkout,,262.53,OK,auth-service,v1.2.3,3af7778dc35c4528a07ffcf4492cc1c2
live_ep_000016_RETRY_STORM,RETRY_STORM,auth-service,19.5,1785925439.7914047,8869203e0c23449aae59db1fc2bfb108,9d50b1aaaa6e4eb3a858d6769634e3cb,db.query.insert,READ,38.78,OK,user-db,v1.2.3,3af7778dc35c4528a07ffcf4492cc1c2
live_ep_000016_RETRY_STORM,RETRY_STORM,auth-service,19.5,1785925439.7914047,37eda11d214d46ab9b7e7e105ff8a972,9d50b1aaaa6e4eb3a858d6769634e3cb,db.query.insert,WRITE,67.59,OK,user-db,v1.2.3,3af7778dc35c4528a07ffcf4492cc1c2
live_ep_000016_RETRY_STORM,RETRY_STORM,auth-service,19.5,1785925439.7914047,048a86999e4749c2b911667fe1a60f3c,9d50b1aaaa6e4eb3a858d6769634e3cb,http.client.get,,21.54,OK,cache-cluster,v1.2.3,3af7778dc35c4528a07ffcf4492cc1c2
live_ep_000016_RETRY_STORM,RETRY_STORM,auth-service,20.0,1785925440.2921765,36ca3e3ba3564ee69f431451d597438a,,PUT /api/inventory,,213.99,ERROR,auth-service,v1.2.3,b5ef908c387941ff9bab40751eacdd8b
live_ep_000016_RETRY_STORM,RETRY_STORM,auth-service,20.0,1785925440.2921765,eda5e0ad8cdf472b962eea75a4bc7193,36ca3e3ba3564ee69f431451d597438a,db.query.select,READ,67.28,OK,user-db,v1.2.3,b5ef908c387941ff9bab40751eacdd8b
live_ep_000016_RETRY_STORM,RETRY_STORM,auth-service,20.0,1785925440.2921765,d9aed456ee98447496b3a7d18dda7c71,36ca3e3ba3564ee69f431451d597438a,db.query.select,READ,66.16,ERROR,user-db,v1.2.3,b5ef908c387941ff9bab40751eacdd8b
live_ep_000016_RETRY_STORM,RETRY_STORM,auth-service,20.0,1785925440.2921765,c62a531e1fdd4e34a5a8ef50641a6ef4,36ca3e3ba3564ee69f431451d597438a,cache.delete,,0.84,OK,cache-cluster,v1.2.3,b5ef908c387941ff9bab40751eacdd8b
live_ep_000016_RETRY_STORM,RETRY_STORM,auth-service,20.0,1785925440.2921765,ead77b953c7e44acacbe79e1b0657765,36ca3e3ba3564ee69f431451d597438a,http.client.post,,28.36,OK,inventory-api,v1.2.3,b5ef908c387941ff9bab40751eacdd8b
live_ep_000016_RETRY_STORM,RETRY_STORM,auth-service,20.5,1785925440.792776,a6552d2c2da6443583b92c114ae5f5aa,,POST /api/payment,,175.3,OK,auth-service,v1.2.3,cdc1ef08935544e6b449e0576f2280d6
live_ep_000016_RETRY_STORM,RETRY_STORM,auth-service,20.5,1785925440.792776,244a3b05cf5c435cbc6a1ee37399bf88,a6552d2c2da6443583b92c114ae5f5aa,db.transaction,READ,21.14,OK,user-db,v1.2.3,cdc1ef08935544e6b449e0576f2280d6
live_ep_000016_RETRY_STORM,RETRY_STORM,auth-service,20.5,1785925440.792776,7322a7c0d1f649e0b7f1056845bfb4cc,a6552d2c2da6443583b92c114ae5f5aa,db.transaction,READ,27.38,OK,user-db,v1.2.3,cdc1ef08935544e6b449e0576f2280d6
live_ep_000016_RETRY_STORM,RETRY_STORM,auth-service,20.5,1785925440.792776,32eb0157d02e416a922699cacc5e39ce,a6552d2c2da6443583b92c114ae5f5aa,cache.set,,2.44,OK,cache-cluster,v1.2.3,cdc1ef08935544e6b449e0576f2280d6
live_ep_000016_RETRY_STORM,RETRY_STORM,auth-service,20.5,1785925440.792776,d28f625553d7433aa67e4cc9c03d02d0,a6552d2c2da6443583b92c114ae5f5aa,grpc.call,,15.0,OK,user-db,v1.2.3,cdc1ef08935544e6b449e0576f2280d6
live_ep_000016_RETRY_STORM,RETRY_STORM,auth-service,21.0,1785925441.2929454,dfba8f6e78c94e5884d21007ae8b7c49,,GET /api/auth,,219.23,OK,auth-service,v1.2.3,ec3e17cee4da4821a608f19df14b3595
live_ep_000016_RETRY_STORM,RETRY_STORM,auth-service,21.0,1785925441.2929454,471509a4e0c54587833fd187ef3db966,dfba8f6e78c94e5884d21007ae8b7c49,db.query.delete,READ,42.9,OK,user-db,v1.2.3,ec3e17cee4da4821a608f19df14b3595
live_ep_000016_RETRY_STORM,RETRY_STORM,auth-service,21.0,1785925441.2929454,6eee089438cd473483edd45aa0ecd1f4,dfba8f6e78c94e5884d21007ae8b7c49,db.query.select,READ,26.14,OK,user-db,v1.2.3,ec3e17cee4da4821a608f19df14b3595
live_ep_000016_RETRY_STORM,RETRY_STORM,auth-service,21.5,1785925441.7945483,e78d887ddf584fbbb29b7bc2dfcd54fb,,GET /api/order,,277.74,OK,auth-service,v1.2.3,411e20b393884089b16e49175d8c692a
live_ep_000016_RETRY_STORM,RETRY_STORM,auth-service,21.5,1785925441.7945483,4e5c074e8f264f548ea66a92121aff34,e78d887ddf584fbbb29b7bc2dfcd54fb,db.query.update,READ,24.56,OK,user-db,v1.2.3,411e20b393884089b16e49175d8c692a
live_ep_000016_RETRY_STORM,RETRY_STORM,auth-service,21.5,1785925441.7945483,e688e11af0ed4e33910b01414db1cf29,e78d887ddf584fbbb29b7bc2dfcd54fb,cache.delete,,1.56,OK,cache-cluster,v1.2.3,411e20b393884089b16e49175d8c692a
live_ep_000016_RETRY_STORM,RETRY_STORM,auth-service,22.0,1785925442.2948136,9133c481849242609e9472e65f788278,,GET /api/auth,,279.16,OK,auth-service,v1.2.3,15528491465e4a098f01fb37034ed0bc
live_ep_000016_RETRY_STORM,RETRY_STORM,auth-service,22.0,1785925442.2948136,bb85622919a84542bae41477d9fde739,9133c481849242609e9472e65f788278,db.query.update,READ,13.95,OK,user-db,v1.2.3,15528491465e4a098f01fb37034ed0bc
live_ep_000016_RETRY_STORM,RETRY_STORM,auth-service,22.0,1785925442.2948136,2e27ef1f72cc46cc96787b6a1f0cb6bd,9133c481849242609e9472e65f788278,http.client.post,,35.45,OK,user-db,v1.2.3,15528491465e4a098f01fb37034ed0bc
live_ep_000016_RETRY_STORM,RETRY_STORM,auth-service,22.5,1785925442.7951937,bf2562db15534e488f806f2ab34d0d78,,POST /api/payment,,145.13,OK,auth-service,v1.2.3,471a7916f90348e2b8cfe4873bd1b269
live_ep_000016_RETRY_STORM,RETRY_STORM,auth-service,22.5,1785925442.7951937,dfe7aeb07be04b3887468f71bced082c,bf2562db15534e488f806f2ab34d0d78,db.query.select,READ,38.07,OK,user-db,v1.2.3,471a7916f90348e2b8cfe4873bd1b269
live_ep_000016_RETRY_STORM,RETRY_STORM,auth-service,22.5,1785925442.7951937,1c99a38d3b7943088ce2eae5c86e2fa6,bf2562db15534e488f806f2ab34d0d78,db.query.update,READ,33.9,OK,user-db,v1.2.3,471a7916f90348e2b8cfe4873bd1b269
live_ep_000016_RETRY_STORM,RETRY_STORM,auth-service,22.5,1785925442.7951937,a143e2d8dd764dd0aa142922d3bb4645,bf2562db15534e488f806f2ab34d0d78,cache.get,,2.09,OK,cache-cluster,v1.2.3,471a7916f90348e2b8cfe4873bd1b269
live_ep_000016_RETRY_STORM,RETRY_STORM,auth-service,22.5,1785925442.7951937,224746b33d51465a8c26c9951582e481,bf2562db15534e488f806f2ab34d0d78,grpc.call,,29.47,OK,cache-cluster,v1.2.3,471a7916f90348e2b8cfe4873bd1b269
live_ep_000016_RETRY_STORM,RETRY_STORM,auth-service,23.0,1785925443.2954755,710af56b4a6d4c3ea347f7f736ce5a03,,POST /api/payment,,176.17,OK,auth-service,v1.2.3,5f6078f8472b4aa78a450b2d3a27239f
live_ep_000016_RETRY_STORM,RETRY_STORM,auth-service,23.0,1785925443.2954755,977eb54770264db5a7e7b7d0efe40dd4,710af56b4a6d4c3ea347f7f736ce5a03,db.query.select,WRITE,30.93,OK,user-db,v1.2.3,5f6078f8472b4aa78a450b2d3a27239f
live_ep_000016_RETRY_STORM,RETRY_STORM,auth-service,23.0,1785925443.2954755,1076134bbfcf448ebd978b82117c1699,710af56b4a6d4c3ea347f7f736ce5a03,db.query.update,READ,32.0,OK,user-db,v1.2.3,5f6078f8472b4aa78a450b2d3a27239f
live_ep_000016_RETRY_STORM,RETRY_STORM,auth-service,23.0,1785925443.2954755,ac7a18ca503c4b4481f82aab8f90e91c,710af56b4a6d4c3ea347f7f736ce5a03,cache.get,,3.56,OK,cache-cluster,v1.2.3,5f6078f8472b4aa78a450b2d3a27239f
live_ep_000016_RETRY_STORM,RETRY_STORM,auth-service,23.5,1785925443.7956913,e540372e06894f99b0ed76b500d8e997,,POST /api/payment,,185.16,OK,auth-service,v1.2.3,71ce9a1ffcdd431e81c1a136fb294155
live_ep_000016_RETRY_STORM,RETRY_STORM,auth-service,23.5,1785925443.7956913,3312b27fe9f644c687355e0cf25a157f,e540372e06894f99b0ed76b500d8e997,db.query.insert,READ,42.15,OK,user-db,v1.2.3,71ce9a1ffcdd431e81c1a136fb294155
live_ep_000016_RETRY_STORM,RETRY_STORM,auth-service,24.0,1785925444.2959142,44a9cc7d5a5a4dbd8cbf12d52640d2ff,,POST /api/checkout,,167.39,OK,auth-service,v1.2.3,e02e4b1f8cae41f691e2a43cd47f4d56
live_ep_000016_RETRY_STORM,RETRY_STORM,auth-service,24.0,1785925444.2959142,f1796278e0d14eb8952d34e75389fcdb,44a9cc7d5a5a4dbd8cbf12d52640d2ff,db.transaction,WRITE,41.58,OK,user-db,v1.2.3,e02e4b1f8cae41f691e2a43cd47f4d56
live_ep_000016_RETRY_STORM,RETRY_STORM,auth-service,24.0,1785925444.2959142,09ec4ea445cb4682a165c917566c94ab,44a9cc7d5a5a4dbd8cbf12d52640d2ff,db.query.select,READ,58.59,OK,user-db,v1.2.3,e02e4b1f8cae41f691e2a43cd47f4d56
live_ep_000016_RETRY_STORM,RETRY_STORM,auth-service,24.0,1785925444.2959142,053a51561d87420f8d216b34d0e4af8d,44a9cc7d5a5a4dbd8cbf12d52640d2ff,cache.set,,2.04,OK,cache-cluster,v1.2.3,e02e4b1f8cae41f691e2a43cd47f4d56
live_ep_000016_RETRY_STORM,RETRY_STORM,auth-service,24.5,1785925444.7960548,444ab59b4fbb41d094f35a8edc00ee7a,,GET /api/order,,287.59,OK,auth-service,v1.2.3,91fcd39aede14ffba861d969d76e5eb2
live_ep_000016_RETRY_STORM,RETRY_STORM,auth-service,24.5,1785925444.7960548,67a307a47e324c338a3b5f490d6b2895,444ab59b4fbb41d094f35a8edc00ee7a,db.query.select,READ,43.62,OK,user-db,v1.2.3,91fcd39aede14ffba861d969d76e5eb2
live_ep_000016_RETRY_STORM,RETRY_STORM,auth-service,24.5,1785925444.7960548,70c28de9a2f34c9ba44086ff09d8918a,444ab59b4fbb41d094f35a8edc00ee7a,cache.set,,3.02,OK,cache-cluster,v1.2.3,91fcd39aede14ffba861d969d76e5eb2
live_ep_000016_RETRY_STORM,RETRY_STORM,auth-service,24.5,1785925444.7960548,1ae2093d2e5c4062adcfbe3753fbb010,444ab59b4fbb41d094f35a8edc00ee7a,grpc.call,,4791.68,ERROR,user-db,v1.2.3,91fcd39aede14ffba861d969d76e5eb2
live_ep_000016_RETRY_STORM,RETRY_STORM,auth-service,25.0,1785925445.2965565,822811ccca8b44b9959776298d4f6c2b,,GET /api/auth,,201.35,OK,auth-service,v1.2.3,de55aa0e8eb34fd3ac9e1561f7c7dc06
live_ep_000016_RETRY_STORM,RETRY_STORM,auth-service,25.0,1785925445.2965565,d1cbe9110d164c3ea92b7f82ec80f4d8,822811ccca8b44b9959776298d4f6c2b,db.transaction,WRITE,16.72,OK,user-db,v1.2.3,de55aa0e8eb34fd3ac9e1561f7c7dc06
live_ep_000016_RETRY_STORM,RETRY_STORM,auth-service,25.0,1785925445.2965565,703c3454b3ea4d5cbe5c0f5938b8dd26,822811ccca8b44b9959776298d4f6c2b,db.query.delete,READ,22.6,OK,user-db,v1.2.3,de55aa0e8eb34fd3ac9e1561f7c7dc06
live_ep_000016_RETRY_STORM,RETRY_STORM,auth-service,25.0,1785925445.2965565,6c1bb9b4c3944405b80addb36a0d7567,822811ccca8b44b9959776298d4f6c2b,cache.delete,,1.92,OK,cache-cluster,v1.2.3,de55aa0e8eb34fd3ac9e1561f7c7dc06
live_ep_000016_RETRY_STORM,RETRY_STORM,auth-service,25.5,1785925445.7970877,1d5a59e78e624fa58aa55f39cbda5d38,,GET /api/health,,199.41,OK,auth-service,v1.2.3,697c55935ed6475a94656b6e9c924059
live_ep_000016_RETRY_STORM,RETRY_STORM,auth-service,25.5,1785925445.7970877,06fa6d8dc8a44776838c2f7310bf1940,1d5a59e78e624fa58aa55f39cbda5d38,db.query.insert,READ,43.44,OK,user-db,v1.2.3,697c55935ed6475a94656b6e9c924059
live_ep_000016_RETRY_STORM,RETRY_STORM,auth-service,25.5,1785925445.7970877,cee665b31e3f42a29e99b55207696cc1,1d5a59e78e624fa58aa55f39cbda5d38,db.transaction,READ,44.26,OK,user-db,v1.2.3,697c55935ed6475a94656b6e9c924059
live_ep_000016_RETRY_STORM,RETRY_STORM,auth-service,25.5,1785925445.7970877,0fb9e5fcc2b8482a9f95fc9e95baeecb,1d5a59e78e624fa58aa55f39cbda5d38,http.client.post,,21.83,OK,user-db,v1.2.3,697c55935ed6475a94656b6e9c924059
live_ep_000016_RETRY_STORM,RETRY_STORM,auth-service,26.0,1785925446.2974308,d248f031e2eb4cb282fffc3b688c0646,,GET /api/order,,174.2,OK,auth-service,v1.2.3,d59d67fec421453998c725c452c02088
live_ep_000016_RETRY_STORM,RETRY_STORM,auth-service,26.0,1785925446.2974308,88f2fc57235746409d5ba76b792dfa0a,d248f031e2eb4cb282fffc3b688c0646,db.query.update,READ,46.57,OK,user-db,v1.2.3,d59d67fec421453998c725c452c02088
live_ep_000016_RETRY_STORM,RETRY_STORM,auth-service,26.0,1785925446.2974308,441d0cf2663f4d19abf9cdf9bb7501c9,d248f031e2eb4cb282fffc3b688c0646,cache.get,,1.61,OK,cache-cluster,v1.2.3,d59d67fec421453998c725c452c02088
live_ep_000016_RETRY_STORM,RETRY_STORM,auth-service,26.0,1785925446.2974308,b97a4d658a304cf1ba3dfc4c9097dd4b,d248f031e2eb4cb282fffc3b688c0646,grpc.call,,17.52,OK,inventory-api,v1.2.3,d59d67fec421453998c725c452c02088
live_ep_000016_RETRY_STORM,RETRY_STORM,auth-service,26.5,1785925446.797962,62105b85fde34a34bd249a966f8884fa,,PUT /api/inventory,,147.95,ERROR,auth-service,v1.2.3,71231d66a8494a39ab21c3ca299fc233
live_ep_000016_RETRY_STORM,RETRY_STORM,auth-service,26.5,1785925446.797962,087de2a1054246aca3cbdc8b549c3f88,62105b85fde34a34bd249a966f8884fa,db.query.delete,WRITE,47.76,OK,user-db,v1.2.3,71231d66a8494a39ab21c3ca299fc233
live_ep_000016_RETRY_STORM,RETRY_STORM,auth-service,26.5,1785925446.797962,7b07735e5f48432aaaa94913c3d6e119,62105b85fde34a34bd249a966f8884fa,db.query.select,WRITE,58.46,OK,user-db,v1.2.3,71231d66a8494a39ab21c3ca299fc233
live_ep_000016_RETRY_STORM,RETRY_STORM,auth-service,26.5,1785925446.797962,7ec6c5df0e814a718b20bdd9173ca4e5,62105b85fde34a34bd249a966f8884fa,cache.set,,1.92,OK,cache-cluster,v1.2.3,71231d66a8494a39ab21c3ca299fc233
live_ep_000016_RETRY_STORM,RETRY_STORM,auth-service,27.0,1785925447.2985754,eebda68f17014fccb757aaff47e3a505,,POST /api/checkout,,232.52,OK,auth-service,v1.2.3,adc9d933e6c0493a9ebd88907142f186
live_ep_000016_RETRY_STORM,RETRY_STORM,auth-service,27.0,1785925447.2985754,d1cc507db9f54178984c8c28ff7c7497,eebda68f17014fccb757aaff47e3a505,db.transaction,READ,28.32,OK,user-db,v1.2.3,adc9d933e6c0493a9ebd88907142f186
live_ep_000016_RETRY_STORM,RETRY_STORM,auth-service,27.0,1785925447.2985754,93c2b8fb2389485fa18334ce553eb2c2,eebda68f17014fccb757aaff47e3a505,db.query.update,WRITE,34.94,OK,user-db,v1.2.3,adc9d933e6c0493a9ebd88907142f186
live_ep_000016_RETRY_STORM,RETRY_STORM,auth-service,27.5,1785925447.798851,0b31b716334b45c7a50391bdc2d453bc,,GET /api/order,,291.61,ERROR,auth-service,v1.2.3,0505fee776a94e3fa92745d390bc191a
live_ep_000016_RETRY_STORM,RETRY_STORM,auth-service,27.5,1785925447.798851,35aab747ffed4e93979742ea36c9f069,0b31b716334b45c7a50391bdc2d453bc,db.query.select,WRITE,31.55,OK,user-db,v1.2.3,0505fee776a94e3fa92745d390bc191a
live_ep_000016_RETRY_STORM,RETRY_STORM,auth-service,27.5,1785925447.798851,2278059125fc4b57b698a8172d43334e,0b31b716334b45c7a50391bdc2d453bc,db.query.update,READ,37.21,OK,user-db,v1.2.3,0505fee776a94e3fa92745d390bc191a
live_ep_000016_RETRY_STORM,RETRY_STORM,auth-service,27.5,1785925447.798851,74ca60023fee4e6a9883ee6f8b947a7a,0b31b716334b45c7a50391bdc2d453bc,cache.delete,,3.24,OK,cache-cluster,v1.2.3,0505fee776a94e3fa92745d390bc191a
live_ep_000016_RETRY_STORM,RETRY_STORM,auth-service,27.5,1785925447.798851,8dc61702109946399e77a82cea9f44f0,0b31b716334b45c7a50391bdc2d453bc,http.client.post,,40.94,OK,user-db,v1.2.3,0505fee776a94e3fa92745d390bc191a
live_ep_000016_RETRY_STORM,RETRY_STORM,auth-service,28.0,1785925448.2993598,5dbb21037e374dd288a86488b39365e8,,GET /api/order,,232.32,OK,auth-service,v1.2.3,a84b1c0e058d464ea95e901b72c704b1
live_ep_000016_RETRY_STORM,RETRY_STORM,auth-service,28.0,1785925448.2993598,c6c6e8e0c7404a0b811050cb7f1a8ac4,5dbb21037e374dd288a86488b39365e8,db.query.delete,READ,43.2,OK,user-db,v1.2.3,a84b1c0e058d464ea95e901b72c704b1
live_ep_000016_RETRY_STORM,RETRY_STORM,auth-service,28.0,1785925448.2993598,4e06098506f34a7084358dddbd07f59b,5dbb21037e374dd288a86488b39365e8,db.query.insert,WRITE,38.38,OK,user-db,v1.2.3,a84b1c0e058d464ea95e901b72c704b1
live_ep_000016_RETRY_STORM,RETRY_STORM,auth-service,28.0,1785925448.2993598,7bb77f707c324d2893c1512b6ebdfba7,5dbb21037e374dd288a86488b39365e8,cache.set,,0.75,OK,cache-cluster,v1.2.3,a84b1c0e058d464ea95e901b72c704b1
live_ep_000016_RETRY_STORM,RETRY_STORM,auth-service,28.0,1785925448.2993598,9d2402f6d28646c997c3ca92f3eded51,5dbb21037e374dd288a86488b39365e8,http.client.post,,28.12,OK,user-db,v1.2.3,a84b1c0e058d464ea95e901b72c704b1
live_ep_000016_RETRY_STORM,RETRY_STORM,auth-service,28.5,1785925448.7994916,44b1f0ff2c80460991d536412743853d,,GET /api/order,,196.08,OK,auth-service,v1.2.3,eef3e679f5924d748699f93a739aa205
live_ep_000016_RETRY_STORM,RETRY_STORM,auth-service,28.5,1785925448.7994916,e280b1ce294a4ada8342daab85132ec1,44b1f0ff2c80460991d536412743853d,db.transaction,READ,25.78,OK,user-db,v1.2.3,eef3e679f5924d748699f93a739aa205
live_ep_000016_RETRY_STORM,RETRY_STORM,auth-service,28.5,1785925448.7994916,269e558ce4584e37b7b51656dc2e72ee,44b1f0ff2c80460991d536412743853d,cache.get,,2.67,OK,cache-cluster,v1.2.3,eef3e679f5924d748699f93a739aa205
live_ep_000016_RETRY_STORM,RETRY_STORM,auth-service,29.0,1785925449.2996008,e30bf321f83f4b0f8c373e8992825576,,GET /api/auth,,119.36,OK,auth-service,v1.2.3,db34c42d79fe443d9e0987616405b781
live_ep_000016_RETRY_STORM,RETRY_STORM,auth-service,29.0,1785925449.2996008,5fb70e2d612943c881c31ddd40a31f80,e30bf321f83f4b0f8c373e8992825576,db.query.update,READ,30.28,OK,user-db,v1.2.3,db34c42d79fe443d9e0987616405b781
live_ep_000016_RETRY_STORM,RETRY_STORM,auth-service,29.0,1785925449.2996008,23b585d89c414bc7931cf98c801eeef4,e30bf321f83f4b0f8c373e8992825576,db.query.insert,WRITE,27.15,OK,user-db,v1.2.3,db34c42d79fe443d9e0987616405b781
live_ep_000016_RETRY_STORM,RETRY_STORM,auth-service,29.0,1785925449.2996008,de605ba5111a4ddb80c52454794426dc,e30bf321f83f4b0f8c373e8992825576,cache.delete,,0.9,OK,cache-cluster,v1.2.3,db34c42d79fe443d9e0987616405b781
live_ep_000016_RETRY_STORM,RETRY_STORM,auth-service,29.0,1785925449.2996008,c41787dac03e4d9bb6be3e7704798321,e30bf321f83f4b0f8c373e8992825576,http.client.post,,25.04,OK,cache-cluster,v1.2.3,db34c42d79fe443d9e0987616405b781
live_ep_000016_RETRY_STORM,RETRY_STORM,auth-service,29.5,1785925449.800124,80484519dfc445998521fe3671f6425a,,GET /api/order,,186.23,OK,auth-service,v1.2.3,ca49f947570f46bcb7c5ab4adcf13631
live_ep_000016_RETRY_STORM,RETRY_STORM,auth-service,29.5,1785925449.800124,06793716139b49559052edfb48d41e96,80484519dfc445998521fe3671f6425a,db.query.select,READ,23.11,OK,user-db,v1.2.3,ca49f947570f46bcb7c5ab4adcf13631
live_ep_000016_RETRY_STORM,RETRY_STORM,auth-service,29.5,1785925449.800124,eaf5faf8b516434b8bbbd0ee713cf783,80484519dfc445998521fe3671f6425a,cache.set,,1.87,OK,cache-cluster,v1.2.3,ca49f947570f46bcb7c5ab4adcf13631
live_ep_000016_RETRY_STORM,RETRY_STORM,auth-service,30.0,1785925450.3002973,597dfb4438df4ec3a9b57256bf624a66,,GET /api/order,,231.73,OK,auth-service,v1.2.3,cff25d2e4ff94f3f95938324b89af45e
live_ep_000016_RETRY_STORM,RETRY_STORM,auth-service,30.0,1785925450.3002973,9633d39b82fd486fb6e161fb689c5818,597dfb4438df4ec3a9b57256bf624a66,db.query.update,READ,29.69,OK,user-db,v1.2.3,cff25d2e4ff94f3f95938324b89af45e
live_ep_000016_RETRY_STORM,RETRY_STORM,auth-service,30.0,1785925450.3002973,9c0c51e58ae54da9a983d31507743043,597dfb4438df4ec3a9b57256bf624a66,cache.get,,3.03,OK,cache-cluster,v1.2.3,cff25d2e4ff94f3f95938324b89af45e
live_ep_000016_RETRY_STORM,RETRY_STORM,auth-service,30.5,1785925450.8004637,3616013a27a04401bf989371d726e5c8,,POST /api/payment,,203.17,OK,auth-service,v1.2.3,9e63c3422a4a470a9258b1328086a770
live_ep_000016_RETRY_STORM,RETRY_STORM,auth-service,30.5,1785925450.8004637,0effffa48f44409c91c049ee200d71fb,3616013a27a04401bf989371d726e5c8,db.transaction,WRITE,52.27,OK,user-db,v1.2.3,9e63c3422a4a470a9258b1328086a770
live_ep_000016_RETRY_STORM,RETRY_STORM,auth-service,30.5,1785925450.8004637,2a604be5852c4c6887f43618b8cad454,3616013a27a04401bf989371d726e5c8,db.query.insert,READ,29.93,OK,user-db,v1.2.3,9e63c3422a4a470a9258b1328086a770
live_ep_000016_RETRY_STORM,RETRY_STORM,auth-service,30.5,1785925450.8004637,aa57722434f7498988acfbfbca733353,3616013a27a04401bf989371d726e5c8,cache.set,,2.11,OK,cache-cluster,v1.2.3,9e63c3422a4a470a9258b1328086a770
live_ep_000016_RETRY_STORM,RETRY_STORM,auth-service,31.0,1785925451.3007693,0d68815c9b894ab38742fedbc0ea94d7,,POST /api/payment,,223.86,OK,auth-service,v1.2.3,5f4f4b4059604585ad1628c5a9f6c818
live_ep_000016_RETRY_STORM,RETRY_STORM,auth-service,31.0,1785925451.3007693,7cd9f1eff9984fe4a591d8ff91b32a29,0d68815c9b894ab38742fedbc0ea94d7,db.query.delete,READ,29.24,OK,user-db,v1.2.3,5f4f4b4059604585ad1628c5a9f6c818
live_ep_000016_RETRY_STORM,RETRY_STORM,auth-service,31.0,1785925451.3007693,6a0ab372d034443998c9cb905dbf2997,0d68815c9b894ab38742fedbc0ea94d7,db.query.delete,READ,31.15,OK,user-db,v1.2.3,5f4f4b4059604585ad1628c5a9f6c818
live_ep_000016_RETRY_STORM,RETRY_STORM,auth-service,31.5,1785925451.801067,7fc9620a765248c396b0321bd2c89f3a,,GET /api/order,,260.96,OK,auth-service,v1.2.3,648f982e430d4dffb18402720df542fd
live_ep_000016_RETRY_STORM,RETRY_STORM,auth-service,31.5,1785925451.801067,5f053e8a40664a6d8afef679d6dd4c33,7fc9620a765248c396b0321bd2c89f3a,db.query.update,WRITE,26.83,OK,user-db,v1.2.3,648f982e430d4dffb18402720df542fd
live_ep_000016_RETRY_STORM,RETRY_STORM,auth-service,31.5,1785925451.801067,e904bb383c194844acae721ee3ad9571,7fc9620a765248c396b0321bd2c89f3a,db.query.delete,READ,20.53,OK,user-db,v1.2.3,648f982e430d4dffb18402720df542fd
live_ep_000016_RETRY_STORM,RETRY_STORM,auth-service,31.5,1785925451.801067,1697ad1ebe1f49889d7e3c9eec5bfc63,7fc9620a765248c396b0321bd2c89f3a,cache.delete,,1.77,OK,cache-cluster,v1.2.3,648f982e430d4dffb18402720df542fd
live_ep_000016_RETRY_STORM,RETRY_STORM,auth-service,31.5,1785925451.801067,249090fc39884577a9da74d5f1ee363e,7fc9620a765248c396b0321bd2c89f3a,http.client.get,,34.87,OK,cache-cluster,v1.2.3,648f982e430d4dffb18402720df542fd
live_ep_000016_RETRY_STORM,RETRY_STORM,auth-service,32.0,1785925452.3014312,015f372b05c94414ba1abb455bc185ab,,PUT /api/inventory,,177.03,OK,auth-service,v1.2.3,720c1ed8f1414f3eac40e166ae4065b1
live_ep_000016_RETRY_STORM,RETRY_STORM,auth-service,32.0,1785925452.3014312,872bc2f2e6204ebeabba342456126b44,015f372b05c94414ba1abb455bc185ab,db.query.update,WRITE,33.25,OK,user-db,v1.2.3,720c1ed8f1414f3eac40e166ae4065b1
live_ep_000016_RETRY_STORM,RETRY_STORM,auth-service,32.5,1785925452.8022053,2e33564202a74e36addb7bc76a44decd,,POST /api/payment,,222.19,OK,auth-service,v1.2.3,10541ef4c6db4f7cb4a046d7d56e5c61
live_ep_000016_RETRY_STORM,RETRY_STORM,auth-service,32.5,1785925452.8022053,2eed0aa4f3ab4f21a670a6ebefff220d,2e33564202a74e36addb7bc76a44decd,db.query.insert,WRITE,41.19,OK,user-db,v1.2.3,10541ef4c6db4f7cb4a046d7d56e5c61
live_ep_000016_RETRY_STORM,RETRY_STORM,auth-service,32.5,1785925452.8022053,7f91b260831d4d1fae1325f407bc9ea6,2e33564202a74e36addb7bc76a44decd,cache.delete,,0.5,OK,cache-cluster,v1.2.3,10541ef4c6db4f7cb4a046d7d56e5c61
live_ep_000016_RETRY_STORM,RETRY_STORM,auth-service,32.5,1785925452.8022053,1a702485b6c142a28ff637ffe66525fb,2e33564202a74e36addb7bc76a44decd,http.client.post,,4702.87,ERROR,payment-gateway,v1.2.3,10541ef4c6db4f7cb4a046d7d56e5c61
live_ep_000016_RETRY_STORM,RETRY_STORM,auth-service,33.0,1785925453.302413,86a79fd2f1614a678677067bfcb89148,,PUT /api/inventory,,153.88,OK,auth-service,v1.2.3,51619a7ebfa642d291decf99aea59e30
live_ep_000016_RETRY_STORM,RETRY_STORM,auth-service,33.0,1785925453.302413,efd5dd3bcc1e4ce58b898315c1242dac,86a79fd2f1614a678677067bfcb89148,db.transaction,WRITE,44.59,OK,user-db,v1.2.3,51619a7ebfa642d291decf99aea59e30
live_ep_000016_RETRY_STORM,RETRY_STORM,auth-service,33.0,1785925453.302413,ebf1635afd2b400ca604f557016e75a0,86a79fd2f1614a678677067bfcb89148,cache.get,,1.31,OK,cache-cluster,v1.2.3,51619a7ebfa642d291decf99aea59e30
live_ep_000016_RETRY_STORM,RETRY_STORM,auth-service,33.5,1785925453.8026848,63506654e53d41f4a2fb346f98990947,,GET /api/order,,209.32,OK,auth-service,v1.2.3,a5008f90e6b24472b748e4a9045cbfcb
live_ep_000016_RETRY_STORM,RETRY_STORM,auth-service,33.5,1785925453.8026848,d36844e1f4a044569a77012eed23d5d0,63506654e53d41f4a2fb346f98990947,db.query.update,WRITE,42.37,OK,user-db,v1.2.3,a5008f90e6b24472b748e4a9045cbfcb
live_ep_000016_RETRY_STORM,RETRY_STORM,auth-service,33.5,1785925453.8026848,d502fdea95a84f949e00e8fb472168b6,63506654e53d41f4a2fb346f98990947,db.transaction,READ,18.15,OK,user-db,v1.2.3,a5008f90e6b24472b748e4a9045cbfcb
live_ep_000016_RETRY_STORM,RETRY_STORM,auth-service,34.0,1785925454.3032918,e7b4d46a79bc4916a05f79127916459a,,GET /api/health,,241.63,OK,auth-service,v1.2.3,379d720aaa114d979d851b45368c81d7
live_ep_000016_RETRY_STORM,RETRY_STORM,auth-service,34.0,1785925454.3032918,b60957cd2f194474989e593d70f3c0c4,e7b4d46a79bc4916a05f79127916459a,db.transaction,WRITE,39.75,OK,user-db,v1.2.3,379d720aaa114d979d851b45368c81d7
live_ep_000016_RETRY_STORM,RETRY_STORM,auth-service,34.0,1785925454.3032918,7fa109167b8841e2aac8210fc6cec087,e7b4d46a79bc4916a05f79127916459a,cache.set,,2.87,OK,cache-cluster,v1.2.3,379d720aaa114d979d851b45368c81d7
live_ep_000016_RETRY_STORM,RETRY_STORM,auth-service,34.5,1785925454.803472,a1c41866c4a648809d4c437fe8e56979,,PUT /api/inventory,,223.05,OK,auth-service,v1.2.3,b3fda95124ca4eb6a06cc9e5b86be547
live_ep_000016_RETRY_STORM,RETRY_STORM,auth-service,34.5,1785925454.803472,f5dce58a3f1240c180aa0918d92d2d0e,a1c41866c4a648809d4c437fe8e56979,db.query.delete,READ,38.53,OK,user-db,v1.2.3,b3fda95124ca4eb6a06cc9e5b86be547
live_ep_000016_RETRY_STORM,RETRY_STORM,auth-service,34.5,1785925454.803472,3a9f509523ff4fc28a4d370a802e9cdd,a1c41866c4a648809d4c437fe8e56979,db.query.select,WRITE,34.93,OK,user-db,v1.2.3,b3fda95124ca4eb6a06cc9e5b86be547
live_ep_000016_RETRY_STORM,RETRY_STORM,auth-service,34.5,1785925454.803472,71f9ba229b1b472981c39f259aa9e029,a1c41866c4a648809d4c437fe8e56979,http.client.get,,33.74,OK,inventory-api,v1.2.3,b3fda95124ca4eb6a06cc9e5b86be547
live_ep_000016_RETRY_STORM,RETRY_STORM,auth-service,35.0,1785925455.3036175,761f4d844d5348e4ace771578c3ef9c5,,GET /api/health,,230.02,OK,auth-service,v1.2.3,a9b9509c8f0b4f9f83aaa455f9a6118f
live_ep_000016_RETRY_STORM,RETRY_STORM,auth-service,35.0,1785925455.3036175,d08ae92af9d4443bb763856c4d688568,761f4d844d5348e4ace771578c3ef9c5,db.query.delete,WRITE,33.97,OK,user-db,v1.2.3,a9b9509c8f0b4f9f83aaa455f9a6118f
live_ep_000016_RETRY_STORM,RETRY_STORM,auth-service,35.0,1785925455.3036175,7bdf6b9cc021457590816c2f848883ef,761f4d844d5348e4ace771578c3ef9c5,cache.get,,1.02,OK,cache-cluster,v1.2.3,a9b9509c8f0b4f9f83aaa455f9a6118f
live_ep_000016_RETRY_STORM,RETRY_STORM,auth-service,35.5,1785925455.8038943,ddda002606e64a4b843dfe3015c244af,,PUT /api/inventory,,232.08,OK,auth-service,v1.2.3,9d2d63ee56cb4536b6428e4af2049c0f
live_ep_000016_RETRY_STORM,RETRY_STORM,auth-service,35.5,1785925455.8038943,5042b46d85c14046bbe93b172cebb1f8,ddda002606e64a4b843dfe3015c244af,db.query.insert,READ,29.47,OK,user-db,v1.2.3,9d2d63ee56cb4536b6428e4af2049c0f
live_ep_000016_RETRY_STORM,RETRY_STORM,auth-service,35.5,1785925455.8038943,f15ce07ec2b24a528bb3108b37ced904,ddda002606e64a4b843dfe3015c244af,cache.set,,1.35,OK,cache-cluster,v1.2.3,9d2d63ee56cb4536b6428e4af2049c0f
live_ep_000016_RETRY_STORM,RETRY_STORM,auth-service,36.0,1785925456.3044367,4df82f641ca9412fa53a229c3e7de4b5,,GET /api/auth,,200.2,ERROR,auth-service,v1.2.3,c95bdd94ea734ee4bf4baa36e9257cad
live_ep_000016_RETRY_STORM,RETRY_STORM,auth-service,36.0,1785925456.3044367,84dd3310b61447b2bdd4b1ce34086663,4df82f641ca9412fa53a229c3e7de4b5,db.query.insert,READ,41.96,OK,user-db,v1.2.3,c95bdd94ea734ee4bf4baa36e9257cad
live_ep_000016_RETRY_STORM,RETRY_STORM,auth-service,36.5,1785925456.8051753,0abd80035725496fb9b8524c1593bcb1,,POST /api/checkout,,249.48,OK,auth-service,v1.2.3,f6f4fc6bdf304f12a7c745146c8b3e8e
live_ep_000016_RETRY_STORM,RETRY_STORM,auth-service,36.5,1785925456.8051753,01905041177241c0855cc8d530b9c280,0abd80035725496fb9b8524c1593bcb1,db.query.update,READ,29.26,OK,user-db,v1.2.3,f6f4fc6bdf304f12a7c745146c8b3e8e
live_ep_000016_RETRY_STORM,RETRY_STORM,auth-service,36.5,1785925456.8051753,96b5baffce04450b8a2358582ddd3189,0abd80035725496fb9b8524c1593bcb1,cache.get,,1.82,OK,cache-cluster,v1.2.3,f6f4fc6bdf304f12a7c745146c8b3e8e
live_ep_000016_RETRY_STORM,RETRY_STORM,auth-service,36.5,1785925456.8051753,a2a98136ffb64d9aa125f1f2213b84f7,0abd80035725496fb9b8524c1593bcb1,http.client.get,,16.95,OK,inventory-api,v1.2.3,f6f4fc6bdf304f12a7c745146c8b3e8e
live_ep_000016_RETRY_STORM,RETRY_STORM,auth-service,37.0,1785925457.3057086,533b8fa0c1f54a31ad5d65bed21484a3,,PUT /api/inventory,,209.94,OK,auth-service,v1.2.3,551ce97844a34890a7fdf5517e9d9ea2
live_ep_000016_RETRY_STORM,RETRY_STORM,auth-service,37.0,1785925457.3057086,aab9bbecf8f446faba481a3588e80d62,533b8fa0c1f54a31ad5d65bed21484a3,db.query.insert,READ,37.55,OK,user-db,v1.2.3,551ce97844a34890a7fdf5517e9d9ea2
live_ep_000016_RETRY_STORM,RETRY_STORM,auth-service,37.0,1785925457.3057086,6d866d0dcd0445bbaa9b89be48d421b2,533b8fa0c1f54a31ad5d65bed21484a3,db.query.update,READ,69.06,OK,user-db,v1.2.3,551ce97844a34890a7fdf5517e9d9ea2
live_ep_000016_RETRY_STORM,RETRY_STORM,auth-service,37.5,1785925457.8062358,bcd22b0e932f43aeabd053375a5ab9ef,,GET /api/order,,289.56,OK,auth-service,v1.2.3,59b6f361460d414299b707921b123c3e
live_ep_000016_RETRY_STORM,RETRY_STORM,auth-service,37.5,1785925457.8062358,e809599dab9349fc915c382dc0f68940,bcd22b0e932f43aeabd053375a5ab9ef,db.transaction,READ,19.61,OK,user-db,v1.2.3,59b6f361460d414299b707921b123c3e
live_ep_000016_RETRY_STORM,RETRY_STORM,auth-service,37.5,1785925457.8062358,e2e72faa0f9d4ab8a162051462f5afdd,bcd22b0e932f43aeabd053375a5ab9ef,db.query.update,WRITE,30.09,OK,user-db,v1.2.3,59b6f361460d414299b707921b123c3e
live_ep_000016_RETRY_STORM,RETRY_STORM,auth-service,37.5,1785925457.8062358,7fc684904ee54dccb61ebc3b049bf810,bcd22b0e932f43aeabd053375a5ab9ef,cache.set,,0.82,OK,cache-cluster,v1.2.3,59b6f361460d414299b707921b123c3e
live_ep_000016_RETRY_STORM,RETRY_STORM,auth-service,38.0,1785925458.3063557,9fba3b2156db499b95679d1f7d3d8d9d,,PUT /api/inventory,,142.5,OK,auth-service,v1.2.3,7c7cfea6886f48b4a918f81580d1e9cb
live_ep_000016_RETRY_STORM,RETRY_STORM,auth-service,38.0,1785925458.3063557,f15c8cb8863a4062953cab919acfece6,9fba3b2156db499b95679d1f7d3d8d9d,db.query.select,READ,30.15,OK,user-db,v1.2.3,7c7cfea6886f48b4a918f81580d1e9cb
live_ep_000016_RETRY_STORM,RETRY_STORM,auth-service,38.0,1785925458.3063557,b14dcc947dfc4a09b0b7e4d0bd7f12f2,9fba3b2156db499b95679d1f7d3d8d9d,db.transaction,READ,10.61,OK,user-db,v1.2.3,7c7cfea6886f48b4a918f81580d1e9cb
live_ep_000016_RETRY_STORM,RETRY_STORM,auth-service,38.5,1785925458.806677,31fa6a6fb8e34f2eb5f524f2084288de,,GET /api/health,,247.62,OK,auth-service,v1.2.3,7b00449f49784bdab12934a26390270a
live_ep_000016_RETRY_STORM,RETRY_STORM,auth-service,38.5,1785925458.806677,112714ca88464183a0126c6fa2c56ce5,31fa6a6fb8e34f2eb5f524f2084288de,db.query.update,READ,22.88,OK,user-db,v1.2.3,7b00449f49784bdab12934a26390270a
live_ep_000016_RETRY_STORM,RETRY_STORM,auth-service,38.5,1785925458.806677,5f52d2cec73049d5929cfc9f3cfce052,31fa6a6fb8e34f2eb5f524f2084288de,cache.set,,1.28,OK,cache-cluster,v1.2.3,7b00449f49784bdab12934a26390270a
live_ep_000016_RETRY_STORM,RETRY_STORM,auth-service,38.5,1785925458.806677,8b1cc9c20b2a4ac48e9c88a25562c489,31fa6a6fb8e34f2eb5f524f2084288de,http.client.get,,32.39,OK,payment-gateway,v1.2.3,7b00449f49784bdab12934a26390270a
live_ep_000016_RETRY_STORM,RETRY_STORM,auth-service,39.0,1785925459.3070405,c1b38be526134d169132ff0d16f9ed17,,PUT /api/inventory,,229.83,OK,auth-service,v1.2.3,3eb41fa64c9f45bd90c5140a28b733a3
live_ep_000016_RETRY_STORM,RETRY_STORM,auth-service,39.0,1785925459.3070405,a0c7c96288b846afa599846644e017ed,c1b38be526134d169132ff0d16f9ed17,db.query.select,READ,57.06,OK,user-db,v1.2.3,3eb41fa64c9f45bd90c5140a28b733a3
live_ep_000016_RETRY_STORM,RETRY_STORM,auth-service,39.0,1785925459.3070405,5a7e33a29661473bb7468633ce8a4eb3,c1b38be526134d169132ff0d16f9ed17,db.query.delete,WRITE,68.63,OK,user-db,v1.2.3,3eb41fa64c9f45bd90c5140a28b733a3
live_ep_000016_RETRY_STORM,RETRY_STORM,auth-service,39.0,1785925459.3070405,d6821badc72d490f8b61a115558cc6a3,c1b38be526134d169132ff0d16f9ed17,grpc.call,,4826.91,ERROR,user-db,v1.2.3,3eb41fa64c9f45bd90c5140a28b733a3
live_ep_000016_RETRY_STORM,RETRY_STORM,auth-service,39.5,1785925459.8073485,4af6fcd4c02c4e25a05e5c60c54a439b,,POST /api/checkout,,195.28,OK,auth-service,v1.2.3,ed1da90fe7aa424da4ac9ff6736a00e3
live_ep_000016_RETRY_STORM,RETRY_STORM,auth-service,39.5,1785925459.8073485,15cda81f3fea498ea93de173f9502329,4af6fcd4c02c4e25a05e5c60c54a439b,db.query.select,WRITE,34.46,OK,user-db,v1.2.3,ed1da90fe7aa424da4ac9ff6736a00e3
live_ep_000016_RETRY_STORM,RETRY_STORM,auth-service,39.5,1785925459.8073485,bd177bfa2e2a4bb89f87601a0e6a69ce,4af6fcd4c02c4e25a05e5c60c54a439b,db.query.delete,READ,49.29,OK,user-db,v1.2.3,ed1da90fe7aa424da4ac9ff6736a00e3
live_ep_000016_RETRY_STORM,RETRY_STORM,auth-service,39.5,1785925459.8073485,7e9374b64aeb49bb851c63e319a25856,4af6fcd4c02c4e25a05e5c60c54a439b,cache.set,,1.93,OK,cache-cluster,v1.2.3,ed1da90fe7aa424da4ac9ff6736a00e3
live_ep_000016_RETRY_STORM,RETRY_STORM,auth-service,39.5,1785925459.8073485,e5ad653585954e5aaeb0b37747853ab3,4af6fcd4c02c4e25a05e5c60c54a439b,http.client.get,,29.39,ERROR,user-db,v1.2.3,ed1da90fe7aa424da4ac9ff6736a00e3
live_ep_000016_RETRY_STORM,RETRY_STORM,auth-service,40.0,1785925460.3075142,65a23458831e4706b160dc89617ee8a4,,GET /api/health,,205.33,OK,auth-service,v1.2.3,91e2009d3123478da5f0aea6b9bca309
live_ep_000016_RETRY_STORM,RETRY_STORM,auth-service,40.0,1785925460.3075142,589a16bfbbf04b159231238038f14de5,65a23458831e4706b160dc89617ee8a4,db.query.insert,READ,19.58,OK,user-db,v1.2.3,91e2009d3123478da5f0aea6b9bca309
live_ep_000016_RETRY_STORM,RETRY_STORM,auth-service,40.0,1785925460.3075142,9d8f70bf3274416c939690a40f8548f3,65a23458831e4706b160dc89617ee8a4,cache.get,,2.97,OK,cache-cluster,v1.2.3,91e2009d3123478da5f0aea6b9bca309
live_ep_000016_RETRY_STORM,RETRY_STORM,auth-service,40.5,1785925460.807782,76ad7810a72a43c491d115d334aeb11a,,GET /api/health,,263.95,OK,auth-service,v1.2.3,00a608315687411abc28f0f0c249a7fd
live_ep_000016_RETRY_STORM,RETRY_STORM,auth-service,40.5,1785925460.807782,3ce0dcc5b0cf438c9ca3a7935675d923,76ad7810a72a43c491d115d334aeb11a,db.query.delete,READ,62.12,OK,user-db,v1.2.3,00a608315687411abc28f0f0c249a7fd
live_ep_000016_RETRY_STORM,RETRY_STORM,auth-service,40.5,1785925460.807782,00c70d8d75bd4588b4b98888197aa1d7,76ad7810a72a43c491d115d334aeb11a,db.query.select,WRITE,49.7,OK,user-db,v1.2.3,00a608315687411abc28f0f0c249a7fd
live_ep_000016_RETRY_STORM,RETRY_STORM,auth-service,40.5,1785925460.807782,c13cfe6d90e948a78bc3853222966d7f,76ad7810a72a43c491d115d334aeb11a,cache.get,,1.09,OK,cache-cluster,v1.2.3,00a608315687411abc28f0f0c249a7fd
live_ep_000016_RETRY_STORM,RETRY_STORM,auth-service,41.0,1785925461.3081386,0c5b2c3a19e541e18043c476f3ef2c5f,,POST /api/payment,,296.95,OK,auth-service,v1.2.3,abd8b77732184962bedce775b2e97051
live_ep_000016_RETRY_STORM,RETRY_STORM,auth-service,41.0,1785925461.3081386,929efdbdea5e4ae1b6e844e702a8bdf9,0c5b2c3a19e541e18043c476f3ef2c5f,db.query.delete,WRITE,37.89,OK,user-db,v1.2.3,abd8b77732184962bedce775b2e97051
live_ep_000016_RETRY_STORM,RETRY_STORM,auth-service,41.0,1785925461.3081386,5d4c0bf802e3494ca82f564b17f88c6a,0c5b2c3a19e541e18043c476f3ef2c5f,cache.delete,,0.5,OK,cache-cluster,v1.2.3,abd8b77732184962bedce775b2e97051
live_ep_000016_RETRY_STORM,RETRY_STORM,auth-service,41.5,1785925461.8085184,67bfbb69c8df4493a1df900008cba235,,GET /api/health,,209.71,ERROR,auth-service,v1.2.3,bd5a9334c744474eb3c8a67071d2d277
live_ep_000016_RETRY_STORM,RETRY_STORM,auth-service,41.5,1785925461.8085184,5c10cdd246ea4f9f8f5034c21687efde,67bfbb69c8df4493a1df900008cba235,db.transaction,WRITE,32.86,OK,user-db,v1.2.3,bd5a9334c744474eb3c8a67071d2d277
live_ep_000016_RETRY_STORM,RETRY_STORM,auth-service,41.5,1785925461.8085184,b5d3fb95ab604abebcefd6c51deb0c49,67bfbb69c8df4493a1df900008cba235,db.query.delete,WRITE,32.48,OK,user-db,v1.2.3,bd5a9334c744474eb3c8a67071d2d277
live_ep_000016_RETRY_STORM,RETRY_STORM,auth-service,41.5,1785925461.8085184,37a22000ca024d19b860bfe83c91cda5,67bfbb69c8df4493a1df900008cba235,cache.get,,3.96,OK,cache-cluster,v1.2.3,bd5a9334c744474eb3c8a67071d2d277
live_ep_000016_RETRY_STORM,RETRY_STORM,auth-service,42.0,1785925462.308608,dc499fbca09142ccb7dfa10901f44a62,,POST /api/checkout,,185.83,OK,auth-service,v1.2.3,8211c91547c948f08992858c9aa98c19
live_ep_000016_RETRY_STORM,RETRY_STORM,auth-service,42.0,1785925462.308608,35e4d9d85abf4523aedcf78115359028,dc499fbca09142ccb7dfa10901f44a62,db.transaction,WRITE,24.17,OK,user-db,v1.2.3,8211c91547c948f08992858c9aa98c19
live_ep_000016_RETRY_STORM,RETRY_STORM,auth-service,42.0,1785925462.308608,6f5373e0f067431fb0f7ba0e3ba8c3d0,dc499fbca09142ccb7dfa10901f44a62,db.query.select,READ,28.75,OK,user-db,v1.2.3,8211c91547c948f08992858c9aa98c19
live_ep_000016_RETRY_STORM,RETRY_STORM,auth-service,42.0,1785925462.308608,09e1e6a54bb240deb0ad04f4980411f9,dc499fbca09142ccb7dfa10901f44a62,http.client.post,,35.65,OK,payment-gateway,v1.2.3,8211c91547c948f08992858c9aa98c19
live_ep_000016_RETRY_STORM,RETRY_STORM,auth-service,42.5,1785925462.808994,faad395450c24f0db7ac7061e9ef08f2,,POST /api/checkout,,180.43,OK,auth-service,v1.2.3,013d2c9ebd8d46c083636665aea573f3
live_ep_000016_RETRY_STORM,RETRY_STORM,auth-service,42.5,1785925462.808994,9ac636bb22a34b5fa3c14c9b02f83cd3,faad395450c24f0db7ac7061e9ef08f2,db.query.update,WRITE,37.29,OK,user-db,v1.2.3,013d2c9ebd8d46c083636665aea573f3
live_ep_000016_RETRY_STORM,RETRY_STORM,auth-service,42.5,1785925462.808994,a6f451f381fb4d2997b92fcf6781e4ec,faad395450c24f0db7ac7061e9ef08f2,db.query.insert,READ,42.41,OK,user-db,v1.2.3,013d2c9ebd8d46c083636665aea573f3
live_ep_000016_RETRY_STORM,RETRY_STORM,auth-service,42.5,1785925462.808994,3c51068514f64fc4afab2c7c88c4e64f,faad395450c24f0db7ac7061e9ef08f2,cache.get,,0.54,OK,cache-cluster,v1.2.3,013d2c9ebd8d46c083636665aea573f3
live_ep_000016_RETRY_STORM,RETRY_STORM,auth-service,43.0,1785925463.3093586,503de22599054693bb4a635706289aeb,,GET /api/auth,,216.35,OK,auth-service,v1.2.3,72aa56ab05fb4828991c73be8c4acfe0
live_ep_000016_RETRY_STORM,RETRY_STORM,auth-service,43.0,1785925463.3093586,78f26962fa3f4e1d972045f0ce9f5046,503de22599054693bb4a635706289aeb,db.transaction,READ,35.77,OK,user-db,v1.2.3,72aa56ab05fb4828991c73be8c4acfe0
live_ep_000016_RETRY_STORM,RETRY_STORM,auth-service,43.0,1785925463.3093586,0f905fd9db2f476eb3377d32788bd4c5,503de22599054693bb4a635706289aeb,grpc.call,,39.93,OK,user-db,v1.2.3,72aa56ab05fb4828991c73be8c4acfe0
live_ep_000016_RETRY_STORM,RETRY_STORM,auth-service,43.5,1785925463.8097355,49989f56d5a74149b69a2efe0e03b045,,POST /api/checkout,,226.83,OK,auth-service,v1.2.3,0eead1c4be004c5fbebbde81cea1fcfa
live_ep_000016_RETRY_STORM,RETRY_STORM,auth-service,43.5,1785925463.8097355,de67f489f7a54f01b9525334f9af6341,49989f56d5a74149b69a2efe0e03b045,db.query.update,WRITE,84.79,OK,user-db,v1.2.3,0eead1c4be004c5fbebbde81cea1fcfa
live_ep_000016_RETRY_STORM,RETRY_STORM,auth-service,43.5,1785925463.8097355,7cde725a43e94468be17ad66a75556b8,49989f56d5a74149b69a2efe0e03b045,db.query.insert,READ,65.47,OK,user-db,v1.2.3,0eead1c4be004c5fbebbde81cea1fcfa
live_ep_000016_RETRY_STORM,RETRY_STORM,auth-service,43.5,1785925463.8097355,ba828ce0db5149b1a4ac0750f54c9966,49989f56d5a74149b69a2efe0e03b045,cache.delete,,4.04,OK,cache-cluster,v1.2.3,0eead1c4be004c5fbebbde81cea1fcfa
live_ep_000016_RETRY_STORM,RETRY_STORM,auth-service,44.0,1785925464.310156,af5f8be7eeda49c49632b1c6cef7bdca,,GET /api/health,,185.36,OK,auth-service,v1.2.3,cf9cf481aa824154be657cea59698e38
live_ep_000016_RETRY_STORM,RETRY_STORM,auth-service,44.0,1785925464.310156,94af02a44b0149a385e86326e7348e19,af5f8be7eeda49c49632b1c6cef7bdca,db.query.insert,READ,45.49,OK,user-db,v1.2.3,cf9cf481aa824154be657cea59698e38
live_ep_000016_RETRY_STORM,RETRY_STORM,auth-service,44.0,1785925464.310156,69f1f217716344f6b7dc594d00dd345f,af5f8be7eeda49c49632b1c6cef7bdca,cache.delete,,1.89,OK,cache-cluster,v1.2.3,cf9cf481aa824154be657cea59698e38
live_ep_000016_RETRY_STORM,RETRY_STORM,auth-service,44.0,1785925464.310156,617120c252ee4c79b66c5032c732eb66,af5f8be7eeda49c49632b1c6cef7bdca,grpc.call,,16.16,OK,user-db,v1.2.3,cf9cf481aa824154be657cea59698e38
live_ep_000016_RETRY_STORM,RETRY_STORM,auth-service,44.5,1785925464.8103466,1ba601552b7d4eb098dee18781a2e6cb,,POST /api/checkout,,166.91,OK,auth-service,v1.2.3,e43ac110aed94ee69179e951d0c72395
live_ep_000016_RETRY_STORM,RETRY_STORM,auth-service,44.5,1785925464.8103466,078b402b141e434ba423fbeb9ed705c1,1ba601552b7d4eb098dee18781a2e6cb,db.transaction,WRITE,64.49,OK,user-db,v1.2.3,e43ac110aed94ee69179e951d0c72395
live_ep_000016_RETRY_STORM,RETRY_STORM,auth-service,44.5,1785925464.8103466,adc642e7070d4148bd39c83c95ed65cb,1ba601552b7d4eb098dee18781a2e6cb,db.query.delete,WRITE,64.75,OK,user-db,v1.2.3,e43ac110aed94ee69179e951d0c72395
live_ep_000016_RETRY_STORM,RETRY_STORM,auth-service,44.5,1785925464.8103466,3206137bf0aa4a16b9b1eb9f4d411fac,1ba601552b7d4eb098dee18781a2e6cb,cache.set,,2.71,OK,cache-cluster,v1.2.3,e43ac110aed94ee69179e951d0c72395
live_ep_000016_RETRY_STORM,RETRY_STORM,auth-service,44.5,1785925464.8103466,4f11bf6950234239b8c2a5d2fa03dc3c,1ba601552b7d4eb098dee18781a2e6cb,grpc.call,,5017.97,ERROR,inventory-api,v1.2.3,e43ac110aed94ee69179e951d0c72395
live_ep_000016_RETRY_STORM,RETRY_STORM,auth-service,45.0,1785925465.310587,ecb70c7f0f7a416c88b93fcd4e5ce9d0,,GET /api/auth,,249.6,OK,auth-service,v1.2.3,a07470a85c2e4f50879905b090cb5803
live_ep_000016_RETRY_STORM,RETRY_STORM,auth-service,45.0,1785925465.310587,1cc6ee6dd4c64a6196432876d24db325,ecb70c7f0f7a416c88b93fcd4e5ce9d0,db.query.insert,READ,28.04,ERROR,user-db,v1.2.3,a07470a85c2e4f50879905b090cb5803
live_ep_000016_RETRY_STORM,RETRY_STORM,auth-service,45.0,1785925465.310587,5cc2f058da1748778d2b398f9cb61b43,ecb70c7f0f7a416c88b93fcd4e5ce9d0,db.query.insert,READ,27.78,OK,user-db,v1.2.3,a07470a85c2e4f50879905b090cb5803
live_ep_000016_RETRY_STORM,RETRY_STORM,auth-service,45.0,1785925465.310587,bff85394875a489ab9b391b66911692d,ecb70c7f0f7a416c88b93fcd4e5ce9d0,grpc.call,,38.13,OK,inventory-api,v1.2.3,a07470a85c2e4f50879905b090cb5803
live_ep_000016_RETRY_STORM,RETRY_STORM,auth-service,45.5,1785925465.8111308,edf62b62ddde43d79b93f412de42dc4a,,GET /api/health,,167.62,OK,auth-service,v1.2.3,ad04f6a1bb5e43f29ae9d92acff43a59
live_ep_000016_RETRY_STORM,RETRY_STORM,auth-service,45.5,1785925465.8111308,46574894510d4192af55f24619f6bff6,edf62b62ddde43d79b93f412de42dc4a,db.query.insert,READ,39.91,OK,user-db,v1.2.3,ad04f6a1bb5e43f29ae9d92acff43a59
live_ep_000016_RETRY_STORM,RETRY_STORM,auth-service,46.0,1785925466.311504,219682a6e349441b909d0c3f293aea84,,GET /api/health,,221.03,OK,auth-service,v1.2.3,663a843a75ad4c86af0ba131696a9f31
live_ep_000016_RETRY_STORM,RETRY_STORM,auth-service,46.0,1785925466.311504,62adcf25fdd242aa826052402e90d70a,219682a6e349441b909d0c3f293aea84,db.query.insert,READ,57.47,OK,user-db,v1.2.3,663a843a75ad4c86af0ba131696a9f31
live_ep_000016_RETRY_STORM,RETRY_STORM,auth-service,46.0,1785925466.311504,bb90120214b94b438cd9025b3205e898,219682a6e349441b909d0c3f293aea84,cache.delete,,2.58,OK,cache-cluster,v1.2.3,663a843a75ad4c86af0ba131696a9f31
live_ep_000016_RETRY_STORM,RETRY_STORM,auth-service,46.5,1785925466.8116684,f1b99ecef0ae4c8cb5e75528167ef73d,,PUT /api/inventory,,242.92,OK,auth-service,v1.2.3,3ed5a3783c69445080566aa08abe60d3
live_ep_000016_RETRY_STORM,RETRY_STORM,auth-service,46.5,1785925466.8116684,12f4babe215e4ea7aa5f5d10f0299d33,f1b99ecef0ae4c8cb5e75528167ef73d,db.transaction,READ,88.46,OK,user-db,v1.2.3,3ed5a3783c69445080566aa08abe60d3
live_ep_000016_RETRY_STORM,RETRY_STORM,auth-service,46.5,1785925466.8116684,6a1c80dee1e847509bae2804564ecbf3,f1b99ecef0ae4c8cb5e75528167ef73d,cache.delete,,0.83,OK,cache-cluster,v1.2.3,3ed5a3783c69445080566aa08abe60d3
live_ep_000016_RETRY_STORM,RETRY_STORM,auth-service,46.5,1785925466.8116684,8875f04ffc0c40f6984d874abfbe67cc,f1b99ecef0ae4c8cb5e75528167ef73d,http.client.post,,28.88,OK,cache-cluster,v1.2.3,3ed5a3783c69445080566aa08abe60d3
live_ep_000016_RETRY_STORM,RETRY_STORM,auth-service,47.0,1785925467.311838,3ea538d7a4354fe3ab437eba08fc0511,,GET /api/order,,183.88,ERROR,auth-service,v1.2.3,960c3f5e9fea4f539d6c5f7995d44b89
live_ep_000016_RETRY_STORM,RETRY_STORM,auth-service,47.0,1785925467.311838,cbf41961e0554c6c82c2db6d786c5aa7,3ea538d7a4354fe3ab437eba08fc0511,db.query.select,READ,29.51,OK,user-db,v1.2.3,960c3f5e9fea4f539d6c5f7995d44b89
live_ep_000016_RETRY_STORM,RETRY_STORM,auth-service,47.0,1785925467.311838,76c7b7abbd3e4c2ab8d073ea1f3fc5d9,3ea538d7a4354fe3ab437eba08fc0511,db.query.update,WRITE,40.41,OK,user-db,v1.2.3,960c3f5e9fea4f539d6c5f7995d44b89
live_ep_000016_RETRY_STORM,RETRY_STORM,auth-service,47.0,1785925467.311838,dc568974ed42413ea09161981824fa94,3ea538d7a4354fe3ab437eba08fc0511,cache.delete,,1.35,OK,cache-cluster,v1.2.3,960c3f5e9fea4f539d6c5f7995d44b89
live_ep_000016_RETRY_STORM,RETRY_STORM,auth-service,47.0,1785925467.311838,49f20edd86854bffa4e5df4160ef4c95,3ea538d7a4354fe3ab437eba08fc0511,http.client.get,,27.18,OK,inventory-api,v1.2.3,960c3f5e9fea4f539d6c5f7995d44b89
live_ep_000016_RETRY_STORM,RETRY_STORM,auth-service,47.5,1785925467.8122017,666abd57b28142d1a8b6a34202045da8,,GET /api/auth,,179.92,OK,auth-service,v1.2.3,7138287c5c74451bbaec4dc24babd7dc
live_ep_000016_RETRY_STORM,RETRY_STORM,auth-service,47.5,1785925467.8122017,9dbd78fa3b8f4c4eb27e1e964053f2d7,666abd57b28142d1a8b6a34202045da8,db.query.update,WRITE,31.85,ERROR,user-db,v1.2.3,7138287c5c74451bbaec4dc24babd7dc
live_ep_000016_RETRY_STORM,RETRY_STORM,auth-service,47.5,1785925467.8122017,a82d4a5dfd3a4ffbb09696a314943c20,666abd57b28142d1a8b6a34202045da8,db.query.insert,READ,32.75,OK,user-db,v1.2.3,7138287c5c74451bbaec4dc24babd7dc
live_ep_000016_RETRY_STORM,RETRY_STORM,auth-service,48.0,1785925468.3123448,81a6359f467544d7b4ea3039d971df6a,,GET /api/health,,265.37,OK,auth-service,v1.2.3,988afa19764b46409b3ef908889e059b
live_ep_000016_RETRY_STORM,RETRY_STORM,auth-service,48.0,1785925468.3123448,a870acb3482a4aab92d9c5ec490b4411,81a6359f467544d7b4ea3039d971df6a,db.query.insert,READ,51.02,OK,user-db,v1.2.3,988afa19764b46409b3ef908889e059b
live_ep_000016_RETRY_STORM,RETRY_STORM,auth-service,48.5,1785925468.8126094,0abd018edad94b21862e7bbc7cfe35d6,,POST /api/checkout,,196.48,OK,auth-service,v1.2.3,e715042695ca4e1cbf4c2ce34f7f9be5
live_ep_000016_RETRY_STORM,RETRY_STORM,auth-service,48.5,1785925468.8126094,5bb5ca6af11b4eb5bb6912066db63ace,0abd018edad94b21862e7bbc7cfe35d6,db.transaction,WRITE,29.83,OK,user-db,v1.2.3,e715042695ca4e1cbf4c2ce34f7f9be5
live_ep_000016_RETRY_STORM,RETRY_STORM,auth-service,48.5,1785925468.8126094,09995dc65a9a4b1dbb05134713068dbf,0abd018edad94b21862e7bbc7cfe35d6,http.client.post,,24.21,OK,inventory-api,v1.2.3,e715042695ca4e1cbf4c2ce34f7f9be5
live_ep_000016_RETRY_STORM,RETRY_STORM,auth-service,49.0,1785925469.3129215,f5943fe86c7549bb9bce1e3239b0153c,,GET /api/order,,278.26,OK,auth-service,v1.2.3,bc1fe874c7f2498dba815017f003e21a
live_ep_000016_RETRY_STORM,RETRY_STORM,auth-service,49.0,1785925469.3129215,f344b21479cc4a6095a28212595051db,f5943fe86c7549bb9bce1e3239b0153c,db.query.update,READ,32.13,OK,user-db,v1.2.3,bc1fe874c7f2498dba815017f003e21a
live_ep_000016_RETRY_STORM,RETRY_STORM,auth-service,49.0,1785925469.3129215,8b1f010568bb451aa1293d31c8f041df,f5943fe86c7549bb9bce1e3239b0153c,cache.delete,,2.16,OK,cache-cluster,v1.2.3,bc1fe874c7f2498dba815017f003e21a
live_ep_000016_RETRY_STORM,RETRY_STORM,auth-service,49.5,1785925469.8130095,0a2385f79d89410f84c5bb06802b4b45,,PUT /api/inventory,,224.86,OK,auth-service,v1.2.3,2c618aa398fc4a4da300dd4e88286e77
live_ep_000016_RETRY_STORM,RETRY_STORM,auth-service,49.5,1785925469.8130095,4f5fb498be1c4c51a60a90b9d0a24f1a,0a2385f79d89410f84c5bb06802b4b45,db.query.update,WRITE,35.89,OK,user-db,v1.2.3,2c618aa398fc4a4da300dd4e88286e77
live_ep_000016_RETRY_STORM,RETRY_STORM,auth-service,49.5,1785925469.8130095,e6997cba772b4473b83b213ee090db46,0a2385f79d89410f84c5bb06802b4b45,db.query.select,READ,36.89,OK,user-db,v1.2.3,2c618aa398fc4a4da300dd4e88286e77
live_ep_000016_RETRY_STORM,RETRY_STORM,auth-service,50.0,1785925470.3131864,8375c7c5049c4709bb43236b80f9f944,,PUT /api/inventory,,179.34,OK,auth-service,v1.2.3,be2856ff0f9a4f75af620e1f06f7565f
live_ep_000016_RETRY_STORM,RETRY_STORM,auth-service,50.0,1785925470.3131864,ac150907470246efbcef4e835b18cd62,8375c7c5049c4709bb43236b80f9f944,db.query.update,WRITE,33.62,OK,user-db,v1.2.3,be2856ff0f9a4f75af620e1f06f7565f
live_ep_000016_RETRY_STORM,RETRY_STORM,auth-service,50.0,1785925470.3131864,a4c6f7641a934c4b885a9247f2c05c87,8375c7c5049c4709bb43236b80f9f944,cache.delete,,1.42,OK,cache-cluster,v1.2.3,be2856ff0f9a4f75af620e1f06f7565f
live_ep_000016_RETRY_STORM,RETRY_STORM,auth-service,50.0,1785925470.3131864,833447a0d69442b19905348dae8a5a52,8375c7c5049c4709bb43236b80f9f944,grpc.call,,39.72,OK,cache-cluster,v1.2.3,be2856ff0f9a4f75af620e1f06f7565f
live_ep_000016_RETRY_STORM,RETRY_STORM,auth-service,50.5,1785925470.8137643,037cd76d78ae40efa2f34e867a4cb855,,GET /api/auth,,257.83,OK,auth-service,v1.2.3,6a01bf3e90374fcca27e4c3b7b2838b4
live_ep_000016_RETRY_STORM,RETRY_STORM,auth-service,50.5,1785925470.8137643,6597f5d0bec343e28fcff365e028a308,037cd76d78ae40efa2f34e867a4cb855,db.query.select,READ,28.2,OK,user-db,v1.2.3,6a01bf3e90374fcca27e4c3b7b2838b4
live_ep_000016_RETRY_STORM,RETRY_STORM,auth-service,50.5,1785925470.8137643,d23b99c978054f24bd2d85e6ba9df10b,037cd76d78ae40efa2f34e867a4cb855,http.client.post,,22.62,OK,cache-cluster,v1.2.3,6a01bf3e90374fcca27e4c3b7b2838b4
live_ep_000016_RETRY_STORM,RETRY_STORM,auth-service,51.0,1785925471.314336,e7f0584256544594b9eb32005470d8f3,,POST /api/payment,,182.02,OK,auth-service,v1.2.3,0d91d1de7ab749cf9923744643e59025
live_ep_000016_RETRY_STORM,RETRY_STORM,auth-service,51.0,1785925471.314336,c1e67d98b08d4eadaaf46560c35792c2,e7f0584256544594b9eb32005470d8f3,db.query.update,WRITE,61.14,OK,user-db,v1.2.3,0d91d1de7ab749cf9923744643e59025
live_ep_000016_RETRY_STORM,RETRY_STORM,auth-service,51.0,1785925471.314336,5da9c6f443514c55b44778f695b57149,e7f0584256544594b9eb32005470d8f3,cache.delete,,0.59,OK,cache-cluster,v1.2.3,0d91d1de7ab749cf9923744643e59025
live_ep_000016_RETRY_STORM,RETRY_STORM,auth-service,51.5,1785925471.8149574,54f8d50b49484831a9acc174c3ba6861,,GET /api/order,,257.03,OK,auth-service,v1.2.3,1af767d2a90443e99eaf76cedcb0de3e
live_ep_000016_RETRY_STORM,RETRY_STORM,auth-service,51.5,1785925471.8149574,7c376b9c449545af97927c9cd6f4f775,54f8d50b49484831a9acc174c3ba6861,db.transaction,WRITE,70.72,OK,user-db,v1.2.3,1af767d2a90443e99eaf76cedcb0de3e
live_ep_000016_RETRY_STORM,RETRY_STORM,auth-service,51.5,1785925471.8149574,e365fe7618fd4339a6b243d0ff893e5b,54f8d50b49484831a9acc174c3ba6861,cache.delete,,3.08,OK,cache-cluster,v1.2.3,1af767d2a90443e99eaf76cedcb0de3e
live_ep_000016_RETRY_STORM,RETRY_STORM,auth-service,51.5,1785925471.8149574,4756cd8d5be04ba1bc19ca0943bab28d,54f8d50b49484831a9acc174c3ba6861,http.client.post,,29.59,OK,user-db,v1.2.3,1af767d2a90443e99eaf76cedcb0de3e
live_ep_000016_RETRY_STORM,RETRY_STORM,auth-service,52.0,1785925472.3154242,227f9d7408a441d6a2a63f1c005f09c6,,PUT /api/inventory,,185.42,OK,auth-service,v1.2.3,2e05d6caa42b46f5ab108d86794baf3f
live_ep_000016_RETRY_STORM,RETRY_STORM,auth-service,52.0,1785925472.3154242,3d4d5178f95f4cd599764596cb8cc5c6,227f9d7408a441d6a2a63f1c005f09c6,db.transaction,WRITE,27.66,OK,user-db,v1.2.3,2e05d6caa42b46f5ab108d86794baf3f
live_ep_000016_RETRY_STORM,RETRY_STORM,auth-service,52.0,1785925472.3154242,cee40253b1854705820a1bef3e3c0a36,227f9d7408a441d6a2a63f1c005f09c6,grpc.call,,17.01,OK,user-db,v1.2.3,2e05d6caa42b46f5ab108d86794baf3f
live_ep_000016_RETRY_STORM,RETRY_STORM,auth-service,52.5,1785925472.816099,90dfed15b54f4f13ada0d083c4b748e3,,GET /api/order,,161.57,OK,auth-service,v1.2.3,6947c97500d646ad8d475a6776d49783
live_ep_000016_RETRY_STORM,RETRY_STORM,auth-service,52.5,1785925472.816099,c400b41b381f4958aef463722f363c51,90dfed15b54f4f13ada0d083c4b748e3,db.query.update,WRITE,40.29,OK,user-db,v1.2.3,6947c97500d646ad8d475a6776d49783
live_ep_000016_RETRY_STORM,RETRY_STORM,auth-service,52.5,1785925472.816099,4d3faac2d3de41fb8f9c8b86d33f6ea3,90dfed15b54f4f13ada0d083c4b748e3,cache.delete,,2.34,OK,cache-cluster,v1.2.3,6947c97500d646ad8d475a6776d49783
live_ep_000016_RETRY_STORM,RETRY_STORM,auth-service,53.0,1785925473.3164485,32c0323d745e43238f390b8ccc4943a6,,GET /api/health,,383.12,OK,auth-service,v1.2.3,5eef804e238144eaab062e48a98bf3f0
live_ep_000016_RETRY_STORM,RETRY_STORM,auth-service,53.0,1785925473.3164485,fe7e27bc54374de28459cc7f36d11fda,32c0323d745e43238f390b8ccc4943a6,db.query.select,WRITE,46.75,OK,user-db,v1.2.3,5eef804e238144eaab062e48a98bf3f0
live_ep_000016_RETRY_STORM,RETRY_STORM,auth-service,53.0,1785925473.3164485,7ed0d85de55c40a78cbd1173577f5d90,32c0323d745e43238f390b8ccc4943a6,cache.get,,1.51,OK,cache-cluster,v1.2.3,5eef804e238144eaab062e48a98bf3f0
live_ep_000016_RETRY_STORM,RETRY_STORM,auth-service,53.5,1785925473.8168805,cd2cc9fbb3c54189a5c8a6aea1736d01,,GET /api/order,,175.83,OK,auth-service,v1.2.3,861b0d3ac29d4f27b46ed54eb02f047a
live_ep_000016_RETRY_STORM,RETRY_STORM,auth-service,53.5,1785925473.8168805,48d94bed9b91481480ef86965000c5c9,cd2cc9fbb3c54189a5c8a6aea1736d01,db.query.select,READ,20.47,OK,user-db,v1.2.3,861b0d3ac29d4f27b46ed54eb02f047a
live_ep_000016_RETRY_STORM,RETRY_STORM,auth-service,53.5,1785925473.8168805,a536cd3e682b4ba495eb7232eccfcd44,cd2cc9fbb3c54189a5c8a6aea1736d01,cache.delete,,1.69,OK,cache-cluster,v1.2.3,861b0d3ac29d4f27b46ed54eb02f047a
live_ep_000016_RETRY_STORM,RETRY_STORM,auth-service,53.5,1785925473.8168805,b7a62a66e8a7486d8e8e31d3a7a7fdbe,cd2cc9fbb3c54189a5c8a6aea1736d01,http.client.get,,6.72,OK,cache-cluster,v1.2.3,861b0d3ac29d4f27b46ed54eb02f047a
live_ep_000016_RETRY_STORM,RETRY_STORM,auth-service,54.0,1785925474.3170605,68becc6e38d84e32ba1249a2552fea84,,GET /api/order,,213.24,OK,auth-service,v1.2.3,faa85e24c345496e90ad473350f4de77
live_ep_000016_RETRY_STORM,RETRY_STORM,auth-service,54.0,1785925474.3170605,e0e6b14e6d0c4a2597be78e6ff901fa2,68becc6e38d84e32ba1249a2552fea84,db.transaction,READ,42.39,OK,user-db,v1.2.3,faa85e24c345496e90ad473350f4de77
live_ep_000016_RETRY_STORM,RETRY_STORM,auth-service,54.0,1785925474.3170605,47002e7d85ec495996a4f8c306383e9b,68becc6e38d84e32ba1249a2552fea84,db.query.select,WRITE,40.86,OK,user-db,v1.2.3,faa85e24c345496e90ad473350f4de77
live_ep_000016_RETRY_STORM,RETRY_STORM,auth-service,54.0,1785925474.3170605,c1e8410d7ce74549a8ec8f34e2a4e57e,68becc6e38d84e32ba1249a2552fea84,cache.delete,,1.65,OK,cache-cluster,v1.2.3,faa85e24c345496e90ad473350f4de77
live_ep_000016_RETRY_STORM,RETRY_STORM,auth-service,54.5,1785925474.817408,61eed419265648be93b95fa75b080d55,,POST /api/checkout,,243.37,OK,auth-service,v1.2.3,7ae47d3504724e959482ea90c1a2a0c8
live_ep_000016_RETRY_STORM,RETRY_STORM,auth-service,54.5,1785925474.817408,e89f7134cd3d4d578d65872f79e45df3,61eed419265648be93b95fa75b080d55,db.query.insert,READ,20.41,OK,user-db,v1.2.3,7ae47d3504724e959482ea90c1a2a0c8
live_ep_000016_RETRY_STORM,RETRY_STORM,auth-service,54.5,1785925474.817408,c6d3b2c61dd5463097515e36f3e776cd,61eed419265648be93b95fa75b080d55,db.transaction,READ,19.17,OK,user-db,v1.2.3,7ae47d3504724e959482ea90c1a2a0c8
live_ep_000016_RETRY_STORM,RETRY_STORM,auth-service,55.0,1785925475.3177285,3d4da695c67a440d85454607bbde1db1,,GET /api/order,,226.78,OK,auth-service,v1.2.3,c288415400d2421d8ee531663377ac3d
live_ep_000016_RETRY_STORM,RETRY_STORM,auth-service,55.0,1785925475.3177285,5d5acfa6ebc446edb3a453852e0da7ae,3d4da695c67a440d85454607bbde1db1,db.query.select,READ,28.05,OK,user-db,v1.2.3,c288415400d2421d8ee531663377ac3d
live_ep_000016_RETRY_STORM,RETRY_STORM,auth-service,55.0,1785925475.3177285,4ec3ea5e940042ae9ec6656492ee449e,3d4da695c67a440d85454607bbde1db1,db.transaction,READ,37.56,OK,user-db,v1.2.3,c288415400d2421d8ee531663377ac3d
live_ep_000016_RETRY_STORM,RETRY_STORM,auth-service,55.0,1785925475.3177285,b6ff96b5cd834587a35c658e96ffb98e,3d4da695c67a440d85454607bbde1db1,cache.set,,1.78,OK,cache-cluster,v1.2.3,c288415400d2421d8ee531663377ac3d
live_ep_000016_RETRY_STORM,RETRY_STORM,auth-service,55.5,1785925475.8211632,04c92d57cacb4e7e9c7fb04e1844dd84,,POST /api/checkout,,300.87,OK,auth-service,v1.2.3,e34b062bd6514855a440ea49f37e7123
live_ep_000016_RETRY_STORM,RETRY_STORM,auth-service,55.5,1785925475.8211632,6a120782437743aab5923a3ef4caa394,04c92d57cacb4e7e9c7fb04e1844dd84,db.query.update,WRITE,47.19,OK,user-db,v1.2.3,e34b062bd6514855a440ea49f37e7123
live_ep_000016_RETRY_STORM,RETRY_STORM,auth-service,55.5,1785925475.8211632,00302fb70f614287b78fe1e262a91ceb,04c92d57cacb4e7e9c7fb04e1844dd84,cache.get,,2.6,OK,cache-cluster,v1.2.3,e34b062bd6514855a440ea49f37e7123
live_ep_000016_RETRY_STORM,RETRY_STORM,auth-service,56.0,1785925476.3217077,daaa93d441304dd9b76d6fc05f541337,,POST /api/checkout,,124.87,OK,auth-service,v1.2.3,f19b0d0259d4453d8609d4795f38f072
live_ep_000016_RETRY_STORM,RETRY_STORM,auth-service,56.0,1785925476.3217077,bdd9225590f14e66883bea964fcfb3ff,daaa93d441304dd9b76d6fc05f541337,db.query.delete,READ,56.92,OK,user-db,v1.2.3,f19b0d0259d4453d8609d4795f38f072
live_ep_000016_RETRY_STORM,RETRY_STORM,auth-service,56.0,1785925476.3217077,26a0aaf48a5d499eb9a421302702ab25,daaa93d441304dd9b76d6fc05f541337,db.query.select,READ,55.76,OK,user-db,v1.2.3,f19b0d0259d4453d8609d4795f38f072
live_ep_000016_RETRY_STORM,RETRY_STORM,auth-service,56.5,1785925476.8220243,467df386d3db4990a25da4042e814164,,GET /api/auth,,138.45,OK,auth-service,v1.2.3,6d5f899696454401944a2e0c49c72f41
live_ep_000016_RETRY_STORM,RETRY_STORM,auth-service,56.5,1785925476.8220243,c1ba480a8ca44d47af8391436232937c,467df386d3db4990a25da4042e814164,db.transaction,WRITE,42.83,OK,user-db,v1.2.3,6d5f899696454401944a2e0c49c72f41
live_ep_000016_RETRY_STORM,RETRY_STORM,auth-service,56.5,1785925476.8220243,ea5f6c0219094849a2392d863cd925ba,467df386d3db4990a25da4042e814164,cache.delete,,2.39,OK,cache-cluster,v1.2.3,6d5f899696454401944a2e0c49c72f41
live_ep_000016_RETRY_STORM,RETRY_STORM,auth-service,56.5,1785925476.8220243,47a8bdf637da457a966e1a41a6707d56,467df386d3db4990a25da4042e814164,grpc.call,,34.25,OK,cache-cluster,v1.2.3,6d5f899696454401944a2e0c49c72f41
live_ep_000016_RETRY_STORM,RETRY_STORM,auth-service,57.0,1785925477.3226008,f58b8e58451147f5863aef6922e37a6e,,POST /api/payment,,180.04,OK,auth-service,v1.2.3,299e278aa89a45b48cb37772549ef346
live_ep_000016_RETRY_STORM,RETRY_STORM,auth-service,57.0,1785925477.3226008,4aa29383539d4b4984c0232cf37db9c6,f58b8e58451147f5863aef6922e37a6e,db.query.select,WRITE,21.54,OK,user-db,v1.2.3,299e278aa89a45b48cb37772549ef346
live_ep_000016_RETRY_STORM,RETRY_STORM,auth-service,57.0,1785925477.3226008,9cf946458e484794a7f4bd5d7d1d12b3,f58b8e58451147f5863aef6922e37a6e,db.transaction,READ,17.34,OK,user-db,v1.2.3,299e278aa89a45b48cb37772549ef346
live_ep_000016_RETRY_STORM,RETRY_STORM,auth-service,57.0,1785925477.3226008,84ef4a69f5cd4fca9c355b3c524dc439,f58b8e58451147f5863aef6922e37a6e,cache.set,,2.27,OK,cache-cluster,v1.2.3,299e278aa89a45b48cb37772549ef346
live_ep_000016_RETRY_STORM,RETRY_STORM,auth-service,57.5,1785925477.8227262,d7ef34bc356c4d0398647de48c443ec1,,GET /api/auth,,221.62,OK,auth-service,v1.2.3,ad0d8424d87243cc83c04a88775c70d0
live_ep_000016_RETRY_STORM,RETRY_STORM,auth-service,57.5,1785925477.8227262,0e702759dc634186a12d4618a7d5ae19,d7ef34bc356c4d0398647de48c443ec1,db.query.select,READ,52.1,OK,user-db,v1.2.3,ad0d8424d87243cc83c04a88775c70d0
live_ep_000016_RETRY_STORM,RETRY_STORM,auth-service,57.5,1785925477.8227262,2644ea8daf2e48bbb595867b90a894d6,d7ef34bc356c4d0398647de48c443ec1,cache.delete,,58.72,OK,cache-cluster,v1.2.3,ad0d8424d87243cc83c04a88775c70d0
live_ep_000016_RETRY_STORM,RETRY_STORM,auth-service,57.5,1785925477.8227262,e948609a35d344b7b723b8b91d1c05df,d7ef34bc356c4d0398647de48c443ec1,http.client.get,,22.61,ERROR,inventory-api,v1.2.3,ad0d8424d87243cc83c04a88775c70d0
live_ep_000016_RETRY_STORM,RETRY_STORM,auth-service,58.0,1785925478.3229382,4392f14ab07c4e148759a773d638c79c,,GET /api/order,,205.48,OK,auth-service,v1.2.3,eedf1c4c06784613ad4be131e829580f
live_ep_000016_RETRY_STORM,RETRY_STORM,auth-service,58.0,1785925478.3229382,b51cd31c06cd4649b6c752c8971fed0b,4392f14ab07c4e148759a773d638c79c,db.transaction,WRITE,16.6,OK,user-db,v1.2.3,eedf1c4c06784613ad4be131e829580f
live_ep_000016_RETRY_STORM,RETRY_STORM,auth-service,58.0,1785925478.3229382,4108be29e8364c8a96d18d51dac23048,4392f14ab07c4e148759a773d638c79c,db.query.select,READ,16.08,OK,user-db,v1.2.3,eedf1c4c06784613ad4be131e829580f
live_ep_000016_RETRY_STORM,RETRY_STORM,auth-service,58.0,1785925478.3229382,026e6e683d7944ffb3bdf793bae1e996,4392f14ab07c4e148759a773d638c79c,cache.get,,3.03,OK,cache-cluster,v1.2.3,eedf1c4c06784613ad4be131e829580f
live_ep_000016_RETRY_STORM,RETRY_STORM,auth-service,58.5,1785925478.823082,ed430238d3d24facbeb866ea74b71c46,,PUT /api/inventory,,195.54,OK,auth-service,v1.2.3,e9c7d7cb31e6421080d80cc545c0ac08
live_ep_000016_RETRY_STORM,RETRY_STORM,auth-service,58.5,1785925478.823082,68ac7a7c751c4467a469b6ad32883711,ed430238d3d24facbeb866ea74b71c46,db.query.delete,WRITE,52.51,OK,user-db,v1.2.3,e9c7d7cb31e6421080d80cc545c0ac08
live_ep_000016_RETRY_STORM,RETRY_STORM,auth-service,58.5,1785925478.823082,d7aac7bf8e7f429c8c1c3f7091e291f1,ed430238d3d24facbeb866ea74b71c46,db.query.delete,WRITE,52.45,OK,user-db,v1.2.3,e9c7d7cb31e6421080d80cc545c0ac08
live_ep_000016_RETRY_STORM,RETRY_STORM,auth-service,58.5,1785925478.823082,e7d06fdd27ae497d867bb29d9809c3cd,ed430238d3d24facbeb866ea74b71c46,cache.set,,3.08,OK,cache-cluster,v1.2.3,e9c7d7cb31e6421080d80cc545c0ac08
live_ep_000016_RETRY_STORM,RETRY_STORM,auth-service,58.5,1785925478.823082,b2fdbd3aa8ec442caf70b8c3ab8c11c4,ed430238d3d24facbeb866ea74b71c46,http.client.get,,21.88,OK,cache-cluster,v1.2.3,e9c7d7cb31e6421080d80cc545c0ac08
live_ep_000016_RETRY_STORM,RETRY_STORM,auth-service,59.0,1785925479.3235595,0c17b9519d7049eeb96be47b241b3c2b,,PUT /api/inventory,,191.24,OK,auth-service,v1.2.3,5d203674c9da4902a4cd01b04a36c5d5
live_ep_000016_RETRY_STORM,RETRY_STORM,auth-service,59.0,1785925479.3235595,4615cfd1e5264bc484ee1f4145b9d88d,0c17b9519d7049eeb96be47b241b3c2b,db.query.update,READ,33.24,OK,user-db,v1.2.3,5d203674c9da4902a4cd01b04a36c5d5
live_ep_000016_RETRY_STORM,RETRY_STORM,auth-service,59.0,1785925479.3235595,67972be3d45c4860a96f4fa538b9a0a5,0c17b9519d7049eeb96be47b241b3c2b,db.query.delete,READ,16.83,OK,user-db,v1.2.3,5d203674c9da4902a4cd01b04a36c5d5
live_ep_000016_RETRY_STORM,RETRY_STORM,auth-service,59.5,1785925479.8237402,47295f637a0042819238625a7639a821,,POST /api/checkout,,242.81,OK,auth-service,v1.2.3,15e114085c234c299d0854935bfa1d91
live_ep_000016_RETRY_STORM,RETRY_STORM,auth-service,59.5,1785925479.8237402,b52d8ae0400a4049b5241a5bdbba8c82,47295f637a0042819238625a7639a821,db.query.select,READ,39.17,OK,user-db,v1.2.3,15e114085c234c299d0854935bfa1d91
live_ep_000016_RETRY_STORM,RETRY_STORM,auth-service,59.5,1785925479.8237402,232e0b1cc53f4c7db1c98562edd1d14b,47295f637a0042819238625a7639a821,cache.delete,,4.29,OK,cache-cluster,v1.2.3,15e114085c234c299d0854935bfa1d91
live_ep_000017_RETRY_STORM,RETRY_STORM,auth-service,0.0,1785925480.326102,37f70788a54a4664b6f2fa74e1987432,,POST /api/checkout,,124.56,OK,auth-service,v1.0.0,857f724cddb548949d2d048ae61a57ca
live_ep_000017_RETRY_STORM,RETRY_STORM,auth-service,0.0,1785925480.326102,61aea46d3c1249cf95537ef997b103bd,37f70788a54a4664b6f2fa74e1987432,db.query.delete,READ,20.35,OK,user-db,v1.0.0,857f724cddb548949d2d048ae61a57ca
live_ep_000017_RETRY_STORM,RETRY_STORM,auth-service,0.0,1785925480.326102,e2458e08b6be4eddb7d3adf6a7e5c481,37f70788a54a4664b6f2fa74e1987432,db.query.insert,WRITE,8.52,OK,user-db,v1.0.0,857f724cddb548949d2d048ae61a57ca
live_ep_000017_RETRY_STORM,RETRY_STORM,auth-service,0.0,1785925480.326102,7fd523dcb0524c88a6f2fba7a3583d7c,37f70788a54a4664b6f2fa74e1987432,cache.get,,0.77,OK,cache-cluster,v1.0.0,857f724cddb548949d2d048ae61a57ca
live_ep_000017_RETRY_STORM,RETRY_STORM,auth-service,0.5,1785925480.8263943,43f1bb8ef03e4cbb9661e532c2cbc095,,POST /api/payment,,127.41,OK,auth-service,v1.0.0,55140c5b8cd34d77a978bc4ee4cea456
live_ep_000017_RETRY_STORM,RETRY_STORM,auth-service,0.5,1785925480.8263943,85397e9a76084a6c8ab88cf790fffae0,43f1bb8ef03e4cbb9661e532c2cbc095,db.transaction,READ,7.73,OK,user-db,v1.0.0,55140c5b8cd34d77a978bc4ee4cea456
live_ep_000017_RETRY_STORM,RETRY_STORM,auth-service,0.5,1785925480.8263943,cdd90b9dc7a84730a889f44a988a2d93,43f1bb8ef03e4cbb9661e532c2cbc095,db.query.delete,READ,20.67,OK,user-db,v1.0.0,55140c5b8cd34d77a978bc4ee4cea456
live_ep_000017_RETRY_STORM,RETRY_STORM,auth-service,1.0,1785925481.3268163,978b58b9b296476c9f2705a33f02a3ef,,GET /api/auth,,116.01,OK,auth-service,v1.0.0,c0f843f4c59147e0a6638d5c91e25d95
live_ep_000017_RETRY_STORM,RETRY_STORM,auth-service,1.0,1785925481.3268163,98c36a3983884824946541aa50bbe3f6,978b58b9b296476c9f2705a33f02a3ef,db.transaction,READ,14.56,OK,user-db,v1.0.0,c0f843f4c59147e0a6638d5c91e25d95
live_ep_000017_RETRY_STORM,RETRY_STORM,auth-service,1.0,1785925481.3268163,d10f7efe86124b16aac190de58523bb0,978b58b9b296476c9f2705a33f02a3ef,db.query.update,WRITE,18.75,OK,user-db,v1.0.0,c0f843f4c59147e0a6638d5c91e25d95
live_ep_000017_RETRY_STORM,RETRY_STORM,auth-service,1.5,1785925481.8270605,1f01f46c839749d5bb7a0baa1f00b3f7,,POST /api/payment,,111.62,OK,auth-service,v1.0.0,dc13b9d2733d488eac22a566b8deae64
live_ep_000017_RETRY_STORM,RETRY_STORM,auth-service,1.5,1785925481.8270605,4a04b70eba224964ba8e58c6c25924e9,1f01f46c839749d5bb7a0baa1f00b3f7,db.query.insert,READ,10.63,OK,user-db,v1.0.0,dc13b9d2733d488eac22a566b8deae64
live_ep_000017_RETRY_STORM,RETRY_STORM,auth-service,2.0,1785925482.327604,a016dfde5840496bb86e57ec80ab7cf6,,GET /api/order,,128.95,OK,auth-service,v1.0.0,153aad7cfff146908c4a4bc813302b97
live_ep_000017_RETRY_STORM,RETRY_STORM,auth-service,2.0,1785925482.327604,cbc9226e48e14cf78f581e9d51aac57e,a016dfde5840496bb86e57ec80ab7cf6,db.query.delete,READ,20.2,OK,user-db,v1.0.0,153aad7cfff146908c4a4bc813302b97
live_ep_000017_RETRY_STORM,RETRY_STORM,auth-service,2.0,1785925482.327604,d2bc0a71ff784f948ab16e845c4f02dc,a016dfde5840496bb86e57ec80ab7cf6,db.query.select,READ,17.77,OK,user-db,v1.0.0,153aad7cfff146908c4a4bc813302b97
live_ep_000017_RETRY_STORM,RETRY_STORM,auth-service,2.0,1785925482.327604,225dba88ee0b47febfedca85a3b0709a,a016dfde5840496bb86e57ec80ab7cf6,cache.set,,2.52,OK,cache-cluster,v1.0.0,153aad7cfff146908c4a4bc813302b97
live_ep_000017_RETRY_STORM,RETRY_STORM,auth-service,2.0,1785925482.327604,c2ae9f27ec0243ee97d38b37dbce8c7c,a016dfde5840496bb86e57ec80ab7cf6,http.client.post,,30.67,OK,user-db,v1.0.0,153aad7cfff146908c4a4bc813302b97
live_ep_000017_RETRY_STORM,RETRY_STORM,auth-service,2.5,1785925482.8276649,000ce276afff46cbbdeedccd39f92755,,GET /api/health,,92.46,OK,auth-service,v1.0.0,a691d1c06dd2452c90cbcd64f75501db
live_ep_000017_RETRY_STORM,RETRY_STORM,auth-service,2.5,1785925482.8276649,5c1724cfc2904bf5b6b465ba388ac741,000ce276afff46cbbdeedccd39f92755,db.query.select,WRITE,21.01,OK,user-db,v1.0.0,a691d1c06dd2452c90cbcd64f75501db
live_ep_000017_RETRY_STORM,RETRY_STORM,auth-service,2.5,1785925482.8276649,edc07616ec68411796ba5bd065b8ceca,000ce276afff46cbbdeedccd39f92755,db.query.delete,WRITE,7.47,OK,user-db,v1.0.0,a691d1c06dd2452c90cbcd64f75501db
live_ep_000017_RETRY_STORM,RETRY_STORM,auth-service,3.0,1785925483.3281043,2c9bd7de8a5045ce8ea7e172b6863e51,,GET /api/auth,,98.26,OK,auth-service,v1.0.0,865ae9096ac1407c9b297d1dfc1288e6
live_ep_000017_RETRY_STORM,RETRY_STORM,auth-service,3.0,1785925483.3281043,3113726b2a65464182725c80f7478f20,2c9bd7de8a5045ce8ea7e172b6863e51,db.query.update,READ,37.16,OK,user-db,v1.0.0,865ae9096ac1407c9b297d1dfc1288e6
live_ep_000017_RETRY_STORM,RETRY_STORM,auth-service,3.0,1785925483.3281043,92a8655a90fc47039da30127cc5c449b,2c9bd7de8a5045ce8ea7e172b6863e51,cache.set,,60.33,OK,cache-cluster,v1.0.0,865ae9096ac1407c9b297d1dfc1288e6
live_ep_000017_RETRY_STORM,RETRY_STORM,auth-service,3.5,1785925483.8286352,a23d17afff7f47a2b6030a2833a1be52,,PUT /api/inventory,,114.09,OK,auth-service,v1.0.0,44993ca3481a42439b7fd8785c8e09ee
live_ep_000017_RETRY_STORM,RETRY_STORM,auth-service,3.5,1785925483.8286352,eb382d62bde94cfaa00b1c755ce710e3,a23d17afff7f47a2b6030a2833a1be52,db.query.update,WRITE,26.6,OK,user-db,v1.0.0,44993ca3481a42439b7fd8785c8e09ee
live_ep_000017_RETRY_STORM,RETRY_STORM,auth-service,3.5,1785925483.8286352,b8dac042f5a64cd880fbe0c7f2ab1120,a23d17afff7f47a2b6030a2833a1be52,db.query.delete,READ,22.52,OK,user-db,v1.0.0,44993ca3481a42439b7fd8785c8e09ee
live_ep_000017_RETRY_STORM,RETRY_STORM,auth-service,3.5,1785925483.8286352,9628fe6792ce4013844f61a46e47c31c,a23d17afff7f47a2b6030a2833a1be52,cache.delete,,1.62,OK,cache-cluster,v1.0.0,44993ca3481a42439b7fd8785c8e09ee
live_ep_000017_RETRY_STORM,RETRY_STORM,auth-service,4.0,1785925484.328875,8b3d996718214ebe816716c4ab565d91,,GET /api/health,,117.14,OK,auth-service,v1.0.0,f6d8192ba3cd4e9aa6e12a4f106d9519
live_ep_000017_RETRY_STORM,RETRY_STORM,auth-service,4.0,1785925484.328875,51a154812f63480cb02e38c6c550131c,8b3d996718214ebe816716c4ab565d91,db.query.update,WRITE,28.83,OK,user-db,v1.0.0,f6d8192ba3cd4e9aa6e12a4f106d9519
live_ep_000017_RETRY_STORM,RETRY_STORM,auth-service,4.0,1785925484.328875,4c104fb4fd6a4a50bb802bec64f07850,8b3d996718214ebe816716c4ab565d91,cache.set,,1.55,OK,cache-cluster,v1.0.0,f6d8192ba3cd4e9aa6e12a4f106d9519
live_ep_000017_RETRY_STORM,RETRY_STORM,auth-service,4.0,1785925484.328875,d6d41d87b66e4c569a0b5d2c6bbcff5e,8b3d996718214ebe816716c4ab565d91,http.client.post,,48.58,OK,payment-gateway,v1.0.0,f6d8192ba3cd4e9aa6e12a4f106d9519
live_ep_000017_RETRY_STORM,RETRY_STORM,auth-service,4.5,1785925484.829418,1db6aad2282a43a89d640732ba528173,,PUT /api/inventory,,121.65,OK,auth-service,v1.0.0,f3d7576195a74b02bfc29fdcc2ee935c
live_ep_000017_RETRY_STORM,RETRY_STORM,auth-service,4.5,1785925484.829418,8b113df64416464bb689c970b270aa7d,1db6aad2282a43a89d640732ba528173,db.query.update,READ,21.9,OK,user-db,v1.0.0,f3d7576195a74b02bfc29fdcc2ee935c
live_ep_000017_RETRY_STORM,RETRY_STORM,auth-service,4.5,1785925484.829418,56715ea2943a4bc58d342fade41c6b6c,1db6aad2282a43a89d640732ba528173,db.transaction,READ,27.92,OK,user-db,v1.0.0,f3d7576195a74b02bfc29fdcc2ee935c
live_ep_000017_RETRY_STORM,RETRY_STORM,auth-service,4.5,1785925484.829418,fd85685505ab49f7ab149ed797258b2f,1db6aad2282a43a89d640732ba528173,cache.get,,0.5,OK,cache-cluster,v1.0.0,f3d7576195a74b02bfc29fdcc2ee935c
live_ep_000017_RETRY_STORM,RETRY_STORM,auth-service,4.5,1785925484.829418,b275e350d64c4119b2ef19228fe36765,1db6aad2282a43a89d640732ba528173,http.client.post,,31.5,OK,payment-gateway,v1.0.0,f3d7576195a74b02bfc29fdcc2ee935c
live_ep_000017_RETRY_STORM,RETRY_STORM,auth-service,5.0,1785925485.3295074,3ba7b2e567d14aef8a0ad1eb30408b58,,PUT /api/inventory,,110.56,OK,auth-service,v1.0.0,d766c18199bd4b2ebe00729432e1da1e
live_ep_000017_RETRY_STORM,RETRY_STORM,auth-service,5.0,1785925485.3295074,171f521d940049a19a0f0860efda5fc4,3ba7b2e567d14aef8a0ad1eb30408b58,db.transaction,READ,23.38,OK,user-db,v1.0.0,d766c18199bd4b2ebe00729432e1da1e
live_ep_000017_RETRY_STORM,RETRY_STORM,auth-service,5.0,1785925485.3295074,4090f773ff104a2189e3b1806b68e8db,3ba7b2e567d14aef8a0ad1eb30408b58,cache.delete,,2.37,OK,cache-cluster,v1.0.0,d766c18199bd4b2ebe00729432e1da1e
live_ep_000017_RETRY_STORM,RETRY_STORM,auth-service,5.0,1785925485.3295074,acfbe592ed324add9b4b77b456671392,3ba7b2e567d14aef8a0ad1eb30408b58,http.client.post,,42.93,OK,inventory-api,v1.0.0,d766c18199bd4b2ebe00729432e1da1e
live_ep_000017_RETRY_STORM,RETRY_STORM,auth-service,5.5,1785925485.8299901,64655379de1c4a0fb75e85c0e00276bc,,GET /api/auth,,142.51,OK,auth-service,v1.0.0,cac1549adb9240baa4d789b29af7bdd9
live_ep_000017_RETRY_STORM,RETRY_STORM,auth-service,5.5,1785925485.8299901,02d5a2dc327f4dc4a37af05468aaccb6,64655379de1c4a0fb75e85c0e00276bc,db.query.update,READ,34.72,OK,user-db,v1.0.0,cac1549adb9240baa4d789b29af7bdd9
live_ep_000017_RETRY_STORM,RETRY_STORM,auth-service,5.5,1785925485.8299901,6d27a8bb2e444521bed58db63e5aaebb,64655379de1c4a0fb75e85c0e00276bc,db.transaction,READ,27.34,OK,user-db,v1.0.0,cac1549adb9240baa4d789b29af7bdd9
live_ep_000017_RETRY_STORM,RETRY_STORM,auth-service,5.5,1785925485.8299901,bdb04e430a00440fa64f4a0c191bb1bc,64655379de1c4a0fb75e85c0e00276bc,cache.set,,0.5,OK,cache-cluster,v1.0.0,cac1549adb9240baa4d789b29af7bdd9
live_ep_000017_RETRY_STORM,RETRY_STORM,auth-service,6.0,1785925486.3302095,b07008ad75604852b06cd210db9dacdd,,PUT /api/inventory,,108.19,OK,auth-service,v1.0.0,3d70a463ee7e465db01cb07640216b00
live_ep_000017_RETRY_STORM,RETRY_STORM,auth-service,6.0,1785925486.3302095,388d60a454014763bb050e2d76adc59f,b07008ad75604852b06cd210db9dacdd,db.transaction,READ,16.95,OK,user-db,v1.0.0,3d70a463ee7e465db01cb07640216b00
live_ep_000017_RETRY_STORM,RETRY_STORM,auth-service,6.0,1785925486.3302095,c6d4eb7e019c4f619e0bbc1f0b06abd9,b07008ad75604852b06cd210db9dacdd,db.query.delete,READ,12.67,OK,user-db,v1.0.0,3d70a463ee7e465db01cb07640216b00
live_ep_000017_RETRY_STORM,RETRY_STORM,auth-service,6.0,1785925486.3302095,bd8595a47b2b4a3c9962ae417049aef4,b07008ad75604852b06cd210db9dacdd,http.client.post,,29.41,OK,payment-gateway,v1.0.0,3d70a463ee7e465db01cb07640216b00
live_ep_000017_RETRY_STORM,RETRY_STORM,auth-service,6.5,1785925486.8303373,ff6f353b3f9b4c06baeae057ceb77b2b,,GET /api/auth,,109.15,OK,auth-service,v1.0.0,047cbb9a38b047dd9e6cbc06ceb21a2e
live_ep_000017_RETRY_STORM,RETRY_STORM,auth-service,6.5,1785925486.8303373,04b2e87e4a724066bdf3779cacb19b97,ff6f353b3f9b4c06baeae057ceb77b2b,db.transaction,WRITE,15.24,OK,user-db,v1.0.0,047cbb9a38b047dd9e6cbc06ceb21a2e
live_ep_000017_RETRY_STORM,RETRY_STORM,auth-service,6.5,1785925486.8303373,208eb5f9d00e4640a696acac0cd6f59c,ff6f353b3f9b4c06baeae057ceb77b2b,db.query.insert,WRITE,21.34,OK,user-db,v1.0.0,047cbb9a38b047dd9e6cbc06ceb21a2e
live_ep_000017_RETRY_STORM,RETRY_STORM,auth-service,6.5,1785925486.8303373,b0f742d3f7504939a010ddd74de9d765,ff6f353b3f9b4c06baeae057ceb77b2b,cache.delete,,3.27,OK,cache-cluster,v1.0.0,047cbb9a38b047dd9e6cbc06ceb21a2e
live_ep_000017_RETRY_STORM,RETRY_STORM,auth-service,7.0,1785925487.3307667,125f45db47db4710b62e30aa2c011232,,GET /api/auth,,82.43,ERROR,auth-service,v1.0.0,9eda6274a908486d83e642486d939c6c
live_ep_000017_RETRY_STORM,RETRY_STORM,auth-service,7.0,1785925487.3307667,6848b919e9b44f46a5b01a223d055823,125f45db47db4710b62e30aa2c011232,db.transaction,READ,20.62,OK,user-db,v1.0.0,9eda6274a908486d83e642486d939c6c
live_ep_000017_RETRY_STORM,RETRY_STORM,auth-service,7.0,1785925487.3307667,56ca2319eaa844af8479d9a92b5fb4d7,125f45db47db4710b62e30aa2c011232,db.query.delete,WRITE,8.62,OK,user-db,v1.0.0,9eda6274a908486d83e642486d939c6c
live_ep_000017_RETRY_STORM,RETRY_STORM,auth-service,7.5,1785925487.8313162,d083fecb057a466c9d4bc204589e9a42,,GET /api/health,,147.66,OK,auth-service,v1.0.0,70a061476cf64c2fb8857ec5068dc5be
live_ep_000017_RETRY_STORM,RETRY_STORM,auth-service,7.5,1785925487.8313162,fb267e5260804670aad2eaebb04f1a79,d083fecb057a466c9d4bc204589e9a42,db.query.delete,WRITE,29.2,OK,user-db,v1.0.0,70a061476cf64c2fb8857ec5068dc5be
live_ep_000017_RETRY_STORM,RETRY_STORM,auth-service,7.5,1785925487.8313162,6d2256348b8449d78858bd6be4c6b86a,d083fecb057a466c9d4bc204589e9a42,db.query.select,WRITE,32.6,OK,user-db,v1.0.0,70a061476cf64c2fb8857ec5068dc5be
live_ep_000017_RETRY_STORM,RETRY_STORM,auth-service,7.5,1785925487.8313162,0f73c3353cfc46fdba0123b12bcdc53c,d083fecb057a466c9d4bc204589e9a42,cache.get,,2.8,OK,cache-cluster,v1.0.0,70a061476cf64c2fb8857ec5068dc5be
live_ep_000017_RETRY_STORM,RETRY_STORM,auth-service,8.0,1785925488.3317637,9be5ccf9fe1348b0b0ef870c732a4e17,,POST /api/payment,,67.07,OK,auth-service,v1.0.0,b579cd544538450f8a28c99606424156
live_ep_000017_RETRY_STORM,RETRY_STORM,auth-service,8.0,1785925488.3317637,d0a150f9e42b40e8ab4b2e65798964fd,9be5ccf9fe1348b0b0ef870c732a4e17,db.query.update,READ,9.34,OK,user-db,v1.0.0,b579cd544538450f8a28c99606424156
live_ep_000017_RETRY_STORM,RETRY_STORM,auth-service,8.0,1785925488.3317637,de92b11c4a924639b72042d2dc7fcde2,9be5ccf9fe1348b0b0ef870c732a4e17,db.query.delete,READ,1.0,OK,user-db,v1.0.0,b579cd544538450f8a28c99606424156
live_ep_000017_RETRY_STORM,RETRY_STORM,auth-service,8.0,1785925488.3317637,6e74a22c24cb4ae3ac3e1b225fa70a92,9be5ccf9fe1348b0b0ef870c732a4e17,cache.delete,,2.56,OK,cache-cluster,v1.0.0,b579cd544538450f8a28c99606424156
live_ep_000017_RETRY_STORM,RETRY_STORM,auth-service,8.5,1785925488.8318927,827f5db33e2545c9b2d07d1f6fd98449,,POST /api/checkout,,103.32,OK,auth-service,v1.0.0,091e28c8f1f64b059b0c8e9da3707fb1
live_ep_000017_RETRY_STORM,RETRY_STORM,auth-service,8.5,1785925488.8318927,8a20a023c89b4f18a98e8b5b75927a16,827f5db33e2545c9b2d07d1f6fd98449,db.query.select,READ,43.04,OK,user-db,v1.0.0,091e28c8f1f64b059b0c8e9da3707fb1
live_ep_000017_RETRY_STORM,RETRY_STORM,auth-service,8.5,1785925488.8318927,c6e6eb258e834d949c439d609d6318c6,827f5db33e2545c9b2d07d1f6fd98449,db.transaction,WRITE,26.57,OK,user-db,v1.0.0,091e28c8f1f64b059b0c8e9da3707fb1
live_ep_000017_RETRY_STORM,RETRY_STORM,auth-service,8.5,1785925488.8318927,1cd221853e03416ab5da219527b3f2ee,827f5db33e2545c9b2d07d1f6fd98449,cache.set,,2.94,OK,cache-cluster,v1.0.0,091e28c8f1f64b059b0c8e9da3707fb1
live_ep_000017_RETRY_STORM,RETRY_STORM,auth-service,8.5,1785925488.8318927,bbabd44799744786a0bf087088975ade,827f5db33e2545c9b2d07d1f6fd98449,grpc.call,,20.95,OK,payment-gateway,v1.0.0,091e28c8f1f64b059b0c8e9da3707fb1
live_ep_000017_RETRY_STORM,RETRY_STORM,auth-service,9.0,1785925489.3321295,080f58702ba44f3ba44218c0f6c42550,,GET /api/auth,,260.01,OK,auth-service,v1.0.0,8f5ba0034d6e40d890b2e64202975854
live_ep_000017_RETRY_STORM,RETRY_STORM,auth-service,9.0,1785925489.3321295,af1ffdfdfb4849699072b5d03ef32052,080f58702ba44f3ba44218c0f6c42550,db.query.insert,WRITE,49.4,OK,user-db,v1.0.0,8f5ba0034d6e40d890b2e64202975854
live_ep_000017_RETRY_STORM,RETRY_STORM,auth-service,9.0,1785925489.3321295,294bd5a635854744b2c56181c4b1a109,080f58702ba44f3ba44218c0f6c42550,db.query.select,READ,33.88,OK,user-db,v1.0.0,8f5ba0034d6e40d890b2e64202975854
live_ep_000017_RETRY_STORM,RETRY_STORM,auth-service,9.0,1785925489.3321295,d74727148f7f4313a801fcec642ec77c,080f58702ba44f3ba44218c0f6c42550,cache.get,,2.74,OK,cache-cluster,v1.0.0,8f5ba0034d6e40d890b2e64202975854
live_ep_000017_RETRY_STORM,RETRY_STORM,auth-service,9.0,1785925489.3321295,9aeaa23cf2f347168f85ba0f96392041,080f58702ba44f3ba44218c0f6c42550,grpc.call,,35.34,OK,inventory-api,v1.0.0,8f5ba0034d6e40d890b2e64202975854
live_ep_000017_RETRY_STORM,RETRY_STORM,auth-service,9.5,1785925489.8323584,589c31ad50e445fd887f5759da8a0061,,GET /api/health,,178.06,OK,auth-service,v1.0.0,78eaf2c026964ddc8b455cbc85e45d42
live_ep_000017_RETRY_STORM,RETRY_STORM,auth-service,9.5,1785925489.8323584,bcc1197b01ae4b5d908e3df34c0db30f,589c31ad50e445fd887f5759da8a0061,db.transaction,READ,40.04,OK,user-db,v1.0.0,78eaf2c026964ddc8b455cbc85e45d42
live_ep_000017_RETRY_STORM,RETRY_STORM,auth-service,9.5,1785925489.8323584,57dc28ee7a384c0f8194fb237844965e,589c31ad50e445fd887f5759da8a0061,db.query.update,WRITE,15.62,OK,user-db,v1.0.0,78eaf2c026964ddc8b455cbc85e45d42
live_ep_000017_RETRY_STORM,RETRY_STORM,auth-service,9.5,1785925489.8323584,c53fe0d021b04962b6091a341636d0ac,589c31ad50e445fd887f5759da8a0061,cache.delete,,1.4,OK,cache-cluster,v1.0.0,78eaf2c026964ddc8b455cbc85e45d42
live_ep_000017_RETRY_STORM,RETRY_STORM,auth-service,10.0,1785925490.3324797,3167db0963344d4c939475104dccb84b,,PUT /api/inventory,,105.66,OK,auth-service,v1.0.0,50d82361d9a342869b038afee9225a7c
live_ep_000017_RETRY_STORM,RETRY_STORM,auth-service,10.0,1785925490.3324797,9cfbc4b440954068acfbf0f4dfe123c9,3167db0963344d4c939475104dccb84b,db.query.delete,WRITE,21.86,OK,user-db,v1.0.0,50d82361d9a342869b038afee9225a7c
live_ep_000017_RETRY_STORM,RETRY_STORM,auth-service,10.0,1785925490.3324797,ed2c0d015f16479493f69248fdbd8faf,3167db0963344d4c939475104dccb84b,db.query.select,WRITE,25.96,OK,user-db,v1.0.0,50d82361d9a342869b038afee9225a7c
live_ep_000017_RETRY_STORM,RETRY_STORM,auth-service,10.0,1785925490.3324797,03f454a0be5240fb88bd12cced706068,3167db0963344d4c939475104dccb84b,cache.set,,2.88,OK,cache-cluster,v1.0.0,50d82361d9a342869b038afee9225a7c
live_ep_000017_RETRY_STORM,RETRY_STORM,auth-service,10.5,1785925490.832851,4416b56571914f8f8547df9285c1591f,,PUT /api/inventory,,197.24,OK,auth-service,v1.0.0,8245a3324b254d8285ad5908f8eef86f
live_ep_000017_RETRY_STORM,RETRY_STORM,auth-service,10.5,1785925490.832851,77d787531a78472b8ebf4a16776968b0,4416b56571914f8f8547df9285c1591f,db.query.update,WRITE,22.77,OK,user-db,v1.0.0,8245a3324b254d8285ad5908f8eef86f
live_ep_000017_RETRY_STORM,RETRY_STORM,auth-service,10.5,1785925490.832851,afb7f7ac837145c59a60893eb0c89b3d,4416b56571914f8f8547df9285c1591f,db.query.insert,READ,28.48,OK,user-db,v1.0.0,8245a3324b254d8285ad5908f8eef86f
live_ep_000017_RETRY_STORM,RETRY_STORM,auth-service,10.5,1785925490.832851,290fa61287bf40b994ceec915ea77088,4416b56571914f8f8547df9285c1591f,cache.set,,1.43,OK,cache-cluster,v1.0.0,8245a3324b254d8285ad5908f8eef86f
live_ep_000017_RETRY_STORM,RETRY_STORM,auth-service,10.5,1785925490.832851,481c1bd34a9341d9a23f101ad68963ea,4416b56571914f8f8547df9285c1591f,grpc.call,,9.09,ERROR,cache-cluster,v1.0.0,8245a3324b254d8285ad5908f8eef86f
live_ep_000017_RETRY_STORM,RETRY_STORM,auth-service,11.0,1785925491.3330462,588cb1ef553b49788b1ad43be55f45d4,,GET /api/order,,264.53,OK,auth-service,v1.0.0,d7fa848ef3d6418fb030df71943a1106
live_ep_000017_RETRY_STORM,RETRY_STORM,auth-service,11.0,1785925491.3330462,f8fcb97fa1404eb4ae00cda19e78d3fc,588cb1ef553b49788b1ad43be55f45d4,db.query.delete,READ,43.82,OK,user-db,v1.0.0,d7fa848ef3d6418fb030df71943a1106
live_ep_000017_RETRY_STORM,RETRY_STORM,auth-service,11.0,1785925491.3330462,524e1cff991e45489637c773f889133c,588cb1ef553b49788b1ad43be55f45d4,cache.set,,1.97,OK,cache-cluster,v1.0.0,d7fa848ef3d6418fb030df71943a1106
live_ep_000017_RETRY_STORM,RETRY_STORM,auth-service,11.5,1785925491.8334026,742a363aaf4c43ef89ee270ae7f5c29e,,GET /api/health,,119.68,OK,auth-service,v1.0.0,c1c0c23c13b841b58acbd7ca5bb5a159
live_ep_000017_RETRY_STORM,RETRY_STORM,auth-service,11.5,1785925491.8334026,14dc009b107d4992ae12cd58c74eb6ac,742a363aaf4c43ef89ee270ae7f5c29e,db.query.insert,READ,30.75,OK,user-db,v1.0.0,c1c0c23c13b841b58acbd7ca5bb5a159
live_ep_000017_RETRY_STORM,RETRY_STORM,auth-service,11.5,1785925491.8334026,7f61ac2af5194fd6b1e3c2e2bd4aca97,742a363aaf4c43ef89ee270ae7f5c29e,db.query.insert,WRITE,23.93,OK,user-db,v1.0.0,c1c0c23c13b841b58acbd7ca5bb5a159
live_ep_000017_RETRY_STORM,RETRY_STORM,auth-service,11.5,1785925491.8334026,05c215255ad94c08ac5aef35c6e914e2,742a363aaf4c43ef89ee270ae7f5c29e,cache.delete,,1.38,OK,cache-cluster,v1.0.0,c1c0c23c13b841b58acbd7ca5bb5a159
live_ep_000017_RETRY_STORM,RETRY_STORM,auth-service,12.0,1785925492.3335695,41527f17ba3d4e6fa93840667e2958cd,,GET /api/auth,,198.15,OK,auth-service,v1.0.0,05bcf3f36f5d4194823322144834989a
live_ep_000017_RETRY_STORM,RETRY_STORM,auth-service,12.0,1785925492.3335695,ed8e2f3943804ef1a89eb428b7e066f7,41527f17ba3d4e6fa93840667e2958cd,db.query.delete,READ,41.23,OK,user-db,v1.0.0,05bcf3f36f5d4194823322144834989a
live_ep_000017_RETRY_STORM,RETRY_STORM,auth-service,12.0,1785925492.3335695,cf428942d3be41b8b8625d7fc9fa2e8b,41527f17ba3d4e6fa93840667e2958cd,db.query.update,WRITE,44.0,OK,user-db,v1.0.0,05bcf3f36f5d4194823322144834989a
live_ep_000017_RETRY_STORM,RETRY_STORM,auth-service,12.0,1785925492.3335695,2d450c466052478280ee549cb622c55d,41527f17ba3d4e6fa93840667e2958cd,cache.set,,1.67,OK,cache-cluster,v1.0.0,05bcf3f36f5d4194823322144834989a
live_ep_000017_RETRY_STORM,RETRY_STORM,auth-service,12.0,1785925492.3335695,74d7170d4ac5460882ed8071d6344c50,41527f17ba3d4e6fa93840667e2958cd,grpc.call,,29.61,OK,user-db,v1.0.0,05bcf3f36f5d4194823322144834989a
live_ep_000017_RETRY_STORM,RETRY_STORM,auth-service,12.5,1785925492.834118,69d56d587c6b4545bb1fcb0c52f6dd34,,GET /api/order,,183.77,OK,auth-service,v1.0.0,6ea6698ca70742f2908205c5a6390f32
live_ep_000017_RETRY_STORM,RETRY_STORM,auth-service,12.5,1785925492.834118,4dd22af4e1414d419917e847a832740d,69d56d587c6b4545bb1fcb0c52f6dd34,db.query.delete,READ,55.22,OK,user-db,v1.0.0,6ea6698ca70742f2908205c5a6390f32
live_ep_000017_RETRY_STORM,RETRY_STORM,auth-service,13.0,1785925493.3346741,05a6bd4e15e44e15a7342ff4df1f5782,,POST /api/checkout,,156.6,OK,auth-service,v1.0.0,fb356c1d3e714b8f80068cd342c9e670
live_ep_000017_RETRY_STORM,RETRY_STORM,auth-service,13.0,1785925493.3346741,de2158e90ec849a1a4c1fcb7b0e30c10,05a6bd4e15e44e15a7342ff4df1f5782,db.transaction,READ,28.0,OK,user-db,v1.0.0,fb356c1d3e714b8f80068cd342c9e670
live_ep_000017_RETRY_STORM,RETRY_STORM,auth-service,13.0,1785925493.3346741,758dd2e6820c4d6184e8914a36bb3c14,05a6bd4e15e44e15a7342ff4df1f5782,cache.set,,1.42,OK,cache-cluster,v1.0.0,fb356c1d3e714b8f80068cd342c9e670
live_ep_000017_RETRY_STORM,RETRY_STORM,auth-service,13.5,1785925493.8348231,934dac5c1d484ef7841c6e385c14bfc9,,GET /api/order,,177.39,OK,auth-service,v1.0.0,0d80237f354a41ac9cba6b1e8195adf6
live_ep_000017_RETRY_STORM,RETRY_STORM,auth-service,13.5,1785925493.8348231,1538eb9acd494f9f8fcd23fa37335733,934dac5c1d484ef7841c6e385c14bfc9,db.query.delete,READ,48.88,OK,user-db,v1.0.0,0d80237f354a41ac9cba6b1e8195adf6
live_ep_000017_RETRY_STORM,RETRY_STORM,auth-service,13.5,1785925493.8348231,52b80d36f00e4476ae0cacfd074f722a,934dac5c1d484ef7841c6e385c14bfc9,cache.get,,2.25,OK,cache-cluster,v1.0.0,0d80237f354a41ac9cba6b1e8195adf6
live_ep_000017_RETRY_STORM,RETRY_STORM,auth-service,14.0,1785925494.3353403,39dc2c7776624bdb87512a5944d56676,,PUT /api/inventory,,274.25,OK,auth-service,v1.0.0,de3449e2ef5947cb8ad8ebfb4e34c3b8
live_ep_000017_RETRY_STORM,RETRY_STORM,auth-service,14.0,1785925494.3353403,31a6893e8a0849ad9c08cb4232afa74a,39dc2c7776624bdb87512a5944d56676,db.query.insert,WRITE,33.33,OK,user-db,v1.0.0,de3449e2ef5947cb8ad8ebfb4e34c3b8
live_ep_000017_RETRY_STORM,RETRY_STORM,auth-service,14.0,1785925494.3353403,0056d6722922469594ad71fccb95adfe,39dc2c7776624bdb87512a5944d56676,db.query.select,READ,26.68,OK,user-db,v1.0.0,de3449e2ef5947cb8ad8ebfb4e34c3b8
live_ep_000017_RETRY_STORM,RETRY_STORM,auth-service,14.0,1785925494.3353403,c1c8a74038b443bdbc68b89a21ebd9ec,39dc2c7776624bdb87512a5944d56676,cache.delete,,0.97,OK,cache-cluster,v1.0.0,de3449e2ef5947cb8ad8ebfb4e34c3b8
live_ep_000017_RETRY_STORM,RETRY_STORM,auth-service,14.5,1785925494.83571,8ff1c825038a478f82bc897844b84804,,GET /api/order,,304.27,ERROR,auth-service,v1.0.0,03eb2b41c0514d93848cd7a6b1531fb4
live_ep_000017_RETRY_STORM,RETRY_STORM,auth-service,14.5,1785925494.83571,cc102954b3454614934ab9e043dfb0d8,8ff1c825038a478f82bc897844b84804,db.transaction,WRITE,44.51,OK,user-db,v1.0.0,03eb2b41c0514d93848cd7a6b1531fb4
live_ep_000017_RETRY_STORM,RETRY_STORM,auth-service,14.5,1785925494.83571,f02b4f3a0502451c9a726cbf30a6d08c,8ff1c825038a478f82bc897844b84804,db.query.delete,READ,41.89,OK,user-db,v1.0.0,03eb2b41c0514d93848cd7a6b1531fb4
live_ep_000017_RETRY_STORM,RETRY_STORM,auth-service,14.5,1785925494.83571,d5e85c0b70464af586a4441ba37038ce,8ff1c825038a478f82bc897844b84804,cache.set,,69.74,OK,cache-cluster,v1.0.0,03eb2b41c0514d93848cd7a6b1531fb4
live_ep_000017_RETRY_STORM,RETRY_STORM,auth-service,14.5,1785925494.83571,e43ec9f7b1204e4da4560e45cd9bd329,8ff1c825038a478f82bc897844b84804,http.client.get,,42.12,ERROR,user-db,v1.0.0,03eb2b41c0514d93848cd7a6b1531fb4
live_ep_000017_RETRY_STORM,RETRY_STORM,auth-service,15.0,1785925495.3358915,09d6aca3874b42368c551c245c1d79f3,,GET /api/order,,237.84,OK,auth-service,v1.0.0,e717b49227ca406eb72b5a016c1fe97e
live_ep_000017_RETRY_STORM,RETRY_STORM,auth-service,15.0,1785925495.3358915,463758b530e547069b5696e0005c3ece,09d6aca3874b42368c551c245c1d79f3,db.query.select,READ,53.64,OK,user-db,v1.0.0,e717b49227ca406eb72b5a016c1fe97e
live_ep_000017_RETRY_STORM,RETRY_STORM,auth-service,15.0,1785925495.3358915,eba6e886fa034f6080198d3adcf88513,09d6aca3874b42368c551c245c1d79f3,cache.set,,1.81,OK,cache-cluster,v1.0.0,e717b49227ca406eb72b5a016c1fe97e
live_ep_000017_RETRY_STORM,RETRY_STORM,auth-service,15.0,1785925495.3358915,1adb0ac996394447a4b6fa775a60ebc7,09d6aca3874b42368c551c245c1d79f3,http.client.get,,43.44,OK,payment-gateway,v1.0.0,e717b49227ca406eb72b5a016c1fe97e
live_ep_000017_RETRY_STORM,RETRY_STORM,auth-service,15.5,1785925495.8360584,e221be53f2f54fb293ad125839de3daa,,POST /api/checkout,,266.34,OK,auth-service,v1.0.0,1ead710e372440508eea2c273f0dccc3
live_ep_000017_RETRY_STORM,RETRY_STORM,auth-service,15.5,1785925495.8360584,71d65e8ef6bc4db9abdc5ec2f87ea08b,e221be53f2f54fb293ad125839de3daa,db.query.insert,READ,45.89,OK,user-db,v1.0.0,1ead710e372440508eea2c273f0dccc3
live_ep_000017_RETRY_STORM,RETRY_STORM,auth-service,15.5,1785925495.8360584,6df53dbdf71e45609cf24103b002df66,e221be53f2f54fb293ad125839de3daa,cache.get,,0.64,OK,cache-cluster,v1.0.0,1ead710e372440508eea2c273f0dccc3
live_ep_000017_RETRY_STORM,RETRY_STORM,auth-service,16.0,1785925496.3364792,1070a89853714e21ac95958c812e0b0b,,PUT /api/inventory,,257.09,OK,auth-service,v1.0.0,540696be032f4fe9908c45d2e68f11c5
live_ep_000017_RETRY_STORM,RETRY_STORM,auth-service,16.0,1785925496.3364792,e6f3076e00f64d108b1a5434fe4130c8,1070a89853714e21ac95958c812e0b0b,db.query.update,WRITE,43.1,OK,user-db,v1.0.0,540696be032f4fe9908c45d2e68f11c5
live_ep_000017_RETRY_STORM,RETRY_STORM,auth-service,16.0,1785925496.3364792,87719d6793364e759a9d7a540496be95,1070a89853714e21ac95958c812e0b0b,db.query.update,READ,42.33,OK,user-db,v1.0.0,540696be032f4fe9908c45d2e68f11c5
live_ep_000017_RETRY_STORM,RETRY_STORM,auth-service,16.5,1785925496.8370109,db034d399e90463380951691158e61e1,,GET /api/auth,,247.66,OK,auth-service,v1.0.0,4a2d439c7f634a1cb394af59a90700d9
live_ep_000017_RETRY_STORM,RETRY_STORM,auth-service,16.5,1785925496.8370109,d29d001d957949b9bbfc7a56344c7215,db034d399e90463380951691158e61e1,db.query.update,WRITE,22.68,OK,user-db,v1.0.0,4a2d439c7f634a1cb394af59a90700d9
live_ep_000017_RETRY_STORM,RETRY_STORM,auth-service,16.5,1785925496.8370109,f28d6b4695524a16a0127c51970203d2,db034d399e90463380951691158e61e1,http.client.post,,43.26,OK,inventory-api,v1.0.0,4a2d439c7f634a1cb394af59a90700d9
live_ep_000017_RETRY_STORM,RETRY_STORM,auth-service,17.0,1785925497.3371081,df0d737d0a8c48b08424bf9bd61b0229,,GET /api/order,,228.2,OK,auth-service,v1.0.0,77817af67917489ab39143b042f6f6e4
live_ep_000017_RETRY_STORM,RETRY_STORM,auth-service,17.0,1785925497.3371081,20849addb0b744b28cb43e4f7b1bbdd2,df0d737d0a8c48b08424bf9bd61b0229,db.query.update,READ,28.19,OK,user-db,v1.0.0,77817af67917489ab39143b042f6f6e4
live_ep_000017_RETRY_STORM,RETRY_STORM,auth-service,17.0,1785925497.3371081,779f76f986134a738b5193b0831bc073,df0d737d0a8c48b08424bf9bd61b0229,cache.set,,2.66,OK,cache-cluster,v1.0.0,77817af67917489ab39143b042f6f6e4
live_ep_000017_RETRY_STORM,RETRY_STORM,auth-service,17.5,1785925497.8375387,0398f9318d994615b9a5d2316e8c703a,,PUT /api/inventory,,275.61,OK,auth-service,v1.0.0,49ef6d63b2614464b2c069cc5a48c04d
live_ep_000017_RETRY_STORM,RETRY_STORM,auth-service,17.5,1785925497.8375387,11580fa910f540ada0b74c0200125677,0398f9318d994615b9a5d2316e8c703a,db.query.select,WRITE,41.47,OK,user-db,v1.0.0,49ef6d63b2614464b2c069cc5a48c04d
live_ep_000017_RETRY_STORM,RETRY_STORM,auth-service,17.5,1785925497.8375387,e33db091faa84f66a35c14da096cfa43,0398f9318d994615b9a5d2316e8c703a,db.query.insert,READ,34.02,OK,user-db,v1.0.0,49ef6d63b2614464b2c069cc5a48c04d
live_ep_000017_RETRY_STORM,RETRY_STORM,auth-service,17.5,1785925497.8375387,2de0c2a7aa7642399b401c398ab9de5c,0398f9318d994615b9a5d2316e8c703a,http.client.post,,37.77,OK,payment-gateway,v1.0.0,49ef6d63b2614464b2c069cc5a48c04d
live_ep_000017_RETRY_STORM,RETRY_STORM,auth-service,18.0,1785925498.3375907,64242a38b39a4b119a941ff59b8c9195,,POST /api/checkout,,246.03,OK,auth-service,v1.0.0,6b2c59c994ac4d76a6f2b50b58c613c0
live_ep_000017_RETRY_STORM,RETRY_STORM,auth-service,18.0,1785925498.3375907,c2bd4c1883e743b99f33596eb5ebb667,64242a38b39a4b119a941ff59b8c9195,db.query.update,READ,24.48,OK,user-db,v1.0.0,6b2c59c994ac4d76a6f2b50b58c613c0
live_ep_000017_RETRY_STORM,RETRY_STORM,auth-service,18.0,1785925498.3375907,05ebd103ac0548fc89a1670549f67593,64242a38b39a4b119a941ff59b8c9195,db.query.insert,READ,26.3,OK,user-db,v1.0.0,6b2c59c994ac4d76a6f2b50b58c613c0
live_ep_000017_RETRY_STORM,RETRY_STORM,auth-service,18.0,1785925498.3375907,e405a73550d6427493b6038c4568f53c,64242a38b39a4b119a941ff59b8c9195,cache.delete,,1.38,OK,cache-cluster,v1.0.0,6b2c59c994ac4d76a6f2b50b58c613c0
live_ep_000017_RETRY_STORM,RETRY_STORM,auth-service,18.0,1785925498.3375907,b21e74b3bf724c969ed4b16853c37950,64242a38b39a4b119a941ff59b8c9195,http.client.post,,21.22,OK,payment-gateway,v1.0.0,6b2c59c994ac4d76a6f2b50b58c613c0
live_ep_000017_RETRY_STORM,RETRY_STORM,auth-service,18.5,1785925498.8378778,aae37c3f03f04755bf38304c878566fd,,GET /api/health,,197.81,OK,auth-service,v1.0.0,70c2ae51328448708b6debd72b40d8c3
live_ep_000017_RETRY_STORM,RETRY_STORM,auth-service,18.5,1785925498.8378778,e2d9262b5f104cf8ba15aed5e6e6cdea,aae37c3f03f04755bf38304c878566fd,db.query.delete,READ,33.38,OK,user-db,v1.0.0,70c2ae51328448708b6debd72b40d8c3
live_ep_000017_RETRY_STORM,RETRY_STORM,auth-service,18.5,1785925498.8378778,39f326e91a3244839b1ec22914b2e1b1,aae37c3f03f04755bf38304c878566fd,db.query.delete,READ,31.69,OK,user-db,v1.0.0,70c2ae51328448708b6debd72b40d8c3
live_ep_000017_RETRY_STORM,RETRY_STORM,auth-service,18.5,1785925498.8378778,7d3a501bf98e4320bc96b0c066320354,aae37c3f03f04755bf38304c878566fd,cache.set,,2.62,OK,cache-cluster,v1.0.0,70c2ae51328448708b6debd72b40d8c3
live_ep_000017_RETRY_STORM,RETRY_STORM,auth-service,18.5,1785925498.8378778,af9d4823f98d4399aee9826631693cee,aae37c3f03f04755bf38304c878566fd,http.client.get,,27.37,OK,payment-gateway,v1.0.0,70c2ae51328448708b6debd72b40d8c3
live_ep_000017_RETRY_STORM,RETRY_STORM,auth-service,19.0,1785925499.338203,ad32991dd9a14f399ac316aeed265dd2,,POST /api/checkout,,91.46,OK,auth-service,v1.0.0,042a170f02a94307a62ec6847417d380
live_ep_000017_RETRY_STORM,RETRY_STORM,auth-service,19.0,1785925499.338203,82c3e6678192459084fefa0a103ad143,ad32991dd9a14f399ac316aeed265dd2,db.query.select,WRITE,19.95,OK,user-db,v1.0.0,042a170f02a94307a62ec6847417d380
live_ep_000017_RETRY_STORM,RETRY_STORM,auth-service,19.0,1785925499.338203,1a8effd2839b40009d83d434543fff89,ad32991dd9a14f399ac316aeed265dd2,cache.get,,2.48,OK,cache-cluster,v1.0.0,042a170f02a94307a62ec6847417d380
live_ep_000017_RETRY_STORM,RETRY_STORM,auth-service,19.5,1785925499.8384893,a356205f961642dc92e3df507a88bad4,,GET /api/order,,207.73,OK,auth-service,v1.0.0,d4c558782be040ce962589a8e0b76af5
live_ep_000017_RETRY_STORM,RETRY_STORM,auth-service,19.5,1785925499.8384893,c64a14efe69d458eaf4d7c95a03e547a,a356205f961642dc92e3df507a88bad4,db.query.insert,WRITE,33.58,OK,user-db,v1.0.0,d4c558782be040ce962589a8e0b76af5
live_ep_000017_RETRY_STORM,RETRY_STORM,auth-service,19.5,1785925499.8384893,4b0f146030db4d108ee2c32babb3a81b,a356205f961642dc92e3df507a88bad4,db.query.update,WRITE,37.37,OK,user-db,v1.0.0,d4c558782be040ce962589a8e0b76af5
live_ep_000017_RETRY_STORM,RETRY_STORM,auth-service,19.5,1785925499.8384893,a7e505def5e448cd8f5576f90148d869,a356205f961642dc92e3df507a88bad4,cache.get,,2.98,OK,cache-cluster,v1.0.0,d4c558782be040ce962589a8e0b76af5
live_ep_000017_RETRY_STORM,RETRY_STORM,auth-service,20.0,1785925500.3386705,7d3121977ecd40e887d834892e797c96,,GET /api/order,,208.3,OK,auth-service,v1.0.0,932ed068fc8d40f9b93389146f6621cb
live_ep_000017_RETRY_STORM,RETRY_STORM,auth-service,20.0,1785925500.3386705,c4cd6e68f2384d20ab05df45957af2c6,7d3121977ecd40e887d834892e797c96,db.query.insert,READ,41.25,OK,user-db,v1.0.0,932ed068fc8d40f9b93389146f6621cb
live_ep_000017_RETRY_STORM,RETRY_STORM,auth-service,20.0,1785925500.3386705,bf21678c5af646ea93ad33ae71e12fdb,7d3121977ecd40e887d834892e797c96,db.transaction,WRITE,27.11,OK,user-db,v1.0.0,932ed068fc8d40f9b93389146f6621cb
live_ep_000017_RETRY_STORM,RETRY_STORM,auth-service,20.0,1785925500.3386705,d0f26b0894ff401cbee3b4b505f0fffd,7d3121977ecd40e887d834892e797c96,cache.delete,,0.5,OK,cache-cluster,v1.0.0,932ed068fc8d40f9b93389146f6621cb
live_ep_000017_RETRY_STORM,RETRY_STORM,auth-service,20.5,1785925500.8388443,c9adf4c2ad514a14a6d2b0783f200d9b,,POST /api/checkout,,208.37,ERROR,auth-service,v1.0.0,bbf017e50935457b92cf2b22741e4bcc
live_ep_000017_RETRY_STORM,RETRY_STORM,auth-service,20.5,1785925500.8388443,e52234922c64481ba79a222b42686cec,c9adf4c2ad514a14a6d2b0783f200d9b,db.query.insert,WRITE,43.07,OK,user-db,v1.0.0,bbf017e50935457b92cf2b22741e4bcc
live_ep_000017_RETRY_STORM,RETRY_STORM,auth-service,20.5,1785925500.8388443,5a74d02d55f84eb2927afedb92f44ad0,c9adf4c2ad514a14a6d2b0783f200d9b,db.query.insert,READ,35.91,OK,user-db,v1.0.0,bbf017e50935457b92cf2b22741e4bcc
live_ep_000017_RETRY_STORM,RETRY_STORM,auth-service,20.5,1785925500.8388443,0b433780b3db429286c88b6d4eabe58a,c9adf4c2ad514a14a6d2b0783f200d9b,cache.set,,1.28,OK,cache-cluster,v1.0.0,bbf017e50935457b92cf2b22741e4bcc
live_ep_000017_RETRY_STORM,RETRY_STORM,auth-service,20.5,1785925500.8388443,b337c0d6fc1948bfa2d58bee8124abe0,c9adf4c2ad514a14a6d2b0783f200d9b,http.client.get,,31.37,OK,payment-gateway,v1.0.0,bbf017e50935457b92cf2b22741e4bcc
live_ep_000017_RETRY_STORM,RETRY_STORM,auth-service,21.0,1785925501.3390968,00c18bdecc6044c8a6657ac78bd2b830,,GET /api/order,,233.06,ERROR,auth-service,v1.0.0,b8055d4618074468bac3d92de611b309
live_ep_000017_RETRY_STORM,RETRY_STORM,auth-service,21.0,1785925501.3390968,e76d8e86d0e34f2e973634c0f83c0abe,00c18bdecc6044c8a6657ac78bd2b830,db.query.delete,READ,31.35,OK,user-db,v1.0.0,b8055d4618074468bac3d92de611b309
live_ep_000017_RETRY_STORM,RETRY_STORM,auth-service,21.0,1785925501.3390968,26b00256acdb46ef8e2b3a7ffbd9d73a,00c18bdecc6044c8a6657ac78bd2b830,db.query.delete,READ,30.57,OK,user-db,v1.0.0,b8055d4618074468bac3d92de611b309
live_ep_000017_RETRY_STORM,RETRY_STORM,auth-service,21.0,1785925501.3390968,a20daa82aed24e8bb5c4a6327493862d,00c18bdecc6044c8a6657ac78bd2b830,grpc.call,,32.51,OK,inventory-api,v1.0.0,b8055d4618074468bac3d92de611b309
live_ep_000017_RETRY_STORM,RETRY_STORM,auth-service,21.5,1785925501.8445609,5ce5548d3d4648adad5d3ac031cf6457,,GET /api/order,,242.69,OK,auth-service,v1.0.0,a38b33367c2948dc97b607c7dbc19d56
live_ep_000017_RETRY_STORM,RETRY_STORM,auth-service,21.5,1785925501.8445609,ca8e0479a6774416bb0c4c37482ca571,5ce5548d3d4648adad5d3ac031cf6457,db.query.update,WRITE,18.96,OK,user-db,v1.0.0,a38b33367c2948dc97b607c7dbc19d56
live_ep_000017_RETRY_STORM,RETRY_STORM,auth-service,21.5,1785925501.8445609,2242277a28524cd38f4bd79473a73650,5ce5548d3d4648adad5d3ac031cf6457,cache.set,,2.22,OK,cache-cluster,v1.0.0,a38b33367c2948dc97b607c7dbc19d56
live_ep_000017_RETRY_STORM,RETRY_STORM,auth-service,22.0,1785925502.3447037,28e939e9d609423ab556a1868e077b6f,,GET /api/auth,,298.85,OK,auth-service,v1.0.0,637c3aac529e4bdabbff8ed20b1daa6b
live_ep_000017_RETRY_STORM,RETRY_STORM,auth-service,22.0,1785925502.3447037,4171b02120684df3847089882009ea42,28e939e9d609423ab556a1868e077b6f,db.query.select,READ,23.45,OK,user-db,v1.0.0,637c3aac529e4bdabbff8ed20b1daa6b
live_ep_000017_RETRY_STORM,RETRY_STORM,auth-service,22.0,1785925502.3447037,94f8784890304dd0b72d5d820e64b9b3,28e939e9d609423ab556a1868e077b6f,http.client.post,,17.52,OK,cache-cluster,v1.0.0,637c3aac529e4bdabbff8ed20b1daa6b
live_ep_000017_RETRY_STORM,RETRY_STORM,auth-service,22.5,1785925502.8451493,39778ea7176e4c899395454ce05bfb6f,,GET /api/order,,200.54,ERROR,auth-service,v1.0.0,2584552354ce491bb036916181b9052b
live_ep_000017_RETRY_STORM,RETRY_STORM,auth-service,22.5,1785925502.8451493,ce386cb84f1149bfa7b43f2241918670,39778ea7176e4c899395454ce05bfb6f,db.query.update,WRITE,31.77,OK,user-db,v1.0.0,2584552354ce491bb036916181b9052b
live_ep_000017_RETRY_STORM,RETRY_STORM,auth-service,22.5,1785925502.8451493,5982ef7473054ef3bfcdcd43b6bb99cd,39778ea7176e4c899395454ce05bfb6f,http.client.get,,16.96,OK,user-db,v1.0.0,2584552354ce491bb036916181b9052b
live_ep_000017_RETRY_STORM,RETRY_STORM,auth-service,23.0,1785925503.3452861,0050adf4eefa42729852097750235511,,GET /api/auth,,252.23,OK,auth-service,v1.0.0,cca013ab58e1496480761dfaf35cadee
live_ep_000017_RETRY_STORM,RETRY_STORM,auth-service,23.0,1785925503.3452861,4ba581f01e9b4ebc848bb863d569cc89,0050adf4eefa42729852097750235511,db.transaction,WRITE,51.37,OK,user-db,v1.0.0,cca013ab58e1496480761dfaf35cadee
live_ep_000017_RETRY_STORM,RETRY_STORM,auth-service,23.0,1785925503.3452861,2c21f79c30bf4033a191a3dfd5b7565c,0050adf4eefa42729852097750235511,db.query.insert,WRITE,35.39,OK,user-db,v1.0.0,cca013ab58e1496480761dfaf35cadee
live_ep_000017_RETRY_STORM,RETRY_STORM,auth-service,23.0,1785925503.3452861,60bfb0ed69684b309f4774ec1c478b6f,0050adf4eefa42729852097750235511,cache.delete,,79.02,OK,cache-cluster,v1.0.0,cca013ab58e1496480761dfaf35cadee
live_ep_000017_RETRY_STORM,RETRY_STORM,auth-service,23.0,1785925503.3452861,34a66daef86a484499ba825e09ee48cf,0050adf4eefa42729852097750235511,grpc.call,,15.22,OK,user-db,v1.0.0,cca013ab58e1496480761dfaf35cadee
live_ep_000017_RETRY_STORM,RETRY_STORM,auth-service,23.5,1785925503.8456903,43405f50ae2a49eea62610d09ff0d866,,GET /api/order,,193.35,OK,auth-service,v1.0.0,35185228335c4d9a8fae5e58f17d3bd4
live_ep_000017_RETRY_STORM,RETRY_STORM,auth-service,23.5,1785925503.8456903,0e367ab468004414baff779cda3b31d0,43405f50ae2a49eea62610d09ff0d866,db.transaction,READ,42.54,OK,user-db,v1.0.0,35185228335c4d9a8fae5e58f17d3bd4
live_ep_000017_RETRY_STORM,RETRY_STORM,auth-service,23.5,1785925503.8456903,ab3657bc91c74e5c8dfb14f04b53b8bd,43405f50ae2a49eea62610d09ff0d866,db.transaction,READ,38.95,OK,user-db,v1.0.0,35185228335c4d9a8fae5e58f17d3bd4
live_ep_000017_RETRY_STORM,RETRY_STORM,auth-service,23.5,1785925503.8456903,8073d3d15d574116ac464b2935c18f14,43405f50ae2a49eea62610d09ff0d866,cache.set,,2.32,OK,cache-cluster,v1.0.0,35185228335c4d9a8fae5e58f17d3bd4
live_ep_000017_RETRY_STORM,RETRY_STORM,auth-service,24.0,1785925504.3458774,b93f5b7f9635449e9644a3f2745fa100,,PUT /api/inventory,,183.53,OK,auth-service,v1.0.0,45bf53c17dcd4d89b384df81c3cc2601
live_ep_000017_RETRY_STORM,RETRY_STORM,auth-service,24.0,1785925504.3458774,fc6a72d5312f4faf9fd29c14ea0aff89,b93f5b7f9635449e9644a3f2745fa100,db.transaction,READ,22.15,OK,user-db,v1.0.0,45bf53c17dcd4d89b384df81c3cc2601
live_ep_000017_RETRY_STORM,RETRY_STORM,auth-service,24.0,1785925504.3458774,19cb2d9bd301405a88d2d21b4cc0542f,b93f5b7f9635449e9644a3f2745fa100,db.query.update,READ,16.86,OK,user-db,v1.0.0,45bf53c17dcd4d89b384df81c3cc2601
live_ep_000017_RETRY_STORM,RETRY_STORM,auth-service,24.0,1785925504.3458774,8f6b04050e1843f793f5e5de89f540cb,b93f5b7f9635449e9644a3f2745fa100,cache.set,,1.47,OK,cache-cluster,v1.0.0,45bf53c17dcd4d89b384df81c3cc2601
live_ep_000017_RETRY_STORM,RETRY_STORM,auth-service,24.5,1785925504.8459423,0968f3fca9274a08a37167b46f5e4c04,,GET /api/order,,152.26,ERROR,auth-service,v1.0.0,ae4bb8a9222e42659188d2801e78b793
live_ep_000017_RETRY_STORM,RETRY_STORM,auth-service,24.5,1785925504.8459423,81499b375c484492be07045995e54562,0968f3fca9274a08a37167b46f5e4c04,db.query.delete,READ,24.61,OK,user-db,v1.0.0,ae4bb8a9222e42659188d2801e78b793
live_ep_000017_RETRY_STORM,RETRY_STORM,auth-service,24.5,1785925504.8459423,e3705ad4302545dabaed93655bab3a09,0968f3fca9274a08a37167b46f5e4c04,db.query.select,READ,37.27,OK,user-db,v1.0.0,ae4bb8a9222e42659188d2801e78b793
live_ep_000017_RETRY_STORM,RETRY_STORM,auth-service,24.5,1785925504.8459423,5c5886da143649208d328cfd58687f49,0968f3fca9274a08a37167b46f5e4c04,cache.set,,4.58,OK,cache-cluster,v1.0.0,ae4bb8a9222e42659188d2801e78b793
live_ep_000017_RETRY_STORM,RETRY_STORM,auth-service,25.0,1785925505.3461807,0171c482d65f4588bb331feb3f318c1a,,POST /api/checkout,,143.47,OK,auth-service,v1.0.0,f534e7ecf98e42bca4be943a04130057
live_ep_000017_RETRY_STORM,RETRY_STORM,auth-service,25.0,1785925505.3461807,48bb5052cd9e4f0c94c5db01c22dba1d,0171c482d65f4588bb331feb3f318c1a,db.query.delete,WRITE,36.76,OK,user-db,v1.0.0,f534e7ecf98e42bca4be943a04130057
live_ep_000017_RETRY_STORM,RETRY_STORM,auth-service,25.0,1785925505.3461807,9bbe771fd49d4591837466e814b6f8fe,0171c482d65f4588bb331feb3f318c1a,cache.set,,2.14,OK,cache-cluster,v1.0.0,f534e7ecf98e42bca4be943a04130057
live_ep_000017_RETRY_STORM,RETRY_STORM,auth-service,25.0,1785925505.3461807,d6f2d152660a4b40a94b6cc3a8fb3a97,0171c482d65f4588bb331feb3f318c1a,http.client.post,,34.72,OK,user-db,v1.0.0,f534e7ecf98e42bca4be943a04130057
live_ep_000017_RETRY_STORM,RETRY_STORM,auth-service,25.5,1785925505.8464355,f88c720163b94ee59e2dcad702ce8098,,POST /api/payment,,259.87,OK,auth-service,v1.0.0,92dc25fe1e21416bbb1c8b3f7669bfac
live_ep_000017_RETRY_STORM,RETRY_STORM,auth-service,25.5,1785925505.8464355,7924f7cd5a9945cb9a5a783b9fe6157b,f88c720163b94ee59e2dcad702ce8098,db.query.insert,READ,52.24,OK,user-db,v1.0.0,92dc25fe1e21416bbb1c8b3f7669bfac
live_ep_000017_RETRY_STORM,RETRY_STORM,auth-service,25.5,1785925505.8464355,8cb9d969ff8c4c76ab42cdf1c3e2b0eb,f88c720163b94ee59e2dcad702ce8098,db.query.select,WRITE,52.12,OK,user-db,v1.0.0,92dc25fe1e21416bbb1c8b3f7669bfac
live_ep_000017_RETRY_STORM,RETRY_STORM,auth-service,26.0,1785925506.3465986,d547aee3b72c42bb89834eb59bd4aaa6,,POST /api/payment,,169.78,OK,auth-service,v1.0.0,e10afb2bf9ce4f488a55b78e89ca3786
live_ep_000017_RETRY_STORM,RETRY_STORM,auth-service,26.0,1785925506.3465986,953993f1f73b48f497be887c57de3a41,d547aee3b72c42bb89834eb59bd4aaa6,db.query.update,READ,27.64,OK,user-db,v1.0.0,e10afb2bf9ce4f488a55b78e89ca3786
live_ep_000017_RETRY_STORM,RETRY_STORM,auth-service,26.0,1785925506.3465986,85d1af93d0f24fe2a3ec738f2d53f410,d547aee3b72c42bb89834eb59bd4aaa6,db.query.delete,WRITE,13.87,OK,user-db,v1.0.0,e10afb2bf9ce4f488a55b78e89ca3786
live_ep_000017_RETRY_STORM,RETRY_STORM,auth-service,26.5,1785925506.8470645,a921990290a0471ba11dd8b6ca3c5fd7,,PUT /api/inventory,,211.18,OK,auth-service,v1.0.0,e824a5f045084a46ab03a269a0acd49c
live_ep_000017_RETRY_STORM,RETRY_STORM,auth-service,26.5,1785925506.8470645,a451009743a0443898239f0a05180e38,a921990290a0471ba11dd8b6ca3c5fd7,db.query.insert,WRITE,42.98,ERROR,user-db,v1.0.0,e824a5f045084a46ab03a269a0acd49c
live_ep_000017_RETRY_STORM,RETRY_STORM,auth-service,26.5,1785925506.8470645,5ec2062664cb4b7fbad2d5158fcbd3ae,a921990290a0471ba11dd8b6ca3c5fd7,db.query.delete,WRITE,28.31,OK,user-db,v1.0.0,e824a5f045084a46ab03a269a0acd49c
live_ep_000017_RETRY_STORM,RETRY_STORM,auth-service,26.5,1785925506.8470645,dd7c8078aff741f88bf458ee6db5862a,a921990290a0471ba11dd8b6ca3c5fd7,cache.get,,2.47,OK,cache-cluster,v1.0.0,e824a5f045084a46ab03a269a0acd49c
live_ep_000017_RETRY_STORM,RETRY_STORM,auth-service,27.0,1785925507.3473911,d09fcb7295234cd9965e73989decb07c,,GET /api/auth,,193.24,OK,auth-service,v1.0.0,b8ddb4b14ca6466fa20a787322f3bc05
live_ep_000017_RETRY_STORM,RETRY_STORM,auth-service,27.0,1785925507.3473911,6197a1146d3b4af7869527f32ee426f7,d09fcb7295234cd9965e73989decb07c,db.query.delete,READ,23.74,OK,user-db,v1.0.0,b8ddb4b14ca6466fa20a787322f3bc05
live_ep_000017_RETRY_STORM,RETRY_STORM,auth-service,27.0,1785925507.3473911,a9023fd7629d47ad9ce98746c9a5aa71,d09fcb7295234cd9965e73989decb07c,grpc.call,,32.59,ERROR,user-db,v1.0.0,b8ddb4b14ca6466fa20a787322f3bc05
live_ep_000017_RETRY_STORM,RETRY_STORM,auth-service,27.5,1785925507.847445,6fc38e978e254b3c88406f2285e247d7,,POST /api/payment,,181.84,OK,auth-service,v1.0.0,19f0b37912c6411090336ad1a0e9f061
live_ep_000017_RETRY_STORM,RETRY_STORM,auth-service,27.5,1785925507.847445,03cb4560055247bb924a340a4f96d106,6fc38e978e254b3c88406f2285e247d7,db.query.update,WRITE,53.36,OK,user-db,v1.0.0,19f0b37912c6411090336ad1a0e9f061
live_ep_000017_RETRY_STORM,RETRY_STORM,auth-service,27.5,1785925507.847445,1131b1d0fe2a4b469b71927c67b7ef70,6fc38e978e254b3c88406f2285e247d7,db.query.delete,WRITE,37.27,OK,user-db,v1.0.0,19f0b37912c6411090336ad1a0e9f061
live_ep_000017_RETRY_STORM,RETRY_STORM,auth-service,27.5,1785925507.847445,468b5649e7dd4a52aa9937f8a4a9a10f,6fc38e978e254b3c88406f2285e247d7,cache.get,,75.14,OK,cache-cluster,v1.0.0,19f0b37912c6411090336ad1a0e9f061
live_ep_000017_RETRY_STORM,RETRY_STORM,auth-service,28.0,1785925508.3477716,6600e59d23e84ab5a26a83d067b9ff5e,,GET /api/order,,240.04,OK,auth-service,v1.0.0,e49fb658c3dc42a88801b78075b96b6d
live_ep_000017_RETRY_STORM,RETRY_STORM,auth-service,28.0,1785925508.3477716,6b2b092adaf04a78b5109dd193819927,6600e59d23e84ab5a26a83d067b9ff5e,db.transaction,WRITE,37.26,OK,user-db,v1.0.0,e49fb658c3dc42a88801b78075b96b6d
live_ep_000017_RETRY_STORM,RETRY_STORM,auth-service,28.0,1785925508.3477716,07bafcfffde94a60ad3d5422e3031fa5,6600e59d23e84ab5a26a83d067b9ff5e,db.transaction,WRITE,26.79,OK,user-db,v1.0.0,e49fb658c3dc42a88801b78075b96b6d
live_ep_000017_RETRY_STORM,RETRY_STORM,auth-service,28.0,1785925508.3477716,72802615600d45808107ff40b7649445,6600e59d23e84ab5a26a83d067b9ff5e,cache.delete,,1.88,OK,cache-cluster,v1.0.0,e49fb658c3dc42a88801b78075b96b6d
live_ep_000017_RETRY_STORM,RETRY_STORM,auth-service,28.0,1785925508.3477716,37c34727f486449f9b6367dcb5a4a20c,6600e59d23e84ab5a26a83d067b9ff5e,http.client.post,,22.85,ERROR,payment-gateway,v1.0.0,e49fb658c3dc42a88801b78075b96b6d
live_ep_000017_RETRY_STORM,RETRY_STORM,auth-service,28.5,1785925508.847952,71f2a03833834e69943ba16577fe19ee,,PUT /api/inventory,,148.42,OK,auth-service,v1.0.0,798225a6d4254468b1794d518e6276c4
live_ep_000017_RETRY_STORM,RETRY_STORM,auth-service,28.5,1785925508.847952,afad35d7f909406eb160d42702863660,71f2a03833834e69943ba16577fe19ee,db.query.delete,READ,27.53,OK,user-db,v1.0.0,798225a6d4254468b1794d518e6276c4
live_ep_000017_RETRY_STORM,RETRY_STORM,auth-service,28.5,1785925508.847952,3c18f649d80e4d2eba7e08c00dd89c60,71f2a03833834e69943ba16577fe19ee,db.query.update,READ,32.05,OK,user-db,v1.0.0,798225a6d4254468b1794d518e6276c4
live_ep_000017_RETRY_STORM,RETRY_STORM,auth-service,28.5,1785925508.847952,c26b2095413f4c8ba70f15930b691de7,71f2a03833834e69943ba16577fe19ee,cache.get,,2.99,OK,cache-cluster,v1.0.0,798225a6d4254468b1794d518e6276c4
live_ep_000017_RETRY_STORM,RETRY_STORM,auth-service,29.0,1785925509.348313,2347c95e3f044e55a0e3e5147f1de7aa,,PUT /api/inventory,,231.77,OK,auth-service,v1.0.0,71283913d9b349259dad559bc66e40ea
live_ep_000017_RETRY_STORM,RETRY_STORM,auth-service,29.0,1785925509.348313,5e39cde523204633801951da1f5b84b7,2347c95e3f044e55a0e3e5147f1de7aa,db.query.delete,WRITE,41.97,OK,user-db,v1.0.0,71283913d9b349259dad559bc66e40ea
live_ep_000017_RETRY_STORM,RETRY_STORM,auth-service,29.0,1785925509.348313,7db492d78bf84a19b1e88fd943cb98c3,2347c95e3f044e55a0e3e5147f1de7aa,db.query.update,WRITE,47.47,OK,user-db,v1.0.0,71283913d9b349259dad559bc66e40ea
live_ep_000017_RETRY_STORM,RETRY_STORM,auth-service,29.5,1785925509.8487535,b1dcdccc3c8a417f91ec0eb79b8ed1f7,,GET /api/auth,,219.71,OK,auth-service,v1.0.0,f6dd933c20cc4354a468594ca72d8142
live_ep_000017_RETRY_STORM,RETRY_STORM,auth-service,29.5,1785925509.8487535,fcc63c6c0af249ec812e74e887932525,b1dcdccc3c8a417f91ec0eb79b8ed1f7,db.query.delete,READ,19.89,OK,user-db,v1.0.0,f6dd933c20cc4354a468594ca72d8142
live_ep_000017_RETRY_STORM,RETRY_STORM,auth-service,29.5,1785925509.8487535,363ea4cf30b04d7bbf239b83eb70bf40,b1dcdccc3c8a417f91ec0eb79b8ed1f7,cache.set,,1.89,OK,cache-cluster,v1.0.0,f6dd933c20cc4354a468594ca72d8142
live_ep_000017_RETRY_STORM,RETRY_STORM,auth-service,29.5,1785925509.8487535,156039d273dc4845bbcbaf2b7e5accbc,b1dcdccc3c8a417f91ec0eb79b8ed1f7,http.client.get,,38.55,OK,inventory-api,v1.0.0,f6dd933c20cc4354a468594ca72d8142
live_ep_000017_RETRY_STORM,RETRY_STORM,auth-service,30.0,1785925510.3489153,2033f6241ff44f99b7ca881a7fa50f48,,GET /api/health,,245.23,OK,auth-service,v1.0.0,513201acb63e460e979d17b186c95e06
live_ep_000017_RETRY_STORM,RETRY_STORM,auth-service,30.0,1785925510.3489153,b307bfe6f6944192a25939456b9a5098,2033f6241ff44f99b7ca881a7fa50f48,db.query.update,READ,50.33,OK,user-db,v1.0.0,513201acb63e460e979d17b186c95e06
live_ep_000017_RETRY_STORM,RETRY_STORM,auth-service,30.0,1785925510.3489153,b66eb128ea17490fbfc0e4426e463a84,2033f6241ff44f99b7ca881a7fa50f48,db.transaction,READ,47.93,OK,user-db,v1.0.0,513201acb63e460e979d17b186c95e06
live_ep_000017_RETRY_STORM,RETRY_STORM,auth-service,30.0,1785925510.3489153,cbedf5e1e78a44d789ab5f731099388b,2033f6241ff44f99b7ca881a7fa50f48,cache.set,,1.17,OK,cache-cluster,v1.0.0,513201acb63e460e979d17b186c95e06
live_ep_000017_RETRY_STORM,RETRY_STORM,auth-service,30.0,1785925510.3489153,97a4e81a55f54497a8fce8ccdd98c214,2033f6241ff44f99b7ca881a7fa50f48,http.client.get,,24.2,OK,payment-gateway,v1.0.0,513201acb63e460e979d17b186c95e06
live_ep_000017_RETRY_STORM,RETRY_STORM,auth-service,30.5,1785925510.8490205,473a56a399df453db8e79a842d9380cc,,GET /api/health,,185.31,OK,auth-service,v1.0.0,c0095576e686496e928516e955628ae8
live_ep_000017_RETRY_STORM,RETRY_STORM,auth-service,30.5,1785925510.8490205,9b89aefc4d564f259ae2f715e052249c,473a56a399df453db8e79a842d9380cc,db.transaction,WRITE,11.59,OK,user-db,v1.0.0,c0095576e686496e928516e955628ae8
live_ep_000017_RETRY_STORM,RETRY_STORM,auth-service,30.5,1785925510.8490205,9bd8166ea82b42c0953b6a3ffea4f7bd,473a56a399df453db8e79a842d9380cc,db.query.delete,READ,14.85,OK,user-db,v1.0.0,c0095576e686496e928516e955628ae8
live_ep_000017_RETRY_STORM,RETRY_STORM,auth-service,31.0,1785925511.3491042,4c6434c5045d4f40996a5c0446c3771c,,POST /api/payment,,184.9,OK,auth-service,v1.0.0,2116cace58924911aa4c0480cc8c3977
live_ep_000017_RETRY_STORM,RETRY_STORM,auth-service,31.0,1785925511.3491042,2b88e8a24bd34235aec9f10b98769597,4c6434c5045d4f40996a5c0446c3771c,db.query.select,READ,10.89,OK,user-db,v1.0.0,2116cace58924911aa4c0480cc8c3977
live_ep_000017_RETRY_STORM,RETRY_STORM,auth-service,31.0,1785925511.3491042,99ffe5a6a59a43abb8157222d3164059,4c6434c5045d4f40996a5c0446c3771c,db.transaction,READ,31.84,OK,user-db,v1.0.0,2116cace58924911aa4c0480cc8c3977
live_ep_000017_RETRY_STORM,RETRY_STORM,auth-service,31.0,1785925511.3491042,9c28b01855714732a66c3036fd5238b5,4c6434c5045d4f40996a5c0446c3771c,cache.get,,1.18,OK,cache-cluster,v1.0.0,2116cace58924911aa4c0480cc8c3977
live_ep_000017_RETRY_STORM,RETRY_STORM,auth-service,31.0,1785925511.3491042,52a9b21618524648b78fa6e1e6e56375,4c6434c5045d4f40996a5c0446c3771c,http.client.post,,4932.65,ERROR,user-db,v1.0.0,2116cace58924911aa4c0480cc8c3977
live_ep_000017_RETRY_STORM,RETRY_STORM,auth-service,31.5,1785925511.8493419,321f8e5a33454e24ad59b1bea8ad2ad6,,GET /api/health,,147.37,OK,auth-service,v1.0.0,c296f8495e8449fa81eed90c1c3d1786
live_ep_000017_RETRY_STORM,RETRY_STORM,auth-service,31.5,1785925511.8493419,b5b0c778213f4cc19b9264136504edb8,321f8e5a33454e24ad59b1bea8ad2ad6,db.query.select,READ,41.01,OK,user-db,v1.0.0,c296f8495e8449fa81eed90c1c3d1786
live_ep_000017_RETRY_STORM,RETRY_STORM,auth-service,31.5,1785925511.8493419,d40619233bc64e969e1e826ba31cdb4b,321f8e5a33454e24ad59b1bea8ad2ad6,db.query.insert,READ,32.11,OK,user-db,v1.0.0,c296f8495e8449fa81eed90c1c3d1786
live_ep_000017_RETRY_STORM,RETRY_STORM,auth-service,31.5,1785925511.8493419,41a46b8495ae4b839b75fdfe7a06a395,321f8e5a33454e24ad59b1bea8ad2ad6,cache.get,,2.04,OK,cache-cluster,v1.0.0,c296f8495e8449fa81eed90c1c3d1786
live_ep_000017_RETRY_STORM,RETRY_STORM,auth-service,31.5,1785925511.8493419,afce873dbd55418198bd0df8a051e108,321f8e5a33454e24ad59b1bea8ad2ad6,http.client.post,,41.72,OK,user-db,v1.0.0,c296f8495e8449fa81eed90c1c3d1786
live_ep_000017_RETRY_STORM,RETRY_STORM,auth-service,32.0,1785925512.3498828,7741cfaabb5849149bcb7c3d43676d90,,POST /api/checkout,,139.64,OK,auth-service,v1.0.0,b731010b2e2942f6bb5e3e89d0f2fd2d
live_ep_000017_RETRY_STORM,RETRY_STORM,auth-service,32.0,1785925512.3498828,75be157f19c74d34ba0709a2334ace54,7741cfaabb5849149bcb7c3d43676d90,db.transaction,WRITE,35.78,OK,user-db,v1.0.0,b731010b2e2942f6bb5e3e89d0f2fd2d
live_ep_000017_RETRY_STORM,RETRY_STORM,auth-service,32.0,1785925512.3498828,b7251433f94147da8f9955b75001cfa1,7741cfaabb5849149bcb7c3d43676d90,cache.delete,,2.49,OK,cache-cluster,v1.0.0,b731010b2e2942f6bb5e3e89d0f2fd2d
live_ep_000017_RETRY_STORM,RETRY_STORM,auth-service,32.0,1785925512.3498828,bf7db7e8f5e741169ebb74563d081208,7741cfaabb5849149bcb7c3d43676d90,http.client.post,,37.07,OK,inventory-api,v1.0.0,b731010b2e2942f6bb5e3e89d0f2fd2d
live_ep_000017_RETRY_STORM,RETRY_STORM,auth-service,32.5,1785925512.8501544,a03b23241124486c9d7f046f62061dfd,,GET /api/order,,182.03,OK,auth-service,v1.0.0,75814717664a40988f9ba0e44e6196e2
live_ep_000017_RETRY_STORM,RETRY_STORM,auth-service,32.5,1785925512.8501544,f6f94a7cd6ab40769e447c5eb7c7fe38,a03b23241124486c9d7f046f62061dfd,db.transaction,READ,44.76,OK,user-db,v1.0.0,75814717664a40988f9ba0e44e6196e2
live_ep_000017_RETRY_STORM,RETRY_STORM,auth-service,32.5,1785925512.8501544,5d05b8f0fd734ee0b6b2bf5d9e28c078,a03b23241124486c9d7f046f62061dfd,db.query.update,WRITE,39.99,OK,user-db,v1.0.0,75814717664a40988f9ba0e44e6196e2
live_ep_000017_RETRY_STORM,RETRY_STORM,auth-service,32.5,1785925512.8501544,a0165e583f474ef48305d0232844e778,a03b23241124486c9d7f046f62061dfd,cache.get,,1.64,OK,cache-cluster,v1.0.0,75814717664a40988f9ba0e44e6196e2
live_ep_000017_RETRY_STORM,RETRY_STORM,auth-service,32.5,1785925512.8501544,f45a68561f914ed5a91aaf81c1cc7a7b,a03b23241124486c9d7f046f62061dfd,grpc.call,,39.25,OK,cache-cluster,v1.0.0,75814717664a40988f9ba0e44e6196e2
live_ep_000017_RETRY_STORM,RETRY_STORM,auth-service,33.0,1785925513.3502915,a262c0731c5942dc9a6bc3900b095d9e,,PUT /api/inventory,,178.04,OK,auth-service,v1.0.0,6aa2ea893b6f4003a7c98c5d7a2980d6
live_ep_000017_RETRY_STORM,RETRY_STORM,auth-service,33.0,1785925513.3502915,c05ede1cc8ce4dd283d5152e9a9b08c2,a262c0731c5942dc9a6bc3900b095d9e,db.query.select,READ,37.88,OK,user-db,v1.0.0,6aa2ea893b6f4003a7c98c5d7a2980d6
live_ep_000017_RETRY_STORM,RETRY_STORM,auth-service,33.0,1785925513.3502915,be0f965410c84004a05864f3798ac6a7,a262c0731c5942dc9a6bc3900b095d9e,db.query.delete,WRITE,18.34,OK,user-db,v1.0.0,6aa2ea893b6f4003a7c98c5d7a2980d6
live_ep_000017_RETRY_STORM,RETRY_STORM,auth-service,33.0,1785925513.3502915,016a3d65bfc746268b7e9215c57962f0,a262c0731c5942dc9a6bc3900b095d9e,cache.set,,2.9,OK,cache-cluster,v1.0.0,6aa2ea893b6f4003a7c98c5d7a2980d6
live_ep_000017_RETRY_STORM,RETRY_STORM,auth-service,33.5,1785925513.8508039,9e5028db5f814789bc9683d61a18920b,,GET /api/auth,,170.68,OK,auth-service,v1.0.0,aac7483303d642688068d46061c8ec1e
live_ep_000017_RETRY_STORM,RETRY_STORM,auth-service,33.5,1785925513.8508039,386662e393f447e1ba65a11e0058f665,9e5028db5f814789bc9683d61a18920b,db.transaction,WRITE,15.02,OK,user-db,v1.0.0,aac7483303d642688068d46061c8ec1e
live_ep_000017_RETRY_STORM,RETRY_STORM,auth-service,33.5,1785925513.8508039,21ba7da636aa4634a78956a2e83e408c,9e5028db5f814789bc9683d61a18920b,db.query.update,WRITE,24.16,OK,user-db,v1.0.0,aac7483303d642688068d46061c8ec1e
live_ep_000017_RETRY_STORM,RETRY_STORM,auth-service,34.0,1785925514.351169,561a91b4aebc4129b7df38a6cd31b66d,,POST /api/payment,,191.77,OK,auth-service,v1.0.0,b572fdae6d834da189ceed0ace5786d6
live_ep_000017_RETRY_STORM,RETRY_STORM,auth-service,34.0,1785925514.351169,3cddbff5051243efa5bc7fb4b2fea57f,561a91b4aebc4129b7df38a6cd31b66d,db.query.update,READ,22.41,OK,user-db,v1.0.0,b572fdae6d834da189ceed0ace5786d6
live_ep_000017_RETRY_STORM,RETRY_STORM,auth-service,34.0,1785925514.351169,6edf2520cfb04fdb8d3b7e4ab40e0238,561a91b4aebc4129b7df38a6cd31b66d,db.query.update,WRITE,13.19,OK,user-db,v1.0.0,b572fdae6d834da189ceed0ace5786d6
live_ep_000017_RETRY_STORM,RETRY_STORM,auth-service,34.0,1785925514.351169,892fa796f1f540bebdb89ce6d82406a8,561a91b4aebc4129b7df38a6cd31b66d,cache.set,,0.5,OK,cache-cluster,v1.0.0,b572fdae6d834da189ceed0ace5786d6
live_ep_000017_RETRY_STORM,RETRY_STORM,auth-service,34.5,1785925514.8516073,b000f12722744a5784f1ef110424c6c1,,GET /api/order,,155.28,OK,auth-service,v1.0.0,6a9b2311f81745e484d85cf3cea3ea98
live_ep_000017_RETRY_STORM,RETRY_STORM,auth-service,34.5,1785925514.8516073,564861b3909a427cad74c5dfb815c3b2,b000f12722744a5784f1ef110424c6c1,db.query.insert,READ,44.59,OK,user-db,v1.0.0,6a9b2311f81745e484d85cf3cea3ea98
live_ep_000017_RETRY_STORM,RETRY_STORM,auth-service,34.5,1785925514.8516073,29c5fdb847464cb2be9685f4bc3b6591,b000f12722744a5784f1ef110424c6c1,db.query.delete,WRITE,35.61,OK,user-db,v1.0.0,6a9b2311f81745e484d85cf3cea3ea98
live_ep_000017_RETRY_STORM,RETRY_STORM,auth-service,34.5,1785925514.8516073,2ee666fc7a664dca9929b96f5de5414b,b000f12722744a5784f1ef110424c6c1,grpc.call,,18.43,OK,inventory-api,v1.0.0,6a9b2311f81745e484d85cf3cea3ea98
live_ep_000017_RETRY_STORM,RETRY_STORM,auth-service,35.0,1785925515.351753,629662a1f199437e988424fc4309301d,,PUT /api/inventory,,221.49,OK,auth-service,v1.0.0,357a295d849348bda05ddaa470b93f2b
live_ep_000017_RETRY_STORM,RETRY_STORM,auth-service,35.0,1785925515.351753,bd320b667cc54ef78d3f77324d1031a1,629662a1f199437e988424fc4309301d,db.query.delete,READ,23.47,OK,user-db,v1.0.0,357a295d849348bda05ddaa470b93f2b
live_ep_000017_RETRY_STORM,RETRY_STORM,auth-service,35.0,1785925515.351753,0670a27a9978400e8ef2fa4ac12cba83,629662a1f199437e988424fc4309301d,db.transaction,READ,46.05,OK,user-db,v1.0.0,357a295d849348bda05ddaa470b93f2b
live_ep_000017_RETRY_STORM,RETRY_STORM,auth-service,35.0,1785925515.351753,8ff4904f8f60459e97a4de0e0b412689,629662a1f199437e988424fc4309301d,cache.set,,2.5,OK,cache-cluster,v1.0.0,357a295d849348bda05ddaa470b93f2b
live_ep_000017_RETRY_STORM,RETRY_STORM,auth-service,35.0,1785925515.351753,7e8b65ef238d468093fdd3d7ef42cce9,629662a1f199437e988424fc4309301d,http.client.post,,5.84,OK,user-db,v1.0.0,357a295d849348bda05ddaa470b93f2b
live_ep_000017_RETRY_STORM,RETRY_STORM,auth-service,35.5,1785925515.8519697,0c4bfe529cd94e8e9547791cb0599e7b,,POST /api/payment,,161.1,OK,auth-service,v1.0.0,ec021c6565af4347a97c7b44eb587532
live_ep_000017_RETRY_STORM,RETRY_STORM,auth-service,35.5,1785925515.8519697,c916305d6ab34a818e4640f6c9eedb2d,0c4bfe529cd94e8e9547791cb0599e7b,db.query.select,READ,33.92,OK,user-db,v1.0.0,ec021c6565af4347a97c7b44eb587532
live_ep_000017_RETRY_STORM,RETRY_STORM,auth-service,35.5,1785925515.8519697,70fb87ab1173442291835ea172de2c2c,0c4bfe529cd94e8e9547791cb0599e7b,db.query.insert,READ,42.75,OK,user-db,v1.0.0,ec021c6565af4347a97c7b44eb587532
live_ep_000017_RETRY_STORM,RETRY_STORM,auth-service,35.5,1785925515.8519697,e4514bcd721f47ba8e53758a7e29acbf,0c4bfe529cd94e8e9547791cb0599e7b,cache.set,,1.07,OK,cache-cluster,v1.0.0,ec021c6565af4347a97c7b44eb587532
live_ep_000017_RETRY_STORM,RETRY_STORM,auth-service,36.0,1785925516.3524783,df0c5ffe0eb94efbaadc5250b3e0ba6b,,POST /api/checkout,,130.11,OK,auth-service,v1.0.0,d801f4133dcd4a6eab719a965dfdc919
live_ep_000017_RETRY_STORM,RETRY_STORM,auth-service,36.0,1785925516.3524783,1d620002c8a844419d632d4db5f425c6,df0c5ffe0eb94efbaadc5250b3e0ba6b,db.query.insert,READ,49.42,OK,user-db,v1.0.0,d801f4133dcd4a6eab719a965dfdc919
live_ep_000017_RETRY_STORM,RETRY_STORM,auth-service,36.0,1785925516.3524783,a5b3b8ae7e2847a4b5f4df6c91d1ea1b,df0c5ffe0eb94efbaadc5250b3e0ba6b,db.query.select,WRITE,70.87,OK,user-db,v1.0.0,d801f4133dcd4a6eab719a965dfdc919
live_ep_000017_RETRY_STORM,RETRY_STORM,auth-service,36.0,1785925516.3524783,59653195a5ab4d209f58bacd8e6ea51e,df0c5ffe0eb94efbaadc5250b3e0ba6b,cache.set,,0.92,OK,cache-cluster,v1.0.0,d801f4133dcd4a6eab719a965dfdc919
live_ep_000017_RETRY_STORM,RETRY_STORM,auth-service,36.0,1785925516.3524783,3ca57276999b4698ba6154f7dd3f7df5,df0c5ffe0eb94efbaadc5250b3e0ba6b,http.client.post,,34.1,OK,payment-gateway,v1.0.0,d801f4133dcd4a6eab719a965dfdc919
live_ep_000017_RETRY_STORM,RETRY_STORM,auth-service,36.5,1785925516.8528492,964a9a04300a4007a26f17f27f6ef235,,GET /api/auth,,193.86,OK,auth-service,v1.0.0,ef43f7aaa33d4571bfb30ce9231cd785
live_ep_000017_RETRY_STORM,RETRY_STORM,auth-service,36.5,1785925516.8528492,4c61beeec5b440dfb9ab506dce8d2ba1,964a9a04300a4007a26f17f27f6ef235,db.query.delete,WRITE,24.68,OK,user-db,v1.0.0,ef43f7aaa33d4571bfb30ce9231cd785
live_ep_000017_RETRY_STORM,RETRY_STORM,auth-service,36.5,1785925516.8528492,799247cf9ff34edbbcbb6bc8d1d25311,964a9a04300a4007a26f17f27f6ef235,db.query.insert,READ,16.39,OK,user-db,v1.0.0,ef43f7aaa33d4571bfb30ce9231cd785
live_ep_000017_RETRY_STORM,RETRY_STORM,auth-service,36.5,1785925516.8528492,2751322529c04edf813889d65f28001f,964a9a04300a4007a26f17f27f6ef235,cache.set,,1.78,OK,cache-cluster,v1.0.0,ef43f7aaa33d4571bfb30ce9231cd785
live_ep_000017_RETRY_STORM,RETRY_STORM,auth-service,36.5,1785925516.8528492,2f91f032841648e286e1212fbd2a921f,964a9a04300a4007a26f17f27f6ef235,grpc.call,,25.94,OK,user-db,v1.0.0,ef43f7aaa33d4571bfb30ce9231cd785
live_ep_000017_RETRY_STORM,RETRY_STORM,auth-service,37.0,1785925517.3530357,a1524f60591f4b33a1776e6aa9441bf3,,POST /api/checkout,,193.86,OK,auth-service,v1.0.0,7a35e326c8f3483a9eb6a54bd4d8695b
live_ep_000017_RETRY_STORM,RETRY_STORM,auth-service,37.0,1785925517.3530357,9df966a7d0fd4e85926e2f3e53245e64,a1524f60591f4b33a1776e6aa9441bf3,db.query.delete,READ,27.03,OK,user-db,v1.0.0,7a35e326c8f3483a9eb6a54bd4d8695b
live_ep_000017_RETRY_STORM,RETRY_STORM,auth-service,37.0,1785925517.3530357,7bf7dacf12d740fd9dfbb158cadaf9ae,a1524f60591f4b33a1776e6aa9441bf3,cache.get,,1.26,OK,cache-cluster,v1.0.0,7a35e326c8f3483a9eb6a54bd4d8695b
live_ep_000017_RETRY_STORM,RETRY_STORM,auth-service,37.0,1785925517.3530357,0289205132294784b98bcf525bd53e6f,a1524f60591f4b33a1776e6aa9441bf3,http.client.get,,35.02,OK,inventory-api,v1.0.0,7a35e326c8f3483a9eb6a54bd4d8695b
live_ep_000017_RETRY_STORM,RETRY_STORM,auth-service,37.5,1785925517.853364,173b47bcea5646c7b30bd1d00713730d,,POST /api/checkout,,209.82,OK,auth-service,v1.0.0,01a3111be64d4728b6361dc5de58aff7
live_ep_000017_RETRY_STORM,RETRY_STORM,auth-service,37.5,1785925517.853364,f9f342dba26143ad88642f982dbd62c7,173b47bcea5646c7b30bd1d00713730d,db.query.update,READ,33.27,OK,user-db,v1.0.0,01a3111be64d4728b6361dc5de58aff7
live_ep_000017_RETRY_STORM,RETRY_STORM,auth-service,37.5,1785925517.853364,1c07516377fd46939ff816d44d90a343,173b47bcea5646c7b30bd1d00713730d,db.query.insert,READ,20.59,OK,user-db,v1.0.0,01a3111be64d4728b6361dc5de58aff7
live_ep_000017_RETRY_STORM,RETRY_STORM,auth-service,38.0,1785925518.3534768,8d7bedbc720b459a9b5676e467ab416f,,POST /api/checkout,,220.23,OK,auth-service,v1.0.0,abde384f299744d587c9caca8dbddf9e
live_ep_000017_RETRY_STORM,RETRY_STORM,auth-service,38.0,1785925518.3534768,56c565dc7e0e4fad9fe1a07ea51b0bb4,8d7bedbc720b459a9b5676e467ab416f,db.query.select,WRITE,31.93,OK,user-db,v1.0.0,abde384f299744d587c9caca8dbddf9e
live_ep_000017_RETRY_STORM,RETRY_STORM,auth-service,38.0,1785925518.3534768,2b29efd1cd124438819626d1d3506006,8d7bedbc720b459a9b5676e467ab416f,db.query.select,READ,15.26,OK,user-db,v1.0.0,abde384f299744d587c9caca8dbddf9e
live_ep_000017_RETRY_STORM,RETRY_STORM,auth-service,38.0,1785925518.3534768,19d1df68e65d4ff5ba167f37354e96ac,8d7bedbc720b459a9b5676e467ab416f,cache.set,,0.99,OK,cache-cluster,v1.0.0,abde384f299744d587c9caca8dbddf9e
live_ep_000017_RETRY_STORM,RETRY_STORM,auth-service,38.0,1785925518.3534768,4d7e54ef5a8840a3a0795a60c4495af6,8d7bedbc720b459a9b5676e467ab416f,http.client.post,,30.77,OK,payment-gateway,v1.0.0,abde384f299744d587c9caca8dbddf9e
live_ep_000017_RETRY_STORM,RETRY_STORM,auth-service,38.5,1785925518.8539712,eb29e8c343574a7d86b57d8e05e54d3e,,GET /api/health,,191.88,OK,auth-service,v1.0.0,4a1f34c676a64d3fa51c197b64fca86d
live_ep_000017_RETRY_STORM,RETRY_STORM,auth-service,38.5,1785925518.8539712,c5f8bfabcc244559b47f2be33a686b56,eb29e8c343574a7d86b57d8e05e54d3e,db.query.delete,READ,37.34,OK,user-db,v1.0.0,4a1f34c676a64d3fa51c197b64fca86d
live_ep_000017_RETRY_STORM,RETRY_STORM,auth-service,38.5,1785925518.8539712,700f11d07dff4a81976a80d90e399ea8,eb29e8c343574a7d86b57d8e05e54d3e,db.query.select,READ,26.8,OK,user-db,v1.0.0,4a1f34c676a64d3fa51c197b64fca86d
live_ep_000017_RETRY_STORM,RETRY_STORM,auth-service,38.5,1785925518.8539712,d1f9067449614619a809caed3fae8151,eb29e8c343574a7d86b57d8e05e54d3e,cache.delete,,2.91,OK,cache-cluster,v1.0.0,4a1f34c676a64d3fa51c197b64fca86d
live_ep_000017_RETRY_STORM,RETRY_STORM,auth-service,39.0,1785925519.3541238,002fb3fc7ba041ce948f712e7d8d00eb,,POST /api/checkout,,215.67,OK,auth-service,v1.0.0,c24e8ace30a440a591faf6842cfd1ca4
live_ep_000017_RETRY_STORM,RETRY_STORM,auth-service,39.0,1785925519.3541238,2b6bcf7cfafc4b5c82a02eb560e145a2,002fb3fc7ba041ce948f712e7d8d00eb,db.query.delete,WRITE,31.79,OK,user-db,v1.0.0,c24e8ace30a440a591faf6842cfd1ca4
live_ep_000017_RETRY_STORM,RETRY_STORM,auth-service,39.0,1785925519.3541238,45b1062e9d0a406ca97386b24bb99cda,002fb3fc7ba041ce948f712e7d8d00eb,cache.set,,1.54,OK,cache-cluster,v1.0.0,c24e8ace30a440a591faf6842cfd1ca4
live_ep_000017_RETRY_STORM,RETRY_STORM,auth-service,39.5,1785925519.8542197,ff002618a3194d0194a7c60fc4712d5a,,GET /api/health,,242.53,OK,auth-service,v1.0.0,463d5edaa62449558c5e98c80572f467
live_ep_000017_RETRY_STORM,RETRY_STORM,auth-service,39.5,1785925519.8542197,da04658fe8b1417291a17028973ea1bd,ff002618a3194d0194a7c60fc4712d5a,db.query.update,READ,31.86,OK,user-db,v1.0.0,463d5edaa62449558c5e98c80572f467
live_ep_000017_RETRY_STORM,RETRY_STORM,auth-service,39.5,1785925519.8542197,9730f94f64e64d32b127c6a3d545be44,ff002618a3194d0194a7c60fc4712d5a,cache.set,,1.11,OK,cache-cluster,v1.0.0,463d5edaa62449558c5e98c80572f467
live_ep_000017_RETRY_STORM,RETRY_STORM,auth-service,40.0,1785925520.354528,42b4cc9641344f8eabb67c2f5b96044e,,GET /api/health,,216.47,OK,auth-service,v1.0.0,438dd1bfcfd54df1b95cd73ee9eb9726
live_ep_000017_RETRY_STORM,RETRY_STORM,auth-service,40.0,1785925520.354528,b752f985f05244bf9376a7f2ab231891,42b4cc9641344f8eabb67c2f5b96044e,db.query.update,WRITE,48.9,OK,user-db,v1.0.0,438dd1bfcfd54df1b95cd73ee9eb9726
live_ep_000017_RETRY_STORM,RETRY_STORM,auth-service,40.0,1785925520.354528,9ad70737b4c547dda5c4c84a03a0529c,42b4cc9641344f8eabb67c2f5b96044e,cache.delete,,3.23,OK,cache-cluster,v1.0.0,438dd1bfcfd54df1b95cd73ee9eb9726
live_ep_000017_RETRY_STORM,RETRY_STORM,auth-service,40.5,1785925520.8547463,aaaac35f4cb246e9b91b2e04eb8944b2,,POST /api/checkout,,158.15,OK,auth-service,v1.0.0,5dd429ac5faf43739bc7fc845734f1a9
live_ep_000017_RETRY_STORM,RETRY_STORM,auth-service,40.5,1785925520.8547463,a4700759de8f4910b4b04947650167ba,aaaac35f4cb246e9b91b2e04eb8944b2,db.transaction,WRITE,42.46,OK,user-db,v1.0.0,5dd429ac5faf43739bc7fc845734f1a9
live_ep_000017_RETRY_STORM,RETRY_STORM,auth-service,40.5,1785925520.8547463,13d914d625eb48a38cb1b6eb82fd1aaa,aaaac35f4cb246e9b91b2e04eb8944b2,cache.set,,1.1,OK,cache-cluster,v1.0.0,5dd429ac5faf43739bc7fc845734f1a9
live_ep_000017_RETRY_STORM,RETRY_STORM,auth-service,41.0,1785925521.354896,4a2f600addb745728e3743bc7725cd54,,POST /api/payment,,211.5,OK,auth-service,v1.0.0,997bced5415f42929eb32cdd966b6636
live_ep_000017_RETRY_STORM,RETRY_STORM,auth-service,41.0,1785925521.354896,58848da1c69044d0a6e7fdc1094ecf12,4a2f600addb745728e3743bc7725cd54,db.query.update,READ,53.65,ERROR,user-db,v1.0.0,997bced5415f42929eb32cdd966b6636
live_ep_000017_RETRY_STORM,RETRY_STORM,auth-service,41.0,1785925521.354896,a21fe646682a4bce9caeb11f0197be32,4a2f600addb745728e3743bc7725cd54,cache.delete,,1.71,OK,cache-cluster,v1.0.0,997bced5415f42929eb32cdd966b6636
live_ep_000017_RETRY_STORM,RETRY_STORM,auth-service,41.5,1785925521.855117,a4786554ab534f0abe5a2a3b2f734c17,,GET /api/auth,,180.32,OK,auth-service,v1.0.0,df2793e5bf224d598c7b9a517e604dba
live_ep_000017_RETRY_STORM,RETRY_STORM,auth-service,41.5,1785925521.855117,e20254b47f09448da5c0b1732d9081aa,a4786554ab534f0abe5a2a3b2f734c17,db.transaction,WRITE,23.99,OK,user-db,v1.0.0,df2793e5bf224d598c7b9a517e604dba
live_ep_000017_RETRY_STORM,RETRY_STORM,auth-service,41.5,1785925521.855117,f812454e55b741ebb7f64f5aae6554c0,a4786554ab534f0abe5a2a3b2f734c17,cache.set,,35.47,OK,cache-cluster,v1.0.0,df2793e5bf224d598c7b9a517e604dba
live_ep_000017_RETRY_STORM,RETRY_STORM,auth-service,41.5,1785925521.855117,441b9bca74d440f28dfffcfe2965adfe,a4786554ab534f0abe5a2a3b2f734c17,http.client.post,,49.0,OK,inventory-api,v1.0.0,df2793e5bf224d598c7b9a517e604dba
live_ep_000017_RETRY_STORM,RETRY_STORM,auth-service,42.0,1785925522.3554788,315771115c0e42618cbb13f40af5286f,,GET /api/order,,140.08,OK,auth-service,v1.0.0,da1a162f942247b68accf98e7449e993
live_ep_000017_RETRY_STORM,RETRY_STORM,auth-service,42.0,1785925522.3554788,1ddf20922bff4174b056e9828f3a4639,315771115c0e42618cbb13f40af5286f,db.query.delete,WRITE,27.24,OK,user-db,v1.0.0,da1a162f942247b68accf98e7449e993
live_ep_000017_RETRY_STORM,RETRY_STORM,auth-service,42.0,1785925522.3554788,98c77f1be75f4ed485980edcd9c44385,315771115c0e42618cbb13f40af5286f,db.query.insert,READ,33.92,OK,user-db,v1.0.0,da1a162f942247b68accf98e7449e993
live_ep_000017_RETRY_STORM,RETRY_STORM,auth-service,42.0,1785925522.3554788,ac9b3034d27a44bfab53bd9bdf1f06ca,315771115c0e42618cbb13f40af5286f,cache.set,,1.16,OK,cache-cluster,v1.0.0,da1a162f942247b68accf98e7449e993
live_ep_000017_RETRY_STORM,RETRY_STORM,auth-service,42.0,1785925522.3554788,5f51dc875a6344538f9aa60cbb925f78,315771115c0e42618cbb13f40af5286f,grpc.call,,34.02,OK,user-db,v1.0.0,da1a162f942247b68accf98e7449e993
live_ep_000017_RETRY_STORM,RETRY_STORM,auth-service,42.5,1785925522.8559873,037c453b4c40499c939552d9e04aa0ff,,GET /api/health,,210.85,OK,auth-service,v1.0.0,6a309bcbb5274006a17e71f3fad5aeb0
live_ep_000017_RETRY_STORM,RETRY_STORM,auth-service,42.5,1785925522.8559873,a4187e6618354e89a24929ebb12228c1,037c453b4c40499c939552d9e04aa0ff,db.query.delete,WRITE,58.84,OK,user-db,v1.0.0,6a309bcbb5274006a17e71f3fad5aeb0
live_ep_000017_RETRY_STORM,RETRY_STORM,auth-service,42.5,1785925522.8559873,165c142c3e4e4f8aab04147f2e5f9e53,037c453b4c40499c939552d9e04aa0ff,db.query.select,WRITE,53.02,OK,user-db,v1.0.0,6a309bcbb5274006a17e71f3fad5aeb0
live_ep_000017_RETRY_STORM,RETRY_STORM,auth-service,42.5,1785925522.8559873,48c3c377e3134821842e5fc0d0dee54c,037c453b4c40499c939552d9e04aa0ff,cache.delete,,0.5,OK,cache-cluster,v1.0.0,6a309bcbb5274006a17e71f3fad5aeb0
live_ep_000017_RETRY_STORM,RETRY_STORM,auth-service,42.5,1785925522.8559873,49fa3f2c56a94cceae2c4eda5932af6b,037c453b4c40499c939552d9e04aa0ff,http.client.get,,35.26,OK,user-db,v1.0.0,6a309bcbb5274006a17e71f3fad5aeb0
live_ep_000017_RETRY_STORM,RETRY_STORM,auth-service,43.0,1785925523.3560936,4b3c38a6c9234856a0cb3315446ee8ac,,PUT /api/inventory,,266.54,OK,auth-service,v1.0.0,b08e7daf10d046a48a13deb92216ed23
live_ep_000017_RETRY_STORM,RETRY_STORM,auth-service,43.0,1785925523.3560936,55b1f96d5a6647cbb6075b0ebc484171,4b3c38a6c9234856a0cb3315446ee8ac,db.query.insert,READ,30.4,OK,user-db,v1.0.0,b08e7daf10d046a48a13deb92216ed23
live_ep_000017_RETRY_STORM,RETRY_STORM,auth-service,43.0,1785925523.3560936,ed3f42453b1047cbb655c6373e622e87,4b3c38a6c9234856a0cb3315446ee8ac,cache.get,,1.86,OK,cache-cluster,v1.0.0,b08e7daf10d046a48a13deb92216ed23
live_ep_000017_RETRY_STORM,RETRY_STORM,auth-service,43.5,1785925523.8563826,5d65cee1325e4e79a178ec942b487a31,,GET /api/auth,,278.9,OK,auth-service,v1.0.0,6f93bd2a005e4d3386a7d5c4ce114812
live_ep_000017_RETRY_STORM,RETRY_STORM,auth-service,43.5,1785925523.8563826,fbb63c64a3cc47ddab94f8d3f09d521f,5d65cee1325e4e79a178ec942b487a31,db.query.insert,READ,34.8,OK,user-db,v1.0.0,6f93bd2a005e4d3386a7d5c4ce114812
live_ep_000017_RETRY_STORM,RETRY_STORM,auth-service,44.0,1785925524.356675,f260097994dd4201b90cff146ad5059f,,GET /api/health,,199.88,OK,auth-service,v1.0.0,147e00a870e34ea4af9a28ab04651fb6
live_ep_000017_RETRY_STORM,RETRY_STORM,auth-service,44.0,1785925524.356675,39701885ad554a748c141a1de00d5cc9,f260097994dd4201b90cff146ad5059f,db.query.insert,READ,24.63,OK,user-db,v1.0.0,147e00a870e34ea4af9a28ab04651fb6
live_ep_000017_RETRY_STORM,RETRY_STORM,auth-service,44.0,1785925524.356675,cb47d0449d8740c997b7d1c8e69cf520,f260097994dd4201b90cff146ad5059f,db.query.select,READ,19.48,OK,user-db,v1.0.0,147e00a870e34ea4af9a28ab04651fb6
live_ep_000017_RETRY_STORM,RETRY_STORM,auth-service,44.0,1785925524.356675,b96a5b92e4df44f3a5deb8f9c83eb362,f260097994dd4201b90cff146ad5059f,cache.delete,,3.04,OK,cache-cluster,v1.0.0,147e00a870e34ea4af9a28ab04651fb6
live_ep_000017_RETRY_STORM,RETRY_STORM,auth-service,44.5,1785925524.856968,06a1e25e422c46a1994c1749500ea253,,GET /api/order,,142.06,OK,auth-service,v1.0.0,e8c3675352754f668dae6834f93ed4f8
live_ep_000017_RETRY_STORM,RETRY_STORM,auth-service,44.5,1785925524.856968,b7c6a15f04304b088a1e50470f2afa26,06a1e25e422c46a1994c1749500ea253,db.query.select,READ,31.68,OK,user-db,v1.0.0,e8c3675352754f668dae6834f93ed4f8
live_ep_000017_RETRY_STORM,RETRY_STORM,auth-service,44.5,1785925524.856968,2c36fb31bdc44e9895da4ef77284d313,06a1e25e422c46a1994c1749500ea253,cache.get,,3.27,OK,cache-cluster,v1.0.0,e8c3675352754f668dae6834f93ed4f8
live_ep_000017_RETRY_STORM,RETRY_STORM,auth-service,45.0,1785925525.35703,f86c495b49dc4f38bca3504b684cc01c,,GET /api/order,,229.91,OK,auth-service,v1.0.0,7d40121d926841b1a9716291b1ee2963
live_ep_000017_RETRY_STORM,RETRY_STORM,auth-service,45.0,1785925525.35703,5b24f3bb77c545729cb250acb1eda3f4,f86c495b49dc4f38bca3504b684cc01c,db.transaction,WRITE,64.91,OK,user-db,v1.0.0,7d40121d926841b1a9716291b1ee2963
live_ep_000017_RETRY_STORM,RETRY_STORM,auth-service,45.0,1785925525.35703,5c06d16ae78b48189157274826d84920,f86c495b49dc4f38bca3504b684cc01c,db.query.insert,READ,70.85,OK,user-db,v1.0.0,7d40121d926841b1a9716291b1ee2963
live_ep_000017_RETRY_STORM,RETRY_STORM,auth-service,45.0,1785925525.35703,c56234e02cbf41babbf7313412cb2b95,f86c495b49dc4f38bca3504b684cc01c,cache.delete,,2.15,OK,cache-cluster,v1.0.0,7d40121d926841b1a9716291b1ee2963
live_ep_000017_RETRY_STORM,RETRY_STORM,auth-service,45.5,1785925525.8574502,1ec3ccd03240420785c9451203cef17c,,GET /api/auth,,232.57,OK,auth-service,v1.0.0,759c06239ff94efa9b68bd28550f0018
live_ep_000017_RETRY_STORM,RETRY_STORM,auth-service,45.5,1785925525.8574502,5cc3a32341284a3e8c3d1e71ee88a52c,1ec3ccd03240420785c9451203cef17c,db.query.select,READ,32.01,OK,user-db,v1.0.0,759c06239ff94efa9b68bd28550f0018
live_ep_000017_RETRY_STORM,RETRY_STORM,auth-service,45.5,1785925525.8574502,af728bce86be4785be8ce58d50e35eb8,1ec3ccd03240420785c9451203cef17c,db.query.delete,WRITE,34.16,OK,user-db,v1.0.0,759c06239ff94efa9b68bd28550f0018
live_ep_000017_RETRY_STORM,RETRY_STORM,auth-service,45.5,1785925525.8574502,38b38c61778a442784d22b63ca9c9a17,1ec3ccd03240420785c9451203cef17c,grpc.call,,35.05,OK,cache-cluster,v1.0.0,759c06239ff94efa9b68bd28550f0018
live_ep_000017_RETRY_STORM,RETRY_STORM,auth-service,46.0,1785925526.3579412,c85f46c149f64b348cb1c102574f9386,,POST /api/checkout,,164.35,OK,auth-service,v1.0.0,66fe79cb1cb94f2e90d3a4639ff1dcbc
live_ep_000017_RETRY_STORM,RETRY_STORM,auth-service,46.0,1785925526.3579412,d4ee9a8363284db18ace6e4719af768f,c85f46c149f64b348cb1c102574f9386,db.query.insert,WRITE,17.66,OK,user-db,v1.0.0,66fe79cb1cb94f2e90d3a4639ff1dcbc
live_ep_000017_RETRY_STORM,RETRY_STORM,auth-service,46.0,1785925526.3579412,c7eec301d6ab4ea4b76735e1dbd6b07d,c85f46c149f64b348cb1c102574f9386,cache.get,,2.7,OK,cache-cluster,v1.0.0,66fe79cb1cb94f2e90d3a4639ff1dcbc
live_ep_000017_RETRY_STORM,RETRY_STORM,auth-service,46.5,1785925526.8582666,5faeb88167cc4d7d97186fe02a8fd0c2,,GET /api/order,,176.82,OK,auth-service,v1.0.0,626dc7da07d4400a94be65a3c8c30c51
live_ep_000017_RETRY_STORM,RETRY_STORM,auth-service,46.5,1785925526.8582666,83a324b21662457a97398d8de473abac,5faeb88167cc4d7d97186fe02a8fd0c2,db.query.update,READ,48.12,OK,user-db,v1.0.0,626dc7da07d4400a94be65a3c8c30c51
live_ep_000017_RETRY_STORM,RETRY_STORM,auth-service,46.5,1785925526.8582666,24fe6a9497d24f4f93f735e34a5734db,5faeb88167cc4d7d97186fe02a8fd0c2,db.query.update,WRITE,45.72,OK,user-db,v1.0.0,626dc7da07d4400a94be65a3c8c30c51
live_ep_000017_RETRY_STORM,RETRY_STORM,auth-service,46.5,1785925526.8582666,83c20ec169d64c04a71a1b40271affaa,5faeb88167cc4d7d97186fe02a8fd0c2,cache.set,,1.72,OK,cache-cluster,v1.0.0,626dc7da07d4400a94be65a3c8c30c51
live_ep_000017_RETRY_STORM,RETRY_STORM,auth-service,46.5,1785925526.8582666,4be72ff0892046fbaa1cda17c687262b,5faeb88167cc4d7d97186fe02a8fd0c2,http.client.post,,13.98,OK,cache-cluster,v1.0.0,626dc7da07d4400a94be65a3c8c30c51
live_ep_000017_RETRY_STORM,RETRY_STORM,auth-service,47.0,1785925527.3586037,feb4acb2af914853ac73dee85375ded7,,GET /api/auth,,220.96,OK,auth-service,v1.0.0,1907a8a41e474e8bb39589deb7a39ee8
live_ep_000017_RETRY_STORM,RETRY_STORM,auth-service,47.0,1785925527.3586037,6aab8f0505e045dc843dfddcc4817fd3,feb4acb2af914853ac73dee85375ded7,db.query.select,READ,21.68,OK,user-db,v1.0.0,1907a8a41e474e8bb39589deb7a39ee8
live_ep_000017_RETRY_STORM,RETRY_STORM,auth-service,47.0,1785925527.3586037,27669c1cd6f44b2180a4077ab7a9f8d5,feb4acb2af914853ac73dee85375ded7,db.query.delete,READ,25.89,OK,user-db,v1.0.0,1907a8a41e474e8bb39589deb7a39ee8
live_ep_000017_RETRY_STORM,RETRY_STORM,auth-service,47.0,1785925527.3586037,d1c95a677ec24a5cb38da66e9a7ef5d6,feb4acb2af914853ac73dee85375ded7,cache.set,,2.45,OK,cache-cluster,v1.0.0,1907a8a41e474e8bb39589deb7a39ee8
live_ep_000017_RETRY_STORM,RETRY_STORM,auth-service,47.5,1785925527.8587592,ec0c2140f09f4f89a73a701fb144d5cd,,GET /api/health,,225.94,OK,auth-service,v1.0.0,4249277cbea24b078991c48e7043bd53
live_ep_000017_RETRY_STORM,RETRY_STORM,auth-service,47.5,1785925527.8587592,e04018298749486aad3a1d6442a91a48,ec0c2140f09f4f89a73a701fb144d5cd,db.query.update,WRITE,44.6,OK,user-db,v1.0.0,4249277cbea24b078991c48e7043bd53
live_ep_000017_RETRY_STORM,RETRY_STORM,auth-service,47.5,1785925527.8587592,56a6ffcefb1447aa91a9b115a4b989e7,ec0c2140f09f4f89a73a701fb144d5cd,cache.delete,,1.33,OK,cache-cluster,v1.0.0,4249277cbea24b078991c48e7043bd53
live_ep_000017_RETRY_STORM,RETRY_STORM,auth-service,48.0,1785925528.359142,951d3d670de4441d9966fea3147a5c88,,GET /api/health,,289.44,OK,auth-service,v1.0.0,7ca8bf0a3d86412b906a2b4d27474d69
live_ep_000017_RETRY_STORM,RETRY_STORM,auth-service,48.0,1785925528.359142,ffaf0e0495cf4d77be101507d4f2f582,951d3d670de4441d9966fea3147a5c88,db.query.insert,READ,36.12,OK,user-db,v1.0.0,7ca8bf0a3d86412b906a2b4d27474d69
live_ep_000017_RETRY_STORM,RETRY_STORM,auth-service,48.0,1785925528.359142,094caec978cf46a393fb782b174faf60,951d3d670de4441d9966fea3147a5c88,db.query.insert,WRITE,48.46,OK,user-db,v1.0.0,7ca8bf0a3d86412b906a2b4d27474d69
live_ep_000017_RETRY_STORM,RETRY_STORM,auth-service,48.0,1785925528.359142,aa44666108d34ceca3c58e249c480287,951d3d670de4441d9966fea3147a5c88,cache.delete,,1.08,OK,cache-cluster,v1.0.0,7ca8bf0a3d86412b906a2b4d27474d69
live_ep_000017_RETRY_STORM,RETRY_STORM,auth-service,48.5,1785925528.8596542,14aa54daf95345398db5935d1d934b97,,GET /api/order,,241.23,OK,auth-service,v1.0.0,e04dce69db504d3e900250bb27108c9d
live_ep_000017_RETRY_STORM,RETRY_STORM,auth-service,48.5,1785925528.8596542,9f7a04bb385e4729a1da5c58b4038873,14aa54daf95345398db5935d1d934b97,db.query.delete,READ,50.48,OK,user-db,v1.0.0,e04dce69db504d3e900250bb27108c9d
live_ep_000017_RETRY_STORM,RETRY_STORM,auth-service,48.5,1785925528.8596542,6644889cd47741feb7cf10a4c2b3dd3a,14aa54daf95345398db5935d1d934b97,cache.set,,3.82,OK,cache-cluster,v1.0.0,e04dce69db504d3e900250bb27108c9d
live_ep_000017_RETRY_STORM,RETRY_STORM,auth-service,48.5,1785925528.8596542,fc500942d9964005955e964ab593d79a,14aa54daf95345398db5935d1d934b97,http.client.post,,15.41,OK,inventory-api,v1.0.0,e04dce69db504d3e900250bb27108c9d
live_ep_000017_RETRY_STORM,RETRY_STORM,auth-service,49.0,1785925529.3597317,605f213910ff4934bf83c771f81daac0,,POST /api/checkout,,252.41,OK,auth-service,v1.0.0,3f8a817f76fb4b6789014ed78a7be3c3
live_ep_000017_RETRY_STORM,RETRY_STORM,auth-service,49.0,1785925529.3597317,adf5a7b9b457493da649051fe94bde74,605f213910ff4934bf83c771f81daac0,db.query.select,READ,25.35,OK,user-db,v1.0.0,3f8a817f76fb4b6789014ed78a7be3c3
live_ep_000017_RETRY_STORM,RETRY_STORM,auth-service,49.0,1785925529.3597317,d21ba9e1cfcc4942ac0d7f76b32b4a85,605f213910ff4934bf83c771f81daac0,db.query.delete,READ,31.43,OK,user-db,v1.0.0,3f8a817f76fb4b6789014ed78a7be3c3
live_ep_000017_RETRY_STORM,RETRY_STORM,auth-service,49.0,1785925529.3597317,a53610a9caac41c7baec33b2b14063a2,605f213910ff4934bf83c771f81daac0,cache.delete,,0.94,OK,cache-cluster,v1.0.0,3f8a817f76fb4b6789014ed78a7be3c3
live_ep_000017_RETRY_STORM,RETRY_STORM,auth-service,49.0,1785925529.3597317,7e1fa942ca49483ea6fd9fa3deb80671,605f213910ff4934bf83c771f81daac0,grpc.call,,35.01,OK,payment-gateway,v1.0.0,3f8a817f76fb4b6789014ed78a7be3c3
live_ep_000017_RETRY_STORM,RETRY_STORM,auth-service,49.5,1785925529.859827,a5d13801ee574fee9c02a5aff4a0f6f1,,GET /api/health,,243.62,OK,auth-service,v1.0.0,d8fb22c7a3e54dc9a8444c4d3661a35c
live_ep_000017_RETRY_STORM,RETRY_STORM,auth-service,49.5,1785925529.859827,2e5de05955fe49a4bdc1ef733846ad93,a5d13801ee574fee9c02a5aff4a0f6f1,db.query.insert,WRITE,29.48,OK,user-db,v1.0.0,d8fb22c7a3e54dc9a8444c4d3661a35c
live_ep_000017_RETRY_STORM,RETRY_STORM,auth-service,49.5,1785925529.859827,2d2a39e40145479280b66ecbd8a85233,a5d13801ee574fee9c02a5aff4a0f6f1,db.transaction,READ,29.36,OK,user-db,v1.0.0,d8fb22c7a3e54dc9a8444c4d3661a35c
live_ep_000017_RETRY_STORM,RETRY_STORM,auth-service,49.5,1785925529.859827,61d7a0d05d4d428d8a3db7554684723e,a5d13801ee574fee9c02a5aff4a0f6f1,cache.get,,2.06,OK,cache-cluster,v1.0.0,d8fb22c7a3e54dc9a8444c4d3661a35c
live_ep_000017_RETRY_STORM,RETRY_STORM,auth-service,49.5,1785925529.859827,5b0b638570c74e999ca0210822c62b49,a5d13801ee574fee9c02a5aff4a0f6f1,http.client.post,,24.3,OK,inventory-api,v1.0.0,d8fb22c7a3e54dc9a8444c4d3661a35c
live_ep_000017_RETRY_STORM,RETRY_STORM,auth-service,50.0,1785925530.3600528,b4526a9101224c1c8648c233084c6fa5,,GET /api/health,,245.26,OK,auth-service,v1.0.0,3113cd9ec0654059adc20b83d9bfc0f8
live_ep_000017_RETRY_STORM,RETRY_STORM,auth-service,50.0,1785925530.3600528,30bb978a575149c5ac7ccc9edaa785c3,b4526a9101224c1c8648c233084c6fa5,db.transaction,READ,19.67,OK,user-db,v1.0.0,3113cd9ec0654059adc20b83d9bfc0f8
live_ep_000017_RETRY_STORM,RETRY_STORM,auth-service,50.0,1785925530.3600528,6ae3e0b4b1d149e5a4c9110114f86da9,b4526a9101224c1c8648c233084c6fa5,cache.get,,2.56,OK,cache-cluster,v1.0.0,3113cd9ec0654059adc20b83d9bfc0f8
live_ep_000017_RETRY_STORM,RETRY_STORM,auth-service,50.5,1785925530.8607564,cfc43e30cc374e4f8df6407e5ac82e24,,GET /api/health,,174.27,OK,auth-service,v1.0.0,8135771c7d434f40b0cb9d689e9b3bd9
live_ep_000017_RETRY_STORM,RETRY_STORM,auth-service,50.5,1785925530.8607564,c65c9bb52c3f4be59ae015a961e8a4ed,cfc43e30cc374e4f8df6407e5ac82e24,db.query.insert,READ,38.46,OK,user-db,v1.0.0,8135771c7d434f40b0cb9d689e9b3bd9
live_ep_000017_RETRY_STORM,RETRY_STORM,auth-service,50.5,1785925530.8607564,3dbf68cb29574283875b4e141c8da645,cfc43e30cc374e4f8df6407e5ac82e24,db.query.insert,READ,43.96,OK,user-db,v1.0.0,8135771c7d434f40b0cb9d689e9b3bd9
live_ep_000017_RETRY_STORM,RETRY_STORM,auth-service,50.5,1785925530.8607564,6b896facf6a149f7b8811c68f1070c84,cfc43e30cc374e4f8df6407e5ac82e24,cache.get,,1.05,OK,cache-cluster,v1.0.0,8135771c7d434f40b0cb9d689e9b3bd9
live_ep_000017_RETRY_STORM,RETRY_STORM,auth-service,51.0,1785925531.3608856,e376883a4e8c4a879abd2b75a4e8da84,,GET /api/order,,230.7,ERROR,auth-service,v1.0.0,365750d7419b4d1cb62ab8b008d91299
live_ep_000017_RETRY_STORM,RETRY_STORM,auth-service,51.0,1785925531.3608856,21c8eca41319431888ad6f0b3a3bb344,e376883a4e8c4a879abd2b75a4e8da84,db.query.insert,READ,56.51,OK,user-db,v1.0.0,365750d7419b4d1cb62ab8b008d91299
live_ep_000017_RETRY_STORM,RETRY_STORM,auth-service,51.0,1785925531.3608856,b8b91c8f08094c5caa029f115e42d555,e376883a4e8c4a879abd2b75a4e8da84,db.query.delete,READ,72.54,OK,user-db,v1.0.0,365750d7419b4d1cb62ab8b008d91299
live_ep_000017_RETRY_STORM,RETRY_STORM,auth-service,51.5,1785925531.861482,c380855ea0a941cc825e02a004d49b3c,,GET /api/auth,,211.2,OK,auth-service,v1.0.0,ecdf009be8f24a24b73f92086747873b
live_ep_000017_RETRY_STORM,RETRY_STORM,auth-service,51.5,1785925531.861482,a8d680898c7443d6b40905155ab7ff82,c380855ea0a941cc825e02a004d49b3c,db.query.update,READ,15.18,OK,user-db,v1.0.0,ecdf009be8f24a24b73f92086747873b
live_ep_000017_RETRY_STORM,RETRY_STORM,auth-service,51.5,1785925531.861482,95f89ccdc2184c088a0fab9c17dcea5c,c380855ea0a941cc825e02a004d49b3c,db.query.delete,READ,32.13,OK,user-db,v1.0.0,ecdf009be8f24a24b73f92086747873b
live_ep_000017_RETRY_STORM,RETRY_STORM,auth-service,51.5,1785925531.861482,d05b244992ba48ffbee6b841ac6816fe,c380855ea0a941cc825e02a004d49b3c,cache.set,,2.27,OK,cache-cluster,v1.0.0,ecdf009be8f24a24b73f92086747873b
live_ep_000017_RETRY_STORM,RETRY_STORM,auth-service,51.5,1785925531.861482,5571448a99c24ae2a87a3eaddfc061ba,c380855ea0a941cc825e02a004d49b3c,http.client.get,,25.05,OK,cache-cluster,v1.0.0,ecdf009be8f24a24b73f92086747873b
