episode_id,failure_mode,service,elapsed_s,timestamp,span_id,parent_span_id,span_name,db_operation_type,span_duration_ms,span_status,peer_service,service_version,trace_id
live_ep_000007_NONE,NONE,inventory-service,0.0,1785923635.4663424,29db08cf66564f2b803bbdf8cdd4f517,,POST /api/checkout,,87.39,OK,inventory-service,v1.0.0,baa0402ea10e4dd5a597c3100b663830
live_ep_000007_NONE,NONE,inventory-service,0.0,1785923635.4663424,30e187b21e8c44a89a54b1518c1f6d94,29db08cf66564f2b803bbdf8cdd4f517,db.transaction,READ,23.14,OK,user-db,v1.0.0,baa0402ea10e4dd5a597c3100b663830
live_ep_000007_NONE,NONE,inventory-service,0.0,1785923635.4663424,f61429846a3c49ee8688de2198d11c97,29db08cf66564f2b803bbdf8cdd4f517,db.transaction,READ,14.56,OK,user-db,v1.0.0,baa0402ea10e4dd5a597c3100b663830
live_ep_000007_NONE,NONE,inventory-service,0.0,1785923635.4663424,844835b289464decaf0216d758378a57,29db08cf66564f2b803bbdf8cdd4f517,cache.delete,,2.53,OK,cache-cluster,v1.0.0,baa0402ea10e4dd5a597c3100b663830
live_ep_000007_NONE,NONE,inventory-service,0.0,1785923635.4663424,3f4e698601804f59bc0d98ea358c74bd,29db08cf66564f2b803bbdf8cdd4f517,grpc.call,,18.03,OK,cache-cluster,v1.0.0,baa0402ea10e4dd5a597c3100b663830
live_ep_000007_NONE,NONE,inventory-service,0.5,1785923635.9665973,bc5e75abe2784172b0c88b3f8351f32d,,POST /api/checkout,,91.98,OK,inventory-service,v1.0.0,08b87ccd3c57488f9af89e962cf288cd
live_ep_000007_NONE,NONE,inventory-service,0.5,1785923635.9665973,da937528ea9c4179baf499731b644a90,bc5e75abe2784172b0c88b3f8351f32d,db.query.select,READ,21.03,OK,user-db,v1.0.0,08b87ccd3c57488f9af89e962cf288cd
live_ep_000007_NONE,NONE,inventory-service,0.5,1785923635.9665973,9a2379a4de684621baa6b169cf99d2c8,bc5e75abe2784172b0c88b3f8351f32d,db.query.delete,READ,23.78,OK,user-db,v1.0.0,08b87ccd3c57488f9af89e962cf288cd
live_ep_000007_NONE,NONE,inventory-service,1.0,1785923636.4667187,37453b0ee6134986a9dbde8e683a62df,,POST /api/checkout,,107.39,OK,inventory-service,v1.0.0,46c3f59fdb6341bd812c1481e2437763
live_ep_000007_NONE,NONE,inventory-service,1.0,1785923636.4667187,39da6f7429b1491894892249dd531f8d,37453b0ee6134986a9dbde8e683a62df,db.query.insert,READ,11.45,OK,user-db,v1.0.0,46c3f59fdb6341bd812c1481e2437763
live_ep_000007_NONE,NONE,inventory-service,1.0,1785923636.4667187,bcf5b90e890e458f80ffdde5d722fb9a,37453b0ee6134986a9dbde8e683a62df,db.query.select,READ,7.78,OK,user-db,v1.0.0,46c3f59fdb6341bd812c1481e2437763
live_ep_000007_NONE,NONE,inventory-service,1.0,1785923636.4667187,a399befd907f4a11832a2834a2e626aa,37453b0ee6134986a9dbde8e683a62df,grpc.call,,15.17,OK,user-db,v1.0.0,46c3f59fdb6341bd812c1481e2437763
live_ep_000007_NONE,NONE,inventory-service,1.5,1785923636.9671438,b1b690ce36bf49e6bb254953653a34de,,GET /api/auth,,141.26,OK,inventory-service,v1.0.0,ba352e638c2d4d8db6a7689f5fe5a96e
live_ep_000007_NONE,NONE,inventory-service,1.5,1785923636.9671438,38a591dae6df4bf8ade547bc66775ca8,b1b690ce36bf49e6bb254953653a34de,db.query.select,WRITE,15.23,OK,user-db,v1.0.0,ba352e638c2d4d8db6a7689f5fe5a96e
live_ep_000007_NONE,NONE,inventory-service,1.5,1785923636.9671438,0b561f1cbdd34ac2ab096e5d360779a2,b1b690ce36bf49e6bb254953653a34de,db.query.select,READ,14.19,OK,user-db,v1.0.0,ba352e638c2d4d8db6a7689f5fe5a96e
live_ep_000007_NONE,NONE,inventory-service,1.5,1785923636.9671438,7fd397017efa432186b1a06f6ba30faa,b1b690ce36bf49e6bb254953653a34de,cache.delete,,2.76,OK,cache-cluster,v1.0.0,ba352e638c2d4d8db6a7689f5fe5a96e
live_ep_000007_NONE,NONE,inventory-service,2.0,1785923637.467841,cd455417e8d343ad9adf42340a74ccbe,,POST /api/payment,,91.16,OK,inventory-service,v1.0.0,1b36a374a6e54fca8a62be5c18a60ebf
live_ep_000007_NONE,NONE,inventory-service,2.0,1785923637.467841,a111cea5020a4db1b03e370472895fe0,cd455417e8d343ad9adf42340a74ccbe,db.query.delete,WRITE,29.93,OK,user-db,v1.0.0,1b36a374a6e54fca8a62be5c18a60ebf
live_ep_000007_NONE,NONE,inventory-service,2.0,1785923637.467841,30b324a64e3247e9b519941ffbe685ff,cd455417e8d343ad9adf42340a74ccbe,db.query.select,WRITE,24.96,OK,user-db,v1.0.0,1b36a374a6e54fca8a62be5c18a60ebf
live_ep_000007_NONE,NONE,inventory-service,2.5,1785923637.9680662,a5186a2355f24e4cab3cc74d7caa4d4e,,GET /api/order,,106.24,OK,inventory-service,v1.0.0,8699d9233f76494db5932360ed2456bd
live_ep_000007_NONE,NONE,inventory-service,2.5,1785923637.9680662,13a6c74b20a14d02853923f68d470529,a5186a2355f24e4cab3cc74d7caa4d4e,db.transaction,READ,28.72,OK,user-db,v1.0.0,8699d9233f76494db5932360ed2456bd
live_ep_000007_NONE,NONE,inventory-service,2.5,1785923637.9680662,f28afb82e2804611b92a7d24483fca41,a5186a2355f24e4cab3cc74d7caa4d4e,db.transaction,READ,28.61,OK,user-db,v1.0.0,8699d9233f76494db5932360ed2456bd
live_ep_000007_NONE,NONE,inventory-service,2.5,1785923637.9680662,c3e1c1eb2c114fff904f3bb312d1d11d,a5186a2355f24e4cab3cc74d7caa4d4e,cache.delete,,2.89,OK,cache-cluster,v1.0.0,8699d9233f76494db5932360ed2456bd
live_ep_000007_NONE,NONE,inventory-service,3.0,1785923638.4686592,21f8443d61344fffa7b43d22107c6673,,GET /api/order,,111.72,OK,inventory-service,v1.0.0,7eef953e5b814946b5ce3ec4e8e36510
live_ep_000007_NONE,NONE,inventory-service,3.0,1785923638.4686592,c9e775ab94f24c268931f4d3e66e491f,21f8443d61344fffa7b43d22107c6673,db.query.select,READ,26.28,OK,user-db,v1.0.0,7eef953e5b814946b5ce3ec4e8e36510
live_ep_000007_NONE,NONE,inventory-service,3.0,1785923638.4686592,d0c2d818266b4971af5b280845b03b83,21f8443d61344fffa7b43d22107c6673,db.transaction,READ,31.26,OK,user-db,v1.0.0,7eef953e5b814946b5ce3ec4e8e36510
live_ep_000007_NONE,NONE,inventory-service,3.0,1785923638.4686592,651ab2bcc30e43b19136b88bef01dbf6,21f8443d61344fffa7b43d22107c6673,cache.set,,3.04,OK,cache-cluster,v1.0.0,7eef953e5b814946b5ce3ec4e8e36510
live_ep_000007_NONE,NONE,inventory-service,3.5,1785923638.9688985,5588a57f18804e18bd767498737fe4b4,,POST /api/checkout,,136.5,OK,inventory-service,v1.0.0,99ca6c2f1cce4c78960785534ab35396
live_ep_000007_NONE,NONE,inventory-service,3.5,1785923638.9688985,e6d0db5a74484e16ac6ea1f94b95e1ef,5588a57f18804e18bd767498737fe4b4,db.query.insert,WRITE,20.45,OK,user-db,v1.0.0,99ca6c2f1cce4c78960785534ab35396
live_ep_000007_NONE,NONE,inventory-service,3.5,1785923638.9688985,1d055e453e174b1794c05212e4b252c4,5588a57f18804e18bd767498737fe4b4,db.query.insert,READ,14.2,OK,user-db,v1.0.0,99ca6c2f1cce4c78960785534ab35396
live_ep_000007_NONE,NONE,inventory-service,3.5,1785923638.9688985,409880d10ec8442b82b632405960268b,5588a57f18804e18bd767498737fe4b4,cache.set,,2.29,OK,cache-cluster,v1.0.0,99ca6c2f1cce4c78960785534ab35396
live_ep_000007_NONE,NONE,inventory-service,3.5,1785923638.9688985,750617052a0b40e68869bbc3a471818f,5588a57f18804e18bd767498737fe4b4,http.client.post,,31.6,OK,user-db,v1.0.0,99ca6c2f1cce4c78960785534ab35396
live_ep_000007_NONE,NONE,inventory-service,4.0,1785923639.4694428,3cf095516a504fe39a70415e61634de2,,GET /api/order,,130.74,OK,inventory-service,v1.0.0,5fcf3884341e4870917ba4278400587c
live_ep_000007_NONE,NONE,inventory-service,4.0,1785923639.4694428,7a46975c10094673961938373a7edde1,3cf095516a504fe39a70415e61634de2,db.query.select,WRITE,27.69,OK,user-db,v1.0.0,5fcf3884341e4870917ba4278400587c
live_ep_000007_NONE,NONE,inventory-service,4.0,1785923639.4694428,48a1909b653043bbabdee631c65d414e,3cf095516a504fe39a70415e61634de2,db.query.insert,WRITE,22.12,OK,user-db,v1.0.0,5fcf3884341e4870917ba4278400587c
live_ep_000007_NONE,NONE,inventory-service,4.5,1785923639.969809,b2d47630268a4545990f6e6e9df05bac,,PUT /api/inventory,,121.55,OK,inventory-service,v1.0.0,5f6b689ec22945fe9a9a0ba6132f53c5
live_ep_000007_NONE,NONE,inventory-service,4.5,1785923639.969809,fe86a43837334ed89987cd4996aeb850,b2d47630268a4545990f6e6e9df05bac,db.transaction,READ,14.31,OK,user-db,v1.0.0,5f6b689ec22945fe9a9a0ba6132f53c5
live_ep_000007_NONE,NONE,inventory-service,4.5,1785923639.969809,e6947a22c3da480597a15d843b4bfd03,b2d47630268a4545990f6e6e9df05bac,cache.get,,50.51,OK,cache-cluster,v1.0.0,5f6b689ec22945fe9a9a0ba6132f53c5
live_ep_000007_NONE,NONE,inventory-service,4.5,1785923639.969809,09a9cd29184945f6aa133f433784a785,b2d47630268a4545990f6e6e9df05bac,grpc.call,,31.73,OK,cache-cluster,v1.0.0,5f6b689ec22945fe9a9a0ba6132f53c5
live_ep_000007_NONE,NONE,inventory-service,5.0,1785923640.470268,c5ff19f17afc4100a187704474514dd6,,GET /api/auth,,143.55,OK,inventory-service,v1.0.0,dab51557a614477cb8e5a344e6bed0b5
live_ep_000007_NONE,NONE,inventory-service,5.0,1785923640.470268,e8c354a5316449cbb330ca13b55f90ec,c5ff19f17afc4100a187704474514dd6,db.transaction,READ,27.27,OK,user-db,v1.0.0,dab51557a614477cb8e5a344e6bed0b5
live_ep_000007_NONE,NONE,inventory-service,5.0,1785923640.470268,0163832b460f408285f063fbd5b4d7f9,c5ff19f17afc4100a187704474514dd6,db.query.delete,WRITE,13.84,OK,user-db,v1.0.0,dab51557a614477cb8e5a344e6bed0b5
live_ep_000007_NONE,NONE,inventory-service,5.0,1785923640.470268,59e346ce31074a8a922e93ed6d9e1fa0,c5ff19f17afc4100a187704474514dd6,cache.delete,,2.65,OK,cache-cluster,v1.0.0,dab51557a614477cb8e5a344e6bed0b5
live_ep_000007_NONE,NONE,inventory-service,5.5,1785923640.9705262,088a564b6d35421aad1825fec23558fd,,POST /api/payment,,107.03,OK,inventory-service,v1.0.0,5ee6ac3f8494479684015b7a136d8dd3
live_ep_000007_NONE,NONE,inventory-service,5.5,1785923640.9705262,d2bd5a179c1846689c1b7e349f695f4f,088a564b6d35421aad1825fec23558fd,db.transaction,READ,22.03,OK,user-db,v1.0.0,5ee6ac3f8494479684015b7a136d8dd3
live_ep_000007_NONE,NONE,inventory-service,5.5,1785923640.9705262,9edc25c0dd7843da886545e6dbab9b24,088a564b6d35421aad1825fec23558fd,db.query.update,READ,13.17,OK,user-db,v1.0.0,5ee6ac3f8494479684015b7a136d8dd3
live_ep_000007_NONE,NONE,inventory-service,5.5,1785923640.9705262,714b0578ba0f40e8bc3d4287ae51a434,088a564b6d35421aad1825fec23558fd,cache.get,,2.51,OK,cache-cluster,v1.0.0,5ee6ac3f8494479684015b7a136d8dd3
live_ep_000007_NONE,NONE,inventory-service,6.0,1785923641.4709108,181e6db8bda74147b76fd3c8426ebf58,,PUT /api/inventory,,87.23,OK,inventory-service,v1.0.0,d9e49e580e0f45979c9faf685e6cf8bb
live_ep_000007_NONE,NONE,inventory-service,6.0,1785923641.4709108,74ccc910bddf4a5d8b951a78499c22b7,181e6db8bda74147b76fd3c8426ebf58,db.query.insert,READ,16.55,OK,user-db,v1.0.0,d9e49e580e0f45979c9faf685e6cf8bb
live_ep_000007_NONE,NONE,inventory-service,6.0,1785923641.4709108,32a946fa1846482dadc1e397db77c217,181e6db8bda74147b76fd3c8426ebf58,db.query.delete,READ,17.72,OK,user-db,v1.0.0,d9e49e580e0f45979c9faf685e6cf8bb
live_ep_000007_NONE,NONE,inventory-service,6.0,1785923641.4709108,6dbce152fa004e4590d73fb58438dc26,181e6db8bda74147b76fd3c8426ebf58,cache.set,,0.5,OK,cache-cluster,v1.0.0,d9e49e580e0f45979c9faf685e6cf8bb
live_ep_000007_NONE,NONE,inventory-service,6.5,1785923641.971499,8404495ceeaf40abb42806f4685aea70,,POST /api/payment,,154.18,OK,inventory-service,v1.0.0,bb8a7a7a989d4132844398535b1a04a4
live_ep_000007_NONE,NONE,inventory-service,6.5,1785923641.971499,d81f56f7131544e0bf82fc6e8c981ec7,8404495ceeaf40abb42806f4685aea70,db.query.insert,WRITE,22.79,OK,user-db,v1.0.0,bb8a7a7a989d4132844398535b1a04a4
live_ep_000007_NONE,NONE,inventory-service,7.0,1785923642.471809,ba3f6535db164d7c87cdb932e5a31605,,GET /api/health,,107.64,OK,inventory-service,v1.0.0,736a6e78197a47b2a7db4da000a9fd97
live_ep_000007_NONE,NONE,inventory-service,7.0,1785923642.471809,5a02fb4b34ae450ebbb3ae48c581a838,ba3f6535db164d7c87cdb932e5a31605,db.query.insert,WRITE,11.64,OK,user-db,v1.0.0,736a6e78197a47b2a7db4da000a9fd97
live_ep_000007_NONE,NONE,inventory-service,7.0,1785923642.471809,8f5b416295a84fc290a20f63f82ddde7,ba3f6535db164d7c87cdb932e5a31605,db.query.update,READ,5.32,OK,user-db,v1.0.0,736a6e78197a47b2a7db4da000a9fd97
live_ep_000007_NONE,NONE,inventory-service,7.0,1785923642.471809,9b066c0d190743209dd1e222cd9ba546,ba3f6535db164d7c87cdb932e5a31605,http.client.get,,29.2,OK,inventory-api,v1.0.0,736a6e78197a47b2a7db4da000a9fd97
live_ep_000007_NONE,NONE,inventory-service,7.5,1785923642.9722686,c155c964706549d28fe6368106bef6a0,,POST /api/checkout,,127.28,OK,inventory-service,v1.0.0,6caeeb87cf124bbfb2cd0e5f5f91a63b
live_ep_000007_NONE,NONE,inventory-service,7.5,1785923642.9722686,3be0f94d9ded4716a9469a638caf74c5,c155c964706549d28fe6368106bef6a0,db.query.delete,WRITE,57.96,OK,user-db,v1.0.0,6caeeb87cf124bbfb2cd0e5f5f91a63b
live_ep_000007_NONE,NONE,inventory-service,7.5,1785923642.9722686,fd2d15e57b994e358a16f959928ce4d8,c155c964706549d28fe6368106bef6a0,db.query.select,WRITE,61.8,OK,user-db,v1.0.0,6caeeb87cf124bbfb2cd0e5f5f91a63b
live_ep_000007_NONE,NONE,inventory-service,7.5,1785923642.9722686,ee323f1a1809499183403dedac218fe3,c155c964706549d28fe6368106bef6a0,cache.get,,0.84,OK,cache-cluster,v1.0.0,6caeeb87cf124bbfb2cd0e5f5f91a63b
live_ep_000007_NONE,NONE,inventory-service,8.0,1785923643.4726636,aa48e77ad6be41638f93eeeac1fb24f2,,GET /api/order,,128.04,OK,inventory-service,v1.0.0,971fd267ebf74dc7a1647dbf15bb1218
live_ep_000007_NONE,NONE,inventory-service,8.0,1785923643.4726636,d685eab69fa14eaeb73eb70054364590,aa48e77ad6be41638f93eeeac1fb24f2,db.query.update,WRITE,19.68,OK,user-db,v1.0.0,971fd267ebf74dc7a1647dbf15bb1218
live_ep_000007_NONE,NONE,inventory-service,8.5,1785923643.974721,6441530f801e4f10a0360b8694a15c3b,,GET /api/order,,111.11,OK,inventory-service,v1.0.0,c33890fb0ccd4b9eadfaacbebfbb0e76
live_ep_000007_NONE,NONE,inventory-service,8.5,1785923643.974721,4792e439270041b88dc246e7e02e9dcf,6441530f801e4f10a0360b8694a15c3b,db.query.select,READ,25.22,OK,user-db,v1.0.0,c33890fb0ccd4b9eadfaacbebfbb0e76
live_ep_000007_NONE,NONE,inventory-service,8.5,1785923643.974721,3aa5fd30aa2f43148dd490144baf4c0c,6441530f801e4f10a0360b8694a15c3b,db.transaction,READ,14.98,OK,user-db,v1.0.0,c33890fb0ccd4b9eadfaacbebfbb0e76
live_ep_000007_NONE,NONE,inventory-service,8.5,1785923643.974721,7e624a1ce45e4138be6a71f908825737,6441530f801e4f10a0360b8694a15c3b,cache.set,,2.3,OK,cache-cluster,v1.0.0,c33890fb0ccd4b9eadfaacbebfbb0e76
live_ep_000007_NONE,NONE,inventory-service,9.0,1785923644.4753537,8365e1584874414cb7cabc7b1c2719f9,,POST /api/payment,,129.02,OK,inventory-service,v1.0.0,1a069af55faa4afcb4360cd16ba28111
live_ep_000007_NONE,NONE,inventory-service,9.0,1785923644.4753537,ab75e79830cd4d4c806eb8df9cd3a0c9,8365e1584874414cb7cabc7b1c2719f9,db.query.update,READ,12.89,OK,user-db,v1.0.0,1a069af55faa4afcb4360cd16ba28111
live_ep_000007_NONE,NONE,inventory-service,9.0,1785923644.4753537,4c033a9fc5994dc99c7c72434a79351a,8365e1584874414cb7cabc7b1c2719f9,db.query.select,WRITE,26.88,OK,user-db,v1.0.0,1a069af55faa4afcb4360cd16ba28111
live_ep_000007_NONE,NONE,inventory-service,9.0,1785923644.4753537,47c643706b1a40e097dfb8513a5ae390,8365e1584874414cb7cabc7b1c2719f9,cache.get,,1.64,OK,cache-cluster,v1.0.0,1a069af55faa4afcb4360cd16ba28111
live_ep_000007_NONE,NONE,inventory-service,9.5,1785923644.9759452,52f55d1a671543fb82cb027cc2df119e,,POST /api/payment,,117.02,OK,inventory-service,v1.0.0,edee09bd425444b7988c0af3afa3b48c
live_ep_000007_NONE,NONE,inventory-service,9.5,1785923644.9759452,4d734cdb256743d893bc26ad2be3a1e5,52f55d1a671543fb82cb027cc2df119e,db.query.select,READ,20.54,OK,user-db,v1.0.0,edee09bd425444b7988c0af3afa3b48c
live_ep_000007_NONE,NONE,inventory-service,9.5,1785923644.9759452,7692dfe77c414ae0b90e2f52004f651f,52f55d1a671543fb82cb027cc2df119e,db.query.update,READ,18.66,OK,user-db,v1.0.0,edee09bd425444b7988c0af3afa3b48c
live_ep_000007_NONE,NONE,inventory-service,9.5,1785923644.9759452,482b0430b92a4d3087be12f5537326bb,52f55d1a671543fb82cb027cc2df119e,grpc.call,,39.57,OK,inventory-api,v1.0.0,edee09bd425444b7988c0af3afa3b48c
live_ep_000007_NONE,NONE,inventory-service,10.0,1785923645.476453,809d4346ce1c4a8c812272665389d75b,,GET /api/auth,,165.44,OK,inventory-service,v1.0.0,a1958a21186f4e3f8b7567c7bd408caf
live_ep_000007_NONE,NONE,inventory-service,10.0,1785923645.476453,978dc2f9d9ba4da2a6cdee143d29cc44,809d4346ce1c4a8c812272665389d75b,db.query.update,READ,21.83,OK,user-db,v1.0.0,a1958a21186f4e3f8b7567c7bd408caf
live_ep_000007_NONE,NONE,inventory-service,10.0,1785923645.476453,4ce401c6dee04ca2b60438df019e0455,809d4346ce1c4a8c812272665389d75b,cache.delete,,1.87,OK,cache-cluster,v1.0.0,a1958a21186f4e3f8b7567c7bd408caf
live_ep_000007_NONE,NONE,inventory-service,10.5,1785923645.9771647,2ff82f77bdce4a7483d3d6dc90d3d655,,GET /api/health,,107.18,OK,inventory-service,v1.0.0,6f9e600b8cd943bcbac1b680c9cdd49e
live_ep_000007_NONE,NONE,inventory-service,10.5,1785923645.9771647,22ffd1f575e5469aa0d70678b8b5d1a5,2ff82f77bdce4a7483d3d6dc90d3d655,db.query.update,READ,19.22,ERROR,user-db,v1.0.0,6f9e600b8cd943bcbac1b680c9cdd49e
live_ep_000007_NONE,NONE,inventory-service,10.5,1785923645.9771647,4f066a8e7d164c4fa026fcae79bbe14e,2ff82f77bdce4a7483d3d6dc90d3d655,db.query.delete,READ,23.33,OK,user-db,v1.0.0,6f9e600b8cd943bcbac1b680c9cdd49e
live_ep_000007_NONE,NONE,inventory-service,11.0,1785923646.477609,02243cf872ba48c189b2a7b59da1a739,,GET /api/auth,,111.14,OK,inventory-service,v1.0.0,ea5e2ed28f7d47aaa8e3e069fa7052eb
live_ep_000007_NONE,NONE,inventory-service,11.0,1785923646.477609,6d548af5ef904e4285b2220d6100ae8b,02243cf872ba48c189b2a7b59da1a739,db.transaction,READ,24.77,OK,user-db,v1.0.0,ea5e2ed28f7d47aaa8e3e069fa7052eb
live_ep_000007_NONE,NONE,inventory-service,11.0,1785923646.477609,18a3735654a4440d96fa6b2f72c98dd0,02243cf872ba48c189b2a7b59da1a739,db.query.select,WRITE,23.94,OK,user-db,v1.0.0,ea5e2ed28f7d47aaa8e3e069fa7052eb
live_ep_000007_NONE,NONE,inventory-service,11.0,1785923646.477609,0f17f3f956cb49b4ab85585b9aedb45d,02243cf872ba48c189b2a7b59da1a739,cache.get,,2.98,OK,cache-cluster,v1.0.0,ea5e2ed28f7d47aaa8e3e069fa7052eb
live_ep_000007_NONE,NONE,inventory-service,11.5,1785923646.978005,1b86f18a2d784ed8a33392133debea71,,GET /api/auth,,124.26,OK,inventory-service,v1.0.0,2f27d18300564378b9cfa736a91eaa2b
live_ep_000007_NONE,NONE,inventory-service,11.5,1785923646.978005,6e39f340ef7047409925e522a8f95220,1b86f18a2d784ed8a33392133debea71,db.transaction,READ,17.19,OK,user-db,v1.0.0,2f27d18300564378b9cfa736a91eaa2b
live_ep_000007_NONE,NONE,inventory-service,11.5,1785923646.978005,b792fa7bae9d4bd8a33c90efb5720465,1b86f18a2d784ed8a33392133debea71,db.query.update,WRITE,12.78,OK,user-db,v1.0.0,2f27d18300564378b9cfa736a91eaa2b
live_ep_000007_NONE,NONE,inventory-service,11.5,1785923646.978005,82ae3b35ed6d44898ba78c38775a4639,1b86f18a2d784ed8a33392133debea71,cache.set,,1.57,OK,cache-cluster,v1.0.0,2f27d18300564378b9cfa736a91eaa2b
live_ep_000007_NONE,NONE,inventory-service,12.0,1785923647.478653,3ff5533ad0ee40b18e8b837239aa8020,,GET /api/health,,92.13,OK,inventory-service,v1.0.0,2220b1dbdb4e4d4f8c2a24c32f2c138c
live_ep_000007_NONE,NONE,inventory-service,12.0,1785923647.478653,1c4c0edcd5d548faa88e02e93722fffe,3ff5533ad0ee40b18e8b837239aa8020,db.query.update,READ,20.88,OK,user-db,v1.0.0,2220b1dbdb4e4d4f8c2a24c32f2c138c
live_ep_000007_NONE,NONE,inventory-service,12.0,1785923647.478653,6f42f75c51444abba45767ff4d757ded,3ff5533ad0ee40b18e8b837239aa8020,db.transaction,READ,21.2,OK,user-db,v1.0.0,2220b1dbdb4e4d4f8c2a24c32f2c138c
live_ep_000007_NONE,NONE,inventory-service,12.0,1785923647.478653,6ddb1e14a25241fe81d6c35f2214e2b3,3ff5533ad0ee40b18e8b837239aa8020,cache.delete,,3.9,OK,cache-cluster,v1.0.0,2220b1dbdb4e4d4f8c2a24c32f2c138c
live_ep_000007_NONE,NONE,inventory-service,12.5,1785923647.978843,f9e7865ac45e42e7b4026966a88eb6fb,,GET /api/health,,97.08,OK,inventory-service,v1.0.0,b1d0f85f7e4a46b9b8363aa9bb2de59f
live_ep_000007_NONE,NONE,inventory-service,12.5,1785923647.978843,2794ec83bc76428eb6d5efd88fe57700,f9e7865ac45e42e7b4026966a88eb6fb,db.query.select,WRITE,14.85,OK,user-db,v1.0.0,b1d0f85f7e4a46b9b8363aa9bb2de59f
live_ep_000007_NONE,NONE,inventory-service,13.0,1785923648.4793663,0e056f632dae455d96f560ddc9f9a867,,POST /api/payment,,134.17,OK,inventory-service,v1.0.0,9e47841d3e26400aa34fc2647f1257d6
live_ep_000007_NONE,NONE,inventory-service,13.0,1785923648.4793663,fae3c2aed6a24454897a62f1b3544f68,0e056f632dae455d96f560ddc9f9a867,db.query.insert,READ,7.09,OK,user-db,v1.0.0,9e47841d3e26400aa34fc2647f1257d6
live_ep_000007_NONE,NONE,inventory-service,13.0,1785923648.4793663,460a3a56eb0347679a2cc0a97f627749,0e056f632dae455d96f560ddc9f9a867,cache.delete,,1.77,OK,cache-cluster,v1.0.0,9e47841d3e26400aa34fc2647f1257d6
live_ep_000007_NONE,NONE,inventory-service,13.5,1785923648.9800155,4ee93c7fc12e491cbf89cf6e57e8659c,,GET /api/auth,,140.3,OK,inventory-service,v1.0.0,f35c896815264aea969a9adb88f2a3c8
live_ep_000007_NONE,NONE,inventory-service,13.5,1785923648.9800155,a8d7772f3974419092ffcf12dfa065b2,4ee93c7fc12e491cbf89cf6e57e8659c,db.query.select,WRITE,24.83,OK,user-db,v1.0.0,f35c896815264aea969a9adb88f2a3c8
live_ep_000007_NONE,NONE,inventory-service,14.0,1785923649.4800901,b0fefb98b1e84b4e97bef5129746312e,,GET /api/order,,131.53,OK,inventory-service,v1.0.0,0cbee5bff4764bc3a1a0060b5453cdd2
live_ep_000007_NONE,NONE,inventory-service,14.0,1785923649.4800901,70ff64c9cf814e5e8d5412d60214e7d8,b0fefb98b1e84b4e97bef5129746312e,db.query.select,READ,31.01,OK,user-db,v1.0.0,0cbee5bff4764bc3a1a0060b5453cdd2
live_ep_000007_NONE,NONE,inventory-service,14.0,1785923649.4800901,83ef03a24d3a4fbab844632c83ee8585,b0fefb98b1e84b4e97bef5129746312e,db.transaction,READ,21.72,OK,user-db,v1.0.0,0cbee5bff4764bc3a1a0060b5453cdd2
live_ep_000007_NONE,NONE,inventory-service,14.0,1785923649.4800901,4e1e580d9b1e4344a6e227f686a7fe3e,b0fefb98b1e84b4e97bef5129746312e,http.client.get,,29.67,OK,cache-cluster,v1.0.0,0cbee5bff4764bc3a1a0060b5453cdd2
live_ep_000007_NONE,NONE,inventory-service,14.5,1785923649.9807081,b60c7f8e9c5347ba8131150cab68b6ef,,GET /api/order,,135.78,OK,inventory-service,v1.0.0,5c4596372e08491ba687d7e4cfa427a5
live_ep_000007_NONE,NONE,inventory-service,14.5,1785923649.9807081,00d04d06f88e4b55a405644852c7def8,b60c7f8e9c5347ba8131150cab68b6ef,db.query.select,READ,7.93,OK,user-db,v1.0.0,5c4596372e08491ba687d7e4cfa427a5
live_ep_000007_NONE,NONE,inventory-service,15.0,1785923650.4811652,1cd04df434834cb188ecc58ce70e26be,,PUT /api/inventory,,125.81,OK,inventory-service,v1.0.0,1c300c23320848eb931a91fd360c2a01
live_ep_000007_NONE,NONE,inventory-service,15.0,1785923650.4811652,8c36054ce8a34f56b4a145f7d88235ac,1cd04df434834cb188ecc58ce70e26be,db.query.select,WRITE,19.49,OK,user-db,v1.0.0,1c300c23320848eb931a91fd360c2a01
live_ep_000007_NONE,NONE,inventory-service,15.0,1785923650.4811652,fe8d9bb936a1484cb7cf304a7b56e661,1cd04df434834cb188ecc58ce70e26be,cache.get,,2.32,OK,cache-cluster,v1.0.0,1c300c23320848eb931a91fd360c2a01
live_ep_000007_NONE,NONE,inventory-service,15.5,1785923650.981664,c503fba972414efbb3e5ed88bb1b8790,,GET /api/health,,108.35,OK,inventory-service,v1.0.0,b1c1ebe5e8714c888564e2859712ea1e
live_ep_000007_NONE,NONE,inventory-service,15.5,1785923650.981664,a5e102c2f09d474cbd13bdf31ff315d2,c503fba972414efbb3e5ed88bb1b8790,db.query.update,WRITE,18.36,OK,user-db,v1.0.0,b1c1ebe5e8714c888564e2859712ea1e
live_ep_000007_NONE,NONE,inventory-service,15.5,1785923650.981664,e55f605783b24f888431081966e7999a,c503fba972414efbb3e5ed88bb1b8790,cache.get,,2.49,OK,cache-cluster,v1.0.0,b1c1ebe5e8714c888564e2859712ea1e
live_ep_000007_NONE,NONE,inventory-service,15.5,1785923650.981664,e29003969d2e451390c684ed29d8290e,c503fba972414efbb3e5ed88bb1b8790,http.client.get,,33.97,OK,user-db,v1.0.0,b1c1ebe5e8714c888564e2859712ea1e
live_ep_000007_NONE,NONE,inventory-service,16.0,1785923651.4821243,46f2c520719c46a48e78ee4fc0018b48,,POST /api/checkout,,124.99,OK,inventory-service,v1.0.0,37b7e79b8cc049858f587c6c840faeb4
live_ep_000007_NONE,NONE,inventory-service,16.0,1785923651.4821243,7e6881869869461bbcb1f837651d94fc,46f2c520719c46a48e78ee4fc0018b48,db.transaction,READ,14.52,OK,user-db,v1.0.0,37b7e79b8cc049858f587c6c840faeb4
live_ep_000007_NONE,NONE,inventory-service,16.5,1785923651.9825926,830edd81bbc846caa6400e080eab6639,,POST /api/checkout,,172.52,OK,inventory-service,v1.0.0,b8c6cba390864f9aa134af6c818c1138
live_ep_000007_NONE,NONE,inventory-service,16.5,1785923651.9825926,04b41ccd3f864b73abd79ef4bd6c21df,830edd81bbc846caa6400e080eab6639,db.query.delete,WRITE,21.95,OK,user-db,v1.0.0,b8c6cba390864f9aa134af6c818c1138
live_ep_000007_NONE,NONE,inventory-service,16.5,1785923651.9825926,2912eb0db54d4828b0a97fbffbabe2c5,830edd81bbc846caa6400e080eab6639,db.query.update,WRITE,6.77,OK,user-db,v1.0.0,b8c6cba390864f9aa134af6c818c1138
live_ep_000007_NONE,NONE,inventory-service,16.5,1785923651.9825926,f9837ae708db4e69a0e2ab41a7030345,830edd81bbc846caa6400e080eab6639,cache.set,,2.32,OK,cache-cluster,v1.0.0,b8c6cba390864f9aa134af6c818c1138
live_ep_000007_NONE,NONE,inventory-service,16.5,1785923651.9825926,fad2792e650c4ef98bb9ad525aa49ad0,830edd81bbc846caa6400e080eab6639,http.client.get,,33.74,OK,cache-cluster,v1.0.0,b8c6cba390864f9aa134af6c818c1138
live_ep_000007_NONE,NONE,inventory-service,17.0,1785923652.482923,09f59498119042bc80b9e87bb8ab7bcd,,GET /api/auth,,120.33,OK,inventory-service,v1.0.0,c2bdcb3af24e47d2addb1c36548879de
live_ep_000007_NONE,NONE,inventory-service,17.0,1785923652.482923,52e60e93265f4853b9f8620e27887902,09f59498119042bc80b9e87bb8ab7bcd,db.query.delete,WRITE,40.89,OK,user-db,v1.0.0,c2bdcb3af24e47d2addb1c36548879de
live_ep_000007_NONE,NONE,inventory-service,17.0,1785923652.482923,17009f7491d14582a3088eb17ca17900,09f59498119042bc80b9e87bb8ab7bcd,db.transaction,WRITE,30.18,OK,user-db,v1.0.0,c2bdcb3af24e47d2addb1c36548879de
live_ep_000007_NONE,NONE,inventory-service,17.0,1785923652.482923,8bac9fb6787945678b720abd035b8254,09f59498119042bc80b9e87bb8ab7bcd,cache.get,,2.31,OK,cache-cluster,v1.0.0,c2bdcb3af24e47d2addb1c36548879de
live_ep_000007_NONE,NONE,inventory-service,17.0,1785923652.482923,14513e7f8c484b078b7c1a390e0fba08,09f59498119042bc80b9e87bb8ab7bcd,http.client.get,,15.28,OK,payment-gateway,v1.0.0,c2bdcb3af24e47d2addb1c36548879de
live_ep_000007_NONE,NONE,inventory-service,17.5,1785923652.9835794,95cc4e3f860a4d4bbc4d4360b1674d7e,,PUT /api/inventory,,115.87,OK,inventory-service,v1.0.0,49fd3e25384f48dc8ea9ff563ee72559
live_ep_000007_NONE,NONE,inventory-service,17.5,1785923652.9835794,c1eedae2e3a3461eb8ab1b0228cf4d2d,95cc4e3f860a4d4bbc4d4360b1674d7e,db.query.insert,WRITE,26.21,OK,user-db,v1.0.0,49fd3e25384f48dc8ea9ff563ee72559
live_ep_000007_NONE,NONE,inventory-service,17.5,1785923652.9835794,ed6851ddc294496da57cd812a16ddcc9,95cc4e3f860a4d4bbc4d4360b1674d7e,db.query.insert,READ,19.17,OK,user-db,v1.0.0,49fd3e25384f48dc8ea9ff563ee72559
live_ep_000007_NONE,NONE,inventory-service,17.5,1785923652.9835794,e9d2ec2479044f68b5604b7a818942c9,95cc4e3f860a4d4bbc4d4360b1674d7e,cache.get,,4.31,OK,cache-cluster,v1.0.0,49fd3e25384f48dc8ea9ff563ee72559
live_ep_000007_NONE,NONE,inventory-service,18.0,1785923653.4839919,448d19f280e540b9ab706fade6206616,,GET /api/auth,,89.01,OK,inventory-service,v1.0.0,f81cb3be46804f63abee3e7895ecf89c
live_ep_000007_NONE,NONE,inventory-service,18.0,1785923653.4839919,a47dc9fbfd0145e698da07f7847b10d2,448d19f280e540b9ab706fade6206616,db.query.insert,WRITE,28.35,OK,user-db,v1.0.0,f81cb3be46804f63abee3e7895ecf89c
live_ep_000007_NONE,NONE,inventory-service,18.0,1785923653.4839919,edcd2c70acaf4522ab395e53b4dfc90e,448d19f280e540b9ab706fade6206616,db.query.delete,READ,25.0,OK,user-db,v1.0.0,f81cb3be46804f63abee3e7895ecf89c
live_ep_000007_NONE,NONE,inventory-service,18.0,1785923653.4839919,f4d6db7769ec4960bfd505a949f4f984,448d19f280e540b9ab706fade6206616,cache.set,,0.98,OK,cache-cluster,v1.0.0,f81cb3be46804f63abee3e7895ecf89c
live_ep_000007_NONE,NONE,inventory-service,18.0,1785923653.4839919,dc53356b282e4dc19e6e50aabfa2113f,448d19f280e540b9ab706fade6206616,http.client.get,,21.79,OK,payment-gateway,v1.0.0,f81cb3be46804f63abee3e7895ecf89c
live_ep_000007_NONE,NONE,inventory-service,18.5,1785923653.9843721,9ffdb9d5bcb24f119ba14f6063317e3f,,GET /api/order,,140.69,OK,inventory-service,v1.0.0,16ece97b23f54e40b55c34cf2e22256b
live_ep_000007_NONE,NONE,inventory-service,18.5,1785923653.9843721,53cb78ca7fac413bad946c9ec413783e,9ffdb9d5bcb24f119ba14f6063317e3f,db.transaction,READ,25.97,OK,user-db,v1.0.0,16ece97b23f54e40b55c34cf2e22256b
live_ep_000007_NONE,NONE,inventory-service,18.5,1785923653.9843721,407d020045d74c81a51073dd39b65efa,9ffdb9d5bcb24f119ba14f6063317e3f,db.query.select,READ,23.62,OK,user-db,v1.0.0,16ece97b23f54e40b55c34cf2e22256b
live_ep_000007_NONE,NONE,inventory-service,18.5,1785923653.9843721,669f59cd08d8444f9b89243e110f63fe,9ffdb9d5bcb24f119ba14f6063317e3f,cache.set,,2.6,OK,cache-cluster,v1.0.0,16ece97b23f54e40b55c34cf2e22256b
live_ep_000007_NONE,NONE,inventory-service,19.0,1785923654.4850807,3f06778aea454ecab80e8adac99be1f8,,GET /api/health,,122.56,OK,inventory-service,v1.0.0,45c394b7abc14438ace3f207f2f6d3b8
live_ep_000007_NONE,NONE,inventory-service,19.0,1785923654.4850807,c3e1298da56d49b486dcb8ffb2f2e93f,3f06778aea454ecab80e8adac99be1f8,db.transaction,READ,13.56,OK,user-db,v1.0.0,45c394b7abc14438ace3f207f2f6d3b8
live_ep_000007_NONE,NONE,inventory-service,19.0,1785923654.4850807,949579e317854a618fe272f3fdfba160,3f06778aea454ecab80e8adac99be1f8,db.query.insert,READ,16.19,OK,user-db,v1.0.0,45c394b7abc14438ace3f207f2f6d3b8
live_ep_000007_NONE,NONE,inventory-service,19.0,1785923654.4850807,57035910f9aa4094af1dae925f278670,3f06778aea454ecab80e8adac99be1f8,cache.get,,1.81,OK,cache-cluster,v1.0.0,45c394b7abc14438ace3f207f2f6d3b8
live_ep_000007_NONE,NONE,inventory-service,19.5,1785923654.9858046,751d298bc6e14547a848dcf404c62520,,GET /api/health,,129.53,OK,inventory-service,v1.0.0,a3231b5f2ea8480eba45c637f4e20dd4
live_ep_000007_NONE,NONE,inventory-service,19.5,1785923654.9858046,15d458c541c8499aa3e2d79490b9b2a4,751d298bc6e14547a848dcf404c62520,db.query.delete,WRITE,21.17,OK,user-db,v1.0.0,a3231b5f2ea8480eba45c637f4e20dd4
live_ep_000007_NONE,NONE,inventory-service,20.0,1785923655.4861813,da797e52a4a348debc1cd00d7a02c509,,POST /api/checkout,,86.63,OK,inventory-service,v1.0.0,3123021ad6754063a38a55a1c58dd304
live_ep_000007_NONE,NONE,inventory-service,20.0,1785923655.4861813,e756b847390f46dc87ec4b789cd80ee0,da797e52a4a348debc1cd00d7a02c509,db.query.select,WRITE,9.02,OK,user-db,v1.0.0,3123021ad6754063a38a55a1c58dd304
live_ep_000007_NONE,NONE,inventory-service,20.0,1785923655.4861813,35413d39a19e4c69897c786b5c1e4925,da797e52a4a348debc1cd00d7a02c509,grpc.call,,20.24,OK,inventory-api,v1.0.0,3123021ad6754063a38a55a1c58dd304
live_ep_000007_NONE,NONE,inventory-service,20.5,1785923655.986633,ace2c99de315489192a0244dd41e7b52,,GET /api/health,,92.4,OK,inventory-service,v1.0.0,74f7d26b7c08426a8127819fc2e2e0e6
live_ep_000007_NONE,NONE,inventory-service,20.5,1785923655.986633,548ba3d3975046c49c466a4371826aa8,ace2c99de315489192a0244dd41e7b52,db.query.select,READ,15.84,OK,user-db,v1.0.0,74f7d26b7c08426a8127819fc2e2e0e6
live_ep_000007_NONE,NONE,inventory-service,20.5,1785923655.986633,5cdf0d9ec990486aae561d9deda8f59f,ace2c99de315489192a0244dd41e7b52,db.transaction,READ,22.62,OK,user-db,v1.0.0,74f7d26b7c08426a8127819fc2e2e0e6
live_ep_000007_NONE,NONE,inventory-service,21.0,1785923656.4877625,8d3e15a42507452b8910a49c345ac72d,,GET /api/auth,,113.51,OK,inventory-service,v1.0.0,467d4fb3454f4baca2b11986af020b17
live_ep_000007_NONE,NONE,inventory-service,21.0,1785923656.4877625,4f5f4afb0bba4f1fb19f932080da983f,8d3e15a42507452b8910a49c345ac72d,db.query.insert,READ,29.38,OK,user-db,v1.0.0,467d4fb3454f4baca2b11986af020b17
live_ep_000007_NONE,NONE,inventory-service,21.0,1785923656.4877625,a66c669482bd4df4ab4984ff3fef3e6f,8d3e15a42507452b8910a49c345ac72d,db.query.select,READ,23.43,OK,user-db,v1.0.0,467d4fb3454f4baca2b11986af020b17
live_ep_000007_NONE,NONE,inventory-service,21.0,1785923656.4877625,f3d2d99a5b47478ba248e8540577a8f3,8d3e15a42507452b8910a49c345ac72d,cache.delete,,1.64,OK,cache-cluster,v1.0.0,467d4fb3454f4baca2b11986af020b17
live_ep_000007_NONE,NONE,inventory-service,21.5,1785923656.9880714,bb48ce5bc50a4a4daa8f88fd410b3803,,POST /api/payment,,163.68,OK,inventory-service,v1.0.0,310fd4d739f549d7a2ecd3bb975a8400
live_ep_000007_NONE,NONE,inventory-service,21.5,1785923656.9880714,2e8ee91901cb4aaebb5740f58e410265,bb48ce5bc50a4a4daa8f88fd410b3803,db.query.update,READ,21.38,OK,user-db,v1.0.0,310fd4d739f549d7a2ecd3bb975a8400
live_ep_000007_NONE,NONE,inventory-service,21.5,1785923656.9880714,5b2d21af712d422eafc8b7340f2dfda0,bb48ce5bc50a4a4daa8f88fd410b3803,cache.delete,,1.39,OK,cache-cluster,v1.0.0,310fd4d739f549d7a2ecd3bb975a8400
live_ep_000007_NONE,NONE,inventory-service,21.5,1785923656.9880714,e37f3a9d153043459dea0770e8548829,bb48ce5bc50a4a4daa8f88fd410b3803,grpc.call,,38.15,OK,user-db,v1.0.0,310fd4d739f549d7a2ecd3bb975a8400
live_ep_000007_NONE,NONE,inventory-service,22.0,1785923657.4885778,e7d458ec3c9c4b60b800e66cfa432182,,PUT /api/inventory,,111.05,OK,inventory-service,v1.0.0,7b8f0a93a43744b88041b5b629b313cf
live_ep_000007_NONE,NONE,inventory-service,22.0,1785923657.4885778,06fc1f17ef0a466dbeb19cf896f6597d,e7d458ec3c9c4b60b800e66cfa432182,db.query.insert,READ,24.22,OK,user-db,v1.0.0,7b8f0a93a43744b88041b5b629b313cf
live_ep_000007_NONE,NONE,inventory-service,22.0,1785923657.4885778,19d94609d9b843818d398066e85b9001,e7d458ec3c9c4b60b800e66cfa432182,db.query.update,READ,17.16,OK,user-db,v1.0.0,7b8f0a93a43744b88041b5b629b313cf
live_ep_000007_NONE,NONE,inventory-service,22.0,1785923657.4885778,2c85175dae074f2aa9c8251b09baabba,e7d458ec3c9c4b60b800e66cfa432182,cache.set,,1.72,OK,cache-cluster,v1.0.0,7b8f0a93a43744b88041b5b629b313cf
live_ep_000007_NONE,NONE,inventory-service,22.5,1785923658.001356,8ccfeeac0a974b078f02bd2f0dd0ee99,,GET /api/auth,,139.41,OK,inventory-service,v1.0.0,ef119f4e4c7142d1be167efd60690151
live_ep_000007_NONE,NONE,inventory-service,22.5,1785923658.001356,37336f3e746b43fcac39ade66439c505,8ccfeeac0a974b078f02bd2f0dd0ee99,db.query.update,READ,10.92,OK,user-db,v1.0.0,ef119f4e4c7142d1be167efd60690151
live_ep_000007_NONE,NONE,inventory-service,22.5,1785923658.001356,e25a0555fac449cc860a9a3ce8d38dcf,8ccfeeac0a974b078f02bd2f0dd0ee99,db.transaction,READ,14.38,OK,user-db,v1.0.0,ef119f4e4c7142d1be167efd60690151
live_ep_000007_NONE,NONE,inventory-service,22.5,1785923658.001356,c7cf467dd5d7439db2d4e9ea149d1fcc,8ccfeeac0a974b078f02bd2f0dd0ee99,http.client.post,,4.27,OK,payment-gateway,v1.0.0,ef119f4e4c7142d1be167efd60690151
live_ep_000007_NONE,NONE,inventory-service,23.0,1785923658.5015059,b6a9c1c2a53b4829b3c3c3d94da3e1f5,,GET /api/order,,126.78,OK,inventory-service,v1.0.0,d3591ddf001545f4967b8729552b98bd
live_ep_000007_NONE,NONE,inventory-service,23.0,1785923658.5015059,fda32e07ff344933a28985934607ffd7,b6a9c1c2a53b4829b3c3c3d94da3e1f5,db.query.update,READ,15.43,OK,user-db,v1.0.0,d3591ddf001545f4967b8729552b98bd
live_ep_000007_NONE,NONE,inventory-service,23.0,1785923658.5015059,aab533d4f85346b2b981d789aa67d844,b6a9c1c2a53b4829b3c3c3d94da3e1f5,db.query.update,WRITE,17.66,OK,user-db,v1.0.0,d3591ddf001545f4967b8729552b98bd
live_ep_000007_NONE,NONE,inventory-service,23.0,1785923658.5015059,e61bbfc991db43eb9ddc107e8c6d5b52,b6a9c1c2a53b4829b3c3c3d94da3e1f5,cache.set,,0.57,OK,cache-cluster,v1.0.0,d3591ddf001545f4967b8729552b98bd
live_ep_000007_NONE,NONE,inventory-service,23.5,1785923659.0019438,8bdab7882fe64916b6e9f19c4ea0d033,,GET /api/auth,,120.92,OK,inventory-service,v1.0.0,b918bc8cccd24e94b9217903ae4ff274
live_ep_000007_NONE,NONE,inventory-service,23.5,1785923659.0019438,31397f839c834e10a900dd1ecd589ffa,8bdab7882fe64916b6e9f19c4ea0d033,db.query.update,READ,19.23,OK,user-db,v1.0.0,b918bc8cccd24e94b9217903ae4ff274
live_ep_000007_NONE,NONE,inventory-service,23.5,1785923659.0019438,d3cb911fc59a40a98d4e5a6813012948,8bdab7882fe64916b6e9f19c4ea0d033,db.query.insert,READ,25.89,OK,user-db,v1.0.0,b918bc8cccd24e94b9217903ae4ff274
live_ep_000007_NONE,NONE,inventory-service,24.0,1785923659.5028448,e2b26652bd6e4eb298c29bb38374f6ce,,PUT /api/inventory,,145.56,OK,inventory-service,v1.0.0,4b9625d7964b48959b77fa2fcdde6613
live_ep_000007_NONE,NONE,inventory-service,24.0,1785923659.5028448,5e23949381b2462c8a1fd7d28d05493f,e2b26652bd6e4eb298c29bb38374f6ce,db.transaction,WRITE,11.88,OK,user-db,v1.0.0,4b9625d7964b48959b77fa2fcdde6613
live_ep_000007_NONE,NONE,inventory-service,24.0,1785923659.5028448,f9832ceba3db4a819295a7db415c4853,e2b26652bd6e4eb298c29bb38374f6ce,db.query.select,READ,4.22,OK,user-db,v1.0.0,4b9625d7964b48959b77fa2fcdde6613
live_ep_000007_NONE,NONE,inventory-service,24.0,1785923659.5028448,6b2e55aa220b4f37a5d806a4c7f2b929,e2b26652bd6e4eb298c29bb38374f6ce,cache.delete,,1.2,OK,cache-cluster,v1.0.0,4b9625d7964b48959b77fa2fcdde6613
live_ep_000007_NONE,NONE,inventory-service,24.0,1785923659.5028448,596060c7cf074a07964ba921e37517d8,e2b26652bd6e4eb298c29bb38374f6ce,http.client.get,,42.55,OK,inventory-api,v1.0.0,4b9625d7964b48959b77fa2fcdde6613
live_ep_000007_NONE,NONE,inventory-service,24.5,1785923660.0036902,da2b84cc49474bc0b7858015672d2d68,,GET /api/order,,134.23,OK,inventory-service,v1.0.0,c971a0647bc340858bd03f1cfde389de
live_ep_000007_NONE,NONE,inventory-service,24.5,1785923660.0036902,8546acfa5dbd445f8e915463e1c6ed2f,da2b84cc49474bc0b7858015672d2d68,db.query.insert,WRITE,17.99,OK,user-db,v1.0.0,c971a0647bc340858bd03f1cfde389de
live_ep_000007_NONE,NONE,inventory-service,24.5,1785923660.0036902,dc718136092e4e899dc82097f581c4d7,da2b84cc49474bc0b7858015672d2d68,db.query.insert,WRITE,18.54,ERROR,user-db,v1.0.0,c971a0647bc340858bd03f1cfde389de
live_ep_000007_NONE,NONE,inventory-service,25.0,1785923660.5037813,f0108cefe9f8486aba19481d668b8fae,,GET /api/order,,93.29,OK,inventory-service,v1.0.0,83ec522db8f64d1c812a8601ad981f32
live_ep_000007_NONE,NONE,inventory-service,25.0,1785923660.5037813,bf16bec207204f0c8cfdb7bcefffc48e,f0108cefe9f8486aba19481d668b8fae,db.query.insert,READ,24.52,OK,user-db,v1.0.0,83ec522db8f64d1c812a8601ad981f32
live_ep_000007_NONE,NONE,inventory-service,25.0,1785923660.5037813,5912c75b5d90410cb084896c7c1c12b7,f0108cefe9f8486aba19481d668b8fae,db.query.insert,READ,16.13,OK,user-db,v1.0.0,83ec522db8f64d1c812a8601ad981f32
live_ep_000007_NONE,NONE,inventory-service,25.0,1785923660.5037813,7e9b6a1a5cc84b39a84571613f256cf7,f0108cefe9f8486aba19481d668b8fae,cache.set,,1.47,OK,cache-cluster,v1.0.0,83ec522db8f64d1c812a8601ad981f32
live_ep_000007_NONE,NONE,inventory-service,25.5,1785923661.0040166,62fbf10c5b104e7a8afa08bb334decc1,,GET /api/order,,102.1,OK,inventory-service,v1.0.0,db0d28b0bb9a4643b5093ce395539e69
live_ep_000007_NONE,NONE,inventory-service,25.5,1785923661.0040166,e90b205eb2a84490a32e4a48f99852b6,62fbf10c5b104e7a8afa08bb334decc1,db.query.insert,WRITE,29.16,OK,user-db,v1.0.0,db0d28b0bb9a4643b5093ce395539e69
live_ep_000007_NONE,NONE,inventory-service,25.5,1785923661.0040166,d9b6981733284fed853edde19f6ea5ea,62fbf10c5b104e7a8afa08bb334decc1,cache.get,,2.69,OK,cache-cluster,v1.0.0,db0d28b0bb9a4643b5093ce395539e69
live_ep_000007_NONE,NONE,inventory-service,26.0,1785923661.504833,edeaeaa172764b2e98f66a33514a40e2,,GET /api/order,,145.75,OK,inventory-service,v1.0.0,7c0101638add413696331d1f2799441a
live_ep_000007_NONE,NONE,inventory-service,26.0,1785923661.504833,b2129d2442134ebf81bba2e84ed51363,edeaeaa172764b2e98f66a33514a40e2,db.query.select,READ,23.81,OK,user-db,v1.0.0,7c0101638add413696331d1f2799441a
live_ep_000007_NONE,NONE,inventory-service,26.0,1785923661.504833,9385e0bdfd3345da9e3f129ddf8941ed,edeaeaa172764b2e98f66a33514a40e2,db.query.update,READ,22.84,OK,user-db,v1.0.0,7c0101638add413696331d1f2799441a
live_ep_000007_NONE,NONE,inventory-service,26.0,1785923661.504833,f1c6382e5d71496b8a71f6e4f812a16f,edeaeaa172764b2e98f66a33514a40e2,cache.delete,,1.87,OK,cache-cluster,v1.0.0,7c0101638add413696331d1f2799441a
live_ep_000007_NONE,NONE,inventory-service,26.5,1785923662.0051942,8012b61e2187417fa4ba8f763c2a8944,,GET /api/order,,115.55,OK,inventory-service,v1.0.0,3d0f3e49063f422a9ef013fdd4aa3b01
live_ep_000007_NONE,NONE,inventory-service,26.5,1785923662.0051942,5538e2989ed04eb9ac0a80e02e9074a7,8012b61e2187417fa4ba8f763c2a8944,db.query.delete,WRITE,28.51,OK,user-db,v1.0.0,3d0f3e49063f422a9ef013fdd4aa3b01
live_ep_000007_NONE,NONE,inventory-service,26.5,1785923662.0051942,bbf7d7955f32426886046bbcd6e761cc,8012b61e2187417fa4ba8f763c2a8944,cache.delete,,2.62,OK,cache-cluster,v1.0.0,3d0f3e49063f422a9ef013fdd4aa3b01
live_ep_000007_NONE,NONE,inventory-service,27.0,1785923662.506472,c064faf2f48c47d3a074f3b795aaa042,,POST /api/payment,,152.81,OK,inventory-service,v1.0.0,4e73e96176764cb59f4c56d37119520c
live_ep_000007_NONE,NONE,inventory-service,27.0,1785923662.506472,68ebd89460c84dccb24570cc8b061b53,c064faf2f48c47d3a074f3b795aaa042,db.query.update,READ,20.26,OK,user-db,v1.0.0,4e73e96176764cb59f4c56d37119520c
live_ep_000007_NONE,NONE,inventory-service,27.0,1785923662.506472,6460c7786f9543208bbcd125892e79b3,c064faf2f48c47d3a074f3b795aaa042,db.query.insert,WRITE,21.81,OK,user-db,v1.0.0,4e73e96176764cb59f4c56d37119520c
live_ep_000007_NONE,NONE,inventory-service,27.0,1785923662.506472,a438a0ad7e104d5eaeeb8a2cadb32bbe,c064faf2f48c47d3a074f3b795aaa042,cache.delete,,2.01,OK,cache-cluster,v1.0.0,4e73e96176764cb59f4c56d37119520c
live_ep_000007_NONE,NONE,inventory-service,27.0,1785923662.506472,d2f682af347f40f7bab82749ebd7f956,c064faf2f48c47d3a074f3b795aaa042,http.client.post,,31.09,OK,inventory-api,v1.0.0,4e73e96176764cb59f4c56d37119520c
live_ep_000007_NONE,NONE,inventory-service,27.5,1785923663.0068069,f9697d5d1c3043538f68a03ac2daed13,,POST /api/payment,,104.07,OK,inventory-service,v1.0.0,49e6d9c8a291489e9e64ad8d0e698e09
live_ep_000007_NONE,NONE,inventory-service,27.5,1785923663.0068069,098b8535687f4bcf9e1bea7b5c4ee431,f9697d5d1c3043538f68a03ac2daed13,db.query.select,WRITE,19.28,OK,user-db,v1.0.0,49e6d9c8a291489e9e64ad8d0e698e09
live_ep_000007_NONE,NONE,inventory-service,27.5,1785923663.0068069,9443b4a2308d423f92661cd86a7ebe4d,f9697d5d1c3043538f68a03ac2daed13,cache.set,,0.5,OK,cache-cluster,v1.0.0,49e6d9c8a291489e9e64ad8d0e698e09
live_ep_000007_NONE,NONE,inventory-service,27.5,1785923663.0068069,20eeff4442bd4e26899a314cf0e0f7db,f9697d5d1c3043538f68a03ac2daed13,http.client.post,,1.0,OK,inventory-api,v1.0.0,49e6d9c8a291489e9e64ad8d0e698e09
live_ep_000007_NONE,NONE,inventory-service,28.0,1785923663.5070992,36be082cbd7b42c8bd8e2a21824a0f7f,,GET /api/health,,157.67,OK,inventory-service,v1.0.0,b8f57da9988d49e38fe1a96475441f7a
live_ep_000007_NONE,NONE,inventory-service,28.0,1785923663.5070992,7891e349f82143bf898008a1d6c5266a,36be082cbd7b42c8bd8e2a21824a0f7f,db.transaction,READ,22.43,OK,user-db,v1.0.0,b8f57da9988d49e38fe1a96475441f7a
live_ep_000007_NONE,NONE,inventory-service,28.0,1785923663.5070992,38f4f7b4c9224594bfa259e387ead0f9,36be082cbd7b42c8bd8e2a21824a0f7f,db.query.select,WRITE,12.85,OK,user-db,v1.0.0,b8f57da9988d49e38fe1a96475441f7a
live_ep_000007_NONE,NONE,inventory-service,28.0,1785923663.5070992,110f233436914e5b90d435fbe41ccc82,36be082cbd7b42c8bd8e2a21824a0f7f,cache.get,,2.01,OK,cache-cluster,v1.0.0,b8f57da9988d49e38fe1a96475441f7a
live_ep_000007_NONE,NONE,inventory-service,28.0,1785923663.5070992,687acd812dec408fa66c5800a37e693e,36be082cbd7b42c8bd8e2a21824a0f7f,grpc.call,,31.86,OK,payment-gateway,v1.0.0,b8f57da9988d49e38fe1a96475441f7a
live_ep_000007_NONE,NONE,inventory-service,28.5,1785923664.0080416,afc6c5f6c5064e4888f35fb12965eff6,,PUT /api/inventory,,113.25,OK,inventory-service,v1.0.0,724bf2e91fd2480bb1a5e11b218435e1
live_ep_000007_NONE,NONE,inventory-service,28.5,1785923664.0080416,1c9bc11f256945bea3b89f209d8dce53,afc6c5f6c5064e4888f35fb12965eff6,db.query.delete,READ,8.69,OK,user-db,v1.0.0,724bf2e91fd2480bb1a5e11b218435e1
live_ep_000007_NONE,NONE,inventory-service,28.5,1785923664.0080416,8ba3ccfc757e4cb9914af7faaf7aa256,afc6c5f6c5064e4888f35fb12965eff6,grpc.call,,26.49,OK,cache-cluster,v1.0.0,724bf2e91fd2480bb1a5e11b218435e1
live_ep_000007_NONE,NONE,inventory-service,29.0,1785923664.508832,3a5b9828407e49d7ae86f8c5c90e2c7f,,PUT /api/inventory,,98.39,OK,inventory-service,v1.0.0,3958c22b907748fcb46c71375a276d84
live_ep_000007_NONE,NONE,inventory-service,29.0,1785923664.508832,64e9499a101342238c071a26b9f123ea,3a5b9828407e49d7ae86f8c5c90e2c7f,db.query.insert,WRITE,14.38,OK,user-db,v1.0.0,3958c22b907748fcb46c71375a276d84
live_ep_000007_NONE,NONE,inventory-service,29.0,1785923664.508832,dd5e3e8d595f4ab8968b75df5a68d492,3a5b9828407e49d7ae86f8c5c90e2c7f,db.query.delete,WRITE,23.13,OK,user-db,v1.0.0,3958c22b907748fcb46c71375a276d84
live_ep_000007_NONE,NONE,inventory-service,29.0,1785923664.508832,ce0a9314ca774574a57c08be2e3282b6,3a5b9828407e49d7ae86f8c5c90e2c7f,cache.set,,1.91,OK,cache-cluster,v1.0.0,3958c22b907748fcb46c71375a276d84
live_ep_000007_NONE,NONE,inventory-service,29.0,1785923664.508832,68d37518396848ba8abbf3e6db1565eb,3a5b9828407e49d7ae86f8c5c90e2c7f,http.client.get,,15.29,OK,user-db,v1.0.0,3958c22b907748fcb46c71375a276d84
live_ep_000007_NONE,NONE,inventory-service,29.5,1785923665.0090237,3feba854e5e545f1b0a442c493faa4fe,,GET /api/order,,114.8,OK,inventory-service,v1.0.0,1d4743afa0154245bc0e8cb1075f5512
live_ep_000007_NONE,NONE,inventory-service,29.5,1785923665.0090237,965f89c47fa647fcbe0f08318e484786,3feba854e5e545f1b0a442c493faa4fe,db.query.select,WRITE,15.44,OK,user-db,v1.0.0,1d4743afa0154245bc0e8cb1075f5512
live_ep_000007_NONE,NONE,inventory-service,29.5,1785923665.0090237,4323ed181887498abbd2a3660aae8c73,3feba854e5e545f1b0a442c493faa4fe,db.transaction,READ,25.83,OK,user-db,v1.0.0,1d4743afa0154245bc0e8cb1075f5512
live_ep_000007_NONE,NONE,inventory-service,29.5,1785923665.0090237,b80e98b8c02d43e6a8a0906f702aa890,3feba854e5e545f1b0a442c493faa4fe,cache.get,,2.45,OK,cache-cluster,v1.0.0,1d4743afa0154245bc0e8cb1075f5512
live_ep_000007_NONE,NONE,inventory-service,29.5,1785923665.0090237,a62af4eebf0b4f1ca7c2916fac464c18,3feba854e5e545f1b0a442c493faa4fe,http.client.post,,26.93,OK,payment-gateway,v1.0.0,1d4743afa0154245bc0e8cb1075f5512
live_ep_000007_NONE,NONE,inventory-service,30.0,1785923665.5095708,56bcade0919049f899c24dc1e45c5f41,,GET /api/auth,,130.66,OK,inventory-service,v1.0.0,217c5b995f1c493f8572de5dd335cb4c
live_ep_000007_NONE,NONE,inventory-service,30.0,1785923665.5095708,9e111d7e7b3c48be88f524fa1bfd2877,56bcade0919049f899c24dc1e45c5f41,db.transaction,READ,13.48,OK,user-db,v1.0.0,217c5b995f1c493f8572de5dd335cb4c
live_ep_000007_NONE,NONE,inventory-service,30.0,1785923665.5095708,1d4fbfeb00af4ff2a7012a88616dd69d,56bcade0919049f899c24dc1e45c5f41,db.query.update,READ,26.55,OK,user-db,v1.0.0,217c5b995f1c493f8572de5dd335cb4c
live_ep_000007_NONE,NONE,inventory-service,30.0,1785923665.5095708,786bcd7a45204859a3cd83b4205d21ca,56bcade0919049f899c24dc1e45c5f41,cache.delete,,3.98,OK,cache-cluster,v1.0.0,217c5b995f1c493f8572de5dd335cb4c
live_ep_000007_NONE,NONE,inventory-service,30.0,1785923665.5095708,2e2661ea85ce4778a89eaa27e34ff14b,56bcade0919049f899c24dc1e45c5f41,grpc.call,,46.92,OK,payment-gateway,v1.0.0,217c5b995f1c493f8572de5dd335cb4c
live_ep_000007_NONE,NONE,inventory-service,30.5,1785923666.0102906,a33de4df3182413f9483df15db5ee23b,,GET /api/order,,155.31,OK,inventory-service,v1.0.0,2f3b4c8de56348dabd088902ed71f241
live_ep_000007_NONE,NONE,inventory-service,30.5,1785923666.0102906,419981bd2d41479a854e30988ff8504c,a33de4df3182413f9483df15db5ee23b,db.query.update,READ,15.14,OK,user-db,v1.0.0,2f3b4c8de56348dabd088902ed71f241
live_ep_000007_NONE,NONE,inventory-service,30.5,1785923666.0102906,c49fb4ce2e554f82ab349bd6ce14e2e1,a33de4df3182413f9483df15db5ee23b,cache.get,,2.79,OK,cache-cluster,v1.0.0,2f3b4c8de56348dabd088902ed71f241
live_ep_000007_NONE,NONE,inventory-service,30.5,1785923666.0102906,86b7682081b742cfa8026b9bc52f005d,a33de4df3182413f9483df15db5ee23b,http.client.get,,23.16,OK,inventory-api,v1.0.0,2f3b4c8de56348dabd088902ed71f241
live_ep_000007_NONE,NONE,inventory-service,31.0,1785923666.5105653,26e4f417e0b2488689ce50a661b03e35,,POST /api/checkout,,111.27,OK,inventory-service,v1.0.0,1e9fc50034ad4968b7974180821f8b06
live_ep_000007_NONE,NONE,inventory-service,31.0,1785923666.5105653,5e9f55f1b4bb4e3f9cdc85f50ca8f4f0,26e4f417e0b2488689ce50a661b03e35,db.transaction,READ,26.94,OK,user-db,v1.0.0,1e9fc50034ad4968b7974180821f8b06
live_ep_000007_NONE,NONE,inventory-service,31.0,1785923666.5105653,66fac087fd1c4235857118c135ed6318,26e4f417e0b2488689ce50a661b03e35,db.query.delete,WRITE,14.49,OK,user-db,v1.0.0,1e9fc50034ad4968b7974180821f8b06
live_ep_000007_NONE,NONE,inventory-service,31.0,1785923666.5105653,349187c1980b414d83cb39ccc6b7957e,26e4f417e0b2488689ce50a661b03e35,http.client.post,,35.08,OK,user-db,v1.0.0,1e9fc50034ad4968b7974180821f8b06
live_ep_000007_NONE,NONE,inventory-service,31.5,1785923667.012643,6212b6a32f6b4ff9b9682ee0773e512c,,POST /api/checkout,,100.34,OK,inventory-service,v1.0.0,90b2a30230f648548c091ceb6a8b977b
live_ep_000007_NONE,NONE,inventory-service,31.5,1785923667.012643,7ffffc17621c4c4296719be34173a686,6212b6a32f6b4ff9b9682ee0773e512c,db.query.delete,READ,12.57,OK,user-db,v1.0.0,90b2a30230f648548c091ceb6a8b977b
live_ep_000007_NONE,NONE,inventory-service,31.5,1785923667.012643,8560facc9dfb41ab9d5f29c1478eccd3,6212b6a32f6b4ff9b9682ee0773e512c,cache.delete,,2.06,OK,cache-cluster,v1.0.0,90b2a30230f648548c091ceb6a8b977b
live_ep_000007_NONE,NONE,inventory-service,32.0,1785923667.5137498,0c33f3fa6a6448a29999f533c290af0c,,GET /api/order,,108.32,OK,inventory-service,v1.0.0,b883f527b5344f319e2c1626862b7ea1
live_ep_000007_NONE,NONE,inventory-service,32.0,1785923667.5137498,13e221ced83d489599d3c72031a88eb5,0c33f3fa6a6448a29999f533c290af0c,db.query.delete,WRITE,20.68,OK,user-db,v1.0.0,b883f527b5344f319e2c1626862b7ea1
live_ep_000007_NONE,NONE,inventory-service,32.0,1785923667.5137498,e1d308fe99d544468ec7b5ea637424e7,0c33f3fa6a6448a29999f533c290af0c,cache.set,,0.79,OK,cache-cluster,v1.0.0,b883f527b5344f319e2c1626862b7ea1
live_ep_000007_NONE,NONE,inventory-service,32.5,1785923668.0141637,52deb22aece44c2ba8554fc953a9a0de,,GET /api/auth,,122.32,ERROR,inventory-service,v1.0.0,e4309fffee424f8f89af973ff0040e93
live_ep_000007_NONE,NONE,inventory-service,32.5,1785923668.0141637,db97158e903f455db25ebca58ec1959c,52deb22aece44c2ba8554fc953a9a0de,db.transaction,READ,19.93,OK,user-db,v1.0.0,e4309fffee424f8f89af973ff0040e93
live_ep_000007_NONE,NONE,inventory-service,32.5,1785923668.0141637,3ba1c6e7d8d34b7a97ec2bd230d09cb6,52deb22aece44c2ba8554fc953a9a0de,cache.set,,2.96,OK,cache-cluster,v1.0.0,e4309fffee424f8f89af973ff0040e93
live_ep_000007_NONE,NONE,inventory-service,32.5,1785923668.0141637,000a1a1fc804425d825de2fb9aba52aa,52deb22aece44c2ba8554fc953a9a0de,http.client.post,,34.39,OK,inventory-api,v1.0.0,e4309fffee424f8f89af973ff0040e93
live_ep_000007_NONE,NONE,inventory-service,33.0,1785923668.5148387,599797f29cc244f6949545c5402f62f1,,POST /api/checkout,,120.37,OK,inventory-service,v1.0.0,f39fc8f37ff04373894b655d0b169dc8
live_ep_000007_NONE,NONE,inventory-service,33.0,1785923668.5148387,2cdc09dba7074b1ebeff9efde80c50c3,599797f29cc244f6949545c5402f62f1,db.query.update,WRITE,31.26,OK,user-db,v1.0.0,f39fc8f37ff04373894b655d0b169dc8
live_ep_000007_NONE,NONE,inventory-service,33.0,1785923668.5148387,5ff8031a35fc42cf895bbd15dcb5c50c,599797f29cc244f6949545c5402f62f1,db.transaction,WRITE,34.56,OK,user-db,v1.0.0,f39fc8f37ff04373894b655d0b169dc8
live_ep_000007_NONE,NONE,inventory-service,33.5,1785923669.0152414,360fd6d81cd647998216b5c5b60b86c0,,GET /api/auth,,112.01,OK,inventory-service,v1.0.0,062643b345a64b89a974f8981318bd9f
live_ep_000007_NONE,NONE,inventory-service,33.5,1785923669.0152414,f1ec9a229fae4f8e80e249f91e1f1392,360fd6d81cd647998216b5c5b60b86c0,db.query.delete,WRITE,19.77,OK,user-db,v1.0.0,062643b345a64b89a974f8981318bd9f
live_ep_000007_NONE,NONE,inventory-service,34.0,1785923669.5178316,606a43fc9cad4bec9503c4193adfcfd4,,GET /api/order,,96.55,OK,inventory-service,v1.0.0,31f5e2c74c6d4419b2a386b9d9836b2f
live_ep_000007_NONE,NONE,inventory-service,34.0,1785923669.5178316,f6d4070093fc40a4b7ec77cd82259aa1,606a43fc9cad4bec9503c4193adfcfd4,db.query.delete,READ,13.25,OK,user-db,v1.0.0,31f5e2c74c6d4419b2a386b9d9836b2f
live_ep_000007_NONE,NONE,inventory-service,34.0,1785923669.5178316,d685194c082f4543ba3f18181ac398a5,606a43fc9cad4bec9503c4193adfcfd4,db.transaction,WRITE,18.05,OK,user-db,v1.0.0,31f5e2c74c6d4419b2a386b9d9836b2f
live_ep_000007_NONE,NONE,inventory-service,34.0,1785923669.5178316,3b50429c0d3145af9521d9f4094e23fb,606a43fc9cad4bec9503c4193adfcfd4,cache.delete,,1.41,OK,cache-cluster,v1.0.0,31f5e2c74c6d4419b2a386b9d9836b2f
live_ep_000007_NONE,NONE,inventory-service,34.5,1785923670.018618,73ff70ed548847a4b1d14a6c67ced848,,PUT /api/inventory,,122.78,OK,inventory-service,v1.0.0,57e61716f3b545c7ab36bbab209b225b
live_ep_000007_NONE,NONE,inventory-service,34.5,1785923670.018618,dcbc94b6520c4aba9e87fec530806e0c,73ff70ed548847a4b1d14a6c67ced848,db.query.update,READ,3.19,OK,user-db,v1.0.0,57e61716f3b545c7ab36bbab209b225b
live_ep_000007_NONE,NONE,inventory-service,34.5,1785923670.018618,1fccd78ab55842e0811c0e2bc7740c1d,73ff70ed548847a4b1d14a6c67ced848,http.client.post,,10.95,OK,user-db,v1.0.0,57e61716f3b545c7ab36bbab209b225b
live_ep_000007_NONE,NONE,inventory-service,35.0,1785923670.5191479,de3c3f9971934dbfaaf3199b2895fd7f,,POST /api/payment,,93.06,OK,inventory-service,v1.0.0,045a73a152fe4b4fb7e967ca336821e5
live_ep_000007_NONE,NONE,inventory-service,35.0,1785923670.5191479,679f562fc9404501b435d1c38ed48cf7,de3c3f9971934dbfaaf3199b2895fd7f,db.query.insert,READ,17.96,OK,user-db,v1.0.0,045a73a152fe4b4fb7e967ca336821e5
live_ep_000007_NONE,NONE,inventory-service,35.0,1785923670.5191479,130f1e1017b54835852a6da580ab1409,de3c3f9971934dbfaaf3199b2895fd7f,db.query.delete,READ,11.4,OK,user-db,v1.0.0,045a73a152fe4b4fb7e967ca336821e5
live_ep_000007_NONE,NONE,inventory-service,35.5,1785923671.0219529,e012ef51930b4f51880129c096adcdd0,,GET /api/auth,,98.16,OK,inventory-service,v1.0.0,2177b4c7a43c416b8efb4917080e2fa9
live_ep_000007_NONE,NONE,inventory-service,35.5,1785923671.0219529,1cec7b738f5044ca8df9634be78a952e,e012ef51930b4f51880129c096adcdd0,db.query.delete,READ,14.23,OK,user-db,v1.0.0,2177b4c7a43c416b8efb4917080e2fa9
live_ep_000007_NONE,NONE,inventory-service,35.5,1785923671.0219529,d84ee76529a44b53bfd51364448ab619,e012ef51930b4f51880129c096adcdd0,db.query.insert,READ,18.05,OK,user-db,v1.0.0,2177b4c7a43c416b8efb4917080e2fa9
live_ep_000007_NONE,NONE,inventory-service,36.0,1785923671.5223393,0fb8698e94194a63a0bb8037d07a62d7,,GET /api/auth,,139.89,OK,inventory-service,v1.0.0,783c8d3907454babb525b74c770f06fd
live_ep_000007_NONE,NONE,inventory-service,36.0,1785923671.5223393,b0252fe9cd044457b5af40e256e3b994,0fb8698e94194a63a0bb8037d07a62d7,db.query.insert,READ,22.28,OK,user-db,v1.0.0,783c8d3907454babb525b74c770f06fd
live_ep_000007_NONE,NONE,inventory-service,36.0,1785923671.5223393,79bb5e271c82491aa824f51af97151d9,0fb8698e94194a63a0bb8037d07a62d7,db.transaction,READ,19.77,OK,user-db,v1.0.0,783c8d3907454babb525b74c770f06fd
live_ep_000007_NONE,NONE,inventory-service,36.0,1785923671.5223393,7f9a6f54d5754837b9ff0ba0950b6d3a,0fb8698e94194a63a0bb8037d07a62d7,cache.set,,3.19,OK,cache-cluster,v1.0.0,783c8d3907454babb525b74c770f06fd
live_ep_000007_NONE,NONE,inventory-service,36.5,1785923672.0245197,e4fbae7bd0ec4a9490ec3ab8e4dc99c1,,POST /api/checkout,,140.66,OK,inventory-service,v1.0.0,c77ab6bd20e149219f8982ac8c55699c
live_ep_000007_NONE,NONE,inventory-service,36.5,1785923672.0245197,cc84061fd10f4839a9e7787fa8a2d48e,e4fbae7bd0ec4a9490ec3ab8e4dc99c1,db.query.delete,READ,14.89,OK,user-db,v1.0.0,c77ab6bd20e149219f8982ac8c55699c
live_ep_000007_NONE,NONE,inventory-service,36.5,1785923672.0245197,43399f54227240d893a136e94d23b16e,e4fbae7bd0ec4a9490ec3ab8e4dc99c1,db.transaction,WRITE,17.41,OK,user-db,v1.0.0,c77ab6bd20e149219f8982ac8c55699c
live_ep_000007_NONE,NONE,inventory-service,36.5,1785923672.0245197,0d8ab6a06a7c49a7993bbeb8556b8178,e4fbae7bd0ec4a9490ec3ab8e4dc99c1,cache.get,,2.95,OK,cache-cluster,v1.0.0,c77ab6bd20e149219f8982ac8c55699c
live_ep_000007_NONE,NONE,inventory-service,36.5,1785923672.0245197,789994316b054ea2b10cc8251621ef42,e4fbae7bd0ec4a9490ec3ab8e4dc99c1,grpc.call,,36.74,OK,cache-cluster,v1.0.0,c77ab6bd20e149219f8982ac8c55699c
live_ep_000007_NONE,NONE,inventory-service,37.0,1785923672.524849,391fc0954239437db9bb165556099de5,,GET /api/health,,108.45,OK,inventory-service,v1.0.0,3bbdc3e878a44c289ff78e00b8d326ed
live_ep_000007_NONE,NONE,inventory-service,37.0,1785923672.524849,e56e54d6db5d4b208059292a069b275c,391fc0954239437db9bb165556099de5,db.transaction,READ,29.19,OK,user-db,v1.0.0,3bbdc3e878a44c289ff78e00b8d326ed
live_ep_000007_NONE,NONE,inventory-service,37.0,1785923672.524849,c8acdd9505c5413e98c3f2913f4d1cfb,391fc0954239437db9bb165556099de5,cache.set,,3.55,OK,cache-cluster,v1.0.0,3bbdc3e878a44c289ff78e00b8d326ed
live_ep_000007_NONE,NONE,inventory-service,37.0,1785923672.524849,e94bd7db3e494ff892b00ef5aa39a0ca,391fc0954239437db9bb165556099de5,http.client.get,,30.82,OK,cache-cluster,v1.0.0,3bbdc3e878a44c289ff78e00b8d326ed
live_ep_000007_NONE,NONE,inventory-service,37.5,1785923673.0251327,80341936353248bb980235700abad82b,,GET /api/auth,,139.17,OK,inventory-service,v1.0.0,1e62619e3d53441f841ee06f0c1b36cd
live_ep_000007_NONE,NONE,inventory-service,37.5,1785923673.0251327,7bca166f2b904255b0283dbe7a8a1550,80341936353248bb980235700abad82b,db.query.select,READ,13.64,OK,user-db,v1.0.0,1e62619e3d53441f841ee06f0c1b36cd
live_ep_000007_NONE,NONE,inventory-service,37.5,1785923673.0251327,4585d051d5df4948964da32edd393ea6,80341936353248bb980235700abad82b,http.client.post,,20.14,OK,inventory-api,v1.0.0,1e62619e3d53441f841ee06f0c1b36cd
live_ep_000007_NONE,NONE,inventory-service,38.0,1785923673.5254343,6ed286dd77f24117b3e473007c61d2b7,,GET /api/auth,,137.73,OK,inventory-service,v1.0.0,62d9f2300c384c299a55f037127b535c
live_ep_000007_NONE,NONE,inventory-service,38.0,1785923673.5254343,8533c7e2217c4b2a8836c7d2d1bc8f6f,6ed286dd77f24117b3e473007c61d2b7,db.transaction,READ,8.46,OK,user-db,v1.0.0,62d9f2300c384c299a55f037127b535c
live_ep_000007_NONE,NONE,inventory-service,38.0,1785923673.5254343,4ae6c2768a894ddb8f7b5bfcb98208bf,6ed286dd77f24117b3e473007c61d2b7,db.transaction,READ,10.37,OK,user-db,v1.0.0,62d9f2300c384c299a55f037127b535c
live_ep_000007_NONE,NONE,inventory-service,38.0,1785923673.5254343,6a77418123ff4a8aa89448480d0e0d9c,6ed286dd77f24117b3e473007c61d2b7,cache.set,,62.22,OK,cache-cluster,v1.0.0,62d9f2300c384c299a55f037127b535c
live_ep_000007_NONE,NONE,inventory-service,38.0,1785923673.5254343,c8ae689a82634d6cb521eed6d42176e9,6ed286dd77f24117b3e473007c61d2b7,grpc.call,,12.55,OK,inventory-api,v1.0.0,62d9f2300c384c299a55f037127b535c
live_ep_000007_NONE,NONE,inventory-service,38.5,1785923674.0283926,455c28158e394251b27750d65f9f5a44,,POST /api/checkout,,109.66,OK,inventory-service,v1.0.0,a7e6685ed8ce4134bf5969cb434a45e3
live_ep_000007_NONE,NONE,inventory-service,38.5,1785923674.0283926,ecce0183cfb3412388beb459e3915b9a,455c28158e394251b27750d65f9f5a44,db.query.delete,WRITE,36.8,OK,user-db,v1.0.0,a7e6685ed8ce4134bf5969cb434a45e3
live_ep_000007_NONE,NONE,inventory-service,38.5,1785923674.0283926,4846c8cc0cc54bc3932cfdc33bde4daf,455c28158e394251b27750d65f9f5a44,db.transaction,WRITE,33.58,OK,user-db,v1.0.0,a7e6685ed8ce4134bf5969cb434a45e3
live_ep_000007_NONE,NONE,inventory-service,38.5,1785923674.0283926,702c57c8970d4747b52582dfddb528fa,455c28158e394251b27750d65f9f5a44,cache.set,,0.5,OK,cache-cluster,v1.0.0,a7e6685ed8ce4134bf5969cb434a45e3
live_ep_000007_NONE,NONE,inventory-service,39.0,1785923674.5353937,290db505694c40db97ba1aad58017d22,,POST /api/payment,,100.55,OK,inventory-service,v1.0.0,0fe8447c5ff240d1b57250525142af95
live_ep_000007_NONE,NONE,inventory-service,39.0,1785923674.5353937,c2845e701db4436ab6ebb3ab8e6e24a7,290db505694c40db97ba1aad58017d22,db.query.select,READ,20.82,OK,user-db,v1.0.0,0fe8447c5ff240d1b57250525142af95
live_ep_000007_NONE,NONE,inventory-service,39.0,1785923674.5353937,67b9a270b11c4c2a9eb6a23503dfa7ac,290db505694c40db97ba1aad58017d22,cache.set,,3.47,OK,cache-cluster,v1.0.0,0fe8447c5ff240d1b57250525142af95
live_ep_000007_NONE,NONE,inventory-service,39.5,1785923675.0355399,6083cddbd832455ebba19aa8a6101cd8,,GET /api/auth,,89.71,OK,inventory-service,v1.0.0,1ed70bfc4a0440319669a270d6ce9a5f
live_ep_000007_NONE,NONE,inventory-service,39.5,1785923675.0355399,6d4a834d0b844504b727843e301b7267,6083cddbd832455ebba19aa8a6101cd8,db.query.insert,WRITE,23.69,OK,user-db,v1.0.0,1ed70bfc4a0440319669a270d6ce9a5f
live_ep_000007_NONE,NONE,inventory-service,39.5,1785923675.0355399,858dc1ec2521422cbc2f971bfb3b889e,6083cddbd832455ebba19aa8a6101cd8,cache.set,,2.74,OK,cache-cluster,v1.0.0,1ed70bfc4a0440319669a270d6ce9a5f
live_ep_000007_NONE,NONE,inventory-service,39.5,1785923675.0355399,52e46819cce64603a13c8a30ba05ba6f,6083cddbd832455ebba19aa8a6101cd8,grpc.call,,32.37,OK,inventory-api,v1.0.0,1ed70bfc4a0440319669a270d6ce9a5f
live_ep_000007_NONE,NONE,inventory-service,40.0,1785923675.5359244,b2d059fff1f1476bbf792a20f8ea52d7,,POST /api/payment,,121.4,OK,inventory-service,v1.0.0,a4f750f702bd4b0cbfba2d87c87407da
live_ep_000007_NONE,NONE,inventory-service,40.0,1785923675.5359244,b3c5dc0bcb8049a690d79b5f1fe29dca,b2d059fff1f1476bbf792a20f8ea52d7,db.transaction,READ,24.78,OK,user-db,v1.0.0,a4f750f702bd4b0cbfba2d87c87407da
live_ep_000007_NONE,NONE,inventory-service,40.0,1785923675.5359244,3db280c871804aae8d6439956f8b139c,b2d059fff1f1476bbf792a20f8ea52d7,cache.set,,4.07,OK,cache-cluster,v1.0.0,a4f750f702bd4b0cbfba2d87c87407da
live_ep_000007_NONE,NONE,inventory-service,40.5,1785923676.036341,3c2a6328a5e84b348460a90d366f9bec,,GET /api/health,,126.32,ERROR,inventory-service,v1.0.0,adf901d9bf3446e38b05548a1112020f
live_ep_000007_NONE,NONE,inventory-service,40.5,1785923676.036341,1d1edf81018e4cb0a3c71f0ef9b1d143,3c2a6328a5e84b348460a90d366f9bec,db.transaction,READ,18.73,OK,user-db,v1.0.0,adf901d9bf3446e38b05548a1112020f
live_ep_000007_NONE,NONE,inventory-service,40.5,1785923676.036341,81a9e86196664eeab8ef853b965418fb,3c2a6328a5e84b348460a90d366f9bec,cache.set,,1.21,OK,cache-cluster,v1.0.0,adf901d9bf3446e38b05548a1112020f
live_ep_000007_NONE,NONE,inventory-service,40.5,1785923676.036341,00c548407b004c358d44686eafbe9b4b,3c2a6328a5e84b348460a90d366f9bec,http.client.get,,22.12,OK,payment-gateway,v1.0.0,adf901d9bf3446e38b05548a1112020f
live_ep_000007_NONE,NONE,inventory-service,41.0,1785923676.5364923,c2204fb214b642f1ab19a1ed3b880d41,,GET /api/health,,144.99,OK,inventory-service,v1.0.0,6345c67861fa4b5fa6822946d4349663
live_ep_000007_NONE,NONE,inventory-service,41.0,1785923676.5364923,546bccb2576b4356ad6bb0649e903ce8,c2204fb214b642f1ab19a1ed3b880d41,db.transaction,WRITE,14.8,OK,user-db,v1.0.0,6345c67861fa4b5fa6822946d4349663
live_ep_000007_NONE,NONE,inventory-service,41.0,1785923676.5364923,99df5fcc8ce2483999e33ce5bfd66bd9,c2204fb214b642f1ab19a1ed3b880d41,db.query.insert,READ,16.34,OK,user-db,v1.0.0,6345c67861fa4b5fa6822946d4349663
live_ep_000007_NONE,NONE,inventory-service,41.0,1785923676.5364923,8abe5d65fc364d4aa99a0385898a9862,c2204fb214b642f1ab19a1ed3b880d41,cache.delete,,3.19,OK,cache-cluster,v1.0.0,6345c67861fa4b5fa6822946d4349663
live_ep_000007_NONE,NONE,inventory-service,41.5,1785923677.0393226,ef9365dd88164623ba6cabb58ef89f44,,POST /api/checkout,,124.54,OK,inventory-service,v1.0.0,47e907c533c94b868341f1bba160f2c1
live_ep_000007_NONE,NONE,inventory-service,41.5,1785923677.0393226,8571a1f22964474787d160cc930f5bba,ef9365dd88164623ba6cabb58ef89f44,db.query.select,READ,11.08,OK,user-db,v1.0.0,47e907c533c94b868341f1bba160f2c1
live_ep_000007_NONE,NONE,inventory-service,41.5,1785923677.0393226,9f399f80e8c14c15b7830376e1e125d2,ef9365dd88164623ba6cabb58ef89f44,db.query.delete,READ,18.15,OK,user-db,v1.0.0,47e907c533c94b868341f1bba160f2c1
live_ep_000007_NONE,NONE,inventory-service,41.5,1785923677.0393226,16d69521d861447d8c45b060bc4d820e,ef9365dd88164623ba6cabb58ef89f44,cache.set,,1.93,OK,cache-cluster,v1.0.0,47e907c533c94b868341f1bba160f2c1
live_ep_000007_NONE,NONE,inventory-service,42.0,1785923677.5396178,c62349b4134b4cfbae3aeb2f7b92ed57,,POST /api/payment,,155.29,OK,inventory-service,v1.0.0,f48f138fe1b5402ba91ea92dc199fd71
live_ep_000007_NONE,NONE,inventory-service,42.0,1785923677.5396178,ba9138a3058f4da7945950d51e067777,c62349b4134b4cfbae3aeb2f7b92ed57,db.query.insert,READ,37.38,OK,user-db,v1.0.0,f48f138fe1b5402ba91ea92dc199fd71
live_ep_000007_NONE,NONE,inventory-service,42.0,1785923677.5396178,1d59cae06e1e4fc5be779dd2aaed08f1,c62349b4134b4cfbae3aeb2f7b92ed57,cache.set,,1.37,OK,cache-cluster,v1.0.0,f48f138fe1b5402ba91ea92dc199fd71
live_ep_000007_NONE,NONE,inventory-service,42.0,1785923677.5396178,2dedd57d557c4d4296b49b1b95661c8d,c62349b4134b4cfbae3aeb2f7b92ed57,http.client.get,,30.09,OK,payment-gateway,v1.0.0,f48f138fe1b5402ba91ea92dc199fd71
live_ep_000007_NONE,NONE,inventory-service,42.5,1785923678.0399222,59aa6098c01d405a8cef93bfc6050131,,PUT /api/inventory,,135.57,OK,inventory-service,v1.0.0,bcdcb3b93bc0400bbfc4b59ebaa63baa
live_ep_000007_NONE,NONE,inventory-service,42.5,1785923678.0399222,7a99bf77c7484069970eb12d6de7ffae,59aa6098c01d405a8cef93bfc6050131,db.transaction,WRITE,22.47,OK,user-db,v1.0.0,bcdcb3b93bc0400bbfc4b59ebaa63baa
live_ep_000007_NONE,NONE,inventory-service,42.5,1785923678.0399222,7728fadfba37493394d152f1dd427bfe,59aa6098c01d405a8cef93bfc6050131,db.query.select,WRITE,13.72,OK,user-db,v1.0.0,bcdcb3b93bc0400bbfc4b59ebaa63baa
live_ep_000007_NONE,NONE,inventory-service,42.5,1785923678.0399222,d348074b30564f01aecd88e1caf7e009,59aa6098c01d405a8cef93bfc6050131,cache.delete,,3.18,OK,cache-cluster,v1.0.0,bcdcb3b93bc0400bbfc4b59ebaa63baa
live_ep_000007_NONE,NONE,inventory-service,42.5,1785923678.0399222,48d9bcf9a3c04339889fa152d1bb8e9b,59aa6098c01d405a8cef93bfc6050131,grpc.call,,18.0,OK,inventory-api,v1.0.0,bcdcb3b93bc0400bbfc4b59ebaa63baa
live_ep_000007_NONE,NONE,inventory-service,43.0,1785923678.5408995,f163a373a8704c5a9bb5839544f0d9df,,PUT /api/inventory,,108.35,OK,inventory-service,v1.0.0,6c15322994184604bd7fb5e6910e3d44
live_ep_000007_NONE,NONE,inventory-service,43.0,1785923678.5408995,a8b70d6e32fb4ee3b6248438de133cf4,f163a373a8704c5a9bb5839544f0d9df,db.query.update,WRITE,35.92,OK,user-db,v1.0.0,6c15322994184604bd7fb5e6910e3d44
live_ep_000007_NONE,NONE,inventory-service,43.0,1785923678.5408995,88d172f5b1a04874b9c402ff517230c7,f163a373a8704c5a9bb5839544f0d9df,db.query.select,WRITE,44.06,OK,user-db,v1.0.0,6c15322994184604bd7fb5e6910e3d44
live_ep_000007_NONE,NONE,inventory-service,43.0,1785923678.5408995,727a3a4defe44a68b6b299eb2d510a60,f163a373a8704c5a9bb5839544f0d9df,cache.delete,,2.1,OK,cache-cluster,v1.0.0,6c15322994184604bd7fb5e6910e3d44
live_ep_000007_NONE,NONE,inventory-service,43.0,1785923678.5408995,2b957926d3864c68868c5c4c55a28bde,f163a373a8704c5a9bb5839544f0d9df,grpc.call,,36.69,OK,user-db,v1.0.0,6c15322994184604bd7fb5e6910e3d44
live_ep_000007_NONE,NONE,inventory-service,43.5,1785923679.0411987,b196d967b46342f7a68a3eabd6b29f3f,,GET /api/order,,128.63,OK,inventory-service,v1.0.0,6adca4ad8a704ef780c643ef2afd1ff9
live_ep_000007_NONE,NONE,inventory-service,43.5,1785923679.0411987,dab270bb8a004f9a82822b836acada77,b196d967b46342f7a68a3eabd6b29f3f,db.query.delete,READ,17.43,OK,user-db,v1.0.0,6adca4ad8a704ef780c643ef2afd1ff9
live_ep_000007_NONE,NONE,inventory-service,43.5,1785923679.0411987,38a3dbb2b36d48318d776eccd3b51c5d,b196d967b46342f7a68a3eabd6b29f3f,db.transaction,READ,15.67,OK,user-db,v1.0.0,6adca4ad8a704ef780c643ef2afd1ff9
live_ep_000007_NONE,NONE,inventory-service,43.5,1785923679.0411987,2390bb5eb9d34cf0bef54abdd204648c,b196d967b46342f7a68a3eabd6b29f3f,cache.delete,,3.27,OK,cache-cluster,v1.0.0,6adca4ad8a704ef780c643ef2afd1ff9
live_ep_000007_NONE,NONE,inventory-service,43.5,1785923679.0411987,e831fb7b1f6341d5a96dda8bd95c02b5,b196d967b46342f7a68a3eabd6b29f3f,http.client.get,,34.44,OK,inventory-api,v1.0.0,6adca4ad8a704ef780c643ef2afd1ff9
live_ep_000007_NONE,NONE,inventory-service,44.0,1785923679.5505807,6f46184a87b54f63ab688378d45bd07f,,GET /api/order,,134.54,OK,inventory-service,v1.0.0,f613120638604742b9a5de71b89489e9
live_ep_000007_NONE,NONE,inventory-service,44.0,1785923679.5505807,dadced68c2474180892605ce7c6f82b2,6f46184a87b54f63ab688378d45bd07f,db.query.delete,WRITE,42.16,OK,user-db,v1.0.0,f613120638604742b9a5de71b89489e9
live_ep_000007_NONE,NONE,inventory-service,44.0,1785923679.5505807,96a89372ddb44755b3eed96858ace9d3,6f46184a87b54f63ab688378d45bd07f,http.client.post,,26.53,OK,inventory-api,v1.0.0,f613120638604742b9a5de71b89489e9
live_ep_000007_NONE,NONE,inventory-service,44.5,1785923680.0508068,d47ccadf43224900a5b06b7239831b4a,,GET /api/order,,116.34,OK,inventory-service,v1.0.0,af541e1d56fe43948edb98de266e2fbc
live_ep_000007_NONE,NONE,inventory-service,44.5,1785923680.0508068,a11f3d2232db4292806187f087f86ecd,d47ccadf43224900a5b06b7239831b4a,db.query.update,READ,9.28,OK,user-db,v1.0.0,af541e1d56fe43948edb98de266e2fbc
live_ep_000007_NONE,NONE,inventory-service,44.5,1785923680.0508068,5502b802e740446f87a74c067f09cb0e,d47ccadf43224900a5b06b7239831b4a,cache.get,,2.58,OK,cache-cluster,v1.0.0,af541e1d56fe43948edb98de266e2fbc
live_ep_000007_NONE,NONE,inventory-service,45.0,1785923680.5510263,6e65581b378946309d5595340de17947,,PUT /api/inventory,,107.05,OK,inventory-service,v1.0.0,d26482a5ebe445839e85ad0ddbae787a
live_ep_000007_NONE,NONE,inventory-service,45.0,1785923680.5510263,9281964d39354452b44a615b336a6335,6e65581b378946309d5595340de17947,db.query.select,WRITE,32.72,OK,user-db,v1.0.0,d26482a5ebe445839e85ad0ddbae787a
live_ep_000007_NONE,NONE,inventory-service,45.0,1785923680.5510263,62cbcedd9b1a4b68aa363f1bcfc3f3ef,6e65581b378946309d5595340de17947,cache.delete,,1.09,OK,cache-cluster,v1.0.0,d26482a5ebe445839e85ad0ddbae787a
live_ep_000007_NONE,NONE,inventory-service,45.0,1785923680.5510263,595737b159b0426fa84974045cf471e6,6e65581b378946309d5595340de17947,http.client.post,,33.59,OK,payment-gateway,v1.0.0,d26482a5ebe445839e85ad0ddbae787a
live_ep_000007_NONE,NONE,inventory-service,45.5,1785923681.0513573,dae0c50e7a8c463f85426baf9fc29dc7,,GET /api/auth,,100.85,OK,inventory-service,v1.0.0,48afa758fd5f4d9e9159e299936a65f3
live_ep_000007_NONE,NONE,inventory-service,45.5,1785923681.0513573,8ceec0bc664b43218c17a102f7976d91,dae0c50e7a8c463f85426baf9fc29dc7,db.query.delete,READ,34.27,OK,user-db,v1.0.0,48afa758fd5f4d9e9159e299936a65f3
live_ep_000007_NONE,NONE,inventory-service,45.5,1785923681.0513573,c23e7d7fd56646e6a949d71fa10d2ca6,dae0c50e7a8c463f85426baf9fc29dc7,db.query.select,READ,20.83,OK,user-db,v1.0.0,48afa758fd5f4d9e9159e299936a65f3
live_ep_000007_NONE,NONE,inventory-service,45.5,1785923681.0513573,349823ac15ed4df9aee97c6146457a57,dae0c50e7a8c463f85426baf9fc29dc7,cache.get,,2.09,OK,cache-cluster,v1.0.0,48afa758fd5f4d9e9159e299936a65f3
live_ep_000007_NONE,NONE,inventory-service,46.0,1785923681.5517747,735f3fde723e4124aa55340bc46b02a6,,PUT /api/inventory,,112.04,OK,inventory-service,v1.0.0,e9689269a7be4bf8aa35734eae6dfd60
live_ep_000007_NONE,NONE,inventory-service,46.0,1785923681.5517747,b8ca96a659d14c87a1d09cb62ce98f87,735f3fde723e4124aa55340bc46b02a6,db.query.update,READ,18.13,OK,user-db,v1.0.0,e9689269a7be4bf8aa35734eae6dfd60
live_ep_000007_NONE,NONE,inventory-service,46.0,1785923681.5517747,72afe70819704c5d9a9b0230997a827b,735f3fde723e4124aa55340bc46b02a6,db.transaction,READ,23.34,OK,user-db,v1.0.0,e9689269a7be4bf8aa35734eae6dfd60
live_ep_000007_NONE,NONE,inventory-service,46.5,1785923682.0522544,65bdcf4b949e41dfb013625feffc46fc,,GET /api/order,,111.75,OK,inventory-service,v1.0.0,19a30d007820428c99b5c0d0cd5492d8
live_ep_000007_NONE,NONE,inventory-service,46.5,1785923682.0522544,5318edd68ee440f8b98822a30257b1b1,65bdcf4b949e41dfb013625feffc46fc,db.query.update,READ,11.65,OK,user-db,v1.0.0,19a30d007820428c99b5c0d0cd5492d8
live_ep_000007_NONE,NONE,inventory-service,46.5,1785923682.0522544,44e9e02a6e7044c5b8e1b8677f83c8fb,65bdcf4b949e41dfb013625feffc46fc,http.client.post,,12.67,OK,cache-cluster,v1.0.0,19a30d007820428c99b5c0d0cd5492d8
live_ep_000007_NONE,NONE,inventory-service,47.0,1785923682.5526314,55445105d6c94176b82130eabf06ed4c,,GET /api/auth,,112.63,OK,inventory-service,v1.0.0,f4848e68b2da431d926fbbe9a8ac96cf
live_ep_000007_NONE,NONE,inventory-service,47.0,1785923682.5526314,306742ef32d74ce5938679137f9d828a,55445105d6c94176b82130eabf06ed4c,db.query.delete,READ,13.54,OK,user-db,v1.0.0,f4848e68b2da431d926fbbe9a8ac96cf
live_ep_000007_NONE,NONE,inventory-service,47.0,1785923682.5526314,17a9f6d14fb9432e9dae2bc94cedf75d,55445105d6c94176b82130eabf06ed4c,db.transaction,READ,12.69,OK,user-db,v1.0.0,f4848e68b2da431d926fbbe9a8ac96cf
live_ep_000007_NONE,NONE,inventory-service,47.0,1785923682.5526314,d075235e1333405cbbd5e7868d0a8787,55445105d6c94176b82130eabf06ed4c,http.client.post,,35.97,OK,user-db,v1.0.0,f4848e68b2da431d926fbbe9a8ac96cf
live_ep_000007_NONE,NONE,inventory-service,47.5,1785923683.0529914,cdaffe9cace944f8bc9b461a726166bf,,POST /api/checkout,,119.58,OK,inventory-service,v1.0.0,d3e1a7b899474aa4b4e46c17f7a3a539
live_ep_000007_NONE,NONE,inventory-service,47.5,1785923683.0529914,4f2db152dc744040842eec1dd406b556,cdaffe9cace944f8bc9b461a726166bf,db.query.delete,WRITE,19.13,OK,user-db,v1.0.0,d3e1a7b899474aa4b4e46c17f7a3a539
live_ep_000007_NONE,NONE,inventory-service,47.5,1785923683.0529914,b5a66621cb5a4f609082836ae796bf56,cdaffe9cace944f8bc9b461a726166bf,db.query.update,WRITE,11.55,OK,user-db,v1.0.0,d3e1a7b899474aa4b4e46c17f7a3a539
live_ep_000007_NONE,NONE,inventory-service,47.5,1785923683.0529914,03dae3c6bf1a4041b7b945c117568401,cdaffe9cace944f8bc9b461a726166bf,cache.delete,,1.77,OK,cache-cluster,v1.0.0,d3e1a7b899474aa4b4e46c17f7a3a539
live_ep_000007_NONE,NONE,inventory-service,48.0,1785923683.553138,92b7a09fad4646779ee674875fbe24fd,,GET /api/health,,92.17,OK,inventory-service,v1.0.0,462c5f82754c4d7ca997a89bb2b7a9e6
live_ep_000007_NONE,NONE,inventory-service,48.0,1785923683.553138,7f3a8e036acf4a66b499d920690c84e9,92b7a09fad4646779ee674875fbe24fd,db.query.delete,READ,15.29,OK,user-db,v1.0.0,462c5f82754c4d7ca997a89bb2b7a9e6
live_ep_000007_NONE,NONE,inventory-service,48.0,1785923683.553138,cd54ea16ecb0443db7e96dfcb28cf3ab,92b7a09fad4646779ee674875fbe24fd,cache.get,,0.88,OK,cache-cluster,v1.0.0,462c5f82754c4d7ca997a89bb2b7a9e6
live_ep_000007_NONE,NONE,inventory-service,48.5,1785923684.05835,ae7326b25f0a425c9815fabdbc767130,,GET /api/auth,,113.35,OK,inventory-service,v1.0.0,ddaaf6b54d1a40128bb03a6e181cdd66
live_ep_000007_NONE,NONE,inventory-service,48.5,1785923684.05835,64e2b80c381a4775adc96bca5e75150a,ae7326b25f0a425c9815fabdbc767130,db.query.insert,WRITE,31.35,OK,user-db,v1.0.0,ddaaf6b54d1a40128bb03a6e181cdd66
live_ep_000007_NONE,NONE,inventory-service,48.5,1785923684.05835,0693a55e0e97418fa506ef518c0031e3,ae7326b25f0a425c9815fabdbc767130,db.query.delete,READ,25.42,OK,user-db,v1.0.0,ddaaf6b54d1a40128bb03a6e181cdd66
live_ep_000007_NONE,NONE,inventory-service,49.0,1785923684.5587077,e7714188feb645d498a03867c38fdb7b,,PUT /api/inventory,,105.68,OK,inventory-service,v1.0.0,630b4b7b8f514b2b994f920e642a93d1
live_ep_000007_NONE,NONE,inventory-service,49.0,1785923684.5587077,0bacc735ef5c4ef08f503402da747aca,e7714188feb645d498a03867c38fdb7b,db.query.insert,READ,38.51,OK,user-db,v1.0.0,630b4b7b8f514b2b994f920e642a93d1
live_ep_000007_NONE,NONE,inventory-service,49.0,1785923684.5587077,d684b8702e804ee29f4e42d4a95560f3,e7714188feb645d498a03867c38fdb7b,db.transaction,WRITE,40.03,OK,user-db,v1.0.0,630b4b7b8f514b2b994f920e642a93d1
live_ep_000007_NONE,NONE,inventory-service,49.0,1785923684.5587077,9d90b54ea8724668b5987f1cdf867624,e7714188feb645d498a03867c38fdb7b,cache.set,,4.06,OK,cache-cluster,v1.0.0,630b4b7b8f514b2b994f920e642a93d1
live_ep_000007_NONE,NONE,inventory-service,49.0,1785923684.5587077,1af8f4ea9e3d4bea8edf34773211d7e0,e7714188feb645d498a03867c38fdb7b,grpc.call,,27.28,OK,user-db,v1.0.0,630b4b7b8f514b2b994f920e642a93d1
live_ep_000007_NONE,NONE,inventory-service,49.5,1785923685.0592124,115866049e6b48199b6eb19a2119c28f,,PUT /api/inventory,,110.96,OK,inventory-service,v1.0.0,fd46b307347f401e9a91b2a5c8f60b6c
live_ep_000007_NONE,NONE,inventory-service,49.5,1785923685.0592124,4567be570706461f8bf3927e52ffccfc,115866049e6b48199b6eb19a2119c28f,db.query.insert,READ,17.17,OK,user-db,v1.0.0,fd46b307347f401e9a91b2a5c8f60b6c
live_ep_000007_NONE,NONE,inventory-service,50.0,1785923685.5596213,323803d8ef3848f1be3eb81e42bfde80,,GET /api/health,,102.97,OK,inventory-service,v1.0.0,cb4319ca1fcc462f8d677d745b600ee5
live_ep_000007_NONE,NONE,inventory-service,50.0,1785923685.5596213,66f3d15884174671b078857ae70b02da,323803d8ef3848f1be3eb81e42bfde80,db.transaction,READ,23.98,OK,user-db,v1.0.0,cb4319ca1fcc462f8d677d745b600ee5
live_ep_000007_NONE,NONE,inventory-service,50.0,1785923685.5596213,5794765341b447929c6ab38a8bc8cc4c,323803d8ef3848f1be3eb81e42bfde80,db.query.select,READ,8.55,OK,user-db,v1.0.0,cb4319ca1fcc462f8d677d745b600ee5
live_ep_000007_NONE,NONE,inventory-service,50.0,1785923685.5596213,399de805a3384a6f9eb64a971ab219fa,323803d8ef3848f1be3eb81e42bfde80,cache.delete,,2.24,OK,cache-cluster,v1.0.0,cb4319ca1fcc462f8d677d745b600ee5
live_ep_000007_NONE,NONE,inventory-service,50.5,1785923686.0602727,22e90a868b914e0eb5548b0009eacc23,,GET /api/health,,115.08,OK,inventory-service,v1.0.0,201fe0a839c844159541339dbab00739
live_ep_000007_NONE,NONE,inventory-service,50.5,1785923686.0602727,4020b843b87e478f9358f61b084a68e8,22e90a868b914e0eb5548b0009eacc23,db.query.update,READ,40.61,OK,user-db,v1.0.0,201fe0a839c844159541339dbab00739
live_ep_000007_NONE,NONE,inventory-service,50.5,1785923686.0602727,552ef325d9c949dea6fd91335cf3cc67,22e90a868b914e0eb5548b0009eacc23,db.transaction,READ,40.31,OK,user-db,v1.0.0,201fe0a839c844159541339dbab00739
live_ep_000007_NONE,NONE,inventory-service,50.5,1785923686.0602727,e7c83836cef84cd4859d718539fb0d4c,22e90a868b914e0eb5548b0009eacc23,cache.delete,,1.79,OK,cache-cluster,v1.0.0,201fe0a839c844159541339dbab00739
live_ep_000007_NONE,NONE,inventory-service,51.0,1785923686.561146,66dadf9f1c134570adadeecaa0c5a7fb,,POST /api/payment,,143.04,OK,inventory-service,v1.0.0,a06477577adc4042a32d81b7e0824903
live_ep_000007_NONE,NONE,inventory-service,51.0,1785923686.561146,9f88d19b90c94def9c873fd1a4e7cb31,66dadf9f1c134570adadeecaa0c5a7fb,db.query.update,WRITE,20.36,OK,user-db,v1.0.0,a06477577adc4042a32d81b7e0824903
live_ep_000007_NONE,NONE,inventory-service,51.0,1785923686.561146,ba5dda653f4144d395b15277ef4cea41,66dadf9f1c134570adadeecaa0c5a7fb,db.query.update,READ,12.18,OK,user-db,v1.0.0,a06477577adc4042a32d81b7e0824903
live_ep_000007_NONE,NONE,inventory-service,51.0,1785923686.561146,3c091729065d4e1da657976a3a939624,66dadf9f1c134570adadeecaa0c5a7fb,cache.get,,2.2,OK,cache-cluster,v1.0.0,a06477577adc4042a32d81b7e0824903
live_ep_000007_NONE,NONE,inventory-service,51.5,1785923687.0792348,38f55547c5844b319b40613036c3c63b,,POST /api/checkout,,101.33,OK,inventory-service,v1.0.0,ceacdf0d6ad343e9a153c80a9a81d12f
live_ep_000007_NONE,NONE,inventory-service,51.5,1785923687.0792348,8f5a1aa3e6984f15aedb93de8c087720,38f55547c5844b319b40613036c3c63b,db.query.delete,WRITE,15.47,OK,user-db,v1.0.0,ceacdf0d6ad343e9a153c80a9a81d12f
live_ep_000007_NONE,NONE,inventory-service,51.5,1785923687.0792348,0c053e1bc2b34bd9adb8f4ec7fa02431,38f55547c5844b319b40613036c3c63b,db.query.select,READ,21.67,OK,user-db,v1.0.0,ceacdf0d6ad343e9a153c80a9a81d12f
live_ep_000007_NONE,NONE,inventory-service,52.0,1785923687.579446,a9abf122e32843ad88ffdb4b1da6d734,,POST /api/payment,,124.83,OK,inventory-service,v1.0.0,014eecf810554d319720c1b74ac05194
live_ep_000007_NONE,NONE,inventory-service,52.0,1785923687.579446,67291934d23f44718ef42baf0ffbcf17,a9abf122e32843ad88ffdb4b1da6d734,db.query.delete,WRITE,25.55,OK,user-db,v1.0.0,014eecf810554d319720c1b74ac05194
live_ep_000007_NONE,NONE,inventory-service,52.0,1785923687.579446,9053bd69a582400f91e1811932d98ee4,a9abf122e32843ad88ffdb4b1da6d734,http.client.get,,21.97,OK,cache-cluster,v1.0.0,014eecf810554d319720c1b74ac05194
live_ep_000007_NONE,NONE,inventory-service,52.5,1785923688.0795329,46a3c8c3c96d455aad7e3834d2e9f8a3,,POST /api/payment,,94.58,OK,inventory-service,v1.0.0,180dc6c41d5341e88864955251c56517
live_ep_000007_NONE,NONE,inventory-service,52.5,1785923688.0795329,1f1787e6b89443c2b077d4e30a80499a,46a3c8c3c96d455aad7e3834d2e9f8a3,db.query.delete,READ,35.07,OK,user-db,v1.0.0,180dc6c41d5341e88864955251c56517
live_ep_000007_NONE,NONE,inventory-service,52.5,1785923688.0795329,90a64240175e4e068eb9ec34bb5a8184,46a3c8c3c96d455aad7e3834d2e9f8a3,db.query.insert,READ,40.83,OK,user-db,v1.0.0,180dc6c41d5341e88864955251c56517
live_ep_000007_NONE,NONE,inventory-service,52.5,1785923688.0795329,0cc7575f202f43b2b665fe50838e5c9a,46a3c8c3c96d455aad7e3834d2e9f8a3,cache.delete,,2.8,OK,cache-cluster,v1.0.0,180dc6c41d5341e88864955251c56517
live_ep_000007_NONE,NONE,inventory-service,53.0,1785923688.579813,604a9d2336ab495f9d68287f14f7216b,,GET /api/health,,114.81,OK,inventory-service,v1.0.0,fd6b36132f53435290a71c26f482c9ab
live_ep_000007_NONE,NONE,inventory-service,53.0,1785923688.579813,ab585a42cc034c6b8604210c4cf7fc71,604a9d2336ab495f9d68287f14f7216b,db.query.delete,WRITE,25.87,OK,user-db,v1.0.0,fd6b36132f53435290a71c26f482c9ab
live_ep_000007_NONE,NONE,inventory-service,53.0,1785923688.579813,27b58c4530af45f3b69bd4719ea9eb14,604a9d2336ab495f9d68287f14f7216b,cache.get,,1.07,OK,cache-cluster,v1.0.0,fd6b36132f53435290a71c26f482c9ab
live_ep_000007_NONE,NONE,inventory-service,53.0,1785923688.579813,710277445f834d69b7c58448695d56d4,604a9d2336ab495f9d68287f14f7216b,http.client.get,,33.21,OK,payment-gateway,v1.0.0,fd6b36132f53435290a71c26f482c9ab
live_ep_000007_NONE,NONE,inventory-service,53.5,1785923689.0803232,c77553360b934d79b14aa0e63cab1cb8,,PUT /api/inventory,,118.62,OK,inventory-service,v1.0.0,cc69686e822d4cf39775745c6e5b5a82
live_ep_000007_NONE,NONE,inventory-service,53.5,1785923689.0803232,17f046bd382842dbbc2d49bd6d82e0e2,c77553360b934d79b14aa0e63cab1cb8,db.transaction,WRITE,24.56,OK,user-db,v1.0.0,cc69686e822d4cf39775745c6e5b5a82
live_ep_000007_NONE,NONE,inventory-service,53.5,1785923689.0803232,e414011095c347b69c634fb2d3222ef7,c77553360b934d79b14aa0e63cab1cb8,cache.get,,2.29,OK,cache-cluster,v1.0.0,cc69686e822d4cf39775745c6e5b5a82
live_ep_000007_NONE,NONE,inventory-service,53.5,1785923689.0803232,6480fd6efea64c47a636643ae86595e1,c77553360b934d79b14aa0e63cab1cb8,http.client.post,,44.42,OK,user-db,v1.0.0,cc69686e822d4cf39775745c6e5b5a82
live_ep_000007_NONE,NONE,inventory-service,54.0,1785923689.5807145,e909c1a6981d49c79b1b646ef26343a4,,POST /api/checkout,,111.02,OK,inventory-service,v1.0.0,86ee1d27468a41888abab9af0bbaea61
live_ep_000007_NONE,NONE,inventory-service,54.0,1785923689.5807145,45a387949efb4c60878d472eaf9a5ee3,e909c1a6981d49c79b1b646ef26343a4,db.query.update,WRITE,19.3,OK,user-db,v1.0.0,86ee1d27468a41888abab9af0bbaea61
live_ep_000007_NONE,NONE,inventory-service,54.5,1785923690.0808742,490141899135477392b7f704a4accfff,,POST /api/payment,,108.79,OK,inventory-service,v1.0.0,01792ee56f3f4dc6818e1d508d97262f
live_ep_000007_NONE,NONE,inventory-service,54.5,1785923690.0808742,7e2a23f4d78c4c55a1ac57ef7f54085f,490141899135477392b7f704a4accfff,db.query.delete,READ,14.41,OK,user-db,v1.0.0,01792ee56f3f4dc6818e1d508d97262f
live_ep_000007_NONE,NONE,inventory-service,54.5,1785923690.0808742,8c5dc5d0df1d43f39f69a48680ad8d38,490141899135477392b7f704a4accfff,db.query.select,WRITE,13.48,OK,user-db,v1.0.0,01792ee56f3f4dc6818e1d508d97262f
live_ep_000007_NONE,NONE,inventory-service,54.5,1785923690.0808742,9f0d62cb404f476f8e1cb5c2858633e7,490141899135477392b7f704a4accfff,cache.delete,,1.43,OK,cache-cluster,v1.0.0,01792ee56f3f4dc6818e1d508d97262f
live_ep_000007_NONE,NONE,inventory-service,55.0,1785923690.5812125,816e3c24d5ed4e76a8844a95755501a1,,PUT /api/inventory,,113.53,OK,inventory-service,v1.0.0,b6c42bc749dd4a2eb7a1607f93b9504f
live_ep_000007_NONE,NONE,inventory-service,55.0,1785923690.5812125,de005163fec04098b96ce2a64c5ed108,816e3c24d5ed4e76a8844a95755501a1,db.query.delete,READ,19.01,OK,user-db,v1.0.0,b6c42bc749dd4a2eb7a1607f93b9504f
live_ep_000007_NONE,NONE,inventory-service,55.0,1785923690.5812125,5c22350430734cf9bbcb888ca67dadb8,816e3c24d5ed4e76a8844a95755501a1,db.query.insert,READ,24.91,OK,user-db,v1.0.0,b6c42bc749dd4a2eb7a1607f93b9504f
live_ep_000007_NONE,NONE,inventory-service,55.0,1785923690.5812125,0ea05254126e43209d3dc901c2381aed,816e3c24d5ed4e76a8844a95755501a1,grpc.call,,27.65,OK,cache-cluster,v1.0.0,b6c42bc749dd4a2eb7a1607f93b9504f
live_ep_000007_NONE,NONE,inventory-service,55.5,1785923691.1156826,6511c4e205a045c097749bb945e0718c,,GET /api/auth,,122.98,OK,inventory-service,v1.0.0,e1027efcc87f445f82bff0a1898f519b
live_ep_000007_NONE,NONE,inventory-service,55.5,1785923691.1156826,a9c755d935754cb79f71e41547abe8eb,6511c4e205a045c097749bb945e0718c,db.query.insert,WRITE,18.61,OK,user-db,v1.0.0,e1027efcc87f445f82bff0a1898f519b
live_ep_000007_NONE,NONE,inventory-service,55.5,1785923691.1156826,b96ec195c3334c0c94b9c1767c2c37c1,6511c4e205a045c097749bb945e0718c,http.client.get,,30.34,OK,user-db,v1.0.0,e1027efcc87f445f82bff0a1898f519b
live_ep_000007_NONE,NONE,inventory-service,56.0,1785923691.6160119,5115af22355b47fea28ff1ad18580295,,POST /api/checkout,,114.78,OK,inventory-service,v1.0.0,9dabbcdf6c7d4dcbb760f8e45a926b00
live_ep_000007_NONE,NONE,inventory-service,56.0,1785923691.6160119,f40d4bcd599744d5b2a1ac27f6d80fea,5115af22355b47fea28ff1ad18580295,db.query.insert,WRITE,10.11,OK,user-db,v1.0.0,9dabbcdf6c7d4dcbb760f8e45a926b00
live_ep_000007_NONE,NONE,inventory-service,56.0,1785923691.6160119,85bcc0fddd764c1baa6c42ccb2b0c756,5115af22355b47fea28ff1ad18580295,cache.get,,4.4,OK,cache-cluster,v1.0.0,9dabbcdf6c7d4dcbb760f8e45a926b00
live_ep_000007_NONE,NONE,inventory-service,56.0,1785923691.6160119,0a3ada0e69c6493db6f5a9fa5e9da813,5115af22355b47fea28ff1ad18580295,http.client.post,,27.3,OK,inventory-api,v1.0.0,9dabbcdf6c7d4dcbb760f8e45a926b00
live_ep_000007_NONE,NONE,inventory-service,56.5,1785923692.1162028,55d205586c454b999e7bc5724bd7aec5,,POST /api/payment,,107.42,OK,inventory-service,v1.0.0,92907d557ca44b71a048fdf4a6ece280
live_ep_000007_NONE,NONE,inventory-service,56.5,1785923692.1162028,726e56bf926442f98e447eafd4ab5992,55d205586c454b999e7bc5724bd7aec5,db.query.delete,READ,30.1,OK,user-db,v1.0.0,92907d557ca44b71a048fdf4a6ece280
live_ep_000007_NONE,NONE,inventory-service,56.5,1785923692.1162028,e257339307c44065b67df797584376b9,55d205586c454b999e7bc5724bd7aec5,db.query.update,WRITE,23.28,OK,user-db,v1.0.0,92907d557ca44b71a048fdf4a6ece280
live_ep_000007_NONE,NONE,inventory-service,56.5,1785923692.1162028,2880823b0a3449d59207a44eb4d2e883,55d205586c454b999e7bc5724bd7aec5,cache.get,,0.5,OK,cache-cluster,v1.0.0,92907d557ca44b71a048fdf4a6ece280
live_ep_000007_NONE,NONE,inventory-service,56.5,1785923692.1162028,7ddd890674544774972d6e1258752786,55d205586c454b999e7bc5724bd7aec5,http.client.post,,34.15,OK,payment-gateway,v1.0.0,92907d557ca44b71a048fdf4a6ece280
live_ep_000007_NONE,NONE,inventory-service,57.0,1785923692.6164262,5f17b334cd9242099626bf4aa49f97a1,,GET /api/auth,,120.23,OK,inventory-service,v1.0.0,3efd6ce190564594838b6c33bcac9056
live_ep_000007_NONE,NONE,inventory-service,57.0,1785923692.6164262,ad0a6e5975e34d5096adcd2cd0e56da6,5f17b334cd9242099626bf4aa49f97a1,db.query.insert,READ,15.24,OK,user-db,v1.0.0,3efd6ce190564594838b6c33bcac9056
live_ep_000007_NONE,NONE,inventory-service,57.0,1785923692.6164262,1164e7458b10462698be01d5bd8996ff,5f17b334cd9242099626bf4aa49f97a1,cache.delete,,3.58,OK,cache-cluster,v1.0.0,3efd6ce190564594838b6c33bcac9056
live_ep_000007_NONE,NONE,inventory-service,57.5,1785923693.116612,7986517b54344dc2b6621949288c93d9,,POST /api/payment,,88.24,OK,inventory-service,v1.0.0,0d205b9225b545d7a670b5eefd2ed23c
live_ep_000007_NONE,NONE,inventory-service,57.5,1785923693.116612,8108519d2c9944798e76517720cd13fa,7986517b54344dc2b6621949288c93d9,db.query.update,WRITE,28.05,OK,user-db,v1.0.0,0d205b9225b545d7a670b5eefd2ed23c
live_ep_000007_NONE,NONE,inventory-service,57.5,1785923693.116612,aa2046753d55444394d5d97acbef6f50,7986517b54344dc2b6621949288c93d9,cache.set,,3.01,OK,cache-cluster,v1.0.0,0d205b9225b545d7a670b5eefd2ed23c
live_ep_000007_NONE,NONE,inventory-service,57.5,1785923693.116612,fc3e126e809f415b87a0f29452f207ae,7986517b54344dc2b6621949288c93d9,http.client.get,,28.53,OK,inventory-api,v1.0.0,0d205b9225b545d7a670b5eefd2ed23c
live_ep_000007_NONE,NONE,inventory-service,58.0,1785923693.6293612,f0b481525ab14b2792ce19f03425f2a5,,GET /api/order,,101.59,OK,inventory-service,v1.0.0,9433db41c466453d98c22c5bc1a76224
live_ep_000007_NONE,NONE,inventory-service,58.0,1785923693.6293612,86c1f7fd8d5144d68519fe0f394fe55b,f0b481525ab14b2792ce19f03425f2a5,db.query.update,WRITE,26.2,OK,user-db,v1.0.0,9433db41c466453d98c22c5bc1a76224
live_ep_000007_NONE,NONE,inventory-service,58.0,1785923693.6293612,969a8e2f3a954b8d8183280d067925ad,f0b481525ab14b2792ce19f03425f2a5,db.query.update,WRITE,30.58,OK,user-db,v1.0.0,9433db41c466453d98c22c5bc1a76224
live_ep_000007_NONE,NONE,inventory-service,58.0,1785923693.6293612,65a9bb8a10a94b6ab69ed86b7f3a9604,f0b481525ab14b2792ce19f03425f2a5,cache.get,,3.05,OK,cache-cluster,v1.0.0,9433db41c466453d98c22c5bc1a76224
live_ep_000007_NONE,NONE,inventory-service,58.0,1785923693.6293612,b781d52cdcdc402a8a71b3930c0dcf71,f0b481525ab14b2792ce19f03425f2a5,http.client.post,,31.36,OK,user-db,v1.0.0,9433db41c466453d98c22c5bc1a76224
live_ep_000007_NONE,NONE,inventory-service,58.5,1785923694.1299787,c59f40d7e6d4472cbb6e1b139c4c0593,,GET /api/auth,,117.79,OK,inventory-service,v1.0.0,a854790e04f34452a74a82847131f089
live_ep_000007_NONE,NONE,inventory-service,58.5,1785923694.1299787,b58e0a5fc05e4d2287b254a1ad5fb5a5,c59f40d7e6d4472cbb6e1b139c4c0593,db.query.insert,WRITE,27.0,OK,user-db,v1.0.0,a854790e04f34452a74a82847131f089
live_ep_000007_NONE,NONE,inventory-service,58.5,1785923694.1299787,ee60d582905c45998fe25fc31f91def6,c59f40d7e6d4472cbb6e1b139c4c0593,cache.set,,1.58,OK,cache-cluster,v1.0.0,a854790e04f34452a74a82847131f089
live_ep_000007_NONE,NONE,inventory-service,58.5,1785923694.1299787,99430720631f484da0e10654e576f064,c59f40d7e6d4472cbb6e1b139c4c0593,grpc.call,,34.76,OK,cache-cluster,v1.0.0,a854790e04f34452a74a82847131f089
live_ep_000007_NONE,NONE,inventory-service,59.0,1785923694.6302643,6f495ff9e486476a8b7d1dc067d43787,,POST /api/checkout,,131.41,OK,inventory-service,v1.0.0,ff4b8921660a4240be37a722285d154e
live_ep_000007_NONE,NONE,inventory-service,59.0,1785923694.6302643,9bacbada61b44e71a438f17e40750cca,6f495ff9e486476a8b7d1dc067d43787,db.query.delete,READ,13.58,OK,user-db,v1.0.0,ff4b8921660a4240be37a722285d154e
live_ep_000007_NONE,NONE,inventory-service,59.0,1785923694.6302643,749185e5d8b54d079422c978d65a63eb,6f495ff9e486476a8b7d1dc067d43787,db.transaction,WRITE,26.95,OK,user-db,v1.0.0,ff4b8921660a4240be37a722285d154e
live_ep_000007_NONE,NONE,inventory-service,59.0,1785923694.6302643,c91498dc8dd54c3aab32240965dc1024,6f495ff9e486476a8b7d1dc067d43787,http.client.get,,18.3,OK,inventory-api,v1.0.0,ff4b8921660a4240be37a722285d154e
live_ep_000007_NONE,NONE,inventory-service,59.5,1785923695.1305723,0f4624395fe4473680e89fdbac7c77da,,POST /api/checkout,,103.02,OK,inventory-service,v1.0.0,6c71f48b4b2a445db0a1c17f784f9f2b
live_ep_000007_NONE,NONE,inventory-service,59.5,1785923695.1305723,d247bc2aaf4243dda3b23fbce7f55a4d,0f4624395fe4473680e89fdbac7c77da,db.query.update,WRITE,17.7,OK,user-db,v1.0.0,6c71f48b4b2a445db0a1c17f784f9f2b
live_ep_000007_NONE,NONE,inventory-service,59.5,1785923695.1305723,1d229a2f0e6649369f800979ff11612b,0f4624395fe4473680e89fdbac7c77da,db.query.delete,WRITE,10.14,ERROR,user-db,v1.0.0,6c71f48b4b2a445db0a1c17f784f9f2b
live_ep_000007_NONE,NONE,inventory-service,59.5,1785923695.1305723,f39717ee8a9842ee82bdb2f87bff2bbf,0f4624395fe4473680e89fdbac7c77da,cache.delete,,0.79,OK,cache-cluster,v1.0.0,6c71f48b4b2a445db0a1c17f784f9f2b
live_ep_000008_NONE,NONE,inventory-service,0.0,1785923695.6317544,d08ac3c7ba274700b008f3e401fa2250,,POST /api/checkout,,80.17,OK,inventory-service,v1.0.0,5bfdcd42d65a40b2af6f8f887348dff3
live_ep_000008_NONE,NONE,inventory-service,0.0,1785923695.6317544,23f04add693644ad9eb580522bbdbfb4,d08ac3c7ba274700b008f3e401fa2250,db.query.delete,WRITE,11.13,OK,user-db,v1.0.0,5bfdcd42d65a40b2af6f8f887348dff3
live_ep_000008_NONE,NONE,inventory-service,0.0,1785923695.6317544,33ba116981c24590a05969c423f8792a,d08ac3c7ba274700b008f3e401fa2250,cache.get,,0.75,OK,cache-cluster,v1.0.0,5bfdcd42d65a40b2af6f8f887348dff3
live_ep_000008_NONE,NONE,inventory-service,0.0,1785923695.6317544,626300cbbe25496f8cca0e2ebfa69539,d08ac3c7ba274700b008f3e401fa2250,http.client.get,,21.26,OK,inventory-api,v1.0.0,5bfdcd42d65a40b2af6f8f887348dff3
live_ep_000008_NONE,NONE,inventory-service,0.5,1785923696.1322427,a8ca1a4d85b44489902fb4040dc21bc4,,POST /api/payment,,149.9,OK,inventory-service,v1.0.0,7e3a8e035229458194a5bc690cf17038
live_ep_000008_NONE,NONE,inventory-service,0.5,1785923696.1322427,2db6c519d4314543aa5d2d0cbaf81019,a8ca1a4d85b44489902fb4040dc21bc4,db.query.update,WRITE,20.85,OK,user-db,v1.0.0,7e3a8e035229458194a5bc690cf17038
live_ep_000008_NONE,NONE,inventory-service,0.5,1785923696.1322427,66d20c90005f4935962a53278fbbd0ee,a8ca1a4d85b44489902fb4040dc21bc4,cache.get,,0.94,OK,cache-cluster,v1.0.0,7e3a8e035229458194a5bc690cf17038
live_ep_000008_NONE,NONE,inventory-service,1.0,1785923696.632682,f0aa58889e2148d3b1086f68015c5447,,GET /api/auth,,133.4,OK,inventory-service,v1.0.0,f7bdfc05b14a491abe148ee3d2d5d21f
live_ep_000008_NONE,NONE,inventory-service,1.0,1785923696.632682,2d62564a916d41b0829ddc176a505fe5,f0aa58889e2148d3b1086f68015c5447,db.transaction,WRITE,14.06,OK,user-db,v1.0.0,f7bdfc05b14a491abe148ee3d2d5d21f
live_ep_000008_NONE,NONE,inventory-service,1.0,1785923696.632682,6ed6c91a4171430cafdcceb76da1ed3a,f0aa58889e2148d3b1086f68015c5447,db.transaction,WRITE,32.05,OK,user-db,v1.0.0,f7bdfc05b14a491abe148ee3d2d5d21f
live_ep_000008_NONE,NONE,inventory-service,1.0,1785923696.632682,d7868d0282a54cdf995b7a78f18b17d9,f0aa58889e2148d3b1086f68015c5447,cache.delete,,2.71,OK,cache-cluster,v1.0.0,f7bdfc05b14a491abe148ee3d2d5d21f
live_ep_000008_NONE,NONE,inventory-service,1.5,1785923697.1331952,d701b6dce44f45809409607e62efee30,,GET /api/health,,118.88,OK,inventory-service,v1.0.0,37a7c5d6449e47dfbee979484ee7656b
live_ep_000008_NONE,NONE,inventory-service,1.5,1785923697.1331952,357bf10f0605454f8366dfb65a976151,d701b6dce44f45809409607e62efee30,db.transaction,WRITE,29.99,OK,user-db,v1.0.0,37a7c5d6449e47dfbee979484ee7656b
live_ep_000008_NONE,NONE,inventory-service,1.5,1785923697.1331952,6d574281fecf400e9a090983d64f86ac,d701b6dce44f45809409607e62efee30,grpc.call,,35.51,OK,payment-gateway,v1.0.0,37a7c5d6449e47dfbee979484ee7656b
live_ep_000008_NONE,NONE,inventory-service,2.0,1785923697.6344342,f4ce1415850441b194889732eb9557c4,,POST /api/payment,,141.66,OK,inventory-service,v1.0.0,0ecd812268214788a8ced7d131f98a62
live_ep_000008_NONE,NONE,inventory-service,2.0,1785923697.6344342,1bd7fbaf0c754afa9552c317d8465e66,f4ce1415850441b194889732eb9557c4,db.query.update,READ,10.38,OK,user-db,v1.0.0,0ecd812268214788a8ced7d131f98a62
live_ep_000008_NONE,NONE,inventory-service,2.0,1785923697.6344342,1da45414ec454ed8aa85d43fdcb2ba7e,f4ce1415850441b194889732eb9557c4,db.query.delete,READ,6.71,OK,user-db,v1.0.0,0ecd812268214788a8ced7d131f98a62
live_ep_000008_NONE,NONE,inventory-service,2.0,1785923697.6344342,b0ecb50f66d04edaa34cf18ea327a48d,f4ce1415850441b194889732eb9557c4,http.client.post,,23.84,OK,payment-gateway,v1.0.0,0ecd812268214788a8ced7d131f98a62
live_ep_000008_NONE,NONE,inventory-service,2.5,1785923698.1347294,1a082bf456d84604b75eb5753c2b51f8,,GET /api/order,,106.11,OK,inventory-service,v1.0.0,aaf1b6f099984394aeaf0b1b019e9b33
live_ep_000008_NONE,NONE,inventory-service,2.5,1785923698.1347294,5bea6d01205144119dcca305b499326d,1a082bf456d84604b75eb5753c2b51f8,db.query.delete,WRITE,25.68,OK,user-db,v1.0.0,aaf1b6f099984394aeaf0b1b019e9b33
live_ep_000008_NONE,NONE,inventory-service,2.5,1785923698.1347294,6245b914c59d41ab8e8c4f186c47efda,1a082bf456d84604b75eb5753c2b51f8,db.query.delete,READ,21.78,OK,user-db,v1.0.0,aaf1b6f099984394aeaf0b1b019e9b33
live_ep_000008_NONE,NONE,inventory-service,2.5,1785923698.1347294,60df73b1f0c94aa5ba04b76458a2e227,1a082bf456d84604b75eb5753c2b51f8,cache.delete,,0.84,OK,cache-cluster,v1.0.0,aaf1b6f099984394aeaf0b1b019e9b33
live_ep_000008_NONE,NONE,inventory-service,2.5,1785923698.1347294,242293c714e740109f9d944102d78bb6,1a082bf456d84604b75eb5753c2b51f8,http.client.post,,26.5,OK,user-db,v1.0.0,aaf1b6f099984394aeaf0b1b019e9b33
live_ep_000008_NONE,NONE,inventory-service,3.0,1785923698.6353276,5b55144edecd4f4e9b148c487b2a618e,,GET /api/auth,,129.7,OK,inventory-service,v1.0.0,64db7a07a3a54788a540be23926554eb
live_ep_000008_NONE,NONE,inventory-service,3.0,1785923698.6353276,48e8f172d27a4e5fac0d5eb49688e105,5b55144edecd4f4e9b148c487b2a618e,db.query.select,WRITE,19.49,OK,user-db,v1.0.0,64db7a07a3a54788a540be23926554eb
live_ep_000008_NONE,NONE,inventory-service,3.0,1785923698.6353276,d88b278d3a564f3e84291844646e605c,5b55144edecd4f4e9b148c487b2a618e,cache.delete,,0.91,OK,cache-cluster,v1.0.0,64db7a07a3a54788a540be23926554eb
live_ep_000008_NONE,NONE,inventory-service,3.0,1785923698.6353276,258a9b69584a44b7b3ec17c4cc69b7cb,5b55144edecd4f4e9b148c487b2a618e,http.client.post,,26.64,OK,user-db,v1.0.0,64db7a07a3a54788a540be23926554eb
live_ep_000008_NONE,NONE,inventory-service,3.5,1785923699.1360648,1666e7308eb64fb49825371d3aeb6b87,,GET /api/health,,153.7,OK,inventory-service,v1.0.0,adcaf5247a21491bb5ef091c37b6040c
live_ep_000008_NONE,NONE,inventory-service,3.5,1785923699.1360648,cbe0089f51a5489fa47950b1e7e3f2c1,1666e7308eb64fb49825371d3aeb6b87,db.query.select,WRITE,12.22,OK,user-db,v1.0.0,adcaf5247a21491bb5ef091c37b6040c
live_ep_000008_NONE,NONE,inventory-service,3.5,1785923699.1360648,0ea77fea230d4956a695abcf4b535334,1666e7308eb64fb49825371d3aeb6b87,http.client.get,,44.53,OK,cache-cluster,v1.0.0,adcaf5247a21491bb5ef091c37b6040c
live_ep_000008_NONE,NONE,inventory-service,4.0,1785923699.636434,fa28924420f84346a33a3359f1e96fce,,GET /api/auth,,123.11,OK,inventory-service,v1.0.0,30100fb5c97f4731809fbe8f9a5cd541
live_ep_000008_NONE,NONE,inventory-service,4.0,1785923699.636434,6e4af10e6ed8487295616e17c210f7ea,fa28924420f84346a33a3359f1e96fce,db.query.update,READ,25.93,OK,user-db,v1.0.0,30100fb5c97f4731809fbe8f9a5cd541
live_ep_000008_NONE,NONE,inventory-service,4.0,1785923699.636434,5e551200672a4b01a2fdc4287dea890e,fa28924420f84346a33a3359f1e96fce,db.query.update,READ,20.16,OK,user-db,v1.0.0,30100fb5c97f4731809fbe8f9a5cd541
live_ep_000008_NONE,NONE,inventory-service,4.0,1785923699.636434,f445b2b8b1514464903c068ea393aaf3,fa28924420f84346a33a3359f1e96fce,cache.get,,2.74,OK,cache-cluster,v1.0.0,30100fb5c97f4731809fbe8f9a5cd541
live_ep_000008_NONE,NONE,inventory-service,4.5,1785923700.1371171,2c85f7bb5e4a4bc7a4960d7cc5df7216,,POST /api/checkout,,97.78,OK,inventory-service,v1.0.0,fbc51acf59584165ac09238ddf307534
live_ep_000008_NONE,NONE,inventory-service,4.5,1785923700.1371171,b0bb09bf02bb41c18bcaca27d70a1402,2c85f7bb5e4a4bc7a4960d7cc5df7216,db.query.select,READ,18.59,OK,user-db,v1.0.0,fbc51acf59584165ac09238ddf307534
live_ep_000008_NONE,NONE,inventory-service,4.5,1785923700.1371171,98fd6ac2b1f840b9a093cf6c202f8f59,2c85f7bb5e4a4bc7a4960d7cc5df7216,cache.get,,42.62,OK,cache-cluster,v1.0.0,fbc51acf59584165ac09238ddf307534
live_ep_000008_NONE,NONE,inventory-service,4.5,1785923700.1371171,0a63a91717a3404fa6b8cefa7556001b,2c85f7bb5e4a4bc7a4960d7cc5df7216,http.client.post,,15.03,OK,user-db,v1.0.0,fbc51acf59584165ac09238ddf307534
live_ep_000008_NONE,NONE,inventory-service,5.0,1785923700.637995,00533404efa44fc1891b9f8c01b67134,,GET /api/health,,100.05,OK,inventory-service,v1.0.0,8fe3acdb662e49f2a6c7f5c9bd15f8c9
live_ep_000008_NONE,NONE,inventory-service,5.0,1785923700.637995,0b25706a3db645b2b1d711ec4942fe9f,00533404efa44fc1891b9f8c01b67134,db.query.update,WRITE,8.06,OK,user-db,v1.0.0,8fe3acdb662e49f2a6c7f5c9bd15f8c9
live_ep_000008_NONE,NONE,inventory-service,5.0,1785923700.637995,365b00e94d084fd3992cb14551bf8289,00533404efa44fc1891b9f8c01b67134,db.query.update,WRITE,7.83,OK,user-db,v1.0.0,8fe3acdb662e49f2a6c7f5c9bd15f8c9
live_ep_000008_NONE,NONE,inventory-service,5.5,1785923701.1387079,95b8129cf7344a5cb462a2825b9aa9e2,,POST /api/payment,,91.96,OK,inventory-service,v1.0.0,7170c18e3db24e11934b6f670b9bfd3e
live_ep_000008_NONE,NONE,inventory-service,5.5,1785923701.1387079,d87dd03b74694dbeb229fe67d71687e0,95b8129cf7344a5cb462a2825b9aa9e2,db.query.update,READ,25.42,OK,user-db,v1.0.0,7170c18e3db24e11934b6f670b9bfd3e
live_ep_000008_NONE,NONE,inventory-service,5.5,1785923701.1387079,47b9d7c095d048c290da9458ff56394b,95b8129cf7344a5cb462a2825b9aa9e2,db.query.select,WRITE,20.51,OK,user-db,v1.0.0,7170c18e3db24e11934b6f670b9bfd3e
live_ep_000008_NONE,NONE,inventory-service,5.5,1785923701.1387079,ba5012a4dd1d4602a13ca8b51cba0fb0,95b8129cf7344a5cb462a2825b9aa9e2,cache.get,,1.85,OK,cache-cluster,v1.0.0,7170c18e3db24e11934b6f670b9bfd3e
live_ep_000008_NONE,NONE,inventory-service,5.5,1785923701.1387079,7f95823a5444407a9b7c07ce58103e62,95b8129cf7344a5cb462a2825b9aa9e2,http.client.get,,7.36,OK,inventory-api,v1.0.0,7170c18e3db24e11934b6f670b9bfd3e
live_ep_000008_NONE,NONE,inventory-service,6.0,1785923701.639759,fb1ff2b629af43dbadb1d2da18bf523c,,POST /api/payment,,110.26,OK,inventory-service,v1.0.0,0af2708a48274131a9145b256fcdf853
live_ep_000008_NONE,NONE,inventory-service,6.0,1785923701.639759,974b3cb0751749789b1933160e0537a8,fb1ff2b629af43dbadb1d2da18bf523c,db.query.select,WRITE,18.56,OK,user-db,v1.0.0,0af2708a48274131a9145b256fcdf853
live_ep_000008_NONE,NONE,inventory-service,6.0,1785923701.639759,d0f6ec8fbbc8435eb4987dede43d1869,fb1ff2b629af43dbadb1d2da18bf523c,db.query.insert,READ,17.08,OK,user-db,v1.0.0,0af2708a48274131a9145b256fcdf853
live_ep_000008_NONE,NONE,inventory-service,6.5,1785923702.140557,a4be45d4f3f04971b710b66de5b608ce,,POST /api/checkout,,127.11,OK,inventory-service,v1.0.0,c69c1da3166441a6bd12b579c341a92b
live_ep_000008_NONE,NONE,inventory-service,6.5,1785923702.140557,1915de6f614a46788bb0b679dd9ec9be,a4be45d4f3f04971b710b66de5b608ce,db.query.insert,READ,22.32,OK,user-db,v1.0.0,c69c1da3166441a6bd12b579c341a92b
live_ep_000008_NONE,NONE,inventory-service,6.5,1785923702.140557,ef2256953e5a4bcbb7ce869bb8dc2bb4,a4be45d4f3f04971b710b66de5b608ce,cache.get,,1.76,OK,cache-cluster,v1.0.0,c69c1da3166441a6bd12b579c341a92b
live_ep_000008_NONE,NONE,inventory-service,7.0,1785923702.640724,5debcc1477354cfbb6d43cdfb65af535,,POST /api/checkout,,114.05,OK,inventory-service,v1.0.0,a26af01ba88e49eb9bcf70a1b0bb4387
live_ep_000008_NONE,NONE,inventory-service,7.0,1785923702.640724,0e84642533494f619722b4f06f9230ce,5debcc1477354cfbb6d43cdfb65af535,db.query.update,READ,35.27,OK,user-db,v1.0.0,a26af01ba88e49eb9bcf70a1b0bb4387
live_ep_000008_NONE,NONE,inventory-service,7.0,1785923702.640724,f22f7acfbf08459eb306cb36452e46fb,5debcc1477354cfbb6d43cdfb65af535,grpc.call,,37.41,OK,user-db,v1.0.0,a26af01ba88e49eb9bcf70a1b0bb4387
live_ep_000008_NONE,NONE,inventory-service,7.5,1785923703.1408737,c7295f51777449f58735cb6943f91839,,GET /api/health,,121.1,OK,inventory-service,v1.0.0,06651336c3534e1c9c64de0effe710f1
live_ep_000008_NONE,NONE,inventory-service,7.5,1785923703.1408737,d8f86303ccd7427ea930c4ec6faa4841,c7295f51777449f58735cb6943f91839,db.query.insert,READ,17.23,OK,user-db,v1.0.0,06651336c3534e1c9c64de0effe710f1
live_ep_000008_NONE,NONE,inventory-service,7.5,1785923703.1408737,5ba9384ae75341b7b785c3b8d9d13edf,c7295f51777449f58735cb6943f91839,db.query.delete,READ,27.85,OK,user-db,v1.0.0,06651336c3534e1c9c64de0effe710f1
live_ep_000008_NONE,NONE,inventory-service,7.5,1785923703.1408737,71ab3f36a5f84ebf8b3591c4df5cf065,c7295f51777449f58735cb6943f91839,http.client.get,,23.97,OK,inventory-api,v1.0.0,06651336c3534e1c9c64de0effe710f1
live_ep_000008_NONE,NONE,inventory-service,8.0,1785923703.6414165,c82c29cbdf2145618034394259667bc3,,GET /api/health,,105.78,OK,inventory-service,v1.0.0,2110fe52397e48f49a6ea7048348b14a
live_ep_000008_NONE,NONE,inventory-service,8.0,1785923703.6414165,ab324cc7b7244c4d959d5ea02f1d31f0,c82c29cbdf2145618034394259667bc3,db.query.update,READ,31.45,OK,user-db,v1.0.0,2110fe52397e48f49a6ea7048348b14a
live_ep_000008_NONE,NONE,inventory-service,8.0,1785923703.6414165,29b1fc28ea784dc990bc6888236c86eb,c82c29cbdf2145618034394259667bc3,cache.get,,2.15,OK,cache-cluster,v1.0.0,2110fe52397e48f49a6ea7048348b14a
live_ep_000008_NONE,NONE,inventory-service,8.0,1785923703.6414165,1b5f0a8af3844ee3866b53e5a6439876,c82c29cbdf2145618034394259667bc3,http.client.post,,41.5,OK,user-db,v1.0.0,2110fe52397e48f49a6ea7048348b14a
live_ep_000008_NONE,NONE,inventory-service,8.5,1785923704.1423213,a3aea7c0a9584343b595e9f5d2ba7ccd,,GET /api/auth,,111.69,OK,inventory-service,v1.0.0,6c79f0baffb34ee988e8e9ffe8f2f8cf
live_ep_000008_NONE,NONE,inventory-service,8.5,1785923704.1423213,a4e4e9600865429aa3c4ba3fc4a2a065,a3aea7c0a9584343b595e9f5d2ba7ccd,db.query.insert,WRITE,29.96,OK,user-db,v1.0.0,6c79f0baffb34ee988e8e9ffe8f2f8cf
live_ep_000008_NONE,NONE,inventory-service,8.5,1785923704.1423213,c51bd53210ba4a8197b8e17d500cf9f4,a3aea7c0a9584343b595e9f5d2ba7ccd,db.query.insert,READ,15.84,OK,user-db,v1.0.0,6c79f0baffb34ee988e8e9ffe8f2f8cf
live_ep_000008_NONE,NONE,inventory-service,8.5,1785923704.1423213,3dfc84a7b771419f8625e80220760c28,a3aea7c0a9584343b595e9f5d2ba7ccd,cache.get,,1.38,OK,cache-cluster,v1.0.0,6c79f0baffb34ee988e8e9ffe8f2f8cf
live_ep_000008_NONE,NONE,inventory-service,8.5,1785923704.1423213,9de2822088804991b95ba28bc50206fb,a3aea7c0a9584343b595e9f5d2ba7ccd,grpc.call,,30.4,OK,user-db,v1.0.0,6c79f0baffb34ee988e8e9ffe8f2f8cf
live_ep_000008_NONE,NONE,inventory-service,9.0,1785923704.6427946,e56043abd6704c3ca2ca4e40a53d9b39,,GET /api/auth,,113.29,OK,inventory-service,v1.0.0,bfa9fc00a875440f8c64c00422d0ed29
live_ep_000008_NONE,NONE,inventory-service,9.0,1785923704.6427946,8ec79c8063144bbc8e676bc200f040f8,e56043abd6704c3ca2ca4e40a53d9b39,db.transaction,WRITE,24.44,OK,user-db,v1.0.0,bfa9fc00a875440f8c64c00422d0ed29
live_ep_000008_NONE,NONE,inventory-service,9.0,1785923704.6427946,6bcc94fc7a7c49a3be6a288bde4705e6,e56043abd6704c3ca2ca4e40a53d9b39,db.query.update,WRITE,22.97,OK,user-db,v1.0.0,bfa9fc00a875440f8c64c00422d0ed29
live_ep_000008_NONE,NONE,inventory-service,9.0,1785923704.6427946,c6d2ed4949c743b296fe453c989bc99c,e56043abd6704c3ca2ca4e40a53d9b39,cache.get,,1.59,OK,cache-cluster,v1.0.0,bfa9fc00a875440f8c64c00422d0ed29
live_ep_000008_NONE,NONE,inventory-service,9.5,1785923705.143002,272fedaabcc54181b5850ee501c872b5,,POST /api/payment,,143.86,OK,inventory-service,v1.0.0,00b202c3efff45659e376e9764ed8dc0
live_ep_000008_NONE,NONE,inventory-service,9.5,1785923705.143002,bf9d96b3456f4b51bfc20f363761d69d,272fedaabcc54181b5850ee501c872b5,db.query.select,WRITE,9.37,OK,user-db,v1.0.0,00b202c3efff45659e376e9764ed8dc0
live_ep_000008_NONE,NONE,inventory-service,9.5,1785923705.143002,a2bc576cbaad4168bd7a148625a458a1,272fedaabcc54181b5850ee501c872b5,db.query.update,WRITE,14.97,OK,user-db,v1.0.0,00b202c3efff45659e376e9764ed8dc0
live_ep_000008_NONE,NONE,inventory-service,10.0,1785923705.6431947,420ea93005084a208348f3409eb98602,,POST /api/checkout,,153.42,OK,inventory-service,v1.0.0,dbb9d161ec134649b5dbcb6be952a11f
live_ep_000008_NONE,NONE,inventory-service,10.0,1785923705.6431947,943b5e34fd414e45a3894976681ffaf3,420ea93005084a208348f3409eb98602,db.query.update,WRITE,14.98,OK,user-db,v1.0.0,dbb9d161ec134649b5dbcb6be952a11f
live_ep_000008_NONE,NONE,inventory-service,10.0,1785923705.6431947,6f87f258aa9742649d09e1c9f78e3dba,420ea93005084a208348f3409eb98602,db.query.delete,READ,22.35,OK,user-db,v1.0.0,dbb9d161ec134649b5dbcb6be952a11f
live_ep_000008_NONE,NONE,inventory-service,10.0,1785923705.6431947,780ddf42c5bc41528d5f00eb090cfeba,420ea93005084a208348f3409eb98602,cache.set,,2.23,OK,cache-cluster,v1.0.0,dbb9d161ec134649b5dbcb6be952a11f
live_ep_000008_NONE,NONE,inventory-service,10.5,1785923706.1433454,9e6898c32a4649afa4495a029d8695ff,,POST /api/payment,,108.33,OK,inventory-service,v1.0.0,9b5f4b0b195e4fdb9a4a030d94f40d6f
live_ep_000008_NONE,NONE,inventory-service,10.5,1785923706.1433454,642f894d5b77490c961c7c5aeacc5e62,9e6898c32a4649afa4495a029d8695ff,db.query.delete,READ,35.39,OK,user-db,v1.0.0,9b5f4b0b195e4fdb9a4a030d94f40d6f
live_ep_000008_NONE,NONE,inventory-service,10.5,1785923706.1433454,27fb543c94f44518b1272a94af1d41b5,9e6898c32a4649afa4495a029d8695ff,db.transaction,READ,28.19,OK,user-db,v1.0.0,9b5f4b0b195e4fdb9a4a030d94f40d6f
live_ep_000008_NONE,NONE,inventory-service,11.0,1785923706.6436648,3859cf794ef640f8b208aa1d15ff19df,,GET /api/order,,123.95,OK,inventory-service,v1.0.0,ac64bda07adc4494acfbc57bd7ef0d84
live_ep_000008_NONE,NONE,inventory-service,11.0,1785923706.6436648,69be1ef57e7d428282ccba2d2f14166f,3859cf794ef640f8b208aa1d15ff19df,db.transaction,WRITE,8.02,OK,user-db,v1.0.0,ac64bda07adc4494acfbc57bd7ef0d84
live_ep_000008_NONE,NONE,inventory-service,11.0,1785923706.6436648,e77b6ab63abb46d29e4d7e032769a193,3859cf794ef640f8b208aa1d15ff19df,db.query.update,WRITE,5.8,OK,user-db,v1.0.0,ac64bda07adc4494acfbc57bd7ef0d84
live_ep_000008_NONE,NONE,inventory-service,11.5,1785923707.1437984,9470c92d13194971a80964b6a4245fbd,,GET /api/auth,,126.61,OK,inventory-service,v1.0.0,f9d7f3ef88ee4c489d6e6c7f17926fd2
live_ep_000008_NONE,NONE,inventory-service,11.5,1785923707.1437984,4ece4ef134164586b59dfba4b8e4ce53,9470c92d13194971a80964b6a4245fbd,db.query.delete,WRITE,36.24,OK,user-db,v1.0.0,f9d7f3ef88ee4c489d6e6c7f17926fd2
live_ep_000008_NONE,NONE,inventory-service,11.5,1785923707.1437984,cea979e57a3c45869c92ef7bd4e78bd3,9470c92d13194971a80964b6a4245fbd,db.query.insert,WRITE,21.52,OK,user-db,v1.0.0,f9d7f3ef88ee4c489d6e6c7f17926fd2
live_ep_000008_NONE,NONE,inventory-service,12.0,1785923707.6439404,cf382b01f2954d6a896b9171695d8361,,POST /api/checkout,,126.16,OK,inventory-service,v1.0.0,a1ac46be398c41238632763fa6973714
live_ep_000008_NONE,NONE,inventory-service,12.0,1785923707.6439404,c9f631b304bd40cfaf8913777ddaae47,cf382b01f2954d6a896b9171695d8361,db.query.update,READ,14.38,OK,user-db,v1.0.0,a1ac46be398c41238632763fa6973714
live_ep_000008_NONE,NONE,inventory-service,12.0,1785923707.6439404,d23ab602f7c54269a0eb88607f961088,cf382b01f2954d6a896b9171695d8361,db.query.insert,WRITE,10.38,OK,user-db,v1.0.0,a1ac46be398c41238632763fa6973714
live_ep_000008_NONE,NONE,inventory-service,12.0,1785923707.6439404,9e671d682c844cff8d64d1dfdc183f38,cf382b01f2954d6a896b9171695d8361,cache.delete,,1.38,OK,cache-cluster,v1.0.0,a1ac46be398c41238632763fa6973714
live_ep_000008_NONE,NONE,inventory-service,12.5,1785923708.1464899,108496e6f58247a4a68d1a6467898b47,,POST /api/payment,,121.07,OK,inventory-service,v1.0.0,5c2b50ad86b7434a8be2405ec05fad45
live_ep_000008_NONE,NONE,inventory-service,12.5,1785923708.1464899,e318defe7b2a437ea5387581d49d2f4e,108496e6f58247a4a68d1a6467898b47,db.query.update,WRITE,27.53,OK,user-db,v1.0.0,5c2b50ad86b7434a8be2405ec05fad45
live_ep_000008_NONE,NONE,inventory-service,12.5,1785923708.1464899,ff5cd0e14360454ba6fe240d6c6597a1,108496e6f58247a4a68d1a6467898b47,db.query.select,WRITE,11.39,OK,user-db,v1.0.0,5c2b50ad86b7434a8be2405ec05fad45
live_ep_000008_NONE,NONE,inventory-service,12.5,1785923708.1464899,060853a125514e9ba8ab81aac1ab6837,108496e6f58247a4a68d1a6467898b47,cache.set,,1.6,OK,cache-cluster,v1.0.0,5c2b50ad86b7434a8be2405ec05fad45
live_ep_000008_NONE,NONE,inventory-service,13.0,1785923708.6468801,1541d68ae2fe41f4a6dc624e94e3079d,,GET /api/health,,84.63,OK,inventory-service,v1.0.0,1f0eef23299e488b9399ff0ea4f6b949
live_ep_000008_NONE,NONE,inventory-service,13.0,1785923708.6468801,71461e60a5c643a8855ecc3aeb30c9e4,1541d68ae2fe41f4a6dc624e94e3079d,db.query.insert,WRITE,12.43,OK,user-db,v1.0.0,1f0eef23299e488b9399ff0ea4f6b949
live_ep_000008_NONE,NONE,inventory-service,13.0,1785923708.6468801,67335f56a6c140ceab2b5e8a72e8705b,1541d68ae2fe41f4a6dc624e94e3079d,cache.get,,2.29,OK,cache-cluster,v1.0.0,1f0eef23299e488b9399ff0ea4f6b949
live_ep_000008_NONE,NONE,inventory-service,13.5,1785923709.147163,b9f2465b25c84d1a82e79b68e4031039,,PUT /api/inventory,,105.77,OK,inventory-service,v1.0.0,89674504f17c40cd8ce0542c0ea819d6
live_ep_000008_NONE,NONE,inventory-service,13.5,1785923709.147163,ab7933c0d00046fb9630ab71a34e05cd,b9f2465b25c84d1a82e79b68e4031039,db.transaction,READ,22.22,OK,user-db,v1.0.0,89674504f17c40cd8ce0542c0ea819d6
live_ep_000008_NONE,NONE,inventory-service,13.5,1785923709.147163,c6cbc30aa61e499f964e21914b65b138,b9f2465b25c84d1a82e79b68e4031039,cache.set,,1.51,OK,cache-cluster,v1.0.0,89674504f17c40cd8ce0542c0ea819d6
live_ep_000008_NONE,NONE,inventory-service,13.5,1785923709.147163,a892499a22a342c3ad43f106bb70a122,b9f2465b25c84d1a82e79b68e4031039,grpc.call,,32.34,OK,cache-cluster,v1.0.0,89674504f17c40cd8ce0542c0ea819d6
live_ep_000008_NONE,NONE,inventory-service,14.0,1785923709.6473522,4b6e3ac918d844968d0a621892141f18,,POST /api/checkout,,132.56,OK,inventory-service,v1.0.0,afe83a781e8e4d3aaf4fc8191aca25d3
live_ep_000008_NONE,NONE,inventory-service,14.0,1785923709.6473522,df0d4e8b65e94c478a4ffd6e21e211a8,4b6e3ac918d844968d0a621892141f18,db.query.select,READ,9.09,OK,user-db,v1.0.0,afe83a781e8e4d3aaf4fc8191aca25d3
live_ep_000008_NONE,NONE,inventory-service,14.0,1785923709.6473522,38c5a5bdcc454c459fa69a109f2b10f5,4b6e3ac918d844968d0a621892141f18,cache.set,,2.76,OK,cache-cluster,v1.0.0,afe83a781e8e4d3aaf4fc8191aca25d3
live_ep_000008_NONE,NONE,inventory-service,14.0,1785923709.6473522,a10b11166bdf425f91aef1cb59ec6c87,4b6e3ac918d844968d0a621892141f18,grpc.call,,44.94,OK,payment-gateway,v1.0.0,afe83a781e8e4d3aaf4fc8191aca25d3
live_ep_000008_NONE,NONE,inventory-service,14.5,1785923710.147736,45135a76cb6a46fa8985e2d3b7a40ae4,,PUT /api/inventory,,110.87,OK,inventory-service,v1.0.0,43d00595f1a14fffb00cb4e2758eb2d7
live_ep_000008_NONE,NONE,inventory-service,14.5,1785923710.147736,753615f742a34e3391278f72360fad1c,45135a76cb6a46fa8985e2d3b7a40ae4,db.query.select,WRITE,18.09,OK,user-db,v1.0.0,43d00595f1a14fffb00cb4e2758eb2d7
live_ep_000008_NONE,NONE,inventory-service,14.5,1785923710.147736,417ce27763744186ac94af148ec3390f,45135a76cb6a46fa8985e2d3b7a40ae4,cache.delete,,3.7,OK,cache-cluster,v1.0.0,43d00595f1a14fffb00cb4e2758eb2d7
live_ep_000008_NONE,NONE,inventory-service,15.0,1785923710.6482115,11c9cdadfd454a7ebcc37b4b23ffea66,,GET /api/health,,121.33,OK,inventory-service,v1.0.0,a7f38bc160a1409a8ec91345bc6e1e04
live_ep_000008_NONE,NONE,inventory-service,15.0,1785923710.6482115,874f280fabe7461486e87619d04d69eb,11c9cdadfd454a7ebcc37b4b23ffea66,db.transaction,READ,19.36,OK,user-db,v1.0.0,a7f38bc160a1409a8ec91345bc6e1e04
live_ep_000008_NONE,NONE,inventory-service,15.0,1785923710.6482115,52684eb2d66945fd94bfa5ed54e11ed6,11c9cdadfd454a7ebcc37b4b23ffea66,cache.get,,3.94,OK,cache-cluster,v1.0.0,a7f38bc160a1409a8ec91345bc6e1e04
live_ep_000008_NONE,NONE,inventory-service,15.5,1785923711.148543,18b898da8e9548809726f9cf5b0facf5,,GET /api/health,,124.97,OK,inventory-service,v1.0.0,433f7551e2764c3392aa86ebaf208611
live_ep_000008_NONE,NONE,inventory-service,15.5,1785923711.148543,d662c441febd4e5f8dd96d1f64b1fc8e,18b898da8e9548809726f9cf5b0facf5,db.query.select,READ,24.15,OK,user-db,v1.0.0,433f7551e2764c3392aa86ebaf208611
live_ep_000008_NONE,NONE,inventory-service,15.5,1785923711.148543,ab0776438cf1455b8258833321135aac,18b898da8e9548809726f9cf5b0facf5,db.query.select,READ,33.95,OK,user-db,v1.0.0,433f7551e2764c3392aa86ebaf208611
live_ep_000008_NONE,NONE,inventory-service,15.5,1785923711.148543,164c71251a3e474cb1c3fffcea4988fc,18b898da8e9548809726f9cf5b0facf5,cache.get,,0.5,OK,cache-cluster,v1.0.0,433f7551e2764c3392aa86ebaf208611
live_ep_000008_NONE,NONE,inventory-service,16.0,1785923711.648698,b15e09441f894d80aba79755c6b0f559,,GET /api/health,,117.82,OK,inventory-service,v1.0.0,64039cab720247e997f11e5865f9ca34
live_ep_000008_NONE,NONE,inventory-service,16.0,1785923711.648698,d7f2321224b940cda44783c930bd70b5,b15e09441f894d80aba79755c6b0f559,db.transaction,READ,19.08,OK,user-db,v1.0.0,64039cab720247e997f11e5865f9ca34
live_ep_000008_NONE,NONE,inventory-service,16.0,1785923711.648698,4fa3f24163974ae0810ba2ae2126872e,b15e09441f894d80aba79755c6b0f559,db.transaction,WRITE,36.77,OK,user-db,v1.0.0,64039cab720247e997f11e5865f9ca34
live_ep_000008_NONE,NONE,inventory-service,16.0,1785923711.648698,2879453ea9df453db4ffe811ea5cd646,b15e09441f894d80aba79755c6b0f559,cache.get,,0.94,OK,cache-cluster,v1.0.0,64039cab720247e997f11e5865f9ca34
live_ep_000008_NONE,NONE,inventory-service,16.0,1785923711.648698,0dc26bee3b3d458d9e82833ea137ca34,b15e09441f894d80aba79755c6b0f559,http.client.get,,22.74,OK,user-db,v1.0.0,64039cab720247e997f11e5865f9ca34
live_ep_000008_NONE,NONE,inventory-service,16.5,1785923712.1525111,6bf5c250ef824c23817c19e7b419b818,,GET /api/auth,,102.92,OK,inventory-service,v1.0.0,bb714cda71014e12afd580099ced26dd
live_ep_000008_NONE,NONE,inventory-service,16.5,1785923712.1525111,4e11993fa3bb4674b4b1216893540011,6bf5c250ef824c23817c19e7b419b818,db.query.select,READ,23.53,OK,user-db,v1.0.0,bb714cda71014e12afd580099ced26dd
live_ep_000008_NONE,NONE,inventory-service,16.5,1785923712.1525111,f8720d0499004a73b1319f04ad2229ac,6bf5c250ef824c23817c19e7b419b818,cache.delete,,1.82,OK,cache-cluster,v1.0.0,bb714cda71014e12afd580099ced26dd
live_ep_000008_NONE,NONE,inventory-service,17.0,1785923712.6528907,7692df2bbe1547c581ae287a4174892f,,POST /api/checkout,,96.66,OK,inventory-service,v1.0.0,e882bcc7b27842afb0c4b334896334d0
live_ep_000008_NONE,NONE,inventory-service,17.0,1785923712.6528907,1eff1356f2e24e5baf5df57969b48b7b,7692df2bbe1547c581ae287a4174892f,db.query.select,READ,28.07,OK,user-db,v1.0.0,e882bcc7b27842afb0c4b334896334d0
live_ep_000008_NONE,NONE,inventory-service,17.0,1785923712.6528907,60bce97c256843c2a58a4099791708de,7692df2bbe1547c581ae287a4174892f,db.query.update,READ,19.2,OK,user-db,v1.0.0,e882bcc7b27842afb0c4b334896334d0
live_ep_000008_NONE,NONE,inventory-service,17.0,1785923712.6528907,fd2cee8c677c4b31ba48911b89a61d53,7692df2bbe1547c581ae287a4174892f,cache.get,,0.5,OK,cache-cluster,v1.0.0,e882bcc7b27842afb0c4b334896334d0
live_ep_000008_NONE,NONE,inventory-service,17.5,1785923713.152984,2ddd623552d748f6a270ce55fa62d9ce,,POST /api/payment,,112.33,OK,inventory-service,v1.0.0,77488e4fe7204e43b3761195cdbe12a2
live_ep_000008_NONE,NONE,inventory-service,17.5,1785923713.152984,175f4073afcd46e287e8fb2bf74c4580,2ddd623552d748f6a270ce55fa62d9ce,db.query.insert,READ,20.8,OK,user-db,v1.0.0,77488e4fe7204e43b3761195cdbe12a2
live_ep_000008_NONE,NONE,inventory-service,17.5,1785923713.152984,c0ec605b0304477091b85bd57d8b0f4c,2ddd623552d748f6a270ce55fa62d9ce,db.query.insert,READ,17.41,OK,user-db,v1.0.0,77488e4fe7204e43b3761195cdbe12a2
live_ep_000008_NONE,NONE,inventory-service,18.0,1785923713.6532269,8fad0e8fb9df4bab87f78a3234c12627,,POST /api/payment,,119.79,OK,inventory-service,v1.0.0,e0b94a76a0e241e7a575be3032723ab5
live_ep_000008_NONE,NONE,inventory-service,18.0,1785923713.6532269,bcbb9c56f58e48959e7ef655cd308951,8fad0e8fb9df4bab87f78a3234c12627,db.query.select,WRITE,11.82,OK,user-db,v1.0.0,e0b94a76a0e241e7a575be3032723ab5
live_ep_000008_NONE,NONE,inventory-service,18.5,1785923714.1535823,2872997cf9fa4ef78a692ee4268e6350,,PUT /api/inventory,,105.22,OK,inventory-service,v1.0.0,620ee109c0bd43ea92e49bc4e0107017
live_ep_000008_NONE,NONE,inventory-service,18.5,1785923714.1535823,a4da85ce0fe54b25bf8739e3d45e7931,2872997cf9fa4ef78a692ee4268e6350,db.query.update,READ,16.52,OK,user-db,v1.0.0,620ee109c0bd43ea92e49bc4e0107017
live_ep_000008_NONE,NONE,inventory-service,18.5,1785923714.1535823,a5e11420c13f4f97923cc68dbea4d43e,2872997cf9fa4ef78a692ee4268e6350,cache.get,,3.44,OK,cache-cluster,v1.0.0,620ee109c0bd43ea92e49bc4e0107017
live_ep_000008_NONE,NONE,inventory-service,19.0,1785923714.6540358,66c95c1e28b645e897ec97bda1128da4,,GET /api/health,,109.67,OK,inventory-service,v1.0.0,a5c0e4138e234358b4a1bdc5c4e9e195
live_ep_000008_NONE,NONE,inventory-service,19.0,1785923714.6540358,a3a70deee82d4589b970d7f29431f9c7,66c95c1e28b645e897ec97bda1128da4,db.query.insert,WRITE,17.58,OK,user-db,v1.0.0,a5c0e4138e234358b4a1bdc5c4e9e195
live_ep_000008_NONE,NONE,inventory-service,19.5,1785923715.1542866,b76b6d75060341649d06b7d5f217ab0f,,GET /api/auth,,103.97,OK,inventory-service,v1.0.0,8b5d65b1d80d49b9a343e895f73e77b6
live_ep_000008_NONE,NONE,inventory-service,19.5,1785923715.1542866,58aee9f0db89481ea257a3624097307a,b76b6d75060341649d06b7d5f217ab0f,db.query.insert,READ,23.26,OK,user-db,v1.0.0,8b5d65b1d80d49b9a343e895f73e77b6
live_ep_000008_NONE,NONE,inventory-service,19.5,1785923715.1542866,968cb7eca57a446288252465a2872caf,b76b6d75060341649d06b7d5f217ab0f,db.query.insert,READ,21.21,OK,user-db,v1.0.0,8b5d65b1d80d49b9a343e895f73e77b6
live_ep_000008_NONE,NONE,inventory-service,19.5,1785923715.1542866,ad1f7f05d3884f13972b2bf25bd7976f,b76b6d75060341649d06b7d5f217ab0f,cache.get,,0.88,OK,cache-cluster,v1.0.0,8b5d65b1d80d49b9a343e895f73e77b6
live_ep_000008_NONE,NONE,inventory-service,20.0,1785923715.6547503,71e0ac8224b94d77afd6c419f0753509,,POST /api/checkout,,147.19,OK,inventory-service,v1.0.0,208fd7632c084211b3b99067e56b51f3
live_ep_000008_NONE,NONE,inventory-service,20.0,1785923715.6547503,4199908c9f4448828f0443878a05c600,71e0ac8224b94d77afd6c419f0753509,db.query.delete,READ,19.59,OK,user-db,v1.0.0,208fd7632c084211b3b99067e56b51f3
live_ep_000008_NONE,NONE,inventory-service,20.0,1785923715.6547503,ddded0a4649d4f468ea08bf0e599551a,71e0ac8224b94d77afd6c419f0753509,db.query.select,READ,16.72,OK,user-db,v1.0.0,208fd7632c084211b3b99067e56b51f3
live_ep_000008_NONE,NONE,inventory-service,20.5,1785923716.1553745,7c337b4ba8c043d8b839784edd066ef2,,POST /api/checkout,,111.76,OK,inventory-service,v1.0.0,8efb991397944507bc29c4ad0121da42
live_ep_000008_NONE,NONE,inventory-service,20.5,1785923716.1553745,1dc92e45e6cd4ef8a8bd22160ae9bfa2,7c337b4ba8c043d8b839784edd066ef2,db.query.delete,READ,16.03,OK,user-db,v1.0.0,8efb991397944507bc29c4ad0121da42
live_ep_000008_NONE,NONE,inventory-service,20.5,1785923716.1553745,fbacd30a7f80447c93491aa06d4795b0,7c337b4ba8c043d8b839784edd066ef2,db.transaction,WRITE,25.18,OK,user-db,v1.0.0,8efb991397944507bc29c4ad0121da42
live_ep_000008_NONE,NONE,inventory-service,20.5,1785923716.1553745,d9f178bca1b14964949e8321f9e5e320,7c337b4ba8c043d8b839784edd066ef2,cache.get,,1.14,OK,cache-cluster,v1.0.0,8efb991397944507bc29c4ad0121da42
live_ep_000008_NONE,NONE,inventory-service,21.0,1785923716.6554568,078fe34bb68a49389679f15587fc3f8f,,POST /api/payment,,129.82,OK,inventory-service,v1.0.0,2fa27528fab34615a426a687391842fe
live_ep_000008_NONE,NONE,inventory-service,21.0,1785923716.6554568,720fda8d753047638786e55683bc18cc,078fe34bb68a49389679f15587fc3f8f,db.query.update,WRITE,24.06,OK,user-db,v1.0.0,2fa27528fab34615a426a687391842fe
live_ep_000008_NONE,NONE,inventory-service,21.0,1785923716.6554568,1783ec4ed0b2420c835fd76395a81a49,078fe34bb68a49389679f15587fc3f8f,cache.get,,59.98,OK,cache-cluster,v1.0.0,2fa27528fab34615a426a687391842fe
live_ep_000008_NONE,NONE,inventory-service,21.0,1785923716.6554568,03a6807b3c2146a88022048438fb55a1,078fe34bb68a49389679f15587fc3f8f,http.client.post,,32.03,OK,user-db,v1.0.0,2fa27528fab34615a426a687391842fe
live_ep_000008_NONE,NONE,inventory-service,21.5,1785923717.1558075,08d24540365144e4a55ffc882de3f303,,POST /api/checkout,,107.92,OK,inventory-service,v1.0.0,cbdcf8af3d3f4656ba795549335eaa1a
live_ep_000008_NONE,NONE,inventory-service,21.5,1785923717.1558075,cd5a4d797ad04d8d8a9917d7c3026b3f,08d24540365144e4a55ffc882de3f303,db.query.delete,READ,24.63,OK,user-db,v1.0.0,cbdcf8af3d3f4656ba795549335eaa1a
live_ep_000008_NONE,NONE,inventory-service,21.5,1785923717.1558075,de4a196e298e4b669d79a8db31bcad95,08d24540365144e4a55ffc882de3f303,db.transaction,WRITE,16.91,OK,user-db,v1.0.0,cbdcf8af3d3f4656ba795549335eaa1a
live_ep_000008_NONE,NONE,inventory-service,21.5,1785923717.1558075,c3b78533f5ea4687b165d77bc057c6d9,08d24540365144e4a55ffc882de3f303,cache.delete,,2.19,OK,cache-cluster,v1.0.0,cbdcf8af3d3f4656ba795549335eaa1a
live_ep_000008_NONE,NONE,inventory-service,22.0,1785923717.6562986,7b96640d161e4c14b1c2766f3c03c254,,GET /api/order,,111.1,OK,inventory-service,v1.0.0,deb64c1c56b34028927e52aa4704c5ea
live_ep_000008_NONE,NONE,inventory-service,22.0,1785923717.6562986,e987b5b739c343e4b8d0e1209bb001b6,7b96640d161e4c14b1c2766f3c03c254,db.query.select,WRITE,31.34,OK,user-db,v1.0.0,deb64c1c56b34028927e52aa4704c5ea
live_ep_000008_NONE,NONE,inventory-service,22.0,1785923717.6562986,57d4e6833d274a56a9f4e5d9a247ec29,7b96640d161e4c14b1c2766f3c03c254,db.query.insert,READ,28.02,OK,user-db,v1.0.0,deb64c1c56b34028927e52aa4704c5ea
live_ep_000008_NONE,NONE,inventory-service,22.0,1785923717.6562986,e1e47a4faef043a9a5bdda2e74713adc,7b96640d161e4c14b1c2766f3c03c254,cache.get,,0.5,OK,cache-cluster,v1.0.0,deb64c1c56b34028927e52aa4704c5ea
live_ep_000008_NONE,NONE,inventory-service,22.0,1785923717.6562986,7a88782f6f504600be48cc88db6fe8f0,7b96640d161e4c14b1c2766f3c03c254,http.client.post,,39.39,OK,inventory-api,v1.0.0,deb64c1c56b34028927e52aa4704c5ea
live_ep_000008_NONE,NONE,inventory-service,22.5,1785923718.1567216,72de8d5353284245a267a6e8053010a8,,GET /api/order,,111.72,OK,inventory-service,v1.0.0,c062de9c1a264d67bf5949c73d51010e
live_ep_000008_NONE,NONE,inventory-service,22.5,1785923718.1567216,9c182ef5d52f4d9fac052e4c74a71c1e,72de8d5353284245a267a6e8053010a8,db.transaction,READ,21.95,OK,user-db,v1.0.0,c062de9c1a264d67bf5949c73d51010e
live_ep_000008_NONE,NONE,inventory-service,22.5,1785923718.1567216,806bbf843ec54bae858503721f2c34a0,72de8d5353284245a267a6e8053010a8,cache.get,,2.56,OK,cache-cluster,v1.0.0,c062de9c1a264d67bf5949c73d51010e
live_ep_000008_NONE,NONE,inventory-service,23.0,1785923718.6568844,bbbef4783cb14445b674ef3b57f54e2d,,PUT /api/inventory,,143.34,OK,inventory-service,v1.0.0,33f3324f7dfb4ef48cb94866c5793d5a
live_ep_000008_NONE,NONE,inventory-service,23.0,1785923718.6568844,ccb1ac95cfbc4661a210cf80ff054ef1,bbbef4783cb14445b674ef3b57f54e2d,db.transaction,READ,9.38,OK,user-db,v1.0.0,33f3324f7dfb4ef48cb94866c5793d5a
live_ep_000008_NONE,NONE,inventory-service,23.0,1785923718.6568844,bbe3b890e2f54058a787de97fdc4d1dd,bbbef4783cb14445b674ef3b57f54e2d,db.query.update,WRITE,23.55,OK,user-db,v1.0.0,33f3324f7dfb4ef48cb94866c5793d5a
live_ep_000008_NONE,NONE,inventory-service,23.0,1785923718.6568844,1b424ba5b9894d5fa00199ee36f8369c,bbbef4783cb14445b674ef3b57f54e2d,cache.delete,,1.52,OK,cache-cluster,v1.0.0,33f3324f7dfb4ef48cb94866c5793d5a
live_ep_000008_NONE,NONE,inventory-service,23.5,1785923719.1571448,c930e478073b42a3b090d39665a57845,,GET /api/health,,131.84,OK,inventory-service,v1.0.0,d9d170dfc9dd4251ae055ba69f6eb7e6
live_ep_000008_NONE,NONE,inventory-service,23.5,1785923719.1571448,55c3b31c1bdf4696a62093ca7e14f8ea,c930e478073b42a3b090d39665a57845,db.query.update,WRITE,31.33,OK,user-db,v1.0.0,d9d170dfc9dd4251ae055ba69f6eb7e6
live_ep_000008_NONE,NONE,inventory-service,23.5,1785923719.1571448,0a169e8b13e74887b37d02d48ae9c060,c930e478073b42a3b090d39665a57845,grpc.call,,22.16,OK,user-db,v1.0.0,d9d170dfc9dd4251ae055ba69f6eb7e6
live_ep_000008_NONE,NONE,inventory-service,24.0,1785923719.6572547,265cd512d67a43748e7e131ae6c510b7,,GET /api/health,,129.32,OK,inventory-service,v1.0.0,d15c31a531a248dc874350472c2d81c9
live_ep_000008_NONE,NONE,inventory-service,24.0,1785923719.6572547,fbbd540749cf4fca9486f75bf6c17a4b,265cd512d67a43748e7e131ae6c510b7,db.query.insert,WRITE,26.76,OK,user-db,v1.0.0,d15c31a531a248dc874350472c2d81c9
live_ep_000008_NONE,NONE,inventory-service,24.0,1785923719.6572547,1100910c1b624bab8a2d1281af9a8097,265cd512d67a43748e7e131ae6c510b7,cache.delete,,2.64,OK,cache-cluster,v1.0.0,d15c31a531a248dc874350472c2d81c9
live_ep_000008_NONE,NONE,inventory-service,24.5,1785923720.157449,d3689b63101446a4bc1a8894edc3c734,,GET /api/auth,,103.34,OK,inventory-service,v1.0.0,aff8d7538a464f1e9b945426915bccb7
live_ep_000008_NONE,NONE,inventory-service,24.5,1785923720.157449,ebd4195ec62945cdb3ef2de762e51a3e,d3689b63101446a4bc1a8894edc3c734,db.query.update,WRITE,22.6,OK,user-db,v1.0.0,aff8d7538a464f1e9b945426915bccb7
live_ep_000008_NONE,NONE,inventory-service,24.5,1785923720.157449,391d7dd4f16d4923903a1719da0a3bee,d3689b63101446a4bc1a8894edc3c734,db.query.update,READ,28.68,OK,user-db,v1.0.0,aff8d7538a464f1e9b945426915bccb7
live_ep_000008_NONE,NONE,inventory-service,24.5,1785923720.157449,d370ec72a900433aaadc55a6997610ad,d3689b63101446a4bc1a8894edc3c734,cache.delete,,66.88,OK,cache-cluster,v1.0.0,aff8d7538a464f1e9b945426915bccb7
live_ep_000008_NONE,NONE,inventory-service,25.0,1785923720.657745,770b2763cb5240a78f9d6982fcea66e6,,GET /api/health,,115.65,OK,inventory-service,v1.0.0,cf8eb5d3e3554f63a53d45cfc99d4f34
live_ep_000008_NONE,NONE,inventory-service,25.0,1785923720.657745,f0e16e5e5e274b7094b11e0f9bddabc8,770b2763cb5240a78f9d6982fcea66e6,db.query.select,WRITE,14.9,OK,user-db,v1.0.0,cf8eb5d3e3554f63a53d45cfc99d4f34
live_ep_000008_NONE,NONE,inventory-service,25.0,1785923720.657745,8d4f3e36273544e28aa15e96426e54df,770b2763cb5240a78f9d6982fcea66e6,db.query.insert,WRITE,18.49,OK,user-db,v1.0.0,cf8eb5d3e3554f63a53d45cfc99d4f34
live_ep_000008_NONE,NONE,inventory-service,25.0,1785923720.657745,120853d535014ba1970b685619a10076,770b2763cb5240a78f9d6982fcea66e6,cache.get,,35.63,OK,cache-cluster,v1.0.0,cf8eb5d3e3554f63a53d45cfc99d4f34
live_ep_000008_NONE,NONE,inventory-service,25.5,1785923721.1580968,50ab50c3300548faadba0a2b282c663e,,GET /api/auth,,127.08,OK,inventory-service,v1.0.0,8edde63d0b9940e288f4af8c1241fcb4
live_ep_000008_NONE,NONE,inventory-service,25.5,1785923721.1580968,a481ad942e28488582a05bc13ebd6c25,50ab50c3300548faadba0a2b282c663e,db.query.select,WRITE,13.76,OK,user-db,v1.0.0,8edde63d0b9940e288f4af8c1241fcb4
live_ep_000008_NONE,NONE,inventory-service,25.5,1785923721.1580968,1f4eb2296e0b40fe8b009ece72875d49,50ab50c3300548faadba0a2b282c663e,cache.delete,,2.16,OK,cache-cluster,v1.0.0,8edde63d0b9940e288f4af8c1241fcb4
live_ep_000008_NONE,NONE,inventory-service,26.0,1785923721.6585913,dde1ac7d480a4316919387169f19f46b,,GET /api/order,,107.55,OK,inventory-service,v1.0.0,1a08518c0dad49939954da504cf00d62
live_ep_000008_NONE,NONE,inventory-service,26.0,1785923721.6585913,ae053b9d5d894cefa6bdd605bfcc9ed4,dde1ac7d480a4316919387169f19f46b,db.query.update,READ,14.29,OK,user-db,v1.0.0,1a08518c0dad49939954da504cf00d62
live_ep_000008_NONE,NONE,inventory-service,26.5,1785923722.1586885,7918be8259084cddb1f756074cdcf3c5,,POST /api/payment,,142.14,OK,inventory-service,v1.0.0,ba0d1ae79b364953a74b5ce153527ac8
live_ep_000008_NONE,NONE,inventory-service,26.5,1785923722.1586885,2373e897ab5548e49d3f2592f4bf54b0,7918be8259084cddb1f756074cdcf3c5,db.query.update,READ,16.32,OK,user-db,v1.0.0,ba0d1ae79b364953a74b5ce153527ac8
live_ep_000008_NONE,NONE,inventory-service,26.5,1785923722.1586885,e32799d785854bd69a79f406a0f3fa81,7918be8259084cddb1f756074cdcf3c5,cache.get,,3.31,OK,cache-cluster,v1.0.0,ba0d1ae79b364953a74b5ce153527ac8
live_ep_000008_NONE,NONE,inventory-service,27.0,1785923722.6588075,608584281c134eba9e888d9c55a04fd5,,POST /api/checkout,,113.57,OK,inventory-service,v1.0.0,fd11863136684a7ba5f7cc82b614cd16
live_ep_000008_NONE,NONE,inventory-service,27.0,1785923722.6588075,ae8ad7f4e44046a5a3e25b3b6a487aab,608584281c134eba9e888d9c55a04fd5,db.query.update,READ,41.1,OK,user-db,v1.0.0,fd11863136684a7ba5f7cc82b614cd16
live_ep_000008_NONE,NONE,inventory-service,27.0,1785923722.6588075,8966e8fb931f4e53a6be7fe3d2aec9de,608584281c134eba9e888d9c55a04fd5,db.query.delete,WRITE,35.43,OK,user-db,v1.0.0,fd11863136684a7ba5f7cc82b614cd16
live_ep_000008_NONE,NONE,inventory-service,27.0,1785923722.6588075,15d2f663c22c4029950cab924cfb97e6,608584281c134eba9e888d9c55a04fd5,cache.get,,1.11,OK,cache-cluster,v1.0.0,fd11863136684a7ba5f7cc82b614cd16
live_ep_000008_NONE,NONE,inventory-service,27.5,1785923723.1589499,c2eb3692df4a4ac08810d5b4570247fd,,GET /api/auth,,140.78,OK,inventory-service,v1.0.0,eb74080f54104783aad42100932a8b13
live_ep_000008_NONE,NONE,inventory-service,27.5,1785923723.1589499,da489aab8029447dafdd93aa33321c93,c2eb3692df4a4ac08810d5b4570247fd,db.query.insert,WRITE,13.04,OK,user-db,v1.0.0,eb74080f54104783aad42100932a8b13
live_ep_000008_NONE,NONE,inventory-service,27.5,1785923723.1589499,51041cf7fcdf42ecacffa4290bff1ae6,c2eb3692df4a4ac08810d5b4570247fd,db.query.select,READ,13.18,OK,user-db,v1.0.0,eb74080f54104783aad42100932a8b13
live_ep_000008_NONE,NONE,inventory-service,27.5,1785923723.1589499,beb81c60f2be47b5a81d6dac0f4ef374,c2eb3692df4a4ac08810d5b4570247fd,cache.set,,1.73,OK,cache-cluster,v1.0.0,eb74080f54104783aad42100932a8b13
live_ep_000008_NONE,NONE,inventory-service,28.0,1785923723.6591358,cd45849c92a44e5b9854b1e2ff32d710,,GET /api/auth,,100.44,OK,inventory-service,v1.0.0,c33f03a675944f88a294f5859326fb63
live_ep_000008_NONE,NONE,inventory-service,28.0,1785923723.6591358,94837097689040219baac61752d72620,cd45849c92a44e5b9854b1e2ff32d710,db.query.select,WRITE,17.77,OK,user-db,v1.0.0,c33f03a675944f88a294f5859326fb63
live_ep_000008_NONE,NONE,inventory-service,28.0,1785923723.6591358,87183de9935c487bbb954eb441c1afb3,cd45849c92a44e5b9854b1e2ff32d710,db.query.insert,WRITE,31.36,OK,user-db,v1.0.0,c33f03a675944f88a294f5859326fb63
live_ep_000008_NONE,NONE,inventory-service,28.0,1785923723.6591358,3b8e579264bf4613bc15013c92e1031f,cd45849c92a44e5b9854b1e2ff32d710,cache.delete,,1.02,OK,cache-cluster,v1.0.0,c33f03a675944f88a294f5859326fb63
live_ep_000008_NONE,NONE,inventory-service,28.5,1785923724.1593246,729a58fd20804797903b45ef9e9fb546,,GET /api/order,,126.58,OK,inventory-service,v1.0.0,2588a082a9214e40b14bee110746921c
live_ep_000008_NONE,NONE,inventory-service,28.5,1785923724.1593246,6668e1f4e64a4f408c9aca31ab4bdd18,729a58fd20804797903b45ef9e9fb546,db.query.select,READ,18.42,OK,user-db,v1.0.0,2588a082a9214e40b14bee110746921c
live_ep_000008_NONE,NONE,inventory-service,28.5,1785923724.1593246,3e0d32053be5459e872efb24043da115,729a58fd20804797903b45ef9e9fb546,db.query.select,WRITE,28.59,OK,user-db,v1.0.0,2588a082a9214e40b14bee110746921c
live_ep_000008_NONE,NONE,inventory-service,28.5,1785923724.1593246,5e1b9ea9a89d4933a05f8fe046ae70b4,729a58fd20804797903b45ef9e9fb546,cache.delete,,2.87,OK,cache-cluster,v1.0.0,2588a082a9214e40b14bee110746921c
live_ep_000008_NONE,NONE,inventory-service,29.0,1785923724.6596677,cade35e0073f4513b5630a2b325fe0a4,,GET /api/order,,94.68,OK,inventory-service,v1.0.0,3de3b8295936495abf82d4ba1c8ba154
live_ep_000008_NONE,NONE,inventory-service,29.0,1785923724.6596677,481dd38c6a344ee09b7d039c37e13b56,cade35e0073f4513b5630a2b325fe0a4,db.query.insert,READ,9.3,OK,user-db,v1.0.0,3de3b8295936495abf82d4ba1c8ba154
live_ep_000008_NONE,NONE,inventory-service,29.0,1785923724.6596677,e48386cc16cd42939dfc4b5576978330,cade35e0073f4513b5630a2b325fe0a4,db.query.update,WRITE,13.15,OK,user-db,v1.0.0,3de3b8295936495abf82d4ba1c8ba154
live_ep_000008_NONE,NONE,inventory-service,29.0,1785923724.6596677,e30e37d57d2e42ca9cfee0fc2148e296,cade35e0073f4513b5630a2b325fe0a4,cache.set,,2.55,OK,cache-cluster,v1.0.0,3de3b8295936495abf82d4ba1c8ba154
live_ep_000008_NONE,NONE,inventory-service,29.5,1785923725.1751382,28bc2f7398494f148169692dfa6a0331,,GET /api/health,,110.57,OK,inventory-service,v1.0.0,95a12e352e4f48bcb3a57fac69be7e24
live_ep_000008_NONE,NONE,inventory-service,29.5,1785923725.1751382,21eb3fd9ce664187b6a074c896b8fa44,28bc2f7398494f148169692dfa6a0331,db.query.select,WRITE,27.22,OK,user-db,v1.0.0,95a12e352e4f48bcb3a57fac69be7e24
live_ep_000008_NONE,NONE,inventory-service,29.5,1785923725.1751382,579d4d75bf20489a8f4010fd95f52cac,28bc2f7398494f148169692dfa6a0331,cache.set,,0.94,OK,cache-cluster,v1.0.0,95a12e352e4f48bcb3a57fac69be7e24
live_ep_000008_NONE,NONE,inventory-service,29.5,1785923725.1751382,f3a5d28bfe394f18be1f62ecf4b17aaf,28bc2f7398494f148169692dfa6a0331,http.client.post,,43.54,OK,cache-cluster,v1.0.0,95a12e352e4f48bcb3a57fac69be7e24
live_ep_000008_NONE,NONE,inventory-service,30.0,1785923725.6753583,43e31bc2e4b94e4bb744653d8732ee18,,POST /api/payment,,137.31,OK,inventory-service,v1.0.0,90a5b917ac6248679e8551fc3fae45ca
live_ep_000008_NONE,NONE,inventory-service,30.0,1785923725.6753583,19a2409767f74eeba76d0728a2f72b8d,43e31bc2e4b94e4bb744653d8732ee18,db.transaction,READ,20.54,OK,user-db,v1.0.0,90a5b917ac6248679e8551fc3fae45ca
live_ep_000008_NONE,NONE,inventory-service,30.0,1785923725.6753583,d2194f9c8faa431e85420d9e9e0e1881,43e31bc2e4b94e4bb744653d8732ee18,cache.get,,1.42,OK,cache-cluster,v1.0.0,90a5b917ac6248679e8551fc3fae45ca
live_ep_000008_NONE,NONE,inventory-service,30.0,1785923725.6753583,cd805a173c73471f805001cbf8fa4806,43e31bc2e4b94e4bb744653d8732ee18,http.client.get,,18.01,OK,payment-gateway,v1.0.0,90a5b917ac6248679e8551fc3fae45ca
live_ep_000008_NONE,NONE,inventory-service,30.5,1785923726.1757853,2c9eecd8268e4f0c8077fdea6157c51e,,POST /api/payment,,136.38,OK,inventory-service,v1.0.0,608a7733420a4e969b1cf82333debe2c
live_ep_000008_NONE,NONE,inventory-service,30.5,1785923726.1757853,ab3a051247be4617b59e1a73ddb71577,2c9eecd8268e4f0c8077fdea6157c51e,db.query.insert,WRITE,29.36,OK,user-db,v1.0.0,608a7733420a4e969b1cf82333debe2c
live_ep_000008_NONE,NONE,inventory-service,30.5,1785923726.1757853,2c263c3ed77640b08bc41380772b8c16,2c9eecd8268e4f0c8077fdea6157c51e,http.client.post,,27.26,OK,payment-gateway,v1.0.0,608a7733420a4e969b1cf82333debe2c
live_ep_000008_NONE,NONE,inventory-service,31.0,1785923726.6886652,88f1a5cebc7f48b4b50160053f102c05,,POST /api/checkout,,131.76,OK,inventory-service,v1.0.0,5cba7a8266714b529e2b94dbb03992a7
live_ep_000008_NONE,NONE,inventory-service,31.0,1785923726.6886652,2c31d7a9ae914caa830dfc1323fd123f,88f1a5cebc7f48b4b50160053f102c05,db.query.insert,WRITE,27.67,OK,user-db,v1.0.0,5cba7a8266714b529e2b94dbb03992a7
live_ep_000008_NONE,NONE,inventory-service,31.0,1785923726.6886652,353638bab0b248128365b3584294bce3,88f1a5cebc7f48b4b50160053f102c05,db.query.select,READ,42.18,OK,user-db,v1.0.0,5cba7a8266714b529e2b94dbb03992a7
live_ep_000008_NONE,NONE,inventory-service,31.0,1785923726.6886652,bb8ddae3f6dd48618f7f2e1b4c4db8e8,88f1a5cebc7f48b4b50160053f102c05,cache.get,,3.13,OK,cache-cluster,v1.0.0,5cba7a8266714b529e2b94dbb03992a7
live_ep_000008_NONE,NONE,inventory-service,31.5,1785923727.1888242,a6f71b8fcc0c4bc2824c43e9f81fa31c,,POST /api/payment,,123.57,OK,inventory-service,v1.0.0,bbd0bc39639944fea662268fe70eab39
live_ep_000008_NONE,NONE,inventory-service,31.5,1785923727.1888242,4e72eeab69b1470f8d4a5c3507ff2460,a6f71b8fcc0c4bc2824c43e9f81fa31c,db.transaction,WRITE,9.56,OK,user-db,v1.0.0,bbd0bc39639944fea662268fe70eab39
live_ep_000008_NONE,NONE,inventory-service,31.5,1785923727.1888242,b6a6e0c1e1cf40ecb7a4202adb10f658,a6f71b8fcc0c4bc2824c43e9f81fa31c,db.query.insert,READ,17.94,OK,user-db,v1.0.0,bbd0bc39639944fea662268fe70eab39
live_ep_000008_NONE,NONE,inventory-service,31.5,1785923727.1888242,1a3216b88a084ac79a62a58d9c8c01bc,a6f71b8fcc0c4bc2824c43e9f81fa31c,http.client.post,,24.51,OK,user-db,v1.0.0,bbd0bc39639944fea662268fe70eab39
live_ep_000008_NONE,NONE,inventory-service,32.0,1785923727.6889782,294210985c7f408bb9337f12b402ce27,,GET /api/health,,118.09,OK,inventory-service,v1.0.0,0a45cc69a4ff4ef381511fa079e96110
live_ep_000008_NONE,NONE,inventory-service,32.0,1785923727.6889782,54c6e5955cce4ca28985def1e2e9e206,294210985c7f408bb9337f12b402ce27,db.query.select,WRITE,17.86,OK,user-db,v1.0.0,0a45cc69a4ff4ef381511fa079e96110
live_ep_000008_NONE,NONE,inventory-service,32.0,1785923727.6889782,383d7a1b65bb4d34be7392e66e287fc0,294210985c7f408bb9337f12b402ce27,db.query.update,READ,18.18,OK,user-db,v1.0.0,0a45cc69a4ff4ef381511fa079e96110
live_ep_000008_NONE,NONE,inventory-service,32.0,1785923727.6889782,6870a66258ec49f99587f3b7dbef4529,294210985c7f408bb9337f12b402ce27,cache.delete,,1.01,OK,cache-cluster,v1.0.0,0a45cc69a4ff4ef381511fa079e96110
live_ep_000008_NONE,NONE,inventory-service,32.5,1785923728.1892161,91e78483544f431e99551f766f5257f3,,POST /api/checkout,,110.65,OK,inventory-service,v1.0.0,c0243e67041840e2a745d84b70f4c203
live_ep_000008_NONE,NONE,inventory-service,32.5,1785923728.1892161,d680690520264298a416749396493cfe,91e78483544f431e99551f766f5257f3,db.transaction,WRITE,25.94,OK,user-db,v1.0.0,c0243e67041840e2a745d84b70f4c203
live_ep_000008_NONE,NONE,inventory-service,32.5,1785923728.1892161,c002b15728b848bba5e163d519b3eccb,91e78483544f431e99551f766f5257f3,db.query.update,READ,25.31,OK,user-db,v1.0.0,c0243e67041840e2a745d84b70f4c203
live_ep_000008_NONE,NONE,inventory-service,33.0,1785923728.6895936,45a8a22044264779bf5ff6ff0ed54372,,POST /api/checkout,,129.67,OK,inventory-service,v1.0.0,a3eef2b86ac84bb59ba5d2f105232056
live_ep_000008_NONE,NONE,inventory-service,33.0,1785923728.6895936,dc87bb6d06854b34af4a92a47928a86b,45a8a22044264779bf5ff6ff0ed54372,db.query.select,READ,17.8,OK,user-db,v1.0.0,a3eef2b86ac84bb59ba5d2f105232056
live_ep_000008_NONE,NONE,inventory-service,33.0,1785923728.6895936,cbc3f89f5ba047c2bc817dd98ec8da50,45a8a22044264779bf5ff6ff0ed54372,cache.get,,2.18,OK,cache-cluster,v1.0.0,a3eef2b86ac84bb59ba5d2f105232056
live_ep_000008_NONE,NONE,inventory-service,33.0,1785923728.6895936,88202de3b7404cd68db0f32a72219a7b,45a8a22044264779bf5ff6ff0ed54372,http.client.get,,18.9,OK,payment-gateway,v1.0.0,a3eef2b86ac84bb59ba5d2f105232056
live_ep_000008_NONE,NONE,inventory-service,33.5,1785923729.1899042,d6cc620d80ec4025ae82a9cb75676e0e,,POST /api/payment,,125.06,OK,inventory-service,v1.0.0,43a4344f8b77447ea4e9f7b3a956d549
live_ep_000008_NONE,NONE,inventory-service,33.5,1785923729.1899042,93398b7e68034282a25d7d936146e98c,d6cc620d80ec4025ae82a9cb75676e0e,db.query.update,READ,29.82,OK,user-db,v1.0.0,43a4344f8b77447ea4e9f7b3a956d549
live_ep_000008_NONE,NONE,inventory-service,33.5,1785923729.1899042,2d143cf594af448aa957ba802ad01b4f,d6cc620d80ec4025ae82a9cb75676e0e,db.query.update,READ,15.98,OK,user-db,v1.0.0,43a4344f8b77447ea4e9f7b3a956d549
live_ep_000008_NONE,NONE,inventory-service,33.5,1785923729.1899042,d0c73a61df7d4baf8a972d3acf95afff,d6cc620d80ec4025ae82a9cb75676e0e,cache.delete,,3.01,OK,cache-cluster,v1.0.0,43a4344f8b77447ea4e9f7b3a956d549
live_ep_000008_NONE,NONE,inventory-service,34.0,1785923729.6904056,a1273d69cbbf49478911aa03b7c8b4de,,GET /api/health,,92.05,OK,inventory-service,v1.0.0,eba031fe5f3f4403b10c57666f2a30b4
live_ep_000008_NONE,NONE,inventory-service,34.0,1785923729.6904056,7ee2338f9e0f4d099c67683467a33ddd,a1273d69cbbf49478911aa03b7c8b4de,db.transaction,READ,13.94,OK,user-db,v1.0.0,eba031fe5f3f4403b10c57666f2a30b4
live_ep_000008_NONE,NONE,inventory-service,34.0,1785923729.6904056,29d7f69ea4e3428a872176b3e4d2140e,a1273d69cbbf49478911aa03b7c8b4de,db.query.insert,READ,14.5,OK,user-db,v1.0.0,eba031fe5f3f4403b10c57666f2a30b4
live_ep_000008_NONE,NONE,inventory-service,34.5,1785923730.1909149,aa0276b3eef549a3989c3daeb7b00fc5,,POST /api/checkout,,119.34,OK,inventory-service,v1.0.0,a2f475d4d6684b8bb1ce36eb8cb0ea80
live_ep_000008_NONE,NONE,inventory-service,34.5,1785923730.1909149,39ece6abb02648009c9da2d5d92eeccb,aa0276b3eef549a3989c3daeb7b00fc5,db.query.select,WRITE,14.96,OK,user-db,v1.0.0,a2f475d4d6684b8bb1ce36eb8cb0ea80
live_ep_000008_NONE,NONE,inventory-service,34.5,1785923730.1909149,2892f27e20194ef296420a3b1f02e29f,aa0276b3eef549a3989c3daeb7b00fc5,db.query.select,READ,20.72,OK,user-db,v1.0.0,a2f475d4d6684b8bb1ce36eb8cb0ea80
live_ep_000008_NONE,NONE,inventory-service,35.0,1785923730.6913002,9810063dd7314d1ebdd5c7d7676f0337,,GET /api/auth,,122.96,OK,inventory-service,v1.0.0,e860a4c0b1aa48cf8a82632c04737dc9
live_ep_000008_NONE,NONE,inventory-service,35.0,1785923730.6913002,75dc35af9aea4bce8c86772267e9260c,9810063dd7314d1ebdd5c7d7676f0337,db.query.select,READ,19.78,OK,user-db,v1.0.0,e860a4c0b1aa48cf8a82632c04737dc9
live_ep_000008_NONE,NONE,inventory-service,35.0,1785923730.6913002,9cd34217580c4948a3b95554f6e39bc2,9810063dd7314d1ebdd5c7d7676f0337,cache.get,,2.95,OK,cache-cluster,v1.0.0,e860a4c0b1aa48cf8a82632c04737dc9
live_ep_000008_NONE,NONE,inventory-service,35.5,1785923731.1914508,09bb43e613f041f8815d162b726e1dfc,,POST /api/payment,,83.32,OK,inventory-service,v1.0.0,2a590dc8604f4b4b9954d6ef47baf7f6
live_ep_000008_NONE,NONE,inventory-service,35.5,1785923731.1914508,d4466fffb71d4d4a9a1fb34024536ba4,09bb43e613f041f8815d162b726e1dfc,db.query.select,WRITE,21.39,OK,user-db,v1.0.0,2a590dc8604f4b4b9954d6ef47baf7f6
live_ep_000008_NONE,NONE,inventory-service,35.5,1785923731.1914508,f4f7a9dc95894e6995ef8d95463898cb,09bb43e613f041f8815d162b726e1dfc,db.transaction,WRITE,27.97,OK,user-db,v1.0.0,2a590dc8604f4b4b9954d6ef47baf7f6
live_ep_000008_NONE,NONE,inventory-service,35.5,1785923731.1914508,1edd3d7f0612432abb74c1432f2d73b5,09bb43e613f041f8815d162b726e1dfc,grpc.call,,37.57,OK,inventory-api,v1.0.0,2a590dc8604f4b4b9954d6ef47baf7f6
live_ep_000008_NONE,NONE,inventory-service,36.0,1785923731.6919763,86990c894d0a4e1d968f00b659f63f6d,,POST /api/checkout,,118.92,OK,inventory-service,v1.0.0,59239be1f149438ea63130f354ef653f
live_ep_000008_NONE,NONE,inventory-service,36.0,1785923731.6919763,87290a6f35614ab7bfeb5f500a75d491,86990c894d0a4e1d968f00b659f63f6d,db.query.insert,READ,23.2,OK,user-db,v1.0.0,59239be1f149438ea63130f354ef653f
live_ep_000008_NONE,NONE,inventory-service,36.0,1785923731.6919763,6a271fc130604e85aacac2c14067c02d,86990c894d0a4e1d968f00b659f63f6d,db.query.select,READ,21.05,OK,user-db,v1.0.0,59239be1f149438ea63130f354ef653f
live_ep_000008_NONE,NONE,inventory-service,36.0,1785923731.6919763,288e0e3d881c4caa907f3e2d31f97c8f,86990c894d0a4e1d968f00b659f63f6d,cache.get,,35.0,OK,cache-cluster,v1.0.0,59239be1f149438ea63130f354ef653f
live_ep_000008_NONE,NONE,inventory-service,36.5,1785923732.1924973,184ae0d8954245b080e3e10f55554c65,,POST /api/checkout,,126.97,OK,inventory-service,v1.0.0,53b42201ca284b2893fd357988f45215
live_ep_000008_NONE,NONE,inventory-service,36.5,1785923732.1924973,e58998f5d2394a169e193101d256ad48,184ae0d8954245b080e3e10f55554c65,db.query.delete,READ,23.65,OK,user-db,v1.0.0,53b42201ca284b2893fd357988f45215
live_ep_000008_NONE,NONE,inventory-service,36.5,1785923732.1924973,4c04a9a709274bcdace021e1a83104e0,184ae0d8954245b080e3e10f55554c65,db.transaction,WRITE,17.76,OK,user-db,v1.0.0,53b42201ca284b2893fd357988f45215
live_ep_000008_NONE,NONE,inventory-service,36.5,1785923732.1924973,61c1deb46b82405aa8cbc14ce11c5e88,184ae0d8954245b080e3e10f55554c65,cache.set,,1.13,OK,cache-cluster,v1.0.0,53b42201ca284b2893fd357988f45215
live_ep_000008_NONE,NONE,inventory-service,37.0,1785923732.6925528,f9b12049133a4b4ea80298471fcd4289,,POST /api/checkout,,91.35,OK,inventory-service,v1.0.0,83e8a15f378446fe8490037595641208
live_ep_000008_NONE,NONE,inventory-service,37.0,1785923732.6925528,34913098ac0949abbc7a21209bb90fd0,f9b12049133a4b4ea80298471fcd4289,db.query.insert,READ,15.1,OK,user-db,v1.0.0,83e8a15f378446fe8490037595641208
live_ep_000008_NONE,NONE,inventory-service,37.0,1785923732.6925528,ec6e2ca84aff4a29afdff6672cf24c8c,f9b12049133a4b4ea80298471fcd4289,db.query.select,READ,11.35,OK,user-db,v1.0.0,83e8a15f378446fe8490037595641208
live_ep_000008_NONE,NONE,inventory-service,37.0,1785923732.6925528,78fcd253e1aa4bc1849540518facec23,f9b12049133a4b4ea80298471fcd4289,cache.set,,0.5,OK,cache-cluster,v1.0.0,83e8a15f378446fe8490037595641208
live_ep_000008_NONE,NONE,inventory-service,37.5,1785923733.1934075,1fbf336bef234dd5891e1adc061c0615,,PUT /api/inventory,,116.54,OK,inventory-service,v1.0.0,e1dd3ece8b6847e891d09ceb8d545c1a
live_ep_000008_NONE,NONE,inventory-service,37.5,1785923733.1934075,4ff56c27a4004dd58cb51f8eac81c08f,1fbf336bef234dd5891e1adc061c0615,db.query.update,WRITE,19.2,OK,user-db,v1.0.0,e1dd3ece8b6847e891d09ceb8d545c1a
live_ep_000008_NONE,NONE,inventory-service,37.5,1785923733.1934075,2a844f98b7764f43a221dfa1e283614f,1fbf336bef234dd5891e1adc061c0615,db.query.update,WRITE,20.47,OK,user-db,v1.0.0,e1dd3ece8b6847e891d09ceb8d545c1a
live_ep_000008_NONE,NONE,inventory-service,38.0,1785923733.693832,89351e751ea44ad08b1cf295fcd93f28,,GET /api/order,,120.48,OK,inventory-service,v1.0.0,dadb284e9a9a49bcb3a5a940fa805ea7
live_ep_000008_NONE,NONE,inventory-service,38.0,1785923733.693832,f223e2983b5141d584c8fe920bac8653,89351e751ea44ad08b1cf295fcd93f28,db.transaction,READ,12.69,OK,user-db,v1.0.0,dadb284e9a9a49bcb3a5a940fa805ea7
live_ep_000008_NONE,NONE,inventory-service,38.0,1785923733.693832,e2ef970e85a9401f9dd2d9a01aacff02,89351e751ea44ad08b1cf295fcd93f28,cache.get,,1.66,OK,cache-cluster,v1.0.0,dadb284e9a9a49bcb3a5a940fa805ea7
live_ep_000008_NONE,NONE,inventory-service,38.0,1785923733.693832,56a94e66ebe144fd802ec119627d1f9d,89351e751ea44ad08b1cf295fcd93f28,http.client.get,,20.22,OK,inventory-api,v1.0.0,dadb284e9a9a49bcb3a5a940fa805ea7
live_ep_000008_NONE,NONE,inventory-service,38.5,1785923734.1941688,bd350858a4ef45a28f5fd4b478467748,,GET /api/health,,128.25,OK,inventory-service,v1.0.0,13eef18f56294d8b8de39eb776df0494
live_ep_000008_NONE,NONE,inventory-service,38.5,1785923734.1941688,a98325ef37b648b19de6c4bddc24a1cf,bd350858a4ef45a28f5fd4b478467748,db.query.insert,READ,36.1,OK,user-db,v1.0.0,13eef18f56294d8b8de39eb776df0494
live_ep_000008_NONE,NONE,inventory-service,38.5,1785923734.1941688,22f0a9d5ada84d22a1d8a82cd32c85e9,bd350858a4ef45a28f5fd4b478467748,cache.set,,0.5,OK,cache-cluster,v1.0.0,13eef18f56294d8b8de39eb776df0494
live_ep_000008_NONE,NONE,inventory-service,39.0,1785923734.694687,fe14f39f957f4147b2dbd53b5ca25737,,PUT /api/inventory,,96.11,OK,inventory-service,v1.0.0,533adc61e2cc4204a8fadbd8d95cdea8
live_ep_000008_NONE,NONE,inventory-service,39.0,1785923734.694687,32d36487157d45c8a13602bd41b125b4,fe14f39f957f4147b2dbd53b5ca25737,db.query.insert,WRITE,18.33,OK,user-db,v1.0.0,533adc61e2cc4204a8fadbd8d95cdea8
live_ep_000008_NONE,NONE,inventory-service,39.0,1785923734.694687,49c4e9d523aa4899a2aecd1d3b5297a4,fe14f39f957f4147b2dbd53b5ca25737,grpc.call,,25.83,OK,payment-gateway,v1.0.0,533adc61e2cc4204a8fadbd8d95cdea8
live_ep_000008_NONE,NONE,inventory-service,39.5,1785923735.1947691,f8981e18cb9e4300a540257d6a1e5e7c,,POST /api/payment,,126.6,OK,inventory-service,v1.0.0,df926e89f2a647638c3dea084d22a70e
live_ep_000008_NONE,NONE,inventory-service,39.5,1785923735.1947691,ccb5a99b48694be8a4a848386cfa29df,f8981e18cb9e4300a540257d6a1e5e7c,db.transaction,READ,12.59,OK,user-db,v1.0.0,df926e89f2a647638c3dea084d22a70e
live_ep_000008_NONE,NONE,inventory-service,39.5,1785923735.1947691,97596ac8f1c044c2b1497e59f3683871,f8981e18cb9e4300a540257d6a1e5e7c,cache.delete,,0.5,OK,cache-cluster,v1.0.0,df926e89f2a647638c3dea084d22a70e
live_ep_000008_NONE,NONE,inventory-service,40.0,1785923735.6951923,3ec3791ee09a43a49607c509e1b6663d,,GET /api/order,,119.09,OK,inventory-service,v1.0.0,282118e2239f4ce3936d516e97d1a626
live_ep_000008_NONE,NONE,inventory-service,40.0,1785923735.6951923,f8f61f0463534be281d6bd057681ddd9,3ec3791ee09a43a49607c509e1b6663d,db.query.update,READ,16.0,OK,user-db,v1.0.0,282118e2239f4ce3936d516e97d1a626
live_ep_000008_NONE,NONE,inventory-service,40.0,1785923735.6951923,2d32c15f13054c3da277e90b8e352ec2,3ec3791ee09a43a49607c509e1b6663d,cache.get,,1.99,OK,cache-cluster,v1.0.0,282118e2239f4ce3936d516e97d1a626
live_ep_000008_NONE,NONE,inventory-service,40.0,1785923735.6951923,230df0b0dfc341ee84d3d9333fb6240e,3ec3791ee09a43a49607c509e1b6663d,http.client.post,,34.09,OK,user-db,v1.0.0,282118e2239f4ce3936d516e97d1a626
live_ep_000008_NONE,NONE,inventory-service,40.5,1785923736.1955125,b3fe75a6ab034531b228d067081807e5,,POST /api/checkout,,126.83,OK,inventory-service,v1.0.0,679b0abf183c41a69d04a4395c9b0bcd
live_ep_000008_NONE,NONE,inventory-service,40.5,1785923736.1955125,813c84337c694e82995c87624610447d,b3fe75a6ab034531b228d067081807e5,db.transaction,READ,15.55,OK,user-db,v1.0.0,679b0abf183c41a69d04a4395c9b0bcd
live_ep_000008_NONE,NONE,inventory-service,40.5,1785923736.1955125,5dd52b17744c4bd18309898d7d3a3d18,b3fe75a6ab034531b228d067081807e5,db.query.select,WRITE,21.98,OK,user-db,v1.0.0,679b0abf183c41a69d04a4395c9b0bcd
live_ep_000008_NONE,NONE,inventory-service,41.0,1785923736.6956086,a17c6822336045f1af84c3a9066b7722,,POST /api/checkout,,161.27,OK,inventory-service,v1.0.0,d55fc42bc027435d9a5de2050fa9766d
live_ep_000008_NONE,NONE,inventory-service,41.0,1785923736.6956086,d3d391b3ad874bc989fe6fbaffa53872,a17c6822336045f1af84c3a9066b7722,db.transaction,WRITE,18.18,OK,user-db,v1.0.0,d55fc42bc027435d9a5de2050fa9766d
live_ep_000008_NONE,NONE,inventory-service,41.0,1785923736.6956086,cf1f136459be40c7a6e6b02f48381674,a17c6822336045f1af84c3a9066b7722,cache.delete,,2.49,OK,cache-cluster,v1.0.0,d55fc42bc027435d9a5de2050fa9766d
live_ep_000008_NONE,NONE,inventory-service,41.5,1785923737.196997,3a2138a2e7f343af87496ef5d8547c5d,,GET /api/health,,127.45,OK,inventory-service,v1.0.0,2570a5d4646c4958a84f05eb78af46c4
live_ep_000008_NONE,NONE,inventory-service,41.5,1785923737.196997,719d0d32c6fe47a596f857d0285c9329,3a2138a2e7f343af87496ef5d8547c5d,db.query.insert,READ,21.23,OK,user-db,v1.0.0,2570a5d4646c4958a84f05eb78af46c4
live_ep_000008_NONE,NONE,inventory-service,41.5,1785923737.196997,f192190bd25a47d6a8f6c21792630967,3a2138a2e7f343af87496ef5d8547c5d,grpc.call,,34.12,OK,cache-cluster,v1.0.0,2570a5d4646c4958a84f05eb78af46c4
live_ep_000008_NONE,NONE,inventory-service,42.0,1785923737.6974587,91c42d1829ee42e88aea11bc57cd74c8,,GET /api/health,,98.14,OK,inventory-service,v1.0.0,a30c8f917c4248458a510a9071fc3d0c
live_ep_000008_NONE,NONE,inventory-service,42.0,1785923737.6974587,7ad84628736a4ebdb935fea23a5b9bce,91c42d1829ee42e88aea11bc57cd74c8,db.query.select,READ,18.73,OK,user-db,v1.0.0,a30c8f917c4248458a510a9071fc3d0c
live_ep_000008_NONE,NONE,inventory-service,42.5,1785923738.1976593,5531e9858dc041dd9f7206148752492f,,POST /api/payment,,131.92,OK,inventory-service,v1.0.0,e9c333bd7d4b497d904f1e8ab69eb7de
live_ep_000008_NONE,NONE,inventory-service,42.5,1785923738.1976593,d8930513a983415ca6c83263fe8c95f3,5531e9858dc041dd9f7206148752492f,db.query.insert,READ,22.03,OK,user-db,v1.0.0,e9c333bd7d4b497d904f1e8ab69eb7de
live_ep_000008_NONE,NONE,inventory-service,42.5,1785923738.1976593,0da45001a2f04f0dbd93720db19cd8d9,5531e9858dc041dd9f7206148752492f,db.query.delete,WRITE,35.87,OK,user-db,v1.0.0,e9c333bd7d4b497d904f1e8ab69eb7de
live_ep_000008_NONE,NONE,inventory-service,42.5,1785923738.1976593,2fb7cf4a93b94968a71cb199951aee0e,5531e9858dc041dd9f7206148752492f,cache.get,,3.2,OK,cache-cluster,v1.0.0,e9c333bd7d4b497d904f1e8ab69eb7de
live_ep_000008_NONE,NONE,inventory-service,42.5,1785923738.1976593,d3ed4a4a8054498bad0370cdad3a535f,5531e9858dc041dd9f7206148752492f,http.client.post,,38.89,OK,inventory-api,v1.0.0,e9c333bd7d4b497d904f1e8ab69eb7de
live_ep_000008_NONE,NONE,inventory-service,43.0,1785923738.6979623,a0146530b162436e9bc013628ddbb292,,GET /api/auth,,124.45,OK,inventory-service,v1.0.0,b0a9f2b7c8b241449c06c335c2505739
live_ep_000008_NONE,NONE,inventory-service,43.0,1785923738.6979623,8b8bb67b0996445c914b98fd6d8ffe5e,a0146530b162436e9bc013628ddbb292,db.query.insert,READ,17.06,OK,user-db,v1.0.0,b0a9f2b7c8b241449c06c335c2505739
live_ep_000008_NONE,NONE,inventory-service,43.0,1785923738.6979623,599ec182d7b1413da28845722d22f027,a0146530b162436e9bc013628ddbb292,cache.set,,1.27,OK,cache-cluster,v1.0.0,b0a9f2b7c8b241449c06c335c2505739
live_ep_000008_NONE,NONE,inventory-service,43.5,1785923739.1986337,954a8323c57f4a0c840fe17142c83ab8,,POST /api/payment,,121.82,OK,inventory-service,v1.0.0,e815f366813b40b7b22f89368253e3c0
live_ep_000008_NONE,NONE,inventory-service,43.5,1785923739.1986337,d792976344c645be8834bc5856f97497,954a8323c57f4a0c840fe17142c83ab8,db.transaction,WRITE,22.02,OK,user-db,v1.0.0,e815f366813b40b7b22f89368253e3c0
live_ep_000008_NONE,NONE,inventory-service,43.5,1785923739.1986337,4d365eb395724b0da297fa3ef14d2970,954a8323c57f4a0c840fe17142c83ab8,db.query.select,WRITE,14.58,OK,user-db,v1.0.0,e815f366813b40b7b22f89368253e3c0
live_ep_000008_NONE,NONE,inventory-service,43.5,1785923739.1986337,41fad53f7b424db68ba952e997bcef87,954a8323c57f4a0c840fe17142c83ab8,cache.set,,1.95,OK,cache-cluster,v1.0.0,e815f366813b40b7b22f89368253e3c0
live_ep_000008_NONE,NONE,inventory-service,43.5,1785923739.1986337,ca8b5fbddf3543eab0201fe94cec0b47,954a8323c57f4a0c840fe17142c83ab8,http.client.post,,36.8,OK,payment-gateway,v1.0.0,e815f366813b40b7b22f89368253e3c0
live_ep_000008_NONE,NONE,inventory-service,44.0,1785923739.6992378,4ea52eb47b8e427dbc2e5130e43074c9,,GET /api/health,,92.39,OK,inventory-service,v1.0.0,29488b672d8e4e05a8d7805cb86cf48a
live_ep_000008_NONE,NONE,inventory-service,44.0,1785923739.6992378,87b582f44218466096e6afb26da39fde,4ea52eb47b8e427dbc2e5130e43074c9,db.query.update,READ,8.01,OK,user-db,v1.0.0,29488b672d8e4e05a8d7805cb86cf48a
live_ep_000008_NONE,NONE,inventory-service,44.0,1785923739.6992378,d89ff03da9dd4443a1c7dcfe9df22a1c,4ea52eb47b8e427dbc2e5130e43074c9,cache.delete,,2.03,OK,cache-cluster,v1.0.0,29488b672d8e4e05a8d7805cb86cf48a
live_ep_000008_NONE,NONE,inventory-service,44.0,1785923739.6992378,6a6fa7ca225d4b7bb875ec2b64461abc,4ea52eb47b8e427dbc2e5130e43074c9,http.client.get,,15.71,OK,user-db,v1.0.0,29488b672d8e4e05a8d7805cb86cf48a
live_ep_000008_NONE,NONE,inventory-service,44.5,1785923740.1997583,68c00cda8eca43b0824874e2d05160b8,,GET /api/auth,,128.73,OK,inventory-service,v1.0.0,a4c7bd5450c149fc9d35843e8d429641
live_ep_000008_NONE,NONE,inventory-service,44.5,1785923740.1997583,32c61504902443e29d858f3b2ba8bf30,68c00cda8eca43b0824874e2d05160b8,db.transaction,READ,28.37,OK,user-db,v1.0.0,a4c7bd5450c149fc9d35843e8d429641
live_ep_000008_NONE,NONE,inventory-service,44.5,1785923740.1997583,5d0d55d747c74aa99012b2cd9eb9b2f2,68c00cda8eca43b0824874e2d05160b8,db.query.select,WRITE,25.16,OK,user-db,v1.0.0,a4c7bd5450c149fc9d35843e8d429641
live_ep_000008_NONE,NONE,inventory-service,44.5,1785923740.1997583,dda07432f89c4522a4227c34d1f38965,68c00cda8eca43b0824874e2d05160b8,cache.set,,2.02,OK,cache-cluster,v1.0.0,a4c7bd5450c149fc9d35843e8d429641
live_ep_000008_NONE,NONE,inventory-service,44.5,1785923740.1997583,84599384c33c4b59924c841991453d31,68c00cda8eca43b0824874e2d05160b8,http.client.get,,34.82,OK,cache-cluster,v1.0.0,a4c7bd5450c149fc9d35843e8d429641
live_ep_000008_NONE,NONE,inventory-service,45.0,1785923740.7000465,51327da3b6e14ac18a02797b9f1fd47a,,PUT /api/inventory,,105.82,OK,inventory-service,v1.0.0,763ab78f04f6473782ec8aaae4ff9926
live_ep_000008_NONE,NONE,inventory-service,45.0,1785923740.7000465,f9452ba1d1274c3d9323b86d8e563e2b,51327da3b6e14ac18a02797b9f1fd47a,db.query.select,READ,22.2,OK,user-db,v1.0.0,763ab78f04f6473782ec8aaae4ff9926
live_ep_000008_NONE,NONE,inventory-service,45.0,1785923740.7000465,d5f06908c3dd423b82325ab4ea26e094,51327da3b6e14ac18a02797b9f1fd47a,db.query.select,READ,35.32,OK,user-db,v1.0.0,763ab78f04f6473782ec8aaae4ff9926
live_ep_000008_NONE,NONE,inventory-service,45.0,1785923740.7000465,fa61d51de45748f48f263f1b2c5dc47a,51327da3b6e14ac18a02797b9f1fd47a,cache.get,,1.16,OK,cache-cluster,v1.0.0,763ab78f04f6473782ec8aaae4ff9926
live_ep_000008_NONE,NONE,inventory-service,45.5,1785923741.2006216,bc1c357b69ee45b2b873e1a9a608f854,,POST /api/payment,,112.87,OK,inventory-service,v1.0.0,0ab4a58505c54d4eac3dbf1b6e8c5b55
live_ep_000008_NONE,NONE,inventory-service,45.5,1785923741.2006216,b877354107e84ef38520a21052e566f3,bc1c357b69ee45b2b873e1a9a608f854,db.query.select,WRITE,37.37,OK,user-db,v1.0.0,0ab4a58505c54d4eac3dbf1b6e8c5b55
live_ep_000008_NONE,NONE,inventory-service,45.5,1785923741.2006216,a5767a9dad1640d29fe6534cfa5b4447,bc1c357b69ee45b2b873e1a9a608f854,db.transaction,READ,28.27,OK,user-db,v1.0.0,0ab4a58505c54d4eac3dbf1b6e8c5b55
live_ep_000008_NONE,NONE,inventory-service,45.5,1785923741.2006216,f25bb5e2439544a2850c3f75280f32ae,bc1c357b69ee45b2b873e1a9a608f854,cache.get,,1.63,OK,cache-cluster,v1.0.0,0ab4a58505c54d4eac3dbf1b6e8c5b55
live_ep_000008_NONE,NONE,inventory-service,45.5,1785923741.2006216,6ad8032183f7402eb88b6c858aec7d10,bc1c357b69ee45b2b873e1a9a608f854,grpc.call,,21.96,OK,inventory-api,v1.0.0,0ab4a58505c54d4eac3dbf1b6e8c5b55
live_ep_000008_NONE,NONE,inventory-service,46.0,1785923741.7011468,f90ce217bc864a54ae38829b43f00a45,,GET /api/auth,,133.27,OK,inventory-service,v1.0.0,e1df5f0a072c4e48a0ee1e94ba341718
live_ep_000008_NONE,NONE,inventory-service,46.0,1785923741.7011468,bdc30923ce55486f9659b75594c7bc6b,f90ce217bc864a54ae38829b43f00a45,db.query.delete,WRITE,24.97,OK,user-db,v1.0.0,e1df5f0a072c4e48a0ee1e94ba341718
live_ep_000008_NONE,NONE,inventory-service,46.0,1785923741.7011468,72780c0767764b70a4c8273ef4833c9b,f90ce217bc864a54ae38829b43f00a45,db.query.update,WRITE,30.86,OK,user-db,v1.0.0,e1df5f0a072c4e48a0ee1e94ba341718
live_ep_000008_NONE,NONE,inventory-service,46.0,1785923741.7011468,6918f94fd082436ba3cfe52e83666370,f90ce217bc864a54ae38829b43f00a45,cache.delete,,1.49,OK,cache-cluster,v1.0.0,e1df5f0a072c4e48a0ee1e94ba341718
live_ep_000008_NONE,NONE,inventory-service,46.0,1785923741.7011468,2436a628e1e549a98150521fae4cb6e7,f90ce217bc864a54ae38829b43f00a45,http.client.get,,17.83,OK,inventory-api,v1.0.0,e1df5f0a072c4e48a0ee1e94ba341718
live_ep_000008_NONE,NONE,inventory-service,46.5,1785923742.2013032,3e4d6e5cc10949e28806c77ecb674ff7,,POST /api/payment,,113.8,OK,inventory-service,v1.0.0,30c7e1fa0c434d68b295ff879d543e8f
live_ep_000008_NONE,NONE,inventory-service,46.5,1785923742.2013032,c33044dd3ec14ac8b0ae9e80835ca61b,3e4d6e5cc10949e28806c77ecb674ff7,db.query.update,READ,13.7,OK,user-db,v1.0.0,30c7e1fa0c434d68b295ff879d543e8f
live_ep_000008_NONE,NONE,inventory-service,46.5,1785923742.2013032,d0153f26e1434a2a880c14590521aa0f,3e4d6e5cc10949e28806c77ecb674ff7,db.query.update,WRITE,19.99,OK,user-db,v1.0.0,30c7e1fa0c434d68b295ff879d543e8f
live_ep_000008_NONE,NONE,inventory-service,46.5,1785923742.2013032,ca4dd742404542dbbebad617626052a4,3e4d6e5cc10949e28806c77ecb674ff7,cache.set,,2.57,OK,cache-cluster,v1.0.0,30c7e1fa0c434d68b295ff879d543e8f
live_ep_000008_NONE,NONE,inventory-service,47.0,1785923742.7014852,1740bb319d4747ce9884d2192b76ebdf,,GET /api/health,,191.96,OK,inventory-service,v1.0.0,db63238af8c645df99e6256428f5ebe3
live_ep_000008_NONE,NONE,inventory-service,47.0,1785923742.7014852,25be62e53c16478091bfc000d539cce7,1740bb319d4747ce9884d2192b76ebdf,db.query.delete,WRITE,11.12,OK,user-db,v1.0.0,db63238af8c645df99e6256428f5ebe3
live_ep_000008_NONE,NONE,inventory-service,47.0,1785923742.7014852,19bab98910b64c0695ce1c3d2de58780,1740bb319d4747ce9884d2192b76ebdf,db.query.delete,WRITE,9.8,OK,user-db,v1.0.0,db63238af8c645df99e6256428f5ebe3
live_ep_000008_NONE,NONE,inventory-service,47.0,1785923742.7014852,8d91080751774fef8ec187ff938217ad,1740bb319d4747ce9884d2192b76ebdf,cache.set,,1.05,OK,cache-cluster,v1.0.0,db63238af8c645df99e6256428f5ebe3
live_ep_000008_NONE,NONE,inventory-service,47.5,1785923743.2018,849ea227b4df4de793d3dce20700817d,,POST /api/payment,,132.13,OK,inventory-service,v1.0.0,a46ccf2369774292b7274b32f15c14b1
live_ep_000008_NONE,NONE,inventory-service,47.5,1785923743.2018,c6195becbbf5416584606f404e29fe23,849ea227b4df4de793d3dce20700817d,db.query.insert,READ,29.42,OK,user-db,v1.0.0,a46ccf2369774292b7274b32f15c14b1
live_ep_000008_NONE,NONE,inventory-service,48.0,1785923743.7023609,13a4c01df7784e448903b2297484893d,,GET /api/auth,,139.08,OK,inventory-service,v1.0.0,e955be35250a4c3fa611d8784b17e88e
live_ep_000008_NONE,NONE,inventory-service,48.0,1785923743.7023609,7359d1f09ae94e788e4f1591d1fbc2ff,13a4c01df7784e448903b2297484893d,db.query.insert,READ,42.17,OK,user-db,v1.0.0,e955be35250a4c3fa611d8784b17e88e
live_ep_000008_NONE,NONE,inventory-service,48.0,1785923743.7023609,10e965fa3b2643a8a1e71f508a3c267f,13a4c01df7784e448903b2297484893d,cache.set,,1.2,OK,cache-cluster,v1.0.0,e955be35250a4c3fa611d8784b17e88e
live_ep_000008_NONE,NONE,inventory-service,48.5,1785923744.2029004,0751e671633c46cb821821dc9e350087,,POST /api/payment,,110.2,OK,inventory-service,v1.0.0,14dbdff0e6f64c709cedbdd102ca37ed
live_ep_000008_NONE,NONE,inventory-service,48.5,1785923744.2029004,ed6497340ac940f08256f014df019ac7,0751e671633c46cb821821dc9e350087,db.transaction,READ,27.42,OK,user-db,v1.0.0,14dbdff0e6f64c709cedbdd102ca37ed
live_ep_000008_NONE,NONE,inventory-service,48.5,1785923744.2029004,7c9c1342b9b141a9a0c7ff3a19eb654e,0751e671633c46cb821821dc9e350087,db.query.delete,READ,16.68,OK,user-db,v1.0.0,14dbdff0e6f64c709cedbdd102ca37ed
live_ep_000008_NONE,NONE,inventory-service,48.5,1785923744.2029004,f62b7cd96c944218bdec73d81215dede,0751e671633c46cb821821dc9e350087,cache.delete,,3.89,OK,cache-cluster,v1.0.0,14dbdff0e6f64c709cedbdd102ca37ed
live_ep_000008_NONE,NONE,inventory-service,49.0,1785923744.7030878,bb79346157f94138b479be358b77a97d,,GET /api/order,,142.7,OK,inventory-service,v1.0.0,1725cab563f8476ea4a26ca9d5f79780
live_ep_000008_NONE,NONE,inventory-service,49.0,1785923744.7030878,c74f221e1ef247ae9f56e380b2945555,bb79346157f94138b479be358b77a97d,db.query.delete,READ,30.73,OK,user-db,v1.0.0,1725cab563f8476ea4a26ca9d5f79780
live_ep_000008_NONE,NONE,inventory-service,49.0,1785923744.7030878,e59814fc357c499ba1f5de111d573b51,bb79346157f94138b479be358b77a97d,db.query.delete,READ,15.27,OK,user-db,v1.0.0,1725cab563f8476ea4a26ca9d5f79780
live_ep_000008_NONE,NONE,inventory-service,49.5,1785923745.2035515,1e965e27cb8648b3b43214bf8a71c454,,GET /api/health,,133.77,OK,inventory-service,v1.0.0,cffc1acef1f845d3988a1ada77dc3ec4
live_ep_000008_NONE,NONE,inventory-service,49.5,1785923745.2035515,b273ca1158084158822ce9ff2c2707bd,1e965e27cb8648b3b43214bf8a71c454,db.query.insert,READ,6.39,OK,user-db,v1.0.0,cffc1acef1f845d3988a1ada77dc3ec4
live_ep_000008_NONE,NONE,inventory-service,49.5,1785923745.2035515,eba21dc172e044e1aa6538920445cfd5,1e965e27cb8648b3b43214bf8a71c454,cache.get,,2.17,OK,cache-cluster,v1.0.0,cffc1acef1f845d3988a1ada77dc3ec4
live_ep_000008_NONE,NONE,inventory-service,50.0,1785923745.7041514,47e25f3fb2e543e280630fd2f5af8829,,GET /api/health,,142.53,OK,inventory-service,v1.0.0,9daf7b3743614b099a7e5c5ed0b48521
live_ep_000008_NONE,NONE,inventory-service,50.0,1785923745.7041514,4f06bc90921946d5be98fbee34e34581,47e25f3fb2e543e280630fd2f5af8829,db.query.delete,READ,7.48,OK,user-db,v1.0.0,9daf7b3743614b099a7e5c5ed0b48521
live_ep_000008_NONE,NONE,inventory-service,50.0,1785923745.7041514,278490a97e294c7db9b7c29a95b6bdc7,47e25f3fb2e543e280630fd2f5af8829,db.query.update,READ,13.32,OK,user-db,v1.0.0,9daf7b3743614b099a7e5c5ed0b48521
live_ep_000008_NONE,NONE,inventory-service,50.0,1785923745.7041514,d0753b98800b4282a937b0b2a2616f0c,47e25f3fb2e543e280630fd2f5af8829,cache.delete,,1.09,OK,cache-cluster,v1.0.0,9daf7b3743614b099a7e5c5ed0b48521
live_ep_000008_NONE,NONE,inventory-service,50.0,1785923745.7041514,549ddbfc78fd4e5b89b7ae3657df7842,47e25f3fb2e543e280630fd2f5af8829,http.client.get,,32.55,OK,payment-gateway,v1.0.0,9daf7b3743614b099a7e5c5ed0b48521
live_ep_000008_NONE,NONE,inventory-service,50.5,1785923746.2046077,2b50b898b73d4a74bae233836d3000a6,,GET /api/order,,132.8,OK,inventory-service,v1.0.0,bd91a4b63c6b4d21a1d9e48e5daa4273
live_ep_000008_NONE,NONE,inventory-service,50.5,1785923746.2046077,849f746e2def4d29b5d5034223ffcc6b,2b50b898b73d4a74bae233836d3000a6,db.query.insert,READ,27.06,OK,user-db,v1.0.0,bd91a4b63c6b4d21a1d9e48e5daa4273
live_ep_000008_NONE,NONE,inventory-service,50.5,1785923746.2046077,34e60fe65a4748eab5f921386e5a5409,2b50b898b73d4a74bae233836d3000a6,cache.get,,0.85,OK,cache-cluster,v1.0.0,bd91a4b63c6b4d21a1d9e48e5daa4273
live_ep_000008_NONE,NONE,inventory-service,51.0,1785923746.7051556,b0e757b169b048c581bab3b222f9f4b5,,GET /api/auth,,112.52,OK,inventory-service,v1.0.0,235692ef69e94d97a075b5db80dd4d17
live_ep_000008_NONE,NONE,inventory-service,51.0,1785923746.7051556,742aa510d5834d42b1f08eee6fead9c9,b0e757b169b048c581bab3b222f9f4b5,db.transaction,READ,16.59,OK,user-db,v1.0.0,235692ef69e94d97a075b5db80dd4d17
live_ep_000008_NONE,NONE,inventory-service,51.0,1785923746.7051556,d4b239572a0f442ebd727bdbce314426,b0e757b169b048c581bab3b222f9f4b5,db.query.select,READ,24.32,OK,user-db,v1.0.0,235692ef69e94d97a075b5db80dd4d17
live_ep_000008_NONE,NONE,inventory-service,51.0,1785923746.7051556,17412f30f50d46588f0dac0c9a1921ec,b0e757b169b048c581bab3b222f9f4b5,http.client.post,,34.08,OK,cache-cluster,v1.0.0,235692ef69e94d97a075b5db80dd4d17
live_ep_000008_NONE,NONE,inventory-service,51.5,1785923747.205674,c73d5c5081c24950abe6f2ad380d9e4e,,GET /api/health,,139.45,OK,inventory-service,v1.0.0,6ebe8e0f956e40b1acaef0581fac7f2b
live_ep_000008_NONE,NONE,inventory-service,51.5,1785923747.205674,6def4f5cb6264101937cbf18a4159daf,c73d5c5081c24950abe6f2ad380d9e4e,db.query.insert,WRITE,17.96,OK,user-db,v1.0.0,6ebe8e0f956e40b1acaef0581fac7f2b
live_ep_000008_NONE,NONE,inventory-service,51.5,1785923747.205674,bc122d934b5d44c18375586ab959ed51,c73d5c5081c24950abe6f2ad380d9e4e,http.client.get,,34.67,OK,user-db,v1.0.0,6ebe8e0f956e40b1acaef0581fac7f2b
live_ep_000008_NONE,NONE,inventory-service,52.0,1785923747.7058697,c843e1b895574186b6d10e11bc34b0c9,,GET /api/health,,130.99,OK,inventory-service,v1.0.0,2bd80162b31648deb8e6c413008299c7
live_ep_000008_NONE,NONE,inventory-service,52.0,1785923747.7058697,99ba0631f9ad475a95e47867656d857f,c843e1b895574186b6d10e11bc34b0c9,db.query.select,WRITE,17.32,OK,user-db,v1.0.0,2bd80162b31648deb8e6c413008299c7
live_ep_000008_NONE,NONE,inventory-service,52.0,1785923747.7058697,88de1704cb744076ac7d8e8fc9e8a56e,c843e1b895574186b6d10e11bc34b0c9,cache.delete,,2.03,OK,cache-cluster,v1.0.0,2bd80162b31648deb8e6c413008299c7
live_ep_000008_NONE,NONE,inventory-service,52.5,1785923748.2064412,d6e9b31edce14b34a250220e5e959fa8,,GET /api/auth,,116.48,OK,inventory-service,v1.0.0,bb5b9f4275de4c2e946fe0746e977c3a
live_ep_000008_NONE,NONE,inventory-service,52.5,1785923748.2064412,f64efb5f4231430fafb65acfe40d5770,d6e9b31edce14b34a250220e5e959fa8,db.query.delete,READ,19.18,OK,user-db,v1.0.0,bb5b9f4275de4c2e946fe0746e977c3a
live_ep_000008_NONE,NONE,inventory-service,52.5,1785923748.2064412,09fe2aadc5964873af0ff07afdd0fd26,d6e9b31edce14b34a250220e5e959fa8,cache.set,,2.09,OK,cache-cluster,v1.0.0,bb5b9f4275de4c2e946fe0746e977c3a
live_ep_000008_NONE,NONE,inventory-service,53.0,1785923748.7067058,1157b6a2d44142a3add00f50a068db44,,POST /api/payment,,105.96,OK,inventory-service,v1.0.0,d50dc3b7a43b4200be07aa64554929d7
live_ep_000008_NONE,NONE,inventory-service,53.0,1785923748.7067058,e39c52c73f4244fba5f16e4ff67d0a09,1157b6a2d44142a3add00f50a068db44,db.transaction,WRITE,16.8,OK,user-db,v1.0.0,d50dc3b7a43b4200be07aa64554929d7
live_ep_000008_NONE,NONE,inventory-service,53.0,1785923748.7067058,cc655793724b4ffd8970f9261b30be86,1157b6a2d44142a3add00f50a068db44,db.query.insert,WRITE,29.87,OK,user-db,v1.0.0,d50dc3b7a43b4200be07aa64554929d7
live_ep_000008_NONE,NONE,inventory-service,53.5,1785923749.2069716,1f27519d217b44a399f1bdddeb4bb83c,,GET /api/health,,98.34,OK,inventory-service,v1.0.0,ad684e6abda04720854b67d24ad9d83e
live_ep_000008_NONE,NONE,inventory-service,53.5,1785923749.2069716,a7664df0f7b346798e7961b4f4a5a3d3,1f27519d217b44a399f1bdddeb4bb83c,db.query.insert,WRITE,22.75,OK,user-db,v1.0.0,ad684e6abda04720854b67d24ad9d83e
live_ep_000008_NONE,NONE,inventory-service,53.5,1785923749.2069716,b309a6c6173d4c61bca3a0079c6ec6cc,1f27519d217b44a399f1bdddeb4bb83c,cache.delete,,1.21,OK,cache-cluster,v1.0.0,ad684e6abda04720854b67d24ad9d83e
live_ep_000008_NONE,NONE,inventory-service,54.0,1785923749.7305508,2de5c4e2a2024f3c87e34153c5eae173,,GET /api/auth,,147.17,OK,inventory-service,v1.0.0,3b36ebadaa7641e7980b9fa4cbba99e0
live_ep_000008_NONE,NONE,inventory-service,54.0,1785923749.7305508,38fcef13668944b9b02868a9222e8b1e,2de5c4e2a2024f3c87e34153c5eae173,db.query.delete,READ,22.49,OK,user-db,v1.0.0,3b36ebadaa7641e7980b9fa4cbba99e0
live_ep_000008_NONE,NONE,inventory-service,54.5,1785923750.2311103,2a76ea57a0fe490f82658626bfbeeb4e,,POST /api/checkout,,109.52,OK,inventory-service,v1.0.0,7b87d0e3f8584c8cbd361166189f6d21
live_ep_000008_NONE,NONE,inventory-service,54.5,1785923750.2311103,befb23de6da94e6791567f4795cc70dd,2a76ea57a0fe490f82658626bfbeeb4e,db.query.delete,READ,19.38,OK,user-db,v1.0.0,7b87d0e3f8584c8cbd361166189f6d21
live_ep_000008_NONE,NONE,inventory-service,54.5,1785923750.2311103,afee90d5b1fc4d5fa074c727c9126479,2a76ea57a0fe490f82658626bfbeeb4e,db.transaction,WRITE,18.61,OK,user-db,v1.0.0,7b87d0e3f8584c8cbd361166189f6d21
live_ep_000008_NONE,NONE,inventory-service,54.5,1785923750.2311103,b3303b3ab3284317a13f948d462c4365,2a76ea57a0fe490f82658626bfbeeb4e,cache.delete,,3.03,OK,cache-cluster,v1.0.0,7b87d0e3f8584c8cbd361166189f6d21
live_ep_000008_NONE,NONE,inventory-service,55.0,1785923750.7315733,5253fc531fb544a78b58875f62022fd1,,GET /api/health,,144.07,OK,inventory-service,v1.0.0,59609d80a1eb45e49eed4b3d9a62c17a
live_ep_000008_NONE,NONE,inventory-service,55.0,1785923750.7315733,fd8df6b112c04cba9490da15169ccb74,5253fc531fb544a78b58875f62022fd1,db.transaction,READ,22.15,OK,user-db,v1.0.0,59609d80a1eb45e49eed4b3d9a62c17a
live_ep_000008_NONE,NONE,inventory-service,55.0,1785923750.7315733,2d8cb95a44874a54b217c9baf02ddfe4,5253fc531fb544a78b58875f62022fd1,db.query.insert,WRITE,26.67,OK,user-db,v1.0.0,59609d80a1eb45e49eed4b3d9a62c17a
live_ep_000008_NONE,NONE,inventory-service,55.0,1785923750.7315733,e68025f928ef403a9b02bacbf6ed9936,5253fc531fb544a78b58875f62022fd1,http.client.post,,25.89,OK,inventory-api,v1.0.0,59609d80a1eb45e49eed4b3d9a62c17a
live_ep_000008_NONE,NONE,inventory-service,55.5,1785923751.231906,b01ed7810dd84864bed8b6cc7ddeb16c,,GET /api/order,,130.01,OK,inventory-service,v1.0.0,ac85ac56551e4d42b1af733eea465c93
live_ep_000008_NONE,NONE,inventory-service,55.5,1785923751.231906,895727aa71b149c6bbd4a80767591dec,b01ed7810dd84864bed8b6cc7ddeb16c,db.transaction,READ,22.5,OK,user-db,v1.0.0,ac85ac56551e4d42b1af733eea465c93
live_ep_000008_NONE,NONE,inventory-service,55.5,1785923751.231906,86e73a356e3749a1bdffb05d96a8c3b1,b01ed7810dd84864bed8b6cc7ddeb16c,cache.set,,2.55,OK,cache-cluster,v1.0.0,ac85ac56551e4d42b1af733eea465c93
live_ep_000008_NONE,NONE,inventory-service,55.5,1785923751.231906,1a7e9428e6c34124b008873f8ef30673,b01ed7810dd84864bed8b6cc7ddeb16c,http.client.post,,5152.83,ERROR,user-db,v1.0.0,ac85ac56551e4d42b1af733eea465c93
live_ep_000008_NONE,NONE,inventory-service,56.0,1785923751.731965,3fc7b832f02f402aa0598e7ea06f5484,,PUT /api/inventory,,131.01,OK,inventory-service,v1.0.0,80f43859ac2042ea859cbffd732f1cba
live_ep_000008_NONE,NONE,inventory-service,56.0,1785923751.731965,ab3ceac5208a49c09e929b8f00e3eeb6,3fc7b832f02f402aa0598e7ea06f5484,db.query.update,READ,19.14,OK,user-db,v1.0.0,80f43859ac2042ea859cbffd732f1cba
live_ep_000008_NONE,NONE,inventory-service,56.0,1785923751.731965,5e2c2f17c675401a835579ec64b74212,3fc7b832f02f402aa0598e7ea06f5484,db.query.update,READ,18.19,OK,user-db,v1.0.0,80f43859ac2042ea859cbffd732f1cba
live_ep_000008_NONE,NONE,inventory-service,56.0,1785923751.731965,0c19eb823f1c406780b57d4488ae190e,3fc7b832f02f402aa0598e7ea06f5484,http.client.get,,4.05,OK,cache-cluster,v1.0.0,80f43859ac2042ea859cbffd732f1cba
live_ep_000008_NONE,NONE,inventory-service,56.5,1785923752.2324996,688dcbfa31294258ba97be953f774c76,,GET /api/order,,93.61,OK,inventory-service,v1.0.0,6d81d91c172a46619e227d08ca17f3d0
live_ep_000008_NONE,NONE,inventory-service,56.5,1785923752.2324996,fddeec762b194e678d0f48b2ba8b7a1f,688dcbfa31294258ba97be953f774c76,db.transaction,READ,18.41,OK,user-db,v1.0.0,6d81d91c172a46619e227d08ca17f3d0
live_ep_000008_NONE,NONE,inventory-service,56.5,1785923752.2324996,7eee0c32dc3b4dfbb9317f2c34e13159,688dcbfa31294258ba97be953f774c76,cache.delete,,2.32,OK,cache-cluster,v1.0.0,6d81d91c172a46619e227d08ca17f3d0
live_ep_000008_NONE,NONE,inventory-service,57.0,1785923752.733032,c0feb41d92294c93a544ebb3fffd3b91,,PUT /api/inventory,,82.77,OK,inventory-service,v1.0.0,b497500eec5344e393db759b0d7cce1a
live_ep_000008_NONE,NONE,inventory-service,57.0,1785923752.733032,da07c5228a134b6a8b4bd6e41c1c63fd,c0feb41d92294c93a544ebb3fffd3b91,db.transaction,READ,13.17,OK,user-db,v1.0.0,b497500eec5344e393db759b0d7cce1a
live_ep_000008_NONE,NONE,inventory-service,57.0,1785923752.733032,9bc37b1c52804b7b8a60ed03ddfb6124,c0feb41d92294c93a544ebb3fffd3b91,db.query.insert,READ,23.96,OK,user-db,v1.0.0,b497500eec5344e393db759b0d7cce1a
live_ep_000008_NONE,NONE,inventory-service,57.0,1785923752.733032,3f69b71ff8404ba79238502891c18da6,c0feb41d92294c93a544ebb3fffd3b91,cache.get,,1.0,OK,cache-cluster,v1.0.0,b497500eec5344e393db759b0d7cce1a
live_ep_000008_NONE,NONE,inventory-service,57.5,1785923753.2331116,05b64107dd8a43a1b47ccea595bac16c,,POST /api/checkout,,113.87,OK,inventory-service,v1.0.0,64186fd5750c4b11b23bc377ea1b98d8
live_ep_000008_NONE,NONE,inventory-service,57.5,1785923753.2331116,4f59c8ee7f634f20a6d6b96204526eee,05b64107dd8a43a1b47ccea595bac16c,db.transaction,WRITE,19.33,OK,user-db,v1.0.0,64186fd5750c4b11b23bc377ea1b98d8
live_ep_000008_NONE,NONE,inventory-service,57.5,1785923753.2331116,b64c1cdfbcf340949cf2b3f13a303764,05b64107dd8a43a1b47ccea595bac16c,db.query.insert,WRITE,24.06,OK,user-db,v1.0.0,64186fd5750c4b11b23bc377ea1b98d8
live_ep_000008_NONE,NONE,inventory-service,57.5,1785923753.2331116,1cc9a3e907864d2999dc3ba9cf61889f,05b64107dd8a43a1b47ccea595bac16c,cache.delete,,1.25,OK,cache-cluster,v1.0.0,64186fd5750c4b11b23bc377ea1b98d8
live_ep_000008_NONE,NONE,inventory-service,58.0,1785923753.7334874,17cde4c726df4f29b312eba176ad3618,,GET /api/auth,,124.38,OK,inventory-service,v1.0.0,329fe6c21fbd4f1a814360ab8eb76630
live_ep_000008_NONE,NONE,inventory-service,58.0,1785923753.7334874,0125de5123ca460bb243a94a25416cd3,17cde4c726df4f29b312eba176ad3618,db.query.select,READ,40.39,OK,user-db,v1.0.0,329fe6c21fbd4f1a814360ab8eb76630
live_ep_000008_NONE,NONE,inventory-service,58.0,1785923753.7334874,088de52e03fc4cdda1662ee7b213565b,17cde4c726df4f29b312eba176ad3618,db.transaction,READ,14.95,OK,user-db,v1.0.0,329fe6c21fbd4f1a814360ab8eb76630
live_ep_000008_NONE,NONE,inventory-service,58.0,1785923753.7334874,ad0a9d40254b4c1fa055847a8f66f14d,17cde4c726df4f29b312eba176ad3618,cache.get,,1.33,OK,cache-cluster,v1.0.0,329fe6c21fbd4f1a814360ab8eb76630
live_ep_000008_NONE,NONE,inventory-service,58.5,1785923754.2346373,bdce179368a7447995eb865c0dc8a218,,GET /api/order,,141.86,OK,inventory-service,v1.0.0,0ac49bc19be04d50ac46a5bc0562679f
live_ep_000008_NONE,NONE,inventory-service,58.5,1785923754.2346373,7b00c984fa424d6e8f4952ecf6e5b0bf,bdce179368a7447995eb865c0dc8a218,db.query.delete,READ,26.26,OK,user-db,v1.0.0,0ac49bc19be04d50ac46a5bc0562679f
live_ep_000008_NONE,NONE,inventory-service,58.5,1785923754.2346373,6195f1d4059849f3b1b7aa919eb6a3ca,bdce179368a7447995eb865c0dc8a218,cache.delete,,2.44,OK,cache-cluster,v1.0.0,0ac49bc19be04d50ac46a5bc0562679f
live_ep_000008_NONE,NONE,inventory-service,59.0,1785923754.7351534,6c2479b47a284b92a3f6eb161b12b6f6,,GET /api/health,,133.19,OK,inventory-service,v1.0.0,19d5e92962fd4fb7928273de90786840
live_ep_000008_NONE,NONE,inventory-service,59.0,1785923754.7351534,b163362b1655431bbfb2a11d262d7c1f,6c2479b47a284b92a3f6eb161b12b6f6,db.transaction,WRITE,27.88,OK,user-db,v1.0.0,19d5e92962fd4fb7928273de90786840
live_ep_000008_NONE,NONE,inventory-service,59.0,1785923754.7351534,d75d154360e84b11b8d83694aed0b71f,6c2479b47a284b92a3f6eb161b12b6f6,cache.delete,,2.23,OK,cache-cluster,v1.0.0,19d5e92962fd4fb7928273de90786840
live_ep_000008_NONE,NONE,inventory-service,59.5,1785923755.2354906,131cde6cfcb246a5a57fbc3ac0166176,,GET /api/health,,95.26,OK,inventory-service,v1.0.0,7f9a622de7a14122b9f9de19932f2dd4
live_ep_000008_NONE,NONE,inventory-service,59.5,1785923755.2354906,e9b820743017477db96050c5c39c553e,131cde6cfcb246a5a57fbc3ac0166176,db.query.update,WRITE,14.26,OK,user-db,v1.0.0,7f9a622de7a14122b9f9de19932f2dd4
live_ep_000008_NONE,NONE,inventory-service,59.5,1785923755.2354906,828cf61e7b754149a9d8c10c88b121b0,131cde6cfcb246a5a57fbc3ac0166176,db.query.insert,READ,14.31,OK,user-db,v1.0.0,7f9a622de7a14122b9f9de19932f2dd4
live_ep_000008_NONE,NONE,inventory-service,59.5,1785923755.2354906,acf2a2a856fd419bae7e0f961e33fec4,131cde6cfcb246a5a57fbc3ac0166176,cache.get,,1.99,OK,cache-cluster,v1.0.0,7f9a622de7a14122b9f9de19932f2dd4
live_ep_000008_NONE,NONE,inventory-service,59.5,1785923755.2354906,7bd0dd02c5824b3e8c72efe0f3037813,131cde6cfcb246a5a57fbc3ac0166176,grpc.call,,20.86,OK,inventory-api,v1.0.0,7f9a622de7a14122b9f9de19932f2dd4
