episode_id,failure_mode,service,elapsed_s,timestamp,span_id,parent_span_id,span_name,db_operation_type,span_duration_ms,span_status,peer_service,service_version,trace_id
live_ep_000004_DEPENDENCY_TIMEOUT,DEPENDENCY_TIMEOUT,inventory-service,0.0,1785922612.8270116,f6045545bc114b9eb575e878ea32f0d7,,POST /api/payment,,94.7,OK,inventory-service,v2.0.1,25c32c27b7a54812a31b36603276bb4c
live_ep_000004_DEPENDENCY_TIMEOUT,DEPENDENCY_TIMEOUT,inventory-service,0.0,1785922612.8270116,a77ba6751df04db58e9b8193f1cb86b4,f6045545bc114b9eb575e878ea32f0d7,db.query.update,READ,13.53,OK,user-db,v2.0.1,25c32c27b7a54812a31b36603276bb4c
live_ep_000004_DEPENDENCY_TIMEOUT,DEPENDENCY_TIMEOUT,inventory-service,0.0,1785922612.8270116,36590f3f603a4189b31423efe3eaab85,f6045545bc114b9eb575e878ea32f0d7,db.query.insert,READ,14.15,OK,user-db,v2.0.1,25c32c27b7a54812a31b36603276bb4c
live_ep_000004_DEPENDENCY_TIMEOUT,DEPENDENCY_TIMEOUT,inventory-service,0.0,1785922612.8270116,4d96209d24de46c792c5ed5ee241c8f1,f6045545bc114b9eb575e878ea32f0d7,grpc.call,,7.78,OK,inventory-api,v2.0.1,25c32c27b7a54812a31b36603276bb4c
live_ep_000004_DEPENDENCY_TIMEOUT,DEPENDENCY_TIMEOUT,inventory-service,0.5,1785922613.327091,cd9c6355f8a64c2d89c84e3fbc3b23fc,,GET /api/auth,,96.56,OK,inventory-service,v2.0.1,dced265de4424cc5a0629b5c0bbbdf6a
live_ep_000004_DEPENDENCY_TIMEOUT,DEPENDENCY_TIMEOUT,inventory-service,0.5,1785922613.327091,3b23dbd037b245a8a9805f9bbec9e6d4,cd9c6355f8a64c2d89c84e3fbc3b23fc,db.query.delete,WRITE,22.33,OK,user-db,v2.0.1,dced265de4424cc5a0629b5c0bbbdf6a
live_ep_000004_DEPENDENCY_TIMEOUT,DEPENDENCY_TIMEOUT,inventory-service,0.5,1785922613.327091,2dee560f274c461881088991465e182a,cd9c6355f8a64c2d89c84e3fbc3b23fc,db.query.update,WRITE,15.81,OK,user-db,v2.0.1,dced265de4424cc5a0629b5c0bbbdf6a
live_ep_000004_DEPENDENCY_TIMEOUT,DEPENDENCY_TIMEOUT,inventory-service,1.0,1785922613.827685,51e7aead39c44d009cb2416b9a9becee,,GET /api/health,,139.21,OK,inventory-service,v2.0.1,5ba9f82044a04fdb8918f80e6f41c3d8
live_ep_000004_DEPENDENCY_TIMEOUT,DEPENDENCY_TIMEOUT,inventory-service,1.0,1785922613.827685,545604c8d86f449b8ed69d907fe1aeda,51e7aead39c44d009cb2416b9a9becee,db.query.insert,READ,27.01,OK,user-db,v2.0.1,5ba9f82044a04fdb8918f80e6f41c3d8
live_ep_000004_DEPENDENCY_TIMEOUT,DEPENDENCY_TIMEOUT,inventory-service,1.0,1785922613.827685,e3c54be384554d218cc370502fba53c0,51e7aead39c44d009cb2416b9a9becee,db.transaction,WRITE,41.58,OK,user-db,v2.0.1,5ba9f82044a04fdb8918f80e6f41c3d8
live_ep_000004_DEPENDENCY_TIMEOUT,DEPENDENCY_TIMEOUT,inventory-service,1.0,1785922613.827685,8280d09bc5514c9eb10832a70fbd9f57,51e7aead39c44d009cb2416b9a9becee,cache.set,,2.88,OK,cache-cluster,v2.0.1,5ba9f82044a04fdb8918f80e6f41c3d8
live_ep_000004_DEPENDENCY_TIMEOUT,DEPENDENCY_TIMEOUT,inventory-service,1.0,1785922613.827685,29c499c104894b2ab960de9582f4e22c,51e7aead39c44d009cb2416b9a9becee,grpc.call,,23.6,OK,cache-cluster,v2.0.1,5ba9f82044a04fdb8918f80e6f41c3d8
live_ep_000004_DEPENDENCY_TIMEOUT,DEPENDENCY_TIMEOUT,inventory-service,1.5,1785922614.3282375,fe00acd18f8d4991b8585c0ebfc0c925,,PUT /api/inventory,,99.71,OK,inventory-service,v2.0.1,f235bb58cfd54222b52923acb2fab27d
live_ep_000004_DEPENDENCY_TIMEOUT,DEPENDENCY_TIMEOUT,inventory-service,1.5,1785922614.3282375,4bb95127598244a88889563889dce5c0,fe00acd18f8d4991b8585c0ebfc0c925,db.query.delete,READ,15.46,OK,user-db,v2.0.1,f235bb58cfd54222b52923acb2fab27d
live_ep_000004_DEPENDENCY_TIMEOUT,DEPENDENCY_TIMEOUT,inventory-service,1.5,1785922614.3282375,8ef04c674bf54fc88d64fec567baec17,fe00acd18f8d4991b8585c0ebfc0c925,db.query.insert,READ,41.09,OK,user-db,v2.0.1,f235bb58cfd54222b52923acb2fab27d
live_ep_000004_DEPENDENCY_TIMEOUT,DEPENDENCY_TIMEOUT,inventory-service,1.5,1785922614.3282375,b42c3c3f9dab4fb58d804926967802d3,fe00acd18f8d4991b8585c0ebfc0c925,cache.get,,1.66,OK,cache-cluster,v2.0.1,f235bb58cfd54222b52923acb2fab27d
live_ep_000004_DEPENDENCY_TIMEOUT,DEPENDENCY_TIMEOUT,inventory-service,2.0,1785922614.8288693,4b374a3f41554a3fb3933a0cb906ef0f,,PUT /api/inventory,,94.81,OK,inventory-service,v2.0.1,7e6bdd5118d84770aac9c4c655008085
live_ep_000004_DEPENDENCY_TIMEOUT,DEPENDENCY_TIMEOUT,inventory-service,2.0,1785922614.8288693,d83afbc0641e41309cf29bcb87475603,4b374a3f41554a3fb3933a0cb906ef0f,db.query.select,WRITE,7.74,OK,user-db,v2.0.1,7e6bdd5118d84770aac9c4c655008085
live_ep_000004_DEPENDENCY_TIMEOUT,DEPENDENCY_TIMEOUT,inventory-service,2.0,1785922614.8288693,3a85a40781ca4c2188e159c8bfd7d697,4b374a3f41554a3fb3933a0cb906ef0f,db.query.insert,WRITE,18.16,OK,user-db,v2.0.1,7e6bdd5118d84770aac9c4c655008085
live_ep_000004_DEPENDENCY_TIMEOUT,DEPENDENCY_TIMEOUT,inventory-service,2.0,1785922614.8288693,22cf79177c3d405a8232e739052fb4ab,4b374a3f41554a3fb3933a0cb906ef0f,cache.set,,3.52,OK,cache-cluster,v2.0.1,7e6bdd5118d84770aac9c4c655008085
live_ep_000004_DEPENDENCY_TIMEOUT,DEPENDENCY_TIMEOUT,inventory-service,2.5,1785922615.3293128,688c222a78d04d5aabab3d488fac840e,,POST /api/payment,,159.91,OK,inventory-service,v2.0.1,e36c20c42fe042afac7a2f6a5f4e1035
live_ep_000004_DEPENDENCY_TIMEOUT,DEPENDENCY_TIMEOUT,inventory-service,2.5,1785922615.3293128,51d75a5089c4434cb888e3ff48c07b1d,688c222a78d04d5aabab3d488fac840e,db.query.select,WRITE,22.15,OK,user-db,v2.0.1,e36c20c42fe042afac7a2f6a5f4e1035
live_ep_000004_DEPENDENCY_TIMEOUT,DEPENDENCY_TIMEOUT,inventory-service,2.5,1785922615.3293128,a49d294f4158455bb7f0b085d1e44c9a,688c222a78d04d5aabab3d488fac840e,db.query.select,WRITE,25.07,OK,user-db,v2.0.1,e36c20c42fe042afac7a2f6a5f4e1035
live_ep_000004_DEPENDENCY_TIMEOUT,DEPENDENCY_TIMEOUT,inventory-service,2.5,1785922615.3293128,a8f62da15cf34e31bb07fb4fc5174634,688c222a78d04d5aabab3d488fac840e,cache.get,,0.5,OK,cache-cluster,v2.0.1,e36c20c42fe042afac7a2f6a5f4e1035
live_ep_000004_DEPENDENCY_TIMEOUT,DEPENDENCY_TIMEOUT,inventory-service,2.5,1785922615.3293128,fbd1cfa549c4401689e1a27d410a58c3,688c222a78d04d5aabab3d488fac840e,grpc.call,,33.08,OK,inventory-api,v2.0.1,e36c20c42fe042afac7a2f6a5f4e1035
live_ep_000004_DEPENDENCY_TIMEOUT,DEPENDENCY_TIMEOUT,inventory-service,3.0,1785922615.8295898,4fbb2be54f134125aac2a6c080067cda,,GET /api/order,,132.18,OK,inventory-service,v2.0.1,8d5ffda03faf40d18bbcc30438247f9e
live_ep_000004_DEPENDENCY_TIMEOUT,DEPENDENCY_TIMEOUT,inventory-service,3.0,1785922615.8295898,e4523160ca1641e7a8c920eb653f11ce,4fbb2be54f134125aac2a6c080067cda,db.transaction,READ,22.5,OK,user-db,v2.0.1,8d5ffda03faf40d18bbcc30438247f9e
live_ep_000004_DEPENDENCY_TIMEOUT,DEPENDENCY_TIMEOUT,inventory-service,3.0,1785922615.8295898,611741e0d1944c30815bab3e28c855bf,4fbb2be54f134125aac2a6c080067cda,cache.delete,,0.5,OK,cache-cluster,v2.0.1,8d5ffda03faf40d18bbcc30438247f9e
live_ep_000004_DEPENDENCY_TIMEOUT,DEPENDENCY_TIMEOUT,inventory-service,3.5,1785922616.329957,3d6573fe14c0403d87260b9259767564,,PUT /api/inventory,,110.92,OK,inventory-service,v2.0.1,a57a5ec07ea141a8b113953fdfdb8768
live_ep_000004_DEPENDENCY_TIMEOUT,DEPENDENCY_TIMEOUT,inventory-service,3.5,1785922616.329957,5f7e084202104e8e9fb2476743aaf9ab,3d6573fe14c0403d87260b9259767564,db.transaction,WRITE,24.72,OK,user-db,v2.0.1,a57a5ec07ea141a8b113953fdfdb8768
live_ep_000004_DEPENDENCY_TIMEOUT,DEPENDENCY_TIMEOUT,inventory-service,3.5,1785922616.329957,f60ff57f1e1a4ac5b0ff943f958518ed,3d6573fe14c0403d87260b9259767564,http.client.get,,36.52,OK,inventory-api,v2.0.1,a57a5ec07ea141a8b113953fdfdb8768
live_ep_000004_DEPENDENCY_TIMEOUT,DEPENDENCY_TIMEOUT,inventory-service,4.0,1785922616.8301766,3a4a77786ec547a88f6f019f62e028a3,,GET /api/order,,106.19,OK,inventory-service,v2.0.1,2ae37352db804f57b6fd522aa1cb32ee
live_ep_000004_DEPENDENCY_TIMEOUT,DEPENDENCY_TIMEOUT,inventory-service,4.0,1785922616.8301766,ba07983be94249978ad6cf64391ca8a0,3a4a77786ec547a88f6f019f62e028a3,db.transaction,WRITE,5.21,OK,user-db,v2.0.1,2ae37352db804f57b6fd522aa1cb32ee
live_ep_000004_DEPENDENCY_TIMEOUT,DEPENDENCY_TIMEOUT,inventory-service,4.0,1785922616.8301766,ae96cc2a1566416eaa4add73f5e11fb1,3a4a77786ec547a88f6f019f62e028a3,db.query.delete,READ,12.16,OK,user-db,v2.0.1,2ae37352db804f57b6fd522aa1cb32ee
live_ep_000004_DEPENDENCY_TIMEOUT,DEPENDENCY_TIMEOUT,inventory-service,4.0,1785922616.8301766,242871d4c19147718cf125c339d580f8,3a4a77786ec547a88f6f019f62e028a3,cache.delete,,55.75,OK,cache-cluster,v2.0.1,2ae37352db804f57b6fd522aa1cb32ee
live_ep_000004_DEPENDENCY_TIMEOUT,DEPENDENCY_TIMEOUT,inventory-service,4.5,1785922617.3306072,d922edd8de0c4d4ca9b264c009042793,,PUT /api/inventory,,86.67,OK,inventory-service,v2.0.1,1079f9a7840e43ab816658c2aeda95be
live_ep_000004_DEPENDENCY_TIMEOUT,DEPENDENCY_TIMEOUT,inventory-service,4.5,1785922617.3306072,146db0d1632245a6a01b85cd703eab2e,d922edd8de0c4d4ca9b264c009042793,db.query.insert,READ,17.85,OK,user-db,v2.0.1,1079f9a7840e43ab816658c2aeda95be
live_ep_000004_DEPENDENCY_TIMEOUT,DEPENDENCY_TIMEOUT,inventory-service,4.5,1785922617.3306072,408e3620ca6e49dc87e8b97dfd142a42,d922edd8de0c4d4ca9b264c009042793,db.transaction,READ,27.81,OK,user-db,v2.0.1,1079f9a7840e43ab816658c2aeda95be
live_ep_000004_DEPENDENCY_TIMEOUT,DEPENDENCY_TIMEOUT,inventory-service,4.5,1785922617.3306072,0102938a7f9147d2a2c64f89dd557405,d922edd8de0c4d4ca9b264c009042793,cache.set,,1.08,OK,cache-cluster,v2.0.1,1079f9a7840e43ab816658c2aeda95be
live_ep_000004_DEPENDENCY_TIMEOUT,DEPENDENCY_TIMEOUT,inventory-service,4.5,1785922617.3306072,6a7a5fac21904db187115390955590b7,d922edd8de0c4d4ca9b264c009042793,http.client.post,,24.91,OK,cache-cluster,v2.0.1,1079f9a7840e43ab816658c2aeda95be
live_ep_000004_DEPENDENCY_TIMEOUT,DEPENDENCY_TIMEOUT,inventory-service,5.0,1785922617.8308473,f5d35536f87b4bbf82df812c47ad8b79,,POST /api/payment,,851.91,OK,inventory-service,v2.0.1,95e895b9c823428983dfd282661d3f93
live_ep_000004_DEPENDENCY_TIMEOUT,DEPENDENCY_TIMEOUT,inventory-service,5.0,1785922617.8308473,e1b47bfcee134b3e9c29c04dc6b5b3a5,f5d35536f87b4bbf82df812c47ad8b79,db.query.delete,WRITE,36.89,OK,user-db,v2.0.1,95e895b9c823428983dfd282661d3f93
live_ep_000004_DEPENDENCY_TIMEOUT,DEPENDENCY_TIMEOUT,inventory-service,5.0,1785922617.8308473,f1be57c763594670b5cd66181925646f,f5d35536f87b4bbf82df812c47ad8b79,db.query.update,WRITE,34.2,OK,user-db,v2.0.1,95e895b9c823428983dfd282661d3f93
live_ep_000004_DEPENDENCY_TIMEOUT,DEPENDENCY_TIMEOUT,inventory-service,5.0,1785922617.8308473,30013202b5154e80b18d96afb2b8dc36,f5d35536f87b4bbf82df812c47ad8b79,cache.delete,,1.2,OK,cache-cluster,v2.0.1,95e895b9c823428983dfd282661d3f93
live_ep_000004_DEPENDENCY_TIMEOUT,DEPENDENCY_TIMEOUT,inventory-service,5.5,1785922618.3311682,aa1308419eff4638aad1755761d3cb9c,,PUT /api/inventory,,740.07,ERROR,inventory-service,v2.0.1,8e09ef53b7a247ad830e9670654b8543
live_ep_000004_DEPENDENCY_TIMEOUT,DEPENDENCY_TIMEOUT,inventory-service,5.5,1785922618.3311682,fe15b77beb724d81a1e1d1e660f3dee5,aa1308419eff4638aad1755761d3cb9c,db.query.update,WRITE,15.27,OK,user-db,v2.0.1,8e09ef53b7a247ad830e9670654b8543
live_ep_000004_DEPENDENCY_TIMEOUT,DEPENDENCY_TIMEOUT,inventory-service,5.5,1785922618.3311682,60b000db971349798ac65752f0e26946,aa1308419eff4638aad1755761d3cb9c,db.transaction,READ,22.01,OK,user-db,v2.0.1,8e09ef53b7a247ad830e9670654b8543
live_ep_000004_DEPENDENCY_TIMEOUT,DEPENDENCY_TIMEOUT,inventory-service,5.5,1785922618.3311682,1812542df08844c99c45514c7bd55b2f,aa1308419eff4638aad1755761d3cb9c,cache.delete,,1.53,OK,cache-cluster,v2.0.1,8e09ef53b7a247ad830e9670654b8543
live_ep_000004_DEPENDENCY_TIMEOUT,DEPENDENCY_TIMEOUT,inventory-service,6.0,1785922618.831297,1f8e2f69862047bba982f62307b062f3,,GET /api/health,,892.73,OK,inventory-service,v2.0.1,1bb70723057c4a4c8abd41e0cf9272be
live_ep_000004_DEPENDENCY_TIMEOUT,DEPENDENCY_TIMEOUT,inventory-service,6.0,1785922618.831297,ece052f0bd104008a85452360bbd8a97,1f8e2f69862047bba982f62307b062f3,db.transaction,WRITE,24.67,OK,user-db,v2.0.1,1bb70723057c4a4c8abd41e0cf9272be
live_ep_000004_DEPENDENCY_TIMEOUT,DEPENDENCY_TIMEOUT,inventory-service,6.0,1785922618.831297,5a093b2fa0cf4b369f9d2337b83aa76b,1f8e2f69862047bba982f62307b062f3,db.transaction,READ,10.09,OK,user-db,v2.0.1,1bb70723057c4a4c8abd41e0cf9272be
live_ep_000004_DEPENDENCY_TIMEOUT,DEPENDENCY_TIMEOUT,inventory-service,6.0,1785922618.831297,1857e4e0a362434eb994d6d29eb2a1f2,1f8e2f69862047bba982f62307b062f3,http.client.post,,4762.42,ERROR,user-db,v2.0.1,1bb70723057c4a4c8abd41e0cf9272be
live_ep_000004_DEPENDENCY_TIMEOUT,DEPENDENCY_TIMEOUT,inventory-service,6.5,1785922619.3317182,b16687842a53440aa0528cd113fef799,,POST /api/checkout,,671.8,ERROR,inventory-service,v2.0.1,b37a208837ac4acea27f6cfc439c8719
live_ep_000004_DEPENDENCY_TIMEOUT,DEPENDENCY_TIMEOUT,inventory-service,6.5,1785922619.3317182,d7375ce9f1734e33906f7d630cbbded1,b16687842a53440aa0528cd113fef799,db.query.select,WRITE,21.71,OK,user-db,v2.0.1,b37a208837ac4acea27f6cfc439c8719
live_ep_000004_DEPENDENCY_TIMEOUT,DEPENDENCY_TIMEOUT,inventory-service,6.5,1785922619.3317182,951ba09d369249a495f058745f55e1b0,b16687842a53440aa0528cd113fef799,db.transaction,WRITE,23.19,ERROR,user-db,v2.0.1,b37a208837ac4acea27f6cfc439c8719
live_ep_000004_DEPENDENCY_TIMEOUT,DEPENDENCY_TIMEOUT,inventory-service,6.5,1785922619.3317182,fce8832e07304086a52729261ea1b291,b16687842a53440aa0528cd113fef799,cache.delete,,2.15,OK,cache-cluster,v2.0.1,b37a208837ac4acea27f6cfc439c8719
live_ep_000004_DEPENDENCY_TIMEOUT,DEPENDENCY_TIMEOUT,inventory-service,7.0,1785922619.8321385,6bc3d1475db9479b9b7891dda7fc9897,,GET /api/auth,,519.45,OK,inventory-service,v2.0.1,bc76cd6de394479d9601739369063ce0
live_ep_000004_DEPENDENCY_TIMEOUT,DEPENDENCY_TIMEOUT,inventory-service,7.0,1785922619.8321385,e75d52e44e7d45bfa16188f3ace1a916,6bc3d1475db9479b9b7891dda7fc9897,db.query.select,READ,27.26,OK,user-db,v2.0.1,bc76cd6de394479d9601739369063ce0
live_ep_000004_DEPENDENCY_TIMEOUT,DEPENDENCY_TIMEOUT,inventory-service,7.5,1785922620.3323898,175488e05e7846aa85b8686502c62bc9,,GET /api/auth,,474.38,OK,inventory-service,v2.0.1,e28dcdd0271346b184673ce0f8edcef1
live_ep_000004_DEPENDENCY_TIMEOUT,DEPENDENCY_TIMEOUT,inventory-service,7.5,1785922620.3323898,6d444ac6447b49f4b9b059abbfa850e2,175488e05e7846aa85b8686502c62bc9,db.transaction,READ,32.5,OK,user-db,v2.0.1,e28dcdd0271346b184673ce0f8edcef1
live_ep_000004_DEPENDENCY_TIMEOUT,DEPENDENCY_TIMEOUT,inventory-service,7.5,1785922620.3323898,798a19389dbd407ba425e377761e672f,175488e05e7846aa85b8686502c62bc9,db.transaction,READ,31.42,ERROR,user-db,v2.0.1,e28dcdd0271346b184673ce0f8edcef1
live_ep_000004_DEPENDENCY_TIMEOUT,DEPENDENCY_TIMEOUT,inventory-service,8.0,1785922620.8327363,a3332556fae244b6a4fc4769c46c96b4,,GET /api/health,,546.36,ERROR,inventory-service,v2.0.1,c79242dec3114fd990da3d4291dd2cc1
live_ep_000004_DEPENDENCY_TIMEOUT,DEPENDENCY_TIMEOUT,inventory-service,8.0,1785922620.8327363,2ed146defe8a41b3897b9fef396fab14,a3332556fae244b6a4fc4769c46c96b4,db.query.select,READ,20.66,OK,user-db,v2.0.1,c79242dec3114fd990da3d4291dd2cc1
live_ep_000004_DEPENDENCY_TIMEOUT,DEPENDENCY_TIMEOUT,inventory-service,8.0,1785922620.8327363,55ac58a2c4ee49578778a2d6b8a0efd4,a3332556fae244b6a4fc4769c46c96b4,cache.delete,,2.0,OK,cache-cluster,v2.0.1,c79242dec3114fd990da3d4291dd2cc1
live_ep_000004_DEPENDENCY_TIMEOUT,DEPENDENCY_TIMEOUT,inventory-service,8.5,1785922621.3329377,17ff2d528fe546de9d5ac54bbf7a5176,,GET /api/auth,,703.94,OK,inventory-service,v2.0.1,7142d7d352ab4986bce3b081a4706833
live_ep_000004_DEPENDENCY_TIMEOUT,DEPENDENCY_TIMEOUT,inventory-service,8.5,1785922621.3329377,cb6b0beaf867436bbb8a4e30e0720e08,17ff2d528fe546de9d5ac54bbf7a5176,db.query.select,READ,12.56,ERROR,user-db,v2.0.1,7142d7d352ab4986bce3b081a4706833
live_ep_000004_DEPENDENCY_TIMEOUT,DEPENDENCY_TIMEOUT,inventory-service,8.5,1785922621.3329377,abe78fd742f645ab91234aa317633c5c,17ff2d528fe546de9d5ac54bbf7a5176,db.query.insert,READ,17.3,OK,user-db,v2.0.1,7142d7d352ab4986bce3b081a4706833
live_ep_000004_DEPENDENCY_TIMEOUT,DEPENDENCY_TIMEOUT,inventory-service,8.5,1785922621.3329377,34857ede552c4cb1888d937dcfaaedbc,17ff2d528fe546de9d5ac54bbf7a5176,cache.get,,0.5,OK,cache-cluster,v2.0.1,7142d7d352ab4986bce3b081a4706833
live_ep_000004_DEPENDENCY_TIMEOUT,DEPENDENCY_TIMEOUT,inventory-service,8.5,1785922621.3329377,112253c2c668424a90dd19784ce3e54d,17ff2d528fe546de9d5ac54bbf7a5176,http.client.post,,4716.42,ERROR,inventory-api,v2.0.1,7142d7d352ab4986bce3b081a4706833
live_ep_000004_DEPENDENCY_TIMEOUT,DEPENDENCY_TIMEOUT,inventory-service,9.0,1785922621.8333359,f696262720b6409d8a72047b11d29f3f,,POST /api/payment,,1122.28,ERROR,inventory-service,v2.0.1,f5102d6577bc4ff4a298a7c024a7dff1
live_ep_000004_DEPENDENCY_TIMEOUT,DEPENDENCY_TIMEOUT,inventory-service,9.0,1785922621.8333359,1d3c00ae49e74fa8a614248aaf925c50,f696262720b6409d8a72047b11d29f3f,db.query.select,READ,39.69,OK,user-db,v2.0.1,f5102d6577bc4ff4a298a7c024a7dff1
live_ep_000004_DEPENDENCY_TIMEOUT,DEPENDENCY_TIMEOUT,inventory-service,9.0,1785922621.8333359,febeb89fbfaf43c79960e22bb80ba571,f696262720b6409d8a72047b11d29f3f,db.transaction,WRITE,27.43,OK,user-db,v2.0.1,f5102d6577bc4ff4a298a7c024a7dff1
live_ep_000004_DEPENDENCY_TIMEOUT,DEPENDENCY_TIMEOUT,inventory-service,9.0,1785922621.8333359,3f2182f814a24974bf907a96458cd2b3,f696262720b6409d8a72047b11d29f3f,cache.set,,3.03,OK,cache-cluster,v2.0.1,f5102d6577bc4ff4a298a7c024a7dff1
live_ep_000004_DEPENDENCY_TIMEOUT,DEPENDENCY_TIMEOUT,inventory-service,9.5,1785922622.3338253,660cf1a983f742c2a2faf7c8555400d0,,PUT /api/inventory,,916.75,ERROR,inventory-service,v2.0.1,b3b8c78de91c44ffa699902b73fa6455
live_ep_000004_DEPENDENCY_TIMEOUT,DEPENDENCY_TIMEOUT,inventory-service,9.5,1785922622.3338253,b814c05fbf42400b97cc8edebb977c5d,660cf1a983f742c2a2faf7c8555400d0,db.query.delete,READ,20.22,OK,user-db,v2.0.1,b3b8c78de91c44ffa699902b73fa6455
live_ep_000004_DEPENDENCY_TIMEOUT,DEPENDENCY_TIMEOUT,inventory-service,9.5,1785922622.3338253,481913ad174940f7812641b9fb92a60e,660cf1a983f742c2a2faf7c8555400d0,db.query.select,WRITE,20.18,OK,user-db,v2.0.1,b3b8c78de91c44ffa699902b73fa6455
live_ep_000004_DEPENDENCY_TIMEOUT,DEPENDENCY_TIMEOUT,inventory-service,9.5,1785922622.3338253,83643b9c2239447b9b003c0b8e0009c2,660cf1a983f742c2a2faf7c8555400d0,cache.set,,3.69,OK,cache-cluster,v2.0.1,b3b8c78de91c44ffa699902b73fa6455
live_ep_000004_DEPENDENCY_TIMEOUT,DEPENDENCY_TIMEOUT,inventory-service,9.5,1785922622.3338253,6eaa25a3aecb41da939b0aee5b0de843,660cf1a983f742c2a2faf7c8555400d0,http.client.post,,33.38,OK,cache-cluster,v2.0.1,b3b8c78de91c44ffa699902b73fa6455
live_ep_000004_DEPENDENCY_TIMEOUT,DEPENDENCY_TIMEOUT,inventory-service,10.0,1785922622.8340642,908f7b4498c343b79b855d4cd16b645b,,POST /api/payment,,693.95,ERROR,inventory-service,v2.0.1,44203bb31ed84c0ab46b824ffb470057
live_ep_000004_DEPENDENCY_TIMEOUT,DEPENDENCY_TIMEOUT,inventory-service,10.0,1785922622.8340642,f3019afa3a6f492a8cad584e29d75d72,908f7b4498c343b79b855d4cd16b645b,db.query.update,WRITE,29.73,OK,user-db,v2.0.1,44203bb31ed84c0ab46b824ffb470057
live_ep_000004_DEPENDENCY_TIMEOUT,DEPENDENCY_TIMEOUT,inventory-service,10.0,1785922622.8340642,1b4cf2ca0e67464a94967e364810dc34,908f7b4498c343b79b855d4cd16b645b,db.query.update,READ,16.07,OK,user-db,v2.0.1,44203bb31ed84c0ab46b824ffb470057
live_ep_000004_DEPENDENCY_TIMEOUT,DEPENDENCY_TIMEOUT,inventory-service,10.0,1785922622.8340642,b0df6963b724478788ada7adb473dcd7,908f7b4498c343b79b855d4cd16b645b,cache.set,,1.3,OK,cache-cluster,v2.0.1,44203bb31ed84c0ab46b824ffb470057
live_ep_000004_DEPENDENCY_TIMEOUT,DEPENDENCY_TIMEOUT,inventory-service,10.0,1785922622.8340642,997e9e61cc96480ca64ac06d5fda427a,908f7b4498c343b79b855d4cd16b645b,grpc.call,,5159.45,ERROR,cache-cluster,v2.0.1,44203bb31ed84c0ab46b824ffb470057
live_ep_000004_DEPENDENCY_TIMEOUT,DEPENDENCY_TIMEOUT,inventory-service,10.5,1785922623.3346367,eb3ba440a41640c8a72e15436550ab6b,,PUT /api/inventory,,1020.22,ERROR,inventory-service,v2.0.1,e414479fb5214e18b483941311800608
live_ep_000004_DEPENDENCY_TIMEOUT,DEPENDENCY_TIMEOUT,inventory-service,10.5,1785922623.3346367,3ec3f647e8894412961f54793d47bec0,eb3ba440a41640c8a72e15436550ab6b,db.query.delete,READ,18.93,OK,user-db,v2.0.1,e414479fb5214e18b483941311800608
live_ep_000004_DEPENDENCY_TIMEOUT,DEPENDENCY_TIMEOUT,inventory-service,10.5,1785922623.3346367,3e883134a6224217ae254ed59c719cbd,eb3ba440a41640c8a72e15436550ab6b,db.query.select,READ,9.54,OK,user-db,v2.0.1,e414479fb5214e18b483941311800608
live_ep_000004_DEPENDENCY_TIMEOUT,DEPENDENCY_TIMEOUT,inventory-service,10.5,1785922623.3346367,3c01e0beec5746b2acbea0223e5640d1,eb3ba440a41640c8a72e15436550ab6b,cache.get,,1.64,OK,cache-cluster,v2.0.1,e414479fb5214e18b483941311800608
live_ep_000004_DEPENDENCY_TIMEOUT,DEPENDENCY_TIMEOUT,inventory-service,11.0,1785922623.8351452,ff19d8fc9cd7413498cb79dddfe79ce6,,GET /api/health,,668.79,OK,inventory-service,v2.0.1,3244e4854e384af287f3b95addf8cb49
live_ep_000004_DEPENDENCY_TIMEOUT,DEPENDENCY_TIMEOUT,inventory-service,11.0,1785922623.8351452,77a29f5d10c54f35aab2473ec14b1b60,ff19d8fc9cd7413498cb79dddfe79ce6,db.query.select,WRITE,18.99,ERROR,user-db,v2.0.1,3244e4854e384af287f3b95addf8cb49
live_ep_000004_DEPENDENCY_TIMEOUT,DEPENDENCY_TIMEOUT,inventory-service,11.0,1785922623.8351452,4f32b404c6534f239e31c83c69f2c1fc,ff19d8fc9cd7413498cb79dddfe79ce6,db.transaction,READ,8.24,ERROR,user-db,v2.0.1,3244e4854e384af287f3b95addf8cb49
live_ep_000004_DEPENDENCY_TIMEOUT,DEPENDENCY_TIMEOUT,inventory-service,11.0,1785922623.8351452,8315df3eda4e4371b01e1b48dc44b397,ff19d8fc9cd7413498cb79dddfe79ce6,cache.delete,,2.18,OK,cache-cluster,v2.0.1,3244e4854e384af287f3b95addf8cb49
live_ep_000004_DEPENDENCY_TIMEOUT,DEPENDENCY_TIMEOUT,inventory-service,11.5,1785922624.3353784,053c2453a4484ecfa33a4cf14c5bc1ce,,GET /api/auth,,771.69,OK,inventory-service,v2.0.1,19959e653043480e8e2f70fcdf1f4789
live_ep_000004_DEPENDENCY_TIMEOUT,DEPENDENCY_TIMEOUT,inventory-service,11.5,1785922624.3353784,7d4c0b20072047d2b314ca189c75296d,053c2453a4484ecfa33a4cf14c5bc1ce,db.transaction,READ,7.73,OK,user-db,v2.0.1,19959e653043480e8e2f70fcdf1f4789
live_ep_000004_DEPENDENCY_TIMEOUT,DEPENDENCY_TIMEOUT,inventory-service,11.5,1785922624.3353784,ae35bedf9d064226b0cf7d8c822dd3c8,053c2453a4484ecfa33a4cf14c5bc1ce,db.query.select,READ,18.9,OK,user-db,v2.0.1,19959e653043480e8e2f70fcdf1f4789
live_ep_000004_DEPENDENCY_TIMEOUT,DEPENDENCY_TIMEOUT,inventory-service,12.0,1785922624.8375347,4a32d8a906714effa7bd04091444e3e2,,GET /api/health,,783.01,ERROR,inventory-service,v2.0.1,418a6435fe914da1a28d55a408809108
live_ep_000004_DEPENDENCY_TIMEOUT,DEPENDENCY_TIMEOUT,inventory-service,12.0,1785922624.8375347,dc2cd6f6b88042ab8217071c94ea31ac,4a32d8a906714effa7bd04091444e3e2,db.transaction,WRITE,15.61,OK,user-db,v2.0.1,418a6435fe914da1a28d55a408809108
live_ep_000004_DEPENDENCY_TIMEOUT,DEPENDENCY_TIMEOUT,inventory-service,12.0,1785922624.8375347,47030373b3d44b02b1d450cfce2606cd,4a32d8a906714effa7bd04091444e3e2,db.query.insert,WRITE,24.27,OK,user-db,v2.0.1,418a6435fe914da1a28d55a408809108
live_ep_000004_DEPENDENCY_TIMEOUT,DEPENDENCY_TIMEOUT,inventory-service,12.0,1785922624.8375347,fa4f8b5049e348d39e4749969067c102,4a32d8a906714effa7bd04091444e3e2,cache.set,,1.27,OK,cache-cluster,v2.0.1,418a6435fe914da1a28d55a408809108
live_ep_000004_DEPENDENCY_TIMEOUT,DEPENDENCY_TIMEOUT,inventory-service,12.5,1785922625.3400104,f3977f0e94ac46e7aa2ec9acf88c97ae,,POST /api/payment,,704.61,OK,inventory-service,v2.0.1,1ab19d71f52c4ac6b5a0a75a657116fd
live_ep_000004_DEPENDENCY_TIMEOUT,DEPENDENCY_TIMEOUT,inventory-service,12.5,1785922625.3400104,a68963a8f9bf43d2971af8926244489e,f3977f0e94ac46e7aa2ec9acf88c97ae,db.transaction,WRITE,23.75,OK,user-db,v2.0.1,1ab19d71f52c4ac6b5a0a75a657116fd
live_ep_000004_DEPENDENCY_TIMEOUT,DEPENDENCY_TIMEOUT,inventory-service,12.5,1785922625.3400104,bedd89f872d94bb98dfe9913276a2e23,f3977f0e94ac46e7aa2ec9acf88c97ae,cache.get,,0.5,OK,cache-cluster,v2.0.1,1ab19d71f52c4ac6b5a0a75a657116fd
live_ep_000004_DEPENDENCY_TIMEOUT,DEPENDENCY_TIMEOUT,inventory-service,12.5,1785922625.3400104,7bff4d0df54b40ef8f4a0ae080dd7b61,f3977f0e94ac46e7aa2ec9acf88c97ae,http.client.get,,5151.8,ERROR,cache-cluster,v2.0.1,1ab19d71f52c4ac6b5a0a75a657116fd
live_ep_000004_DEPENDENCY_TIMEOUT,DEPENDENCY_TIMEOUT,inventory-service,13.0,1785922625.840554,40e82285df9c4ab4ac6a3dc470c71fc0,,POST /api/payment,,594.15,OK,inventory-service,v2.0.1,82ea854a11ac4df383cd201ad6addc3a
live_ep_000004_DEPENDENCY_TIMEOUT,DEPENDENCY_TIMEOUT,inventory-service,13.0,1785922625.840554,806659cef80b4ff4bccd2b72a2a3619d,40e82285df9c4ab4ac6a3dc470c71fc0,db.transaction,READ,28.37,OK,user-db,v2.0.1,82ea854a11ac4df383cd201ad6addc3a
live_ep_000004_DEPENDENCY_TIMEOUT,DEPENDENCY_TIMEOUT,inventory-service,13.0,1785922625.840554,981ca8e9b0964941afc7d177dd31c528,40e82285df9c4ab4ac6a3dc470c71fc0,db.query.select,WRITE,19.02,OK,user-db,v2.0.1,82ea854a11ac4df383cd201ad6addc3a
live_ep_000004_DEPENDENCY_TIMEOUT,DEPENDENCY_TIMEOUT,inventory-service,13.0,1785922625.840554,b2ee6a0bceca408b8c652b2454cf7521,40e82285df9c4ab4ac6a3dc470c71fc0,cache.set,,1.35,OK,cache-cluster,v2.0.1,82ea854a11ac4df383cd201ad6addc3a
live_ep_000004_DEPENDENCY_TIMEOUT,DEPENDENCY_TIMEOUT,inventory-service,13.5,1785922626.3408542,6b15f740ac064b3faf5673407519a01d,,GET /api/order,,957.2,OK,inventory-service,v2.0.1,48b947ae613f4398acaab35d966013f5
live_ep_000004_DEPENDENCY_TIMEOUT,DEPENDENCY_TIMEOUT,inventory-service,13.5,1785922626.3408542,160eebf160ed4b59a251cea3d8a11ce0,6b15f740ac064b3faf5673407519a01d,db.transaction,READ,37.55,OK,user-db,v2.0.1,48b947ae613f4398acaab35d966013f5
live_ep_000004_DEPENDENCY_TIMEOUT,DEPENDENCY_TIMEOUT,inventory-service,13.5,1785922626.3408542,9dcd8796e0a44caa837ede26d016b69e,6b15f740ac064b3faf5673407519a01d,db.query.update,WRITE,36.89,ERROR,user-db,v2.0.1,48b947ae613f4398acaab35d966013f5
live_ep_000004_DEPENDENCY_TIMEOUT,DEPENDENCY_TIMEOUT,inventory-service,13.5,1785922626.3408542,94e3b1d09375460088d754d6f63f03ba,6b15f740ac064b3faf5673407519a01d,cache.set,,0.98,OK,cache-cluster,v2.0.1,48b947ae613f4398acaab35d966013f5
live_ep_000004_DEPENDENCY_TIMEOUT,DEPENDENCY_TIMEOUT,inventory-service,13.5,1785922626.3408542,b2b0d3cd923141308f235e91656d707e,6b15f740ac064b3faf5673407519a01d,http.client.post,,34.34,ERROR,user-db,v2.0.1,48b947ae613f4398acaab35d966013f5
live_ep_000004_DEPENDENCY_TIMEOUT,DEPENDENCY_TIMEOUT,inventory-service,14.0,1785922626.8416471,812029c8e42a45c687ad7ad48ef2d336,,GET /api/order,,854.27,ERROR,inventory-service,v2.0.1,e7cbb7e1a7f54a2aa92c9e3086c72211
live_ep_000004_DEPENDENCY_TIMEOUT,DEPENDENCY_TIMEOUT,inventory-service,14.0,1785922626.8416471,298054c6884349afa438ddf513f06db0,812029c8e42a45c687ad7ad48ef2d336,db.query.update,WRITE,20.73,OK,user-db,v2.0.1,e7cbb7e1a7f54a2aa92c9e3086c72211
live_ep_000004_DEPENDENCY_TIMEOUT,DEPENDENCY_TIMEOUT,inventory-service,14.0,1785922626.8416471,9be38d06eaf24dc6b53ddf8cbec2ad47,812029c8e42a45c687ad7ad48ef2d336,cache.set,,2.17,OK,cache-cluster,v2.0.1,e7cbb7e1a7f54a2aa92c9e3086c72211
live_ep_000004_DEPENDENCY_TIMEOUT,DEPENDENCY_TIMEOUT,inventory-service,14.0,1785922626.8416471,f4354c8170984d129dd669b5587cb159,812029c8e42a45c687ad7ad48ef2d336,http.client.get,,30.72,ERROR,inventory-api,v2.0.1,e7cbb7e1a7f54a2aa92c9e3086c72211
live_ep_000004_DEPENDENCY_TIMEOUT,DEPENDENCY_TIMEOUT,inventory-service,14.5,1785922627.3427591,f5dc486bce59430b9ee404c4ce6a90af,,GET /api/order,,847.88,OK,inventory-service,v2.0.1,70e11dbcd0ab4d1c8402228e52735a7d
live_ep_000004_DEPENDENCY_TIMEOUT,DEPENDENCY_TIMEOUT,inventory-service,14.5,1785922627.3427591,03967b4b48d74089adf7b645d431ba68,f5dc486bce59430b9ee404c4ce6a90af,db.query.insert,WRITE,33.96,OK,user-db,v2.0.1,70e11dbcd0ab4d1c8402228e52735a7d
live_ep_000004_DEPENDENCY_TIMEOUT,DEPENDENCY_TIMEOUT,inventory-service,14.5,1785922627.3427591,c8efbaf0764e469e94e6615eee02c31a,f5dc486bce59430b9ee404c4ce6a90af,http.client.post,,29.4,ERROR,payment-gateway,v2.0.1,70e11dbcd0ab4d1c8402228e52735a7d
live_ep_000004_DEPENDENCY_TIMEOUT,DEPENDENCY_TIMEOUT,inventory-service,15.0,1785922627.8430223,eb5cd11093474d9a9a90685bf8a94c20,,POST /api/checkout,,560.45,OK,inventory-service,v2.0.1,6338b028655443089597eab08900ca14
live_ep_000004_DEPENDENCY_TIMEOUT,DEPENDENCY_TIMEOUT,inventory-service,15.0,1785922627.8430223,be590b36dcac4173ba7d9d56463d3195,eb5cd11093474d9a9a90685bf8a94c20,db.query.select,WRITE,16.57,OK,user-db,v2.0.1,6338b028655443089597eab08900ca14
live_ep_000004_DEPENDENCY_TIMEOUT,DEPENDENCY_TIMEOUT,inventory-service,15.0,1785922627.8430223,5ca215fa7b974703a60ba85ec0f2b3cd,eb5cd11093474d9a9a90685bf8a94c20,db.transaction,READ,23.32,OK,user-db,v2.0.1,6338b028655443089597eab08900ca14
live_ep_000004_DEPENDENCY_TIMEOUT,DEPENDENCY_TIMEOUT,inventory-service,15.0,1785922627.8430223,30df81c8e40f444891e4f4c737d3457c,eb5cd11093474d9a9a90685bf8a94c20,cache.set,,1.63,OK,cache-cluster,v2.0.1,6338b028655443089597eab08900ca14
live_ep_000004_DEPENDENCY_TIMEOUT,DEPENDENCY_TIMEOUT,inventory-service,15.5,1785922628.3436499,bdbdf36f0f404dccb1eb2c0957883235,,GET /api/order,,803.06,ERROR,inventory-service,v2.0.1,4e5016ea08344125bfa0192450fd8313
live_ep_000004_DEPENDENCY_TIMEOUT,DEPENDENCY_TIMEOUT,inventory-service,15.5,1785922628.3436499,81e44bc4e7d042cc807d68617cc8114a,bdbdf36f0f404dccb1eb2c0957883235,db.transaction,READ,15.0,OK,user-db,v2.0.1,4e5016ea08344125bfa0192450fd8313
live_ep_000004_DEPENDENCY_TIMEOUT,DEPENDENCY_TIMEOUT,inventory-service,15.5,1785922628.3436499,ba26f05c062d48869f68f9bb8bb22027,bdbdf36f0f404dccb1eb2c0957883235,db.query.select,READ,30.15,OK,user-db,v2.0.1,4e5016ea08344125bfa0192450fd8313
live_ep_000004_DEPENDENCY_TIMEOUT,DEPENDENCY_TIMEOUT,inventory-service,15.5,1785922628.3436499,ba445d443f8d481d841e028dd8b31132,bdbdf36f0f404dccb1eb2c0957883235,cache.delete,,2.74,OK,cache-cluster,v2.0.1,4e5016ea08344125bfa0192450fd8313
live_ep_000004_DEPENDENCY_TIMEOUT,DEPENDENCY_TIMEOUT,inventory-service,15.5,1785922628.3436499,99d09b330ecf4316bc5514e29ede8957,bdbdf36f0f404dccb1eb2c0957883235,grpc.call,,49.03,OK,cache-cluster,v2.0.1,4e5016ea08344125bfa0192450fd8313
live_ep_000004_DEPENDENCY_TIMEOUT,DEPENDENCY_TIMEOUT,inventory-service,16.0,1785922628.8443034,a792c00f884443d18d725b7da809c45e,,GET /api/order,,1020.98,OK,inventory-service,v2.0.1,5509dcf525ca46839ae6d753cb801405
live_ep_000004_DEPENDENCY_TIMEOUT,DEPENDENCY_TIMEOUT,inventory-service,16.0,1785922628.8443034,b415e6ddbcc64d5db8fb9fab0da7001a,a792c00f884443d18d725b7da809c45e,db.query.delete,READ,21.26,OK,user-db,v2.0.1,5509dcf525ca46839ae6d753cb801405
live_ep_000004_DEPENDENCY_TIMEOUT,DEPENDENCY_TIMEOUT,inventory-service,16.0,1785922628.8443034,ac7a10eec3b14ff880c656d705499619,a792c00f884443d18d725b7da809c45e,db.query.insert,WRITE,24.48,OK,user-db,v2.0.1,5509dcf525ca46839ae6d753cb801405
live_ep_000004_DEPENDENCY_TIMEOUT,DEPENDENCY_TIMEOUT,inventory-service,16.5,1785922629.344955,d7fc8dd2e7154d0484fc66d415bdd098,,GET /api/auth,,805.42,ERROR,inventory-service,v2.0.1,ba6b06b4738649bba30dc1adf834ec38
live_ep_000004_DEPENDENCY_TIMEOUT,DEPENDENCY_TIMEOUT,inventory-service,16.5,1785922629.344955,e3195d70bf534af7bdd254116fa00c0d,d7fc8dd2e7154d0484fc66d415bdd098,db.transaction,READ,24.19,OK,user-db,v2.0.1,ba6b06b4738649bba30dc1adf834ec38
live_ep_000004_DEPENDENCY_TIMEOUT,DEPENDENCY_TIMEOUT,inventory-service,16.5,1785922629.344955,66c0e54ef6b7450287c90a2312e1eb3c,d7fc8dd2e7154d0484fc66d415bdd098,db.query.delete,READ,16.2,OK,user-db,v2.0.1,ba6b06b4738649bba30dc1adf834ec38
live_ep_000004_DEPENDENCY_TIMEOUT,DEPENDENCY_TIMEOUT,inventory-service,16.5,1785922629.344955,47a18d2660cc41b88c72dd8c9cb8a09b,d7fc8dd2e7154d0484fc66d415bdd098,cache.set,,0.86,OK,cache-cluster,v2.0.1,ba6b06b4738649bba30dc1adf834ec38
live_ep_000004_DEPENDENCY_TIMEOUT,DEPENDENCY_TIMEOUT,inventory-service,17.0,1785922629.8452759,854ceb64737d45f8bcf79dbc33d4e199,,POST /api/checkout,,525.7,OK,inventory-service,v2.0.1,d8f649078b76432896671b7ae18f7477
live_ep_000004_DEPENDENCY_TIMEOUT,DEPENDENCY_TIMEOUT,inventory-service,17.0,1785922629.8452759,df1df234a3ed43d4b0670544044a95f3,854ceb64737d45f8bcf79dbc33d4e199,db.query.insert,READ,39.44,OK,user-db,v2.0.1,d8f649078b76432896671b7ae18f7477
live_ep_000004_DEPENDENCY_TIMEOUT,DEPENDENCY_TIMEOUT,inventory-service,17.0,1785922629.8452759,7f8898f01c7442f3b053eef3efb501d9,854ceb64737d45f8bcf79dbc33d4e199,db.query.insert,WRITE,31.59,OK,user-db,v2.0.1,d8f649078b76432896671b7ae18f7477
live_ep_000004_DEPENDENCY_TIMEOUT,DEPENDENCY_TIMEOUT,inventory-service,17.0,1785922629.8452759,d92069f252ea4e8aaeb8f30bd4ba3c19,854ceb64737d45f8bcf79dbc33d4e199,cache.delete,,4.1,OK,cache-cluster,v2.0.1,d8f649078b76432896671b7ae18f7477
live_ep_000004_DEPENDENCY_TIMEOUT,DEPENDENCY_TIMEOUT,inventory-service,17.0,1785922629.8452759,d2a8d7b60584428098ceee8ad838f50b,854ceb64737d45f8bcf79dbc33d4e199,grpc.call,,5043.9,ERROR,user-db,v2.0.1,d8f649078b76432896671b7ae18f7477
live_ep_000004_DEPENDENCY_TIMEOUT,DEPENDENCY_TIMEOUT,inventory-service,17.5,1785922630.345376,5827864f95fe41fda1628f28a0a39b65,,POST /api/checkout,,607.05,OK,inventory-service,v2.0.1,1556fad445374f71b8d049aab54a4010
live_ep_000004_DEPENDENCY_TIMEOUT,DEPENDENCY_TIMEOUT,inventory-service,17.5,1785922630.345376,496c4e3fa92b4821905ba1b0569139aa,5827864f95fe41fda1628f28a0a39b65,db.transaction,READ,13.64,OK,user-db,v2.0.1,1556fad445374f71b8d049aab54a4010
live_ep_000004_DEPENDENCY_TIMEOUT,DEPENDENCY_TIMEOUT,inventory-service,17.5,1785922630.345376,e716b5ac061a406a95bc66b2498f6c79,5827864f95fe41fda1628f28a0a39b65,db.query.insert,READ,9.64,OK,user-db,v2.0.1,1556fad445374f71b8d049aab54a4010
live_ep_000004_DEPENDENCY_TIMEOUT,DEPENDENCY_TIMEOUT,inventory-service,17.5,1785922630.345376,917cfd7ce67848639d371b200777929d,5827864f95fe41fda1628f28a0a39b65,grpc.call,,45.95,ERROR,user-db,v2.0.1,1556fad445374f71b8d049aab54a4010
live_ep_000004_DEPENDENCY_TIMEOUT,DEPENDENCY_TIMEOUT,inventory-service,18.0,1785922630.8457873,0c5984ef65b9457e95c0e72e428a33d3,,PUT /api/inventory,,531.64,OK,inventory-service,v2.0.1,545b0042c9f94c8eb15e395864c93656
live_ep_000004_DEPENDENCY_TIMEOUT,DEPENDENCY_TIMEOUT,inventory-service,18.0,1785922630.8457873,fffb7d5ba6f645ba90238f773221da23,0c5984ef65b9457e95c0e72e428a33d3,db.transaction,READ,12.72,OK,user-db,v2.0.1,545b0042c9f94c8eb15e395864c93656
live_ep_000004_DEPENDENCY_TIMEOUT,DEPENDENCY_TIMEOUT,inventory-service,18.0,1785922630.8457873,fd409c5b52e14e82aaeabfc711756478,0c5984ef65b9457e95c0e72e428a33d3,db.query.update,WRITE,19.57,OK,user-db,v2.0.1,545b0042c9f94c8eb15e395864c93656
live_ep_000004_DEPENDENCY_TIMEOUT,DEPENDENCY_TIMEOUT,inventory-service,18.0,1785922630.8457873,40e0c48b137e46208d9e71b69fc3ed2b,0c5984ef65b9457e95c0e72e428a33d3,cache.delete,,3.1,OK,cache-cluster,v2.0.1,545b0042c9f94c8eb15e395864c93656
live_ep_000004_DEPENDENCY_TIMEOUT,DEPENDENCY_TIMEOUT,inventory-service,18.0,1785922630.8457873,9cd8eccb26354da6806b25bbba8e8f9f,0c5984ef65b9457e95c0e72e428a33d3,grpc.call,,17.71,OK,inventory-api,v2.0.1,545b0042c9f94c8eb15e395864c93656
live_ep_000004_DEPENDENCY_TIMEOUT,DEPENDENCY_TIMEOUT,inventory-service,18.5,1785922631.3463542,37c53a5f544842e293a3907622b3bb6d,,POST /api/checkout,,783.13,ERROR,inventory-service,v2.0.1,7042da8b9dec4a7f9c6288807846e70d
live_ep_000004_DEPENDENCY_TIMEOUT,DEPENDENCY_TIMEOUT,inventory-service,18.5,1785922631.3463542,95d0438619fc458696b4ebc7eb75fb2f,37c53a5f544842e293a3907622b3bb6d,db.query.update,READ,37.57,ERROR,user-db,v2.0.1,7042da8b9dec4a7f9c6288807846e70d
live_ep_000004_DEPENDENCY_TIMEOUT,DEPENDENCY_TIMEOUT,inventory-service,18.5,1785922631.3463542,5158ef797fb645c4b2b512c797f87dc4,37c53a5f544842e293a3907622b3bb6d,db.query.select,READ,28.84,OK,user-db,v2.0.1,7042da8b9dec4a7f9c6288807846e70d
live_ep_000004_DEPENDENCY_TIMEOUT,DEPENDENCY_TIMEOUT,inventory-service,18.5,1785922631.3463542,bf255f505c6e44d0b26c005470dadb58,37c53a5f544842e293a3907622b3bb6d,cache.set,,3.27,OK,cache-cluster,v2.0.1,7042da8b9dec4a7f9c6288807846e70d
live_ep_000004_DEPENDENCY_TIMEOUT,DEPENDENCY_TIMEOUT,inventory-service,19.0,1785922631.8468087,1836aacc8227428686021db667372120,,PUT /api/inventory,,724.22,OK,inventory-service,v2.0.1,6604024bd1904d44be9df54164bcee04
live_ep_000004_DEPENDENCY_TIMEOUT,DEPENDENCY_TIMEOUT,inventory-service,19.0,1785922631.8468087,e3d8d78d7ac8460682ccd662ec9eb432,1836aacc8227428686021db667372120,db.query.delete,WRITE,24.22,ERROR,user-db,v2.0.1,6604024bd1904d44be9df54164bcee04
live_ep_000004_DEPENDENCY_TIMEOUT,DEPENDENCY_TIMEOUT,inventory-service,19.5,1785922632.3469946,53a6abe5f905491c975fdfe775cab847,,PUT /api/inventory,,796.79,OK,inventory-service,v2.0.1,0fd671ec94f5492e9adb7a82930c6657
live_ep_000004_DEPENDENCY_TIMEOUT,DEPENDENCY_TIMEOUT,inventory-service,19.5,1785922632.3469946,55f0b18de1d84202961279362ac69cc0,53a6abe5f905491c975fdfe775cab847,db.query.delete,WRITE,32.1,OK,user-db,v2.0.1,0fd671ec94f5492e9adb7a82930c6657
live_ep_000004_DEPENDENCY_TIMEOUT,DEPENDENCY_TIMEOUT,inventory-service,19.5,1785922632.3469946,6d416b27a9a342c5b2e7fff3016a8b47,53a6abe5f905491c975fdfe775cab847,cache.delete,,3.22,OK,cache-cluster,v2.0.1,0fd671ec94f5492e9adb7a82930c6657
live_ep_000004_DEPENDENCY_TIMEOUT,DEPENDENCY_TIMEOUT,inventory-service,20.0,1785922632.8470988,11539b6817974f09ae3db8e6bcde6a8b,,POST /api/checkout,,745.53,OK,inventory-service,v2.0.1,03e782d7536945cca38bea2d3cb219ec
live_ep_000004_DEPENDENCY_TIMEOUT,DEPENDENCY_TIMEOUT,inventory-service,20.0,1785922632.8470988,626eba0516124ae184f4dc472fd67e28,11539b6817974f09ae3db8e6bcde6a8b,db.query.select,READ,28.08,ERROR,user-db,v2.0.1,03e782d7536945cca38bea2d3cb219ec
live_ep_000004_DEPENDENCY_TIMEOUT,DEPENDENCY_TIMEOUT,inventory-service,20.0,1785922632.8470988,1c99a06c19814c43b38ef587e416e469,11539b6817974f09ae3db8e6bcde6a8b,cache.delete,,1.27,OK,cache-cluster,v2.0.1,03e782d7536945cca38bea2d3cb219ec
live_ep_000004_DEPENDENCY_TIMEOUT,DEPENDENCY_TIMEOUT,inventory-service,20.0,1785922632.8470988,0f29a91a3dec44fe8b1a885566513fc2,11539b6817974f09ae3db8e6bcde6a8b,http.client.get,,24.11,ERROR,user-db,v2.0.1,03e782d7536945cca38bea2d3cb219ec
live_ep_000004_DEPENDENCY_TIMEOUT,DEPENDENCY_TIMEOUT,inventory-service,20.5,1785922633.3475251,c0c65cc15bbd461c9b4229d6c2f3972d,,GET /api/order,,619.41,OK,inventory-service,v2.0.1,91023b72167d481abca598596fae151b
live_ep_000004_DEPENDENCY_TIMEOUT,DEPENDENCY_TIMEOUT,inventory-service,20.5,1785922633.3475251,e143e9a0efb6431aaffe63d00f28f831,c0c65cc15bbd461c9b4229d6c2f3972d,db.transaction,WRITE,21.19,OK,user-db,v2.0.1,91023b72167d481abca598596fae151b
live_ep_000004_DEPENDENCY_TIMEOUT,DEPENDENCY_TIMEOUT,inventory-service,20.5,1785922633.3475251,592b6bb2822a47cf99f1a39157ff7f94,c0c65cc15bbd461c9b4229d6c2f3972d,db.query.delete,READ,30.76,ERROR,user-db,v2.0.1,91023b72167d481abca598596fae151b
live_ep_000004_DEPENDENCY_TIMEOUT,DEPENDENCY_TIMEOUT,inventory-service,20.5,1785922633.3475251,475baa46e21b4ab8adc27aa784b0b33d,c0c65cc15bbd461c9b4229d6c2f3972d,cache.delete,,3.02,OK,cache-cluster,v2.0.1,91023b72167d481abca598596fae151b
live_ep_000004_DEPENDENCY_TIMEOUT,DEPENDENCY_TIMEOUT,inventory-service,21.0,1785922633.847651,69688894f8b14a87b16eb475733192fa,,GET /api/order,,813.65,ERROR,inventory-service,v2.0.1,d7c29480c9be433b9a9383065d4a27c6
live_ep_000004_DEPENDENCY_TIMEOUT,DEPENDENCY_TIMEOUT,inventory-service,21.0,1785922633.847651,65a2d10374234a46876d2722d8aa7d5c,69688894f8b14a87b16eb475733192fa,db.query.delete,READ,26.33,ERROR,user-db,v2.0.1,d7c29480c9be433b9a9383065d4a27c6
live_ep_000004_DEPENDENCY_TIMEOUT,DEPENDENCY_TIMEOUT,inventory-service,21.0,1785922633.847651,63ab38b027bf440c90866daff9f0baae,69688894f8b14a87b16eb475733192fa,http.client.post,,37.78,OK,cache-cluster,v2.0.1,d7c29480c9be433b9a9383065d4a27c6
live_ep_000004_DEPENDENCY_TIMEOUT,DEPENDENCY_TIMEOUT,inventory-service,21.5,1785922634.3479965,4fc6e4b02c6d479b838e9509f0b27282,,POST /api/checkout,,838.84,ERROR,inventory-service,v2.0.1,68e1c2d782c94caeaa381390c0f08994
live_ep_000004_DEPENDENCY_TIMEOUT,DEPENDENCY_TIMEOUT,inventory-service,21.5,1785922634.3479965,c096398244694f7ea8510068988bfe35,4fc6e4b02c6d479b838e9509f0b27282,db.query.insert,READ,25.92,OK,user-db,v2.0.1,68e1c2d782c94caeaa381390c0f08994
live_ep_000004_DEPENDENCY_TIMEOUT,DEPENDENCY_TIMEOUT,inventory-service,21.5,1785922634.3479965,6d96a278a28e4125a0580dbd71968d41,4fc6e4b02c6d479b838e9509f0b27282,db.query.select,WRITE,26.34,OK,user-db,v2.0.1,68e1c2d782c94caeaa381390c0f08994
live_ep_000004_DEPENDENCY_TIMEOUT,DEPENDENCY_TIMEOUT,inventory-service,21.5,1785922634.3479965,7072dd2d6310418e8ea61aa73ba008df,4fc6e4b02c6d479b838e9509f0b27282,cache.delete,,66.1,OK,cache-cluster,v2.0.1,68e1c2d782c94caeaa381390c0f08994
live_ep_000004_DEPENDENCY_TIMEOUT,DEPENDENCY_TIMEOUT,inventory-service,22.0,1785922634.8483584,7d0b6136ad5744fb83a32d36267bfc86,,POST /api/payment,,741.14,OK,inventory-service,v2.0.1,a743cb166c04480ab75513baf36e1e55
live_ep_000004_DEPENDENCY_TIMEOUT,DEPENDENCY_TIMEOUT,inventory-service,22.0,1785922634.8483584,149b759975f746d78bd09937f68ca76e,7d0b6136ad5744fb83a32d36267bfc86,db.query.insert,WRITE,16.13,OK,user-db,v2.0.1,a743cb166c04480ab75513baf36e1e55
live_ep_000004_DEPENDENCY_TIMEOUT,DEPENDENCY_TIMEOUT,inventory-service,22.0,1785922634.8483584,471e2fd5078848f49820ce0e5f226ddd,7d0b6136ad5744fb83a32d36267bfc86,db.transaction,READ,26.17,OK,user-db,v2.0.1,a743cb166c04480ab75513baf36e1e55
live_ep_000004_DEPENDENCY_TIMEOUT,DEPENDENCY_TIMEOUT,inventory-service,22.0,1785922634.8483584,367b751c0cbb45a99f4d5445e5c2437e,7d0b6136ad5744fb83a32d36267bfc86,cache.get,,3.47,OK,cache-cluster,v2.0.1,a743cb166c04480ab75513baf36e1e55
live_ep_000004_DEPENDENCY_TIMEOUT,DEPENDENCY_TIMEOUT,inventory-service,22.5,1785922635.348683,c4600881f34a49ae94aeb8b91311ec46,,GET /api/health,,617.07,OK,inventory-service,v2.0.1,11aef74fb22e4b6ebd435a02b639677b
live_ep_000004_DEPENDENCY_TIMEOUT,DEPENDENCY_TIMEOUT,inventory-service,22.5,1785922635.348683,94194cc91ada4fb985467d9d7750c6cb,c4600881f34a49ae94aeb8b91311ec46,db.query.update,READ,11.0,OK,user-db,v2.0.1,11aef74fb22e4b6ebd435a02b639677b
live_ep_000004_DEPENDENCY_TIMEOUT,DEPENDENCY_TIMEOUT,inventory-service,22.5,1785922635.348683,787c549a27a14823afab58931a40f573,c4600881f34a49ae94aeb8b91311ec46,db.query.insert,READ,13.86,OK,user-db,v2.0.1,11aef74fb22e4b6ebd435a02b639677b
live_ep_000004_DEPENDENCY_TIMEOUT,DEPENDENCY_TIMEOUT,inventory-service,22.5,1785922635.348683,188df8651fab41e18236f7516349ddf5,c4600881f34a49ae94aeb8b91311ec46,cache.set,,1.95,OK,cache-cluster,v2.0.1,11aef74fb22e4b6ebd435a02b639677b
live_ep_000004_DEPENDENCY_TIMEOUT,DEPENDENCY_TIMEOUT,inventory-service,23.0,1785922635.8491948,80b3977f7c2544e7853e585c0c2d33cf,,GET /api/health,,890.91,OK,inventory-service,v2.0.1,3d2d3a4268fa4fe58ef0f27b312f8915
live_ep_000004_DEPENDENCY_TIMEOUT,DEPENDENCY_TIMEOUT,inventory-service,23.0,1785922635.8491948,6867b70a1c594593b4e6e9764e88324d,80b3977f7c2544e7853e585c0c2d33cf,db.query.insert,WRITE,17.77,OK,user-db,v2.0.1,3d2d3a4268fa4fe58ef0f27b312f8915
live_ep_000004_DEPENDENCY_TIMEOUT,DEPENDENCY_TIMEOUT,inventory-service,23.0,1785922635.8491948,c50eae8732b24a3db507474d4291001d,80b3977f7c2544e7853e585c0c2d33cf,cache.delete,,2.22,OK,cache-cluster,v2.0.1,3d2d3a4268fa4fe58ef0f27b312f8915
live_ep_000004_DEPENDENCY_TIMEOUT,DEPENDENCY_TIMEOUT,inventory-service,23.5,1785922636.349547,d5d3c6da52fa46449c0e19ceab2d26cb,,GET /api/auth,,924.63,ERROR,inventory-service,v2.0.1,6c95b83c75f344d1a2bc6d59ddb6b4c3
live_ep_000004_DEPENDENCY_TIMEOUT,DEPENDENCY_TIMEOUT,inventory-service,23.5,1785922636.349547,88455ddcdddc4c73a84d1af77b1de0c3,d5d3c6da52fa46449c0e19ceab2d26cb,db.query.update,READ,43.56,OK,user-db,v2.0.1,6c95b83c75f344d1a2bc6d59ddb6b4c3
live_ep_000004_DEPENDENCY_TIMEOUT,DEPENDENCY_TIMEOUT,inventory-service,23.5,1785922636.349547,b5aed717c94d4b8e814324e1b4017d5b,d5d3c6da52fa46449c0e19ceab2d26cb,db.query.delete,WRITE,53.13,OK,user-db,v2.0.1,6c95b83c75f344d1a2bc6d59ddb6b4c3
live_ep_000004_DEPENDENCY_TIMEOUT,DEPENDENCY_TIMEOUT,inventory-service,23.5,1785922636.349547,093339310f5944f68193e12ac473b67c,d5d3c6da52fa46449c0e19ceab2d26cb,http.client.get,,38.8,ERROR,inventory-api,v2.0.1,6c95b83c75f344d1a2bc6d59ddb6b4c3
live_ep_000004_DEPENDENCY_TIMEOUT,DEPENDENCY_TIMEOUT,inventory-service,24.0,1785922636.8496852,e1a9c69f4c5e43f4b2fd4c5ed50ca2cc,,POST /api/payment,,640.09,OK,inventory-service,v2.0.1,43e5b6abd0a548c0be10270ef218acb6
live_ep_000004_DEPENDENCY_TIMEOUT,DEPENDENCY_TIMEOUT,inventory-service,24.0,1785922636.8496852,236d9d14b5e24434b2bd612fbfdefce6,e1a9c69f4c5e43f4b2fd4c5ed50ca2cc,db.query.select,READ,10.61,OK,user-db,v2.0.1,43e5b6abd0a548c0be10270ef218acb6
live_ep_000004_DEPENDENCY_TIMEOUT,DEPENDENCY_TIMEOUT,inventory-service,24.0,1785922636.8496852,19a1e33360c84fc49245681ac5f42661,e1a9c69f4c5e43f4b2fd4c5ed50ca2cc,cache.set,,1.86,OK,cache-cluster,v2.0.1,43e5b6abd0a548c0be10270ef218acb6
live_ep_000004_DEPENDENCY_TIMEOUT,DEPENDENCY_TIMEOUT,inventory-service,24.0,1785922636.8496852,4f24eab9afa643dbaba9fbc93577c991,e1a9c69f4c5e43f4b2fd4c5ed50ca2cc,grpc.call,,25.04,OK,payment-gateway,v2.0.1,43e5b6abd0a548c0be10270ef218acb6
live_ep_000004_DEPENDENCY_TIMEOUT,DEPENDENCY_TIMEOUT,inventory-service,24.5,1785922637.349841,7c072fec171a407c8a90386cfe58488c,,POST /api/checkout,,1078.98,OK,inventory-service,v2.0.1,973fb4131f8c4a7daa2664d38b4735e4
live_ep_000004_DEPENDENCY_TIMEOUT,DEPENDENCY_TIMEOUT,inventory-service,24.5,1785922637.349841,679490d15aa04d95bed3d7e0b4ee5971,7c072fec171a407c8a90386cfe58488c,db.transaction,READ,23.69,OK,user-db,v2.0.1,973fb4131f8c4a7daa2664d38b4735e4
live_ep_000004_DEPENDENCY_TIMEOUT,DEPENDENCY_TIMEOUT,inventory-service,24.5,1785922637.349841,e37a88f0e6b44752bca2840bb1acd05e,7c072fec171a407c8a90386cfe58488c,db.query.insert,READ,15.31,OK,user-db,v2.0.1,973fb4131f8c4a7daa2664d38b4735e4
live_ep_000004_DEPENDENCY_TIMEOUT,DEPENDENCY_TIMEOUT,inventory-service,24.5,1785922637.349841,76787ba73af34d2c9ce63f4b7a9d0590,7c072fec171a407c8a90386cfe58488c,cache.get,,2.75,OK,cache-cluster,v2.0.1,973fb4131f8c4a7daa2664d38b4735e4
live_ep_000004_DEPENDENCY_TIMEOUT,DEPENDENCY_TIMEOUT,inventory-service,25.0,1785922637.8500037,21dc9df9eafd4f55bd5bdf5efece8391,,GET /api/order,,600.72,OK,inventory-service,v2.0.1,f5fe2b27600d4deda9a3038e747bf258
live_ep_000004_DEPENDENCY_TIMEOUT,DEPENDENCY_TIMEOUT,inventory-service,25.0,1785922637.8500037,e2e36d7e6c7f4ece970de93be71eb466,21dc9df9eafd4f55bd5bdf5efece8391,db.query.update,WRITE,17.93,OK,user-db,v2.0.1,f5fe2b27600d4deda9a3038e747bf258
live_ep_000004_DEPENDENCY_TIMEOUT,DEPENDENCY_TIMEOUT,inventory-service,25.0,1785922637.8500037,d6f519f4de5041b88b4ae83d78512af9,21dc9df9eafd4f55bd5bdf5efece8391,cache.set,,3.18,OK,cache-cluster,v2.0.1,f5fe2b27600d4deda9a3038e747bf258
live_ep_000004_DEPENDENCY_TIMEOUT,DEPENDENCY_TIMEOUT,inventory-service,25.0,1785922637.8500037,1f8c85795d93471899cb11e57a0c74e0,21dc9df9eafd4f55bd5bdf5efece8391,http.client.get,,32.21,ERROR,inventory-api,v2.0.1,f5fe2b27600d4deda9a3038e747bf258
live_ep_000004_DEPENDENCY_TIMEOUT,DEPENDENCY_TIMEOUT,inventory-service,25.5,1785922638.3502781,bcb8e993b2104828a3044bef1dc7e71c,,PUT /api/inventory,,975.2,OK,inventory-service,v2.0.1,a4a8de568f7747ff87b6d0f80f4322e4
live_ep_000004_DEPENDENCY_TIMEOUT,DEPENDENCY_TIMEOUT,inventory-service,25.5,1785922638.3502781,0cab0501b2f3437e9237d230f6a3a239,bcb8e993b2104828a3044bef1dc7e71c,db.transaction,READ,26.45,OK,user-db,v2.0.1,a4a8de568f7747ff87b6d0f80f4322e4
live_ep_000004_DEPENDENCY_TIMEOUT,DEPENDENCY_TIMEOUT,inventory-service,25.5,1785922638.3502781,8b4e31a3a00c4a1488ef307da5839ec5,bcb8e993b2104828a3044bef1dc7e71c,db.query.insert,WRITE,11.31,OK,user-db,v2.0.1,a4a8de568f7747ff87b6d0f80f4322e4
live_ep_000004_DEPENDENCY_TIMEOUT,DEPENDENCY_TIMEOUT,inventory-service,25.5,1785922638.3502781,b83cc31aeb574b0a986d6d7a8d5eb15c,bcb8e993b2104828a3044bef1dc7e71c,cache.delete,,0.5,OK,cache-cluster,v2.0.1,a4a8de568f7747ff87b6d0f80f4322e4
live_ep_000004_DEPENDENCY_TIMEOUT,DEPENDENCY_TIMEOUT,inventory-service,26.0,1785922638.8507533,1110df488cbd4303bf8160cfdffe375b,,PUT /api/inventory,,378.96,OK,inventory-service,v2.0.1,2facb6dad93a42a0bd34df591dd23d9a
live_ep_000004_DEPENDENCY_TIMEOUT,DEPENDENCY_TIMEOUT,inventory-service,26.0,1785922638.8507533,cc48ff28676d455889e8a72e9d209191,1110df488cbd4303bf8160cfdffe375b,db.query.insert,READ,20.97,OK,user-db,v2.0.1,2facb6dad93a42a0bd34df591dd23d9a
live_ep_000004_DEPENDENCY_TIMEOUT,DEPENDENCY_TIMEOUT,inventory-service,26.0,1785922638.8507533,2f6ea0f3012e48ff95f390b510e86b7d,1110df488cbd4303bf8160cfdffe375b,cache.set,,1.73,OK,cache-cluster,v2.0.1,2facb6dad93a42a0bd34df591dd23d9a
live_ep_000004_DEPENDENCY_TIMEOUT,DEPENDENCY_TIMEOUT,inventory-service,26.0,1785922638.8507533,34d71e14700c4943a3f04e841b5f124a,1110df488cbd4303bf8160cfdffe375b,grpc.call,,19.08,OK,payment-gateway,v2.0.1,2facb6dad93a42a0bd34df591dd23d9a
live_ep_000004_DEPENDENCY_TIMEOUT,DEPENDENCY_TIMEOUT,inventory-service,26.5,1785922639.3513062,d4598d028ddc4290ad1a02deb65980d7,,GET /api/health,,716.96,OK,inventory-service,v2.0.1,b8cf72994f004a1d9760cb8c3bd74e54
live_ep_000004_DEPENDENCY_TIMEOUT,DEPENDENCY_TIMEOUT,inventory-service,26.5,1785922639.3513062,80d5f93c62cc4e8a8f831d2100d341f6,d4598d028ddc4290ad1a02deb65980d7,db.query.delete,WRITE,7.57,OK,user-db,v2.0.1,b8cf72994f004a1d9760cb8c3bd74e54
live_ep_000004_DEPENDENCY_TIMEOUT,DEPENDENCY_TIMEOUT,inventory-service,27.0,1785922639.851433,0e4895983478401782c4f03a17693f05,,POST /api/payment,,671.57,OK,inventory-service,v2.0.1,99b01bdf71cb43efbc97b501c0c5e995
live_ep_000004_DEPENDENCY_TIMEOUT,DEPENDENCY_TIMEOUT,inventory-service,27.0,1785922639.851433,133df7111ff847029b7d72f9192aabcd,0e4895983478401782c4f03a17693f05,db.query.delete,WRITE,13.75,OK,user-db,v2.0.1,99b01bdf71cb43efbc97b501c0c5e995
live_ep_000004_DEPENDENCY_TIMEOUT,DEPENDENCY_TIMEOUT,inventory-service,27.0,1785922639.851433,51ff973184f5409492c5f1c725f587ac,0e4895983478401782c4f03a17693f05,db.query.select,WRITE,13.88,OK,user-db,v2.0.1,99b01bdf71cb43efbc97b501c0c5e995
live_ep_000004_DEPENDENCY_TIMEOUT,DEPENDENCY_TIMEOUT,inventory-service,27.0,1785922639.851433,ec39e0665eb3409b8377e27d0b715a74,0e4895983478401782c4f03a17693f05,grpc.call,,4839.81,ERROR,payment-gateway,v2.0.1,99b01bdf71cb43efbc97b501c0c5e995
live_ep_000004_DEPENDENCY_TIMEOUT,DEPENDENCY_TIMEOUT,inventory-service,27.5,1785922640.351648,1aae67b4690c4b18b230d1fb19482f0d,,GET /api/auth,,545.44,OK,inventory-service,v2.0.1,678145e30dde4367b910ca1bf0726d39
live_ep_000004_DEPENDENCY_TIMEOUT,DEPENDENCY_TIMEOUT,inventory-service,27.5,1785922640.351648,74a551410185488f93ba45aca58b1bdf,1aae67b4690c4b18b230d1fb19482f0d,db.query.update,READ,24.66,OK,user-db,v2.0.1,678145e30dde4367b910ca1bf0726d39
live_ep_000004_DEPENDENCY_TIMEOUT,DEPENDENCY_TIMEOUT,inventory-service,27.5,1785922640.351648,9bc96e49d8a044f6b00d0562a93a7f24,1aae67b4690c4b18b230d1fb19482f0d,db.query.delete,READ,17.61,OK,user-db,v2.0.1,678145e30dde4367b910ca1bf0726d39
live_ep_000004_DEPENDENCY_TIMEOUT,DEPENDENCY_TIMEOUT,inventory-service,27.5,1785922640.351648,ed03148acb184e85ab7a1a74bd572974,1aae67b4690c4b18b230d1fb19482f0d,cache.delete,,2.65,OK,cache-cluster,v2.0.1,678145e30dde4367b910ca1bf0726d39
live_ep_000004_DEPENDENCY_TIMEOUT,DEPENDENCY_TIMEOUT,inventory-service,28.0,1785922640.8517654,5e66700885184bb9afc8844be2ca4ccd,,PUT /api/inventory,,718.14,OK,inventory-service,v2.0.1,ed5b749332914c7b87fd7f2f5756e73d
live_ep_000004_DEPENDENCY_TIMEOUT,DEPENDENCY_TIMEOUT,inventory-service,28.0,1785922640.8517654,00ff3a0753564ef48e948c0975ca75ad,5e66700885184bb9afc8844be2ca4ccd,db.transaction,READ,30.24,OK,user-db,v2.0.1,ed5b749332914c7b87fd7f2f5756e73d
live_ep_000004_DEPENDENCY_TIMEOUT,DEPENDENCY_TIMEOUT,inventory-service,28.0,1785922640.8517654,7fb97fce9c254a9c90867f09f233c4f3,5e66700885184bb9afc8844be2ca4ccd,db.transaction,WRITE,33.73,OK,user-db,v2.0.1,ed5b749332914c7b87fd7f2f5756e73d
live_ep_000004_DEPENDENCY_TIMEOUT,DEPENDENCY_TIMEOUT,inventory-service,28.0,1785922640.8517654,304e09b1c4a74730a74a3cfc1c41867d,5e66700885184bb9afc8844be2ca4ccd,cache.get,,2.84,OK,cache-cluster,v2.0.1,ed5b749332914c7b87fd7f2f5756e73d
live_ep_000004_DEPENDENCY_TIMEOUT,DEPENDENCY_TIMEOUT,inventory-service,28.0,1785922640.8517654,692fac53dcff4a4f938dd5c3faa19bd3,5e66700885184bb9afc8844be2ca4ccd,http.client.get,,21.97,ERROR,payment-gateway,v2.0.1,ed5b749332914c7b87fd7f2f5756e73d
live_ep_000004_DEPENDENCY_TIMEOUT,DEPENDENCY_TIMEOUT,inventory-service,28.5,1785922641.352139,fadc01b43f004344b8b90a23333eb731,,POST /api/checkout,,626.59,OK,inventory-service,v2.0.1,d470119fbe0448d2bb961162e16def21
live_ep_000004_DEPENDENCY_TIMEOUT,DEPENDENCY_TIMEOUT,inventory-service,28.5,1785922641.352139,03d1e00bedd64513aec12244fd242008,fadc01b43f004344b8b90a23333eb731,db.query.insert,READ,25.37,OK,user-db,v2.0.1,d470119fbe0448d2bb961162e16def21
live_ep_000004_DEPENDENCY_TIMEOUT,DEPENDENCY_TIMEOUT,inventory-service,28.5,1785922641.352139,e7d0f40aa7534311942805998d147296,fadc01b43f004344b8b90a23333eb731,cache.get,,2.32,OK,cache-cluster,v2.0.1,d470119fbe0448d2bb961162e16def21
live_ep_000004_DEPENDENCY_TIMEOUT,DEPENDENCY_TIMEOUT,inventory-service,29.0,1785922641.8525531,41c93c5c4aef451694449a38baf8eea8,,POST /api/checkout,,539.3,ERROR,inventory-service,v2.0.1,3fa67fc6b4ef46709f9793153b745573
live_ep_000004_DEPENDENCY_TIMEOUT,DEPENDENCY_TIMEOUT,inventory-service,29.0,1785922641.8525531,5b4d39c1c3424b9bac8f80a9fb466d39,41c93c5c4aef451694449a38baf8eea8,db.query.delete,READ,29.4,OK,user-db,v2.0.1,3fa67fc6b4ef46709f9793153b745573
live_ep_000004_DEPENDENCY_TIMEOUT,DEPENDENCY_TIMEOUT,inventory-service,29.5,1785922642.3531115,d890d6e92fcb473cae65fea694cbe5ca,,PUT /api/inventory,,879.78,OK,inventory-service,v2.0.1,a7fc3198c1014140bd7fde66904f5650
live_ep_000004_DEPENDENCY_TIMEOUT,DEPENDENCY_TIMEOUT,inventory-service,29.5,1785922642.3531115,ae8840c78e754b40b62137e446b99811,d890d6e92fcb473cae65fea694cbe5ca,db.query.delete,WRITE,6.1,OK,user-db,v2.0.1,a7fc3198c1014140bd7fde66904f5650
live_ep_000004_DEPENDENCY_TIMEOUT,DEPENDENCY_TIMEOUT,inventory-service,29.5,1785922642.3531115,d6d8a6c90b33402985761c81c0cc2bae,d890d6e92fcb473cae65fea694cbe5ca,http.client.post,,5342.82,ERROR,inventory-api,v2.0.1,a7fc3198c1014140bd7fde66904f5650
live_ep_000004_DEPENDENCY_TIMEOUT,DEPENDENCY_TIMEOUT,inventory-service,30.0,1785922642.8536682,abcb1181e4e14a8c9a832360c73c864a,,GET /api/auth,,624.27,OK,inventory-service,v2.0.1,edd6be3da9d44a8daf6d2945f201907e
live_ep_000004_DEPENDENCY_TIMEOUT,DEPENDENCY_TIMEOUT,inventory-service,30.0,1785922642.8536682,a71088bf76554c92912d93cdc3d3c5ff,abcb1181e4e14a8c9a832360c73c864a,db.query.select,READ,38.25,OK,user-db,v2.0.1,edd6be3da9d44a8daf6d2945f201907e
live_ep_000004_DEPENDENCY_TIMEOUT,DEPENDENCY_TIMEOUT,inventory-service,30.0,1785922642.8536682,f548bff8a89e4021b09575124f08545d,abcb1181e4e14a8c9a832360c73c864a,db.query.update,READ,30.49,OK,user-db,v2.0.1,edd6be3da9d44a8daf6d2945f201907e
live_ep_000004_DEPENDENCY_TIMEOUT,DEPENDENCY_TIMEOUT,inventory-service,30.0,1785922642.8536682,3c8d4250dc9246b68a4417268b1ba37e,abcb1181e4e14a8c9a832360c73c864a,grpc.call,,21.22,OK,payment-gateway,v2.0.1,edd6be3da9d44a8daf6d2945f201907e
live_ep_000004_DEPENDENCY_TIMEOUT,DEPENDENCY_TIMEOUT,inventory-service,30.5,1785922643.3538642,70264b14b7024c81acbd72258b6593fa,,POST /api/checkout,,828.44,OK,inventory-service,v2.0.1,06698f2fc7b14c418158099ec4d5047f
live_ep_000004_DEPENDENCY_TIMEOUT,DEPENDENCY_TIMEOUT,inventory-service,30.5,1785922643.3538642,b76f059ded5343b6a36ca78ec1b2ddcd,70264b14b7024c81acbd72258b6593fa,db.query.update,WRITE,29.49,ERROR,user-db,v2.0.1,06698f2fc7b14c418158099ec4d5047f
live_ep_000004_DEPENDENCY_TIMEOUT,DEPENDENCY_TIMEOUT,inventory-service,30.5,1785922643.3538642,5d60cdbc46944fe5a4b3febc4d83a53f,70264b14b7024c81acbd72258b6593fa,db.transaction,READ,34.25,ERROR,user-db,v2.0.1,06698f2fc7b14c418158099ec4d5047f
live_ep_000004_DEPENDENCY_TIMEOUT,DEPENDENCY_TIMEOUT,inventory-service,30.5,1785922643.3538642,a618658443d641a496cadad40555506c,70264b14b7024c81acbd72258b6593fa,cache.delete,,2.35,OK,cache-cluster,v2.0.1,06698f2fc7b14c418158099ec4d5047f
live_ep_000004_DEPENDENCY_TIMEOUT,DEPENDENCY_TIMEOUT,inventory-service,31.0,1785922643.8541503,6ef86e0d959d4302bb0b0b263fe37dc8,,PUT /api/inventory,,1071.07,OK,inventory-service,v2.0.1,e83661af5b1d4604974f4f7c2354eac3
live_ep_000004_DEPENDENCY_TIMEOUT,DEPENDENCY_TIMEOUT,inventory-service,31.0,1785922643.8541503,d0cc3e449ff6417db25cbd26c78777e2,6ef86e0d959d4302bb0b0b263fe37dc8,db.query.update,READ,24.04,ERROR,user-db,v2.0.1,e83661af5b1d4604974f4f7c2354eac3
live_ep_000004_DEPENDENCY_TIMEOUT,DEPENDENCY_TIMEOUT,inventory-service,31.0,1785922643.8541503,500f6d5f52ec4df89d7c5a2ab16076f9,6ef86e0d959d4302bb0b0b263fe37dc8,db.query.select,READ,14.98,OK,user-db,v2.0.1,e83661af5b1d4604974f4f7c2354eac3
live_ep_000004_DEPENDENCY_TIMEOUT,DEPENDENCY_TIMEOUT,inventory-service,31.0,1785922643.8541503,970882e7a7954e45815ea4495c978311,6ef86e0d959d4302bb0b0b263fe37dc8,cache.set,,1.48,OK,cache-cluster,v2.0.1,e83661af5b1d4604974f4f7c2354eac3
live_ep_000004_DEPENDENCY_TIMEOUT,DEPENDENCY_TIMEOUT,inventory-service,31.5,1785922644.3546603,d44f4c5bc51a40eaac2acc00c2f5cc74,,POST /api/payment,,875.92,OK,inventory-service,v2.0.1,8758a22cda864a1e858a6cea867aef30
live_ep_000004_DEPENDENCY_TIMEOUT,DEPENDENCY_TIMEOUT,inventory-service,31.5,1785922644.3546603,ba4e280704f3400db1cb5ba34c73db39,d44f4c5bc51a40eaac2acc00c2f5cc74,db.query.insert,READ,23.66,OK,user-db,v2.0.1,8758a22cda864a1e858a6cea867aef30
live_ep_000004_DEPENDENCY_TIMEOUT,DEPENDENCY_TIMEOUT,inventory-service,31.5,1785922644.3546603,7f938cf89b3e4300ba86938b7a8ba739,d44f4c5bc51a40eaac2acc00c2f5cc74,db.query.delete,WRITE,41.46,OK,user-db,v2.0.1,8758a22cda864a1e858a6cea867aef30
live_ep_000004_DEPENDENCY_TIMEOUT,DEPENDENCY_TIMEOUT,inventory-service,31.5,1785922644.3546603,181edec2fa214ee0a91af7ba5f7979a1,d44f4c5bc51a40eaac2acc00c2f5cc74,cache.delete,,2.22,OK,cache-cluster,v2.0.1,8758a22cda864a1e858a6cea867aef30
live_ep_000004_DEPENDENCY_TIMEOUT,DEPENDENCY_TIMEOUT,inventory-service,31.5,1785922644.3546603,b2cf476e9b534e03b9ea00b5eb5f5121,d44f4c5bc51a40eaac2acc00c2f5cc74,grpc.call,,4883.85,ERROR,user-db,v2.0.1,8758a22cda864a1e858a6cea867aef30
live_ep_000004_DEPENDENCY_TIMEOUT,DEPENDENCY_TIMEOUT,inventory-service,32.0,1785922644.8550675,975b45fbdb104715a122273235f8a6ff,,PUT /api/inventory,,750.2,OK,inventory-service,v2.0.1,ea15d8ab7edb450385a9fe301eb307d8
live_ep_000004_DEPENDENCY_TIMEOUT,DEPENDENCY_TIMEOUT,inventory-service,32.0,1785922644.8550675,d56833d4660f4062821373f66517f99a,975b45fbdb104715a122273235f8a6ff,db.query.insert,READ,35.23,OK,user-db,v2.0.1,ea15d8ab7edb450385a9fe301eb307d8
live_ep_000004_DEPENDENCY_TIMEOUT,DEPENDENCY_TIMEOUT,inventory-service,32.0,1785922644.8550675,e5a97787ad794316920ad152dea542f4,975b45fbdb104715a122273235f8a6ff,db.query.update,READ,26.8,OK,user-db,v2.0.1,ea15d8ab7edb450385a9fe301eb307d8
live_ep_000004_DEPENDENCY_TIMEOUT,DEPENDENCY_TIMEOUT,inventory-service,32.0,1785922644.8550675,c5054b087aa94b9a90c4c6a8f4ab165e,975b45fbdb104715a122273235f8a6ff,cache.get,,3.41,OK,cache-cluster,v2.0.1,ea15d8ab7edb450385a9fe301eb307d8
live_ep_000004_DEPENDENCY_TIMEOUT,DEPENDENCY_TIMEOUT,inventory-service,32.0,1785922644.8550675,17d711ccc39b48378f9ac068af033a9e,975b45fbdb104715a122273235f8a6ff,http.client.get,,35.55,ERROR,cache-cluster,v2.0.1,ea15d8ab7edb450385a9fe301eb307d8
live_ep_000004_DEPENDENCY_TIMEOUT,DEPENDENCY_TIMEOUT,inventory-service,32.5,1785922645.3554788,860847c3388c4adbb4f0cb1e6818c024,,GET /api/order,,501.86,OK,inventory-service,v2.0.1,b96453ac7cae488f977f28480890cbd7
live_ep_000004_DEPENDENCY_TIMEOUT,DEPENDENCY_TIMEOUT,inventory-service,32.5,1785922645.3554788,726338f9ad944245938e36d54ebe7f03,860847c3388c4adbb4f0cb1e6818c024,db.transaction,READ,22.77,OK,user-db,v2.0.1,b96453ac7cae488f977f28480890cbd7
live_ep_000004_DEPENDENCY_TIMEOUT,DEPENDENCY_TIMEOUT,inventory-service,32.5,1785922645.3554788,c0796b00cc124842af8634845eacf2f8,860847c3388c4adbb4f0cb1e6818c024,db.query.select,WRITE,19.72,OK,user-db,v2.0.1,b96453ac7cae488f977f28480890cbd7
live_ep_000004_DEPENDENCY_TIMEOUT,DEPENDENCY_TIMEOUT,inventory-service,32.5,1785922645.3554788,c6c422b73a7940baa24d2541ddf5bf75,860847c3388c4adbb4f0cb1e6818c024,grpc.call,,5078.56,ERROR,inventory-api,v2.0.1,b96453ac7cae488f977f28480890cbd7
live_ep_000004_DEPENDENCY_TIMEOUT,DEPENDENCY_TIMEOUT,inventory-service,33.0,1785922645.8557155,523500eed3534fdbb8a6ef9e6da009fa,,GET /api/health,,684.1,OK,inventory-service,v2.0.1,51a1ccc9a3b546e2aea4f4179b440eb7
live_ep_000004_DEPENDENCY_TIMEOUT,DEPENDENCY_TIMEOUT,inventory-service,33.0,1785922645.8557155,973181b4cfaf4c43839c2474c1eceadb,523500eed3534fdbb8a6ef9e6da009fa,db.query.select,READ,35.61,OK,user-db,v2.0.1,51a1ccc9a3b546e2aea4f4179b440eb7
live_ep_000004_DEPENDENCY_TIMEOUT,DEPENDENCY_TIMEOUT,inventory-service,33.0,1785922645.8557155,b7e3b0dcdca248e0a5bdb392d3e0480c,523500eed3534fdbb8a6ef9e6da009fa,db.transaction,READ,49.35,OK,user-db,v2.0.1,51a1ccc9a3b546e2aea4f4179b440eb7
live_ep_000004_DEPENDENCY_TIMEOUT,DEPENDENCY_TIMEOUT,inventory-service,33.0,1785922645.8557155,aec92db80c2b4fbe81f2b27a1a1e0d11,523500eed3534fdbb8a6ef9e6da009fa,cache.get,,1.79,OK,cache-cluster,v2.0.1,51a1ccc9a3b546e2aea4f4179b440eb7
live_ep_000004_DEPENDENCY_TIMEOUT,DEPENDENCY_TIMEOUT,inventory-service,33.0,1785922645.8557155,06e2c969484c4b61b90c7182679662a9,523500eed3534fdbb8a6ef9e6da009fa,grpc.call,,4851.47,ERROR,cache-cluster,v2.0.1,51a1ccc9a3b546e2aea4f4179b440eb7
live_ep_000004_DEPENDENCY_TIMEOUT,DEPENDENCY_TIMEOUT,inventory-service,33.5,1785922646.3559225,ced78bf6ae9145059950ba3fae64f5c4,,GET /api/order,,512.04,OK,inventory-service,v2.0.1,76859a521062407e95624bb065ba11d7
live_ep_000004_DEPENDENCY_TIMEOUT,DEPENDENCY_TIMEOUT,inventory-service,33.5,1785922646.3559225,282dc97e01a34d289776ea8cd85987af,ced78bf6ae9145059950ba3fae64f5c4,db.query.update,READ,25.58,OK,user-db,v2.0.1,76859a521062407e95624bb065ba11d7
live_ep_000004_DEPENDENCY_TIMEOUT,DEPENDENCY_TIMEOUT,inventory-service,33.5,1785922646.3559225,2d1226a694c14380864d18dea5ceff36,ced78bf6ae9145059950ba3fae64f5c4,db.query.select,WRITE,22.25,OK,user-db,v2.0.1,76859a521062407e95624bb065ba11d7
live_ep_000004_DEPENDENCY_TIMEOUT,DEPENDENCY_TIMEOUT,inventory-service,33.5,1785922646.3559225,1326c7a8edd84a968ee97b721e60d280,ced78bf6ae9145059950ba3fae64f5c4,cache.get,,1.79,OK,cache-cluster,v2.0.1,76859a521062407e95624bb065ba11d7
live_ep_000004_DEPENDENCY_TIMEOUT,DEPENDENCY_TIMEOUT,inventory-service,34.0,1785922646.8564725,2f06960f80f94b3daa1a34b907763014,,POST /api/checkout,,793.56,OK,inventory-service,v2.0.1,dd5af36228f04eddbcf79b849f9feb7b
live_ep_000004_DEPENDENCY_TIMEOUT,DEPENDENCY_TIMEOUT,inventory-service,34.0,1785922646.8564725,62a3fa1af5e246099f6a7487321b8300,2f06960f80f94b3daa1a34b907763014,db.query.insert,WRITE,27.54,OK,user-db,v2.0.1,dd5af36228f04eddbcf79b849f9feb7b
live_ep_000004_DEPENDENCY_TIMEOUT,DEPENDENCY_TIMEOUT,inventory-service,34.0,1785922646.8564725,4820d6e9c68a4e5f86a2e884b9ed9749,2f06960f80f94b3daa1a34b907763014,db.query.delete,READ,13.03,OK,user-db,v2.0.1,dd5af36228f04eddbcf79b849f9feb7b
live_ep_000004_DEPENDENCY_TIMEOUT,DEPENDENCY_TIMEOUT,inventory-service,34.0,1785922646.8564725,162b41b8af32435d86e67a552ccd548c,2f06960f80f94b3daa1a34b907763014,cache.delete,,1.37,OK,cache-cluster,v2.0.1,dd5af36228f04eddbcf79b849f9feb7b
live_ep_000004_DEPENDENCY_TIMEOUT,DEPENDENCY_TIMEOUT,inventory-service,34.5,1785922647.3573558,a6383e7c65ea42b4ad3827acb17291e0,,POST /api/payment,,927.51,ERROR,inventory-service,v2.0.1,ed4f14ea6155453eb07c9ef5f4915449
live_ep_000004_DEPENDENCY_TIMEOUT,DEPENDENCY_TIMEOUT,inventory-service,34.5,1785922647.3573558,77851722f53d48518ab5ca67e33f0648,a6383e7c65ea42b4ad3827acb17291e0,db.query.insert,READ,24.72,OK,user-db,v2.0.1,ed4f14ea6155453eb07c9ef5f4915449
live_ep_000004_DEPENDENCY_TIMEOUT,DEPENDENCY_TIMEOUT,inventory-service,34.5,1785922647.3573558,3ec7c62ed29249c38d51f3e4aceead5f,a6383e7c65ea42b4ad3827acb17291e0,db.transaction,WRITE,21.42,OK,user-db,v2.0.1,ed4f14ea6155453eb07c9ef5f4915449
live_ep_000004_DEPENDENCY_TIMEOUT,DEPENDENCY_TIMEOUT,inventory-service,34.5,1785922647.3573558,75fb11be2ec54009b851d1e6877fb5f3,a6383e7c65ea42b4ad3827acb17291e0,cache.get,,2.55,OK,cache-cluster,v2.0.1,ed4f14ea6155453eb07c9ef5f4915449
live_ep_000004_DEPENDENCY_TIMEOUT,DEPENDENCY_TIMEOUT,inventory-service,35.0,1785922647.8577828,dffd346dcca14d66931bcf430064ebcd,,GET /api/health,,744.81,OK,inventory-service,v2.0.1,1e629770616c48cd881b7b7e48544925
live_ep_000004_DEPENDENCY_TIMEOUT,DEPENDENCY_TIMEOUT,inventory-service,35.0,1785922647.8577828,4543c8069f1e4b3687e86b28e7a2bd69,dffd346dcca14d66931bcf430064ebcd,db.query.insert,READ,9.34,OK,user-db,v2.0.1,1e629770616c48cd881b7b7e48544925
live_ep_000004_DEPENDENCY_TIMEOUT,DEPENDENCY_TIMEOUT,inventory-service,35.0,1785922647.8577828,287dfeacbf844b128e25bd093f78363f,dffd346dcca14d66931bcf430064ebcd,db.query.update,WRITE,13.22,OK,user-db,v2.0.1,1e629770616c48cd881b7b7e48544925
live_ep_000004_DEPENDENCY_TIMEOUT,DEPENDENCY_TIMEOUT,inventory-service,35.0,1785922647.8577828,06e3704132cc47d7b10ea1a4b5954ba2,dffd346dcca14d66931bcf430064ebcd,cache.set,,1.45,OK,cache-cluster,v2.0.1,1e629770616c48cd881b7b7e48544925
live_ep_000004_DEPENDENCY_TIMEOUT,DEPENDENCY_TIMEOUT,inventory-service,35.5,1785922648.3582368,b982f20db6c24fe9bd1f88cfb1d15c7f,,PUT /api/inventory,,722.93,OK,inventory-service,v2.0.1,0e255abfde034176af9a6ea245f3ed01
live_ep_000004_DEPENDENCY_TIMEOUT,DEPENDENCY_TIMEOUT,inventory-service,35.5,1785922648.3582368,43dd30c514794c079ed78b2b95ba6181,b982f20db6c24fe9bd1f88cfb1d15c7f,db.query.select,READ,33.62,OK,user-db,v2.0.1,0e255abfde034176af9a6ea245f3ed01
live_ep_000004_DEPENDENCY_TIMEOUT,DEPENDENCY_TIMEOUT,inventory-service,35.5,1785922648.3582368,18b79d822ba740a8b2cee55f6210e262,b982f20db6c24fe9bd1f88cfb1d15c7f,db.transaction,WRITE,11.79,OK,user-db,v2.0.1,0e255abfde034176af9a6ea245f3ed01
live_ep_000004_DEPENDENCY_TIMEOUT,DEPENDENCY_TIMEOUT,inventory-service,35.5,1785922648.3582368,b55872d20426407a96b2f630b7035c39,b982f20db6c24fe9bd1f88cfb1d15c7f,cache.get,,2.69,OK,cache-cluster,v2.0.1,0e255abfde034176af9a6ea245f3ed01
live_ep_000004_DEPENDENCY_TIMEOUT,DEPENDENCY_TIMEOUT,inventory-service,35.5,1785922648.3582368,b4f94969c7e3496f88a6f13fbea10863,b982f20db6c24fe9bd1f88cfb1d15c7f,grpc.call,,44.63,OK,user-db,v2.0.1,0e255abfde034176af9a6ea245f3ed01
live_ep_000004_DEPENDENCY_TIMEOUT,DEPENDENCY_TIMEOUT,inventory-service,36.0,1785922648.8584592,8e35706d3b52445db3c94bb49b1146ef,,POST /api/checkout,,732.21,ERROR,inventory-service,v2.0.1,8bf6896a51984855967d34985f0d7118
live_ep_000004_DEPENDENCY_TIMEOUT,DEPENDENCY_TIMEOUT,inventory-service,36.0,1785922648.8584592,5a26ccd06b334a21a93b02154b9bb531,8e35706d3b52445db3c94bb49b1146ef,db.query.delete,READ,23.98,OK,user-db,v2.0.1,8bf6896a51984855967d34985f0d7118
live_ep_000004_DEPENDENCY_TIMEOUT,DEPENDENCY_TIMEOUT,inventory-service,36.0,1785922648.8584592,dfa3cbad05544cea9eb53894c0780a3b,8e35706d3b52445db3c94bb49b1146ef,db.query.insert,READ,26.05,OK,user-db,v2.0.1,8bf6896a51984855967d34985f0d7118
live_ep_000004_DEPENDENCY_TIMEOUT,DEPENDENCY_TIMEOUT,inventory-service,36.0,1785922648.8584592,dfba054e6e1c41c8bdb60292c52e7660,8e35706d3b52445db3c94bb49b1146ef,cache.delete,,1.74,OK,cache-cluster,v2.0.1,8bf6896a51984855967d34985f0d7118
live_ep_000004_DEPENDENCY_TIMEOUT,DEPENDENCY_TIMEOUT,inventory-service,36.0,1785922648.8584592,a1794be0bb8f4e2694dc95c1c3aa27dc,8e35706d3b52445db3c94bb49b1146ef,http.client.get,,18.93,OK,payment-gateway,v2.0.1,8bf6896a51984855967d34985f0d7118
live_ep_000004_DEPENDENCY_TIMEOUT,DEPENDENCY_TIMEOUT,inventory-service,36.5,1785922649.3588152,8b1673077d744936b3af0928a004ef56,,GET /api/health,,754.11,ERROR,inventory-service,v2.0.1,edf7b0d733d740919077af2fc2133e8d
live_ep_000004_DEPENDENCY_TIMEOUT,DEPENDENCY_TIMEOUT,inventory-service,36.5,1785922649.3588152,e8318946c4a64a3aa590ec3fe78cd82f,8b1673077d744936b3af0928a004ef56,db.query.insert,READ,22.76,ERROR,user-db,v2.0.1,edf7b0d733d740919077af2fc2133e8d
live_ep_000004_DEPENDENCY_TIMEOUT,DEPENDENCY_TIMEOUT,inventory-service,36.5,1785922649.3588152,a770451d169049cdb719d58411433cce,8b1673077d744936b3af0928a004ef56,db.query.update,WRITE,4.91,OK,user-db,v2.0.1,edf7b0d733d740919077af2fc2133e8d
live_ep_000004_DEPENDENCY_TIMEOUT,DEPENDENCY_TIMEOUT,inventory-service,36.5,1785922649.3588152,3f0efddc7312494c93f7d2336715772e,8b1673077d744936b3af0928a004ef56,cache.delete,,2.85,OK,cache-cluster,v2.0.1,edf7b0d733d740919077af2fc2133e8d
live_ep_000004_DEPENDENCY_TIMEOUT,DEPENDENCY_TIMEOUT,inventory-service,36.5,1785922649.3588152,edb12552279046c3898b29348576eba5,8b1673077d744936b3af0928a004ef56,http.client.get,,6.05,OK,cache-cluster,v2.0.1,edf7b0d733d740919077af2fc2133e8d
live_ep_000004_DEPENDENCY_TIMEOUT,DEPENDENCY_TIMEOUT,inventory-service,37.0,1785922649.8589723,e430edf678c44458afaacc01c47334f2,,POST /api/checkout,,529.65,OK,inventory-service,v2.0.1,85d771e64f4848d7a1592f58090719ed
live_ep_000004_DEPENDENCY_TIMEOUT,DEPENDENCY_TIMEOUT,inventory-service,37.0,1785922649.8589723,c5fab7029a7f49ea9732386bbed12158,e430edf678c44458afaacc01c47334f2,db.query.delete,READ,11.19,OK,user-db,v2.0.1,85d771e64f4848d7a1592f58090719ed
live_ep_000004_DEPENDENCY_TIMEOUT,DEPENDENCY_TIMEOUT,inventory-service,37.5,1785922650.3595374,e49a6ef3a6774e309f470dc9983d4a07,,GET /api/auth,,698.89,OK,inventory-service,v2.0.1,e324752f798a4e998b7f3ae736e81abf
live_ep_000004_DEPENDENCY_TIMEOUT,DEPENDENCY_TIMEOUT,inventory-service,37.5,1785922650.3595374,77715dfd802643f3ad862971f2770133,e49a6ef3a6774e309f470dc9983d4a07,db.query.delete,READ,11.37,OK,user-db,v2.0.1,e324752f798a4e998b7f3ae736e81abf
live_ep_000004_DEPENDENCY_TIMEOUT,DEPENDENCY_TIMEOUT,inventory-service,37.5,1785922650.3595374,0f13bfce82274a59a8fdd88630fd39f3,e49a6ef3a6774e309f470dc9983d4a07,db.query.select,READ,12.36,ERROR,user-db,v2.0.1,e324752f798a4e998b7f3ae736e81abf
live_ep_000004_DEPENDENCY_TIMEOUT,DEPENDENCY_TIMEOUT,inventory-service,37.5,1785922650.3595374,f04e6070050e4b0cb31c939a8f90402d,e49a6ef3a6774e309f470dc9983d4a07,cache.set,,1.25,OK,cache-cluster,v2.0.1,e324752f798a4e998b7f3ae736e81abf
live_ep_000004_DEPENDENCY_TIMEOUT,DEPENDENCY_TIMEOUT,inventory-service,37.5,1785922650.3595374,ec566a7e0fc8438cb426dcd229a10408,e49a6ef3a6774e309f470dc9983d4a07,grpc.call,,5290.27,ERROR,payment-gateway,v2.0.1,e324752f798a4e998b7f3ae736e81abf
live_ep_000004_DEPENDENCY_TIMEOUT,DEPENDENCY_TIMEOUT,inventory-service,38.0,1785922650.8598466,155b08909d964567b1435536061c97dd,,GET /api/order,,933.43,ERROR,inventory-service,v2.0.1,c60a11e974c0401dafb13aa186a77f31
live_ep_000004_DEPENDENCY_TIMEOUT,DEPENDENCY_TIMEOUT,inventory-service,38.0,1785922650.8598466,cb834b9fc7714560af0741345355d06a,155b08909d964567b1435536061c97dd,db.query.update,WRITE,22.18,ERROR,user-db,v2.0.1,c60a11e974c0401dafb13aa186a77f31
live_ep_000004_DEPENDENCY_TIMEOUT,DEPENDENCY_TIMEOUT,inventory-service,38.0,1785922650.8598466,5a64e31eaf644de4b9edc539b13d3781,155b08909d964567b1435536061c97dd,db.query.insert,READ,15.13,ERROR,user-db,v2.0.1,c60a11e974c0401dafb13aa186a77f31
live_ep_000004_DEPENDENCY_TIMEOUT,DEPENDENCY_TIMEOUT,inventory-service,38.0,1785922650.8598466,4b71a36e592e43c889739477490adee4,155b08909d964567b1435536061c97dd,cache.get,,3.82,OK,cache-cluster,v2.0.1,c60a11e974c0401dafb13aa186a77f31
live_ep_000004_DEPENDENCY_TIMEOUT,DEPENDENCY_TIMEOUT,inventory-service,38.0,1785922650.8598466,b68d812d8b7045ae81d8c86faaec831e,155b08909d964567b1435536061c97dd,http.client.get,,4932.05,ERROR,user-db,v2.0.1,c60a11e974c0401dafb13aa186a77f31
live_ep_000004_DEPENDENCY_TIMEOUT,DEPENDENCY_TIMEOUT,inventory-service,38.5,1785922651.360339,7fa2db25548d4fb2b3d71d3cdf10e8cb,,POST /api/checkout,,923.99,ERROR,inventory-service,v2.0.1,c6b47ed1c38043a9b4b617025abbc156
live_ep_000004_DEPENDENCY_TIMEOUT,DEPENDENCY_TIMEOUT,inventory-service,38.5,1785922651.360339,31c380639d634e11b129217b4aa913f8,7fa2db25548d4fb2b3d71d3cdf10e8cb,db.query.delete,READ,8.25,OK,user-db,v2.0.1,c6b47ed1c38043a9b4b617025abbc156
live_ep_000004_DEPENDENCY_TIMEOUT,DEPENDENCY_TIMEOUT,inventory-service,38.5,1785922651.360339,e1914dccd4da4f388d79dc7a03646beb,7fa2db25548d4fb2b3d71d3cdf10e8cb,cache.get,,2.67,OK,cache-cluster,v2.0.1,c6b47ed1c38043a9b4b617025abbc156
live_ep_000004_DEPENDENCY_TIMEOUT,DEPENDENCY_TIMEOUT,inventory-service,39.0,1785922651.8605888,eac50e962db443ddb0a818621935fea6,,GET /api/health,,590.93,ERROR,inventory-service,v2.0.1,cae486ca32e847e3b099c3213d3c14ed
live_ep_000004_DEPENDENCY_TIMEOUT,DEPENDENCY_TIMEOUT,inventory-service,39.0,1785922651.8605888,23db66203faf442cb5fbf331b0f408be,eac50e962db443ddb0a818621935fea6,db.query.update,WRITE,21.58,OK,user-db,v2.0.1,cae486ca32e847e3b099c3213d3c14ed
live_ep_000004_DEPENDENCY_TIMEOUT,DEPENDENCY_TIMEOUT,inventory-service,39.0,1785922651.8605888,a3c4766ff30d4bc3a280b833c651d3ce,eac50e962db443ddb0a818621935fea6,db.query.select,READ,17.95,OK,user-db,v2.0.1,cae486ca32e847e3b099c3213d3c14ed
live_ep_000004_DEPENDENCY_TIMEOUT,DEPENDENCY_TIMEOUT,inventory-service,39.0,1785922651.8605888,3f21a1f70776442492c442f1a18508f7,eac50e962db443ddb0a818621935fea6,http.client.get,,4930.44,ERROR,user-db,v2.0.1,cae486ca32e847e3b099c3213d3c14ed
live_ep_000004_DEPENDENCY_TIMEOUT,DEPENDENCY_TIMEOUT,inventory-service,39.5,1785922652.3608122,1c44945d6c9b4461b98599c5060737b1,,GET /api/auth,,864.82,OK,inventory-service,v2.0.1,07be0d4a6d9341b18c0deae456ee23ad
live_ep_000004_DEPENDENCY_TIMEOUT,DEPENDENCY_TIMEOUT,inventory-service,39.5,1785922652.3608122,a8dc11ed6354469db46739daf0acbb40,1c44945d6c9b4461b98599c5060737b1,db.query.delete,READ,15.84,OK,user-db,v2.0.1,07be0d4a6d9341b18c0deae456ee23ad
live_ep_000004_DEPENDENCY_TIMEOUT,DEPENDENCY_TIMEOUT,inventory-service,39.5,1785922652.3608122,38b7d223f60744e58fa1d2bad0e9030c,1c44945d6c9b4461b98599c5060737b1,db.transaction,READ,18.27,OK,user-db,v2.0.1,07be0d4a6d9341b18c0deae456ee23ad
live_ep_000004_DEPENDENCY_TIMEOUT,DEPENDENCY_TIMEOUT,inventory-service,39.5,1785922652.3608122,dae96d653f5b4477b23edc5b4cf95725,1c44945d6c9b4461b98599c5060737b1,cache.set,,4.06,OK,cache-cluster,v2.0.1,07be0d4a6d9341b18c0deae456ee23ad
live_ep_000004_DEPENDENCY_TIMEOUT,DEPENDENCY_TIMEOUT,inventory-service,40.0,1785922652.8609807,4a500d47db1343408b3509fe0b764a66,,GET /api/health,,831.83,ERROR,inventory-service,v2.0.1,123acd6d378d4820a6c23a9597b2704d
live_ep_000004_DEPENDENCY_TIMEOUT,DEPENDENCY_TIMEOUT,inventory-service,40.0,1785922652.8609807,959af5880e1248b7af6f85891091d2f8,4a500d47db1343408b3509fe0b764a66,db.query.insert,READ,19.9,OK,user-db,v2.0.1,123acd6d378d4820a6c23a9597b2704d
live_ep_000004_DEPENDENCY_TIMEOUT,DEPENDENCY_TIMEOUT,inventory-service,40.0,1785922652.8609807,4aa4aff7f567408ba259fc2e4c3b04fa,4a500d47db1343408b3509fe0b764a66,cache.delete,,1.36,OK,cache-cluster,v2.0.1,123acd6d378d4820a6c23a9597b2704d
live_ep_000004_DEPENDENCY_TIMEOUT,DEPENDENCY_TIMEOUT,inventory-service,40.0,1785922652.8609807,4863838a2d3d451ba9a87709ca84b25a,4a500d47db1343408b3509fe0b764a66,grpc.call,,4963.82,ERROR,cache-cluster,v2.0.1,123acd6d378d4820a6c23a9597b2704d
live_ep_000004_DEPENDENCY_TIMEOUT,DEPENDENCY_TIMEOUT,inventory-service,40.5,1785922653.3610575,651421a976434ecf9a1c6a8bb48580ae,,POST /api/payment,,826.96,ERROR,inventory-service,v2.0.1,18298c89eabd4a41a4c54095df0f8842
live_ep_000004_DEPENDENCY_TIMEOUT,DEPENDENCY_TIMEOUT,inventory-service,40.5,1785922653.3610575,b2779d97a0804c16a59d9b53f15acd1b,651421a976434ecf9a1c6a8bb48580ae,db.query.update,WRITE,24.62,OK,user-db,v2.0.1,18298c89eabd4a41a4c54095df0f8842
live_ep_000004_DEPENDENCY_TIMEOUT,DEPENDENCY_TIMEOUT,inventory-service,40.5,1785922653.3610575,fbed20bbad9e4a8fa29565a79e673291,651421a976434ecf9a1c6a8bb48580ae,db.query.update,READ,18.64,OK,user-db,v2.0.1,18298c89eabd4a41a4c54095df0f8842
live_ep_000004_DEPENDENCY_TIMEOUT,DEPENDENCY_TIMEOUT,inventory-service,40.5,1785922653.3610575,241b51c504ec4ca98c7d5e51562bbcaf,651421a976434ecf9a1c6a8bb48580ae,cache.get,,0.61,OK,cache-cluster,v2.0.1,18298c89eabd4a41a4c54095df0f8842
live_ep_000004_DEPENDENCY_TIMEOUT,DEPENDENCY_TIMEOUT,inventory-service,40.5,1785922653.3610575,007897f7c38b43e0bfbb2003423eb712,651421a976434ecf9a1c6a8bb48580ae,http.client.get,,37.82,OK,user-db,v2.0.1,18298c89eabd4a41a4c54095df0f8842
live_ep_000004_DEPENDENCY_TIMEOUT,DEPENDENCY_TIMEOUT,inventory-service,41.0,1785922653.8613296,5aa978d808a046819cd758948570e98f,,GET /api/order,,795.95,ERROR,inventory-service,v2.0.1,b1e39e814da4436ca46160df485ad88a
live_ep_000004_DEPENDENCY_TIMEOUT,DEPENDENCY_TIMEOUT,inventory-service,41.0,1785922653.8613296,3b7c32aa35224c249a69a4a81640bf69,5aa978d808a046819cd758948570e98f,db.query.update,READ,22.47,ERROR,user-db,v2.0.1,b1e39e814da4436ca46160df485ad88a
live_ep_000004_DEPENDENCY_TIMEOUT,DEPENDENCY_TIMEOUT,inventory-service,41.0,1785922653.8613296,8583803e3b824413837fdbd840443155,5aa978d808a046819cd758948570e98f,db.query.insert,READ,23.71,OK,user-db,v2.0.1,b1e39e814da4436ca46160df485ad88a
live_ep_000004_DEPENDENCY_TIMEOUT,DEPENDENCY_TIMEOUT,inventory-service,41.0,1785922653.8613296,35ff7ab0c64640b1a81a2e298395dbf0,5aa978d808a046819cd758948570e98f,grpc.call,,4829.05,ERROR,payment-gateway,v2.0.1,b1e39e814da4436ca46160df485ad88a
live_ep_000004_DEPENDENCY_TIMEOUT,DEPENDENCY_TIMEOUT,inventory-service,41.5,1785922654.3615913,76792c1dfa854d0e862fc83dd46cf230,,GET /api/order,,536.06,ERROR,inventory-service,v2.0.1,865f0a17db9c44ed8c91d9de95b426e0
live_ep_000004_DEPENDENCY_TIMEOUT,DEPENDENCY_TIMEOUT,inventory-service,41.5,1785922654.3615913,5f09b3495a864eccad4da5c4dac13462,76792c1dfa854d0e862fc83dd46cf230,db.query.insert,WRITE,27.07,OK,user-db,v2.0.1,865f0a17db9c44ed8c91d9de95b426e0
live_ep_000004_DEPENDENCY_TIMEOUT,DEPENDENCY_TIMEOUT,inventory-service,41.5,1785922654.3615913,c67919b9d31b4301a8a4c7de352bf8d0,76792c1dfa854d0e862fc83dd46cf230,cache.delete,,1.86,OK,cache-cluster,v2.0.1,865f0a17db9c44ed8c91d9de95b426e0
live_ep_000004_DEPENDENCY_TIMEOUT,DEPENDENCY_TIMEOUT,inventory-service,42.0,1785922654.8661733,fdd7a72d812346228313e01b6b7cfa20,,POST /api/checkout,,620.6,OK,inventory-service,v2.0.1,4330aafba994422184cf1539ef19ccd2
live_ep_000004_DEPENDENCY_TIMEOUT,DEPENDENCY_TIMEOUT,inventory-service,42.0,1785922654.8661733,ebba1f71934547a8b7fba2b2064ccb0b,fdd7a72d812346228313e01b6b7cfa20,db.query.delete,READ,24.02,OK,user-db,v2.0.1,4330aafba994422184cf1539ef19ccd2
live_ep_000004_DEPENDENCY_TIMEOUT,DEPENDENCY_TIMEOUT,inventory-service,42.0,1785922654.8661733,dc64732c6cf3433682d3b5034b7a8640,fdd7a72d812346228313e01b6b7cfa20,db.transaction,WRITE,19.32,ERROR,user-db,v2.0.1,4330aafba994422184cf1539ef19ccd2
live_ep_000004_DEPENDENCY_TIMEOUT,DEPENDENCY_TIMEOUT,inventory-service,42.0,1785922654.8661733,4f550e2639dc4ad79377fded8de0103b,fdd7a72d812346228313e01b6b7cfa20,http.client.post,,31.09,OK,inventory-api,v2.0.1,4330aafba994422184cf1539ef19ccd2
live_ep_000004_DEPENDENCY_TIMEOUT,DEPENDENCY_TIMEOUT,inventory-service,42.5,1785922655.3664308,d29389b422064af4a52fba723ac86643,,POST /api/checkout,,839.16,ERROR,inventory-service,v2.0.1,4eacdcec3eed47b486926a7a452bb2f3
live_ep_000004_DEPENDENCY_TIMEOUT,DEPENDENCY_TIMEOUT,inventory-service,42.5,1785922655.3664308,64e6fd8b3beb4b20a0ce5e4d3a9c991a,d29389b422064af4a52fba723ac86643,db.query.insert,READ,17.48,OK,user-db,v2.0.1,4eacdcec3eed47b486926a7a452bb2f3
live_ep_000004_DEPENDENCY_TIMEOUT,DEPENDENCY_TIMEOUT,inventory-service,42.5,1785922655.3664308,a1f338251b0b4d15867134a907d2c3f6,d29389b422064af4a52fba723ac86643,db.query.insert,READ,16.53,ERROR,user-db,v2.0.1,4eacdcec3eed47b486926a7a452bb2f3
live_ep_000004_DEPENDENCY_TIMEOUT,DEPENDENCY_TIMEOUT,inventory-service,43.0,1785922655.8669963,b3e6454bf4d640ebb236aa13997a3b41,,POST /api/checkout,,776.0,OK,inventory-service,v2.0.1,b4bd07e93f4b45199bf8d41f61b34980
live_ep_000004_DEPENDENCY_TIMEOUT,DEPENDENCY_TIMEOUT,inventory-service,43.0,1785922655.8669963,7e66936dbb5f43fda347641af6f0d509,b3e6454bf4d640ebb236aa13997a3b41,db.query.delete,READ,21.24,OK,user-db,v2.0.1,b4bd07e93f4b45199bf8d41f61b34980
live_ep_000004_DEPENDENCY_TIMEOUT,DEPENDENCY_TIMEOUT,inventory-service,43.0,1785922655.8669963,88dbc2a01590494ca6e47500944fe459,b3e6454bf4d640ebb236aa13997a3b41,db.transaction,READ,33.29,OK,user-db,v2.0.1,b4bd07e93f4b45199bf8d41f61b34980
live_ep_000004_DEPENDENCY_TIMEOUT,DEPENDENCY_TIMEOUT,inventory-service,43.0,1785922655.8669963,1472de8483f04fdf9ff65c8c3a21f6e0,b3e6454bf4d640ebb236aa13997a3b41,cache.set,,1.6,OK,cache-cluster,v2.0.1,b4bd07e93f4b45199bf8d41f61b34980
live_ep_000004_DEPENDENCY_TIMEOUT,DEPENDENCY_TIMEOUT,inventory-service,43.0,1785922655.8669963,14a14a05efee402c9cc070d49547276a,b3e6454bf4d640ebb236aa13997a3b41,http.client.post,,33.37,OK,cache-cluster,v2.0.1,b4bd07e93f4b45199bf8d41f61b34980
live_ep_000004_DEPENDENCY_TIMEOUT,DEPENDENCY_TIMEOUT,inventory-service,43.5,1785922656.3674922,4b131b9bcc1e4b928878b1b71ab67179,,POST /api/checkout,,971.63,ERROR,inventory-service,v2.0.1,3da0b23b1a414cbe89483ce18e29f79d
live_ep_000004_DEPENDENCY_TIMEOUT,DEPENDENCY_TIMEOUT,inventory-service,43.5,1785922656.3674922,52f83eed3a2a4c51806619d9818ad236,4b131b9bcc1e4b928878b1b71ab67179,db.query.delete,WRITE,27.26,OK,user-db,v2.0.1,3da0b23b1a414cbe89483ce18e29f79d
live_ep_000004_DEPENDENCY_TIMEOUT,DEPENDENCY_TIMEOUT,inventory-service,44.0,1785922656.8680434,895c92194acf4d44ae72369c1db72c59,,GET /api/auth,,947.79,ERROR,inventory-service,v2.0.1,c39f5a65ea2d42b487fde35632541374
live_ep_000004_DEPENDENCY_TIMEOUT,DEPENDENCY_TIMEOUT,inventory-service,44.0,1785922656.8680434,fc1f0f31153441cabada221bc357f0a9,895c92194acf4d44ae72369c1db72c59,db.query.update,READ,38.31,OK,user-db,v2.0.1,c39f5a65ea2d42b487fde35632541374
live_ep_000004_DEPENDENCY_TIMEOUT,DEPENDENCY_TIMEOUT,inventory-service,44.0,1785922656.8680434,9e0f736ca7814cb3b9755e272ea75cc7,895c92194acf4d44ae72369c1db72c59,cache.delete,,0.94,OK,cache-cluster,v2.0.1,c39f5a65ea2d42b487fde35632541374
live_ep_000004_DEPENDENCY_TIMEOUT,DEPENDENCY_TIMEOUT,inventory-service,44.5,1785922657.3683925,ee7acb382018403e97f240c868951eaf,,POST /api/checkout,,1046.12,OK,inventory-service,v2.0.1,d09952f42db84fabaf7e264d8a15f2b7
live_ep_000004_DEPENDENCY_TIMEOUT,DEPENDENCY_TIMEOUT,inventory-service,44.5,1785922657.3683925,877f3c7b0c684b35b1cc0396680f9508,ee7acb382018403e97f240c868951eaf,db.query.delete,READ,18.49,OK,user-db,v2.0.1,d09952f42db84fabaf7e264d8a15f2b7
live_ep_000004_DEPENDENCY_TIMEOUT,DEPENDENCY_TIMEOUT,inventory-service,44.5,1785922657.3683925,8267a5fa0d234b4cbb5bd0432aa34098,ee7acb382018403e97f240c868951eaf,db.query.delete,READ,12.16,ERROR,user-db,v2.0.1,d09952f42db84fabaf7e264d8a15f2b7
live_ep_000004_DEPENDENCY_TIMEOUT,DEPENDENCY_TIMEOUT,inventory-service,45.0,1785922657.8685544,b86c040a356643d6856b5da1cd8b93e3,,GET /api/order,,1012.5,OK,inventory-service,v2.0.1,5853dfdf81a1420997bac342dfa2e0dd
live_ep_000004_DEPENDENCY_TIMEOUT,DEPENDENCY_TIMEOUT,inventory-service,45.0,1785922657.8685544,883952f7dfb44ac6af4025e70f5bba2d,b86c040a356643d6856b5da1cd8b93e3,db.query.update,WRITE,16.6,OK,user-db,v2.0.1,5853dfdf81a1420997bac342dfa2e0dd
live_ep_000004_DEPENDENCY_TIMEOUT,DEPENDENCY_TIMEOUT,inventory-service,45.0,1785922657.8685544,b629040a241f47f2b42d99d5530e38c9,b86c040a356643d6856b5da1cd8b93e3,db.query.insert,READ,12.82,ERROR,user-db,v2.0.1,5853dfdf81a1420997bac342dfa2e0dd
live_ep_000004_DEPENDENCY_TIMEOUT,DEPENDENCY_TIMEOUT,inventory-service,45.0,1785922657.8685544,063754bedc774b23892b5323b185eaaf,b86c040a356643d6856b5da1cd8b93e3,http.client.post,,14.34,OK,payment-gateway,v2.0.1,5853dfdf81a1420997bac342dfa2e0dd
live_ep_000004_DEPENDENCY_TIMEOUT,DEPENDENCY_TIMEOUT,inventory-service,45.5,1785922658.3689115,2ac4da859ec3493990df0e70fc898e75,,GET /api/health,,433.1,OK,inventory-service,v2.0.1,660abacaa583431881e2c901f603215d
live_ep_000004_DEPENDENCY_TIMEOUT,DEPENDENCY_TIMEOUT,inventory-service,45.5,1785922658.3689115,4b9e97794d264b22a0e2d31ccebd4e7f,2ac4da859ec3493990df0e70fc898e75,db.query.select,READ,9.82,OK,user-db,v2.0.1,660abacaa583431881e2c901f603215d
live_ep_000004_DEPENDENCY_TIMEOUT,DEPENDENCY_TIMEOUT,inventory-service,45.5,1785922658.3689115,4e51e1efc4bb4339ad66347b23b65e6a,2ac4da859ec3493990df0e70fc898e75,db.query.delete,READ,3.52,OK,user-db,v2.0.1,660abacaa583431881e2c901f603215d
live_ep_000004_DEPENDENCY_TIMEOUT,DEPENDENCY_TIMEOUT,inventory-service,45.5,1785922658.3689115,88b270eb91304d7d89fe0165a35f08f4,2ac4da859ec3493990df0e70fc898e75,http.client.post,,33.91,ERROR,user-db,v2.0.1,660abacaa583431881e2c901f603215d
live_ep_000004_DEPENDENCY_TIMEOUT,DEPENDENCY_TIMEOUT,inventory-service,46.0,1785922658.8692925,8d494cf81eec441199df5b62deefd6c0,,POST /api/payment,,684.13,OK,inventory-service,v2.0.1,3b10b666bd3a40b19d3269076723a050
live_ep_000004_DEPENDENCY_TIMEOUT,DEPENDENCY_TIMEOUT,inventory-service,46.0,1785922658.8692925,836cd5ca1aba46acb82631800e7197b1,8d494cf81eec441199df5b62deefd6c0,db.query.delete,READ,15.4,OK,user-db,v2.0.1,3b10b666bd3a40b19d3269076723a050
live_ep_000004_DEPENDENCY_TIMEOUT,DEPENDENCY_TIMEOUT,inventory-service,46.0,1785922658.8692925,681d4b1a4e8e4982875b69f5cf7fdcc1,8d494cf81eec441199df5b62deefd6c0,db.query.update,READ,2.19,OK,user-db,v2.0.1,3b10b666bd3a40b19d3269076723a050
live_ep_000004_DEPENDENCY_TIMEOUT,DEPENDENCY_TIMEOUT,inventory-service,46.0,1785922658.8692925,690d83f0bd424882a018874c22f63478,8d494cf81eec441199df5b62deefd6c0,cache.delete,,0.88,OK,cache-cluster,v2.0.1,3b10b666bd3a40b19d3269076723a050
live_ep_000004_DEPENDENCY_TIMEOUT,DEPENDENCY_TIMEOUT,inventory-service,46.5,1785922659.3698199,23d0e00269e24a24b7b089593cf5a226,,GET /api/auth,,804.15,ERROR,inventory-service,v2.0.1,75a80d29f43940a4a2e958cd005670dd
live_ep_000004_DEPENDENCY_TIMEOUT,DEPENDENCY_TIMEOUT,inventory-service,46.5,1785922659.3698199,f36ad500520146f2b95484bd31b076db,23d0e00269e24a24b7b089593cf5a226,db.query.update,WRITE,7.42,OK,user-db,v2.0.1,75a80d29f43940a4a2e958cd005670dd
live_ep_000004_DEPENDENCY_TIMEOUT,DEPENDENCY_TIMEOUT,inventory-service,46.5,1785922659.3698199,a00bfb6c59af407ebee7d207de370e08,23d0e00269e24a24b7b089593cf5a226,db.query.insert,READ,17.73,OK,user-db,v2.0.1,75a80d29f43940a4a2e958cd005670dd
live_ep_000004_DEPENDENCY_TIMEOUT,DEPENDENCY_TIMEOUT,inventory-service,47.0,1785922659.8704872,6b2bf2f8bdca4b3ba4fb703d017cdea9,,POST /api/payment,,616.64,OK,inventory-service,v2.0.1,0df4c2234c5b4935a64a57b157393b75
live_ep_000004_DEPENDENCY_TIMEOUT,DEPENDENCY_TIMEOUT,inventory-service,47.0,1785922659.8704872,c853bd4acb344bf68f7359c8f5ce54f5,6b2bf2f8bdca4b3ba4fb703d017cdea9,db.transaction,READ,19.12,OK,user-db,v2.0.1,0df4c2234c5b4935a64a57b157393b75
live_ep_000004_DEPENDENCY_TIMEOUT,DEPENDENCY_TIMEOUT,inventory-service,47.0,1785922659.8704872,2e151e40ceff45c5b409930ff3346b3f,6b2bf2f8bdca4b3ba4fb703d017cdea9,db.query.delete,READ,28.28,OK,user-db,v2.0.1,0df4c2234c5b4935a64a57b157393b75
live_ep_000004_DEPENDENCY_TIMEOUT,DEPENDENCY_TIMEOUT,inventory-service,47.0,1785922659.8704872,2ef5b80e2df54a3c98f544b3cb3a4914,6b2bf2f8bdca4b3ba4fb703d017cdea9,cache.get,,3.22,OK,cache-cluster,v2.0.1,0df4c2234c5b4935a64a57b157393b75
live_ep_000004_DEPENDENCY_TIMEOUT,DEPENDENCY_TIMEOUT,inventory-service,47.5,1785922660.372406,657667a8229147ae9e8384c80359b536,,GET /api/auth,,611.12,OK,inventory-service,v2.0.1,989af26ce25c4d0f8dd372f697510885
live_ep_000004_DEPENDENCY_TIMEOUT,DEPENDENCY_TIMEOUT,inventory-service,47.5,1785922660.372406,e16bab8169de4846b6d07eab975704c8,657667a8229147ae9e8384c80359b536,db.transaction,READ,32.92,OK,user-db,v2.0.1,989af26ce25c4d0f8dd372f697510885
live_ep_000004_DEPENDENCY_TIMEOUT,DEPENDENCY_TIMEOUT,inventory-service,47.5,1785922660.372406,cbce6d9dc26b42a9ad873dab7844561f,657667a8229147ae9e8384c80359b536,db.query.select,READ,26.61,OK,user-db,v2.0.1,989af26ce25c4d0f8dd372f697510885
live_ep_000004_DEPENDENCY_TIMEOUT,DEPENDENCY_TIMEOUT,inventory-service,47.5,1785922660.372406,f13e62c71862455e86f4048c636dbaca,657667a8229147ae9e8384c80359b536,cache.delete,,0.81,OK,cache-cluster,v2.0.1,989af26ce25c4d0f8dd372f697510885
live_ep_000004_DEPENDENCY_TIMEOUT,DEPENDENCY_TIMEOUT,inventory-service,47.5,1785922660.372406,50020dcce4e149779f2e66d6a4d11734,657667a8229147ae9e8384c80359b536,http.client.post,,4611.04,ERROR,payment-gateway,v2.0.1,989af26ce25c4d0f8dd372f697510885
live_ep_000004_DEPENDENCY_TIMEOUT,DEPENDENCY_TIMEOUT,inventory-service,48.0,1785922660.8726547,ab835cf059f84bbc92f3c6a17085df9a,,POST /api/payment,,945.19,OK,inventory-service,v2.0.1,5fffa0c364804aa0b5b0306609404ff8
live_ep_000004_DEPENDENCY_TIMEOUT,DEPENDENCY_TIMEOUT,inventory-service,48.0,1785922660.8726547,b385a55051d041bc8ab67880d6a95129,ab835cf059f84bbc92f3c6a17085df9a,db.query.insert,READ,11.34,OK,user-db,v2.0.1,5fffa0c364804aa0b5b0306609404ff8
live_ep_000004_DEPENDENCY_TIMEOUT,DEPENDENCY_TIMEOUT,inventory-service,48.0,1785922660.8726547,303d54df0006412d90b2ece19b5166a4,ab835cf059f84bbc92f3c6a17085df9a,cache.delete,,2.96,OK,cache-cluster,v2.0.1,5fffa0c364804aa0b5b0306609404ff8
live_ep_000004_DEPENDENCY_TIMEOUT,DEPENDENCY_TIMEOUT,inventory-service,48.0,1785922660.8726547,da1b4164d4ce41db80454b0af8db94bf,ab835cf059f84bbc92f3c6a17085df9a,http.client.post,,5060.39,ERROR,user-db,v2.0.1,5fffa0c364804aa0b5b0306609404ff8
live_ep_000004_DEPENDENCY_TIMEOUT,DEPENDENCY_TIMEOUT,inventory-service,48.5,1785922661.3728545,1a68cd44ed994b4bb8e56d467e3112eb,,POST /api/payment,,840.78,ERROR,inventory-service,v2.0.1,37db490a2e57460e9e44fa2b39faa205
live_ep_000004_DEPENDENCY_TIMEOUT,DEPENDENCY_TIMEOUT,inventory-service,48.5,1785922661.3728545,9144529586e0471cb9ebd27acdc43a14,1a68cd44ed994b4bb8e56d467e3112eb,db.transaction,WRITE,24.31,OK,user-db,v2.0.1,37db490a2e57460e9e44fa2b39faa205
live_ep_000004_DEPENDENCY_TIMEOUT,DEPENDENCY_TIMEOUT,inventory-service,48.5,1785922661.3728545,b430f60486304e78bc569ff1ee70d1d5,1a68cd44ed994b4bb8e56d467e3112eb,db.query.select,READ,30.49,OK,user-db,v2.0.1,37db490a2e57460e9e44fa2b39faa205
live_ep_000004_DEPENDENCY_TIMEOUT,DEPENDENCY_TIMEOUT,inventory-service,48.5,1785922661.3728545,0efeb2e8d43f43c2ba072ac12da7a4fa,1a68cd44ed994b4bb8e56d467e3112eb,cache.get,,0.85,OK,cache-cluster,v2.0.1,37db490a2e57460e9e44fa2b39faa205
live_ep_000004_DEPENDENCY_TIMEOUT,DEPENDENCY_TIMEOUT,inventory-service,49.0,1785922661.87302,04e65b0505934c7ba296a4bc616f4e4a,,POST /api/payment,,978.85,OK,inventory-service,v2.0.1,5e24cef4c28141b1aea4b2a704dece79
live_ep_000004_DEPENDENCY_TIMEOUT,DEPENDENCY_TIMEOUT,inventory-service,49.0,1785922661.87302,4071e28b973b4b179c83674ea10054d8,04e65b0505934c7ba296a4bc616f4e4a,db.transaction,READ,20.16,OK,user-db,v2.0.1,5e24cef4c28141b1aea4b2a704dece79
live_ep_000004_DEPENDENCY_TIMEOUT,DEPENDENCY_TIMEOUT,inventory-service,49.0,1785922661.87302,64e95cd75240437893955be00dd4e41c,04e65b0505934c7ba296a4bc616f4e4a,cache.get,,2.85,OK,cache-cluster,v2.0.1,5e24cef4c28141b1aea4b2a704dece79
live_ep_000004_DEPENDENCY_TIMEOUT,DEPENDENCY_TIMEOUT,inventory-service,49.0,1785922661.87302,153d45fcae864293a06ed9f8ebbf50a3,04e65b0505934c7ba296a4bc616f4e4a,grpc.call,,51.66,ERROR,payment-gateway,v2.0.1,5e24cef4c28141b1aea4b2a704dece79
live_ep_000004_DEPENDENCY_TIMEOUT,DEPENDENCY_TIMEOUT,inventory-service,49.5,1785922662.4155562,35b4e707a0f74063b754d2939d3a550e,,POST /api/payment,,828.83,ERROR,inventory-service,v2.0.1,74c103493ea249acad4b22e650fc5db7
live_ep_000004_DEPENDENCY_TIMEOUT,DEPENDENCY_TIMEOUT,inventory-service,49.5,1785922662.4155562,37019d667de747c4930f1e59171512e1,35b4e707a0f74063b754d2939d3a550e,db.query.delete,READ,6.64,OK,user-db,v2.0.1,74c103493ea249acad4b22e650fc5db7
live_ep_000004_DEPENDENCY_TIMEOUT,DEPENDENCY_TIMEOUT,inventory-service,49.5,1785922662.4155562,e0ff8296ca344582aaeb2c7c725469a5,35b4e707a0f74063b754d2939d3a550e,db.query.delete,READ,25.92,OK,user-db,v2.0.1,74c103493ea249acad4b22e650fc5db7
live_ep_000004_DEPENDENCY_TIMEOUT,DEPENDENCY_TIMEOUT,inventory-service,49.5,1785922662.4155562,3b420f201e114068965029ce28d9a118,35b4e707a0f74063b754d2939d3a550e,cache.delete,,1.17,OK,cache-cluster,v2.0.1,74c103493ea249acad4b22e650fc5db7
live_ep_000004_DEPENDENCY_TIMEOUT,DEPENDENCY_TIMEOUT,inventory-service,50.0,1785922662.9160156,dc58fda3825c450199a6c80df1f19726,,PUT /api/inventory,,545.43,OK,inventory-service,v2.0.1,0d2ff22cf95f42e2a71c35120648f021
live_ep_000004_DEPENDENCY_TIMEOUT,DEPENDENCY_TIMEOUT,inventory-service,50.0,1785922662.9160156,88a1eaa201f24f5881d9dc609edba21f,dc58fda3825c450199a6c80df1f19726,db.query.update,READ,24.02,OK,user-db,v2.0.1,0d2ff22cf95f42e2a71c35120648f021
live_ep_000004_DEPENDENCY_TIMEOUT,DEPENDENCY_TIMEOUT,inventory-service,50.0,1785922662.9160156,5fdf64b982c940f0b6039a9b113feacc,dc58fda3825c450199a6c80df1f19726,db.transaction,READ,26.24,ERROR,user-db,v2.0.1,0d2ff22cf95f42e2a71c35120648f021
live_ep_000004_DEPENDENCY_TIMEOUT,DEPENDENCY_TIMEOUT,inventory-service,50.0,1785922662.9160156,b9ccb05573794d49887c9b3b53ffa17f,dc58fda3825c450199a6c80df1f19726,cache.set,,3.75,OK,cache-cluster,v2.0.1,0d2ff22cf95f42e2a71c35120648f021
live_ep_000004_DEPENDENCY_TIMEOUT,DEPENDENCY_TIMEOUT,inventory-service,50.5,1785922663.4161398,15e152a1c4624c96b09d4c743ccf81f4,,GET /api/auth,,807.27,OK,inventory-service,v2.0.1,6d608b3e72e54c4fa66e261ffb29ddc0
live_ep_000004_DEPENDENCY_TIMEOUT,DEPENDENCY_TIMEOUT,inventory-service,50.5,1785922663.4161398,9a35128f5cb646309b7992c25a16c4cd,15e152a1c4624c96b09d4c743ccf81f4,db.query.delete,READ,32.62,OK,user-db,v2.0.1,6d608b3e72e54c4fa66e261ffb29ddc0
live_ep_000004_DEPENDENCY_TIMEOUT,DEPENDENCY_TIMEOUT,inventory-service,50.5,1785922663.4161398,51681c8aa28b499f8955124f6683ec68,15e152a1c4624c96b09d4c743ccf81f4,db.query.delete,WRITE,23.83,OK,user-db,v2.0.1,6d608b3e72e54c4fa66e261ffb29ddc0
live_ep_000004_DEPENDENCY_TIMEOUT,DEPENDENCY_TIMEOUT,inventory-service,50.5,1785922663.4161398,5186d78af87349aeaea6d50f1b481aef,15e152a1c4624c96b09d4c743ccf81f4,cache.delete,,1.36,OK,cache-cluster,v2.0.1,6d608b3e72e54c4fa66e261ffb29ddc0
live_ep_000004_DEPENDENCY_TIMEOUT,DEPENDENCY_TIMEOUT,inventory-service,51.0,1785922663.9165285,6d704d5ce6bb4ba3aac81fa47ae57446,,GET /api/health,,954.9,OK,inventory-service,v2.0.1,e6305b4cf79a4ca6b17532191d6ae18d
live_ep_000004_DEPENDENCY_TIMEOUT,DEPENDENCY_TIMEOUT,inventory-service,51.0,1785922663.9165285,dc6d2896875e4b0ca1fe05bf3fde9b42,6d704d5ce6bb4ba3aac81fa47ae57446,db.query.update,WRITE,16.61,OK,user-db,v2.0.1,e6305b4cf79a4ca6b17532191d6ae18d
live_ep_000004_DEPENDENCY_TIMEOUT,DEPENDENCY_TIMEOUT,inventory-service,51.0,1785922663.9165285,02d1842acd5146ac9de8b08cbc69bd94,6d704d5ce6bb4ba3aac81fa47ae57446,db.query.insert,WRITE,24.81,OK,user-db,v2.0.1,e6305b4cf79a4ca6b17532191d6ae18d
live_ep_000004_DEPENDENCY_TIMEOUT,DEPENDENCY_TIMEOUT,inventory-service,51.0,1785922663.9165285,09eb5f519cbb4a9c8c4837b3a62c1420,6d704d5ce6bb4ba3aac81fa47ae57446,cache.delete,,1.81,OK,cache-cluster,v2.0.1,e6305b4cf79a4ca6b17532191d6ae18d
live_ep_000004_DEPENDENCY_TIMEOUT,DEPENDENCY_TIMEOUT,inventory-service,51.5,1785922664.416926,de2fddeb065e425483eac78c34a481e5,,POST /api/payment,,553.79,OK,inventory-service,v2.0.1,5ab977c162a044609f447c93afee9205
live_ep_000004_DEPENDENCY_TIMEOUT,DEPENDENCY_TIMEOUT,inventory-service,51.5,1785922664.416926,90ffebadc58a412b9a753766580e1e0c,de2fddeb065e425483eac78c34a481e5,db.query.insert,WRITE,14.91,OK,user-db,v2.0.1,5ab977c162a044609f447c93afee9205
live_ep_000004_DEPENDENCY_TIMEOUT,DEPENDENCY_TIMEOUT,inventory-service,51.5,1785922664.416926,2df9e442dc3d4cee96d53fb469863ba1,de2fddeb065e425483eac78c34a481e5,db.transaction,WRITE,17.86,ERROR,user-db,v2.0.1,5ab977c162a044609f447c93afee9205
live_ep_000004_DEPENDENCY_TIMEOUT,DEPENDENCY_TIMEOUT,inventory-service,51.5,1785922664.416926,2b4291800ce345198297f2be56c76567,de2fddeb065e425483eac78c34a481e5,cache.delete,,2.39,OK,cache-cluster,v2.0.1,5ab977c162a044609f447c93afee9205
live_ep_000004_DEPENDENCY_TIMEOUT,DEPENDENCY_TIMEOUT,inventory-service,52.0,1785922664.9172962,7eed75b26b504348b6364d735ced9fbb,,POST /api/payment,,626.51,OK,inventory-service,v2.0.1,4908e327ee9e4dbb93c8596b8e30d864
live_ep_000004_DEPENDENCY_TIMEOUT,DEPENDENCY_TIMEOUT,inventory-service,52.0,1785922664.9172962,0b14850d6cab43c49b128a4eb8a8c1d9,7eed75b26b504348b6364d735ced9fbb,db.query.select,WRITE,22.09,OK,user-db,v2.0.1,4908e327ee9e4dbb93c8596b8e30d864
live_ep_000004_DEPENDENCY_TIMEOUT,DEPENDENCY_TIMEOUT,inventory-service,52.0,1785922664.9172962,617f72a412164c4b852e43e4b021aa1d,7eed75b26b504348b6364d735ced9fbb,db.query.insert,WRITE,18.1,OK,user-db,v2.0.1,4908e327ee9e4dbb93c8596b8e30d864
live_ep_000004_DEPENDENCY_TIMEOUT,DEPENDENCY_TIMEOUT,inventory-service,52.0,1785922664.9172962,abf2992bae7c4003ba633ef0752b2534,7eed75b26b504348b6364d735ced9fbb,grpc.call,,4879.84,ERROR,payment-gateway,v2.0.1,4908e327ee9e4dbb93c8596b8e30d864
live_ep_000004_DEPENDENCY_TIMEOUT,DEPENDENCY_TIMEOUT,inventory-service,52.5,1785922665.4174457,2c95fd4f7ae648209400823741c40996,,POST /api/payment,,448.79,OK,inventory-service,v2.0.1,e8de616d651746cbbadb205086ad8b37
live_ep_000004_DEPENDENCY_TIMEOUT,DEPENDENCY_TIMEOUT,inventory-service,52.5,1785922665.4174457,6259d14c7ac14ea19eebdce4221fd3ca,2c95fd4f7ae648209400823741c40996,db.transaction,WRITE,26.06,OK,user-db,v2.0.1,e8de616d651746cbbadb205086ad8b37
live_ep_000004_DEPENDENCY_TIMEOUT,DEPENDENCY_TIMEOUT,inventory-service,52.5,1785922665.4174457,17f441a72dbb4da3bf5dffd7ff7d3bf6,2c95fd4f7ae648209400823741c40996,cache.set,,1.71,OK,cache-cluster,v2.0.1,e8de616d651746cbbadb205086ad8b37
live_ep_000004_DEPENDENCY_TIMEOUT,DEPENDENCY_TIMEOUT,inventory-service,53.0,1785922665.9176195,f057796c0760430ba4a5676d96571940,,POST /api/checkout,,780.37,ERROR,inventory-service,v2.0.1,cc69e7d276074f0384edeedaf3820881
live_ep_000004_DEPENDENCY_TIMEOUT,DEPENDENCY_TIMEOUT,inventory-service,53.0,1785922665.9176195,bdd93a4db6814be591c22aa9239d5bc7,f057796c0760430ba4a5676d96571940,db.query.update,WRITE,26.85,OK,user-db,v2.0.1,cc69e7d276074f0384edeedaf3820881
live_ep_000004_DEPENDENCY_TIMEOUT,DEPENDENCY_TIMEOUT,inventory-service,53.0,1785922665.9176195,23290d038c584e8daa504c602d78a9e7,f057796c0760430ba4a5676d96571940,cache.set,,3.3,OK,cache-cluster,v2.0.1,cc69e7d276074f0384edeedaf3820881
live_ep_000004_DEPENDENCY_TIMEOUT,DEPENDENCY_TIMEOUT,inventory-service,53.0,1785922665.9176195,eeda64fc6345413bac8c113e59f03c9e,f057796c0760430ba4a5676d96571940,http.client.get,,26.36,OK,inventory-api,v2.0.1,cc69e7d276074f0384edeedaf3820881
live_ep_000004_DEPENDENCY_TIMEOUT,DEPENDENCY_TIMEOUT,inventory-service,53.5,1785922666.4181669,7b05a4f82db34efd90da49463dc99621,,GET /api/auth,,896.81,ERROR,inventory-service,v2.0.1,50a259ca10d54fabaa703efd994aa916
live_ep_000004_DEPENDENCY_TIMEOUT,DEPENDENCY_TIMEOUT,inventory-service,53.5,1785922666.4181669,fb4fad6fc39240aa9823fa13950bb699,7b05a4f82db34efd90da49463dc99621,db.query.delete,WRITE,18.12,OK,user-db,v2.0.1,50a259ca10d54fabaa703efd994aa916
live_ep_000004_DEPENDENCY_TIMEOUT,DEPENDENCY_TIMEOUT,inventory-service,53.5,1785922666.4181669,d67676cbf67a4507aeeff7ad4c9ec2c7,7b05a4f82db34efd90da49463dc99621,cache.delete,,2.16,OK,cache-cluster,v2.0.1,50a259ca10d54fabaa703efd994aa916
live_ep_000004_DEPENDENCY_TIMEOUT,DEPENDENCY_TIMEOUT,inventory-service,54.0,1785922666.9184537,dc6f1db01fe34f119560e3e08bc82c2f,,POST /api/checkout,,1008.38,ERROR,inventory-service,v2.0.1,6e45010172aa4da8b1c0789d9237da8e
live_ep_000004_DEPENDENCY_TIMEOUT,DEPENDENCY_TIMEOUT,inventory-service,54.0,1785922666.9184537,c8a6b2f566d344059c8d82ce4c94badd,dc6f1db01fe34f119560e3e08bc82c2f,db.query.update,READ,8.8,OK,user-db,v2.0.1,6e45010172aa4da8b1c0789d9237da8e
live_ep_000004_DEPENDENCY_TIMEOUT,DEPENDENCY_TIMEOUT,inventory-service,54.0,1785922666.9184537,d68d20cac3d04fed9de0db55c0b48722,dc6f1db01fe34f119560e3e08bc82c2f,cache.delete,,4.57,OK,cache-cluster,v2.0.1,6e45010172aa4da8b1c0789d9237da8e
live_ep_000004_DEPENDENCY_TIMEOUT,DEPENDENCY_TIMEOUT,inventory-service,54.5,1785922667.418984,ccec0e2ed5b04484971e6cc75a69187a,,GET /api/order,,726.65,OK,inventory-service,v2.0.1,86b7bdea687b4245b328b6b79a6948ca
live_ep_000004_DEPENDENCY_TIMEOUT,DEPENDENCY_TIMEOUT,inventory-service,54.5,1785922667.418984,c2b1d976fd1f4bb6a3735831c6838236,ccec0e2ed5b04484971e6cc75a69187a,db.query.select,READ,30.61,ERROR,user-db,v2.0.1,86b7bdea687b4245b328b6b79a6948ca
live_ep_000004_DEPENDENCY_TIMEOUT,DEPENDENCY_TIMEOUT,inventory-service,55.0,1785922667.919143,16cefe12fe7c472d825abb48a2c25a00,,GET /api/auth,,702.88,ERROR,inventory-service,v2.0.1,75d39f0ddc1441fe95c7c3b4d9ea073b
live_ep_000004_DEPENDENCY_TIMEOUT,DEPENDENCY_TIMEOUT,inventory-service,55.0,1785922667.919143,f5f51421e2f04f87bae80ab42618a85a,16cefe12fe7c472d825abb48a2c25a00,db.query.select,READ,35.55,OK,user-db,v2.0.1,75d39f0ddc1441fe95c7c3b4d9ea073b
live_ep_000004_DEPENDENCY_TIMEOUT,DEPENDENCY_TIMEOUT,inventory-service,55.0,1785922667.919143,40fd8e921e4d47b1ae80f200eaaf681a,16cefe12fe7c472d825abb48a2c25a00,db.query.select,WRITE,33.81,OK,user-db,v2.0.1,75d39f0ddc1441fe95c7c3b4d9ea073b
live_ep_000004_DEPENDENCY_TIMEOUT,DEPENDENCY_TIMEOUT,inventory-service,55.0,1785922667.919143,2545bb3a86f14c8c9aad8511e0fc12b7,16cefe12fe7c472d825abb48a2c25a00,cache.delete,,0.67,OK,cache-cluster,v2.0.1,75d39f0ddc1441fe95c7c3b4d9ea073b
live_ep_000004_DEPENDENCY_TIMEOUT,DEPENDENCY_TIMEOUT,inventory-service,55.5,1785922668.4195378,c7d25b15c8f3494683dee958cc15d3cd,,GET /api/auth,,756.04,ERROR,inventory-service,v2.0.1,cd543c525be34e089f1f0a9e32691c0f
live_ep_000004_DEPENDENCY_TIMEOUT,DEPENDENCY_TIMEOUT,inventory-service,55.5,1785922668.4195378,4a1fbc01c9f546b08a082ccb24354c3b,c7d25b15c8f3494683dee958cc15d3cd,db.query.insert,READ,10.28,OK,user-db,v2.0.1,cd543c525be34e089f1f0a9e32691c0f
live_ep_000004_DEPENDENCY_TIMEOUT,DEPENDENCY_TIMEOUT,inventory-service,55.5,1785922668.4195378,68b1aa74fd3548a38019d889729afd92,c7d25b15c8f3494683dee958cc15d3cd,db.query.delete,READ,10.01,OK,user-db,v2.0.1,cd543c525be34e089f1f0a9e32691c0f
live_ep_000004_DEPENDENCY_TIMEOUT,DEPENDENCY_TIMEOUT,inventory-service,56.0,1785922668.9202995,85969059d23d40dd9677369206c4205a,,GET /api/health,,877.84,ERROR,inventory-service,v2.0.1,4b3d05e56fba49948c529b7eb197ced2
live_ep_000004_DEPENDENCY_TIMEOUT,DEPENDENCY_TIMEOUT,inventory-service,56.0,1785922668.9202995,33f82d2f3cb248f681fb3e7624a9da24,85969059d23d40dd9677369206c4205a,db.query.select,WRITE,22.21,ERROR,user-db,v2.0.1,4b3d05e56fba49948c529b7eb197ced2
live_ep_000004_DEPENDENCY_TIMEOUT,DEPENDENCY_TIMEOUT,inventory-service,56.0,1785922668.9202995,7ceaa3c9465e4e31beeb57598be61fb3,85969059d23d40dd9677369206c4205a,cache.get,,2.64,OK,cache-cluster,v2.0.1,4b3d05e56fba49948c529b7eb197ced2
live_ep_000004_DEPENDENCY_TIMEOUT,DEPENDENCY_TIMEOUT,inventory-service,56.0,1785922668.9202995,cc709e5088244921bc4e75dffbd89902,85969059d23d40dd9677369206c4205a,grpc.call,,13.03,OK,cache-cluster,v2.0.1,4b3d05e56fba49948c529b7eb197ced2
live_ep_000004_DEPENDENCY_TIMEOUT,DEPENDENCY_TIMEOUT,inventory-service,56.5,1785922669.420753,e293f6c4a94945d493412ffe884b4f7c,,GET /api/health,,902.59,OK,inventory-service,v2.0.1,d0581a192c3646c592a375b0e534cbf8
live_ep_000004_DEPENDENCY_TIMEOUT,DEPENDENCY_TIMEOUT,inventory-service,56.5,1785922669.420753,32219d43e38e425fac37e5375602e4e2,e293f6c4a94945d493412ffe884b4f7c,db.query.insert,READ,25.83,OK,user-db,v2.0.1,d0581a192c3646c592a375b0e534cbf8
live_ep_000004_DEPENDENCY_TIMEOUT,DEPENDENCY_TIMEOUT,inventory-service,56.5,1785922669.420753,fd78c04db6ac4db5bcc8592f00903313,e293f6c4a94945d493412ffe884b4f7c,db.query.delete,READ,27.06,OK,user-db,v2.0.1,d0581a192c3646c592a375b0e534cbf8
live_ep_000004_DEPENDENCY_TIMEOUT,DEPENDENCY_TIMEOUT,inventory-service,56.5,1785922669.420753,f121ddaa3be24f6bba85ee6ce64abfc0,e293f6c4a94945d493412ffe884b4f7c,cache.delete,,3.8,OK,cache-cluster,v2.0.1,d0581a192c3646c592a375b0e534cbf8
live_ep_000004_DEPENDENCY_TIMEOUT,DEPENDENCY_TIMEOUT,inventory-service,57.0,1785922669.9212725,b1f586fb0dcd4541a5fc47851f3de1a9,,POST /api/checkout,,476.03,OK,inventory-service,v2.0.1,392a445b7ab14a229792461becb2cd20
live_ep_000004_DEPENDENCY_TIMEOUT,DEPENDENCY_TIMEOUT,inventory-service,57.0,1785922669.9212725,412e26647a414d3c9122826df7901c1c,b1f586fb0dcd4541a5fc47851f3de1a9,db.query.insert,WRITE,23.98,OK,user-db,v2.0.1,392a445b7ab14a229792461becb2cd20
live_ep_000004_DEPENDENCY_TIMEOUT,DEPENDENCY_TIMEOUT,inventory-service,57.0,1785922669.9212725,9c0e2a2e973b478b976d99ecff627ea4,b1f586fb0dcd4541a5fc47851f3de1a9,db.query.insert,READ,25.18,OK,user-db,v2.0.1,392a445b7ab14a229792461becb2cd20
live_ep_000004_DEPENDENCY_TIMEOUT,DEPENDENCY_TIMEOUT,inventory-service,57.0,1785922669.9212725,a07a1490116a436bbbe8119b7c7f7426,b1f586fb0dcd4541a5fc47851f3de1a9,cache.get,,0.5,OK,cache-cluster,v2.0.1,392a445b7ab14a229792461becb2cd20
live_ep_000004_DEPENDENCY_TIMEOUT,DEPENDENCY_TIMEOUT,inventory-service,57.5,1785922670.4213734,5db0586a83174fde9ef711fa39bde86a,,GET /api/order,,624.33,OK,inventory-service,v2.0.1,31bcbe2ceb3743cd818492de7cbded14
live_ep_000004_DEPENDENCY_TIMEOUT,DEPENDENCY_TIMEOUT,inventory-service,57.5,1785922670.4213734,22e19e69707d4019baef1ade2be8f338,5db0586a83174fde9ef711fa39bde86a,db.query.delete,READ,22.1,OK,user-db,v2.0.1,31bcbe2ceb3743cd818492de7cbded14
live_ep_000004_DEPENDENCY_TIMEOUT,DEPENDENCY_TIMEOUT,inventory-service,57.5,1785922670.4213734,873c8649ee644c81886f5bdc960e8ee3,5db0586a83174fde9ef711fa39bde86a,cache.get,,2.67,OK,cache-cluster,v2.0.1,31bcbe2ceb3743cd818492de7cbded14
live_ep_000004_DEPENDENCY_TIMEOUT,DEPENDENCY_TIMEOUT,inventory-service,57.5,1785922670.4213734,01d575a79ef244639a47e0f01d523348,5db0586a83174fde9ef711fa39bde86a,http.client.post,,40.5,OK,payment-gateway,v2.0.1,31bcbe2ceb3743cd818492de7cbded14
live_ep_000004_DEPENDENCY_TIMEOUT,DEPENDENCY_TIMEOUT,inventory-service,58.0,1785922670.9218411,5b6f88af04e94ff38a256be245739b8f,,PUT /api/inventory,,862.75,ERROR,inventory-service,v2.0.1,bb1e8412321c45dc9dd446304bcbae66
live_ep_000004_DEPENDENCY_TIMEOUT,DEPENDENCY_TIMEOUT,inventory-service,58.0,1785922670.9218411,6e512ec5abd445d0a53526d0dbdb7b98,5b6f88af04e94ff38a256be245739b8f,db.query.delete,WRITE,10.18,OK,user-db,v2.0.1,bb1e8412321c45dc9dd446304bcbae66
live_ep_000004_DEPENDENCY_TIMEOUT,DEPENDENCY_TIMEOUT,inventory-service,58.0,1785922670.9218411,b3e67ee5b50042e6800e9f7ce03aa68b,5b6f88af04e94ff38a256be245739b8f,db.query.delete,READ,17.95,OK,user-db,v2.0.1,bb1e8412321c45dc9dd446304bcbae66
live_ep_000004_DEPENDENCY_TIMEOUT,DEPENDENCY_TIMEOUT,inventory-service,58.0,1785922670.9218411,fa27dbec17224f75ad8007b1efa05c9d,5b6f88af04e94ff38a256be245739b8f,cache.set,,1.75,OK,cache-cluster,v2.0.1,bb1e8412321c45dc9dd446304bcbae66
live_ep_000004_DEPENDENCY_TIMEOUT,DEPENDENCY_TIMEOUT,inventory-service,58.5,1785922671.4222763,7331578dee6340159756a56fd64b81ad,,PUT /api/inventory,,794.08,ERROR,inventory-service,v2.0.1,4fa45aa2fdf44efc8800638e856b8766
live_ep_000004_DEPENDENCY_TIMEOUT,DEPENDENCY_TIMEOUT,inventory-service,58.5,1785922671.4222763,21d03463e59f4cf3aed081d8f1b74931,7331578dee6340159756a56fd64b81ad,db.transaction,READ,22.93,OK,user-db,v2.0.1,4fa45aa2fdf44efc8800638e856b8766
live_ep_000004_DEPENDENCY_TIMEOUT,DEPENDENCY_TIMEOUT,inventory-service,58.5,1785922671.4222763,10f572cf66f546a08a003dcbea97a979,7331578dee6340159756a56fd64b81ad,db.query.insert,WRITE,27.86,ERROR,user-db,v2.0.1,4fa45aa2fdf44efc8800638e856b8766
live_ep_000004_DEPENDENCY_TIMEOUT,DEPENDENCY_TIMEOUT,inventory-service,58.5,1785922671.4222763,01ab72765c8c4fc990341bfb2725b0c3,7331578dee6340159756a56fd64b81ad,cache.set,,2.76,OK,cache-cluster,v2.0.1,4fa45aa2fdf44efc8800638e856b8766
live_ep_000004_DEPENDENCY_TIMEOUT,DEPENDENCY_TIMEOUT,inventory-service,58.5,1785922671.4222763,7f76f46691fc476baa106c82b1cb2438,7331578dee6340159756a56fd64b81ad,http.client.get,,4936.33,ERROR,inventory-api,v2.0.1,4fa45aa2fdf44efc8800638e856b8766
live_ep_000004_DEPENDENCY_TIMEOUT,DEPENDENCY_TIMEOUT,inventory-service,59.0,1785922671.9227164,ab6317853b634a509edbda5ab47a66f8,,PUT /api/inventory,,841.81,ERROR,inventory-service,v2.0.1,fa8e3a12cf954a66a9a701a90f8ccadf
live_ep_000004_DEPENDENCY_TIMEOUT,DEPENDENCY_TIMEOUT,inventory-service,59.0,1785922671.9227164,ac5866e20f8f4eb7b759b77fc62c26d7,ab6317853b634a509edbda5ab47a66f8,db.transaction,READ,40.9,OK,user-db,v2.0.1,fa8e3a12cf954a66a9a701a90f8ccadf
live_ep_000004_DEPENDENCY_TIMEOUT,DEPENDENCY_TIMEOUT,inventory-service,59.0,1785922671.9227164,2b01cafcaa494ee6b90b78ecc447f440,ab6317853b634a509edbda5ab47a66f8,db.query.select,WRITE,34.26,OK,user-db,v2.0.1,fa8e3a12cf954a66a9a701a90f8ccadf
live_ep_000004_DEPENDENCY_TIMEOUT,DEPENDENCY_TIMEOUT,inventory-service,59.0,1785922671.9227164,ef5fb74516624e478bb9b4add7f1a172,ab6317853b634a509edbda5ab47a66f8,cache.delete,,3.4,OK,cache-cluster,v2.0.1,fa8e3a12cf954a66a9a701a90f8ccadf
live_ep_000004_DEPENDENCY_TIMEOUT,DEPENDENCY_TIMEOUT,inventory-service,59.0,1785922671.9227164,c0e43fbcbd484bea9aa4c2d66cc51123,ab6317853b634a509edbda5ab47a66f8,grpc.call,,5050.3,ERROR,user-db,v2.0.1,fa8e3a12cf954a66a9a701a90f8ccadf
live_ep_000004_DEPENDENCY_TIMEOUT,DEPENDENCY_TIMEOUT,inventory-service,59.5,1785922672.4234982,445b9937ae0f4541a32c392d2de2537c,,GET /api/auth,,922.78,OK,inventory-service,v2.0.1,dae8f510ae9b4685a63e35a75df22292
live_ep_000004_DEPENDENCY_TIMEOUT,DEPENDENCY_TIMEOUT,inventory-service,59.5,1785922672.4234982,0683ee8e62074cd7864d258444748a60,445b9937ae0f4541a32c392d2de2537c,db.query.select,READ,15.2,OK,user-db,v2.0.1,dae8f510ae9b4685a63e35a75df22292
live_ep_000004_DEPENDENCY_TIMEOUT,DEPENDENCY_TIMEOUT,inventory-service,59.5,1785922672.4234982,b8f04870207245d49a3c90fd06d3d075,445b9937ae0f4541a32c392d2de2537c,cache.delete,,1.59,OK,cache-cluster,v2.0.1,dae8f510ae9b4685a63e35a75df22292
live_ep_000004_DEPENDENCY_TIMEOUT,DEPENDENCY_TIMEOUT,inventory-service,59.5,1785922672.4234982,48365bfaa452432aa26305b4f27f98db,445b9937ae0f4541a32c392d2de2537c,grpc.call,,5032.48,ERROR,payment-gateway,v2.0.1,dae8f510ae9b4685a63e35a75df22292
live_ep_000005_RETRY_STORM,RETRY_STORM,auth-service,0.0,1785922672.92469,1f3850fecd484726bdc032cbb912b16e,,POST /api/checkout,,108.96,OK,auth-service,v1.1.0,d1c3806f111e40a3b47ac20316ec1d24
live_ep_000005_RETRY_STORM,RETRY_STORM,auth-service,0.0,1785922672.92469,0d0ef3488188404590366046f172e03d,1f3850fecd484726bdc032cbb912b16e,db.query.select,READ,24.26,OK,user-db,v1.1.0,d1c3806f111e40a3b47ac20316ec1d24
live_ep_000005_RETRY_STORM,RETRY_STORM,auth-service,0.0,1785922672.92469,82951c7babb8478da5b83168508a75c6,1f3850fecd484726bdc032cbb912b16e,db.query.insert,WRITE,30.53,OK,user-db,v1.1.0,d1c3806f111e40a3b47ac20316ec1d24
live_ep_000005_RETRY_STORM,RETRY_STORM,auth-service,0.0,1785922672.92469,7962bd58c2594882946e63143ac0bef1,1f3850fecd484726bdc032cbb912b16e,cache.delete,,2.87,OK,cache-cluster,v1.1.0,d1c3806f111e40a3b47ac20316ec1d24
live_ep_000005_RETRY_STORM,RETRY_STORM,auth-service,0.0,1785922672.92469,ce8eacd6bbf74db7aee0d7885d5230c0,1f3850fecd484726bdc032cbb912b16e,http.client.get,,22.46,OK,user-db,v1.1.0,d1c3806f111e40a3b47ac20316ec1d24
live_ep_000005_RETRY_STORM,RETRY_STORM,auth-service,0.5,1785922673.4248455,c98491997b3d49afac6a2954bdc99097,,GET /api/auth,,124.97,OK,auth-service,v1.1.0,debf9acf735c416897e183334e5d5737
live_ep_000005_RETRY_STORM,RETRY_STORM,auth-service,0.5,1785922673.4248455,4ff25e5cc09e450b946aa3c71e257ccc,c98491997b3d49afac6a2954bdc99097,db.query.insert,WRITE,12.81,OK,user-db,v1.1.0,debf9acf735c416897e183334e5d5737
live_ep_000005_RETRY_STORM,RETRY_STORM,auth-service,1.0,1785922673.9257407,adbb0a9b26e84251b01b88a971ca6e1f,,GET /api/health,,108.85,OK,auth-service,v1.1.0,67313336ff5640c884ba6ff2256e8a4c
live_ep_000005_RETRY_STORM,RETRY_STORM,auth-service,1.0,1785922673.9257407,a2d3638936e347b1b956aa2f69bb15a8,adbb0a9b26e84251b01b88a971ca6e1f,db.query.delete,READ,11.55,OK,user-db,v1.1.0,67313336ff5640c884ba6ff2256e8a4c
live_ep_000005_RETRY_STORM,RETRY_STORM,auth-service,1.0,1785922673.9257407,d3585fceefeb407eadc49d3d43c818f4,adbb0a9b26e84251b01b88a971ca6e1f,db.query.delete,WRITE,6.63,OK,user-db,v1.1.0,67313336ff5640c884ba6ff2256e8a4c
live_ep_000005_RETRY_STORM,RETRY_STORM,auth-service,1.0,1785922673.9257407,4b13604f14eb4b3b822df0a3cd790640,adbb0a9b26e84251b01b88a971ca6e1f,cache.delete,,2.72,OK,cache-cluster,v1.1.0,67313336ff5640c884ba6ff2256e8a4c
live_ep_000005_RETRY_STORM,RETRY_STORM,auth-service,1.0,1785922673.9257407,39980ca3b1c045f38f4bfa33463316b6,adbb0a9b26e84251b01b88a971ca6e1f,http.client.get,,38.7,OK,inventory-api,v1.1.0,67313336ff5640c884ba6ff2256e8a4c
live_ep_000005_RETRY_STORM,RETRY_STORM,auth-service,1.5,1785922674.4280393,823d41732e1540f88e04960976567d63,,POST /api/payment,,114.11,OK,auth-service,v1.1.0,9259542bddea4eedb361aa0d722be3f8
live_ep_000005_RETRY_STORM,RETRY_STORM,auth-service,1.5,1785922674.4280393,16d657447afb4cf2b16c96395318718c,823d41732e1540f88e04960976567d63,db.query.update,READ,8.37,OK,user-db,v1.1.0,9259542bddea4eedb361aa0d722be3f8
live_ep_000005_RETRY_STORM,RETRY_STORM,auth-service,2.0,1785922674.9291234,b2744bfa3fbf4579a8bcbbaa90110a9c,,PUT /api/inventory,,139.0,OK,auth-service,v1.1.0,726167d2ccbe4b538c0d8470019e2de4
live_ep_000005_RETRY_STORM,RETRY_STORM,auth-service,2.0,1785922674.9291234,2d4e565bd5b840ab94702aad0989036d,b2744bfa3fbf4579a8bcbbaa90110a9c,db.query.select,WRITE,3.97,OK,user-db,v1.1.0,726167d2ccbe4b538c0d8470019e2de4
live_ep_000005_RETRY_STORM,RETRY_STORM,auth-service,2.0,1785922674.9291234,09dc26543fdb4b92bdeb7a4db3297e03,b2744bfa3fbf4579a8bcbbaa90110a9c,cache.set,,1.64,OK,cache-cluster,v1.1.0,726167d2ccbe4b538c0d8470019e2de4
live_ep_000005_RETRY_STORM,RETRY_STORM,auth-service,2.0,1785922674.9291234,c71c0fea4d8a41fd89b7f072bd25d9bf,b2744bfa3fbf4579a8bcbbaa90110a9c,http.client.post,,38.51,OK,payment-gateway,v1.1.0,726167d2ccbe4b538c0d8470019e2de4
live_ep_000005_RETRY_STORM,RETRY_STORM,auth-service,2.5,1785922675.4292288,1211f570d81f42f486b0d17e75df7053,,POST /api/payment,,136.11,OK,auth-service,v1.1.0,173c832efee84abd954b0b22b163e3a9
live_ep_000005_RETRY_STORM,RETRY_STORM,auth-service,2.5,1785922675.4292288,04f29bf93a9341a98eae69fb9163c4bb,1211f570d81f42f486b0d17e75df7053,db.query.update,READ,14.27,OK,user-db,v1.1.0,173c832efee84abd954b0b22b163e3a9
live_ep_000005_RETRY_STORM,RETRY_STORM,auth-service,3.0,1785922675.9301689,0f03331a5de348afbb2f581d6ceb7125,,PUT /api/inventory,,86.68,OK,auth-service,v1.1.0,93077f9aa2544a7bab45d17577848acb
live_ep_000005_RETRY_STORM,RETRY_STORM,auth-service,3.0,1785922675.9301689,de39d04de7a3473dbcc2bf884cc70f9e,0f03331a5de348afbb2f581d6ceb7125,db.query.update,WRITE,14.43,OK,user-db,v1.1.0,93077f9aa2544a7bab45d17577848acb
live_ep_000005_RETRY_STORM,RETRY_STORM,auth-service,3.0,1785922675.9301689,864b93414d674774abb841b037d32627,0f03331a5de348afbb2f581d6ceb7125,db.query.insert,WRITE,7.87,OK,user-db,v1.1.0,93077f9aa2544a7bab45d17577848acb
live_ep_000005_RETRY_STORM,RETRY_STORM,auth-service,3.0,1785922675.9301689,64beeeae3c244dd3b01438d43044ccef,0f03331a5de348afbb2f581d6ceb7125,cache.get,,1.07,OK,cache-cluster,v1.1.0,93077f9aa2544a7bab45d17577848acb
live_ep_000005_RETRY_STORM,RETRY_STORM,auth-service,3.5,1785922676.430264,aca2364940af485f8ef24f02d5bcb984,,GET /api/order,,97.17,OK,auth-service,v1.1.0,51d297db7e1143b8bc8ef19fa434b7ff
live_ep_000005_RETRY_STORM,RETRY_STORM,auth-service,3.5,1785922676.430264,ad9acda578f645ba973fd6c334f73b5f,aca2364940af485f8ef24f02d5bcb984,db.query.update,READ,19.93,OK,user-db,v1.1.0,51d297db7e1143b8bc8ef19fa434b7ff
live_ep_000005_RETRY_STORM,RETRY_STORM,auth-service,3.5,1785922676.430264,2d3bb039eb73464b8f2d56db7053e6b3,aca2364940af485f8ef24f02d5bcb984,db.query.update,READ,21.4,OK,user-db,v1.1.0,51d297db7e1143b8bc8ef19fa434b7ff
live_ep_000005_RETRY_STORM,RETRY_STORM,auth-service,3.5,1785922676.430264,7613095c1ede4b919fb84d14d1e01390,aca2364940af485f8ef24f02d5bcb984,cache.delete,,3.1,OK,cache-cluster,v1.1.0,51d297db7e1143b8bc8ef19fa434b7ff
live_ep_000005_RETRY_STORM,RETRY_STORM,auth-service,4.0,1785922676.9306967,35f275d83cb84d2fa84ee1820609f5e9,,GET /api/health,,126.71,OK,auth-service,v1.1.0,dfc44c10033d4ed2932d17cb5bf218bf
live_ep_000005_RETRY_STORM,RETRY_STORM,auth-service,4.0,1785922676.9306967,47f399de9e0c401d9023c012dd896512,35f275d83cb84d2fa84ee1820609f5e9,db.query.delete,WRITE,29.23,OK,user-db,v1.1.0,dfc44c10033d4ed2932d17cb5bf218bf
live_ep_000005_RETRY_STORM,RETRY_STORM,auth-service,4.0,1785922676.9306967,86774daa48f74da3bcc5537d2098adec,35f275d83cb84d2fa84ee1820609f5e9,cache.set,,1.49,OK,cache-cluster,v1.1.0,dfc44c10033d4ed2932d17cb5bf218bf
live_ep_000005_RETRY_STORM,RETRY_STORM,auth-service,4.5,1785922677.4311702,456826938d1a406395b118a08afad7ae,,PUT /api/inventory,,161.57,OK,auth-service,v1.1.0,84127013c25243b49ced711559b3df1d
live_ep_000005_RETRY_STORM,RETRY_STORM,auth-service,4.5,1785922677.4311702,cafa0ee842b4424abbd1e41ae0a1754f,456826938d1a406395b118a08afad7ae,db.query.update,READ,25.89,OK,user-db,v1.1.0,84127013c25243b49ced711559b3df1d
live_ep_000005_RETRY_STORM,RETRY_STORM,auth-service,4.5,1785922677.4311702,fe7135979f0649b88b41e2342cf7c24c,456826938d1a406395b118a08afad7ae,db.query.insert,WRITE,25.85,OK,user-db,v1.1.0,84127013c25243b49ced711559b3df1d
live_ep_000005_RETRY_STORM,RETRY_STORM,auth-service,4.5,1785922677.4311702,e7a0fe325e4142f4b1e566cee2e0fa7e,456826938d1a406395b118a08afad7ae,cache.get,,3.08,OK,cache-cluster,v1.1.0,84127013c25243b49ced711559b3df1d
live_ep_000005_RETRY_STORM,RETRY_STORM,auth-service,5.0,1785922677.9314914,658613f4f2de4c428cb08d1aad1d8b06,,GET /api/health,,140.3,OK,auth-service,v1.1.0,5d97031ea3b84a54abf9e6cf7092bf16
live_ep_000005_RETRY_STORM,RETRY_STORM,auth-service,5.0,1785922677.9314914,120b75c5c0cb4869a0d40108363af24f,658613f4f2de4c428cb08d1aad1d8b06,db.query.select,READ,22.36,OK,user-db,v1.1.0,5d97031ea3b84a54abf9e6cf7092bf16
live_ep_000005_RETRY_STORM,RETRY_STORM,auth-service,5.5,1785922678.4317708,38d53a11fe6b4c3e915d729103361c19,,GET /api/health,,100.57,OK,auth-service,v1.1.0,ad0e76ff752642b280712b5a1356e781
live_ep_000005_RETRY_STORM,RETRY_STORM,auth-service,5.5,1785922678.4317708,0f219852199f4295ae0efb9d83c78161,38d53a11fe6b4c3e915d729103361c19,db.query.update,READ,21.51,OK,user-db,v1.1.0,ad0e76ff752642b280712b5a1356e781
live_ep_000005_RETRY_STORM,RETRY_STORM,auth-service,5.5,1785922678.4317708,2d239db13307473d8322680b0876684e,38d53a11fe6b4c3e915d729103361c19,db.query.update,READ,27.09,OK,user-db,v1.1.0,ad0e76ff752642b280712b5a1356e781
live_ep_000005_RETRY_STORM,RETRY_STORM,auth-service,5.5,1785922678.4317708,8ecddae4975047e08292972797ce5f6b,38d53a11fe6b4c3e915d729103361c19,cache.get,,0.85,OK,cache-cluster,v1.1.0,ad0e76ff752642b280712b5a1356e781
live_ep_000005_RETRY_STORM,RETRY_STORM,auth-service,5.5,1785922678.4317708,80f9d3ef42f241f3a36d9417ea0850fe,38d53a11fe6b4c3e915d729103361c19,http.client.get,,27.95,OK,payment-gateway,v1.1.0,ad0e76ff752642b280712b5a1356e781
live_ep_000005_RETRY_STORM,RETRY_STORM,auth-service,6.0,1785922678.9323127,cd8d19ec40af4d29b12752d6e284be91,,POST /api/payment,,104.63,OK,auth-service,v1.1.0,6ce4888e7d2e41349d0e3b1bdeeab72f
live_ep_000005_RETRY_STORM,RETRY_STORM,auth-service,6.0,1785922678.9323127,1861fc167a71416c875646c7dd0180f8,cd8d19ec40af4d29b12752d6e284be91,db.query.delete,WRITE,17.79,OK,user-db,v1.1.0,6ce4888e7d2e41349d0e3b1bdeeab72f
live_ep_000005_RETRY_STORM,RETRY_STORM,auth-service,6.0,1785922678.9323127,b16cce25adfc450d8e9f325226873eaf,cd8d19ec40af4d29b12752d6e284be91,db.transaction,WRITE,13.53,OK,user-db,v1.1.0,6ce4888e7d2e41349d0e3b1bdeeab72f
live_ep_000005_RETRY_STORM,RETRY_STORM,auth-service,6.0,1785922678.9323127,27ae0c2f5eee44d4b49031242900aa49,cd8d19ec40af4d29b12752d6e284be91,cache.delete,,2.68,OK,cache-cluster,v1.1.0,6ce4888e7d2e41349d0e3b1bdeeab72f
live_ep_000005_RETRY_STORM,RETRY_STORM,auth-service,6.0,1785922678.9323127,cb7c8113c61440c69d6ea41704e1582a,cd8d19ec40af4d29b12752d6e284be91,http.client.post,,36.51,OK,payment-gateway,v1.1.0,6ce4888e7d2e41349d0e3b1bdeeab72f
live_ep_000005_RETRY_STORM,RETRY_STORM,auth-service,6.5,1785922679.4328363,9ca31f4e52e846eab8ab5f63a74e55cc,,POST /api/payment,,125.18,OK,auth-service,v1.1.0,5225487555ab4565a0ecf1035ead7f7a
live_ep_000005_RETRY_STORM,RETRY_STORM,auth-service,6.5,1785922679.4328363,8a6c88c7dcef467b86e7b42c3fa08d76,9ca31f4e52e846eab8ab5f63a74e55cc,db.query.delete,READ,20.59,OK,user-db,v1.1.0,5225487555ab4565a0ecf1035ead7f7a
live_ep_000005_RETRY_STORM,RETRY_STORM,auth-service,6.5,1785922679.4328363,e4d7349f196340ffae99c855d41d2936,9ca31f4e52e846eab8ab5f63a74e55cc,db.query.delete,READ,20.76,OK,user-db,v1.1.0,5225487555ab4565a0ecf1035ead7f7a
live_ep_000005_RETRY_STORM,RETRY_STORM,auth-service,6.5,1785922679.4328363,f9d118de5c8e43a7834cb9244a88c24c,9ca31f4e52e846eab8ab5f63a74e55cc,cache.get,,1.71,OK,cache-cluster,v1.1.0,5225487555ab4565a0ecf1035ead7f7a
live_ep_000005_RETRY_STORM,RETRY_STORM,auth-service,6.5,1785922679.4328363,a89a9c1ef314447199769746113ec2cc,9ca31f4e52e846eab8ab5f63a74e55cc,http.client.post,,41.79,OK,inventory-api,v1.1.0,5225487555ab4565a0ecf1035ead7f7a
live_ep_000005_RETRY_STORM,RETRY_STORM,auth-service,7.0,1785922679.933166,b15d4d7bfae64959a5a04714a643b3f4,,POST /api/checkout,,143.08,OK,auth-service,v1.1.0,7a2f0ccbf9e44397a592f3c6e4367c79
live_ep_000005_RETRY_STORM,RETRY_STORM,auth-service,7.0,1785922679.933166,31db55ce1e1a49a1b665babf6665ea1a,b15d4d7bfae64959a5a04714a643b3f4,db.transaction,READ,8.11,OK,user-db,v1.1.0,7a2f0ccbf9e44397a592f3c6e4367c79
live_ep_000005_RETRY_STORM,RETRY_STORM,auth-service,7.0,1785922679.933166,d2fe1e56c2434e08adf4552575b040e4,b15d4d7bfae64959a5a04714a643b3f4,http.client.get,,43.29,OK,user-db,v1.1.0,7a2f0ccbf9e44397a592f3c6e4367c79
live_ep_000005_RETRY_STORM,RETRY_STORM,auth-service,7.5,1785922680.4333527,0462e28845c54753877ea99e2e9a2c1b,,POST /api/checkout,,95.71,OK,auth-service,v1.1.0,46b8832139d948cb957fcaf22f2c51c4
live_ep_000005_RETRY_STORM,RETRY_STORM,auth-service,7.5,1785922680.4333527,9b509fd8836c43ac90e117ead172996b,0462e28845c54753877ea99e2e9a2c1b,db.query.delete,WRITE,11.97,OK,user-db,v1.1.0,46b8832139d948cb957fcaf22f2c51c4
live_ep_000005_RETRY_STORM,RETRY_STORM,auth-service,7.5,1785922680.4333527,9c051221e3604fc1978f9df67018b74c,0462e28845c54753877ea99e2e9a2c1b,cache.delete,,2.67,OK,cache-cluster,v1.1.0,46b8832139d948cb957fcaf22f2c51c4
live_ep_000005_RETRY_STORM,RETRY_STORM,auth-service,7.5,1785922680.4333527,d39783c5562b417085317c591a90f09a,0462e28845c54753877ea99e2e9a2c1b,http.client.get,,29.07,OK,user-db,v1.1.0,46b8832139d948cb957fcaf22f2c51c4
live_ep_000005_RETRY_STORM,RETRY_STORM,auth-service,8.0,1785922680.9338548,81dad4e356dd4cab8ff53e7ca0159429,,POST /api/checkout,,134.91,OK,auth-service,v1.1.0,a8ed2070039845b2b80308762aad50c3
live_ep_000005_RETRY_STORM,RETRY_STORM,auth-service,8.0,1785922680.9338548,9d0ff8c042654223911a98f259be9e91,81dad4e356dd4cab8ff53e7ca0159429,db.query.delete,WRITE,13.83,OK,user-db,v1.1.0,a8ed2070039845b2b80308762aad50c3
live_ep_000005_RETRY_STORM,RETRY_STORM,auth-service,8.0,1785922680.9338548,4e2809faed7c41cdabd14224ce5198a7,81dad4e356dd4cab8ff53e7ca0159429,db.query.insert,WRITE,23.21,OK,user-db,v1.1.0,a8ed2070039845b2b80308762aad50c3
live_ep_000005_RETRY_STORM,RETRY_STORM,auth-service,8.5,1785922681.4342036,2feba1f07bac4652a81000fb87692be8,,PUT /api/inventory,,120.83,OK,auth-service,v1.1.0,be274073c6bd40889167b0af5587d055
live_ep_000005_RETRY_STORM,RETRY_STORM,auth-service,8.5,1785922681.4342036,0d1bed43ed8346eca8d0c6d0c674133e,2feba1f07bac4652a81000fb87692be8,db.query.update,WRITE,14.41,OK,user-db,v1.1.0,be274073c6bd40889167b0af5587d055
live_ep_000005_RETRY_STORM,RETRY_STORM,auth-service,8.5,1785922681.4342036,e50ec099fc634d298a8e17164140f00b,2feba1f07bac4652a81000fb87692be8,db.query.select,READ,16.2,OK,user-db,v1.1.0,be274073c6bd40889167b0af5587d055
live_ep_000005_RETRY_STORM,RETRY_STORM,auth-service,8.5,1785922681.4342036,2bc2212fb10f4c989367914ec530297b,2feba1f07bac4652a81000fb87692be8,cache.delete,,1.68,OK,cache-cluster,v1.1.0,be274073c6bd40889167b0af5587d055
live_ep_000005_RETRY_STORM,RETRY_STORM,auth-service,8.5,1785922681.4342036,7379ecc35dfd4b22aa4fc790bcc1b763,2feba1f07bac4652a81000fb87692be8,grpc.call,,34.79,OK,payment-gateway,v1.1.0,be274073c6bd40889167b0af5587d055
live_ep_000005_RETRY_STORM,RETRY_STORM,auth-service,9.0,1785922681.9345605,36e9b4b4c6b34dc79a2aec2255507c5d,,GET /api/health,,259.76,OK,auth-service,v1.1.0,60cba7a13ea44485865da99174f1fd57
live_ep_000005_RETRY_STORM,RETRY_STORM,auth-service,9.0,1785922681.9345605,438018d01cf54b4d9dad297ebd6edac1,36e9b4b4c6b34dc79a2aec2255507c5d,db.transaction,WRITE,26.43,OK,user-db,v1.1.0,60cba7a13ea44485865da99174f1fd57
live_ep_000005_RETRY_STORM,RETRY_STORM,auth-service,9.0,1785922681.9345605,a4bca57c66194ce5a8cfc80260b5491d,36e9b4b4c6b34dc79a2aec2255507c5d,db.query.update,READ,24.69,OK,user-db,v1.1.0,60cba7a13ea44485865da99174f1fd57
live_ep_000005_RETRY_STORM,RETRY_STORM,auth-service,9.5,1785922682.4347541,5617d1137901419a875435ab5cbfa21f,,POST /api/payment,,124.63,OK,auth-service,v1.1.0,a3ddd5e5557f497c90e97c4238c819cc
live_ep_000005_RETRY_STORM,RETRY_STORM,auth-service,9.5,1785922682.4347541,c13a195dbcfb4f278b9f3c0f9496bef7,5617d1137901419a875435ab5cbfa21f,db.transaction,WRITE,20.53,OK,user-db,v1.1.0,a3ddd5e5557f497c90e97c4238c819cc
live_ep_000005_RETRY_STORM,RETRY_STORM,auth-service,9.5,1785922682.4347541,2e01441e8fee491a86fa2cef6273ea29,5617d1137901419a875435ab5cbfa21f,cache.set,,2.24,OK,cache-cluster,v1.1.0,a3ddd5e5557f497c90e97c4238c819cc
live_ep_000005_RETRY_STORM,RETRY_STORM,auth-service,9.5,1785922682.4347541,ea6a27679b8041cbb00c21692e9a0c74,5617d1137901419a875435ab5cbfa21f,http.client.post,,14.54,OK,cache-cluster,v1.1.0,a3ddd5e5557f497c90e97c4238c819cc
live_ep_000005_RETRY_STORM,RETRY_STORM,auth-service,10.0,1785922682.9351723,d5feb96f95414b8d8fce4cfdc36e4b83,,GET /api/order,,202.13,OK,auth-service,v1.1.0,cd92649f5d5a4a668cf813dd218a39b5
live_ep_000005_RETRY_STORM,RETRY_STORM,auth-service,10.0,1785922682.9351723,55b847ac93c146839cf9bbfe564fa42f,d5feb96f95414b8d8fce4cfdc36e4b83,db.transaction,WRITE,35.18,OK,user-db,v1.1.0,cd92649f5d5a4a668cf813dd218a39b5
live_ep_000005_RETRY_STORM,RETRY_STORM,auth-service,10.0,1785922682.9351723,9ecaf861523a4500b1c6afec09308728,d5feb96f95414b8d8fce4cfdc36e4b83,db.query.insert,READ,54.2,OK,user-db,v1.1.0,cd92649f5d5a4a668cf813dd218a39b5
live_ep_000005_RETRY_STORM,RETRY_STORM,auth-service,10.0,1785922682.9351723,c8b99f4b60c741539a687cb059345f5a,d5feb96f95414b8d8fce4cfdc36e4b83,cache.set,,2.78,OK,cache-cluster,v1.1.0,cd92649f5d5a4a668cf813dd218a39b5
live_ep_000005_RETRY_STORM,RETRY_STORM,auth-service,10.5,1785922683.4357057,ed8a00a36cac4f55a3e39abbf5b5d9bf,,POST /api/checkout,,182.92,OK,auth-service,v1.1.0,7470c21f4f4340168a6f50a8d0594f6f
live_ep_000005_RETRY_STORM,RETRY_STORM,auth-service,10.5,1785922683.4357057,1f5a737e9f4342d98aff597305d9ae2a,ed8a00a36cac4f55a3e39abbf5b5d9bf,db.query.select,WRITE,45.99,OK,user-db,v1.1.0,7470c21f4f4340168a6f50a8d0594f6f
live_ep_000005_RETRY_STORM,RETRY_STORM,auth-service,10.5,1785922683.4357057,8268aea5cdc44ec88e4909a4f9ee9015,ed8a00a36cac4f55a3e39abbf5b5d9bf,cache.get,,20.82,OK,cache-cluster,v1.1.0,7470c21f4f4340168a6f50a8d0594f6f
live_ep_000005_RETRY_STORM,RETRY_STORM,auth-service,10.5,1785922683.4357057,6b24145b8d9440d8a67b4d70175e355d,ed8a00a36cac4f55a3e39abbf5b5d9bf,http.client.get,,35.42,OK,inventory-api,v1.1.0,7470c21f4f4340168a6f50a8d0594f6f
live_ep_000005_RETRY_STORM,RETRY_STORM,auth-service,11.0,1785922683.9358711,7324c9cfad044fe982e087af6e398fb9,,POST /api/payment,,293.92,OK,auth-service,v1.1.0,4ef8e66aad6c4e66ab8e395348383d75
live_ep_000005_RETRY_STORM,RETRY_STORM,auth-service,11.0,1785922683.9358711,f482db51950f42ee96ec8cdc42c1d6ae,7324c9cfad044fe982e087af6e398fb9,db.query.insert,READ,29.98,OK,user-db,v1.1.0,4ef8e66aad6c4e66ab8e395348383d75
live_ep_000005_RETRY_STORM,RETRY_STORM,auth-service,11.0,1785922683.9358711,23cb30717a394e05a8139d37325dd8be,7324c9cfad044fe982e087af6e398fb9,cache.delete,,0.85,OK,cache-cluster,v1.1.0,4ef8e66aad6c4e66ab8e395348383d75
live_ep_000005_RETRY_STORM,RETRY_STORM,auth-service,11.0,1785922683.9358711,eab50117cd934d7fa8282aa79bdf45c7,7324c9cfad044fe982e087af6e398fb9,http.client.get,,12.55,OK,cache-cluster,v1.1.0,4ef8e66aad6c4e66ab8e395348383d75
live_ep_000005_RETRY_STORM,RETRY_STORM,auth-service,11.5,1785922684.4360456,08a19efdeffd428984862175f6683c00,,GET /api/auth,,221.7,OK,auth-service,v1.1.0,601b3d7e853549a0b267082f1758c47d
live_ep_000005_RETRY_STORM,RETRY_STORM,auth-service,11.5,1785922684.4360456,cf4155fdf87048f59897e0b8fde84802,08a19efdeffd428984862175f6683c00,db.query.insert,READ,35.71,OK,user-db,v1.1.0,601b3d7e853549a0b267082f1758c47d
live_ep_000005_RETRY_STORM,RETRY_STORM,auth-service,12.0,1785922684.9361217,9a7b0dd43c7143bf9ff1d04c3984a2e7,,GET /api/auth,,196.91,OK,auth-service,v1.1.0,0b22bf6187a143f59d0cb3b9e6403fff
live_ep_000005_RETRY_STORM,RETRY_STORM,auth-service,12.0,1785922684.9361217,6e380bf775c346d78121a85e71a4b25e,9a7b0dd43c7143bf9ff1d04c3984a2e7,db.query.delete,WRITE,56.11,OK,user-db,v1.1.0,0b22bf6187a143f59d0cb3b9e6403fff
live_ep_000005_RETRY_STORM,RETRY_STORM,auth-service,12.0,1785922684.9361217,5ea4dba4caf74bd0ba4c09285f2c5edb,9a7b0dd43c7143bf9ff1d04c3984a2e7,db.query.insert,WRITE,64.53,OK,user-db,v1.1.0,0b22bf6187a143f59d0cb3b9e6403fff
live_ep_000005_RETRY_STORM,RETRY_STORM,auth-service,12.0,1785922684.9361217,9fa7843056274ea79f132c121cf5ddde,9a7b0dd43c7143bf9ff1d04c3984a2e7,cache.delete,,0.5,OK,cache-cluster,v1.1.0,0b22bf6187a143f59d0cb3b9e6403fff
live_ep_000005_RETRY_STORM,RETRY_STORM,auth-service,12.5,1785922685.4366503,135b3bedbddf48b78fd122df9ba999df,,GET /api/order,,161.06,OK,auth-service,v1.1.0,98d51ad4ae424235ae12798e1387a5ae
live_ep_000005_RETRY_STORM,RETRY_STORM,auth-service,12.5,1785922685.4366503,2cf59a9466894b07a10a10aa700a37e8,135b3bedbddf48b78fd122df9ba999df,db.query.delete,READ,35.6,OK,user-db,v1.1.0,98d51ad4ae424235ae12798e1387a5ae
live_ep_000005_RETRY_STORM,RETRY_STORM,auth-service,12.5,1785922685.4366503,792d25dc05c74135a42e109eecb10424,135b3bedbddf48b78fd122df9ba999df,db.query.delete,WRITE,53.37,OK,user-db,v1.1.0,98d51ad4ae424235ae12798e1387a5ae
live_ep_000005_RETRY_STORM,RETRY_STORM,auth-service,13.0,1785922685.9369998,96df0527111f4bc0acd9f416ff5da22b,,GET /api/health,,282.08,ERROR,auth-service,v1.1.0,8fdfb6ce1e11409cbca4cdcd0416bb5e
live_ep_000005_RETRY_STORM,RETRY_STORM,auth-service,13.0,1785922685.9369998,a03a23593c34452fb4a4f0977186caa0,96df0527111f4bc0acd9f416ff5da22b,db.query.insert,WRITE,51.34,OK,user-db,v1.1.0,8fdfb6ce1e11409cbca4cdcd0416bb5e
live_ep_000005_RETRY_STORM,RETRY_STORM,auth-service,13.0,1785922685.9369998,43fe7293328b4f98b5bcc3192a6f62b3,96df0527111f4bc0acd9f416ff5da22b,db.query.update,READ,63.63,OK,user-db,v1.1.0,8fdfb6ce1e11409cbca4cdcd0416bb5e
live_ep_000005_RETRY_STORM,RETRY_STORM,auth-service,13.0,1785922685.9369998,c452e7ee25f646ed83ada9e8cc89417a,96df0527111f4bc0acd9f416ff5da22b,cache.delete,,2.13,OK,cache-cluster,v1.1.0,8fdfb6ce1e11409cbca4cdcd0416bb5e
live_ep_000005_RETRY_STORM,RETRY_STORM,auth-service,13.0,1785922685.9369998,14b807265df443f4959312772f847b4e,96df0527111f4bc0acd9f416ff5da22b,http.client.get,,16.91,OK,inventory-api,v1.1.0,8fdfb6ce1e11409cbca4cdcd0416bb5e
live_ep_000005_RETRY_STORM,RETRY_STORM,auth-service,13.5,1785922686.438275,4d6a2669dd4e4ba78ce49c4be8735ea2,,GET /api/auth,,197.71,OK,auth-service,v1.1.0,bcc79bf49bd1483eb7b514a515fc34d5
live_ep_000005_RETRY_STORM,RETRY_STORM,auth-service,13.5,1785922686.438275,cfdf5dd266224c68b15d29dc8133f3e0,4d6a2669dd4e4ba78ce49c4be8735ea2,db.transaction,READ,35.27,OK,user-db,v1.1.0,bcc79bf49bd1483eb7b514a515fc34d5
live_ep_000005_RETRY_STORM,RETRY_STORM,auth-service,13.5,1785922686.438275,15e65571cde849d497b7981b885c71e2,4d6a2669dd4e4ba78ce49c4be8735ea2,db.transaction,WRITE,25.53,OK,user-db,v1.1.0,bcc79bf49bd1483eb7b514a515fc34d5
live_ep_000005_RETRY_STORM,RETRY_STORM,auth-service,14.0,1785922686.938528,6bb5fb9380ec4f4fa0daa17082b64b05,,GET /api/auth,,169.3,OK,auth-service,v1.1.0,0887b72d6cda4ddebc79472f59107232
live_ep_000005_RETRY_STORM,RETRY_STORM,auth-service,14.0,1785922686.938528,7b76fdb39c5549c0b54f780351b530ed,6bb5fb9380ec4f4fa0daa17082b64b05,db.transaction,WRITE,20.38,OK,user-db,v1.1.0,0887b72d6cda4ddebc79472f59107232
live_ep_000005_RETRY_STORM,RETRY_STORM,auth-service,14.0,1785922686.938528,31a56cb8bfea44e19eb0a61d6eef72e7,6bb5fb9380ec4f4fa0daa17082b64b05,db.transaction,READ,19.41,OK,user-db,v1.1.0,0887b72d6cda4ddebc79472f59107232
live_ep_000005_RETRY_STORM,RETRY_STORM,auth-service,14.0,1785922686.938528,54f6e6795b4b44fda48cb6613a542cfd,6bb5fb9380ec4f4fa0daa17082b64b05,cache.delete,,2.31,OK,cache-cluster,v1.1.0,0887b72d6cda4ddebc79472f59107232
live_ep_000005_RETRY_STORM,RETRY_STORM,auth-service,14.5,1785922687.4389563,8be7d0fcbd3c4095bc6af602092a595c,,PUT /api/inventory,,200.45,OK,auth-service,v1.1.0,d232e0a4fa7940308700421c8705989d
live_ep_000005_RETRY_STORM,RETRY_STORM,auth-service,14.5,1785922687.4389563,2b5d01bb5557497dbb8ba66a708066aa,8be7d0fcbd3c4095bc6af602092a595c,db.transaction,WRITE,44.29,OK,user-db,v1.1.0,d232e0a4fa7940308700421c8705989d
live_ep_000005_RETRY_STORM,RETRY_STORM,auth-service,14.5,1785922687.4389563,3dc79c9ae7b64f1ba8c73601d2d83220,8be7d0fcbd3c4095bc6af602092a595c,cache.delete,,1.51,OK,cache-cluster,v1.1.0,d232e0a4fa7940308700421c8705989d
live_ep_000005_RETRY_STORM,RETRY_STORM,auth-service,14.5,1785922687.4389563,927928b06afd4b4b910bae861b65de00,8be7d0fcbd3c4095bc6af602092a595c,http.client.get,,24.57,OK,inventory-api,v1.1.0,d232e0a4fa7940308700421c8705989d
live_ep_000005_RETRY_STORM,RETRY_STORM,auth-service,15.0,1785922687.9393766,d532155eb64c4f72ab5e5329adeba6b5,,GET /api/order,,183.46,OK,auth-service,v1.1.0,e3b7063d225a46919e4be957737829f2
live_ep_000005_RETRY_STORM,RETRY_STORM,auth-service,15.0,1785922687.9393766,b372f709b7be4b45a73b75db5cfc58ed,d532155eb64c4f72ab5e5329adeba6b5,db.query.delete,WRITE,57.46,OK,user-db,v1.1.0,e3b7063d225a46919e4be957737829f2
live_ep_000005_RETRY_STORM,RETRY_STORM,auth-service,15.0,1785922687.9393766,0b5b3a28811841abab0c42ac1748764c,d532155eb64c4f72ab5e5329adeba6b5,cache.delete,,2.65,OK,cache-cluster,v1.1.0,e3b7063d225a46919e4be957737829f2
live_ep_000005_RETRY_STORM,RETRY_STORM,auth-service,15.5,1785922688.4398274,2f3842d5fb23425ca05be7604d73c0cf,,GET /api/health,,208.73,OK,auth-service,v1.1.0,c9a34f26d0b84ac29451aebae8466566
live_ep_000005_RETRY_STORM,RETRY_STORM,auth-service,15.5,1785922688.4398274,f69dd339981a448685add0914f4247ec,2f3842d5fb23425ca05be7604d73c0cf,db.query.delete,READ,22.8,OK,user-db,v1.1.0,c9a34f26d0b84ac29451aebae8466566
live_ep_000005_RETRY_STORM,RETRY_STORM,auth-service,15.5,1785922688.4398274,42ce3eac3704401b8eeb24875356befd,2f3842d5fb23425ca05be7604d73c0cf,cache.get,,3.24,OK,cache-cluster,v1.1.0,c9a34f26d0b84ac29451aebae8466566
live_ep_000005_RETRY_STORM,RETRY_STORM,auth-service,16.0,1785922688.9402537,b106a09cec944a908b0b804fa9f0c98e,,POST /api/payment,,240.39,OK,auth-service,v1.1.0,ae4722494a7d40838673d37bc36d3da3
live_ep_000005_RETRY_STORM,RETRY_STORM,auth-service,16.0,1785922688.9402537,aed185bfa10d4f1a902299359e9550ec,b106a09cec944a908b0b804fa9f0c98e,db.transaction,READ,55.4,OK,user-db,v1.1.0,ae4722494a7d40838673d37bc36d3da3
live_ep_000005_RETRY_STORM,RETRY_STORM,auth-service,16.5,1785922689.4405265,b6a528db39ac45bd87bad268486908e3,,GET /api/auth,,243.53,OK,auth-service,v1.1.0,7d2e59ca95a74376a9a9da62b06a9d3f
live_ep_000005_RETRY_STORM,RETRY_STORM,auth-service,16.5,1785922689.4405265,e8add9a44dac45ffb66c140e7e555292,b6a528db39ac45bd87bad268486908e3,db.query.insert,WRITE,26.64,OK,user-db,v1.1.0,7d2e59ca95a74376a9a9da62b06a9d3f
live_ep_000005_RETRY_STORM,RETRY_STORM,auth-service,16.5,1785922689.4405265,840c685350cc489c84761a83df2d4d2c,b6a528db39ac45bd87bad268486908e3,cache.get,,1.87,OK,cache-cluster,v1.1.0,7d2e59ca95a74376a9a9da62b06a9d3f
live_ep_000005_RETRY_STORM,RETRY_STORM,auth-service,16.5,1785922689.4405265,5662642d000d4261ace83e724c0537f4,b6a528db39ac45bd87bad268486908e3,http.client.post,,32.86,OK,cache-cluster,v1.1.0,7d2e59ca95a74376a9a9da62b06a9d3f
live_ep_000005_RETRY_STORM,RETRY_STORM,auth-service,17.0,1785922689.9407136,a7841714bb074935b70abb0eeecffb63,,GET /api/auth,,154.91,OK,auth-service,v1.1.0,ddfa132d662e40858e96b59189ed8e07
live_ep_000005_RETRY_STORM,RETRY_STORM,auth-service,17.0,1785922689.9407136,910afd31b68b4fd18937fd823255db6f,a7841714bb074935b70abb0eeecffb63,db.transaction,WRITE,18.2,OK,user-db,v1.1.0,ddfa132d662e40858e96b59189ed8e07
live_ep_000005_RETRY_STORM,RETRY_STORM,auth-service,17.0,1785922689.9407136,3045c2c1fd8f4d3fba2fc2db7de29b66,a7841714bb074935b70abb0eeecffb63,cache.set,,0.9,OK,cache-cluster,v1.1.0,ddfa132d662e40858e96b59189ed8e07
live_ep_000005_RETRY_STORM,RETRY_STORM,auth-service,17.5,1785922690.441183,52cf452900da435697309704affdeda3,,GET /api/auth,,192.08,OK,auth-service,v1.1.0,9b07106ed2444cdb831761addc63d27a
live_ep_000005_RETRY_STORM,RETRY_STORM,auth-service,17.5,1785922690.441183,f1eaf10fc0c34bbfb0f915f2f44b3149,52cf452900da435697309704affdeda3,db.query.update,READ,38.41,OK,user-db,v1.1.0,9b07106ed2444cdb831761addc63d27a
live_ep_000005_RETRY_STORM,RETRY_STORM,auth-service,17.5,1785922690.441183,6588aa129b704af2a21fd030b87db028,52cf452900da435697309704affdeda3,cache.delete,,4.13,OK,cache-cluster,v1.1.0,9b07106ed2444cdb831761addc63d27a
live_ep_000005_RETRY_STORM,RETRY_STORM,auth-service,18.0,1785922690.9414136,42e5710214b74a4db635e1932bf30676,,POST /api/checkout,,200.16,OK,auth-service,v1.1.0,feb080fb185c4fd18f3e45707f663d12
live_ep_000005_RETRY_STORM,RETRY_STORM,auth-service,18.0,1785922690.9414136,7b56a60c54a648ddbd8252675b216c66,42e5710214b74a4db635e1932bf30676,db.query.delete,READ,11.72,OK,user-db,v1.1.0,feb080fb185c4fd18f3e45707f663d12
live_ep_000005_RETRY_STORM,RETRY_STORM,auth-service,18.0,1785922690.9414136,fbb71abcf6674c939911ba55b1dcd93a,42e5710214b74a4db635e1932bf30676,cache.get,,1.71,OK,cache-cluster,v1.1.0,feb080fb185c4fd18f3e45707f663d12
live_ep_000005_RETRY_STORM,RETRY_STORM,auth-service,18.5,1785922691.4417477,a0d6f2c0517d4337beca259ec15b1b0e,,GET /api/health,,293.07,OK,auth-service,v1.1.0,0308f28041de48deb574ddc03d5ca36d
live_ep_000005_RETRY_STORM,RETRY_STORM,auth-service,18.5,1785922691.4417477,464344133c0a4626b68c803a756bbfe7,a0d6f2c0517d4337beca259ec15b1b0e,db.transaction,WRITE,13.86,OK,user-db,v1.1.0,0308f28041de48deb574ddc03d5ca36d
live_ep_000005_RETRY_STORM,RETRY_STORM,auth-service,18.5,1785922691.4417477,97f0d0b02c0846e182a27d93c7b904a3,a0d6f2c0517d4337beca259ec15b1b0e,db.query.select,READ,20.38,OK,user-db,v1.1.0,0308f28041de48deb574ddc03d5ca36d
live_ep_000005_RETRY_STORM,RETRY_STORM,auth-service,18.5,1785922691.4417477,a55804d805ce40ff87a8946906334eb2,a0d6f2c0517d4337beca259ec15b1b0e,http.client.get,,25.58,OK,user-db,v1.1.0,0308f28041de48deb574ddc03d5ca36d
live_ep_000005_RETRY_STORM,RETRY_STORM,auth-service,19.0,1785922691.9439209,71adcad34b5c47d0b437a0d754c621a7,,PUT /api/inventory,,219.61,OK,auth-service,v1.1.0,5e48709d600a4f358bd48a15d5d50b43
live_ep_000005_RETRY_STORM,RETRY_STORM,auth-service,19.0,1785922691.9439209,273f0e699fbf488e8ff51efe364bec4f,71adcad34b5c47d0b437a0d754c621a7,db.transaction,WRITE,40.57,OK,user-db,v1.1.0,5e48709d600a4f358bd48a15d5d50b43
live_ep_000005_RETRY_STORM,RETRY_STORM,auth-service,19.0,1785922691.9439209,fd6de50359a745078679cc6e1da92042,71adcad34b5c47d0b437a0d754c621a7,cache.get,,2.71,OK,cache-cluster,v1.1.0,5e48709d600a4f358bd48a15d5d50b43
live_ep_000005_RETRY_STORM,RETRY_STORM,auth-service,19.5,1785922692.4472055,26275855d6214dd685cb3f957cb5e5a4,,GET /api/order,,230.17,OK,auth-service,v1.1.0,43e7778469664a099c0994eb667d6209
live_ep_000005_RETRY_STORM,RETRY_STORM,auth-service,19.5,1785922692.4472055,8450229e64f64a4cbac6d4d3c70e097a,26275855d6214dd685cb3f957cb5e5a4,db.transaction,WRITE,108.05,OK,user-db,v1.1.0,43e7778469664a099c0994eb667d6209
live_ep_000005_RETRY_STORM,RETRY_STORM,auth-service,19.5,1785922692.4472055,145c103ab3cd45efa51a163b0ec8d577,26275855d6214dd685cb3f957cb5e5a4,db.query.insert,WRITE,96.44,OK,user-db,v1.1.0,43e7778469664a099c0994eb667d6209
live_ep_000005_RETRY_STORM,RETRY_STORM,auth-service,19.5,1785922692.4472055,7ea7672f2c054313a95b032a211f6c53,26275855d6214dd685cb3f957cb5e5a4,cache.delete,,1.34,OK,cache-cluster,v1.1.0,43e7778469664a099c0994eb667d6209
live_ep_000005_RETRY_STORM,RETRY_STORM,auth-service,20.0,1785922692.9475093,1e47822797f647a69b8aed7df31957c7,,POST /api/payment,,161.32,OK,auth-service,v1.1.0,97965c53bf0545d99157e083fcbe7bda
live_ep_000005_RETRY_STORM,RETRY_STORM,auth-service,20.0,1785922692.9475093,55bd5ec688024cecacc4c32f58f99a90,1e47822797f647a69b8aed7df31957c7,db.query.delete,READ,29.45,OK,user-db,v1.1.0,97965c53bf0545d99157e083fcbe7bda
live_ep_000005_RETRY_STORM,RETRY_STORM,auth-service,20.0,1785922692.9475093,7c499ddbd6a54aa5bf57c701dec1d989,1e47822797f647a69b8aed7df31957c7,db.query.update,READ,25.48,OK,user-db,v1.1.0,97965c53bf0545d99157e083fcbe7bda
live_ep_000005_RETRY_STORM,RETRY_STORM,auth-service,20.0,1785922692.9475093,8f5484f9dbab4ddf9f01ec959422e1a6,1e47822797f647a69b8aed7df31957c7,cache.delete,,3.53,OK,cache-cluster,v1.1.0,97965c53bf0545d99157e083fcbe7bda
live_ep_000005_RETRY_STORM,RETRY_STORM,auth-service,20.5,1785922693.447684,16a8b78ef9fa4036ada751afb4b3c0ed,,GET /api/health,,214.69,OK,auth-service,v1.1.0,fa42d6f439894178b2a9ff53fbe36c3e
live_ep_000005_RETRY_STORM,RETRY_STORM,auth-service,20.5,1785922693.447684,ae02e423f7ce4ed6a626877400b4f950,16a8b78ef9fa4036ada751afb4b3c0ed,db.transaction,READ,34.6,OK,user-db,v1.1.0,fa42d6f439894178b2a9ff53fbe36c3e
live_ep_000005_RETRY_STORM,RETRY_STORM,auth-service,20.5,1785922693.447684,6b423448f43240149dc4fbd307147249,16a8b78ef9fa4036ada751afb4b3c0ed,db.query.update,WRITE,36.97,OK,user-db,v1.1.0,fa42d6f439894178b2a9ff53fbe36c3e
live_ep_000005_RETRY_STORM,RETRY_STORM,auth-service,20.5,1785922693.447684,3207d619f4284b6a9dae6531d2a54854,16a8b78ef9fa4036ada751afb4b3c0ed,http.client.post,,28.32,OK,cache-cluster,v1.1.0,fa42d6f439894178b2a9ff53fbe36c3e
live_ep_000005_RETRY_STORM,RETRY_STORM,auth-service,21.0,1785922693.9481304,de898904abf34e71abd333f294041144,,POST /api/checkout,,128.3,OK,auth-service,v1.1.0,994b26d527b548fdbe148b5240d29630
live_ep_000005_RETRY_STORM,RETRY_STORM,auth-service,21.0,1785922693.9481304,c9f024a002ba46a6bbe8fe79326ed38c,de898904abf34e71abd333f294041144,db.query.insert,WRITE,42.06,OK,user-db,v1.1.0,994b26d527b548fdbe148b5240d29630
live_ep_000005_RETRY_STORM,RETRY_STORM,auth-service,21.0,1785922693.9481304,2ea3345e80fb4902bef42fc5d2edc396,de898904abf34e71abd333f294041144,db.query.update,READ,28.91,OK,user-db,v1.1.0,994b26d527b548fdbe148b5240d29630
live_ep_000005_RETRY_STORM,RETRY_STORM,auth-service,21.0,1785922693.9481304,bf5cb3e56e4a45ddb034564d65f6ba72,de898904abf34e71abd333f294041144,cache.set,,1.27,OK,cache-cluster,v1.1.0,994b26d527b548fdbe148b5240d29630
live_ep_000005_RETRY_STORM,RETRY_STORM,auth-service,21.0,1785922693.9481304,a613c0af5c7d438b9010c4205f59088b,de898904abf34e71abd333f294041144,http.client.get,,25.43,OK,user-db,v1.1.0,994b26d527b548fdbe148b5240d29630
live_ep_000005_RETRY_STORM,RETRY_STORM,auth-service,21.5,1785922694.448511,1e8a7ebfbd6a456b9abb25fd7fc9864c,,GET /api/health,,172.48,OK,auth-service,v1.1.0,4e4979852d0d43b0a9fd2990349d25de
live_ep_000005_RETRY_STORM,RETRY_STORM,auth-service,21.5,1785922694.448511,c8f83317153b4b5f97eb25fed72b3cc2,1e8a7ebfbd6a456b9abb25fd7fc9864c,db.query.insert,READ,33.87,OK,user-db,v1.1.0,4e4979852d0d43b0a9fd2990349d25de
live_ep_000005_RETRY_STORM,RETRY_STORM,auth-service,21.5,1785922694.448511,d8ea288691254618ad7007c838f3ef1d,1e8a7ebfbd6a456b9abb25fd7fc9864c,db.transaction,WRITE,51.32,OK,user-db,v1.1.0,4e4979852d0d43b0a9fd2990349d25de
live_ep_000005_RETRY_STORM,RETRY_STORM,auth-service,21.5,1785922694.448511,dfb041ba87fd4043913cfc4ccf88a10e,1e8a7ebfbd6a456b9abb25fd7fc9864c,cache.set,,2.84,OK,cache-cluster,v1.1.0,4e4979852d0d43b0a9fd2990349d25de
live_ep_000005_RETRY_STORM,RETRY_STORM,auth-service,22.0,1785922694.949008,ec9fd17c2ca4421e8e44601d7200372a,,PUT /api/inventory,,172.5,OK,auth-service,v1.1.0,72ab5e89c8004fb58aa1f74a34fc5d94
live_ep_000005_RETRY_STORM,RETRY_STORM,auth-service,22.0,1785922694.949008,30d106b3ded041a8add1ba7423a7d455,ec9fd17c2ca4421e8e44601d7200372a,db.query.select,READ,24.31,OK,user-db,v1.1.0,72ab5e89c8004fb58aa1f74a34fc5d94
live_ep_000005_RETRY_STORM,RETRY_STORM,auth-service,22.0,1785922694.949008,bc63a3bfafe2418fad4a528a297db7e9,ec9fd17c2ca4421e8e44601d7200372a,cache.get,,3.42,OK,cache-cluster,v1.1.0,72ab5e89c8004fb58aa1f74a34fc5d94
live_ep_000005_RETRY_STORM,RETRY_STORM,auth-service,22.5,1785922695.4491274,f4e06cf2e7f84cac94b04a4447899e28,,GET /api/order,,199.08,OK,auth-service,v1.1.0,2c10010ba0634592a108f58c29dc3633
live_ep_000005_RETRY_STORM,RETRY_STORM,auth-service,22.5,1785922695.4491274,0c844531ec1a4a19ae98d1d1767884ff,f4e06cf2e7f84cac94b04a4447899e28,db.query.select,READ,26.93,OK,user-db,v1.1.0,2c10010ba0634592a108f58c29dc3633
live_ep_000005_RETRY_STORM,RETRY_STORM,auth-service,23.0,1785922695.949227,849c0ff2ddef4dcdaf54636966e4bab5,,GET /api/auth,,285.85,OK,auth-service,v1.1.0,f4170ef64f894b8b851b47f652a7bd70
live_ep_000005_RETRY_STORM,RETRY_STORM,auth-service,23.0,1785922695.949227,5d7428d3974943689f43d590cb6ab1c9,849c0ff2ddef4dcdaf54636966e4bab5,db.transaction,READ,16.41,OK,user-db,v1.1.0,f4170ef64f894b8b851b47f652a7bd70
live_ep_000005_RETRY_STORM,RETRY_STORM,auth-service,23.0,1785922695.949227,abbcdb5c54a548ddb87eb52a2af1f0d2,849c0ff2ddef4dcdaf54636966e4bab5,cache.delete,,1.93,OK,cache-cluster,v1.1.0,f4170ef64f894b8b851b47f652a7bd70
live_ep_000005_RETRY_STORM,RETRY_STORM,auth-service,23.0,1785922695.949227,ae7f1f73c05c4a90af45b55efc392742,849c0ff2ddef4dcdaf54636966e4bab5,http.client.post,,15.38,OK,inventory-api,v1.1.0,f4170ef64f894b8b851b47f652a7bd70
live_ep_000005_RETRY_STORM,RETRY_STORM,auth-service,23.5,1785922696.449561,4172c75ea04842279e9592b805d4840d,,GET /api/auth,,149.93,OK,auth-service,v1.1.0,5f47296205d8457da67f5acc10ed549a
live_ep_000005_RETRY_STORM,RETRY_STORM,auth-service,23.5,1785922696.449561,b3aae2ab83f84b9ca8c8071d0f322ccc,4172c75ea04842279e9592b805d4840d,db.query.delete,READ,25.02,OK,user-db,v1.1.0,5f47296205d8457da67f5acc10ed549a
live_ep_000005_RETRY_STORM,RETRY_STORM,auth-service,23.5,1785922696.449561,061ee0d3b8d649d19874cb5b109688e4,4172c75ea04842279e9592b805d4840d,db.transaction,READ,22.55,OK,user-db,v1.1.0,5f47296205d8457da67f5acc10ed549a
live_ep_000005_RETRY_STORM,RETRY_STORM,auth-service,23.5,1785922696.449561,a9bd764e9ad448659d4c5735d376b8d4,4172c75ea04842279e9592b805d4840d,cache.delete,,0.63,OK,cache-cluster,v1.1.0,5f47296205d8457da67f5acc10ed549a
live_ep_000005_RETRY_STORM,RETRY_STORM,auth-service,24.0,1785922696.9497545,0534cce8d57348dba80933e781a02f44,,PUT /api/inventory,,185.82,OK,auth-service,v1.1.0,16d6202aac82445685c0403101db4ee4
live_ep_000005_RETRY_STORM,RETRY_STORM,auth-service,24.0,1785922696.9497545,cede353fa7864b66b77e513c8f17bae1,0534cce8d57348dba80933e781a02f44,db.transaction,WRITE,24.88,OK,user-db,v1.1.0,16d6202aac82445685c0403101db4ee4
live_ep_000005_RETRY_STORM,RETRY_STORM,auth-service,24.0,1785922696.9497545,121346beb33045769c947993ef13f31b,0534cce8d57348dba80933e781a02f44,db.query.select,READ,15.53,OK,user-db,v1.1.0,16d6202aac82445685c0403101db4ee4
live_ep_000005_RETRY_STORM,RETRY_STORM,auth-service,24.0,1785922696.9497545,391cb75015864aebb602966ff88d2da7,0534cce8d57348dba80933e781a02f44,cache.set,,51.52,OK,cache-cluster,v1.1.0,16d6202aac82445685c0403101db4ee4
live_ep_000005_RETRY_STORM,RETRY_STORM,auth-service,24.0,1785922696.9497545,04ed5937a9e84a1c82237527ff6551d5,0534cce8d57348dba80933e781a02f44,http.client.post,,18.96,OK,cache-cluster,v1.1.0,16d6202aac82445685c0403101db4ee4
live_ep_000005_RETRY_STORM,RETRY_STORM,auth-service,24.5,1785922697.4501615,e5b8104c8033418383a8aff976475cae,,GET /api/order,,217.65,OK,auth-service,v1.1.0,50d706bed55f46569d815bd323341418
live_ep_000005_RETRY_STORM,RETRY_STORM,auth-service,24.5,1785922697.4501615,923a16bed2a147f79b7e0fb1d957f422,e5b8104c8033418383a8aff976475cae,db.query.delete,READ,40.15,OK,user-db,v1.1.0,50d706bed55f46569d815bd323341418
live_ep_000005_RETRY_STORM,RETRY_STORM,auth-service,24.5,1785922697.4501615,c90bd60e02e64274bc7d43d63d8e5e5e,e5b8104c8033418383a8aff976475cae,db.query.delete,READ,53.69,OK,user-db,v1.1.0,50d706bed55f46569d815bd323341418
live_ep_000005_RETRY_STORM,RETRY_STORM,auth-service,24.5,1785922697.4501615,fcca5f9872d2488c9af82270454840e9,e5b8104c8033418383a8aff976475cae,cache.get,,56.95,OK,cache-cluster,v1.1.0,50d706bed55f46569d815bd323341418
live_ep_000005_RETRY_STORM,RETRY_STORM,auth-service,25.0,1785922697.9503944,1fb6a79a675c4b4d887f6144e3ff3ef5,,GET /api/order,,226.96,ERROR,auth-service,v1.1.0,deecd79f38884d628e6f5007e9b1b358
live_ep_000005_RETRY_STORM,RETRY_STORM,auth-service,25.0,1785922697.9503944,6a5e3159f0034ed4bfaa1d4397b7b266,1fb6a79a675c4b4d887f6144e3ff3ef5,db.query.select,WRITE,28.1,OK,user-db,v1.1.0,deecd79f38884d628e6f5007e9b1b358
live_ep_000005_RETRY_STORM,RETRY_STORM,auth-service,25.0,1785922697.9503944,54c93d00a5204ccbace783d2e13f6e59,1fb6a79a675c4b4d887f6144e3ff3ef5,db.query.select,WRITE,23.51,OK,user-db,v1.1.0,deecd79f38884d628e6f5007e9b1b358
live_ep_000005_RETRY_STORM,RETRY_STORM,auth-service,25.0,1785922697.9503944,cbec8d0149ed44baadd60f39e985e85e,1fb6a79a675c4b4d887f6144e3ff3ef5,cache.set,,4.16,OK,cache-cluster,v1.1.0,deecd79f38884d628e6f5007e9b1b358
live_ep_000005_RETRY_STORM,RETRY_STORM,auth-service,25.5,1785922698.450783,8555496fb6dc4d7bad6235ecfb4d76ae,,POST /api/payment,,225.73,OK,auth-service,v1.1.0,7236d277e20b4a398a3c1f8b51977111
live_ep_000005_RETRY_STORM,RETRY_STORM,auth-service,25.5,1785922698.450783,59a64cdd3e6f477ebe63e5b5dd863dd1,8555496fb6dc4d7bad6235ecfb4d76ae,db.query.update,READ,56.94,OK,user-db,v1.1.0,7236d277e20b4a398a3c1f8b51977111
live_ep_000005_RETRY_STORM,RETRY_STORM,auth-service,25.5,1785922698.450783,b60c53468108482ba195078ada7ac9ac,8555496fb6dc4d7bad6235ecfb4d76ae,db.query.insert,WRITE,56.1,OK,user-db,v1.1.0,7236d277e20b4a398a3c1f8b51977111
live_ep_000005_RETRY_STORM,RETRY_STORM,auth-service,25.5,1785922698.450783,a73f5011bf84442fa2dcff91d5f8de84,8555496fb6dc4d7bad6235ecfb4d76ae,cache.set,,0.5,OK,cache-cluster,v1.1.0,7236d277e20b4a398a3c1f8b51977111
live_ep_000005_RETRY_STORM,RETRY_STORM,auth-service,26.0,1785922698.9508786,229a07b88b894574908a72018368d47b,,POST /api/payment,,242.44,OK,auth-service,v1.1.0,cd2b4339c0ad4964a443bdde30d239c0
live_ep_000005_RETRY_STORM,RETRY_STORM,auth-service,26.0,1785922698.9508786,13d510642da841ad91537e1f8ab0ad53,229a07b88b894574908a72018368d47b,db.query.update,READ,58.17,OK,user-db,v1.1.0,cd2b4339c0ad4964a443bdde30d239c0
live_ep_000005_RETRY_STORM,RETRY_STORM,auth-service,26.0,1785922698.9508786,1212da05abd34e30b6c3db35d99a14d3,229a07b88b894574908a72018368d47b,cache.set,,2.39,OK,cache-cluster,v1.1.0,cd2b4339c0ad4964a443bdde30d239c0
live_ep_000005_RETRY_STORM,RETRY_STORM,auth-service,26.5,1785922699.451034,91c209bc41fc4fd58a1641a23ce9da73,,GET /api/order,,197.58,OK,auth-service,v1.1.0,a6fa299d75a04d57885857afa622f7ae
live_ep_000005_RETRY_STORM,RETRY_STORM,auth-service,26.5,1785922699.451034,51c32789967a46a5b9dad6aaed2783a9,91c209bc41fc4fd58a1641a23ce9da73,db.query.insert,WRITE,18.21,OK,user-db,v1.1.0,a6fa299d75a04d57885857afa622f7ae
live_ep_000005_RETRY_STORM,RETRY_STORM,auth-service,27.0,1785922699.9511304,17b98946ed7e427ca449b36ce2467441,,GET /api/order,,237.7,OK,auth-service,v1.1.0,e63f1ad106c74b0fa35e8378c16c1d59
live_ep_000005_RETRY_STORM,RETRY_STORM,auth-service,27.0,1785922699.9511304,f32c05c0612e4128af3384ecab85663e,17b98946ed7e427ca449b36ce2467441,db.query.select,READ,40.74,OK,user-db,v1.1.0,e63f1ad106c74b0fa35e8378c16c1d59
live_ep_000005_RETRY_STORM,RETRY_STORM,auth-service,27.0,1785922699.9511304,263ae41bac04433bbedc22e4fcf4551d,17b98946ed7e427ca449b36ce2467441,cache.get,,1.45,OK,cache-cluster,v1.1.0,e63f1ad106c74b0fa35e8378c16c1d59
live_ep_000005_RETRY_STORM,RETRY_STORM,auth-service,27.5,1785922700.4513867,36542ab5a5c842039067b9fd8cd8cdac,,GET /api/order,,204.91,OK,auth-service,v1.1.0,c13b8358dc704fa49d07f6746d4ec65e
live_ep_000005_RETRY_STORM,RETRY_STORM,auth-service,27.5,1785922700.4513867,2b9f0da264234a6ba0a6698d2d111522,36542ab5a5c842039067b9fd8cd8cdac,db.query.update,WRITE,27.77,OK,user-db,v1.1.0,c13b8358dc704fa49d07f6746d4ec65e
live_ep_000005_RETRY_STORM,RETRY_STORM,auth-service,27.5,1785922700.4513867,4366d432190e4d86857c010c5f6df51c,36542ab5a5c842039067b9fd8cd8cdac,db.query.delete,WRITE,30.38,OK,user-db,v1.1.0,c13b8358dc704fa49d07f6746d4ec65e
live_ep_000005_RETRY_STORM,RETRY_STORM,auth-service,27.5,1785922700.4513867,d39ffde0539645c797e56c69d9f9e965,36542ab5a5c842039067b9fd8cd8cdac,cache.set,,1.17,OK,cache-cluster,v1.1.0,c13b8358dc704fa49d07f6746d4ec65e
live_ep_000005_RETRY_STORM,RETRY_STORM,auth-service,28.0,1785922700.9516125,c2bc828b36594a9bbcb7df36615e8742,,GET /api/order,,210.45,OK,auth-service,v1.1.0,f32cfa7243e344f28263ad82c3d53629
live_ep_000005_RETRY_STORM,RETRY_STORM,auth-service,28.0,1785922700.9516125,d0e6bea7f5d743bcb7706eaac8590841,c2bc828b36594a9bbcb7df36615e8742,db.query.select,WRITE,22.2,OK,user-db,v1.1.0,f32cfa7243e344f28263ad82c3d53629
live_ep_000005_RETRY_STORM,RETRY_STORM,auth-service,28.0,1785922700.9516125,c4bbc88465ca4184a4b19155ff74949f,c2bc828b36594a9bbcb7df36615e8742,db.query.select,WRITE,12.29,OK,user-db,v1.1.0,f32cfa7243e344f28263ad82c3d53629
live_ep_000005_RETRY_STORM,RETRY_STORM,auth-service,28.0,1785922700.9516125,7fec729a182646a3b6a31e1f251f6213,c2bc828b36594a9bbcb7df36615e8742,cache.delete,,2.59,OK,cache-cluster,v1.1.0,f32cfa7243e344f28263ad82c3d53629
live_ep_000005_RETRY_STORM,RETRY_STORM,auth-service,28.5,1785922701.4518816,3b669ce8769641699621b79a09e9cca0,,GET /api/auth,,128.37,OK,auth-service,v1.1.0,6aeb790ffd484e1f9e2fe7fbfe5fdef1
live_ep_000005_RETRY_STORM,RETRY_STORM,auth-service,28.5,1785922701.4518816,ad21cc7f742a4c38a385f98d499d3cec,3b669ce8769641699621b79a09e9cca0,db.query.delete,READ,50.45,ERROR,user-db,v1.1.0,6aeb790ffd484e1f9e2fe7fbfe5fdef1
live_ep_000005_RETRY_STORM,RETRY_STORM,auth-service,28.5,1785922701.4518816,50b0e145e52b42cbb9fd47c606d2f95d,3b669ce8769641699621b79a09e9cca0,db.query.update,WRITE,48.02,OK,user-db,v1.1.0,6aeb790ffd484e1f9e2fe7fbfe5fdef1
live_ep_000005_RETRY_STORM,RETRY_STORM,auth-service,28.5,1785922701.4518816,4d26c261e23e43dc9e30d52d6d065b9e,3b669ce8769641699621b79a09e9cca0,cache.get,,2.1,OK,cache-cluster,v1.1.0,6aeb790ffd484e1f9e2fe7fbfe5fdef1
live_ep_000005_RETRY_STORM,RETRY_STORM,auth-service,29.0,1785922701.9523165,4cc9848201094a6f8c6c36d1e62b1e87,,POST /api/payment,,283.06,OK,auth-service,v1.1.0,62f4d735c7b34a94afb25180cead83a4
live_ep_000005_RETRY_STORM,RETRY_STORM,auth-service,29.0,1785922701.9523165,5dd1647405a7498cacb899177cc6ec5f,4cc9848201094a6f8c6c36d1e62b1e87,db.query.select,READ,35.45,OK,user-db,v1.1.0,62f4d735c7b34a94afb25180cead83a4
live_ep_000005_RETRY_STORM,RETRY_STORM,auth-service,29.0,1785922701.9523165,071fb014c97045c68a5e92b5c80656db,4cc9848201094a6f8c6c36d1e62b1e87,cache.delete,,0.5,OK,cache-cluster,v1.1.0,62f4d735c7b34a94afb25180cead83a4
live_ep_000005_RETRY_STORM,RETRY_STORM,auth-service,29.0,1785922701.9523165,b72ff1b49b624da7b680095da949770f,4cc9848201094a6f8c6c36d1e62b1e87,http.client.post,,43.04,OK,user-db,v1.1.0,62f4d735c7b34a94afb25180cead83a4
live_ep_000005_RETRY_STORM,RETRY_STORM,auth-service,29.5,1785922702.4529033,9efa03b6b317402a949e2bd354fb120b,,GET /api/health,,254.36,OK,auth-service,v1.1.0,438111e38e6340f8b61de11ac550f8f9
live_ep_000005_RETRY_STORM,RETRY_STORM,auth-service,29.5,1785922702.4529033,7b391e12db794c0e81ffcc2012ebc2ad,9efa03b6b317402a949e2bd354fb120b,db.query.delete,READ,39.84,OK,user-db,v1.1.0,438111e38e6340f8b61de11ac550f8f9
live_ep_000005_RETRY_STORM,RETRY_STORM,auth-service,29.5,1785922702.4529033,a80a2aadac434339bef1f45f729f920d,9efa03b6b317402a949e2bd354fb120b,db.query.insert,WRITE,28.13,OK,user-db,v1.1.0,438111e38e6340f8b61de11ac550f8f9
live_ep_000005_RETRY_STORM,RETRY_STORM,auth-service,29.5,1785922702.4529033,589a17dcb38a4acb87fb8f03ca162403,9efa03b6b317402a949e2bd354fb120b,cache.delete,,2.54,OK,cache-cluster,v1.1.0,438111e38e6340f8b61de11ac550f8f9
live_ep_000005_RETRY_STORM,RETRY_STORM,auth-service,29.5,1785922702.4529033,f5c868fd42764700a737678eed559fa3,9efa03b6b317402a949e2bd354fb120b,http.client.get,,33.01,OK,cache-cluster,v1.1.0,438111e38e6340f8b61de11ac550f8f9
live_ep_000005_RETRY_STORM,RETRY_STORM,auth-service,30.0,1785922702.9534104,93038bad647e4769a00980e379e99618,,GET /api/auth,,189.4,OK,auth-service,v1.1.0,d198fa700a11467ab30307e853dcdf26
live_ep_000005_RETRY_STORM,RETRY_STORM,auth-service,30.0,1785922702.9534104,e9ebd891fb404f728a3c399b8aa0912c,93038bad647e4769a00980e379e99618,db.transaction,WRITE,28.8,OK,user-db,v1.1.0,d198fa700a11467ab30307e853dcdf26
live_ep_000005_RETRY_STORM,RETRY_STORM,auth-service,30.5,1785922703.4535193,2fd55398ce49432f8565327ea6eacf30,,POST /api/payment,,323.94,OK,auth-service,v1.1.0,4bc304ffd0bc4f96be320e84ab9bfeaa
live_ep_000005_RETRY_STORM,RETRY_STORM,auth-service,30.5,1785922703.4535193,2a1ad90889394d0e83d8ccba1679151c,2fd55398ce49432f8565327ea6eacf30,db.query.delete,READ,29.38,ERROR,user-db,v1.1.0,4bc304ffd0bc4f96be320e84ab9bfeaa
live_ep_000005_RETRY_STORM,RETRY_STORM,auth-service,30.5,1785922703.4535193,222699a0099341b6a7ced9bcbf7c5d5e,2fd55398ce49432f8565327ea6eacf30,grpc.call,,29.67,OK,inventory-api,v1.1.0,4bc304ffd0bc4f96be320e84ab9bfeaa
live_ep_000005_RETRY_STORM,RETRY_STORM,auth-service,31.0,1785922703.9537702,dc56cfae56c644638180f13dbca72a71,,POST /api/payment,,179.31,OK,auth-service,v1.1.0,01e709fb28e24d079db04e50fc3a0a55
live_ep_000005_RETRY_STORM,RETRY_STORM,auth-service,31.0,1785922703.9537702,6cfa31f273af472db691759441b7e0a5,dc56cfae56c644638180f13dbca72a71,db.query.select,READ,27.44,OK,user-db,v1.1.0,01e709fb28e24d079db04e50fc3a0a55
live_ep_000005_RETRY_STORM,RETRY_STORM,auth-service,31.0,1785922703.9537702,ae9da45c932f4939b1bfa17447a2ad1e,dc56cfae56c644638180f13dbca72a71,cache.get,,2.0,OK,cache-cluster,v1.1.0,01e709fb28e24d079db04e50fc3a0a55
live_ep_000005_RETRY_STORM,RETRY_STORM,auth-service,31.5,1785922704.453975,cd6de1ae17bb4703aba9a0d9525ad46e,,GET /api/health,,212.21,OK,auth-service,v1.1.0,b88af1a93b464505b86f208973ef9efb
live_ep_000005_RETRY_STORM,RETRY_STORM,auth-service,31.5,1785922704.453975,a25a05e3938c40e9a3505019e8af501e,cd6de1ae17bb4703aba9a0d9525ad46e,db.query.delete,WRITE,42.54,ERROR,user-db,v1.1.0,b88af1a93b464505b86f208973ef9efb
live_ep_000005_RETRY_STORM,RETRY_STORM,auth-service,31.5,1785922704.453975,cc0ea3ce4e324a40b119af62e8ab3063,cd6de1ae17bb4703aba9a0d9525ad46e,http.client.post,,21.45,OK,payment-gateway,v1.1.0,b88af1a93b464505b86f208973ef9efb
live_ep_000005_RETRY_STORM,RETRY_STORM,auth-service,32.0,1785922704.9542966,0c4d0a87dfe540a289a3ba6be8281d11,,GET /api/order,,213.62,OK,auth-service,v1.1.0,d84f49386d914e44bde4f89e390df02f
live_ep_000005_RETRY_STORM,RETRY_STORM,auth-service,32.0,1785922704.9542966,68fd53ea733e4378af4f1d1b5772d3a8,0c4d0a87dfe540a289a3ba6be8281d11,db.query.delete,WRITE,36.72,OK,user-db,v1.1.0,d84f49386d914e44bde4f89e390df02f
live_ep_000005_RETRY_STORM,RETRY_STORM,auth-service,32.0,1785922704.9542966,62412b9d6136470882df07b8b67e91d3,0c4d0a87dfe540a289a3ba6be8281d11,db.query.select,READ,33.16,OK,user-db,v1.1.0,d84f49386d914e44bde4f89e390df02f
live_ep_000005_RETRY_STORM,RETRY_STORM,auth-service,32.5,1785922705.4545002,fd67c4702f7c47e68294c0be3f3a7e91,,POST /api/checkout,,239.24,OK,auth-service,v1.1.0,17dfcd4799e24ef681675450f652520a
live_ep_000005_RETRY_STORM,RETRY_STORM,auth-service,32.5,1785922705.4545002,9019b317eef44bd48d6ea44e825bb06c,fd67c4702f7c47e68294c0be3f3a7e91,db.query.update,WRITE,51.1,OK,user-db,v1.1.0,17dfcd4799e24ef681675450f652520a
live_ep_000005_RETRY_STORM,RETRY_STORM,auth-service,32.5,1785922705.4545002,83d7df17f3a7483fbb920feba41b6363,fd67c4702f7c47e68294c0be3f3a7e91,db.query.update,WRITE,44.34,OK,user-db,v1.1.0,17dfcd4799e24ef681675450f652520a
live_ep_000005_RETRY_STORM,RETRY_STORM,auth-service,32.5,1785922705.4545002,8a91200cfbff40bbb5b8a2ac8f421460,fd67c4702f7c47e68294c0be3f3a7e91,cache.delete,,0.88,OK,cache-cluster,v1.1.0,17dfcd4799e24ef681675450f652520a
live_ep_000005_RETRY_STORM,RETRY_STORM,auth-service,33.0,1785922705.9548974,af6d0f198b054c008efa2287131407dc,,GET /api/health,,121.13,OK,auth-service,v1.1.0,7237dc579f644b5babbcd48a26adce49
live_ep_000005_RETRY_STORM,RETRY_STORM,auth-service,33.0,1785922705.9548974,0668fe116c324f638877afa99057658b,af6d0f198b054c008efa2287131407dc,db.transaction,WRITE,17.36,OK,user-db,v1.1.0,7237dc579f644b5babbcd48a26adce49
live_ep_000005_RETRY_STORM,RETRY_STORM,auth-service,33.0,1785922705.9548974,77718cfb8e8c47a89e87c1787963a546,af6d0f198b054c008efa2287131407dc,http.client.get,,35.88,OK,cache-cluster,v1.1.0,7237dc579f644b5babbcd48a26adce49
live_ep_000005_RETRY_STORM,RETRY_STORM,auth-service,33.5,1785922706.4550986,b3a4072cef404e1db9a5cf0597b862e6,,GET /api/order,,192.02,OK,auth-service,v1.1.0,31a99b51da574bbaa01401595169a717
live_ep_000005_RETRY_STORM,RETRY_STORM,auth-service,33.5,1785922706.4550986,369ebd61cf7d48c78025f54df98e5960,b3a4072cef404e1db9a5cf0597b862e6,db.query.delete,READ,30.39,OK,user-db,v1.1.0,31a99b51da574bbaa01401595169a717
live_ep_000005_RETRY_STORM,RETRY_STORM,auth-service,33.5,1785922706.4550986,fa6f6453ae284ca8a81bb9bb18d8f14a,b3a4072cef404e1db9a5cf0597b862e6,db.query.update,WRITE,35.84,OK,user-db,v1.1.0,31a99b51da574bbaa01401595169a717
live_ep_000005_RETRY_STORM,RETRY_STORM,auth-service,33.5,1785922706.4550986,edbba10ede2c483d90dd638d4972b70d,b3a4072cef404e1db9a5cf0597b862e6,cache.delete,,3.45,OK,cache-cluster,v1.1.0,31a99b51da574bbaa01401595169a717
live_ep_000005_RETRY_STORM,RETRY_STORM,auth-service,34.0,1785922706.955516,4573b1a9fa7d483c8900bba566495223,,POST /api/payment,,246.69,ERROR,auth-service,v1.1.0,7789986850944b9281bb293fe3350510
live_ep_000005_RETRY_STORM,RETRY_STORM,auth-service,34.0,1785922706.955516,cff0e8da38c84dc8823bf0b7221bbab1,4573b1a9fa7d483c8900bba566495223,db.transaction,WRITE,37.17,OK,user-db,v1.1.0,7789986850944b9281bb293fe3350510
live_ep_000005_RETRY_STORM,RETRY_STORM,auth-service,34.0,1785922706.955516,0e8dba6bdcfc4496bce01d24f014b853,4573b1a9fa7d483c8900bba566495223,db.transaction,READ,54.69,OK,user-db,v1.1.0,7789986850944b9281bb293fe3350510
live_ep_000005_RETRY_STORM,RETRY_STORM,auth-service,34.0,1785922706.955516,087d5b683d994849b0d50b7be40e2bc4,4573b1a9fa7d483c8900bba566495223,cache.delete,,1.89,OK,cache-cluster,v1.1.0,7789986850944b9281bb293fe3350510
live_ep_000005_RETRY_STORM,RETRY_STORM,auth-service,34.0,1785922706.955516,83a35183cf3b4c0c92d684857ed52fbe,4573b1a9fa7d483c8900bba566495223,http.client.get,,31.55,OK,inventory-api,v1.1.0,7789986850944b9281bb293fe3350510
live_ep_000005_RETRY_STORM,RETRY_STORM,auth-service,34.5,1785922707.4557242,9642ae66ab7e4bf5be302e111527d0e5,,POST /api/payment,,214.84,OK,auth-service,v1.1.0,6addbecdadb846318c62024e3a9b0f6c
live_ep_000005_RETRY_STORM,RETRY_STORM,auth-service,34.5,1785922707.4557242,fae43fad529c43aead906f64e27c66ca,9642ae66ab7e4bf5be302e111527d0e5,db.query.delete,READ,29.68,OK,user-db,v1.1.0,6addbecdadb846318c62024e3a9b0f6c
live_ep_000005_RETRY_STORM,RETRY_STORM,auth-service,34.5,1785922707.4557242,c9f565c8dc9549669370b27f33cbea7a,9642ae66ab7e4bf5be302e111527d0e5,db.transaction,WRITE,42.01,OK,user-db,v1.1.0,6addbecdadb846318c62024e3a9b0f6c
live_ep_000005_RETRY_STORM,RETRY_STORM,auth-service,34.5,1785922707.4557242,8fdff70b83b44530b1e9c8597c1477f8,9642ae66ab7e4bf5be302e111527d0e5,cache.get,,1.21,OK,cache-cluster,v1.1.0,6addbecdadb846318c62024e3a9b0f6c
live_ep_000005_RETRY_STORM,RETRY_STORM,auth-service,35.0,1785922707.9565504,29e1b6f4a578438e8d543a4da4787ef0,,POST /api/payment,,149.79,OK,auth-service,v1.1.0,6795412fb35b488e828c6ac1988ed038
live_ep_000005_RETRY_STORM,RETRY_STORM,auth-service,35.0,1785922707.9565504,6681806fc0c94bcca7d23368cb621ffc,29e1b6f4a578438e8d543a4da4787ef0,db.transaction,WRITE,14.55,OK,user-db,v1.1.0,6795412fb35b488e828c6ac1988ed038
live_ep_000005_RETRY_STORM,RETRY_STORM,auth-service,35.0,1785922707.9565504,85c9eb4ec8124332a948e8c436388303,29e1b6f4a578438e8d543a4da4787ef0,db.query.update,WRITE,28.41,OK,user-db,v1.1.0,6795412fb35b488e828c6ac1988ed038
live_ep_000005_RETRY_STORM,RETRY_STORM,auth-service,35.0,1785922707.9565504,5a698567c7ee4653b28821f648b1c147,29e1b6f4a578438e8d543a4da4787ef0,cache.get,,0.82,OK,cache-cluster,v1.1.0,6795412fb35b488e828c6ac1988ed038
live_ep_000005_RETRY_STORM,RETRY_STORM,auth-service,35.5,1785922708.4570165,5e6bdaaecbd74de3971c23224167840f,,POST /api/checkout,,275.18,OK,auth-service,v1.1.0,b73f00bc4fa14ce8a5daa5683243dde4
live_ep_000005_RETRY_STORM,RETRY_STORM,auth-service,35.5,1785922708.4570165,266ace4fe2ad4538b6368ea7695b2272,5e6bdaaecbd74de3971c23224167840f,db.query.select,READ,33.94,OK,user-db,v1.1.0,b73f00bc4fa14ce8a5daa5683243dde4
live_ep_000005_RETRY_STORM,RETRY_STORM,auth-service,35.5,1785922708.4570165,e74864cc64564c599a572950acca0634,5e6bdaaecbd74de3971c23224167840f,db.query.update,WRITE,52.02,OK,user-db,v1.1.0,b73f00bc4fa14ce8a5daa5683243dde4
live_ep_000005_RETRY_STORM,RETRY_STORM,auth-service,35.5,1785922708.4570165,1c33dfaba97e456eb2eac5d24e3a31ac,5e6bdaaecbd74de3971c23224167840f,cache.delete,,1.58,OK,cache-cluster,v1.1.0,b73f00bc4fa14ce8a5daa5683243dde4
live_ep_000005_RETRY_STORM,RETRY_STORM,auth-service,35.5,1785922708.4570165,9a55f9c80123436b9949ffcd692d28dd,5e6bdaaecbd74de3971c23224167840f,grpc.call,,21.08,OK,user-db,v1.1.0,b73f00bc4fa14ce8a5daa5683243dde4
live_ep_000005_RETRY_STORM,RETRY_STORM,auth-service,36.0,1785922708.9574,ea1543edea4f4cc7bee2b44f4033102a,,PUT /api/inventory,,210.33,OK,auth-service,v1.1.0,06f1a1037a964169bdc3faf3613620fc
live_ep_000005_RETRY_STORM,RETRY_STORM,auth-service,36.0,1785922708.9574,24b15f5bb420461ba4af4a6932b87091,ea1543edea4f4cc7bee2b44f4033102a,db.query.delete,READ,14.6,OK,user-db,v1.1.0,06f1a1037a964169bdc3faf3613620fc
live_ep_000005_RETRY_STORM,RETRY_STORM,auth-service,36.0,1785922708.9574,aeb098ea809e4409832466282f5097b8,ea1543edea4f4cc7bee2b44f4033102a,db.transaction,WRITE,19.88,OK,user-db,v1.1.0,06f1a1037a964169bdc3faf3613620fc
live_ep_000005_RETRY_STORM,RETRY_STORM,auth-service,36.5,1785922709.4575121,f1749a61fc0c4277885ff3f441d8647a,,PUT /api/inventory,,180.74,OK,auth-service,v1.1.0,681f6c8061ec4b6889b3c3e50c22ddbb
live_ep_000005_RETRY_STORM,RETRY_STORM,auth-service,36.5,1785922709.4575121,f9ab8dff1ae04cd99701dfd3b0225c46,f1749a61fc0c4277885ff3f441d8647a,db.transaction,READ,31.55,OK,user-db,v1.1.0,681f6c8061ec4b6889b3c3e50c22ddbb
live_ep_000005_RETRY_STORM,RETRY_STORM,auth-service,36.5,1785922709.4575121,2930d9684cdc4fa88b46df90106f60cd,f1749a61fc0c4277885ff3f441d8647a,cache.set,,1.98,OK,cache-cluster,v1.1.0,681f6c8061ec4b6889b3c3e50c22ddbb
live_ep_000005_RETRY_STORM,RETRY_STORM,auth-service,37.0,1785922709.9577916,cd3c54562f6d4ed7a57d94a350d34bcd,,GET /api/auth,,282.87,OK,auth-service,v1.1.0,3dd10700a8fd4046b3f579856228846b
live_ep_000005_RETRY_STORM,RETRY_STORM,auth-service,37.0,1785922709.9577916,ff43c8ed62cf4ecfa7ef11956c536922,cd3c54562f6d4ed7a57d94a350d34bcd,db.query.delete,READ,35.3,OK,user-db,v1.1.0,3dd10700a8fd4046b3f579856228846b
live_ep_000005_RETRY_STORM,RETRY_STORM,auth-service,37.0,1785922709.9577916,50e4f3d07e744dd8a85f7b5c9a610264,cd3c54562f6d4ed7a57d94a350d34bcd,db.query.delete,WRITE,35.78,OK,user-db,v1.1.0,3dd10700a8fd4046b3f579856228846b
live_ep_000005_RETRY_STORM,RETRY_STORM,auth-service,37.0,1785922709.9577916,4a2c751418e0474c9fab50eb060e3628,cd3c54562f6d4ed7a57d94a350d34bcd,grpc.call,,39.7,OK,user-db,v1.1.0,3dd10700a8fd4046b3f579856228846b
live_ep_000005_RETRY_STORM,RETRY_STORM,auth-service,37.5,1785922710.4582276,159a1f1fe6d948f481ae5b2bb75c308e,,PUT /api/inventory,,212.1,ERROR,auth-service,v1.1.0,c442efea7ecf4d60a7353d2a0ac1fe5c
live_ep_000005_RETRY_STORM,RETRY_STORM,auth-service,37.5,1785922710.4582276,082de7c093234ea78a3887da85255200,159a1f1fe6d948f481ae5b2bb75c308e,db.query.update,WRITE,57.09,OK,user-db,v1.1.0,c442efea7ecf4d60a7353d2a0ac1fe5c
live_ep_000005_RETRY_STORM,RETRY_STORM,auth-service,37.5,1785922710.4582276,b5bd1ea4fc2c4550b61ac937dd56d1e8,159a1f1fe6d948f481ae5b2bb75c308e,db.query.select,READ,36.39,OK,user-db,v1.1.0,c442efea7ecf4d60a7353d2a0ac1fe5c
live_ep_000005_RETRY_STORM,RETRY_STORM,auth-service,37.5,1785922710.4582276,fb74fea12e7042889525ca87404dc72b,159a1f1fe6d948f481ae5b2bb75c308e,cache.set,,1.6,OK,cache-cluster,v1.1.0,c442efea7ecf4d60a7353d2a0ac1fe5c
live_ep_000005_RETRY_STORM,RETRY_STORM,auth-service,38.0,1785922710.9584203,1469cad8d0ad47f4b1761799d636aab8,,POST /api/payment,,208.39,OK,auth-service,v1.1.0,35400c71adc14776bb3bd73548865646
live_ep_000005_RETRY_STORM,RETRY_STORM,auth-service,38.0,1785922710.9584203,cc2719261d9b40369035f214bcedda5e,1469cad8d0ad47f4b1761799d636aab8,db.query.insert,READ,16.17,OK,user-db,v1.1.0,35400c71adc14776bb3bd73548865646
live_ep_000005_RETRY_STORM,RETRY_STORM,auth-service,38.0,1785922710.9584203,26e4c02bb7f34a2abe75b8ee9644333f,1469cad8d0ad47f4b1761799d636aab8,db.query.insert,WRITE,25.1,ERROR,user-db,v1.1.0,35400c71adc14776bb3bd73548865646
live_ep_000005_RETRY_STORM,RETRY_STORM,auth-service,38.0,1785922710.9584203,11544f33c30841b2b9e1bbbb846bfdc9,1469cad8d0ad47f4b1761799d636aab8,cache.get,,3.07,OK,cache-cluster,v1.1.0,35400c71adc14776bb3bd73548865646
live_ep_000005_RETRY_STORM,RETRY_STORM,auth-service,38.0,1785922710.9584203,2cdf76a58d46422cb492f017a8d24ebe,1469cad8d0ad47f4b1761799d636aab8,grpc.call,,15.4,OK,user-db,v1.1.0,35400c71adc14776bb3bd73548865646
live_ep_000005_RETRY_STORM,RETRY_STORM,auth-service,38.5,1785922711.4586778,1ca9d62af1e1454d87b5be8030aa2a0b,,GET /api/order,,193.95,OK,auth-service,v1.1.0,5f71928cc31d44f78cd45ea603b29b15
live_ep_000005_RETRY_STORM,RETRY_STORM,auth-service,38.5,1785922711.4586778,5095a6ad87f3475d8694b746240fe755,1ca9d62af1e1454d87b5be8030aa2a0b,db.query.update,WRITE,13.55,OK,user-db,v1.1.0,5f71928cc31d44f78cd45ea603b29b15
live_ep_000005_RETRY_STORM,RETRY_STORM,auth-service,38.5,1785922711.4586778,d2082e6bb5254f56981c484d0c82ef0b,1ca9d62af1e1454d87b5be8030aa2a0b,db.query.delete,WRITE,31.0,OK,user-db,v1.1.0,5f71928cc31d44f78cd45ea603b29b15
live_ep_000005_RETRY_STORM,RETRY_STORM,auth-service,39.0,1785922711.9590168,309a17352bab4f7aae01b8a92e5ade78,,GET /api/order,,265.37,ERROR,auth-service,v1.1.0,69c2f1920c7c420f8f6bf11325f43d33
live_ep_000005_RETRY_STORM,RETRY_STORM,auth-service,39.0,1785922711.9590168,0547dc6492544e2a9d2d925b1dca039d,309a17352bab4f7aae01b8a92e5ade78,db.query.update,READ,21.76,OK,user-db,v1.1.0,69c2f1920c7c420f8f6bf11325f43d33
live_ep_000005_RETRY_STORM,RETRY_STORM,auth-service,39.0,1785922711.9590168,b43b7cd839e044eeaee7a5e70d9638a9,309a17352bab4f7aae01b8a92e5ade78,db.query.update,WRITE,28.93,OK,user-db,v1.1.0,69c2f1920c7c420f8f6bf11325f43d33
live_ep_000005_RETRY_STORM,RETRY_STORM,auth-service,39.0,1785922711.9590168,86ab8847d8de4cd8bd0f26c7464e6779,309a17352bab4f7aae01b8a92e5ade78,cache.delete,,1.41,OK,cache-cluster,v1.1.0,69c2f1920c7c420f8f6bf11325f43d33
live_ep_000005_RETRY_STORM,RETRY_STORM,auth-service,39.5,1785922712.4593732,16318f735d694ef3bf4d66f23637e0b0,,GET /api/order,,217.28,OK,auth-service,v1.1.0,ba05cc304ded4a818090a348ba38fa09
live_ep_000005_RETRY_STORM,RETRY_STORM,auth-service,39.5,1785922712.4593732,dadc532bcc304218a2360ae4e8f9364b,16318f735d694ef3bf4d66f23637e0b0,db.query.update,READ,49.26,OK,user-db,v1.1.0,ba05cc304ded4a818090a348ba38fa09
live_ep_000005_RETRY_STORM,RETRY_STORM,auth-service,39.5,1785922712.4593732,cbb4343697014fe0bc6c26f2e7c5f89f,16318f735d694ef3bf4d66f23637e0b0,cache.get,,1.73,OK,cache-cluster,v1.1.0,ba05cc304ded4a818090a348ba38fa09
live_ep_000005_RETRY_STORM,RETRY_STORM,auth-service,39.5,1785922712.4593732,bacb590d7b194c4ca8e6d7d8107dce05,16318f735d694ef3bf4d66f23637e0b0,http.client.post,,28.94,OK,payment-gateway,v1.1.0,ba05cc304ded4a818090a348ba38fa09
live_ep_000005_RETRY_STORM,RETRY_STORM,auth-service,40.0,1785922712.9596786,d7dc32bb658a4002b65fe21398384857,,PUT /api/inventory,,186.21,OK,auth-service,v1.1.0,0f4f7b40f7424b1d9b4a2927d30899d7
live_ep_000005_RETRY_STORM,RETRY_STORM,auth-service,40.0,1785922712.9596786,f8abe31485604039b2fcf17ac82eed51,d7dc32bb658a4002b65fe21398384857,db.transaction,READ,41.94,OK,user-db,v1.1.0,0f4f7b40f7424b1d9b4a2927d30899d7
live_ep_000005_RETRY_STORM,RETRY_STORM,auth-service,40.0,1785922712.9596786,6709bdb5bebc4cc4ab9ce617ae87550e,d7dc32bb658a4002b65fe21398384857,db.query.update,WRITE,42.14,OK,user-db,v1.1.0,0f4f7b40f7424b1d9b4a2927d30899d7
live_ep_000005_RETRY_STORM,RETRY_STORM,auth-service,40.0,1785922712.9596786,0cd043c6943c4db4aa520db96309ac5b,d7dc32bb658a4002b65fe21398384857,cache.delete,,3.03,OK,cache-cluster,v1.1.0,0f4f7b40f7424b1d9b4a2927d30899d7
live_ep_000005_RETRY_STORM,RETRY_STORM,auth-service,40.5,1785922713.4598265,5bd1639b6074448685d6425809632578,,GET /api/auth,,166.13,OK,auth-service,v1.1.0,9dca36558e31433b89f564f9cd503686
live_ep_000005_RETRY_STORM,RETRY_STORM,auth-service,40.5,1785922713.4598265,54f249b92fa54b68809335129c3d824d,5bd1639b6074448685d6425809632578,db.query.update,READ,22.91,OK,user-db,v1.1.0,9dca36558e31433b89f564f9cd503686
live_ep_000005_RETRY_STORM,RETRY_STORM,auth-service,40.5,1785922713.4598265,2c98aa6e1e8e42f090dcf401fdc3cdd1,5bd1639b6074448685d6425809632578,cache.get,,0.5,OK,cache-cluster,v1.1.0,9dca36558e31433b89f564f9cd503686
live_ep_000005_RETRY_STORM,RETRY_STORM,auth-service,41.0,1785922713.9603553,4a730f1e2940431ebfc3f8f20b07e747,,GET /api/order,,195.54,OK,auth-service,v1.1.0,4efcf7ee4e7f428bb17f0b6337eb8664
live_ep_000005_RETRY_STORM,RETRY_STORM,auth-service,41.0,1785922713.9603553,c26aafbad92949baabde1ce4af4d6fc3,4a730f1e2940431ebfc3f8f20b07e747,db.query.delete,WRITE,25.47,OK,user-db,v1.1.0,4efcf7ee4e7f428bb17f0b6337eb8664
live_ep_000005_RETRY_STORM,RETRY_STORM,auth-service,41.0,1785922713.9603553,62f2b5f46a5f4c64a94dfaccd770b70d,4a730f1e2940431ebfc3f8f20b07e747,http.client.get,,28.2,OK,user-db,v1.1.0,4efcf7ee4e7f428bb17f0b6337eb8664
live_ep_000005_RETRY_STORM,RETRY_STORM,auth-service,41.5,1785922714.4609046,3fe0fb869fd64919a14ee02bb8b415d1,,GET /api/order,,226.57,OK,auth-service,v1.1.0,46d913495f9640aca43d098e55791b66
live_ep_000005_RETRY_STORM,RETRY_STORM,auth-service,41.5,1785922714.4609046,e45fe7b4a1584b41aeeb20ff26594d14,3fe0fb869fd64919a14ee02bb8b415d1,db.query.insert,READ,46.15,OK,user-db,v1.1.0,46d913495f9640aca43d098e55791b66
live_ep_000005_RETRY_STORM,RETRY_STORM,auth-service,41.5,1785922714.4609046,8035661242da4c01949fd8d56ca49bb3,3fe0fb869fd64919a14ee02bb8b415d1,db.query.insert,READ,30.36,OK,user-db,v1.1.0,46d913495f9640aca43d098e55791b66
live_ep_000005_RETRY_STORM,RETRY_STORM,auth-service,41.5,1785922714.4609046,242e8de3372944c5991d901b1359a293,3fe0fb869fd64919a14ee02bb8b415d1,http.client.get,,4904.81,ERROR,payment-gateway,v1.1.0,46d913495f9640aca43d098e55791b66
live_ep_000005_RETRY_STORM,RETRY_STORM,auth-service,42.0,1785922714.9611974,609297b932eb40048fad9ed570a4beeb,,GET /api/order,,156.57,OK,auth-service,v1.1.0,a4fdbe6d3c95441d97267ee998e79104
live_ep_000005_RETRY_STORM,RETRY_STORM,auth-service,42.0,1785922714.9611974,692942031b3d4a1e994713bb4036de45,609297b932eb40048fad9ed570a4beeb,db.query.update,READ,43.04,OK,user-db,v1.1.0,a4fdbe6d3c95441d97267ee998e79104
live_ep_000005_RETRY_STORM,RETRY_STORM,auth-service,42.0,1785922714.9611974,f56fdbe971f44a9b986b8004d34f15d5,609297b932eb40048fad9ed570a4beeb,db.query.select,WRITE,71.19,OK,user-db,v1.1.0,a4fdbe6d3c95441d97267ee998e79104
live_ep_000005_RETRY_STORM,RETRY_STORM,auth-service,42.0,1785922714.9611974,ed39171ea77f45728fb5e74c86b6282b,609297b932eb40048fad9ed570a4beeb,cache.set,,1.52,OK,cache-cluster,v1.1.0,a4fdbe6d3c95441d97267ee998e79104
live_ep_000005_RETRY_STORM,RETRY_STORM,auth-service,42.5,1785922715.4616282,28832515aabe4a60a35c11708cc8eb6c,,GET /api/health,,214.08,OK,auth-service,v1.1.0,52e6352b8e91413aba5f2e32c17f4607
live_ep_000005_RETRY_STORM,RETRY_STORM,auth-service,42.5,1785922715.4616282,ffb56a8cf2da49bba908502a89734606,28832515aabe4a60a35c11708cc8eb6c,db.transaction,READ,15.97,OK,user-db,v1.1.0,52e6352b8e91413aba5f2e32c17f4607
live_ep_000005_RETRY_STORM,RETRY_STORM,auth-service,42.5,1785922715.4616282,192c3ffd2944455c9b4c50d3cd1d3a81,28832515aabe4a60a35c11708cc8eb6c,db.query.update,WRITE,22.88,OK,user-db,v1.1.0,52e6352b8e91413aba5f2e32c17f4607
live_ep_000005_RETRY_STORM,RETRY_STORM,auth-service,42.5,1785922715.4616282,da3e69e43bb24b429dbf4e769b567318,28832515aabe4a60a35c11708cc8eb6c,cache.delete,,0.93,OK,cache-cluster,v1.1.0,52e6352b8e91413aba5f2e32c17f4607
live_ep_000005_RETRY_STORM,RETRY_STORM,auth-service,42.5,1785922715.4616282,e99b5463995c4a4abcfa6d705c1f60dc,28832515aabe4a60a35c11708cc8eb6c,grpc.call,,43.7,OK,user-db,v1.1.0,52e6352b8e91413aba5f2e32c17f4607
live_ep_000005_RETRY_STORM,RETRY_STORM,auth-service,43.0,1785922715.9617739,1fa7a6080cc2481db4757b967c1d07ba,,POST /api/payment,,295.89,OK,auth-service,v1.1.0,18a673f64bfa4183b6a408b42e0ae902
live_ep_000005_RETRY_STORM,RETRY_STORM,auth-service,43.0,1785922715.9617739,c4a302d5d2c341cba382febf8a4b9382,1fa7a6080cc2481db4757b967c1d07ba,db.transaction,WRITE,36.13,OK,user-db,v1.1.0,18a673f64bfa4183b6a408b42e0ae902
live_ep_000005_RETRY_STORM,RETRY_STORM,auth-service,43.5,1785922716.4618902,9ed698378abd4e2da6656d8b7f455bc7,,PUT /api/inventory,,262.0,OK,auth-service,v1.1.0,dfdb5db8548342bc8e6fcc1404557244
live_ep_000005_RETRY_STORM,RETRY_STORM,auth-service,43.5,1785922716.4618902,5e98e1bbbd74471b9ba49c68e36d1c60,9ed698378abd4e2da6656d8b7f455bc7,db.transaction,READ,67.58,OK,user-db,v1.1.0,dfdb5db8548342bc8e6fcc1404557244
live_ep_000005_RETRY_STORM,RETRY_STORM,auth-service,43.5,1785922716.4618902,6a23b729ddd848b1949926b07753848c,9ed698378abd4e2da6656d8b7f455bc7,db.query.select,READ,27.07,OK,user-db,v1.1.0,dfdb5db8548342bc8e6fcc1404557244
live_ep_000005_RETRY_STORM,RETRY_STORM,auth-service,43.5,1785922716.4618902,978c26064c1f45779f3d7f4faf0d3f39,9ed698378abd4e2da6656d8b7f455bc7,http.client.get,,36.2,OK,payment-gateway,v1.1.0,dfdb5db8548342bc8e6fcc1404557244
live_ep_000005_RETRY_STORM,RETRY_STORM,auth-service,44.0,1785922716.962017,f99de8e0f48a4f81959309dc90186d60,,GET /api/auth,,221.0,ERROR,auth-service,v1.1.0,7df4abe892204e9e955d64b6c9045b7e
live_ep_000005_RETRY_STORM,RETRY_STORM,auth-service,44.0,1785922716.962017,523906067d1f44099493900d2bf1aea0,f99de8e0f48a4f81959309dc90186d60,db.query.update,READ,25.89,OK,user-db,v1.1.0,7df4abe892204e9e955d64b6c9045b7e
live_ep_000005_RETRY_STORM,RETRY_STORM,auth-service,44.0,1785922716.962017,2a1ed76afb504879b31253e3bb6a2d7d,f99de8e0f48a4f81959309dc90186d60,grpc.call,,44.55,OK,inventory-api,v1.1.0,7df4abe892204e9e955d64b6c9045b7e
live_ep_000005_RETRY_STORM,RETRY_STORM,auth-service,44.5,1785922717.4624188,b3d021fde649471db480821322ffc6c3,,PUT /api/inventory,,282.0,OK,auth-service,v1.1.0,1efce36137a04e6c8b51c23aa5e66ecf
live_ep_000005_RETRY_STORM,RETRY_STORM,auth-service,44.5,1785922717.4624188,09c60127a00143b49732cbd72409c621,b3d021fde649471db480821322ffc6c3,db.query.update,READ,59.9,OK,user-db,v1.1.0,1efce36137a04e6c8b51c23aa5e66ecf
live_ep_000005_RETRY_STORM,RETRY_STORM,auth-service,44.5,1785922717.4624188,fe55f73c90eb41db993b6b670c1d7eb9,b3d021fde649471db480821322ffc6c3,cache.delete,,2.99,OK,cache-cluster,v1.1.0,1efce36137a04e6c8b51c23aa5e66ecf
live_ep_000005_RETRY_STORM,RETRY_STORM,auth-service,45.0,1785922717.9628396,ef1c409a2ec24c5db62973ec14dc0375,,POST /api/checkout,,215.07,OK,auth-service,v1.1.0,ac2150b30e0e4c298ed0ee793a0174c2
live_ep_000005_RETRY_STORM,RETRY_STORM,auth-service,45.0,1785922717.9628396,b6d39aef0be24355b0ab8e6f6c0733ce,ef1c409a2ec24c5db62973ec14dc0375,db.transaction,WRITE,47.68,OK,user-db,v1.1.0,ac2150b30e0e4c298ed0ee793a0174c2
live_ep_000005_RETRY_STORM,RETRY_STORM,auth-service,45.0,1785922717.9628396,f1c6be9d513f422e8f73075d33c2120d,ef1c409a2ec24c5db62973ec14dc0375,db.query.delete,WRITE,54.23,OK,user-db,v1.1.0,ac2150b30e0e4c298ed0ee793a0174c2
live_ep_000005_RETRY_STORM,RETRY_STORM,auth-service,45.0,1785922717.9628396,6f9d6fc35ce64d78bc505762e0a4a1e3,ef1c409a2ec24c5db62973ec14dc0375,cache.set,,0.5,OK,cache-cluster,v1.1.0,ac2150b30e0e4c298ed0ee793a0174c2
live_ep_000005_RETRY_STORM,RETRY_STORM,auth-service,45.5,1785922718.4632342,c618d816bba54a49985e8b96d436a9a9,,GET /api/health,,207.49,ERROR,auth-service,v1.1.0,c36c30c6adf04ad1acba525bfd10a8fc
live_ep_000005_RETRY_STORM,RETRY_STORM,auth-service,45.5,1785922718.4632342,8fed25f9538f42289528d348abeef49e,c618d816bba54a49985e8b96d436a9a9,db.query.update,WRITE,41.01,OK,user-db,v1.1.0,c36c30c6adf04ad1acba525bfd10a8fc
live_ep_000005_RETRY_STORM,RETRY_STORM,auth-service,45.5,1785922718.4632342,ca440fc5c6f94f8999bc39596618558c,c618d816bba54a49985e8b96d436a9a9,db.query.select,WRITE,49.44,OK,user-db,v1.1.0,c36c30c6adf04ad1acba525bfd10a8fc
live_ep_000005_RETRY_STORM,RETRY_STORM,auth-service,45.5,1785922718.4632342,fdd98a29dfdb4d3090c4764a28fb7375,c618d816bba54a49985e8b96d436a9a9,cache.delete,,2.69,OK,cache-cluster,v1.1.0,c36c30c6adf04ad1acba525bfd10a8fc
live_ep_000005_RETRY_STORM,RETRY_STORM,auth-service,45.5,1785922718.4632342,5b2625aea28a418fba05dfe49ccee9ca,c618d816bba54a49985e8b96d436a9a9,grpc.call,,36.62,OK,cache-cluster,v1.1.0,c36c30c6adf04ad1acba525bfd10a8fc
live_ep_000005_RETRY_STORM,RETRY_STORM,auth-service,46.0,1785922718.9635844,c8a5828f11f0491885a69e73f640a9bc,,PUT /api/inventory,,288.07,OK,auth-service,v1.1.0,abb2cd81205647c1bc6e9bab096b58a5
live_ep_000005_RETRY_STORM,RETRY_STORM,auth-service,46.0,1785922718.9635844,e436ff89df7b41298256f48ba83d1aef,c8a5828f11f0491885a69e73f640a9bc,db.query.update,WRITE,35.43,OK,user-db,v1.1.0,abb2cd81205647c1bc6e9bab096b58a5
live_ep_000005_RETRY_STORM,RETRY_STORM,auth-service,46.5,1785922719.4642124,80a1599b6a724b53bd72ebb80f507441,,GET /api/order,,203.1,OK,auth-service,v1.1.0,82ed2068af464a59977ab7fc622549e5
live_ep_000005_RETRY_STORM,RETRY_STORM,auth-service,46.5,1785922719.4642124,0a8ed9c01b504e1297e8ce790379e27f,80a1599b6a724b53bd72ebb80f507441,db.query.select,READ,43.26,OK,user-db,v1.1.0,82ed2068af464a59977ab7fc622549e5
live_ep_000005_RETRY_STORM,RETRY_STORM,auth-service,46.5,1785922719.4642124,bbda70ed9ea04a3992d6aa7fa8e3d06e,80a1599b6a724b53bd72ebb80f507441,cache.delete,,2.47,OK,cache-cluster,v1.1.0,82ed2068af464a59977ab7fc622549e5
live_ep_000005_RETRY_STORM,RETRY_STORM,auth-service,47.0,1785922719.9645653,9e8aaa8ba7244edd825196342a4a4786,,GET /api/health,,225.05,OK,auth-service,v1.1.0,589339cbb3a648fda359a032a8955570
live_ep_000005_RETRY_STORM,RETRY_STORM,auth-service,47.0,1785922719.9645653,901727eae62c490c8133c77c1d05b6ca,9e8aaa8ba7244edd825196342a4a4786,db.query.update,READ,39.58,OK,user-db,v1.1.0,589339cbb3a648fda359a032a8955570
live_ep_000005_RETRY_STORM,RETRY_STORM,auth-service,47.0,1785922719.9645653,2191d94b015146609b267094f0338dd1,9e8aaa8ba7244edd825196342a4a4786,db.transaction,READ,55.95,OK,user-db,v1.1.0,589339cbb3a648fda359a032a8955570
live_ep_000005_RETRY_STORM,RETRY_STORM,auth-service,47.0,1785922719.9645653,eac7ea11b2344f328157e24f06b718bb,9e8aaa8ba7244edd825196342a4a4786,cache.get,,1.34,OK,cache-cluster,v1.1.0,589339cbb3a648fda359a032a8955570
live_ep_000005_RETRY_STORM,RETRY_STORM,auth-service,47.5,1785922720.4649482,944f662d2be54212ae50497165da2310,,GET /api/order,,263.42,OK,auth-service,v1.1.0,78df9e7e27d34aaea56184cac9f6f45a
live_ep_000005_RETRY_STORM,RETRY_STORM,auth-service,47.5,1785922720.4649482,380268568ed041829eabe8212af62d66,944f662d2be54212ae50497165da2310,db.query.update,READ,33.53,OK,user-db,v1.1.0,78df9e7e27d34aaea56184cac9f6f45a
live_ep_000005_RETRY_STORM,RETRY_STORM,auth-service,47.5,1785922720.4649482,c2a49fb447144013b8f73837c57c62b5,944f662d2be54212ae50497165da2310,cache.set,,1.95,OK,cache-cluster,v1.1.0,78df9e7e27d34aaea56184cac9f6f45a
live_ep_000005_RETRY_STORM,RETRY_STORM,auth-service,47.5,1785922720.4649482,88e83998626c4a4587e26526f95613ca,944f662d2be54212ae50497165da2310,http.client.get,,35.0,OK,cache-cluster,v1.1.0,78df9e7e27d34aaea56184cac9f6f45a
live_ep_000005_RETRY_STORM,RETRY_STORM,auth-service,48.0,1785922720.9652886,43e8bb07a23f4a10bc41ce24b426d830,,POST /api/payment,,256.58,OK,auth-service,v1.1.0,6fe8cc0a61264d8a8c71bbc43830bafb
live_ep_000005_RETRY_STORM,RETRY_STORM,auth-service,48.0,1785922720.9652886,8c93fc9ac56248b4809362086dafabc1,43e8bb07a23f4a10bc41ce24b426d830,db.query.delete,WRITE,16.52,OK,user-db,v1.1.0,6fe8cc0a61264d8a8c71bbc43830bafb
live_ep_000005_RETRY_STORM,RETRY_STORM,auth-service,48.0,1785922720.9652886,8cf1ebad35de48108c09862d0e498213,43e8bb07a23f4a10bc41ce24b426d830,db.query.update,WRITE,38.96,OK,user-db,v1.1.0,6fe8cc0a61264d8a8c71bbc43830bafb
live_ep_000005_RETRY_STORM,RETRY_STORM,auth-service,48.5,1785922721.465504,6cfcb6beb4ea4053af4fcd9a9d03770f,,PUT /api/inventory,,271.74,OK,auth-service,v1.1.0,72f0da57de734f6fb5c98aa52b9805e5
live_ep_000005_RETRY_STORM,RETRY_STORM,auth-service,48.5,1785922721.465504,eb0aa8e4e8f94b15b9ce545a15b3859f,6cfcb6beb4ea4053af4fcd9a9d03770f,db.query.select,READ,41.09,OK,user-db,v1.1.0,72f0da57de734f6fb5c98aa52b9805e5
live_ep_000005_RETRY_STORM,RETRY_STORM,auth-service,48.5,1785922721.465504,8bc2807f82ac444ba0a841eed251a15d,6cfcb6beb4ea4053af4fcd9a9d03770f,db.query.insert,READ,54.91,OK,user-db,v1.1.0,72f0da57de734f6fb5c98aa52b9805e5
live_ep_000005_RETRY_STORM,RETRY_STORM,auth-service,48.5,1785922721.465504,0f074abb879d4eb19a781398a9a1f735,6cfcb6beb4ea4053af4fcd9a9d03770f,cache.set,,0.5,OK,cache-cluster,v1.1.0,72f0da57de734f6fb5c98aa52b9805e5
live_ep_000005_RETRY_STORM,RETRY_STORM,auth-service,48.5,1785922721.465504,f8ad5a1a27d74814a741a37a3cda46f9,6cfcb6beb4ea4053af4fcd9a9d03770f,http.client.post,,44.09,OK,user-db,v1.1.0,72f0da57de734f6fb5c98aa52b9805e5
live_ep_000005_RETRY_STORM,RETRY_STORM,auth-service,49.0,1785922721.9657016,510482457e9245e0a5a8daeecffe5a56,,GET /api/health,,137.45,OK,auth-service,v1.1.0,327142881d414610a7e5da97630c3463
live_ep_000005_RETRY_STORM,RETRY_STORM,auth-service,49.0,1785922721.9657016,a837e784a26845da99744faed0617778,510482457e9245e0a5a8daeecffe5a56,db.query.select,READ,37.23,OK,user-db,v1.1.0,327142881d414610a7e5da97630c3463
live_ep_000005_RETRY_STORM,RETRY_STORM,auth-service,49.0,1785922721.9657016,8774ea9147fa4ba188c5b96ee8e6eb1d,510482457e9245e0a5a8daeecffe5a56,db.query.delete,WRITE,69.73,OK,user-db,v1.1.0,327142881d414610a7e5da97630c3463
live_ep_000005_RETRY_STORM,RETRY_STORM,auth-service,49.0,1785922721.9657016,13454d5121df49ddb9d40a44e2f0cb8f,510482457e9245e0a5a8daeecffe5a56,cache.delete,,1.34,OK,cache-cluster,v1.1.0,327142881d414610a7e5da97630c3463
live_ep_000005_RETRY_STORM,RETRY_STORM,auth-service,49.5,1785922722.4661663,a9031ba195494e4d8e6fa2a2240f36d4,,GET /api/auth,,184.56,OK,auth-service,v1.1.0,ca58a7aec0294bb6bec30f8d74fa95da
live_ep_000005_RETRY_STORM,RETRY_STORM,auth-service,49.5,1785922722.4661663,d9d7fdd683f84623a6549ccbb90e6d7a,a9031ba195494e4d8e6fa2a2240f36d4,db.query.insert,READ,59.48,OK,user-db,v1.1.0,ca58a7aec0294bb6bec30f8d74fa95da
live_ep_000005_RETRY_STORM,RETRY_STORM,auth-service,49.5,1785922722.4661663,a0c559305ad648439cdd4fe2e9974fb5,a9031ba195494e4d8e6fa2a2240f36d4,db.query.select,WRITE,70.61,OK,user-db,v1.1.0,ca58a7aec0294bb6bec30f8d74fa95da
live_ep_000005_RETRY_STORM,RETRY_STORM,auth-service,49.5,1785922722.4661663,8c3060724f954783a483c3eab145080c,a9031ba195494e4d8e6fa2a2240f36d4,cache.delete,,3.05,OK,cache-cluster,v1.1.0,ca58a7aec0294bb6bec30f8d74fa95da
live_ep_000005_RETRY_STORM,RETRY_STORM,auth-service,50.0,1785922722.966812,11b29b6eaf724b199b04bc1cb9b981cd,,POST /api/checkout,,218.98,OK,auth-service,v1.1.0,d39d7a1e8a1c46f68171ca1285e18e34
live_ep_000005_RETRY_STORM,RETRY_STORM,auth-service,50.0,1785922722.966812,7d05ca069ad94c059bd5041876f33891,11b29b6eaf724b199b04bc1cb9b981cd,db.query.delete,WRITE,33.75,OK,user-db,v1.1.0,d39d7a1e8a1c46f68171ca1285e18e34
live_ep_000005_RETRY_STORM,RETRY_STORM,auth-service,50.0,1785922722.966812,322d9375e27c489b92e86ed8fc13bf61,11b29b6eaf724b199b04bc1cb9b981cd,cache.get,,2.11,OK,cache-cluster,v1.1.0,d39d7a1e8a1c46f68171ca1285e18e34
live_ep_000005_RETRY_STORM,RETRY_STORM,auth-service,50.5,1785922723.4671876,9f8bd44fdfbb4d87ad6ed31707803190,,GET /api/order,,157.9,OK,auth-service,v1.1.0,b78df8fc5baa44bb812c8f9974ad9c38
live_ep_000005_RETRY_STORM,RETRY_STORM,auth-service,50.5,1785922723.4671876,c354aca7e97c42f888289a0eebfdccdc,9f8bd44fdfbb4d87ad6ed31707803190,db.query.update,READ,48.58,OK,user-db,v1.1.0,b78df8fc5baa44bb812c8f9974ad9c38
live_ep_000005_RETRY_STORM,RETRY_STORM,auth-service,50.5,1785922723.4671876,887811aaaa8c458082eba38b2f08f36c,9f8bd44fdfbb4d87ad6ed31707803190,cache.get,,1.69,OK,cache-cluster,v1.1.0,b78df8fc5baa44bb812c8f9974ad9c38
live_ep_000005_RETRY_STORM,RETRY_STORM,auth-service,51.0,1785922723.9673185,de961711263f4b679473fd39189d7859,,GET /api/health,,166.63,OK,auth-service,v1.1.0,27dc32e4ea8c43879fbda1b8d80db7ce
live_ep_000005_RETRY_STORM,RETRY_STORM,auth-service,51.0,1785922723.9673185,a0892a19ba08428f86c606f5482ccbef,de961711263f4b679473fd39189d7859,db.query.update,READ,31.79,OK,user-db,v1.1.0,27dc32e4ea8c43879fbda1b8d80db7ce
live_ep_000005_RETRY_STORM,RETRY_STORM,auth-service,51.0,1785922723.9673185,d9837ed4b6e2425e839925d8cef320bb,de961711263f4b679473fd39189d7859,cache.get,,2.28,OK,cache-cluster,v1.1.0,27dc32e4ea8c43879fbda1b8d80db7ce
live_ep_000005_RETRY_STORM,RETRY_STORM,auth-service,51.5,1785922724.4674764,cd2be680fa25474ab0f90d18179a146e,,GET /api/order,,253.54,OK,auth-service,v1.1.0,3d09be3173d9470f95b6f641d149e7d6
live_ep_000005_RETRY_STORM,RETRY_STORM,auth-service,51.5,1785922724.4674764,625f4ff39db84332a00621e098eb2f5e,cd2be680fa25474ab0f90d18179a146e,db.query.update,READ,13.56,OK,user-db,v1.1.0,3d09be3173d9470f95b6f641d149e7d6
live_ep_000005_RETRY_STORM,RETRY_STORM,auth-service,51.5,1785922724.4674764,7990a9ad816943549916783b74bc6449,cd2be680fa25474ab0f90d18179a146e,cache.delete,,1.06,OK,cache-cluster,v1.1.0,3d09be3173d9470f95b6f641d149e7d6
live_ep_000005_RETRY_STORM,RETRY_STORM,auth-service,52.0,1785922724.9678981,597952dfb77a454490c59c388264590d,,PUT /api/inventory,,198.26,OK,auth-service,v1.1.0,9764c513d253425e91ab3d4854e825f9
live_ep_000005_RETRY_STORM,RETRY_STORM,auth-service,52.0,1785922724.9678981,eed4c1f0eef645bba18d0787d67dc681,597952dfb77a454490c59c388264590d,db.query.select,READ,30.66,OK,user-db,v1.1.0,9764c513d253425e91ab3d4854e825f9
live_ep_000005_RETRY_STORM,RETRY_STORM,auth-service,52.0,1785922724.9678981,4870da4be16e4808b921ad943261c031,597952dfb77a454490c59c388264590d,cache.delete,,2.76,OK,cache-cluster,v1.1.0,9764c513d253425e91ab3d4854e825f9
live_ep_000005_RETRY_STORM,RETRY_STORM,auth-service,52.5,1785922725.4684489,f4b67d13378b409595c9e70733d8810a,,POST /api/checkout,,186.64,ERROR,auth-service,v1.1.0,04ba54dbb350431bafc40d3eebd20fa3
live_ep_000005_RETRY_STORM,RETRY_STORM,auth-service,52.5,1785922725.4684489,04b5b66157f348aea26713cff411ec39,f4b67d13378b409595c9e70733d8810a,db.query.insert,READ,44.59,OK,user-db,v1.1.0,04ba54dbb350431bafc40d3eebd20fa3
live_ep_000005_RETRY_STORM,RETRY_STORM,auth-service,52.5,1785922725.4684489,5ec0e97d26e443b6b1a0d7954d401738,f4b67d13378b409595c9e70733d8810a,db.transaction,WRITE,31.42,OK,user-db,v1.1.0,04ba54dbb350431bafc40d3eebd20fa3
live_ep_000005_RETRY_STORM,RETRY_STORM,auth-service,52.5,1785922725.4684489,f142af2aff8644c58abd2546dcbe132c,f4b67d13378b409595c9e70733d8810a,cache.delete,,1.97,OK,cache-cluster,v1.1.0,04ba54dbb350431bafc40d3eebd20fa3
live_ep_000005_RETRY_STORM,RETRY_STORM,auth-service,53.0,1785922725.972914,166062ea3d974ce5837c4ee717b3eab1,,GET /api/health,,188.09,OK,auth-service,v1.1.0,e3bf0f972d5b46c7a3a1e338d3e5fa73
live_ep_000005_RETRY_STORM,RETRY_STORM,auth-service,53.0,1785922725.972914,274d21c6b0194234bf8e479799211435,166062ea3d974ce5837c4ee717b3eab1,db.query.insert,READ,57.84,OK,user-db,v1.1.0,e3bf0f972d5b46c7a3a1e338d3e5fa73
live_ep_000005_RETRY_STORM,RETRY_STORM,auth-service,53.0,1785922725.972914,d13728305ab54280b41453365fc47349,166062ea3d974ce5837c4ee717b3eab1,cache.delete,,1.73,OK,cache-cluster,v1.1.0,e3bf0f972d5b46c7a3a1e338d3e5fa73
live_ep_000005_RETRY_STORM,RETRY_STORM,auth-service,53.0,1785922725.972914,0e4f595d74b44ddc9b77dfb4cea2b885,166062ea3d974ce5837c4ee717b3eab1,grpc.call,,27.93,OK,user-db,v1.1.0,e3bf0f972d5b46c7a3a1e338d3e5fa73
live_ep_000005_RETRY_STORM,RETRY_STORM,auth-service,53.5,1785922726.4732258,55c61a1c91bc4492a40f85798986e9e3,,PUT /api/inventory,,211.12,OK,auth-service,v1.1.0,6792f01e3bc14f3781d131ece298a1e8
live_ep_000005_RETRY_STORM,RETRY_STORM,auth-service,53.5,1785922726.4732258,89cb106454dd47aeb26727b2f61baf13,55c61a1c91bc4492a40f85798986e9e3,db.transaction,WRITE,38.6,ERROR,user-db,v1.1.0,6792f01e3bc14f3781d131ece298a1e8
live_ep_000005_RETRY_STORM,RETRY_STORM,auth-service,53.5,1785922726.4732258,f381bb178f2e46cf8994889160e3a3e2,55c61a1c91bc4492a40f85798986e9e3,cache.set,,1.43,OK,cache-cluster,v1.1.0,6792f01e3bc14f3781d131ece298a1e8
live_ep_000005_RETRY_STORM,RETRY_STORM,auth-service,54.0,1785922726.9734383,b360253ed35f4567893f58f675a51c75,,GET /api/auth,,205.69,OK,auth-service,v1.1.0,a51b33041c93464991531475079e2bc1
live_ep_000005_RETRY_STORM,RETRY_STORM,auth-service,54.0,1785922726.9734383,3d2d75302b7b48c08032b771e98f88c9,b360253ed35f4567893f58f675a51c75,db.transaction,READ,20.59,OK,user-db,v1.1.0,a51b33041c93464991531475079e2bc1
live_ep_000005_RETRY_STORM,RETRY_STORM,auth-service,54.0,1785922726.9734383,b3f549e4397b433e890d75d1248f2093,b360253ed35f4567893f58f675a51c75,cache.delete,,2.71,OK,cache-cluster,v1.1.0,a51b33041c93464991531475079e2bc1
live_ep_000005_RETRY_STORM,RETRY_STORM,auth-service,54.0,1785922726.9734383,45f77f25dd84414b9b342b24dc49d363,b360253ed35f4567893f58f675a51c75,http.client.post,,40.19,OK,payment-gateway,v1.1.0,a51b33041c93464991531475079e2bc1
live_ep_000005_RETRY_STORM,RETRY_STORM,auth-service,54.5,1785922727.4735765,41198fba1c46488491dcfbe6fb36e6c3,,GET /api/auth,,111.74,OK,auth-service,v1.1.0,367a9e8bc705442f9e5385fe4322f574
live_ep_000005_RETRY_STORM,RETRY_STORM,auth-service,54.5,1785922727.4735765,008feb371b2c4221a175e6cae1a0d9b9,41198fba1c46488491dcfbe6fb36e6c3,db.query.select,READ,22.97,OK,user-db,v1.1.0,367a9e8bc705442f9e5385fe4322f574
live_ep_000005_RETRY_STORM,RETRY_STORM,auth-service,54.5,1785922727.4735765,c07a472574b94f0488480b30467ef1c4,41198fba1c46488491dcfbe6fb36e6c3,db.transaction,WRITE,14.97,OK,user-db,v1.1.0,367a9e8bc705442f9e5385fe4322f574
live_ep_000005_RETRY_STORM,RETRY_STORM,auth-service,54.5,1785922727.4735765,381cdb06347f4448912741389e1c468f,41198fba1c46488491dcfbe6fb36e6c3,cache.get,,2.66,OK,cache-cluster,v1.1.0,367a9e8bc705442f9e5385fe4322f574
live_ep_000005_RETRY_STORM,RETRY_STORM,auth-service,55.0,1785922727.9739423,06c4eec05b3c47208b78dcf16a37a4e7,,GET /api/auth,,158.74,OK,auth-service,v1.1.0,1f3efa2193fd4f6b9d94353bfc41a5e9
live_ep_000005_RETRY_STORM,RETRY_STORM,auth-service,55.0,1785922727.9739423,56d49c981f594f329b1d08bf6f8af869,06c4eec05b3c47208b78dcf16a37a4e7,db.query.update,READ,71.96,OK,user-db,v1.1.0,1f3efa2193fd4f6b9d94353bfc41a5e9
live_ep_000005_RETRY_STORM,RETRY_STORM,auth-service,55.0,1785922727.9739423,db20a962f290416fb39a4e2e02e27c40,06c4eec05b3c47208b78dcf16a37a4e7,db.query.update,READ,39.99,OK,user-db,v1.1.0,1f3efa2193fd4f6b9d94353bfc41a5e9
live_ep_000005_RETRY_STORM,RETRY_STORM,auth-service,55.0,1785922727.9739423,cfbc4f07179e4882a6963c0e04eaca3d,06c4eec05b3c47208b78dcf16a37a4e7,cache.get,,41.54,OK,cache-cluster,v1.1.0,1f3efa2193fd4f6b9d94353bfc41a5e9
live_ep_000005_RETRY_STORM,RETRY_STORM,auth-service,55.5,1785922728.4741328,adf4f9771bb348649facb847308a8574,,POST /api/checkout,,162.56,OK,auth-service,v1.1.0,4637d6be59014f1fb6e7115ff84ddca4
live_ep_000005_RETRY_STORM,RETRY_STORM,auth-service,55.5,1785922728.4741328,0a2060c8fdef4d6988b45c367dd1dbe0,adf4f9771bb348649facb847308a8574,db.query.select,WRITE,28.2,OK,user-db,v1.1.0,4637d6be59014f1fb6e7115ff84ddca4
live_ep_000005_RETRY_STORM,RETRY_STORM,auth-service,55.5,1785922728.4741328,5ce9dff572724c3abe9ceedb3f25d1d3,adf4f9771bb348649facb847308a8574,cache.get,,1.62,OK,cache-cluster,v1.1.0,4637d6be59014f1fb6e7115ff84ddca4
live_ep_000005_RETRY_STORM,RETRY_STORM,auth-service,56.0,1785922728.974714,5270288bd79e4c1b84a7ec8c91ad1a7e,,PUT /api/inventory,,272.96,OK,auth-service,v1.1.0,db729ad6d7654e18aed1496316fde894
live_ep_000005_RETRY_STORM,RETRY_STORM,auth-service,56.0,1785922728.974714,c569aa944c0b490085a9d7d477799359,5270288bd79e4c1b84a7ec8c91ad1a7e,db.transaction,READ,23.89,OK,user-db,v1.1.0,db729ad6d7654e18aed1496316fde894
live_ep_000005_RETRY_STORM,RETRY_STORM,auth-service,56.0,1785922728.974714,d2ccaa8e1c5f40079711e04cef04047f,5270288bd79e4c1b84a7ec8c91ad1a7e,db.query.delete,WRITE,34.33,OK,user-db,v1.1.0,db729ad6d7654e18aed1496316fde894
live_ep_000005_RETRY_STORM,RETRY_STORM,auth-service,56.5,1785922729.4752562,fd7da2257846454abcebcebd10a930c8,,GET /api/auth,,212.42,OK,auth-service,v1.1.0,e54a5b2af36a44038b2463a070bbfe9d
live_ep_000005_RETRY_STORM,RETRY_STORM,auth-service,56.5,1785922729.4752562,23d9b2bc23c347eeaab993a393921747,fd7da2257846454abcebcebd10a930c8,db.query.select,READ,18.8,OK,user-db,v1.1.0,e54a5b2af36a44038b2463a070bbfe9d
live_ep_000005_RETRY_STORM,RETRY_STORM,auth-service,56.5,1785922729.4752562,fe7a13ec89c34c7980d14d2a865288ed,fd7da2257846454abcebcebd10a930c8,cache.delete,,0.5,OK,cache-cluster,v1.1.0,e54a5b2af36a44038b2463a070bbfe9d
live_ep_000005_RETRY_STORM,RETRY_STORM,auth-service,56.5,1785922729.4752562,0f9f953996f54b87837b634d1b51e20d,fd7da2257846454abcebcebd10a930c8,grpc.call,,29.47,OK,cache-cluster,v1.1.0,e54a5b2af36a44038b2463a070bbfe9d
live_ep_000005_RETRY_STORM,RETRY_STORM,auth-service,57.0,1785922729.9761925,05124041ca944d459698d99d184dee1e,,POST /api/checkout,,171.13,OK,auth-service,v1.1.0,fcf430ab25ae42d584bb6a723b4d0eaa
live_ep_000005_RETRY_STORM,RETRY_STORM,auth-service,57.0,1785922729.9761925,ede5120469c846ee8099a163c5422c4c,05124041ca944d459698d99d184dee1e,db.query.update,WRITE,27.36,OK,user-db,v1.1.0,fcf430ab25ae42d584bb6a723b4d0eaa
live_ep_000005_RETRY_STORM,RETRY_STORM,auth-service,57.0,1785922729.9761925,c413f59d678c437bb4f7b4ad628ca80d,05124041ca944d459698d99d184dee1e,cache.delete,,1.98,OK,cache-cluster,v1.1.0,fcf430ab25ae42d584bb6a723b4d0eaa
live_ep_000005_RETRY_STORM,RETRY_STORM,auth-service,57.0,1785922729.9761925,9656bc398ed5421cb8b1455fa42fc3e4,05124041ca944d459698d99d184dee1e,http.client.post,,30.2,OK,inventory-api,v1.1.0,fcf430ab25ae42d584bb6a723b4d0eaa
live_ep_000005_RETRY_STORM,RETRY_STORM,auth-service,57.5,1785922730.476635,95eb19044a2744ccb102b9956c387fc6,,POST /api/checkout,,278.73,OK,auth-service,v1.1.0,7d67279d3fe04ba5ac1e5eecdafbbd51
live_ep_000005_RETRY_STORM,RETRY_STORM,auth-service,57.5,1785922730.476635,669e97d03178452386b0b202c4240ad1,95eb19044a2744ccb102b9956c387fc6,db.query.update,READ,39.44,OK,user-db,v1.1.0,7d67279d3fe04ba5ac1e5eecdafbbd51
live_ep_000005_RETRY_STORM,RETRY_STORM,auth-service,57.5,1785922730.476635,dafda9bc649e4540ac8e2d4854532dc0,95eb19044a2744ccb102b9956c387fc6,db.query.select,READ,45.09,OK,user-db,v1.1.0,7d67279d3fe04ba5ac1e5eecdafbbd51
live_ep_000005_RETRY_STORM,RETRY_STORM,auth-service,57.5,1785922730.476635,f815c0444e7c4656a879382f9d829d03,95eb19044a2744ccb102b9956c387fc6,cache.set,,1.6,OK,cache-cluster,v1.1.0,7d67279d3fe04ba5ac1e5eecdafbbd51
live_ep_000005_RETRY_STORM,RETRY_STORM,auth-service,57.5,1785922730.476635,9df005acca2a44e09c54390203cc3f71,95eb19044a2744ccb102b9956c387fc6,http.client.post,,38.66,OK,payment-gateway,v1.1.0,7d67279d3fe04ba5ac1e5eecdafbbd51
live_ep_000005_RETRY_STORM,RETRY_STORM,auth-service,58.0,1785922730.9770327,6e4565992ab54e9a8acfef8992b33eb3,,GET /api/health,,191.2,OK,auth-service,v1.1.0,77c194f9d012448bb3f504de1b1c90fe
live_ep_000005_RETRY_STORM,RETRY_STORM,auth-service,58.0,1785922730.9770327,4a17ca0859b9475481e0cc2f4cccbb38,6e4565992ab54e9a8acfef8992b33eb3,db.transaction,WRITE,18.79,OK,user-db,v1.1.0,77c194f9d012448bb3f504de1b1c90fe
live_ep_000005_RETRY_STORM,RETRY_STORM,auth-service,58.0,1785922730.9770327,34dc1d0ef8df4178a1e7fde07eb4ea5b,6e4565992ab54e9a8acfef8992b33eb3,db.transaction,WRITE,19.38,OK,user-db,v1.1.0,77c194f9d012448bb3f504de1b1c90fe
live_ep_000005_RETRY_STORM,RETRY_STORM,auth-service,58.0,1785922730.9770327,b47e482aa8474fc293659985b861fe03,6e4565992ab54e9a8acfef8992b33eb3,cache.delete,,0.77,OK,cache-cluster,v1.1.0,77c194f9d012448bb3f504de1b1c90fe
live_ep_000005_RETRY_STORM,RETRY_STORM,auth-service,58.5,1785922731.4775422,842dc29cdb5141d599243ac91eedc52b,,POST /api/checkout,,290.49,OK,auth-service,v1.1.0,28b9a8bc360b47c3a80f1673baf3b655
live_ep_000005_RETRY_STORM,RETRY_STORM,auth-service,58.5,1785922731.4775422,913fb6e921f64ff68400219975dce562,842dc29cdb5141d599243ac91eedc52b,db.query.delete,WRITE,30.91,OK,user-db,v1.1.0,28b9a8bc360b47c3a80f1673baf3b655
live_ep_000005_RETRY_STORM,RETRY_STORM,auth-service,58.5,1785922731.4775422,87d0ec239fa0459984ac2f8390e20e95,842dc29cdb5141d599243ac91eedc52b,db.query.insert,READ,44.11,OK,user-db,v1.1.0,28b9a8bc360b47c3a80f1673baf3b655
live_ep_000005_RETRY_STORM,RETRY_STORM,auth-service,58.5,1785922731.4775422,f7243a3bbd08413f9615dca8945dcc0d,842dc29cdb5141d599243ac91eedc52b,cache.delete,,1.43,OK,cache-cluster,v1.1.0,28b9a8bc360b47c3a80f1673baf3b655
live_ep_000005_RETRY_STORM,RETRY_STORM,auth-service,58.5,1785922731.4775422,352abb3c32dc4d8da0313f5a1a860bb0,842dc29cdb5141d599243ac91eedc52b,http.client.post,,21.42,OK,payment-gateway,v1.1.0,28b9a8bc360b47c3a80f1673baf3b655
live_ep_000005_RETRY_STORM,RETRY_STORM,auth-service,59.0,1785922731.9778864,e92b8f8c0f644d558f447c2fd9bf8b94,,PUT /api/inventory,,215.52,OK,auth-service,v1.1.0,15852d8dc2514dee920ac16febedbc87
live_ep_000005_RETRY_STORM,RETRY_STORM,auth-service,59.0,1785922731.9778864,c582c05369fb44ed99dfb099dd56a836,e92b8f8c0f644d558f447c2fd9bf8b94,db.query.insert,WRITE,22.99,OK,user-db,v1.1.0,15852d8dc2514dee920ac16febedbc87
live_ep_000005_RETRY_STORM,RETRY_STORM,auth-service,59.0,1785922731.9778864,5e6e44a7b373442ab39ec3c409a96d1d,e92b8f8c0f644d558f447c2fd9bf8b94,db.query.delete,READ,13.75,OK,user-db,v1.1.0,15852d8dc2514dee920ac16febedbc87
live_ep_000005_RETRY_STORM,RETRY_STORM,auth-service,59.0,1785922731.9778864,0f6dfe5f7a2345bdb6d80a0990f135c6,e92b8f8c0f644d558f447c2fd9bf8b94,cache.set,,0.6,OK,cache-cluster,v1.1.0,15852d8dc2514dee920ac16febedbc87
live_ep_000005_RETRY_STORM,RETRY_STORM,auth-service,59.0,1785922731.9778864,f2c7e02a40824885b298f088c0a9e212,e92b8f8c0f644d558f447c2fd9bf8b94,http.client.post,,23.01,OK,inventory-api,v1.1.0,15852d8dc2514dee920ac16febedbc87
live_ep_000005_RETRY_STORM,RETRY_STORM,auth-service,59.5,1785922732.4784563,54bad7fa03ba4523af033c9d46415f9e,,POST /api/payment,,170.77,OK,auth-service,v1.1.0,b1573a8c6eda46b4a4d9b711b3cc4c84
live_ep_000005_RETRY_STORM,RETRY_STORM,auth-service,59.5,1785922732.4784563,7fe3a06c64b248e193b9fe75ab07d616,54bad7fa03ba4523af033c9d46415f9e,db.query.update,READ,41.36,OK,user-db,v1.1.0,b1573a8c6eda46b4a4d9b711b3cc4c84
live_ep_000005_RETRY_STORM,RETRY_STORM,auth-service,59.5,1785922732.4784563,412f953e757b46efb5d2f4465fc1b6b6,54bad7fa03ba4523af033c9d46415f9e,db.query.delete,READ,32.17,ERROR,user-db,v1.1.0,b1573a8c6eda46b4a4d9b711b3cc4c84
live_ep_000006_CPU_SATURATION,CPU_SATURATION,payment-service,0.0,1785922732.9804382,bf265023489a414fad9de1b9585b0bae,,PUT /api/inventory,,101.37,OK,payment-service,v2.0.1,42a72cf4d5ea4a329ab13c4ce4cfc74b
live_ep_000006_CPU_SATURATION,CPU_SATURATION,payment-service,0.0,1785922732.9804382,cef2f3c1a0ee4e2fad8031a51880fb29,bf265023489a414fad9de1b9585b0bae,db.query.update,WRITE,17.95,OK,user-db,v2.0.1,42a72cf4d5ea4a329ab13c4ce4cfc74b
live_ep_000006_CPU_SATURATION,CPU_SATURATION,payment-service,0.0,1785922732.9804382,5f9221e25190488b9da4f7a5136b8576,bf265023489a414fad9de1b9585b0bae,cache.set,,1.44,OK,cache-cluster,v2.0.1,42a72cf4d5ea4a329ab13c4ce4cfc74b
live_ep_000006_CPU_SATURATION,CPU_SATURATION,payment-service,0.0,1785922732.9804382,ef7da8c405ad4bf7a38871cac909339d,bf265023489a414fad9de1b9585b0bae,http.client.get,,28.15,OK,payment-gateway,v2.0.1,42a72cf4d5ea4a329ab13c4ce4cfc74b
live_ep_000006_CPU_SATURATION,CPU_SATURATION,payment-service,0.5,1785922733.4808028,3e1fcb5fbbcc4cccbecb64227fe441b4,,POST /api/checkout,,96.12,OK,payment-service,v2.0.1,a76523b5c1054058baea63e04ff1e6d5
live_ep_000006_CPU_SATURATION,CPU_SATURATION,payment-service,0.5,1785922733.4808028,670d7000693843dcaafb624404053a3b,3e1fcb5fbbcc4cccbecb64227fe441b4,db.query.insert,READ,13.43,OK,user-db,v2.0.1,a76523b5c1054058baea63e04ff1e6d5
live_ep_000006_CPU_SATURATION,CPU_SATURATION,payment-service,0.5,1785922733.4808028,0688ac9dea624d95b91cb48dee29fdf2,3e1fcb5fbbcc4cccbecb64227fe441b4,db.query.delete,WRITE,31.12,OK,user-db,v2.0.1,a76523b5c1054058baea63e04ff1e6d5
live_ep_000006_CPU_SATURATION,CPU_SATURATION,payment-service,0.5,1785922733.4808028,0b042bca11424f4ab193e2d822653d4f,3e1fcb5fbbcc4cccbecb64227fe441b4,http.client.get,,20.14,OK,payment-gateway,v2.0.1,a76523b5c1054058baea63e04ff1e6d5
live_ep_000006_CPU_SATURATION,CPU_SATURATION,payment-service,1.0,1785922733.9810872,0f5a8f52cb924e75a01e922b84193bf6,,GET /api/auth,,131.12,OK,payment-service,v2.0.1,3fb3de5184134cb38cf06d6e8eee16c5
live_ep_000006_CPU_SATURATION,CPU_SATURATION,payment-service,1.0,1785922733.9810872,e4324709be9141bda2ddc68fdc17fbea,0f5a8f52cb924e75a01e922b84193bf6,db.query.insert,WRITE,31.97,OK,user-db,v2.0.1,3fb3de5184134cb38cf06d6e8eee16c5
live_ep_000006_CPU_SATURATION,CPU_SATURATION,payment-service,1.0,1785922733.9810872,dbfac5f88428405fb84c1437b5699d31,0f5a8f52cb924e75a01e922b84193bf6,cache.delete,,1.29,OK,cache-cluster,v2.0.1,3fb3de5184134cb38cf06d6e8eee16c5
live_ep_000006_CPU_SATURATION,CPU_SATURATION,payment-service,1.0,1785922733.9810872,d1c29d279a4646ef9208cc1d7fe1c0b8,0f5a8f52cb924e75a01e922b84193bf6,http.client.get,,31.28,OK,payment-gateway,v2.0.1,3fb3de5184134cb38cf06d6e8eee16c5
live_ep_000006_CPU_SATURATION,CPU_SATURATION,payment-service,1.5,1785922734.4812024,bccfcadf0dca4c5f86050e0f222a12a0,,GET /api/auth,,109.75,ERROR,payment-service,v2.0.1,182cc06d0dd34b4c9e27d6f540d2303d
live_ep_000006_CPU_SATURATION,CPU_SATURATION,payment-service,1.5,1785922734.4812024,7e58ef8ebe8d40b1b468a28d85031fd5,bccfcadf0dca4c5f86050e0f222a12a0,db.transaction,READ,37.88,OK,user-db,v2.0.1,182cc06d0dd34b4c9e27d6f540d2303d
live_ep_000006_CPU_SATURATION,CPU_SATURATION,payment-service,1.5,1785922734.4812024,9dbe8e7c29e644a396e11e546e56b009,bccfcadf0dca4c5f86050e0f222a12a0,db.query.insert,WRITE,32.39,OK,user-db,v2.0.1,182cc06d0dd34b4c9e27d6f540d2303d
live_ep_000006_CPU_SATURATION,CPU_SATURATION,payment-service,1.5,1785922734.4812024,6e470bf4742b458e9efa3997afcda6a8,bccfcadf0dca4c5f86050e0f222a12a0,cache.get,,0.5,OK,cache-cluster,v2.0.1,182cc06d0dd34b4c9e27d6f540d2303d
live_ep_000006_CPU_SATURATION,CPU_SATURATION,payment-service,1.5,1785922734.4812024,adf6f61b2bab4359b3e973f9b9ad0ba0,bccfcadf0dca4c5f86050e0f222a12a0,http.client.post,,48.19,OK,user-db,v2.0.1,182cc06d0dd34b4c9e27d6f540d2303d
live_ep_000006_CPU_SATURATION,CPU_SATURATION,payment-service,2.0,1785922734.9815168,26b8e42dccc94721af890b7307945765,,GET /api/health,,128.79,OK,payment-service,v2.0.1,dc37de084b84469fbc6d901f77ebeb22
live_ep_000006_CPU_SATURATION,CPU_SATURATION,payment-service,2.0,1785922734.9815168,f05e4712c49e46328041d79fa960c32c,26b8e42dccc94721af890b7307945765,db.transaction,READ,23.63,OK,user-db,v2.0.1,dc37de084b84469fbc6d901f77ebeb22
live_ep_000006_CPU_SATURATION,CPU_SATURATION,payment-service,2.0,1785922734.9815168,ae77cf53483d4739ae1d18fe49787e31,26b8e42dccc94721af890b7307945765,db.query.delete,WRITE,33.39,OK,user-db,v2.0.1,dc37de084b84469fbc6d901f77ebeb22
live_ep_000006_CPU_SATURATION,CPU_SATURATION,payment-service,2.0,1785922734.9815168,e32b4bb5b2674748b7961bf5f252dc16,26b8e42dccc94721af890b7307945765,cache.set,,41.55,OK,cache-cluster,v2.0.1,dc37de084b84469fbc6d901f77ebeb22
live_ep_000006_CPU_SATURATION,CPU_SATURATION,payment-service,2.5,1785922735.4852042,eaef72678f8a45c983737e6d5efbb4af,,POST /api/payment,,107.46,OK,payment-service,v2.0.1,abb35a931be84c9f8fc377578a4df064
live_ep_000006_CPU_SATURATION,CPU_SATURATION,payment-service,2.5,1785922735.4852042,08248efac90645aebaabb11aa3063d96,eaef72678f8a45c983737e6d5efbb4af,db.query.insert,READ,28.46,OK,user-db,v2.0.1,abb35a931be84c9f8fc377578a4df064
live_ep_000006_CPU_SATURATION,CPU_SATURATION,payment-service,2.5,1785922735.4852042,864b78a8a2eb4443a6bae63ec967663e,eaef72678f8a45c983737e6d5efbb4af,db.query.delete,READ,28.07,ERROR,user-db,v2.0.1,abb35a931be84c9f8fc377578a4df064
live_ep_000006_CPU_SATURATION,CPU_SATURATION,payment-service,2.5,1785922735.4852042,b8d92583c1c644eca18965e31048bd4c,eaef72678f8a45c983737e6d5efbb4af,cache.set,,0.86,OK,cache-cluster,v2.0.1,abb35a931be84c9f8fc377578a4df064
live_ep_000006_CPU_SATURATION,CPU_SATURATION,payment-service,3.0,1785922735.9854178,d6e25ee4d3fe47ee9cc91fcf41a01297,,POST /api/payment,,121.97,OK,payment-service,v2.0.1,529cbb4fef6d4a06aeee426883c64eee
live_ep_000006_CPU_SATURATION,CPU_SATURATION,payment-service,3.0,1785922735.9854178,9d5a7c59868a4d74bc5e9bbdb76f34c4,d6e25ee4d3fe47ee9cc91fcf41a01297,db.query.update,READ,20.63,OK,user-db,v2.0.1,529cbb4fef6d4a06aeee426883c64eee
live_ep_000006_CPU_SATURATION,CPU_SATURATION,payment-service,3.0,1785922735.9854178,97288388401946d4a2c6b1800e7ba081,d6e25ee4d3fe47ee9cc91fcf41a01297,db.query.select,READ,18.78,OK,user-db,v2.0.1,529cbb4fef6d4a06aeee426883c64eee
live_ep_000006_CPU_SATURATION,CPU_SATURATION,payment-service,3.0,1785922735.9854178,8afc16861f5a4a20b5a440639d917838,d6e25ee4d3fe47ee9cc91fcf41a01297,cache.get,,2.17,OK,cache-cluster,v2.0.1,529cbb4fef6d4a06aeee426883c64eee
live_ep_000006_CPU_SATURATION,CPU_SATURATION,payment-service,3.0,1785922735.9854178,8c85679acef545b9951344a481a6e18e,d6e25ee4d3fe47ee9cc91fcf41a01297,grpc.call,,22.05,OK,payment-gateway,v2.0.1,529cbb4fef6d4a06aeee426883c64eee
live_ep_000006_CPU_SATURATION,CPU_SATURATION,payment-service,3.5,1785922736.4858458,0171b59ab4ec4194b9349c41b6802292,,GET /api/auth,,129.72,OK,payment-service,v2.0.1,7c5d23a401394d6fa3d1e2f2d28829c1
live_ep_000006_CPU_SATURATION,CPU_SATURATION,payment-service,3.5,1785922736.4858458,29705dc765b94fe9b9c0bb01fa650849,0171b59ab4ec4194b9349c41b6802292,db.transaction,READ,22.67,OK,user-db,v2.0.1,7c5d23a401394d6fa3d1e2f2d28829c1
live_ep_000006_CPU_SATURATION,CPU_SATURATION,payment-service,3.5,1785922736.4858458,e4dbc9aa0d5342089dc966f21ab2adcb,0171b59ab4ec4194b9349c41b6802292,db.query.insert,READ,14.84,OK,user-db,v2.0.1,7c5d23a401394d6fa3d1e2f2d28829c1
live_ep_000006_CPU_SATURATION,CPU_SATURATION,payment-service,3.5,1785922736.4858458,d2b8fb3a9b2447eb97907afe59789a83,0171b59ab4ec4194b9349c41b6802292,cache.get,,3.14,OK,cache-cluster,v2.0.1,7c5d23a401394d6fa3d1e2f2d28829c1
live_ep_000006_CPU_SATURATION,CPU_SATURATION,payment-service,3.5,1785922736.4858458,c9b9e1822d73484eb7674d66ab6853bc,0171b59ab4ec4194b9349c41b6802292,http.client.get,,28.59,OK,inventory-api,v2.0.1,7c5d23a401394d6fa3d1e2f2d28829c1
live_ep_000006_CPU_SATURATION,CPU_SATURATION,payment-service,4.0,1785922736.98609,c773b218b2f145ab8c8f2948e09dccb1,,POST /api/payment,,124.69,OK,payment-service,v2.0.1,b49877d1ab7d4397b518257a99301053
live_ep_000006_CPU_SATURATION,CPU_SATURATION,payment-service,4.0,1785922736.98609,23085551eb024588a6646f57d0176bb0,c773b218b2f145ab8c8f2948e09dccb1,db.transaction,READ,8.39,OK,user-db,v2.0.1,b49877d1ab7d4397b518257a99301053
live_ep_000006_CPU_SATURATION,CPU_SATURATION,payment-service,4.0,1785922736.98609,5538516d42494de99d67db60df6de6ca,c773b218b2f145ab8c8f2948e09dccb1,db.query.select,READ,6.12,OK,user-db,v2.0.1,b49877d1ab7d4397b518257a99301053
live_ep_000006_CPU_SATURATION,CPU_SATURATION,payment-service,4.0,1785922736.98609,148ac80eca7a4df4b06b3e7761533933,c773b218b2f145ab8c8f2948e09dccb1,cache.set,,2.76,OK,cache-cluster,v2.0.1,b49877d1ab7d4397b518257a99301053
live_ep_000006_CPU_SATURATION,CPU_SATURATION,payment-service,4.5,1785922737.486513,66614888f4954b3eb8fe93d3bca30cc7,,GET /api/health,,94.74,OK,payment-service,v2.0.1,4010a5b0baaa45ceae16bc0628e4f2de
live_ep_000006_CPU_SATURATION,CPU_SATURATION,payment-service,4.5,1785922737.486513,bd7569b307a146f9bb94bce92cda946d,66614888f4954b3eb8fe93d3bca30cc7,db.transaction,WRITE,16.02,OK,user-db,v2.0.1,4010a5b0baaa45ceae16bc0628e4f2de
live_ep_000006_CPU_SATURATION,CPU_SATURATION,payment-service,4.5,1785922737.486513,29273214296b47aca181ef04aa5c9636,66614888f4954b3eb8fe93d3bca30cc7,db.query.delete,WRITE,8.18,OK,user-db,v2.0.1,4010a5b0baaa45ceae16bc0628e4f2de
live_ep_000006_CPU_SATURATION,CPU_SATURATION,payment-service,5.0,1785922737.9867513,c7e85ac065d04bd79c4e23b9506e4db9,,PUT /api/inventory,,112.05,OK,payment-service,v2.0.1,f2ba8d89e5a543629363e4fdd9c23d3f
live_ep_000006_CPU_SATURATION,CPU_SATURATION,payment-service,5.0,1785922737.9867513,4ff75fbd0e074a38a59b66f846d9920c,c7e85ac065d04bd79c4e23b9506e4db9,db.query.delete,WRITE,10.56,OK,user-db,v2.0.1,f2ba8d89e5a543629363e4fdd9c23d3f
live_ep_000006_CPU_SATURATION,CPU_SATURATION,payment-service,5.0,1785922737.9867513,05adcb341b5c4ec38fc5859eb3efb55f,c7e85ac065d04bd79c4e23b9506e4db9,http.client.post,,31.61,OK,cache-cluster,v2.0.1,f2ba8d89e5a543629363e4fdd9c23d3f
live_ep_000006_CPU_SATURATION,CPU_SATURATION,payment-service,5.5,1785922738.4872398,b692a7942e064e5d832417b46e456080,,GET /api/order,,120.22,OK,payment-service,v2.0.1,f71bb418242f4a39b40ad4e06cbf6c12
live_ep_000006_CPU_SATURATION,CPU_SATURATION,payment-service,5.5,1785922738.4872398,b83836a85cad492f94d1b489b1e3d5d4,b692a7942e064e5d832417b46e456080,db.query.delete,READ,17.55,OK,user-db,v2.0.1,f71bb418242f4a39b40ad4e06cbf6c12
live_ep_000006_CPU_SATURATION,CPU_SATURATION,payment-service,5.5,1785922738.4872398,945f3be31ece45fc8d36d170893169fb,b692a7942e064e5d832417b46e456080,db.query.insert,WRITE,23.37,OK,user-db,v2.0.1,f71bb418242f4a39b40ad4e06cbf6c12
live_ep_000006_CPU_SATURATION,CPU_SATURATION,payment-service,5.5,1785922738.4872398,22fe0dae56f64538b87a2433a9ded205,b692a7942e064e5d832417b46e456080,cache.get,,1.55,OK,cache-cluster,v2.0.1,f71bb418242f4a39b40ad4e06cbf6c12
live_ep_000006_CPU_SATURATION,CPU_SATURATION,payment-service,5.5,1785922738.4872398,2f3048af962442899d4ceaea16569db3,b692a7942e064e5d832417b46e456080,grpc.call,,25.9,OK,payment-gateway,v2.0.1,f71bb418242f4a39b40ad4e06cbf6c12
live_ep_000006_CPU_SATURATION,CPU_SATURATION,payment-service,6.0,1785922738.987604,fec0db720edf4515957c601d1af59f3f,,GET /api/auth,,110.0,OK,payment-service,v2.0.1,1fd2e02b1e224710b4ca2eea31f66627
live_ep_000006_CPU_SATURATION,CPU_SATURATION,payment-service,6.0,1785922738.987604,d99afa02464245e9878d944d3af23ca7,fec0db720edf4515957c601d1af59f3f,db.transaction,READ,14.48,OK,user-db,v2.0.1,1fd2e02b1e224710b4ca2eea31f66627
live_ep_000006_CPU_SATURATION,CPU_SATURATION,payment-service,6.0,1785922738.987604,13be8a3752864c9985f4ef756519e3f6,fec0db720edf4515957c601d1af59f3f,db.transaction,READ,15.75,OK,user-db,v2.0.1,1fd2e02b1e224710b4ca2eea31f66627
live_ep_000006_CPU_SATURATION,CPU_SATURATION,payment-service,6.0,1785922738.987604,e9658970504040e4904339685863f348,fec0db720edf4515957c601d1af59f3f,cache.get,,1.32,OK,cache-cluster,v2.0.1,1fd2e02b1e224710b4ca2eea31f66627
live_ep_000006_CPU_SATURATION,CPU_SATURATION,payment-service,6.0,1785922738.987604,ba0faf844d0e4629b16e4905f1bcd676,fec0db720edf4515957c601d1af59f3f,grpc.call,,26.77,OK,cache-cluster,v2.0.1,1fd2e02b1e224710b4ca2eea31f66627
live_ep_000006_CPU_SATURATION,CPU_SATURATION,payment-service,6.5,1785922739.4881167,b8aa26c80c784d86ac83a6d564930bae,,GET /api/auth,,133.64,OK,payment-service,v2.0.1,b4915317a7db475284b35cd4c0169398
live_ep_000006_CPU_SATURATION,CPU_SATURATION,payment-service,6.5,1785922739.4881167,a468ea3ba87b4503a38830911ef159ec,b8aa26c80c784d86ac83a6d564930bae,db.transaction,READ,16.22,OK,user-db,v2.0.1,b4915317a7db475284b35cd4c0169398
live_ep_000006_CPU_SATURATION,CPU_SATURATION,payment-service,6.5,1785922739.4881167,21f81b48ac5f4e61a8698c193486ca5c,b8aa26c80c784d86ac83a6d564930bae,db.transaction,READ,31.57,OK,user-db,v2.0.1,b4915317a7db475284b35cd4c0169398
live_ep_000006_CPU_SATURATION,CPU_SATURATION,payment-service,6.5,1785922739.4881167,48943c87a1ee4de1bcfdc7e623e7fe82,b8aa26c80c784d86ac83a6d564930bae,cache.set,,2.38,OK,cache-cluster,v2.0.1,b4915317a7db475284b35cd4c0169398
live_ep_000006_CPU_SATURATION,CPU_SATURATION,payment-service,6.5,1785922739.4881167,418a950b358e4a4fa4ca7290a2ec98b7,b8aa26c80c784d86ac83a6d564930bae,http.client.post,,50.2,OK,payment-gateway,v2.0.1,b4915317a7db475284b35cd4c0169398
live_ep_000006_CPU_SATURATION,CPU_SATURATION,payment-service,7.0,1785922739.9883995,e95ec149f64f49e4bfd79e2f3876b881,,POST /api/checkout,,106.16,OK,payment-service,v2.0.1,f7b20e5659f9477d95ab543043227a8f
live_ep_000006_CPU_SATURATION,CPU_SATURATION,payment-service,7.0,1785922739.9883995,cecd2cf1025e49e4948fe279a94688a9,e95ec149f64f49e4bfd79e2f3876b881,db.query.delete,READ,15.0,OK,user-db,v2.0.1,f7b20e5659f9477d95ab543043227a8f
live_ep_000006_CPU_SATURATION,CPU_SATURATION,payment-service,7.0,1785922739.9883995,0535be4ed01c455a9e64607068919d09,e95ec149f64f49e4bfd79e2f3876b881,db.query.select,WRITE,35.27,OK,user-db,v2.0.1,f7b20e5659f9477d95ab543043227a8f
live_ep_000006_CPU_SATURATION,CPU_SATURATION,payment-service,7.5,1785922740.48896,4ec4db1fda8c4c3a941ee1227a8f044b,,GET /api/order,,349.26,OK,payment-service,v2.0.1,7cb6ce132d1243269312e050d1d18b0e
live_ep_000006_CPU_SATURATION,CPU_SATURATION,payment-service,7.5,1785922740.48896,779ab35d5c594c90973918ee7793f0b4,4ec4db1fda8c4c3a941ee1227a8f044b,db.query.insert,WRITE,14.53,OK,user-db,v2.0.1,7cb6ce132d1243269312e050d1d18b0e
live_ep_000006_CPU_SATURATION,CPU_SATURATION,payment-service,7.5,1785922740.48896,8047f4e267d24c4d89be0ecb46a6e7c8,4ec4db1fda8c4c3a941ee1227a8f044b,cache.set,,2.9,OK,cache-cluster,v2.0.1,7cb6ce132d1243269312e050d1d18b0e
live_ep_000006_CPU_SATURATION,CPU_SATURATION,payment-service,8.0,1785922740.9895208,8811ae828097440abd5b716fed7f65fb,,GET /api/auth,,247.43,OK,payment-service,v2.0.1,5e3ecf2237d24c66829407359c499131
live_ep_000006_CPU_SATURATION,CPU_SATURATION,payment-service,8.0,1785922740.9895208,86568bbe9ef94fb0b308516f07b8415e,8811ae828097440abd5b716fed7f65fb,db.query.insert,READ,12.08,OK,user-db,v2.0.1,5e3ecf2237d24c66829407359c499131
live_ep_000006_CPU_SATURATION,CPU_SATURATION,payment-service,8.0,1785922740.9895208,4bb003e23b1241cd9c874901ddf92ed6,8811ae828097440abd5b716fed7f65fb,db.transaction,READ,22.1,OK,user-db,v2.0.1,5e3ecf2237d24c66829407359c499131
live_ep_000006_CPU_SATURATION,CPU_SATURATION,payment-service,8.0,1785922740.9895208,30651e6f5e2344b995e7655c473712d8,8811ae828097440abd5b716fed7f65fb,cache.set,,1.23,OK,cache-cluster,v2.0.1,5e3ecf2237d24c66829407359c499131
live_ep_000006_CPU_SATURATION,CPU_SATURATION,payment-service,8.0,1785922740.9895208,249a5ef4a1b64645b3105ef66d76e32c,8811ae828097440abd5b716fed7f65fb,http.client.get,,16.61,OK,payment-gateway,v2.0.1,5e3ecf2237d24c66829407359c499131
live_ep_000006_CPU_SATURATION,CPU_SATURATION,payment-service,8.5,1785922741.4897203,347e444e8d8f4686a24fe94463bb00b1,,GET /api/auth,,284.57,OK,payment-service,v2.0.1,b2e72932941548b381d776f808e3598a
live_ep_000006_CPU_SATURATION,CPU_SATURATION,payment-service,8.5,1785922741.4897203,02a3c3d5cf5b49628db73d82d66f965c,347e444e8d8f4686a24fe94463bb00b1,db.query.select,READ,15.31,OK,user-db,v2.0.1,b2e72932941548b381d776f808e3598a
live_ep_000006_CPU_SATURATION,CPU_SATURATION,payment-service,8.5,1785922741.4897203,1f9f6df123c74bf5897f25db13050492,347e444e8d8f4686a24fe94463bb00b1,cache.get,,1.44,OK,cache-cluster,v2.0.1,b2e72932941548b381d776f808e3598a
live_ep_000006_CPU_SATURATION,CPU_SATURATION,payment-service,9.0,1785922741.9900134,4ceaa3f3c0c04924b566204db80e9a72,,GET /api/order,,374.74,OK,payment-service,v2.0.1,bc30cefb0fc746ffa73e239582854967
live_ep_000006_CPU_SATURATION,CPU_SATURATION,payment-service,9.0,1785922741.9900134,c4d72634e4ce4a1c8c662c5771175892,4ceaa3f3c0c04924b566204db80e9a72,db.query.update,READ,9.39,OK,user-db,v2.0.1,bc30cefb0fc746ffa73e239582854967
live_ep_000006_CPU_SATURATION,CPU_SATURATION,payment-service,9.5,1785922742.490427,15c5f6e985fc41ab96242268eafd33f4,,POST /api/checkout,,385.28,OK,payment-service,v2.0.1,898047545436481fa2ee0183e5d58e0c
live_ep_000006_CPU_SATURATION,CPU_SATURATION,payment-service,9.5,1785922742.490427,56edc0df83a34e3988e72074fc1cf478,15c5f6e985fc41ab96242268eafd33f4,db.query.insert,READ,22.76,OK,user-db,v2.0.1,898047545436481fa2ee0183e5d58e0c
live_ep_000006_CPU_SATURATION,CPU_SATURATION,payment-service,9.5,1785922742.490427,bce564b3841a46eebbf097cdf8ca71ac,15c5f6e985fc41ab96242268eafd33f4,db.query.delete,READ,21.49,OK,user-db,v2.0.1,898047545436481fa2ee0183e5d58e0c
live_ep_000006_CPU_SATURATION,CPU_SATURATION,payment-service,9.5,1785922742.490427,21d2089456734c55896c5d0641f08356,15c5f6e985fc41ab96242268eafd33f4,cache.delete,,0.5,OK,cache-cluster,v2.0.1,898047545436481fa2ee0183e5d58e0c
live_ep_000006_CPU_SATURATION,CPU_SATURATION,payment-service,9.5,1785922742.490427,75c050fb48ce46a28c77cdfe844a6276,15c5f6e985fc41ab96242268eafd33f4,http.client.post,,22.27,OK,payment-gateway,v2.0.1,898047545436481fa2ee0183e5d58e0c
live_ep_000006_CPU_SATURATION,CPU_SATURATION,payment-service,10.0,1785922742.9905128,57cdf37339294391b0d096b5d345ffa5,,GET /api/health,,397.31,OK,payment-service,v2.0.1,5a67963f3e7d46a4a5bc566fe6432d55
live_ep_000006_CPU_SATURATION,CPU_SATURATION,payment-service,10.0,1785922742.9905128,e94efaa01101402da07d3afc009e7f6d,57cdf37339294391b0d096b5d345ffa5,db.query.delete,READ,13.98,OK,user-db,v2.0.1,5a67963f3e7d46a4a5bc566fe6432d55
live_ep_000006_CPU_SATURATION,CPU_SATURATION,payment-service,10.0,1785922742.9905128,7bd1f5c2eb0b41459d0fd58242e3e106,57cdf37339294391b0d096b5d345ffa5,db.query.delete,WRITE,20.18,OK,user-db,v2.0.1,5a67963f3e7d46a4a5bc566fe6432d55
live_ep_000006_CPU_SATURATION,CPU_SATURATION,payment-service,10.0,1785922742.9905128,46715789048e4c228be8709be7d2cced,57cdf37339294391b0d096b5d345ffa5,http.client.post,,21.45,OK,user-db,v2.0.1,5a67963f3e7d46a4a5bc566fe6432d55
live_ep_000006_CPU_SATURATION,CPU_SATURATION,payment-service,10.5,1785922743.4910793,a015de84b19949958c550fb56a60b4e4,,GET /api/auth,,353.16,OK,payment-service,v2.0.1,c43ce7f6c27c4d84afd654c0e78b0fcd
live_ep_000006_CPU_SATURATION,CPU_SATURATION,payment-service,10.5,1785922743.4910793,ddcc0cdac38540759688cc57b4eeca5e,a015de84b19949958c550fb56a60b4e4,db.query.select,READ,17.62,OK,user-db,v2.0.1,c43ce7f6c27c4d84afd654c0e78b0fcd
live_ep_000006_CPU_SATURATION,CPU_SATURATION,payment-service,10.5,1785922743.4910793,badd05f399b14e0c863d79c020355b88,a015de84b19949958c550fb56a60b4e4,cache.delete,,1.42,OK,cache-cluster,v2.0.1,c43ce7f6c27c4d84afd654c0e78b0fcd
live_ep_000006_CPU_SATURATION,CPU_SATURATION,payment-service,11.0,1785922743.9913664,5ecbb60b38254876b0edbeb3d772fda2,,GET /api/health,,311.16,OK,payment-service,v2.0.1,8cf8d95b8e1d4c1388e27bf9df52aa74
live_ep_000006_CPU_SATURATION,CPU_SATURATION,payment-service,11.0,1785922743.9913664,d1bdcc7b8c0546ea833ba72b4d2611cd,5ecbb60b38254876b0edbeb3d772fda2,db.query.delete,READ,32.68,OK,user-db,v2.0.1,8cf8d95b8e1d4c1388e27bf9df52aa74
live_ep_000006_CPU_SATURATION,CPU_SATURATION,payment-service,11.0,1785922743.9913664,eedb2a3bbf76469da3c18a4eb7718ebd,5ecbb60b38254876b0edbeb3d772fda2,db.query.update,WRITE,18.57,OK,user-db,v2.0.1,8cf8d95b8e1d4c1388e27bf9df52aa74
live_ep_000006_CPU_SATURATION,CPU_SATURATION,payment-service,11.0,1785922743.9913664,a29135e1314c401692ebbc57cea77fd3,5ecbb60b38254876b0edbeb3d772fda2,cache.get,,2.37,OK,cache-cluster,v2.0.1,8cf8d95b8e1d4c1388e27bf9df52aa74
live_ep_000006_CPU_SATURATION,CPU_SATURATION,payment-service,11.5,1785922744.4916668,cbeca948e6794be6b1f476431de220c1,,POST /api/checkout,,270.19,OK,payment-service,v2.0.1,885336adc2bd4d48a923a6a75abc6a83
live_ep_000006_CPU_SATURATION,CPU_SATURATION,payment-service,11.5,1785922744.4916668,6822b89a33cb48b184d1df54e66de21b,cbeca948e6794be6b1f476431de220c1,db.query.delete,READ,30.67,OK,user-db,v2.0.1,885336adc2bd4d48a923a6a75abc6a83
live_ep_000006_CPU_SATURATION,CPU_SATURATION,payment-service,11.5,1785922744.4916668,e1052ac2a1c0473895558473aa630472,cbeca948e6794be6b1f476431de220c1,cache.set,,3.6,OK,cache-cluster,v2.0.1,885336adc2bd4d48a923a6a75abc6a83
live_ep_000006_CPU_SATURATION,CPU_SATURATION,payment-service,11.5,1785922744.4916668,41f85093801d4942a561ecf31d3bf86d,cbeca948e6794be6b1f476431de220c1,http.client.post,,45.8,OK,user-db,v2.0.1,885336adc2bd4d48a923a6a75abc6a83
live_ep_000006_CPU_SATURATION,CPU_SATURATION,payment-service,12.0,1785922744.991891,ca1395ebce684c45a7ca2d36e6aa77d2,,PUT /api/inventory,,301.25,OK,payment-service,v2.0.1,74e70dacc89b42ca9cc64a694de01725
live_ep_000006_CPU_SATURATION,CPU_SATURATION,payment-service,12.0,1785922744.991891,bf55993681754efda129662020d77fd3,ca1395ebce684c45a7ca2d36e6aa77d2,db.query.update,READ,12.62,OK,user-db,v2.0.1,74e70dacc89b42ca9cc64a694de01725
live_ep_000006_CPU_SATURATION,CPU_SATURATION,payment-service,12.0,1785922744.991891,ee738b7a776a4160aa4ad2b1ac7e8a2d,ca1395ebce684c45a7ca2d36e6aa77d2,db.query.delete,READ,10.94,OK,user-db,v2.0.1,74e70dacc89b42ca9cc64a694de01725
live_ep_000006_CPU_SATURATION,CPU_SATURATION,payment-service,12.0,1785922744.991891,b7a9885624aa4bda9908570114de94f9,ca1395ebce684c45a7ca2d36e6aa77d2,cache.set,,2.88,OK,cache-cluster,v2.0.1,74e70dacc89b42ca9cc64a694de01725
live_ep_000006_CPU_SATURATION,CPU_SATURATION,payment-service,12.0,1785922744.991891,f764959dc73541899f085dd2d322ad6c,ca1395ebce684c45a7ca2d36e6aa77d2,grpc.call,,7.24,OK,user-db,v2.0.1,74e70dacc89b42ca9cc64a694de01725
live_ep_000006_CPU_SATURATION,CPU_SATURATION,payment-service,12.5,1785922745.4921203,3f0c3a4f102d4d7081ca51d918a6847a,,GET /api/health,,367.12,OK,payment-service,v2.0.1,9388c95886d848d3a615159dd33c0996
live_ep_000006_CPU_SATURATION,CPU_SATURATION,payment-service,12.5,1785922745.4921203,df71ac42e2e54a08ab43a4daba402c23,3f0c3a4f102d4d7081ca51d918a6847a,db.query.delete,WRITE,14.11,OK,user-db,v2.0.1,9388c95886d848d3a615159dd33c0996
live_ep_000006_CPU_SATURATION,CPU_SATURATION,payment-service,12.5,1785922745.4921203,357e8070365e4b0aafe4337ddf1d00e5,3f0c3a4f102d4d7081ca51d918a6847a,db.query.select,WRITE,20.95,OK,user-db,v2.0.1,9388c95886d848d3a615159dd33c0996
live_ep_000006_CPU_SATURATION,CPU_SATURATION,payment-service,12.5,1785922745.4921203,4b32b111dd994bc09324bcb6f1adf08d,3f0c3a4f102d4d7081ca51d918a6847a,grpc.call,,15.49,OK,user-db,v2.0.1,9388c95886d848d3a615159dd33c0996
live_ep_000006_CPU_SATURATION,CPU_SATURATION,payment-service,13.0,1785922745.9923463,3774bd04042047218e6b8073dffff8e9,,GET /api/auth,,315.05,OK,payment-service,v2.0.1,cdab181f56a24e899f6f738731d1f9ac
live_ep_000006_CPU_SATURATION,CPU_SATURATION,payment-service,13.0,1785922745.9923463,d59ea4bf958648258581342f8daa7c8b,3774bd04042047218e6b8073dffff8e9,db.query.select,WRITE,20.84,OK,user-db,v2.0.1,cdab181f56a24e899f6f738731d1f9ac
live_ep_000006_CPU_SATURATION,CPU_SATURATION,payment-service,13.0,1785922745.9923463,5fd3db1679f1404b96a62f72eacdba77,3774bd04042047218e6b8073dffff8e9,db.query.select,READ,7.33,OK,user-db,v2.0.1,cdab181f56a24e899f6f738731d1f9ac
live_ep_000006_CPU_SATURATION,CPU_SATURATION,payment-service,13.0,1785922745.9923463,340d478710d343949dc874af7c6a133b,3774bd04042047218e6b8073dffff8e9,cache.set,,3.23,OK,cache-cluster,v2.0.1,cdab181f56a24e899f6f738731d1f9ac
live_ep_000006_CPU_SATURATION,CPU_SATURATION,payment-service,13.5,1785922746.4927802,35cc39f29a35448ea51d137ff7b9d918,,GET /api/order,,414.54,OK,payment-service,v2.0.1,9243c4af32894d04bf56221d6e422907
live_ep_000006_CPU_SATURATION,CPU_SATURATION,payment-service,13.5,1785922746.4927802,04ebb4da57464053875776151ba9ffc2,35cc39f29a35448ea51d137ff7b9d918,db.query.update,READ,57.18,OK,user-db,v2.0.1,9243c4af32894d04bf56221d6e422907
live_ep_000006_CPU_SATURATION,CPU_SATURATION,payment-service,13.5,1785922746.4927802,eb0b1bc29da24b759dcde1f3b2fac6e3,35cc39f29a35448ea51d137ff7b9d918,db.transaction,READ,31.93,OK,user-db,v2.0.1,9243c4af32894d04bf56221d6e422907
live_ep_000006_CPU_SATURATION,CPU_SATURATION,payment-service,14.0,1785922746.9932368,95d212af32c5444dac795bba8bfbcbe7,,GET /api/order,,346.96,OK,payment-service,v2.0.1,35195364f9be4956b587217517824d37
live_ep_000006_CPU_SATURATION,CPU_SATURATION,payment-service,14.0,1785922746.9932368,9f9e4766c6ba469ba03b236a4d238c83,95d212af32c5444dac795bba8bfbcbe7,db.query.delete,READ,15.7,OK,user-db,v2.0.1,35195364f9be4956b587217517824d37
live_ep_000006_CPU_SATURATION,CPU_SATURATION,payment-service,14.0,1785922746.9932368,9aaa1158c42f4c16a21b3d8f36c01aad,95d212af32c5444dac795bba8bfbcbe7,cache.set,,1.46,OK,cache-cluster,v2.0.1,35195364f9be4956b587217517824d37
live_ep_000006_CPU_SATURATION,CPU_SATURATION,payment-service,14.5,1785922747.493486,495f85e50c4d4bf0be720b22e94e2cdc,,POST /api/payment,,421.85,OK,payment-service,v2.0.1,bba9057d3b17462e984d348aff403362
live_ep_000006_CPU_SATURATION,CPU_SATURATION,payment-service,14.5,1785922747.493486,a3a847e4c5be4866880ae85bd50b5e90,495f85e50c4d4bf0be720b22e94e2cdc,db.query.delete,READ,22.08,OK,user-db,v2.0.1,bba9057d3b17462e984d348aff403362
live_ep_000006_CPU_SATURATION,CPU_SATURATION,payment-service,14.5,1785922747.493486,4d3d0a54417e44c388d1e63fdf026258,495f85e50c4d4bf0be720b22e94e2cdc,http.client.post,,5127.76,ERROR,inventory-api,v2.0.1,bba9057d3b17462e984d348aff403362
live_ep_000006_CPU_SATURATION,CPU_SATURATION,payment-service,15.0,1785922747.993695,f7db813b597a4189b501d008bf9c3acf,,GET /api/auth,,443.64,OK,payment-service,v2.0.1,3e80b60f6c97422aafeaa43b58f144da
live_ep_000006_CPU_SATURATION,CPU_SATURATION,payment-service,15.0,1785922747.993695,d879364854c2434daf457c9bb1e4ac6e,f7db813b597a4189b501d008bf9c3acf,db.query.delete,WRITE,36.97,OK,user-db,v2.0.1,3e80b60f6c97422aafeaa43b58f144da
live_ep_000006_CPU_SATURATION,CPU_SATURATION,payment-service,15.0,1785922747.993695,4db7a8f189d44daeade5ebe513e9b40a,f7db813b597a4189b501d008bf9c3acf,db.query.delete,READ,42.52,ERROR,user-db,v2.0.1,3e80b60f6c97422aafeaa43b58f144da
live_ep_000006_CPU_SATURATION,CPU_SATURATION,payment-service,15.0,1785922747.993695,46db7ea782454c65b254e2a853981491,f7db813b597a4189b501d008bf9c3acf,cache.delete,,1.67,OK,cache-cluster,v2.0.1,3e80b60f6c97422aafeaa43b58f144da
live_ep_000006_CPU_SATURATION,CPU_SATURATION,payment-service,15.5,1785922748.4940326,9b42240ae0dd42f18d00311a7a7fc812,,GET /api/auth,,452.64,OK,payment-service,v2.0.1,58fb0ab207b14f8da1621b7e23a97aaf
live_ep_000006_CPU_SATURATION,CPU_SATURATION,payment-service,15.5,1785922748.4940326,0c78af8ac41542eeb13ddca7a115e1bd,9b42240ae0dd42f18d00311a7a7fc812,db.query.select,READ,25.37,OK,user-db,v2.0.1,58fb0ab207b14f8da1621b7e23a97aaf
live_ep_000006_CPU_SATURATION,CPU_SATURATION,payment-service,15.5,1785922748.4940326,3ce6bd7406f543d6b899aa0499b39060,9b42240ae0dd42f18d00311a7a7fc812,db.transaction,READ,22.65,OK,user-db,v2.0.1,58fb0ab207b14f8da1621b7e23a97aaf
live_ep_000006_CPU_SATURATION,CPU_SATURATION,payment-service,15.5,1785922748.4940326,b38ecaa84c1845b0a88cc3b7e4761072,9b42240ae0dd42f18d00311a7a7fc812,cache.get,,0.82,OK,cache-cluster,v2.0.1,58fb0ab207b14f8da1621b7e23a97aaf
live_ep_000006_CPU_SATURATION,CPU_SATURATION,payment-service,15.5,1785922748.4940326,b1b59ecefbd648cfbf45ee7346664293,9b42240ae0dd42f18d00311a7a7fc812,grpc.call,,8.54,OK,payment-gateway,v2.0.1,58fb0ab207b14f8da1621b7e23a97aaf
live_ep_000006_CPU_SATURATION,CPU_SATURATION,payment-service,16.0,1785922748.9941733,eb51ad7b9ae041e1973dc5bfa2032088,,GET /api/order,,335.83,OK,payment-service,v2.0.1,7e8c470136154003b14eb23e849921e7
live_ep_000006_CPU_SATURATION,CPU_SATURATION,payment-service,16.0,1785922748.9941733,912b51319a8d44428d28dd8f111b9969,eb51ad7b9ae041e1973dc5bfa2032088,db.query.insert,WRITE,16.14,OK,user-db,v2.0.1,7e8c470136154003b14eb23e849921e7
live_ep_000006_CPU_SATURATION,CPU_SATURATION,payment-service,16.0,1785922748.9941733,1202bd6756ad4d649f854b623e16d8b4,eb51ad7b9ae041e1973dc5bfa2032088,db.query.update,READ,30.82,OK,user-db,v2.0.1,7e8c470136154003b14eb23e849921e7
live_ep_000006_CPU_SATURATION,CPU_SATURATION,payment-service,16.0,1785922748.9941733,a407e3eb960942e9bacbca159e04ccb0,eb51ad7b9ae041e1973dc5bfa2032088,cache.set,,0.71,OK,cache-cluster,v2.0.1,7e8c470136154003b14eb23e849921e7
live_ep_000006_CPU_SATURATION,CPU_SATURATION,payment-service,16.5,1785922749.4945261,7fd1c3418e4e4025a9e8a7226f1285f4,,GET /api/order,,469.47,ERROR,payment-service,v2.0.1,98f0c42163dc4feea552303ad996837e
live_ep_000006_CPU_SATURATION,CPU_SATURATION,payment-service,16.5,1785922749.4945261,4b7bc444cafc4379b91c950d723b9f4b,7fd1c3418e4e4025a9e8a7226f1285f4,db.transaction,READ,6.96,OK,user-db,v2.0.1,98f0c42163dc4feea552303ad996837e
live_ep_000006_CPU_SATURATION,CPU_SATURATION,payment-service,16.5,1785922749.4945261,b279ad0e2c5e422bbb89c242ae8dda84,7fd1c3418e4e4025a9e8a7226f1285f4,cache.delete,,1.83,OK,cache-cluster,v2.0.1,98f0c42163dc4feea552303ad996837e
live_ep_000006_CPU_SATURATION,CPU_SATURATION,payment-service,17.0,1785922749.9958441,8336ebffa30f47c0af667bdd9eaec2c1,,GET /api/health,,383.84,OK,payment-service,v2.0.1,aad91752f10a42fcb28e66bc4798dc39
live_ep_000006_CPU_SATURATION,CPU_SATURATION,payment-service,17.0,1785922749.9958441,a6305a99801c4caa8294103c4cc26765,8336ebffa30f47c0af667bdd9eaec2c1,db.query.insert,WRITE,9.28,OK,user-db,v2.0.1,aad91752f10a42fcb28e66bc4798dc39
live_ep_000006_CPU_SATURATION,CPU_SATURATION,payment-service,17.0,1785922749.9958441,322ffaa51ec940d2930368608c0f2e94,8336ebffa30f47c0af667bdd9eaec2c1,cache.get,,2.11,OK,cache-cluster,v2.0.1,aad91752f10a42fcb28e66bc4798dc39
live_ep_000006_CPU_SATURATION,CPU_SATURATION,payment-service,17.0,1785922749.9958441,7d06a77b40424c0ba05c4b9acae0b4e2,8336ebffa30f47c0af667bdd9eaec2c1,grpc.call,,39.04,OK,cache-cluster,v2.0.1,aad91752f10a42fcb28e66bc4798dc39
live_ep_000006_CPU_SATURATION,CPU_SATURATION,payment-service,17.5,1785922750.4962678,a2d72110813946f5881532a121f761df,,GET /api/auth,,330.71,OK,payment-service,v2.0.1,3cd40248670f4354bf9216f6e6123694
live_ep_000006_CPU_SATURATION,CPU_SATURATION,payment-service,17.5,1785922750.4962678,45dcebe1842b4179b78630abdbdba956,a2d72110813946f5881532a121f761df,db.query.update,READ,37.7,OK,user-db,v2.0.1,3cd40248670f4354bf9216f6e6123694
live_ep_000006_CPU_SATURATION,CPU_SATURATION,payment-service,17.5,1785922750.4962678,480701da8d454311a4803d17b768d0b7,a2d72110813946f5881532a121f761df,cache.get,,0.56,OK,cache-cluster,v2.0.1,3cd40248670f4354bf9216f6e6123694
live_ep_000006_CPU_SATURATION,CPU_SATURATION,payment-service,18.0,1785922750.996468,ec95ce06a9944e5fb915056ad2366a36,,POST /api/payment,,321.38,OK,payment-service,v2.0.1,923f54f2700a4c5a938bd8c17089751b
live_ep_000006_CPU_SATURATION,CPU_SATURATION,payment-service,18.0,1785922750.996468,3bb67176dc134a2f81aad7365f08fca2,ec95ce06a9944e5fb915056ad2366a36,db.query.insert,READ,24.83,OK,user-db,v2.0.1,923f54f2700a4c5a938bd8c17089751b
live_ep_000006_CPU_SATURATION,CPU_SATURATION,payment-service,18.0,1785922750.996468,727ecf8e0cd94957a3348654aae875ee,ec95ce06a9944e5fb915056ad2366a36,db.query.delete,WRITE,14.57,OK,user-db,v2.0.1,923f54f2700a4c5a938bd8c17089751b
live_ep_000006_CPU_SATURATION,CPU_SATURATION,payment-service,18.0,1785922750.996468,78034165f5ff4962b8fd75bbe5659a96,ec95ce06a9944e5fb915056ad2366a36,cache.set,,38.03,OK,cache-cluster,v2.0.1,923f54f2700a4c5a938bd8c17089751b
live_ep_000006_CPU_SATURATION,CPU_SATURATION,payment-service,18.5,1785922751.4969718,7fc623e2c5ff468c9b79dd0b8f489b1a,,POST /api/payment,,308.01,OK,payment-service,v2.0.1,bd1148e1a8d240699ef60885d1c53f1a
live_ep_000006_CPU_SATURATION,CPU_SATURATION,payment-service,18.5,1785922751.4969718,5f4c54c3dc994ad5889fbfa07af9f128,7fc623e2c5ff468c9b79dd0b8f489b1a,db.query.update,WRITE,16.19,OK,user-db,v2.0.1,bd1148e1a8d240699ef60885d1c53f1a
live_ep_000006_CPU_SATURATION,CPU_SATURATION,payment-service,18.5,1785922751.4969718,7b291b09671d4dd099e56a5c80114014,7fc623e2c5ff468c9b79dd0b8f489b1a,db.query.delete,READ,30.29,OK,user-db,v2.0.1,bd1148e1a8d240699ef60885d1c53f1a
live_ep_000006_CPU_SATURATION,CPU_SATURATION,payment-service,18.5,1785922751.4969718,cc9aa0cc5bb94c9aaf63d518eb9116b6,7fc623e2c5ff468c9b79dd0b8f489b1a,grpc.call,,24.37,OK,cache-cluster,v2.0.1,bd1148e1a8d240699ef60885d1c53f1a
live_ep_000006_CPU_SATURATION,CPU_SATURATION,payment-service,19.0,1785922751.9971013,88ca6d39be1147d5a8260f3cf6ccc346,,GET /api/health,,390.5,OK,payment-service,v2.0.1,c671280f3032427eb5d167b86b8ce20e
live_ep_000006_CPU_SATURATION,CPU_SATURATION,payment-service,19.0,1785922751.9971013,cc664f92cec446d7848332a4801539b4,88ca6d39be1147d5a8260f3cf6ccc346,db.query.update,WRITE,13.74,OK,user-db,v2.0.1,c671280f3032427eb5d167b86b8ce20e
live_ep_000006_CPU_SATURATION,CPU_SATURATION,payment-service,19.0,1785922751.9971013,e0e96b1842a648d3996df05c2d6a3a75,88ca6d39be1147d5a8260f3cf6ccc346,db.query.delete,READ,29.71,OK,user-db,v2.0.1,c671280f3032427eb5d167b86b8ce20e
live_ep_000006_CPU_SATURATION,CPU_SATURATION,payment-service,19.0,1785922751.9971013,69c51464698846c6a374c1aac3b9d76e,88ca6d39be1147d5a8260f3cf6ccc346,grpc.call,,49.74,OK,user-db,v2.0.1,c671280f3032427eb5d167b86b8ce20e
live_ep_000006_CPU_SATURATION,CPU_SATURATION,payment-service,19.5,1785922752.497536,5f00594efe8949b0bd663b3fdd1356d6,,POST /api/payment,,266.28,OK,payment-service,v2.0.1,01942b1ae18f42ea89e5d61036ee0590
live_ep_000006_CPU_SATURATION,CPU_SATURATION,payment-service,19.5,1785922752.497536,f4867fd396be4163ba6eb933296643fc,5f00594efe8949b0bd663b3fdd1356d6,db.query.update,READ,28.78,OK,user-db,v2.0.1,01942b1ae18f42ea89e5d61036ee0590
live_ep_000006_CPU_SATURATION,CPU_SATURATION,payment-service,20.0,1785922752.9980717,1e5bb7458e35464aad3eaa8ab1fa60fa,,GET /api/order,,318.57,OK,payment-service,v2.0.1,5e4459cfd051432299e85f75a9baec1e
live_ep_000006_CPU_SATURATION,CPU_SATURATION,payment-service,20.0,1785922752.9980717,a09b0668bf194f148dab62cc8a9241ac,1e5bb7458e35464aad3eaa8ab1fa60fa,db.query.select,READ,12.52,OK,user-db,v2.0.1,5e4459cfd051432299e85f75a9baec1e
live_ep_000006_CPU_SATURATION,CPU_SATURATION,payment-service,20.0,1785922752.9980717,2c778b0dcba94b998772953bac2774b7,1e5bb7458e35464aad3eaa8ab1fa60fa,db.query.select,WRITE,20.42,OK,user-db,v2.0.1,5e4459cfd051432299e85f75a9baec1e
live_ep_000006_CPU_SATURATION,CPU_SATURATION,payment-service,20.0,1785922752.9980717,821028a8e70441bebd56414f1cb942f6,1e5bb7458e35464aad3eaa8ab1fa60fa,cache.get,,1.84,OK,cache-cluster,v2.0.1,5e4459cfd051432299e85f75a9baec1e
live_ep_000006_CPU_SATURATION,CPU_SATURATION,payment-service,20.0,1785922752.9980717,a6562cc3ac2d4c81b39cf2eb5ec5b1e0,1e5bb7458e35464aad3eaa8ab1fa60fa,http.client.post,,18.83,OK,user-db,v2.0.1,5e4459cfd051432299e85f75a9baec1e
live_ep_000006_CPU_SATURATION,CPU_SATURATION,payment-service,20.5,1785922753.4984243,b71d7091edc24bb386366b44a3797798,,GET /api/health,,357.84,OK,payment-service,v2.0.1,dd238d411fd1490b985f025fce567fa7
live_ep_000006_CPU_SATURATION,CPU_SATURATION,payment-service,20.5,1785922753.4984243,f275d9b6f52c4963a6103d94aed3cafc,b71d7091edc24bb386366b44a3797798,db.query.update,READ,17.11,OK,user-db,v2.0.1,dd238d411fd1490b985f025fce567fa7
live_ep_000006_CPU_SATURATION,CPU_SATURATION,payment-service,20.5,1785922753.4984243,5182562cfbfb4b68bd845801524ea42f,b71d7091edc24bb386366b44a3797798,cache.get,,27.46,OK,cache-cluster,v2.0.1,dd238d411fd1490b985f025fce567fa7
live_ep_000006_CPU_SATURATION,CPU_SATURATION,payment-service,21.0,1785922753.998973,d217e132d5c148cbbf52420fe9756492,,GET /api/order,,319.17,OK,payment-service,v2.0.1,6afcb4145c1841e8a0daa9160ddceb75
live_ep_000006_CPU_SATURATION,CPU_SATURATION,payment-service,21.0,1785922753.998973,2af689fce9834a4391382d387c091605,d217e132d5c148cbbf52420fe9756492,db.query.insert,WRITE,26.68,OK,user-db,v2.0.1,6afcb4145c1841e8a0daa9160ddceb75
live_ep_000006_CPU_SATURATION,CPU_SATURATION,payment-service,21.5,1785922754.4993746,ce9ada97a224452286ad80bea8d17ca1,,POST /api/checkout,,357.2,OK,payment-service,v2.0.1,67dbdd16d69b485aa76109fe320d0b25
live_ep_000006_CPU_SATURATION,CPU_SATURATION,payment-service,21.5,1785922754.4993746,01799417b60646739625ce5e0ee0f766,ce9ada97a224452286ad80bea8d17ca1,db.query.select,READ,20.09,ERROR,user-db,v2.0.1,67dbdd16d69b485aa76109fe320d0b25
live_ep_000006_CPU_SATURATION,CPU_SATURATION,payment-service,21.5,1785922754.4993746,8a3d8fa0884648f89a107a66551e60db,ce9ada97a224452286ad80bea8d17ca1,db.transaction,READ,13.83,OK,user-db,v2.0.1,67dbdd16d69b485aa76109fe320d0b25
live_ep_000006_CPU_SATURATION,CPU_SATURATION,payment-service,21.5,1785922754.4993746,40f5b9d77695431c8b97350abcb040a7,ce9ada97a224452286ad80bea8d17ca1,cache.get,,28.45,OK,cache-cluster,v2.0.1,67dbdd16d69b485aa76109fe320d0b25
live_ep_000006_CPU_SATURATION,CPU_SATURATION,payment-service,22.0,1785922754.999943,234aa18115104129ae67cbfd5ffd6b72,,GET /api/auth,,288.95,OK,payment-service,v2.0.1,a8fbdb7481e84430adee617c53a6f659
live_ep_000006_CPU_SATURATION,CPU_SATURATION,payment-service,22.0,1785922754.999943,bd06cf613eff49349ba633bcf8de1270,234aa18115104129ae67cbfd5ffd6b72,db.query.update,WRITE,23.76,OK,user-db,v2.0.1,a8fbdb7481e84430adee617c53a6f659
live_ep_000006_CPU_SATURATION,CPU_SATURATION,payment-service,22.0,1785922754.999943,8f16ef647322404385ee759f64cb6d33,234aa18115104129ae67cbfd5ffd6b72,db.transaction,READ,20.15,OK,user-db,v2.0.1,a8fbdb7481e84430adee617c53a6f659
live_ep_000006_CPU_SATURATION,CPU_SATURATION,payment-service,22.0,1785922754.999943,435ffe52ac174ef09f930e8c7c8ba5dd,234aa18115104129ae67cbfd5ffd6b72,cache.set,,2.58,OK,cache-cluster,v2.0.1,a8fbdb7481e84430adee617c53a6f659
live_ep_000006_CPU_SATURATION,CPU_SATURATION,payment-service,22.0,1785922754.999943,ad2d5d1509684edc9b7b6c8bc9b4ee6b,234aa18115104129ae67cbfd5ffd6b72,http.client.post,,21.84,OK,cache-cluster,v2.0.1,a8fbdb7481e84430adee617c53a6f659
live_ep_000006_CPU_SATURATION,CPU_SATURATION,payment-service,22.5,1785922755.5004053,3ac3fb107b4747218f282c4db079c91e,,PUT /api/inventory,,344.06,OK,payment-service,v2.0.1,a26cfe5fd7e24a0aa2ae7e200babf336
live_ep_000006_CPU_SATURATION,CPU_SATURATION,payment-service,22.5,1785922755.5004053,3f6d442f150f4448a68309b2c5b4e7a2,3ac3fb107b4747218f282c4db079c91e,db.query.update,WRITE,21.67,OK,user-db,v2.0.1,a26cfe5fd7e24a0aa2ae7e200babf336
live_ep_000006_CPU_SATURATION,CPU_SATURATION,payment-service,22.5,1785922755.5004053,46142d7efc34428aa1ac50d0223b4742,3ac3fb107b4747218f282c4db079c91e,grpc.call,,17.73,OK,cache-cluster,v2.0.1,a26cfe5fd7e24a0aa2ae7e200babf336
live_ep_000006_CPU_SATURATION,CPU_SATURATION,payment-service,23.0,1785922756.0007043,a33681fa837845559270bc07e6f89d9a,,POST /api/payment,,414.39,OK,payment-service,v2.0.1,da378e3b5b0146e2b913d258e7d86b0f
live_ep_000006_CPU_SATURATION,CPU_SATURATION,payment-service,23.0,1785922756.0007043,f2d5fb3ff1d7481783e1d4af19440ce8,a33681fa837845559270bc07e6f89d9a,db.query.delete,READ,6.24,OK,user-db,v2.0.1,da378e3b5b0146e2b913d258e7d86b0f
live_ep_000006_CPU_SATURATION,CPU_SATURATION,payment-service,23.0,1785922756.0007043,3e65758f23fe40f4a29bf890b5db610f,a33681fa837845559270bc07e6f89d9a,db.query.update,READ,14.09,OK,user-db,v2.0.1,da378e3b5b0146e2b913d258e7d86b0f
live_ep_000006_CPU_SATURATION,CPU_SATURATION,payment-service,23.0,1785922756.0007043,3ffc47dba9cc485dada7f90e0b29a420,a33681fa837845559270bc07e6f89d9a,cache.get,,38.2,OK,cache-cluster,v2.0.1,da378e3b5b0146e2b913d258e7d86b0f
live_ep_000006_CPU_SATURATION,CPU_SATURATION,payment-service,23.5,1785922756.5008402,844d1afee40c436ca79e6440e6f96f1c,,PUT /api/inventory,,264.86,OK,payment-service,v2.0.1,16ff98b1296e4b389a32468ee0454993
live_ep_000006_CPU_SATURATION,CPU_SATURATION,payment-service,23.5,1785922756.5008402,edf886ed53374958b16a9eeb993a641b,844d1afee40c436ca79e6440e6f96f1c,db.query.delete,READ,23.11,OK,user-db,v2.0.1,16ff98b1296e4b389a32468ee0454993
live_ep_000006_CPU_SATURATION,CPU_SATURATION,payment-service,23.5,1785922756.5008402,8c40fea260f8433f83a6c429855a6a9d,844d1afee40c436ca79e6440e6f96f1c,db.query.insert,READ,18.82,OK,user-db,v2.0.1,16ff98b1296e4b389a32468ee0454993
live_ep_000006_CPU_SATURATION,CPU_SATURATION,payment-service,23.5,1785922756.5008402,876a0c37eaa0403e8cdefe7f570e1ed5,844d1afee40c436ca79e6440e6f96f1c,cache.delete,,3.07,OK,cache-cluster,v2.0.1,16ff98b1296e4b389a32468ee0454993
live_ep_000006_CPU_SATURATION,CPU_SATURATION,payment-service,23.5,1785922756.5008402,1c48e76c388e406683fa70e180daf6b8,844d1afee40c436ca79e6440e6f96f1c,http.client.post,,24.63,OK,inventory-api,v2.0.1,16ff98b1296e4b389a32468ee0454993
live_ep_000006_CPU_SATURATION,CPU_SATURATION,payment-service,24.0,1785922757.00105,c6bef860f43c4d3a894fa33bcb4b8c70,,GET /api/health,,328.58,OK,payment-service,v2.0.1,ba00277e9e974680af405e3a98f03406
live_ep_000006_CPU_SATURATION,CPU_SATURATION,payment-service,24.0,1785922757.00105,b916fb94e838406dbaafbdb1db26da3d,c6bef860f43c4d3a894fa33bcb4b8c70,db.query.update,WRITE,16.6,OK,user-db,v2.0.1,ba00277e9e974680af405e3a98f03406
live_ep_000006_CPU_SATURATION,CPU_SATURATION,payment-service,24.0,1785922757.00105,981719292ac842d8a686089dafe1d378,c6bef860f43c4d3a894fa33bcb4b8c70,cache.set,,1.92,OK,cache-cluster,v2.0.1,ba00277e9e974680af405e3a98f03406
live_ep_000006_CPU_SATURATION,CPU_SATURATION,payment-service,24.5,1785922757.501355,07cfbdd359dc43819745f066c3ff1b84,,PUT /api/inventory,,410.06,OK,payment-service,v2.0.1,1fb0c50c60da4c62b3e5f88b9f365da6
live_ep_000006_CPU_SATURATION,CPU_SATURATION,payment-service,24.5,1785922757.501355,95264e253fac4f7c8fd4ca0899717136,07cfbdd359dc43819745f066c3ff1b84,db.query.delete,WRITE,1.45,OK,user-db,v2.0.1,1fb0c50c60da4c62b3e5f88b9f365da6
live_ep_000006_CPU_SATURATION,CPU_SATURATION,payment-service,24.5,1785922757.501355,187b08f470e040f984d92b1b901f2f73,07cfbdd359dc43819745f066c3ff1b84,cache.get,,2.28,OK,cache-cluster,v2.0.1,1fb0c50c60da4c62b3e5f88b9f365da6
live_ep_000006_CPU_SATURATION,CPU_SATURATION,payment-service,25.0,1785922758.001607,2a4478bfa70c4f5d9b9f757aedd8e0be,,PUT /api/inventory,,383.66,OK,payment-service,v2.0.1,943908a1ce0341a786285931b4a2bfa5
live_ep_000006_CPU_SATURATION,CPU_SATURATION,payment-service,25.0,1785922758.001607,b96e895124f5439bb9fb3a2e91584f7d,2a4478bfa70c4f5d9b9f757aedd8e0be,db.query.delete,READ,22.99,OK,user-db,v2.0.1,943908a1ce0341a786285931b4a2bfa5
live_ep_000006_CPU_SATURATION,CPU_SATURATION,payment-service,25.5,1785922758.501781,6b1696d6758c459eac1eae7eca163122,,GET /api/health,,281.84,OK,payment-service,v2.0.1,6a52258c7ccf453c82bb0f1b5a778990
live_ep_000006_CPU_SATURATION,CPU_SATURATION,payment-service,25.5,1785922758.501781,985534277c5b4c6e9b92ee2b48b01041,6b1696d6758c459eac1eae7eca163122,db.query.insert,READ,16.52,OK,user-db,v2.0.1,6a52258c7ccf453c82bb0f1b5a778990
live_ep_000006_CPU_SATURATION,CPU_SATURATION,payment-service,25.5,1785922758.501781,f04eff1b06c14fbe9cade23f7f99df33,6b1696d6758c459eac1eae7eca163122,db.query.insert,WRITE,22.7,OK,user-db,v2.0.1,6a52258c7ccf453c82bb0f1b5a778990
live_ep_000006_CPU_SATURATION,CPU_SATURATION,payment-service,25.5,1785922758.501781,6bac7caf92fb461ebc73b25fba217907,6b1696d6758c459eac1eae7eca163122,cache.set,,2.64,OK,cache-cluster,v2.0.1,6a52258c7ccf453c82bb0f1b5a778990
live_ep_000006_CPU_SATURATION,CPU_SATURATION,payment-service,25.5,1785922758.501781,3347d84170d5484fab860b93c63ab49a,6b1696d6758c459eac1eae7eca163122,grpc.call,,33.3,OK,user-db,v2.0.1,6a52258c7ccf453c82bb0f1b5a778990
live_ep_000006_CPU_SATURATION,CPU_SATURATION,payment-service,26.0,1785922759.002389,87ad4bf9b6ae4ab79cf841b176779c0f,,POST /api/payment,,420.22,OK,payment-service,v2.0.1,0fdfb97e389f417191685ad85ddafb81
live_ep_000006_CPU_SATURATION,CPU_SATURATION,payment-service,26.0,1785922759.002389,a5dfa33bc0704524b2ddebd77a16c57c,87ad4bf9b6ae4ab79cf841b176779c0f,db.transaction,READ,14.06,OK,user-db,v2.0.1,0fdfb97e389f417191685ad85ddafb81
live_ep_000006_CPU_SATURATION,CPU_SATURATION,payment-service,26.0,1785922759.002389,a98f8b3f6d1d46b1b8e92c48c4fbced8,87ad4bf9b6ae4ab79cf841b176779c0f,db.query.insert,READ,24.01,OK,user-db,v2.0.1,0fdfb97e389f417191685ad85ddafb81
live_ep_000006_CPU_SATURATION,CPU_SATURATION,payment-service,26.0,1785922759.002389,7bdb6cdd3cb24bbb95e9df6424216ab9,87ad4bf9b6ae4ab79cf841b176779c0f,cache.get,,1.35,OK,cache-cluster,v2.0.1,0fdfb97e389f417191685ad85ddafb81
live_ep_000006_CPU_SATURATION,CPU_SATURATION,payment-service,26.5,1785922759.502837,87395c22e29b4114926c24e8e993a70e,,POST /api/payment,,292.91,OK,payment-service,v2.0.1,d2ed6d37bdfb4fa1b921869ae77f5597
live_ep_000006_CPU_SATURATION,CPU_SATURATION,payment-service,26.5,1785922759.502837,4fc516d00e324f1b86595db2c60c962e,87395c22e29b4114926c24e8e993a70e,db.query.insert,READ,11.61,OK,user-db,v2.0.1,d2ed6d37bdfb4fa1b921869ae77f5597
live_ep_000006_CPU_SATURATION,CPU_SATURATION,payment-service,26.5,1785922759.502837,575dbf2d6bee4ec9b50204256fd5d77d,87395c22e29b4114926c24e8e993a70e,cache.get,,3.59,OK,cache-cluster,v2.0.1,d2ed6d37bdfb4fa1b921869ae77f5597
live_ep_000006_CPU_SATURATION,CPU_SATURATION,payment-service,27.0,1785922760.0031633,f0497c7bb5ea4aeb93ff92c096f2623d,,POST /api/checkout,,361.41,OK,payment-service,v2.0.1,8fc29f12bfd94fe7b47d5a9c6f29b6fb
live_ep_000006_CPU_SATURATION,CPU_SATURATION,payment-service,27.0,1785922760.0031633,0f0c2f864d4842c68d56763f50854521,f0497c7bb5ea4aeb93ff92c096f2623d,db.transaction,WRITE,18.98,OK,user-db,v2.0.1,8fc29f12bfd94fe7b47d5a9c6f29b6fb
live_ep_000006_CPU_SATURATION,CPU_SATURATION,payment-service,27.0,1785922760.0031633,3ebf599c00994065a7122d8b0f8b7100,f0497c7bb5ea4aeb93ff92c096f2623d,http.client.post,,15.99,OK,payment-gateway,v2.0.1,8fc29f12bfd94fe7b47d5a9c6f29b6fb
live_ep_000006_CPU_SATURATION,CPU_SATURATION,payment-service,27.5,1785922760.5035198,ae786b8dcb5740eca85ef1f8a17ea4e7,,GET /api/health,,346.34,ERROR,payment-service,v2.0.1,ee4ce4fe09e4419d820018e651211da8
live_ep_000006_CPU_SATURATION,CPU_SATURATION,payment-service,27.5,1785922760.5035198,4a4cf8ff8dda4e46b355c75bc5ceedc9,ae786b8dcb5740eca85ef1f8a17ea4e7,db.query.select,WRITE,9.01,OK,user-db,v2.0.1,ee4ce4fe09e4419d820018e651211da8
live_ep_000006_CPU_SATURATION,CPU_SATURATION,payment-service,27.5,1785922760.5035198,a86070db02834cb0902a4fc0cbdadc97,ae786b8dcb5740eca85ef1f8a17ea4e7,db.query.select,WRITE,31.61,OK,user-db,v2.0.1,ee4ce4fe09e4419d820018e651211da8
live_ep_000006_CPU_SATURATION,CPU_SATURATION,payment-service,28.0,1785922761.0041378,e4e14beed6644388af38a30394e5a2df,,POST /api/checkout,,297.87,OK,payment-service,v2.0.1,1fab811d0d4c4e51ad7244371a2e8aaa
live_ep_000006_CPU_SATURATION,CPU_SATURATION,payment-service,28.0,1785922761.0041378,afb588fe8a794bc2acb2706c170be069,e4e14beed6644388af38a30394e5a2df,db.transaction,READ,19.5,OK,user-db,v2.0.1,1fab811d0d4c4e51ad7244371a2e8aaa
live_ep_000006_CPU_SATURATION,CPU_SATURATION,payment-service,28.0,1785922761.0041378,069bc4cbd61d4c709d8e3bcb0355bbff,e4e14beed6644388af38a30394e5a2df,db.query.delete,READ,18.86,OK,user-db,v2.0.1,1fab811d0d4c4e51ad7244371a2e8aaa
live_ep_000006_CPU_SATURATION,CPU_SATURATION,payment-service,28.0,1785922761.0041378,1dad928c076f4eeea21e6ac3d8877ea6,e4e14beed6644388af38a30394e5a2df,cache.get,,1.5,OK,cache-cluster,v2.0.1,1fab811d0d4c4e51ad7244371a2e8aaa
live_ep_000006_CPU_SATURATION,CPU_SATURATION,payment-service,28.5,1785922761.5042977,eafd2798cb144cf99218c74b5090e894,,POST /api/payment,,411.96,OK,payment-service,v2.0.1,6cd35203cb0a49728fb65e8a723d4399
live_ep_000006_CPU_SATURATION,CPU_SATURATION,payment-service,28.5,1785922761.5042977,94e66ca8ab1b4eb6b74289aa5cb98d37,eafd2798cb144cf99218c74b5090e894,db.query.select,READ,23.84,OK,user-db,v2.0.1,6cd35203cb0a49728fb65e8a723d4399
live_ep_000006_CPU_SATURATION,CPU_SATURATION,payment-service,28.5,1785922761.5042977,a092de89b34d43f4b85851577b9d889f,eafd2798cb144cf99218c74b5090e894,db.query.select,WRITE,17.64,OK,user-db,v2.0.1,6cd35203cb0a49728fb65e8a723d4399
live_ep_000006_CPU_SATURATION,CPU_SATURATION,payment-service,28.5,1785922761.5042977,8bd56ad450904049aa0b376893e60840,eafd2798cb144cf99218c74b5090e894,cache.delete,,2.71,OK,cache-cluster,v2.0.1,6cd35203cb0a49728fb65e8a723d4399
live_ep_000006_CPU_SATURATION,CPU_SATURATION,payment-service,29.0,1785922762.0048172,2696fdccf40342c0acf78a211b100387,,GET /api/auth,,338.82,OK,payment-service,v2.0.1,f0522214069b4f069d99dd3488dada9b
live_ep_000006_CPU_SATURATION,CPU_SATURATION,payment-service,29.0,1785922762.0048172,8886adcc42954087bde42946b4000ed9,2696fdccf40342c0acf78a211b100387,db.transaction,READ,14.15,OK,user-db,v2.0.1,f0522214069b4f069d99dd3488dada9b
live_ep_000006_CPU_SATURATION,CPU_SATURATION,payment-service,29.0,1785922762.0048172,18aff3bb041a45d683edf50e10987d9f,2696fdccf40342c0acf78a211b100387,http.client.post,,21.33,OK,payment-gateway,v2.0.1,f0522214069b4f069d99dd3488dada9b
live_ep_000006_CPU_SATURATION,CPU_SATURATION,payment-service,29.5,1785922762.505326,99aabd1951b54177a386cd09a8038741,,POST /api/checkout,,360.36,OK,payment-service,v2.0.1,f47245127cfc48ff983a432b4a0c6551
live_ep_000006_CPU_SATURATION,CPU_SATURATION,payment-service,29.5,1785922762.505326,13f80cd8ba6142fd8dfd993ba38871f6,99aabd1951b54177a386cd09a8038741,db.query.delete,WRITE,17.7,OK,user-db,v2.0.1,f47245127cfc48ff983a432b4a0c6551
live_ep_000006_CPU_SATURATION,CPU_SATURATION,payment-service,29.5,1785922762.505326,28ef288a6eea416dbd85f062ec92ebba,99aabd1951b54177a386cd09a8038741,grpc.call,,37.53,OK,payment-gateway,v2.0.1,f47245127cfc48ff983a432b4a0c6551
live_ep_000006_CPU_SATURATION,CPU_SATURATION,payment-service,30.0,1785922763.0057929,2b4c80b1299645248a55f2b0f5483c9a,,GET /api/auth,,285.98,OK,payment-service,v2.0.1,e4ca098d7ebd48749b8c0fec7bd35d9e
live_ep_000006_CPU_SATURATION,CPU_SATURATION,payment-service,30.0,1785922763.0057929,db9071e15173495e977f2bdc855e89d5,2b4c80b1299645248a55f2b0f5483c9a,db.transaction,WRITE,25.58,OK,user-db,v2.0.1,e4ca098d7ebd48749b8c0fec7bd35d9e
live_ep_000006_CPU_SATURATION,CPU_SATURATION,payment-service,30.0,1785922763.0057929,c98eef96b0754e93b1ec18f93b11250f,2b4c80b1299645248a55f2b0f5483c9a,db.transaction,READ,28.16,OK,user-db,v2.0.1,e4ca098d7ebd48749b8c0fec7bd35d9e
live_ep_000006_CPU_SATURATION,CPU_SATURATION,payment-service,30.0,1785922763.0057929,ebb10afb872e481780f0a0f9e89df574,2b4c80b1299645248a55f2b0f5483c9a,cache.get,,58.03,OK,cache-cluster,v2.0.1,e4ca098d7ebd48749b8c0fec7bd35d9e
live_ep_000006_CPU_SATURATION,CPU_SATURATION,payment-service,30.0,1785922763.0057929,65732e016d0242408c2b192a8e81e128,2b4c80b1299645248a55f2b0f5483c9a,http.client.get,,39.33,OK,payment-gateway,v2.0.1,e4ca098d7ebd48749b8c0fec7bd35d9e
live_ep_000006_CPU_SATURATION,CPU_SATURATION,payment-service,30.5,1785922763.5060601,b3f8111132924a3ca97abb880dad9695,,PUT /api/inventory,,292.13,OK,payment-service,v2.0.1,3a562b147ebe422ead0775bb4b911e32
live_ep_000006_CPU_SATURATION,CPU_SATURATION,payment-service,30.5,1785922763.5060601,490cd66e046e45beba5d89760c568a0f,b3f8111132924a3ca97abb880dad9695,db.query.insert,WRITE,14.17,OK,user-db,v2.0.1,3a562b147ebe422ead0775bb4b911e32
live_ep_000006_CPU_SATURATION,CPU_SATURATION,payment-service,30.5,1785922763.5060601,dd729eca3a964af9a2e0d53c6482b11b,b3f8111132924a3ca97abb880dad9695,http.client.post,,10.12,OK,payment-gateway,v2.0.1,3a562b147ebe422ead0775bb4b911e32
live_ep_000006_CPU_SATURATION,CPU_SATURATION,payment-service,31.0,1785922764.0064464,8a49a19659584fcd8d806f131f275d71,,PUT /api/inventory,,392.5,OK,payment-service,v2.0.1,770a2c008b4d434baccc2baa7d84e69a
live_ep_000006_CPU_SATURATION,CPU_SATURATION,payment-service,31.0,1785922764.0064464,8d4283fdc3d64cb3afa95046ede782f7,8a49a19659584fcd8d806f131f275d71,db.query.delete,WRITE,6.55,OK,user-db,v2.0.1,770a2c008b4d434baccc2baa7d84e69a
live_ep_000006_CPU_SATURATION,CPU_SATURATION,payment-service,31.0,1785922764.0064464,0a682b996be24f8a95ef73075b226589,8a49a19659584fcd8d806f131f275d71,cache.get,,1.47,OK,cache-cluster,v2.0.1,770a2c008b4d434baccc2baa7d84e69a
live_ep_000006_CPU_SATURATION,CPU_SATURATION,payment-service,31.5,1785922764.5068266,8aeffcf19d53436b8a618ec8711ff9d5,,POST /api/payment,,360.55,OK,payment-service,v2.0.1,dd8367b7d57447b293d30a5861c1bd73
live_ep_000006_CPU_SATURATION,CPU_SATURATION,payment-service,31.5,1785922764.5068266,49d45e21125d4253aeb4dd9def857c2f,8aeffcf19d53436b8a618ec8711ff9d5,db.query.insert,READ,20.51,OK,user-db,v2.0.1,dd8367b7d57447b293d30a5861c1bd73
live_ep_000006_CPU_SATURATION,CPU_SATURATION,payment-service,31.5,1785922764.5068266,4c11f406bc0740b5b4c3920790310f04,8aeffcf19d53436b8a618ec8711ff9d5,cache.get,,2.8,OK,cache-cluster,v2.0.1,dd8367b7d57447b293d30a5861c1bd73
live_ep_000006_CPU_SATURATION,CPU_SATURATION,payment-service,31.5,1785922764.5068266,93d3f41e0fed4f789676aab53833b144,8aeffcf19d53436b8a618ec8711ff9d5,http.client.post,,15.73,OK,inventory-api,v2.0.1,dd8367b7d57447b293d30a5861c1bd73
live_ep_000006_CPU_SATURATION,CPU_SATURATION,payment-service,32.0,1785922765.0074022,9620ece61fa54b138fe1152f4b4c52eb,,PUT /api/inventory,,250.97,OK,payment-service,v2.0.1,79066827402c4094a68b87877cef286d
live_ep_000006_CPU_SATURATION,CPU_SATURATION,payment-service,32.0,1785922765.0074022,eb18e739954b43cc812604fe13ed0a5c,9620ece61fa54b138fe1152f4b4c52eb,db.query.delete,WRITE,40.13,OK,user-db,v2.0.1,79066827402c4094a68b87877cef286d
live_ep_000006_CPU_SATURATION,CPU_SATURATION,payment-service,32.0,1785922765.0074022,551273bbcf0d47a0b90d2f93f858994b,9620ece61fa54b138fe1152f4b4c52eb,db.query.update,READ,30.53,OK,user-db,v2.0.1,79066827402c4094a68b87877cef286d
live_ep_000006_CPU_SATURATION,CPU_SATURATION,payment-service,32.0,1785922765.0074022,997851ccf56543308e8681a92794824c,9620ece61fa54b138fe1152f4b4c52eb,cache.get,,2.41,OK,cache-cluster,v2.0.1,79066827402c4094a68b87877cef286d
live_ep_000006_CPU_SATURATION,CPU_SATURATION,payment-service,32.0,1785922765.0074022,59281b7be282487ba2220d73a2739bc1,9620ece61fa54b138fe1152f4b4c52eb,grpc.call,,25.95,OK,cache-cluster,v2.0.1,79066827402c4094a68b87877cef286d
live_ep_000006_CPU_SATURATION,CPU_SATURATION,payment-service,32.5,1785922765.5081525,d63c0dd3abcd4dcb9158f95f0f22570f,,POST /api/payment,,335.45,OK,payment-service,v2.0.1,59c855c8baac4ae8ab20cc2554722394
live_ep_000006_CPU_SATURATION,CPU_SATURATION,payment-service,32.5,1785922765.5081525,7f5bcb7eec5e4e35806cdac88e73f31e,d63c0dd3abcd4dcb9158f95f0f22570f,db.query.select,WRITE,18.6,OK,user-db,v2.0.1,59c855c8baac4ae8ab20cc2554722394
live_ep_000006_CPU_SATURATION,CPU_SATURATION,payment-service,32.5,1785922765.5081525,d5323375333a4217a181e236c5ced223,d63c0dd3abcd4dcb9158f95f0f22570f,db.transaction,READ,18.07,OK,user-db,v2.0.1,59c855c8baac4ae8ab20cc2554722394
live_ep_000006_CPU_SATURATION,CPU_SATURATION,payment-service,32.5,1785922765.5081525,1161bbf355224287bbae0d4690d49fff,d63c0dd3abcd4dcb9158f95f0f22570f,cache.delete,,2.08,OK,cache-cluster,v2.0.1,59c855c8baac4ae8ab20cc2554722394
live_ep_000006_CPU_SATURATION,CPU_SATURATION,payment-service,33.0,1785922766.008437,3b39cc77237f4a929ed5c9bd368eba41,,GET /api/order,,409.06,OK,payment-service,v2.0.1,4ec41a988724465b8007030e00c85d15
live_ep_000006_CPU_SATURATION,CPU_SATURATION,payment-service,33.0,1785922766.008437,aa65284388834f7f81f73e0277e30c96,3b39cc77237f4a929ed5c9bd368eba41,db.query.insert,WRITE,8.46,OK,user-db,v2.0.1,4ec41a988724465b8007030e00c85d15
live_ep_000006_CPU_SATURATION,CPU_SATURATION,payment-service,33.0,1785922766.008437,505d776a0ed042a69703bd7f4d5995a3,3b39cc77237f4a929ed5c9bd368eba41,db.query.delete,READ,14.98,OK,user-db,v2.0.1,4ec41a988724465b8007030e00c85d15
live_ep_000006_CPU_SATURATION,CPU_SATURATION,payment-service,33.5,1785922766.508857,89cd8e2572504cb38b9eb5dc0ea0eea7,,GET /api/auth,,321.82,OK,payment-service,v2.0.1,18783b02ed05430db2af6a6a323374cf
live_ep_000006_CPU_SATURATION,CPU_SATURATION,payment-service,33.5,1785922766.508857,fdb5cc4dac5b403b8e65a9a92fe0e924,89cd8e2572504cb38b9eb5dc0ea0eea7,db.query.delete,WRITE,27.15,OK,user-db,v2.0.1,18783b02ed05430db2af6a6a323374cf
live_ep_000006_CPU_SATURATION,CPU_SATURATION,payment-service,34.0,1785922767.009134,ffa3f01a90a04552a6163cf74dbe5ce9,,POST /api/payment,,310.26,OK,payment-service,v2.0.1,69aa905a00c6466a8f95bc5d3380b8de
live_ep_000006_CPU_SATURATION,CPU_SATURATION,payment-service,34.0,1785922767.009134,e297f68d935e449e9e8359852aa52b7e,ffa3f01a90a04552a6163cf74dbe5ce9,db.query.delete,READ,18.82,OK,user-db,v2.0.1,69aa905a00c6466a8f95bc5d3380b8de
live_ep_000006_CPU_SATURATION,CPU_SATURATION,payment-service,34.0,1785922767.009134,1b1b9462bd134aa69230d464a04204f7,ffa3f01a90a04552a6163cf74dbe5ce9,db.query.delete,READ,10.77,OK,user-db,v2.0.1,69aa905a00c6466a8f95bc5d3380b8de
live_ep_000006_CPU_SATURATION,CPU_SATURATION,payment-service,34.0,1785922767.009134,28715cd111434da68d9d1254c26137b2,ffa3f01a90a04552a6163cf74dbe5ce9,cache.get,,0.88,OK,cache-cluster,v2.0.1,69aa905a00c6466a8f95bc5d3380b8de
live_ep_000006_CPU_SATURATION,CPU_SATURATION,payment-service,34.0,1785922767.009134,389f6f4f3f39457c84362f9b5487dcd4,ffa3f01a90a04552a6163cf74dbe5ce9,http.client.get,,34.13,OK,inventory-api,v2.0.1,69aa905a00c6466a8f95bc5d3380b8de
live_ep_000006_CPU_SATURATION,CPU_SATURATION,payment-service,34.5,1785922767.5095398,aa94cdcc62414fd9b2d37e78554ba6bb,,GET /api/order,,249.79,OK,payment-service,v2.0.1,60b56d8a020642f6915e59391e35b777
live_ep_000006_CPU_SATURATION,CPU_SATURATION,payment-service,34.5,1785922767.5095398,621a8ace5d224a40a9e8b0ae8e7f6f90,aa94cdcc62414fd9b2d37e78554ba6bb,db.query.insert,READ,25.45,OK,user-db,v2.0.1,60b56d8a020642f6915e59391e35b777
live_ep_000006_CPU_SATURATION,CPU_SATURATION,payment-service,34.5,1785922767.5095398,4bcdf1a6e3b14d24b78a63a993247d88,aa94cdcc62414fd9b2d37e78554ba6bb,cache.delete,,3.4,OK,cache-cluster,v2.0.1,60b56d8a020642f6915e59391e35b777
live_ep_000006_CPU_SATURATION,CPU_SATURATION,payment-service,34.5,1785922767.5095398,f61d9ec51f104543896e10f31cafec54,aa94cdcc62414fd9b2d37e78554ba6bb,http.client.post,,21.14,OK,payment-gateway,v2.0.1,60b56d8a020642f6915e59391e35b777
live_ep_000006_CPU_SATURATION,CPU_SATURATION,payment-service,35.0,1785922768.0098245,5518a543b98a46878b36317afbb8d651,,POST /api/checkout,,284.56,OK,payment-service,v2.0.1,6987705199d64dabb4ba678a3f96e773
live_ep_000006_CPU_SATURATION,CPU_SATURATION,payment-service,35.0,1785922768.0098245,54af5c4365fa4987afcf1753b6344ea4,5518a543b98a46878b36317afbb8d651,db.query.delete,WRITE,34.42,OK,user-db,v2.0.1,6987705199d64dabb4ba678a3f96e773
live_ep_000006_CPU_SATURATION,CPU_SATURATION,payment-service,35.0,1785922768.0098245,ed4185f311904dceb0cadbf7d5524d30,5518a543b98a46878b36317afbb8d651,db.transaction,READ,25.39,OK,user-db,v2.0.1,6987705199d64dabb4ba678a3f96e773
live_ep_000006_CPU_SATURATION,CPU_SATURATION,payment-service,35.0,1785922768.0098245,5ca93533bd014d6dac59af8f849b3f13,5518a543b98a46878b36317afbb8d651,cache.get,,2.51,OK,cache-cluster,v2.0.1,6987705199d64dabb4ba678a3f96e773
live_ep_000006_CPU_SATURATION,CPU_SATURATION,payment-service,35.5,1785922768.5099955,4a306bfd9e7a4f81bfd3a722b51138e6,,GET /api/auth,,394.38,OK,payment-service,v2.0.1,bf2de8864ddc4822ab97d58a712c3d24
live_ep_000006_CPU_SATURATION,CPU_SATURATION,payment-service,35.5,1785922768.5099955,ff10c936fc144c7cbb20c7381adff797,4a306bfd9e7a4f81bfd3a722b51138e6,db.query.select,READ,19.19,OK,user-db,v2.0.1,bf2de8864ddc4822ab97d58a712c3d24
live_ep_000006_CPU_SATURATION,CPU_SATURATION,payment-service,35.5,1785922768.5099955,30a6d9dc67e94d64b1e41945de877df1,4a306bfd9e7a4f81bfd3a722b51138e6,db.transaction,WRITE,11.79,OK,user-db,v2.0.1,bf2de8864ddc4822ab97d58a712c3d24
live_ep_000006_CPU_SATURATION,CPU_SATURATION,payment-service,35.5,1785922768.5099955,fd8dab76f3494eca86135004815d349a,4a306bfd9e7a4f81bfd3a722b51138e6,http.client.post,,34.78,OK,inventory-api,v2.0.1,bf2de8864ddc4822ab97d58a712c3d24
live_ep_000006_CPU_SATURATION,CPU_SATURATION,payment-service,36.0,1785922769.0104578,71a93dc2a9e94d8ca980d72c7d57b1a1,,GET /api/auth,,283.76,OK,payment-service,v2.0.1,4948820751ea435ab08b410d29faca3f
live_ep_000006_CPU_SATURATION,CPU_SATURATION,payment-service,36.0,1785922769.0104578,917b6bd3fa1d41779758712225322f50,71a93dc2a9e94d8ca980d72c7d57b1a1,db.query.delete,READ,23.26,OK,user-db,v2.0.1,4948820751ea435ab08b410d29faca3f
live_ep_000006_CPU_SATURATION,CPU_SATURATION,payment-service,36.0,1785922769.0104578,f6ee742611ca46a681d3fde292601d68,71a93dc2a9e94d8ca980d72c7d57b1a1,db.query.insert,READ,31.36,OK,user-db,v2.0.1,4948820751ea435ab08b410d29faca3f
live_ep_000006_CPU_SATURATION,CPU_SATURATION,payment-service,36.0,1785922769.0104578,fcbe98a505b54e8f81790bf52a948cc5,71a93dc2a9e94d8ca980d72c7d57b1a1,cache.get,,4.12,OK,cache-cluster,v2.0.1,4948820751ea435ab08b410d29faca3f
live_ep_000006_CPU_SATURATION,CPU_SATURATION,payment-service,36.5,1785922769.5116208,f5f7145c2afd492a820a93588e01e774,,POST /api/checkout,,448.04,OK,payment-service,v2.0.1,db949ca8f7844b0383ba51f5fcc731e9
live_ep_000006_CPU_SATURATION,CPU_SATURATION,payment-service,36.5,1785922769.5116208,bd6d10ab894b48eaa3a9a79c924ee79d,f5f7145c2afd492a820a93588e01e774,db.query.delete,WRITE,23.52,OK,user-db,v2.0.1,db949ca8f7844b0383ba51f5fcc731e9
live_ep_000006_CPU_SATURATION,CPU_SATURATION,payment-service,36.5,1785922769.5116208,c03fae67b0cc4d92a25a1fc369425912,f5f7145c2afd492a820a93588e01e774,cache.get,,1.8,OK,cache-cluster,v2.0.1,db949ca8f7844b0383ba51f5fcc731e9
live_ep_000006_CPU_SATURATION,CPU_SATURATION,payment-service,37.0,1785922770.0118773,bbd55fd9edda4a97abc57fc7caf1a4bb,,GET /api/order,,327.69,OK,payment-service,v2.0.1,b67bf417781b4ab08d5ac1c6ef12ab71
live_ep_000006_CPU_SATURATION,CPU_SATURATION,payment-service,37.0,1785922770.0118773,afed6dd4112e4c7e8d5eeb10f7dd8152,bbd55fd9edda4a97abc57fc7caf1a4bb,db.query.update,WRITE,16.57,OK,user-db,v2.0.1,b67bf417781b4ab08d5ac1c6ef12ab71
live_ep_000006_CPU_SATURATION,CPU_SATURATION,payment-service,37.0,1785922770.0118773,21a7a00e30b24124a9dc7c8b3190c7d1,bbd55fd9edda4a97abc57fc7caf1a4bb,db.query.delete,READ,18.78,OK,user-db,v2.0.1,b67bf417781b4ab08d5ac1c6ef12ab71
live_ep_000006_CPU_SATURATION,CPU_SATURATION,payment-service,37.0,1785922770.0118773,f7476dbe79f742bab5632768975d2268,bbd55fd9edda4a97abc57fc7caf1a4bb,cache.set,,2.31,OK,cache-cluster,v2.0.1,b67bf417781b4ab08d5ac1c6ef12ab71
live_ep_000006_CPU_SATURATION,CPU_SATURATION,payment-service,37.5,1785922770.5119586,c0197d87dcc944ea92ec93f43862e695,,GET /api/auth,,402.66,OK,payment-service,v2.0.1,523b7030b4cf4a49bc47d532d06cf045
live_ep_000006_CPU_SATURATION,CPU_SATURATION,payment-service,37.5,1785922770.5119586,aa28a7d01eee43a69f09f53a144b226d,c0197d87dcc944ea92ec93f43862e695,db.transaction,WRITE,26.01,OK,user-db,v2.0.1,523b7030b4cf4a49bc47d532d06cf045
live_ep_000006_CPU_SATURATION,CPU_SATURATION,payment-service,37.5,1785922770.5119586,34a4e731beed4549bd47d22461037dfb,c0197d87dcc944ea92ec93f43862e695,db.query.select,READ,27.47,OK,user-db,v2.0.1,523b7030b4cf4a49bc47d532d06cf045
live_ep_000006_CPU_SATURATION,CPU_SATURATION,payment-service,37.5,1785922770.5119586,1cde0e5dc168484f807003a76a53af8f,c0197d87dcc944ea92ec93f43862e695,cache.delete,,0.5,OK,cache-cluster,v2.0.1,523b7030b4cf4a49bc47d532d06cf045
live_ep_000006_CPU_SATURATION,CPU_SATURATION,payment-service,38.0,1785922771.012432,18882576c17f4c68b0d228c132531a75,,POST /api/checkout,,220.84,OK,payment-service,v2.0.1,0ce424d2b22e4efcbe21d22324c3076b
live_ep_000006_CPU_SATURATION,CPU_SATURATION,payment-service,38.0,1785922771.012432,0b1af6c2fd48447882b59a2a7f7ac9e1,18882576c17f4c68b0d228c132531a75,db.query.insert,WRITE,29.32,OK,user-db,v2.0.1,0ce424d2b22e4efcbe21d22324c3076b
live_ep_000006_CPU_SATURATION,CPU_SATURATION,payment-service,38.0,1785922771.012432,ea9d1c83b35849f6a4e58494e0f27da5,18882576c17f4c68b0d228c132531a75,cache.set,,3.83,OK,cache-cluster,v2.0.1,0ce424d2b22e4efcbe21d22324c3076b
live_ep_000006_CPU_SATURATION,CPU_SATURATION,payment-service,38.0,1785922771.012432,d98cc048cb1444c69386cd478255b757,18882576c17f4c68b0d228c132531a75,http.client.post,,13.36,OK,inventory-api,v2.0.1,0ce424d2b22e4efcbe21d22324c3076b
live_ep_000006_CPU_SATURATION,CPU_SATURATION,payment-service,38.5,1785922771.5128975,50230e95806f4f5d8d9e190c3ecbb1a1,,POST /api/payment,,385.34,OK,payment-service,v2.0.1,713b3169a757480882d1c5f53b075fb9
live_ep_000006_CPU_SATURATION,CPU_SATURATION,payment-service,38.5,1785922771.5128975,7b1d1d39fe644517964122a33c755d95,50230e95806f4f5d8d9e190c3ecbb1a1,db.query.update,READ,34.22,OK,user-db,v2.0.1,713b3169a757480882d1c5f53b075fb9
live_ep_000006_CPU_SATURATION,CPU_SATURATION,payment-service,38.5,1785922771.5128975,3bd128fd387c43eda646d9f78fcfdde2,50230e95806f4f5d8d9e190c3ecbb1a1,cache.get,,0.5,OK,cache-cluster,v2.0.1,713b3169a757480882d1c5f53b075fb9
live_ep_000006_CPU_SATURATION,CPU_SATURATION,payment-service,39.0,1785922772.0131748,f1829f1a54e84c318581697186c94f55,,GET /api/health,,246.85,OK,payment-service,v2.0.1,d065302e18614c5ebda1bdc254cf41c5
live_ep_000006_CPU_SATURATION,CPU_SATURATION,payment-service,39.0,1785922772.0131748,d5bdcc73b9da496b9ff4cadf151baed2,f1829f1a54e84c318581697186c94f55,db.query.insert,WRITE,33.83,OK,user-db,v2.0.1,d065302e18614c5ebda1bdc254cf41c5
live_ep_000006_CPU_SATURATION,CPU_SATURATION,payment-service,39.0,1785922772.0131748,bb51deb1c65447628b42e9f3a0e98ff9,f1829f1a54e84c318581697186c94f55,db.query.select,READ,25.62,OK,user-db,v2.0.1,d065302e18614c5ebda1bdc254cf41c5
live_ep_000006_CPU_SATURATION,CPU_SATURATION,payment-service,39.0,1785922772.0131748,c1f44f5e0d944dc19fda000c6e33d137,f1829f1a54e84c318581697186c94f55,cache.set,,1.65,OK,cache-cluster,v2.0.1,d065302e18614c5ebda1bdc254cf41c5
live_ep_000006_CPU_SATURATION,CPU_SATURATION,payment-service,39.5,1785922772.5136442,4025a1aa6fa94217a3ceac8fcb8cb943,,POST /api/payment,,448.71,ERROR,payment-service,v2.0.1,9b84f2fcc80342c8be6a1a02cc4df385
live_ep_000006_CPU_SATURATION,CPU_SATURATION,payment-service,39.5,1785922772.5136442,ea231dc2d1f44adaa3b8b3ef7d7bc239,4025a1aa6fa94217a3ceac8fcb8cb943,db.query.update,READ,23.72,OK,user-db,v2.0.1,9b84f2fcc80342c8be6a1a02cc4df385
live_ep_000006_CPU_SATURATION,CPU_SATURATION,payment-service,39.5,1785922772.5136442,a8014f129199458eb6133c04c5e243a4,4025a1aa6fa94217a3ceac8fcb8cb943,db.query.insert,WRITE,14.27,OK,user-db,v2.0.1,9b84f2fcc80342c8be6a1a02cc4df385
live_ep_000006_CPU_SATURATION,CPU_SATURATION,payment-service,39.5,1785922772.5136442,fc873045b3fc4d65829989ba8f8e3630,4025a1aa6fa94217a3ceac8fcb8cb943,cache.get,,0.97,OK,cache-cluster,v2.0.1,9b84f2fcc80342c8be6a1a02cc4df385
live_ep_000006_CPU_SATURATION,CPU_SATURATION,payment-service,40.0,1785922773.013969,507cea93c4c14500937744240748dd58,,GET /api/order,,231.97,OK,payment-service,v2.0.1,fe56da8c63654bb592beba1bbb2200bd
live_ep_000006_CPU_SATURATION,CPU_SATURATION,payment-service,40.0,1785922773.013969,f02622e0ae154057b3ae4cce28002305,507cea93c4c14500937744240748dd58,db.query.select,READ,30.67,OK,user-db,v2.0.1,fe56da8c63654bb592beba1bbb2200bd
live_ep_000006_CPU_SATURATION,CPU_SATURATION,payment-service,40.0,1785922773.013969,f65256e949b74bed9ae5a6667b9c2946,507cea93c4c14500937744240748dd58,cache.delete,,1.5,OK,cache-cluster,v2.0.1,fe56da8c63654bb592beba1bbb2200bd
live_ep_000006_CPU_SATURATION,CPU_SATURATION,payment-service,40.0,1785922773.013969,758793d1f1a54a98bdd74ae4d1a84291,507cea93c4c14500937744240748dd58,http.client.get,,32.62,OK,cache-cluster,v2.0.1,fe56da8c63654bb592beba1bbb2200bd
live_ep_000006_CPU_SATURATION,CPU_SATURATION,payment-service,40.5,1785922773.51457,3404c5bcaae34455af12f88a7d997634,,POST /api/payment,,471.56,OK,payment-service,v2.0.1,d0f45d615aec42c0bf261de28e51a4e2
live_ep_000006_CPU_SATURATION,CPU_SATURATION,payment-service,40.5,1785922773.51457,03eb47f521474ffa9c4ae825278ac5fb,3404c5bcaae34455af12f88a7d997634,db.query.select,READ,21.99,OK,user-db,v2.0.1,d0f45d615aec42c0bf261de28e51a4e2
live_ep_000006_CPU_SATURATION,CPU_SATURATION,payment-service,40.5,1785922773.51457,6c5019e4555340b6945879309f0510ba,3404c5bcaae34455af12f88a7d997634,cache.delete,,1.48,OK,cache-cluster,v2.0.1,d0f45d615aec42c0bf261de28e51a4e2
live_ep_000006_CPU_SATURATION,CPU_SATURATION,payment-service,41.0,1785922774.014977,48928d4e3ee54becb6ec68399db76695,,GET /api/health,,295.8,OK,payment-service,v2.0.1,c3d61f6290fb484386320c8696533a69
live_ep_000006_CPU_SATURATION,CPU_SATURATION,payment-service,41.0,1785922774.014977,a4552102f6a548a9b6b0ca85531082dc,48928d4e3ee54becb6ec68399db76695,db.transaction,WRITE,21.79,OK,user-db,v2.0.1,c3d61f6290fb484386320c8696533a69
live_ep_000006_CPU_SATURATION,CPU_SATURATION,payment-service,41.0,1785922774.014977,ced031b7edce4909825765fc89ab35c3,48928d4e3ee54becb6ec68399db76695,db.query.select,READ,15.48,OK,user-db,v2.0.1,c3d61f6290fb484386320c8696533a69
live_ep_000006_CPU_SATURATION,CPU_SATURATION,payment-service,41.0,1785922774.014977,6f0f4a65e3e148a59dd377c1cf7e3d36,48928d4e3ee54becb6ec68399db76695,cache.get,,1.83,OK,cache-cluster,v2.0.1,c3d61f6290fb484386320c8696533a69
live_ep_000006_CPU_SATURATION,CPU_SATURATION,payment-service,41.0,1785922774.014977,4b4fbf4ddfc84b2fafd011beb85c07d1,48928d4e3ee54becb6ec68399db76695,grpc.call,,15.1,OK,payment-gateway,v2.0.1,c3d61f6290fb484386320c8696533a69
live_ep_000006_CPU_SATURATION,CPU_SATURATION,payment-service,41.5,1785922774.515079,cc9f599329964d56a9c5610d21df784f,,GET /api/health,,379.02,OK,payment-service,v2.0.1,f821640c2baa4c6099dd5138204037b4
live_ep_000006_CPU_SATURATION,CPU_SATURATION,payment-service,41.5,1785922774.515079,8adede47d1fd4867a1c5523771729422,cc9f599329964d56a9c5610d21df784f,db.query.delete,READ,25.27,OK,user-db,v2.0.1,f821640c2baa4c6099dd5138204037b4
live_ep_000006_CPU_SATURATION,CPU_SATURATION,payment-service,41.5,1785922774.515079,92f53866fb994a74aeae26eb5720fbae,cc9f599329964d56a9c5610d21df784f,db.transaction,READ,30.57,OK,user-db,v2.0.1,f821640c2baa4c6099dd5138204037b4
live_ep_000006_CPU_SATURATION,CPU_SATURATION,payment-service,41.5,1785922774.515079,5791ef91b2b64cef833cf687aae7d776,cc9f599329964d56a9c5610d21df784f,cache.delete,,0.5,OK,cache-cluster,v2.0.1,f821640c2baa4c6099dd5138204037b4
live_ep_000006_CPU_SATURATION,CPU_SATURATION,payment-service,41.5,1785922774.515079,beb925a9248444dc9dce696bf26739c1,cc9f599329964d56a9c5610d21df784f,http.client.post,,38.36,OK,user-db,v2.0.1,f821640c2baa4c6099dd5138204037b4
live_ep_000006_CPU_SATURATION,CPU_SATURATION,payment-service,42.0,1785922775.0156417,4c44f00cf780430a96d794f35520723b,,GET /api/auth,,377.79,OK,payment-service,v2.0.1,43abf80fc51a487fbbe14f3ee64930ff
live_ep_000006_CPU_SATURATION,CPU_SATURATION,payment-service,42.0,1785922775.0156417,1040f4cbb8c5437f88bc38180255bc70,4c44f00cf780430a96d794f35520723b,db.transaction,READ,30.41,OK,user-db,v2.0.1,43abf80fc51a487fbbe14f3ee64930ff
live_ep_000006_CPU_SATURATION,CPU_SATURATION,payment-service,42.0,1785922775.0156417,1f98467a53e44508a4514d7a1c36a4ed,4c44f00cf780430a96d794f35520723b,db.query.insert,READ,32.61,OK,user-db,v2.0.1,43abf80fc51a487fbbe14f3ee64930ff
live_ep_000006_CPU_SATURATION,CPU_SATURATION,payment-service,42.0,1785922775.0156417,68248bd087924d3fb6fc2ec441d20345,4c44f00cf780430a96d794f35520723b,cache.get,,66.33,OK,cache-cluster,v2.0.1,43abf80fc51a487fbbe14f3ee64930ff
live_ep_000006_CPU_SATURATION,CPU_SATURATION,payment-service,42.5,1785922775.5161893,11912789501d49a0ac6b25fa5b09649e,,GET /api/auth,,316.48,OK,payment-service,v2.0.1,71fae3ca60e547a5af43f076fe9349f1
live_ep_000006_CPU_SATURATION,CPU_SATURATION,payment-service,42.5,1785922775.5161893,aa82273353e643b39259a71a399435d4,11912789501d49a0ac6b25fa5b09649e,db.transaction,READ,25.25,OK,user-db,v2.0.1,71fae3ca60e547a5af43f076fe9349f1
live_ep_000006_CPU_SATURATION,CPU_SATURATION,payment-service,42.5,1785922775.5161893,23096e119a1c42c3b3cb57a5362d8955,11912789501d49a0ac6b25fa5b09649e,db.query.insert,READ,18.74,OK,user-db,v2.0.1,71fae3ca60e547a5af43f076fe9349f1
live_ep_000006_CPU_SATURATION,CPU_SATURATION,payment-service,43.0,1785922776.0165277,e926d056dca74191becf1473d90fcb3e,,POST /api/payment,,278.5,OK,payment-service,v2.0.1,71025e25e8a7431794450768e8645e47
live_ep_000006_CPU_SATURATION,CPU_SATURATION,payment-service,43.0,1785922776.0165277,43e00295ff4b4c51a5a49e3b6ca58363,e926d056dca74191becf1473d90fcb3e,db.query.insert,READ,13.16,OK,user-db,v2.0.1,71025e25e8a7431794450768e8645e47
live_ep_000006_CPU_SATURATION,CPU_SATURATION,payment-service,43.0,1785922776.0165277,4ba5ea23704345f6bcb38c809f92f506,e926d056dca74191becf1473d90fcb3e,db.query.select,READ,10.34,OK,user-db,v2.0.1,71025e25e8a7431794450768e8645e47
live_ep_000006_CPU_SATURATION,CPU_SATURATION,payment-service,43.5,1785922776.5168996,f6e73af81a9a42f38020a1825ac3891e,,PUT /api/inventory,,382.16,OK,payment-service,v2.0.1,6a39a91beaf94cf5964291a4870501c7
live_ep_000006_CPU_SATURATION,CPU_SATURATION,payment-service,43.5,1785922776.5168996,a0b7d07007d046db9dee073f45079822,f6e73af81a9a42f38020a1825ac3891e,db.transaction,READ,14.44,OK,user-db,v2.0.1,6a39a91beaf94cf5964291a4870501c7
live_ep_000006_CPU_SATURATION,CPU_SATURATION,payment-service,43.5,1785922776.5168996,b8294d05ff9e42479714bdce733a03db,f6e73af81a9a42f38020a1825ac3891e,db.transaction,WRITE,4.83,OK,user-db,v2.0.1,6a39a91beaf94cf5964291a4870501c7
live_ep_000006_CPU_SATURATION,CPU_SATURATION,payment-service,43.5,1785922776.5168996,0e0f3ce9f645446a805035b5c6af969f,f6e73af81a9a42f38020a1825ac3891e,cache.get,,0.5,OK,cache-cluster,v2.0.1,6a39a91beaf94cf5964291a4870501c7
live_ep_000006_CPU_SATURATION,CPU_SATURATION,payment-service,44.0,1785922777.0173743,61f5a4955a494a188eba81798c269c49,,GET /api/order,,338.13,OK,payment-service,v2.0.1,eaa2f9321059408ab73ca3274daa44fa
live_ep_000006_CPU_SATURATION,CPU_SATURATION,payment-service,44.0,1785922777.0173743,e434b902d2d641598b294db0f8f5d6a5,61f5a4955a494a188eba81798c269c49,db.query.insert,READ,23.38,OK,user-db,v2.0.1,eaa2f9321059408ab73ca3274daa44fa
live_ep_000006_CPU_SATURATION,CPU_SATURATION,payment-service,44.0,1785922777.0173743,f365b2f88c69499bb805b54af8221e7e,61f5a4955a494a188eba81798c269c49,db.query.select,WRITE,13.09,OK,user-db,v2.0.1,eaa2f9321059408ab73ca3274daa44fa
live_ep_000006_CPU_SATURATION,CPU_SATURATION,payment-service,44.0,1785922777.0173743,5f23fa756822453c832313ac99c3306a,61f5a4955a494a188eba81798c269c49,cache.set,,3.12,OK,cache-cluster,v2.0.1,eaa2f9321059408ab73ca3274daa44fa
live_ep_000006_CPU_SATURATION,CPU_SATURATION,payment-service,44.5,1785922777.5178547,8edc2f6d2d4a45bb824fc532bcff2dad,,GET /api/order,,395.52,OK,payment-service,v2.0.1,b4acc493cd9b462f886cd2bb6e0b37a3
live_ep_000006_CPU_SATURATION,CPU_SATURATION,payment-service,44.5,1785922777.5178547,012df444cef24371909dbd3059d28c6c,8edc2f6d2d4a45bb824fc532bcff2dad,db.query.insert,WRITE,15.9,OK,user-db,v2.0.1,b4acc493cd9b462f886cd2bb6e0b37a3
live_ep_000006_CPU_SATURATION,CPU_SATURATION,payment-service,44.5,1785922777.5178547,47871f21a17c4881a3cdebdfa69f1702,8edc2f6d2d4a45bb824fc532bcff2dad,cache.get,,0.5,OK,cache-cluster,v2.0.1,b4acc493cd9b462f886cd2bb6e0b37a3
live_ep_000006_CPU_SATURATION,CPU_SATURATION,payment-service,45.0,1785922778.0182176,3cb164f0f7b641b18f436fe7d68b356c,,POST /api/payment,,239.4,OK,payment-service,v2.0.1,353a03cbf1a6426a9942a0552b5976c8
live_ep_000006_CPU_SATURATION,CPU_SATURATION,payment-service,45.0,1785922778.0182176,a0f220ce1f0c483c86a167e559e2234a,3cb164f0f7b641b18f436fe7d68b356c,db.query.update,READ,14.02,OK,user-db,v2.0.1,353a03cbf1a6426a9942a0552b5976c8
live_ep_000006_CPU_SATURATION,CPU_SATURATION,payment-service,45.0,1785922778.0182176,8e61460399394c50bc8ed71ac0529e22,3cb164f0f7b641b18f436fe7d68b356c,db.query.delete,WRITE,14.46,OK,user-db,v2.0.1,353a03cbf1a6426a9942a0552b5976c8
live_ep_000006_CPU_SATURATION,CPU_SATURATION,payment-service,45.0,1785922778.0182176,fa6a571e2f48481ea771b4814a43d553,3cb164f0f7b641b18f436fe7d68b356c,cache.set,,61.59,OK,cache-cluster,v2.0.1,353a03cbf1a6426a9942a0552b5976c8
live_ep_000006_CPU_SATURATION,CPU_SATURATION,payment-service,45.5,1785922778.5184076,7548af79019b483594988d167841d4d8,,GET /api/auth,,378.17,OK,payment-service,v2.0.1,73e519738f1648c4b1eb0a7b7c19185f
live_ep_000006_CPU_SATURATION,CPU_SATURATION,payment-service,45.5,1785922778.5184076,f5e8e5bbc0cf4de39a498fe96e77ee7a,7548af79019b483594988d167841d4d8,db.transaction,WRITE,19.15,OK,user-db,v2.0.1,73e519738f1648c4b1eb0a7b7c19185f
live_ep_000006_CPU_SATURATION,CPU_SATURATION,payment-service,45.5,1785922778.5184076,65447f113e5f4e19889bf7e21ec76b55,7548af79019b483594988d167841d4d8,cache.get,,43.75,OK,cache-cluster,v2.0.1,73e519738f1648c4b1eb0a7b7c19185f
live_ep_000006_CPU_SATURATION,CPU_SATURATION,payment-service,45.5,1785922778.5184076,4e9f69b503aa425c87e69cb74844c87b,7548af79019b483594988d167841d4d8,http.client.post,,27.22,OK,inventory-api,v2.0.1,73e519738f1648c4b1eb0a7b7c19185f
live_ep_000006_CPU_SATURATION,CPU_SATURATION,payment-service,46.0,1785922779.018517,02ba6e098db442489fd5c61a572d6f84,,GET /api/auth,,295.59,OK,payment-service,v2.0.1,512b91ecb343466a9e232f8c935961b1
live_ep_000006_CPU_SATURATION,CPU_SATURATION,payment-service,46.0,1785922779.018517,e4a4d9b12bd04ec0891cff6171f9eef3,02ba6e098db442489fd5c61a572d6f84,db.transaction,WRITE,34.54,OK,user-db,v2.0.1,512b91ecb343466a9e232f8c935961b1
live_ep_000006_CPU_SATURATION,CPU_SATURATION,payment-service,46.0,1785922779.018517,dead6a18801949b7adf6842c2353e912,02ba6e098db442489fd5c61a572d6f84,grpc.call,,29.31,OK,inventory-api,v2.0.1,512b91ecb343466a9e232f8c935961b1
live_ep_000006_CPU_SATURATION,CPU_SATURATION,payment-service,46.5,1785922779.5190177,746b61006687460ca9fea66f94e0fb13,,PUT /api/inventory,,305.8,OK,payment-service,v2.0.1,9f2d27e11c9744fb951140ab6b0a8221
live_ep_000006_CPU_SATURATION,CPU_SATURATION,payment-service,46.5,1785922779.5190177,b11e342e76e94f1a97b18e2532354b42,746b61006687460ca9fea66f94e0fb13,db.transaction,WRITE,24.76,OK,user-db,v2.0.1,9f2d27e11c9744fb951140ab6b0a8221
live_ep_000006_CPU_SATURATION,CPU_SATURATION,payment-service,46.5,1785922779.5190177,c10565107119424da4fa257b1b743de4,746b61006687460ca9fea66f94e0fb13,db.query.delete,WRITE,20.43,OK,user-db,v2.0.1,9f2d27e11c9744fb951140ab6b0a8221
live_ep_000006_CPU_SATURATION,CPU_SATURATION,payment-service,46.5,1785922779.5190177,82aabbbf0afa43d484191fb0e8d87e6d,746b61006687460ca9fea66f94e0fb13,http.client.post,,24.16,OK,inventory-api,v2.0.1,9f2d27e11c9744fb951140ab6b0a8221
live_ep_000006_CPU_SATURATION,CPU_SATURATION,payment-service,47.0,1785922780.0197794,717de522c42846b0be16cd37937d973d,,GET /api/auth,,389.41,OK,payment-service,v2.0.1,fdc63fd81658418f9e1fd83f2336baac
live_ep_000006_CPU_SATURATION,CPU_SATURATION,payment-service,47.0,1785922780.0197794,5d60f2e64d8549ebb8c405b476496eef,717de522c42846b0be16cd37937d973d,db.query.delete,READ,28.75,OK,user-db,v2.0.1,fdc63fd81658418f9e1fd83f2336baac
live_ep_000006_CPU_SATURATION,CPU_SATURATION,payment-service,47.0,1785922780.0197794,b9cc83bb14ab451babe487899b9f6880,717de522c42846b0be16cd37937d973d,cache.get,,1.55,OK,cache-cluster,v2.0.1,fdc63fd81658418f9e1fd83f2336baac
live_ep_000006_CPU_SATURATION,CPU_SATURATION,payment-service,47.0,1785922780.0197794,15f25df71a034b10be1dc2aac66d6125,717de522c42846b0be16cd37937d973d,http.client.post,,32.59,OK,inventory-api,v2.0.1,fdc63fd81658418f9e1fd83f2336baac
live_ep_000006_CPU_SATURATION,CPU_SATURATION,payment-service,47.5,1785922780.5201745,ab638580c081482698505c909b59d04a,,PUT /api/inventory,,318.27,ERROR,payment-service,v2.0.1,3ceae2b7ea6a45a08a3e3d0d6f632638
live_ep_000006_CPU_SATURATION,CPU_SATURATION,payment-service,47.5,1785922780.5201745,949aaa7ec7344800bf0de6b9bf6a4eeb,ab638580c081482698505c909b59d04a,db.query.insert,READ,25.97,OK,user-db,v2.0.1,3ceae2b7ea6a45a08a3e3d0d6f632638
live_ep_000006_CPU_SATURATION,CPU_SATURATION,payment-service,47.5,1785922780.5201745,3d2a29ddd2324ffd96e1fa478b865704,ab638580c081482698505c909b59d04a,db.query.delete,WRITE,26.63,OK,user-db,v2.0.1,3ceae2b7ea6a45a08a3e3d0d6f632638
live_ep_000006_CPU_SATURATION,CPU_SATURATION,payment-service,47.5,1785922780.5201745,c8e74fbcd1084195b9417bdebac046e0,ab638580c081482698505c909b59d04a,cache.set,,2.87,OK,cache-cluster,v2.0.1,3ceae2b7ea6a45a08a3e3d0d6f632638
live_ep_000006_CPU_SATURATION,CPU_SATURATION,payment-service,48.0,1785922781.0219147,6982811072c649ee8f8badf9df0400f4,,GET /api/health,,301.81,OK,payment-service,v2.0.1,1699d3536ed9456596dfe5b32b6e12ae
live_ep_000006_CPU_SATURATION,CPU_SATURATION,payment-service,48.0,1785922781.0219147,06254eb52cf8411695460261437bb51d,6982811072c649ee8f8badf9df0400f4,db.query.delete,READ,10.26,OK,user-db,v2.0.1,1699d3536ed9456596dfe5b32b6e12ae
live_ep_000006_CPU_SATURATION,CPU_SATURATION,payment-service,48.0,1785922781.0219147,f25d366d96df4390981bf4d5a7ae5e37,6982811072c649ee8f8badf9df0400f4,db.query.insert,WRITE,8.26,OK,user-db,v2.0.1,1699d3536ed9456596dfe5b32b6e12ae
live_ep_000006_CPU_SATURATION,CPU_SATURATION,payment-service,48.0,1785922781.0219147,4e6e2d2fdcd2451686943d1562517cf8,6982811072c649ee8f8badf9df0400f4,cache.delete,,1.69,OK,cache-cluster,v2.0.1,1699d3536ed9456596dfe5b32b6e12ae
live_ep_000006_CPU_SATURATION,CPU_SATURATION,payment-service,48.5,1785922781.522187,ce43d60dee014cefa3168da9cc134f05,,POST /api/checkout,,341.53,OK,payment-service,v2.0.1,8667a896413b434799877a5bd51b77cc
live_ep_000006_CPU_SATURATION,CPU_SATURATION,payment-service,48.5,1785922781.522187,571f1f109503487bb27281052af903e1,ce43d60dee014cefa3168da9cc134f05,db.transaction,WRITE,32.43,OK,user-db,v2.0.1,8667a896413b434799877a5bd51b77cc
live_ep_000006_CPU_SATURATION,CPU_SATURATION,payment-service,48.5,1785922781.522187,5be2084ba5e44d1d9f8363320497db61,ce43d60dee014cefa3168da9cc134f05,db.query.update,READ,19.18,OK,user-db,v2.0.1,8667a896413b434799877a5bd51b77cc
live_ep_000006_CPU_SATURATION,CPU_SATURATION,payment-service,48.5,1785922781.522187,4b2a00f0cb834208b92b2136466d4ecb,ce43d60dee014cefa3168da9cc134f05,cache.set,,2.29,OK,cache-cluster,v2.0.1,8667a896413b434799877a5bd51b77cc
live_ep_000006_CPU_SATURATION,CPU_SATURATION,payment-service,49.0,1785922782.022757,b2d2d51c626e441cb298677396478f94,,PUT /api/inventory,,286.59,OK,payment-service,v2.0.1,8801b29af47249109269180c6efd00c2
live_ep_000006_CPU_SATURATION,CPU_SATURATION,payment-service,49.0,1785922782.022757,9cfa3fddc51048faa0b0f9777ae411cb,b2d2d51c626e441cb298677396478f94,db.transaction,READ,16.59,OK,user-db,v2.0.1,8801b29af47249109269180c6efd00c2
live_ep_000006_CPU_SATURATION,CPU_SATURATION,payment-service,49.0,1785922782.022757,6085a63a35904f30b7c01f75e083ab9b,b2d2d51c626e441cb298677396478f94,db.query.update,READ,9.89,OK,user-db,v2.0.1,8801b29af47249109269180c6efd00c2
live_ep_000006_CPU_SATURATION,CPU_SATURATION,payment-service,49.0,1785922782.022757,988ea1d05ff74e09969d09bb8ac874cd,b2d2d51c626e441cb298677396478f94,cache.set,,2.72,OK,cache-cluster,v2.0.1,8801b29af47249109269180c6efd00c2
live_ep_000006_CPU_SATURATION,CPU_SATURATION,payment-service,49.0,1785922782.022757,415a069feb66409e93985cd916e79fee,b2d2d51c626e441cb298677396478f94,grpc.call,,39.78,OK,inventory-api,v2.0.1,8801b29af47249109269180c6efd00c2
live_ep_000006_CPU_SATURATION,CPU_SATURATION,payment-service,49.5,1785922782.5233958,48903d7b46c24f269a368d3a521cf67a,,PUT /api/inventory,,385.87,OK,payment-service,v2.0.1,6ac3e35a79754d34a1af9f0c2f0b5dc0
live_ep_000006_CPU_SATURATION,CPU_SATURATION,payment-service,49.5,1785922782.5233958,df85a1d03ccf41799f6f2bc45a91299e,48903d7b46c24f269a368d3a521cf67a,db.query.update,WRITE,40.8,OK,user-db,v2.0.1,6ac3e35a79754d34a1af9f0c2f0b5dc0
live_ep_000006_CPU_SATURATION,CPU_SATURATION,payment-service,49.5,1785922782.5233958,ade0bbbb59094c34a693369d3ad965eb,48903d7b46c24f269a368d3a521cf67a,db.transaction,READ,42.8,OK,user-db,v2.0.1,6ac3e35a79754d34a1af9f0c2f0b5dc0
live_ep_000006_CPU_SATURATION,CPU_SATURATION,payment-service,50.0,1785922783.0236642,90db2a13df344f628159a9a773a2331a,,GET /api/health,,295.14,OK,payment-service,v2.0.1,5b91003bf4a947419998e92f0998485c
live_ep_000006_CPU_SATURATION,CPU_SATURATION,payment-service,50.0,1785922783.0236642,b17f350bd2f74a90adac5860a1f5a2d1,90db2a13df344f628159a9a773a2331a,db.transaction,READ,7.37,OK,user-db,v2.0.1,5b91003bf4a947419998e92f0998485c
live_ep_000006_CPU_SATURATION,CPU_SATURATION,payment-service,50.0,1785922783.0236642,9d65c6c9fa1e47a98afb35aa8e15e40a,90db2a13df344f628159a9a773a2331a,db.query.select,READ,2.5,OK,user-db,v2.0.1,5b91003bf4a947419998e92f0998485c
live_ep_000006_CPU_SATURATION,CPU_SATURATION,payment-service,50.0,1785922783.0236642,ea36856e40d74214a8fc396e4f5d33e2,90db2a13df344f628159a9a773a2331a,cache.delete,,3.23,OK,cache-cluster,v2.0.1,5b91003bf4a947419998e92f0998485c
live_ep_000006_CPU_SATURATION,CPU_SATURATION,payment-service,50.0,1785922783.0236642,054cdd71cd304f28b963a3befd0a0309,90db2a13df344f628159a9a773a2331a,grpc.call,,19.51,OK,inventory-api,v2.0.1,5b91003bf4a947419998e92f0998485c
live_ep_000006_CPU_SATURATION,CPU_SATURATION,payment-service,50.5,1785922783.5241568,1d33b02e923244dea8b476298e1db4e3,,GET /api/order,,373.5,OK,payment-service,v2.0.1,45edc46fc4d2407881d134f1b64aa533
live_ep_000006_CPU_SATURATION,CPU_SATURATION,payment-service,50.5,1785922783.5241568,171bf7d4750d4fdeb19f201620ffbd8e,1d33b02e923244dea8b476298e1db4e3,db.query.insert,WRITE,39.83,OK,user-db,v2.0.1,45edc46fc4d2407881d134f1b64aa533
live_ep_000006_CPU_SATURATION,CPU_SATURATION,payment-service,50.5,1785922783.5241568,9d9803b027734f68a3a0b96db476b469,1d33b02e923244dea8b476298e1db4e3,db.query.delete,WRITE,41.95,OK,user-db,v2.0.1,45edc46fc4d2407881d134f1b64aa533
live_ep_000006_CPU_SATURATION,CPU_SATURATION,payment-service,50.5,1785922783.5241568,ade39e3914c44ecea7baddb9fb7cb782,1d33b02e923244dea8b476298e1db4e3,cache.get,,1.69,OK,cache-cluster,v2.0.1,45edc46fc4d2407881d134f1b64aa533
live_ep_000006_CPU_SATURATION,CPU_SATURATION,payment-service,51.0,1785922784.0242803,b7680061d38a4c448aae3c75efc32886,,PUT /api/inventory,,306.47,OK,payment-service,v2.0.1,f7331cc24ad840a298237d949a1ff3f6
live_ep_000006_CPU_SATURATION,CPU_SATURATION,payment-service,51.0,1785922784.0242803,723f855a16f04521945fe16edfa9cb41,b7680061d38a4c448aae3c75efc32886,db.transaction,READ,21.28,OK,user-db,v2.0.1,f7331cc24ad840a298237d949a1ff3f6
live_ep_000006_CPU_SATURATION,CPU_SATURATION,payment-service,51.0,1785922784.0242803,d6b79ba2c90c447bbbecb81cb5406741,b7680061d38a4c448aae3c75efc32886,http.client.get,,36.54,OK,user-db,v2.0.1,f7331cc24ad840a298237d949a1ff3f6
live_ep_000006_CPU_SATURATION,CPU_SATURATION,payment-service,51.5,1785922784.5248644,e26c23b82a9741b8b97223424e6ed98d,,PUT /api/inventory,,330.69,OK,payment-service,v2.0.1,38643a035ab144a583272384bc1f3b3e
live_ep_000006_CPU_SATURATION,CPU_SATURATION,payment-service,51.5,1785922784.5248644,61c8834ff65c4cb5a2993c19804f2180,e26c23b82a9741b8b97223424e6ed98d,db.query.insert,WRITE,21.64,OK,user-db,v2.0.1,38643a035ab144a583272384bc1f3b3e
live_ep_000006_CPU_SATURATION,CPU_SATURATION,payment-service,51.5,1785922784.5248644,dc09cb613efa4f449aaa5e5356014db2,e26c23b82a9741b8b97223424e6ed98d,cache.delete,,1.93,OK,cache-cluster,v2.0.1,38643a035ab144a583272384bc1f3b3e
live_ep_000006_CPU_SATURATION,CPU_SATURATION,payment-service,52.0,1785922785.0250611,dea08d0907af400ba5df6f77625f60af,,POST /api/checkout,,351.26,OK,payment-service,v2.0.1,a0023abf6b66402ea400b129b5d861a4
live_ep_000006_CPU_SATURATION,CPU_SATURATION,payment-service,52.0,1785922785.0250611,4365bc284b184b7ab185fcff9a7c11de,dea08d0907af400ba5df6f77625f60af,db.query.select,WRITE,35.58,OK,user-db,v2.0.1,a0023abf6b66402ea400b129b5d861a4
live_ep_000006_CPU_SATURATION,CPU_SATURATION,payment-service,52.0,1785922785.0250611,754c52d856934f7d9d37af77e86acc04,dea08d0907af400ba5df6f77625f60af,db.transaction,READ,14.53,OK,user-db,v2.0.1,a0023abf6b66402ea400b129b5d861a4
live_ep_000006_CPU_SATURATION,CPU_SATURATION,payment-service,52.0,1785922785.0250611,a7fa5264500941d29604e5bba6b59898,dea08d0907af400ba5df6f77625f60af,cache.set,,3.14,OK,cache-cluster,v2.0.1,a0023abf6b66402ea400b129b5d861a4
